frame_id,timestamp,mode,input_width,input_height,roi_w,roi_h,inf_time_ms,end_to_end_time_ms,cpu_load_pct,end_to_end_cpu_load_pct,fps,x_center,y_center,width,height,iou_prev_bbox,group1_magnitude,group1_angle,group2_magnitude,group2_angle,best_conf,tracking_lost,raw_angle,model_angle_smooth,trajectory_angle_smooth,estimated_speed,fused_angle,fused_weight_x,pid_mode,target_angle,angle_error,target_x,target_y,distance_error,ble_speed_left,ble_speed_right
1985,15:26:48.668,ROI,160,160,352,352,8.53,9.29,10.6,0.0,107.64,661.51,638.20,123.93,163.46,0.9991,9.2900,-85.0700,0.0000,0.0000,0.8792,0,-85.0700,634.4747,609.5090,0.0300,633.7479,0.9709,PHASE_1_ALIGNING,94.42,179.33,640.0,360.0,279.03,2000,-2000
1986,15:26:48.695,ROI,160,160,352,352,16.53,17.42,0.0,0.0,57.41,661.57,638.14,123.68,163.57,0.9972,9.3800,-85.0400,0.0000,0.0000,0.8796,0,-85.0400,634.7005,611.7226,0.0251,634.1375,0.9755,PHASE_1_ALIGNING,94.43,179.70,640.0,360.0,278.97,2000,-2000
1987,15:26:48.761,ROI,160,160,352,352,20.19,21.28,16.175,18.35,46.99,661.62,638.25,123.57,163.31,0.9975,9.7400,-84.8300,0.0000,0.0000,0.8891,0,-84.8300,634.9094,615.2558,0.0180,634.5613,0.9823,PHASE_1_ALIGNING,94.44,-179.88,640.0,360.0,279.09,-2000,2000
1988,15:26:48.808,ROI,160,160,352,352,14.67,15.89,15.325,24.6,62.95,661.57,638.12,123.84,163.55,0.9963,10.1000,-84.5600,0.0000,0.0000,0.8963,0,-84.5600,635.1549,623.6989,0.0140,634.9973,0.9862,PHASE_1_ALIGNING,94.44,-179.44,640.0,360.0,278.95,-2000,2000
1989,15:26:48.873,ROI,160,160,352,352,13.20,14.47,8.025,54.0,69.11,661.57,638.14,123.84,163.57,0.9997,10.2200,-84.4300,0.0000,0.0000,0.8991,0,-84.4300,635.3871,643.3562,0.0142,635.4986,0.9860,PHASE_1_ALIGNING,94.43,-178.94,640.0,360.0,278.97,-2000,2000
1990,15:26:48.937,ROI,160,160,352,352,12.57,13.55,0.0,28.825,73.79,661.68,638.05,123.46,163.70,0.9959,10.6500,-84.2900,0.0000,0.0000,0.8976,0,-84.2900,635.5963,668.2546,0.0147,636.0679,0.9856,PHASE_1_ALIGNING,94.46,-178.39,640.0,360.0,278.89,-2000,2000
1991,15:26:48.983,ROI,160,160,352,352,8.67,9.50,0.0,41.15,105.29,661.73,638.16,123.00,163.42,0.9945,10.5200,-84.4200,0.0000,0.0000,0.8942,0,-84.4200,635.7123,693.1776,0.0138,636.4943,0.9864,PHASE_1_ALIGNING,94.47,-177.97,640.0,360.0,279.01,-2000,2000
1992,15:26:49.112,ROI,160,160,352,352,7.59,8.63,0.0,0.0,115.88,661.48,637.74,123.33,164.27,0.9909,10.6400,-84.9700,0.0000,0.0000,0.9044,0,-84.9700,635.6742,697.2122,0.0219,636.9922,0.9786,PHASE_1_ALIGNING,94.42,-177.43,640.0,360.0,278.57,-2000,2000
1993,15:26:49.161,ROI,160,160,352,352,8.93,9.72,0.0,0.0,102.89,661.53,637.70,123.46,164.41,0.9981,10.5200,-85.0700,0.0000,0.0000,0.9042,0,-85.0700,635.6195,698.1485,0.0282,637.3346,0.9726,PHASE_1_ALIGNING,94.43,-177.10,640.0,360.0,278.53,-2000,2000
1994,15:26:49.224,ROI,160,160,352,352,10.02,10.82,0.0,0.0,92.44,661.42,637.65,123.77,164.49,0.9970,10.5200,-84.9300,0.0000,0.0000,0.9084,0,-84.9300,635.5720,697.1689,0.0347,637.6352,0.9665,PHASE_1_ALIGNING,94.41,-176.78,640.0,360.0,278.48,-2000,2000
1995,15:26:49.271,ROI,160,160,352,352,11.35,12.13,10.575,0.0,82.44,661.62,636.97,125.20,165.59,0.9805,9.6300,-84.4500,0.0000,0.0000,0.8723,0,-84.4500,635.6412,692.0019,0.0486,638.2528,0.9537,PHASE_1_ALIGNING,94.46,-176.21,640.0,360.0,277.81,-2000,2000
1996,15:26:49.337,ROI,160,160,352,352,9.51,10.14,7.3,0.0,98.62,662.21,638.38,127.82,162.87,0.9632,10.9700,-82.6600,0.0000,0.0000,0.9180,0,-82.6600,636.0445,682.3953,0.0350,637.6125,0.9662,PHASE_1_ALIGNING,94.56,-176.95,640.0,360.0,279.26,-2000,2000
1997,15:26:49.401,ROI,160,160,352,352,8.78,9.62,0.0,0.0,103.97,662.90,639.04,126.87,162.05,0.9812,12.6800,-80.6100,0.0000,0.0000,0.9007,0,-80.6100,636.7882,660.2390,0.0252,637.3655,0.9754,PHASE_1_ALIGNING,94.69,-177.33,640.0,360.0,279.98,-2000,2000
1998,15:26:49.513,ROI,160,160,352,352,7.50,8.13,0.0,48.025,122.93,663.12,639.63,132.90,160.47,0.9457,11.6200,-75.2300,0.0000,0.0000,0.8615,0,-75.2300,638.5957,666.7901,0.0503,639.9467,0.9521,PHASE_1_ALIGNING,94.73,-174.78,640.0,360.0,280.59,-2000,2000
1999,15:26:49.576,ROI,160,160,352,352,8.25,9.19,0.0,42.525,108.86,664.89,639.70,137.96,160.47,0.9625,13.6600,-70.1800,0.0000,0.0000,0.8531,0,-70.1800,641.2412,671.8131,0.1108,644.2905,0.9003,PHASE_1_ALIGNING,95.09,-170.80,640.0,360.0,280.81,-2000,2000
2000,15:26:49.624,ROI,160,160,352,352,11.21,11.99,0.0,32.6,83.42,667.23,640.38,138.58,158.95,0.9577,13.6200,-69.4700,0.0000,0.0000,0.8672,0,-69.4700,643.7657,676.5414,0.2062,649.3696,0.8290,PHASE_1_ALIGNING,95.55,-166.18,640.0,360.0,281.70,-2000,2000
2001,15:26:49.688,ROI,160,160,320,320,10.06,10.84,15.025,36.05,92.24,667.88,641.60,141.78,156.28,0.9614,16.9700,-66.3100,0.0000,0.0000,0.8335,0,-66.3100,646.6792,679.1580,0.3084,654.3353,0.7643,PHASE_1_ALIGNING,95.65,-161.32,640.0,360.0,282.98,-2000,2000
2002,15:26:49.753,ROI,160,160,320,320,9.88,10.46,0.0,0.0,95.59,668.26,641.82,150.38,151.26,0.9142,15.9000,-52.4900,0.0000,0.0000,0.8685,0,-52.4900,652.1170,680.8261,0.3997,660.3159,0.7144,PHASE_1_ALIGNING,95.73,-155.41,640.0,360.0,283.23,-2000,2000
2003,15:26:49.800,ROI,160,160,320,320,9.79,10.54,21.7,0.0,94.86,667.88,642.08,157.34,150.68,0.9523,15.7300,-46.2700,0.0000,0.0000,0.8843,0,-46.2700,658.2646,681.9034,0.4722,665.8463,0.6793,PHASE_1_ALIGNING,95.64,-149.80,640.0,360.0,283.45,-2000,2000
2004,15:26:49.913,ROI,160,160,320,320,7.88,8.58,0.0,0.0,116.53,665.36,643.94,165.74,138.80,0.8780,14.5800,-31.1700,0.0000,0.0000,0.8795,0,-31.1700,666.8256,681.3722,0.5110,671.7450,0.6618,PHASE_1_ALIGNING,95.10,-143.36,640.0,360.0,285.07,-2000,2000
2005,15:26:49.976,ROI,160,160,352,352,8.06,8.83,0.0,0.0,113.23,663.31,642.96,172.02,138.93,0.9502,14.6400,-27.0800,0.0000,0.0000,0.8781,0,-27.0800,675.3019,680.0057,0.5061,676.8826,0.6639,PHASE_1_ALIGNING,94.71,-137.83,640.0,360.0,283.91,-2000,2000
2006,15:26:50.041,ROI,160,160,352,352,7.79,8.56,0.0,0.0,116.82,663.59,642.54,169.69,135.23,0.9602,14.0300,-24.2800,0.0000,0.0000,0.8794,0,-24.2800,683.3681,679.5666,0.4942,682.1108,0.6693,PHASE_1_ALIGNING,94.77,-132.66,640.0,360.0,283.52,-2000,2000
2007,15:26:50.089,ROI,160,160,352,352,8.87,9.70,0.0,0.0,103.13,661.57,643.46,167.40,126.98,0.9170,14.8000,-19.5400,0.0000,0.0000,0.8548,0,-19.5400,691.3615,678.5827,0.4707,687.2713,0.6799,PHASE_1_ALIGNING,94.35,-127.08,640.0,360.0,284.28,-2000,2000
2008,15:26:50.153,ROI,160,160,352,352,9.39,10.40,0.0,37.55,96.17,660.63,641.42,171.01,125.55,0.9481,14.9600,-17.2400,0.0000,0.0000,0.8604,0,-17.2400,698.7027,676.3727,0.4123,692.1838,0.7081,PHASE_1_ALIGNING,94.19,-122.01,640.0,360.0,282.17,-2000,2000
2009,15:26:50.217,ROI,160,160,352,352,10.60,11.42,0.0,34.2,87.53,659.87,642.47,173.76,127.95,0.9657,14.5600,-3.6200,0.0000,0.0000,0.9382,0,-3.6200,707.6409,671.4550,0.3827,697.6250,0.7232,PHASE_1_ALIGNING,94.02,-116.40,640.0,360.0,283.17,-2000,2000
2010,15:26:50.265,ROI,160,160,352,352,9.74,10.49,0.0,37.25,95.34,660.23,642.38,172.55,130.59,0.9731,15.7600,-0.9000,0.0000,0.0000,0.9770,0,-0.9000,715.6571,699.5430,0.3621,711.3733,0.7342,PHASE_1_ALIGNING,94.10,-102.72,640.0,360.0,283.11,-2000,2000
2011,15:26:50.392,ROI,160,160,352,352,8.24,9.03,0.0,0.0,110.72,660.77,640.67,165.92,125.73,0.9258,12.1000,13.6000,0.0000,0.0000,0.9259,0,13.6000,725.1552,721.0342,0.3279,724.1377,0.7531,PHASE_1_ALIGNING,94.23,-90.09,640.0,360.0,281.44,-2000,2000
2012,15:26:50.441,ROI,160,160,352,352,8.12,8.85,0.0,0.0,112.93,659.52,639.85,162.10,126.50,0.9646,14.1400,21.7500,0.0000,0.0000,0.7893,0,21.7500,734.6059,735.2684,0.3294,734.7701,0.7522,PHASE_1_ALIGNING,93.99,-79.22,640.0,360.0,280.53,-2000,2000
2013,15:26:50.505,ROI,160,160,352,352,8.70,9.56,0.0,0.0,104.59,656.43,638.95,162.23,129.62,0.9398,11.2300,35.1800,0.0000,0.0000,0.7177,0,35.1800,744.9872,740.8772,0.4197,743.7722,0.7044,PHASE_1_ALIGNING,93.37,-69.60,640.0,360.0,279.44,-2000,2000
2014,15:26:50.569,ROI,160,160,352,352,9.50,10.14,0.0,0.0,98.61,656.20,639.81,160.91,129.32,0.9788,11.8700,33.5900,0.0000,0.0000,0.7661,0,33.5900,753.1432,741.0009,0.5475,748.8473,0.6462,PHASE_1_ALIGNING,93.31,-64.47,640.0,360.0,280.28,-1934,1934
2015,15:26:50.616,ROI,160,160,352,352,8.79,9.58,10.425,0.0,104.44,657.19,638.80,157.41,134.75,0.9396,11.5800,40.2100,0.0000,0.0000,0.7398,0,40.2100,760.8424,730.8220,0.6462,749.0584,0.6075,PHASE_1_ALIGNING,93.53,-64.47,640.0,360.0,279.33,-1934,1934
2016,15:26:50.681,ROI,160,160,320,320,8.50,9.73,7.05,0.0,102.81,661.36,639.48,161.68,138.42,0.9242,12.7700,39.4600,0.0000,0.0000,0.7995,0,39.4600,766.8663,731.2702,0.6616,752.6933,0.6018,PHASE_1_ALIGNING,94.37,-61.68,640.0,360.0,280.30,-1850,1850
2017,15:26:50.728,ROI,160,160,352,352,7.71,8.49,0.0,0.0,117.78,659.00,637.46,147.84,141.88,0.8904,13.2400,48.9800,0.0000,0.0000,0.8111,0,48.9800,773.3877,729.6370,0.6959,755.4347,0.5897,PHASE_1_ALIGNING,93.92,-58.48,640.0,360.0,278.11,-1754,1754
2018,15:26:50.857,ROI,160,160,320,320,9.22,9.86,3.225,39.625,101.38,660.26,639.88,136.80,149.40,0.8821,14.6800,59.9400,0.0000,0.0000,0.8303,0,59.9400,780.1407,726.9639,0.6430,759.3298,0.6086,PHASE_1_ALIGNING,94.14,-54.81,640.0,360.0,280.61,-1644,1644
2019,15:26:50.905,ROI,160,160,320,320,10.42,11.24,0.0,34.775,88.98,659.74,640.24,129.54,148.32,0.9401,14.9800,63.3300,0.0000,0.0000,0.7934,0,63.3300,785.6684,759.9997,0.5651,776.4002,0.6389,PHASE_1_ALIGNING,94.03,-37.63,640.0,360.0,280.93,-1129,1129
2020,15:26:50.968,ROI,160,160,320,320,10.30,10.89,0.0,35.9,91.86,662.92,642.14,123.00,144.40,0.9244,18.4300,71.4100,0.0000,0.0000,0.8741,0,71.4100,792.1110,788.2857,0.4025,791.0132,0.7130,PHASE_1_ALIGNING,94.64,-23.63,640.0,360.0,283.07,-709,709
2021,15:26:51.032,ROI,160,160,320,320,10.13,11.30,7.35,0.0,88.46,663.78,640.70,119.14,144.16,0.9497,18.7600,73.0900,0.0000,0.0000,0.8820,0,73.0900,797.4149,808.8078,0.2608,799.7712,0.7932,PHASE_2_DRIVING,94.84,-15.07,640.0,360.0,281.71,1074,2000
2022,15:26:51.080,ROI,160,160,320,320,7.91,8.49,0.0,46.0,117.76,663.70,642.00,117.86,144.86,0.9717,18.4100,76.5900,0.0000,0.0000,0.8763,0,76.5900,803.0189,818.7275,0.1447,805.0050,0.8736,PHASE_2_DRIVING,94.80,-9.80,640.0,360.0,282.99,1345,2000
2023,15:26:51.144,ROI,160,160,320,320,9.83,10.65,0.0,0.0,93.90,661.44,646.00,116.92,143.14,0.9111,18.8500,85.6000,0.0000,0.0000,0.8659,0,85.6000,809.0311,809.8722,0.0785,809.0923,0.9272,PHASE_2_DRIVING,94.29,-5.19,640.0,360.0,286.80,1624,2000
2024,15:26:51.208,ROI,160,160,288,288,8.40,9.03,0.0,0.0,110.74,660.39,643.68,119.99,148.50,0.9393,15.5700,91.0600,0.0000,0.0000,0.9136,0,91.0600,814.4950,829.3558,0.1520,816.4560,0.8680,PHASE_2_DRIVING,94.11,2.35,640.0,360.0,284.41,2000,1821
2025,15:26:51.257,ROI,160,160,320,320,10.05,10.94,0.0,0.0,91.41,662.24,646.14,118.66,146.58,0.9380,14.6400,96.2100,0.0000,0.0000,0.8937,0,96.2100,819.5161,839.9910,0.2809,824.0065,0.7807,PHASE_2_DRIVING,94.44,9.56,640.0,360.0,287.00,2000,1358
2026,15:26:51.369,ROI,160,160,320,320,10.11,10.72,0.0,36.45,93.27,663.56,642.70,118.88,150.90,0.9342,10.1800,97.7500,0.0000,0.0000,0.8630,0,97.7500,823.0774,846.9269,0.3471,829.2232,0.7423,PHASE_2_DRIVING,94.76,14.46,640.0,360.0,283.68,2000,1103
2027,15:26:51.434,ROI,160,160,320,320,9.23,10.01,0.0,0.0,99.85,663.42,642.38,119.78,152.68,0.9809,11.8600,98.8600,0.0000,0.0000,0.8697,0,98.8600,826.3618,848.4382,0.4047,832.7225,0.7119,PHASE_2_DRIVING,94.74,17.98,640.0,360.0,283.35,2000,942
2028,15:26:51.497,ROI,160,160,320,320,8.43,9.45,0.0,0.0,105.82,661.64,641.70,120.36,153.82,0.9623,13.4100,105.6700,0.0000,0.0000,0.9162,0,105.6700,829.5443,863.9157,0.4303,839.8849,0.6992,PHASE_2_DRIVING,94.39,25.49,640.0,360.0,282.53,2000,649
2029,15:26:51.543,ROI,160,160,320,320,8.03,8.75,0.0,0.0,114.34,663.08,640.50,120.94,156.32,0.9609,11.8800,105.7500,0.0000,0.0000,0.9187,0,105.7500,832.4847,877.7695,0.4450,846.4316,0.6920,PHASE_2_DRIVING,94.70,31.73,640.0,360.0,281.45,2000,447
2030,15:26:51.608,ROI,160,160,320,320,7.95,8.60,0.0,45.45,116.33,660.82,638.10,130.26,159.56,0.9010,11.3900,108.0700,0.0000,0.0000,0.8892,0,108.0700,835.1889,889.0527,0.3753,849.8863,0.7271,PHASE_2_DRIVING,94.28,35.60,640.0,360.0,278.88,2000,336
2031,15:26:51.674,ROI,160,160,320,320,8.35,9.15,0.0,0.0,109.24,662.14,637.36,127.96,161.74,0.9668,12.3300,109.5000,0.0000,0.0000,0.8630,0,109.5000,838.1636,898.0328,0.2674,850.7937,0.7890,PHASE_2_DRIVING,94.56,36.23,640.0,360.0,278.24,2000,319
2032,15:26:51.720,ROI,160,160,352,352,9.10,9.76,0.0,40.05,102.49,661.41,637.17,129.80,159.52,0.9725,12.1400,110.8100,0.0000,0.0000,0.8961,0,110.8100,839.9258,907.5609,0.1573,849.1211,0.8640,PHASE_2_DRIVING,94.42,34.70,640.0,360.0,278.00,2000,361
2033,15:26:51.848,ROI,160,160,320,320,12.73,13.46,0.0,0.0,74.28,659.20,633.80,139.22,164.48,0.8947,11.2700,111.8100,0.0000,0.0000,0.7456,0,111.8100,841.2736,891.8964,0.1784,848.9385,0.8486,PHASE_2_DRIVING,94.01,34.93,640.0,360.0,274.47,2000,355
2034,15:26:51.897,ROI,160,160,352,352,7.83,8.44,0.0,0.0,118.43,656.89,634.09,141.57,161.50,0.9505,13.0600,114.3300,0.0000,0.0000,0.8221,0,114.3300,841.7977,878.3147,0.3191,850.6311,0.7581,PHASE_2_DRIVING,93.53,37.11,640.0,360.0,274.61,2000,296
2035,15:26:51.961,ROI,160,160,352,352,7.68,8.41,6.975,0.0,118.84,655.96,633.69,139.72,158.73,0.9699,12.6300,114.6200,0.0000,0.0000,0.8397,0,114.6200,842.1254,864.3329,0.5272,849.7919,0.6548,PHASE_2_DRIVING,93.34,36.46,640.0,360.0,274.16,2000,313
2036,15:26:52.025,ROI,160,160,320,320,7.86,8.44,0.0,0.0,118.48,656.88,631.26,140.30,161.96,0.9575,13.2400,112.2800,0.0000,0.0000,0.8489,0,112.2800,842.0404,847.9024,0.7128,844.4800,0.5838,PHASE_2_DRIVING,93.56,30.92,640.0,360.0,271.78,2000,472
2037,15:26:52.071,ROI,160,160,352,352,9.38,10.32,0.0,0.0,96.88,655.82,631.43,138.78,157.94,0.9606,12.4300,114.3800,0.0000,0.0000,0.8548,0,114.3800,841.8436,849.2379,0.8842,845.3136,0.5307,PHASE_2_DRIVING,93.34,31.98,640.0,360.0,271.89,2000,440
2038,15:26:52.137,ROI,160,160,320,320,10.18,10.87,0.0,35.95,92.03,655.90,629.10,140.42,159.72,0.9598,12.8700,113.6600,0.0000,0.0000,0.7958,0,113.6600,841.5016,850.1807,1.0102,845.8631,0.4975,PHASE_2_DRIVING,93.38,32.48,640.0,360.0,269.57,2000,425
2039,15:26:52.185,ROI,160,160,320,320,10.22,10.92,0.0,35.775,91.55,655.02,628.02,142.12,161.08,0.9744,12.4600,113.6200,0.0000,0.0000,0.7867,0,113.6200,840.5969,848.7528,1.1475,844.9549,0.4657,PHASE_2_DRIVING,93.21,31.75,640.0,360.0,268.44,2000,447
2040,15:26:52.312,ROI,160,160,352,352,8.89,9.56,3.375,40.85,104.59,650.20,624.59,141.06,160.40,0.8963,13.9600,114.2300,0.0000,0.0000,0.8144,0,114.2300,839.4949,843.7613,1.3226,841.9244,0.4306,PHASE_2_DRIVING,92.21,29.72,640.0,360.0,264.78,2000,509
2041,15:26:52.376,ROI,160,160,352,352,10.32,11.13,0.0,35.1,89.83,652.38,623.88,137.28,156.75,0.9472,14.4300,115.3700,0.0000,0.0000,0.9043,0,115.3700,838.9669,830.0428,1.3978,833.7645,0.4170,PHASE_2_DRIVING,92.69,21.08,640.0,360.0,264.17,2000,814
2042,15:26:52.425,ROI,160,160,320,320,8.39,8.98,10.2,0.0,111.33,650.86,624.06,141.00,161.36,0.9458,12.6000,111.7600,0.0000,0.0000,0.7873,0,111.7600,837.7844,831.1809,1.4864,833.8368,0.4022,PHASE_2_DRIVING,92.36,21.48,640.0,360.0,264.28,2000,798
2043,15:26:52.489,ROI,160,160,352,352,8.91,9.71,0.0,0.0,102.99,649.78,621.75,135.70,159.94,0.9354,14.7400,113.4000,0.0000,0.0000,0.8791,0,113.4000,837.1467,831.1228,1.5174,833.5157,0.3972,PHASE_2_DRIVING,92.14,21.38,640.0,360.0,261.93,2000,802
2044,15:26:52.553,ROI,160,160,320,320,9.75,10.35,7.2,0.0,96.59,650.86,618.24,137.14,164.04,0.9428,13.9600,109.3300,0.0000,0.0000,0.8352,0,109.3300,835.5455,831.3855,1.5766,833.0001,0.3881,PHASE_2_DRIVING,92.41,20.59,640.0,360.0,258.47,2000,833
2045,15:26:52.600,ROI,160,160,352,352,9.36,10.35,10.65,0.0,96.66,648.59,615.02,132.02,155.54,0.9128,14.1900,108.9400,0.0000,0.0000,0.8769,0,108.9400,833.7846,831.6181,1.6557,832.4339,0.3766,PHASE_2_DRIVING,91.93,20.50,640.0,360.0,255.16,2000,837
2046,15:26:52.728,ROI,160,160,320,320,7.86,8.45,0.0,0.0,118.29,649.68,611.64,130.38,159.84,0.9428,13.8400,107.1900,0.0000,0.0000,0.8265,0,107.1900,832.2454,831.5611,1.7421,831.8107,0.3647,PHASE_2_DRIVING,92.20,19.61,640.0,360.0,251.83,2000,873
2047,15:26:52.777,ROI,160,160,320,320,9.03,9.94,0.0,39.275,100.55,651.58,605.46,126.94,160.56,0.8998,13.1800,105.2400,0.0000,0.0000,0.8626,0,105.2400,830.2892,831.4503,1.8548,831.0436,0.3503,PHASE_2_DRIVING,92.70,18.34,640.0,360.0,245.73,2000,926
2048,15:26:52.841,ROI,160,160,352,352,9.31,9.98,0.0,39.15,100.22,649.86,604.17,118.36,154.79,0.8989,16.9000,103.2000,0.0000,0.0000,0.8965,0,103.2000,828.1823,832.0294,1.9951,830.7449,0.3339,PHASE_2_DRIVING,92.31,18.43,640.0,360.0,244.37,2000,923
2049,15:26:52.905,ROI,160,160,320,320,9.97,10.84,0.0,36.025,92.21,650.42,598.14,125.60,157.24,0.8737,11.2300,103.5400,0.0000,0.0000,0.8912,0,103.5400,826.3892,833.7805,2.1699,831.4488,0.3155,PHASE_2_DRIVING,92.51,18.94,640.0,360.0,238.37,2000,901
2050,15:26:52.952,ROI,160,160,320,320,9.51,10.08,0.0,38.75,99.21,649.84,594.78,127.20,155.94,0.9462,8.1100,103.3400,0.0000,0.0000,0.8737,0,103.3400,824.8054,838.1506,2.3380,834.1526,0.2996,PHASE_2_DRIVING,92.40,21.75,640.0,360.0,234.99,2000,787
2051,15:26:53.016,ROI,160,160,320,320,9.14,9.97,7.175,39.2,100.33,648.72,591.30,122.84,149.02,0.9226,3.8000,-95.5600,0.0000,0.0000,0.4793,0,-95.5600,856.4374,831.9630,2.5604,838.8371,0.2809,PHASE_2_DRIVING,92.16,26.68,640.0,360.0,231.46,2000,608
2052,15:26:53.081,ROI,160,160,320,320,7.85,8.56,0.0,0.0,116.87,648.86,590.18,121.44,148.02,0.9739,6.6300,102.4900,0.0000,0.0000,0.8152,0,102.4900,852.5240,827.4138,2.7173,834.1688,0.2690,PHASE_2_DRIVING,92.20,21.96,640.0,360.0,230.35,2000,779
2053,15:26:53.128,ROI,160,160,320,320,7.92,8.63,0.0,0.0,115.90,649.34,587.28,117.76,144.02,0.9321,11.0500,100.1000,0.0000,0.0000,0.8664,0,100.1000,848.3613,823.9472,2.8429,830.3002,0.2602,PHASE_2_DRIVING,92.35,17.95,640.0,360.0,227.47,2000,943
2054,15:26:53.257,ROI,160,160,320,320,7.68,8.28,3.25,0.0,120.71,646.20,582.08,117.52,146.80,0.8841,8.8800,98.3500,0.0000,0.0000,0.7342,0,98.3500,843.8353,820.8069,3.0156,826.5416,0.2490,PHASE_2_DRIVING,91.60,14.94,640.0,360.0,222.17,2000,1080
2055,15:26:53.304,ROI,160,160,320,320,11.05,12.14,10.175,0.0,82.36,647.58,580.48,116.72,149.68,0.9562,8.8500,98.3400,0.0000,0.0000,0.7390,0,98.3400,839.7849,818.1309,3.1097,823.3999,0.2433,PHASE_2_DRIVING,91.97,11.43,640.0,360.0,220.61,2000,1256
2056,15:26:53.369,ROI,160,160,320,320,9.81,10.05,0.0,0.0,99.55,0.00,0.00,0.00,0.00,0.0000,0.0000,0.0000,0.0000,0.0000,0.0000,1,0.0000,NaN,NaN,NaN,NaN,NaN,LOST_TRACKING,0.00,0.00,640.0,360.0,0.00,0,0
2057,15:26:53.437,FULL,640,640,0,0,52.54,55.15,0.0,28.325,18.13,647.39,573.35,104.03,142.97,1.0000,7.1800,91.1900,0.0000,0.0000,0.6676,0,91.1900,833.8004,812.6546,3.2830,817.5917,0.2335,PHASE_2_DRIVING,91.98,5.61,640.0,360.0,213.48,2000,1597
2058,15:26:53.501,ROI,160,160,288,288,9.72,10.59,0.0,36.9,94.45,645.43,571.67,108.76,134.87,0.9045,16.7300,92.0800,0.0000,0.0000,0.8386,0,92.0800,828.3783,810.6735,3.3514,814.7423,0.2298,PHASE_2_DRIVING,91.47,3.27,640.0,360.0,211.74,2000,1754
2059,15:26:53.543,ROI,160,160,288,288,8.50,9.22,12.275,42.425,108.44,644.75,566.23,106.33,132.66,0.9019,17.1800,87.5500,0.0000,0.0000,0.8861,0,87.5500,822.8105,809.4228,3.4178,812.4532,0.2264,PHASE_2_DRIVING,91.32,1.13,640.0,360.0,206.28,2000,1911
2060,15:26:53.592,ROI,160,160,288,288,8.08,8.95,0.0,0.0,111.69,646.57,563.14,102.67,127.73,0.9210,15.4300,87.8500,0.0000,0.0000,0.7797,0,87.8500,817.6901,808.8926,3.4106,810.8872,0.2267,PHASE_2_DRIVING,91.85,-0.97,640.0,360.0,203.24,1924,2000
2061,15:26:53.721,ROI,160,160,256,256,8.69,9.54,3.225,0.0,104.81,647.23,557.29,102.32,131.86,0.9026,12.8400,85.1700,0.0000,0.0000,0.8614,0,85.1700,812.8052,809.0215,3.4281,809.8759,0.2258,PHASE_2_DRIVING,92.10,-2.22,640.0,360.0,197.42,1830,2000
2062,15:26:53.768,ROI,160,160,288,288,9.36,10.03,10.35,0.0,99.73,648.98,552.79,103.00,133.33,0.9040,8.3800,94.0600,0.0000,0.0000,0.7028,0,94.0600,810.0323,809.1913,3.4551,809.3801,0.2245,PHASE_2_DRIVING,92.67,-3.29,640.0,360.0,193.00,1753,2000
2063,15:26:53.832,ROI,160,160,288,288,8.91,9.72,0.0,0.0,102.86,648.54,551.53,103.73,132.41,0.9731,16.4800,84.3800,0.0000,0.0000,0.8520,0,84.3800,805.4632,809.6439,3.4342,808.7011,0.2255,PHASE_2_DRIVING,92.55,-3.85,640.0,360.0,191.72,1714,2000
2064,15:26:53.895,ROI,160,160,288,288,8.13,9.07,0.0,0.0,110.27,649.67,547.71,101.29,130.12,0.9215,14.9800,85.3800,0.0000,0.0000,0.8280,0,85.3800,801.3936,810.1686,3.4133,808.1803,0.2266,PHASE_2_DRIVING,92.95,-4.77,640.0,360.0,187.96,1652,2000
2065,15:26:53.946,ROI,160,160,288,288,8.57,9.32,9.3,0.0,107.25,650.80,546.06,102.80,131.13,0.9541,19.4200,80.9700,0.0000,0.0000,0.9127,0,80.9700,796.5773,810.2274,3.4095,807.1318,0.2268,PHASE_2_DRIVING,93.32,-6.19,640.0,360.0,186.38,1559,2000
2066,15:26:54.008,ROI,160,160,288,288,9.21,10.09,0.0,0.0,99.10,650.65,543.98,103.19,130.73,0.9651,17.0400,83.2500,0.0000,0.0000,0.8594,0,83.2500,792.3975,810.1225,3.3481,806.0460,0.2300,PHASE_2_DRIVING,93.31,-7.27,640.0,360.0,184.29,1492,2000
2067,15:26:54.073,ROI,160,160,288,288,10.02,10.80,0.0,36.2,92.62,652.38,538.54,99.99,130.61,0.8904,4.7000,93.0400,0.0000,0.0000,0.6451,0,93.0400,790.5200,809.5287,3.3798,805.1886,0.2283,PHASE_2_DRIVING,93.97,-8.78,640.0,360.0,178.96,1403,2000
2068,15:26:54.121,ROI,160,160,288,288,10.23,10.92,0.0,35.875,91.60,652.63,535.39,101.57,128.29,0.9382,18.7600,82.0900,0.0000,0.0000,0.8922,0,82.0900,786.4330,808.5244,3.4137,803.5191,0.2266,PHASE_2_DRIVING,94.12,-10.60,640.0,360.0,175.84,1300,2000
2069,15:26:54.233,ROI,160,160,288,288,14.79,15.75,0.0,24.8,63.48,654.16,528.39,100.53,130.90,0.8722,10.8300,86.5800,0.0000,0.0000,0.7695,0,86.5800,801.9813,807.2237,3.5214,806.0642,0.2212,PHASE_2_DRIVING,94.81,-8.74,640.0,360.0,168.99,1405,2000
2070,15:26:54.296,ROI,160,160,288,288,11.48,12.48,8.225,62.6,80.11,655.19,524.22,98.62,125.08,0.9179,17.8700,84.0000,0.0000,0.0000,0.8813,0,84.0000,802.0376,805.6794,3.5989,804.8875,0.2174,PHASE_2_DRIVING,95.28,-10.40,640.0,360.0,164.92,1311,2000
2071,15:26:54.359,ROI,160,160,256,256,8.49,9.22,0.0,0.0,108.49,655.48,519.76,101.44,127.70,0.9066,12.7800,84.1600,0.0000,0.0000,0.8310,0,84.1600,802.2213,803.8836,3.6816,803.5285,0.2136,PHASE_2_DRIVING,95.53,-12.01,640.0,360.0,160.51,1226,2000
2072,15:26:54.408,ROI,160,160,256,256,8.32,9.26,0.0,0.0,108.04,655.70,515.99,99.63,129.52,0.9268,14.6600,82.0100,0.0000,0.0000,0.8574,0,82.0100,802.0847,802.1542,3.7919,802.1397,0.2087,PHASE_2_DRIVING,95.75,-13.61,640.0,360.0,156.78,1144,2000
2073,15:26:54.474,ROI,160,160,288,288,8.83,9.62,0.0,0.0,104.00,657.07,511.96,95.33,123.44,0.8980,13.6400,88.3600,0.0000,0.0000,0.7599,0,88.3600,803.6973,800.3023,3.8757,800.9986,0.2051,PHASE_2_DRIVING,96.41,-15.41,640.0,360.0,152.91,1058,2000
2074,15:26:54.536,ROI,160,160,256,256,9.93,10.67,0.0,0.0,93.74,657.34,508.09,99.28,126.94,0.9032,10.6300,87.2900,0.0000,0.0000,0.7067,0,87.2900,804.1445,799.1585,3.9043,800.1751,0.2039,PHASE_2_DRIVING,96.68,-16.50,640.0,360.0,149.10,1007,2000
2075,15:26:54.585,ROI,160,160,256,256,9.52,10.18,0.0,0.0,98.26,657.30,504.90,100.40,126.03,0.9405,11.8000,89.1200,0.0000,0.0000,0.7478,0,89.1200,805.1596,797.7089,3.9469,799.2151,0.2021,PHASE_2_DRIVING,96.81,-17.60,640.0,360.0,145.93,959,2000
2076,15:26:54.713,ROI,160,160,256,256,7.82,8.74,0.0,0.0,114.45,656.09,501.50,97.38,129.04,0.9207,15.0400,89.1100,0.0000,0.0000,0.8576,0,89.1100,806.3078,796.7596,3.9262,798.6978,0.2030,PHASE_2_DRIVING,96.49,-17.79,640.0,360.0,142.42,950,2000
2077,15:26:54.761,ROI,160,160,288,288,8.62,9.29,0.0,42.1,107.68,658.05,497.83,99.43,128.12,0.9086,18.4500,90.8900,0.0000,0.0000,0.9141,0,90.8900,807.3692,796.2473,3.9316,798.5025,0.2028,PHASE_2_DRIVING,97.46,-18.96,640.0,360.0,139.01,900,2000
2078,15:26:54.825,ROI,160,160,288,288,7.96,8.71,0.0,44.85,114.79,657.66,495.52,103.03,128.36,0.9315,19.5100,91.0000,0.0000,0.0000,0.9196,0,91.0000,808.4278,796.1091,3.8983,798.6240,0.2042,PHASE_2_DRIVING,97.42,-18.80,640.0,360.0,136.67,907,2000
2079,15:26:54.888,ROI,160,160,288,288,8.75,9.50,0.0,41.125,105.23,657.70,493.34,103.32,128.48,0.9640,19.1100,92.0500,0.0000,0.0000,0.9030,0,92.0500,809.3482,796.3665,3.8772,799.0282,0.2050,PHASE_2_DRIVING,97.56,-18.53,640.0,360.0,134.51,918,2000
2080,15:26:54.936,ROI,160,160,288,288,9.18,10.60,0.0,0.0,94.35,656.69,490.14,104.56,126.59,0.9332,20.1700,92.7200,0.0000,0.0000,0.9227,0,92.7200,811.2729,796.9194,3.8685,799.8677,0.2054,PHASE_2_DRIVING,97.31,-17.44,640.0,360.0,131.20,966,2000
2081,15:26:55.000,ROI,160,160,256,256,9.34,10.16,0.0,38.425,98.40,656.72,488.59,102.34,130.45,0.9504,15.9300,90.4400,0.0000,0.0000,0.8671,0,90.4400,811.6789,797.8786,3.7807,800.7653,0.2092,PHASE_2_DRIVING,97.41,-16.64,640.0,360.0,129.67,1001,2000
2082,15:26:55.112,ROI,160,160,288,288,7.92,8.64,0.0,0.0,115.79,657.30,482.85,101.54,131.54,0.9062,19.1000,94.7800,0.0000,0.0000,0.8864,0,94.7800,812.9780,799.1233,3.7414,802.0454,0.2109,PHASE_2_DRIVING,98.01,-15.97,640.0,360.0,124.06,1032,2000
2083,15:26:55.177,ROI,160,160,288,288,9.80,10.55,6.95,0.0,94.79,657.40,476.83,103.43,134.33,0.8972,18.2100,99.3500,0.0000,0.0000,0.8991,0,99.3500,814.5575,800.4942,3.7078,803.4815,0.2124,PHASE_2_DRIVING,98.47,-14.99,640.0,360.0,118.12,1078,2000
2084,15:26:55.225,ROI,160,160,288,288,8.13,8.94,0.0,0.0,111.90,656.24,473.84,102.76,131.18,0.9352,18.3300,99.4500,0.0000,0.0000,0.9231,0,99.4500,816.0884,802.1191,3.6230,805.1408,0.2163,PHASE_2_DRIVING,98.12,-12.98,640.0,360.0,114.99,1176,2000
2085,15:26:55.289,ROI,160,160,288,288,8.25,9.11,7.025,0.0,109.80,656.36,469.96,103.10,130.37,0.9393,17.2700,102.7900,0.0000,0.0000,0.9163,0,102.7900,819.1064,803.8116,3.5717,807.1572,0.2187,PHASE_2_DRIVING,98.46,-11.31,640.0,360.0,111.17,1262,2000
2086,15:26:55.352,ROI,160,160,288,288,9.09,9.81,0.0,0.0,101.97,653.64,467.90,105.82,131.78,0.9206,15.3000,104.4600,0.0000,0.0000,0.9230,0,104.4600,821.0786,805.7139,3.4770,809.1458,0.2234,PHASE_2_DRIVING,97.21,-8.06,640.0,360.0,108.76,1445,2000
2087,15:26:55.400,ROI,160,160,288,288,9.05,9.83,10.225,0.0,101.72,653.22,465.18,104.74,129.65,0.9496,15.2800,104.5500,0.0000,0.0000,0.8992,0,104.5500,823.1756,807.7234,3.4316,811.2102,0.2257,PHASE_2_DRIVING,97.16,-5.95,640.0,360.0,106.01,1575,2000
2088,15:26:55.528,ROI,160,160,288,288,8.30,9.01,0.0,43.5,111.01,651.83,460.45,104.11,128.68,0.9057,16.4600,107.0900,0.0000,0.0000,0.9064,0,107.0900,825.1906,809.7710,3.4239,813.2565,0.2260,PHASE_2_DRIVING,96.72,-3.46,640.0,360.0,101.14,1741,2000
2089,15:26:55.577,ROI,160,160,288,288,8.17,8.90,0.0,43.9,112.38,650.57,455.07,102.31,126.45,0.8976,15.5500,108.4900,0.0000,0.0000,0.8933,0,108.4900,827.1048,811.8078,3.4701,815.2299,0.2237,PHASE_2_DRIVING,96.34,-1.11,640.0,360.0,95.65,1913,2000
2090,15:26:55.640,ROI,160,160,256,256,8.50,9.56,0.0,41.275,104.63,650.18,452.71,99.76,122.45,0.9389,15.1300,107.8400,0.0000,0.0000,0.8507,0,107.8400,828.2202,813.8833,3.5007,817.0688,0.2222,PHASE_2_DRIVING,96.26,0.81,640.0,360.0,93.27,2000,1937
2091,15:26:55.704,ROI,160,160,256,256,13.15,13.81,0.0,0.0,72.43,648.22,449.07,103.09,124.14,0.9078,13.9500,110.1700,0.0000,0.0000,0.8385,0,110.1700,830.0650,815.8575,3.5460,818.9828,0.2200,PHASE_2_DRIVING,95.28,3.71,640.0,360.0,89.45,2000,1724
2092,15:26:55.753,ROI,160,160,256,256,9.63,10.34,11.025,0.0,96.72,647.34,446.79,101.09,123.34,0.9454,14.2400,111.0500,0.0000,0.0000,0.8361,0,111.0500,831.5883,817.8062,3.5789,820.8162,0.2184,PHASE_2_DRIVING,94.84,5.98,640.0,360.0,87.10,2000,1573
2093,15:26:55.817,ROI,160,160,256,256,8.67,9.42,7.35,0.0,106.11,645.27,443.73,100.62,120.93,0.9136,14.9900,110.5500,0.0000,0.0000,0.8834,0,110.5500,832.7958,819.7011,3.6071,822.5434,0.2171,PHASE_2_DRIVING,93.60,8.94,640.0,360.0,83.89,2000,1393
2094,15:26:55.880,ROI,160,160,256,256,9.44,10.26,0.0,0.0,97.49,644.55,441.45,102.83,123.10,0.9428,15.4500,110.1900,0.0000,0.0000,0.8853,0,110.1900,833.5525,821.6623,3.6218,824.2349,0.2164,PHASE_2_DRIVING,93.20,11.04,640.0,360.0,81.58,2000,1277
2095,15:26:55.929,ROI,160,160,256,256,8.06,8.74,10.125,0.0,114.40,642.88,438.25,102.61,126.08,0.9203,15.1900,109.2400,0.0000,0.0000,0.8631,0,109.2400,833.9427,823.5664,3.6363,825.8045,0.2157,PHASE_2_DRIVING,92.11,13.70,640.0,360.0,78.30,2000,1140
2096,15:26:56.040,ROI,160,160,256,256,8.08,8.90,0.0,0.0,112.35,641.46,432.80,101.33,124.48,0.8924,16.2000,108.7200,0.0000,0.0000,0.8809,0,108.7200,833.9168,825.3743,3.6704,827.2034,0.2141,PHASE_2_DRIVING,91.15,16.06,640.0,360.0,72.81,2000,1028
2097,15:26:56.105,ROI,160,160,256,256,9.29,10.10,6.975,38.7,99.01,639.22,428.22,102.51,122.77,0.8902,15.0500,108.8200,0.0000,0.0000,0.8727,0,108.8200,833.7172,827.1078,3.7017,828.5136,0.2127,PHASE_2_DRIVING,89.35,19.17,640.0,360.0,68.23,2000,892
2098,15:26:56.168,ROI,160,160,256,256,10.30,11.02,0.0,0.0,90.73,637.64,425.15,104.48,122.86,0.9232,14.0900,108.4200,0.0000,0.0000,0.8760,0,108.4200,833.2159,828.8083,3.7215,829.7418,0.2118,PHASE_2_DRIVING,87.93,21.82,640.0,360.0,65.19,2000,785
2099,15:26:56.217,ROI,160,160,256,256,11.84,12.67,10.425,0.0,78.95,635.61,420.82,107.18,123.36,0.8981,14.9000,107.1100,0.0000,0.0000,0.8860,0,107.1100,831.9177,830.5017,3.7164,830.8019,0.2120,PHASE_2_DRIVING,85.87,24.93,640.0,360.0,60.98,2000,669
2100,15:26:56.281,ROI,160,160,256,256,8.97,9.95,0.0,39.275,100.54,636.17,418.98,105.04,119.66,0.9506,13.5300,104.6600,0.0000,0.0000,0.8892,0,104.6600,830.3078,831.9690,3.6956,831.6152,0.2130,PHASE_2_DRIVING,86.28,25.33,640.0,360.0,59.10,2000,655
2101,15:26:56.344,ROI,160,160,256,256,8.97,9.66,0.0,40.5,103.49,635.95,415.65,100.78,121.87,0.9093,15.4100,103.9700,0.0000,0.0000,0.8980,0,103.9700,828.8912,833.0299,3.7015,832.1496,0.2127,PHASE_2_DRIVING,85.84,26.31,640.0,360.0,55.80,2000,621
2102,15:26:56.393,ROI,160,160,256,256,7.89,8.60,0.0,0.0,116.23,635.32,414.22,97.34,117.87,0.9342,13.3600,99.3300,0.0000,0.0000,0.8526,0,99.3300,826.4549,833.7784,3.6641,832.2082,0.2144,PHASE_2_DRIVING,85.07,27.14,640.0,360.0,54.42,2000,593
2103,15:26:56.521,ROI,160,160,256,256,8.30,9.27,0.0,0.0,107.88,635.82,411.23,95.20,119.17,0.9306,15.7600,97.3900,0.0000,0.0000,0.8119,0,97.3900,823.9947,834.0351,3.6129,831.8585,0.2168,PHASE_2_DRIVING,85.33,26.53,640.0,360.0,51.40,1967,603
2104,15:26:56.568,ROI,160,160,256,256,8.73,9.49,10.3,0.0,105.38,634.52,408.12,98.56,119.52,0.9176,15.2600,93.3300,0.0000,0.0000,0.8732,0,93.3300,820.9838,834.0578,3.5489,831.1837,0.2198,PHASE_2_DRIVING,83.50,27.68,640.0,360.0,48.43,1881,540
2105,15:26:56.632,ROI,160,160,256,256,9.33,10.01,7.25,0.0,99.90,634.74,407.02,97.55,117.50,0.9716,14.7500,89.7300,0.0000,0.0000,0.8741,0,89.7300,817.4413,833.8002,3.4255,830.1036,0.2260,PHASE_2_DRIVING,83.61,26.49,640.0,360.0,47.32,1810,556
2106,15:26:56.697,ROI,160,160,256,256,10.35,11.10,0.0,35.2,90.07,633.49,405.03,99.28,118.34,0.9429,16.6500,86.7900,0.0000,0.0000,0.8948,0,86.7900,813.8394,833.3268,3.3132,828.8087,0.2318,PHASE_2_DRIVING,81.77,27.04,640.0,360.0,45.50,1753,522
2107,15:26:56.747,ROI,160,160,256,256,8.82,9.89,0.0,39.475,101.07,632.66,402.55,101.62,119.60,0.9374,16.0300,86.4600,0.0000,0.0000,0.8630,0,86.4600,810.6815,832.6458,3.2345,827.4589,0.2362,PHASE_2_DRIVING,80.22,27.24,640.0,360.0,43.18,1668,491
2108,15:26:56.809,ROI,160,160,256,256,8.45,9.09,7.45,43.025,110.02,632.26,400.42,104.03,118.35,0.9428,14.1300,84.6200,0.0000,0.0000,0.8293,0,84.6200,807.4613,831.7271,3.1261,825.8460,0.2424,PHASE_2_DRIVING,79.15,26.69,640.0,360.0,41.15,1578,480
2109,15:26:56.857,ROI,160,160,256,256,9.47,10.36,0.0,37.7,96.50,632.10,399.02,104.94,121.47,0.9658,15.1600,83.9100,0.0000,0.0000,0.8666,0,83.9100,804.7621,830.6181,3.0080,824.1670,0.2495,PHASE_2_DRIVING,78.55,25.62,640.0,360.0,39.82,1505,485
2110,15:26:56.921,ROI,160,160,256,256,10.21,10.89,0.0,0.0,91.79,631.84,398.23,103.33,122.96,0.9721,18.7900,83.3200,0.0000,0.0000,0.8880,0,83.3200,802.5006,829.3355,2.8445,822.3554,0.2601,PHASE_2_DRIVING,77.95,24.40,640.0,360.0,39.09,1454,500
2111,15:26:57.032,ROI,160,160,256,256,8.74,9.63,0.0,40.625,103.86,633.08,395.70,102.21,126.50,0.9378,17.2700,80.9200,0.0000,0.0000,0.8607,0,80.9200,800.1788,827.8661,2.6828,820.3481,0.2715,PHASE_2_DRIVING,79.03,21.32,640.0,360.0,36.36,1297,521
2112,15:26:57.096,ROI,160,160,256,256,8.06,8.96,0.0,0.0,111.63,633.69,394.71,97.89,120.98,0.9159,20.8900,79.6000,0.0000,0.0000,0.8887,0,79.6000,798.0666,826.1910,2.4818,818.1134,0.2872,PHASE_2_DRIVING,79.69,18.42,640.0,360.0,35.28,1207,557
2113,15:26:57.160,ROI,160,160,256,256,7.98,8.63,0.0,0.0,115.89,633.59,393.14,96.46,119.84,0.9601,21.7500,78.8100,0.0000,0.0000,0.9064,0,78.8100,796.2239,824.3178,2.2798,815.7521,0.3049,PHASE_2_DRIVING,79.05,16.70,640.0,360.0,33.75,1126,562
2114,15:26:57.208,ROI,160,160,256,256,8.33,9.07,9.85,0.0,110.24,634.78,390.50,94.85,118.38,0.9338,20.6500,77.4900,0.0000,0.0000,0.9080,0,77.4900,794.5870,822.1118,2.1381,813.3406,0.3187,PHASE_2_DRIVING,80.28,13.06,640.0,360.0,30.95,976,572
2115,15:26:57.271,ROI,160,160,256,256,8.97,9.64,0.0,0.0,103.70,636.86,388.86,93.78,118.46,0.9311,21.8800,76.0600,0.0000,0.0000,0.9195,0,76.0600,793.2165,819.5221,2.0323,810.8469,0.3298,PHASE_2_DRIVING,83.80,7.05,640.0,360.0,29.03,828,624
2116,15:26:57.336,ROI,160,160,256,256,10.30,11.03,14.175,0.0,90.62,636.53,386.82,94.78,117.66,0.9558,23.2600,76.4000,0.0000,0.0000,0.9295,0,76.4000,792.4458,816.7736,1.9496,808.5259,0.3390,PHASE_2_DRIVING,82.62,5.90,640.0,360.0,27.04,756,596
2117,15:26:57.383,ROI,160,160,256,256,10.14,10.83,0.0,0.0,92.36,637.41,384.67,93.81,118.10,0.9468,21.9300,75.1300,0.0000,0.0000,0.9080,0,75.1300,791.8315,814.0432,1.9147,806.4228,0.3431,PHASE_2_DRIVING,84.00,2.42,640.0,360.0,24.81,650,590
2118,15:26:57.512,ROI,160,160,256,256,8.31,9.18,0.0,0.0,108.88,638.58,382.62,96.85,122.93,0.9305,20.8600,73.8200,0.0000,0.0000,0.9138,0,73.8200,791.2378,811.1029,1.8822,804.2104,0.3470,PHASE_2_DRIVING,86.42,-2.21,640.0,360.0,22.67,542,592
2119,15:26:57.561,ROI,160,160,256,256,7.96,8.62,0.0,45.375,116.08,640.26,381.82,95.84,120.59,0.9477,19.9000,74.4600,0.0000,0.0000,0.9058,0,74.4600,791.2395,807.7836,1.8625,802.0039,0.3494,PHASE_2_DRIVING,90.67,-8.67,640.0,360.0,21.83,451,640
2120,15:26:57.625,ROI,160,160,256,256,8.07,8.88,7.1,43.975,112.55,639.46,380.10,98.22,119.47,0.9486,19.3800,74.5600,0.0000,0.0000,0.8903,0,74.5600,791.2638,804.3535,1.8334,799.7337,0.3529,PHASE_2_DRIVING,88.45,-8.72,640.0,360.0,20.11,415,590
2121,15:26:57.672,ROI,160,160,256,256,9.25,10.03,0.0,38.975,99.67,640.15,379.50,97.66,119.17,0.9761,19.2100,74.4700,0.0000,0.0000,0.8907,0,74.4700,791.4887,800.6665,1.8112,797.4018,0.3557,PHASE_2_DRIVING,90.45,-13.04,640.0,360.0,19.50,360,615
2122,15:26:57.737,ROI,160,160,256,256,9.98,10.70,7.075,0.0,93.49,640.40,378.54,97.82,118.40,0.9789,19.6000,74.5100,0.0000,0.0000,0.8944,0,74.5100,791.6728,797.0338,1.7990,795.1185,0.3573,PHASE_2_DRIVING,91.24,-16.12,640.0,360.0,18.54,314,613
2123,15:26:57.799,ROI,160,160,256,256,8.99,9.73,0.0,40.15,102.74,640.27,378.24,98.77,120.00,0.9772,19.6000,73.7800,0.0000,0.0000,0.8911,0,73.7800,791.6377,793.4465,1.7545,792.7898,0.3630,PHASE_2_DRIVING,90.85,-18.06,640.0,360.0,18.24,291,621
2124,15:26:57.913,ROI,160,160,256,256,9.34,10.12,0.0,0.0,98.84,640.24,377.09,99.73,119.65,0.9716,19.5100,73.9800,0.0000,0.0000,0.8826,0,73.9800,791.5966,790.1576,1.7003,790.6905,0.3703,PHASE_2_DRIVING,90.80,-20.11,640.0,360.0,17.09,255,599
2125,15:26:57.975,ROI,160,160,256,256,10.43,11.16,7.475,0.0,89.59,640.06,376.12,97.92,118.35,0.9661,19.4300,75.2400,0.0000,0.0000,0.8955,0,75.2400,792.0015,787.3844,1.6425,789.1316,0.3784,PHASE_2_DRIVING,90.23,-21.10,640.0,360.0,16.12,233,573
2126,15:26:58.025,ROI,160,160,256,256,8.18,8.89,10.15,0.0,112.48,639.55,375.28,97.84,117.26,0.9756,19.4200,75.5200,0.0000,0.0000,0.8927,0,75.5200,792.4561,785.3140,1.5751,788.0875,0.3883,PHASE_2_DRIVING,88.32,-20.23,640.0,360.0,15.29,228,537
2127,15:26:58.089,ROI,160,160,256,256,11.36,12.15,0.0,32.175,82.31,640.62,373.82,93.79,115.54,0.9350,20.4500,74.9700,0.0000,0.0000,0.9089,0,74.9700,792.8789,783.9379,1.5091,787.5013,0.3986,PHASE_2_DRIVING,92.55,-25.05,640.0,360.0,13.83,173,519
2128,15:26:58.152,ROI,160,160,256,256,8.75,9.42,0.0,0.0,106.16,641.25,373.48,94.10,115.90,0.9810,19.5300,74.2600,0.0000,0.0000,0.8888,0,74.2600,793.2477,783.2410,1.4105,787.3923,0.4148,PHASE_2_DRIVING,95.29,-27.90,640.0,360.0,13.54,150,527
2129,15:26:58.201,ROI,160,160,256,256,9.50,10.26,0.0,0.0,97.49,640.42,373.64,96.90,116.51,0.9660,20.0000,75.1400,0.0000,0.0000,0.8961,0,75.1400,793.6889,783.2410,1.3052,787.7732,0.4338,PHASE_2_DRIVING,91.78,-24.01,640.0,360.0,13.65,177,505
2130,15:26:58.328,ROI,160,160,256,256,8.19,8.91,0.0,0.0,112.21,642.11,372.70,93.65,114.53,0.9488,19.3600,76.9400,0.0000,0.0000,0.8984,0,76.9400,794.4532,783.6087,1.1993,788.5396,0.4547,PHASE_2_DRIVING,99.45,-30.91,640.0,360.0,12.87,123,521
2131,15:26:58.377,ROI,160,160,256,256,8.59,9.26,0.0,0.0,107.96,643.22,372.88,97.22,117.34,0.9402,18.7800,76.5800,0.0000,0.0000,0.8892,0,76.5800,795.1027,784.2524,1.0766,789.4776,0.4816,PHASE_2_DRIVING,104.02,-34.54,640.0,360.0,13.28,103,561
2132,15:26:58.441,ROI,160,160,256,256,8.95,9.67,0.0,0.0,103.41,642.63,373.52,98.93,119.68,0.9635,19.1100,76.0800,0.0000,0.0000,0.8975,0,76.0800,795.5424,785.1058,0.9503,790.4571,0.5127,PHASE_2_DRIVING,101.02,-30.56,640.0,360.0,13.77,134,555
2133,15:26:58.505,ROI,160,160,256,256,9.22,9.93,0.0,0.0,100.71,641.65,372.50,96.58,117.17,0.9557,18.6400,77.2900,0.0000,0.0000,0.8844,0,77.2900,796.0956,786.0189,0.8405,791.4938,0.5433,PHASE_2_DRIVING,97.51,-26.01,640.0,360.0,12.61,151,479
2134,15:26:58.553,ROI,160,160,256,256,9.46,10.14,10.3,0.0,98.63,642.79,371.46,92.54,114.75,0.9385,18.9000,77.3300,0.0000,0.0000,0.8875,0,77.3300,796.6731,787.0635,0.7554,792.5378,0.5697,PHASE_2_DRIVING,103.70,-31.16,640.0,360.0,11.79,111,478
2135,15:26:58.616,ROI,160,160,256,256,9.15,9.86,7.35,0.0,101.38,643.68,370.92,94.32,115.17,0.9721,17.4300,76.6100,0.0000,0.0000,0.8721,0,76.6100,796.9458,788.0335,0.6954,793.2903,0.5898,PHASE_2_DRIVING,108.62,-35.33,640.0,360.0,11.52,85,492
2136,15:26:58.665,ROI,160,160,256,256,9.23,9.89,10.075,0.0,101.14,642.71,370.30,94.88,114.32,0.9694,19.4500,79.6100,0.0000,0.0000,0.8766,0,79.6100,797.6611,789.0241,0.6545,794.2444,0.6044,PHASE_2_DRIVING,104.75,-30.50,640.0,360.0,10.65,104,429
2137,15:26:58.792,ROI,160,160,256,256,7.72,8.42,0.0,0.0,118.72,643.33,369.44,92.61,114.94,0.9617,18.9300,78.1600,0.0000,0.0000,0.8850,0,78.1600,798.0491,789.3194,0.6309,794.6720,0.6131,PHASE_2_DRIVING,109.42,-34.75,640.0,360.0,10.01,76,424
2138,15:26:58.840,ROI,160,160,256,256,7.74,8.47,0.0,0.0,118.05,643.56,369.32,95.98,114.90,0.9629,17.8900,80.1100,0.0000,0.0000,0.8595,0,80.1100,798.7825,789.3570,0.6110,795.2079,0.6208,PHASE_3_FINAL_ALIGNING,90.00,-14.79,640.0,360.0,9.98,-444,444
2139,15:26:58.905,ROI,160,160,256,256,9.70,10.53,0.0,37.1,94.96,644.06,368.65,94.24,114.88,0.9705,18.8300,80.0100,0.0000,0.0000,0.8707,0,80.0100,799.3880,788.7924,0.5980,795.4229,0.6258,PHASE_3_FINAL_ALIGNING,90.00,-14.58,640.0,360.0,9.55,-437,437
2140,15:26:58.969,ROI,160,160,256,256,9.93,10.61,0.0,36.875,94.29,643.50,368.11,95.60,114.82,0.9767,17.4100,80.2900,0.0000,0.0000,0.8532,0,80.2900,799.9580,787.9739,0.5855,795.5323,0.6307,PHASE_3_FINAL_ALIGNING,90.00,-14.47,640.0,360.0,8.84,-434,434
2141,15:26:59.017,ROI,160,160,256,256,9.37,10.11,10.55,38.625,98.89,644.14,368.02,94.53,114.35,0.9828,17.6300,80.7100,0.0000,0.0000,0.8442,0,80.7100,800.4315,786.6843,0.5617,795.4873,0.6403,PHASE_3_FINAL_ALIGNING,90.00,-14.51,640.0,360.0,9.02,-435,435
2142,15:26:59.080,ROI,160,160,256,256,11.93,12.76,7.3,0.0,78.40,644.18,367.66,94.98,113.86,0.9892,17.4300,80.7100,0.0000,0.0000,0.8379,0,80.7100,800.8057,785.2197,0.5413,795.3322,0.6488,PHASE_3_FINAL_ALIGNING,90.00,-14.67,640.0,360.0,8.73,-440,440
2143,15:26:59.143,ROI,160,160,256,256,9.53,10.28,7.8,0.0,97.31,644.45,367.21,95.54,114.11,0.9862,16.6100,82.0600,0.0000,0.0000,0.8245,0,82.0600,801.4781,783.8868,0.5244,795.4268,0.6560,PHASE_3_FINAL_ALIGNING,90.00,-14.57,640.0,360.0,8.47,-437,437
2144,15:26:59.192,ROI,160,160,256,256,8.41,9.31,0.0,0.0,107.36,644.24,367.16,96.46,114.46,0.9873,14.3600,82.6200,0.0000,0.0000,0.7822,0,82.6200,802.1765,783.2612,0.4965,795.9009,0.6682,PHASE_3_FINAL_ALIGNING,90.00,-14.10,640.0,360.0,8.32,-423,423
2145,15:26:59.321,ROI,160,160,256,256,9.82,10.60,6.55,36.875,94.38,644.19,367.64,95.94,114.91,0.9863,9.7900,84.5000,0.0000,0.0000,0.6962,0,84.5000,803.0742,783.1715,0.4770,796.6464,0.6770,PHASE_3_FINAL_ALIGNING,90.00,-13.35,640.0,360.0,8.71,-401,401
2146,15:26:59.368,ROI,160,160,256,256,8.98,9.70,0.0,0.0,103.13,644.58,367.13,97.38,113.89,0.9766,8.4700,85.5700,0.0000,0.0000,0.6674,0,85.5700,803.9447,783.3861,0.4651,797.4186,0.6826,PHASE_3_FINAL_ALIGNING,90.00,-12.58,640.0,360.0,8.47,-377,377
2147,15:26:59.431,ROI,160,160,256,256,9.44,10.20,7.3,0.0,98.02,644.53,367.30,97.38,113.22,0.9931,6.9000,86.3100,0.0000,0.0000,0.6279,0,86.3100,804.8660,784.3783,0.4268,798.7376,0.7009,PHASE_3_FINAL_ALIGNING,90.00,-11.26,640.0,360.0,8.59,-338,338
2148,15:26:59.480,ROI,160,160,256,256,7.97,9.01,0.0,43.45,111.01,644.45,367.62,98.26,114.90,0.9766,4.5400,87.4300,0.0000,0.0000,0.5443,0,87.4300,806.0206,785.4437,0.3966,800.1768,0.7160,PHASE_3_FINAL_ALIGNING,90.00,-9.82,640.0,360.0,8.83,-295,295
2149,15:26:59.543,ROI,160,160,256,256,8.18,8.92,0.0,43.825,112.14,644.11,367.45,99.54,115.22,0.9841,5.2000,88.1600,0.0000,0.0000,0.5985,0,88.1600,807.1006,786.1009,0.3599,801.5433,0.7354,PHASE_3_FINAL_ALIGNING,90.00,-8.46,640.0,360.0,8.51,-254,254
2150,15:26:59.609,ROI,160,160,256,256,9.42,10.27,0.0,38.075,97.42,643.68,367.27,99.58,115.30,0.9883,5.3300,89.0400,0.0000,0.0000,0.6005,0,89.0400,808.1020,786.7575,0.2966,803.2199,0.7713,PHASE_3_FINAL_ALIGNING,90.00,-6.78,640.0,360.0,8.15,-203,203
2151,15:26:59.657,ROI,160,160,256,256,7.87,8.59,0.0,45.475,116.39,643.86,368.04,99.70,115.92,0.9832,6.9300,91.0200,0.0000,0.0000,0.7320,0,91.0200,809.4158,788.1513,0.2211,805.5662,0.8190,PHASE_3_FINAL_ALIGNING,90.00,-4.43,640.0,360.0,8.92,-133,133
2152,15:26:59.785,ROI,160,160,256,256,8.97,9.25,0.0,0.0,108.11,0.00,0.00,0.00,0.00,0.0000,0.0000,0.0000,0.0000,0.0000,0.0000,1,0.0000,NaN,NaN,NaN,NaN,NaN,LOST_TRACKING,0.00,0.00,640.0,360.0,0.00,0,0
2153,15:26:59.849,FULL,640,640,0,0,57.37,59.50,14.225,19.7,16.81,644.03,367.77,89.01,110.96,1.0000,9.9300,94.1400,0.0000,0.0000,0.7659,0,94.1400,811.8894,789.5104,0.1346,809.2346,0.8814,PHASE_3_FINAL_ALIGNING,90.00,-0.77,640.0,360.0,8.76,-23,23
2154,15:26:59.917,ROI,160,160,224,224,9.61,10.43,0.0,0.0,95.90,642.95,367.39,95.90,116.54,0.8838,8.6100,94.3000,0.0000,0.0000,0.7220,0,94.3000,813.4303,795.2202,0.0859,811.9895,0.9209,PHASE_3_FINAL_ALIGNING,90.00,1.99,640.0,360.0,7.96,60,-60
2155,15:26:59.960,ROI,160,160,256,256,8.91,9.78,0.0,0.0,102.28,643.07,366.97,98.78,114.64,0.9555,3.8200,91.5600,0.0000,0.0000,0.5077,0,91.5600,813.8296,805.6151,0.0746,813.2596,0.9306,PHASE_3_FINAL_ALIGNING,90.00,3.26,640.0,360.0,7.62,98,-98
2156,15:27:00.008,ROI,160,160,256,256,13.14,14.17,10.225,27.625,70.57,644.46,367.46,100.43,115.87,0.9623,6.3600,93.6600,0.0000,0.0000,0.6275,0,93.6600,814.7012,817.4423,0.0482,814.8272,0.9540,PHASE_3_FINAL_ALIGNING,90.00,4.83,640.0,360.0,8.69,145,-145
2157,15:27:00.073,ROI,160,160,256,256,8.63,9.42,0.0,0.0,106.21,641.17,366.87,105.55,115.22,0.9291,2.5900,92.9800,0.0000,0.0000,0.4706,0,92.9800,815.1619,834.5621,0.0863,816.7028,0.9206,PHASE_3_FINAL_ALIGNING,90.00,6.70,640.0,360.0,6.97,201,-201
2158,15:27:00.137,ROI,160,160,256,256,9.59,10.32,0.0,37.95,96.90,643.77,366.74,96.21,114.18,0.9032,5.6800,92.3200,0.0000,0.0000,0.5797,0,92.3200,815.2944,849.5821,0.0935,818.2258,0.9145,PHASE_3_FINAL_ALIGNING,90.00,8.23,640.0,360.0,7.72,247,-247
2159,15:27:00.185,ROI,160,160,256,256,8.70,9.39,0.0,0.0,106.52,644.33,367.46,100.66,115.98,0.9409,5.8400,94.4800,0.0000,0.0000,0.5972,0,94.4800,815.7407,863.6641,0.0763,819.1390,0.9291,PHASE_3_FINAL_ALIGNING,90.00,9.14,640.0,360.0,8.62,274,-274
2160,15:27:00.296,ROI,160,160,256,256,9.24,10.42,0.0,37.5,95.99,641.33,366.76,104.50,115.20,0.9323,2.8600,94.0200,0.0000,0.0000,0.4896,0,94.0200,815.8580,876.0255,0.1155,822.0856,0.8965,PHASE_3_FINAL_ALIGNING,90.00,12.09,640.0,360.0,6.89,363,-363
2161,15:27:00.360,ROI,160,160,256,256,7.53,8.23,0.0,47.6,121.52,643.67,366.80,96.11,114.43,0.9136,6.2400,92.2600,0.0000,0.0000,0.6072,0,92.2600,815.5345,884.9621,0.1049,822.1255,0.9051,PHASE_3_FINAL_ALIGNING,90.00,12.13,640.0,360.0,7.73,364,-364
2162,15:27:00.424,ROI,160,160,256,256,8.22,9.02,0.0,0.0,110.84,644.66,367.34,99.62,115.82,0.9532,6.3600,92.2900,0.0000,0.0000,0.6460,0,92.2900,815.1105,890.9595,0.0792,820.6741,0.9266,PHASE_3_FINAL_ALIGNING,90.00,10.67,640.0,360.0,8.70,320,-320
2163,15:27:00.471,ROI,160,160,256,256,8.55,9.60,10.1,0.0,104.20,642.67,367.18,101.94,115.12,0.9556,4.9700,92.1000,0.0000,0.0000,0.6252,0,92.1000,814.6846,896.7501,0.0853,821.1333,0.9214,PHASE_3_FINAL_ALIGNING,90.00,11.13,640.0,360.0,7.66,334,-334
2164,15:27:00.537,ROI,160,160,256,256,9.33,10.05,0.0,0.0,99.49,643.41,367.02,97.36,114.18,0.9473,2.8100,90.6500,0.0000,0.0000,0.4663,0,90.6500,813.9406,899.1120,0.0745,819.8442,0.9307,PHASE_3_FINAL_ALIGNING,90.00,9.84,640.0,360.0,7.80,295,-295
2165,15:27:00.602,ROI,160,160,256,256,8.13,8.85,0.0,0.0,113.05,643.82,367.82,100.22,115.42,0.9580,6.9200,92.0700,0.0000,0.0000,0.7100,0,92.0700,813.4648,899.5821,0.0482,817.4226,0.9540,PHASE_3_FINAL_ALIGNING,90.00,7.42,640.0,360.0,8.70,223,-223
2166,15:27:00.711,ROI,160,160,256,256,7.48,8.22,0.0,0.0,121.67,643.10,367.78,101.62,114.86,0.9811,5.7800,90.0200,0.0000,0.0000,0.6574,0,90.0200,812.5675,901.1250,0.0298,815.1307,0.9711,PHASE_3_FINAL_ALIGNING,90.00,5.13,640.0,360.0,8.38,154,-154
2167,15:27:00.776,ROI,160,160,256,256,8.32,9.01,6.85,0.0,110.96,643.91,368.04,98.29,115.02,0.9630,7.5700,88.8700,0.0000,0.0000,0.7005,0,88.8700,811.4296,879.5203,0.0067,811.8824,0.9934,PHASE_3_FINAL_ALIGNING,90.00,1.88,640.0,360.0,8.94,56,-56
2168,15:27:00.825,ROI,160,160,256,256,7.71,8.41,0.0,46.425,118.85,644.23,368.45,96.66,114.50,0.9764,7.0500,87.3100,0.0000,0.0000,0.6497,0,87.3100,809.9988,871.9643,0.0313,811.8792,0.9697,PHASE_3_FINAL_ALIGNING,90.00,1.88,640.0,360.0,9.45,56,-56
2169,15:27:00.889,ROI,160,160,256,256,8.49,9.74,0.0,40.1,102.64,643.23,367.68,99.07,114.56,0.9628,5.1700,86.5900,0.0000,0.0000,0.5833,0,86.5900,808.6284,861.4477,0.0538,811.3267,0.9489,PHASE_3_FINAL_ALIGNING,90.00,1.33,640.0,360.0,8.33,40,-40
2170,15:27:00.952,ROI,160,160,256,256,9.31,10.15,0.0,38.575,98.52,643.96,367.75,97.06,113.98,0.9747,7.2600,85.7400,0.0000,0.0000,0.6458,0,85.7400,807.7277,858.5387,0.0560,810.4206,0.9470,PHASE_3_FINAL_ALIGNING,90.00,0.42,640.0,360.0,8.70,13,-13
2171,15:27:01.000,ROI,160,160,256,256,9.39,10.12,0.0,38.575,98.77,643.99,367.51,96.80,113.92,0.9932,7.8000,86.1900,0.0000,0.0000,0.6823,0,86.1900,806.9629,851.1193,0.0766,810.1062,0.9288,PHASE_3_FINAL_ALIGNING,90.00,0.11,640.0,360.0,8.51,3,-3
2172,15:27:01.112,ROI,160,160,256,256,7.98,8.78,0.0,0.0,113.86,644.10,367.24,96.22,113.74,0.9893,8.1200,85.8300,0.0000,0.0000,0.6851,0,85.8300,806.2818,845.4453,0.0765,809.0663,0.9289,PHASE_3_FINAL_ALIGNING,90.00,-0.93,640.0,360.0,8.32,-28,28
2173,15:27:01.177,ROI,160,160,256,256,9.16,9.94,6.925,0.0,100.64,643.62,367.06,98.85,113.23,0.9692,7.5500,84.7200,0.0000,0.0000,0.6669,0,84.7200,805.2175,842.7579,0.0629,807.4402,0.9408,PHASE_3_FINAL_ALIGNING,90.00,-2.56,640.0,360.0,7.94,-77,77
2174,15:27:01.240,ROI,160,160,256,256,7.89,8.67,0.0,0.0,115.37,643.90,367.21,96.64,113.68,0.9739,8.2800,85.3600,0.0000,0.0000,0.6844,0,85.3600,804.6377,843.4558,0.0829,807.6108,0.9234,PHASE_3_FINAL_ALIGNING,90.00,-2.39,640.0,360.0,8.19,-72,72
2175,15:27:01.288,ROI,160,160,256,256,9.24,10.08,0.0,0.0,99.23,643.99,367.22,96.38,113.47,0.9955,8.5100,85.1900,0.0000,0.0000,0.6880,0,85.1900,804.0930,845.8385,0.0449,805.8850,0.9571,PHASE_4_FORWARD,90.00,-4.11,640.0,360.0,8.25,1000,1000
2176,15:27:01.353,ROI,160,160,256,256,9.64,10.58,14.25,0.0,94.55,644.01,367.24,96.24,113.60,0.9974,8.6400,85.1100,0.0000,0.0000,0.6954,0,85.1100,803.5954,853.1604,0.0467,805.8091,0.9553,PHASE_4_FORWARD,90.00,-4.19,640.0,360.0,8.28,1000,1000
2177,15:27:01.416,ROI,160,160,256,256,9.18,10.32,0.0,0.0,96.94,643.90,367.16,98.45,113.57,0.9762,8.2900,84.9600,0.0000,0.0000,0.6939,0,84.9600,803.4335,825.5739,0.0633,804.7514,0.9405,PHASE_4_FORWARD,90.00,-5.25,640.0,360.0,8.16,1000,1000
2178,15:27:01.465,ROI,160,160,256,256,9.80,10.60,0.0,36.85,94.32,644.01,367.32,96.22,113.68,0.9747,8.8000,84.9700,0.0000,0.0000,0.6985,0,84.9700,803.3896,806.1879,0.0256,803.4594,0.9751,PHASE_4_FORWARD,90.00,-6.54,640.0,360.0,8.35,1000,1000
2179,15:27:01.592,ROI,160,160,256,256,8.49,9.23,3.35,42.425,108.38,643.94,367.13,98.45,113.46,0.9742,8.4400,84.9900,0.0000,0.0000,0.6998,0,84.9900,803.3130,794.3480,0.0358,803.0029,0.9654,PHASE_4_FORWARD,90.00,-7.00,640.0,360.0,8.14,1000,1000
2180,15:27:01.641,ROI,160,160,256,256,7.83,8.54,0.0,45.725,117.06,644.02,367.13,96.22,113.30,0.9760,9.8100,84.8500,0.0000,0.0000,0.7284,0,84.8500,803.3386,781.6794,0.0566,802.1784,0.9464,PHASE_4_FORWARD,90.00,-7.82,640.0,360.0,8.19,1000,1000
2181,15:27:01.705,ROI,160,160,256,256,9.11,10.18,0.0,0.0,98.21,644.08,366.58,98.14,112.93,0.9712,7.6400,86.2000,0.0000,0.0000,0.6582,0,86.2000,803.7499,776.7242,0.0616,802.1817,0.9420,PHASE_4_FORWARD,90.00,-7.82,640.0,360.0,7.75,1000,1000
2182,15:27:01.753,ROI,160,160,256,256,9.93,10.60,10.375,0.0,94.36,643.98,366.27,97.54,113.90,0.9853,6.9500,85.7300,0.0000,0.0000,0.6200,0,85.7300,804.0075,775.0043,0.0850,801.7348,0.9216,PHASE_4_FORWARD,90.00,-8.27,640.0,360.0,7.43,1000,1000
2183,15:27:01.816,ROI,160,160,256,256,8.94,9.67,0.0,0.0,103.40,644.26,365.62,95.79,113.60,0.9709,8.5400,85.6600,0.0000,0.0000,0.6706,0,85.6600,804.4948,774.2459,0.1076,801.5558,0.9028,PHASE_4_FORWARD,90.00,-8.44,640.0,360.0,7.05,1000,1000
2184,15:27:01.881,ROI,160,160,256,256,8.18,8.88,0.0,0.0,112.67,644.29,365.82,96.93,113.58,0.9848,8.8100,87.4200,0.0000,0.0000,0.7033,0,87.4200,805.2270,777.2833,0.1198,802.2370,0.8930,PHASE_4_FORWARD,90.00,-7.76,640.0,360.0,7.23,1000,1000
2185,15:27:01.929,ROI,160,160,256,256,7.81,8.56,0.0,0.0,116.86,644.40,364.15,96.78,113.17,0.9689,6.9200,87.8700,0.0000,0.0000,0.6351,0,87.8700,805.9692,770.3230,0.1550,801.1853,0.8658,PHASE_4_FORWARD,90.00,-8.81,640.0,360.0,6.05,1000,1000
2186,15:27:02.057,ROI,160,160,256,256,8.23,8.91,0.0,0.0,112.25,644.03,360.30,96.58,110.50,0.9266,6.5300,86.3800,0.0000,0.0000,0.6351,0,86.3800,806.2506,771.1035,0.2409,799.4269,0.8059,PHASE_4_FORWARD,90.00,-10.57,640.0,360.0,4.04,1000,1000
2187,15:27:02.103,ROI,160,160,224,224,10.52,11.45,10.45,34.125,87.36,645.02,359.58,92.48,112.25,0.9433,7.8100,87.5100,0.0000,0.0000,0.7120,0,87.5100,806.6996,772.1295,0.3377,797.9725,0.7476,PHASE_4_FORWARD,90.00,-12.03,640.0,360.0,5.04,1000,1000
2188,15:27:02.168,ROI,160,160,256,256,9.65,10.35,0.0,0.0,96.60,644.71,358.28,101.98,111.25,0.8873,2.1000,82.5200,0.0000,0.0000,0.3494,0,82.5200,806.0167,774.4448,0.4397,796.3736,0.6946,PHASE_4_FORWARD,90.00,-13.63,640.0,360.0,5.02,1000,1000
2189,15:27:02.232,ROI,160,160,224,224,10.68,11.41,0.0,34.25,87.67,643.55,356.00,92.26,110.74,0.8697,6.6200,87.2200,0.0000,0.0000,0.6687,0,87.2200,806.4022,779.0368,0.5653,796.5190,0.6388,PHASE_4_FORWARD,90.00,-13.48,640.0,360.0,5.35,1000,1000
2190,15:27:02.280,ROI,160,160,224,224,7.59,8.60,0.0,0.0,116.25,642.96,354.40,92.67,110.38,0.9592,8.4400,86.6400,0.0000,0.0000,0.7432,0,86.6400,806.6110,785.2004,0.7011,797.7867,0.5879,PHASE_4_FORWARD,90.00,-12.21,640.0,360.0,6.33,1000,1000
2191,15:27:02.345,ROI,160,160,224,224,16.73,17.27,0.0,67.85,57.89,0.00,0.00,0.00,0.00,0.0000,0.0000,0.0000,0.0000,0.0000,0.0000,1,0.0000,NaN,NaN,NaN,NaN,NaN,LOST_TRACKING,0.00,0.00,640.0,360.0,0.00,0,0
2192,15:27:02.467,FULL,640,640,0,0,106.61,109.47,14.9,17.85,9.13,645.11,350.80,88.60,104.68,1.0000,11.4200,90.5300,0.0000,0.0000,0.7458,0,90.5300,807.7624,800.7976,0.9454,804.3777,0.5140,PHASE_4_FORWARD,90.00,-5.62,640.0,360.0,10.53,1000,1000
2193,15:27:02.586,ROI,160,160,224,224,11.61,12.45,0.0,0.0,80.34,645.03,348.12,94.21,107.49,0.8948,6.4300,86.8800,0.0000,0.0000,0.6970,0,86.8800,807.7666,812.1415,1.1268,810.0844,0.4702,PHASE_4_FORWARD,90.00,0.08,640.0,360.0,12.90,1000,1000
2194,15:27:02.608,ROI,160,160,224,224,7.68,8.41,0.0,46.45,118.93,644.50,345.00,91.15,105.78,0.9132,5.1500,88.0100,0.0000,0.0000,0.6023,0,88.0100,807.9987,826.4657,1.3154,818.4898,0.4319,PHASE_4_FORWARD,90.00,8.49,640.0,360.0,15.66,1000,1000
2195,15:27:02.631,ROI,160,160,224,224,8.55,9.61,0.0,0.0,104.02,643.90,343.82,91.36,103.00,0.9613,7.7300,88.7100,0.0000,0.0000,0.7541,0,88.7100,808.3123,821.4888,1.4704,816.1551,0.4048,PHASE_4_FORWARD,90.00,6.16,640.0,360.0,16.64,1000,1000
2196,15:27:02.696,ROI,160,160,224,224,8.49,9.58,0.0,0.0,104.40,644.50,341.53,87.93,98.50,0.9196,9.9800,86.8600,0.0000,0.0000,0.8024,0,86.8600,808.1455,817.9829,1.6100,814.2138,0.3831,PHASE_4_FORWARD,90.00,4.21,640.0,360.0,19.01,1000,1000
2197,15:27:02.744,ROI,160,160,224,224,8.67,9.40,0.0,0.0,106.42,644.97,340.44,88.73,99.54,0.9680,9.4800,86.7900,0.0000,0.0000,0.8069,0,86.7900,807.9458,816.5203,1.7157,813.3630,0.3682,PHASE_4_FORWARD,90.00,3.36,640.0,360.0,20.18,1000,1000
2198,15:27:02.808,ROI,160,160,224,224,7.97,8.65,0.0,45.175,115.65,644.95,338.80,87.98,97.61,0.9590,8.7300,87.4900,0.0000,0.0000,0.7775,0,87.4900,807.8587,813.3122,1.7940,811.3603,0.3579,PHASE_4_FORWARD,90.00,1.36,640.0,360.0,21.77,1000,1000
2199,15:27:02.872,ROI,160,160,224,224,8.81,9.60,0.0,40.7,104.15,645.32,337.55,88.31,97.99,0.9670,6.8900,86.4200,0.0000,0.0000,0.7129,0,86.4200,807.6519,811.8951,1.8465,810.4044,0.3513,PHASE_4_FORWARD,90.00,0.40,640.0,360.0,23.07,1000,1000
2200,15:27:02.921,ROI,160,160,224,224,8.78,9.78,9.9,40.05,102.29,645.52,337.21,87.82,98.17,0.9876,6.8900,86.5200,0.0000,0.0000,0.6942,0,86.5200,807.4175,811.3303,1.8519,809.9583,0.3506,PHASE_4_FORWARD,90.00,-0.04,640.0,360.0,23.45,1000,1000
2201,15:27:03.048,ROI,160,160,224,224,8.73,9.48,0.0,41.225,105.50,645.11,334.61,86.02,98.36,0.9294,11.9000,87.9600,0.0000,0.0000,0.8175,0,87.9600,807.4606,810.5311,1.8565,809.4562,0.3501,PHASE_4_FORWARD,90.00,-0.54,640.0,360.0,25.90,1000,1000
2202,15:27:03.097,ROI,160,160,224,224,8.21,9.01,0.0,0.0,111.00,644.87,332.96,85.05,97.73,0.9563,11.5800,87.6800,0.0000,0.0000,0.7731,0,87.6800,807.5960,810.1405,1.8213,809.2386,0.3544,PHASE_4_FORWARD,90.00,-0.76,640.0,360.0,27.47,1000,1000
2203,15:27:03.161,ROI,160,160,224,224,7.75,8.47,0.0,0.0,118.03,644.77,332.34,84.83,97.31,0.9846,12.2800,88.0100,0.0000,0.0000,0.8167,0,88.0100,807.8471,809.5724,1.7610,808.9475,0.3622,PHASE_4_FORWARD,90.00,-1.05,640.0,360.0,28.07,1000,1000
2204,15:27:03.224,ROI,160,160,224,224,9.51,10.21,0.0,0.0,97.91,643.96,331.23,85.95,98.87,0.9594,12.1200,86.3300,0.0000,0.0000,0.7902,0,86.3300,807.5867,809.2508,1.7301,808.6413,0.3663,PHASE_4_FORWARD,90.00,-1.36,640.0,360.0,29.04,1000,1000
2205,15:27:03.273,ROI,160,160,224,224,11.94,12.78,0.0,30.6,78.28,644.48,330.65,84.38,99.23,0.9705,10.1200,87.6900,0.0000,0.0000,0.7886,0,87.6900,807.7374,808.9183,1.6613,808.4746,0.3758,PHASE_4_FORWARD,90.00,-1.53,640.0,360.0,29.69,1000,1000
2206,15:27:03.336,ROI,160,160,224,224,10.98,11.70,0.0,33.5,85.50,644.07,328.98,85.86,100.45,0.9505,12.0200,85.9600,0.0000,0.0000,0.7554,0,85.9600,806.9147,808.5372,1.5831,807.9091,0.3871,PHASE_4_FORWARD,90.00,-2.09,640.0,360.0,31.29,1000,1000
2207,15:27:03.400,ROI,160,160,224,224,10.43,11.17,0.0,0.0,89.50,643.90,327.97,85.34,100.02,0.9743,11.6200,88.4600,0.0000,0.0000,0.7444,0,88.4600,807.1046,808.6307,1.5027,808.0209,0.3996,PHASE_4_FORWARD,90.00,-1.98,640.0,360.0,32.26,1000,1000
2208,15:27:03.512,ROI,160,160,224,224,8.34,9.11,0.0,42.925,109.72,643.46,325.11,82.74,100.31,0.9164,13.0100,88.8500,0.0000,0.0000,0.8252,0,88.8500,807.2771,809.4877,1.4442,808.5833,0.4091,PHASE_4_FORWARD,90.00,-1.42,640.0,360.0,35.06,1000,1000
2209,15:27:03.560,ROI,160,160,224,224,7.95,8.74,0.0,44.825,114.41,642.85,322.51,81.98,99.60,0.9355,14.0800,90.9500,0.0000,0.0000,0.8341,0,90.9500,807.9970,810.2980,1.4696,809.3663,0.4049,PHASE_4_FORWARD,90.00,-0.63,640.0,360.0,37.60,1000,1000
2210,15:27:03.625,ROI,160,160,224,224,8.10,8.93,0.0,43.75,111.99,643.58,322.87,83.68,100.90,0.9671,13.4800,91.1300,0.0000,0.0000,0.8149,0,91.1300,808.9872,811.1479,1.4136,810.2527,0.4143,PHASE_4_FORWARD,90.00,0.25,640.0,360.0,37.30,1000,1000
2211,15:27:03.689,ROI,160,160,224,224,9.12,9.86,0.0,0.0,101.47,643.13,321.30,82.01,101.19,0.9505,14.9400,89.0200,0.0000,0.0000,0.7985,0,89.0200,809.1294,811.9686,1.3802,810.7758,0.4201,PHASE_4_FORWARD,90.00,0.78,640.0,360.0,38.83,1000,1000
2212,15:27:03.736,ROI,160,160,224,224,10.24,10.97,0.0,0.0,91.19,643.01,320.03,80.54,99.67,0.9577,11.8600,93.6900,0.0000,0.0000,0.7626,0,93.6900,810.3155,812.8816,1.3757,811.8014,0.4209,PHASE_4_FORWARD,90.00,1.80,640.0,360.0,40.08,1000,1000
2213,15:27:03.801,ROI,160,160,224,224,11.91,12.61,0.0,0.0,79.31,642.79,319.48,81.10,101.22,0.9778,9.4800,96.2800,0.0000,0.0000,0.7570,0,96.2800,812.0098,814.0536,1.3541,813.1854,0.4248,PHASE_4_FORWARD,90.00,3.19,640.0,360.0,40.61,1000,1000
2214,15:27:03.913,ROI,160,160,224,224,9.32,10.28,0.0,0.0,97.31,642.88,315.85,80.67,100.46,0.9256,13.9500,92.9200,0.0000,0.0000,0.8076,0,92.9200,812.6781,815.2145,1.3894,814.1529,0.4185,PHASE_4_FORWARD,90.00,4.15,640.0,360.0,44.24,1000,1000
2215,15:27:03.977,ROI,160,160,224,224,9.56,10.35,0.0,0.0,96.62,643.20,313.43,80.63,99.60,0.9454,13.8200,92.3500,0.0000,0.0000,0.8037,0,92.3500,813.1156,816.1670,1.4334,814.9130,0.4110,PHASE_4_FORWARD,90.00,4.91,640.0,360.0,46.68,1000,1000
2216,15:27:04.041,ROI,160,160,224,224,7.81,8.52,0.0,0.0,117.41,643.63,312.48,78.76,99.08,0.9586,12.8100,88.4600,0.0000,0.0000,0.7665,0,88.4600,812.7371,816.8398,1.4694,815.1784,0.4050,PHASE_4_FORWARD,90.00,5.18,640.0,360.0,47.66,1000,1000
2217,15:27:04.089,ROI,160,160,224,224,8.80,9.57,9.825,40.85,104.45,643.22,310.57,79.65,98.80,0.9517,15.0800,89.4100,0.0000,0.0000,0.8357,0,89.4100,812.4171,817.2051,1.5090,815.2968,0.3986,PHASE_4_FORWARD,90.00,5.30,640.0,360.0,49.53,1000,1000
2218,15:27:04.153,ROI,160,160,224,224,9.81,10.49,0.0,37.3,95.28,643.63,309.80,78.75,97.38,0.9734,12.2200,90.0700,0.0000,0.0000,0.7733,0,90.0700,812.1909,817.1808,1.5122,815.1945,0.3981,PHASE_4_FORWARD,90.00,5.19,640.0,360.0,50.33,1000,1000
2219,15:27:04.200,ROI,160,160,224,224,9.19,10.15,0.0,0.0,98.52,643.45,307.96,79.13,96.59,0.9583,12.8900,88.6400,0.0000,0.0000,0.7926,0,88.6400,811.7698,816.8450,1.5432,814.8494,0.3932,PHASE_4_FORWARD,90.00,4.85,640.0,360.0,52.15,1000,1000
2220,15:27:04.328,ROI,160,160,224,224,11.47,12.81,0.0,30.575,78.09,643.48,305.42,81.10,96.54,0.9261,12.9500,84.3200,0.0000,0.0000,0.7966,0,84.3200,810.4213,816.2325,1.5965,813.9944,0.3851,PHASE_4_FORWARD,90.00,3.99,640.0,360.0,54.69,1000,1000
2221,15:27:04.377,ROI,160,160,224,224,10.12,10.84,0.0,0.0,92.26,643.43,302.77,80.53,95.20,0.9398,13.2400,85.2200,0.0000,0.0000,0.7947,0,85.2200,809.3527,815.3688,1.6520,813.1003,0.3771,PHASE_4_FORWARD,90.00,3.10,640.0,360.0,57.33,1000,1000
2222,15:27:04.440,ROI,160,160,192,192,8.26,9.04,7.4,0.0,110.62,643.20,304.50,79.36,96.74,0.9511,11.6300,87.7800,0.0000,0.0000,0.7846,0,87.7800,808.6704,814.4944,1.6385,812.2871,0.3790,PHASE_4_FORWARD,90.00,2.29,640.0,360.0,55.60,1000,1000
2223,15:27:04.503,ROI,160,160,224,224,9.89,10.62,14.525,0.0,94.14,643.45,301.12,80.78,95.80,0.9164,12.3300,86.5500,0.0000,0.0000,0.8174,0,86.5500,807.8620,813.3933,1.6404,811.2984,0.3787,PHASE_4_FORWARD,90.00,1.30,640.0,360.0,58.98,1000,1000
2224,15:27:04.554,ROI,160,160,192,192,9.46,10.11,0.0,0.0,98.88,643.36,301.46,78.35,96.08,0.9632,9.1200,90.0500,0.0000,0.0000,0.7163,0,90.0500,807.5977,812.1742,1.6083,810.4197,0.3834,PHASE_4_FORWARD,90.00,0.42,640.0,360.0,58.64,1000,1000
2225,15:27:04.617,ROI,160,160,224,224,8.93,9.70,0.0,0.0,103.13,643.46,298.35,81.58,96.98,0.9016,12.2300,84.1100,0.0000,0.0000,0.7967,0,84.1100,806.3237,810.9697,1.5938,809.1785,0.3855,PHASE_4_FORWARD,90.00,-0.82,640.0,360.0,61.74,1000,1000
2226,15:27:04.681,ROI,160,160,224,224,11.18,11.95,0.0,32.725,83.66,644.44,297.23,79.28,92.54,0.9274,12.5200,83.4500,0.0000,0.0000,0.8071,0,83.4500,805.0342,809.8735,1.5943,808.0081,0.3855,PHASE_4_FORWARD,90.00,-1.99,640.0,360.0,62.93,1000,1000
2227,15:27:04.729,ROI,160,160,192,192,8.20,9.11,0.0,0.0,109.81,643.10,297.55,80.40,96.42,0.9284,11.2200,86.6500,0.0000,0.0000,0.7835,0,86.6500,804.7278,809.0369,1.5818,807.3679,0.3873,PHASE_4_FORWARD,90.00,-2.63,640.0,360.0,62.52,1000,1000
2228,15:27:04.841,ROI,160,160,224,224,9.26,10.02,0.0,39.025,99.77,643.11,293.29,81.37,99.65,0.9060,14.6600,84.3000,0.0000,0.0000,0.8464,0,84.3000,804.0358,808.3088,1.5859,806.6564,0.3867,PHASE_4_FORWARD,90.00,-3.34,640.0,360.0,66.78,1000,1000
2229,15:27:04.903,ROI,160,160,224,224,10.44,11.19,0.0,34.925,89.38,643.99,291.54,81.44,98.35,0.9450,15.9400,81.8000,0.0000,0.0000,0.8537,0,81.8000,802.7175,807.6653,1.5905,805.7553,0.3860,PHASE_4_FORWARD,90.00,-4.24,640.0,360.0,68.57,1000,1000
2230,15:27:04.969,ROI,160,160,224,224,14.37,15.07,0.0,0.0,66.36,643.57,290.57,81.96,97.65,0.9703,15.8700,81.2500,0.0000,0.0000,0.8448,0,81.2500,801.9322,807.2332,1.5754,805.1749,0.3883,PHASE_4_FORWARD,90.00,-4.83,640.0,360.0,69.53,1000,1000
2231,15:27:05.016,ROI,160,160,224,224,10.44,11.21,0.0,34.85,89.22,643.81,289.08,82.14,98.52,0.9645,16.9700,81.0800,0.0000,0.0000,0.8422,0,81.0800,801.6181,807.1004,1.5364,804.9389,0.3943,PHASE_4_FORWARD,90.00,-5.06,640.0,360.0,71.03,1000,1000
2232,15:27:05.082,ROI,160,160,224,224,10.03,10.81,0.0,0.0,92.46,643.52,287.94,81.61,97.52,0.9701,16.9500,81.8900,0.0000,0.0000,0.8238,0,81.8900,801.3631,807.2345,1.5258,804.9099,0.3959,PHASE_4_FORWARD,90.00,-5.09,640.0,360.0,72.15,1000,1000
2233,15:27:05.145,ROI,160,160,224,224,8.12,8.94,0.0,0.0,111.80,643.84,286.29,81.33,97.83,0.9593,15.3200,82.0300,0.0000,0.0000,0.8183,0,82.0300,801.2670,807.4693,1.5341,805.0217,0.3946,PHASE_4_FORWARD,90.00,-4.98,640.0,360.0,73.81,1000,1000
2234,15:27:05.193,ROI,160,160,224,224,7.84,8.53,0.0,0.0,117.22,643.32,285.87,83.61,98.87,0.9625,16.1200,82.4300,0.0000,0.0000,0.8369,0,82.4300,801.0015,807.7713,1.5122,805.0766,0.3981,PHASE_4_FORWARD,90.00,-4.92,640.0,360.0,74.20,1000,1000
2235,15:27:05.321,ROI,160,160,224,224,8.24,8.97,0.0,0.0,111.54,642.86,283.82,85.04,99.62,0.9437,15.5800,83.3900,0.0000,0.0000,0.8233,0,83.3900,801.1439,808.2403,1.5088,805.4117,0.3986,PHASE_4_FORWARD,90.00,-4.59,640.0,360.0,76.23,1000,1000
2236,15:27:05.368,ROI,160,160,224,224,8.88,9.72,0.0,0.0,102.92,644.00,281.46,84.57,98.31,0.9285,11.3100,83.7300,0.0000,0.0000,0.7845,0,83.7300,801.5349,808.5796,1.5068,805.7693,0.3989,PHASE_4_FORWARD,90.00,-4.23,640.0,360.0,78.64,1000,1000
2237,15:27:05.431,ROI,160,160,224,224,9.44,10.28,0.0,0.0,97.23,643.65,280.69,85.11,98.10,0.9764,13.6800,81.8900,0.0000,0.0000,0.8324,0,81.8900,801.5015,808.8825,1.4958,805.9251,0.4007,PHASE_4_FORWARD,90.00,-4.07,640.0,360.0,79.39,1000,1000
2238,15:27:05.479,ROI,160,160,224,224,8.92,9.79,0.0,39.95,102.17,643.50,278.60,86.38,98.25,0.9444,11.9000,82.0000,0.0000,0.0000,0.8064,0,82.0000,801.1291,809.1571,1.5151,805.9652,0.3976,PHASE_4_FORWARD,90.00,-4.03,640.0,360.0,81.48,1000,1000
2239,15:27:05.544,ROI,160,160,224,224,9.84,10.54,0.0,37.05,94.85,644.08,278.87,85.15,96.66,0.9697,12.5700,81.1200,0.0000,0.0000,0.7850,0,81.1200,800.7173,809.3212,1.5263,805.9155,0.3958,PHASE_4_FORWARD,90.00,-4.08,640.0,360.0,81.23,1000,1000
2240,15:27:05.608,ROI,160,160,224,224,8.40,9.06,0.0,43.225,110.38,643.64,278.20,86.32,96.98,0.9728,10.4700,80.6100,0.0000,0.0000,0.7616,0,80.6100,800.5575,809.5406,1.4661,805.8979,0.4055,PHASE_4_FORWARD,90.00,-4.10,640.0,360.0,81.88,1000,1000
2241,15:27:05.656,ROI,160,160,224,224,8.65,9.45,0.0,0.0,105.86,644.16,276.75,85.65,97.01,0.9591,10.2200,82.2600,0.0000,0.0000,0.8010,0,82.2600,800.7245,809.6422,1.4433,805.9923,0.4093,PHASE_4_FORWARD,90.00,-4.01,640.0,360.0,83.35,1000,1000
2242,15:27:05.784,ROI,160,160,224,224,9.39,10.11,0.0,0.0,98.89,644.38,273.89,82.99,97.52,0.9143,11.5400,83.1700,0.0000,0.0000,0.7688,0,83.1700,801.5419,809.6392,1.4138,806.2847,0.4143,PHASE_4_FORWARD,90.00,-3.72,640.0,360.0,86.23,1000,1000
2243,15:27:05.833,ROI,160,160,224,224,8.68,9.43,10.1,0.0,106.07,644.31,272.50,85.61,96.82,0.9426,8.6900,82.0800,0.0000,0.0000,0.7362,0,82.0800,801.5970,809.5407,1.4127,806.2483,0.4145,PHASE_4_FORWARD,90.00,-3.75,640.0,360.0,87.61,1000,1000
2244,15:27:05.896,ROI,160,160,224,224,9.46,10.28,7.3,0.0,97.25,644.34,271.12,86.49,96.73,0.9622,4.9300,82.9700,0.0000,0.0000,0.6220,0,82.9700,801.7964,809.1533,1.4051,806.0945,0.4158,PHASE_4_FORWARD,90.00,-3.91,640.0,360.0,88.99,1000,1000
2245,15:27:05.960,ROI,160,160,224,224,7.66,8.49,0.0,0.0,117.75,644.52,269.96,85.97,97.22,0.9707,7.5000,82.5600,0.0000,0.0000,0.6970,0,82.5600,802.2760,808.8050,1.3569,806.0348,0.4243,PHASE_4_FORWARD,90.00,-3.97,640.0,360.0,90.15,1000,1000
2246,15:27:06.008,ROI,160,160,224,224,7.79,8.69,9.9,0.0,115.12,644.70,266.47,86.51,96.78,0.9249,7.2800,82.2500,0.0000,0.0000,0.6926,0,82.2500,802.5027,808.4779,1.3966,805.9847,0.4173,PHASE_4_FORWARD,90.00,-4.02,640.0,360.0,93.65,1000,1000
2247,15:27:06.072,ROI,160,160,224,224,8.79,9.58,7.05,0.0,104.43,645.04,265.06,84.77,94.53,0.9516,9.4500,81.6600,0.0000,0.0000,0.7266,0,81.6600,802.3668,807.9816,1.4407,805.6812,0.4097,PHASE_4_FORWARD,90.00,-4.32,640.0,360.0,95.07,1000,1000
2248,15:27:06.136,ROI,160,160,192,192,11.32,12.03,0.0,0.0,83.10,645.68,264.15,79.26,91.34,0.9035,8.2700,84.6200,0.0000,0.0000,0.6544,0,84.6200,802.7782,807.3604,1.4658,805.5021,0.4055,PHASE_4_FORWARD,90.00,-4.50,640.0,360.0,96.02,1000,1000
2249,15:27:06.183,ROI,160,160,192,192,8.84,9.69,0.0,0.0,103.19,645.71,263.77,79.49,89.24,0.9743,7.4400,85.7000,0.0000,0.0000,0.6578,0,85.7000,803.3326,806.6227,1.4726,805.2921,0.4044,PHASE_4_FORWARD,90.00,-4.71,640.0,360.0,96.40,1000,1000
2250,15:27:06.312,ROI,160,160,192,192,9.20,10.12,0.0,38.7,98.82,644.92,261.19,81.44,90.95,0.9220,6.6400,86.5900,0.0000,0.0000,0.5926,0,86.5900,804.0781,806.0110,1.4930,805.2357,0.4011,PHASE_4_FORWARD,90.00,-4.76,640.0,360.0,98.93,1000,1000
2251,15:27:06.361,ROI,160,160,192,192,7.46,8.18,0.0,0.0,122.32,644.73,259.91,79.52,90.00,0.9494,7.8500,84.2000,0.0000,0.0000,0.6363,0,84.2000,804.2675,805.4854,1.5130,805.0008,0.3979,PHASE_4_FORWARD,90.00,-5.00,640.0,360.0,100.20,1000,1000
2252,15:27:06.424,ROI,160,160,192,192,7.64,8.33,7.15,0.0,119.98,644.20,257.42,81.13,92.33,0.9283,8.1500,84.3200,0.0000,0.0000,0.6543,0,84.3200,804.4878,805.2127,1.5288,804.9261,0.3954,PHASE_4_FORWARD,90.00,-5.07,640.0,360.0,102.67,1000,1000
2253,15:27:06.471,ROI,160,160,192,192,9.01,10.11,0.0,0.0,98.93,644.04,257.31,80.11,89.68,0.9591,10.0100,85.1300,0.0000,0.0000,0.7237,0,85.1300,804.9475,805.3408,1.5275,805.1852,0.3957,PHASE_4_FORWARD,90.00,-4.81,640.0,360.0,102.77,1000,1000
2254,15:27:06.536,ROI,160,160,192,192,12.39,13.09,0.0,0.0,76.38,644.47,255.79,80.32,91.37,0.9567,8.6000,84.6900,0.0000,0.0000,0.6482,0,84.6900,805.3243,805.5318,1.5462,805.4503,0.3927,PHASE_4_FORWARD,90.00,-4.55,640.0,360.0,104.31,1000,1000
2255,15:27:06.600,ROI,160,160,192,192,9.15,9.98,7.725,0.0,100.16,644.25,255.17,81.18,88.20,0.9554,8.2300,83.3300,0.0000,0.0000,0.6870,0,83.3300,805.2015,805.8968,1.5376,805.6228,0.3941,PHASE_4_FORWARD,90.00,-4.38,640.0,360.0,104.92,1000,1000
2256,15:27:06.712,ROI,160,160,192,192,7.78,8.65,3.85,0.0,115.60,644.23,253.20,81.70,88.91,0.9506,6.8300,83.7700,0.0000,0.0000,0.6066,0,83.7700,805.1557,806.4727,1.5520,805.9566,0.3919,PHASE_4_FORWARD,90.00,-4.04,640.0,360.0,106.88,1000,1000
2257,15:27:06.776,ROI,160,160,192,192,9.11,9.82,0.0,39.825,101.83,644.47,251.09,82.42,90.98,0.9460,7.2900,84.0100,0.0000,0.0000,0.6006,0,84.0100,805.0302,807.0975,1.5460,806.2856,0.3928,PHASE_4_FORWARD,90.00,-3.71,640.0,360.0,109.00,1000,1000
2258,15:27:06.826,ROI,160,160,192,192,7.99,8.81,0.0,44.45,113.53,644.53,250.02,82.63,89.12,0.9739,3.9500,80.3400,0.0000,0.0000,0.4209,0,80.3400,804.0462,807.8805,1.5149,806.3559,0.3976,PHASE_4_FORWARD,90.00,-3.64,640.0,360.0,110.08,1000,1000
2259,15:27:06.889,ROI,160,160,192,192,8.82,9.73,0.0,40.15,102.76,644.48,248.64,80.88,88.03,0.9491,2.2700,77.9600,0.0000,0.0000,0.3250,0,77.9600,802.7631,808.7042,1.4781,806.3068,0.4035,PHASE_4_FORWARD,90.00,-3.69,640.0,360.0,111.45,1000,1000
2260,15:27:06.953,ROI,160,160,192,192,9.45,10.08,0.0,0.0,99.24,644.25,247.65,79.24,87.28,0.9579,5.6100,81.1900,0.0000,0.0000,0.5355,0,81.1900,802.3177,809.5574,1.4570,806.6108,0.4070,PHASE_4_FORWARD,90.00,-3.39,640.0,360.0,112.43,1000,1000
2261,15:27:07.000,ROI,160,160,192,192,8.63,9.47,0.0,0.0,105.56,644.71,247.32,77.86,85.26,0.9599,5.1900,80.4200,0.0000,0.0000,0.5123,0,80.4200,801.6282,810.3845,1.4147,806.7582,0.4141,PHASE_4_FORWARD,90.00,-3.24,640.0,360.0,112.77,1000,1000
2262,15:27:07.129,ROI,160,160,192,192,8.45,9.06,0.0,0.0,110.36,644.91,244.92,77.33,87.38,0.9397,6.1500,84.0500,0.0000,0.0000,0.6222,0,84.0500,801.8098,811.0660,1.3894,807.1922,0.4185,PHASE_4_FORWARD,90.00,-2.81,640.0,360.0,115.18,1000,1000
2263,15:27:07.177,ROI,160,160,192,192,7.96,8.68,0.0,0.0,115.22,644.72,243.77,77.75,87.60,0.9688,7.6300,81.6100,0.0000,0.0000,0.5954,0,81.6100,801.4275,811.6906,1.3530,807.3289,0.4250,PHASE_4_FORWARD,90.00,-2.67,640.0,360.0,116.32,1000,1000
2264,15:27:07.241,ROI,160,160,192,192,7.84,8.48,6.975,0.0,117.94,644.40,242.47,77.68,88.86,0.9630,6.2500,80.7900,0.0000,0.0000,0.5297,0,80.7900,800.8595,812.2822,1.3540,807.4297,0.4248,PHASE_4_FORWARD,90.00,-2.57,640.0,360.0,117.61,1000,1000
2265,15:27:07.304,ROI,160,160,192,192,8.68,9.38,0.0,0.0,106.63,644.47,241.14,76.74,88.30,0.9587,5.7300,82.4800,0.0000,0.0000,0.5293,0,82.4800,800.5975,812.6768,1.3561,807.5501,0.4244,PHASE_4_FORWARD,90.00,-2.45,640.0,360.0,118.95,1000,1000
2266,15:27:07.353,ROI,160,160,192,192,9.37,10.06,9.775,38.85,99.43,643.83,240.66,76.45,88.48,0.9732,7.5200,82.5000,0.0000,0.0000,0.5805,0,82.5000,800.6542,812.8396,1.3351,807.6212,0.4282,PHASE_4_FORWARD,90.00,-2.38,640.0,360.0,119.40,1000,1000
2267,15:27:07.416,ROI,160,160,192,192,8.22,8.91,0.0,0.0,112.21,644.08,238.30,75.06,88.60,0.9311,8.4000,82.0000,0.0000,0.0000,0.6037,0,82.0000,800.7656,812.6750,1.3144,807.5293,0.4321,PHASE_4_FORWARD,90.00,-2.47,640.0,360.0,121.77,1000,1000
2268,15:27:07.465,ROI,160,160,192,192,9.07,9.89,0.0,0.0,101.15,643.48,237.88,79.00,89.44,0.9413,9.7100,83.6600,0.0000,0.0000,0.6936,0,83.6600,801.3806,812.4866,1.2995,807.6568,0.4349,PHASE_4_FORWARD,90.00,-2.34,640.0,360.0,122.17,1000,1000
2269,15:27:07.592,ROI,160,160,192,192,7.88,8.77,0.0,44.575,114.09,644.09,234.85,75.80,89.81,0.8981,9.3800,84.6500,0.0000,0.0000,0.7137,0,84.6500,801.9842,812.1756,1.3145,807.7723,0.4321,PHASE_4_FORWARD,90.00,-2.23,640.0,360.0,125.21,1000,1000
2270,15:27:07.641,ROI,160,160,192,192,10.17,11.22,0.0,34.8,89.09,644.37,234.65,77.12,88.94,0.9736,8.9400,79.9700,0.0000,0.0000,0.6219,0,79.9700,801.6352,811.8698,1.3303,807.4778,0.4291,PHASE_4_FORWARD,90.00,-2.52,640.0,360.0,125.43,1000,1000
2271,15:27:07.703,ROI,160,160,192,192,9.70,10.45,0.0,37.4,95.72,644.49,232.94,77.56,90.49,0.9574,10.1300,83.0700,0.0000,0.0000,0.6926,0,83.0700,802.0871,811.6500,1.3310,807.5476,0.4290,PHASE_4_FORWARD,90.00,-2.45,640.0,360.0,127.14,1000,1000
2272,15:27:07.770,ROI,160,160,192,192,9.20,9.98,0.0,0.0,100.22,643.93,232.73,77.80,89.18,0.9715,9.8000,82.7700,0.0000,0.0000,0.7041,0,82.7700,802.4648,811.4496,1.3152,807.5688,0.4319,PHASE_4_FORWARD,90.00,-2.43,640.0,360.0,127.33,1000,1000
2273,15:27:07.817,ROI,160,160,192,192,10.62,11.39,10.5,0.0,87.77,643.77,230.76,78.34,91.74,0.9509,12.6300,84.3700,0.0000,0.0000,0.7715,0,84.3700,803.0526,811.3682,1.2985,807.7504,0.4351,PHASE_4_FORWARD,90.00,-2.25,640.0,360.0,129.29,1000,1000
2274,15:27:07.881,ROI,160,160,192,192,11.43,12.70,0.0,0.0,78.72,643.07,230.00,79.92,91.02,0.9642,9.4400,81.1300,0.0000,0.0000,0.6284,0,81.1300,803.0078,811.5390,1.2841,807.8040,0.4378,PHASE_4_FORWARD,90.00,-2.20,640.0,360.0,130.04,1000,1000
2275,15:27:07.945,ROI,160,160,192,192,8.30,9.01,0.0,0.0,110.96,643.80,228.75,77.68,90.86,0.9459,12.0500,80.5900,0.0000,0.0000,0.6855,0,80.5900,802.9256,811.7146,1.2843,807.8671,0.4378,PHASE_4_FORWARD,90.00,-2.13,640.0,360.0,131.30,1000,1000
2276,15:27:07.993,ROI,160,160,192,192,11.63,12.67,10.075,0.0,78.93,643.61,228.58,77.64,91.36,0.9897,10.6500,80.7700,0.0000,0.0000,0.6183,0,80.7700,802.5323,811.9523,1.2627,807.7892,0.4420,PHASE_4_FORWARD,90.00,-2.21,640.0,360.0,131.47,1000,1000
2277,15:27:08.120,ROI,160,160,192,192,16.40,17.39,3.4,22.475,57.51,644.39,226.97,75.65,91.66,0.9411,13.6400,84.0700,0.0000,0.0000,0.8161,0,84.0700,802.5426,812.0902,1.2512,807.8491,0.4442,PHASE_4_FORWARD,90.00,-2.15,640.0,360.0,133.10,1000,1000
2278,15:27:08.169,ROI,160,160,192,192,17.03,18.07,25.175,21.625,55.33,643.80,225.84,75.08,90.49,0.9604,11.8600,87.2200,0.0000,0.0000,0.8229,0,87.2200,803.4492,812.2866,1.2349,808.3322,0.4475,PHASE_4_FORWARD,90.00,-1.67,640.0,360.0,134.21,1000,1000
2279,15:27:08.232,ROI,160,160,192,192,10.00,10.71,0.0,0.0,93.39,643.82,224.41,74.35,90.04,0.9594,13.5700,83.7600,0.0000,0.0000,0.7780,0,83.7600,803.4564,812.4268,1.2046,808.3578,0.4536,PHASE_4_FORWARD,90.00,-1.64,640.0,360.0,135.64,1000,1000
2280,15:27:08.281,ROI,160,160,192,192,10.53,11.30,0.0,34.575,88.50,644.46,223.46,72.17,90.60,0.9508,14.0600,85.8500,0.0000,0.0000,0.8046,0,85.8500,804.2360,812.3247,1.1903,808.6318,0.4566,PHASE_4_FORWARD,90.00,-1.37,640.0,360.0,136.61,1000,1000
2281,15:27:08.346,ROI,160,160,192,192,20.06,21.09,0.0,37.05,47.42,644.61,222.96,74.15,90.92,0.9628,11.0000,85.4500,0.0000,0.0000,0.7412,0,85.4500,804.6311,812.0042,1.1635,808.5963,0.4622,PHASE_4_FORWARD,90.00,-1.40,640.0,360.0,137.11,1000,1000
2282,15:27:08.410,ROI,160,160,192,192,20.55,21.56,18.25,18.125,46.39,644.90,222.02,74.92,90.53,0.9696,11.1200,86.0700,0.0000,0.0000,0.7472,0,86.0700,804.9946,811.4949,1.1362,808.4520,0.4681,PHASE_4_FORWARD,90.00,-1.55,640.0,360.0,138.06,1000,1000
2283,15:27:08.458,ROI,160,160,192,192,13.98,15.23,0.0,0.0,65.65,645.21,221.14,73.01,90.71,0.9559,8.2600,85.7600,0.0000,0.0000,0.6497,0,85.7600,805.3898,810.7065,1.1092,808.1857,0.4741,PHASE_4_FORWARD,90.00,-1.81,640.0,360.0,138.96,1000,1000
2284,15:27:08.586,ROI,160,160,192,192,15.88,17.02,0.0,22.95,58.77,644.45,218.78,74.26,90.46,0.9303,10.4000,85.6200,0.0000,0.0000,0.7260,0,85.6200,805.7011,809.9375,1.0906,807.9111,0.4783,PHASE_4_FORWARD,90.00,-2.09,640.0,360.0,141.29,1000,1000
2285,15:27:08.633,ROI,160,160,192,192,17.13,18.23,0.0,21.425,54.86,645.48,217.51,73.94,89.54,0.9459,10.2100,85.8300,0.0000,0.0000,0.7201,0,85.8300,805.9450,808.9221,1.0968,807.5023,0.4769,PHASE_4_FORWARD,90.00,-2.50,640.0,360.0,142.60,1000,1000
2286,15:27:08.696,ROI,160,160,192,192,13.72,14.92,0.0,0.0,67.04,645.28,216.57,74.16,89.36,0.9740,10.6900,85.6600,0.0000,0.0000,0.7268,0,85.6600,806.2713,807.9585,1.0839,807.1489,0.4799,PHASE_4_FORWARD,90.00,-2.85,640.0,360.0,143.53,1000,1000
2287,15:27:08.761,ROI,160,160,192,192,16.11,17.17,0.0,0.0,58.25,645.46,215.63,74.36,89.63,0.9745,11.1700,86.8000,0.0000,0.0000,0.7667,0,86.8000,806.9060,806.9102,1.1036,806.9082,0.4754,PHASE_4_FORWARD,90.00,-3.09,640.0,360.0,144.48,1000,1000
2288,15:27:08.811,ROI,160,160,192,192,19.40,20.70,0.0,18.875,48.31,645.85,213.64,75.66,89.53,0.9406,7.1700,85.1300,0.0000,0.0000,0.6012,0,85.1300,806.6411,805.7126,1.1237,806.1498,0.4709,PHASE_4_FORWARD,90.00,-3.85,640.0,360.0,146.47,1000,1000
2289,15:27:08.873,ROI,160,160,192,192,19.30,20.49,0.0,0.0,48.81,645.08,212.58,76.63,87.74,0.9571,7.8600,86.6600,0.0000,0.0000,0.6782,0,86.6600,806.9432,804.5595,1.1512,805.6676,0.4649,PHASE_4_FORWARD,90.00,-4.33,640.0,360.0,147.51,1000,1000
2290,15:27:08.938,ROI,160,160,192,192,22.82,24.20,0.0,0.0,41.33,645.23,211.23,76.54,88.60,0.9663,6.3800,86.5200,0.0000,0.0000,0.5934,0,86.5200,807.1204,803.5575,1.1635,805.2043,0.4622,PHASE_4_FORWARD,90.00,-4.80,640.0,360.0,148.86,1000,1000
2291,15:27:08.984,ROI,160,160,192,192,17.87,18.97,0.0,20.6,52.72,645.43,209.90,76.54,87.44,0.9650,7.0200,86.0500,0.0000,0.0000,0.6372,0,86.0500,807.3134,802.7820,1.1931,804.8482,0.4560,PHASE_4_FORWARD,90.00,-5.15,640.0,360.0,150.20,1000,1000
2292,15:27:09.112,ROI,160,160,192,192,9.90,11.03,3.575,0.0,90.70,645.96,207.57,75.06,86.52,0.9300,9.8400,87.5900,0.0000,0.0000,0.7480,0,87.5900,807.4321,802.3822,1.2345,804.6421,0.4475,PHASE_4_FORWARD,90.00,-5.36,640.0,360.0,152.54,1000,1000
2293,15:27:09.161,ROI,160,160,192,192,11.74,12.45,0.0,0.0,80.33,644.70,206.83,73.75,84.16,0.9405,8.6700,87.8000,0.0000,0.0000,0.6936,0,87.8000,807.4205,802.3756,1.2661,804.6019,0.4413,PHASE_4_FORWARD,90.00,-5.40,640.0,360.0,153.24,1000,1000
2294,15:27:09.224,ROI,160,160,192,192,7.60,8.51,0.0,0.0,117.56,644.31,205.09,74.09,85.30,0.9498,5.4000,86.1100,0.0000,0.0000,0.5565,0,86.1100,806.9564,802.8492,1.2863,804.6457,0.4374,PHASE_4_FORWARD,90.00,-5.35,640.0,360.0,154.97,1000,1000
2295,15:27:09.272,ROI,160,160,192,192,9.22,10.00,0.0,0.0,100.04,644.08,204.27,74.80,85.18,0.9718,5.6600,86.9300,0.0000,0.0000,0.5431,0,86.9300,806.9332,803.6021,1.3052,805.0471,0.4338,PHASE_4_FORWARD,90.00,-4.95,640.0,360.0,155.79,1000,1000
2296,15:27:09.337,ROI,160,160,192,192,10.35,10.99,0.0,35.625,91.01,643.87,203.20,76.55,85.64,0.9531,7.0200,87.2700,0.0000,0.0000,0.6301,0,87.2700,807.2794,804.8065,1.3185,805.8731,0.4313,PHASE_4_FORWARD,90.00,-4.13,640.0,360.0,156.85,1000,1000
2297,15:27:09.400,ROI,160,160,192,192,9.56,10.44,0.0,37.425,95.78,644.20,202.53,74.90,85.73,0.9636,2.3200,84.6200,0.0000,0.0000,0.3928,0,84.6200,806.6979,806.3263,1.3258,806.4861,0.4300,PHASE_4_FORWARD,90.00,-3.51,640.0,360.0,157.52,1000,1000
2298,15:27:09.512,ROI,160,160,192,192,7.96,8.80,0.0,0.0,113.66,642.72,199.68,74.74,83.20,0.8995,11.0300,87.5900,0.0000,0.0000,0.7587,0,87.5900,806.9414,808.1433,1.3582,807.6336,0.4241,PHASE_4_FORWARD,90.00,-2.37,640.0,360.0,160.34,1000,1000
2299,15:27:09.576,ROI,160,160,192,192,7.58,7.93,0.0,49.3,126.17,0.00,0.00,0.00,0.00,0.0000,0.0000,0.0000,0.0000,0.0000,0.0000,1,0.0000,NaN,NaN,NaN,NaN,NaN,LOST_TRACKING,0.00,0.00,640.0,360.0,0.00,0,0
2300,15:27:09.640,FULL,640,640,0,0,52.65,55.38,0.0,42.325,18.06,641.62,198.12,70.24,83.84,1.0000,9.2900,91.5200,0.0000,0.0000,0.7341,0,91.5200,808.1957,811.5483,1.3564,810.1255,0.4244,PHASE_4_FORWARD,90.00,0.13,640.0,360.0,161.88,1000,1000
2301,15:27:09.704,ROI,160,160,192,192,8.36,9.57,0.0,40.9,104.46,643.35,196.45,71.64,82.94,0.9160,5.8100,84.5500,0.0000,0.0000,0.6489,0,84.5500,807.5142,813.7950,1.3412,811.1122,0.4271,PHASE_4_FORWARD,90.00,1.11,640.0,360.0,163.58,1000,1000
2302,15:27:09.752,ROI,160,160,192,192,5.30,5.61,0.0,0.0,178.41,0.00,0.00,0.00,0.00,0.0000,0.0000,0.0000,0.0000,0.0000,0.0000,1,0.0000,NaN,NaN,NaN,NaN,NaN,LOST_TRACKING,0.00,0.00,640.0,360.0,0.00,0,0
2303,15:27:09.814,FULL,640,640,0,0,56.89,58.93,6.95,46.4,16.97,641.20,193.62,72.38,81.44,1.0000,10.8500,94.4700,0.0000,0.0000,0.7586,0,94.4700,809.5583,817.8526,1.3646,814.3450,0.4229,PHASE_4_FORWARD,90.00,4.34,640.0,360.0,166.38,1000,1000
2304,15:27:09.911,ROI,160,160,192,192,7.04,7.36,10.25,0.0,135.84,0.00,0.00,0.00,0.00,0.0000,0.0000,0.0000,0.0000,0.0000,0.0000,1,0.0000,NaN,NaN,NaN,NaN,NaN,LOST_TRACKING,0.00,0.00,640.0,360.0,0.00,0,0
2305,15:27:09.976,FULL,640,640,0,0,52.60,54.66,6.75,14.3,18.30,642.04,189.95,73.18,78.16,1.0000,7.9600,91.6600,0.0000,0.0000,0.7274,0,91.6600,810.8275,821.5107,1.3795,817.0211,0.4203,PHASE_4_FORWARD,90.00,7.02,640.0,360.0,170.06,1000,1000
2306,15:27:10.041,ROI,160,160,160,160,9.80,10.43,0.0,37.525,95.89,642.34,189.35,75.29,80.27,0.9464,10.0900,88.4200,0.0000,0.0000,0.7442,0,88.4200,810.3965,822.3785,1.3781,817.3401,0.4205,PHASE_4_FORWARD,90.00,7.34,640.0,360.0,170.67,1000,1000
2307,15:27:10.088,ROI,160,160,192,192,10.42,11.28,0.0,0.0,88.66,643.98,188.94,75.06,77.52,0.9251,5.9300,83.6400,0.0000,0.0000,0.5910,0,83.6400,808.9623,822.4350,1.3482,816.6975,0.4259,PHASE_4_FORWARD,90.00,6.70,640.0,360.0,171.11,1000,1000
2308,15:27:10.152,ROI,160,160,160,160,11.39,11.99,0.0,32.6,83.39,642.82,186.94,74.13,79.83,0.9222,7.7700,89.7800,0.0000,0.0000,0.7773,0,89.7800,809.2694,822.1181,1.3392,816.6254,0.4275,PHASE_4_FORWARD,90.00,6.63,640.0,360.0,173.08,1000,1000
2309,15:27:10.217,ROI,160,160,160,160,8.90,9.49,0.0,41.275,105.37,642.42,186.73,73.73,75.41,0.9346,8.6900,86.4800,0.0000,0.0000,0.6738,0,86.4800,808.6900,821.5206,1.3093,815.9645,0.4330,PHASE_4_FORWARD,90.00,5.96,640.0,360.0,173.29,1000,1000
2310,15:27:10.265,ROI,160,160,160,160,8.70,9.34,0.0,41.825,107.04,642.33,186.01,74.41,75.66,0.9722,7.7300,87.0400,0.0000,0.0000,0.5983,0,87.0400,808.4429,820.5313,1.2899,815.2524,0.4367,PHASE_4_FORWARD,90.00,5.25,640.0,360.0,174.01,1000,1000
2311,15:27:10.393,ROI,160,160,160,160,7.75,8.66,3.3,0.0,115.43,643.00,185.17,73.80,77.44,0.9598,6.1200,87.5100,0.0000,0.0000,0.5267,0,87.5100,808.3512,819.2794,1.2575,814.4386,0.4430,PHASE_4_FORWARD,90.00,4.44,640.0,360.0,174.86,1000,1000
2312,15:27:10.441,ROI,160,160,160,160,11.17,12.06,0.0,0.0,82.94,642.58,185.03,75.17,78.27,0.9714,8.6300,89.6600,0.0000,0.0000,0.7347,0,89.6600,808.5461,817.9158,1.2191,813.6936,0.4506,PHASE_4_FORWARD,90.00,3.69,640.0,360.0,174.99,1000,1000
2313,15:27:10.505,ROI,160,160,160,160,10.75,11.45,0.0,0.0,87.35,643.47,182.99,72.71,75.20,0.9174,2.8800,93.6000,0.0000,0.0000,0.5860,0,93.6000,809.5749,816.1977,1.1900,813.1735,0.4566,PHASE_4_FORWARD,90.00,3.17,640.0,360.0,177.04,1000,1000
2314,15:27:10.567,ROI,160,160,160,160,10.27,10.97,0.0,0.0,91.20,642.34,183.07,75.76,75.65,0.9540,7.9700,89.5400,0.0000,0.0000,0.6677,0,89.5400,809.6670,814.3802,1.1333,812.1708,0.4688,PHASE_4_FORWARD,90.00,2.17,640.0,360.0,176.95,1000,1000
2315,15:27:10.615,ROI,160,160,160,160,11.20,11.87,20.925,0.0,84.26,643.18,181.32,71.67,76.55,0.9049,5.5100,92.5500,0.0000,0.0000,0.7572,0,92.5500,809.9915,812.0051,1.0699,811.0323,0.4831,PHASE_4_FORWARD,90.00,1.03,640.0,360.0,178.71,1000,1000
2316,15:27:10.679,ROI,160,160,160,160,9.90,10.89,7.55,0.0,91.86,642.87,182.00,73.08,77.36,0.9636,11.5600,89.1600,0.0000,0.0000,0.7860,0,89.1600,809.7929,809.4822,1.0032,809.6373,0.4992,PHASE_4_FORWARD,90.00,-0.36,640.0,360.0,178.02,1000,1000
2317,15:27:10.729,ROI,160,160,160,160,8.37,9.25,0.0,42.225,108.10,643.75,180.67,70.96,77.04,0.9385,7.4000,91.5400,0.0000,0.0000,0.7911,0,91.5400,810.2119,808.1580,0.9795,809.1957,0.5052,PHASE_4_FORWARD,90.00,-0.80,640.0,360.0,179.37,1000,1000
2318,15:27:10.856,ROI,160,160,160,160,8.66,9.29,0.0,42.175,107.66,644.60,179.31,71.42,77.38,0.9430,5.6500,94.4500,0.0000,0.0000,0.7567,0,94.4500,811.6234,806.1030,0.9180,808.9813,0.5214,PHASE_4_FORWARD,90.00,-1.02,640.0,360.0,180.75,1000,1000
2319,15:27:10.903,ROI,160,160,160,160,9.99,10.86,0.0,35.95,92.08,644.48,178.17,70.46,77.68,0.9582,9.2800,90.8100,0.0000,0.0000,0.7983,0,90.8100,811.2197,803.2929,0.8707,807.5302,0.5346,PHASE_4_FORWARD,90.00,-2.47,640.0,360.0,181.89,1000,1000
2320,15:27:10.968,ROI,160,160,160,160,11.53,12.23,0.0,0.0,81.79,644.36,176.63,69.15,75.32,0.9428,9.7000,91.8700,0.0000,0.0000,0.7881,0,91.8700,811.4825,801.8092,0.8894,806.9289,0.5293,PHASE_4_FORWARD,90.00,-3.07,640.0,360.0,183.42,1000,1000
2321,15:27:11.032,ROI,160,160,160,160,10.55,11.19,0.0,34.95,89.40,644.65,175.35,69.13,74.98,0.9586,8.9500,92.6500,0.0000,0.0000,0.8252,0,92.6500,812.6682,800.3078,0.8790,806.8860,0.5322,PHASE_4_FORWARD,90.00,-3.11,640.0,360.0,184.71,1000,1000
2322,15:27:11.079,ROI,160,160,160,160,10.55,11.32,0.0,34.5,88.35,644.24,174.56,69.78,75.02,0.9678,8.6700,93.0800,0.0000,0.0000,0.8548,0,93.0800,813.0157,799.5454,0.8960,806.6500,0.5274,PHASE_4_FORWARD,90.00,-3.35,640.0,360.0,185.49,1000,1000
2323,15:27:11.144,ROI,160,160,160,160,11.94,13.06,0.0,0.0,76.56,643.69,172.82,69.17,75.12,0.9400,9.6400,93.4600,0.0000,0.0000,0.8739,0,93.4600,813.8480,799.2596,0.9319,806.8110,0.5176,PHASE_4_FORWARD,90.00,-3.19,640.0,360.0,187.22,1000,1000
2324,15:27:11.207,ROI,160,160,160,160,9.68,10.38,7.775,0.0,96.35,644.22,172.09,69.80,74.08,0.9660,10.4800,91.3200,0.0000,0.0000,0.7109,0,91.3200,813.8506,799.2920,0.9588,806.7244,0.5105,PHASE_4_FORWARD,90.00,-3.28,640.0,360.0,187.96,1000,1000
2325,15:27:11.255,ROI,160,160,160,160,10.72,11.35,0.0,0.0,88.10,644.58,171.53,68.06,75.80,0.9535,8.7800,93.5300,0.0000,0.0000,0.8173,0,93.5300,813.7237,799.0851,0.9723,806.5074,0.5070,PHASE_4_FORWARD,90.00,-3.49,640.0,360.0,188.53,1000,1000
2326,15:27:11.385,ROI,160,160,160,160,11.44,12.15,3.3,0.0,82.31,644.53,169.31,67.32,74.62,0.9326,8.7700,95.3500,0.0000,0.0000,0.7695,0,95.3500,814.4780,799.1017,1.0245,806.6967,0.4939,PHASE_4_BACKWARD,90.00,-3.30,640.0,360.0,190.74,-1000,-1000
2327,15:27:11.431,ROI,160,160,160,160,10.17,11.07,0.0,35.325,90.34,644.61,168.48,67.49,73.43,0.9754,8.4200,92.1100,0.0000,0.0000,0.7038,0,92.1100,814.1047,799.4142,1.0580,806.5525,0.4859,PHASE_4_BACKWARD,90.00,-3.45,640.0,360.0,191.58,-1000,-1000
2328,15:27:11.496,ROI,160,160,160,160,9.20,10.13,0.0,0.0,98.73,644.92,167.45,68.23,74.45,0.9620,7.5300,94.0400,0.0000,0.0000,0.7295,0,94.0400,814.0899,799.9102,1.0860,806.7078,0.4794,PHASE_4_BACKWARD,90.00,-3.29,640.0,360.0,192.61,-1000,-1000
2329,15:27:11.545,ROI,160,160,160,160,8.92,9.59,0.0,40.75,104.24,643.84,167.16,70.17,75.98,0.9498,10.7500,93.5800,0.0000,0.0000,0.8142,0,93.5800,813.9104,800.6718,1.0963,806.9869,0.4770,PHASE_4_BACKWARD,90.00,-3.01,640.0,360.0,192.88,-1000,-1000
2330,15:27:11.609,ROI,160,160,160,160,12.45,13.52,0.0,28.925,73.98,644.77,165.79,69.59,74.87,0.9394,7.2600,93.7600,0.0000,0.0000,0.6677,0,93.7600,813.9001,801.6288,1.0972,807.4801,0.4768,PHASE_4_BACKWARD,90.00,-2.52,640.0,360.0,194.27,-1000,-1000
2331,15:27:11.673,ROI,160,160,160,160,9.27,9.96,0.0,0.0,100.36,644.05,165.03,68.49,75.24,0.9600,7.7100,94.1700,0.0000,0.0000,0.7749,0,94.1700,814.3395,802.6657,1.1118,808.1937,0.4735,PHASE_4_BACKWARD,90.00,-1.81,640.0,360.0,195.01,-1000,-1000
2332,15:27:11.721,ROI,160,160,160,160,12.17,12.91,10.35,0.0,77.46,644.70,164.98,69.15,75.29,0.9800,8.2400,93.6100,0.0000,0.0000,0.7311,0,93.6100,814.2033,803.9462,1.0881,808.8583,0.4789,PHASE_4_BACKWARD,90.00,-1.14,640.0,360.0,195.08,-1000,-1000
2333,15:27:11.849,ROI,160,160,160,160,12.21,13.19,0.0,0.0,75.82,644.79,163.39,67.95,74.55,0.9421,10.6000,91.7200,0.0000,0.0000,0.7645,0,91.7200,813.9432,805.1072,1.0903,809.3343,0.4784,PHASE_4_BACKWARD,90.00,-0.67,640.0,360.0,196.67,-1000,-1000
2334,15:27:11.897,ROI,160,160,160,160,10.12,10.77,11.225,0.0,92.82,643.97,163.19,69.45,75.47,0.9645,9.8700,93.2500,0.0000,0.0000,0.7810,0,93.2500,813.6342,806.5375,1.0452,810.0074,0.4889,PHASE_4_BACKWARD,90.00,0.01,640.0,360.0,196.85,-1000,-1000
2335,15:27:11.961,ROI,160,160,160,160,8.62,9.46,0.0,0.0,105.75,644.55,162.66,68.59,75.00,0.9697,9.5800,90.8500,0.0000,0.0000,0.7419,0,90.8500,813.0267,807.9367,0.9976,810.4848,0.5006,PHASE_4_BACKWARD,90.00,0.48,640.0,360.0,197.39,-1000,-1000
2336,15:27:12.025,ROI,160,160,160,160,9.95,10.75,0.0,36.325,93.02,643.95,162.64,68.92,74.35,0.9743,10.9900,89.8700,0.0000,0.0000,0.7465,0,89.8700,812.5540,809.2018,0.9398,810.9299,0.5155,PHASE_4_BACKWARD,90.00,0.93,640.0,360.0,197.40,-1000,-1000
2337,15:27:12.073,ROI,160,160,160,160,16.61,17.64,0.0,44.3,56.68,644.93,162.77,67.87,74.83,0.9656,9.4200,90.5300,0.0000,0.0000,0.6892,0,90.5300,811.8923,809.7905,0.8678,810.9158,0.5354,PHASE_4_BACKWARD,90.00,0.92,640.0,360.0,197.29,-1000,-1000
2338,15:27:12.135,ROI,160,160,160,160,16.45,17.33,0.0,0.0,57.69,643.95,162.04,69.69,75.46,0.9534,10.8500,90.6700,0.0000,0.0000,0.7516,0,90.6700,811.3819,810.3426,0.8068,810.9178,0.5535,PHASE_4_BACKWARD,90.00,0.92,640.0,360.0,198.00,-1000,-1000
2339,15:27:12.185,ROI,160,160,160,160,14.19,15.04,0.0,26.0,66.50,644.74,162.64,68.33,75.56,0.9621,9.5000,89.7600,0.0000,0.0000,0.7053,0,89.7600,810.7930,810.5982,0.7305,810.7108,0.5779,PHASE_4_BACKWARD,90.00,0.71,640.0,360.0,197.42,-1000,-1000
2340,15:27:12.312,ROI,160,160,160,160,12.31,12.97,0.0,30.125,77.08,644.17,161.68,68.72,75.84,0.9591,11.9000,89.7800,0.0000,0.0000,0.7628,0,89.7800,810.3067,810.8624,0.6601,810.5277,0.6024,PHASE_4_BACKWARD,90.00,0.53,640.0,360.0,198.36,-1000,-1000
2341,15:27:12.362,ROI,160,160,160,160,11.45,12.13,0.0,0.0,82.43,644.35,161.63,69.66,73.76,0.9598,10.5400,87.0500,0.0000,0.0000,0.7817,0,87.0500,809.3618,811.4200,0.5983,810.1322,0.6257,PHASE_4_BACKWARD,90.00,0.13,640.0,360.0,198.42,-1000,-1000
2342,15:27:12.425,ROI,160,160,160,160,15.23,16.20,0.0,24.125,61.73,644.43,162.78,68.50,74.10,0.9535,12.1400,88.2300,0.0000,0.0000,0.8392,0,88.2300,808.5330,812.0267,0.5075,809.7091,0.6634,PHASE_4_BACKWARD,90.00,-0.29,640.0,360.0,197.27,-1000,-1000
2343,15:27:12.489,ROI,160,160,160,160,13.58,14.38,0.0,0.0,69.54,644.22,162.76,68.61,74.95,0.9826,13.1700,89.3400,0.0000,0.0000,0.8439,0,89.3400,808.2312,812.4193,0.4088,809.4465,0.7098,PHASE_4_BACKWARD,90.00,-0.55,640.0,360.0,197.29,-1000,-1000
2344,15:27:12.537,ROI,160,160,160,160,11.29,11.92,0.0,0.0,83.91,643.93,164.49,70.27,74.80,0.9328,13.2100,90.6100,0.0000,0.0000,0.8695,0,90.6100,808.4650,813.0379,0.3056,809.5353,0.7660,PHASE_4_BACKWARD,90.00,-0.46,640.0,360.0,195.55,-1000,-1000
2345,15:27:12.599,ROI,160,160,160,160,11.08,11.73,0.0,0.0,85.25,644.34,165.01,69.73,74.68,0.9748,11.5300,90.5700,0.0000,0.0000,0.7705,0,90.5700,808.4139,813.7160,0.1991,809.2943,0.8340,PHASE_4_BACKWARD,90.00,-0.71,640.0,360.0,195.04,-1000,-1000
2346,15:27:12.713,ROI,160,160,160,160,11.21,11.87,0.0,0.0,84.22,643.42,166.77,70.54,75.74,0.9300,14.7500,91.4700,0.0000,0.0000,0.8578,0,91.4700,808.7884,816.6947,0.0774,809.3561,0.9282,PHASE_4_BACKWARD,90.00,-0.64,640.0,360.0,193.26,-1000,-1000
2347,15:27:12.776,ROI,160,160,160,160,10.77,11.42,0.0,0.0,87.60,643.99,167.78,72.22,75.48,0.9513,10.5700,95.1600,0.0000,0.0000,0.8302,0,95.1600,809.9121,809.9230,0.0731,809.9128,0.9318,PHASE_4_BACKWARD,90.00,-0.09,640.0,360.0,192.26,-1000,-1000
2348,15:27:12.840,ROI,160,160,160,160,10.17,11.34,0.0,34.5,88.20,644.56,167.57,71.31,73.57,0.9594,10.8100,93.7300,0.0000,0.0000,0.8094,0,93.7300,810.7354,808.1775,0.1710,810.3619,0.8540,PHASE_4_BACKWARD,90.00,0.36,640.0,360.0,192.48,-1000,-1000
2349,15:27:12.887,ROI,160,160,160,160,11.60,12.25,0.0,31.9,81.62,643.25,169.60,71.94,76.05,0.9139,11.6200,94.7500,0.0000,0.0000,0.8633,0,94.7500,811.8136,806.2899,0.2959,810.5524,0.7717,PHASE_4_BACKWARD,90.00,0.55,640.0,360.0,190.43,-1000,-1000
2350,15:27:12.951,ROI,160,160,160,160,11.32,12.01,0.0,32.525,83.27,644.23,169.44,70.91,75.03,0.9600,10.7700,93.1900,0.0000,0.0000,0.8106,0,93.1900,812.5001,805.3492,0.4038,810.4430,0.7123,PHASE_4_BACKWARD,90.00,0.44,640.0,360.0,190.61,-1000,-1000
2351,15:27:12.999,ROI,160,160,160,160,10.91,11.61,0.0,33.725,86.16,643.95,170.79,71.08,76.03,0.9574,11.4600,93.1500,0.0000,0.0000,0.8371,0,93.1500,812.9758,804.8613,0.4961,810.2849,0.6684,PHASE_4_BACKWARD,90.00,0.28,640.0,360.0,189.25,-1000,-1000
2352,15:27:13.128,ROI,160,160,160,160,10.09,11.35,0.0,0.0,88.07,644.02,171.89,70.96,76.04,0.9696,10.2900,92.0200,0.0000,0.0000,0.7650,0,92.0200,813.3651,804.5688,0.5895,810.1028,0.6291,PHASE_4_BACKWARD,90.00,0.10,640.0,360.0,188.15,-1000,-1000
2353,15:27:13.176,ROI,160,160,160,160,8.77,9.47,0.0,0.0,105.56,643.78,172.98,71.42,76.33,0.9653,9.5500,92.9100,0.0000,0.0000,0.7855,0,92.9100,813.6915,804.4799,0.6733,809.9851,0.5976,PHASE_4_BACKWARD,90.00,-0.01,640.0,360.0,187.06,-1000,-1000
2354,15:27:13.240,ROI,160,160,160,160,9.22,9.90,0.0,0.0,101.05,643.63,173.64,70.81,75.28,0.9744,9.8700,91.9800,0.0000,0.0000,0.7517,0,91.9800,813.6825,804.3403,0.7476,809.6859,0.5722,PHASE_4_BACKWARD,90.00,-0.31,640.0,360.0,186.40,-1000,-1000
2355,15:27:13.303,ROI,160,160,160,160,10.18,10.82,14.625,0.0,92.45,643.53,175.25,71.46,74.97,0.9495,8.1900,92.2300,0.0000,0.0000,0.8165,0,92.2300,813.7609,804.3394,0.8291,809.4904,0.5467,PHASE_4_BACKWARD,90.00,-0.51,640.0,360.0,184.78,-1000,-1000
2356,15:27:13.351,ROI,160,160,160,160,11.82,12.51,0.0,31.225,79.94,643.77,176.98,72.30,76.99,0.9445,8.8600,92.0000,0.0000,0.0000,0.8159,0,92.0000,813.7781,804.4090,0.9015,809.3363,0.5259,PHASE_4_BACKWARD,90.00,-0.66,640.0,360.0,183.06,-1000,-1000
2357,15:27:13.416,ROI,160,160,160,160,11.35,12.31,0.0,31.8,81.22,643.78,178.33,71.81,76.30,0.9589,9.4200,92.5800,0.0000,0.0000,0.7707,0,92.5800,813.7895,804.5965,0.9777,809.2448,0.5056,PHASE_4_BACKWARD,90.00,-0.76,640.0,360.0,181.71,-1000,-1000
2358,15:27:13.481,ROI,160,160,160,160,11.11,11.94,0.0,0.0,83.73,643.12,178.59,72.02,77.16,0.9710,10.4300,88.9400,0.0000,0.0000,0.7263,0,88.9400,813.0086,804.7474,1.0083,808.8609,0.4979,PHASE_4_BACKWARD,90.00,-1.14,640.0,360.0,181.44,-1000,-1000
2359,15:27:13.528,ROI,160,160,160,160,12.53,13.17,0.0,0.0,75.95,643.61,179.72,70.98,77.39,0.9574,10.0300,89.7900,0.0000,0.0000,0.7403,0,89.7900,812.1131,805.1321,1.0222,808.5843,0.4945,PHASE_4_BACKWARD,90.00,-1.42,640.0,360.0,180.32,-1000,-1000
2360,15:27:13.640,ROI,160,160,160,160,9.86,10.97,0.0,35.6,91.13,643.81,179.90,70.60,76.51,0.9831,7.1300,92.6100,0.0000,0.0000,0.8106,0,92.6100,811.8778,805.7581,1.0243,808.7812,0.4940,PHASE_4_BACKWARD,90.00,-1.22,640.0,360.0,180.14,-1000,-1000
2361,15:27:13.703,ROI,160,160,160,160,13.49,14.16,0.0,27.625,70.61,643.47,181.06,70.79,75.64,0.9608,7.8300,92.2300,0.0000,0.0000,0.8390,0,92.2300,811.6113,806.5069,1.0113,809.0447,0.4972,PHASE_4_BACKWARD,90.00,-0.96,640.0,360.0,178.97,-1000,-1000
2362,15:27:13.767,ROI,160,160,160,160,12.31,13.05,0.0,0.0,76.66,643.24,182.92,72.96,76.43,0.9244,8.6900,90.9000,0.0000,0.0000,0.8172,0,90.9000,811.1629,807.4534,1.0274,809.2831,0.4932,PHASE_4_BACKWARD,90.00,-0.72,640.0,360.0,177.11,-1000,-1000
2363,15:27:13.816,ROI,160,160,160,160,11.66,12.29,0.0,0.0,81.34,642.37,184.69,76.26,77.34,0.9143,8.7300,94.3800,0.0000,0.0000,0.8747,0,94.3800,811.4173,808.4763,1.0470,809.9131,0.4885,PHASE_4_BACKWARD,90.00,-0.09,640.0,360.0,175.33,-1000,-1000
2364,15:27:13.880,ROI,160,160,160,160,13.77,14.48,7.65,0.0,69.08,643.47,184.65,72.30,74.68,0.9155,7.4000,86.5400,0.0000,0.0000,0.5970,0,86.5400,810.1002,810.8846,1.0596,810.5038,0.4855,PHASE_4_BACKWARD,90.00,0.50,640.0,360.0,175.38,-1000,-1000
2365,15:27:13.943,ROI,160,160,160,160,9.33,10.02,0.0,0.0,99.81,642.42,186.81,75.98,78.10,0.8995,7.8700,93.2900,0.0000,0.0000,0.8346,0,93.2900,810.6611,808.3695,1.0935,809.4641,0.4777,PHASE_4_BACKWARD,90.00,-0.54,640.0,360.0,173.21,-1000,-1000
2366,15:27:13.992,ROI,160,160,160,160,9.47,10.16,10.225,0.0,98.39,642.87,187.69,73.98,75.94,0.9467,6.9600,85.8000,0.0000,0.0000,0.5977,0,85.8000,809.5629,807.9499,1.0981,808.7187,0.4766,PHASE_4_BACKWARD,90.00,-1.28,640.0,360.0,172.33,-1000,-1000
2367,15:27:14.121,ROI,160,160,160,160,11.06,11.83,3.275,33.075,84.56,643.26,190.11,72.93,78.35,0.9264,8.3600,89.4400,0.0000,0.0000,0.7070,0,89.4400,809.4622,807.2683,1.1444,808.2914,0.4663,PHASE_4_BACKWARD,90.00,-1.71,640.0,360.0,169.92,-1000,-1000
2368,15:27:14.167,ROI,160,160,160,160,11.34,11.92,0.0,32.825,83.87,641.58,191.74,76.38,82.60,0.9057,10.2200,90.1800,0.0000,0.0000,0.8835,0,90.1800,809.4328,806.7399,1.1745,807.9783,0.4599,PHASE_4_BACKWARD,90.00,-2.02,640.0,360.0,168.27,-1000,-1000
2369,15:27:14.232,ROI,160,160,192,192,10.37,11.23,0.0,34.8,89.04,642.36,193.81,73.32,83.44,0.9143,7.6900,88.6400,0.0000,0.0000,0.6857,0,88.6400,809.1365,806.3857,1.2204,807.6246,0.4504,PHASE_4_BACKWARD,90.00,-2.38,640.0,360.0,166.21,-1000,-1000
2370,15:27:14.281,ROI,160,160,192,192,11.21,11.98,0.0,32.675,83.49,643.08,195.87,74.22,82.73,0.9336,7.8900,89.0200,0.0000,0.0000,0.6756,0,89.0200,808.8716,806.2021,1.2752,807.3754,0.4395,PHASE_4_BACKWARD,90.00,-2.62,640.0,360.0,164.16,-1000,-1000
2371,15:27:14.345,ROI,160,160,192,192,9.87,11.04,0.0,35.375,90.59,643.07,196.70,74.87,81.18,0.9715,7.4800,89.9600,0.0000,0.0000,0.6837,0,89.9600,808.9506,806.1925,1.3170,807.3829,0.4316,PHASE_4_BACKWARD,90.00,-2.62,640.0,360.0,163.32,-1000,-1000
2372,15:27:14.407,ROI,160,160,192,192,9.05,9.82,0.0,39.9,101.83,643.06,196.94,74.72,80.92,0.9924,8.1900,89.4700,0.0000,0.0000,0.6941,0,89.4700,808.8778,806.1961,1.3270,807.3485,0.4297,PHASE_4_BACKWARD,90.00,-2.65,640.0,360.0,163.09,-1000,-1000
2373,15:27:14.457,ROI,160,160,192,192,8.61,9.47,0.0,0.0,105.56,643.31,198.71,75.62,81.00,0.9459,7.1600,87.7500,0.0000,0.0000,0.6112,0,87.7500,808.5247,806.3865,1.3516,807.2958,0.4252,PHASE_4_BACKWARD,90.00,-2.70,640.0,360.0,161.32,-1000,-1000
2374,15:27:14.583,ROI,160,160,192,192,10.05,10.85,3.35,0.0,92.19,643.95,201.71,73.79,84.22,0.9086,7.2300,87.5300,0.0000,0.0000,0.6189,0,87.5300,808.1796,806.8045,1.4139,807.3742,0.4143,PHASE_4_BACKWARD,90.00,-2.63,640.0,360.0,158.34,-1000,-1000
2375,15:27:14.632,ROI,160,160,192,192,9.92,10.92,10.325,0.0,91.55,643.26,202.00,74.58,83.62,0.9748,8.4200,85.9100,0.0000,0.0000,0.6856,0,85.9100,807.6458,807.4148,1.4574,807.5088,0.4069,PHASE_4_BACKWARD,90.00,-2.49,640.0,360.0,158.04,-1000,-1000
2376,15:27:14.695,ROI,160,160,192,192,9.00,10.18,0.0,0.0,98.27,643.72,203.82,74.90,85.12,0.9463,8.3900,86.7300,0.0000,0.0000,0.7030,0,86.7300,806.9924,808.0306,1.4893,807.6135,0.4017,PHASE_4_BACKWARD,90.00,-2.39,640.0,360.0,156.22,-1000,-1000
2377,15:27:14.759,ROI,160,160,192,192,8.36,9.12,7.3,0.0,109.68,644.93,204.87,72.16,84.61,0.9400,9.2700,87.8100,0.0000,0.0000,0.7201,0,87.8100,806.6933,808.9476,1.5105,808.0496,0.3983,PHASE_4_BACKWARD,90.00,-1.95,640.0,360.0,155.21,-1000,-1000
2378,15:27:14.808,ROI,160,160,192,192,9.04,9.73,9.75,0.0,102.83,644.95,206.30,73.39,84.79,0.9507,10.4600,89.4300,0.0000,0.0000,0.7724,0,89.4300,807.0738,810.1923,1.5096,808.9497,0.3985,PHASE_4_BACKWARD,90.00,-1.05,640.0,360.0,153.78,-1000,-1000
2379,15:27:14.871,ROI,160,160,192,192,11.15,11.92,0.0,32.775,83.86,644.14,206.64,74.15,83.87,0.9679,6.6000,85.8700,0.0000,0.0000,0.6058,0,85.8700,806.7392,811.5239,1.4823,809.5964,0.4029,PHASE_4_BACKWARD,90.00,-0.40,640.0,360.0,153.42,-1000,-1000
2380,15:27:14.921,ROI,160,160,192,192,13.92,14.87,0.0,26.275,67.24,645.69,208.58,73.01,83.62,0.9161,9.7800,88.0200,0.0000,0.0000,0.7374,0,88.0200,806.8085,813.0456,1.4751,810.5257,0.4040,PHASE_4_BACKWARD,90.00,0.53,640.0,360.0,151.53,-1000,-1000
2381,15:27:14.984,ROI,160,160,192,192,16.45,17.39,8.2,22.45,57.50,645.25,209.13,74.32,84.07,0.9697,7.6400,86.8800,0.0000,0.0000,0.6826,0,86.8800,807.0817,814.4633,1.4568,811.4588,0.4070,PHASE_4_BACKWARD,90.00,1.46,640.0,360.0,150.96,-1000,-1000
2382,15:27:15.096,ROI,160,160,192,192,15.00,16.02,0.0,24.4,62.43,645.05,211.86,76.43,86.28,0.9125,10.1800,85.5400,0.0000,0.0000,0.7670,0,85.5400,806.3411,815.8918,1.4369,811.9726,0.4104,PHASE_4_BACKWARD,90.00,1.97,640.0,360.0,148.23,-1000,-1000
2383,15:27:15.161,ROI,160,160,192,192,8.23,8.93,0.0,0.0,111.99,644.80,212.55,75.85,87.23,0.9769,8.3200,86.1700,0.0000,0.0000,0.6916,0,86.1700,806.4969,817.0482,1.4119,812.6736,0.4146,PHASE_4_BACKWARD,90.00,2.67,640.0,360.0,147.53,-1000,-1000
2384,15:27:15.224,ROI,160,160,192,192,8.48,9.30,7.2,0.0,107.53,644.17,214.40,76.38,87.30,0.9431,7.0200,86.4100,0.0000,0.0000,0.6106,0,86.4100,805.9946,817.9859,1.3827,812.9532,0.4197,PHASE_4_BACKWARD,90.00,2.95,640.0,360.0,145.66,-1000,-1000
2385,15:27:15.273,ROI,160,160,192,192,9.65,10.49,0.0,0.0,95.32,645.21,215.01,74.88,87.77,0.9596,10.3600,87.0000,0.0000,0.0000,0.7375,0,87.0000,806.0067,818.8377,1.3594,813.3994,0.4238,PHASE_4_BACKWARD,90.00,3.40,640.0,360.0,145.09,-1000,-1000
2386,15:27:15.335,ROI,160,160,192,192,12.18,12.90,0.0,0.0,77.49,645.60,216.16,73.44,87.46,0.9554,9.6600,85.2700,0.0000,0.0000,0.6780,0,85.2700,805.7898,819.2695,1.3331,813.4919,0.4286,PHASE_4_BACKWARD,90.00,3.49,640.0,360.0,143.94,-1000,-1000
2387,15:27:15.401,ROI,160,160,192,192,13.34,14.09,0.0,27.725,70.99,645.37,217.63,72.90,88.96,0.9603,9.1700,84.7800,0.0000,0.0000,0.6509,0,84.7800,805.3877,819.3667,1.3230,813.3491,0.4305,PHASE_4_BACKWARD,90.00,3.35,640.0,360.0,142.47,-1000,-1000
2388,15:27:15.512,ROI,160,160,192,192,13.83,14.56,0.0,26.825,68.66,645.30,220.38,72.78,90.14,0.9386,10.5200,84.9800,0.0000,0.0000,0.7232,0,84.9800,805.1364,819.2515,1.3532,813.2531,0.4250,PHASE_4_BACKWARD,90.00,3.25,640.0,360.0,139.72,-1000,-1000
2389,15:27:15.560,ROI,160,160,192,192,10.57,11.63,11.425,33.6,85.98,645.41,221.55,72.13,89.09,0.9657,11.7700,85.9000,0.0000,0.0000,0.7295,0,85.9000,805.2487,818.9139,1.3694,813.1465,0.4221,PHASE_4_BACKWARD,90.00,3.15,640.0,360.0,138.56,-1000,-1000
2390,15:27:15.624,ROI,160,160,192,192,10.41,11.15,0.0,35.075,89.68,644.74,222.27,73.36,89.74,0.9660,13.2200,85.8800,0.0000,0.0000,0.7580,0,85.8800,805.3737,818.2360,1.3505,812.7638,0.4254,PHASE_4_BACKWARD,90.00,2.76,640.0,360.0,137.81,-1000,-1000
2391,15:27:15.687,ROI,160,160,192,192,11.97,12.71,0.0,30.75,78.69,644.67,222.94,74.16,90.30,0.9747,11.3800,85.8200,0.0000,0.0000,0.7430,0,85.8200,805.3584,817.2635,1.3264,812.1460,0.4299,PHASE_4_BACKWARD,90.00,2.15,640.0,360.0,137.14,-1000,-1000
2392,15:27:15.735,ROI,160,160,192,192,12.98,13.70,0.0,0.0,73.00,644.60,224.80,75.67,90.40,0.9409,11.1700,86.2500,0.0000,0.0000,0.7620,0,86.2500,805.4404,816.1553,1.3444,811.5849,0.4265,PHASE_4_BACKWARD,90.00,1.58,640.0,360.0,135.28,-1000,-1000
2393,15:27:15.800,ROI,160,160,192,192,11.77,12.54,7.7,0.0,79.74,643.94,225.07,74.05,89.62,0.9701,13.5600,87.3700,0.0000,0.0000,0.7943,0,87.3700,805.5942,814.6636,1.3252,810.7631,0.4301,PHASE_4_BACKWARD,90.00,0.76,640.0,360.0,134.99,-1000,-1000
2394,15:27:15.912,ROI,160,160,192,192,9.39,10.69,3.925,0.0,93.50,644.16,227.10,74.83,89.98,0.9460,11.3700,83.0300,0.0000,0.0000,0.7267,0,83.0300,804.9251,812.9102,1.3311,809.4847,0.4290,PHASE_4_BACKWARD,90.00,-0.52,640.0,360.0,132.97,-1000,-1000
2395,15:27:15.976,ROI,160,160,192,192,9.83,10.61,7.25,0.0,94.29,644.64,228.33,75.92,89.21,0.9591,9.9200,81.3200,0.0000,0.0000,0.6486,0,81.3200,804.0909,811.3275,1.3309,808.2229,0.4290,PHASE_4_BACKWARD,90.00,-1.78,640.0,360.0,131.75,-1000,-1000
2396,15:27:16.041,ROI,160,160,192,192,10.56,11.39,0.0,34.4,87.82,644.68,229.13,76.80,89.34,0.9712,9.7700,80.9200,0.0000,0.0000,0.6463,0,80.9200,803.4688,809.9667,1.3243,807.1711,0.4302,PHASE_4_BACKWARD,90.00,-2.83,640.0,360.0,130.96,-1000,-1000
2397,15:27:16.088,ROI,160,160,192,192,16.79,17.96,0.0,0.0,55.69,644.47,230.58,77.38,89.88,0.9609,9.8200,80.6400,0.0000,0.0000,0.6191,0,80.6400,802.5430,808.5944,1.3034,805.9672,0.4341,PHASE_4_BACKWARD,90.00,-4.03,640.0,360.0,129.49,-1000,-1000
2398,15:27:16.153,ROI,160,160,192,192,12.47,13.22,8.25,29.625,75.66,644.00,230.98,78.35,90.20,0.9789,10.7400,82.2700,0.0000,0.0000,0.6935,0,82.2700,802.2816,807.5182,1.2774,805.2188,0.4391,PHASE_4_BACKWARD,90.00,-4.78,640.0,360.0,129.08,-1000,-1000
2399,15:27:16.216,ROI,160,160,192,192,12.51,13.26,0.0,29.475,75.44,644.58,232.24,76.63,89.09,0.9511,13.2700,83.9200,0.0000,0.0000,0.7814,0,83.9200,802.3320,806.6857,1.2378,804.7402,0.4469,PHASE_4_BACKWARD,90.00,-5.26,640.0,360.0,127.84,-1000,-1000
2400,15:27:16.263,ROI,160,160,192,192,11.16,11.88,0.0,32.925,84.19,644.17,232.96,76.84,88.72,0.9737,11.7400,83.8100,0.0000,0.0000,0.7714,0,83.8100,802.2630,806.0744,1.2170,804.3552,0.4511,PHASE_4_BACKWARD,90.00,-5.64,640.0,360.0,127.11,-1000,-1000
2401,15:27:16.393,ROI,160,160,192,192,9.69,10.42,3.3,0.0,95.95,644.42,234.57,77.35,87.66,0.9579,9.5700,83.9300,0.0000,0.0000,0.7263,0,83.9300,802.3189,805.5953,1.1943,804.1022,0.4557,PHASE_4_BACKWARD,90.00,-5.90,640.0,360.0,125.51,-1000,-1000
2402,15:27:16.439,ROI,160,160,192,192,8.68,9.77,10.9,0.0,102.38,644.24,234.88,77.76,88.02,0.9878,9.9200,82.6500,0.0000,0.0000,0.7172,0,82.6500,802.1788,805.0693,1.1688,803.7366,0.4611,PHASE_4_BACKWARD,90.00,-6.26,640.0,360.0,125.20,-1000,-1000
2403,15:27:16.504,ROI,160,160,192,192,10.04,10.75,0.0,0.0,92.99,643.78,236.93,80.47,87.56,0.9229,6.5000,84.1800,0.0000,0.0000,0.6123,0,84.1800,802.4834,804.7337,1.1483,803.6862,0.4655,PHASE_4_BACKWARD,90.00,-6.31,640.0,360.0,123.13,-1000,-1000
2404,15:27:16.552,ROI,160,160,192,192,10.81,11.62,0.0,0.0,86.04,643.89,237.70,75.96,86.34,0.9273,6.7100,86.6800,0.0000,0.0000,0.6255,0,86.6800,803.1569,804.5841,1.1180,803.9103,0.4721,PHASE_4_BACKWARD,90.00,-6.09,640.0,360.0,122.36,-1000,-1000
2405,15:27:16.615,ROI,160,160,192,192,10.34,11.12,7.6,0.0,89.96,644.86,240.02,75.67,86.83,0.9244,3.1800,86.1000,0.0000,0.0000,0.4226,0,86.1000,803.6325,804.7957,1.1119,804.2449,0.4735,PHASE_4_BACKWARD,90.00,-5.76,640.0,360.0,120.07,-1000,-1000
2406,15:27:16.681,ROI,160,160,192,192,11.19,11.86,0.0,32.975,84.34,644.36,240.46,76.73,87.58,0.9765,8.9100,80.5400,0.0000,0.0000,0.6296,0,80.5400,802.9692,805.2591,1.1219,804.1799,0.4713,PHASE_4_BACKWARD,90.00,-5.82,640.0,360.0,119.62,-1000,-1000
2407,15:27:16.729,ROI,160,160,192,192,8.93,9.92,0.0,0.0,100.76,643.08,242.46,80.20,86.56,0.9148,8.3300,84.9300,0.0000,0.0000,0.7251,0,84.9300,803.3845,805.7595,1.1491,804.6543,0.4653,PHASE_4_BACKWARD,90.00,-5.35,640.0,360.0,117.58,-1000,-1000
2408,15:27:16.857,ROI,160,160,192,192,9.59,10.29,0.0,37.975,97.20,644.61,244.59,77.99,87.29,0.9169,3.4100,83.7800,0.0000,0.0000,0.4322,0,83.7800,803.5792,806.4136,1.1842,805.1159,0.4578,PHASE_4_BACKWARD,90.00,-4.88,640.0,360.0,115.50,-1000,-1000
2409,15:27:16.903,ROI,160,160,192,192,12.03,12.70,0.0,30.775,78.77,644.24,245.02,77.72,85.85,0.9743,10.2100,83.0700,0.0000,0.0000,0.7059,0,83.0700,803.6588,807.1038,1.1940,805.5336,0.4558,PHASE_4_BACKWARD,90.00,-4.47,640.0,360.0,115.06,-1000,-1000
2410,15:27:16.969,ROI,160,160,192,192,12.73,13.40,7.325,0.0,74.62,643.70,247.22,79.43,84.86,0.9300,9.3800,84.9900,0.0000,0.0000,0.7292,0,84.9900,804.2274,807.7393,1.2335,806.1669,0.4477,PHASE_4_BACKWARD,90.00,-3.83,640.0,360.0,112.84,-1000,-1000
2411,15:27:17.031,ROI,160,160,192,192,10.16,10.51,0.0,37.175,95.17,0.00,0.00,0.00,0.00,0.0000,0.0000,0.0000,0.0000,0.0000,0.0000,1,0.0000,NaN,NaN,NaN,NaN,NaN,LOST_TRACKING,0.00,0.00,640.0,360.0,0.00,0,0
2412,15:27:17.101,FULL,640,640,0,0,65.81,68.37,6.575,45.7,14.63,644.14,248.66,75.04,86.95,1.0000,11.9300,90.8700,0.0000,0.0000,0.7633,0,90.8700,806.6761,808.2848,1.2530,807.5707,0.4439,PHASE_4_BACKWARD,90.00,-2.43,640.0,360.0,111.41,-1000,-1000
2413,15:27:17.180,ROI,160,160,192,192,9.37,10.54,38.975,0.0,94.88,643.72,249.54,81.67,86.20,0.9015,6.5200,85.6000,0.0000,0.0000,0.6604,0,85.6000,806.6788,808.5237,1.2656,807.7094,0.4414,PHASE_4_BACKWARD,90.00,-2.29,640.0,360.0,110.53,-1000,-1000
2414,15:27:17.208,ROI,160,160,192,192,8.08,8.76,0.0,0.0,114.22,643.72,250.12,81.58,88.01,0.9783,4.1100,84.4300,0.0000,0.0000,0.5077,0,84.4300,806.2993,808.7639,1.2584,807.6726,0.4428,PHASE_4_BACKWARD,90.00,-2.33,640.0,360.0,109.95,-1000,-1000
2415,15:27:17.256,ROI,160,160,192,192,9.17,9.58,0.0,0.0,104.43,0.00,0.00,0.00,0.00,0.0000,0.0000,0.0000,0.0000,0.0000,0.0000,1,0.0000,NaN,NaN,NaN,NaN,NaN,LOST_TRACKING,0.00,0.00,640.0,360.0,0.00,0,0
2416,15:27:17.385,FULL,640,640,0,0,53.83,55.99,0.0,41.85,17.86,644.45,254.56,77.65,88.82,1.0000,12.9300,91.9800,0.0000,0.0000,0.9017,0,91.9800,807.8487,809.1818,1.3049,808.6034,0.4339,PHASE_4_BACKWARD,90.00,-1.40,640.0,360.0,105.53,-1000,-1000
2417,15:27:17.450,ROI,160,160,192,192,12.17,12.95,0.0,0.0,77.19,644.29,254.65,81.97,88.87,0.9455,9.5100,85.2800,0.0000,0.0000,0.7310,0,85.2800,807.5700,809.5234,1.3004,808.6743,0.4347,PHASE_4_BACKWARD,90.00,-1.33,640.0,360.0,105.44,-1000,-1000
2418,15:27:17.496,ROI,160,160,192,192,12.44,13.11,0.0,29.825,76.30,643.96,256.08,84.04,90.88,0.9450,5.8200,86.0200,0.0000,0.0000,0.6064,0,86.0200,807.4841,809.7621,1.2901,808.7674,0.4367,PHASE_4_BACKWARD,90.00,-1.23,640.0,360.0,104.00,-1000,-1000
2419,15:27:17.544,ROI,160,160,192,192,12.69,13.76,0.0,0.0,72.68,643.71,256.68,81.89,90.78,0.9616,6.6600,86.5200,0.0000,0.0000,0.6357,0,86.5200,807.5132,809.9256,1.2740,808.8648,0.4397,PHASE_4_BACKWARD,90.00,-1.14,640.0,360.0,103.38,-1000,-1000
2420,15:27:17.610,ROI,160,160,192,192,8.92,9.69,0.0,40.325,103.17,643.90,258.02,82.69,92.18,0.9619,4.2700,87.1000,0.0000,0.0000,0.4840,0,87.1000,807.4991,809.9585,1.2429,808.8620,0.4459,PHASE_4_BACKWARD,90.00,-1.14,640.0,360.0,102.06,-1000,-1000
2421,15:27:17.672,ROI,160,160,192,192,10.07,10.91,0.0,35.825,91.67,644.34,258.19,81.43,91.44,0.9768,5.8200,85.8100,0.0000,0.0000,0.5520,0,85.8100,807.3008,809.9128,1.2075,808.7295,0.4530,PHASE_4_BACKWARD,90.00,-1.27,640.0,360.0,101.90,-1000,-1000
2422,15:27:17.721,ROI,160,160,192,192,10.43,11.46,10.125,0.0,87.27,643.94,259.13,82.10,92.77,0.9703,5.7300,86.4500,0.0000,0.0000,0.5679,0,86.4500,807.4938,809.7734,1.1602,808.7181,0.4629,PHASE_4_BACKWARD,90.00,-1.28,640.0,360.0,100.95,-1000,-1000
2423,15:27:17.848,ROI,160,160,192,192,11.25,11.98,0.0,0.0,83.50,644.82,260.75,83.26,93.61,0.9456,3.9900,86.1700,0.0000,0.0000,0.4820,0,86.1700,807.5815,810.0169,1.1430,808.8805,0.4666,PHASE_4_BACKWARD,90.00,-1.12,640.0,360.0,99.37,-1000,-1000
2424,15:27:17.897,ROI,160,160,192,192,9.26,10.30,0.0,0.0,97.11,645.16,262.29,83.33,92.98,0.9598,5.7400,86.7700,0.0000,0.0000,0.5796,0,86.7700,807.1901,810.5595,1.1176,808.9683,0.4722,PHASE_4_BACKWARD,90.00,-1.03,640.0,360.0,97.84,-1000,-1000
2425,15:27:17.961,ROI,160,160,192,192,10.13,11.09,0.0,0.0,90.14,644.75,264.92,81.79,91.67,0.9277,7.2000,87.8900,0.0000,0.0000,0.6820,0,87.8900,807.3953,810.8965,1.1316,809.2540,0.4691,PHASE_4_BACKWARD,90.00,-0.75,640.0,360.0,95.20,-1000,-1000
2426,15:27:18.025,ROI,160,160,192,192,9.43,10.21,0.0,0.0,97.96,644.55,266.66,82.66,92.70,0.9528,4.1700,87.8400,0.0000,0.0000,0.4887,0,87.8400,807.3921,811.4166,1.1762,809.5673,0.4595,PHASE_4_BACKWARD,90.00,-0.43,640.0,360.0,93.45,-1000,-1000
2427,15:27:18.074,ROI,160,160,192,192,11.20,11.92,0.0,32.775,83.91,645.68,266.68,78.91,91.07,0.9379,6.0900,82.8600,0.0000,0.0000,0.5229,0,82.8600,806.1342,812.2524,1.1829,809.4496,0.4581,PHASE_4_BACKWARD,90.00,-0.55,640.0,360.0,93.49,-1000,-1000
2428,15:27:18.136,ROI,160,160,192,192,11.77,12.49,0.0,31.3,80.08,644.66,269.38,82.49,93.13,0.9028,7.9500,87.9000,0.0000,0.0000,0.7065,0,87.9000,806.1324,812.9515,1.2449,809.9139,0.4454,PHASE_4_BACKWARD,90.00,-0.09,640.0,360.0,90.74,-1000,-1000
2429,15:27:18.202,ROI,160,160,192,192,12.05,13.08,0.0,0.0,76.48,645.09,268.92,81.30,94.45,0.9720,7.6700,82.5200,0.0000,0.0000,0.6555,0,82.5200,805.3128,813.3593,1.2378,809.7636,0.4469,PHASE_4_BACKWARD,90.00,-0.24,640.0,360.0,91.23,-1000,-1000
2430,15:27:18.314,ROI,160,160,192,192,10.63,11.34,3.95,34.45,88.19,644.45,272.08,83.51,95.26,0.9114,8.5500,86.0600,0.0000,0.0000,0.7157,0,86.0600,805.7041,813.7356,1.2770,810.2084,0.4392,PHASE_4_BACKWARD,90.00,0.21,640.0,360.0,88.03,-1000,-1000
2431,15:27:18.360,ROI,160,160,192,192,7.65,8.36,0.0,46.75,119.67,642.79,274.27,84.67,96.46,0.9191,3.7800,84.1400,0.0000,0.0000,0.4857,0,84.1400,805.1377,813.5891,1.3238,809.9522,0.4303,PHASE_4_BACKWARD,90.00,-0.05,640.0,360.0,85.78,-1000,-1000
2432,15:27:18.425,ROI,160,160,224,224,9.14,9.86,0.0,0.0,101.42,644.70,275.22,83.79,95.96,0.9373,9.2300,82.3100,0.0000,0.0000,0.6980,0,82.3100,804.0120,813.3085,1.3481,809.3494,0.4259,PHASE_4_BACKWARD,90.00,-0.65,640.0,360.0,84.91,-1000,-1000
2433,15:27:18.490,ROI,160,160,192,192,9.73,10.70,7.05,0.0,93.47,644.04,276.87,81.55,96.91,0.9410,8.1400,83.9300,0.0000,0.0000,0.6852,0,83.9300,803.7881,812.9480,1.3708,809.0843,0.4218,PHASE_4_BACKWARD,90.00,-0.92,640.0,360.0,83.23,-1000,-1000
2434,15:27:18.537,ROI,160,160,224,224,14.17,15.07,10.775,0.0,66.37,643.96,278.37,84.21,95.97,0.9395,12.1400,82.3600,0.0000,0.0000,0.8058,0,82.3600,803.7154,812.5160,1.4308,808.8956,0.4114,PHASE_4_BACKWARD,90.00,-1.10,640.0,360.0,81.73,-1000,-1000
2435,15:27:18.600,ROI,160,160,192,192,10.29,11.09,0.0,0.0,90.18,644.81,278.65,81.13,98.63,0.9384,7.5200,84.5200,0.0000,0.0000,0.6762,0,84.5200,803.5091,812.1786,1.4484,808.6377,0.4084,PHASE_4_BACKWARD,90.00,-1.36,640.0,360.0,81.49,-1000,-1000
2436,15:27:18.713,ROI,160,160,224,224,13.37,14.33,3.825,0.0,69.80,643.68,281.67,86.02,95.94,0.8886,12.1700,81.5500,0.0000,0.0000,0.7998,0,81.5500,802.7905,811.6498,1.4974,808.1024,0.4004,PHASE_4_BACKWARD,90.00,-1.90,640.0,360.0,78.42,-1000,-1000
2437,15:27:18.777,ROI,160,160,192,192,8.61,9.49,0.0,41.2,105.43,643.02,283.99,84.44,99.07,0.9368,7.9200,85.6200,0.0000,0.0000,0.6971,0,85.6200,803.0389,810.8369,1.5469,807.7752,0.3926,PHASE_4_BACKWARD,90.00,-2.22,640.0,360.0,76.07,-1000,-1000
2438,15:27:18.840,ROI,160,160,224,224,9.23,10.02,0.0,39.025,99.84,643.74,283.59,84.91,99.09,0.9753,14.4000,82.4500,0.0000,0.0000,0.8291,0,82.4500,802.7188,809.9082,1.5592,807.0989,0.3908,PHASE_4_BACKWARD,90.00,-2.90,640.0,360.0,76.50,-1000,-1000
2439,15:27:18.889,ROI,160,160,224,224,8.24,9.18,0.0,42.6,108.94,643.48,285.79,86.42,99.54,0.9403,11.4000,83.5700,0.0000,0.0000,0.7856,0,83.5700,802.5661,808.9063,1.5607,806.4303,0.3905,PHASE_4_BACKWARD,90.00,-3.57,640.0,360.0,74.30,-1000,-1000
2440,15:27:18.953,ROI,160,160,224,224,12.44,13.30,0.0,0.0,75.18,642.82,286.36,86.48,100.03,0.9737,13.9600,83.9100,0.0000,0.0000,0.8316,0,83.9100,802.5934,807.6572,1.5350,805.6597,0.3945,PHASE_4_BACKWARD,90.00,-4.34,640.0,360.0,73.70,-1000,-1000
2441,15:27:19.017,ROI,160,160,224,224,11.81,12.54,0.0,0.0,79.74,643.18,288.45,82.54,98.20,0.9155,10.5800,85.8300,0.0000,0.0000,0.7907,0,85.8300,803.0271,806.5742,1.5202,805.1667,0.3968,PHASE_4_BACKWARD,90.00,-4.83,640.0,360.0,71.62,-1000,-1000
2442,15:27:19.063,ROI,160,160,224,224,11.47,12.27,0.0,31.85,81.50,644.08,289.29,80.65,96.54,0.9604,14.1800,81.8800,0.0000,0.0000,0.7924,0,81.8800,802.7250,805.8693,1.4912,804.6071,0.4014,PHASE_4_BACKWARD,90.00,-5.39,640.0,360.0,70.83,-1000,-1000
2443,15:27:19.193,ROI,160,160,224,224,9.16,9.87,0.0,0.0,101.31,643.37,290.78,81.79,97.99,0.9532,15.9900,84.0900,0.0000,0.0000,0.8812,0,84.0900,803.0855,805.2140,1.4853,804.3575,0.4024,PHASE_4_BACKWARD,90.00,-5.64,640.0,360.0,69.30,-1000,-1000
2444,15:27:19.241,ROI,160,160,224,224,9.16,10.00,0.0,0.0,100.00,643.50,291.83,83.37,98.06,0.9603,13.8100,82.3600,0.0000,0.0000,0.8297,0,82.3600,803.1530,804.7527,1.4788,804.1074,0.4034,PHASE_4_BACKWARD,90.00,-5.89,640.0,360.0,68.26,-1000,-1000
2445,15:27:19.304,ROI,160,160,224,224,10.67,11.51,0.0,0.0,86.88,642.93,293.74,83.34,96.64,0.9486,12.6900,83.6400,0.0000,0.0000,0.8145,0,83.6400,803.0253,804.6874,1.4533,804.0099,0.4076,PHASE_4_BACKWARD,90.00,-5.99,640.0,360.0,66.32,-1000,-1000
2446,15:27:19.352,ROI,160,160,224,224,12.89,13.61,0.0,0.0,73.47,642.71,295.51,83.13,96.98,0.9594,8.5700,85.1400,0.0000,0.0000,0.7052,0,85.1400,803.7509,804.6977,1.4570,804.3123,0.4070,PHASE_4_BACKWARD,90.00,-5.69,640.0,360.0,64.55,-1000,-1000
2447,15:27:19.415,ROI,160,160,224,224,10.41,11.26,0.0,0.0,88.85,643.46,297.30,81.83,95.76,0.9466,9.9600,84.9600,0.0000,0.0000,0.7555,0,84.9600,803.8903,805.0168,1.4277,804.5528,0.4119,PHASE_4_BACKWARD,90.00,-5.45,640.0,360.0,62.80,-1000,-1000
2448,15:27:19.481,ROI,160,160,192,192,11.19,11.93,0.0,32.75,83.83,643.44,299.95,79.85,97.68,0.9244,11.1600,87.0900,0.0000,0.0000,0.7789,0,87.0900,804.8162,805.5388,1.4490,805.2437,0.4083,PHASE_4_BACKWARD,90.00,-4.76,640.0,360.0,60.15,-1000,-1000
2449,15:27:19.530,ROI,160,160,224,224,9.84,10.68,0.0,36.6,93.67,644.48,300.22,78.95,93.24,0.9302,13.1200,86.9600,0.0000,0.0000,0.8136,0,86.9600,805.4841,805.9436,1.4609,805.7569,0.4064,PHASE_4_BACKWARD,90.00,-4.24,640.0,360.0,59.95,-1000,-1000
2450,15:27:19.658,ROI,160,160,192,192,9.10,9.80,0.0,39.85,102.01,643.08,303.24,79.63,96.97,0.9065,13.1300,88.3800,0.0000,0.0000,0.8104,0,88.3800,806.1898,806.4590,1.4906,806.3509,0.4015,PHASE_4_BACKWARD,90.00,-3.65,640.0,360.0,56.84,-1000,-1000
2451,15:27:19.703,ROI,160,160,224,224,9.33,10.03,0.0,0.0,99.73,644.16,302.55,79.56,94.05,0.9441,13.4800,87.8800,0.0000,0.0000,0.7964,0,87.8800,806.8667,807.1259,1.4828,807.0215,0.4028,PHASE_4_BACKWARD,90.00,-2.98,640.0,360.0,57.60,-1000,-1000
2452,15:27:19.767,ROI,160,160,192,192,12.91,13.67,0.0,28.575,73.14,642.97,305.61,80.63,97.42,0.9111,12.2200,87.5000,0.0000,0.0000,0.7977,0,87.5000,807.2221,807.7634,1.5054,807.5474,0.3991,PHASE_4_BACKWARD,90.00,-2.45,640.0,360.0,54.47,-1000,-1000
2453,15:27:19.833,ROI,160,160,224,224,10.03,11.24,0.0,0.0,88.98,643.72,306.08,81.34,97.09,0.9723,10.9900,89.8900,0.0000,0.0000,0.7765,0,89.8900,808.2165,808.6755,1.4853,808.4908,0.4024,PHASE_4_BACKWARD,90.00,-1.51,640.0,360.0,54.05,-1000,-1000
2454,15:27:19.881,ROI,160,160,224,224,12.41,13.31,0.0,29.375,75.16,643.42,307.37,81.54,96.77,0.9666,11.6200,88.1400,0.0000,0.0000,0.7978,0,88.1400,808.4285,809.5294,1.4907,809.0874,0.4015,PHASE_4_BACKWARD,90.00,-0.91,640.0,360.0,52.74,-1000,-1000
2455,15:27:19.946,ROI,160,160,224,224,9.46,10.54,0.0,0.0,94.86,643.39,308.97,80.81,96.43,0.9589,10.1900,87.2900,0.0000,0.0000,0.7374,0,87.2900,808.8031,810.1465,1.5165,809.6127,0.3974,PHASE_4_BACKWARD,90.00,-0.39,640.0,360.0,51.14,-1000,-1000
2456,15:27:19.992,ROI,160,160,224,224,10.20,11.02,0.0,35.45,90.71,643.42,310.25,80.28,96.42,0.9675,8.8200,88.5800,0.0000,0.0000,0.7302,0,88.5800,809.0602,810.6924,1.5054,810.0409,0.3991,PHASE_4_BACKWARD,90.00,0.04,640.0,360.0,49.86,-1000,-1000
2457,15:27:20.057,ROI,160,160,224,224,9.21,9.93,0.0,0.0,100.73,643.25,312.67,79.37,97.13,0.9407,9.4100,92.4500,0.0000,0.0000,0.7447,0,92.4500,810.1264,811.1072,1.5248,810.7187,0.3961,PHASE_4_BACKWARD,90.00,0.72,640.0,360.0,47.44,-1000,-1000
2458,15:27:20.170,ROI,160,160,224,224,9.72,11.00,0.0,0.0,90.94,643.00,315.49,80.43,99.32,0.9321,11.9400,93.0100,0.0000,0.0000,0.8070,0,93.0100,811.1891,811.1747,1.5492,811.1804,0.3923,PHASE_4_BACKWARD,90.00,1.18,640.0,360.0,44.61,-1000,-1000
2459,15:27:20.233,ROI,160,160,224,224,9.58,10.33,0.0,0.0,96.85,643.64,315.83,80.81,98.90,0.9775,14.0700,89.3400,0.0000,0.0000,0.8315,0,89.3400,811.5544,811.1309,1.5606,811.2963,0.3905,PHASE_4_BACKWARD,90.00,1.30,640.0,360.0,44.32,-1000,-1000
2460,15:27:20.297,ROI,160,160,224,224,10.40,11.11,0.0,35.15,89.99,642.82,318.28,82.40,98.13,0.9329,12.9100,92.4600,0.0000,0.0000,0.8380,0,92.4600,812.0578,811.0928,1.5748,811.4676,0.3884,PHASE_4_BACKWARD,90.00,1.47,640.0,360.0,41.82,-1000,-1000
2461,15:27:20.344,ROI,160,160,224,224,8.97,10.01,10.9,39.05,99.92,643.58,319.83,82.42,100.24,0.9515,12.4000,93.5400,0.0000,0.0000,0.7744,0,93.5400,812.8422,811.0158,1.5857,811.7222,0.3867,PHASE_4_BACKWARD,90.00,1.72,640.0,360.0,40.33,-1000,-1000
2462,15:27:20.408,ROI,160,160,224,224,8.98,9.73,0.0,40.175,102.82,643.17,321.03,81.56,100.55,0.9665,13.8800,91.8800,0.0000,0.0000,0.8128,0,91.8800,812.9288,810.8655,1.5784,811.6657,0.3878,PHASE_4_BACKWARD,90.00,1.67,640.0,360.0,39.10,-1000,-1000
2463,15:27:20.472,ROI,160,160,224,224,11.19,12.19,7.15,0.0,82.05,643.35,322.43,81.86,98.95,0.9681,12.8400,92.2400,0.0000,0.0000,0.7857,0,92.2400,813.0643,810.6458,1.5729,811.5858,0.3887,PHASE_4_BACKWARD,90.00,1.59,640.0,360.0,37.72,-1000,-1000
2464,15:27:20.519,ROI,160,160,224,224,11.39,12.10,0.0,0.0,82.62,643.74,323.16,82.54,100.04,0.9760,13.3900,90.9700,0.0000,0.0000,0.7970,0,90.9700,812.9556,810.3134,1.5555,811.3473,0.3913,PHASE_4_BACKWARD,90.00,1.35,640.0,360.0,37.03,-1000,-1000
2465,15:27:20.649,ROI,160,160,224,224,10.17,11.21,3.325,0.0,89.17,642.68,325.56,84.55,99.40,0.9296,12.2000,90.6000,0.0000,0.0000,0.8107,0,90.6000,812.6489,809.9312,1.5585,810.9934,0.3909,PHASE_4_BACKWARD,90.00,0.99,640.0,360.0,34.54,-1000,-1000
2466,15:27:20.697,ROI,160,160,224,224,9.93,10.65,0.0,0.0,93.91,643.60,327.53,85.09,99.50,0.9409,10.9200,93.4700,0.0000,0.0000,0.7641,0,93.4700,813.0674,809.6273,1.5895,810.9558,0.3862,PHASE_4_BACKWARD,90.00,0.96,640.0,360.0,32.66,-1000,-1000
2467,15:27:20.761,ROI,160,160,224,224,10.51,11.55,0.0,33.825,86.58,644.93,328.82,83.52,98.66,0.9443,11.9900,90.3300,0.0000,0.0000,0.7708,0,90.3300,812.7168,809.6691,1.5912,810.8452,0.3859,PHASE_4_BACKWARD,90.00,0.85,640.0,360.0,31.57,-1000,-1000
2468,15:27:20.825,ROI,160,160,224,224,9.28,10.00,0.0,0.0,99.98,643.30,329.54,86.55,99.58,0.9486,13.0100,90.0100,0.0000,0.0000,0.8074,0,90.0100,812.3994,809.6478,1.6059,810.7037,0.3837,PHASE_4_BACKWARD,90.00,0.70,640.0,360.0,30.64,-1000,-1000
2469,15:27:20.874,ROI,160,160,224,224,11.45,12.33,0.0,31.7,81.11,643.24,330.37,85.88,99.55,0.9759,12.5300,88.8400,0.0000,0.0000,0.8170,0,88.8400,811.7584,809.7620,1.5676,810.5395,0.3895,PHASE_4_BACKWARD,90.00,0.54,640.0,360.0,29.80,-1000,-1000
2470,15:27:20.937,ROI,160,160,224,224,12.11,12.98,0.0,30.075,77.02,645.06,331.18,85.64,96.56,0.9301,9.3600,88.2500,0.0000,0.0000,0.7451,0,88.2500,810.9375,810.0037,1.5463,810.3704,0.3927,PHASE_4_BACKWARD,90.00,0.37,640.0,360.0,29.26,-1000,-1000
2471,15:27:20.984,ROI,160,160,224,224,11.59,12.64,0.0,30.9,79.11,645.32,332.44,84.80,95.47,0.9645,11.1700,85.9900,0.0000,0.0000,0.7770,0,85.9900,809.9064,810.6217,1.5045,810.3361,0.3993,PHASE_4_BACKWARD,90.00,0.34,640.0,360.0,28.07,-1000,-1000
2472,15:27:21.114,ROI,160,160,192,192,9.60,10.33,0.0,0.0,96.82,643.31,335.78,88.40,96.04,0.8915,3.2700,89.5700,0.0000,0.0000,0.4025,0,89.5700,809.4821,811.1529,1.4905,810.4820,0.4015,PHASE_4_BACKWARD,90.00,0.48,640.0,360.0,24.44,-1000,-1000
2473,15:27:21.161,ROI,160,160,224,224,8.07,8.79,0.0,0.0,113.72,645.00,335.07,86.23,97.08,0.9483,6.9400,87.3400,0.0000,0.0000,0.6638,0,87.3400,808.4818,811.8015,1.4383,810.4400,0.4101,PHASE_4_BACKWARD,90.00,0.44,640.0,360.0,25.43,-1000,-1000
2474,15:27:21.224,ROI,160,160,224,224,9.60,10.36,0.0,0.0,96.52,645.70,336.57,87.82,96.74,0.9522,8.2300,84.7100,0.0000,0.0000,0.7377,0,84.7100,807.0857,812.7011,1.3848,810.3465,0.4193,PHASE_4_BACKWARD,90.00,0.35,640.0,360.0,24.12,-1000,-1000
2475,15:27:21.289,ROI,160,160,224,224,9.21,10.14,0.0,0.0,98.62,645.62,337.04,89.54,96.63,0.9714,9.2000,85.3100,0.0000,0.0000,0.7647,0,85.3100,806.3102,813.7370,1.3326,810.5531,0.4287,PHASE_4_BACKWARD,90.00,0.55,640.0,360.0,23.64,-1000,-1000
2476,15:27:21.338,ROI,160,160,224,224,10.33,11.33,10.1,0.0,88.23,645.77,340.77,90.19,99.85,0.9204,7.5800,87.2300,0.0000,0.0000,0.6976,0,87.2300,806.1153,814.7011,1.3498,811.0472,0.4256,PHASE_4_BACKWARD,90.00,1.05,640.0,360.0,20.08,-1000,-1000
