frame_id,timestamp,mode,input_width,input_height,roi_w,roi_h,inf_time_ms,end_to_end_time_ms,cpu_load_pct,end_to_end_cpu_load_pct,fps,x_center,y_center,width,height,iou_prev_bbox,group1_magnitude,group1_angle,group2_magnitude,group2_angle,best_conf,tracking_lost,raw_angle,model_angle_smooth,trajectory_angle_smooth,estimated_speed,fused_angle,fused_weight_x,pid_mode,target_angle,angle_error,target_x,target_y,distance_error,ble_speed_left,ble_speed_right,post_ph4_spin_elapsed_s,post_ph4_re_rfb_elapsed_s
7098,15:40:38.063,ROI,160,160,288,288,15.05,16.20,3.4,0.0,61.74,782.49,318.72,133.16,111.94,0.9991,15.3700,-43.2600,0.0000,0.0000,0.8062,0,-43.2600,316.5258,293.6416,0.0501,315.4335,0.9523,PHASE_1_ALIGNING,118.27,-162.83,688.7,144.3,198.04,-2000,2000,,
7099,15:40:38.093,ROI,160,160,288,288,14.55,15.68,0.0,0.0,63.79,782.38,318.72,133.13,112.00,0.9979,15.4300,-43.1800,0.0000,0.0000,0.8071,0,-43.1800,316.4332,290.3202,0.0101,316.1718,0.9900,PHASE_1_ALIGNING,118.24,-162.07,688.7,144.3,197.98,-2000,2000,,
7100,15:40:38.160,ROI,160,160,288,288,14.41,15.49,0.0,0.0,64.56,782.38,318.68,133.20,111.92,0.9988,15.4700,-43.0500,0.0000,0.0000,0.8081,0,-43.0500,316.7446,303.5039,0.0157,316.5403,0.9846,PHASE_1_ALIGNING,118.24,-161.70,688.7,144.3,197.95,-2000,2000,,
7101,15:40:38.224,ROI,160,160,288,288,17.12,18.20,0.0,0.0,54.93,782.40,318.68,133.18,111.83,0.9989,15.7300,-43.2400,0.0000,0.0000,0.8084,0,-43.2400,316.7514,314.3613,0.0141,316.7183,0.9861,PHASE_1_ALIGNING,118.25,-161.53,688.7,144.3,197.96,-2000,2000,,
7102,15:40:38.288,ROI,160,160,288,288,14.12,15.42,8.575,25.325,64.83,782.40,318.70,133.25,111.80,0.9991,15.7400,-43.2400,0.0000,0.0000,0.8088,0,-43.2400,316.8173,325.7958,0.0132,316.9345,0.9869,PHASE_1_ALIGNING,118.25,-161.31,688.7,144.3,197.98,-2000,2000,,
7103,15:40:38.335,ROI,160,160,288,288,16.97,18.40,0.0,21.225,54.36,782.45,318.76,133.31,111.78,0.9982,15.7700,-43.2100,0.0000,0.0000,0.8100,0,-43.2100,316.9005,339.5388,0.0101,317.1264,0.9900,PHASE_1_ALIGNING,118.25,-161.13,688.7,144.3,198.05,-2000,2000,,
7104,15:40:38.399,ROI,160,160,288,288,19.85,21.04,0.0,37.15,47.54,782.41,318.76,133.29,111.73,0.9990,15.7200,-43.1800,0.0000,0.0000,0.8082,0,-43.1800,316.8988,354.5864,0.0085,317.2168,0.9916,PHASE_1_ALIGNING,118.24,-161.03,688.7,144.3,198.03,-2000,2000,,
7105,15:40:38.464,ROI,160,160,288,288,15.33,16.26,0.0,0.0,61.49,782.58,318.79,133.76,111.29,0.9927,15.3900,-42.0400,0.0000,0.0000,0.7999,0,-42.0400,317.1381,336.0150,0.0072,317.2730,0.9929,PHASE_1_ALIGNING,118.28,-161.01,688.7,144.3,198.14,-2000,2000,,
7106,15:40:38.511,ROI,160,160,288,288,15.89,17.01,0.0,22.975,58.79,782.27,318.97,134.96,111.06,0.9879,15.6200,-41.1300,0.0000,0.0000,0.7861,0,-41.1300,317.5126,318.4080,0.0122,317.5235,0.9879,PHASE_1_ALIGNING,118.18,-160.65,688.7,144.3,198.16,-2000,2000,,
7107,15:40:38.625,ROI,160,160,288,288,14.73,15.86,0.0,0.0,63.05,781.06,318.79,138.15,111.15,0.9738,15.3600,-36.4400,0.0000,0.0000,0.8112,0,-36.4400,318.8197,331.3018,0.0323,319.2102,0.9687,PHASE_1_ALIGNING,117.89,-158.68,688.7,144.3,197.43,-2000,2000,,
7108,15:40:38.688,ROI,160,160,288,288,15.15,18.91,0.0,0.0,52.88,780.06,317.86,139.18,109.10,0.9677,14.7300,-34.3600,0.0000,0.0000,0.8097,0,-34.3600,320.4458,338.0721,0.0693,321.5887,0.9352,PHASE_1_ALIGNING,117.76,-156.17,688.7,144.3,196.14,-2000,2000,,
7109,15:40:38.754,ROI,160,160,288,288,17.47,19.12,8.25,0.0,52.30,778.25,318.30,144.32,109.13,0.9567,14.8400,-34.6500,0.0000,0.0000,0.7729,0,-34.6500,321.8489,343.5329,0.1331,324.3966,0.8825,PHASE_1_ALIGNING,117.23,-152.84,688.7,144.3,195.69,-2000,2000,,
7110,15:40:38.801,ROI,160,160,320,320,13.24,14.31,14.2,27.3,69.89,780.00,317.56,143.78,109.08,0.9631,17.0700,-30.3700,0.0000,0.0000,0.8640,0,-30.3700,323.9989,346.7836,0.1612,327.1621,0.8612,PHASE_1_ALIGNING,117.79,-150.63,688.7,144.3,195.84,-2000,2000,,
7111,15:40:38.866,ROI,160,160,288,288,17.48,18.84,0.0,0.0,53.07,777.52,317.81,146.18,106.31,0.9424,15.3700,-30.7400,0.0000,0.0000,0.8492,0,-30.7400,325.8385,349.1538,0.2259,330.1351,0.8157,PHASE_1_ALIGNING,117.11,-146.97,688.7,144.3,194.92,-2000,2000,,
7112,15:40:38.928,ROI,160,160,320,320,20.32,21.53,0.0,0.0,46.46,778.96,317.94,147.80,103.88,0.9585,16.2200,-27.1900,0.0000,0.0000,0.8560,0,-27.1900,328.1851,350.7162,0.2571,332.7933,0.7955,PHASE_1_ALIGNING,117.47,-144.67,688.7,144.3,195.70,-2000,2000,,
7113,15:40:38.981,ROI,160,160,320,320,25.79,27.16,0.0,14.375,36.81,778.30,318.12,143.48,99.68,0.9315,17.2300,-24.5500,0.0000,0.0000,0.8261,0,-24.5500,330.7949,352.1623,0.2899,335.5971,0.7753,PHASE_1_ALIGNING,117.27,-141.67,688.7,144.3,195.55,-2000,2000,,
7114,15:40:39.107,ROI,160,160,288,288,21.50,22.95,19.8,0.0,43.58,774.38,317.15,146.32,95.38,0.9079,16.0000,-21.0300,0.0000,0.0000,0.8465,0,-21.0300,333.7901,353.3934,0.3844,339.2329,0.7224,PHASE_1_ALIGNING,116.37,-137.13,688.7,144.3,192.92,-2000,2000,,
7115,15:40:39.155,ROI,160,160,320,320,26.36,27.95,15.7,0.0,35.78,771.96,317.84,155.34,96.56,0.9286,18.8400,-16.6000,0.0000,0.0000,0.9186,0,-16.6000,337.3044,354.2264,0.5018,342.9585,0.6659,PHASE_1_ALIGNING,115.63,-132.67,688.7,144.3,192.48,-2000,2000,,
7116,15:40:39.215,ROI,160,160,320,320,20.21,21.73,0.0,0.0,46.02,771.08,316.56,156.52,96.66,0.9631,12.6600,-9.5900,0.0000,0.0000,0.7235,0,-9.5900,341.7885,351.9937,0.6165,345.6807,0.6186,PHASE_1_ALIGNING,115.56,-129.88,688.7,144.3,190.94,-2000,2000,,
7117,15:40:39.283,ROI,160,160,320,320,22.90,24.08,0.0,0.0,41.53,770.14,315.84,152.66,95.70,0.9609,7.9600,-1.2700,0.0000,0.0000,0.6401,0,-1.2700,347.3938,347.2564,0.7279,347.3359,0.5787,PHASE_1_ALIGNING,115.40,-128.06,688.7,144.3,189.89,-2000,2000,,
7118,15:40:39.329,ROI,160,160,320,320,17.59,18.96,36.2,20.6,52.75,774.14,315.98,154.30,94.46,0.9373,7.2600,10.0400,0.0000,0.0000,0.7346,0,10.0400,354.5932,349.6842,0.7445,352.4981,0.5732,PHASE_1_ALIGNING,116.46,-123.96,688.7,144.3,191.77,-2000,2000,,
7119,15:40:39.392,ROI,160,160,320,320,18.03,19.44,8.8,0.0,51.43,771.50,316.12,156.08,95.02,0.9609,9.5100,13.3700,0.0000,0.0000,0.8237,0,13.3700,361.5216,351.4833,0.7880,357.0974,0.5593,PHASE_1_ALIGNING,115.73,-118.63,688.7,144.3,190.73,-2000,2000,,
7120,15:40:39.442,ROI,160,160,320,320,21.05,22.36,12.95,17.475,44.72,769.58,317.40,151.98,93.42,0.9478,14.5000,19.3200,0.0000,0.0000,0.9067,0,19.3200,368.6747,354.5261,0.8366,362.2297,0.5445,PHASE_1_ALIGNING,115.04,-112.81,688.7,144.3,191.06,-2000,2000,,
7121,15:40:39.506,ROI,160,160,320,320,19.25,20.41,9.45,0.0,49.00,769.66,317.14,151.12,92.90,0.9888,15.1800,22.0300,0.0000,0.0000,0.8723,0,22.0300,375.2882,359.8234,0.8574,368.1493,0.5384,PHASE_1_ALIGNING,115.10,-106.95,688.7,144.3,190.86,-2000,2000,,
7122,15:40:39.618,ROI,160,160,320,320,21.09,22.27,4.25,0.0,44.90,773.16,314.00,134.72,95.72,0.8383,16.2800,32.4700,0.0000,0.0000,0.8952,0,32.4700,382.8974,366.3153,0.8034,375.5100,0.5545,PHASE_1_ALIGNING,116.46,-100.95,688.7,144.3,189.56,-2000,2000,,
7123,15:40:39.682,ROI,160,160,288,288,21.43,22.84,0.0,0.0,43.79,776.58,313.87,129.96,99.65,0.9137,14.9100,35.8200,0.0000,0.0000,0.8455,0,35.8200,389.9918,355.0767,0.6726,375.9512,0.5979,PHASE_1_ALIGNING,117.40,-101.44,688.7,144.3,190.99,-2000,2000,,
7124,15:40:39.744,ROI,160,160,288,288,20.86,22.16,0.0,0.0,45.12,776.05,316.22,118.51,100.26,0.8720,17.1200,45.6200,0.0000,0.0000,0.8679,0,45.6200,397.8271,341.3615,0.5308,378.2484,0.6533,PHASE_1_ALIGNING,116.94,-98.69,688.7,144.3,192.84,-2000,2000,,
7125,15:40:39.792,ROI,160,160,256,256,28.68,30.07,0.0,0.0,33.25,776.56,315.09,110.34,105.02,0.8916,16.4100,51.9500,0.0000,0.0000,0.8399,0,51.9500,405.9572,340.3866,0.4014,387.1749,0.7136,PHASE_1_ALIGNING,117.22,-90.05,688.7,144.3,192.06,-2000,2000,,
7126,15:40:39.857,ROI,160,160,224,224,23.63,25.01,57.025,0.0,39.98,777.65,315.46,101.01,103.39,0.9012,18.7600,57.6300,0.0000,0.0000,0.9128,0,57.6300,413.9303,371.4697,0.2803,404.6337,0.7811,PHASE_1_ALIGNING,117.46,-72.83,688.7,144.3,192.90,-2000,2000,,
7127,15:40:39.920,ROI,160,160,224,224,22.93,24.20,0.0,0.0,41.31,778.12,315.25,99.40,102.19,0.9726,19.2000,58.0300,0.0000,0.0000,0.9094,0,58.0300,420.3392,395.0198,0.2000,416.1192,0.8333,PHASE_1_ALIGNING,117.61,-61.49,688.7,144.3,192.93,-1845,1845,,
7128,15:40:39.968,ROI,160,160,224,224,24.16,25.41,0.0,0.0,39.35,779.32,316.23,93.04,101.85,0.9187,19.4700,71.6500,0.0000,0.0000,0.8897,0,71.6500,428.3854,404.7289,0.2015,424.4182,0.8323,PHASE_1_ALIGNING,117.79,-53.37,688.7,144.3,194.35,-1601,1601,,
7129,15:40:40.096,ROI,160,160,224,224,28.85,30.12,3.8,12.975,33.20,778.64,316.34,92.76,106.02,0.9470,12.7600,80.1100,0.0000,0.0000,0.7084,0,80.1100,436.3322,408.0013,0.2739,430.2417,0.7850,PHASE_1_ALIGNING,117.60,-47.36,688.7,144.3,194.13,-1421,1421,,
7130,15:40:40.145,ROI,160,160,224,224,23.59,25.12,0.0,0.0,39.80,780.16,316.52,91.92,104.64,0.9551,10.3900,87.7800,0.0000,0.0000,0.7434,0,87.7800,444.2987,407.0726,0.4252,433.1929,0.7017,PHASE_1_ALIGNING,117.97,-44.78,688.7,144.3,195.00,-1343,1343,,
7131,15:40:40.208,ROI,160,160,224,224,21.56,22.87,0.0,17.075,43.73,778.42,318.27,98.80,106.01,0.9006,10.4100,90.5900,0.0000,0.0000,0.7571,0,90.5900,451.1165,403.5294,0.5446,434.3384,0.6474,PHASE_1_ALIGNING,117.28,-42.94,688.7,144.3,195.74,-1288,1288,,
7132,15:40:40.274,ROI,160,160,224,224,21.05,22.22,8.975,35.15,45.00,777.41,315.96,99.08,106.12,0.9385,13.4000,97.5300,0.0000,0.0000,0.8398,0,97.5300,457.7260,436.2369,0.5803,449.8354,0.6328,PHASE_1_ALIGNING,117.33,-27.49,688.7,144.3,193.22,-825,825,,
7133,15:40:40.320,ROI,160,160,224,224,18.87,20.28,16.325,0.0,49.30,776.47,317.31,101.07,104.48,0.9558,9.0600,98.5700,0.0000,0.0000,0.8335,0,98.5700,462.9606,464.6640,0.5478,463.5635,0.6461,PHASE_2_DRIVING,116.90,-13.34,688.7,144.3,194.00,1529,2000,,
7134,15:40:40.384,ROI,160,160,224,224,22.13,23.38,9.075,16.7,42.77,775.27,316.75,109.24,112.49,0.8593,12.3000,107.8000,0.0000,0.0000,0.8953,0,107.8000,468.8427,489.1093,0.4689,475.3121,0.6808,PHASE_2_DRIVING,116.66,-1.35,688.7,144.3,192.96,2000,728,,
7135,15:40:40.432,ROI,160,160,256,256,23.78,25.37,0.0,15.4,39.42,778.74,316.21,106.32,107.97,0.9005,4.5300,105.4600,0.0000,0.0000,0.5468,0,105.4600,473.1108,510.1495,0.4211,484.0863,0.7037,PHASE_2_DRIVING,117.65,6.44,688.7,144.3,194.06,2000,907,,
7136,15:40:40.566,ROI,160,160,224,224,19.87,21.40,3.575,0.0,46.74,776.89,315.71,120.46,110.54,0.8621,12.5500,113.2900,0.0000,0.0000,0.8560,0,113.2900,478.3658,528.0111,0.4003,492.5583,0.7141,PHASE_2_DRIVING,117.23,15.33,688.7,144.3,192.76,2000,651,,
7137,15:40:40.610,ROI,160,160,256,256,17.43,18.90,53.45,20.675,52.91,777.95,314.98,123.95,109.98,0.9594,6.4300,118.3900,0.0000,0.0000,0.7958,0,118.3900,483.2232,542.9697,0.3400,498.3834,0.7463,PHASE_2_DRIVING,117.61,20.78,688.7,144.3,192.61,2000,806,,
7138,15:40:40.673,ROI,160,160,256,256,14.43,16.03,0.0,0.0,62.38,774.94,314.38,130.59,109.46,0.9392,6.6900,119.4900,0.0000,0.0000,0.8005,0,119.4900,487.1244,553.9506,0.1787,497.2536,0.8484,PHASE_2_DRIVING,116.89,20.37,688.7,144.3,190.70,2000,1369,,
7139,15:40:40.737,ROI,160,160,288,288,12.35,13.87,8.275,0.0,72.10,778.01,315.76,130.27,108.50,0.9306,3.3300,123.5800,0.0000,0.0000,0.4650,0,123.5800,490.4065,555.1730,0.0789,495.1403,0.9269,PHASE_2_DRIVING,117.51,17.63,688.7,144.3,193.33,2000,1750,,
7140,15:40:40.784,ROI,160,160,288,288,24.72,26.16,0.0,0.0,38.22,776.33,314.77,132.34,108.32,0.9571,7.0400,131.2200,0.0000,0.0000,0.5571,0,131.2200,494.6308,562.0510,0.0379,497.0905,0.9635,PHASE_2_DRIVING,117.20,19.89,688.7,144.3,191.67,2000,1103,,
7141,15:40:40.850,ROI,160,160,288,288,26.74,28.01,0.0,0.0,35.70,775.32,315.10,135.68,106.88,0.9627,10.8600,135.8400,0.0000,0.0000,0.6929,0,135.8400,498.4405,558.8839,0.1047,504.1683,0.9052,PHASE_2_DRIVING,116.89,27.28,688.7,144.3,191.51,2000,550,,
7142,15:40:40.962,ROI,160,160,288,288,15.17,16.34,0.0,0.0,61.19,767.30,313.69,156.11,102.11,0.8352,13.3100,141.1300,0.0000,0.0000,0.7919,0,141.1300,502.6670,555.1641,0.3047,514.9268,0.7665,PHASE_2_DRIVING,114.89,40.04,688.7,144.3,186.73,2000,94,,
7143,15:40:41.025,ROI,160,160,320,320,14.27,15.31,0.0,0.0,65.32,773.34,312.98,147.42,106.58,0.8872,13.2300,139.3300,0.0000,0.0000,0.8220,0,139.3300,505.5529,546.1485,0.3891,516.9231,0.7199,PHASE_2_DRIVING,116.65,40.28,688.7,144.3,188.72,2000,832,,
7144,15:40:41.089,ROI,160,160,320,320,12.31,13.87,8.125,0.0,72.12,771.58,313.50,149.84,105.84,0.9672,10.6200,140.5400,0.0000,0.0000,0.7488,0,140.5400,507.7845,551.8614,0.4700,521.8780,0.6803,PHASE_2_DRIVING,116.10,45.78,688.7,144.3,188.41,2000,384,,
7145,15:40:41.137,ROI,160,160,320,320,19.51,20.66,0.0,0.0,48.39,768.06,312.04,156.26,102.30,0.9244,10.9600,144.5000,0.0000,0.0000,0.7438,0,144.5000,509.4165,554.1535,0.5984,526.1645,0.6256,PHASE_2_DRIVING,115.32,50.85,688.7,144.3,185.57,2000,338,,
7146,15:40:41.200,ROI,160,160,320,320,15.11,16.06,0.0,0.0,62.28,768.76,311.58,152.82,102.30,0.9693,13.0300,144.6300,0.0000,0.0000,0.7895,0,144.6300,511.0715,549.2214,0.6686,526.3575,0.5993,PHASE_2_DRIVING,115.58,50.78,688.7,144.3,185.45,2000,657,,
7147,15:40:41.264,ROI,160,160,320,320,14.64,15.53,0.0,0.0,64.41,765.74,310.82,157.42,101.42,0.9479,12.4500,147.5800,0.0000,0.0000,0.8005,0,147.5800,512.9899,539.7154,0.7795,524.6968,0.5620,PHASE_2_DRIVING,114.83,49.87,688.7,144.3,183.48,2000,736,,
7148,15:40:41.313,ROI,160,160,320,320,20.09,21.03,0.0,18.575,47.55,764.04,311.32,160.80,103.12,0.9627,13.0800,145.8800,0.0000,0.0000,0.7874,0,145.8800,514.2289,526.3247,0.8560,519.8075,0.5388,PHASE_2_DRIVING,114.28,45.53,688.7,144.3,183.23,2000,1121,,
7149,15:40:41.425,ROI,160,160,352,352,20.04,21.34,4.3,0.0,46.86,762.59,308.67,158.22,101.75,0.9328,8.9500,144.9300,0.0000,0.0000,0.6868,0,144.9300,514.5664,509.4837,0.9568,512.0812,0.5110,PHASE_2_DRIVING,114.21,37.87,688.7,144.3,180.21,2000,1729,,
7150,15:40:41.488,ROI,160,160,320,320,17.98,18.94,9.4,0.0,52.79,765.34,308.84,150.50,99.92,0.9341,13.3000,146.8200,0.0000,0.0000,0.7899,0,146.8200,515.1085,509.4433,1.0127,512.2581,0.4969,PHASE_2_DRIVING,114.98,37.28,688.7,144.3,181.51,2000,965,,
7151,15:40:41.551,ROI,160,160,320,320,16.57,17.93,0.0,0.0,55.78,761.86,307.80,152.78,98.82,0.9359,12.7200,146.7700,0.0000,0.0000,0.7781,0,146.7700,514.8912,509.4453,1.1072,512.0297,0.4746,PHASE_2_DRIVING,114.11,37.92,688.7,144.3,179.12,2000,847,,
7152,15:40:41.600,ROI,160,160,320,320,16.72,17.68,12.875,22.1,56.56,761.80,307.56,150.68,99.04,0.9815,12.7400,146.6100,0.0000,0.0000,0.7748,0,146.6100,514.8211,509.6200,1.1950,511.9895,0.4556,PHASE_2_DRIVING,114.12,37.87,688.7,144.3,178.88,2000,906,,
7153,15:40:41.664,ROI,160,160,320,320,19.60,20.65,0.0,0.0,48.43,761.18,306.26,149.18,99.58,0.9646,13.3000,146.0800,0.0000,0.0000,0.7857,0,146.0800,513.7016,509.7190,1.2128,511.5188,0.4519,PHASE_2_DRIVING,114.11,37.41,688.7,144.3,177.44,2000,950,,
7154,15:40:41.729,ROI,160,160,320,320,13.68,14.82,0.0,0.0,67.49,760.44,305.76,148.58,100.06,0.9803,12.2600,144.0700,0.0000,0.0000,0.7582,0,144.0700,512.3281,510.0106,1.2421,511.0442,0.4460,PHASE_2_DRIVING,113.96,37.09,688.7,144.3,176.68,2000,945,,
7155,15:40:41.778,ROI,160,160,320,320,14.20,15.32,0.0,25.5,65.28,761.18,304.10,143.88,102.68,0.9380,12.0200,142.1400,0.0000,0.0000,0.7873,0,142.1400,510.5863,510.1422,1.2253,510.3417,0.4494,PHASE_2_DRIVING,114.40,35.94,688.7,144.3,175.47,2000,1045,,
7156,15:40:41.908,ROI,160,160,288,288,35.11,36.44,0.0,32.15,27.44,756.45,302.99,140.87,96.82,0.8834,15.3700,145.9700,0.0000,0.0000,0.8019,0,145.9700,509.3339,510.0055,1.3072,509.7144,0.4334,PHASE_2_DRIVING,113.12,36.60,688.7,144.3,172.55,2000,873,,
7157,15:40:41.961,ROI,160,160,288,288,19.06,20.41,0.0,38.275,49.00,755.66,302.49,138.62,98.15,0.9709,15.5300,147.0900,0.0000,0.0000,0.8074,0,147.0900,508.3006,506.2993,1.2963,507.1708,0.4355,PHASE_2_DRIVING,112.94,34.23,688.7,144.3,171.77,2000,1206,,
7158,15:40:42.016,ROI,160,160,288,288,22.24,24.07,22.275,0.0,41.54,753.18,300.24,136.71,99.09,0.9224,14.7100,144.3300,0.0000,0.0000,0.7716,0,144.3300,507.1388,506.7404,1.3298,506.9114,0.4292,PHASE_2_DRIVING,112.47,34.45,688.7,144.3,168.74,2000,956,,
7159,15:40:42.082,ROI,160,160,288,288,40.10,42.19,37.65,9.25,23.70,750.95,299.75,138.20,101.59,0.9444,14.8000,144.4300,2.6100,136.3000,0.7920,0,144.4300,506.2809,504.4123,1.3565,505.2053,0.4244,PHASE_2_DRIVING,111.82,33.38,688.7,144.3,167.45,2000,1098,,
7160,15:40:42.141,ROI,160,160,288,288,18.38,19.83,22.575,19.7,50.43,747.46,297.56,136.42,102.89,0.9117,14.4700,142.2600,0.0000,0.0000,0.7652,0,142.2600,505.4158,504.1676,1.5385,504.6593,0.3939,PHASE_2_DRIVING,110.98,33.68,688.7,144.3,164.14,2000,966,,
7161,15:40:42.193,ROI,160,160,288,288,21.75,23.01,0.0,0.0,43.46,746.69,296.30,135.90,103.28,0.9650,14.4600,140.2000,0.0000,0.0000,0.7655,0,140.2000,503.9094,503.3335,1.6046,503.5546,0.3839,PHASE_2_DRIVING,110.88,32.67,688.7,144.3,162.69,2000,1110,,
7162,15:40:42.241,ROI,160,160,288,288,31.38,32.56,31.05,0.0,30.71,743.64,295.01,132.84,101.83,0.9322,14.1700,140.2400,0.0000,0.0000,0.7791,0,140.2400,502.5302,502.6219,1.6843,502.5878,0.3725,PHASE_2_DRIVING,110.03,32.56,688.7,144.3,160.41,2000,1028,,
7163,15:40:42.304,ROI,160,160,288,288,39.35,40.76,12.925,0.0,24.54,742.21,293.99,131.04,102.29,0.9594,14.0100,138.7800,0.0000,0.0000,0.7787,0,138.7800,501.2975,502.0766,1.7985,501.7982,0.3573,PHASE_2_DRIVING,109.67,32.13,688.7,144.3,158.97,2000,1067,,
7164,15:40:42.417,ROI,160,160,288,288,26.46,27.83,16.275,0.0,35.94,738.20,290.32,125.71,104.42,0.8772,14.0600,131.9400,0.0000,0.0000,0.7699,0,131.9400,498.7796,501.4552,1.9366,500.5441,0.3405,PHASE_2_DRIVING,108.73,31.82,688.7,144.3,154.18,2000,1064,,
7165,15:40:42.480,ROI,160,160,256,256,21.30,22.64,33.0,0.0,44.16,736.06,288.90,118.50,100.85,0.9104,15.1000,131.5800,0.0000,0.0000,0.7587,0,131.5800,496.7385,501.0695,2.0995,499.6722,0.3226,PHASE_2_DRIVING,108.14,31.54,688.7,144.3,152.16,2000,1067,,
7166,15:40:42.545,ROI,160,160,256,256,18.72,20.02,0.0,19.525,49.95,733.25,286.13,118.45,101.55,0.9039,13.4200,129.0800,0.0000,0.0000,0.8030,0,129.0800,494.2774,501.0609,2.2763,498.9904,0.3052,PHASE_2_DRIVING,107.44,31.55,688.7,144.3,148.66,2000,1039,,
7167,15:40:42.592,ROI,160,160,256,256,25.51,27.00,14.2,0.0,37.04,732.10,285.71,116.22,103.60,0.9617,11.6900,126.2900,0.0000,0.0000,0.8293,0,126.2900,491.4345,501.3906,2.4451,498.5007,0.2903,PHASE_2_DRIVING,107.06,31.44,688.7,144.3,147.92,2000,1054,,
7168,15:40:42.656,ROI,160,160,256,256,19.23,20.51,0.0,0.0,48.76,730.34,283.80,111.94,103.10,0.9287,9.9200,121.7500,0.0000,0.0000,0.8235,0,121.7500,488.1994,501.5920,2.5339,497.8022,0.2830,PHASE_2_DRIVING,106.62,31.18,688.7,144.3,145.58,2000,1073,,
7169,15:40:42.720,ROI,160,160,224,224,19.55,20.84,9.1,0.0,47.97,729.15,282.93,109.75,101.22,0.9609,9.8300,122.8100,0.0000,0.0000,0.7949,0,122.8100,485.6154,502.0401,2.6272,497.5119,0.2757,PHASE_2_DRIVING,106.26,31.25,688.7,144.3,144.41,2000,1042,,
7170,15:40:42.768,ROI,160,160,224,224,20.60,21.97,13.95,0.0,45.51,727.50,280.95,108.29,104.30,0.9343,9.3600,120.4900,0.0000,0.0000,0.8221,0,120.4900,482.9592,502.6897,2.6831,497.3326,0.2715,PHASE_2_DRIVING,105.85,31.48,688.7,144.3,142.05,2000,1021,,
7171,15:40:42.897,ROI,160,160,224,224,21.30,22.58,3.675,0.0,44.28,724.44,277.17,101.42,103.17,0.8724,11.6300,115.5600,0.0000,0.0000,0.8362,0,115.5600,479.6933,503.1534,2.7568,496.9087,0.2662,PHASE_2_DRIVING,105.05,31.85,688.7,144.3,137.59,2000,1000,,
7172,15:40:42.944,ROI,160,160,224,224,20.47,21.78,0.0,0.0,45.92,723.23,276.65,101.77,108.08,0.9325,9.0600,116.3200,0.0000,0.0000,0.8017,0,116.3200,476.8951,503.5095,2.7744,496.4581,0.2649,PHASE_2_DRIVING,104.62,31.84,688.7,144.3,136.78,2000,1036,,
7173,15:40:43.010,ROI,160,160,224,224,23.16,24.68,0.0,0.0,40.52,721.43,273.47,98.77,107.52,0.9103,11.3600,110.5500,0.0000,0.0000,0.8450,0,110.5500,473.1882,503.2307,2.7631,495.2472,0.2657,PHASE_2_DRIVING,104.22,31.03,688.7,144.3,133.25,2000,1130,,
7174,15:40:43.056,ROI,160,160,224,224,27.30,28.74,18.05,0.0,34.79,720.61,274.57,97.22,104.73,0.9579,11.7200,108.1900,0.0000,0.0000,0.8336,0,108.1900,469.9781,502.8127,2.7348,494.0211,0.2678,PHASE_2_DRIVING,103.76,30.26,688.7,144.3,134.12,2000,1145,,
7175,15:40:43.120,ROI,160,160,224,224,20.86,22.27,11.25,0.0,44.90,718.88,273.22,97.13,107.38,0.9412,11.9800,107.9700,0.0000,0.0000,0.8800,0,107.9700,467.5102,502.1968,2.6690,492.7429,0.2726,PHASE_2_DRIVING,103.18,29.57,688.7,144.3,132.40,2000,1155,,
7176,15:40:43.184,ROI,160,160,224,224,20.71,22.04,0.0,0.0,45.38,717.29,269.75,98.34,109.76,0.9088,13.2100,107.9800,0.0000,0.0000,0.8368,0,107.9800,465.4240,501.1711,2.6334,491.3326,0.2752,PHASE_2_DRIVING,102.84,28.50,688.7,144.3,128.67,2000,1220,,
7177,15:40:43.232,ROI,160,160,224,224,25.38,26.68,0.0,0.0,37.48,717.18,269.22,96.57,107.13,0.9585,10.4500,104.7300,0.0000,0.0000,0.8124,0,104.7300,463.3215,499.9219,2.5484,489.6073,0.2818,PHASE_2_DRIVING,102.84,26.76,688.7,144.3,128.13,2000,1338,,
7178,15:40:43.360,ROI,160,160,224,224,22.35,23.74,11.525,0.0,42.11,714.79,265.91,94.21,108.82,0.8958,14.7300,105.5200,0.0000,0.0000,0.8611,0,105.5200,461.8360,498.7669,2.5201,488.2755,0.2841,PHASE_2_DRIVING,102.11,26.17,688.7,144.3,124.37,2000,1231,,
7179,15:40:43.410,ROI,160,160,224,224,17.48,18.87,30.125,20.7,52.99,713.47,263.45,93.10,108.00,0.9296,13.9600,105.4500,0.0000,0.0000,0.8702,0,105.4500,460.7518,497.2703,2.4742,486.7588,0.2878,PHASE_2_DRIVING,101.74,25.02,688.7,144.3,121.69,2000,1322,,
7180,15:40:43.473,ROI,160,160,224,224,21.47,22.71,8.75,17.2,44.04,713.27,261.40,92.09,107.76,0.9526,12.6900,104.3300,0.0000,0.0000,0.8112,0,104.3300,460.0525,495.5841,2.4220,485.2008,0.2922,PHASE_2_DRIVING,101.85,23.35,688.7,144.3,119.65,2000,1427,,
7181,15:40:43.536,ROI,160,160,224,224,18.18,19.47,9.75,0.0,51.36,712.50,259.17,87.88,105.45,0.9154,13.8300,105.3800,0.0000,0.0000,0.8484,0,105.3800,460.0359,493.7315,2.3507,483.6753,0.2984,PHASE_2_DRIVING,101.70,21.97,688.7,144.3,117.30,2000,1435,,
7182,15:40:43.584,ROI,160,160,224,224,21.73,23.02,13.8,0.0,43.45,712.60,256.68,87.92,105.43,0.9516,13.5400,101.2600,0.0000,0.0000,0.8373,0,101.2600,459.0020,491.5575,2.3266,481.7711,0.3006,PHASE_2_DRIVING,102.01,19.76,688.7,144.3,114.89,2000,1606,,
7183,15:40:43.648,ROI,160,160,224,224,16.81,17.91,0.0,21.8,55.82,711.24,253.65,89.73,107.91,0.9169,13.3500,97.4800,0.0000,0.0000,0.7903,0,97.4800,457.6926,489.1859,2.3241,479.7115,0.3008,PHASE_2_DRIVING,101.65,18.06,688.7,144.3,111.65,2000,1595,,
7184,15:40:43.761,ROI,160,160,224,224,15.88,17.13,0.0,0.0,58.39,709.85,250.93,89.74,108.49,0.9226,14.8500,98.9900,0.0000,0.0000,0.8466,0,98.9900,457.0128,486.7495,2.3660,477.9151,0.2971,PHASE_2_DRIVING,101.22,16.69,688.7,144.3,108.71,2000,1596,,
7185,15:40:43.825,ROI,160,160,224,224,15.46,16.64,0.0,0.0,60.08,709.22,248.54,87.43,108.42,0.9329,15.3500,99.3200,0.0000,0.0000,0.8515,0,99.3200,456.6184,484.2645,2.3846,476.0962,0.2955,PHASE_2_DRIVING,101.14,14.96,688.7,144.3,106.25,2000,1703,,
7186,15:40:43.872,ROI,160,160,224,224,18.36,19.51,12.5,0.0,51.25,708.78,246.61,88.03,106.44,0.9551,15.2800,98.4400,0.0000,0.0000,0.8474,0,98.4400,456.0126,481.6850,2.3998,474.1339,0.2941,PHASE_2_DRIVING,101.10,13.03,688.7,144.3,104.27,2000,1798,,
7187,15:40:43.935,ROI,160,160,224,224,16.79,18.07,0.0,0.0,55.36,708.56,243.41,86.77,106.93,0.9286,16.0000,100.6600,0.0000,0.0000,0.8762,0,100.6600,456.3880,479.0392,2.4079,472.3925,0.2934,PHASE_2_DRIVING,101.33,11.06,688.7,144.3,101.08,2000,1877,,
7188,15:40:44.000,ROI,160,160,224,224,18.60,19.96,0.0,0.0,50.10,707.78,241.60,89.04,107.37,0.9425,13.9900,96.9700,0.0000,0.0000,0.8316,0,96.9700,456.1388,476.3855,2.4120,470.4516,0.2931,PHASE_2_DRIVING,101.09,9.36,688.7,144.3,99.15,2000,1901,,
7189,15:40:44.047,ROI,160,160,224,224,16.22,17.21,14.45,0.0,58.11,707.98,236.86,88.51,107.37,0.9101,16.3100,96.3600,0.0000,0.0000,0.8281,0,96.3600,455.6297,473.6266,2.4968,468.4799,0.2860,PHASE_2_DRIVING,101.77,6.71,688.7,144.3,94.54,1851,2000,,
7190,15:40:44.177,ROI,160,160,224,224,14.86,15.99,0.0,0.0,62.54,706.76,230.62,90.85,108.37,0.8681,16.8500,95.7700,0.0000,0.0000,0.8496,0,95.7700,455.4211,470.8484,2.6246,466.5921,0.2759,PHASE_2_DRIVING,101.82,4.77,688.7,144.3,88.19,1884,2000,,
7191,15:40:44.224,ROI,160,160,224,224,14.77,15.98,0.0,0.0,62.57,706.53,230.29,89.53,107.23,0.9751,12.6500,96.0300,0.0000,0.0000,0.7900,0,96.0300,454.9851,468.0504,2.7327,464.5502,0.2679,PHASE_2_DRIVING,101.71,2.84,688.7,144.3,87.82,1812,2000,,
7192,15:40:44.288,ROI,160,160,224,224,14.44,16.07,8.125,0.0,62.22,706.06,225.35,89.59,112.56,0.9047,17.1400,96.1400,0.0000,0.0000,0.8914,0,96.1400,454.5642,465.4101,2.8190,462.5701,0.2618,PHASE_2_DRIVING,102.09,0.48,688.7,144.3,82.89,1672,2000,,
7193,15:40:44.352,ROI,160,160,256,256,13.79,14.70,0.0,0.0,68.01,704.77,223.98,92.59,111.02,0.9446,14.4500,94.3800,0.0000,0.0000,0.7929,0,94.3800,453.9700,463.1256,2.8648,460.7566,0.2587,PHASE_2_DRIVING,101.40,-0.65,688.7,144.3,81.28,1804,2000,,
7194,15:40:44.400,ROI,160,160,224,224,14.16,15.36,0.0,0.0,65.10,704.76,221.80,89.33,103.75,0.9016,12.5500,90.1700,0.0000,0.0000,0.8350,0,90.1700,452.7536,461.1312,2.9163,458.9920,0.2553,PHASE_2_DRIVING,101.71,-2.71,688.7,144.3,79.14,1604,2000,,
7195,15:40:44.464,ROI,160,160,224,224,17.79,19.00,0.0,0.0,52.63,703.87,220.27,89.28,105.08,0.9525,12.3100,90.9000,0.0000,0.0000,0.8357,0,90.9000,451.6380,459.4737,2.9062,457.4677,0.2560,PHASE_2_DRIVING,101.30,-3.83,688.7,144.3,77.47,1694,2000,,
7196,15:40:44.528,ROI,160,160,224,224,17.13,18.24,0.0,0.0,54.84,703.13,217.31,89.19,106.37,0.9302,15.1800,92.2500,0.0000,0.0000,0.8308,0,92.2500,451.1291,458.2557,2.9190,456.4373,0.2552,PHASE_2_DRIVING,101.18,-4.74,688.7,144.3,74.42,1690,2000,,
7197,15:40:44.577,ROI,160,160,224,224,19.77,21.15,0.0,0.0,47.27,701.87,212.52,88.19,108.65,0.8902,15.7600,93.4700,0.0000,0.0000,0.7988,0,93.4700,451.0950,457.4675,2.9681,455.8616,0.2520,PHASE_2_DRIVING,100.92,-5.06,688.7,144.3,69.48,1627,1847,,
7198,15:40:44.704,ROI,160,160,224,224,12.45,13.49,3.7,0.0,74.12,702.18,208.28,91.48,107.56,0.8926,15.3700,92.9500,0.0000,0.0000,0.8079,0,92.9500,451.0401,456.9677,3.0211,455.4936,0.2487,PHASE_2_DRIVING,101.89,-6.40,688.7,144.3,65.38,1442,1827,,
7199,15:40:44.752,ROI,160,160,224,224,13.15,14.14,11.075,0.0,70.73,701.72,206.36,89.46,106.83,0.9439,15.3800,97.1000,0.0000,0.0000,0.8242,0,97.1000,452.1510,456.7275,3.0428,455.5954,0.2474,PHASE_2_DRIVING,101.85,-6.25,688.7,144.3,63.41,1496,1675,,
7200,15:40:44.815,ROI,160,160,224,224,15.97,16.94,8.05,0.0,59.03,699.33,203.52,89.10,106.18,0.8999,14.7000,95.3300,0.0000,0.0000,0.7889,0,95.3300,452.5871,456.7346,3.0578,455.7125,0.2464,PHASE_2_DRIVING,100.18,-4.47,688.7,144.3,60.17,1544,1464,,
7201,15:40:44.879,ROI,160,160,224,224,13.57,14.72,0.0,0.0,67.92,699.90,201.80,90.30,102.77,0.9550,15.9600,95.1100,0.0000,0.0000,0.8305,0,95.1100,452.6622,456.9234,3.0511,455.8715,0.2468,PHASE_2_DRIVING,101.02,-5.15,688.7,144.3,58.58,1349,1580,,
7202,15:40:44.927,ROI,160,160,224,224,15.45,16.38,0.0,0.0,61.05,699.25,197.93,87.85,104.57,0.9041,16.6300,97.0000,0.0000,0.0000,0.8449,0,97.0000,453.3335,457.3176,3.0612,456.3366,0.2462,PHASE_2_DRIVING,101.13,-4.79,688.7,144.3,54.66,1320,1413,,
7203,15:40:44.992,ROI,160,160,224,224,16.60,17.55,0.0,0.0,56.99,698.78,196.48,88.58,102.83,0.9622,14.2700,97.6600,0.0000,0.0000,0.8101,0,97.6600,454.2114,457.9047,3.0347,456.9893,0.2479,PHASE_2_DRIVING,100.93,-3.94,688.7,144.3,53.15,1322,1336,,
7204,15:40:45.057,ROI,160,160,224,224,14.86,16.11,0.0,24.275,62.07,698.39,195.23,86.72,100.31,0.9550,13.4300,96.5800,0.0000,0.0000,0.7608,0,96.5800,454.7996,458.6576,2.9604,457.6835,0.2525,PHASE_2_DRIVING,100.77,-3.09,688.7,144.3,51.84,1300,1292,,
7205,15:40:45.103,ROI,160,160,224,224,12.60,13.70,0.0,28.525,73.01,697.99,192.83,86.55,101.39,0.9448,14.0000,96.0100,0.0000,0.0000,0.7498,0,96.0100,455.5505,459.4618,2.8830,458.4545,0.2575,PHASE_2_DRIVING,100.83,-2.38,688.7,144.3,49.41,1241,1229,,
7206,15:40:45.232,ROI,160,160,224,224,17.06,17.82,0.0,0.0,56.12,698.16,190.60,87.54,98.64,0.9459,12.4600,94.4000,0.0000,0.0000,0.7393,0,94.4000,455.6435,460.2822,2.7745,459.0532,0.2649,PHASE_2_DRIVING,101.55,-2.50,688.7,144.3,47.26,1146,1217,,
7207,15:40:45.280,ROI,160,160,224,224,14.80,15.83,0.0,0.0,63.16,698.13,189.10,88.63,100.73,0.9585,13.9200,97.1900,0.0000,0.0000,0.8297,0,97.1900,456.2847,460.9320,2.6746,459.6673,0.2721,PHASE_2_DRIVING,101.88,-2.21,688.7,144.3,45.78,1132,1157,,
7208,15:40:45.343,ROI,160,160,224,224,14.04,15.08,0.0,0.0,66.33,696.53,186.79,86.23,99.32,0.9211,13.9100,96.6600,0.0000,0.0000,0.7972,0,96.6600,456.7374,461.4595,2.6442,460.1637,0.2744,PHASE_2_DRIVING,100.44,-0.28,688.7,144.3,43.20,1161,999,,
7209,15:40:45.392,ROI,160,160,224,224,14.00,15.01,11.675,26.025,66.61,696.49,185.99,85.50,95.75,0.9559,12.4600,98.3300,0.0000,0.0000,0.7338,0,98.3300,457.5452,461.8745,2.5422,460.6523,0.2823,PHASE_2_DRIVING,100.58,0.07,688.7,144.3,42.41,1076,1045,,
7210,15:40:45.456,ROI,160,160,192,192,18.77,19.94,7.975,0.0,50.15,695.54,182.00,84.29,98.77,0.9019,11.8700,100.2100,0.0000,0.0000,0.8879,0,100.2100,458.7096,462.1077,2.5149,461.1409,0.2845,PHASE_2_DRIVING,100.29,0.85,688.7,144.3,38.32,996,920,,
7211,15:40:45.521,ROI,160,160,224,224,15.06,16.50,8.6,0.0,60.60,696.20,183.16,86.07,96.50,0.9567,14.2100,98.2500,0.0000,0.0000,0.8164,0,98.2500,459.2060,462.2707,2.4049,461.3706,0.2937,PHASE_2_DRIVING,100.93,0.44,688.7,144.3,39.58,978,1001,,
7212,15:40:45.568,ROI,160,160,224,224,12.87,13.88,12.9,0.0,72.06,693.93,181.35,84.78,96.54,0.9140,16.0200,96.5000,0.0000,0.0000,0.7799,0,96.5000,458.8084,462.4754,2.2903,461.3609,0.3039,PHASE_2_DRIVING,98.03,3.33,688.7,144.3,37.42,1075,796,,
7213,15:40:45.696,ROI,160,160,224,224,12.96,14.22,0.0,0.0,70.30,695.03,177.93,84.70,94.67,0.9079,12.9200,93.3100,0.0000,0.0000,0.8073,0,93.3100,457.7280,462.5864,2.1766,461.0570,0.3148,PHASE_2_DRIVING,100.66,0.40,688.7,144.3,34.22,759,952,,
7214,15:40:45.744,ROI,160,160,192,192,12.47,13.47,0.0,0.0,74.25,694.48,177.58,83.57,94.13,0.9792,12.1500,95.6100,0.0000,0.0000,0.8020,0,95.6100,457.2261,462.7139,2.0418,460.9098,0.3288,PHASE_2_DRIVING,99.86,1.05,688.7,144.3,33.77,875,814,,
7215,15:40:45.807,ROI,160,160,192,192,13.20,14.57,0.0,26.85,68.62,694.02,175.75,84.94,93.25,0.9467,11.5200,95.2200,0.0000,0.0000,0.7382,0,95.2200,456.7209,462.9208,1.9531,460.8214,0.3386,PHASE_2_DRIVING,99.61,1.21,688.7,144.3,31.90,812,783,,
7216,15:40:45.874,ROI,160,160,192,192,20.28,21.49,0.0,0.0,46.52,694.20,175.68,83.88,92.48,0.9794,11.7800,95.3400,0.0000,0.0000,0.7977,0,95.3400,456.1519,462.9847,1.8670,460.6014,0.3488,PHASE_2_DRIVING,99.95,0.65,688.7,144.3,31.86,784,809,,
7217,15:40:45.921,ROI,160,160,192,192,21.92,23.62,0.0,0.0,42.33,694.19,174.38,82.36,92.93,0.9548,12.4400,92.8800,0.0000,0.0000,0.8005,0,92.8800,455.4985,462.8751,1.7728,460.2148,0.3606,PHASE_2_DRIVING,100.35,-0.13,688.7,144.3,30.57,739,789,,
7218,15:40:45.985,ROI,160,160,192,192,22.59,23.81,0.0,0.0,42.00,693.74,173.64,82.32,92.23,0.9735,12.1400,92.5400,0.0000,0.0000,0.7968,0,92.5400,454.6529,462.8878,1.6897,459.8261,0.3718,PHASE_2_DRIVING,99.74,0.09,688.7,144.3,29.77,751,737,,
7219,15:40:46.049,ROI,160,160,192,192,15.00,16.06,0.0,0.0,62.25,693.74,172.70,81.73,90.59,0.9727,12.0600,92.4500,0.0000,0.0000,0.7867,0,92.4500,453.8133,462.8697,1.5906,459.3738,0.3860,PHASE_2_DRIVING,100.07,-0.70,688.7,144.3,28.84,693,749,,
7220,15:40:46.160,ROI,160,160,192,192,14.22,15.35,0.0,0.0,65.15,694.00,169.76,82.25,91.02,0.9315,12.3200,92.8700,0.0000,0.0000,0.8015,0,92.8700,453.3164,462.6996,1.5562,459.0288,0.3912,PHASE_2_DRIVING,101.75,-2.72,688.7,144.3,26.00,580,720,,
7221,15:40:46.225,ROI,160,160,192,192,14.78,15.80,0.0,0.0,63.28,693.56,169.20,81.62,88.39,0.9610,12.2600,91.4800,0.0000,0.0000,0.7844,0,91.4800,452.6808,462.4773,1.5037,458.5644,0.3994,PHASE_2_DRIVING,101.05,-2.49,688.7,144.3,25.37,625,644,,
7222,15:40:46.272,ROI,160,160,192,192,11.64,12.39,12.575,0.0,80.71,693.28,168.80,81.41,88.84,0.9839,12.6700,90.9800,0.0000,0.0000,0.8187,0,90.9800,451.9313,462.2734,1.4275,458.0130,0.4119,PHASE_2_DRIVING,100.58,-2.57,688.7,144.3,24.92,605,641,,
7223,15:40:46.337,ROI,160,160,192,192,11.63,12.59,7.375,31.025,79.41,693.28,167.35,81.43,87.86,0.9676,13.7700,91.2400,0.0000,0.0000,0.8280,0,91.2400,451.2699,462.0232,1.3683,457.4826,0.4222,PHASE_2_DRIVING,101.23,-3.75,688.7,144.3,23.50,538,637,,
7224,15:40:46.384,ROI,160,160,192,192,12.26,13.05,0.0,0.0,76.63,693.24,166.70,81.56,87.73,0.9837,12.8000,92.3200,0.0000,0.0000,0.8152,0,92.3200,450.7343,461.6107,1.3094,456.9012,0.4330,PHASE_2_DRIVING,101.46,-4.56,688.7,144.3,22.86,527,616,,
7225,15:40:46.448,ROI,160,160,192,192,18.36,19.38,0.0,0.0,51.60,693.05,165.72,82.33,87.46,0.9690,12.8100,91.6400,0.0000,0.0000,0.8154,0,91.6400,450.4061,460.9258,1.2473,456.2447,0.4450,PHASE_2_DRIVING,101.47,-5.23,688.7,144.3,21.86,503,590,,
7226,15:40:46.561,ROI,160,160,192,192,14.97,15.95,0.0,0.0,62.68,692.81,164.17,81.28,86.69,0.9528,14.0000,92.1400,0.0000,0.0000,0.8234,0,92.1400,450.2187,460.2060,1.2134,455.6938,0.4518,PHASE_2_DRIVING,101.68,-5.99,688.7,144.3,20.29,462,553,,
7227,15:40:46.624,ROI,160,160,192,192,13.68,14.79,0.0,0.0,67.61,692.25,163.62,80.77,85.63,0.9738,14.1300,91.2800,0.0000,0.0000,0.8608,0,91.2800,450.1201,459.5106,1.1591,455.1612,0.4632,PHASE_2_DRIVING,100.42,-5.26,688.7,144.3,19.64,479,503,,
7228,15:40:46.688,ROI,160,160,192,192,11.16,12.02,0.0,0.0,83.19,692.49,162.57,80.10,85.37,0.9677,14.1000,92.2100,0.0000,0.0000,0.8457,0,92.2100,450.5444,458.7972,1.1554,454.9683,0.4640,PHASE_2_DRIVING,101.73,-6.76,688.7,144.3,18.66,407,526,,
7229,15:40:46.736,ROI,160,160,192,192,12.10,13.09,10.875,0.0,76.37,692.60,161.99,80.38,86.05,0.9832,12.7400,91.7600,0.0000,0.0000,0.7960,0,91.7600,450.7992,457.9389,1.0968,454.5339,0.4769,PHASE_2_DRIVING,102.43,-7.90,688.7,144.3,18.11,396,509,,
7230,15:40:46.800,ROI,160,160,192,192,15.81,17.14,0.0,0.0,58.33,692.85,161.73,80.96,87.06,0.9812,13.4000,92.7100,0.0000,0.0000,0.8153,0,92.7100,451.1678,457.3675,1.0388,454.3266,0.4905,PHASE_2_DRIVING,103.40,-9.07,688.7,144.3,17.92,386,510,,
7231,15:40:46.864,ROI,160,160,192,192,14.44,15.45,16.625,0.0,64.73,692.77,161.05,81.59,86.99,0.9769,12.5900,93.3800,0.0000,0.0000,0.7890,0,93.3800,451.3857,456.7116,1.0161,454.0700,0.4960,PHASE_2_DRIVING,103.65,-9.58,688.7,144.3,17.23,381,481,,
7232,15:40:46.912,ROI,160,160,192,192,18.70,19.68,0.0,0.0,50.81,692.41,160.57,81.80,86.77,0.9804,12.2100,93.3300,0.0000,0.0000,0.8073,0,93.3300,451.8476,456.1810,0.9757,453.9877,0.5061,PHASE_2_DRIVING,102.84,-8.85,688.7,144.3,16.69,392,442,,
7233,15:40:47.042,ROI,160,160,192,192,14.02,15.01,0.0,0.0,66.63,691.68,159.78,81.32,87.16,0.9648,12.6900,94.8500,0.0000,0.0000,0.8404,0,94.8500,452.6173,455.9935,0.9517,454.2637,0.5124,PHASE_2_DRIVING,100.88,-6.62,688.7,144.3,15.77,403,385,,
7234,15:40:47.088,ROI,160,160,192,192,20.52,21.88,12.525,0.0,45.70,691.58,158.57,79.68,85.04,0.9525,12.5000,96.5500,0.0000,0.0000,0.8322,0,96.5500,453.7548,455.9984,0.9169,454.8280,0.5217,PHASE_2_DRIVING,101.40,-6.57,688.7,144.3,14.55,341,387,,
7235,15:40:47.152,ROI,160,160,192,192,19.36,20.73,0.0,18.85,48.24,692.06,157.94,79.72,84.52,0.9736,11.8200,96.7100,0.0000,0.0000,0.8534,0,96.7100,454.6305,455.9821,0.8815,455.2638,0.5315,PHASE_2_DRIVING,103.82,-8.56,688.7,144.3,14.05,293,409,,
7236,15:40:47.216,ROI,160,160,192,192,19.91,21.48,0.0,0.0,46.56,692.43,157.54,80.14,85.34,0.9810,12.3000,97.1800,0.0000,0.0000,0.9102,0,97.1800,455.4974,456.0643,0.8335,455.7551,0.5454,PHASE_2_DRIVING,105.74,-9.99,688.7,144.3,13.76,290,398,,
7237,15:40:47.265,ROI,160,160,192,192,19.20,20.84,14.325,0.0,47.99,691.90,157.16,80.42,85.60,0.9782,12.1100,97.4600,0.0000,0.0000,0.9178,0,97.4600,456.3302,456.2950,0.7784,456.3148,0.5623,PHASE_2_DRIVING,103.99,-7.68,688.7,144.3,13.25,336,326,,
7238,15:40:47.329,ROI,160,160,192,192,14.74,15.87,0.0,0.0,63.03,690.93,156.20,80.22,85.64,0.9546,12.7300,96.9400,0.0000,0.0000,0.8878,0,96.9400,457.0153,456.6321,0.7666,456.8490,0.5661,PHASE_2_DRIVING,100.61,-3.76,688.7,144.3,12.10,339,266,,
7239,15:40:47.392,ROI,160,160,192,192,14.42,15.56,8.35,0.0,64.28,690.82,156.35,79.34,85.60,0.9856,12.2200,97.0400,0.0000,0.0000,0.8762,0,97.0400,457.4951,457.2093,0.7359,457.3739,0.5761,PHASE_2_DRIVING,99.96,-2.59,688.7,144.3,12.23,312,299,,
7240,15:40:47.441,ROI,160,160,192,192,13.70,14.74,0.0,0.0,67.84,690.77,156.02,79.85,85.48,0.9862,11.6400,95.8400,0.0000,0.0000,0.8514,0,95.8400,457.5761,458.1002,0.6930,457.7907,0.5907,PHASE_2_DRIVING,100.00,-2.21,688.7,144.3,11.90,295,300,,
7241,15:40:47.553,ROI,160,160,192,192,13.33,14.84,4.025,0.0,67.39,690.58,154.99,80.42,85.90,0.9693,12.3100,95.3100,0.0000,0.0000,0.8347,0,95.3100,457.4923,459.1783,0.6698,458.1686,0.5989,PHASE_2_DRIVING,99.95,-1.78,688.7,144.3,10.86,271,272,,
7242,15:40:47.616,ROI,160,160,192,192,16.46,17.44,0.0,0.0,57.33,690.32,154.54,78.79,84.13,0.9596,12.8800,97.5900,0.0000,0.0000,0.9187,0,97.5900,457.9238,460.3788,0.6421,458.8838,0.6090,PHASE_2_DRIVING,99.01,-0.13,688.7,144.3,10.37,276,242,,
7243,15:40:47.679,ROI,160,160,192,192,14.81,15.69,0.0,0.0,63.72,690.31,154.26,78.73,84.77,0.9917,12.6700,97.5800,0.0000,0.0000,0.9245,0,97.5800,458.1852,461.6135,0.6131,459.4882,0.6199,PHASE_2_DRIVING,99.19,0.30,688.7,144.3,10.09,257,247,,
7244,15:40:47.729,ROI,160,160,192,192,14.09,15.02,0.0,0.0,66.56,689.92,154.07,79.06,84.79,0.9856,13.0500,96.8200,0.0000,0.0000,0.9183,0,96.8200,458.2424,463.0195,0.5958,460.0259,0.6267,PHASE_3_FINAL_ALIGNING,-18.47,118.50,688.7,144.3,9.85,2000,-2000,,
7245,15:40:47.793,ROI,160,160,192,192,15.52,16.96,0.0,46.075,58.96,689.66,153.42,78.43,85.68,0.9772,14.2400,96.1800,0.0000,0.0000,0.8929,0,96.1800,457.9909,464.7802,0.5832,460.4919,0.6316,PHASE_3_FINAL_ALIGNING,-18.47,118.96,688.7,144.3,9.17,2000,-2000,,
7246,15:40:47.857,ROI,160,160,192,192,14.51,15.43,16.375,0.0,64.80,689.66,152.12,78.95,86.98,0.9640,14.8200,97.3300,0.0000,0.0000,0.9152,0,97.3300,457.9922,466.5128,0.5893,461.1515,0.6292,PHASE_3_FINAL_ALIGNING,-18.47,119.62,688.7,144.3,7.88,2000,-2000,,
7247,15:40:47.904,ROI,160,160,192,192,15.63,17.34,12.3,0.0,57.69,689.37,152.25,78.73,85.30,0.9736,13.2500,97.4100,0.0000,0.0000,0.8933,0,97.4100,457.8701,468.1412,0.5828,461.6521,0.6318,PHASE_3_FINAL_ALIGNING,-18.47,120.12,688.7,144.3,7.98,2000,-2000,,
7248,15:40:48.033,ROI,160,160,192,192,13.46,14.29,3.525,0.0,69.98,689.23,152.08,78.84,85.13,0.9924,13.2500,96.7900,0.0000,0.0000,0.8936,0,96.7900,457.6274,469.7386,0.5620,461.9850,0.6402,PHASE_3_FINAL_ALIGNING,-18.47,120.46,688.7,144.3,7.80,2000,-2000,,
7249,15:40:48.079,ROI,160,160,192,192,14.66,15.75,24.375,0.0,63.47,688.70,151.59,78.85,84.76,0.9754,13.0300,94.8700,0.0000,0.0000,0.8571,0,94.8700,456.9947,471.2026,0.5445,462.0037,0.6475,PHASE_3_FINAL_ALIGNING,-18.47,120.47,688.7,144.3,7.29,2000,-2000,,
7250,15:40:48.145,ROI,160,160,192,192,13.86,14.84,0.0,0.0,67.40,688.84,150.84,78.58,85.78,0.9792,14.2500,94.5300,0.0000,0.0000,0.8530,0,94.5300,456.2606,472.4995,0.5285,461.8754,0.6542,PHASE_3_FINAL_ALIGNING,-18.47,120.35,688.7,144.3,6.55,2000,-2000,,
7251,15:40:48.208,ROI,160,160,192,192,15.65,16.96,0.0,0.0,58.96,689.09,150.79,78.43,85.49,0.9903,15.5600,94.2200,0.0000,0.0000,0.8009,0,94.2200,455.6110,473.8203,0.5101,461.7617,0.6622,PHASE_3_FINAL_ALIGNING,-18.47,120.23,688.7,144.3,6.50,2000,-2000,,
7252,15:40:48.256,ROI,160,160,192,192,17.74,19.03,0.0,0.0,52.55,689.48,151.18,78.30,85.55,0.9813,15.0100,94.3100,0.0000,0.0000,0.8155,0,94.3100,455.1797,474.9405,0.4863,461.6454,0.6728,PHASE_3_FINAL_ALIGNING,-18.47,120.12,688.7,144.3,6.92,2000,-2000,,
7253,15:40:48.320,ROI,160,160,192,192,11.88,13.23,8.725,0.0,75.59,688.53,151.08,77.47,86.03,0.9706,14.6100,92.8100,0.0000,0.0000,0.8478,0,92.8100,454.4985,475.8594,0.4625,461.2539,0.6837,PHASE_3_FINAL_ALIGNING,-18.47,119.72,688.7,144.3,6.79,2000,-2000,,
7254,15:40:48.368,ROI,160,160,192,192,21.61,22.89,11.125,0.0,43.68,688.73,150.15,78.68,86.93,0.9636,13.3400,88.1900,0.0000,0.0000,0.8090,0,88.1900,452.9923,476.0199,0.4409,460.0382,0.6940,PHASE_3_FINAL_ALIGNING,-18.47,118.51,688.7,144.3,5.85,2000,-2000,,
7255,15:40:48.496,ROI,160,160,192,192,22.25,23.84,3.725,0.0,41.95,689.13,149.80,78.91,86.47,0.9820,13.9000,82.7100,0.0000,0.0000,0.8268,0,82.7100,450.5533,475.3707,0.4171,457.8575,0.7057,PHASE_3_FINAL_ALIGNING,-18.47,116.33,688.7,144.3,5.51,2000,-2000,,
7256,15:40:48.545,ROI,160,160,192,192,21.22,22.51,0.0,0.0,44.42,690.12,148.14,80.45,86.78,0.9392,17.3800,76.8300,0.0000,0.0000,0.8662,0,76.8300,447.1118,473.5701,0.4251,455.0037,0.7017,PHASE_3_FINAL_ALIGNING,-18.47,113.47,688.7,144.3,4.09,2000,-2000,,
7257,15:40:48.608,ROI,160,160,192,192,13.64,14.93,0.0,26.15,66.96,690.22,147.80,82.45,84.80,0.9540,18.9600,71.8500,0.0000,0.0000,0.8975,0,71.8500,443.0149,470.8489,0.4224,451.2810,0.7030,PHASE_3_FINAL_ALIGNING,-18.47,109.75,688.7,144.3,3.81,2000,-2000,,
7258,15:40:48.674,ROI,160,160,192,192,13.51,14.76,0.0,0.0,67.74,690.42,148.26,82.46,84.59,0.9842,19.9100,66.7100,0.0000,0.0000,0.8390,0,66.7100,438.1745,467.2763,0.4028,446.5312,0.7128,PHASE_3_FINAL_ALIGNING,-18.47,105.00,688.7,144.3,4.32,2000,-2000,,
7259,15:40:48.720,ROI,160,160,192,192,14.52,15.96,12.25,24.475,62.67,690.73,147.47,83.35,85.26,0.9712,20.3000,60.7200,0.0000,0.0000,0.8909,0,60.7200,432.5603,462.7688,0.4046,441.2614,0.7120,PHASE_3_FINAL_ALIGNING,-18.47,99.73,688.7,144.3,3.77,1995,-1995,,
7260,15:40:48.784,ROI,160,160,192,192,16.49,17.88,8.2,0.0,55.93,691.76,146.83,88.21,87.07,0.9252,20.4600,55.1800,0.0000,0.0000,0.9163,0,55.1800,426.6723,457.1370,0.4164,435.6291,0.7060,PHASE_3_FINAL_ALIGNING,-18.47,94.10,688.7,144.3,3.97,1882,-1882,,
7261,15:40:48.848,ROI,160,160,192,192,13.45,14.28,0.0,0.0,70.05,691.61,145.86,88.16,87.32,0.9745,20.5900,53.3200,0.0000,0.0000,0.9078,0,53.3200,421.1466,450.8253,0.4395,430.2083,0.6947,PHASE_3_FINAL_ALIGNING,-18.47,88.68,688.7,144.3,3.30,1774,-1774,,
7262,15:40:48.961,ROI,160,160,192,192,18.77,19.91,0.0,19.625,50.23,692.63,144.09,98.76,83.57,0.8583,17.5900,43.2500,0.0000,0.0000,0.8917,0,43.2500,414.2518,444.0989,0.4856,424.0074,0.6731,PHASE_3_FINAL_ALIGNING,-18.47,82.48,688.7,144.3,3.94,1649,-1649,,
7263,15:40:49.025,ROI,160,160,224,224,14.60,15.47,0.0,25.25,64.66,691.33,145.64,111.94,81.47,0.8528,18.2200,33.6300,0.0000,0.0000,0.8763,0,33.6300,406.2567,437.7719,0.4897,416.6163,0.6713,PHASE_3_FINAL_ALIGNING,-18.47,75.09,688.7,144.3,2.95,1502,-1502,,
7264,15:40:49.073,ROI,160,160,224,224,16.21,17.27,0.0,22.625,57.91,691.73,145.90,115.65,80.50,0.9568,17.9800,30.6400,0.0000,0.0000,0.8754,0,30.6400,398.8748,431.7350,0.5006,409.8373,0.6664,PHASE_3_FINAL_ALIGNING,-18.47,68.31,688.7,144.3,3.42,1366,-1366,,
7265,15:40:49.136,ROI,160,160,256,256,16.19,17.79,0.0,0.0,56.20,691.93,145.46,116.03,78.72,0.9746,17.7400,27.0000,0.0000,0.0000,0.8654,0,27.0000,391.9267,426.1385,0.5027,403.3711,0.6655,PHASE_3_FINAL_ALIGNING,-18.47,61.84,688.7,144.3,3.43,1237,-1237,,
7266,15:40:49.183,ROI,160,160,256,256,15.48,16.35,0.0,0.0,61.18,690.97,146.09,117.81,78.58,0.9684,17.9500,23.8000,0.0000,0.0000,0.8556,0,23.8000,385.4901,421.2829,0.4746,397.0094,0.6782,PHASE_3_FINAL_ALIGNING,-18.47,55.48,688.7,144.3,2.89,1110,-1110,,
7267,15:40:49.249,ROI,160,160,256,256,22.11,23.35,0.0,16.725,42.82,691.02,147.42,118.22,77.34,0.9630,17.3200,20.0700,0.0000,0.0000,0.9222,0,20.0700,379.3571,417.1797,0.4174,390.4949,0.7055,PHASE_3_FINAL_ALIGNING,-18.47,48.96,688.7,144.3,3.89,979,-979,,
7268,15:40:49.360,ROI,160,160,256,256,18.84,20.30,4.475,0.0,49.25,689.02,147.22,119.94,78.03,0.9584,14.5800,4.2800,0.0000,0.0000,0.8065,0,4.2800,371.2668,414.9871,0.3521,382.6527,0.7396,PHASE_3_FINAL_ALIGNING,-18.47,41.12,688.7,144.3,2.94,822,-822,,
7269,15:40:49.424,ROI,160,160,256,256,14.67,15.82,0.0,0.0,63.21,689.32,147.96,116.26,76.64,0.9511,13.6600,7.7500,0.0000,0.0000,0.8503,0,7.7500,365.4357,414.4625,0.2751,376.0132,0.7843,PHASE_3_FINAL_ALIGNING,-18.47,34.48,688.7,144.3,3.71,690,-690,,
7270,15:40:49.489,ROI,160,160,256,256,11.56,12.88,0.0,0.0,77.62,688.87,147.59,115.92,77.46,0.9819,16.1300,2.3800,0.0000,0.0000,0.8525,0,2.3800,360.0324,415.9655,0.1931,369.0866,0.8381,PHASE_3_FINAL_ALIGNING,-18.47,27.56,688.7,144.3,3.30,551,-551,,
7271,15:40:49.536,ROI,160,160,256,256,15.93,17.55,0.0,0.0,56.99,689.17,148.49,115.02,74.72,0.9572,20.0100,-2.2600,0.0000,0.0000,0.8928,0,-2.2600,355.1256,385.8398,0.0961,357.8194,0.9123,PHASE_3_FINAL_ALIGNING,-18.47,16.29,688.7,144.3,4.21,326,-326,,
7272,15:40:49.600,ROI,160,160,256,256,20.43,21.87,0.0,0.0,45.71,688.86,148.53,116.64,76.30,0.9657,18.4400,-1.2700,0.0000,0.0000,0.8801,0,-1.2700,351.5759,373.3766,0.0778,353.1504,0.9278,PHASE_3_FINAL_ALIGNING,-18.47,11.62,688.7,144.3,4.23,232,-232,,
7273,15:40:49.664,ROI,160,160,256,256,20.95,22.40,9.2,0.0,44.64,689.55,149.02,116.11,73.14,0.9472,22.6900,-7.4600,0.0000,0.0000,0.9178,0,-7.4600,347.7199,371.2690,0.1384,350.5834,0.8784,PHASE_3_FINAL_ALIGNING,-18.47,9.05,688.7,144.3,4.80,181,-181,,
7274,15:40:49.713,ROI,160,160,256,256,23.71,25.33,0.0,0.0,39.48,690.04,149.48,116.46,73.12,0.9794,23.2500,-11.3600,0.0000,0.0000,0.9165,0,-11.3600,343.9942,372.8427,0.1893,348.5852,0.8409,PHASE_3_FINAL_ALIGNING,-18.47,7.06,688.7,144.3,5.35,141,-141,,
7275,15:40:49.842,ROI,160,160,256,256,13.60,14.63,0.0,0.0,68.36,688.78,149.86,116.27,72.56,0.9685,22.0900,-13.6700,0.0000,0.0000,0.9229,0,-13.6700,340.7896,375.7551,0.2571,347.9413,0.7955,PHASE_3_FINAL_ALIGNING,-18.47,6.41,688.7,144.3,5.56,128,-128,,
7276,15:40:49.890,ROI,160,160,256,256,13.38,14.92,0.0,0.0,67.02,688.94,149.00,113.10,71.26,0.9497,20.8100,-16.7500,0.0000,0.0000,0.9331,0,-16.7500,337.8838,379.5209,0.3115,347.7735,0.7625,PHASE_3_FINAL_ALIGNING,-18.47,6.24,688.7,144.3,4.71,125,-125,,
7277,15:40:49.952,ROI,160,160,256,256,12.94,14.01,0.0,0.0,71.38,688.42,149.35,112.14,71.33,0.9810,20.6100,-16.7000,0.0000,0.0000,0.9341,0,-16.7000,335.7869,383.5577,0.3579,348.3770,0.7364,PHASE_3_FINAL_ALIGNING,-18.47,6.85,688.7,144.3,5.06,137,-137,,
7278,15:40:50.016,ROI,160,160,256,256,17.45,18.76,0.0,20.825,53.29,687.55,149.42,110.58,71.79,0.9783,20.5400,-16.5900,0.0000,0.0000,0.9275,0,-16.5900,334.4552,387.4957,0.3861,349.2309,0.7214,PHASE_3_FINAL_ALIGNING,-18.47,7.70,688.7,144.3,5.24,154,-154,,
7279,15:40:50.065,ROI,160,160,224,224,19.01,20.06,13.175,19.475,49.84,684.54,147.78,104.76,69.66,0.9032,21.7800,-16.4800,0.0000,0.0000,0.9346,0,-16.4800,334.1985,389.3390,0.4081,350.1803,0.7102,PHASE_3_FINAL_ALIGNING,-18.47,8.65,688.7,144.3,5.43,173,-173,,
7280,15:40:50.128,ROI,160,160,224,224,18.45,19.64,0.0,19.9,50.91,687.74,148.92,109.98,70.04,0.9127,17.9300,-18.0200,0.0000,0.0000,0.9130,0,-18.0200,333.7322,390.5814,0.3559,348.6538,0.7375,PHASE_3_FINAL_ALIGNING,-18.47,7.12,688.7,144.3,4.72,142,-142,,
7281,15:40:50.178,ROI,160,160,224,224,18.39,19.69,0.0,0.0,50.80,685.00,149.46,105.81,69.75,0.9362,21.8500,-15.9700,0.0000,0.0000,0.9312,0,-15.9700,333.6916,390.9279,0.3743,349.2813,0.7276,PHASE_3_FINAL_ALIGNING,-18.47,7.75,688.7,144.3,6.35,155,-155,,
7282,15:40:50.305,ROI,160,160,224,224,17.28,18.53,3.625,0.0,53.97,686.28,147.88,107.56,70.81,0.9338,20.1900,-15.8300,2.4800,-15.4500,0.9152,0,-15.8300,334.2175,390.3184,0.3436,348.5653,0.7443,PHASE_3_FINAL_ALIGNING,-18.47,7.04,688.7,144.3,4.32,141,-141,,
7283,15:40:50.352,ROI,160,160,224,224,14.99,16.53,0.0,0.0,60.48,686.00,149.81,107.41,69.85,0.9416,21.6300,-17.4700,0.0000,0.0000,0.9174,0,-17.4700,334.8187,389.5030,0.3161,347.9541,0.7598,PHASE_3_FINAL_ALIGNING,-18.47,6.42,688.7,144.3,6.14,128,-128,,
7284,15:40:50.416,ROI,160,160,224,224,23.35,24.67,0.0,0.0,40.53,686.10,147.71,107.74,71.81,0.9395,22.2600,-17.3500,0.0000,0.0000,0.9383,0,-17.3500,335.8689,387.1612,0.2849,347.2428,0.7783,PHASE_3_FINAL_ALIGNING,-18.47,5.71,688.7,144.3,4.29,114,-114,,
7285,15:40:50.480,ROI,160,160,224,224,14.60,15.63,0.0,0.0,64.00,686.36,150.29,107.21,69.82,0.9253,21.3400,-18.3600,0.0000,0.0000,0.9160,0,-18.3600,337.0200,386.1432,0.2593,347.1342,0.7941,PHASE_3_FINAL_ALIGNING,-18.47,5.60,688.7,144.3,6.43,112,-112,,
7286,15:40:50.528,ROI,160,160,224,224,19.81,21.04,0.0,18.55,47.52,685.85,148.40,106.78,72.62,0.9396,20.0500,-18.1000,0.0000,0.0000,0.9301,0,-18.1000,337.1440,384.7411,0.2624,347.0365,0.7922,PHASE_3_FINAL_ALIGNING,-18.47,5.51,688.7,144.3,5.00,110,-110,,
7287,15:40:50.593,ROI,160,160,224,224,16.49,17.54,0.0,0.0,57.03,686.95,148.46,107.76,70.78,0.9553,22.6500,-19.3700,0.0000,0.0000,0.9391,0,-19.3700,337.7863,383.7631,0.2393,346.6631,0.8069,PHASE_3_FINAL_ALIGNING,-18.47,5.13,688.7,144.3,4.52,103,-103,,
7288,15:40:50.657,ROI,160,160,224,224,16.65,17.54,0.0,0.0,57.00,687.20,149.53,108.91,70.50,0.9603,21.7100,-18.1300,2.0400,-15.7600,0.9315,0,-18.1300,338.5615,383.9911,0.2173,346.6715,0.8215,PHASE_3_FINAL_ALIGNING,-18.47,5.14,688.7,144.3,5.44,103,-103,,
7289,15:40:50.704,ROI,160,160,224,224,18.02,19.32,0.0,0.0,51.77,685.75,147.74,106.82,74.38,0.9238,19.8800,-20.2000,0.0000,0.0000,0.8996,0,-20.2000,338.7573,366.3087,0.2144,343.6207,0.8235,PHASE_3_FINAL_ALIGNING,-18.47,2.09,688.7,144.3,4.53,42,-42,,
7290,15:40:50.833,ROI,160,160,224,224,20.16,21.48,0.0,0.0,46.56,685.49,150.16,103.60,72.59,0.9085,21.3100,-20.8600,0.0000,0.0000,0.9169,0,-20.8600,339.2427,355.9488,0.2108,342.1515,0.8259,PHASE_3_FINAL_ALIGNING,-18.47,0.62,688.7,144.3,6.69,12,-12,,
7291,15:40:50.880,ROI,160,160,224,224,24.73,26.11,0.0,0.0,38.30,688.44,148.08,110.35,75.19,0.8879,19.8500,-19.6900,0.0000,0.0000,0.9168,0,-19.6900,339.6236,348.1776,0.1403,340.6757,0.8770,PHASE_3_FINAL_ALIGNING,-18.47,-0.85,688.7,144.3,3.79,-17,17,,
7292,15:40:50.946,ROI,160,160,224,224,20.87,22.53,0.0,69.35,44.38,686.66,148.45,106.41,73.53,0.9430,21.4800,-21.9200,0.0000,0.0000,0.9047,0,-21.9200,339.3292,341.0280,0.0880,339.4665,0.9192,PHASE_3_FINAL_ALIGNING,-18.47,-2.06,688.7,144.3,4.62,-41,41,,
7293,15:40:50.992,ROI,160,160,224,224,29.40,30.89,16.4,0.0,32.38,687.01,149.67,106.83,71.76,0.9608,21.0300,-20.6900,2.2200,-19.2800,0.9192,0,-20.6900,339.2151,339.4895,0.0378,339.2251,0.9636,PHASE_3_FINAL_ALIGNING,-18.47,-2.30,688.7,144.3,5.63,-46,46,,
7294,15:40:51.057,ROI,160,160,224,224,26.86,28.35,46.55,0.0,35.27,686.83,147.78,107.39,74.45,0.9448,19.8800,-21.3500,0.0000,0.0000,0.8881,0,-21.3500,338.7470,353.1063,0.0219,339.0541,0.9786,PHASE_3_FINAL_ALIGNING,-18.47,-2.48,688.7,144.3,3.95,-50,50,,
7295,15:40:51.121,ROI,160,160,224,224,15.90,17.45,0.0,0.0,57.30,685.87,150.42,104.12,71.06,0.9021,20.7700,-21.1600,0.0000,0.0000,0.9054,0,-21.1600,338.4039,347.3939,0.0382,338.7347,0.9632,PHASE_3_FINAL_ALIGNING,-18.47,-2.80,688.7,144.3,6.74,-56,56,,
7296,15:40:51.168,ROI,160,160,224,224,15.25,16.39,0.0,0.0,61.02,688.63,148.28,109.97,75.74,0.8883,19.3800,-20.0900,0.0000,0.0000,0.9103,0,-20.0900,338.3704,346.7729,0.0960,339.1062,0.9124,PHASE_3_FINAL_ALIGNING,-18.47,-2.42,688.7,144.3,3.98,-48,48,,
7297,15:40:51.296,ROI,160,160,224,224,14.32,15.23,0.0,0.0,65.66,686.03,148.63,104.93,73.47,0.9242,21.5300,-22.3400,0.0000,0.0000,0.8987,0,-22.3400,337.9499,349.7827,0.0484,338.4962,0.9538,PHASE_4_FWD_BWD,-18.47,-3.03,688.7,144.3,5.09,0,0,,
7298,15:40:51.344,ROI,160,160,224,224,23.48,24.87,0.0,0.0,40.20,686.28,149.53,105.63,72.79,0.9694,21.1500,-21.7000,0.0000,0.0000,0.9146,0,-21.7000,337.5921,350.4977,0.0664,338.3953,0.9378,PHASE_4_FWD_BWD,-18.47,-3.13,688.7,144.3,5.76,0,0,,
7299,15:40:51.408,ROI,160,160,224,224,15.48,16.34,0.0,0.0,61.19,688.07,148.93,110.32,74.48,0.9357,20.0200,-21.7200,2.1600,-20.7300,0.8981,0,-21.7200,337.5226,349.3628,0.0672,338.2678,0.9371,PHASE_4_FWD_BWD,-18.47,-3.26,688.7,144.3,4.67,0,0,,
7300,15:40:51.471,ROI,160,160,224,224,12.00,13.18,0.0,29.625,75.86,685.93,148.56,104.75,74.00,0.9402,21.4000,-22.4300,0.0000,0.0000,0.8966,0,-22.4300,337.4242,353.3966,0.0452,338.1145,0.9568,PHASE_4_FWD_BWD,-18.47,-3.42,688.7,144.3,5.08,0,0,,
7301,15:40:51.520,ROI,160,160,224,224,12.92,13.81,11.05,28.3,72.43,686.08,149.06,104.94,72.72,0.9798,19.5200,-21.8900,0.0000,0.0000,0.9022,0,-21.8900,337.3698,349.2720,0.0260,337.6715,0.9747,PHASE_4_FWD_BWD,-18.47,-3.86,688.7,144.3,5.44,0,0,,
7302,15:40:51.584,ROI,160,160,224,224,24.11,25.43,7.775,15.35,39.32,687.99,149.10,109.96,74.21,0.9352,20.0500,-21.9700,2.1800,-20.8900,0.8942,0,-21.9700,337.3900,353.0201,0.0358,337.9301,0.9654,PHASE_4_FWD_BWD,-18.47,-3.60,688.7,144.3,4.85,0,0,,
7303,15:40:51.649,ROI,160,160,224,224,17.88,19.02,9.925,20.525,52.57,687.27,147.66,107.94,75.24,0.9449,19.6100,-21.7400,0.0000,0.0000,0.8845,0,-21.7400,337.4261,355.9309,0.0371,338.0876,0.9643,PHASE_4_FWD_BWD,-18.47,-3.44,688.7,144.3,3.65,0,0,,
7304,15:40:51.760,ROI,160,160,224,224,12.89,13.76,4.225,0.0,72.65,686.45,149.81,104.43,71.30,0.9122,20.5200,-21.8700,0.0000,0.0000,0.8875,0,-21.8700,337.5237,350.7706,0.0148,337.7175,0.9854,PHASE_4_FWD_BWD,-18.47,-3.81,688.7,144.3,5.95,0,0,,
7305,15:40:51.823,ROI,160,160,224,224,12.96,13.83,15.8,28.25,72.30,689.89,148.06,109.77,74.42,0.8942,20.5600,-21.5200,2.3800,-21.6100,0.9170,0,-21.5200,337.6181,355.0030,0.0699,338.7546,0.9346,PHASE_4_FWD_BWD,-18.47,-2.78,688.7,144.3,3.95,0,0,,
7306,15:40:51.871,ROI,160,160,224,224,13.15,14.15,11.475,0.0,70.66,688.90,149.76,106.51,72.46,0.9266,20.0200,-22.0100,0.0000,0.0000,0.9012,0,-22.0100,337.7876,354.6787,0.1071,339.4213,0.9033,PHASE_4_FWD_BWD,-18.47,-2.11,688.7,144.3,5.47,0,0,,
7307,15:40:51.936,ROI,160,160,224,224,13.26,14.14,7.775,27.625,70.73,689.69,148.57,104.99,75.11,0.9509,19.8900,-22.9300,0.0000,0.0000,0.8953,0,-22.9300,337.6069,356.3641,0.1263,339.7108,0.8878,PHASE_4_FWD_BWD,-18.47,-1.82,688.7,144.3,4.38,0,0,,
7308,15:40:51.984,ROI,160,160,224,224,12.85,14.02,0.0,0.0,71.32,690.81,150.45,105.22,74.55,0.9315,20.6600,-23.4300,0.0000,0.0000,0.8959,0,-23.4300,337.2984,354.0818,0.1562,339.5664,0.8649,PHASE_4_FWD_BWD,-18.47,-1.96,688.7,144.3,6.50,0,0,,
7309,15:40:52.050,ROI,160,160,224,224,15.37,16.38,7.475,0.0,61.07,694.69,148.98,110.36,75.47,0.8956,20.5000,-21.6800,3.7400,-22.0000,0.9050,0,-21.6800,337.5232,352.9209,0.2932,341.0143,0.7733,PHASE_4_FWD_BWD,-18.47,-0.52,688.7,144.3,7.60,0,0,,
7310,15:40:52.161,ROI,160,160,224,224,26.43,27.71,4.125,0.0,36.09,699.50,150.21,113.46,74.76,0.8892,20.3300,-22.7000,0.0000,0.0000,0.8949,0,-22.7000,337.3264,350.7134,0.4709,341.6121,0.6799,PHASE_4_FWD_BWD,-18.47,0.08,688.7,144.3,12.31,0,0,,
7311,15:40:52.224,ROI,160,160,256,256,23.10,24.50,0.0,0.0,40.81,702.22,150.78,116.02,74.93,0.9396,20.4500,-22.1400,0.0000,0.0000,0.8923,0,-22.1400,337.3945,349.8846,0.6792,342.4464,0.5955,PHASE_4_FWD_BWD,-18.47,0.92,688.7,144.3,14.99,0,0,,
7312,15:40:52.290,ROI,160,160,256,256,20.73,22.13,9.5,0.0,45.19,703.46,151.57,116.99,75.97,0.9590,20.4100,-20.9400,0.0000,0.0000,0.8794,0,-20.9400,337.6604,356.7675,0.8721,346.5610,0.5342,PHASE_4_FWD_BWD,-18.47,5.03,688.7,144.3,16.45,0,0,,
7313,15:40:52.336,ROI,160,160,256,256,20.92,22.21,0.0,0.0,45.01,705.90,153.21,114.78,76.22,0.9191,21.0800,-22.0200,0.0000,0.0000,0.8974,0,-22.0200,337.7191,353.7354,1.0645,345.9774,0.4844,PHASE_4_FWD_BWD,-18.47,4.45,688.7,144.3,19.37,0,0,,
7314,15:40:52.400,ROI,160,160,256,256,17.22,18.38,9.475,0.0,54.41,707.72,154.28,115.10,76.91,0.9424,20.1400,-24.1200,2.0100,-27.6700,0.8753,0,-24.1200,337.4819,352.1715,1.2981,345.7794,0.4351,PHASE_4_FWD_BWD,-18.47,4.25,688.7,144.3,21.48,0,0,,
7315,15:40:52.464,ROI,160,160,256,256,15.63,16.57,0.0,0.0,60.34,713.11,155.38,115.92,77.82,0.8864,19.6100,-22.6000,3.6700,-29.9400,0.9031,0,-22.6000,337.3766,352.3392,1.5387,346.4455,0.3939,PHASE_4_FWD_BWD,-18.47,4.92,688.7,144.3,26.81,0,0,,
7316,15:40:52.512,ROI,160,160,256,256,13.04,14.45,0.0,0.0,69.19,713.86,155.54,112.99,76.56,0.9589,19.8000,-22.6100,0.0000,0.0000,0.8916,0,-22.6100,337.3449,351.1691,1.7445,346.1320,0.3644,PHASE_4_FWD_BWD,-18.47,4.60,688.7,144.3,27.56,0,0,,
7317,15:40:52.625,ROI,160,160,256,256,15.00,16.36,3.975,0.0,61.14,721.82,154.82,116.21,76.05,0.8551,20.7600,-19.7700,0.0000,0.0000,0.9357,0,-19.7700,337.9082,349.2030,2.0572,345.5085,0.3271,PHASE_4_FWD_BWD,-18.47,3.98,688.7,144.3,34.75,0,0,,
7318,15:40:52.689,ROI,160,160,256,256,13.04,14.24,0.0,0.0,70.24,726.60,156.61,115.62,74.19,0.8796,22.0200,-18.9700,0.0000,0.0000,0.9370,0,-18.9700,338.5222,349.9328,2.3455,346.5221,0.2989,PHASE_4_FWD_BWD,-18.47,4.99,688.7,144.3,39.85,0,0,,
7319,15:40:52.753,ROI,160,160,256,256,12.42,13.80,7.8,0.0,72.44,728.18,156.66,115.01,75.49,0.9566,22.1700,-19.3800,0.0000,0.0000,0.9372,0,-19.3800,339.0516,346.6242,2.5804,344.5092,0.2793,PHASE_4_FWD_BWD,-18.47,2.98,688.7,144.3,41.36,0,0,,
7320,15:40:52.800,ROI,160,160,256,256,13.31,14.69,11.775,0.0,68.08,733.42,157.49,116.61,76.26,0.8943,22.2900,-17.9800,2.5800,-13.8700,0.9240,0,-17.9800,339.8146,347.4145,2.8569,345.4441,0.2593,PHASE_4_FWD_BWD,-18.47,3.91,688.7,144.3,46.63,0,0,,
7321,15:40:52.864,ROI,160,160,256,256,13.15,14.57,7.95,0.0,68.65,734.39,157.50,117.79,77.36,0.9696,22.0100,-16.6300,4.0000,-16.4100,0.9124,0,-16.6300,340.8094,348.0366,3.0353,346.2456,0.2478,PHASE_4_FWD_BWD,-18.47,4.72,688.7,144.3,47.56,0,0,,
7322,15:40:52.928,ROI,160,160,256,256,17.51,18.60,7.9,0.0,53.76,736.37,157.96,117.26,76.13,0.9517,22.5800,-18.0200,4.3900,-18.6600,0.9082,0,-18.0200,341.4157,344.8563,3.1427,344.0258,0.2414,PHASE_4_FWD_BWD,-18.47,2.50,688.7,144.3,49.59,0,0,,
7323,15:40:52.977,ROI,160,160,256,256,16.85,18.08,0.0,21.6,55.31,740.14,159.08,121.58,76.77,0.9123,21.4000,-15.2400,3.6900,-15.4300,0.8942,0,-15.2400,342.5623,346.3925,3.2740,345.4963,0.2340,PHASE_4_FWD_BWD,-18.47,3.97,688.7,144.3,53.53,0,0,,
7324,15:40:53.104,ROI,160,160,256,256,23.72,25.11,3.6,15.55,39.82,748.22,160.31,122.00,77.15,0.8496,19.3300,-10.6900,2.8300,-8.5700,0.8699,0,-10.6900,344.4756,346.1245,3.4298,345.7522,0.2257,PHASE_4_FWD_BWD,-18.47,4.22,688.7,144.3,61.64,0,0,,
7325,15:40:53.152,ROI,160,160,256,256,20.17,21.49,17.3,0.0,46.52,748.82,160.61,118.98,76.02,0.9609,22.0700,-15.2000,0.0000,0.0000,0.9342,0,-15.2000,345.1649,347.4930,3.4833,346.9737,0.2231,PHASE_4_FWD_BWD,-18.47,5.44,688.7,144.3,62.29,0,0,,
7326,15:40:53.216,ROI,160,160,256,256,13.45,14.66,9.15,26.65,68.22,753.92,160.70,124.29,75.97,0.9172,21.2200,-15.2900,0.0000,0.0000,0.9295,0,-15.2900,345.6447,346.9231,3.5289,346.6408,0.2208,PHASE_4_FWD_BWD,-18.47,5.11,688.7,144.3,67.25,0,0,,
7327,15:40:53.280,ROI,160,160,256,256,15.41,16.65,0.0,23.475,60.04,756.81,160.54,120.67,76.78,0.9442,20.4100,-17.0700,0.0000,0.0000,0.9108,0,-17.0700,345.8118,347.5559,3.5615,347.1735,0.2192,PHASE_4_FWD_BWD,-18.47,5.64,688.7,144.3,70.02,0,0,,
7328,15:40:53.329,ROI,160,160,256,256,13.68,15.13,0.0,25.825,66.07,760.10,161.71,120.82,77.22,0.9194,22.1500,-15.9000,0.0000,0.0000,0.9228,0,-15.9000,346.0241,348.4351,3.6218,347.9135,0.2164,PHASE_4_FWD_BWD,-18.47,6.38,688.7,144.3,73.49,0,0,,
7329,15:40:53.392,ROI,160,160,256,256,22.38,23.71,8.125,16.475,42.18,762.40,161.50,120.90,77.22,0.9573,21.2200,-16.8200,0.0000,0.0000,0.9116,0,-16.8200,345.9911,349.3048,3.6488,348.5920,0.2151,PHASE_4_FWD_BWD,-18.47,7.06,688.7,144.3,75.68,0,0,,
7330,15:40:53.456,ROI,160,160,256,256,19.07,20.40,0.0,0.0,49.02,767.74,162.20,121.01,74.40,0.8834,20.3300,-15.0100,0.0000,0.0000,0.9319,0,-15.0100,346.3685,350.3796,3.6712,349.5209,0.2141,PHASE_4_FWD_BWD,-18.47,7.99,688.7,144.3,81.05,0,0,,
7331,15:40:53.505,ROI,160,160,256,256,17.84,19.10,27.4,20.45,52.35,769.24,163.18,120.93,74.62,0.9504,18.0900,-16.3000,0.0000,0.0000,0.9014,0,-16.3000,346.2578,351.0883,3.6395,350.0471,0.2155,PHASE_4_FWD_BWD,-18.47,8.52,688.7,144.3,82.72,0,0,,
7332,15:40:53.617,ROI,160,160,256,256,16.06,17.16,8.475,22.75,58.26,776.20,164.76,124.24,73.97,0.8575,16.3300,-14.6800,0.0000,0.0000,0.8997,0,-14.6800,346.1451,351.5999,3.6388,350.4239,0.2156,PHASE_4_FWD_BWD,-18.47,8.89,688.7,144.3,89.86,0,0,,
7333,15:40:53.682,ROI,160,160,256,256,14.19,15.37,8.15,25.45,65.08,778.88,163.74,120.74,73.47,0.9316,17.8500,-16.3600,0.0000,0.0000,0.9086,0,-16.3600,345.6918,351.9453,3.6467,350.5995,0.2152,PHASE_4_FWD_BWD,-18.47,9.07,688.7,144.3,92.25,0,0,,
7334,15:40:53.745,ROI,160,160,256,256,18.55,19.64,8.15,19.9,50.92,783.73,166.28,121.50,73.22,0.8636,16.8700,-15.8600,0.0000,0.0000,0.9192,0,-15.8600,345.2302,351.9707,3.6238,350.5129,0.2163,PHASE_4_FWD_BWD,-18.47,8.98,688.7,144.3,97.54,0,0,,
7335,15:40:53.793,ROI,160,160,256,256,13.41,14.55,13.95,26.875,68.75,786.78,167.20,122.24,72.19,0.9280,16.8000,-17.3000,0.0000,0.0000,0.9338,0,-17.3000,344.6710,351.9894,3.6623,350.4197,0.2145,PHASE_4_FWD_BWD,-18.47,8.89,688.7,144.3,100.71,0,0,,
7336,15:40:53.856,ROI,160,160,256,256,14.18,15.44,8.0,25.3,64.75,790.10,168.52,124.45,72.11,0.9144,16.5800,-16.4700,0.0000,0.0000,0.9036,0,-16.4700,344.3273,351.8559,3.7239,350.2621,0.2117,PHASE_4_FWD_BWD,-18.47,8.73,688.7,144.3,104.25,0,0,,
7337,15:40:53.920,ROI,160,160,256,256,11.23,12.22,16.125,0.0,81.86,793.23,169.23,123.31,74.34,0.9230,16.8300,-18.2700,0.0000,0.0000,0.9075,0,-18.2700,343.5257,351.5788,3.7395,349.8796,0.2110,PHASE_4_FWD_BWD,-18.47,8.35,688.7,144.3,107.46,0,0,,
7338,15:40:53.968,ROI,160,160,256,256,12.69,13.74,10.9,0.0,72.80,799.66,170.79,122.24,75.14,0.8655,17.4400,-17.5600,0.0000,0.0000,0.9277,0,-17.5600,343.0055,351.1813,3.8385,349.4916,0.2067,PHASE_4_FWD_BWD,-18.47,7.96,688.7,144.3,114.07,0,0,,
7339,15:40:54.095,ROI,160,160,256,256,11.67,12.51,3.425,0.0,79.92,807.30,171.98,123.12,76.72,0.8568,16.1100,-15.5800,0.0000,0.0000,0.9180,0,-15.5800,343.0332,350.7605,3.9528,349.2003,0.2019,PHASE_4_FWD_BWD,-18.47,7.67,688.7,144.3,121.79,0,0,,
7340,15:40:54.144,ROI,160,160,256,256,15.46,16.65,21.45,23.45,60.06,809.91,172.52,123.04,76.78,0.9455,16.1500,-16.3800,2.2800,-14.4700,0.9121,0,-16.3800,342.7243,350.2353,4.0002,348.7331,0.2000,PHASE_4_FWD_BWD,-18.47,7.20,688.7,144.3,124.45,0,0,,
7341,15:40:54.210,ROI,160,160,256,256,18.58,19.61,7.95,19.925,50.98,815.78,173.41,124.13,78.24,0.8895,15.0100,-15.9800,4.7600,-13.9800,0.9148,0,-15.9800,342.7774,349.6773,4.0741,348.3175,0.1971,PHASE_4_FWD_BWD,-18.47,6.79,688.7,144.3,130.37,0,0,,
7342,15:40:54.272,ROI,160,160,256,256,12.97,13.80,18.675,0.0,72.47,817.48,174.54,126.05,78.27,0.9459,15.9200,-15.2800,5.3100,-11.2600,0.9155,0,-15.2800,343.4923,349.0275,4.1826,347.9595,0.1930,PHASE_4_FWD_BWD,-18.47,6.43,688.7,144.3,132.28,0,0,,
7343,15:40:54.321,ROI,160,160,256,256,15.73,16.98,22.225,0.0,58.89,822.46,174.51,124.43,78.94,0.9161,16.2800,-13.0500,3.7400,-9.6700,0.9032,0,-13.0500,344.2431,348.3740,4.2431,347.5861,0.1907,PHASE_4_FWD_BWD,-18.47,6.06,688.7,144.3,137.13,0,0,,
7344,15:40:54.384,ROI,160,160,256,256,13.67,14.68,8.45,26.6,68.10,825.02,175.30,125.02,78.32,0.9411,15.7500,-14.2100,0.0000,0.0000,0.9065,0,-14.2100,344.7087,347.7294,4.2941,347.1588,0.1889,PHASE_4_FWD_BWD,-18.47,5.63,688.7,144.3,139.80,0,0,,
7345,15:40:54.448,ROI,160,160,256,256,13.13,14.14,0.0,0.0,70.74,826.20,176.86,125.97,78.32,0.9434,16.1200,-14.4500,0.0000,0.0000,0.8948,0,-14.4500,344.9085,347.1616,4.2761,346.7346,0.1895,PHASE_4_FWD_BWD,-18.47,5.20,688.7,144.3,141.30,0,0,,
7346,15:40:54.561,ROI,160,160,256,256,13.17,14.43,3.95,27.075,69.31,833.38,176.46,128.18,82.11,0.8536,15.7000,-12.0700,0.0000,0.0000,0.8905,0,-12.0700,345.6794,346.7340,4.3001,346.5350,0.1887,PHASE_4_FWD_BWD,-18.47,5.01,688.7,144.3,148.21,0,0,,
7347,15:40:54.624,ROI,160,160,288,288,24.71,26.01,0.0,15.025,38.44,837.05,179.11,126.45,82.58,0.8866,19.1800,-14.8300,0.0000,0.0000,0.9189,0,-14.8300,345.7160,346.4149,4.2862,346.2827,0.1892,PHASE_4_FWD_BWD,-18.47,4.75,688.7,144.3,152.38,0,0,,
7348,15:40:54.672,ROI,160,160,256,256,20.27,21.56,17.1,18.125,46.37,838.09,178.81,125.89,83.14,0.9765,16.7200,-15.8000,0.0000,0.0000,0.9165,0,-15.8000,345.7203,346.2625,4.2358,346.1589,0.1910,PHASE_4_FWD_BWD,-18.47,4.63,688.7,144.3,153.32,0,0,,
7349,15:40:54.736,ROI,160,160,256,256,21.60,22.86,9.2,17.1,43.75,841.90,179.33,128.08,85.76,0.9134,16.5500,-16.5100,0.0000,0.0000,0.9046,0,-16.5100,345.4498,346.2097,4.1364,346.0618,0.1947,PHASE_4_FWD_BWD,-18.47,4.53,688.7,144.3,157.16,0,0,,
7350,15:40:54.784,ROI,160,160,288,288,18.88,20.60,15.525,0.0,48.55,843.70,179.54,126.13,84.02,0.9526,17.2100,-14.5300,0.0000,0.0000,0.9103,0,-14.5300,345.7682,346.2228,4.0548,346.1329,0.1978,PHASE_4_FWD_BWD,-18.47,4.60,688.7,144.3,158.96,0,0,,
7351,15:40:54.849,ROI,160,160,256,256,13.57,14.70,8.95,26.575,68.02,845.64,179.50,127.86,85.33,0.9552,17.1200,-17.9900,0.0000,0.0000,0.9027,0,-17.9900,345.1891,346.4445,3.9108,346.1888,0.2036,PHASE_4_FWD_BWD,-18.47,4.66,688.7,144.3,160.84,0,0,,
7352,15:40:54.963,ROI,160,160,256,256,14.91,16.25,0.0,24.05,61.54,849.08,179.91,127.82,83.81,0.9311,17.0000,-16.5300,0.0000,0.0000,0.9089,0,-16.5300,344.9930,346.7469,3.7895,346.3807,0.2088,PHASE_4_FWD_BWD,-18.47,4.85,688.7,144.3,164.29,0,0,,
7353,15:40:55.025,ROI,160,160,256,256,12.94,14.58,8.625,26.8,68.60,849.58,180.44,127.41,83.34,0.9798,16.4000,-16.1900,0.0000,0.0000,0.9046,0,-16.1900,344.7183,347.1316,3.6031,346.6073,0.2172,PHASE_4_FWD_BWD,-18.47,5.08,688.7,144.3,164.89,0,0,,
7354,15:40:55.090,ROI,160,160,256,256,13.42,14.51,7.725,0.0,68.91,850.44,179.76,126.18,83.70,0.9707,18.2500,-18.1300,0.0000,0.0000,0.9154,0,-18.1300,344.1192,347.5605,3.3658,346.7722,0.2291,PHASE_4_FWD_BWD,-18.47,5.24,688.7,144.3,165.58,0,0,,
7355,15:40:55.137,ROI,160,160,256,256,13.20,14.34,0.0,27.25,69.73,851.97,181.99,126.69,83.86,0.9260,16.6600,-17.9600,0.0000,0.0000,0.8943,0,-17.9600,343.3841,347.8986,3.0987,346.7971,0.2440,PHASE_4_FWD_BWD,-18.47,5.27,688.7,144.3,167.56,0,0,,
7356,15:40:55.199,ROI,160,160,256,256,12.43,13.41,8.15,0.0,74.57,852.12,180.55,126.34,82.99,0.9634,17.5900,-18.2200,0.0000,0.0000,0.9110,0,-18.2200,342.6692,348.2190,2.8348,346.7718,0.2608,PHASE_4_FWD_BWD,-18.47,5.24,688.7,144.3,167.39,0,0,,
7357,15:40:55.264,ROI,160,160,256,256,12.48,14.19,15.325,27.525,70.47,852.66,181.81,126.91,83.66,0.9622,17.2400,-17.6100,0.0000,0.0000,0.9081,0,-17.6100,342.3107,348.4664,2.6260,346.7687,0.2758,PHASE_4_FWD_BWD,-18.47,5.24,688.7,144.3,168.19,0,0,,
7358,15:40:55.313,ROI,160,160,256,256,11.96,13.06,0.0,0.0,76.57,852.88,181.19,126.19,85.01,0.9787,18.4500,-19.4500,0.0000,0.0000,0.9125,0,-19.4500,341.5223,348.6911,2.3753,346.5672,0.2963,PHASE_4_FWD_BWD,-18.47,5.04,688.7,144.3,168.27,0,0,,
7359,15:40:55.440,ROI,160,160,256,256,13.16,14.18,3.425,27.55,70.52,853.04,181.59,126.14,85.60,0.9882,18.5400,-19.4300,0.0000,0.0000,0.9132,0,-19.4300,340.8364,348.8823,2.1545,346.3317,0.3170,PHASE_4_FWD_BWD,-18.47,4.80,688.7,144.3,168.52,0,0,,
7360,15:40:55.489,ROI,160,160,256,256,11.99,12.96,11.175,0.0,77.13,853.51,181.72,127.07,84.42,0.9789,17.7100,-18.4700,0.0000,0.0000,0.9141,0,-18.4700,340.4852,348.9376,1.9007,346.0236,0.3447,PHASE_4_FWD_BWD,-18.47,4.49,688.7,144.3,169.01,0,0,,
7361,15:40:55.552,ROI,160,160,256,256,10.54,11.37,15.7,0.0,87.95,853.51,181.72,126.86,84.42,0.9984,17.8200,-18.4600,0.0000,0.0000,0.9139,0,-18.4600,340.4398,348.9950,1.6665,345.7865,0.3750,PHASE_4_FWD_BWD,-18.47,4.26,688.7,144.3,169.01,0,0,,
7362,15:40:55.616,ROI,160,160,256,256,15.47,16.52,7.45,23.65,60.52,852.44,181.66,126.66,83.31,0.9705,18.5300,-17.4800,0.0000,0.0000,0.9136,0,-17.4800,340.5611,349.0301,1.4002,345.5016,0.4166,PHASE_4_FWD_BWD,-18.47,3.97,688.7,144.3,167.95,0,0,,
7363,15:40:55.664,ROI,160,160,256,256,12.84,14.43,12.15,27.075,69.32,851.89,181.24,127.34,83.41,0.9815,18.8800,-17.7600,0.0000,0.0000,0.9165,0,-17.7600,340.6557,348.8326,1.0938,344.9273,0.4776,PHASE_4_FWD_BWD,-18.47,3.40,688.7,144.3,167.32,0,0,,
7364,15:40:55.729,ROI,160,160,256,256,18.59,19.73,7.825,19.8,50.69,850.28,180.31,126.93,81.47,0.9526,17.7000,-15.1700,0.0000,0.0000,0.9059,0,-15.1700,341.6029,348.9610,0.8389,344.9597,0.5438,PHASE_4_FWD_BWD,-18.47,3.43,688.7,144.3,165.54,0,0,,
7365,15:40:55.776,ROI,160,160,256,256,13.69,14.93,14.475,26.175,66.96,849.41,180.05,127.55,81.15,0.9801,18.3300,-16.4700,0.0000,0.0000,0.9093,0,-16.4700,342.0318,348.9496,0.6133,344.6615,0.6199,PHASE_4_FWD_BWD,-18.47,3.13,688.7,144.3,164.64,0,0,,
7366,15:40:55.905,ROI,160,160,256,256,20.22,21.61,3.425,0.0,46.27,846.95,179.55,126.82,81.65,0.9507,19.7800,-16.0000,0.0000,0.0000,0.9140,0,-16.0000,342.4779,348.9469,0.3371,344.1088,0.7479,PHASE_4_FWD_BWD,-18.47,2.58,688.7,144.3,162.13,0,0,,
7367,15:40:55.953,ROI,160,160,256,256,17.63,19.02,0.0,0.0,52.57,845.17,179.42,127.76,83.62,0.9497,17.7000,-15.9600,0.0000,0.0000,0.9050,0,-15.9600,342.8568,348.9277,0.0869,343.3422,0.9200,PHASE_4_FWD_BWD,-18.47,1.81,688.7,144.3,160.36,0,0,,
7368,15:40:56.016,ROI,160,160,256,256,12.97,14.68,0.0,26.6,68.10,842.17,179.14,127.46,85.07,0.9381,18.9100,-16.5600,0.0000,0.0000,0.9177,0,-16.5600,343.3232,349.1107,0.1872,344.2358,0.8423,PHASE_4_FWD_BWD,-18.47,2.71,688.7,144.3,157.37,0,0,,
7369,15:40:56.080,ROI,160,160,256,256,12.53,13.81,7.85,28.275,72.42,841.33,178.52,128.67,83.98,0.9727,18.9100,-14.8100,0.0000,0.0000,0.9210,0,-14.8100,343.7990,348.8621,0.4374,345.3398,0.6957,PHASE_4_FWD_BWD,-18.47,3.81,688.7,144.3,156.42,0,0,,
7370,15:40:56.129,ROI,160,160,288,288,14.08,15.31,11.175,25.525,65.33,837.63,180.21,128.34,82.08,0.9074,19.2400,-14.5600,0.0000,0.0000,0.9044,0,-14.5600,344.4324,349.1742,0.6688,346.3327,0.5992,PHASE_4_FWD_BWD,-18.47,4.80,688.7,144.3,153.20,0,0,,
7371,15:40:56.191,ROI,160,160,288,288,13.30,14.66,8.25,26.65,68.22,835.15,178.36,125.12,85.34,0.9211,19.4900,-15.6500,0.0000,0.0000,0.9464,0,-15.6500,344.8459,349.4578,0.9145,347.0489,0.5223,PHASE_4_FWD_BWD,-18.47,5.52,688.7,144.3,150.36,0,0,,
7372,15:40:56.256,ROI,160,160,256,256,11.56,12.74,7.8,0.0,78.47,830.86,176.83,125.70,83.06,0.9016,18.0000,-15.7900,0.0000,0.0000,0.9360,0,-15.7900,345.0057,349.4375,1.1948,347.4183,0.4556,PHASE_4_FWD_BWD,-18.47,5.89,688.7,144.3,145.83,0,0,,
7373,15:40:56.304,ROI,160,160,256,256,14.80,15.85,22.325,24.65,63.08,828.86,175.50,127.06,79.82,0.9320,18.2900,-14.8500,0.0000,0.0000,0.9244,0,-14.8500,345.3358,349.3462,1.4356,347.6996,0.4106,PHASE_4_FWD_BWD,-18.47,6.17,688.7,144.3,143.60,0,0,,
7374,15:40:56.432,ROI,160,160,256,256,19.82,21.04,3.475,0.0,47.52,824.18,175.59,128.43,80.38,0.9229,18.0600,-14.0800,0.0000,0.0000,0.9088,0,-14.0800,345.7400,349.1921,1.7100,347.9183,0.3690,PHASE_4_FWD_BWD,-18.47,6.39,688.7,144.3,139.04,0,0,,
7375,15:40:56.480,ROI,160,160,288,288,15.70,16.63,0.0,23.475,60.13,822.25,176.91,128.84,80.55,0.9398,19.5800,-15.5900,0.0000,0.0000,0.9200,0,-15.5900,345.8303,349.2699,1.9392,348.0996,0.3402,PHASE_4_FWD_BWD,-18.47,6.57,688.7,144.3,137.48,0,0,,
7376,15:40:56.544,ROI,160,160,288,288,12.50,13.36,8.375,0.0,74.82,817.43,174.27,130.57,80.62,0.8714,18.4400,-14.6200,0.0000,0.0000,0.9178,0,-14.6200,345.8792,349.2943,2.1949,348.2254,0.3130,PHASE_4_FWD_BWD,-18.47,6.70,688.7,144.3,132.17,0,0,,
7377,15:40:56.592,ROI,160,160,288,288,15.23,16.45,22.45,47.5,60.80,816.12,174.16,127.87,78.19,0.9498,18.3700,-13.6400,0.0000,0.0000,0.9119,0,-13.6400,346.0463,349.3267,2.3945,348.3603,0.2946,PHASE_4_FWD_BWD,-18.47,6.83,688.7,144.3,130.87,0,0,,
7378,15:40:56.656,ROI,160,160,256,256,12.66,13.68,0.0,0.0,73.09,808.24,172.18,124.08,77.79,0.8409,19.1500,-12.9200,2.8300,-9.5200,0.9246,0,-12.9200,346.3657,349.2888,2.6490,348.4877,0.2740,PHASE_4_FWD_BWD,-18.47,6.96,688.7,144.3,122.75,0,0,,
7379,15:40:56.721,ROI,160,160,256,256,19.04,20.06,15.075,19.475,49.84,805.74,171.84,122.67,75.65,0.9342,16.7100,-15.9700,5.1700,-14.4500,0.9285,0,-15.9700,345.9647,349.2602,2.8523,348.4047,0.2596,PHASE_4_FWD_BWD,-18.47,6.87,688.7,144.3,120.24,0,0,,
7380,15:40:56.768,ROI,160,160,256,256,13.14,14.40,14.85,27.15,69.46,800.57,170.81,123.14,75.44,0.8954,16.7000,-14.6600,0.0000,0.0000,0.9321,0,-14.6600,345.8970,349.2400,3.0683,348.4183,0.2458,PHASE_4_FWD_BWD,-18.47,6.89,688.7,144.3,114.97,0,0,,
7381,15:40:56.896,ROI,160,160,256,256,10.41,11.25,3.45,0.0,88.85,792.48,168.14,123.54,74.51,0.8202,17.2700,-15.2900,0.0000,0.0000,0.9277,0,-15.2900,345.6197,349.0391,3.3353,348.2504,0.2307,PHASE_4_FWD_BWD,-18.47,6.72,688.7,144.3,106.48,0,0,,
7382,15:40:56.944,ROI,160,160,256,256,16.06,17.29,10.65,22.6,57.83,788.91,167.46,125.25,73.38,0.9274,17.8900,-14.1400,2.3200,-13.2000,0.9273,0,-14.1400,345.8223,348.9041,3.5751,348.2305,0.2186,PHASE_4_FWD_BWD,-18.47,6.70,688.7,144.3,102.85,0,0,,
7383,15:40:57.007,ROI,160,160,256,256,20.61,21.92,0.0,17.825,45.62,785.30,164.95,122.19,69.07,0.8802,17.8700,-15.1700,0.0000,0.0000,0.9199,0,-15.1700,345.6515,348.5607,3.7749,347.9514,0.2094,PHASE_4_FWD_BWD,-18.47,6.42,688.7,144.3,98.78,0,0,,
7384,15:40:57.073,ROI,160,160,256,256,21.02,22.35,8.975,17.475,44.74,782.18,165.15,124.54,72.48,0.9067,17.4800,-15.7900,0.0000,0.0000,0.9338,0,-15.7900,345.3833,348.1482,3.9409,347.5886,0.2024,PHASE_4_FWD_BWD,-18.47,6.06,688.7,144.3,95.78,0,0,,
7385,15:40:57.123,ROI,160,160,256,256,23.48,24.90,27.675,0.0,40.16,777.41,163.38,124.56,73.34,0.8838,17.4300,-15.5400,0.0000,0.0000,0.9039,0,-15.5400,345.1670,347.6561,4.0937,347.1675,0.1963,PHASE_4_FWD_BWD,-18.47,5.64,688.7,144.3,90.74,0,0,,
7386,15:40:57.184,ROI,160,160,256,256,18.57,19.99,10.9,19.55,50.02,775.56,162.30,123.47,74.18,0.9429,19.3200,-15.4900,0.0000,0.0000,0.9022,0,-15.4900,344.8868,347.2105,4.1976,346.7635,0.1924,PHASE_4_FWD_BWD,-18.47,5.23,688.7,144.3,88.70,0,0,,
7387,15:40:57.249,ROI,160,160,256,256,23.63,25.05,0.0,15.6,39.93,773.45,162.32,122.29,73.06,0.9518,20.2700,-15.6900,0.0000,0.0000,0.9106,0,-15.6900,344.7415,346.4801,4.2149,346.1467,0.1918,PHASE_4_FWD_BWD,-18.47,4.62,688.7,144.3,86.64,0,0,,
7388,15:40:57.361,ROI,160,160,256,256,22.19,23.55,8.925,16.6,42.46,766.42,162.00,124.94,75.98,0.8595,19.2400,-14.2900,0.0000,0.0000,0.9052,0,-14.2900,344.9258,346.1649,4.2708,345.9298,0.1897,PHASE_4_FWD_BWD,-18.47,4.40,688.7,144.3,79.71,0,0,,
7389,15:40:57.425,ROI,160,160,256,256,20.09,21.42,9.6,0.0,46.69,760.61,161.92,125.36,77.71,0.8918,19.3200,-16.1500,0.0000,0.0000,0.8933,0,-16.1500,344.6037,346.0111,4.3306,345.7471,0.1876,PHASE_4_FWD_BWD,-18.47,4.22,688.7,144.3,74.04,0,0,,
7390,15:40:57.474,ROI,160,160,256,256,25.13,26.48,0.0,14.75,37.77,760.00,161.67,122.37,76.91,0.9661,20.5400,-14.7100,0.0000,0.0000,0.8905,0,-14.7100,344.5695,345.8107,4.3334,345.5780,0.1875,PHASE_4_FWD_BWD,-18.47,4.05,688.7,144.3,73.39,0,0,,
7391,15:40:57.536,ROI,160,160,256,256,26.03,27.45,21.675,0.0,36.43,753.86,160.84,125.60,77.06,0.8871,19.4000,-12.0700,0.0000,0.0000,0.8648,0,-12.0700,345.1611,345.6544,4.3391,345.5620,0.1873,PHASE_4_FWD_BWD,-18.47,4.03,688.7,144.3,67.22,0,0,,
7392,15:40:57.584,ROI,160,160,256,256,20.69,22.13,19.125,17.65,45.19,751.83,160.77,124.05,77.57,0.9618,20.1300,-12.1500,0.0000,0.0000,0.8985,0,-12.1500,345.7732,345.5821,4.3110,345.6181,0.1883,PHASE_4_FWD_BWD,-18.47,4.09,688.7,144.3,65.24,0,0,,
7393,15:40:57.648,ROI,160,160,256,256,25.19,26.79,18.75,14.575,37.33,747.03,159.92,124.05,77.71,0.9062,19.2000,-11.2600,0.0000,0.0000,0.8951,0,-11.2600,346.3657,345.8501,4.2476,345.9484,0.1906,PHASE_4_FWD_BWD,-18.47,4.42,688.7,144.3,60.39,0,0,,
7394,15:40:57.763,ROI,160,160,256,256,21.42,22.82,8.875,0.0,43.82,742.17,159.03,121.71,77.86,0.9038,20.5100,-15.1300,0.0000,0.0000,0.8992,0,-15.1300,346.1980,346.2370,4.2158,346.2295,0.1917,PHASE_4_FWD_BWD,-18.47,4.70,688.7,144.3,55.46,0,0,,
7395,15:40:57.827,ROI,160,160,256,256,19.53,20.66,18.825,18.9,48.39,738.53,158.97,122.05,78.11,0.9390,21.3800,-14.9600,0.0000,0.0000,0.9069,0,-14.9600,346.1829,346.8045,4.1146,346.6830,0.1955,PHASE_4_FWD_BWD,-18.47,5.15,688.7,144.3,51.94,0,0,,
7396,15:40:57.889,ROI,160,160,256,256,20.92,22.22,18.775,0.0,45.00,736.98,158.03,120.35,77.49,0.9518,21.5500,-13.8200,3.7800,-12.1900,0.9157,0,-13.8200,346.5043,347.4726,4.0396,347.2804,0.1984,PHASE_4_FWD_BWD,-18.47,5.75,688.7,144.3,50.19,0,0,,
7397,15:40:57.939,ROI,160,160,256,256,31.16,32.54,0.0,24.0,30.73,732.58,157.04,120.94,77.50,0.9069,21.4700,-16.1100,4.2100,-15.4000,0.9151,0,-16.1100,346.0339,348.2499,3.9434,347.8017,0.2023,PHASE_4_FWD_BWD,-18.47,6.27,688.7,144.3,45.69,0,0,,
7398,15:40:58.004,ROI,160,160,256,256,20.08,21.92,12.025,17.825,45.63,730.86,156.58,119.30,76.77,0.9606,22.9000,-17.7000,2.5300,-16.3900,0.9279,0,-17.7000,345.3861,349.1372,3.8281,348.3603,0.2071,PHASE_4_FWD_BWD,-18.47,6.83,688.7,144.3,43.92,0,0,,
7399,15:40:58.066,ROI,160,160,256,256,19.84,21.25,9.8,18.375,47.06,726.62,156.27,117.89,76.56,0.9237,20.9400,-18.3100,2.3200,-15.4900,0.8939,0,-18.3100,344.5967,350.0402,3.8056,348.9075,0.2081,PHASE_4_FWD_BWD,-18.47,7.38,688.7,144.3,39.77,0,0,,
7400,15:40:58.113,ROI,160,160,256,256,14.81,15.89,30.2,24.575,62.92,724.54,155.07,116.72,77.02,0.9360,20.3500,-20.9100,0.0000,0.0000,0.9180,0,-20.9100,343.4560,350.8924,3.7555,349.3287,0.2103,PHASE_4_FWD_BWD,-18.47,7.80,688.7,144.3,37.43,0,0,,
7401,15:40:58.241,ROI,160,160,256,256,23.04,24.35,0.0,16.05,41.07,717.92,155.24,116.72,75.46,0.8754,20.1900,-21.7800,0.0000,0.0000,0.8757,0,-21.7800,342.1415,351.5966,3.7621,349.6111,0.2100,PHASE_4_FWD_BWD,-18.47,8.08,688.7,144.3,31.20,0,0,,
7402,15:40:58.288,ROI,160,160,256,256,30.34,31.97,17.15,12.225,31.28,713.19,154.57,116.56,76.62,0.9066,16.8200,-23.9400,0.0000,0.0000,0.8222,0,-23.9400,340.4319,352.2146,3.7719,349.7454,0.2096,PHASE_4_FWD_BWD,-18.47,8.22,688.7,144.3,26.56,0,0,,
7403,15:40:58.353,ROI,160,160,256,256,24.07,25.85,11.875,15.1,38.68,710.73,154.35,116.35,79.90,0.9200,17.7500,-26.8400,0.0000,0.0000,0.8474,0,-26.8400,338.2996,352.6732,3.7785,349.6653,0.2093,PHASE_4_FWD_BWD,-18.47,8.14,688.7,144.3,24.21,0,0,,
7404,15:40:58.416,ROI,160,160,256,256,23.78,25.17,41.65,46.55,39.73,706.02,152.66,115.65,75.76,0.8758,16.9300,-22.4500,3.1200,-28.9800,0.8465,0,-22.4500,337.2696,352.8543,3.7714,349.5880,0.2096,PHASE_4_FWD_BWD,-18.47,8.06,688.7,144.3,19.23,0,0,,
7405,15:40:58.465,ROI,160,160,256,256,25.07,26.36,32.7,14.825,37.94,704.50,151.97,116.21,75.17,0.9568,19.3000,-22.6200,2.0500,-27.1100,0.8665,0,-22.6200,336.3047,352.7489,3.6888,349.2418,0.2133,PHASE_4_FWD_BWD,-18.47,7.71,688.7,144.3,17.56,0,0,,
7406,15:40:58.529,ROI,160,160,256,256,30.44,31.73,10.575,12.3,31.51,701.68,150.94,116.56,76.18,0.9277,19.5000,-23.4800,0.0000,0.0000,0.8829,0,-23.4800,335.4409,352.4782,3.6514,348.8154,0.2150,PHASE_4_FWD_BWD,-18.47,7.29,688.7,144.3,14.58,0,0,,
7407,15:40:58.577,ROI,160,160,256,256,33.63,34.88,22.825,11.2,28.67,700.92,150.03,116.72,76.78,0.9641,20.3800,-22.1700,0.0000,0.0000,0.8896,0,-22.1700,334.7998,352.0713,3.6072,348.3226,0.2170,PHASE_4_FWD_BWD,-18.47,6.79,688.7,144.3,13.50,0,0,,
7408,15:40:58.706,ROI,160,160,256,256,19.04,20.31,8.375,19.25,49.25,697.30,150.62,116.26,76.80,0.9257,19.1300,-22.8900,0.0000,0.0000,0.8206,0,-22.8900,334.2769,351.5889,3.5109,347.7511,0.2217,PHASE_4_FWD_BWD,-18.47,6.22,688.7,144.3,10.67,0,0,,
7409,15:40:58.754,ROI,160,160,256,256,16.54,17.84,27.85,21.9,56.06,696.23,149.74,116.22,78.24,0.9600,18.7800,-24.4800,0.0000,0.0000,0.8552,0,-24.4800,333.8654,350.9994,3.4259,347.1280,0.2259,PHASE_4_FWD_BWD,-18.47,5.60,688.7,144.3,9.29,0,0,,
7410,15:40:58.816,ROI,160,160,256,256,31.38,32.88,17.525,23.775,30.42,694.21,149.58,114.51,77.10,0.9516,20.6700,-24.8600,0.0000,0.0000,0.8830,0,-24.8600,333.5850,350.3764,3.2944,346.4663,0.2329,PHASE_4_FWD_BWD,-18.47,4.94,688.7,144.3,7.63,0,0,,
7411,15:40:58.881,ROI,160,160,256,256,19.90,21.14,24.95,18.475,47.30,694.42,148.70,116.00,77.66,0.9651,19.2200,-24.7700,0.0000,0.0000,0.8921,0,-24.7700,333.6449,349.7262,3.1369,345.8389,0.2417,PHASE_4_FWD_BWD,-18.47,4.31,688.7,144.3,7.21,0,0,,
7412,15:40:58.930,ROI,160,160,256,256,61.17,62.57,27.45,6.25,15.98,692.75,148.50,115.44,76.90,0.9622,19.6200,-23.7300,0.0000,0.0000,0.8517,0,-23.7300,333.7247,349.0473,2.9948,345.2117,0.2503,PHASE_4_FWD_BWD,-18.47,3.68,688.7,144.3,5.83,0,0,,
7413,15:40:59.011,ROI,160,160,256,256,22.57,24.46,21.675,0.0,40.88,693.09,147.82,116.67,77.60,0.9724,19.3300,-23.4600,0.0000,0.0000,0.9057,0,-23.4600,334.0295,348.3754,2.8153,344.6153,0.2621,PHASE_4_FWD_BWD,-18.47,3.09,688.7,144.3,5.63,0,0,,
7414,15:40:59.058,ROI,160,160,256,256,28.38,29.98,16.95,0.0,33.36,691.98,148.55,116.74,76.38,0.9629,19.2400,-22.0200,0.0000,0.0000,0.8701,0,-22.0200,334.9048,347.7249,2.5894,344.1532,0.2786,COMPLETED,-18.47,2.62,688.7,144.3,5.37,0,0,,
7415,15:40:59.105,ROI,160,160,256,256,35.96,37.47,23.0,0.0,26.68,691.96,148.03,116.83,76.64,0.9857,18.5600,-22.6500,0.0000,0.0000,0.8705,0,-22.6500,335.5406,347.0520,2.3595,343.6255,0.2977,POST_PH4_SPIN,-18.47,2.10,688.7,144.3,0.00,0,0,0.054,
7416,15:40:59.233,ROI,160,160,256,256,19.31,20.58,0.0,37.975,48.60,691.66,147.90,117.49,76.93,0.9907,18.8300,-23.2700,0.0000,0.0000,0.8746,0,-23.2700,335.9875,346.3294,2.0846,342.9767,0.3242,POST_PH4_SPIN,-18.47,1.45,688.7,144.3,0.00,0,0,0.165,
7417,15:40:59.280,ROI,160,160,256,256,22.05,23.49,14.9,16.625,42.58,691.77,148.18,117.30,77.04,0.9909,18.6500,-21.9700,0.0000,0.0000,0.8668,0,-21.9700,336.7305,345.6108,1.8063,342.4464,0.3563,POST_PH4_SPIN,-18.47,0.92,688.7,144.3,0.00,0,0,0.215,
7418,15:40:59.344,ROI,160,160,256,256,20.04,21.35,9.725,18.3,46.84,691.58,147.97,117.46,76.91,0.9912,19.0900,-23.3000,0.0000,0.0000,0.8780,0,-23.3000,336.9766,344.7019,1.5046,341.6175,0.3993,POST_PH4_SPIN,-18.47,0.09,688.7,144.3,0.00,0,0,0.277,
7419,15:40:59.393,ROI,160,160,256,256,22.52,23.74,28.2,0.0,42.13,691.78,148.17,117.22,76.67,0.9913,18.7000,-21.9300,0.0000,0.0000,0.8691,0,-21.9300,337.4484,343.8176,1.2533,340.9909,0.4438,POST_PH4_SPIN,-18.47,-0.54,688.7,144.3,0.00,0,0,0.328,
7420,15:40:59.456,ROI,160,160,256,256,20.76,22.00,0.0,17.75,45.44,691.51,147.97,117.49,77.02,0.9902,18.7900,-23.8100,0.0000,0.0000,0.8780,0,-23.8100,337.2980,343.0587,1.0442,340.2406,0.4892,POST_PH4_SPIN,-18.47,-1.29,688.7,144.3,0.00,0,0,0.390,
7421,15:40:59.521,ROI,160,160,256,256,24.98,26.28,18.2,0.0,38.06,691.64,148.10,117.17,76.83,0.9938,18.3400,-21.9500,0.0000,0.0000,0.8628,0,-21.9500,337.2037,342.5390,0.8328,339.6281,0.5456,POST_PH4_SPIN,-18.47,-1.90,688.7,144.3,0.00,0,0,0.459,
7422,15:40:59.568,ROI,160,160,256,256,24.14,25.56,19.0,0.0,39.13,691.46,148.05,117.41,76.93,0.9956,18.6800,-23.9600,0.0000,0.0000,0.8762,0,-23.9600,337.1001,342.1691,0.6814,339.1544,0.5947,POST_PH4_RE_RFB,-18.47,-2.38,688.7,144.3,0.00,0,0,,0.046
7423,15:40:59.697,ROI,160,160,256,256,32.16,33.44,3.775,0.0,29.91,691.37,148.13,117.49,76.88,0.9963,18.7400,-23.7700,0.0000,0.0000,0.8703,0,-23.7700,337.0430,341.9123,0.5321,338.7342,0.6527,POST_PH4_RE_RFB,-18.47,-2.80,688.7,144.3,0.00,0,0,,0.183
7424,15:40:59.747,ROI,160,160,256,256,25.56,26.86,47.0,0.0,37.23,691.40,148.05,117.47,76.93,0.9974,18.7500,-23.9300,0.0000,0.0000,0.8718,0,-23.9300,336.8777,341.6378,0.4132,338.2695,0.7076,POST_PH4_RE_RFB,-18.47,-3.26,688.7,144.3,0.00,0,0,,0.226
7425,15:40:59.809,ROI,160,160,256,256,21.64,22.96,22.25,51.025,43.55,691.37,148.05,117.49,76.83,0.9982,18.5800,-23.8700,0.0000,0.0000,0.8682,0,-23.8700,336.8782,340.7607,0.2928,337.7575,0.7735,POST_PH4_RE_RFB,-18.47,-3.77,688.7,144.3,0.00,0,0,,0.285
7426,15:40:59.873,ROI,160,160,256,256,19.02,20.30,9.675,19.25,49.27,691.37,148.05,117.44,76.99,0.9975,18.6700,-23.9400,0.0000,0.0000,0.8731,0,-23.9400,336.8142,340.5288,0.2158,337.4735,0.8225,POST_PH4_RE_RFB,-18.47,-4.06,688.7,144.3,0.00,0,0,,0.345
7427,15:40:59.921,ROI,160,160,256,256,20.84,22.14,56.05,0.0,45.17,691.86,148.22,117.01,76.75,0.9871,18.9300,-24.1700,0.0000,0.0000,0.8870,0,-24.1700,336.5448,340.7081,0.1418,337.0619,0.8758,POST_PH4_RE_RFB,-18.47,-4.47,688.7,144.3,0.00,0,0,,0.395
7428,15:40:59.985,ROI,160,160,256,256,17.26,18.46,9.25,21.15,54.16,692.30,147.90,116.48,76.48,0.9844,18.8100,-23.6300,0.0000,0.0000,0.8853,0,-23.6300,336.3383,341.8460,0.0919,336.8021,0.9158,POST_PH4_RE_RFB,-18.47,-4.73,688.7,144.3,0.00,0,0,,0.456
7429,15:41:00.048,ROI,160,160,256,256,21.55,22.80,8.775,17.125,43.85,692.69,147.78,116.98,76.96,0.9871,18.7800,-22.6000,0.0000,0.0000,0.8639,0,-22.6000,336.3311,339.9960,0.0323,336.4458,0.9687,POST_PH4_RE_RFB,-18.47,-5.08,688.7,144.3,0.00,0,0,,0.523
7430,15:41:00.161,ROI,160,160,256,256,21.54,23.00,8.675,16.975,43.48,694.10,148.41,115.97,76.19,0.9605,18.7500,-22.2400,0.0000,0.0000,0.8765,0,-22.2400,336.4750,344.0807,0.0278,336.6804,0.9730,POST_PH4_RE_RFB,-18.47,-4.85,688.7,144.3,0.00,0,0,,0.636
7431,15:41:00.225,ROI,160,160,256,256,22.42,23.84,9.625,16.375,41.94,695.52,148.54,114.78,75.78,0.9703,19.2900,-22.5600,0.0000,0.0000,0.8798,0,-22.5600,336.5573,347.3489,0.1132,337.6546,0.8983,POST_PH4_RE_RFB,-18.47,-3.88,688.7,144.3,0.00,0,0,,0.701
7432,15:41:00.273,ROI,160,160,256,256,19.46,20.78,31.65,18.8,48.13,696.38,149.28,115.18,75.90,0.9664,19.6300,-22.6100,0.0000,0.0000,0.8730,0,-22.6100,336.7735,348.6907,0.1895,338.6716,0.8407,POST_PH4_RE_RFB,-18.47,-2.86,688.7,144.3,0.00,0,0,,0.746
7433,15:41:00.337,ROI,160,160,256,256,18.71,20.13,18.35,19.4,49.67,699.22,149.80,116.14,74.30,0.9326,20.7300,-20.1300,0.0000,0.0000,0.9118,0,-20.1300,337.4377,349.6355,0.3064,340.2985,0.7655,POST_PH4_RE_RFB,-18.47,-1.23,688.7,144.3,0.00,0,0,,0.809
7434,15:41:00.385,ROI,160,160,256,256,20.90,22.19,0.0,17.6,45.07,700.23,149.91,116.16,74.66,0.9781,20.4000,-21.5100,0.0000,0.0000,0.8820,0,-21.5100,337.7064,350.4111,0.4195,341.4611,0.7045,POST_PH4_RE_RFB,-18.47,-0.07,688.7,144.3,0.00,0,0,,0.859
7435,15:41:00.448,ROI,160,160,256,256,23.12,24.44,9.55,15.975,40.92,703.28,150.46,116.69,74.86,0.9356,20.5700,-21.3400,0.0000,0.0000,0.8952,0,-21.3400,338.1234,350.9698,0.5720,342.7979,0.6361,POST_PH4_RE_RFB,-18.47,1.27,688.7,144.3,0.00,0,0,,0.924
7436,15:41:00.559,ROI,160,160,256,256,20.72,21.97,4.475,0.0,45.52,707.00,152.61,116.75,76.70,0.8879,21.7200,-22.0600,0.0000,0.0000,0.8952,0,-22.0600,338.2342,350.9229,0.7676,343.7444,0.5657,POST_PH4_RE_RFB,-18.47,2.21,688.7,144.3,0.00,0,0,,1.034
7437,15:41:00.625,ROI,160,160,256,256,25.38,26.84,8.975,0.0,37.26,709.46,153.33,117.17,75.87,0.9412,21.7300,-19.7600,2.0800,-24.7700,0.9090,0,-19.7600,338.9463,350.4955,0.9804,344.6636,0.5050,POST_PH4_RE_RFB,-18.47,3.13,688.7,144.3,0.00,0,0,,1.104
7438,15:41:00.688,ROI,160,160,256,256,31.97,32.93,0.0,23.725,30.36,711.26,154.54,115.66,76.08,0.9398,20.5700,-21.0300,4.3100,-28.3600,0.8968,0,-21.0300,339.1514,349.7341,1.1851,344.8910,0.4576,POST_PH4_RE_RFB,-18.47,3.36,688.7,144.3,0.00,0,0,,1.173
7439,15:41:00.739,ROI,160,160,256,256,31.18,32.58,21.85,12.0,30.70,716.07,154.72,115.54,77.62,0.9025,20.6000,-23.9800,2.1300,-31.8200,0.9093,0,-23.9800,338.9106,348.9701,1.4326,344.8348,0.4111,POST_PH4_RE_RFB,-18.47,3.30,688.7,144.3,0.00,0,0,,1.224
7440,15:41:00.800,ROI,160,160,256,256,27.51,28.76,13.6,0.0,34.77,717.73,155.23,115.44,76.56,0.9587,21.3300,-20.4600,0.0000,0.0000,0.9265,0,-20.4600,339.2026,348.1922,1.6546,344.8058,0.3767,POST_PH4_RE_RFB,-18.47,3.28,688.7,144.3,0.00,0,0,,1.281
7441,15:41:00.864,ROI,160,160,256,256,27.24,28.61,22.1,0.0,34.96,722.54,155.21,115.39,76.72,0.9182,19.9400,-20.3700,0.0000,0.0000,0.9191,0,-20.3700,339.4727,347.5304,1.9002,344.7521,0.3448,POST_PH4_RE_RFB,-18.47,3.22,688.7,144.3,0.00,0,0,,1.345
7442,15:41:00.914,ROI,160,160,256,256,27.86,29.25,37.125,40.075,34.19,724.77,156.02,116.51,74.93,0.9403,22.3600,-18.3400,0.0000,0.0000,0.9517,0,-18.3400,340.0809,346.8602,2.1217,344.6885,0.3203,POST_PH4_RE_RFB,-18.47,3.16,688.7,144.3,0.00,0,0,,1.395
7443,15:41:01.041,ROI,160,160,256,256,23.00,24.30,3.975,32.15,41.16,732.64,157.20,119.66,75.82,0.8496,22.0700,-18.2000,0.0000,0.0000,0.9307,0,-18.2000,340.6264,345.9018,2.4107,344.3551,0.2932,POST_PH4_RE_RFB,-18.47,2.83,688.7,144.3,0.00,0,0,,1.518
7444,15:41:01.091,ROI,160,160,256,256,20.33,21.59,31.05,18.1,46.32,735.58,158.49,119.76,76.05,0.9210,22.0300,-17.3000,3.6200,-14.2900,0.9209,0,-17.3000,341.2488,345.1429,2.6683,344.0814,0.2726,POST_PH4_RE_RFB,-18.47,2.55,688.7,144.3,0.00,0,0,,1.565
7445,15:41:01.152,ROI,160,160,256,256,24.39,25.74,9.85,15.175,38.84,737.40,158.66,121.14,76.46,0.9651,22.0600,-15.4300,3.8700,-15.5100,0.9201,0,-15.4300,342.1119,344.5316,2.8741,343.9070,0.2581,POST_PH4_RE_RFB,-18.47,2.38,688.7,144.3,0.00,0,0,,1.630
7446,15:41:01.217,ROI,160,160,256,256,25.58,26.85,50.125,14.55,37.24,741.16,159.10,122.62,77.01,0.9295,20.6000,-14.7800,3.9400,-15.1000,0.8720,0,-14.7800,343.0147,344.4480,3.0562,344.0946,0.2465,POST_PH4_RE_RFB,-18.47,2.56,688.7,144.3,0.00,0,0,,1.696
7447,15:41:01.263,ROI,160,160,256,256,24.63,25.92,0.0,0.0,38.58,742.92,159.53,121.33,77.34,0.9611,21.7600,-15.2100,0.0000,0.0000,0.9331,0,-15.2100,343.7887,342.8791,3.1738,343.0970,0.2396,POST_PH4_RE_RFB,-18.47,1.57,688.7,144.3,0.00,0,0,,1.742
7448,15:41:01.328,ROI,160,160,256,256,24.99,26.44,20.5,14.775,37.82,747.26,160.30,125.46,77.41,0.9143,21.3100,-12.7800,0.0000,0.0000,0.8964,0,-12.7800,344.9704,344.2586,3.2920,344.4244,0.2330,POST_PH4_RE_RFB,-18.47,2.89,688.7,144.3,0.00,0,0,,1.806
7449,15:41:01.376,ROI,160,160,256,256,23.50,24.91,35.3,15.675,40.14,750.76,160.45,121.01,75.54,0.9222,21.2500,-14.7400,0.0000,0.0000,0.9200,0,-14.7400,345.5494,345.7200,3.3863,345.6811,0.2280,POST_PH4_RE_RFB,-18.47,4.15,688.7,144.3,0.00,0,0,,1.853
7450,15:41:01.504,ROI,160,160,256,256,25.52,26.95,7.575,57.975,37.10,756.70,160.46,123.87,76.83,0.8926,22.5300,-16.1500,0.0000,0.0000,0.9119,0,-16.1500,345.6970,346.6076,3.4861,346.4046,0.2229,POST_PH4_RE_RFB,-18.47,4.87,688.7,144.3,0.00,0,0,,1.984
7451,15:41:01.553,ROI,160,160,256,256,24.02,25.76,17.975,15.175,38.82,759.26,162.24,122.75,77.95,0.9172,21.2100,-17.2400,0.0000,0.0000,0.9112,0,-17.2400,345.7838,347.4542,3.5663,347.0884,0.2190,POST_PH4_RE_RFB,-18.47,5.56,688.7,144.3,0.00,0,0,,2.031
7452,15:41:01.616,ROI,160,160,256,256,25.61,27.01,20.95,28.925,37.03,763.43,162.26,123.01,76.22,0.9144,20.4500,-15.8800,0.0000,0.0000,0.9199,0,-15.8800,345.9449,348.4159,3.6121,347.8801,0.2168,POST_PH4_RE_RFB,-18.47,6.35,688.7,144.3,0.00,0,0,,2.095
7453,15:41:01.680,ROI,160,160,256,256,19.98,21.26,21.125,18.375,47.04,765.35,161.38,125.04,77.26,0.9478,20.5000,-17.7700,0.0000,0.0000,0.9147,0,-17.7700,345.6393,349.5207,3.6170,348.6800,0.2166,POST_PH4_RE_RFB,-18.47,7.15,688.7,144.3,0.00,0,0,,2.154
7454,15:41:01.729,ROI,160,160,256,256,26.99,28.30,28.05,0.0,35.33,770.50,162.41,123.86,74.03,0.8833,21.8200,-15.4200,0.0000,0.0000,0.9180,0,-15.4200,345.6720,350.4876,3.6633,349.4550,0.2144,POST_PH4_RE_RFB,-18.47,7.92,688.7,144.3,0.00,0,0,,2.210
7455,15:41:01.792,ROI,160,160,256,256,19.70,20.99,33.975,18.6,47.63,772.82,164.00,122.40,73.33,0.9231,20.4900,-15.9100,0.0000,0.0000,0.9133,0,-15.9100,345.7436,351.2472,3.6713,350.0690,0.2141,POST_PH4_RE_RFB,-18.47,8.54,688.7,144.3,0.00,0,0,,2.265
7456,15:41:01.858,ROI,160,160,256,256,24.91,26.34,8.675,14.825,37.97,777.50,164.06,123.39,72.96,0.9220,20.7600,-14.5100,0.0000,0.0000,0.9150,0,-14.5100,345.8930,351.7613,3.6664,350.5037,0.2143,POST_PH4_RE_RFB,-18.47,8.97,688.7,144.3,0.00,0,0,,2.337
7457,15:41:01.905,ROI,160,160,256,256,18.53,19.84,18.55,19.7,50.41,779.70,164.40,123.18,73.30,0.9563,18.5500,-15.4200,0.0000,0.0000,0.9096,0,-15.4200,345.4140,352.1708,3.6564,350.7197,0.2148,POST_PH4_RE_RFB,-18.47,9.19,688.7,144.3,0.00,0,0,,2.377
7458,15:41:02.016,ROI,160,160,256,256,22.73,24.39,0.0,16.025,40.99,787.22,168.91,124.48,74.14,0.7885,16.8600,-12.6100,0.0000,0.0000,0.9254,0,-12.6100,345.7511,352.2673,3.6897,350.8778,0.2132,POST_PH4_RE_RFB,-18.47,9.35,688.7,144.3,0.00,0,0,,2.493
7459,15:41:02.082,ROI,160,160,256,256,22.78,24.30,9.475,16.075,41.15,789.14,168.72,125.63,74.10,0.9648,17.9500,-16.2800,2.3500,-12.1300,0.9094,0,-16.2800,345.2092,352.2310,3.7030,350.7379,0.2126,POST_PH4_RE_RFB,-18.47,9.21,688.7,144.3,0.00,0,0,,2.558
7460,15:41:02.145,ROI,160,160,256,256,25.89,27.31,10.125,14.3,36.62,794.78,170.37,124.45,72.18,0.8751,18.2200,-16.5100,0.0000,0.0000,0.9079,0,-16.5100,344.7742,352.0018,3.7245,350.4720,0.2117,POST_PH4_RE_RFB,-18.47,8.94,688.7,144.3,0.00,0,0,,2.624
7461,15:41:02.194,ROI,160,160,256,256,23.46,24.89,35.325,31.4,40.18,797.82,170.90,123.18,74.13,0.9276,16.6100,-17.2200,2.1400,-16.5100,0.9080,0,-17.2200,344.1772,351.6554,3.8092,350.1005,0.2079,POST_PH4_RE_RFB,-18.47,8.57,688.7,144.3,0.00,0,0,,2.671
7462,15:41:02.256,ROI,160,160,256,256,21.26,22.67,21.05,0.0,44.12,802.70,172.02,122.05,73.87,0.8970,17.4100,-16.1400,0.0000,0.0000,0.9182,0,-16.1400,343.8841,351.1299,3.9060,349.6530,0.2038,POST_PH4_RE_RFB,-18.47,8.12,688.7,144.3,0.00,0,0,,2.731
7463,15:41:02.321,ROI,160,160,256,256,31.68,33.10,9.275,11.8,30.21,806.08,172.48,123.46,75.79,0.9229,16.0500,-16.1000,4.2600,-12.1900,0.8986,0,-16.1000,343.7866,350.4703,3.9572,349.1220,0.2017,POST_PH4_RE_RFB,-18.47,7.59,688.7,144.3,0.00,0,0,,2.806
7464,15:41:02.372,ROI,160,160,256,256,22.37,23.70,0.0,16.475,42.19,810.90,173.49,124.53,76.38,0.9019,15.8600,-15.7500,4.3700,-13.4800,0.9038,0,-15.7500,343.8447,349.7368,4.0245,348.5641,0.1990,POST_PH4_RE_RFB,-18.47,7.03,688.7,144.3,0.00,0,0,,2.848
7465,15:41:02.498,ROI,160,160,256,256,28.85,30.26,0.0,25.825,33.05,819.36,176.10,127.98,77.09,0.8200,16.1500,-15.2100,5.3900,-13.0500,0.9293,0,-15.2100,343.9826,348.9075,4.1356,347.9485,0.1947,POST_PH4_RE_RFB,-18.47,6.42,688.7,144.3,0.00,0,0,,2.981
7466,15:41:02.548,ROI,160,160,256,256,26.81,28.18,0.0,27.725,35.48,821.45,176.11,129.34,78.86,0.9465,17.2800,-12.8900,0.0000,0.0000,0.9316,0,-12.8900,344.8654,348.0302,4.2078,347.4225,0.1920,POST_PH4_RE_RFB,-18.47,5.89,688.7,144.3,0.00,0,0,,3.029
7467,15:41:02.609,ROI,160,160,288,288,20.48,21.94,11.9,17.8,45.58,826.24,179.51,128.61,80.23,0.8549,20.9800,-17.5400,0.0000,0.0000,0.9398,0,-17.5400,344.5805,347.0684,4.2871,346.5978,0.1891,POST_PH4_RE_RFB,-18.47,5.07,688.7,144.3,0.00,0,0,,3.084
7468,15:41:02.673,ROI,160,160,288,288,33.24,34.43,9.5,22.7,29.05,827.39,178.44,126.65,80.80,0.9567,21.3600,-15.7700,0.0000,0.0000,0.9368,0,-15.7700,344.5504,346.2081,4.3340,345.8973,0.1875,POST_PH4_RE_RFB,-18.47,4.37,688.7,144.3,0.00,0,0,,3.159
7469,15:41:02.726,ROI,160,160,256,256,29.12,30.54,20.375,12.8,32.75,828.95,178.58,127.81,82.10,0.9604,16.9700,-14.5300,0.0000,0.0000,0.9128,0,-14.5300,344.6463,345.3743,4.3150,345.2373,0.1881,POST_PH4_RE_RFB,-18.47,3.71,688.7,144.3,0.00,0,0,,3.209
7470,15:41:02.785,ROI,160,160,256,256,20.89,22.34,13.9,0.0,44.76,832.83,179.14,126.82,82.93,0.9286,17.3800,-13.9800,0.0000,0.0000,0.9098,0,-13.9800,344.9584,344.6747,4.2957,344.7283,0.1888,POST_PH4_RE_RFB,-18.47,3.20,688.7,144.3,0.00,0,0,,3.259
7471,15:41:02.833,ROI,160,160,256,256,20.88,22.22,15.275,17.575,45.01,834.78,178.12,126.29,83.15,0.9465,16.5700,-15.8000,0.0000,0.0000,0.9186,0,-15.8000,344.6546,344.2981,4.1895,344.3668,0.1927,POST_PH4_RE_RFB,-18.47,2.84,688.7,144.3,0.00,0,0,,3.307
7472,15:41:02.961,ROI,160,160,256,256,24.19,25.63,3.7,15.25,39.02,838.93,180.56,126.00,84.19,0.8849,17.2400,-17.3700,0.0000,0.0000,0.9129,0,-17.3700,344.2560,344.1433,4.1203,344.1653,0.1953,POST_PH4_RE_RFB,-18.47,2.64,688.7,144.3,0.00,0,0,,3.439
7473,15:41:03.008,ROI,160,160,256,256,23.01,24.43,0.0,0.0,40.94,843.57,180.90,128.64,83.58,0.9226,16.9500,-16.4200,0.0000,0.0000,0.9073,0,-16.4200,344.0316,344.1570,4.0370,344.1321,0.1985,POST_PH4_RE_RFB,-18.47,2.60,688.7,144.3,0.00,0,0,,3.485
7474,15:41:03.072,ROI,160,160,288,288,23.32,24.75,19.825,15.775,40.41,844.64,181.03,127.44,85.09,0.9663,17.8100,-17.8300,0.0000,0.0000,0.9096,0,-17.8300,343.6831,344.3956,3.9122,344.2505,0.2036,POST_PH4_RE_RFB,-18.47,2.72,688.7,144.3,0.00,0,0,,3.549
7475,15:41:03.136,ROI,160,160,256,256,19.36,20.72,19.825,0.0,48.26,847.22,181.62,127.46,85.02,0.9472,18.6300,-20.1500,0.0000,0.0000,0.8977,0,-20.1500,342.8169,344.8930,3.7350,344.4545,0.2112,POST_PH4_RE_RFB,-18.47,2.92,688.7,144.3,0.00,0,0,,3.609
7476,15:41:03.186,ROI,160,160,256,256,19.86,21.41,13.625,18.25,46.71,848.34,181.40,128.59,84.06,0.9716,19.7900,-18.9400,0.0000,0.0000,0.9176,0,-18.9400,342.5936,345.4055,3.5961,344.7937,0.2176,POST_PH4_RE_RFB,-18.47,3.26,688.7,144.3,0.00,0,0,,3.660
7477,15:41:03.247,ROI,160,160,288,288,11.48,12.39,0.0,0.0,80.73,850.61,181.61,128.79,85.10,0.9538,18.2600,-20.1000,0.0000,0.0000,0.9065,0,-20.1000,341.8361,346.0210,3.4042,345.0708,0.2271,POST_PH4_RE_RFB,-18.47,3.54,688.7,144.3,0.00,0,0,,3.712
7478,15:41:03.361,ROI,160,160,288,288,20.56,22.25,3.875,17.55,44.95,851.76,181.38,128.75,85.54,0.9769,18.3700,-19.2700,0.0000,0.0000,0.9078,0,-19.2700,341.2899,346.7058,3.2165,345.4214,0.2372,POST_PH4_RE_RFB,-18.47,3.89,688.7,144.3,0.00,0,0,,3.835
7479,15:41:03.425,ROI,160,160,288,288,25.50,26.77,9.275,14.6,37.35,852.35,181.81,128.86,83.92,0.9723,19.1400,-19.5600,0.0000,0.0000,0.9072,0,-19.5600,340.6540,347.4529,2.9816,345.7453,0.2512,POST_PH4_RE_RFB,-18.47,4.22,688.7,144.3,0.00,0,0,,3.904
7480,15:41:03.490,ROI,160,160,288,288,20.04,21.39,0.0,18.275,46.75,852.32,181.95,128.66,84.92,0.9866,18.6600,-20.2100,0.0000,0.0000,0.9075,0,-20.2100,340.0460,348.2190,2.7300,346.0279,0.2681,POST_PH4_RE_RFB,-18.47,4.50,688.7,144.3,0.00,0,0,,3.964
7481,15:41:03.537,ROI,160,160,288,288,19.75,21.55,15.1,18.125,46.41,852.77,181.95,128.48,85.86,0.9822,18.7500,-20.1100,0.0000,0.0000,0.9033,0,-20.1100,339.5344,349.0493,2.4490,346.2905,0.2899,POST_PH4_RE_RFB,-18.47,4.76,688.7,144.3,0.00,0,0,,4.011
7482,15:41:03.600,ROI,160,160,288,288,11.28,12.25,9.475,0.0,81.60,852.95,181.90,128.48,86.31,0.9920,18.6800,-19.4400,0.0000,0.0000,0.9034,0,-19.4400,339.2691,349.9749,2.1695,346.5971,0.3155,POST_PH4_RE_RFB,-18.47,5.07,688.7,144.3,0.00,0,0,,4.065
7483,15:41:03.664,ROI,160,160,288,288,18.69,19.98,15.1,19.55,50.05,853.01,181.97,128.57,86.27,0.9975,18.8000,-19.4300,0.0000,0.0000,0.9041,0,-19.4300,339.1306,350.8605,1.9750,346.9177,0.3361,POST_PH4_RE_RFB,-18.47,5.39,688.7,144.3,0.00,0,0,,4.137
7484,15:41:03.712,ROI,160,160,288,288,18.01,19.08,14.25,20.475,52.41,852.77,182.39,129.38,84.44,0.9727,17.9400,-19.2000,0.0000,0.0000,0.9011,0,-19.2000,339.3711,351.7292,1.7475,347.2312,0.3640,POST_PH4_RE_RFB,-18.47,5.70,688.7,144.3,0.00,0,0,,4.183
7485,15:41:03.840,ROI,160,160,288,288,19.74,21.02,7.175,18.575,47.57,852.61,182.27,128.20,86.18,0.9709,18.5100,-20.4300,0.0000,0.0000,0.9053,0,-20.4300,338.9537,352.1939,1.5535,347.0088,0.3916,POST_PH4_RE_RFB,-18.47,5.48,688.7,144.3,0.00,0,0,,4.313
7486,15:41:03.889,ROI,160,160,288,288,23.44,24.80,27.75,0.0,40.33,851.62,182.59,129.13,84.62,0.9670,18.1100,-19.5600,0.0000,0.0000,0.9174,0,-19.5600,338.9619,352.3872,1.3080,346.5704,0.4333,POST_PH4_RE_RFB,-18.47,5.04,688.7,144.3,0.00,0,0,,4.366
7487,15:41:03.952,ROI,160,160,288,288,17.34,18.64,0.0,0.0,53.66,851.32,182.85,129.31,84.01,0.9882,18.3300,-19.8600,0.0000,0.0000,0.9123,0,-19.8600,339.1129,352.1921,1.0384,345.7758,0.4906,POST_PH4_RE_RFB,-18.47,4.25,688.7,144.3,0.00,0,0,,4.423
7488,15:41:04.016,ROI,160,160,288,288,19.11,20.55,0.0,19.025,48.67,850.17,182.23,130.36,84.96,0.9684,19.5400,-19.9900,0.0000,0.0000,0.9194,0,-19.9900,339.3919,351.6418,0.7773,344.7494,0.5626,POST_PH4_RE_RFB,-18.47,3.22,688.7,144.3,0.00,0,0,,4.489
7489,15:41:04.064,ROI,160,160,288,288,22.41,23.96,28.825,16.3,41.73,849.44,181.50,131.29,85.72,0.9720,19.5300,-19.2800,0.0000,0.0000,0.9206,0,-19.2800,339.7194,351.3974,0.4985,343.6042,0.6673,POST_PH4_RE_RFB,-18.47,2.07,688.7,144.3,0.00,0,0,,4.540
7490,15:41:04.129,ROI,160,160,288,288,29.84,31.14,9.475,25.1,32.11,846.34,182.01,131.09,84.15,0.9367,19.3100,-19.1700,0.0000,0.0000,0.9105,0,-19.1700,339.9561,349.5711,0.2274,341.7375,0.8147,POST_PH4_RE_RFB,-18.47,0.21,688.7,144.3,0.00,0,0,,4.612
7491,15:41:04.177,ROI,160,160,288,288,20.53,21.93,23.1,17.825,45.60,845.50,181.15,129.71,85.21,0.9677,18.6700,-18.7600,0.0000,0.0000,0.9158,0,-18.7600,340.4138,334.0996,0.0390,340.1767,0.9624,POST_PH4_RE_RFB,-18.47,-1.35,688.7,144.3,0.00,0,0,,4.651
7492,15:41:04.306,ROI,160,160,288,288,20.45,21.72,3.625,17.975,46.03,840.00,181.16,128.48,85.84,0.9118,17.3200,-16.9700,0.0000,0.0000,0.8963,0,-16.9700,341.1223,337.7637,0.2893,340.3686,0.7756,POST_PH4_RE_RFB,-18.47,-1.16,688.7,144.3,0.00,0,0,,4.780
7493,15:41:04.354,ROI,160,160,288,288,21.83,23.29,0.0,16.775,42.94,837.29,179.78,126.14,85.48,0.9284,18.4400,-17.0500,0.0000,0.0000,0.9399,0,-17.0500,341.5415,340.1896,0.5699,341.0507,0.6370,POST_PH4_RE_RFB,-18.47,-0.48,688.7,144.3,0.00,0,0,,4.830
7494,15:41:04.416,ROI,160,160,256,256,22.82,24.24,10.275,80.55,41.26,834.71,178.60,127.82,85.49,0.9346,17.7600,-17.0400,0.0000,0.0000,0.9205,0,-17.0400,342.0429,341.8295,0.8568,341.9444,0.5386,POST_PH4_RE_RFB,-18.47,0.41,688.7,144.3,0.00,0,0,,4.892
7495,15:41:04.481,ROI,160,160,256,256,25.40,27.07,0.0,14.425,36.94,832.70,177.73,130.29,85.63,0.9501,18.5300,-17.3300,0.0000,0.0000,0.9163,0,-17.3300,342.3226,342.9858,1.1087,342.6713,0.4742,POST_PH4_RE_RFB,-18.47,1.14,688.7,144.3,0.00,0,0,,4.960
7496,15:41:04.528,ROI,160,160,288,288,29.54,30.91,19.4,25.275,32.35,829.01,177.94,127.73,79.56,0.8785,18.9800,-16.1500,0.0000,0.0000,0.9298,0,-16.1500,342.8875,343.9359,1.3655,343.4927,0.4227,POST_PH4_RE_RFB,-18.47,1.96,688.7,144.3,0.00,0,0,,5.011
7497,15:41:04.593,ROI,160,160,256,256,25.03,26.42,11.4,0.0,37.85,827.00,177.11,127.97,79.92,0.9495,16.6100,-15.5400,0.0000,0.0000,0.9223,0,-15.5400,343.4904,344.7473,1.5997,344.2638,0.3847,POST_PH4_RE_RFB,-18.47,2.73,688.7,144.3,0.00,0,0,,5.072
7498,15:41:04.656,ROI,160,160,256,256,21.15,22.67,10.775,17.225,44.11,821.66,176.55,129.44,81.52,0.9028,17.2300,-11.6900,0.0000,0.0000,0.9037,0,-11.6900,344.7384,345.5471,1.8747,345.2658,0.3479,POST_PH4_RE_RFB,-18.47,3.74,688.7,144.3,0.00,0,0,,5.131
7499,15:41:04.704,ROI,160,160,288,288,26.73,28.12,15.425,27.8,35.57,819.81,177.57,126.38,80.28,0.9477,20.0600,-17.1800,0.0000,0.0000,0.9290,0,-17.1800,344.7244,346.5068,2.1055,345.9328,0.3220,POST_PH4_RE_RFB,-18.47,4.40,688.7,144.3,0.00,0,0,,5.184
7500,15:41:04.834,ROI,160,160,256,256,20.69,21.97,3.825,17.775,45.53,810.74,173.88,122.61,78.58,0.7921,15.5100,-11.6400,0.0000,0.0000,0.9165,0,-11.6400,345.8674,347.4433,2.4325,346.9842,0.2913,POST_PH4_RE_RFB,-18.47,5.45,688.7,144.3,0.00,0,0,,5.308
7501,15:41:04.882,ROI,160,160,256,256,41.90,43.17,30.025,9.05,23.17,809.49,173.46,124.86,76.18,0.9505,17.5800,-16.1400,4.3200,-14.0200,0.9320,0,-16.1400,345.9536,348.3574,2.6929,347.7065,0.2708,POST_PH4_RE_RFB,-18.47,6.18,688.7,144.3,0.00,0,0,,5.377
7502,15:41:04.944,ROI,160,160,256,256,28.30,29.55,0.0,26.45,33.84,804.12,172.26,123.41,74.93,0.8895,17.9000,-15.0700,4.3600,-11.7500,0.9260,0,-15.0700,346.2267,349.3262,2.9615,348.5438,0.2524,POST_PH4_RE_RFB,-18.47,7.01,688.7,144.3,0.00,0,0,,5.426
7503,15:41:05.010,ROI,160,160,256,256,27.14,28.40,0.0,27.525,35.22,801.70,172.64,121.84,76.67,0.9399,16.8500,-16.0300,3.1200,-13.4100,0.9224,0,-16.0300,346.0941,350.2498,3.1712,349.2535,0.2397,POST_PH4_RE_RFB,-18.47,7.72,688.7,144.3,0.00,0,0,,5.491
7504,15:41:05.058,ROI,160,160,256,256,39.42,40.72,39.8,9.6,24.56,796.01,170.98,123.01,75.01,0.8738,17.2300,-13.9000,4.6700,-8.7500,0.9147,0,-13.9000,346.4170,351.1410,3.3954,350.0662,0.2275,POST_PH4_RE_RFB,-18.47,8.54,688.7,144.3,0.00,0,0,,5.551
7505,15:41:05.120,ROI,160,160,256,256,23.46,24.85,0.0,15.725,40.25,794.16,170.82,122.93,76.03,0.9575,18.3300,-15.7700,0.0000,0.0000,0.9318,0,-15.7700,346.2244,351.9665,3.5394,350.7016,0.2203,POST_PH4_RE_RFB,-18.47,9.17,688.7,144.3,0.00,0,0,,5.597
7506,15:41:05.184,ROI,160,160,256,256,25.11,26.47,10.025,0.0,37.78,788.40,168.13,124.10,73.36,0.8504,16.9700,-14.7100,0.0000,0.0000,0.9177,0,-14.7100,346.1627,352.5882,3.6959,351.2198,0.2130,POST_PH4_RE_RFB,-18.47,9.69,688.7,144.3,0.00,0,0,,5.663
7507,15:41:05.232,ROI,160,160,256,256,29.39,30.77,36.025,12.7,32.50,785.94,166.75,124.78,73.26,0.9264,19.0100,-15.8600,0.0000,0.0000,0.9261,0,-15.8600,345.8518,353.2280,3.7863,351.6869,0.2089,POST_PH4_RE_RFB,-18.47,10.16,688.7,144.3,0.00,0,0,,5.715
7508,15:41:05.346,ROI,160,160,256,256,27.98,29.30,4.7,26.675,34.13,779.19,164.66,122.90,72.11,0.8488,18.3400,-15.3300,0.0000,0.0000,0.9153,0,-15.3300,345.6016,352.9739,3.9234,351.4765,0.2031,POST_PH4_RE_RFB,-18.47,9.95,688.7,144.3,0.00,0,0,,5.828
7509,15:41:05.408,ROI,160,160,256,256,31.97,33.02,11.9,0.0,30.28,774.18,163.60,124.75,72.59,0.8967,17.9700,-13.6900,0.0000,0.0000,0.8930,0,-13.6900,345.6653,345.0641,4.0272,345.1837,0.1989,POST_PH4_RE_RFB,-18.47,3.65,688.7,144.3,0.00,0,0,,5.893
7510,15:41:05.474,ROI,160,160,256,256,23.86,25.13,35.25,0.0,39.79,772.08,163.72,121.73,74.86,0.9379,20.2200,-15.9000,0.0000,0.0000,0.9219,0,-15.9000,345.3866,345.5726,4.1197,345.5363,0.1953,POST_PH4_RE_RFB,-18.47,4.01,688.7,144.3,0.00,0,0,,5.952
7511,15:41:05.522,ROI,160,160,256,256,34.35,35.76,34.225,10.925,27.97,767.04,162.63,125.49,75.90,0.8962,19.1700,-16.0700,0.0000,0.0000,0.8962,0,-16.0700,345.0454,345.7539,4.2160,345.6180,0.1917,POST_PH4_RE_RFB,-18.47,4.09,688.7,144.3,0.00,0,0,,6.010
7512,15:41:05.585,ROI,160,160,256,256,21.26,22.65,14.175,17.25,44.14,764.15,162.70,124.48,76.40,0.9488,19.1100,-17.5300,0.0000,0.0000,0.9103,0,-17.5300,344.3894,345.7524,4.2665,345.4936,0.1899,POST_PH4_RE_RFB,-18.47,3.96,688.7,144.3,0.00,0,0,,6.060
7513,15:41:05.648,ROI,160,160,256,256,20.07,21.82,9.775,0.0,45.83,761.58,161.18,125.68,77.50,0.9232,19.2000,-16.2700,0.0000,0.0000,0.9045,0,-16.2700,343.9675,345.5609,4.2603,345.2580,0.1901,POST_PH4_RE_RFB,-18.47,3.73,688.7,144.3,0.00,0,0,,6.122
7514,15:41:05.761,ROI,160,160,256,256,21.44,22.73,8.6,17.175,44.00,754.81,160.33,127.02,78.16,0.8796,19.7400,-14.6800,0.0000,0.0000,0.8657,0,-14.6800,343.9837,345.3657,4.2916,345.1046,0.1890,POST_PH4_RE_RFB,-18.47,3.57,688.7,144.3,0.00,0,0,,6.236
7515,15:41:05.824,ROI,160,160,256,256,20.42,21.69,19.375,18.0,46.10,751.04,161.30,123.87,78.56,0.9194,20.2500,-12.4900,0.0000,0.0000,0.8601,0,-12.4900,344.4901,345.2389,4.2677,345.0967,0.1898,POST_PH4_RE_RFB,-18.47,3.57,688.7,144.3,0.00,0,0,,6.298
7516,15:41:05.872,ROI,160,160,256,256,23.05,24.28,14.4,16.1,41.19,747.61,160.74,124.32,77.04,0.9284,19.9900,-11.3500,0.0000,0.0000,0.9005,0,-11.3500,345.6040,345.2570,4.2490,345.3232,0.1905,POST_PH4_RE_RFB,-18.47,3.79,688.7,144.3,0.00,0,0,,6.349
7517,15:41:05.936,ROI,160,160,256,256,24.94,26.24,0.0,0.0,38.10,743.58,159.34,123.22,77.76,0.9047,20.8400,-14.3000,0.0000,0.0000,0.9066,0,-14.3000,345.4982,345.5258,4.1796,345.5205,0.1931,POST_PH4_RE_RFB,-18.47,3.99,688.7,144.3,0.00,0,0,,6.414
7518,15:41:06.000,ROI,160,160,256,256,25.66,26.98,40.8,14.475,37.07,741.54,159.48,122.27,78.26,0.9614,22.2000,-12.5600,0.0000,0.0000,0.8943,0,-12.5600,346.3136,345.8725,4.1726,345.9578,0.1933,POST_PH4_RE_RFB,-18.47,4.43,688.7,144.3,0.00,0,0,,6.479
7519,15:41:06.048,ROI,160,160,256,256,27.16,28.34,37.15,13.775,35.29,737.86,158.95,121.06,77.60,0.9289,22.0400,-16.5900,0.0000,0.0000,0.9189,0,-16.5900,345.8203,346.2916,4.1110,346.1994,0.1957,POST_PH4_RE_RFB,-18.47,4.67,688.7,144.3,0.00,0,0,,6.529
7520,15:41:06.176,ROI,160,160,256,256,15.04,16.16,7.9,24.175,61.88,732.74,157.28,120.32,76.54,0.8811,21.7100,-17.6400,4.5400,-18.0900,0.9045,0,-17.6400,345.2388,346.7540,4.1005,346.4569,0.1961,POST_PH4_RE_RFB,-18.47,4.93,688.7,144.3,0.00,0,0,,6.644
7521,15:41:06.224,ROI,160,160,256,256,23.51,24.77,12.25,15.775,40.37,729.58,156.81,118.37,77.36,0.9372,22.5700,-19.4700,2.6500,-18.6000,0.9287,0,-19.4700,344.2212,347.3417,4.0410,346.7226,0.1984,POST_PH4_RE_RFB,-18.47,5.19,688.7,144.3,0.00,0,0,,6.701
7522,15:41:06.289,ROI,160,160,256,256,20.95,21.98,38.075,17.775,45.50,725.37,155.70,117.70,76.19,0.9053,19.6600,-19.0500,2.5300,-17.9500,0.8987,0,-19.0500,343.5866,348.0097,4.0215,347.1289,0.1991,POST_PH4_RE_RFB,-18.47,5.60,688.7,144.3,0.00,0,0,,6.764
7523,15:41:06.337,ROI,160,160,256,256,24.39,25.89,15.2,0.0,38.62,723.43,155.08,116.90,77.86,0.9472,20.6800,-19.6200,0.0000,0.0000,0.9302,0,-19.6200,342.7179,348.7816,3.9248,347.5504,0.2031,POST_PH4_RE_RFB,-18.47,6.02,688.7,144.3,0.00,0,0,,6.815
7524,15:41:06.400,ROI,160,160,256,256,23.43,24.84,10.675,15.725,40.27,721.11,155.00,115.44,77.50,0.9566,21.3900,-21.7300,0.0000,0.0000,0.9343,0,-21.7300,341.6026,349.5369,3.8396,347.8975,0.2066,POST_PH4_RE_RFB,-18.47,6.37,688.7,144.3,0.00,0,0,,6.877
7525,15:41:06.463,ROI,160,160,256,256,25.22,26.89,0.0,29.05,37.19,716.20,155.61,115.95,76.42,0.9048,18.2700,-22.5700,0.0000,0.0000,0.8401,0,-22.5700,340.3108,350.2603,3.7485,348.1650,0.2106,POST_PH4_RE_RFB,-18.47,6.64,688.7,144.3,0.00,0,0,,6.943
7526,15:41:06.511,ROI,160,160,256,256,21.97,23.21,74.25,16.825,43.08,714.66,154.15,116.59,78.42,0.9382,17.4600,-24.9900,0.0000,0.0000,0.8798,0,-24.9900,338.7003,350.8331,3.6795,348.2403,0.2137,POST_PH4_RE_RFB,-18.47,6.71,688.7,144.3,0.00,0,0,,6.987
7527,15:41:06.640,ROI,160,160,256,256,26.09,27.43,0.0,0.0,36.45,706.93,153.12,115.49,77.57,0.8536,17.9700,-22.7300,0.0000,0.0000,0.8437,0,-22.7300,337.9040,351.2380,3.7125,348.4085,0.2122,POST_PH4_RE_RFB,-18.47,6.88,688.7,144.3,0.00,0,0,,7.120
7528,15:41:06.690,ROI,160,160,256,256,23.32,24.51,71.1,15.95,40.80,704.51,151.90,117.52,77.92,0.9302,16.3400,-25.9200,2.8100,-32.6800,0.8468,0,-25.9200,336.3679,351.5078,3.6908,348.2802,0.2132,POST_PH4_RE_RFB,-18.47,6.75,688.7,144.3,0.00,0,0,,7.166
7529,15:41:06.751,ROI,160,160,256,256,19.72,20.87,10.425,18.725,47.92,702.50,151.16,116.48,75.87,0.9410,19.0400,-24.1900,0.0000,0.0000,0.8820,0,-24.1900,335.3427,351.5981,3.6656,348.1140,0.2143,POST_PH4_RE_RFB,-18.47,6.58,688.7,144.3,0.00,0,0,,7.225
7530,15:41:06.816,ROI,160,160,256,256,17.87,19.13,8.95,20.425,52.28,699.47,150.65,116.80,78.24,0.9214,17.6300,-24.5800,0.0000,0.0000,0.8075,0,-24.5800,334.2180,351.5551,3.6146,347.7981,0.2167,POST_PH4_RE_RFB,-18.47,6.27,688.7,144.3,0.00,0,0,,7.287
7531,15:41:06.864,ROI,160,160,256,256,20.41,21.73,13.675,0.0,46.03,699.70,149.50,116.98,77.25,0.9672,19.4800,-24.7100,0.0000,0.0000,0.9023,0,-24.7100,333.3304,351.2057,3.4828,347.2181,0.2231,POST_PH4_RE_RFB,-18.47,5.69,688.7,144.3,0.00,0,0,,7.338
7532,15:41:06.928,ROI,160,160,256,256,21.13,22.37,9.225,0.0,44.70,697.56,149.88,116.02,76.37,0.9530,19.7200,-24.2000,0.0000,0.0000,0.8314,0,-24.2000,332.8718,350.6720,3.3908,346.6180,0.2277,POST_PH4_RE_RFB,-18.47,5.09,688.7,144.3,0.00,0,0,,7.402
7533,15:41:06.991,ROI,160,160,256,256,13.00,14.39,0.0,0.0,69.49,695.94,149.37,115.76,78.56,0.9458,19.5500,-26.0700,0.0000,0.0000,0.8656,0,-26.0700,332.4409,350.0920,3.2771,345.9651,0.2338,POST_PH4_RE_RFB,-18.47,4.44,688.7,144.3,0.00,0,0,,7.458
7534,15:41:07.041,ROI,160,160,256,256,12.71,13.65,11.025,0.0,73.28,695.00,149.30,115.30,77.68,0.9728,19.3000,-24.9300,0.0000,0.0000,0.8867,0,-24.9300,332.6082,349.5157,3.1315,345.4233,0.2420,POST_PH4_RE_RFB,-18.47,3.89,688.7,144.3,0.00,0,0,,7.507
7535,15:41:07.153,ROI,160,160,256,256,21.17,22.42,0.0,0.0,44.61,692.68,149.43,115.44,76.21,0.9427,18.4300,-24.7500,0.0000,0.0000,0.8193,0,-24.7500,332.7228,348.9813,2.9972,344.9138,0.2502,POST_PH4_RE_RFB,-18.47,3.38,688.7,144.3,0.00,0,0,,7.628
7536,15:41:07.216,ROI,160,160,256,256,21.17,22.51,9.7,0.0,44.42,692.66,148.60,117.36,76.51,0.9626,18.8800,-24.3200,0.0000,0.0000,0.8754,0,-24.3200,333.3021,348.4517,2.7977,344.4626,0.2633,POST_PH4_RE_RFB,-18.47,2.93,688.7,144.3,0.00,0,0,,7.691
7537,15:41:07.280,ROI,160,160,256,256,18.50,19.80,9.4,0.0,50.52,692.40,148.00,117.74,77.82,0.9789,18.6000,-23.6800,0.0000,0.0000,0.8526,0,-23.6800,333.7709,347.9179,2.5743,343.9600,0.2798,POST_PH4_RE_RFB,-18.47,2.43,688.7,144.3,0.00,0,0,,7.752
7538,15:41:07.328,ROI,160,160,256,256,15.34,16.39,0.0,0.0,61.00,691.63,148.05,117.18,77.87,0.9858,18.7000,-23.3900,0.0000,0.0000,0.8516,0,-23.3900,334.3068,347.3410,2.3727,343.4763,0.2965,POST_PH4_SETTLING,-18.47,1.95,688.7,144.3,0.00,0,0,,7.796
7539,15:41:07.393,ROI,160,160,256,256,17.46,18.75,8.05,0.0,53.34,691.70,147.76,117.63,77.57,0.9889,18.3300,-24.7000,0.0000,0.0000,0.8796,0,-24.7000,334.4722,346.7444,2.1466,342.8442,0.3178,POST_PH4_SETTLING,-18.47,1.31,688.7,144.3,0.00,0,0,,7.864
7540,15:41:07.457,ROI,160,160,256,256,13.70,14.79,8.625,0.0,67.61,691.66,147.27,117.76,78.03,0.9865,18.4300,-23.5100,0.0000,0.0000,0.8557,0,-23.5100,335.0195,346.0426,1.9289,342.2791,0.3414,POST_PH4_SETTLING,-18.47,0.75,688.7,144.3,0.00,0,0,,7.924
7541,15:41:07.505,ROI,160,160,256,256,11.94,12.87,11.75,0.0,77.71,691.67,147.22,117.71,78.00,0.9984,18.3600,-23.4700,0.0000,0.0000,0.8531,0,-23.4700,335.5899,345.1844,1.6802,341.6046,0.3731,POST_PH4_SETTLING,-18.47,0.07,688.7,144.3,0.00,0,0,,7.970
7542,15:41:07.632,ROI,160,160,256,256,12.85,13.84,0.0,0.0,72.23,691.54,147.21,117.66,78.02,0.9974,18.2800,-23.3300,0.0000,0.0000,0.8483,0,-23.3300,336.0220,344.1386,1.4115,340.7728,0.4147,POST_PH4_SETTLING,-18.47,-0.76,688.7,144.3,0.00,0,0,,8.099
7543,15:41:07.680,ROI,160,160,256,256,17.56,18.67,11.725,0.0,53.55,691.48,147.11,117.73,77.66,0.9944,18.2900,-23.1200,0.0000,0.0000,0.8521,0,-23.1200,336.4319,343.1746,1.1701,340.0675,0.4608,POST_PH4_SETTLING,-18.47,-1.46,688.7,144.3,0.00,0,0,,8.151
7544,15:41:07.744,ROI,160,160,256,256,15.04,16.29,8.55,0.0,61.38,691.46,147.19,117.66,77.76,0.9974,18.3100,-23.2600,0.0000,0.0000,0.8485,0,-23.2600,336.5539,341.9772,0.9129,339.1422,0.5228,POST_PH4_SETTLING,-18.47,-2.39,688.7,144.3,0.00,0,0,,8.213
7545,15:41:07.808,ROI,160,160,256,256,11.03,11.87,8.275,0.0,84.23,691.46,147.18,117.63,77.71,0.9991,18.3200,-23.1500,0.0000,0.0000,0.8511,0,-23.1500,336.9192,340.8350,0.7558,338.6047,0.5696,POST_PH4_SETTLING,-18.47,-2.93,688.7,144.3,0.00,0,0,,8.272
7546,15:41:07.857,ROI,160,160,256,256,11.24,12.10,10.375,0.0,82.62,691.45,147.16,117.66,77.78,0.9989,18.3200,-23.1200,0.0000,0.0000,0.8510,0,-23.1200,336.9435,339.5795,0.6178,337.9501,0.6181,POST_PH4_SETTLING,-18.47,-3.58,688.7,144.3,0.00,0,0,,8.321
7547,15:41:07.920,ROI,160,160,256,256,17.91,19.16,0.0,0.0,52.18,691.45,147.22,117.73,77.84,0.9978,18.3300,-23.1900,0.0000,0.0000,0.8484,0,-23.1900,337.0966,338.0947,0.4933,337.4263,0.6697,POST_PH4_SETTLING,-18.47,-4.10,688.7,144.3,0.00,0,0,,8.391
7548,15:41:07.969,ROI,160,160,256,256,12.66,13.79,0.0,0.0,72.51,691.48,147.18,117.74,77.89,0.9982,18.3100,-23.1500,0.0000,0.0000,0.8510,0,-23.1500,337.1970,336.5697,0.4032,337.0168,0.7127,POST_PH4_SETTLING,-18.47,-4.51,688.7,144.3,0.00,0,0,,8.435
7549,15:41:08.032,ROI,160,160,256,256,15.32,16.55,0.0,23.6,60.43,691.43,147.16,117.62,77.92,0.9985,18.2900,-23.2500,0.0000,0.0000,0.8484,0,-23.2500,337.2374,333.9013,0.3036,336.4605,0.7671,POST_PH4_SETTLING,-18.47,-5.07,688.7,144.3,0.00,0,0,,8.501
