frame_id,timestamp,mode,input_width,input_height,roi_w,roi_h,inf_time_ms,end_to_end_time_ms,cpu_load_pct,end_to_end_cpu_load_pct,fps,x_center,y_center,width,height,iou_prev_bbox,group1_magnitude,group1_angle,group2_magnitude,group2_angle,best_conf,tracking_lost
1943,11:55:02.131,ROI,160,160,288,288,26.37,27.07,35.425,0.0,36.94,647.35,355.73,135.50,98.35,0.9641,17.9300,-5.0000,0.0000,0.0000,0.9022,0
1944,11:55:02.164,ROI,160,160,288,288,25.41,26.18,0.0,0.0,38.20,648.96,356.71,134.73,98.44,0.9574,17.4700,-2.2900,0.0000,0.0000,0.9002,0
1945,11:55:02.198,ROI,160,160,288,288,24.64,25.35,47.7,15.425,39.45,651.74,356.97,134.50,96.46,0.9406,17.8500,-4.8400,0.0000,0.0000,0.8543,0
1946,11:55:02.231,ROI,160,160,288,288,26.65,27.39,0.0,14.275,36.51,652.31,356.32,132.98,95.47,0.9755,18.1800,-6.1900,0.0000,0.0000,0.8640,0
1947,11:55:02.267,ROI,160,160,288,288,22.41,23.12,47.275,33.8,43.26,652.81,356.36,133.25,95.81,0.9890,18.0300,-5.2400,0.0000,0.0000,0.8771,0
1948,11:55:02.297,ROI,160,160,288,288,22.85,23.58,0.0,16.575,42.42,655.35,357.28,133.34,95.22,0.9446,17.9500,-4.0800,0.0000,0.0000,0.8549,0
1949,11:55:02.353,ROI,160,160,288,288,26.53,27.31,0.0,14.3,36.61,660.33,357.23,134.53,94.91,0.9254,17.8800,1.6200,0.0000,0.0000,0.8278,0
1950,11:55:02.388,ROI,160,160,288,288,28.42,29.18,97.75,0.0,34.27,661.60,357.07,136.24,96.37,0.9666,18.3400,4.2300,0.0000,0.0000,0.8301,0
1951,11:55:02.425,ROI,160,160,288,288,26.46,27.24,97.975,28.7,36.71,664.71,357.29,134.93,94.48,0.9368,18.8200,5.5200,0.0000,0.0000,0.8196,0
1952,11:55:02.460,ROI,160,160,288,288,22.72,23.45,52.2,16.65,42.65,664.65,357.02,137.16,93.82,0.9769,18.9000,6.6500,0.0000,0.0000,0.8836,0
1953,11:55:02.491,ROI,160,160,288,288,27.90,28.76,0.0,13.575,34.77,664.65,357.02,137.16,93.82,1.0000,18.9000,6.6500,0.0000,0.0000,0.8836,0
1954,11:55:02.528,ROI,160,160,288,288,22.20,22.98,0.0,85.0,43.51,666.38,356.26,136.15,93.76,0.9596,19.1400,9.5700,0.0000,0.0000,0.9135,0
1955,11:55:02.559,ROI,160,160,288,288,22.31,23.05,0.0,16.95,43.38,667.91,356.25,135.27,90.74,0.9464,19.0500,9.2100,0.0000,0.0000,0.9014,0
1956,11:55:02.590,ROI,160,160,288,288,24.55,25.27,0.0,30.925,39.57,670.29,356.81,134.60,89.42,0.9515,19.1900,9.6200,0.0000,0.0000,0.9151,0
1957,11:55:02.625,ROI,160,160,288,288,21.18,21.91,0.0,17.825,45.65,670.86,356.27,135.83,89.15,0.9791,18.1200,11.6800,0.0000,0.0000,0.8980,0
1958,11:55:02.658,ROI,160,160,288,288,22.04,23.15,67.05,16.875,43.20,673.92,355.71,134.86,89.98,0.9442,18.0300,11.7600,0.0000,0.0000,0.9059,0
1959,11:55:02.689,ROI,160,160,288,288,22.95,23.71,0.0,49.425,42.17,673.29,354.89,136.76,91.33,0.9684,17.4500,12.7500,0.0000,0.0000,0.9074,0
1960,11:55:02.722,ROI,160,160,288,288,28.67,29.51,41.875,26.475,33.89,675.27,355.28,134.62,91.75,0.9632,16.9200,11.7300,0.0000,0.0000,0.9079,0
1961,11:55:02.759,ROI,160,160,288,288,26.44,27.31,51.725,14.3,36.62,680.29,354.12,133.87,92.97,0.9057,18.2700,11.5100,0.0000,0.0000,0.9060,0
1962,11:55:02.794,ROI,160,160,288,288,26.02,26.78,0.0,43.75,37.33,677.98,353.86,135.07,94.54,0.9504,16.7400,15.3300,0.0000,0.0000,0.9154,0
1963,11:55:02.828,ROI,160,160,288,288,25.93,26.77,0.0,43.775,37.35,679.12,354.08,142.34,95.89,0.9356,16.2600,15.1900,0.0000,0.0000,0.9151,0
1964,11:55:02.863,ROI,160,160,288,288,25.50,26.41,0.0,14.8,37.87,680.66,352.90,138.58,94.43,0.9499,16.7700,14.4600,0.0000,0.0000,0.8890,0
1965,11:55:02.897,ROI,160,160,288,288,27.81,28.60,0.0,13.675,34.97,680.49,355.17,138.17,99.72,0.9443,16.5700,14.8200,0.0000,0.0000,0.8976,0
1966,11:55:02.933,ROI,160,160,288,288,26.71,27.44,0.0,28.475,36.44,684.41,352.53,137.54,93.74,0.8894,16.5100,16.4400,0.0000,0.0000,0.9244,0
1967,11:55:02.969,ROI,160,160,288,288,26.69,27.48,0.0,14.225,36.38,685.17,352.65,140.33,96.16,0.9555,16.3500,17.3600,0.0000,0.0000,0.9079,0
1968,11:55:03.004,ROI,160,160,288,288,24.48,25.21,48.425,15.5,39.67,687.09,351.71,140.69,95.99,0.9545,16.5600,17.4800,0.0000,0.0000,0.9195,0
1969,11:55:03.037,ROI,160,160,288,288,27.43,28.26,0.0,41.475,35.39,690.02,351.25,138.49,96.73,0.9499,16.8100,19.7300,0.0000,0.0000,0.9258,0
1970,11:55:03.073,ROI,160,160,288,288,28.71,29.46,0.0,26.525,33.94,692.11,351.32,138.49,97.85,0.9595,16.5100,19.0200,0.0000,0.0000,0.9243,0
1971,11:55:03.109,ROI,160,160,288,288,26.80,27.58,58.925,14.175,36.26,691.51,351.65,137.41,96.50,0.9778,16.3000,18.4000,0.0000,0.0000,0.9016,0
1972,11:55:03.144,ROI,160,160,288,288,29.64,30.41,0.0,0.0,32.88,694.87,350.98,138.46,99.22,0.9269,15.5500,18.9200,0.0000,0.0000,0.9256,0
1973,11:55:03.182,ROI,160,160,288,288,21.96,22.69,50.3,51.65,44.07,698.54,348.36,137.27,99.86,0.9008,15.9600,21.2000,0.0000,0.0000,0.9317,0
1974,11:55:03.212,ROI,160,160,288,288,23.58,24.47,0.0,15.975,40.87,698.50,348.49,135.34,99.05,0.9780,16.8700,22.1900,0.0000,0.0000,0.9081,0
1975,11:55:03.244,ROI,160,160,288,288,24.36,25.58,51.45,61.1,39.09,699.58,347.41,135.85,99.83,0.9632,16.4200,21.9100,0.0000,0.0000,0.9139,0
1976,11:55:03.277,ROI,160,160,288,288,23.29,24.24,0.0,48.35,41.26,701.36,347.05,132.70,100.96,0.9632,17.0100,23.6600,0.0000,0.0000,0.9075,0
1977,11:55:03.309,ROI,160,160,288,288,21.29,22.01,0.0,35.5,45.42,700.28,346.59,137.65,99.40,0.9496,16.0000,22.8300,0.0000,0.0000,0.8883,0
1978,11:55:03.339,ROI,160,160,288,288,21.82,22.56,0.0,17.325,44.33,702.75,346.40,131.98,101.92,0.9361,16.1900,24.0500,0.0000,0.0000,0.8960,0
1979,11:55:03.371,ROI,160,160,288,288,42.75,43.48,43.475,26.95,23.00,704.38,347.58,132.37,103.48,0.9537,15.5900,23.9600,0.0000,0.0000,0.8806,0
1980,11:55:03.422,ROI,160,160,288,288,21.01,21.75,0.0,0.0,45.98,706.23,344.12,129.85,99.36,0.9084,15.1200,23.9200,0.0000,0.0000,0.8701,0
1981,11:55:03.451,ROI,160,160,288,288,31.51,32.36,0.0,36.2,30.91,706.36,344.79,129.19,102.06,0.9687,14.8600,27.3000,0.0000,0.0000,0.8832,0
1982,11:55:03.491,ROI,160,160,288,288,29.24,30.00,0.0,13.025,33.33,708.34,343.46,129.74,101.79,0.9452,15.4400,27.2000,0.0000,0.0000,0.8977,0
1983,11:55:03.529,ROI,160,160,288,288,33.14,33.91,89.775,57.6,29.49,708.25,345.21,132.52,106.42,0.9365,15.0000,28.4200,0.0000,0.0000,0.8856,0
1984,11:55:03.571,ROI,160,160,288,288,22.74,23.53,0.0,33.2,42.50,711.26,341.69,131.51,103.23,0.8945,15.4500,28.0400,0.0000,0.0000,0.9050,0
1985,11:55:03.603,ROI,160,160,288,288,32.53,33.29,0.0,23.475,30.04,713.65,341.59,130.99,108.05,0.9220,14.5600,32.2800,0.0000,0.0000,0.8878,0
1986,11:55:03.645,ROI,160,160,288,288,30.58,31.47,0.0,12.425,31.78,714.22,341.34,129.46,104.71,0.9577,14.7100,31.5200,0.0000,0.0000,0.8764,0
1987,11:55:03.684,ROI,160,160,288,288,30.29,31.12,47.5,0.0,32.14,715.57,340.62,127.82,100.82,0.9431,14.4200,31.2300,0.0000,0.0000,0.8783,0
1988,11:55:03.725,ROI,160,160,256,256,21.12,21.86,81.275,35.75,45.75,717.26,338.69,137.04,106.37,0.8840,14.3700,31.1700,0.0000,0.0000,0.8509,0
1989,11:55:03.755,ROI,160,160,288,288,22.07,22.89,0.0,34.125,43.68,718.31,340.29,132.10,103.68,0.9352,14.7000,31.4200,0.0000,0.0000,0.8524,0
1990,11:55:03.787,ROI,160,160,288,288,28.92,29.69,0.0,26.325,33.68,719.64,339.15,130.72,101.45,0.9588,13.9400,31.9000,0.0000,0.0000,0.8693,0
1991,11:55:03.825,ROI,160,160,288,288,23.93,24.70,44.4,15.825,40.48,724.17,333.31,125.39,103.34,0.8345,12.6400,38.3600,0.0000,0.0000,0.7679,0
1992,11:55:03.859,ROI,160,160,256,256,29.90,30.75,44.575,12.7,32.52,728.56,332.34,131.26,104.64,0.9169,13.9800,35.6000,0.0000,0.0000,0.8029,0
1993,11:55:03.897,ROI,160,160,288,288,28.71,29.50,0.0,13.25,33.90,726.92,333.22,127.55,101.95,0.9467,14.4200,34.1100,0.0000,0.0000,0.8186,0
1994,11:55:03.935,ROI,160,160,256,256,38.29,39.44,0.0,0.0,25.35,729.58,332.18,131.36,104.10,0.9400,12.9600,35.9500,0.0000,0.0000,0.7658,0
1995,11:55:03.982,ROI,160,160,288,288,23.23,24.02,95.125,16.275,41.63,729.68,330.78,126.27,105.77,0.9366,14.5200,40.5200,0.0000,0.0000,0.7520,0
1996,11:55:04.014,ROI,160,160,256,256,20.21,20.97,49.5,55.9,47.69,732.60,328.85,124.48,102.50,0.9204,13.9700,37.9000,0.0000,0.0000,0.7753,0
1997,11:55:04.043,ROI,160,160,256,256,22.76,23.46,50.925,0.0,42.63,733.79,328.96,121.07,101.31,0.9614,14.4100,40.2900,0.0000,0.0000,0.7577,0
1998,11:55:04.075,ROI,160,160,256,256,21.54,22.28,0.0,0.0,44.88,735.21,327.65,119.10,100.82,0.9519,14.3000,40.2400,0.0000,0.0000,0.7656,0
1999,11:55:04.105,ROI,160,160,256,256,25.38,26.13,0.0,29.9,38.27,733.75,327.32,122.43,102.11,0.9605,14.0700,39.3700,0.0000,0.0000,0.7224,0
2000,11:55:04.137,ROI,160,160,256,256,12.17,12.93,0.0,0.0,77.33,735.69,327.38,120.69,103.10,0.9595,14.4100,41.9000,0.0000,0.0000,0.7843,0
2001,11:55:04.159,ROI,160,160,256,256,14.48,15.02,0.0,0.0,66.59,738.06,326.70,120.91,102.54,0.9490,14.4100,41.2300,0.0000,0.0000,0.7740,0
2002,11:55:04.192,ROI,160,160,256,256,14.68,15.22,0.0,0.0,65.70,738.98,325.39,118.22,101.01,0.9531,14.2600,40.2800,0.0000,0.0000,0.7406,0
2003,11:55:04.225,ROI,160,160,256,256,12.23,12.73,0.0,0.0,78.53,743.39,324.62,124.13,103.63,0.9064,14.3000,38.9100,0.0000,0.0000,0.7535,0
2004,11:55:04.256,ROI,160,160,256,256,14.61,15.10,0.0,0.0,66.23,742.44,322.48,116.45,101.90,0.9006,14.5700,41.7900,0.0000,0.0000,0.7821,0
2005,11:55:04.288,ROI,160,160,256,256,10.45,11.09,0.0,0.0,90.13,742.98,322.85,122.53,105.12,0.9213,13.5500,41.4600,0.0000,0.0000,0.7197,0
2006,11:55:04.322,ROI,160,160,256,256,23.78,24.50,0.0,0.0,40.81,744.99,321.92,121.55,104.91,0.9508,14.4900,44.5400,0.0000,0.0000,0.7837,0
2007,11:55:04.369,ROI,160,160,256,256,20.91,21.63,0.0,0.0,46.23,744.74,320.55,114.32,102.11,0.9154,15.3700,44.5600,0.0000,0.0000,0.7760,0
2008,11:55:04.400,ROI,160,160,256,256,22.29,23.02,0.0,0.0,43.45,746.11,319.41,116.40,102.83,0.9551,15.6300,45.7600,0.0000,0.0000,0.8290,0
2009,11:55:04.433,ROI,160,160,256,256,22.14,22.95,0.0,0.0,43.58,747.33,318.49,113.31,102.72,0.9564,15.9500,48.3400,0.0000,0.0000,0.8382,0
2010,11:55:04.463,ROI,160,160,256,256,34.59,35.26,0.0,0.0,28.36,748.74,316.77,111.46,101.65,0.9431,16.4900,48.2800,0.0000,0.0000,0.8515,0
2011,11:55:04.507,ROI,160,160,224,224,27.54,28.31,0.0,55.2,35.32,748.01,316.21,112.04,100.24,0.9735,15.2900,51.1800,0.0000,0.0000,0.8292,0
2012,11:55:04.545,ROI,160,160,256,256,27.63,28.37,0.0,0.0,35.25,748.98,315.50,109.04,102.77,0.9499,16.2900,49.4000,0.0000,0.0000,0.8201,0
2013,11:55:04.582,ROI,160,160,224,224,25.31,26.00,88.9,0.0,38.46,750.13,314.34,107.04,100.42,0.9566,15.9900,52.4900,0.0000,0.0000,0.8334,0
2014,11:55:04.615,ROI,160,160,224,224,32.15,32.84,0.0,23.8,30.45,750.22,312.64,104.43,98.31,0.9429,16.2700,51.9600,0.0000,0.0000,0.8272,0
2015,11:55:04.656,ROI,160,160,224,224,26.54,27.23,0.0,28.7,36.72,751.44,311.03,101.16,98.32,0.9381,16.4700,55.6700,0.0000,0.0000,0.8422,0
2016,11:55:04.692,ROI,160,160,224,224,28.13,28.79,0.0,0.0,34.73,752.64,310.22,99.18,100.09,0.9596,16.4100,57.7000,0.0000,0.0000,0.8460,0
2017,11:55:04.728,ROI,160,160,224,224,28.85,29.48,0.0,66.25,33.92,752.97,310.24,99.72,101.29,0.9816,16.6100,58.4100,0.0000,0.0000,0.8505,0
2018,11:55:04.763,ROI,160,160,224,224,17.76,18.50,0.0,0.0,54.07,752.80,309.93,99.11,101.33,0.9878,16.7400,59.1800,0.0000,0.0000,0.8484,0
2019,11:55:04.789,ROI,160,160,224,224,19.34,19.84,0.0,0.0,50.39,753.60,308.83,97.92,100.34,0.9628,15.9700,61.1500,0.0000,0.0000,0.8428,0
2020,11:55:04.813,ROI,160,160,224,224,16.73,17.23,77.275,0.0,58.03,754.88,308.36,96.01,100.65,0.9651,14.4400,64.1900,0.0000,0.0000,0.7824,0
2021,11:55:04.838,ROI,160,160,224,224,20.04,20.74,0.0,0.0,48.22,756.24,307.38,95.52,101.67,0.9535,14.7100,64.0800,0.0000,0.0000,0.8271,0
2022,11:55:04.865,ROI,160,160,224,224,14.56,15.06,0.0,0.0,66.39,756.92,306.50,96.87,102.59,0.9689,15.9200,64.0300,0.0000,0.0000,0.8122,0
2023,11:55:04.896,ROI,160,160,224,224,14.56,15.07,0.0,0.0,66.35,756.88,306.29,98.41,104.50,0.9664,15.4000,63.8900,0.0000,0.0000,0.8011,0
2024,11:55:04.929,ROI,160,160,224,224,13.06,13.54,0.0,0.0,73.83,757.68,305.40,98.31,103.47,0.9672,15.5800,64.9200,0.0000,0.0000,0.8213,0
2025,11:55:04.960,ROI,160,160,224,224,12.90,13.42,22.45,0.0,74.50,758.15,303.68,98.22,105.36,0.9587,15.8500,65.7500,0.0000,0.0000,0.8096,0
2026,11:55:04.992,ROI,160,160,224,224,23.53,24.30,0.0,0.0,41.15,758.57,302.69,98.59,106.78,0.9731,16.0000,65.5400,0.0000,0.0000,0.8069,0
2027,11:55:05.026,ROI,160,160,224,224,31.92,32.60,0.0,47.925,30.68,759.53,301.90,93.94,105.39,0.9388,17.1000,67.3900,0.0000,0.0000,0.8415,0
2028,11:55:05.066,ROI,160,160,224,224,30.85,31.57,52.2,61.875,31.68,760.47,300.92,94.49,105.04,0.9621,16.6700,67.1500,0.0000,0.0000,0.8418,0
2029,11:55:05.106,ROI,160,160,224,224,27.70,28.47,0.0,13.725,35.12,760.03,300.07,93.30,102.49,0.9635,16.7700,67.5300,0.0000,0.0000,0.8541,0
2030,11:55:05.143,ROI,160,160,224,224,22.19,22.90,0.0,34.125,43.67,761.13,298.50,93.52,103.35,0.9476,16.7500,68.6400,0.0000,0.0000,0.8368,0
2031,11:55:05.175,ROI,160,160,224,224,18.82,19.55,0.0,19.975,51.14,761.67,298.11,90.27,101.32,0.9463,16.4100,70.3800,0.0000,0.0000,0.8642,0
2032,11:55:05.203,ROI,160,160,224,224,19.02,19.80,0.0,19.725,50.50,762.41,297.26,91.03,100.11,0.9674,16.6400,70.6100,0.0000,0.0000,0.8513,0
2033,11:55:05.231,ROI,160,160,224,224,29.13,29.83,0.0,52.4,33.53,763.19,296.33,90.31,99.97,0.9651,17.4500,70.3400,0.0000,0.0000,0.8678,0
2034,11:55:05.270,ROI,160,160,224,224,26.83,27.54,45.55,42.575,36.32,763.56,295.82,87.61,99.04,0.9602,18.0100,69.7800,0.0000,0.0000,0.8673,0
2035,11:55:05.305,ROI,160,160,224,224,25.98,26.65,0.0,29.325,37.53,763.45,294.85,86.04,98.25,0.9630,18.4100,70.6100,0.0000,0.0000,0.8761,0
2036,11:55:05.343,ROI,160,160,224,224,27.25,27.99,36.775,0.0,35.73,764.29,293.99,86.91,99.55,0.9639,17.8700,70.6500,0.0000,0.0000,0.8524,0
2037,11:55:05.380,ROI,160,160,224,224,18.68,19.32,0.0,0.0,51.76,764.99,293.38,83.92,97.43,0.9449,18.1800,71.5300,0.0000,0.0000,0.8749,0
2038,11:55:05.407,ROI,160,160,224,224,16.97,17.69,53.4,0.0,56.52,765.64,292.54,84.77,98.04,0.9682,17.8500,72.0600,0.0000,0.0000,0.8612,0
2039,11:55:05.431,ROI,160,160,224,224,22.94,23.49,0.0,0.0,42.58,766.78,290.94,82.59,96.74,0.9419,18.3700,72.9400,0.0000,0.0000,0.8803,0
2040,11:55:05.461,ROI,160,160,224,224,11.10,11.58,0.0,0.0,86.38,766.03,288.75,85.95,98.48,0.9194,18.6600,73.9200,0.0000,0.0000,0.8870,0
2041,11:55:05.487,ROI,160,160,224,224,16.11,16.84,0.0,0.0,59.40,766.38,287.99,86.74,98.32,0.9755,17.2900,73.2800,0.0000,0.0000,0.8422,0
2042,11:55:05.536,ROI,160,160,224,224,12.71,13.37,0.0,0.0,74.81,767.25,286.27,89.52,100.74,0.9364,17.0600,73.8000,0.0000,0.0000,0.8577,0
2043,11:55:05.568,ROI,160,160,224,224,11.65,12.58,21.55,31.075,79.49,768.15,285.65,89.28,101.37,0.9682,17.8300,74.2100,0.0000,0.0000,0.8628,0
2044,11:55:05.600,ROI,160,160,224,224,11.89,12.41,19.8,31.475,80.58,768.29,284.40,89.22,101.51,0.9725,18.4600,73.9600,0.0000,0.0000,0.8687,0
2045,11:55:05.632,ROI,160,160,224,224,11.58,12.19,0.0,32.05,82.00,768.74,283.01,89.24,100.91,0.9633,18.2000,75.2300,0.0000,0.0000,0.8700,0
2046,11:55:05.665,ROI,160,160,224,224,16.64,17.26,0.0,0.0,57.95,768.95,281.88,90.72,101.85,0.9621,17.4900,75.9800,0.0000,0.0000,0.8584,0
2047,11:55:05.696,ROI,160,160,224,224,30.21,30.87,0.0,0.0,32.39,768.83,279.98,89.42,102.69,0.9500,18.1500,75.1900,0.0000,0.0000,0.8620,0
2048,11:55:05.736,ROI,160,160,224,224,24.79,25.48,0.0,0.0,39.24,768.95,280.62,87.68,98.63,0.9418,19.2700,73.3000,0.0000,0.0000,0.8751,0
2049,11:55:05.769,ROI,160,160,224,224,29.53,30.22,50.45,0.0,33.09,768.94,278.60,89.03,101.37,0.9459,18.8100,74.1900,0.0000,0.0000,0.8793,0
2050,11:55:05.805,ROI,160,160,224,224,18.54,19.06,0.0,20.5,52.45,770.23,277.36,87.77,102.02,0.9482,18.7600,75.5700,2.0200,72.9300,0.8907,0
2051,11:55:05.830,ROI,160,160,224,224,19.41,19.91,67.625,19.625,50.22,770.77,277.59,88.02,101.74,0.9832,18.9500,76.6100,0.0000,0.0000,0.8919,0
2052,11:55:05.872,ROI,160,160,224,224,16.23,16.77,0.0,23.3,59.64,770.28,275.73,88.03,101.37,0.9535,19.2500,77.8300,0.0000,0.0000,0.8915,0
2053,11:55:05.905,ROI,160,160,224,224,18.13,18.65,0.0,20.95,53.61,770.42,274.85,88.87,101.04,0.9736,18.7500,76.8300,0.0000,0.0000,0.8746,0
2054,11:55:05.937,ROI,160,160,224,224,16.86,17.51,0.0,22.325,57.12,770.11,274.88,87.58,100.97,0.9848,18.9000,76.8600,0.0000,0.0000,0.8731,0
2055,11:55:05.970,ROI,160,160,224,224,23.73,24.50,0.0,15.95,40.82,770.55,274.36,87.43,100.63,0.9801,18.5700,78.9800,0.0000,0.0000,0.8862,0
2056,11:55:06.002,ROI,160,160,224,224,14.77,15.42,0.0,25.35,64.87,770.15,272.98,86.24,101.26,0.9599,19.0500,78.2000,0.0000,0.0000,0.8690,0
2057,11:55:06.031,ROI,160,160,224,224,20.03,20.59,0.0,18.975,48.56,770.11,271.66,86.80,100.32,0.9681,19.1100,80.8700,0.0000,0.0000,0.9157,0
2058,11:55:06.063,ROI,160,160,224,224,16.33,16.85,33.65,0.0,59.34,770.18,270.03,84.49,99.11,0.9423,19.0300,82.1000,0.0000,0.0000,0.9212,0
2059,11:55:06.096,ROI,160,160,224,224,15.43,16.03,25.25,24.375,62.39,769.94,268.66,85.67,98.94,0.9594,17.7600,83.4600,0.0000,0.0000,0.9245,0
2060,11:55:06.131,ROI,160,160,224,224,14.65,15.28,20.575,25.575,65.45,770.50,270.30,86.10,98.84,0.9552,16.7700,85.3800,0.0000,0.0000,0.9192,0
2061,11:55:06.159,ROI,160,160,224,224,15.72,16.22,30.55,0.0,61.67,770.34,267.23,85.92,99.55,0.9366,15.3500,85.3200,0.0000,0.0000,0.8961,0
2062,11:55:06.192,ROI,160,160,224,224,15.12,15.77,0.0,0.0,63.42,770.14,265.24,84.97,96.61,0.9496,14.6900,88.4000,0.0000,0.0000,0.9071,0
2063,11:55:06.241,ROI,160,160,224,224,33.18,34.42,11.75,0.0,29.05,770.49,264.73,83.90,91.36,0.9338,14.2300,90.2900,0.0000,0.0000,0.8976,0
2064,11:55:06.283,ROI,160,160,192,192,20.90,21.53,0.0,0.0,46.45,770.53,260.81,83.26,89.82,0.9101,13.5800,88.9300,0.0000,0.0000,0.8666,0
2065,11:55:06.312,ROI,160,160,192,192,38.71,39.39,0.0,19.85,25.39,771.81,260.07,79.93,92.20,0.9363,13.5100,91.5800,0.0000,0.0000,0.8279,0
2066,11:55:06.358,ROI,160,160,192,192,17.66,18.31,54.675,0.0,54.62,771.82,260.05,79.50,91.33,0.9853,12.9800,91.1300,0.0000,0.0000,0.8248,0
2067,11:55:06.382,ROI,160,160,192,192,21.02,21.52,0.0,0.0,46.48,771.14,257.82,80.17,88.07,0.9361,13.3200,91.7000,0.0000,0.0000,0.8684,0
2068,11:55:06.411,ROI,160,160,192,192,19.01,19.65,0.0,0.0,50.90,770.63,257.79,80.87,91.93,0.9459,13.2500,92.1300,0.0000,0.0000,0.8042,0
2069,11:55:06.437,ROI,160,160,192,192,15.48,15.97,0.0,0.0,62.60,770.06,255.64,81.61,91.75,0.9413,14.1800,92.5000,0.0000,0.0000,0.8645,0
2070,11:55:06.464,ROI,160,160,192,192,14.70,15.25,0.0,25.6,65.55,770.13,255.07,80.64,92.69,0.9760,14.2000,93.5400,0.0000,0.0000,0.8318,0
2071,11:55:06.495,ROI,160,160,192,192,12.17,12.72,0.0,30.7,78.59,769.21,254.18,81.72,91.32,0.9591,14.8600,94.0500,0.0000,0.0000,0.8679,0
2072,11:55:06.530,ROI,160,160,192,192,16.17,16.64,0.0,0.0,60.09,769.16,253.68,82.61,90.58,0.9784,13.8700,93.9400,0.0000,0.0000,0.8407,0
2073,11:55:06.561,ROI,160,160,192,192,11.41,12.03,0.0,32.5,83.16,768.86,253.20,83.14,93.16,0.9653,14.0800,94.6800,0.0000,0.0000,0.8578,0
2074,11:55:06.608,ROI,160,160,192,192,12.14,12.70,0.0,0.0,78.75,768.68,252.11,82.62,94.14,0.9710,14.8500,96.7700,0.0000,0.0000,0.8796,0
2075,11:55:06.640,ROI,160,160,192,192,13.09,13.64,0.0,0.0,73.31,767.70,250.96,82.81,93.94,0.9530,15.2000,97.7600,0.0000,0.0000,0.8974,0
2076,11:55:06.671,ROI,160,160,192,192,9.98,10.46,0.0,0.0,95.61,767.83,249.94,83.65,96.88,0.9599,13.4100,96.9700,0.0000,0.0000,0.8186,0
2077,11:55:06.705,ROI,160,160,224,224,15.74,16.27,16.9,24.0,61.45,766.27,248.15,84.15,94.82,0.9289,14.3500,94.8300,0.0000,0.0000,0.8548,0
2078,11:55:06.737,ROI,160,160,192,192,16.01,16.62,24.975,0.0,60.15,767.06,248.72,84.25,98.53,0.9449,12.7700,98.7100,0.0000,0.0000,0.8340,0
2079,11:55:06.767,ROI,160,160,224,224,9.72,10.62,27.95,36.8,94.16,765.68,246.75,84.11,93.67,0.9209,13.9500,93.3900,0.0000,0.0000,0.8464,0
2080,11:55:06.799,ROI,160,160,192,192,12.29,12.77,18.65,30.6,78.34,765.34,244.84,84.90,93.84,0.9512,13.3900,98.8900,0.0000,0.0000,0.8106,0
2081,11:55:06.832,ROI,160,160,192,192,14.01,14.59,0.0,26.775,68.56,766.07,243.48,80.95,92.48,0.9265,12.4000,98.9700,0.0000,0.0000,0.8052,0
2082,11:55:06.863,ROI,160,160,192,192,16.95,17.46,0.0,22.375,57.28,764.33,242.40,84.14,92.35,0.9370,13.5800,100.9400,0.0000,0.0000,0.8493,0
2083,11:55:06.897,ROI,160,160,192,192,15.70,16.38,0.0,0.0,61.04,763.74,240.99,81.85,90.48,0.9434,13.4800,100.4200,0.0000,0.0000,0.8773,0
2084,11:55:06.928,ROI,160,160,192,192,15.28,15.77,25.875,0.0,63.43,763.95,240.73,82.44,89.38,0.9808,13.7000,102.0500,0.0000,0.0000,0.9125,0
2085,11:55:06.976,ROI,160,160,192,192,11.85,12.40,0.0,31.475,80.67,763.78,239.68,80.11,90.01,0.9496,14.2700,104.3600,0.0000,0.0000,0.9177,0
2086,11:55:07.008,ROI,160,160,192,192,13.17,13.70,0.0,28.525,72.99,763.54,238.22,77.74,89.26,0.9397,13.0500,105.8300,0.0000,0.0000,0.8877,0
2087,11:55:07.040,ROI,160,160,192,192,10.20,10.70,0.0,36.5,93.47,763.35,236.55,76.84,89.38,0.9523,14.1000,104.6500,0.0000,0.0000,0.8983,0
2088,11:55:07.071,ROI,160,160,192,192,11.20,11.84,0.0,33.025,84.49,762.02,234.33,80.70,90.60,0.9071,13.1800,105.0100,0.0000,0.0000,0.8626,0
2089,11:55:07.104,ROI,160,160,192,192,10.83,11.29,0.0,34.6,88.54,760.66,233.33,82.79,91.48,0.9464,13.2800,107.9500,0.0000,0.0000,0.8920,0
2090,11:55:07.136,ROI,160,160,192,192,12.35,12.98,0.0,0.0,77.05,761.52,233.23,81.43,91.73,0.9764,13.8300,110.1800,0.0000,0.0000,0.8975,0
2091,11:55:07.170,ROI,160,160,192,192,10.96,11.51,0.0,0.0,86.87,760.28,232.11,82.33,90.90,0.9470,12.5400,109.1100,0.0000,0.0000,0.8631,0
2092,11:55:07.205,ROI,160,160,192,192,10.68,11.16,0.0,0.0,89.63,758.57,230.73,84.06,92.05,0.9316,13.2300,111.2000,0.0000,0.0000,0.8676,0
2093,11:55:07.231,ROI,160,160,192,192,16.45,16.90,26.5,46.225,59.18,759.24,229.57,85.39,93.44,0.9602,14.9600,112.3900,0.0000,0.0000,0.8321,0
2094,11:55:07.264,ROI,160,160,192,192,14.59,15.21,0.0,51.375,65.73,756.38,228.14,88.54,93.54,0.9091,13.1200,115.0800,0.0000,0.0000,0.7685,0
2095,11:55:07.296,ROI,160,160,192,192,16.95,17.47,0.0,0.0,57.22,757.34,227.46,87.62,93.73,0.9646,14.8200,112.4500,0.0000,0.0000,0.8406,0
2096,11:55:07.328,ROI,160,160,192,192,10.69,11.16,0.0,0.0,89.63,756.17,226.92,89.40,93.60,0.9628,13.9000,112.4100,0.0000,0.0000,0.7779,0
2097,11:55:07.376,ROI,160,160,192,192,14.48,15.15,10.7,0.0,66.02,755.17,226.24,90.61,93.64,0.9642,13.9600,111.6800,0.0000,0.0000,0.7580,0
2098,11:55:07.409,ROI,160,160,192,192,13.30,13.79,22.05,0.0,72.53,754.63,224.98,91.15,93.72,0.9620,11.4900,112.0500,0.0000,0.0000,0.7150,0
2099,11:55:07.441,ROI,160,160,192,192,16.75,17.28,20.875,0.0,57.88,754.80,223.44,88.84,93.32,0.9433,8.6300,113.6500,0.0000,0.0000,0.6345,0
2100,11:55:07.473,ROI,160,160,192,192,19.53,20.08,0.0,0.0,49.80,754.11,221.82,89.14,93.53,0.9513,10.2800,113.4100,0.0000,0.0000,0.6876,0
2101,11:55:07.504,ROI,160,160,192,192,26.92,27.81,0.0,14.05,35.96,753.34,220.75,90.14,93.04,0.9608,6.6300,114.3900,0.0000,0.0000,0.5463,0
2102,11:55:07.539,ROI,160,160,192,192,16.36,16.87,0.0,23.175,59.28,753.20,219.88,91.03,93.80,0.9721,8.6900,115.2300,0.0000,0.0000,0.6185,0
2103,11:55:07.568,ROI,160,160,192,192,15.99,16.73,30.75,23.35,59.77,752.86,219.43,91.62,94.10,0.9830,7.9200,115.3100,0.0000,0.0000,0.5824,0
2104,11:55:07.599,ROI,160,160,192,192,20.54,21.10,27.5,55.575,47.40,752.76,218.58,89.99,93.47,0.9646,8.5700,115.9300,0.0000,0.0000,0.6400,0
2105,11:55:07.632,ROI,160,160,192,192,15.76,16.29,34.4,23.975,61.37,751.95,217.42,92.46,93.92,0.9498,6.5800,116.6000,0.0000,0.0000,0.6069,0
2106,11:55:07.664,ROI,160,160,192,192,17.60,18.14,0.0,21.525,55.12,750.29,216.11,94.79,94.21,0.9390,4.7600,117.4700,0.0000,0.0000,0.5704,0
2107,11:55:07.712,ROI,160,160,192,192,29.26,29.83,0.0,26.2,33.53,750.08,214.66,93.78,93.78,0.9593,5.4400,117.3200,0.0000,0.0000,0.6122,0
2108,11:55:07.749,ROI,160,160,192,192,30.65,31.23,0.0,12.5,32.02,748.94,214.13,96.58,93.40,0.9604,3.1900,117.7500,0.0000,0.0000,0.4489,0
2109,11:55:07.788,ROI,160,160,224,224,28.24,29.00,0.0,26.95,34.49,750.06,212.84,95.47,93.67,0.9507,8.0800,118.3800,0.0000,0.0000,0.7024,0
2110,11:55:07.825,ROI,160,160,192,192,19.29,19.84,0.0,0.0,50.41,748.44,212.58,96.25,92.09,0.9508,2.9400,118.3700,0.0000,0.0000,0.4093,0
2111,11:55:07.853,ROI,160,160,224,224,19.57,20.19,0.0,0.0,49.54,747.66,210.24,95.94,91.92,0.9355,4.9400,117.8900,0.0000,0.0000,0.4831,0
2112,11:55:07.880,ROI,160,160,192,192,15.15,15.64,54.975,24.975,63.93,745.68,209.05,97.96,94.45,0.9344,5.3900,120.9800,0.0000,0.0000,0.6527,0
2113,11:55:07.904,ROI,160,160,224,224,12.01,12.56,0.0,31.125,79.62,746.04,207.80,98.24,93.04,0.9666,5.8900,121.8600,0.0000,0.0000,0.4860,0
2114,11:55:07.936,ROI,160,160,224,224,19.09,19.67,19.775,0.0,50.85,744.87,206.72,97.01,92.13,0.9541,6.8800,119.1200,0.0000,0.0000,0.6261,0
2115,11:55:07.969,ROI,160,160,224,224,16.73,17.31,0.0,22.575,57.77,744.43,207.22,94.81,92.11,0.9669,6.9200,121.9000,0.0000,0.0000,0.6687,0
2116,11:55:08.001,ROI,160,160,192,192,18.53,19.13,0.0,20.425,52.26,744.26,205.34,95.98,92.46,0.9487,5.0000,125.8200,0.0000,0.0000,0.5682,0
2117,11:55:08.032,ROI,160,160,192,192,15.17,15.68,31.65,24.925,63.77,743.28,203.88,94.48,89.81,0.9487,2.7400,123.2300,0.0000,0.0000,0.3517,0
2118,11:55:08.080,ROI,160,160,192,192,14.45,15.00,12.325,26.05,66.66,742.21,202.58,94.44,89.20,0.9498,3.4000,124.1800,0.0000,0.0000,0.3972,0
2119,11:55:08.112,ROI,160,160,192,192,13.89,14.43,0.0,0.0,69.29,741.04,201.71,92.82,89.34,0.9568,2.3800,121.2800,0.0000,0.0000,0.3048,0
2120,11:55:08.144,ROI,160,160,192,192,21.17,21.73,0.0,17.975,46.01,739.80,201.11,99.02,91.30,0.9173,3.7900,125.8600,0.0000,0.0000,0.4441,0
2121,11:55:08.175,ROI,160,160,224,224,18.90,19.47,0.0,0.0,51.35,738.99,200.30,99.37,90.65,0.9666,7.8600,126.1900,0.0000,0.0000,0.5316,0
2122,11:55:08.208,ROI,160,160,224,224,20.04,20.64,0.0,0.0,48.44,737.97,199.90,100.97,90.57,0.9715,8.0200,126.6000,0.0000,0.0000,0.5347,0
2123,11:55:08.240,ROI,160,160,224,224,17.54,18.12,33.35,21.55,55.18,736.75,199.36,100.49,91.17,0.9647,8.1400,128.6700,0.0000,0.0000,0.6404,0
2124,11:55:08.273,ROI,160,160,224,224,18.22,18.81,0.0,20.775,53.16,736.63,199.03,101.72,91.41,0.9807,9.7000,130.2200,0.0000,0.0000,0.6935,0
2125,11:55:08.303,ROI,160,160,224,224,18.73,19.36,0.0,0.0,51.65,736.52,197.17,101.50,89.85,0.9576,11.3900,132.8300,0.0000,0.0000,0.8136,0
2126,11:55:08.336,ROI,160,160,224,224,29.82,30.37,0.0,0.0,32.93,734.64,194.49,101.58,86.80,0.9081,12.1900,131.9300,0.0000,0.0000,0.8344,0
2127,11:55:08.373,ROI,160,160,224,224,25.03,25.62,0.0,15.25,39.04,733.10,195.33,102.38,89.31,0.9434,11.8900,129.9500,0.0000,0.0000,0.7967,0
2128,11:55:08.407,ROI,160,160,224,224,26.29,27.09,47.975,14.425,36.92,732.40,193.52,101.85,88.49,0.9471,13.2400,130.8700,0.0000,0.0000,0.8495,0
2129,11:55:08.448,ROI,160,160,224,224,28.49,29.11,0.0,26.825,34.35,729.89,191.74,105.06,88.37,0.9160,14.2600,132.8400,0.0000,0.0000,0.8760,0
2130,11:55:08.483,ROI,160,160,224,224,25.02,25.58,0.0,30.55,39.10,727.99,190.55,104.83,90.48,0.9397,13.0600,130.1600,0.0000,0.0000,0.7459,0
2131,11:55:08.514,ROI,160,160,224,224,30.59,31.18,0.0,0.0,32.08,726.80,189.44,103.81,88.13,0.9522,13.3000,131.8400,0.0000,0.0000,0.7782,0
2132,11:55:08.552,ROI,160,160,224,224,25.09,25.71,57.825,0.0,38.89,726.15,188.75,102.90,87.85,0.9722,13.1700,131.2400,0.0000,0.0000,0.8124,0
2133,11:55:08.585,ROI,160,160,224,224,23.30,23.90,59.15,0.0,41.85,726.29,188.88,104.31,89.88,0.9642,12.4400,128.3300,0.0000,0.0000,0.7149,0
2134,11:55:08.616,ROI,160,160,224,224,28.19,28.72,0.0,27.2,34.82,724.49,187.45,105.42,89.36,0.9364,12.6600,131.5200,0.0000,0.0000,0.8523,0
2135,11:55:08.653,ROI,160,160,224,224,26.59,27.37,0.0,0.0,36.54,723.29,186.76,104.80,88.73,0.9625,14.0800,134.1300,0.0000,0.0000,0.8700,0
2136,11:55:08.688,ROI,160,160,224,224,30.96,31.51,55.05,0.0,31.74,722.31,185.65,106.68,88.20,0.9577,14.0600,134.2900,0.0000,0.0000,0.8677,0
2137,11:55:08.727,ROI,160,160,224,224,36.30,36.89,0.0,10.6,27.11,722.10,186.25,107.62,89.32,0.9781,13.4400,134.5500,0.0000,0.0000,0.8315,0
2138,11:55:08.771,ROI,160,160,224,224,29.46,30.06,55.5,26.0,33.27,720.87,183.37,105.81,89.22,0.9168,14.7500,135.2300,0.0000,0.0000,0.9022,0
2139,11:55:08.809,ROI,160,160,224,224,31.47,32.06,0.0,24.375,31.19,720.77,183.42,104.52,86.24,0.9548,15.2200,137.1200,0.0000,0.0000,0.8576,0
2140,11:55:08.849,ROI,160,160,224,224,40.36,40.97,48.85,38.15,24.41,720.42,182.06,105.45,85.04,0.9605,16.8100,140.2400,0.0000,0.0000,0.8308,0
2141,11:55:08.897,ROI,160,160,224,224,44.89,45.49,0.0,25.775,21.98,718.70,182.14,105.88,84.27,0.9593,16.8800,140.3200,0.0000,0.0000,0.8557,0
2142,11:55:08.950,ROI,160,160,224,224,42.35,43.01,0.0,45.425,23.25,717.66,181.22,106.19,83.05,0.9595,17.1700,141.8300,0.0000,0.0000,0.8282,0
2143,11:55:09.000,ROI,160,160,224,224,45.10,45.80,0.0,25.575,21.83,715.57,179.78,107.35,81.47,0.9293,17.4400,144.2600,0.0000,0.0000,0.8180,0
2144,11:55:09.054,ROI,160,160,224,224,37.81,38.31,49.175,10.2,26.11,712.17,178.75,106.85,79.45,0.9153,17.4300,145.4200,0.0000,0.0000,0.8197,0
2145,11:55:09.100,ROI,160,160,224,224,32.46,33.09,0.0,11.8,30.22,709.28,178.14,109.17,80.21,0.9339,18.7200,147.2300,0.0000,0.0000,0.8415,0
2146,11:55:09.140,ROI,160,160,224,224,26.90,28.29,0.0,27.6,35.35,709.90,177.89,108.49,79.91,0.9826,17.7500,148.2900,0.0000,0.0000,0.8691,0
2147,11:55:09.175,ROI,160,160,224,224,31.02,31.62,0.0,0.0,31.63,707.52,175.77,108.77,76.61,0.9077,17.7800,149.0700,0.0000,0.0000,0.8396,0
2148,11:55:09.214,ROI,160,160,224,224,28.21,28.82,0.0,67.775,34.70,707.50,176.09,108.96,82.08,0.9316,17.5600,146.4000,0.0000,0.0000,0.8377,0
2149,11:55:09.252,ROI,160,160,224,224,31.34,31.85,0.0,36.8,31.40,706.52,175.08,107.63,77.41,0.9263,17.8900,149.4600,0.0000,0.0000,0.8445,0
2150,11:55:09.291,ROI,160,160,224,224,31.21,31.82,0.0,24.55,31.43,704.77,174.73,109.19,80.14,0.9354,18.4800,148.4400,0.0000,0.0000,0.8332,0
2151,11:55:09.330,ROI,160,160,224,224,25.37,25.95,58.375,15.05,38.53,702.89,173.76,110.40,77.85,0.9395,18.2600,151.7700,0.0000,0.0000,0.8438,0
2152,11:55:09.363,ROI,160,160,224,224,26.99,27.58,0.0,28.325,36.26,700.59,173.85,112.28,74.77,0.9225,17.6600,155.3100,0.0000,0.0000,0.8188,0
2153,11:55:09.397,ROI,160,160,256,256,31.35,32.04,0.0,12.2,31.21,699.90,172.70,113.25,76.30,0.9582,18.6200,155.0000,0.0000,0.0000,0.8506,0
2154,11:55:09.438,ROI,160,160,256,256,28.84,29.46,0.0,66.325,33.95,698.74,171.95,112.51,73.89,0.9488,19.1500,159.4500,0.0000,0.0000,0.8535,0
2155,11:55:09.475,ROI,160,160,256,256,33.44,34.09,0.0,22.925,29.33,695.68,170.50,111.97,73.84,0.9114,18.4300,158.5700,0.0000,0.0000,0.8266,0
2156,11:55:09.552,ROI,160,160,224,224,21.42,22.02,9.0,17.75,45.42,691.82,169.31,112.17,75.40,0.9051,17.9300,157.6300,0.0000,0.0000,0.7945,0
2157,11:55:09.583,ROI,160,160,256,256,27.47,28.11,0.0,55.475,35.57,690.02,169.29,113.38,74.72,0.9600,17.8100,159.3400,0.0000,0.0000,0.8179,0
2158,11:55:09.620,ROI,160,160,256,256,25.38,26.05,0.0,15.0,38.39,689.50,169.02,112.64,75.58,0.9796,17.6700,158.3400,0.0000,0.0000,0.8245,0
2159,11:55:09.653,ROI,160,160,256,256,28.17,28.79,0.0,13.575,34.73,688.49,168.62,113.58,75.25,0.9719,17.8000,160.2000,0.0000,0.0000,0.8536,0
2160,11:55:09.690,ROI,160,160,256,256,24.96,25.54,52.075,0.0,39.16,686.90,167.28,114.24,75.81,0.9391,17.5900,163.1000,0.0000,0.0000,0.8285,0
2161,11:55:09.722,ROI,160,160,256,256,26.56,27.17,57.475,0.0,36.81,686.00,167.21,110.46,72.72,0.9276,16.6200,164.6700,0.0000,0.0000,0.8674,0
2162,11:55:09.756,ROI,160,160,224,224,19.54,20.14,0.0,19.4,49.66,683.54,165.61,110.99,71.62,0.9160,17.9800,160.7600,0.0000,0.0000,0.7953,0
2163,11:55:09.783,ROI,160,160,224,224,22.00,22.64,0.0,0.0,44.17,682.68,165.28,110.88,73.47,0.9601,16.4900,159.3500,0.0000,0.0000,0.7490,0
2164,11:55:09.812,ROI,160,160,224,224,19.54,20.09,57.325,19.45,49.77,682.91,165.10,111.33,72.93,0.9885,15.7500,158.6500,0.0000,0.0000,0.7263,0
2165,11:55:09.839,ROI,160,160,224,224,20.77,21.31,0.0,18.325,46.93,682.91,165.10,111.33,72.93,1.0000,15.7500,158.6500,0.0000,0.0000,0.7263,0
2166,11:55:09.870,ROI,160,160,224,224,21.99,22.68,0.0,17.225,44.10,681.01,164.97,111.55,71.33,0.9456,16.4300,161.0300,0.0000,0.0000,0.7721,0
2167,11:55:09.900,ROI,160,160,224,224,21.70,22.29,0.0,17.525,44.86,679.64,163.94,110.99,71.41,0.9484,16.5100,161.5500,0.0000,0.0000,0.7759,0
2168,11:55:09.953,ROI,160,160,224,224,18.78,19.36,0.0,20.175,51.65,676.68,162.51,110.32,70.10,0.9110,16.5300,160.0100,0.0000,0.0000,0.7828,0
2169,11:55:09.984,ROI,160,160,224,224,19.94,20.53,0.0,19.025,48.70,674.57,162.29,110.66,67.07,0.9219,15.6700,160.6600,0.0000,0.0000,0.7974,0
2170,11:55:10.015,ROI,160,160,224,224,18.19,18.89,0.0,0.0,52.93,673.97,162.08,109.45,67.47,0.9830,14.8400,160.8300,0.0000,0.0000,0.7789,0
2171,11:55:10.049,ROI,160,160,224,224,28.03,28.67,26.925,13.625,34.88,671.96,161.90,109.70,67.40,0.9589,14.9500,160.4900,0.0000,0.0000,0.7791,0
2172,11:55:10.085,ROI,160,160,224,224,25.33,25.94,0.0,60.25,38.55,671.15,161.57,109.79,66.99,0.9758,15.9800,162.8900,0.0000,0.0000,0.8328,0
2173,11:55:10.119,ROI,160,160,224,224,23.84,24.43,50.025,16.0,40.94,669.25,161.07,109.70,66.35,0.9516,16.7300,163.9100,0.0000,0.0000,0.8472,0
2174,11:55:10.150,ROI,160,160,224,224,22.27,23.23,0.0,16.825,43.04,667.87,160.40,109.12,65.91,0.9556,16.2200,164.1100,0.0000,0.0000,0.8095,0
2175,11:55:10.181,ROI,160,160,224,224,18.92,19.52,55.075,0.0,51.24,667.67,160.39,110.10,67.84,0.9629,15.2400,164.5400,0.0000,0.0000,0.8456,0
2176,11:55:10.208,ROI,160,160,224,224,17.59,18.18,0.0,21.5,55.00,665.18,160.27,112.39,67.35,0.9495,16.1000,164.9400,0.0000,0.0000,0.8402,0
2177,11:55:10.235,ROI,160,160,256,256,13.19,14.12,44.55,28.3,70.81,667.37,160.13,110.08,65.58,0.9364,17.1000,163.9000,0.0000,0.0000,0.8907,0
2178,11:55:10.256,ROI,160,160,224,224,14.50,15.02,0.0,26.0,66.56,664.44,159.54,112.81,66.43,0.9322,16.3000,165.3300,0.0000,0.0000,0.8313,0
2179,11:55:10.287,ROI,160,160,256,256,11.73,12.33,0.0,31.675,81.09,663.04,159.22,109.25,64.99,0.9474,16.3300,166.4700,0.0000,0.0000,0.8913,0
2180,11:55:10.350,ROI,160,160,224,224,14.47,15.04,0.0,25.95,66.48,659.14,158.86,109.23,65.51,0.9210,17.6400,169.0600,0.0000,0.0000,0.8524,0
2181,11:55:10.384,ROI,160,160,224,224,14.96,15.56,0.0,25.1,64.25,656.80,158.76,110.47,65.69,0.9554,17.5900,168.3800,0.0000,0.0000,0.8670,0
2182,11:55:10.416,ROI,160,160,224,224,11.84,12.35,0.0,31.625,80.96,657.08,158.80,110.17,66.86,0.9776,16.0300,170.6000,0.0000,0.0000,0.8519,0
2183,11:55:10.448,ROI,160,160,224,224,13.78,14.35,0.0,27.225,69.69,654.54,158.60,110.05,65.94,0.9420,17.2200,170.2900,0.0000,0.0000,0.8386,0
2184,11:55:10.480,ROI,160,160,224,224,14.42,14.96,0.0,0.0,66.83,653.41,158.27,107.46,66.43,0.9668,16.5300,173.9100,0.0000,0.0000,0.7805,0
2185,11:55:10.513,ROI,160,160,224,224,14.46,15.11,0.0,25.875,66.19,650.82,157.89,107.42,65.94,0.9422,15.9000,175.5500,0.0000,0.0000,0.7575,0
2186,11:55:10.533,ROI,160,160,224,224,16.98,17.56,0.0,0.0,56.94,652.27,157.49,109.72,65.62,0.9621,16.2000,170.0700,0.0000,0.0000,0.8603,0
2187,11:55:10.558,ROI,160,160,224,224,18.94,19.56,0.0,0.0,51.12,649.80,157.11,106.81,65.31,0.9447,17.8500,173.5800,0.0000,0.0000,0.7942,0
2188,11:55:10.583,ROI,160,160,224,224,15.78,16.35,0.0,23.9,61.18,647.95,156.93,103.61,66.21,0.9528,16.0400,177.2500,0.0000,0.0000,0.8002,0
2189,11:55:10.607,ROI,160,160,224,224,12.16,12.69,0.0,0.0,78.80,648.11,157.12,104.43,63.99,0.9593,15.9100,175.1900,0.0000,0.0000,0.7642,0
2190,11:55:10.656,ROI,160,160,224,224,13.39,13.94,10.825,0.0,71.74,645.68,156.61,103.46,66.28,0.9223,16.0000,175.6900,0.0000,0.0000,0.7748,0
2191,11:55:10.687,ROI,160,160,224,224,12.33,12.83,22.625,0.0,77.95,643.66,157.36,100.76,62.87,0.9122,15.1800,176.5500,0.0000,0.0000,0.7449,0
2192,11:55:10.750,ROI,160,160,224,224,11.93,12.50,0.0,0.0,80.02,641.08,156.51,103.59,64.76,0.9234,15.3700,176.5900,0.0000,0.0000,0.7421,0
2193,11:55:10.784,ROI,160,160,224,224,13.60,14.22,0.0,0.0,70.30,639.29,156.83,101.56,63.36,0.9450,15.2800,177.1300,0.0000,0.0000,0.7265,0
2194,11:55:10.814,ROI,160,160,224,224,12.17,12.66,0.0,30.85,78.98,640.33,156.99,103.47,64.37,0.9646,15.4900,176.7700,0.0000,0.0000,0.7359,0
2195,11:55:10.847,ROI,160,160,224,224,13.25,13.76,19.375,28.4,72.69,638.60,156.56,102.34,63.85,0.9541,15.0400,176.2300,0.0000,0.0000,0.7273,0
2196,11:55:10.867,ROI,160,160,224,224,15.78,16.43,0.0,0.0,60.85,638.76,156.74,102.79,64.81,0.9810,15.4300,175.4400,0.0000,0.0000,0.7382,0
2197,11:55:10.911,ROI,160,160,224,224,16.01,16.64,0.0,0.0,60.10,637.13,155.37,104.90,65.07,0.9297,17.3100,178.1200,0.0000,0.0000,0.8081,0
2198,11:55:10.933,ROI,160,160,224,224,12.84,13.48,0.0,28.975,74.18,636.01,156.26,105.28,64.71,0.9526,17.3000,178.6300,0.0000,0.0000,0.7812,0
2199,11:55:10.953,ROI,160,160,224,224,11.47,12.04,61.075,0.0,83.07,634.26,155.65,104.75,66.21,0.9459,17.3000,-179.1400,0.0000,0.0000,0.8162,0
2200,11:55:10.975,ROI,160,160,224,224,16.17,16.77,41.3,0.0,59.64,632.35,155.63,106.47,65.88,0.9598,17.0200,176.7900,0.0000,0.0000,0.7803,0
2201,11:55:11.008,ROI,160,160,224,224,25.55,26.34,0.0,0.0,37.96,631.78,156.09,106.41,65.20,0.9755,16.7200,174.7200,0.0000,0.0000,0.7665,0
2202,11:55:11.057,ROI,160,160,224,224,16.53,17.09,0.0,22.875,58.52,630.31,155.17,105.48,64.50,0.9459,15.9200,176.7300,0.0000,0.0000,0.7456,0
2203,11:55:11.088,ROI,160,160,224,224,16.56,17.57,58.025,22.25,56.91,629.20,156.13,106.55,65.86,0.9510,17.4100,178.2800,0.0000,0.0000,0.7740,0
2204,11:55:11.152,ROI,160,160,224,224,15.30,15.97,0.0,0.0,62.60,625.47,155.75,107.88,66.22,0.9223,18.3800,-176.6000,0.0000,0.0000,0.8415,0
2205,11:55:11.183,ROI,160,160,224,224,17.06,17.66,0.0,0.0,56.64,624.23,155.91,106.02,66.93,0.9668,16.3400,-178.6500,0.0000,0.0000,0.7841,0
2206,11:55:11.215,ROI,160,160,224,224,17.07,17.64,27.275,22.15,56.70,623.29,156.44,105.28,67.61,0.9670,16.6700,-175.8800,0.0000,0.0000,0.7890,0
2207,11:55:11.248,ROI,160,160,224,224,19.50,20.11,0.0,19.425,49.74,622.90,156.50,103.54,66.88,0.9729,16.0600,-176.3700,0.0000,0.0000,0.7797,0
2208,11:55:11.276,ROI,160,160,224,224,19.53,20.33,0.0,19.225,49.20,623.18,157.01,103.56,66.25,0.9798,16.2600,-175.6400,0.0000,0.0000,0.7907,0
2209,11:55:11.304,ROI,160,160,224,224,23.59,24.16,53.15,16.175,41.38,620.94,156.87,107.25,68.07,0.9330,17.3200,-175.7300,0.0000,0.0000,0.8186,0
2210,11:55:11.336,ROI,160,160,224,224,20.14,20.76,0.0,37.625,48.16,620.06,156.63,103.82,65.56,0.9324,16.2300,-177.6200,0.0000,0.0000,0.7985,0
2211,11:55:11.363,ROI,160,160,224,224,23.49,24.08,0.0,0.0,41.52,618.68,156.87,105.81,65.32,0.9672,17.3700,-175.1500,0.0000,0.0000,0.8080,0
2212,11:55:11.395,ROI,160,160,224,224,15.61,16.13,147.275,0.0,62.00,616.64,156.63,106.09,65.42,0.9553,17.5400,-176.3700,0.0000,0.0000,0.8262,0
2213,11:55:11.423,ROI,160,160,224,224,15.56,16.23,34.125,0.0,61.63,615.34,156.78,104.96,66.81,0.9558,17.6800,-174.5300,0.0000,0.0000,0.8474,0
2214,11:55:11.455,ROI,160,160,224,224,13.80,14.39,24.125,0.0,69.49,615.34,156.97,104.43,65.80,0.9799,16.7300,-175.0400,0.0000,0.0000,0.8077,0
2215,11:55:11.489,ROI,160,160,224,224,10.62,11.27,20.575,34.675,88.70,613.77,157.20,104.96,65.77,0.9636,17.8900,-174.1100,0.0000,0.0000,0.8510,0
2216,11:55:11.552,ROI,160,160,224,224,18.24,18.95,0.0,0.0,52.77,607.97,157.46,108.14,67.86,0.8703,17.5300,-173.6100,0.0000,0.0000,0.8708,0
2217,11:55:11.584,ROI,160,160,224,224,10.71,11.27,0.0,0.0,88.73,606.73,158.04,108.16,67.16,0.9610,17.4100,-171.1600,0.0000,0.0000,0.8656,0
2218,11:55:11.615,ROI,160,160,224,224,10.76,11.34,0.0,34.45,88.16,605.26,158.46,109.26,68.81,0.9500,17.2600,-171.5400,0.0000,0.0000,0.8641,0
2219,11:55:11.634,ROI,160,160,224,224,12.81,13.48,0.0,28.975,74.17,605.57,158.08,108.99,68.33,0.9833,17.1200,-171.0500,0.0000,0.0000,0.8553,0
2220,11:55:11.653,ROI,160,160,224,224,9.72,10.35,0.0,37.775,96.63,605.57,158.08,108.99,68.33,1.0000,17.1200,-171.0500,0.0000,0.0000,0.8553,0
2221,11:55:11.679,ROI,160,160,224,224,12.64,13.25,0.0,29.475,75.48,603.47,158.21,110.12,68.54,0.9589,17.3200,-169.9200,0.0000,0.0000,0.8825,0
2222,11:55:11.711,ROI,160,160,224,224,14.47,15.02,0.0,26.0,66.56,602.24,159.62,109.90,71.46,0.9385,17.0400,-169.0200,0.0000,0.0000,0.8775,0
2223,11:55:11.758,ROI,160,160,224,224,11.67,12.25,0.0,31.9,81.66,601.45,158.51,107.59,68.81,0.9427,17.4100,-170.3300,0.0000,0.0000,0.8735,0
2224,11:55:11.792,ROI,160,160,224,224,11.08,11.66,0.0,33.525,85.78,600.02,159.39,107.55,69.36,0.9496,16.4400,-168.5600,0.0000,0.0000,0.8814,0
2225,11:55:11.823,ROI,160,160,224,224,12.73,13.30,0.0,29.375,75.21,599.03,158.24,106.01,67.54,0.9496,17.2600,-168.8200,0.0000,0.0000,0.8884,0
2226,11:55:11.855,ROI,160,160,224,224,11.23,11.91,0.0,32.8,83.99,598.47,158.85,107.20,68.89,0.9694,16.7300,-169.8500,0.0000,0.0000,0.8812,0
2227,11:55:11.888,ROI,160,160,224,224,12.30,13.18,0.0,0.0,75.86,597.12,158.94,106.82,68.89,0.9727,16.6300,-168.0200,0.0000,0.0000,0.8933,0
2228,11:55:11.950,ROI,160,160,224,224,12.52,13.05,0.0,29.925,76.61,593.92,160.51,108.02,70.08,0.9017,16.7800,-166.1700,0.0000,0.0000,0.9073,0
2229,11:55:11.983,ROI,160,160,224,224,10.81,11.41,0.0,0.0,87.62,591.96,161.09,105.91,67.14,0.9240,15.7600,-164.6600,0.0000,0.0000,0.8668,0
2230,11:55:12.000,ROI,160,160,224,224,12.89,13.54,0.0,0.0,73.86,592.09,160.27,106.13,67.45,0.9736,16.4800,-164.7600,0.0000,0.0000,0.8904,0
2231,11:55:12.020,ROI,160,160,224,224,9.86,10.45,62.25,0.0,95.66,590.29,161.71,106.18,66.93,0.9268,15.5900,-163.3600,0.0000,0.0000,0.8591,0
2232,11:55:12.047,ROI,160,160,224,224,16.40,17.00,23.3,0.0,58.84,589.62,160.89,105.97,67.10,0.9637,16.7500,-164.7900,0.0000,0.0000,0.8924,0
2233,11:55:12.080,ROI,160,160,224,224,12.91,13.47,24.0,0.0,74.26,588.51,161.71,106.55,68.64,0.9561,16.1600,-164.0100,0.0000,0.0000,0.8849,0
2234,11:55:12.127,ROI,160,160,224,224,12.06,12.72,11.725,30.725,78.62,586.18,162.27,107.60,67.09,0.9363,16.2200,-162.5900,0.0000,0.0000,0.8823,0
2235,11:55:12.160,ROI,160,160,224,224,11.06,11.61,19.2,0.0,86.11,585.27,164.70,108.49,71.27,0.9170,15.7800,-163.6200,0.0000,0.0000,0.8523,0
2236,11:55:12.191,ROI,160,160,224,224,10.43,11.06,0.0,0.0,90.42,584.01,164.71,108.60,70.62,0.9680,16.5400,-162.7200,0.0000,0.0000,0.8804,0
2237,11:55:12.223,ROI,160,160,224,224,11.86,12.47,0.0,31.325,80.17,582.40,165.76,109.33,70.60,0.9430,15.9900,-162.8900,0.0000,0.0000,0.8796,0
2238,11:55:12.256,ROI,160,160,224,224,11.06,11.65,0.0,33.55,85.86,582.67,164.83,109.27,71.90,0.9695,16.2500,-163.9800,0.0000,0.0000,0.8735,0
2239,11:55:12.287,ROI,160,160,224,224,9.46,10.05,0.0,38.875,99.51,581.36,165.46,109.61,70.06,0.9515,15.7700,-164.1700,0.0000,0.0000,0.8630,0
2240,11:55:12.351,ROI,160,160,224,224,14.73,15.22,0.0,25.7,65.71,578.86,167.32,109.98,72.62,0.9077,16.3700,-162.5900,0.0000,0.0000,0.8700,0
2241,11:55:12.371,ROI,160,160,224,224,11.94,12.50,0.0,31.275,80.03,579.15,166.41,106.55,71.15,0.9446,15.3700,-162.7500,0.0000,0.0000,0.8515,0
2242,11:55:12.390,ROI,160,160,224,224,14.60,15.18,0.0,0.0,65.87,577.98,167.48,107.95,70.64,0.9496,16.0400,-160.8100,0.0000,0.0000,0.8356,0
2243,11:55:12.415,ROI,160,160,224,224,21.76,22.30,0.0,0.0,44.84,577.25,167.67,105.48,69.73,0.9645,15.5500,-162.3600,0.0000,0.0000,0.8535,0
2244,11:55:12.447,ROI,160,160,224,224,29.75,30.25,0.0,25.825,33.06,577.25,167.67,105.48,69.73,1.0000,15.5500,-162.3600,0.0000,0.0000,0.8535,0
2245,11:55:12.495,ROI,160,160,224,224,20.34,20.89,22.15,0.0,47.88,575.54,167.66,107.55,69.24,0.9618,16.0900,-161.3200,0.0000,0.0000,0.8697,0
2246,11:55:12.527,ROI,160,160,224,224,16.84,17.36,0.0,45.025,57.61,574.20,168.55,107.76,68.63,0.9507,15.7400,-159.2400,0.0000,0.0000,0.8271,0
2247,11:55:12.560,ROI,160,160,224,224,11.40,12.00,25.8,0.0,83.31,571.89,168.81,106.58,69.06,0.9507,16.3000,-157.9200,0.0000,0.0000,0.8261,0
2248,11:55:12.591,ROI,160,160,224,224,12.16,12.78,0.0,30.575,78.25,572.08,170.67,110.29,71.72,0.9168,15.7000,-158.1300,0.0000,0.0000,0.7918,0
2249,11:55:12.624,ROI,160,160,224,224,13.26,13.87,0.0,0.0,72.08,568.74,170.57,106.97,71.57,0.9378,15.9200,-156.6200,0.0000,0.0000,0.8365,0
2250,11:55:12.655,ROI,160,160,224,224,14.27,14.87,0.0,26.275,67.23,569.86,170.64,105.98,71.74,0.9768,15.8200,-158.3300,0.0000,0.0000,0.8055,0
2251,11:55:12.687,ROI,160,160,224,224,11.60,12.15,0.0,0.0,82.31,567.73,171.23,107.73,72.37,0.9455,15.3200,-154.5400,0.0000,0.0000,0.7776,0
2252,11:55:12.750,ROI,160,160,224,224,13.89,14.50,0.0,0.0,68.99,564.56,173.00,105.17,75.38,0.8998,15.1000,-153.1200,0.0000,0.0000,0.7637,0
2253,11:55:12.771,ROI,160,160,224,224,27.90,28.41,0.0,27.5,35.20,565.01,172.86,104.17,75.52,0.9869,16.6000,-148.9700,0.0000,0.0000,0.8476,0
2254,11:55:12.807,ROI,160,160,224,224,35.36,35.91,0.0,10.875,27.85,562.49,173.60,107.13,75.05,0.9356,15.4900,-148.7900,0.0000,0.0000,0.8243,0
2255,11:55:12.850,ROI,160,160,224,224,16.16,16.70,117.6,0.0,59.88,560.64,173.76,107.74,74.45,0.9585,16.1900,-144.1600,0.0000,0.0000,0.8691,0
2256,11:55:12.874,ROI,160,160,224,224,24.37,25.04,0.0,31.2,39.93,560.80,174.76,107.97,76.93,0.9650,13.6300,-143.2900,0.0000,0.0000,0.8118,0
2257,11:55:12.905,ROI,160,160,224,224,9.27,9.84,68.975,0.0,101.66,557.37,175.15,111.38,78.76,0.9178,15.8600,-141.9600,0.0000,0.0000,0.8462,0
2258,11:55:12.926,ROI,160,160,224,224,14.89,15.47,0.0,0.0,64.63,555.82,175.56,110.45,77.01,0.9511,14.8500,-144.0600,0.0000,0.0000,0.8228,0
2259,11:55:12.960,ROI,160,160,224,224,11.50,12.06,21.1,32.4,82.93,554.48,175.94,107.65,78.39,0.9580,16.7900,-139.8200,0.0000,0.0000,0.8272,0
2260,11:55:12.990,ROI,160,160,224,224,12.65,13.25,0.0,29.5,75.49,553.29,177.23,106.53,79.88,0.9470,16.7900,-138.0400,0.0000,0.0000,0.8438,0
2261,11:55:13.023,ROI,160,160,224,224,16.79,17.42,0.0,0.0,57.42,553.18,177.06,109.83,80.30,0.9648,17.9100,-140.3000,0.0000,0.0000,0.8241,0
2262,11:55:13.055,ROI,160,160,224,224,18.42,19.05,0.0,20.5,52.49,551.40,178.50,106.13,82.39,0.9336,17.6700,-137.3300,0.0000,0.0000,0.8420,0
2263,11:55:13.088,ROI,160,160,224,224,21.48,22.06,0.0,17.7,45.33,551.36,178.67,106.09,83.01,0.9918,18.8900,-140.4500,0.0000,0.0000,0.8222,0
2264,11:55:13.119,ROI,160,160,224,224,21.20,21.82,0.0,17.9,45.82,550.34,179.11,105.83,83.59,0.9708,19.0500,-138.4400,0.0000,0.0000,0.8184,0
2265,11:55:13.153,ROI,160,160,224,224,22.00,22.63,0.0,17.25,44.19,549.03,179.45,107.63,83.58,0.9679,20.0500,-139.5900,0.0000,0.0000,0.8196,0
2266,11:55:13.184,ROI,160,160,224,224,25.27,25.77,0.0,15.175,38.81,547.19,179.87,107.66,83.86,0.9569,19.0600,-138.9900,0.0000,0.0000,0.8350,0
2267,11:55:13.231,ROI,160,160,224,224,23.64,24.24,0.0,16.125,41.26,544.89,181.31,107.06,85.04,0.9264,17.5100,-135.3000,0.0000,0.0000,0.8705,0
2268,11:55:13.263,ROI,160,160,224,224,17.96,18.53,0.0,21.1,53.98,543.10,181.45,104.54,85.47,0.9621,16.0200,-131.8900,0.0000,0.0000,0.8984,0
2269,11:55:13.295,ROI,160,160,224,224,28.76,29.40,0.0,13.275,34.01,543.03,180.87,103.81,83.92,0.9750,15.8900,-128.5500,0.0000,0.0000,0.8950,0
2270,11:55:13.330,ROI,160,160,224,224,19.63,20.23,0.0,19.325,49.44,541.42,182.97,104.55,86.03,0.9235,15.6600,-126.2400,0.0000,0.0000,0.8821,0
2271,11:55:13.359,ROI,160,160,224,224,33.98,34.54,0.0,0.0,28.95,540.66,182.67,103.70,85.06,0.9746,14.8200,-127.3200,0.0000,0.0000,0.8822,0
2272,11:55:13.399,ROI,160,160,224,224,31.10,31.66,0.0,12.35,31.59,539.06,184.81,103.64,88.55,0.9236,16.1200,-123.8700,0.0000,0.0000,0.9139,0
2273,11:55:13.436,ROI,160,160,224,224,23.65,24.21,0.0,16.125,41.30,537.91,185.71,101.56,88.07,0.9583,15.9400,-124.8700,0.0000,0.0000,0.8210,0
2274,11:55:13.465,ROI,160,160,224,224,24.85,25.41,0.0,0.0,39.35,536.16,186.92,101.30,90.44,0.9407,16.4200,-120.2300,0.0000,0.0000,0.8978,0
2275,11:55:13.496,ROI,160,160,224,224,25.27,25.86,0.0,0.0,38.66,536.85,186.41,100.60,89.47,0.9752,15.8500,-122.3500,0.0000,0.0000,0.8852,0
2276,11:55:13.526,ROI,160,160,224,224,35.31,35.92,0.0,10.875,27.84,534.77,187.72,99.54,91.07,0.9322,17.3000,-119.0200,0.0000,0.0000,0.9221,0
2277,11:55:13.570,ROI,160,160,224,224,32.26,32.89,47.1,11.875,30.40,534.76,188.29,97.69,90.85,0.9694,16.5100,-119.9700,0.0000,0.0000,0.9311,0
2278,11:55:13.610,ROI,160,160,224,224,31.12,31.65,61.175,37.025,31.60,531.96,189.72,96.19,91.41,0.9154,17.6300,-118.6900,0.0000,0.0000,0.9279,0
2279,11:55:13.648,ROI,160,160,224,224,34.00,34.52,0.0,22.625,28.97,532.01,190.44,97.66,92.15,0.9697,16.5700,-118.2000,0.0000,0.0000,0.9194,0
2280,11:55:13.690,ROI,160,160,224,224,31.41,31.98,53.4,24.425,31.27,531.29,190.57,98.04,91.07,0.9739,17.6300,-118.7100,0.0000,0.0000,0.9240,0
2281,11:55:13.729,ROI,160,160,224,224,20.43,20.93,0.0,18.675,47.79,531.78,191.09,97.55,91.46,0.9788,17.0500,-118.5800,0.0000,0.0000,0.9184,0
2282,11:55:13.755,ROI,160,160,224,224,21.36,22.04,0.0,17.725,45.38,529.50,192.47,97.85,90.71,0.9265,17.6800,-119.1600,0.0000,0.0000,0.9264,0
2283,11:55:13.783,ROI,160,160,224,224,25.99,26.59,0.0,14.7,37.60,528.87,192.74,95.20,90.79,0.9672,16.2300,-116.8100,0.0000,0.0000,0.8947,0
2284,11:55:13.816,ROI,160,160,192,192,24.60,25.10,0.0,15.575,39.85,528.13,193.62,93.52,87.50,0.9468,19.0100,-118.1300,0.0000,0.0000,0.9690,0
2285,11:55:13.845,ROI,160,160,192,192,24.69,25.25,86.55,0.0,39.61,526.44,194.27,93.74,89.03,0.9483,18.6000,-117.0000,0.0000,0.0000,0.9535,0
2286,11:55:13.875,ROI,160,160,192,192,27.26,27.83,0.0,0.0,35.93,524.99,195.54,93.00,89.89,0.9429,18.8700,-117.0300,0.0000,0.0000,0.9582,0
2287,11:55:13.908,ROI,160,160,192,192,27.23,27.81,75.525,14.05,35.96,524.85,194.54,93.13,88.26,0.9751,16.7900,-117.3500,0.0000,0.0000,0.9312,0
2288,11:55:13.941,ROI,160,160,192,192,20.89,21.46,82.775,0.0,46.60,523.48,195.49,93.49,87.48,0.9508,18.8400,-118.0700,0.0000,0.0000,0.9505,0
2289,11:55:13.969,ROI,160,160,192,192,24.13,24.76,58.125,0.0,40.39,523.55,196.54,93.47,87.56,0.9749,18.4900,-117.4400,0.0000,0.0000,0.9471,0
2290,11:55:14.000,ROI,160,160,192,192,23.14,23.94,0.0,0.0,41.77,522.76,197.21,92.70,88.63,0.9683,18.2200,-118.0700,0.0000,0.0000,0.9527,0
2291,11:55:14.030,ROI,160,160,192,192,20.93,21.47,0.0,18.2,46.58,522.34,198.93,92.11,90.12,0.9537,18.7700,-116.6900,0.0000,0.0000,0.9479,0
2292,11:55:14.063,ROI,160,160,192,192,18.72,19.22,32.375,20.35,52.03,521.06,199.49,91.36,90.71,0.9609,19.0000,-115.2800,0.0000,0.0000,0.9558,0
2293,11:55:14.096,ROI,160,160,192,192,24.72,25.19,29.725,15.5,39.70,521.28,199.38,91.54,91.54,0.9864,18.7100,-115.3000,0.0000,0.0000,0.9558,0
2294,11:55:14.128,ROI,160,160,192,192,21.47,22.19,53.15,17.6,45.07,520.75,199.88,91.37,90.41,0.9764,18.8500,-114.9800,0.0000,0.0000,0.9505,0
2295,11:55:14.158,ROI,160,160,192,192,21.39,21.97,51.55,0.0,45.51,520.47,200.99,92.30,90.31,0.9658,19.5300,-115.0200,0.0000,0.0000,0.9542,0
2296,11:55:14.191,ROI,160,160,192,192,21.62,22.22,0.0,0.0,45.00,519.63,201.91,91.21,90.70,0.9624,19.2900,-112.8500,0.0000,0.0000,0.9412,0
2297,11:55:14.224,ROI,160,160,192,192,22.24,22.81,0.0,17.125,43.84,520.25,203.42,93.02,90.17,0.9485,18.8500,-112.3600,0.0000,0.0000,0.9258,0
2298,11:55:14.254,ROI,160,160,192,192,16.54,17.16,0.0,22.75,58.27,518.31,204.34,89.84,89.78,0.9394,19.1600,-111.9000,0.0000,0.0000,0.9214,0
2299,11:55:14.287,ROI,160,160,192,192,23.38,24.03,0.0,16.25,41.62,519.38,204.36,90.71,90.95,0.9641,19.3500,-113.0900,0.0000,0.0000,0.9467,0
2300,11:55:14.337,ROI,160,160,192,192,26.38,27.07,0.0,14.425,36.95,517.69,205.57,91.87,90.20,0.9387,18.6200,-111.5900,0.0000,0.0000,0.8913,0
2301,11:55:14.370,ROI,160,160,192,192,13.20,13.80,0.0,27.95,72.47,517.60,206.18,91.00,91.38,0.9775,18.5800,-111.9600,0.0000,0.0000,0.9163,0
2302,11:55:14.398,ROI,160,160,192,192,19.29,19.93,0.0,19.6,50.18,516.99,208.22,92.05,93.19,0.9441,18.9000,-110.4700,0.0000,0.0000,0.9098,0
2303,11:55:14.430,ROI,160,160,192,192,12.91,13.50,0.0,28.95,74.08,514.90,208.88,86.83,91.48,0.9259,18.7200,-110.6500,0.0000,0.0000,0.9000,0
2304,11:55:14.463,ROI,160,160,192,192,14.36,14.96,0.0,26.1,66.83,515.28,210.03,91.32,93.25,0.9276,19.9000,-110.8000,0.0000,0.0000,0.9332,0
2305,11:55:14.495,ROI,160,160,192,192,13.77,14.36,0.0,0.0,69.62,514.41,209.50,87.06,91.70,0.9375,18.8700,-110.4800,0.0000,0.0000,0.9091,0
2306,11:55:14.527,ROI,160,160,192,192,15.61,16.17,0.0,24.175,61.86,514.77,210.75,89.99,92.70,0.9417,19.2100,-110.3500,0.0000,0.0000,0.9108,0
2307,11:55:14.558,ROI,160,160,192,192,13.70,14.36,0.0,27.2,69.63,513.15,212.40,88.07,92.66,0.9311,19.2200,-108.6300,0.0000,0.0000,0.9072,0
2308,11:55:14.590,ROI,160,160,192,192,18.28,18.84,0.0,20.75,53.08,513.19,213.27,90.29,91.56,0.9575,19.7100,-109.5100,0.0000,0.0000,0.9259,0
2309,11:55:14.624,ROI,160,160,192,192,17.16,17.76,0.0,0.0,56.30,512.71,214.44,90.19,92.28,0.9647,19.9400,-108.7700,0.0000,0.0000,0.9293,0
2310,11:55:14.656,ROI,160,160,192,192,18.51,19.07,0.0,0.0,52.43,511.64,215.99,89.28,93.32,0.9447,19.7800,-108.0300,0.0000,0.0000,0.9132,0
2311,11:55:14.687,ROI,160,160,192,192,23.20,23.70,0.0,0.0,42.19,510.28,215.08,86.35,91.42,0.9474,19.2000,-107.0500,0.0000,0.0000,0.8958,0
2312,11:55:14.736,ROI,160,160,192,192,40.56,41.21,15.525,0.0,24.27,509.99,217.72,86.75,94.63,0.9386,19.8700,-106.1300,0.0000,0.0000,0.9096,0
2313,11:55:14.784,ROI,160,160,192,192,32.33,33.30,59.075,11.825,30.03,508.93,219.35,86.42,95.74,0.9434,19.0000,-105.9800,0.0000,0.0000,0.8780,0
2314,11:55:14.824,ROI,160,160,192,192,31.43,31.98,0.0,0.0,31.27,508.14,220.92,86.71,98.47,0.9511,17.3000,-104.2700,0.0000,0.0000,0.8458,0
2315,11:55:14.863,ROI,160,160,224,224,22.87,23.39,57.425,0.0,42.75,507.75,223.02,88.17,98.52,0.9426,17.0800,-103.2500,0.0000,0.0000,0.8511,0
2316,11:55:14.891,ROI,160,160,224,224,15.69,16.18,0.0,0.0,61.81,507.29,223.91,88.56,98.80,0.9722,17.2500,-103.2900,0.0000,0.0000,0.8898,0
2317,11:55:14.912,ROI,160,160,224,224,16.13,16.73,0.0,0.0,59.77,507.21,226.04,89.00,99.69,0.9534,17.3800,-100.7000,0.0000,0.0000,0.8785,0
2318,11:55:14.934,ROI,160,160,224,224,11.45,12.12,0.0,32.25,82.51,506.93,225.43,87.85,99.04,0.9751,18.1500,-101.9500,0.0000,0.0000,0.9181,0
2319,11:55:14.958,ROI,160,160,224,224,12.47,13.07,33.025,29.9,76.50,506.71,227.59,87.21,99.55,0.9505,16.0800,-100.1800,0.0000,0.0000,0.8529,0
2320,11:55:14.992,ROI,160,160,224,224,11.36,11.96,0.0,32.675,83.64,506.22,228.58,86.63,100.07,0.9695,16.8800,-100.7900,0.0000,0.0000,0.8741,0
2321,11:55:15.023,ROI,160,160,224,224,10.86,11.53,0.0,33.875,86.74,505.51,230.16,86.95,99.81,0.9534,17.3400,-98.2800,0.0000,0.0000,0.8656,0
2322,11:55:15.073,ROI,160,160,224,224,34.55,35.12,0.0,11.125,28.47,505.57,230.69,87.30,98.38,0.9818,17.2700,-98.6000,0.0000,0.0000,0.8983,0
2323,11:55:15.113,ROI,160,160,224,224,23.82,24.54,0.0,0.0,40.75,503.96,231.96,84.57,97.09,0.9387,16.7300,-96.5500,0.0000,0.0000,0.8879,0
2324,11:55:15.142,ROI,160,160,224,224,13.89,14.49,0.0,0.0,69.02,504.05,232.79,87.29,98.78,0.9523,15.8100,-94.4500,0.0000,0.0000,0.8503,0
2325,11:55:15.169,ROI,160,160,224,224,11.65,12.24,0.0,0.0,81.67,504.06,233.97,85.78,98.21,0.9595,15.0800,-95.8000,0.0000,0.0000,0.8508,0
2326,11:55:15.198,ROI,160,160,224,224,20.34,20.94,0.0,18.65,47.75,504.31,234.65,85.82,98.60,0.9806,16.1400,-94.1800,0.0000,0.0000,0.9009,0
2327,11:55:15.230,ROI,160,160,224,224,16.95,17.58,0.0,22.225,56.87,504.36,235.53,86.44,99.36,0.9755,17.9200,-93.4400,0.0000,0.0000,0.9148,0
2328,11:55:15.264,ROI,160,160,224,224,15.81,16.44,0.0,0.0,60.83,504.04,236.27,85.08,99.81,0.9698,17.6200,-92.5800,0.0000,0.0000,0.9209,0
2329,11:55:15.295,ROI,160,160,224,224,14.52,15.10,0.0,0.0,66.24,503.68,237.99,85.44,99.30,0.9581,17.6500,-92.1000,0.0000,0.0000,0.9196,0
2330,11:55:15.327,ROI,160,160,224,224,13.53,14.19,0.0,0.0,70.49,504.30,238.75,86.16,98.32,0.9706,17.4500,-93.7800,0.0000,0.0000,0.9106,0
2331,11:55:15.358,ROI,160,160,224,224,11.37,12.01,22.65,0.0,83.24,504.53,239.96,86.27,98.85,0.9706,18.1900,-90.4800,0.0000,0.0000,0.9338,0
2332,11:55:15.390,ROI,160,160,224,224,17.01,17.72,19.6,0.0,56.44,504.07,240.68,83.08,97.47,0.9490,17.0300,-89.7400,0.0000,0.0000,0.9188,0
2333,11:55:15.423,ROI,160,160,224,224,13.32,13.96,0.0,0.0,71.65,504.57,241.83,84.49,96.49,0.9604,17.4000,-91.0900,0.0000,0.0000,0.9176,0
2334,11:55:15.471,ROI,160,160,224,224,16.02,16.64,11.55,0.0,60.09,503.99,243.20,85.40,98.28,0.9591,18.6500,-89.6700,0.0000,0.0000,0.9295,0
2335,11:55:15.503,ROI,160,160,224,224,11.96,12.57,0.0,0.0,79.56,503.74,244.27,84.55,97.90,0.9686,17.3200,-90.5200,0.0000,0.0000,0.9026,0
2336,11:55:15.536,ROI,160,160,224,224,10.07,10.69,19.175,0.0,93.57,503.94,244.38,83.44,97.22,0.9800,17.1800,-88.7600,0.0000,0.0000,0.8980,0
2337,11:55:15.569,ROI,160,160,224,224,10.15,10.78,17.375,0.0,92.73,504.19,245.20,83.29,97.92,0.9773,16.6500,-88.4000,0.0000,0.0000,0.8986,0
2338,11:55:15.598,ROI,160,160,224,224,14.79,15.43,21.175,0.0,64.83,504.49,246.51,85.64,99.22,0.9472,17.3500,-87.0700,0.0000,0.0000,0.8852,0
2339,11:55:15.631,ROI,160,160,224,224,12.68,13.27,0.0,29.45,75.37,504.28,247.46,85.75,98.62,0.9763,17.9300,-88.6000,0.0000,0.0000,0.9081,0
2340,11:55:15.663,ROI,160,160,224,224,15.64,16.12,0.0,24.225,62.02,504.08,249.39,86.39,98.22,0.9544,17.7400,-87.7500,0.0000,0.0000,0.8914,0
2341,11:55:15.696,ROI,160,160,224,224,18.56,19.34,0.0,20.2,51.70,504.00,249.91,86.06,97.94,0.9857,18.0600,-87.5400,0.0000,0.0000,0.9026,0
2342,11:55:15.726,ROI,160,160,224,224,18.83,19.37,0.0,0.0,51.63,504.00,249.91,86.06,97.94,1.0000,18.0600,-87.5400,0.0000,0.0000,0.9026,0
2343,11:55:15.758,ROI,160,160,224,224,13.13,13.77,0.0,28.375,72.61,503.19,250.27,85.11,96.68,0.9686,17.9700,-88.0900,0.0000,0.0000,0.9224,0
2344,11:55:15.807,ROI,160,160,224,224,16.62,17.22,0.0,22.675,58.06,502.33,252.67,82.99,97.78,0.9289,16.9200,-85.8900,0.0000,0.0000,0.8607,0
2345,11:55:15.840,ROI,160,160,224,224,15.21,15.79,0.0,24.75,63.32,503.78,254.74,84.01,97.30,0.9264,17.0300,-85.8700,0.0000,0.0000,0.8975,0
2346,11:55:15.871,ROI,160,160,224,224,17.00,17.63,0.0,22.175,56.74,504.26,254.38,84.39,96.50,0.9806,15.6900,-83.2700,0.0000,0.0000,0.8401,0
2347,11:55:15.905,ROI,160,160,224,224,22.90,23.52,0.0,0.0,42.52,504.18,255.79,83.40,97.06,0.9600,16.8700,-83.5200,0.0000,0.0000,0.8831,0
2348,11:55:15.936,ROI,160,160,224,224,34.46,34.98,51.85,11.175,28.59,504.84,255.88,84.64,97.36,0.9815,16.9400,-83.2300,0.0000,0.0000,0.8861,0
2349,11:55:15.978,ROI,160,160,224,224,32.91,33.53,0.0,11.65,29.82,504.53,257.66,83.57,99.18,0.9525,16.9200,-80.9500,0.0000,0.0000,0.9076,0
2350,11:55:16.019,ROI,160,160,224,224,21.55,22.06,0.0,17.725,45.33,505.04,258.36,85.16,100.27,0.9676,18.4900,-82.2600,0.0000,0.0000,0.9105,0
2351,11:55:16.048,ROI,160,160,224,224,18.56,19.15,64.675,0.0,52.23,506.85,260.24,84.29,103.92,0.9243,17.8700,-79.6500,0.0000,0.0000,0.9222,0
2352,11:55:16.072,ROI,160,160,224,224,11.32,11.99,0.0,32.575,83.42,507.01,262.77,85.22,103.33,0.9422,17.5700,-79.4200,0.0000,0.0000,0.9097,0
2353,11:55:16.095,ROI,160,160,224,224,19.28,19.90,37.35,0.0,50.26,507.53,264.86,83.41,102.77,0.9403,17.8400,-77.9100,0.0000,0.0000,0.9109,0
2354,11:55:16.128,ROI,160,160,224,224,21.15,21.75,28.55,0.0,45.97,507.18,265.02,84.90,101.35,0.9691,17.8800,-79.1900,0.0000,0.0000,0.8971,0
2355,11:55:16.175,ROI,160,160,224,224,24.75,25.36,0.0,0.0,39.44,507.67,266.05,84.32,101.57,0.9688,18.0800,-78.0800,0.0000,0.0000,0.9075,0
2356,11:55:16.209,ROI,160,160,224,224,21.98,22.63,0.0,17.25,44.19,507.95,268.18,87.28,104.27,0.9271,18.0000,-77.8300,0.0000,0.0000,0.8849,0
2357,11:55:16.240,ROI,160,160,224,224,19.29,19.89,46.975,19.625,50.27,508.04,269.74,87.21,103.25,0.9687,18.4900,-77.5400,0.0000,0.0000,0.9023,0
2358,11:55:16.272,ROI,160,160,224,224,23.39,23.99,0.0,16.275,41.68,508.91,270.74,86.41,105.03,0.9617,18.0400,-77.4500,0.0000,0.0000,0.9028,0
2359,11:55:16.303,ROI,160,160,224,224,19.01,19.61,55.875,19.925,50.98,509.85,271.64,86.79,104.47,0.9620,17.7900,-74.9700,0.0000,0.0000,0.9116,0
2360,11:55:16.336,ROI,160,160,224,224,15.30,15.97,0.0,24.45,62.60,509.64,272.58,86.10,103.78,0.9743,17.9400,-76.5200,0.0000,0.0000,0.9205,0
2361,11:55:16.369,ROI,160,160,224,224,13.69,14.31,0.0,0.0,69.89,510.11,272.85,86.94,101.60,0.9688,16.9700,-75.0500,0.0000,0.0000,0.9033,0
2362,11:55:16.398,ROI,160,160,224,224,21.79,22.59,0.0,17.3,44.27,510.66,272.83,85.89,100.28,0.9745,16.9300,-72.6500,0.0000,0.0000,0.8996,0
2363,11:55:16.432,ROI,160,160,224,224,24.41,25.22,0.0,15.5,39.65,511.08,276.28,87.70,102.58,0.9152,17.4800,-72.3500,0.0000,0.0000,0.8873,0
2364,11:55:16.463,ROI,160,160,224,224,25.27,25.90,0.0,0.0,38.61,511.31,278.16,85.64,103.81,0.9423,16.6900,-74.7200,0.0000,0.0000,0.9038,0
2365,11:55:16.495,ROI,160,160,224,224,17.61,18.22,0.0,21.45,54.89,511.31,280.59,88.77,105.14,0.9213,16.8200,-73.8500,0.0000,0.0000,0.9016,0
2366,11:55:16.527,ROI,160,160,224,224,19.27,19.91,0.0,19.625,50.23,511.31,279.87,88.65,104.37,0.9850,17.3400,-73.7000,0.0000,0.0000,0.8913,0
2367,11:55:16.576,ROI,160,160,224,224,22.06,22.66,0.0,0.0,44.14,512.67,280.78,87.78,103.59,0.9532,16.2200,-72.6400,0.0000,0.0000,0.8859,0
2368,11:55:16.607,ROI,160,160,224,224,21.62,22.21,46.8,0.0,45.03,513.55,283.12,89.35,106.19,0.9375,15.9900,-71.3600,0.0000,0.0000,0.8895,0
2369,11:55:16.639,ROI,160,160,224,224,19.08,19.68,0.0,0.0,50.81,515.79,282.80,90.37,102.55,0.9198,17.4900,-69.6900,0.0000,0.0000,0.8937,0
2370,11:55:16.671,ROI,160,160,224,224,16.52,17.13,0.0,0.0,58.37,516.85,284.09,92.43,101.67,0.9532,17.7000,-67.1600,0.0000,0.0000,0.8750,0
2371,11:55:16.703,ROI,160,160,224,224,20.81,21.33,0.0,18.325,46.88,518.17,285.29,92.75,101.61,0.9494,17.9400,-68.9700,0.0000,0.0000,0.9008,0
2372,11:55:16.736,ROI,160,160,224,224,25.17,25.90,32.525,15.075,38.61,518.43,287.38,93.20,101.04,0.9542,16.5400,-67.6000,0.0000,0.0000,0.8845,0
2373,11:55:16.769,ROI,160,160,224,224,19.19,19.81,54.7,0.0,50.49,518.71,287.60,94.36,103.59,0.9634,17.1300,-67.4400,0.0000,0.0000,0.9026,0
2374,11:55:16.798,ROI,160,160,224,224,21.54,22.13,42.55,17.65,45.19,519.85,288.89,95.79,102.12,0.9527,16.8200,-67.4900,0.0000,0.0000,0.8905,0
2375,11:55:16.831,ROI,160,160,224,224,22.04,22.65,0.0,17.25,44.14,520.86,291.56,96.61,104.37,0.9302,16.3900,-65.5400,0.0000,0.0000,0.8539,0
2376,11:55:16.863,ROI,160,160,224,224,12.23,12.82,0.0,0.0,78.00,522.23,292.04,98.08,105.38,0.9631,17.6200,-64.4700,0.0000,0.0000,0.8673,0
2377,11:55:16.911,ROI,160,160,224,224,12.33,12.93,22.175,0.0,77.35,522.95,293.02,97.06,104.06,0.9669,17.1900,-65.1500,0.0000,0.0000,0.8617,0
2378,11:55:16.943,ROI,160,160,224,224,15.51,16.14,20.125,0.0,61.97,524.25,294.02,98.67,103.00,0.9554,16.4300,-62.9100,0.0000,0.0000,0.8390,0
2379,11:55:16.976,ROI,160,160,224,224,16.81,17.45,0.0,22.4,57.32,523.69,293.89,97.59,103.17,0.9861,16.2000,-64.9100,0.0000,0.0000,0.8504,0
2380,11:55:17.006,ROI,160,160,224,224,16.49,17.12,0.0,22.825,58.42,524.41,295.10,98.90,102.41,0.9627,14.9600,-64.1900,0.0000,0.0000,0.8259,0
2381,11:55:17.039,ROI,160,160,224,224,30.63,31.20,0.0,37.575,32.05,526.02,296.13,100.66,103.17,0.9493,15.9300,-63.1400,0.0000,0.0000,0.8318,0
2382,11:55:17.077,ROI,160,160,224,224,23.41,24.33,0.0,16.05,41.10,528.03,298.65,102.41,104.36,0.9164,15.5400,-63.8700,0.0000,0.0000,0.8287,0
2383,11:55:17.109,ROI,160,160,224,224,36.29,36.83,0.0,21.2,27.15,529.22,300.95,104.09,107.73,0.9358,16.1100,-62.2400,0.0000,0.0000,0.8457,0
2384,11:55:17.153,ROI,160,160,224,224,32.75,33.32,0.0,0.0,30.01,529.36,302.55,105.73,107.76,0.9560,15.7800,-62.1900,0.0000,0.0000,0.8533,0
2385,11:55:17.192,ROI,160,160,224,224,23.18,23.69,0.0,33.0,42.22,529.41,302.95,106.89,111.01,0.9602,17.6800,-60.6900,0.0000,0.0000,0.8719,0
2386,11:55:17.222,ROI,160,160,224,224,18.49,19.14,63.85,0.0,52.25,530.32,304.51,107.23,109.02,0.9560,17.0700,-58.8200,0.0000,0.0000,0.8695,0
2387,11:55:17.246,ROI,160,160,224,224,16.27,16.87,0.0,23.15,59.27,531.09,305.16,107.84,108.53,0.9739,16.7400,-55.7500,0.0000,0.0000,0.8330,0
2388,11:55:17.278,ROI,160,160,224,224,11.24,11.92,25.65,0.0,83.91,531.92,306.19,108.15,109.00,0.9664,16.5700,-50.9700,0.0000,0.0000,0.8682,0
2389,11:55:17.311,ROI,160,160,224,224,11.80,12.52,0.0,0.0,79.88,532.51,307.27,108.54,108.54,0.9698,16.4500,-49.8600,0.0000,0.0000,0.8658,0
2390,11:55:17.343,ROI,160,160,224,224,11.90,12.53,0.0,0.0,79.78,533.23,309.35,110.38,108.77,0.9468,16.0800,-48.4900,0.0000,0.0000,0.8532,0
2391,11:55:17.376,ROI,160,160,224,224,16.24,16.84,0.0,0.0,59.38,533.46,308.83,110.87,108.64,0.9861,18.0200,-48.6900,0.0000,0.0000,0.8882,0
2392,11:55:17.407,ROI,160,160,224,224,13.38,14.08,26.2,0.0,71.03,535.32,310.97,110.75,107.07,0.9300,15.6200,-46.2800,0.0000,0.0000,0.8443,0
2393,11:55:17.440,ROI,160,160,224,224,14.30,14.96,20.65,0.0,66.84,535.17,310.95,111.16,108.02,0.9876,17.0500,-47.9600,0.0000,0.0000,0.8676,0
2394,11:55:17.471,ROI,160,160,224,224,13.65,14.35,25.175,0.0,69.69,536.90,312.37,111.73,108.43,0.9447,16.4800,-44.8300,0.0000,0.0000,0.8593,0
2395,11:55:17.504,ROI,160,160,224,224,12.66,13.72,0.0,28.45,72.88,537.96,313.33,111.38,107.37,0.9640,16.7200,-40.8500,0.0000,0.0000,0.8737,0
2396,11:55:17.536,ROI,160,160,224,224,13.35,14.00,0.0,0.0,71.44,539.72,314.96,113.75,108.23,0.9408,16.1600,-42.4800,0.0000,0.0000,0.8519,0
2397,11:55:17.569,ROI,160,160,256,256,16.62,17.29,19.9,0.0,57.84,540.41,314.64,115.63,106.26,0.9660,17.2800,-40.9500,0.0000,0.0000,0.8208,0
2398,11:55:17.598,ROI,160,160,256,256,17.25,17.82,32.975,0.0,56.12,540.99,314.83,114.37,105.84,0.9852,17.8600,-39.5800,0.0000,0.0000,0.8426,0
2399,11:55:17.647,ROI,160,160,256,256,16.37,17.01,0.0,22.975,58.79,541.68,316.88,114.43,105.20,0.9506,18.0000,-39.2000,0.0000,0.0000,0.8352,0
2400,11:55:17.680,ROI,160,160,256,256,15.83,16.47,24.825,23.725,60.72,543.48,318.02,116.50,107.28,0.9489,17.9900,-40.0700,0.0000,0.0000,0.8365,0
2401,11:55:17.710,ROI,160,160,256,256,15.90,16.49,0.0,23.7,60.65,544.46,317.74,116.13,102.10,0.9361,18.3900,-34.7900,0.0000,0.0000,0.8277,0
2402,11:55:17.745,ROI,160,160,256,256,14.69,15.25,0.0,25.625,65.57,546.62,321.03,118.05,106.46,0.9054,18.4500,-36.8400,0.0000,0.0000,0.8203,0
2403,11:55:17.775,ROI,160,160,256,256,13.43,14.38,0.0,27.15,69.55,546.02,320.18,118.74,105.06,0.9742,18.0200,-32.5500,0.0000,0.0000,0.8356,0
2404,11:55:17.807,ROI,160,160,256,256,13.52,14.20,0.0,27.5,70.41,548.29,322.32,121.12,105.90,0.9252,18.2100,-33.2400,0.0000,0.0000,0.8329,0
2405,11:55:17.840,ROI,160,160,256,256,14.93,15.55,0.0,25.125,64.29,549.86,324.32,123.47,108.11,0.9392,16.9800,-31.9600,0.0000,0.0000,0.7931,0
2406,11:55:17.871,ROI,160,160,256,256,15.14,15.81,0.0,24.7,63.25,550.84,324.51,123.33,106.29,0.9677,15.9300,-29.6400,0.0000,0.0000,0.7940,0
2407,11:55:17.896,ROI,160,160,256,256,28.83,29.40,0.0,39.85,34.01,550.58,325.36,122.56,107.14,0.9782,16.5800,-30.0800,0.0000,0.0000,0.8181,0
2408,11:55:17.936,ROI,160,160,256,256,23.04,23.59,0.0,0.0,42.38,552.58,327.53,123.44,108.56,0.9304,16.9100,-31.9700,0.0000,0.0000,0.7994,0
2409,11:55:17.967,ROI,160,160,256,256,30.05,30.77,0.0,38.1,32.50,553.42,328.90,124.54,111.01,0.9621,16.4700,-31.2700,0.0000,0.0000,0.8118,0
2410,11:55:18.016,ROI,160,160,256,256,19.19,19.80,43.65,19.725,50.50,554.39,330.16,125.14,111.98,0.9628,16.2700,-30.4300,0.0000,0.0000,0.8229,0
2411,11:55:18.048,ROI,160,160,256,256,16.89,17.53,31.875,0.0,57.06,556.05,332.03,125.63,112.38,0.9424,16.2100,-31.3300,0.0000,0.0000,0.8124,0
2412,11:55:18.078,ROI,160,160,256,256,14.54,15.31,31.025,25.5,65.32,556.24,332.38,122.83,108.82,0.9467,16.9900,-31.3300,0.0000,0.0000,0.8312,0
2413,11:55:18.112,ROI,160,160,256,256,16.87,17.52,0.0,0.0,57.07,558.08,332.22,124.02,107.17,0.9562,17.5800,-29.5600,0.0000,0.0000,0.8285,0
2414,11:55:18.143,ROI,160,160,256,256,14.25,14.93,0.0,0.0,66.97,559.33,333.50,125.60,109.49,0.9574,16.5900,-29.4200,0.0000,0.0000,0.8224,0
2415,11:55:18.176,ROI,160,160,256,256,14.87,15.50,0.0,0.0,64.51,560.22,333.27,126.98,111.70,0.9666,16.5500,-29.2500,0.0000,0.0000,0.8367,0
2416,11:55:18.209,ROI,160,160,256,256,27.70,28.32,0.0,27.6,35.31,561.86,333.75,129.49,111.49,0.9665,15.7500,-27.8300,0.0000,0.0000,0.8305,0
2417,11:55:18.244,ROI,160,160,288,288,20.48,21.07,0.0,18.525,47.45,561.61,333.27,126.16,110.29,0.9638,17.1600,-30.0100,0.0000,0.0000,0.8578,0
2418,11:55:18.272,ROI,160,160,256,256,23.37,24.03,0.0,16.25,41.61,564.50,335.32,130.54,111.07,0.9218,16.0900,-28.0700,0.0000,0.0000,0.8552,0
2419,11:55:18.304,ROI,160,160,288,288,31.55,32.17,0.0,24.275,31.08,565.13,336.04,131.13,110.36,0.9776,15.7400,-28.4600,0.0000,0.0000,0.7896,0
2420,11:55:18.343,ROI,160,160,288,288,22.00,22.63,54.9,0.0,44.18,568.76,336.41,133.04,107.89,0.9261,16.7200,-26.9600,0.0000,0.0000,0.8473,0
2421,11:55:18.373,ROI,160,160,288,288,12.65,13.18,0.0,0.0,75.85,568.25,335.75,133.51,106.72,0.9802,15.8000,-26.9900,0.0000,0.0000,0.7652,0
2422,11:55:18.416,ROI,160,160,288,288,16.42,17.03,0.0,22.95,58.73,569.64,336.44,132.82,103.81,0.9528,16.2000,-27.6700,0.0000,0.0000,0.8064,0
2423,11:55:18.447,ROI,160,160,288,288,12.23,12.80,0.0,30.525,78.11,571.12,337.17,134.96,105.79,0.9598,16.3500,-26.9900,0.0000,0.0000,0.7965,0
2424,11:55:18.480,ROI,160,160,288,288,12.43,13.08,0.0,0.0,76.45,573.92,337.74,134.42,104.62,0.9490,16.1500,-26.2800,0.0000,0.0000,0.7831,0
2425,11:55:18.510,ROI,160,160,288,288,11.14,11.78,0.0,0.0,84.92,575.88,337.45,134.50,103.07,0.9570,16.2500,-25.6300,0.0000,0.0000,0.8012,0
2426,11:55:18.543,ROI,160,160,288,288,13.28,13.96,0.0,27.975,71.62,576.82,338.35,134.26,102.35,0.9691,16.6700,-26.4900,0.0000,0.0000,0.8167,0
2427,11:55:18.576,ROI,160,160,288,288,15.20,15.86,0.0,24.625,63.04,578.81,339.17,135.25,100.75,0.9556,15.7700,-23.2200,0.0000,0.0000,0.8468,0
2428,11:55:18.607,ROI,160,160,288,288,14.48,15.05,0.0,25.95,66.43,579.58,339.56,134.71,101.74,0.9790,15.9500,-24.5500,0.0000,0.0000,0.8340,0
2429,11:55:18.627,ROI,160,160,288,288,19.02,19.67,0.0,0.0,50.83,579.14,338.55,133.60,100.94,0.9722,15.7500,-23.9000,0.0000,0.0000,0.8181,0
2430,11:55:18.652,ROI,160,160,288,288,16.42,17.13,0.0,22.8,58.37,580.57,340.86,133.78,100.53,0.9355,16.8400,-21.6300,0.0000,0.0000,0.8462,0
2431,11:55:18.675,ROI,160,160,288,288,17.88,18.51,69.175,0.0,54.02,582.18,340.11,136.49,98.06,0.9530,16.9500,-20.7900,0.0000,0.0000,0.8677,0
2432,11:55:18.751,ROI,160,160,288,288,19.64,20.17,0.0,19.375,49.58,585.58,341.96,136.19,95.96,0.9164,17.8600,-20.1700,0.0000,0.0000,0.9017,0
2433,11:55:18.785,ROI,160,160,288,288,17.88,18.89,0.0,20.675,52.94,587.59,343.72,134.69,95.47,0.9362,17.0800,-18.5000,0.0000,0.0000,0.8894,0
2434,11:55:18.816,ROI,160,160,288,288,23.91,25.64,30.725,0.0,39.00,587.63,343.68,134.14,94.05,0.9810,16.8400,-18.4400,0.0000,0.0000,0.8673,0
2435,11:55:18.849,ROI,160,160,288,288,26.81,27.56,57.425,14.175,36.29,589.83,344.03,134.69,92.63,0.9535,17.1900,-18.2000,0.0000,0.0000,0.8767,0
2436,11:55:18.882,ROI,160,160,288,288,20.88,21.97,0.0,17.775,45.52,591.41,343.66,135.68,90.54,0.9551,16.6800,-18.2800,0.0000,0.0000,0.8757,0
2437,11:55:18.911,ROI,160,160,288,288,24.25,25.35,0.0,0.0,39.44,593.75,346.15,135.49,94.55,0.9162,16.2100,-17.6600,0.0000,0.0000,0.8704,0
2438,11:55:18.943,ROI,160,160,288,288,16.35,17.03,0.0,0.0,58.73,594.60,345.26,134.53,93.38,0.9691,16.2300,-17.2000,0.0000,0.0000,0.8776,0
2439,11:55:18.975,ROI,160,160,288,288,20.94,21.58,0.0,0.0,46.34,596.14,346.84,135.85,94.61,0.9456,16.2700,-17.0100,0.0000,0.0000,0.8725,0
2440,11:55:19.003,ROI,160,160,288,288,21.17,21.79,0.0,0.0,45.90,595.95,346.32,136.24,93.38,0.9842,15.0800,-17.1000,2.1500,-15.3600,0.8666,0
2441,11:55:19.031,ROI,160,160,288,288,24.82,25.51,0.0,15.325,39.20,596.21,345.48,135.13,93.08,0.9740,15.5200,-16.8700,2.3600,-14.4700,0.8761,0
2442,11:55:19.061,ROI,160,160,288,288,24.60,25.25,0.0,0.0,39.61,598.21,347.12,136.31,93.44,0.9376,15.9300,-16.1700,0.0000,0.0000,0.8701,0
2443,11:55:19.091,ROI,160,160,288,288,20.42,21.07,0.0,37.075,47.45,599.08,347.59,135.05,92.97,0.9774,15.3400,-15.7500,0.0000,0.0000,0.8889,0
2444,11:55:19.150,ROI,160,160,288,288,19.98,20.65,0.0,19.05,48.43,602.76,348.42,135.34,93.85,0.9308,15.3000,-14.2600,0.0000,0.0000,0.8590,0
2445,11:55:19.182,ROI,160,160,288,288,22.59,23.54,68.4,0.0,42.48,605.44,348.86,133.87,93.53,0.9521,14.3000,-12.6600,2.7900,-9.2500,0.8356,0
2446,11:55:19.215,ROI,160,160,288,288,30.17,30.63,0.0,12.775,32.65,605.25,349.57,137.27,95.44,0.9557,14.6600,-13.0200,0.0000,0.0000,0.8591,0
2447,11:55:19.252,ROI,160,160,288,288,30.00,30.63,0.0,0.0,32.65,607.75,349.77,134.93,94.93,0.9589,15.4100,-13.2400,2.0700,-1.4400,0.8818,0
2448,11:55:19.288,ROI,160,160,288,288,24.87,25.57,0.0,15.275,39.11,609.70,350.87,133.99,95.13,0.9496,15.4100,-13.4100,2.8300,-3.1000,0.8674,0
2449,11:55:19.320,ROI,160,160,288,288,24.82,25.46,0.0,0.0,39.27,612.08,350.97,133.74,95.42,0.9622,15.3100,-12.9400,0.0000,0.0000,0.8719,0
2450,11:55:19.351,ROI,160,160,288,288,25.90,26.74,0.0,14.6,37.39,614.45,351.46,132.91,95.85,0.9555,16.0500,-13.1900,0.0000,0.0000,0.8680,0
2451,11:55:19.385,ROI,160,160,288,288,24.87,25.53,0.0,61.225,39.17,613.68,349.87,135.25,94.64,0.9508,15.9300,-12.2000,2.5500,-2.2800,0.8940,0
2452,11:55:19.419,ROI,160,160,288,288,30.61,31.36,0.0,12.45,31.89,615.92,350.75,132.75,95.36,0.9497,16.1000,-11.3400,0.0000,0.0000,0.8575,0
2453,11:55:19.458,ROI,160,160,288,288,25.08,26.44,53.225,0.0,37.81,615.61,351.46,131.63,95.29,0.9769,16.5700,-13.2300,0.0000,0.0000,0.8669,0
2454,11:55:19.492,ROI,160,160,288,288,32.54,33.16,0.0,11.775,30.16,618.89,352.31,133.04,96.53,0.9352,15.8400,-11.2800,0.0000,0.0000,0.8554,0
2455,11:55:19.532,ROI,160,160,288,288,23.08,23.62,0.0,16.55,42.33,620.86,352.36,134.68,98.84,0.9485,16.1700,-6.2800,0.0000,0.0000,0.8582,0
2456,11:55:19.561,ROI,160,160,288,288,15.16,15.86,0.0,0.0,63.04,625.90,352.81,134.05,97.94,0.9195,15.8800,-9.7300,0.0000,0.0000,0.8509,0
2457,11:55:19.583,ROI,160,160,288,288,18.59,19.30,0.0,20.25,51.81,627.30,353.58,134.46,98.86,0.9642,15.7800,-9.4800,0.0000,0.0000,0.8164,0
2458,11:55:19.615,ROI,160,160,288,288,14.95,15.65,0.0,24.975,63.91,627.16,353.99,133.81,98.62,0.9870,15.6800,-9.2000,0.0000,0.0000,0.8195,0
2459,11:55:19.647,ROI,160,160,288,288,15.71,16.43,0.0,23.775,60.88,629.92,354.28,133.34,100.01,0.9466,15.3500,-6.7900,0.0000,0.0000,0.8227,0
2460,11:55:19.678,ROI,160,160,288,288,14.57,15.30,0.0,25.525,65.37,632.10,353.64,134.84,100.60,0.9559,16.3100,-5.3800,0.0000,0.0000,0.8806,0
2461,11:55:19.713,ROI,160,160,288,288,15.23,15.90,0.0,24.575,62.88,633.85,354.94,135.11,100.82,0.9497,16.6400,-7.7600,0.0000,0.0000,0.8385,0
2462,11:55:19.734,ROI,160,160,288,288,17.74,18.44,76.325,0.0,54.23,633.61,354.11,134.39,101.57,0.9784,16.3600,-8.6700,0.0000,0.0000,0.8392,0
2463,11:55:19.757,ROI,160,160,288,288,21.49,22.18,0.0,17.625,45.09,636.49,353.93,135.22,101.48,0.9548,16.8000,-5.1500,0.0000,0.0000,0.8950,0
2464,11:55:19.786,ROI,160,160,288,288,15.37,16.12,0.0,24.225,62.04,637.40,354.85,135.40,101.29,0.9689,17.6300,-1.6300,0.0000,0.0000,0.9149,0
2465,11:55:19.808,ROI,160,160,288,288,16.87,17.53,0.0,22.275,57.04,637.99,355.04,131.76,99.25,0.9536,17.1400,-4.9700,0.0000,0.0000,0.9004,0
2466,11:55:19.856,ROI,160,160,288,288,16.19,16.86,0.0,23.175,59.30,639.93,355.38,133.06,98.46,0.9635,17.2800,-5.1300,0.0000,0.0000,0.9009,0
2467,11:55:19.887,ROI,160,160,288,288,15.44,16.12,0.0,24.25,62.04,642.62,356.26,133.87,99.58,0.9439,17.1500,-5.2900,0.0000,0.0000,0.8944,0
2468,11:55:19.953,ROI,160,160,288,288,15.24,15.91,0.0,0.0,62.85,647.00,353.93,134.95,97.09,0.8948,17.0700,-4.9000,0.0000,0.0000,0.8848,0
2469,11:55:19.985,ROI,160,160,288,288,17.43,18.15,0.0,21.525,55.11,648.71,355.75,132.95,96.84,0.9393,18.0100,-3.1400,0.0000,0.0000,0.8880,0
2470,11:55:20.016,ROI,160,160,288,288,13.85,15.15,0.0,0.0,65.99,647.66,354.93,134.23,96.95,0.9679,17.3600,-4.5900,0.0000,0.0000,0.8869,0
2471,11:55:20.048,ROI,160,160,288,288,14.49,15.14,22.775,0.0,66.07,653.44,356.18,135.31,96.26,0.8952,17.3500,-2.1400,0.0000,0.0000,0.8726,0
2472,11:55:20.069,ROI,160,160,288,288,12.60,13.23,0.0,0.0,75.59,652.06,355.08,133.61,95.00,0.9576,17.6600,-5.5800,0.0000,0.0000,0.8656,0
2473,11:55:20.110,ROI,160,160,288,288,15.36,16.00,0.0,0.0,62.48,655.85,356.24,134.30,94.45,0.9228,18.4100,-1.3100,0.0000,0.0000,0.8782,0
2474,11:55:20.131,ROI,160,160,288,288,15.00,15.63,0.0,0.0,63.97,656.53,354.81,135.50,96.57,0.9608,18.7800,0.6000,0.0000,0.0000,0.9039,0
2475,11:55:20.152,ROI,160,160,288,288,12.57,13.20,0.0,29.6,75.73,658.83,355.21,135.86,97.25,0.9590,16.7100,0.5200,0.0000,0.0000,0.8551,0
2476,11:55:20.176,ROI,160,160,288,288,15.02,15.72,0.0,0.0,63.60,661.33,356.10,134.59,95.36,0.9452,17.7000,1.2600,0.0000,0.0000,0.8415,0
2477,11:55:20.208,ROI,160,160,288,288,14.33,14.99,0.0,0.0,66.70,660.91,355.82,136.62,96.34,0.9752,17.9600,2.9100,0.0000,0.0000,0.8434,0
2478,11:55:20.256,ROI,160,160,288,288,14.71,15.21,0.0,0.0,65.72,663.15,355.72,135.16,95.00,0.9543,18.6300,5.8000,0.0000,0.0000,0.8332,0
2479,11:55:20.287,ROI,160,160,288,288,11.94,12.90,0.0,30.275,77.52,665.07,355.07,136.85,94.18,0.9592,18.5000,8.1500,0.0000,0.0000,0.8786,0
2480,11:55:20.350,ROI,160,160,288,288,10.44,11.17,0.0,35.05,89.54,669.95,354.60,137.92,92.09,0.9115,16.6300,9.9100,0.0000,0.0000,0.8515,0
2481,11:55:20.384,ROI,160,160,288,288,15.73,16.48,0.0,0.0,60.70,671.03,354.58,136.49,94.37,0.9608,17.6400,11.2500,0.0000,0.0000,0.8963,0
2482,11:55:20.415,ROI,160,160,288,288,12.93,13.58,0.0,0.0,73.62,671.95,353.50,137.38,92.81,0.9643,16.9800,12.4000,0.0000,0.0000,0.8957,0
2483,11:55:20.448,ROI,160,160,288,288,13.33,13.95,0.0,0.0,71.68,672.12,354.69,136.82,92.23,0.9706,16.8400,11.9500,0.0000,0.0000,0.8934,0
2484,11:55:20.469,ROI,160,160,288,288,16.78,17.45,0.0,0.0,57.32,671.66,353.57,137.50,92.34,0.9695,16.8200,12.8500,0.0000,0.0000,0.9049,0
2485,11:55:20.494,ROI,160,160,288,288,16.83,17.46,0.0,0.0,57.26,675.57,353.70,135.65,93.19,0.9360,16.8100,12.6500,0.0000,0.0000,0.8865,0
2486,11:55:20.517,ROI,160,160,288,288,14.36,15.35,71.075,0.0,65.14,675.67,353.59,134.46,93.64,0.9865,17.0400,11.4300,0.0000,0.0000,0.9100,0
2487,11:55:20.543,ROI,160,160,288,288,21.59,22.25,0.0,0.0,44.94,678.22,353.58,135.14,92.65,0.9528,17.5400,11.6300,0.0000,0.0000,0.9037,0
2488,11:55:20.591,ROI,160,160,288,288,34.96,35.52,0.0,22.0,28.15,676.52,351.47,137.00,93.08,0.9326,16.9300,15.0600,0.0000,0.0000,0.9196,0
2489,11:55:20.635,ROI,160,160,288,288,26.72,27.61,48.575,28.3,36.22,681.78,353.36,139.68,96.80,0.8916,17.4400,14.4700,0.0000,0.0000,0.9379,0
2490,11:55:20.670,ROI,160,160,288,288,24.59,25.59,0.0,45.775,39.08,679.54,352.41,135.47,93.83,0.9383,17.2600,15.7800,0.0000,0.0000,0.9203,0
2491,11:55:20.703,ROI,160,160,288,288,27.90,28.92,48.6,0.0,34.58,682.91,353.01,140.98,96.61,0.9253,17.0500,15.3300,0.0000,0.0000,0.9236,0
2492,11:55:20.752,ROI,160,160,288,288,27.00,27.61,19.875,0.0,36.22,687.35,351.24,138.01,95.22,0.9051,16.8100,17.4800,0.0000,0.0000,0.9172,0
2493,11:55:20.788,ROI,160,160,288,288,24.07,24.69,0.0,0.0,40.50,688.91,349.70,137.45,94.70,0.9469,16.1000,17.8300,0.0000,0.0000,0.9166,0
2494,11:55:20.819,ROI,160,160,288,288,20.17,20.74,0.0,0.0,48.21,691.31,350.33,138.40,99.56,0.9192,16.8300,20.5500,0.0000,0.0000,0.9216,0
2495,11:55:20.845,ROI,160,160,288,288,14.88,15.55,72.725,0.0,64.32,691.81,350.97,136.78,97.94,0.9722,15.6600,19.2100,0.0000,0.0000,0.9010,0
2496,11:55:20.866,ROI,160,160,288,288,19.56,20.20,0.0,0.0,49.51,691.81,350.97,136.78,97.94,1.0000,15.6600,19.2100,0.0000,0.0000,0.9010,0
2497,11:55:20.891,ROI,160,160,288,288,19.93,20.57,0.0,19.0,48.62,693.75,349.93,140.26,99.18,0.9521,15.4200,18.4700,0.0000,0.0000,0.9201,0
2498,11:55:20.917,ROI,160,160,288,288,18.86,19.82,0.0,0.0,50.46,696.08,348.75,138.47,98.77,0.9447,15.5600,20.1000,0.0000,0.0000,0.9247,0
2499,11:55:20.943,ROI,160,160,288,288,15.58,16.21,0.0,0.0,61.68,697.84,347.48,134.05,97.81,0.9436,15.8000,21.7800,0.0000,0.0000,0.9173,0
2500,11:55:20.992,ROI,160,160,288,288,14.03,14.68,0.0,0.0,68.13,699.09,346.59,132.64,100.60,0.9546,16.1900,21.9100,0.0000,0.0000,0.9166,0
2501,11:55:21.023,ROI,160,160,288,288,13.82,14.49,0.0,26.95,69.02,700.80,345.95,130.91,100.04,0.9621,16.0900,22.4500,0.0000,0.0000,0.9131,0
2502,11:55:21.055,ROI,160,160,288,288,10.03,10.68,0.0,36.6,93.67,700.04,347.50,134.77,102.83,0.9421,14.9400,22.2700,0.0000,0.0000,0.8820,0
2503,11:55:21.088,ROI,160,160,288,288,12.27,13.00,0.0,30.05,76.95,702.54,345.22,132.52,97.70,0.9157,15.3600,21.5700,0.0000,0.0000,0.9069,0
2504,11:55:21.152,ROI,160,160,288,288,9.79,10.48,0.0,37.275,95.38,703.93,346.08,130.66,104.06,0.9203,15.8100,25.0700,0.0000,0.0000,0.8796,0
2505,11:55:21.183,ROI,160,160,288,288,14.28,15.10,0.0,0.0,66.22,706.04,342.06,133.34,104.09,0.8974,14.9600,25.1200,0.0000,0.0000,0.8880,0
2506,11:55:21.204,ROI,160,160,288,288,19.87,20.52,0.0,0.0,48.74,706.25,344.63,133.45,105.12,0.9491,15.0200,27.9200,0.0000,0.0000,0.8847,0
2507,11:55:21.230,ROI,160,160,288,288,24.13,24.74,0.0,15.8,40.42,708.09,341.89,128.79,100.39,0.9152,14.8900,25.7500,0.0000,0.0000,0.8847,0
2508,11:55:21.260,ROI,160,160,288,288,13.78,14.44,0.0,0.0,69.23,707.66,344.15,132.17,105.46,0.9275,15.3400,28.4800,0.0000,0.0000,0.8845,0
2509,11:55:21.280,ROI,160,160,288,288,17.49,18.11,0.0,0.0,55.22,709.63,340.85,131.24,103.48,0.9119,15.5900,27.8000,0.0000,0.0000,0.8981,0
2510,11:55:21.326,ROI,160,160,288,288,15.70,16.33,0.0,23.925,61.23,712.62,341.51,132.93,103.54,0.9438,15.3100,30.6800,0.0000,0.0000,0.8958,0
2511,11:55:21.358,ROI,160,160,288,288,16.91,17.52,0.0,0.0,57.08,713.17,340.01,129.31,101.43,0.9448,14.9700,31.4900,0.0000,0.0000,0.8687,0
2512,11:55:21.391,ROI,160,160,288,288,15.10,15.74,25.45,0.0,63.52,714.60,339.05,129.38,103.07,0.9600,14.4100,32.4900,0.0000,0.0000,0.8632,0
2513,11:55:21.423,ROI,160,160,288,288,14.06,14.68,0.0,0.0,68.11,716.54,338.44,129.17,100.10,0.9429,14.1400,31.6500,0.0000,0.0000,0.8697,0
2514,11:55:21.455,ROI,160,160,288,288,10.05,10.69,22.075,0.0,93.57,717.75,338.81,130.99,102.46,0.9591,14.8400,32.0700,0.0000,0.0000,0.8659,0
2515,11:55:21.487,ROI,160,160,288,288,10.48,11.06,18.725,0.0,90.41,719.16,337.96,129.71,101.54,0.9626,13.9500,32.0000,0.0000,0.0000,0.8636,0
2516,11:55:21.553,ROI,160,160,288,288,9.89,10.50,0.0,0.0,95.23,721.39,336.12,129.60,101.23,0.9321,14.1700,29.0400,0.0000,0.0000,0.8775,0
2517,11:55:21.570,ROI,160,160,288,288,9.98,10.74,62.175,0.0,93.12,722.33,335.73,130.72,100.37,0.9774,13.8400,32.1200,0.0000,0.0000,0.8462,0
2518,11:55:21.587,ROI,160,160,288,288,11.13,11.74,0.0,33.275,85.14,722.81,335.05,127.60,99.97,0.9632,14.4000,35.0700,0.0000,0.0000,0.8375,0
2519,11:55:21.614,ROI,160,160,256,256,11.36,11.95,0.0,32.7,83.70,726.74,332.58,130.69,101.71,0.8971,13.1400,35.3500,0.0000,0.0000,0.8039,0
2520,11:55:21.646,ROI,160,160,288,288,15.98,16.60,0.0,23.525,60.23,724.11,333.69,126.68,103.34,0.9401,14.2100,36.0700,0.0000,0.0000,0.7767,0
2521,11:55:21.695,ROI,160,160,256,256,10.34,10.94,0.0,35.725,91.43,727.50,330.62,129.52,102.96,0.8948,13.4900,36.2900,0.0000,0.0000,0.7978,0
2522,11:55:21.727,ROI,160,160,288,288,13.70,14.35,0.0,27.225,69.70,726.05,331.31,125.64,102.24,0.9570,14.3800,35.7200,0.0000,0.0000,0.8055,0
2523,11:55:21.758,ROI,160,160,256,256,11.05,11.69,0.0,33.425,85.52,731.39,330.01,128.29,103.28,0.8969,13.0900,37.4700,0.0000,0.0000,0.7516,0
2524,11:55:21.791,ROI,160,160,288,288,13.00,13.60,0.0,28.725,73.55,730.14,329.32,126.99,105.86,0.9570,13.8400,39.4900,0.0000,0.0000,0.7123,0
2525,11:55:21.824,ROI,160,160,256,256,11.32,11.95,0.0,32.675,83.66,732.98,326.94,124.37,103.58,0.9140,14.1800,38.7300,0.0000,0.0000,0.7603,0
2526,11:55:21.856,ROI,160,160,256,256,19.25,19.84,0.0,19.7,50.40,731.78,328.45,124.34,100.21,0.9492,13.8700,36.8500,0.0000,0.0000,0.7021,0
2527,11:55:21.889,ROI,160,160,256,256,19.59,20.18,0.0,19.35,49.54,734.73,326.58,121.50,102.32,0.9195,13.5800,39.2300,0.0000,0.0000,0.7546,0
2528,11:55:21.952,ROI,160,160,256,256,23.16,23.74,0.0,16.45,42.12,737.15,325.52,119.52,101.55,0.9412,14.3100,40.4800,0.0000,0.0000,0.7473,0
2529,11:55:21.984,ROI,160,160,256,256,13.30,13.88,0.0,0.0,72.04,735.56,325.27,117.09,103.23,0.9580,14.2400,41.3300,0.0000,0.0000,0.7401,0
2530,11:55:22.004,ROI,160,160,256,256,12.13,12.80,0.0,0.0,78.15,740.09,324.87,122.34,102.48,0.9203,14.4900,40.2500,0.0000,0.0000,0.7874,0
2531,11:55:22.022,ROI,160,160,256,256,10.29,10.89,0.0,0.0,91.79,740.02,323.89,116.30,100.18,0.9293,14.1200,42.4200,0.0000,0.0000,0.7587,0
2532,11:55:22.048,ROI,160,160,256,256,12.71,13.32,25.85,0.0,75.05,739.26,323.40,121.17,101.07,0.9506,13.5300,41.2000,0.0000,0.0000,0.7185,0
2533,11:55:22.095,ROI,160,160,256,256,11.16,11.82,11.575,33.05,84.64,743.45,322.22,122.43,102.37,0.9127,14.8300,41.7000,0.0000,0.0000,0.7995,0
2534,11:55:22.128,ROI,160,160,256,256,10.68,11.29,18.55,0.0,88.60,743.53,320.18,119.60,101.52,0.9389,14.0000,42.3400,0.0000,0.0000,0.7741,0
2535,11:55:22.158,ROI,160,160,256,256,13.48,14.18,21.025,0.0,70.54,744.01,319.14,116.94,101.94,0.9583,14.9700,45.3000,0.0000,0.0000,0.7969,0
2536,11:55:22.191,ROI,160,160,256,256,11.36,11.96,0.0,0.0,83.58,745.10,318.30,113.09,101.60,0.9514,16.1700,47.1600,0.0000,0.0000,0.8270,0
2537,11:55:22.224,ROI,160,160,256,256,19.06,19.72,0.0,0.0,50.72,746.87,317.65,114.30,101.22,0.9573,16.4000,46.0200,0.0000,0.0000,0.8485,0
2538,11:55:22.256,ROI,160,160,256,256,14.90,15.52,0.0,0.0,64.44,746.98,316.57,109.82,103.04,0.9414,17.1700,50.3400,0.0000,0.0000,0.8544,0
2539,11:55:22.288,ROI,160,160,224,224,14.29,14.77,0.0,0.0,67.69,746.14,315.90,105.29,99.86,0.9292,17.3200,52.0800,0.0000,0.0000,0.8389,0
2540,11:55:22.319,ROI,160,160,224,224,13.00,13.47,24.525,0.0,74.23,748.46,314.29,108.47,99.36,0.9276,16.3800,48.7800,0.0000,0.0000,0.8525,0
2541,11:55:22.351,ROI,160,160,224,224,13.32,13.89,0.0,28.15,72.02,749.08,313.29,108.65,100.30,0.9692,16.4200,51.0700,0.0000,0.0000,0.8388,0
2542,11:55:22.383,ROI,160,160,224,224,12.04,12.69,0.0,30.775,78.78,749.39,312.22,103.73,97.85,0.9313,16.2400,52.8300,0.0000,0.0000,0.8086,0
2543,11:55:22.431,ROI,160,160,224,224,12.63,13.58,0.0,28.775,73.66,750.01,310.74,101.18,98.10,0.9469,16.0300,55.5800,0.0000,0.0000,0.8330,0
2544,11:55:22.463,ROI,160,160,224,224,21.32,21.93,0.0,17.8,45.59,751.04,309.36,100.31,99.11,0.9530,15.6900,58.0700,0.0000,0.0000,0.8211,0
2545,11:55:22.495,ROI,160,160,224,224,25.69,26.24,0.0,14.9,38.11,752.09,309.03,101.42,98.90,0.9729,15.4100,56.8600,0.0000,0.0000,0.8311,0
2546,11:55:22.527,ROI,160,160,224,224,13.77,14.22,0.0,27.475,70.33,752.59,308.73,99.64,99.99,0.9719,16.7700,58.2800,0.0000,0.0000,0.8476,0
2547,11:55:22.560,ROI,160,160,224,224,11.92,12.45,20.7,0.0,80.35,753.34,308.28,97.17,99.47,0.9665,15.9500,61.6300,0.0000,0.0000,0.8422,0
2548,11:55:22.590,ROI,160,160,224,224,14.48,15.17,0.0,25.75,65.91,754.57,307.36,96.85,101.21,0.9575,15.5400,62.7000,0.0000,0.0000,0.8273,0
2549,11:55:22.623,ROI,160,160,224,224,12.80,13.78,21.725,0.0,72.57,755.41,306.58,96.85,102.61,0.9680,15.8600,63.0500,0.0000,0.0000,0.8245,0
2550,11:55:22.656,ROI,160,160,224,224,12.05,12.68,0.0,0.0,78.86,756.55,305.08,97.06,103.85,0.9490,16.0500,63.9400,0.0000,0.0000,0.8344,0
2551,11:55:22.689,ROI,160,160,224,224,10.51,11.33,18.925,0.0,88.25,756.18,305.46,99.58,103.03,0.9671,16.3500,62.3900,0.0000,0.0000,0.8444,0
2552,11:55:22.719,ROI,160,160,224,224,10.64,11.33,42.85,0.0,88.24,756.77,304.24,98.76,104.06,0.9654,15.9700,64.5200,0.0000,0.0000,0.8148,0
2553,11:55:22.751,ROI,160,160,224,224,12.71,13.17,18.85,0.0,75.93,757.44,304.28,97.23,104.65,0.9791,15.4300,65.2100,0.0000,0.0000,0.8218,0
2554,11:55:22.783,ROI,160,160,224,224,10.55,11.29,20.625,0.0,88.61,758.01,302.91,95.70,103.43,0.9588,15.3100,66.0100,0.0000,0.0000,0.8013,0
2555,11:55:22.830,ROI,160,160,224,224,14.78,15.38,10.925,25.4,65.03,758.50,301.38,94.78,104.37,0.9612,16.6800,67.6300,0.0000,0.0000,0.8496,0
2556,11:55:22.863,ROI,160,160,224,224,13.81,14.45,0.0,27.025,69.22,760.00,300.12,93.30,104.20,0.9457,16.6000,67.3900,0.0000,0.0000,0.8344,0
2557,11:55:22.896,ROI,160,160,224,224,17.25,17.76,0.0,22.0,56.31,758.95,299.48,94.42,102.16,0.9590,16.3600,67.3800,0.0000,0.0000,0.8341,0
2558,11:55:22.927,ROI,160,160,224,224,27.26,27.85,0.0,14.025,35.91,760.25,298.40,92.25,101.25,0.9521,17.1100,68.6600,0.0000,0.0000,0.8298,0
2559,11:55:22.962,ROI,160,160,224,224,30.18,30.73,0.0,12.725,32.55,761.53,297.51,92.22,101.00,0.9561,15.9700,70.2900,0.0000,0.0000,0.8245,0
2560,11:55:22.999,ROI,160,160,224,224,27.45,28.01,0.0,27.9,35.71,762.05,296.52,90.41,99.60,0.9614,17.2100,69.5000,0.0000,0.0000,0.8389,0
2561,11:55:23.035,ROI,160,160,224,224,25.96,26.50,0.0,29.5,37.74,762.20,296.03,88.20,99.97,0.9660,17.7200,69.4400,0.0000,0.0000,0.8862,0
2562,11:55:23.069,ROI,160,160,224,224,30.83,31.40,0.0,12.45,31.85,763.12,295.16,88.56,99.41,0.9626,17.5800,69.2200,0.0000,0.0000,0.8627,0
2563,11:55:23.107,ROI,160,160,224,224,42.07,42.79,59.925,18.175,23.37,762.75,295.04,85.76,97.80,0.9527,17.9800,69.8500,0.0000,0.0000,0.8777,0
2564,11:55:23.158,ROI,160,160,224,224,30.66,31.22,51.675,25.025,32.03,763.61,293.54,87.26,98.98,0.9511,17.8600,70.1800,0.0000,0.0000,0.8382,0
2565,11:55:23.196,ROI,160,160,224,224,31.80,32.85,0.0,11.9,30.44,764.32,292.79,85.46,97.30,0.9627,18.0800,71.2400,0.0000,0.0000,0.8554,0
2566,11:55:23.236,ROI,160,160,224,224,28.82,29.41,58.225,39.85,34.00,765.39,291.29,84.36,98.18,0.9460,18.1000,72.9600,0.0000,0.0000,0.8611,0
2567,11:55:23.272,ROI,160,160,224,224,18.65,19.25,0.0,40.6,51.96,765.49,289.99,85.62,98.01,0.9598,18.5900,74.2200,0.0000,0.0000,0.8761,0
2568,11:55:23.300,ROI,160,160,224,224,15.07,15.63,98.85,25.0,63.99,766.54,287.73,84.71,97.38,0.9319,17.9700,72.6400,0.0000,0.0000,0.8860,0
2569,11:55:23.322,ROI,160,160,224,224,19.28,19.78,0.0,19.75,50.56,766.03,287.11,87.58,101.49,0.9281,18.0200,73.7400,0.0000,0.0000,0.8491,0
2570,11:55:23.348,ROI,160,160,224,224,18.78,19.39,58.6,20.15,51.57,766.57,285.33,88.69,100.76,0.9537,18.1200,74.2400,0.0000,0.0000,0.8838,0
2571,11:55:23.374,ROI,160,160,224,224,15.75,16.35,0.0,0.0,61.17,767.69,284.72,89.35,102.62,0.9576,17.4800,73.7200,0.0000,0.0000,0.8484,0
2572,11:55:23.396,ROI,160,160,224,224,15.31,16.00,0.0,24.425,62.49,768.04,283.54,88.10,101.14,0.9635,18.5000,74.4900,0.0000,0.0000,0.8664,0
2573,11:55:23.423,ROI,160,160,224,224,16.66,17.25,0.0,0.0,57.98,768.39,282.24,90.36,101.57,0.9507,18.5600,74.0200,0.0000,0.0000,0.8677,0
2574,11:55:23.455,ROI,160,160,224,224,15.38,15.93,26.25,0.0,62.77,768.62,279.90,90.17,104.51,0.9509,18.4700,74.7600,0.0000,0.0000,0.8757,0
2575,11:55:23.488,ROI,160,160,224,224,27.79,28.46,0.0,0.0,35.14,768.25,279.98,86.65,99.57,0.9154,19.4400,72.8900,0.0000,0.0000,0.8619,0
2576,11:55:23.536,ROI,160,160,224,224,28.84,29.41,0.0,13.275,34.00,768.80,279.57,87.61,100.46,0.9787,19.4000,73.6800,0.0000,0.0000,0.8639,0
2577,11:55:23.572,ROI,160,160,224,224,21.64,22.33,0.0,17.5,44.78,769.02,278.40,88.02,102.03,0.9721,18.8000,75.5900,0.0000,0.0000,0.8585,0
2578,11:55:23.601,ROI,160,160,224,224,21.79,22.34,0.0,0.0,44.76,769.70,277.26,88.19,104.09,0.9633,18.9400,75.9100,0.0000,0.0000,0.8784,0
2579,11:55:23.631,ROI,160,160,224,224,18.26,19.04,0.0,20.5,52.53,770.02,276.78,89.63,104.33,0.9749,18.8800,76.4800,0.0000,0.0000,0.8823,0
2580,11:55:23.663,ROI,160,160,224,224,15.53,16.17,0.0,0.0,61.84,769.89,275.50,87.11,100.94,0.9403,19.1900,78.4100,0.0000,0.0000,0.8916,0
2581,11:55:23.695,ROI,160,160,224,224,19.99,20.59,0.0,0.0,48.56,769.57,274.76,87.84,101.81,0.9775,19.1500,77.0400,0.0000,0.0000,0.8731,0
2582,11:55:23.727,ROI,160,160,224,224,17.54,18.08,0.0,21.625,55.30,769.29,274.08,86.74,101.65,0.9746,18.8400,77.4900,0.0000,0.0000,0.8596,0
2583,11:55:23.758,ROI,160,160,224,224,16.58,17.28,0.0,22.625,57.87,769.06,273.30,87.46,100.81,0.9767,20.1400,78.0500,0.0000,0.0000,0.8894,0
2584,11:55:23.791,ROI,160,160,224,224,17.68,18.36,0.0,21.275,54.48,769.25,272.13,86.02,100.48,0.9611,20.0600,79.6800,0.0000,0.0000,0.9093,0
2585,11:55:23.823,ROI,160,160,224,224,18.95,19.50,0.0,20.025,51.28,770.53,270.91,85.13,100.94,0.9477,19.6700,81.5800,0.0000,0.0000,0.9211,0
2586,11:55:23.855,ROI,160,160,224,224,15.23,15.85,0.0,24.65,63.08,769.69,270.03,85.15,100.02,0.9637,18.4500,82.1500,0.0000,0.0000,0.9257,0
2587,11:55:23.888,ROI,160,160,224,224,14.31,14.86,23.075,0.0,67.29,770.08,269.59,82.56,99.16,0.9612,18.9700,81.7600,0.0000,0.0000,0.9153,0
2588,11:55:23.936,ROI,160,160,224,224,14.69,15.49,0.0,25.225,64.56,769.37,268.41,85.58,100.11,0.9423,18.1100,83.2100,0.0000,0.0000,0.9216,0
2589,11:55:23.966,ROI,160,160,224,224,13.14,13.77,0.0,0.0,72.60,769.50,267.19,84.50,98.15,0.9633,16.2000,85.9500,0.0000,0.0000,0.9141,0
2590,11:55:23.998,ROI,160,160,224,224,13.11,13.56,21.5,0.0,73.77,769.45,264.72,84.13,96.28,0.9463,15.1800,86.4900,0.0000,0.0000,0.8819,0
2591,11:55:24.031,ROI,160,160,224,224,17.83,18.42,20.125,21.2,54.29,768.99,264.39,84.60,94.35,0.9694,15.6800,90.6700,0.0000,0.0000,0.9121,0
2592,11:55:24.064,ROI,160,160,192,192,12.52,13.12,28.0,0.0,76.21,769.39,259.79,81.98,91.87,0.8787,13.4200,91.4800,0.0000,0.0000,0.8765,0
2593,11:55:24.096,ROI,160,160,192,192,17.44,18.00,20.125,21.7,55.56,771.05,259.43,80.56,88.75,0.9277,13.5000,92.6800,0.0000,0.0000,0.8448,0
2594,11:55:24.127,ROI,160,160,192,192,14.09,14.72,31.0,0.0,67.95,771.18,259.32,79.31,90.10,0.9700,13.3700,91.4200,0.0000,0.0000,0.8491,0
2595,11:55:24.158,ROI,160,160,192,192,14.91,15.49,23.825,0.0,64.55,770.42,257.70,80.48,90.78,0.9470,13.1500,91.9400,0.0000,0.0000,0.8121,0
2596,11:55:24.191,ROI,160,160,192,192,15.78,16.42,0.0,0.0,60.88,769.60,257.43,80.95,92.58,0.9610,13.8600,93.0000,0.0000,0.0000,0.8035,0
2597,11:55:24.223,ROI,160,160,192,192,15.06,15.57,0.0,0.0,64.23,769.41,256.18,80.24,91.68,0.9648,14.4100,93.9400,0.0000,0.0000,0.8387,0
2598,11:55:24.272,ROI,160,160,192,192,14.28,14.86,0.0,26.3,67.31,769.31,254.27,80.78,90.55,0.9527,14.8200,95.4700,0.0000,0.0000,0.8574,0
2599,11:55:24.304,ROI,160,160,192,192,26.35,26.90,0.0,0.0,37.17,768.45,253.38,82.80,91.96,0.9567,14.3100,94.3600,0.0000,0.0000,0.8590,0
2600,11:55:24.339,ROI,160,160,192,192,20.99,21.63,0.0,18.1,46.23,768.91,252.76,82.42,92.47,0.9758,13.8600,94.6600,0.0000,0.0000,0.8503,0
2601,11:55:24.370,ROI,160,160,192,192,24.68,25.23,0.0,15.475,39.63,768.89,251.89,82.14,92.94,0.9782,14.3700,95.7400,0.0000,0.0000,0.8357,0
2602,11:55:24.403,ROI,160,160,192,192,26.30,26.89,49.45,0.0,37.20,768.08,250.21,80.56,94.34,0.9462,13.8200,97.2000,0.0000,0.0000,0.8313,0
2603,11:55:24.436,ROI,160,160,192,192,24.61,25.17,0.0,0.0,39.73,767.56,249.57,82.48,94.19,0.9637,14.6800,98.2700,0.0000,0.0000,0.8819,0
2604,11:55:24.469,ROI,160,160,192,192,20.34,20.94,0.0,18.65,47.74,767.05,248.98,84.17,95.33,0.9677,13.5300,97.2800,0.0000,0.0000,0.8341,0
2605,11:55:24.497,ROI,160,160,192,192,16.73,17.28,0.0,22.625,57.87,766.24,247.93,84.29,94.94,0.9599,14.3100,98.2000,0.0000,0.0000,0.8726,0
2606,11:55:24.528,ROI,160,160,192,192,12.48,13.17,29.425,0.0,75.91,766.24,247.01,82.86,95.08,0.9644,12.5000,99.3900,0.0000,0.0000,0.8292,0
2607,11:55:24.559,ROI,160,160,192,192,13.28,13.89,0.0,28.125,71.97,765.60,245.84,83.95,94.51,0.9609,13.5800,100.1400,0.0000,0.0000,0.8449,0
2608,11:55:24.592,ROI,160,160,192,192,13.05,13.64,0.0,0.0,73.33,765.05,244.64,83.26,93.88,0.9622,13.2200,98.8200,0.0000,0.0000,0.8313,0
2609,11:55:24.623,ROI,160,160,192,192,11.93,12.62,22.425,0.0,79.25,764.64,243.74,82.43,92.27,0.9710,13.2900,99.8700,0.0000,0.0000,0.8467,0
2610,11:55:24.672,ROI,160,160,192,192,11.57,12.20,0.0,0.0,81.96,763.27,241.81,84.43,91.36,0.9286,13.8600,100.3900,0.0000,0.0000,0.8787,0
2611,11:55:24.703,ROI,160,160,192,192,11.73,12.30,20.175,0.0,81.31,763.78,240.57,82.09,89.56,0.9460,13.5100,100.8600,0.0000,0.0000,0.8738,0
2612,11:55:24.736,ROI,160,160,192,192,10.61,11.23,19.475,34.8,89.02,763.58,240.38,81.24,89.71,0.9856,13.5300,102.2900,0.0000,0.0000,0.8875,0
2613,11:55:24.767,ROI,160,160,192,192,11.21,11.81,19.15,0.0,84.67,763.46,238.94,79.55,89.93,0.9486,14.2300,104.6600,0.0000,0.0000,0.9107,0
2614,11:55:24.799,ROI,160,160,192,192,12.30,12.87,19.525,0.0,77.71,763.80,237.48,77.56,90.08,0.9442,13.4700,104.1600,0.0000,0.0000,0.8845,0
2615,11:55:24.832,ROI,160,160,192,192,11.98,12.56,0.0,31.1,79.62,763.70,235.43,75.96,88.82,0.9357,12.9800,104.6200,0.0000,0.0000,0.8503,0
2616,11:55:24.864,ROI,160,160,192,192,14.78,15.33,0.0,25.475,65.23,761.60,233.73,81.17,90.88,0.9015,13.5600,107.4600,0.0000,0.0000,0.8813,0
2617,11:55:24.897,ROI,160,160,192,192,14.16,14.71,0.0,0.0,67.96,760.77,232.64,82.02,91.24,0.9571,12.9800,108.7900,0.0000,0.0000,0.8783,0
2618,11:55:24.928,ROI,160,160,192,192,12.68,13.26,22.85,0.0,75.39,761.56,232.46,81.71,91.80,0.9750,14.3800,107.9900,0.0000,0.0000,0.9055,0
2619,11:55:24.960,ROI,160,160,192,192,12.35,12.92,0.0,0.0,77.37,759.80,231.10,83.54,92.10,0.9310,12.9900,109.4000,0.0000,0.0000,0.8862,0
2620,11:55:25.007,ROI,160,160,192,192,13.81,14.40,0.0,0.0,69.42,759.18,229.99,84.02,92.50,0.9621,14.4000,110.8400,0.0000,0.0000,0.8765,0
2621,11:55:25.039,ROI,160,160,192,192,10.78,11.41,0.0,0.0,87.64,758.20,228.47,87.05,94.08,0.9346,14.5300,113.9300,0.0000,0.0000,0.8137,0
2622,11:55:25.071,ROI,160,160,192,192,10.73,11.29,0.0,0.0,88.59,757.59,227.77,87.52,94.88,0.9718,13.6600,112.6100,0.0000,0.0000,0.8148,0
2623,11:55:25.103,ROI,160,160,192,192,10.62,11.18,0.0,0.0,89.41,755.78,226.71,88.93,93.06,0.9388,13.9300,113.0900,0.0000,0.0000,0.8083,0
2624,11:55:25.135,ROI,160,160,192,192,11.30,11.81,0.0,0.0,84.68,757.26,227.30,87.22,94.25,0.9551,13.2100,110.5900,0.0000,0.0000,0.8248,0
2625,11:55:25.166,ROI,160,160,192,192,11.96,12.68,0.0,0.0,78.86,755.12,225.80,89.33,92.54,0.9235,12.6700,115.1600,0.0000,0.0000,0.7567,0
2626,11:55:25.198,ROI,160,160,192,192,12.13,12.69,0.0,0.0,78.78,755.31,224.24,89.63,94.21,0.9630,11.7500,112.7000,0.0000,0.0000,0.7373,0
2627,11:55:25.231,ROI,160,160,192,192,13.99,14.57,0.0,0.0,68.64,754.12,222.80,91.01,94.25,0.9450,12.8400,114.2500,0.0000,0.0000,0.7494,0
2628,11:55:25.264,ROI,160,160,192,192,11.77,12.36,0.0,0.0,80.91,754.62,221.09,87.58,93.05,0.9281,9.0900,113.8300,0.0000,0.0000,0.6535,0
2629,11:55:25.294,ROI,160,160,192,192,11.65,12.22,0.0,0.0,81.81,754.06,220.29,89.48,93.37,0.9622,7.2300,114.8300,0.0000,0.0000,0.5857,0
2630,11:55:25.326,ROI,160,160,192,192,13.82,14.45,0.0,0.0,69.22,753.03,220.42,91.45,93.71,0.9739,7.7100,114.2700,0.0000,0.0000,0.5865,0
2631,11:55:25.375,ROI,160,160,192,192,13.34,13.93,11.55,28.05,71.80,753.54,219.34,90.41,93.58,0.9662,11.4000,115.5500,0.0000,0.0000,0.7307,0
2632,11:55:25.408,ROI,160,160,192,192,11.77,12.33,19.725,0.0,81.08,752.89,218.14,92.12,94.52,0.9567,10.7300,116.8200,0.0000,0.0000,0.7460,0
2633,11:55:25.438,ROI,160,160,192,192,9.98,10.57,0.0,0.0,94.64,752.00,216.76,93.00,94.55,0.9531,7.3100,118.2800,0.0000,0.0000,0.7042,0
2634,11:55:25.471,ROI,160,160,192,192,9.92,10.49,0.0,0.0,95.35,750.52,215.72,94.85,94.15,0.9483,3.8300,119.0700,0.0000,0.0000,0.4718,0
2635,11:55:25.503,ROI,160,160,192,192,15.12,15.86,0.0,24.65,63.07,749.62,214.10,95.36,94.08,0.9481,4.3000,116.9500,0.0000,0.0000,0.5052,0
2636,11:55:25.535,ROI,160,160,192,192,17.74,18.34,0.0,0.0,54.52,750.25,213.66,92.72,94.02,0.9635,5.9700,116.4600,0.0000,0.0000,0.5807,0
2637,11:55:25.568,ROI,160,160,192,192,20.06,20.61,27.575,0.0,48.52,748.52,213.48,96.38,92.33,0.9454,3.2200,118.0600,0.0000,0.0000,0.4286,0
2638,11:55:25.600,ROI,160,160,224,224,17.14,17.85,0.0,0.0,56.01,748.94,211.14,95.82,92.50,0.9426,7.1500,116.3100,0.0000,0.0000,0.6263,0
2639,11:55:25.631,ROI,160,160,192,192,21.48,22.06,0.0,17.7,45.34,746.55,210.40,97.48,92.92,0.9370,4.1100,120.0600,0.0000,0.0000,0.5424,0
2640,11:55:25.665,ROI,160,160,224,224,15.65,16.15,0.0,0.0,61.93,746.91,208.43,97.68,93.86,0.9518,7.0300,120.4800,0.0000,0.0000,0.6184,0
2641,11:55:25.694,ROI,160,160,224,224,11.28,11.89,0.0,0.0,84.13,746.57,207.92,97.57,92.65,0.9804,5.5000,119.7000,0.0000,0.0000,0.5069,0
2642,11:55:25.726,ROI,160,160,224,224,12.78,13.46,0.0,29.025,74.29,745.19,207.67,96.10,92.06,0.9656,5.8400,119.4000,0.0000,0.0000,0.5897,0
2643,11:55:25.776,ROI,160,160,224,224,12.69,13.31,0.0,29.35,75.15,744.13,205.89,96.25,92.95,0.9418,5.4400,119.1800,0.0000,0.0000,0.5300,0
2644,11:55:25.807,ROI,160,160,224,224,14.94,15.55,0.0,0.0,64.31,743.96,204.62,95.07,91.60,0.9610,6.3100,126.0700,0.0000,0.0000,0.4750,0
2645,11:55:25.841,ROI,160,160,192,192,12.39,12.96,0.0,0.0,77.15,742.44,202.99,96.30,90.56,0.9352,2.3700,123.0600,0.0000,0.0000,0.3266,0
2646,11:55:25.871,ROI,160,160,224,224,10.66,11.33,0.0,0.0,88.25,741.29,202.42,99.18,91.43,0.9589,9.6100,125.9300,0.0000,0.0000,0.6278,0
2647,11:55:25.904,ROI,160,160,224,224,17.67,18.21,0.0,0.0,54.91,740.83,201.05,99.75,91.77,0.9618,7.7100,129.3500,0.0000,0.0000,0.5919,0
2648,11:55:25.935,ROI,160,160,224,224,14.80,15.36,0.0,0.0,65.09,739.58,200.15,99.02,90.24,0.9562,7.6000,127.7900,0.0000,0.0000,0.5286,0
2649,11:55:25.966,ROI,160,160,224,224,11.95,12.49,0.0,0.0,80.05,738.73,199.94,99.44,89.49,0.9749,6.6700,125.2800,0.0000,0.0000,0.4751,0
2650,11:55:26.000,ROI,160,160,224,224,13.05,13.74,0.0,28.425,72.78,737.75,199.39,99.93,90.02,0.9685,7.1400,125.9300,0.0000,0.0000,0.5129,0
2651,11:55:26.030,ROI,160,160,224,224,11.95,12.55,0.0,0.0,79.67,736.75,199.18,101.14,91.41,0.9655,8.3500,129.3600,0.0000,0.0000,0.6724,0
2652,11:55:26.063,ROI,160,160,224,224,12.21,12.81,19.1,0.0,78.05,736.59,198.16,100.23,90.45,0.9690,10.4100,130.7400,0.0000,0.0000,0.7691,0
2653,11:55:26.095,ROI,160,160,224,224,11.19,11.78,42.15,0.0,84.91,735.78,195.87,101.22,89.05,0.9355,11.5300,131.7200,0.0000,0.0000,0.7930,0
2654,11:55:26.144,ROI,160,160,224,224,14.01,14.61,0.0,0.0,68.45,733.08,194.83,101.60,88.27,0.9268,12.3500,132.2700,0.0000,0.0000,0.8493,0
2655,11:55:26.176,ROI,160,160,224,224,15.07,15.68,22.35,0.0,63.76,732.44,194.57,101.09,88.84,0.9811,12.1700,128.8200,0.0000,0.0000,0.8023,0
2656,11:55:26.208,ROI,160,160,224,224,17.19,17.82,0.0,0.0,56.10,731.78,192.53,102.19,87.84,0.9427,13.4000,130.6900,0.0000,0.0000,0.8411,0
2657,11:55:26.239,ROI,160,160,224,224,14.34,14.99,0.0,26.05,66.69,729.71,191.43,104.71,90.02,0.9375,13.0900,132.5500,0.0000,0.0000,0.8212,0
2658,11:55:26.271,ROI,160,160,224,224,15.53,16.19,0.0,0.0,61.77,728.02,189.35,103.94,89.64,0.9250,14.0100,132.6100,0.0000,0.0000,0.8177,0
2659,11:55:26.304,ROI,160,160,224,224,15.71,16.38,0.0,0.0,61.04,726.49,188.75,103.07,89.50,0.9581,12.7500,129.3100,0.0000,0.0000,0.7455,0
2660,11:55:26.335,ROI,160,160,224,224,18.63,19.04,0.0,20.525,52.52,725.80,188.20,104.76,89.96,0.9719,12.6400,130.1800,0.0000,0.0000,0.7787,0
2661,11:55:26.367,ROI,160,160,224,224,14.57,15.08,0.0,0.0,66.31,725.55,188.21,105.91,89.53,0.9844,12.0100,129.5700,0.0000,0.0000,0.7209,0
2662,11:55:26.401,ROI,160,160,224,224,14.28,14.86,0.0,0.0,67.30,724.17,186.96,106.19,90.08,0.9481,12.7600,131.1300,0.0000,0.0000,0.8407,0
2663,11:55:26.431,ROI,160,160,224,224,22.82,23.40,0.0,0.0,42.73,722.81,185.50,106.62,88.72,0.9436,15.3100,136.3200,0.0000,0.0000,0.8697,0
2664,11:55:26.463,ROI,160,160,224,224,20.63,21.35,0.0,18.3,46.83,721.64,185.07,108.14,89.24,0.9691,14.0000,134.8000,0.0000,0.0000,0.8339,0
2665,11:55:26.511,ROI,160,160,224,224,18.72,19.22,0.0,20.375,52.04,721.04,183.52,104.90,85.40,0.9284,14.4200,136.2500,0.0000,0.0000,0.8481,0
2666,11:55:26.543,ROI,160,160,224,224,22.96,23.63,0.0,16.55,42.33,721.21,183.01,104.80,82.52,0.9632,16.8400,140.9800,0.0000,0.0000,0.8199,0
2667,11:55:26.575,ROI,160,160,224,224,27.55,28.08,0.0,13.9,35.61,721.21,183.01,104.80,82.52,1.0000,16.8400,140.9800,0.0000,0.0000,0.8199,0
2668,11:55:26.610,ROI,160,160,224,224,21.00,21.43,0.0,0.0,46.67,720.71,182.06,104.58,83.12,0.9680,16.4400,139.0800,0.0000,0.0000,0.8739,0
2669,11:55:26.640,ROI,160,160,224,224,25.25,25.88,49.85,15.1,38.64,718.68,181.13,105.10,82.04,0.9412,17.5900,142.6100,0.0000,0.0000,0.8222,0
2670,11:55:26.672,ROI,160,160,224,224,34.78,35.39,62.25,11.05,28.26,716.73,180.08,105.15,82.26,0.9394,17.0500,142.4100,0.0000,0.0000,0.8209,0
2671,11:55:26.714,ROI,160,160,224,224,29.09,29.67,0.0,0.0,33.70,715.97,179.89,104.61,82.07,0.9812,17.0100,142.2100,0.0000,0.0000,0.7943,0
2672,11:55:26.749,ROI,160,160,224,224,37.46,38.30,62.75,0.0,26.11,713.98,179.32,107.24,80.82,0.9489,17.2200,143.8900,0.0000,0.0000,0.8081,0
2673,11:55:26.795,ROI,160,160,224,224,26.25,26.82,0.0,14.575,37.28,714.44,179.70,107.38,80.61,0.9822,17.0200,146.3100,0.0000,0.0000,0.8447,0
2674,11:55:26.829,ROI,160,160,224,224,30.65,31.17,54.1,12.525,32.08,712.53,178.90,108.36,79.67,0.9465,17.6600,146.4800,0.0000,0.0000,0.8224,0
2675,11:55:26.865,ROI,160,160,224,224,22.25,22.90,0.0,17.05,43.67,710.81,178.41,109.66,81.30,0.9498,18.3500,146.9200,0.0000,0.0000,0.8479,0
2676,11:55:26.894,ROI,160,160,224,224,22.98,23.97,0.0,0.0,41.72,709.47,177.20,108.91,79.31,0.9472,18.1300,149.0700,0.0000,0.0000,0.8456,0
2677,11:55:26.923,ROI,160,160,224,224,18.37,18.97,0.0,0.0,52.71,708.54,176.20,108.56,77.17,0.9567,18.0700,148.2000,0.0000,0.0000,0.8781,0
2678,11:55:26.947,ROI,160,160,224,224,21.15,21.79,0.0,0.0,45.88,707.94,176.08,106.88,78.02,0.9739,18.0200,148.1300,0.0000,0.0000,0.8604,0
2679,11:55:26.975,ROI,160,160,224,224,17.65,18.25,0.0,0.0,54.80,707.77,176.01,107.41,78.74,0.9860,18.0000,148.8800,0.0000,0.0000,0.8666,0
2680,11:55:27.008,ROI,160,160,224,224,15.88,16.50,0.0,23.675,60.62,706.40,174.75,107.28,76.64,0.9440,17.4800,149.7100,0.0000,0.0000,0.8251,0
2681,11:55:27.039,ROI,160,160,224,224,15.96,16.57,0.0,0.0,60.37,704.78,173.72,109.83,78.85,0.9435,18.4700,149.3700,0.0000,0.0000,0.8503,0
2682,11:55:27.071,ROI,160,160,224,224,15.71,16.35,0.0,23.875,61.14,703.22,173.74,110.59,77.49,0.9555,18.3800,151.6500,0.0000,0.0000,0.8537,0
2683,11:55:27.093,ROI,160,160,224,224,15.98,16.58,0.0,0.0,60.32,702.71,173.98,111.97,75.63,0.9642,17.9700,154.3100,0.0000,0.0000,0.8394,0
2684,11:55:27.136,ROI,160,160,224,224,15.41,16.10,0.0,24.25,62.11,700.91,172.33,109.75,76.71,0.9277,17.7400,152.6300,0.0000,0.0000,0.8302,0
2685,11:55:27.169,ROI,160,160,224,224,13.10,13.65,0.0,0.0,73.27,699.16,172.88,111.85,75.33,0.9520,17.3100,154.9400,0.0000,0.0000,0.8075,0
2686,11:55:27.215,ROI,160,160,224,224,15.72,16.33,0.0,0.0,61.24,697.52,171.93,111.51,74.79,0.9470,17.3600,156.2100,0.0000,0.0000,0.8043,0
2687,11:55:27.249,ROI,160,160,224,224,16.15,16.66,22.65,0.0,60.04,696.48,171.60,110.39,73.92,0.9702,17.3300,157.2400,0.0000,0.0000,0.7846,0
2688,11:55:27.278,ROI,160,160,224,224,12.79,13.44,29.6,0.0,74.39,694.87,170.44,110.14,73.70,0.9414,17.0900,158.5100,0.0000,0.0000,0.7526,0
2689,11:55:27.310,ROI,160,160,224,224,11.30,11.89,0.0,0.0,84.12,692.99,169.22,111.38,73.64,0.9356,17.3100,158.7600,0.0000,0.0000,0.7634,0
2690,11:55:27.343,ROI,160,160,224,224,12.99,13.57,0.0,0.0,73.69,690.54,168.61,111.89,74.62,0.9418,17.4400,156.5500,0.0000,0.0000,0.7866,0
2691,11:55:27.376,ROI,160,160,224,224,13.39,13.97,20.2,0.0,71.56,692.41,169.01,110.22,76.16,0.9479,16.3100,151.2400,0.0000,0.0000,0.8384,0
2692,11:55:27.407,ROI,160,160,224,224,13.55,14.20,22.725,0.0,70.41,688.96,167.38,111.52,75.46,0.9013,18.1600,156.8500,0.0000,0.0000,0.7713,0
2693,11:55:27.426,ROI,160,160,224,224,12.25,12.85,0.0,0.0,77.84,690.87,168.23,110.28,76.93,0.9452,16.2800,154.2900,0.0000,0.0000,0.8075,0
2694,11:55:27.472,ROI,160,160,224,224,15.25,16.05,0.0,0.0,62.29,685.55,167.01,112.18,72.39,0.8578,17.9000,158.3300,0.0000,0.0000,0.7504,0
2695,11:55:27.495,ROI,160,160,256,256,20.44,21.52,0.0,18.15,46.47,686.39,167.08,111.12,73.58,0.9693,15.7500,164.1600,0.0000,0.0000,0.8485,0
2696,11:55:27.536,ROI,160,160,224,224,13.49,13.94,0.0,0.0,71.73,683.48,164.96,111.23,72.07,0.8965,17.8300,159.5900,0.0000,0.0000,0.7713,0
2697,11:55:27.569,ROI,160,160,224,224,15.36,15.94,20.425,24.525,62.72,683.66,165.11,113.75,73.63,0.9572,16.1800,158.5000,0.0000,0.0000,0.7543,0
2698,11:55:27.616,ROI,160,160,256,256,12.84,13.37,0.0,29.225,74.81,681.86,164.25,112.03,73.81,0.9468,18.0900,163.4300,0.0000,0.0000,0.8782,0
2699,11:55:27.647,ROI,160,160,256,256,13.14,13.56,0.0,28.8,73.73,681.32,163.52,110.90,72.08,0.9667,16.3200,163.4300,0.0000,0.0000,0.8844,0
2700,11:55:27.680,ROI,160,160,224,224,16.27,16.84,0.0,0.0,59.39,679.36,163.32,110.38,70.45,0.9437,16.5200,160.4100,0.0000,0.0000,0.7776,0
2701,11:55:27.712,ROI,160,160,224,224,16.57,17.15,0.0,0.0,58.32,677.85,162.54,110.01,70.22,0.9518,15.9400,161.3400,0.0000,0.0000,0.7728,0
2702,11:55:27.743,ROI,160,160,224,224,12.52,12.89,0.0,30.325,77.60,676.55,161.73,109.10,68.75,0.9544,15.7000,159.0500,0.0000,0.0000,0.7799,0
2703,11:55:27.778,ROI,160,160,224,224,17.90,18.51,0.0,0.0,54.02,674.47,162.39,109.30,67.48,0.9447,16.5500,163.3200,0.0000,0.0000,0.8082,0
2704,11:55:27.808,ROI,160,160,224,224,13.77,14.36,36.025,27.2,69.65,673.86,162.00,107.91,66.21,0.9687,15.1000,160.8600,0.0000,0.0000,0.7888,0
2705,11:55:27.827,ROI,160,160,224,224,16.71,17.49,71.65,0.0,57.18,673.97,161.79,108.09,67.07,0.9851,14.4000,159.3800,0.0000,0.0000,0.7733,0
2706,11:55:27.853,ROI,160,160,224,224,18.89,19.44,0.0,20.1,51.44,671.63,160.96,110.26,67.38,0.9351,16.2100,161.1100,0.0000,0.0000,0.7993,0
2707,11:55:27.879,ROI,160,160,224,224,27.56,28.16,52.3,13.875,35.52,670.40,160.78,109.90,66.96,0.9719,16.1800,163.9200,0.0000,0.0000,0.8506,0
2708,11:55:27.952,ROI,160,160,224,224,24.65,25.36,0.0,15.4,39.43,667.93,160.07,110.92,67.13,0.9365,17.1200,163.0300,0.0000,0.0000,0.8425,0
2709,11:55:27.986,ROI,160,160,224,224,24.47,25.15,47.55,0.0,39.77,665.49,159.64,111.57,66.96,0.9450,16.5600,163.9500,0.0000,0.0000,0.8445,0
2710,11:55:28.018,ROI,160,160,224,224,12.91,13.54,0.0,28.875,73.85,665.29,159.50,111.97,68.10,0.9798,15.3800,163.9300,0.0000,0.0000,0.8518,0
2711,11:55:28.048,ROI,160,160,224,224,14.80,15.33,23.5,0.0,65.21,662.63,159.52,112.91,66.25,0.9286,16.2000,165.2200,0.0000,0.0000,0.8607,0
2712,11:55:28.080,ROI,160,160,256,256,16.85,17.52,23.775,22.3,57.08,663.82,159.34,109.04,64.56,0.9411,17.0200,165.8800,0.0000,0.0000,0.8912,0
2713,11:55:28.112,ROI,160,160,224,224,16.70,17.24,0.0,90.675,58.02,660.14,158.66,109.30,65.80,0.9163,17.5900,167.2000,0.0000,0.0000,0.8624,0
2714,11:55:28.143,ROI,160,160,224,224,31.18,31.73,0.0,12.3,31.51,658.78,158.41,109.97,67.05,0.9575,17.2400,166.4000,0.0000,0.0000,0.8729,0
2715,11:55:28.182,ROI,160,160,224,224,17.75,18.33,0.0,21.325,54.56,656.47,158.55,110.46,65.95,0.9437,16.9400,171.2800,0.0000,0.0000,0.8420,0
2716,11:55:28.208,ROI,160,160,224,224,16.65,17.26,0.0,0.0,57.95,656.39,158.49,109.30,66.39,0.9831,15.8600,170.9400,0.0000,0.0000,0.8233,0
2717,11:55:28.230,ROI,160,160,224,224,16.22,16.83,0.0,0.0,59.42,656.39,158.49,109.30,66.39,1.0000,15.8600,170.9400,0.0000,0.0000,0.8233,0
2718,11:55:28.254,ROI,160,160,224,224,18.01,18.63,51.975,0.0,53.68,654.60,157.78,108.63,65.88,0.9473,16.8300,170.6600,0.0000,0.0000,0.8252,0
2719,11:55:28.279,ROI,160,160,224,224,12.72,13.26,0.0,0.0,75.40,652.71,157.59,109.19,65.65,0.9605,16.6800,169.9500,0.0000,0.0000,0.8479,0
2720,11:55:28.351,ROI,160,160,224,224,10.53,11.06,6.675,35.35,90.44,649.09,156.83,106.79,65.42,0.9144,17.2400,174.3800,0.0000,0.0000,0.7882,0
2721,11:55:28.383,ROI,160,160,224,224,12.36,12.89,0.0,0.0,77.58,647.88,156.55,104.33,64.82,0.9679,17.2900,175.5100,0.0000,0.0000,0.7911,0
2722,11:55:28.415,ROI,160,160,224,224,12.98,13.53,0.0,28.875,73.89,647.84,156.62,105.01,64.46,0.9879,16.4100,174.0400,0.0000,0.0000,0.7592,0
2723,11:55:28.447,ROI,160,160,224,224,11.29,11.85,0.0,0.0,84.42,645.15,156.53,102.34,64.71,0.9459,15.8000,174.0300,0.0000,0.0000,0.7328,0
2724,11:55:28.479,ROI,160,160,224,224,13.64,14.24,0.0,0.0,70.25,644.03,156.57,100.95,63.77,0.9641,15.7700,175.9800,0.0000,0.0000,0.7711,0
2725,11:55:28.511,ROI,160,160,224,224,12.49,13.05,0.0,0.0,76.65,642.74,156.92,101.49,63.42,0.9642,15.7500,178.5600,0.0000,0.0000,0.7712,0
2726,11:55:28.544,ROI,160,160,224,224,12.26,12.83,19.975,30.45,77.96,640.42,156.66,102.20,64.12,0.9452,15.6200,174.9500,0.0000,0.0000,0.7195,0
2727,11:55:28.561,ROI,160,160,224,224,12.89,13.45,80.925,0.0,74.34,641.61,157.05,105.28,65.24,0.9541,16.0400,179.4500,0.0000,0.0000,0.7844,0
2728,11:55:28.580,ROI,160,160,224,224,12.11,12.66,77.925,0.0,78.96,640.55,155.99,105.18,66.08,0.9493,16.6000,175.2700,0.0000,0.0000,0.7686,0
2729,11:55:28.607,ROI,160,160,224,224,11.09,11.67,0.0,0.0,85.70,639.79,156.61,103.36,65.02,0.9644,15.8400,176.0800,0.0000,0.0000,0.7098,0
2730,11:55:28.638,ROI,160,160,224,224,10.39,10.99,0.0,0.0,90.97,638.99,155.73,103.89,64.62,0.9586,16.0000,173.1300,0.0000,0.0000,0.7205,0
2731,11:55:28.687,ROI,160,160,224,224,10.16,10.75,0.0,0.0,93.01,637.17,156.16,104.96,65.06,0.9534,16.1300,175.6500,0.0000,0.0000,0.7247,0
2732,11:55:28.751,ROI,160,160,224,224,10.57,11.24,0.0,0.0,89.00,634.65,155.01,104.58,66.98,0.9209,18.5300,177.9600,0.0000,0.0000,0.8418,0
2733,11:55:28.783,ROI,160,160,224,224,11.20,11.79,0.0,0.0,84.82,632.31,155.43,106.32,67.31,0.9446,17.3300,-179.2400,0.0000,0.0000,0.8088,0
2734,11:55:28.816,ROI,160,160,224,224,10.89,11.45,18.575,0.0,87.37,631.12,155.84,106.76,66.82,0.9663,16.4100,177.7000,0.0000,0.0000,0.7455,0
2735,11:55:28.847,ROI,160,160,224,224,12.87,13.45,19.85,0.0,74.36,630.33,155.80,106.15,66.30,0.9777,16.5200,175.4600,0.0000,0.0000,0.7357,0
2736,11:55:28.880,ROI,160,160,224,224,11.58,12.13,19.575,0.0,82.45,628.64,155.85,107.14,67.02,0.9587,17.1200,179.1300,0.0000,0.0000,0.7914,0
2737,11:55:28.912,ROI,160,160,224,224,11.46,12.03,0.0,0.0,83.14,626.82,155.64,106.72,67.05,0.9606,16.1800,176.9700,0.0000,0.0000,0.7329,0
2738,11:55:28.930,ROI,160,160,224,224,12.45,12.99,0.0,0.0,76.98,627.58,156.29,107.14,67.69,0.9674,16.2300,-177.4500,0.0000,0.0000,0.7987,0
2739,11:55:28.948,ROI,160,160,224,224,11.47,12.06,0.0,0.0,82.92,625.59,155.16,106.62,67.77,0.9323,17.2400,-176.7600,0.0000,0.0000,0.8168,0
2740,11:55:28.976,ROI,160,160,224,224,11.62,12.21,0.0,0.0,81.92,623.89,155.45,106.06,67.80,0.9606,16.0900,-177.1100,0.0000,0.0000,0.7888,0
2741,11:55:29.007,ROI,160,160,224,224,17.32,17.84,0.0,21.9,56.05,624.39,156.58,106.90,67.59,0.9583,16.2500,-176.7100,0.0000,0.0000,0.7981,0
2742,11:55:29.057,ROI,160,160,224,224,19.10,19.71,0.0,19.825,50.73,622.60,155.94,105.45,67.44,0.9491,16.8000,-176.2000,0.0000,0.0000,0.8062,0
2743,11:55:29.088,ROI,160,160,224,224,19.61,20.17,32.525,0.0,49.57,621.50,156.65,105.43,68.53,0.9593,16.9000,-173.8400,0.0000,0.0000,0.7700,0
2744,11:55:29.152,ROI,160,160,224,224,12.80,13.41,0.0,0.0,74.55,618.26,156.69,106.48,65.93,0.9061,18.2600,-175.5200,0.0000,0.0000,0.8249,0
2745,11:55:29.185,ROI,160,160,224,224,10.46,11.12,19.8,0.0,89.94,616.60,156.46,105.78,66.47,0.9615,17.2900,-175.5700,0.0000,0.0000,0.8182,0
2746,11:55:29.215,ROI,160,160,224,224,13.83,14.38,0.0,0.0,69.54,616.41,156.62,104.44,66.82,0.9822,17.1800,-175.7800,0.0000,0.0000,0.8302,0
2747,11:55:29.247,ROI,160,160,224,224,13.46,13.93,21.85,0.0,71.79,615.29,156.49,104.13,67.10,0.9747,17.1600,-175.1200,0.0000,0.0000,0.8275,0
2748,11:55:29.269,ROI,160,160,224,224,12.68,13.25,50.025,0.0,75.47,614.82,156.76,104.37,66.09,0.9763,17.0600,-174.8700,0.0000,0.0000,0.8269,0
2749,11:55:29.310,ROI,160,160,224,224,13.15,13.72,0.0,0.0,72.86,610.82,156.90,106.90,66.63,0.9199,17.7100,-174.4100,0.0000,0.0000,0.8612,0
2750,11:55:29.329,ROI,160,160,224,224,13.24,13.74,74.6,0.0,72.80,610.97,156.99,105.62,65.02,0.9641,16.3100,-172.7900,0.0000,0.0000,0.8221,0
2751,11:55:29.348,ROI,160,160,224,224,12.38,12.95,70.6,30.175,77.20,609.65,156.88,106.37,66.84,0.9491,16.9300,-170.3500,0.0000,0.0000,0.8718,0
2752,11:55:29.375,ROI,160,160,224,224,11.81,12.33,29.625,0.0,81.09,606.77,156.99,107.58,67.20,0.9426,17.7400,-170.0000,0.0000,0.0000,0.8927,0
2753,11:55:29.407,ROI,160,160,224,224,9.89,10.63,19.8,0.0,94.05,607.39,157.15,108.04,67.33,0.9842,16.8900,-171.6200,0.0000,0.0000,0.8534,0
2754,11:55:29.455,ROI,160,160,224,224,10.52,11.29,0.0,0.0,88.60,604.96,158.12,107.53,68.32,0.9295,17.3600,-169.6300,0.0000,0.0000,0.8851,0
2755,11:55:29.487,ROI,160,160,224,224,14.06,14.54,0.0,26.875,68.76,603.61,158.43,109.87,68.57,0.9667,16.9600,-170.0000,0.0000,0.0000,0.8752,0
2756,11:55:29.551,ROI,160,160,224,224,11.13,11.76,0.0,0.0,85.02,600.13,160.03,109.16,71.46,0.8980,17.1700,-169.7500,0.0000,0.0000,0.8882,0
2757,11:55:29.583,ROI,160,160,224,224,10.31,10.87,0.0,0.0,91.97,599.75,158.50,106.06,66.54,0.9048,17.7000,-168.9400,0.0000,0.0000,0.8905,0
2758,11:55:29.615,ROI,160,160,224,224,13.87,14.36,0.0,0.0,69.63,598.15,158.13,106.99,69.06,0.9353,16.8300,-169.4500,0.0000,0.0000,0.8888,0
2759,11:55:29.647,ROI,160,160,224,224,13.43,13.91,22.925,0.0,71.90,598.18,158.90,106.34,68.60,0.9720,15.9400,-168.1600,0.0000,0.0000,0.8768,0
2760,11:55:29.669,ROI,160,160,224,224,16.74,17.33,0.0,22.55,57.71,598.18,158.90,106.34,68.60,1.0000,15.9400,-168.1600,0.0000,0.0000,0.8768,0
2761,11:55:29.691,ROI,160,160,224,224,12.08,12.60,0.0,0.0,79.40,597.09,158.66,106.81,69.55,0.9664,16.6200,-168.1400,0.0000,0.0000,0.8926,0
2762,11:55:29.711,ROI,160,160,224,224,10.57,11.10,0.0,0.0,90.11,595.54,159.26,106.53,69.48,0.9550,16.8900,-166.6800,0.0000,0.0000,0.8996,0
2763,11:55:29.744,ROI,160,160,224,224,10.80,11.31,0.0,0.0,88.45,593.85,159.15,106.12,66.95,0.9338,16.5800,-165.8000,0.0000,0.0000,0.8958,0
2764,11:55:29.790,ROI,160,160,224,224,9.94,10.51,0.0,0.0,95.11,591.67,159.87,106.60,66.12,0.9398,16.1600,-165.8600,0.0000,0.0000,0.8783,0
2765,11:55:29.823,ROI,160,160,224,224,10.01,10.68,0.0,0.0,93.60,590.30,160.81,106.50,68.60,0.9399,16.1100,-163.9700,0.0000,0.0000,0.8694,0
2766,11:55:29.856,ROI,160,160,224,224,10.51,11.09,0.0,35.2,90.15,589.90,160.22,106.22,68.94,0.9760,16.8600,-165.6600,0.0000,0.0000,0.8934,0
2767,11:55:29.887,ROI,160,160,224,224,9.08,9.59,0.0,40.725,104.25,588.38,161.23,106.40,67.82,0.9440,16.2100,-164.4800,0.0000,0.0000,0.8812,0
2768,11:55:29.950,ROI,160,160,224,224,11.88,12.43,0.0,0.0,80.48,584.49,162.22,107.70,65.55,0.8999,16.0300,-161.7900,0.0000,0.0000,0.8768,0
2769,11:55:29.983,ROI,160,160,224,224,11.50,11.98,0.0,0.0,83.49,584.01,164.44,109.07,71.05,0.9110,15.9800,-163.4800,0.0000,0.0000,0.8580,0
2770,11:55:30.014,ROI,160,160,224,224,11.03,11.55,0.0,0.0,86.61,582.22,164.97,109.83,70.01,0.9536,15.7600,-162.3600,0.0000,0.0000,0.8720,0
2771,11:55:30.031,ROI,160,160,224,224,11.86,12.38,84.275,0.0,80.78,582.52,163.86,109.13,69.36,0.9626,15.7300,-163.3700,0.0000,0.0000,0.8572,0
2772,11:55:30.049,ROI,160,160,224,224,12.97,13.47,62.65,0.0,74.23,582.46,165.23,109.23,71.92,0.9611,15.5500,-163.6300,0.0000,0.0000,0.8294,0
2773,11:55:30.078,ROI,160,160,224,224,11.21,11.76,24.8,0.0,85.04,581.30,165.10,109.68,70.45,0.9592,16.5800,-162.9600,0.0000,0.0000,0.8765,0
2774,11:55:30.111,ROI,160,160,224,224,12.38,12.90,18.725,0.0,77.50,579.80,166.41,110.43,72.77,0.9383,16.3800,-162.9200,0.0000,0.0000,0.8712,0
2775,11:55:30.143,ROI,160,160,224,224,12.22,12.75,0.0,0.0,78.42,578.93,166.74,107.34,70.88,0.9467,15.7800,-161.5600,0.0000,0.0000,0.8418,0
2776,11:55:30.191,ROI,160,160,224,224,22.09,22.64,0.0,0.0,44.17,578.10,167.19,106.89,70.70,0.9723,15.6100,-161.6300,0.0000,0.0000,0.8434,0
2777,11:55:30.224,ROI,160,160,224,224,18.94,19.50,0.0,0.0,51.29,575.47,166.41,107.37,68.60,0.9245,16.2400,-162.7700,0.0000,0.0000,0.8707,0
2778,11:55:30.257,ROI,160,160,224,224,24.05,24.59,0.0,15.9,40.67,576.86,168.37,108.02,72.41,0.9223,15.0500,-159.1800,0.0000,0.0000,0.7993,0
2779,11:55:30.288,ROI,160,160,224,224,16.86,17.44,0.0,22.4,57.35,574.56,167.41,107.53,70.67,0.9334,17.5300,-159.6500,0.0000,0.0000,0.8562,0
2780,11:55:30.350,ROI,160,160,224,224,10.12,10.72,0.0,36.475,93.30,571.49,168.85,105.64,68.66,0.9068,15.7200,-157.3500,0.0000,0.0000,0.8041,0
2781,11:55:30.383,ROI,160,160,224,224,11.45,11.97,0.0,32.65,83.54,571.14,169.22,108.05,69.72,0.9628,16.6000,-160.1700,0.0000,0.0000,0.8445,0
2782,11:55:30.400,ROI,160,160,224,224,13.84,14.40,0.0,27.125,69.44,571.07,169.28,110.66,70.20,0.9698,16.6200,-158.4300,0.0000,0.0000,0.8416,0
2783,11:55:30.420,ROI,160,160,224,224,10.07,10.59,0.0,0.0,94.42,568.91,169.74,108.35,70.88,0.9492,16.3700,-157.0600,0.0000,0.0000,0.8237,0
2784,11:55:30.447,ROI,160,160,224,224,11.17,11.71,0.0,0.0,85.40,569.55,170.12,106.72,71.71,0.9738,15.7200,-158.3800,0.0000,0.0000,0.7964,0
2785,11:55:30.478,ROI,160,160,224,224,12.19,12.74,0.0,0.0,78.49,567.38,170.42,105.77,70.81,0.9480,16.0700,-154.3400,0.0000,0.0000,0.7944,0
2786,11:55:30.527,ROI,160,160,224,224,12.69,13.23,0.0,29.55,75.61,565.88,172.58,106.65,75.78,0.9090,15.1800,-152.3000,0.0000,0.0000,0.7987,0
2787,11:55:30.558,ROI,160,160,224,224,15.20,15.75,0.0,0.0,63.49,564.38,171.64,105.27,72.30,0.9278,16.5100,-150.1100,0.0000,0.0000,0.8363,0
2788,11:55:30.590,ROI,160,160,224,224,10.19,10.80,0.0,36.15,92.58,561.80,174.00,108.79,75.78,0.8947,15.6600,-148.5100,0.0000,0.0000,0.8656,0
2789,11:55:30.624,ROI,160,160,224,224,11.74,12.26,0.0,0.0,81.58,559.96,173.78,109.26,76.62,0.9564,12.8900,-141.9700,0.0000,0.0000,0.8034,0
2790,11:55:30.655,ROI,160,160,224,224,9.25,9.76,20.35,0.0,102.43,560.86,174.01,108.43,77.74,0.9696,15.7300,-144.5400,0.0000,0.0000,0.8565,0
2791,11:55:30.687,ROI,160,160,224,224,9.96,10.50,0.0,0.0,95.21,557.07,174.45,111.64,77.98,0.9233,16.8600,-143.3400,0.0000,0.0000,0.8708,0
2792,11:55:30.752,ROI,160,160,224,224,9.96,10.49,0.0,0.0,95.31,554.59,176.72,110.88,79.95,0.9041,15.6000,-142.0900,0.0000,0.0000,0.8291,0
2793,11:55:30.769,ROI,160,160,224,224,12.19,12.68,59.175,0.0,78.87,554.14,174.78,108.44,76.86,0.9310,18.4000,-144.0000,0.0000,0.0000,0.8539,0
2794,11:55:30.787,ROI,160,160,224,224,10.29,10.83,0.0,36.075,92.33,553.38,177.36,108.05,80.96,0.9242,16.5000,-139.8300,0.0000,0.0000,0.8304,0
2795,11:55:30.815,ROI,160,160,224,224,12.48,12.98,22.975,30.1,77.02,553.34,176.30,108.82,79.23,0.9671,17.7400,-140.4000,0.0000,0.0000,0.8166,0
2796,11:55:30.848,ROI,160,160,224,224,16.40,16.92,18.825,23.075,59.09,552.37,177.58,106.74,80.89,0.9504,17.6700,-140.3800,0.0000,0.0000,0.8360,0
2797,11:55:30.895,ROI,160,160,224,224,12.60,13.11,0.0,29.8,76.29,551.76,177.35,105.88,80.95,0.9830,18.8600,-138.8300,0.0000,0.0000,0.8567,0
2798,11:55:30.927,ROI,160,160,224,224,12.90,13.45,21.7,0.0,74.36,549.57,179.10,106.62,84.06,0.9204,17.6000,-136.7300,0.0000,0.0000,0.8230,0
2799,11:55:30.960,ROI,160,160,224,224,19.77,20.25,0.0,0.0,49.39,548.52,179.46,106.99,83.62,0.9722,19.7500,-139.2100,0.0000,0.0000,0.8149,0
2800,11:55:30.990,ROI,160,160,224,224,17.82,18.34,78.975,21.3,54.53,546.98,179.95,107.46,84.28,0.9604,18.7500,-138.3200,0.0000,0.0000,0.8232,0
2801,11:55:31.023,ROI,160,160,224,224,21.15,21.69,0.0,18.0,46.10,544.60,181.06,106.27,85.88,0.9325,16.8100,-134.3100,0.0000,0.0000,0.8952,0
2802,11:55:31.055,ROI,160,160,224,224,18.34,18.85,0.0,0.0,53.04,544.87,179.71,105.13,83.19,0.9582,18.5100,-136.1200,0.0000,0.0000,0.8824,0
2803,11:55:31.087,ROI,160,160,224,224,16.30,16.83,0.0,23.225,59.43,542.75,181.76,103.88,85.51,0.9159,15.4800,-128.3200,0.0000,0.0000,0.8801,0
2804,11:55:31.120,ROI,160,160,224,224,19.15,19.69,0.0,19.85,50.79,541.43,182.32,104.34,85.74,0.9623,15.1300,-127.3800,0.0000,0.0000,0.8959,0
2805,11:55:31.151,ROI,160,160,224,224,25.24,25.86,0.0,15.1,38.67,540.64,182.06,103.64,85.11,0.9777,15.4300,-127.9300,0.0000,0.0000,0.8873,0
2806,11:55:31.182,ROI,160,160,224,224,23.32,23.84,0.0,16.4,41.95,538.75,184.42,102.51,87.99,0.9139,15.4800,-123.4600,0.0000,0.0000,0.8905,0
2807,11:55:31.230,ROI,160,160,224,224,16.71,17.24,0.0,22.65,57.99,537.02,185.54,101.91,89.63,0.9430,15.9100,-120.8000,0.0000,0.0000,0.8932,0
2808,11:55:31.263,ROI,160,160,224,224,18.98,19.47,0.0,0.0,51.36,535.92,187.07,101.35,90.05,0.9462,16.2300,-121.3300,0.0000,0.0000,0.8677,0
2809,11:55:31.294,ROI,160,160,224,224,24.04,24.63,0.0,15.8,40.61,536.18,185.73,100.66,86.09,0.9495,15.9500,-125.0600,0.0000,0.0000,0.8866,0
2810,11:55:31.327,ROI,160,160,224,224,32.54,33.11,0.0,11.8,30.20,533.44,187.98,99.05,90.48,0.9010,17.4400,-118.4600,0.0000,0.0000,0.9045,0
2811,11:55:31.368,ROI,160,160,224,224,32.94,33.56,0.0,11.65,29.80,534.44,188.20,97.55,91.00,0.9743,16.5300,-121.0700,0.0000,0.0000,0.9111,0
2812,11:55:31.407,ROI,160,160,224,224,29.67,30.24,66.85,0.0,33.07,532.57,188.87,97.34,90.66,0.9486,17.2700,-119.3300,0.0000,0.0000,0.9285,0
2813,11:55:31.444,ROI,160,160,224,224,35.32,35.86,0.0,21.775,27.88,531.09,189.97,97.90,91.11,0.9471,16.9500,-118.5800,0.0000,0.0000,0.9291,0
2814,11:55:31.488,ROI,160,160,224,224,32.15,32.72,52.475,11.95,30.56,530.13,191.07,97.52,92.47,0.9576,17.3400,-116.9800,0.0000,0.0000,0.9131,0
2815,11:55:31.527,ROI,160,160,224,224,46.23,46.79,0.0,25.05,21.37,531.18,190.66,96.78,91.53,0.9689,16.0100,-117.9000,0.0000,0.0000,0.9072,0
2816,11:55:31.581,ROI,160,160,224,224,39.39,39.94,0.0,19.575,25.04,529.17,192.27,97.66,92.05,0.9272,17.5000,-117.0200,0.0000,0.0000,0.8912,0
2817,11:55:31.626,ROI,160,160,224,224,19.30,19.94,77.475,0.0,50.14,528.69,192.39,94.75,90.78,0.9568,16.5700,-116.8500,0.0000,0.0000,0.9128,0
2818,11:55:31.651,ROI,160,160,192,192,20.49,21.00,0.0,18.6,47.61,527.69,193.34,94.61,87.66,0.9457,18.3900,-118.5000,0.0000,0.0000,0.9602,0
2819,11:55:31.677,ROI,160,160,192,192,20.06,20.58,80.95,0.0,48.60,526.14,193.70,93.40,88.69,0.9565,18.3500,-117.6000,0.0000,0.0000,0.9552,0
2820,11:55:31.702,ROI,160,160,192,192,18.60,19.14,0.0,0.0,52.26,524.54,194.98,93.18,88.97,0.9392,19.0800,-117.0400,0.0000,0.0000,0.9535,0
2821,11:55:31.727,ROI,160,160,192,192,22.03,22.56,0.0,17.325,44.32,524.37,194.06,93.68,88.62,0.9743,17.8700,-117.7500,0.0000,0.0000,0.9408,0
2822,11:55:31.755,ROI,160,160,192,192,21.54,22.11,0.0,0.0,45.22,523.46,195.30,93.77,88.38,0.9540,18.6000,-117.8100,0.0000,0.0000,0.9472,0
2823,11:55:31.782,ROI,160,160,192,192,24.07,24.60,79.95,0.0,40.65,522.96,196.02,92.46,87.16,0.9699,17.5700,-117.7700,0.0000,0.0000,0.9375,0
2824,11:55:31.812,ROI,160,160,192,192,29.75,30.27,82.425,0.0,33.04,522.90,197.28,91.90,87.28,0.9656,17.3700,-117.5400,0.0000,0.0000,0.9340,0
2825,11:55:31.847,ROI,160,160,192,192,25.05,25.58,82.25,0.0,39.10,521.50,198.20,91.60,89.76,0.9435,18.7800,-116.3200,0.0000,0.0000,0.9535,0
2826,11:55:31.877,ROI,160,160,192,192,23.88,24.41,83.2,16.0,40.97,521.08,198.59,91.19,89.99,0.9825,18.4900,-115.4800,0.0000,0.0000,0.9517,0
2827,11:55:31.906,ROI,160,160,192,192,21.94,22.45,86.225,0.0,44.55,521.08,198.59,91.19,89.99,1.0000,18.4900,-115.4800,0.0000,0.0000,0.9517,0
2828,11:55:31.934,ROI,160,160,192,192,20.97,21.59,0.0,18.1,46.32,520.71,199.56,90.48,89.28,0.9706,19.0400,-114.1200,0.0000,0.0000,0.9516,0
2829,11:55:31.967,ROI,160,160,192,192,24.93,25.48,0.0,0.0,39.25,520.31,199.92,91.40,90.52,0.9764,19.6700,-114.2300,0.0000,0.0000,0.9579,0
2830,11:55:31.999,ROI,160,160,192,192,22.14,23.04,0.0,0.0,43.41,519.74,201.15,92.21,90.28,0.9613,19.9800,-113.1700,0.0000,0.0000,0.9433,0
2831,11:55:32.031,ROI,160,160,192,192,23.38,23.90,0.0,16.35,41.85,519.89,202.72,92.87,90.82,0.9592,19.4000,-112.1400,0.0000,0.0000,0.9378,0
2832,11:55:32.064,ROI,160,160,192,192,23.49,24.04,46.875,16.25,41.60,519.28,203.66,92.68,90.48,0.9668,19.5300,-111.1900,0.0000,0.0000,0.9420,0
2833,11:55:32.096,ROI,160,160,192,192,18.88,19.40,47.05,20.15,51.55,518.68,204.08,91.87,90.97,0.9780,19.3000,-111.6500,0.0000,0.0000,0.9382,0
2834,11:55:32.126,ROI,160,160,192,192,18.38,18.92,35.7,0.0,52.86,517.40,205.24,91.72,91.10,0.9485,18.2700,-112.2800,0.0000,0.0000,0.9041,0
2835,11:55:32.159,ROI,160,160,192,192,15.52,16.03,29.175,0.0,62.37,517.11,206.16,91.06,91.57,0.9729,18.3900,-112.0900,0.0000,0.0000,0.9097,0
2836,11:55:32.190,ROI,160,160,192,192,16.47,16.98,0.0,0.0,58.88,516.70,207.42,90.62,91.81,0.9645,18.9800,-109.8400,0.0000,0.0000,0.9122,0
2837,11:55:32.223,ROI,160,160,192,192,13.85,14.38,0.0,0.0,69.53,515.51,208.39,89.44,91.61,0.9536,19.7600,-110.6400,0.0000,0.0000,0.9327,0
2838,11:55:32.255,ROI,160,160,192,192,13.94,14.51,0.0,0.0,68.94,514.03,209.67,87.74,91.52,0.9410,19.2100,-109.8800,0.0000,0.0000,0.9076,0
2839,11:55:32.288,ROI,160,160,192,192,13.44,13.96,0.0,27.975,71.63,515.80,209.64,90.55,93.34,0.9424,18.4800,-110.3300,0.0000,0.0000,0.9082,0
2840,11:55:32.335,ROI,160,160,192,192,11.93,12.44,0.0,0.0,80.41,513.40,210.78,87.84,92.86,0.9253,20.3100,-109.9300,0.0000,0.0000,0.9209,0
2841,11:55:32.367,ROI,160,160,192,192,16.14,16.67,0.0,23.425,59.98,513.82,211.31,90.22,91.42,0.9590,19.2700,-109.6800,0.0000,0.0000,0.9198,0
2842,11:55:32.400,ROI,160,160,192,192,16.95,17.58,0.0,0.0,56.87,513.47,212.62,90.17,90.96,0.9643,19.2300,-109.2200,0.0000,0.0000,0.9148,0
2843,11:55:32.430,ROI,160,160,192,192,18.26,18.75,0.0,20.825,53.33,511.40,213.52,87.34,92.00,0.9364,19.9600,-108.5900,0.0000,0.0000,0.9048,0
2844,11:55:32.463,ROI,160,160,192,192,18.25,18.76,0.0,0.0,53.31,510.96,214.93,88.55,92.39,0.9568,20.3600,-108.5500,0.0000,0.0000,0.9162,0
2845,11:55:32.496,ROI,160,160,192,192,18.02,18.54,27.175,21.075,53.93,510.66,215.26,86.75,92.26,0.9728,18.9400,-107.4900,0.0000,0.0000,0.8951,0
2846,11:55:32.527,ROI,160,160,192,192,23.19,23.77,0.0,16.425,42.07,509.66,216.55,86.11,92.75,0.9507,19.1700,-106.8900,0.0000,0.0000,0.8912,0
2847,11:55:32.559,ROI,160,160,192,192,16.84,17.34,0.0,22.525,57.65,509.07,217.74,87.13,94.33,0.9617,19.7800,-107.7800,0.0000,0.0000,0.9138,0
2848,11:55:32.590,ROI,160,160,192,192,16.87,17.37,0.0,22.475,57.57,508.39,220.12,86.80,96.59,0.9369,19.9400,-104.9600,0.0000,0.0000,0.9008,0
2849,11:55:32.625,ROI,160,160,224,224,28.53,29.13,0.0,13.4,34.32,507.79,222.11,88.76,97.55,0.9388,16.2900,-103.3800,0.0000,0.0000,0.8371,0
2850,11:55:32.662,ROI,160,160,224,224,23.50,24.04,51.625,16.25,41.60,507.13,224.00,87.75,98.39,0.9481,16.7300,-101.8100,0.0000,0.0000,0.8615,0
2851,11:55:32.704,ROI,160,160,224,224,24.88,25.50,0.0,0.0,39.21,506.62,225.08,88.76,99.27,0.9674,17.7900,-103.4800,0.0000,0.0000,0.8935,0
2852,11:55:32.736,ROI,160,160,224,224,20.01,20.59,0.0,18.975,48.56,506.67,225.77,87.22,99.26,0.9692,17.3200,-103.1300,0.0000,0.0000,0.9150,0
2853,11:55:32.769,ROI,160,160,224,224,17.12,17.62,32.1,22.175,56.74,506.52,227.02,87.67,99.72,0.9703,16.5000,-100.0300,0.0000,0.0000,0.8585,0
2854,11:55:32.799,ROI,160,160,224,224,11.45,11.95,0.0,0.0,83.67,505.99,228.15,87.50,100.37,0.9660,17.0900,-101.8800,0.0000,0.0000,0.8938,0
2855,11:55:32.830,ROI,160,160,224,224,13.70,14.23,0.0,27.45,70.26,505.91,229.47,86.79,99.30,0.9660,17.6400,-97.8300,0.0000,0.0000,0.8869,0
2856,11:55:32.863,ROI,160,160,224,224,28.08,28.70,0.0,0.0,34.84,504.71,230.40,85.46,99.22,0.9546,17.4400,-97.4300,0.0000,0.0000,0.8967,0
2857,11:55:32.897,ROI,160,160,224,224,22.00,22.70,0.0,17.2,44.05,503.68,231.92,84.17,98.80,0.9469,15.9100,-95.1400,0.0000,0.0000,0.8800,0
2858,11:55:32.927,ROI,160,160,224,224,18.04,18.70,52.5,0.0,53.46,504.40,232.99,86.73,99.62,0.9499,15.5400,-94.9100,0.0000,0.0000,0.8468,0
2859,11:55:32.959,ROI,160,160,224,224,15.00,15.92,0.0,0.0,62.80,504.11,233.81,87.28,98.85,0.9772,15.7500,-95.2200,0.0000,0.0000,0.8640,0
2860,11:55:32.992,ROI,160,160,224,224,16.85,17.42,0.0,22.425,57.42,504.00,234.83,87.47,98.94,0.9769,16.2100,-95.1200,0.0000,0.0000,0.8819,0
2861,11:55:33.024,ROI,160,160,224,224,17.69,18.23,0.0,21.425,54.85,504.14,235.34,85.51,99.02,0.9677,17.3400,-93.8500,0.0000,0.0000,0.9071,0
2862,11:55:33.071,ROI,160,160,224,224,15.48,16.05,0.0,24.35,62.31,503.83,236.19,85.20,100.35,0.9762,17.9300,-93.1700,0.0000,0.0000,0.9237,0
2863,11:55:33.103,ROI,160,160,224,224,17.41,17.94,0.0,21.775,55.74,503.63,237.71,85.08,99.39,0.9655,16.5900,-92.7000,0.0000,0.0000,0.9068,0
2864,11:55:33.135,ROI,160,160,224,224,12.12,12.88,0.0,30.325,77.61,504.05,238.06,86.44,97.54,0.9663,17.4700,-94.6400,0.0000,0.0000,0.9077,0
2865,11:55:33.167,ROI,160,160,224,224,14.17,14.74,0.0,0.0,67.86,504.10,239.02,85.51,98.29,0.9703,17.9700,-92.0900,0.0000,0.0000,0.9268,0
2866,11:55:33.198,ROI,160,160,224,224,21.94,22.52,0.0,0.0,44.40,503.68,240.22,84.01,97.43,0.9589,16.7200,-90.8800,0.0000,0.0000,0.9093,0
2867,11:55:33.231,ROI,160,160,224,224,31.40,31.94,0.0,0.0,31.31,503.80,242.88,84.74,98.76,0.9391,17.3400,-90.4300,0.0000,0.0000,0.9040,0
2868,11:55:33.269,ROI,160,160,224,224,16.50,17.04,0.0,45.85,58.67,504.39,243.29,83.50,97.40,0.9717,17.3200,-89.3200,0.0000,0.0000,0.9130,0
2869,11:55:33.296,ROI,160,160,224,224,23.10,23.65,0.0,16.525,42.27,503.45,244.04,85.23,97.90,0.9634,18.0700,-90.3100,0.0000,0.0000,0.9058,0
2870,11:55:33.327,ROI,160,160,224,224,20.47,21.01,0.0,18.6,47.59,504.16,244.77,83.30,97.62,0.9629,17.1500,-89.4800,0.0000,0.0000,0.9007,0
2871,11:55:33.358,ROI,160,160,224,224,11.53,12.15,0.0,0.0,82.32,503.87,244.91,84.03,99.36,0.9740,18.1800,-88.3900,0.0000,0.0000,0.9123,0
2872,11:55:33.407,ROI,160,160,224,224,12.28,12.83,10.775,0.0,77.92,503.77,245.30,82.61,98.15,0.9713,17.2900,-88.1300,0.0000,0.0000,0.9045,0
2873,11:55:33.439,ROI,160,160,224,224,10.68,11.31,19.95,0.0,88.44,503.81,246.29,83.97,100.35,0.9623,18.0600,-87.9300,0.0000,0.0000,0.9210,0
2874,11:55:33.471,ROI,160,160,224,224,15.67,16.21,0.0,0.0,61.70,503.29,247.37,86.09,99.76,0.9549,18.2200,-88.2800,0.0000,0.0000,0.9174,0
2875,11:55:33.504,ROI,160,160,224,224,14.32,14.87,0.0,26.275,67.24,503.36,249.44,84.13,98.85,0.9378,17.2800,-86.8300,0.0000,0.0000,0.8949,0
2876,11:55:33.536,ROI,160,160,224,224,13.12,13.66,0.0,0.0,73.22,504.15,249.62,85.01,99.05,0.9781,17.0300,-87.3000,0.0000,0.0000,0.8849,0
2877,11:55:33.567,ROI,160,160,224,224,12.54,13.04,22.475,0.0,76.66,503.52,250.97,86.90,99.29,0.9521,18.5900,-87.7900,0.0000,0.0000,0.9157,0
2878,11:55:33.600,ROI,160,160,224,224,14.59,15.23,0.0,0.0,65.65,503.08,253.01,84.69,98.28,0.9355,16.8100,-85.4600,0.0000,0.0000,0.8636,0
2879,11:55:33.630,ROI,160,160,224,224,14.08,14.63,0.0,26.7,68.33,503.22,252.82,83.20,95.75,0.9571,15.1300,-85.5600,0.0000,0.0000,0.8291,0
2880,11:55:33.663,ROI,160,160,192,192,12.86,13.39,0.0,29.175,74.69,504.79,255.30,86.12,99.85,0.9162,18.8400,-85.7700,0.0000,0.0000,0.8872,0
2881,11:55:33.695,ROI,160,160,224,224,17.68,18.22,0.0,0.0,54.88,504.71,255.25,85.09,98.06,0.9702,17.0100,-82.1500,0.0000,0.0000,0.8841,0
2882,11:55:33.727,ROI,160,160,224,224,17.16,17.74,0.0,22.025,56.36,504.71,255.25,85.09,98.06,1.0000,17.0100,-82.1500,0.0000,0.0000,0.8841,0
2883,11:55:33.760,ROI,160,160,224,224,17.06,17.50,0.0,44.625,57.13,504.71,256.37,84.20,97.59,0.9672,16.9600,-81.8400,0.0000,0.0000,0.8954,0
2884,11:55:33.808,ROI,160,160,224,224,26.09,26.66,0.0,0.0,37.50,504.87,258.45,85.25,100.34,0.9471,17.3200,-80.4500,0.0000,0.0000,0.9050,0
2885,11:55:33.842,ROI,160,160,224,224,32.40,32.96,0.0,11.85,30.34,506.27,258.84,85.36,99.82,0.9603,18.5700,-81.0000,0.0000,0.0000,0.9096,0
2886,11:55:33.883,ROI,160,160,224,224,22.68,23.50,0.0,0.0,42.56,507.51,262.07,84.55,103.24,0.9121,17.3100,-78.5500,0.0000,0.0000,0.9157,0
2887,11:55:33.912,ROI,160,160,224,224,32.43,33.00,0.0,0.0,30.30,507.53,263.47,83.76,100.81,0.9640,17.6100,-78.0500,0.0000,0.0000,0.9156,0
2888,11:55:33.951,ROI,160,160,224,224,23.07,23.75,0.0,0.0,42.10,507.06,263.25,84.94,100.94,0.9819,18.0900,-78.0200,0.0000,0.0000,0.9060,0
2889,11:55:33.980,ROI,160,160,224,224,22.62,23.17,0.0,0.0,43.15,507.17,265.93,85.83,104.75,0.9395,18.2900,-76.5900,0.0000,0.0000,0.9196,0
2890,11:55:34.008,ROI,160,160,224,224,25.47,26.08,0.0,29.95,38.34,507.78,266.68,84.14,103.33,0.9662,17.8700,-76.8800,0.0000,0.0000,0.9038,0
2891,11:55:34.040,ROI,160,160,224,224,23.90,24.46,0.0,15.975,40.89,507.70,268.51,86.63,104.08,0.9380,17.9000,-76.1300,0.0000,0.0000,0.8910,0
2892,11:55:34.071,ROI,160,160,224,224,18.85,19.42,0.0,20.125,51.50,508.65,270.39,87.71,103.36,0.9438,18.0500,-77.2300,0.0000,0.0000,0.9012,0
2893,11:55:34.095,ROI,160,160,224,224,21.71,22.37,72.175,17.45,44.71,509.68,270.80,86.32,103.87,0.9692,17.9400,-76.7700,0.0000,0.0000,0.9118,0
2894,11:55:34.127,ROI,160,160,224,224,18.40,18.96,41.875,0.0,52.74,509.50,271.33,87.00,104.48,0.9822,18.1100,-75.8400,0.0000,0.0000,0.9207,0
2895,11:55:34.176,ROI,160,160,224,224,16.01,16.65,0.0,0.0,60.04,509.87,272.55,87.11,103.05,0.9687,17.6700,-74.4100,0.0000,0.0000,0.9124,0
2896,11:55:34.208,ROI,160,160,224,224,15.06,15.65,0.0,0.0,63.90,510.54,273.43,84.97,101.77,0.9590,17.1100,-75.1500,0.0000,0.0000,0.9075,0
2897,11:55:34.238,ROI,160,160,224,224,25.26,25.92,0.0,15.075,38.57,510.62,274.67,85.92,101.86,0.9653,17.2200,-72.7100,0.0000,0.0000,0.8908,0
2898,11:55:34.271,ROI,160,160,224,224,20.32,21.27,0.0,0.0,47.01,510.60,277.65,88.16,104.99,0.9202,17.4800,-72.9700,0.0000,0.0000,0.8936,0
2899,11:55:34.303,ROI,160,160,224,224,20.25,21.22,0.0,18.4,47.12,512.11,279.62,88.42,104.06,0.9313,16.1300,-71.4800,0.0000,0.0000,0.8620,0
2900,11:55:34.335,ROI,160,160,224,224,19.31,19.92,0.0,0.0,50.19,511.90,279.69,89.60,104.69,0.9809,17.6200,-74.2900,0.0000,0.0000,0.9134,0
2901,11:55:34.367,ROI,160,160,224,224,19.64,20.20,31.825,19.35,49.51,512.36,280.62,88.66,103.35,0.9719,16.5400,-71.4600,0.0000,0.0000,0.8889,0
2902,11:55:34.398,ROI,160,160,224,224,26.38,26.93,0.0,0.0,37.13,513.72,282.98,89.19,106.20,0.9276,16.5700,-71.1600,0.0000,0.0000,0.8956,0
2903,11:55:34.431,ROI,160,160,224,224,20.46,21.41,0.0,0.0,46.70,515.06,283.26,90.51,102.86,0.9408,16.8400,-69.5100,0.0000,0.0000,0.8826,0
2904,11:55:34.465,ROI,160,160,224,224,14.04,14.59,0.0,0.0,68.53,516.67,284.13,90.66,101.58,0.9490,17.4800,-69.6000,0.0000,0.0000,0.8894,0
2905,11:55:34.495,ROI,160,160,224,224,20.09,20.65,0.0,37.85,48.44,517.32,284.92,92.11,101.30,0.9693,18.0500,-70.2500,0.0000,0.0000,0.9144,0
2906,11:55:34.544,ROI,160,160,224,224,24.20,24.77,0.0,15.775,40.37,518.51,286.34,94.65,101.39,0.9466,17.8700,-66.9300,0.0000,0.0000,0.8828,0
2907,11:55:34.576,ROI,160,160,224,224,19.87,20.51,0.0,19.05,48.75,518.56,287.53,94.33,104.89,0.9635,17.6300,-67.8900,0.0000,0.0000,0.9135,0
2908,11:55:34.608,ROI,160,160,224,224,19.22,19.81,0.0,0.0,50.48,519.33,288.40,94.93,101.77,0.9549,16.8100,-68.4200,0.0000,0.0000,0.8960,0
2909,11:55:34.639,ROI,160,160,224,224,20.03,20.62,0.0,0.0,48.49,521.04,290.49,96.95,103.95,0.9269,16.4800,-65.5900,0.0000,0.0000,0.8562,0
2910,11:55:34.672,ROI,160,160,224,224,15.83,16.31,0.0,0.0,61.32,521.78,291.02,95.84,103.10,0.9748,16.9600,-63.0600,0.0000,0.0000,0.8780,0
2911,11:55:34.703,ROI,160,160,224,224,11.25,11.79,0.0,0.0,84.83,523.48,293.13,98.84,103.80,0.9278,16.6000,-64.6200,0.0000,0.0000,0.8519,0
2912,11:55:34.735,ROI,160,160,224,224,19.64,20.12,19.225,0.0,49.70,522.94,293.62,97.23,102.51,0.9715,15.9700,-64.6300,0.0000,0.0000,0.8308,0
2913,11:55:34.768,ROI,160,160,224,224,19.16,19.68,30.45,0.0,50.81,523.81,293.39,97.69,102.73,0.9782,16.6200,-63.3500,0.0000,0.0000,0.8351,0
2914,11:55:34.799,ROI,160,160,224,224,21.04,21.50,36.775,0.0,46.52,524.19,294.96,98.38,103.66,0.9626,15.8200,-65.1600,0.0000,0.0000,0.8328,0
2915,11:55:34.832,ROI,160,160,224,224,14.39,15.00,0.0,26.075,66.67,525.65,296.27,99.05,103.53,0.9469,15.2200,-62.8300,0.0000,0.0000,0.8353,0
2916,11:55:34.864,ROI,160,160,224,224,11.73,12.18,0.0,0.0,82.12,527.97,298.60,102.48,105.56,0.9139,16.3300,-63.8400,0.0000,0.0000,0.8453,0
2917,11:55:34.910,ROI,160,160,224,224,17.47,17.92,22.875,0.0,55.82,528.34,300.09,102.90,106.96,0.9655,16.0300,-63.0400,0.0000,0.0000,0.8317,0
2918,11:55:34.943,ROI,160,160,224,224,25.27,25.76,0.0,0.0,38.83,529.64,301.65,103.53,107.70,0.9475,16.4200,-63.5900,0.0000,0.0000,0.8408,0
2919,11:55:34.976,ROI,160,160,224,224,26.20,27.58,0.0,14.15,36.26,529.25,302.30,105.52,109.12,0.9684,16.3600,-61.9700,0.0000,0.0000,0.8630,0
2920,11:55:35.011,ROI,160,160,224,224,30.47,31.13,0.0,0.0,32.12,530.13,303.62,106.58,108.84,0.9601,17.4500,-59.6500,0.0000,0.0000,0.8719,0
2921,11:55:35.052,ROI,160,160,224,224,26.80,27.55,43.15,14.175,36.30,530.73,305.27,108.15,110.07,0.9565,16.8200,-56.5300,0.0000,0.0000,0.8399,0
2922,11:55:35.087,ROI,160,160,224,224,24.31,25.00,0.0,31.25,40.00,531.58,305.63,107.60,109.63,0.9779,16.8200,-51.8800,0.0000,0.0000,0.8612,0
2923,11:55:35.119,ROI,160,160,224,224,10.26,10.84,0.0,36.075,92.28,532.16,307.38,108.86,108.49,0.9574,15.9800,-48.3900,0.0000,0.0000,0.8556,0
2924,11:55:35.136,ROI,160,160,224,224,10.24,10.73,0.0,36.4,93.18,532.92,308.32,109.21,110.32,0.9695,17.0800,-50.0900,0.0000,0.0000,0.8811,0
2925,11:55:35.167,ROI,160,160,224,224,12.92,13.60,0.0,0.0,73.51,533.51,308.17,108.99,108.57,0.9737,17.6900,-49.7200,0.0000,0.0000,0.8806,0
2926,11:55:35.198,ROI,160,160,224,224,13.37,13.94,0.0,0.0,71.75,535.00,309.88,110.91,107.62,0.9434,16.0500,-46.3600,0.0000,0.0000,0.8567,0
2927,11:55:35.247,ROI,160,160,224,224,13.59,14.06,11.225,0.0,71.12,534.72,310.58,112.43,108.96,0.9737,17.2200,-51.6400,0.0000,0.0000,0.8488,0
2928,11:55:35.279,ROI,160,160,256,256,13.88,14.33,22.275,0.0,69.79,536.32,312.38,110.45,105.39,0.9397,17.0300,-41.4300,0.0000,0.0000,0.8407,0
2929,11:55:35.311,ROI,160,160,224,224,16.23,16.82,0.0,0.0,59.45,537.27,313.13,110.88,107.91,0.9601,17.0500,-42.9300,0.0000,0.0000,0.8748,0
2930,11:55:35.345,ROI,160,160,224,224,21.53,22.05,0.0,0.0,45.36,538.67,313.88,113.89,108.14,0.9603,16.6100,-41.5500,0.0000,0.0000,0.8614,0
2931,11:55:35.375,ROI,160,160,256,256,19.40,20.20,48.825,19.35,49.51,539.06,312.82,113.09,103.65,0.9517,18.1500,-38.1000,0.0000,0.0000,0.8290,0
2932,11:55:35.407,ROI,160,160,256,256,17.65,18.19,33.65,0.0,54.96,539.46,314.98,111.15,104.48,0.9434,17.9100,-39.7100,0.0000,0.0000,0.8393,0
2933,11:55:35.441,ROI,160,160,224,224,28.41,29.00,0.0,0.0,34.49,542.56,315.95,116.84,105.74,0.9300,16.0500,-36.4100,0.0000,0.0000,0.8360,0
2934,11:55:35.477,ROI,160,160,256,256,26.01,26.61,0.0,44.05,37.58,542.75,316.95,116.34,105.34,0.9769,18.0800,-36.5800,0.0000,0.0000,0.7936,0
2935,11:55:35.510,ROI,160,160,256,256,24.52,25.09,0.0,0.0,39.86,545.26,317.92,119.25,104.99,0.9412,18.5000,-35.0500,0.0000,0.0000,0.7988,0
2936,11:55:35.540,ROI,160,160,256,256,21.01,21.62,0.0,36.075,46.26,545.40,319.72,117.33,105.55,0.9511,17.7900,-34.1000,0.0000,0.0000,0.8010,0
2937,11:55:35.569,ROI,160,160,256,256,24.17,24.76,0.0,15.775,40.39,544.41,318.22,116.27,100.86,0.9397,17.9600,-30.7400,0.0000,0.0000,0.8240,0
2938,11:55:35.601,ROI,160,160,256,256,27.69,28.30,0.0,13.8,35.33,548.10,321.12,119.62,104.88,0.8888,18.3800,-36.2100,0.0000,0.0000,0.8099,0
2939,11:55:35.647,ROI,160,160,256,256,26.08,26.68,0.0,14.65,37.48,548.66,322.44,121.47,104.77,0.9604,17.4000,-31.2800,0.0000,0.0000,0.8176,0
2940,11:55:35.680,ROI,160,160,256,256,24.03,24.62,0.0,0.0,40.61,551.30,324.83,125.47,108.11,0.9164,16.9000,-32.2800,0.0000,0.0000,0.7895,0
2941,11:55:35.712,ROI,160,160,256,256,25.92,26.51,0.0,14.75,37.73,552.17,326.21,123.44,108.56,0.9594,16.2200,-29.8200,0.0000,0.0000,0.7972,0
2942,11:55:35.745,ROI,160,160,256,256,22.17,22.76,0.0,17.175,43.94,552.98,327.49,124.24,108.43,0.9642,16.3200,-29.8800,0.0000,0.0000,0.8262,0
2943,11:55:35.777,ROI,160,160,256,256,27.21,27.82,0.0,28.075,35.94,552.51,328.23,124.21,110.26,0.9762,16.4200,-31.0600,0.0000,0.0000,0.8242,0
2944,11:55:35.812,ROI,160,160,256,256,25.27,25.87,0.0,15.1,38.65,554.14,329.86,125.15,110.50,0.9463,16.3100,-30.6600,0.0000,0.0000,0.8086,0
2945,11:55:35.844,ROI,160,160,256,256,31.85,32.46,0.0,24.075,30.81,555.09,331.22,124.53,111.47,0.9612,16.4800,-31.1800,0.0000,0.0000,0.8086,0
2946,11:55:35.884,ROI,160,160,256,256,29.25,29.90,0.0,13.075,33.44,555.86,331.82,122.61,110.35,0.9741,16.1700,-31.6000,0.0000,0.0000,0.8148,0
2947,11:55:35.921,ROI,160,160,256,256,23.03,23.67,57.65,0.0,42.25,555.86,331.82,122.61,110.35,1.0000,16.1700,-31.6000,0.0000,0.0000,0.8148,0
2948,11:55:35.951,ROI,160,160,256,256,26.49,27.12,0.0,14.4,36.87,558.49,332.55,125.18,110.05,0.9461,16.8600,-29.1900,0.0000,0.0000,0.8385,0
2949,11:55:35.985,ROI,160,160,256,256,20.06,20.62,0.0,0.0,48.50,559.14,332.90,125.10,109.44,0.9835,16.4400,-29.4800,0.0000,0.0000,0.8247,0
2950,11:55:36.015,ROI,160,160,256,256,21.67,22.31,0.0,0.0,44.82,560.78,333.97,127.97,110.29,0.9557,16.4600,-28.7500,0.0000,0.0000,0.8320,0
2951,11:55:36.047,ROI,160,160,256,256,25.42,26.04,0.0,0.0,38.41,562.98,334.31,130.78,111.34,0.9574,16.3100,-27.5900,0.0000,0.0000,0.8581,0
2952,11:55:36.081,ROI,160,160,288,288,19.61,20.22,0.0,19.325,49.45,566.00,335.30,131.33,112.05,0.9386,16.4300,-29.6700,0.0000,0.0000,0.8038,0
2953,11:55:36.112,ROI,160,160,288,288,32.46,33.56,0.0,11.65,29.79,567.03,335.99,130.88,108.79,0.9558,16.4000,-27.8600,0.0000,0.0000,0.7922,0
2954,11:55:36.154,ROI,160,160,288,288,35.39,36.03,0.0,86.725,27.75,568.94,335.83,132.34,105.98,0.9468,16.0800,-27.5200,0.0000,0.0000,0.8124,0
2955,11:55:36.196,ROI,160,160,288,288,34.83,35.44,0.0,22.05,28.22,568.25,335.45,132.52,105.79,0.9826,16.0500,-27.1300,0.0000,0.0000,0.7724,0
2956,11:55:36.240,ROI,160,160,288,288,22.91,23.52,45.75,16.625,42.52,569.37,336.24,131.99,103.72,0.9641,16.0500,-27.7900,0.0000,0.0000,0.8191,0
2957,11:55:36.277,ROI,160,160,288,288,21.42,22.09,30.625,35.35,45.27,571.05,336.70,134.44,105.88,0.9552,16.0000,-27.4300,0.0000,0.0000,0.7912,0
2958,11:55:36.306,ROI,160,160,288,288,18.66,19.25,0.0,20.3,51.94,571.47,336.77,132.28,104.60,0.9721,15.9000,-26.1800,0.0000,0.0000,0.7704,0
2959,11:55:36.335,ROI,160,160,288,288,21.67,22.26,0.0,17.55,44.92,573.02,337.03,132.80,102.80,0.9603,16.3600,-25.8000,0.0000,0.0000,0.8226,0
2960,11:55:36.364,ROI,160,160,288,288,22.59,23.21,0.0,16.825,43.09,576.53,336.91,134.78,102.49,0.9461,15.9600,-24.2600,0.0000,0.0000,0.8136,0
2961,11:55:36.395,ROI,160,160,288,288,29.39,30.02,0.0,26.025,33.31,577.94,339.08,135.14,103.37,0.9392,16.9600,-24.2400,0.0000,0.0000,0.8478,0
2962,11:55:36.433,ROI,160,160,288,288,22.72,23.51,0.0,0.0,42.54,578.87,338.51,134.51,99.31,0.9477,16.5600,-23.6000,0.0000,0.0000,0.8436,0
2963,11:55:36.464,ROI,160,160,288,288,21.96,22.60,0.0,17.275,44.25,580.47,339.93,134.32,99.58,0.9495,16.8000,-23.4400,0.0000,0.0000,0.8533,0
2964,11:55:36.494,ROI,160,160,288,288,26.73,27.49,0.0,14.2,36.38,582.12,339.11,135.00,98.50,0.9599,17.3100,-22.7300,0.0000,0.0000,0.8576,0
2965,11:55:36.529,ROI,160,160,288,288,35.08,35.72,0.0,10.925,27.99,583.98,339.74,135.00,95.00,0.9388,17.3300,-19.5300,0.0000,0.0000,0.8752,0
2966,11:55:36.572,ROI,160,160,288,288,27.77,28.50,216.375,13.7,35.09,585.41,340.80,136.67,95.60,0.9577,17.6700,-20.6600,0.0000,0.0000,0.8969,0
2967,11:55:36.609,ROI,160,160,288,288,41.85,42.44,45.575,18.4,23.56,587.05,343.04,136.12,96.19,0.9322,16.3200,-18.0800,0.0000,0.0000,0.8744,0
2968,11:55:36.659,ROI,160,160,288,288,34.93,35.52,51.1,11.0,28.16,587.16,342.33,134.96,94.21,0.9711,17.1500,-18.7600,0.0000,0.0000,0.8721,0
2969,11:55:36.703,ROI,160,160,288,288,27.01,27.97,46.425,13.975,35.76,586.37,342.59,134.30,93.64,0.9823,16.8600,-18.0900,0.0000,0.0000,0.8844,0
2970,11:55:36.739,ROI,160,160,288,288,24.56,25.18,50.725,31.025,39.71,589.49,343.73,135.13,93.19,0.9323,17.2400,-17.8600,0.0000,0.0000,0.8881,0
2971,11:55:36.771,ROI,160,160,288,288,27.37,27.86,0.0,0.0,35.90,591.39,342.98,134.64,91.67,0.9566,17.5800,-18.7600,0.0000,0.0000,0.8744,0
2972,11:55:36.806,ROI,160,160,288,288,41.80,42.51,0.0,45.95,23.53,594.92,345.33,135.23,94.86,0.9035,16.7800,-16.2300,0.0000,0.0000,0.8788,0
2973,11:55:36.856,ROI,160,160,288,288,31.75,32.44,0.0,12.05,30.83,596.20,346.33,135.14,93.91,0.9609,16.0700,-18.1000,0.0000,0.0000,0.8598,0
2974,11:55:36.897,ROI,160,160,288,288,39.28,40.03,0.0,0.0,24.98,596.04,345.33,135.38,93.29,0.9766,15.3600,-17.1800,2.2700,-15.7000,0.8776,0
2975,11:55:36.946,ROI,160,160,288,288,36.84,37.58,0.0,20.8,26.61,601.83,348.01,133.15,93.26,0.8681,15.2800,-15.2100,2.3600,-12.4900,0.8477,0
2976,11:55:36.991,ROI,160,160,288,288,45.11,46.27,0.0,16.875,21.61,604.87,348.11,131.94,93.40,0.9532,14.7200,-13.5700,0.0000,0.0000,0.8521,0
2977,11:55:37.045,ROI,160,160,288,288,40.12,40.75,0.0,28.75,24.54,604.79,348.45,133.87,93.67,0.9785,15.0500,-13.7700,2.3600,-2.0600,0.8622,0
2978,11:55:37.092,ROI,160,160,288,288,36.85,37.56,0.0,0.0,26.62,604.79,348.45,133.87,93.67,1.0000,15.0500,-13.7700,2.3600,-2.0600,0.8622,0
2979,11:55:37.138,ROI,160,160,288,288,27.23,27.94,0.0,0.0,35.79,606.86,349.08,132.86,93.49,0.9567,15.1000,-13.5900,2.7200,-1.9000,0.8607,0
2980,11:55:37.175,ROI,160,160,288,288,30.20,30.71,0.0,0.0,32.57,609.38,349.77,134.15,94.07,0.9490,15.7000,-13.5300,2.8200,-2.5600,0.8846,0
2981,11:55:37.212,ROI,160,160,288,288,41.43,42.53,0.0,9.175,23.51,613.75,351.09,133.76,96.34,0.9122,15.3300,-13.5600,2.0900,-3.1100,0.8847,0
2982,11:55:37.262,ROI,160,160,288,288,24.13,24.73,0.0,15.8,40.43,615.75,350.19,132.73,95.13,0.9526,16.6900,-8.3800,0.0000,0.0000,0.8715,0
2983,11:55:37.294,ROI,160,160,288,288,25.57,26.08,0.0,14.975,38.34,615.47,350.81,133.88,95.62,0.9786,16.6500,-12.1600,0.0000,0.0000,0.8758,0
2984,11:55:37.327,ROI,160,160,288,288,25.49,26.17,0.0,0.0,38.21,617.77,351.73,132.41,95.45,0.9479,16.3500,-12.4600,0.0000,0.0000,0.8586,0
2985,11:55:37.360,ROI,160,160,288,288,30.49,31.14,0.0,12.55,32.11,624.88,352.85,133.94,97.13,0.8788,14.9800,-10.4200,0.0000,0.0000,0.8554,0
2986,11:55:37.400,ROI,160,160,288,288,22.70,23.73,0.0,16.475,42.15,627.33,352.18,134.51,97.88,0.9512,16.5900,-6.3800,2.3900,-0.0600,0.8460,0
2987,11:55:37.431,ROI,160,160,288,288,30.21,31.23,0.0,0.0,32.02,626.93,352.95,132.73,97.61,0.9713,16.9100,-9.0100,0.0000,0.0000,0.8436,0
2988,11:55:37.470,ROI,160,160,288,288,26.53,27.27,0.0,14.325,36.67,629.02,352.67,133.27,97.43,0.9634,16.2100,-7.8800,2.1200,-1.6200,0.8124,0
2989,11:55:37.506,ROI,160,160,288,288,26.75,27.42,0.0,42.75,36.47,631.88,353.12,134.46,98.06,0.9496,16.0900,-8.0400,0.0000,0.0000,0.8138,0
2990,11:55:37.552,ROI,160,160,288,288,28.02,28.75,20.3,13.6,34.79,636.06,354.69,134.24,99.67,0.9111,15.8200,-7.5400,2.1800,-2.8200,0.8272,0
2991,11:55:37.589,ROI,160,160,288,288,26.66,27.36,0.0,42.85,36.55,636.94,353.78,132.12,98.68,0.9664,17.7900,-5.0600,0.0000,0.0000,0.9061,0
2992,11:55:37.626,ROI,160,160,288,288,30.07,30.84,0.0,25.325,32.43,636.52,354.19,133.92,99.54,0.9780,16.5600,-5.6400,0.0000,0.0000,0.8674,0
2993,11:55:37.665,ROI,160,160,288,288,31.19,31.87,0.0,12.25,31.38,639.44,354.31,132.64,99.05,0.9526,17.4200,-4.6000,0.0000,0.0000,0.8922,0
2994,11:55:37.706,ROI,160,160,288,288,25.48,26.30,0.0,14.85,38.03,641.79,354.34,133.16,98.12,0.9563,17.7400,-6.6200,0.0000,0.0000,0.8937,0
2995,11:55:37.740,ROI,160,160,288,288,18.03,18.82,0.0,0.0,53.13,644.42,353.84,134.75,99.81,0.9454,18.3600,-2.1200,0.0000,0.0000,0.9251,0
2996,11:55:37.765,ROI,160,160,288,288,25.17,25.84,0.0,0.0,38.70,642.63,354.60,133.43,98.64,0.9589,17.1000,-6.6900,0.0000,0.0000,0.8621,0
2997,11:55:37.798,ROI,160,160,288,288,22.89,23.55,54.6,0.0,42.46,647.04,353.41,134.05,98.08,0.9144,18.1400,-4.5300,0.0000,0.0000,0.8998,0
2998,11:55:37.827,ROI,160,160,288,288,16.62,17.21,0.0,0.0,58.12,647.61,354.91,134.35,97.83,0.9617,17.9500,-1.2000,0.0000,0.0000,0.9084,0
2999,11:55:37.853,ROI,160,160,288,288,20.30,20.96,0.0,18.625,47.70,648.64,354.25,135.16,96.80,0.9718,17.0100,-4.5600,0.0000,0.0000,0.8895,0
3000,11:55:37.881,ROI,160,160,288,288,17.91,18.61,0.0,21.0,53.73,651.60,354.92,134.60,97.97,0.9443,18.0400,-2.7900,0.0000,0.0000,0.8894,0
3001,11:55:37.907,ROI,160,160,288,288,22.32,23.01,0.0,0.0,43.45,651.99,355.46,133.20,97.06,0.9787,17.8500,-2.5200,0.0000,0.0000,0.8900,0
3002,11:55:37.952,ROI,160,160,288,288,18.28,18.97,0.0,0.0,52.71,656.44,355.81,135.86,96.32,0.9292,16.6400,-1.1700,0.0000,0.0000,0.8299,0
3003,11:55:37.984,ROI,160,160,288,288,24.33,25.22,0.0,0.0,39.65,661.06,355.36,134.73,94.99,0.9214,18.7200,2.1200,0.0000,0.0000,0.8637,0
3004,11:55:38.017,ROI,160,160,288,288,25.00,25.83,50.2,75.625,38.71,660.01,355.56,134.96,94.86,0.9805,18.4200,0.3700,0.0000,0.0000,0.8659,0
3005,11:55:38.052,ROI,160,160,288,288,31.87,32.63,0.0,23.95,30.64,663.11,355.23,135.02,95.09,0.9487,18.9900,6.0400,0.0000,0.0000,0.8496,0
3006,11:55:38.092,ROI,160,160,288,288,26.44,27.14,49.875,0.0,36.84,664.73,355.34,137.00,93.91,0.9646,17.9900,8.8300,0.0000,0.0000,0.8968,0
3007,11:55:38.127,ROI,160,160,288,288,20.47,21.20,0.0,36.85,47.16,664.90,355.34,137.25,93.20,0.9901,18.2900,8.6500,0.0000,0.0000,0.8951,0
3008,11:55:38.156,ROI,160,160,288,288,18.31,18.98,0.0,20.575,52.67,667.89,354.46,137.27,91.93,0.9397,16.9800,9.4700,0.0000,0.0000,0.8668,0
3009,11:55:38.182,ROI,160,160,288,288,25.55,26.38,50.175,29.625,37.90,667.88,354.00,136.76,93.26,0.9821,17.1500,11.4100,0.0000,0.0000,0.9141,0
3010,11:55:38.216,ROI,160,160,288,288,24.54,25.48,0.0,15.325,39.24,671.03,353.51,137.48,92.52,0.9454,17.2200,11.9000,0.0000,0.0000,0.8913,0
3011,11:55:38.248,ROI,160,160,288,288,26.96,27.95,55.65,13.975,35.78,671.09,353.05,137.32,92.56,0.9889,17.0800,12.2100,0.0000,0.0000,0.8981,0
3012,11:55:38.286,ROI,160,160,288,288,25.33,26.14,41.05,14.95,38.25,671.09,353.05,137.32,92.56,1.0000,17.0800,12.2100,0.0000,0.0000,0.8981,0
3013,11:55:38.321,ROI,160,160,288,288,25.02,25.75,44.65,30.35,38.83,673.48,352.75,136.42,91.19,0.9515,17.1900,13.2100,0.0000,0.0000,0.8886,0
3014,11:55:38.356,ROI,160,160,288,288,35.88,36.57,41.225,0.0,27.34,677.79,353.28,136.22,92.66,0.9243,16.5100,12.3100,0.0000,0.0000,0.8977,0
3015,11:55:38.400,ROI,160,160,288,288,25.58,26.93,50.3,43.525,37.14,676.24,352.01,139.90,94.70,0.9478,16.7600,14.5100,0.0000,0.0000,0.9068,0
3016,11:55:38.435,ROI,160,160,288,288,26.39,27.11,0.0,43.25,36.89,681.06,351.87,139.30,94.59,0.9307,17.5400,13.7700,0.0000,0.0000,0.9222,0
3017,11:55:38.471,ROI,160,160,288,288,29.56,30.30,44.75,0.0,33.00,679.63,352.06,137.05,94.52,0.9757,16.7400,15.1200,0.0000,0.0000,0.9060,0
3018,11:55:38.509,ROI,160,160,288,288,26.97,27.75,0.0,14.075,36.04,678.42,351.23,138.11,95.24,0.9655,17.0100,15.3400,0.0000,0.0000,0.9142,0
3019,11:55:38.545,ROI,160,160,288,288,31.88,32.61,0.0,23.95,30.67,683.13,351.65,139.23,95.47,0.9264,17.5800,15.9400,0.0000,0.0000,0.9335,0
3020,11:55:38.586,ROI,160,160,288,288,36.11,37.27,0.0,20.975,26.83,683.95,351.23,142.36,95.99,0.9696,16.9500,16.7300,0.0000,0.0000,0.9088,0
3021,11:55:38.630,ROI,160,160,288,288,33.95,34.63,0.0,22.55,28.87,686.69,350.69,138.89,95.38,0.9512,16.5100,17.2900,0.0000,0.0000,0.9109,0
3022,11:55:38.672,ROI,160,160,288,288,26.41,27.10,0.0,14.425,36.90,687.98,349.69,137.68,96.68,0.9615,16.0900,18.3300,0.0000,0.0000,0.9156,0
3023,11:55:38.708,ROI,160,160,288,288,29.20,29.95,0.0,13.05,33.39,691.10,349.00,138.22,97.97,0.9425,16.5300,20.4900,0.0000,0.0000,0.9230,0
3024,11:55:38.745,ROI,160,160,288,288,27.54,28.33,0.0,13.8,35.30,691.31,349.86,136.69,99.56,0.9720,16.0600,20.1400,0.0000,0.0000,0.9067,0
3025,11:55:38.782,ROI,160,160,288,288,22.33,23.08,92.5,16.925,43.33,693.12,349.36,141.16,99.40,0.9588,15.6500,20.2700,0.0000,0.0000,0.9137,0
3026,11:55:38.814,ROI,160,160,288,288,23.69,24.50,86.625,15.95,40.81,697.43,346.79,137.97,98.60,0.8938,14.7200,20.4200,0.0000,0.0000,0.9201,0
3027,11:55:38.847,ROI,160,160,288,288,24.96,25.66,0.0,15.225,38.97,698.44,346.56,134.66,99.49,0.9675,15.5300,20.3300,0.0000,0.0000,0.9196,0
3028,11:55:38.882,ROI,160,160,288,288,24.57,25.74,40.175,45.525,38.85,702.19,344.45,133.43,99.38,0.9073,16.3100,22.5600,0.0000,0.0000,0.8986,0
3029,11:55:38.916,ROI,160,160,288,288,25.35,26.63,0.0,0.0,37.55,701.98,345.57,131.94,103.86,0.9466,16.0400,25.1300,0.0000,0.0000,0.8950,0
3030,11:55:38.960,ROI,160,160,288,288,29.77,30.51,0.0,12.8,32.78,704.11,344.59,134.39,102.83,0.9507,15.5700,22.2500,0.0000,0.0000,0.9012,0
3031,11:55:39.002,ROI,160,160,288,288,26.51,27.33,0.0,14.3,36.58,705.75,342.38,129.11,101.30,0.9206,15.2300,25.9400,0.0000,0.0000,0.8876,0
3032,11:55:39.037,ROI,160,160,288,288,26.61,27.56,0.0,28.35,36.28,708.15,341.50,132.19,101.79,0.9475,15.4500,26.3400,0.0000,0.0000,0.8999,0
3033,11:55:39.072,ROI,160,160,288,288,24.55,25.36,107.9,15.4,39.44,707.28,343.77,132.52,105.50,0.9447,15.1200,27.7000,0.0000,0.0000,0.8681,0
3034,11:55:39.105,ROI,160,160,288,288,33.04,33.74,0.0,23.15,29.64,709.32,340.82,130.66,103.57,0.9169,15.2200,27.6500,0.0000,0.0000,0.8934,0
3035,11:55:39.155,ROI,160,160,288,288,26.99,27.70,0.0,0.0,36.09,713.64,340.59,133.47,104.31,0.9301,15.1600,30.3500,0.0000,0.0000,0.9095,0
3036,11:55:39.190,ROI,160,160,288,288,29.84,30.53,0.0,25.6,32.76,714.87,338.06,129.53,103.79,0.9248,14.8100,33.0200,0.0000,0.0000,0.8594,0
3037,11:55:39.228,ROI,160,160,288,288,19.04,19.77,0.0,19.775,50.58,716.57,338.31,131.44,102.24,0.9600,15.1100,32.5000,0.0000,0.0000,0.8637,0
3038,11:55:39.255,ROI,160,160,288,288,19.86,20.58,0.0,0.0,48.60,717.40,338.02,129.74,101.43,0.9793,14.0500,32.9600,0.0000,0.0000,0.8516,0
3039,11:55:39.285,ROI,160,160,288,288,17.86,18.70,41.325,20.9,53.47,718.01,337.96,130.09,102.98,0.9759,13.3100,32.0300,0.0000,0.0000,0.8275,0
3040,11:55:39.311,ROI,160,160,288,288,18.58,19.52,0.0,40.025,51.22,718.70,337.90,130.32,103.45,0.9849,14.3700,31.4600,0.0000,0.0000,0.8540,0
3041,11:55:39.337,ROI,160,160,288,288,19.46,20.27,0.0,19.275,49.34,719.40,336.95,128.47,100.48,0.9575,14.1400,31.1100,0.0000,0.0000,0.8527,0
3042,11:55:39.366,ROI,160,160,288,288,22.14,24.10,0.0,32.425,41.49,721.18,335.82,131.74,100.76,0.9518,13.7500,31.2200,0.0000,0.0000,0.8447,0
3043,11:55:39.397,ROI,160,160,288,288,29.11,30.26,0.0,12.9,33.05,722.64,334.78,128.27,99.88,0.9539,14.6400,33.5700,0.0000,0.0000,0.8494,0
3044,11:55:39.436,ROI,160,160,288,288,31.38,32.16,0.0,12.15,31.09,723.24,333.19,126.68,100.82,0.9570,14.8100,35.0000,0.0000,0.0000,0.8331,0
3045,11:55:39.476,ROI,160,160,256,256,22.65,23.40,0.0,33.4,42.74,724.92,330.68,130.82,101.63,0.9221,14.0800,35.4600,0.0000,0.0000,0.7907,0
3046,11:55:39.507,ROI,160,160,288,288,29.31,30.02,0.0,13.025,33.32,723.69,331.80,125.03,102.29,0.9356,15.0000,32.6100,0.0000,0.0000,0.8469,0
3047,11:55:39.552,ROI,160,160,256,256,16.26,17.19,0.0,22.725,58.18,730.31,327.91,126.22,104.13,0.8376,13.7900,40.5200,0.0000,0.0000,0.8054,0
3048,11:55:39.576,ROI,160,160,256,256,28.15,29.12,0.0,13.425,34.34,727.52,328.95,122.45,101.44,0.9316,14.2400,36.2400,0.0000,0.0000,0.7075,0
3049,11:55:39.612,ROI,160,160,256,256,18.93,19.69,0.0,19.9,50.79,732.34,327.68,126.02,100.88,0.9032,14.4300,38.6500,0.0000,0.0000,0.7647,0
3050,11:55:39.641,ROI,160,160,256,256,24.16,24.90,45.35,0.0,40.15,730.93,327.16,122.62,103.04,0.9532,14.1800,39.5600,0.0000,0.0000,0.7168,0
3051,11:55:39.675,ROI,160,160,256,256,26.19,26.85,0.0,0.0,37.24,732.30,326.34,123.87,103.22,0.9627,14.6000,38.2000,0.0000,0.0000,0.7767,0
3052,11:55:39.709,ROI,160,160,256,256,17.93,18.42,0.0,0.0,54.29,733.20,326.62,122.94,102.22,0.9761,14.1800,40.4600,0.0000,0.0000,0.7295,0
3053,11:55:39.732,ROI,160,160,256,256,22.84,24.92,0.0,15.675,40.13,735.10,325.94,119.58,101.22,0.9563,14.1200,41.0700,0.0000,0.0000,0.7394,0
3054,11:55:39.764,ROI,160,160,256,256,20.24,21.32,58.8,18.325,46.91,735.51,325.06,116.19,102.13,0.9555,14.9400,39.4000,0.0000,0.0000,0.7642,0
3055,11:55:39.792,ROI,160,160,256,256,18.43,19.00,0.0,20.575,52.64,739.02,324.25,119.73,102.45,0.9278,14.6000,40.1800,0.0000,0.0000,0.7756,0
3056,11:55:39.825,ROI,160,160,256,256,16.86,17.46,0.0,22.375,57.28,740.26,323.15,117.28,101.12,0.9584,14.3800,40.3700,0.0000,0.0000,0.7477,0
3057,11:55:39.856,ROI,160,160,256,256,16.95,17.48,0.0,22.35,57.22,739.28,322.97,119.58,100.62,0.9760,13.8400,41.0200,0.0000,0.0000,0.7230,0
3058,11:55:39.889,ROI,160,160,256,256,17.36,18.01,0.0,0.0,55.52,741.88,322.08,120.38,103.62,0.9304,13.9400,42.9000,0.0000,0.0000,0.7761,0
3059,11:55:39.920,ROI,160,160,256,256,16.62,17.33,0.0,0.0,57.69,743.21,319.60,118.86,103.84,0.9329,14.6300,42.5100,0.0000,0.0000,0.7834,0
3060,11:55:39.952,ROI,160,160,256,256,28.10,28.82,0.0,13.55,34.70,743.40,318.54,114.59,102.21,0.9444,16.3000,45.5600,0.0000,0.0000,0.8245,0
3061,11:55:39.988,ROI,160,160,256,256,23.30,23.96,0.0,0.0,41.74,745.06,317.38,114.37,102.90,0.9499,16.7800,46.1800,0.0000,0.0000,0.8499,0
3062,11:55:40.019,ROI,160,160,256,256,22.34,23.06,0.0,0.0,43.37,745.16,316.84,111.70,101.81,0.9663,16.2400,49.6300,0.0000,0.0000,0.8342,0
3063,11:55:40.065,ROI,160,160,224,224,17.81,18.33,17.3,21.3,54.55,747.20,315.22,108.96,100.65,0.9337,17.4700,50.8000,0.0000,0.0000,0.8694,0
3064,11:55:40.096,ROI,160,160,224,224,23.93,25.28,30.75,15.45,39.56,746.96,314.96,111.61,99.22,0.9628,16.0600,49.4400,0.0000,0.0000,0.8333,0
3065,11:55:40.128,ROI,160,160,224,224,19.73,20.22,55.525,19.325,49.46,748.06,313.36,109.19,99.09,0.9475,16.9500,47.9200,0.0000,0.0000,0.8670,0
3066,11:55:40.160,ROI,160,160,224,224,15.16,15.79,32.275,0.0,63.35,748.13,312.76,104.40,97.47,0.9405,16.4300,52.5200,0.0000,0.0000,0.8254,0
3067,11:55:40.192,ROI,160,160,224,224,21.16,21.68,0.0,0.0,46.12,748.81,312.13,102.40,98.14,0.9683,16.3400,52.9500,0.0000,0.0000,0.8139,0
3068,11:55:40.223,ROI,160,160,224,224,17.27,17.90,0.0,0.0,55.88,749.57,310.52,101.42,98.77,0.9538,15.8500,55.5800,0.0000,0.0000,0.8336,0
3069,11:55:40.257,ROI,160,160,224,224,19.28,19.98,0.0,0.0,50.06,750.71,309.59,101.56,98.98,0.9599,15.3900,57.5800,0.0000,0.0000,0.8180,0
3070,11:55:40.289,ROI,160,160,224,224,17.74,18.35,0.0,21.3,54.51,750.95,308.38,100.23,97.76,0.9630,15.8600,57.9700,0.0000,0.0000,0.8379,0
3071,11:55:40.320,ROI,160,160,224,224,21.09,21.85,30.95,17.875,45.76,751.18,308.04,98.00,96.77,0.9678,15.1800,59.9400,0.0000,0.0000,0.8419,0
3072,11:55:40.353,ROI,160,160,224,224,22.25,22.91,0.0,17.05,43.64,752.67,307.99,97.38,97.97,0.9582,15.6500,61.3100,0.0000,0.0000,0.8541,0
3073,11:55:40.384,ROI,160,160,224,224,20.71,21.39,0.0,18.275,46.76,753.90,307.70,96.32,101.56,0.9410,15.6500,62.3800,0.0000,0.0000,0.8286,0
3074,11:55:40.432,ROI,160,160,224,224,22.44,23.26,0.0,16.825,42.99,754.95,306.23,96.26,102.17,0.9510,15.5900,63.5500,0.0000,0.0000,0.8485,0
3075,11:55:40.463,ROI,160,160,224,224,17.08,17.57,0.0,0.0,56.91,756.10,304.61,96.38,102.61,0.9463,15.9400,63.5900,0.0000,0.0000,0.8698,0
3076,11:55:40.495,ROI,160,160,224,224,19.21,19.90,0.0,19.625,50.26,755.85,305.13,98.25,101.88,0.9711,15.7500,63.7900,0.0000,0.0000,0.8317,0
3077,11:55:40.530,ROI,160,160,224,224,26.79,27.53,0.0,14.2,36.33,757.10,303.91,96.84,102.56,0.9518,16.1800,64.4800,0.0000,0.0000,0.8570,0
3078,11:55:40.566,ROI,160,160,224,224,21.65,22.75,0.0,34.35,43.96,757.08,302.13,98.45,103.63,0.9505,16.4000,64.6200,0.0000,0.0000,0.8302,0
3079,11:55:40.597,ROI,160,160,224,224,25.46,26.14,47.125,44.85,38.25,757.63,301.29,96.66,105.38,0.9658,16.1000,66.3100,0.0000,0.0000,0.8387,0
3080,11:55:40.631,ROI,160,160,224,224,26.10,26.87,0.0,29.075,37.22,758.72,300.83,94.88,102.83,0.9539,16.2900,65.9500,0.0000,0.0000,0.8399,0
3081,11:55:40.665,ROI,160,160,224,224,23.86,24.61,0.0,63.5,40.64,759.13,299.30,92.74,102.09,0.9489,16.1100,68.3100,0.0000,0.0000,0.8264,0
3082,11:55:40.698,ROI,160,160,224,224,25.97,26.78,0.0,43.75,37.34,758.66,299.42,94.71,101.72,0.9757,16.2000,67.7600,0.0000,0.0000,0.8394,0
3083,11:55:40.734,ROI,160,160,224,224,29.18,29.91,0.0,26.125,33.43,760.27,298.02,92.25,101.02,0.9403,17.2500,68.1200,0.0000,0.0000,0.8435,0
3084,11:55:40.771,ROI,160,160,224,224,20.04,20.74,0.0,18.825,48.21,761.09,297.02,93.11,101.68,0.9633,16.4100,69.6800,0.0000,0.0000,0.8357,0
3085,11:55:40.802,ROI,160,160,224,224,26.94,27.67,40.6,0.0,36.14,761.77,296.37,90.72,99.74,0.9556,17.6900,68.2400,0.0000,0.0000,0.8382,0
3086,11:55:40.838,ROI,160,160,224,224,24.75,25.44,0.0,15.35,39.31,761.80,295.48,88.80,99.39,0.9617,17.3400,69.7600,0.0000,0.0000,0.8691,0
3087,11:55:40.870,ROI,160,160,224,224,25.58,26.24,0.0,0.0,38.11,762.54,294.15,87.72,98.35,0.9573,17.3800,70.2300,0.0000,0.0000,0.8490,0
3088,11:55:40.902,ROI,160,160,224,224,24.99,25.59,0.0,15.275,39.07,762.25,294.39,87.47,98.95,0.9874,17.8000,70.6200,0.0000,0.0000,0.8758,0
3089,11:55:40.935,ROI,160,160,224,224,28.93,29.90,0.0,0.0,33.45,763.06,293.61,87.09,99.11,0.9663,18.0200,70.6300,0.0000,0.0000,0.8560,0
3090,11:55:40.974,ROI,160,160,224,224,23.70,24.38,0.0,16.025,41.01,764.22,292.83,84.90,96.67,0.9496,17.8700,71.5300,0.0000,0.0000,0.8471,0
3091,11:55:41.006,ROI,160,160,224,224,29.09,30.13,0.0,26.125,33.18,764.29,291.47,85.46,98.24,0.9661,18.6400,73.2400,0.0000,0.0000,0.8586,0
3092,11:55:41.043,ROI,160,160,224,224,18.87,19.46,0.0,0.0,51.39,765.40,289.17,86.65,99.27,0.9307,18.3400,73.8800,0.0000,0.0000,0.8779,0
3093,11:55:41.070,ROI,160,160,224,224,17.92,18.59,0.0,0.0,53.79,765.42,287.74,84.43,97.38,0.9467,18.1700,72.9300,0.0000,0.0000,0.8787,0
3094,11:55:41.095,ROI,160,160,224,224,19.89,20.45,0.0,19.1,48.91,766.05,287.21,88.35,100.45,0.9265,17.4500,73.1400,0.0000,0.0000,0.8425,0
3095,11:55:41.125,ROI,160,160,224,224,17.58,18.10,0.0,0.0,55.25,766.41,285.05,88.13,100.67,0.9505,17.8900,73.9200,0.0000,0.0000,0.8819,0
3096,11:55:41.170,ROI,160,160,224,224,14.60,15.10,0.0,0.0,66.23,767.18,284.03,89.03,102.03,0.9633,17.6700,73.5900,0.0000,0.0000,0.8608,0
3097,11:55:41.200,ROI,160,160,224,224,14.60,15.26,0.0,0.0,65.54,767.84,283.37,87.75,100.86,0.9723,18.7000,74.3300,0.0000,0.0000,0.8728,0
3098,11:55:41.233,ROI,160,160,224,224,15.37,16.10,22.475,0.0,62.13,767.85,281.96,89.84,102.40,0.9503,18.4400,74.7000,0.0000,0.0000,0.8638,0
3099,11:55:41.265,ROI,160,160,224,224,21.89,23.02,0.0,16.975,43.45,768.44,279.60,88.82,102.66,0.9427,18.4000,74.2200,0.0000,0.0000,0.8676,0
3100,11:55:41.296,ROI,160,160,224,224,33.31,34.44,0.0,0.0,29.03,768.22,279.24,85.18,99.81,0.9323,19.6400,73.6100,0.0000,0.0000,0.8542,0
3101,11:55:41.338,ROI,160,160,224,224,23.64,24.28,0.0,16.1,41.18,768.73,279.03,87.44,101.30,0.9597,18.8200,73.6500,0.0000,0.0000,0.8747,0
3102,11:55:41.369,ROI,160,160,224,224,24.57,25.21,0.0,30.975,39.66,768.52,278.37,88.07,101.72,0.9801,19.3800,75.3200,0.0000,0.0000,0.8746,0
3103,11:55:41.401,ROI,160,160,224,224,25.66,26.38,0.0,14.8,37.90,768.71,276.71,87.92,101.54,0.9637,18.7300,75.7100,0.0000,0.0000,0.8779,0
3104,11:55:41.435,ROI,160,160,224,224,25.42,26.08,0.0,0.0,38.34,769.43,275.80,88.05,101.39,0.9666,18.5500,75.4400,0.0000,0.0000,0.8642,0
3105,11:55:41.469,ROI,160,160,224,224,22.80,23.47,0.0,0.0,42.60,769.31,274.44,87.53,102.24,0.9679,19.3900,76.2900,0.0000,0.0000,0.8783,0
3106,11:55:41.500,ROI,160,160,224,224,18.20,19.45,0.0,0.0,51.41,769.56,274.66,87.39,101.98,0.9900,18.7900,76.6700,0.0000,0.0000,0.8743,0
3107,11:55:41.537,ROI,160,160,224,224,18.58,19.33,0.0,0.0,51.74,769.20,273.85,87.11,101.11,0.9760,19.6000,77.2000,0.0000,0.0000,0.8720,0
3108,11:55:41.568,ROI,160,160,224,224,29.18,29.89,0.0,26.15,33.45,769.14,273.45,86.97,101.63,0.9906,19.5000,78.2500,0.0000,0.0000,0.8783,0
3109,11:55:41.605,ROI,160,160,224,224,26.32,26.86,0.0,14.55,37.23,768.97,271.57,85.68,100.42,0.9494,19.7400,78.7400,0.0000,0.0000,0.8942,0
3110,11:55:41.640,ROI,160,160,224,224,19.84,20.61,0.0,0.0,48.52,770.59,270.69,83.24,99.29,0.9458,19.7700,80.4600,0.0000,0.0000,0.8986,0
3111,11:55:41.669,ROI,160,160,224,224,25.76,26.51,0.0,0.0,37.72,768.99,268.89,84.06,99.65,0.9289,19.0900,81.4900,0.0000,0.0000,0.9098,0
3112,11:55:41.703,ROI,160,160,224,224,31.25,31.96,0.0,12.225,31.29,770.38,271.29,84.29,100.95,0.9231,17.5600,84.3200,0.0000,0.0000,0.9118,0
3113,11:55:41.743,ROI,160,160,224,224,22.19,22.78,0.0,17.15,43.90,768.74,267.67,85.48,99.18,0.8962,15.6400,83.8700,0.0000,0.0000,0.8906,0
3114,11:55:41.773,ROI,160,160,224,224,30.07,30.81,0.0,12.675,32.45,769.76,266.45,83.48,97.86,0.9524,15.8100,86.6700,0.0000,0.0000,0.9059,0
3115,11:55:41.812,ROI,160,160,224,224,22.65,23.33,48.9,16.75,42.86,768.41,264.04,86.20,94.82,0.9223,15.5300,88.1100,0.0000,0.0000,0.9111,0
3116,11:55:41.844,ROI,160,160,192,192,21.49,22.39,0.0,17.45,44.66,769.27,261.55,83.88,93.16,0.9233,13.7800,88.9000,0.0000,0.0000,0.8784,0
3117,11:55:41.873,ROI,160,160,192,192,24.58,25.30,55.9,15.45,39.52,769.79,258.90,80.77,89.39,0.9088,13.2000,90.7800,0.0000,0.0000,0.8585,0
3118,11:55:41.908,ROI,160,160,192,192,26.07,26.78,0.0,29.1,37.34,771.18,259.58,81.56,91.75,0.9417,13.6000,92.9800,0.0000,0.0000,0.8175,0
3119,11:55:41.943,ROI,160,160,192,192,21.82,22.89,0.0,33.65,43.69,771.10,258.35,79.16,91.64,0.9452,12.9800,92.1300,0.0000,0.0000,0.8029,0
3120,11:55:41.975,ROI,160,160,192,192,28.59,29.27,0.0,13.35,34.17,769.85,257.90,81.07,91.74,0.9600,13.1800,91.6000,0.0000,0.0000,0.8309,0
3121,11:55:42.014,ROI,160,160,192,192,27.05,27.71,0.0,42.3,36.08,769.04,256.86,81.52,93.42,0.9584,13.7400,91.9700,0.0000,0.0000,0.8453,0
3122,11:55:42.050,ROI,160,160,192,192,24.26,24.98,0.0,31.275,40.03,769.74,255.16,80.14,91.07,0.9472,13.9200,93.7400,0.0000,0.0000,0.8378,0
3123,11:55:42.084,ROI,160,160,192,192,18.94,19.69,0.0,19.85,50.79,769.79,254.26,79.22,90.82,0.9693,14.1600,92.5800,0.0000,0.0000,0.8409,0
3124,11:55:42.112,ROI,160,160,192,192,19.81,20.53,48.075,38.05,48.70,767.84,253.48,82.87,91.56,0.9371,14.2100,94.0200,0.0000,0.0000,0.8627,0
3125,11:55:42.140,ROI,160,160,192,192,20.13,20.85,0.0,0.0,47.96,769.15,253.60,81.14,93.36,0.9503,13.3600,94.6800,0.0000,0.0000,0.8088,0
3126,11:55:42.168,ROI,160,160,192,192,20.41,21.09,0.0,0.0,47.42,767.61,252.80,83.26,92.88,0.9471,14.4600,94.5300,0.0000,0.0000,0.8583,0
3127,11:55:42.197,ROI,160,160,192,192,27.14,27.85,51.3,0.0,35.91,768.39,250.39,83.26,94.88,0.9328,14.5200,96.8100,0.0000,0.0000,0.8964,0
3128,11:55:42.233,ROI,160,160,192,192,19.34,20.01,0.0,0.0,49.97,767.38,249.44,82.52,93.36,0.9563,14.5700,97.7300,0.0000,0.0000,0.8858,0
3129,11:55:42.274,ROI,160,160,192,192,27.42,28.13,19.125,27.775,35.55,766.58,248.63,84.22,95.78,0.9551,13.9900,97.7800,0.0000,0.0000,0.8720,0
3130,11:55:42.310,ROI,160,160,192,192,23.61,24.28,0.0,16.075,41.19,766.00,247.45,85.54,97.49,0.9609,13.7100,97.5200,0.0000,0.0000,0.8369,0
3131,11:55:42.341,ROI,160,160,224,224,19.69,20.35,56.625,19.2,49.14,764.43,247.45,86.32,92.60,0.9168,14.3500,93.5300,0.0000,0.0000,0.8687,0
3132,11:55:42.370,ROI,160,160,192,192,19.79,20.43,0.0,19.125,48.94,765.66,245.92,85.00,96.94,0.9292,13.8900,97.3300,0.0000,0.0000,0.8072,0
3133,11:55:42.400,ROI,160,160,224,224,19.56,20.31,0.0,38.475,49.24,764.31,245.18,86.81,95.44,0.9546,13.4000,97.5000,0.0000,0.0000,0.8710,0
3134,11:55:42.434,ROI,160,160,192,192,20.34,20.98,0.0,0.0,47.66,763.90,242.47,85.69,95.69,0.9329,13.9200,98.4700,0.0000,0.0000,0.8805,0
3135,11:55:42.465,ROI,160,160,192,192,21.61,22.25,0.0,35.125,44.94,763.94,241.15,83.30,90.10,0.9153,13.3500,98.4900,0.0000,0.0000,0.8368,0
3136,11:55:42.498,ROI,160,160,192,192,24.01,24.70,0.0,0.0,40.48,764.19,240.03,82.30,89.28,0.9636,13.5400,99.9700,0.0000,0.0000,0.8517,0
3137,11:55:42.530,ROI,160,160,192,192,22.21,22.93,0.0,17.05,43.62,764.17,240.12,79.79,89.68,0.9654,12.4100,102.7000,0.0000,0.0000,0.8456,0
3138,11:55:42.561,ROI,160,160,192,192,22.56,23.48,46.025,66.575,42.59,763.28,238.56,79.28,90.34,0.9450,13.5100,103.7500,0.0000,0.0000,0.8907,0
3139,11:55:42.592,ROI,160,160,192,192,18.14,18.66,0.0,0.0,53.60,763.96,236.93,77.76,89.95,0.9463,13.8300,103.7700,0.0000,0.0000,0.8901,0
3140,11:55:42.641,ROI,160,160,192,192,14.90,15.52,0.0,25.175,64.45,763.19,235.10,78.73,90.47,0.9419,13.0300,104.6500,0.0000,0.0000,0.8507,0
3141,11:55:42.672,ROI,160,160,192,192,18.67,19.32,0.0,0.0,51.75,761.00,233.28,83.03,91.00,0.9108,13.4800,106.9800,0.0000,0.0000,0.8684,0
3142,11:55:42.704,ROI,160,160,192,192,17.91,19.31,0.0,0.0,51.79,761.31,232.54,79.93,91.03,0.9475,13.4400,109.2700,0.0000,0.0000,0.8927,0
3143,11:55:42.737,ROI,160,160,192,192,15.52,16.20,29.9,0.0,61.74,761.04,232.05,82.27,92.12,0.9600,13.5800,109.1700,0.0000,0.0000,0.8908,0
3144,11:55:42.768,ROI,160,160,192,192,14.79,15.34,0.0,0.0,65.19,759.16,230.94,83.92,91.67,0.9338,13.3400,109.6700,0.0000,0.0000,0.8972,0
3145,11:55:42.802,ROI,160,160,192,192,19.87,20.51,0.0,19.05,48.75,759.31,229.44,84.78,92.33,0.9580,14.1700,111.8300,0.0000,0.0000,0.8583,0
3146,11:55:42.832,ROI,160,160,192,192,14.51,16.09,0.0,24.275,62.16,757.90,228.18,86.04,93.61,0.9420,12.8400,114.2600,0.0000,0.0000,0.7846,0
3147,11:55:42.864,ROI,160,160,192,192,17.84,18.51,0.0,21.1,54.04,757.43,227.52,87.08,94.07,0.9742,14.6100,112.2700,0.0000,0.0000,0.8234,0
3148,11:55:42.896,ROI,160,160,192,192,21.19,21.87,0.0,0.0,45.72,756.16,226.11,87.67,92.95,0.9429,13.0900,113.0400,0.0000,0.0000,0.7966,0
3149,11:55:42.928,ROI,160,160,192,192,21.05,21.73,0.0,0.0,46.02,756.90,226.70,87.61,93.97,0.9711,13.9000,110.3900,0.0000,0.0000,0.8531,0
3150,11:55:42.961,ROI,160,160,192,192,26.96,27.60,0.0,14.15,36.23,755.20,225.39,89.83,94.34,0.9364,12.7800,111.9200,0.0000,0.0000,0.7533,0
3151,11:55:43.009,ROI,160,160,192,192,19.74,20.50,0.0,38.125,48.79,755.14,223.61,89.84,94.30,0.9619,11.8300,112.1300,0.0000,0.0000,0.7474,0
3152,11:55:43.040,ROI,160,160,192,192,14.32,14.89,0.0,26.25,67.16,754.63,222.32,90.04,94.34,0.9620,10.8600,114.1800,0.0000,0.0000,0.7061,0
3153,11:55:43.072,ROI,160,160,192,192,19.78,20.48,0.0,19.075,48.83,753.68,221.17,90.30,93.28,0.9558,9.6900,114.2300,0.0000,0.0000,0.6633,0
3154,11:55:43.104,ROI,160,160,192,192,14.49,14.99,0.0,26.05,66.70,753.54,219.99,89.47,94.06,0.9663,9.2000,114.0900,0.0000,0.0000,0.6651,0
3155,11:55:43.137,ROI,160,160,192,192,15.15,15.87,0.0,0.0,63.02,752.78,219.90,91.55,94.40,0.9737,11.3200,113.7600,0.0000,0.0000,0.6489,0
3156,11:55:43.169,ROI,160,160,192,192,14.93,15.44,0.0,0.0,64.79,752.35,219.01,91.08,93.14,0.9720,8.0600,113.9900,0.0000,0.0000,0.6086,0
3157,11:55:43.201,ROI,160,160,192,192,14.72,15.43,0.0,0.0,64.80,752.65,218.33,90.80,94.16,0.9791,13.0700,114.9700,0.0000,0.0000,0.7481,0
3158,11:55:43.232,ROI,160,160,192,192,18.21,19.02,0.0,0.0,52.57,751.90,216.25,92.21,94.36,0.9417,10.1500,117.5600,0.0000,0.0000,0.7848,0
3159,11:55:43.264,ROI,160,160,192,192,18.29,18.96,0.0,0.0,52.74,750.17,215.40,94.07,93.61,0.9466,4.2100,117.5900,0.0000,0.0000,0.5405,0
3160,11:55:43.297,ROI,160,160,192,192,15.48,16.10,0.0,0.0,62.10,750.18,214.29,93.94,93.94,0.9753,3.1000,118.1500,0.0000,0.0000,0.3797,0
3161,11:55:43.328,ROI,160,160,192,192,24.26,24.99,0.0,15.625,40.01,750.24,213.78,93.47,93.66,0.9843,2.9400,115.1600,0.0000,0.0000,0.3203,0
3162,11:55:43.376,ROI,160,160,192,192,14.92,15.44,0.0,0.0,64.75,748.74,213.16,96.05,91.93,0.9515,3.5400,117.5400,0.0000,0.0000,0.4787,0
3163,11:55:43.409,ROI,160,160,224,224,18.92,19.57,0.0,19.975,51.10,748.59,211.14,95.90,91.21,0.9539,6.3900,116.9600,0.0000,0.0000,0.5822,0
3164,11:55:43.440,ROI,160,160,192,192,21.65,22.28,0.0,0.0,44.88,746.91,210.53,96.41,92.44,0.9530,3.8000,119.8800,0.0000,0.0000,0.4961,0
3165,11:55:43.472,ROI,160,160,224,224,15.91,16.59,0.0,23.55,60.29,746.62,208.31,97.34,94.30,0.9444,6.9000,119.3900,0.0000,0.0000,0.6165,0
3166,11:55:43.504,ROI,160,160,224,224,17.11,17.74,0.0,22.025,56.38,746.21,207.37,98.14,93.13,0.9722,5.0300,118.9200,0.0000,0.0000,0.4704,0
3167,11:55:43.536,ROI,160,160,224,224,20.15,20.90,0.0,18.7,47.85,745.16,207.56,96.39,91.78,0.9645,5.2500,119.4900,0.0000,0.0000,0.5070,0
3168,11:55:43.568,ROI,160,160,224,224,27.64,28.65,0.0,0.0,34.90,744.16,206.16,96.28,92.30,0.9504,6.3400,119.4000,0.0000,0.0000,0.6029,0
3169,11:55:43.604,ROI,160,160,224,224,23.08,23.80,0.0,32.825,42.02,743.89,204.50,95.06,93.04,0.9529,4.8200,122.1400,0.0000,0.0000,0.4395,0
3170,11:55:43.637,ROI,160,160,192,192,19.33,19.99,0.0,0.0,50.03,742.14,202.76,95.14,90.58,0.9286,2.6400,122.5400,0.0000,0.0000,0.3493,0
3171,11:55:43.665,ROI,160,160,192,192,18.23,18.94,47.05,20.625,52.80,740.13,201.83,93.59,89.03,0.9389,2.2300,118.7900,0.0000,0.0000,0.3035,0
3172,11:55:43.696,ROI,160,160,192,192,20.72,21.44,0.0,0.0,46.63,738.76,201.94,100.38,91.70,0.9051,3.7100,122.6900,0.0000,0.0000,0.4810,0
3173,11:55:43.745,ROI,160,160,224,224,36.37,37.07,0.0,0.0,26.98,739.48,199.77,98.56,90.01,0.9363,8.2100,127.6100,0.0000,0.0000,0.5209,0
3174,11:55:43.792,ROI,160,160,224,224,26.98,28.21,116.175,27.7,35.45,739.52,200.08,97.71,90.76,0.9831,5.5400,125.5900,0.0000,0.0000,0.4184,0
3175,11:55:43.830,ROI,160,160,224,224,22.56,23.21,0.0,16.825,43.09,738.65,199.27,99.13,89.64,0.9653,7.5800,128.3600,0.0000,0.0000,0.5558,0
3176,11:55:43.860,ROI,160,160,224,224,16.79,17.41,54.225,22.45,57.44,737.08,198.08,100.23,89.85,0.9438,8.6200,128.8800,0.0000,0.0000,0.6677,0
3177,11:55:43.885,ROI,160,160,224,224,19.45,20.08,0.0,0.0,49.79,735.54,197.37,100.84,88.97,0.9550,10.6100,130.7100,0.0000,0.0000,0.7880,0
3178,11:55:43.911,ROI,160,160,224,224,20.23,21.18,0.0,18.375,47.22,735.29,196.34,102.87,90.27,0.9581,12.2500,130.1300,0.0000,0.0000,0.7574,0
3179,11:55:43.939,ROI,160,160,224,224,24.74,25.39,0.0,0.0,39.38,732.55,194.31,103.35,88.38,0.9070,13.3500,132.2100,0.0000,0.0000,0.8226,0
3180,11:55:43.971,ROI,160,160,224,224,23.97,24.83,0.0,15.7,40.28,732.31,193.86,101.85,86.84,0.9683,12.1500,127.4700,0.0000,0.0000,0.6710,0
3181,11:55:44.004,ROI,160,160,224,224,26.44,27.12,0.0,14.4,36.88,731.02,192.66,103.53,89.19,0.9492,12.9400,131.1500,0.0000,0.0000,0.8018,0
3182,11:55:44.039,ROI,160,160,224,224,24.15,24.88,147.075,15.7,40.19,730.20,190.95,104.69,90.19,0.9477,13.1100,132.7200,0.0000,0.0000,0.8368,0
3183,11:55:44.071,ROI,160,160,224,224,22.99,23.62,0.0,33.075,42.34,727.75,189.71,103.70,90.16,0.9286,12.7600,130.7200,0.0000,0.0000,0.8189,0
3184,11:55:44.112,ROI,160,160,224,224,31.24,31.96,0.0,12.225,31.29,726.75,188.59,101.96,88.41,0.9567,13.5200,131.6800,0.0000,0.0000,0.8310,0
3185,11:55:44.152,ROI,160,160,224,224,30.95,31.66,0.0,0.0,31.58,725.51,187.78,104.72,90.33,0.9530,12.9800,130.6400,0.0000,0.0000,0.8193,0
3186,11:55:44.191,ROI,160,160,224,224,26.41,27.17,53.825,0.0,36.80,725.11,187.74,106.12,89.67,0.9797,12.3500,130.9700,0.0000,0.0000,0.7856,0
3187,11:55:44.225,ROI,160,160,224,224,21.29,21.91,0.0,17.825,45.64,724.01,186.92,106.19,89.71,0.9617,13.0500,132.3300,0.0000,0.0000,0.8323,0
3188,11:55:44.255,ROI,160,160,224,224,21.01,21.69,0.0,18.0,46.10,723.20,185.50,106.23,88.63,0.9543,14.7900,135.7500,0.0000,0.0000,0.8595,0
3189,11:55:44.284,ROI,160,160,224,224,29.07,29.77,0.0,13.125,33.59,721.96,184.44,105.53,89.10,0.9542,14.8100,135.4300,0.0000,0.0000,0.8595,0
3190,11:55:44.322,ROI,160,160,224,224,34.46,35.20,0.0,44.4,28.41,721.38,183.78,105.52,86.04,0.9553,14.8500,136.8000,0.0000,0.0000,0.8439,0
3191,11:55:44.364,ROI,160,160,224,224,24.51,25.08,0.0,0.0,39.88,721.13,182.85,104.93,82.98,0.9590,16.5200,141.1400,0.0000,0.0000,0.8165,0
3192,11:55:44.394,ROI,160,160,224,224,27.21,27.80,0.0,14.05,35.97,720.71,183.41,104.90,85.01,0.9684,15.7500,138.6300,0.0000,0.0000,0.8707,0
3193,11:55:44.428,ROI,160,160,224,224,20.00,20.96,0.0,18.675,47.72,720.67,181.22,105.20,86.90,0.9476,15.9900,138.0300,0.0000,0.0000,0.8691,0
3194,11:55:44.455,ROI,160,160,224,224,21.00,21.46,63.825,18.2,46.60,719.36,181.31,103.47,84.29,0.9460,16.2000,139.3500,0.0000,0.0000,0.8613,0
3195,11:55:44.482,ROI,160,160,224,224,20.83,21.71,0.0,17.975,46.05,717.24,180.79,105.15,83.33,0.9487,16.7900,141.5100,0.0000,0.0000,0.8397,0
3196,11:55:44.512,ROI,160,160,224,224,16.16,16.63,0.0,46.975,60.12,715.52,179.29,105.36,82.47,0.9339,17.0300,142.5600,0.0000,0.0000,0.8031,0
3197,11:55:44.544,ROI,160,160,224,224,25.95,26.64,0.0,0.0,37.54,714.12,179.25,107.67,81.17,0.9591,17.1500,143.7900,0.0000,0.0000,0.7956,0
3198,11:55:44.579,ROI,160,160,224,224,31.55,32.23,45.625,36.35,31.02,714.10,178.86,107.60,79.98,0.9847,17.7500,147.0100,0.0000,0.0000,0.8459,0
3199,11:55:44.619,ROI,160,160,224,224,27.92,28.61,0.0,27.3,34.95,712.31,177.71,108.29,80.91,0.9404,18.4200,145.7300,0.0000,0.0000,0.8430,0
3200,11:55:44.656,ROI,160,160,224,224,30.77,31.50,0.0,12.4,31.74,711.03,177.98,108.37,79.07,0.9549,18.2600,146.8800,0.0000,0.0000,0.8518,0
3201,11:55:44.693,ROI,160,160,224,224,20.62,21.09,0.0,0.0,47.42,709.82,176.87,107.73,78.41,0.9510,17.9000,147.0400,0.0000,0.0000,0.8501,0
3202,11:55:44.721,ROI,160,160,224,224,19.35,19.79,0.0,19.725,50.53,708.43,176.06,108.29,79.06,0.9546,18.1000,147.3400,0.0000,0.0000,0.8683,0
3203,11:55:44.746,ROI,160,160,224,224,20.59,21.09,0.0,18.525,47.41,707.58,175.93,107.88,77.67,0.9673,17.4200,149.1500,0.0000,0.0000,0.8538,0
3204,11:55:44.775,ROI,160,160,224,224,16.92,17.42,0.0,0.0,57.41,707.81,175.74,109.56,80.58,0.9491,17.9500,149.7600,0.0000,0.0000,0.8590,0
3205,11:55:44.800,ROI,160,160,224,224,17.25,18.01,49.325,21.7,55.53,706.30,174.78,109.65,79.41,0.9499,18.4200,149.7000,0.0000,0.0000,0.8443,0
3206,11:55:44.848,ROI,160,160,224,224,26.25,27.19,12.875,14.35,36.78,704.85,173.79,109.90,78.90,0.9503,18.4600,150.3700,0.0000,0.0000,0.8368,0
3207,11:55:44.884,ROI,160,160,224,224,28.42,29.13,0.0,26.825,34.32,703.06,173.27,110.70,77.52,0.9514,18.3200,152.3600,0.0000,0.0000,0.8435,0
3208,11:55:44.921,ROI,160,160,224,224,29.40,30.10,0.0,0.0,33.22,701.78,172.69,110.25,75.80,0.9556,18.2000,152.2200,0.0000,0.0000,0.8493,0
3209,11:55:44.959,ROI,160,160,224,224,28.12,28.87,0.0,27.05,34.63,699.36,172.66,111.66,75.52,0.9539,17.1600,155.7800,0.0000,0.0000,0.8082,0
3210,11:55:44.995,ROI,160,160,224,224,26.15,26.81,0.0,29.15,37.30,699.28,172.32,110.25,74.63,0.9758,16.6600,155.4900,0.0000,0.0000,0.8032,0
3211,11:55:45.028,ROI,160,160,224,224,20.41,20.94,0.0,18.65,47.77,698.47,171.65,109.48,75.77,0.9680,17.4700,155.4300,0.0000,0.0000,0.8185,0
3212,11:55:45.056,ROI,160,160,224,224,17.32,17.93,0.0,21.775,55.77,696.77,171.10,110.04,75.42,0.9557,17.6800,156.5400,0.0000,0.0000,0.8129,0
3213,11:55:45.081,ROI,160,160,224,224,13.89,14.43,0.0,0.0,69.32,694.73,170.27,110.29,73.39,0.9382,17.3300,159.7700,0.0000,0.0000,0.7503,0
3214,11:55:45.103,ROI,160,160,224,224,14.76,15.55,0.0,25.125,64.32,695.61,169.59,110.53,74.59,0.9664,17.2900,157.3100,0.0000,0.0000,0.8027,0
3215,11:55:45.136,ROI,160,160,224,224,27.14,27.94,0.0,0.0,35.79,691.82,168.47,113.01,76.97,0.9062,17.8000,155.7600,0.0000,0.0000,0.8126,0
3216,11:55:45.171,ROI,160,160,256,256,18.81,19.42,0.0,0.0,51.51,692.04,168.75,114.46,76.08,0.9760,17.1100,158.2800,0.0000,0.0000,0.8045,0
3217,11:55:45.215,ROI,160,160,256,256,19.68,20.32,0.0,0.0,49.21,690.56,168.26,112.24,75.94,0.9617,17.7300,163.1400,0.0000,0.0000,0.8241,0
3218,11:55:45.249,ROI,160,160,256,256,20.26,21.00,0.0,0.0,47.62,688.94,167.23,111.76,75.47,0.9460,17.2800,160.0600,0.0000,0.0000,0.8294,0
3219,11:55:45.280,ROI,160,160,224,224,13.14,13.61,0.0,0.0,73.48,685.41,165.92,110.53,73.16,0.9067,16.6800,159.4300,0.0000,0.0000,0.7243,0
3220,11:55:45.311,ROI,160,160,224,224,12.46,13.08,0.0,0.0,76.45,685.39,165.99,112.45,73.32,0.9809,15.8700,157.8000,0.0000,0.0000,0.7325,0
3221,11:55:45.344,ROI,160,160,256,256,12.44,12.93,0.0,0.0,77.36,684.44,164.41,112.58,75.50,0.9425,18.0600,163.2500,0.0000,0.0000,0.8593,0
3222,11:55:45.376,ROI,160,160,256,256,13.67,14.16,20.4,0.0,70.61,684.37,163.54,111.98,73.92,0.9718,17.0400,161.9300,0.0000,0.0000,0.8620,0
3223,11:55:45.407,ROI,160,160,224,224,13.70,14.28,0.0,0.0,70.04,683.26,163.48,110.24,74.42,0.9737,16.7000,158.0800,0.0000,0.0000,0.7703,0
3224,11:55:45.440,ROI,160,160,224,224,12.38,12.94,0.0,0.0,77.31,681.28,162.45,110.66,72.60,0.9388,16.9100,158.3800,0.0000,0.0000,0.7669,0
3225,11:55:45.460,ROI,160,160,224,224,13.52,14.11,0.0,0.0,70.89,681.56,163.81,108.93,71.22,0.9482,15.7500,160.3300,0.0000,0.0000,0.7918,0
3226,11:55:45.479,ROI,160,160,224,224,24.93,25.56,0.0,45.825,39.12,679.38,162.75,110.60,70.38,0.9333,16.4500,160.7800,0.0000,0.0000,0.7885,0
3227,11:55:45.537,ROI,160,160,224,224,10.80,11.41,12.15,34.225,87.61,675.91,161.68,110.66,68.43,0.9115,16.2900,161.0100,0.0000,0.0000,0.7713,0
3228,11:55:45.584,ROI,160,160,224,224,11.10,11.74,0.0,0.0,85.16,674.29,161.38,109.80,66.88,0.9492,15.6400,160.7300,0.0000,0.0000,0.7732,0
3229,11:55:45.615,ROI,160,160,224,224,12.24,12.71,0.0,30.725,78.66,674.41,161.46,110.12,67.41,0.9892,15.6200,160.8800,0.0000,0.0000,0.7785,0
3230,11:55:45.649,ROI,160,160,224,224,21.88,22.61,0.0,0.0,44.23,672.88,160.55,109.35,66.65,0.9468,16.6700,161.1100,0.0000,0.0000,0.8120,0
3231,11:55:45.680,ROI,160,160,224,224,22.11,22.77,0.0,68.65,43.92,670.74,160.35,111.97,65.60,0.9474,16.0500,160.4700,0.0000,0.0000,0.8397,0
3232,11:55:45.713,ROI,160,160,224,224,24.49,25.24,0.0,30.95,39.62,669.01,159.66,110.77,67.27,0.9458,16.0400,162.4700,0.0000,0.0000,0.8282,0
3233,11:55:45.746,ROI,160,160,224,224,21.87,22.55,0.0,17.325,44.34,667.92,158.87,110.28,67.73,0.9581,16.2200,164.2300,0.0000,0.0000,0.8366,0
3234,11:55:45.777,ROI,160,160,224,224,17.80,18.49,0.0,21.125,54.09,664.98,159.16,113.29,69.41,0.9261,16.6600,164.1200,0.0000,0.0000,0.8489,0
3235,11:55:45.810,ROI,160,160,256,256,17.82,18.50,0.0,21.125,54.04,667.15,159.50,109.44,65.15,0.9029,17.0000,163.2400,0.0000,0.0000,0.8880,0
3236,11:55:45.836,ROI,160,160,224,224,17.00,17.80,0.0,0.0,56.19,664.96,158.94,112.59,68.54,0.9139,16.2700,164.5300,0.0000,0.0000,0.8472,0
3237,11:55:45.861,ROI,160,160,256,256,25.18,25.86,0.0,0.0,38.67,664.29,159.14,111.42,66.62,0.9605,17.0900,167.7800,0.0000,0.0000,0.8837,0
3238,11:55:45.892,ROI,160,160,224,224,12.32,12.77,0.0,0.0,78.29,662.56,158.27,111.47,66.19,0.9449,17.0200,163.4800,0.0000,0.0000,0.8693,0
3239,11:55:45.953,ROI,160,160,224,224,11.35,12.01,0.0,0.0,83.27,658.04,157.34,111.51,67.13,0.8977,18.0100,166.6400,0.0000,0.0000,0.8539,0
3240,11:55:45.986,ROI,160,160,224,224,10.62,11.20,0.0,0.0,89.27,657.08,157.39,110.75,65.98,0.9661,16.8600,169.4800,0.0000,0.0000,0.8789,0
3241,11:55:46.016,ROI,160,160,224,224,14.46,15.18,0.0,0.0,65.89,657.74,157.21,108.82,65.74,0.9772,16.3400,170.2000,0.0000,0.0000,0.8743,0
3242,11:55:46.050,ROI,160,160,224,224,18.34,19.14,20.875,0.0,52.24,655.28,157.38,107.53,65.42,0.9507,17.5200,169.8700,0.0000,0.0000,0.8407,0
3243,11:55:46.081,ROI,160,160,224,224,24.20,24.89,33.075,0.0,40.18,653.75,157.15,107.94,66.63,0.9547,16.7600,170.7600,0.0000,0.0000,0.8162,0
3244,11:55:46.114,ROI,160,160,224,224,22.80,23.47,0.0,16.65,42.60,652.72,156.27,106.05,66.09,0.9553,15.7700,174.5100,0.0000,0.0000,0.7765,0
3245,11:55:46.146,ROI,160,160,224,224,22.91,23.58,0.0,0.0,42.41,648.82,156.41,107.86,64.34,0.9061,17.2200,175.0100,0.0000,0.0000,0.7992,0
3246,11:55:46.179,ROI,160,160,224,224,17.75,18.41,0.0,0.0,54.31,646.98,155.82,104.94,65.49,0.9491,16.1500,173.9800,0.0000,0.0000,0.7563,0
3247,11:55:46.207,ROI,160,160,224,224,21.52,22.23,43.8,0.0,44.99,649.11,156.55,109.07,64.86,0.9401,15.7900,173.5800,0.0000,0.0000,0.8356,0
3248,11:55:46.237,ROI,160,160,224,224,11.86,13.06,49.125,29.925,76.57,647.66,156.04,105.48,65.81,0.9524,16.0200,177.0800,0.0000,0.0000,0.7893,0
3249,11:55:46.256,ROI,160,160,224,224,17.43,18.08,0.0,21.6,55.30,645.88,155.71,103.22,65.32,0.9568,15.4900,173.9900,0.0000,0.0000,0.7533,0
3250,11:55:46.280,ROI,160,160,224,224,14.04,14.50,64.725,0.0,68.98,644.19,156.95,101.67,63.77,0.9314,15.5200,174.6700,0.0000,0.0000,0.7111,0
3251,11:55:46.352,ROI,160,160,224,224,10.43,10.96,6.875,35.65,91.25,641.66,156.24,102.49,64.04,0.9313,15.8400,175.9300,0.0000,0.0000,0.7522,0
3252,11:55:46.385,ROI,160,160,224,224,10.24,10.77,0.0,36.3,92.87,640.36,156.27,104.16,65.16,0.9584,15.9600,176.7000,0.0000,0.0000,0.7515,0
3253,11:55:46.416,ROI,160,160,224,224,13.19,13.84,0.0,0.0,72.23,640.28,156.11,104.64,65.53,0.9897,15.9100,176.3700,0.0000,0.0000,0.7738,0
3254,11:55:46.447,ROI,160,160,224,224,12.78,13.22,0.0,0.0,75.62,639.65,155.51,104.31,65.38,0.9701,16.1200,174.1400,0.0000,0.0000,0.7422,0
3255,11:55:46.480,ROI,160,160,224,224,13.95,14.40,0.0,0.0,69.43,638.24,155.53,103.85,65.93,0.9654,15.9200,175.2000,0.0000,0.0000,0.7230,0
3256,11:55:46.512,ROI,160,160,224,224,13.42,13.86,0.0,28.175,72.15,637.02,155.42,104.96,66.89,0.9628,17.0600,176.7500,0.0000,0.0000,0.7847,0
3257,11:55:46.544,ROI,160,160,224,224,11.94,12.41,21.35,31.475,80.58,634.69,154.79,105.39,66.77,0.9392,18.1700,178.8100,0.0000,0.0000,0.8285,0
3258,11:55:46.562,ROI,160,160,224,224,14.44,14.88,72.575,0.0,67.20,633.62,156.16,105.80,66.02,0.9409,16.3700,176.9600,0.0000,0.0000,0.7416,0
3259,11:55:46.582,ROI,160,160,224,224,12.01,12.80,0.0,0.0,78.14,632.83,155.41,105.52,67.41,0.9636,17.6100,178.5000,0.0000,0.0000,0.8252,0
3260,11:55:46.609,ROI,160,160,224,224,12.05,12.55,0.0,0.0,79.66,631.83,155.52,105.45,67.73,0.9766,16.7200,178.7600,0.0000,0.0000,0.7912,0
3261,11:55:46.639,ROI,160,160,224,224,10.05,10.56,0.0,0.0,94.72,630.29,155.71,106.11,67.21,0.9639,16.8000,179.2800,0.0000,0.0000,0.7743,0
3262,11:55:46.688,ROI,160,160,224,224,9.29,9.76,0.0,0.0,102.51,629.03,155.20,106.50,67.12,0.9619,17.2000,-179.6900,0.0000,0.0000,0.8070,0
3263,11:55:46.751,ROI,160,160,224,224,9.65,10.11,0.0,0.0,98.88,625.35,155.35,106.78,66.89,0.9290,18.2800,-175.6300,0.0000,0.0000,0.8311,0
3264,11:55:46.783,ROI,160,160,224,224,9.41,10.22,0.0,0.0,97.85,623.84,155.17,106.48,68.26,0.9529,16.6400,-176.3400,0.0000,0.0000,0.7953,0
3265,11:55:46.815,ROI,160,160,224,224,10.59,11.30,17.875,0.0,88.53,624.62,155.97,107.74,68.64,0.9629,16.9500,-175.0400,0.0000,0.0000,0.8145,0
3266,11:55:46.848,ROI,160,160,224,224,15.70,16.15,18.0,0.0,61.91,622.59,155.50,106.48,68.94,0.9501,16.7800,-175.8200,0.0000,0.0000,0.7865,0
3267,11:55:46.879,ROI,160,160,224,224,10.93,11.37,0.0,34.375,87.96,621.44,155.88,105.74,69.54,0.9681,16.6900,-173.6000,0.0000,0.0000,0.7658,0
3268,11:55:46.911,ROI,160,160,224,224,10.18,10.60,0.0,0.0,94.32,620.12,155.95,105.43,67.65,0.9490,16.8200,-174.4600,0.0000,0.0000,0.7830,0
3269,11:55:46.927,ROI,160,160,224,224,10.98,11.41,0.0,0.0,87.65,619.80,155.78,104.58,67.86,0.9870,16.5100,-175.6300,0.0000,0.0000,0.7943,0
3270,11:55:46.944,ROI,160,160,224,224,10.89,11.36,0.0,0.0,88.02,617.92,155.41,106.09,67.54,0.9544,16.6400,-173.4300,0.0000,0.0000,0.8098,0
3271,11:55:46.976,ROI,160,160,224,224,11.71,12.15,0.0,0.0,82.30,616.44,156.08,107.27,68.63,0.9538,16.6200,-175.1800,0.0000,0.0000,0.7909,0
3272,11:55:47.008,ROI,160,160,224,224,14.68,15.33,0.0,25.5,65.25,616.53,155.90,105.04,66.93,0.9551,16.7100,-173.5400,0.0000,0.0000,0.8109,0
3273,11:55:47.055,ROI,160,160,224,224,11.95,12.48,0.0,0.0,80.12,615.69,156.71,105.03,70.03,0.9410,17.1400,-172.8900,0.0000,0.0000,0.8428,0
3274,11:55:47.088,ROI,160,160,224,224,8.86,9.44,0.0,0.0,105.98,613.42,156.69,104.79,67.03,0.9174,17.5500,-172.8400,0.0000,0.0000,0.8576,0
3275,11:55:47.153,ROI,160,160,224,224,9.27,9.90,0.0,0.0,100.99,608.46,156.59,108.81,68.11,0.8973,17.1400,-174.4400,0.0000,0.0000,0.8507,0
3276,11:55:47.183,ROI,160,160,224,224,9.74,10.45,0.0,0.0,95.69,607.23,156.67,107.59,67.45,0.9681,17.3600,-169.8100,0.0000,0.0000,0.8692,0
3277,11:55:47.216,ROI,160,160,224,224,13.70,14.38,0.0,0.0,69.56,607.78,156.78,107.34,67.52,0.9865,17.1600,-171.2400,0.0000,0.0000,0.8522,0
3278,11:55:47.247,ROI,160,160,224,224,16.53,17.13,23.85,0.0,58.39,605.59,157.04,106.67,67.79,0.9528,17.9100,-171.1000,0.0000,0.0000,0.8740,0
3279,11:55:47.281,ROI,160,160,224,224,19.57,20.17,0.0,19.375,49.58,603.50,157.45,108.32,68.31,0.9505,17.3000,-167.2100,0.0000,0.0000,0.9024,0
3280,11:55:47.309,ROI,160,160,224,224,18.63,19.51,0.0,0.0,51.24,604.08,157.57,107.86,69.02,0.9792,17.0200,-167.5600,0.0000,0.0000,0.9018,0
3281,11:55:47.336,ROI,160,160,224,224,20.93,21.50,0.0,0.0,46.51,602.57,157.98,108.16,68.85,0.9613,17.6000,-167.3900,0.0000,0.0000,0.9075,0
3282,11:55:47.365,ROI,160,160,224,224,20.26,20.78,0.0,18.8,48.13,600.87,158.33,108.47,71.61,0.9322,17.1500,-168.1000,0.0000,0.0000,0.9085,0
3283,11:55:47.392,ROI,160,160,224,224,13.94,14.51,0.0,0.0,68.94,599.83,158.10,106.92,69.26,0.9488,16.7800,-168.6500,0.0000,0.0000,0.8881,0
3284,11:55:47.423,ROI,160,160,224,224,10.45,10.89,0.0,0.0,91.80,598.55,158.10,106.76,70.17,0.9638,16.8700,-168.6100,0.0000,0.0000,0.8916,0
3285,11:55:47.455,ROI,160,160,224,224,12.94,13.41,18.8,0.0,74.58,598.56,158.53,106.32,69.80,0.9835,15.7700,-167.6500,0.0000,0.0000,0.8685,0
3286,11:55:47.488,ROI,160,160,224,224,11.31,12.00,0.0,0.0,83.37,597.64,157.47,105.77,69.96,0.9535,16.8200,-166.8400,0.0000,0.0000,0.8952,0
3287,11:55:47.551,ROI,160,160,224,224,9.71,10.11,0.0,0.0,98.93,594.14,158.36,106.64,67.97,0.9107,16.9900,-165.6000,0.0000,0.0000,0.9143,0
3288,11:55:47.584,ROI,160,160,224,224,9.26,9.87,0.0,0.0,101.31,592.22,158.34,107.42,68.71,0.9544,16.7600,-166.8400,0.0000,0.0000,0.9059,0
3289,11:55:47.615,ROI,160,160,224,224,9.68,10.19,0.0,38.35,98.16,590.82,159.30,107.03,67.20,0.9473,16.2300,-166.2700,0.0000,0.0000,0.8866,0
3290,11:55:47.649,ROI,160,160,224,224,9.94,10.43,0.0,0.0,95.84,590.20,159.48,106.20,67.83,0.9792,16.6900,-166.3200,0.0000,0.0000,0.8831,0
3291,11:55:47.664,ROI,160,160,224,224,13.43,13.86,0.0,28.175,72.13,590.20,159.48,106.20,67.83,1.0000,16.6900,-166.3200,0.0000,0.0000,0.8831,0
3292,11:55:47.684,ROI,160,160,224,224,10.33,10.76,0.0,36.325,92.95,588.85,160.02,106.01,65.81,0.9463,16.4600,-164.6100,0.0000,0.0000,0.8873,0
3293,11:55:47.710,ROI,160,160,224,224,10.28,10.68,0.0,0.0,93.64,587.33,161.23,106.90,68.75,0.9306,16.2800,-162.5200,0.0000,0.0000,0.8763,0
3294,11:55:47.743,ROI,160,160,224,224,11.50,11.92,0.0,32.775,83.89,585.35,160.73,107.51,66.78,0.9366,16.8400,-161.2300,0.0000,0.0000,0.8978,0
3295,11:55:47.791,ROI,160,160,224,224,10.16,10.58,0.0,36.95,94.56,584.05,163.84,107.83,70.08,0.8923,15.2100,-163.0300,0.0000,0.0000,0.8393,0
3296,11:55:47.823,ROI,160,160,224,224,8.94,9.37,0.0,41.7,106.74,582.56,164.20,109.70,70.21,0.9629,16.3800,-161.9500,0.0000,0.0000,0.8796,0
3297,11:55:47.856,ROI,160,160,224,224,8.53,8.92,0.0,43.8,112.08,583.05,162.21,108.26,68.95,0.9320,16.4600,-162.5300,0.0000,0.0000,0.8710,0
3298,11:55:47.888,ROI,160,160,224,224,8.62,9.08,16.825,0.0,110.08,581.11,164.21,109.69,69.55,0.9116,16.3200,-162.6300,0.0000,0.0000,0.8681,0
3299,11:55:47.951,ROI,160,160,224,224,9.41,9.81,0.0,0.0,101.98,578.84,165.29,111.72,70.78,0.9313,16.1000,-161.7600,0.0000,0.0000,0.8660,0
3300,11:55:47.985,ROI,160,160,224,224,8.71,9.15,0.0,0.0,109.26,578.36,166.08,108.54,70.04,0.9502,15.6900,-160.7900,0.0000,0.0000,0.8610,0
3301,11:55:48.017,ROI,160,160,224,224,9.05,9.69,0.0,0.0,103.19,576.10,166.39,108.37,70.21,0.9507,15.6700,-161.1700,0.0000,0.0000,0.8510,0
3302,11:55:48.034,ROI,160,160,224,224,11.25,11.69,0.0,0.0,85.55,577.27,167.04,108.11,71.93,0.9553,15.6500,-159.3800,0.0000,0.0000,0.8189,0
3303,11:55:48.052,ROI,160,160,224,224,10.98,11.54,57.4,0.0,86.64,576.40,166.05,106.41,70.74,0.9570,16.4700,-162.1900,0.0000,0.0000,0.8692,0
3304,11:55:48.079,ROI,160,160,224,224,11.76,12.15,25.625,0.0,82.33,575.78,167.54,109.91,71.01,0.9288,15.6900,-159.2000,0.0000,0.0000,0.8185,0
3305,11:55:48.111,ROI,160,160,224,224,11.46,11.92,0.0,0.0,83.88,573.39,167.21,106.53,68.57,0.9242,16.2700,-159.0500,0.0000,0.0000,0.8326,0
3306,11:55:48.159,ROI,160,160,224,224,10.78,11.18,10.85,0.0,89.48,571.68,168.04,106.68,67.58,0.9456,15.1900,-158.3800,0.0000,0.0000,0.8035,0
3307,11:55:48.191,ROI,160,160,224,224,11.61,12.03,0.0,0.0,83.12,571.97,168.18,106.60,68.57,0.9803,16.7200,-157.7800,0.0000,0.0000,0.8480,0
3308,11:55:48.223,ROI,160,160,224,224,9.01,9.56,0.0,0.0,104.65,568.40,168.32,107.21,69.64,0.9215,16.6700,-155.3400,0.0000,0.0000,0.8262,0
3309,11:55:48.256,ROI,160,160,224,224,9.38,9.79,0.0,0.0,102.16,569.16,168.36,104.69,69.59,0.9753,16.2400,-156.9100,0.0000,0.0000,0.7918,0
3310,11:55:48.290,ROI,160,160,224,224,11.27,11.85,0.0,0.0,84.36,567.08,169.92,106.11,71.02,0.9204,15.9500,-154.8300,0.0000,0.0000,0.8085,0
3311,11:55:48.353,ROI,160,160,224,224,15.22,15.89,0.0,0.0,62.92,563.40,172.60,106.97,75.73,0.8693,14.4600,-152.9700,0.0000,0.0000,0.7836,0
3312,11:55:48.385,ROI,160,160,224,224,25.55,26.23,0.0,0.0,38.12,564.06,171.97,103.61,74.07,0.9475,17.1600,-146.4400,0.0000,0.0000,0.8660,0
3313,11:55:48.419,ROI,160,160,224,224,22.55,23.27,53.45,16.8,42.98,562.74,172.37,108.14,74.93,0.9473,15.9600,-150.2600,0.0000,0.0000,0.8538,0
3314,11:55:48.451,ROI,160,160,224,224,23.13,23.74,0.0,0.0,42.12,561.87,172.66,105.83,75.08,0.9713,16.1600,-143.8200,0.0000,0.0000,0.8501,0
3315,11:55:48.484,ROI,160,160,224,224,31.68,32.34,0.0,12.075,30.92,561.28,172.63,107.83,75.46,0.9765,15.4200,-144.9300,0.0000,0.0000,0.8414,0
3316,11:55:48.525,ROI,160,160,224,224,22.05,22.74,0.0,68.725,43.97,557.86,173.43,109.66,75.99,0.9200,16.2400,-144.1600,0.0000,0.0000,0.8553,0
3317,11:55:48.557,ROI,160,160,224,224,22.92,23.88,0.0,0.0,41.88,556.47,174.89,111.12,77.78,0.9389,15.8200,-144.4900,0.0000,0.0000,0.8249,0
3318,11:55:48.588,ROI,160,160,224,224,16.35,17.40,0.0,0.0,57.46,555.05,175.60,110.75,79.65,0.9523,15.5600,-141.2800,0.0000,0.0000,0.8223,0
3319,11:55:48.612,ROI,160,160,224,224,18.24,18.85,0.0,0.0,53.06,553.24,175.80,107.79,78.54,0.9540,16.4800,-140.9300,0.0000,0.0000,0.8050,0
3320,11:55:48.639,ROI,160,160,224,224,14.83,15.34,0.0,0.0,65.20,552.79,176.85,106.39,80.21,0.9615,16.3400,-139.2500,0.0000,0.0000,0.8425,0
3321,11:55:48.660,ROI,160,160,224,224,14.47,15.02,0.0,26.0,66.56,552.77,175.97,107.21,78.51,0.9708,17.8800,-140.8300,0.0000,0.0000,0.8307,0
3322,11:55:48.688,ROI,160,160,224,224,14.64,15.15,0.0,0.0,66.02,551.62,177.67,105.08,80.00,0.9380,16.5400,-140.0800,0.0000,0.0000,0.8176,0
3323,11:55:48.751,ROI,160,160,224,224,15.14,15.75,0.0,0.0,63.49,548.86,179.20,105.66,83.48,0.9101,17.7600,-137.7200,0.0000,0.0000,0.7995,0
3324,11:55:48.773,ROI,160,160,224,224,22.22,22.72,0.0,0.0,44.02,549.20,177.88,108.19,82.46,0.9465,19.0300,-141.3200,0.0000,0.0000,0.8121,0
3325,11:55:48.802,ROI,160,160,224,224,19.72,20.39,64.425,0.0,49.04,546.49,178.58,105.88,82.07,0.9349,18.0400,-135.4900,0.0000,0.0000,0.8910,0
3326,11:55:48.829,ROI,160,160,224,224,22.79,23.38,57.4,0.0,42.77,544.98,179.72,105.46,83.76,0.9458,17.4300,-135.8300,0.0000,0.0000,0.8989,0
3327,11:55:48.859,ROI,160,160,224,224,20.69,21.13,58.425,0.0,47.32,544.25,179.74,104.29,85.58,0.9655,16.2700,-129.5700,0.0000,0.0000,0.8711,0
3328,11:55:48.895,ROI,160,160,224,224,18.71,19.17,0.0,20.375,52.17,542.77,180.68,104.37,86.10,0.9512,15.3400,-128.8000,0.0000,0.0000,0.8930,0
3329,11:55:48.927,ROI,160,160,224,224,18.23,18.67,0.0,20.925,53.56,541.61,181.40,104.41,85.34,0.9619,15.3500,-127.9500,0.0000,0.0000,0.8872,0
3330,11:55:48.959,ROI,160,160,224,224,25.65,26.24,0.0,0.0,38.11,540.86,181.80,102.77,84.73,0.9752,14.3900,-127.1500,0.0000,0.0000,0.8650,0
3331,11:55:48.993,ROI,160,160,224,224,19.26,19.73,0.0,19.8,50.69,539.72,183.31,102.80,87.54,0.9447,15.1400,-123.6000,0.0000,0.0000,0.9044,0
3332,11:55:49.023,ROI,160,160,224,224,23.08,23.59,0.0,33.125,42.39,537.75,184.53,101.91,88.09,0.9365,15.3800,-125.3000,0.0000,0.0000,0.8311,0
3333,11:55:49.056,ROI,160,160,224,224,25.12,25.73,0.0,15.175,38.86,535.46,185.99,99.75,90.36,0.9256,16.8800,-119.6400,0.0000,0.0000,0.9001,0
3334,11:55:49.089,ROI,160,160,224,224,22.21,22.84,0.0,17.1,43.79,535.84,185.77,102.05,91.32,0.9672,16.9000,-120.7500,0.0000,0.0000,0.9274,0
3335,11:55:49.120,ROI,160,160,224,224,27.73,28.31,0.0,13.775,35.32,533.75,187.03,98.06,92.06,0.9338,17.0300,-117.2900,0.0000,0.0000,0.9221,0
3336,11:55:49.155,ROI,160,160,224,224,21.94,22.53,0.0,0.0,44.39,533.80,187.32,98.43,90.33,0.9774,15.9000,-120.1300,0.0000,0.0000,0.9018,0
3337,11:55:49.186,ROI,160,160,224,224,21.95,22.43,0.0,0.0,44.58,533.43,188.18,97.97,91.73,0.9743,17.6500,-119.1100,0.0000,0.0000,0.9453,0
3338,11:55:49.216,ROI,160,160,224,224,19.22,19.99,0.0,0.0,50.01,531.91,188.27,98.03,91.24,0.9642,17.0000,-119.8100,0.0000,0.0000,0.9272,0
3339,11:55:49.264,ROI,160,160,224,224,22.99,23.43,0.0,16.675,42.68,530.86,190.02,97.02,91.91,0.9424,16.5700,-118.1400,0.0000,0.0000,0.9036,0
3340,11:55:49.297,ROI,160,160,224,224,28.27,28.74,0.0,13.6,34.79,531.29,189.66,97.87,92.55,0.9837,15.7000,-118.1200,0.0000,0.0000,0.8950,0
3341,11:55:49.331,ROI,160,160,224,224,21.25,21.72,0.0,0.0,46.03,529.14,191.24,96.61,92.57,0.9254,17.9300,-117.2200,0.0000,0.0000,0.9208,0
3342,11:55:49.361,ROI,160,160,224,224,22.98,23.49,0.0,0.0,42.58,529.35,191.15,94.77,90.38,0.9577,16.3200,-117.2800,0.0000,0.0000,0.8951,0
3343,11:55:49.393,ROI,160,160,192,192,29.43,30.00,0.0,13.0,33.33,527.31,192.30,95.60,87.67,0.9300,18.8000,-119.0400,0.0000,0.0000,0.9578,0
3344,11:55:49.430,ROI,160,160,192,192,27.19,27.75,0.0,14.075,36.03,526.39,193.00,92.93,88.79,0.9571,18.4600,-117.6300,0.0000,0.0000,0.9573,0
3345,11:55:49.464,ROI,160,160,192,192,33.65,34.22,0.0,0.0,29.22,525.28,193.94,94.20,87.49,0.9561,19.4600,-118.0600,0.0000,0.0000,0.9576,0
3346,11:55:49.507,ROI,160,160,192,192,24.19,24.79,0.0,15.75,40.33,525.11,193.08,93.46,88.67,0.9730,18.5600,-117.1500,0.0000,0.0000,0.9486,0
3347,11:55:49.540,ROI,160,160,192,192,20.10,20.67,0.0,0.0,48.37,523.66,194.37,93.62,88.33,0.9421,18.8600,-117.7900,0.0000,0.0000,0.9454,0
3348,11:55:49.566,ROI,160,160,192,192,23.77,24.41,63.15,0.0,40.96,523.12,194.97,92.92,87.86,0.9752,17.8800,-117.9700,0.0000,0.0000,0.9359,0
3349,11:55:49.598,ROI,160,160,192,192,27.47,28.18,57.125,0.0,35.49,522.46,196.14,93.10,87.72,0.9603,19.4200,-117.1500,0.0000,0.0000,0.9550,0
3350,11:55:49.634,ROI,160,160,192,192,50.26,51.79,0.0,7.55,19.31,522.06,197.38,91.02,88.42,0.9508,17.1500,-117.0600,0.0000,0.0000,0.9344,0
3351,11:55:49.694,ROI,160,160,192,192,39.09,39.66,0.0,0.0,25.21,520.90,198.58,91.36,90.35,0.9492,18.5700,-115.6100,0.0000,0.0000,0.9455,0
3352,11:55:49.742,ROI,160,160,192,192,43.82,44.48,0.0,26.35,22.48,520.84,197.87,91.54,90.91,0.9824,18.4300,-115.0700,0.0000,0.0000,0.9591,0
3353,11:55:49.796,ROI,160,160,192,192,40.94,41.56,0.0,9.4,24.06,520.49,197.70,90.65,89.32,0.9729,18.5500,-115.9100,0.0000,0.0000,0.9512,0
3354,11:55:49.845,ROI,160,160,192,192,43.42,44.15,102.825,8.85,22.65,520.07,199.33,90.86,89.17,0.9554,19.3000,-114.2500,0.0000,0.0000,0.9533,0
3355,11:55:49.898,ROI,160,160,192,192,40.66,41.68,0.0,28.125,23.99,518.88,202.49,92.23,90.64,0.9088,19.9000,-112.0700,0.0000,0.0000,0.9201,0
3356,11:55:49.947,ROI,160,160,192,192,28.23,28.89,0.0,0.0,34.62,518.40,204.46,91.93,91.34,0.9478,19.1900,-111.4600,0.0000,0.0000,0.9277,0
3357,11:55:49.981,ROI,160,160,192,192,28.24,28.68,0.0,13.625,34.87,516.32,205.13,90.70,91.10,0.9419,19.0800,-111.3000,0.0000,0.0000,0.9117,0
3358,11:55:50.017,ROI,160,160,192,192,17.88,18.55,0.0,0.0,53.92,518.14,205.53,91.96,90.82,0.9528,17.9000,-112.1000,0.0000,0.0000,0.8970,0
3359,11:55:50.041,ROI,160,160,192,192,19.12,19.57,0.0,19.975,51.10,514.69,207.47,90.00,91.30,0.8896,21.6100,-109.7600,0.0000,0.0000,0.9300,0
3360,11:55:50.067,ROI,160,160,192,192,19.74,20.71,64.475,0.0,48.29,515.39,208.33,90.66,93.42,0.9622,19.8000,-110.8000,0.0000,0.0000,0.9342,0
3361,11:55:50.096,ROI,160,160,192,192,15.91,16.36,49.175,23.875,61.12,513.94,208.19,85.76,92.81,0.9398,18.8200,-109.8000,0.0000,0.0000,0.9085,0
3362,11:55:50.128,ROI,160,160,192,192,17.19,17.76,0.0,22.0,56.31,514.67,210.21,91.04,93.74,0.9030,19.7900,-109.8400,0.0000,0.0000,0.9257,0
3363,11:55:50.159,ROI,160,160,192,192,15.21,15.81,28.125,0.0,63.24,512.90,210.65,86.76,92.03,0.9355,18.8400,-108.9900,0.0000,0.0000,0.8961,0
3364,11:55:50.192,ROI,160,160,192,192,20.77,21.36,0.0,0.0,46.81,512.32,212.15,87.88,92.30,0.9556,19.7700,-110.0600,0.0000,0.0000,0.9188,0
3365,11:55:50.223,ROI,160,160,192,192,15.88,16.44,0.0,0.0,60.82,512.20,213.32,88.66,93.92,0.9666,19.5800,-108.4500,0.0000,0.0000,0.9062,0
3366,11:55:50.255,ROI,160,160,192,192,21.06,21.50,0.0,0.0,46.52,512.56,215.10,90.14,94.28,0.9472,19.9900,-109.0600,0.0000,0.0000,0.9287,0
3367,11:55:50.288,ROI,160,160,192,192,28.63,29.23,0.0,13.375,34.21,511.15,214.21,87.76,92.68,0.9504,18.9000,-108.2500,0.0000,0.0000,0.9058,0
3368,11:55:50.325,ROI,160,160,192,192,24.24,24.77,0.0,15.775,40.37,510.88,216.03,89.03,93.78,0.9481,19.4900,-107.9200,0.0000,0.0000,0.9090,0
3369,11:55:50.369,ROI,160,160,192,192,23.50,24.17,0.0,16.175,41.37,509.88,217.37,87.61,94.75,0.9506,19.3500,-106.9200,0.0000,0.0000,0.8988,0
3370,11:55:50.400,ROI,160,160,192,192,20.92,21.37,0.0,18.275,46.79,508.65,219.20,86.47,94.96,0.9359,20.0900,-105.6400,0.0000,0.0000,0.9007,0
3371,11:55:50.431,ROI,160,160,192,192,17.95,18.48,0.0,0.0,54.11,508.38,220.72,86.65,97.26,0.9630,17.3500,-104.1200,0.0000,0.0000,0.8362,0
3372,11:55:50.463,ROI,160,160,224,224,17.20,17.67,0.0,0.0,56.60,507.75,222.63,89.11,98.70,0.9354,17.0500,-101.4000,0.0000,0.0000,0.8410,0
3373,11:55:50.495,ROI,160,160,224,224,16.19,16.66,0.0,23.45,60.04,507.31,222.81,88.34,99.16,0.9856,17.7900,-104.4500,0.0000,0.0000,0.9051,0
3374,11:55:50.528,ROI,160,160,224,224,14.32,14.78,24.125,0.0,67.66,506.83,224.98,88.66,99.33,0.9472,16.8900,-102.3800,0.0000,0.0000,0.8551,0
3375,11:55:50.559,ROI,160,160,224,224,14.30,14.75,0.0,0.0,67.78,506.41,225.96,89.60,99.19,0.9703,16.6600,-101.1600,0.0000,0.0000,0.8697,0
3376,11:55:50.592,ROI,160,160,224,224,11.23,11.75,0.0,33.275,85.12,506.28,227.20,88.02,99.71,0.9584,16.5100,-100.4300,0.0000,0.0000,0.8714,0
3377,11:55:50.624,ROI,160,160,224,224,12.03,12.46,0.0,0.0,80.23,505.73,228.36,87.25,99.89,0.9651,16.9900,-99.5200,0.0000,0.0000,0.8633,0
3378,11:55:50.656,ROI,160,160,224,224,11.72,12.19,0.0,0.0,82.04,505.55,229.26,86.69,98.39,0.9757,17.3900,-97.1100,0.0000,0.0000,0.8769,0
3379,11:55:50.688,ROI,160,160,224,224,15.85,16.29,0.0,0.0,61.40,505.24,229.85,87.95,97.96,0.9739,17.4000,-98.0000,0.0000,0.0000,0.8912,0
3380,11:55:50.736,ROI,160,160,224,224,19.91,20.34,12.375,19.2,49.17,504.30,231.04,85.67,98.83,0.9512,17.2000,-96.8200,0.0000,0.0000,0.8972,0
3381,11:55:50.769,ROI,160,160,224,224,13.23,13.67,31.6,0.0,73.14,503.99,232.09,86.52,98.49,0.9694,16.2400,-96.2800,0.0000,0.0000,0.8624,0
3382,11:55:50.800,ROI,160,160,224,224,14.23,14.81,22.375,0.0,67.52,503.64,233.48,87.12,98.83,0.9646,15.4400,-95.3200,0.0000,0.0000,0.8505,0
3383,11:55:50.831,ROI,160,160,224,224,16.82,17.22,0.0,22.675,58.07,504.08,234.72,86.00,98.50,0.9628,15.6600,-94.3000,0.0000,0.0000,0.8839,0
3384,11:55:50.865,ROI,160,160,224,224,17.04,17.57,0.0,22.225,56.91,503.97,235.51,85.37,99.02,0.9770,17.4300,-93.8500,0.0000,0.0000,0.9121,0
3385,11:55:50.895,ROI,160,160,224,224,15.22,15.62,0.0,25.0,64.01,504.12,235.53,86.67,99.16,0.9836,17.1400,-94.3400,0.0000,0.0000,0.8982,0
3386,11:55:50.929,ROI,160,160,224,224,20.85,21.35,0.0,18.3,46.83,503.76,236.62,85.99,100.62,0.9704,18.2200,-91.6100,0.0000,0.0000,0.9155,0
3387,11:55:50.960,ROI,160,160,224,224,29.86,30.49,0.0,12.825,32.80,503.87,238.13,85.22,99.99,0.9619,17.0600,-93.0500,0.0000,0.0000,0.9077,0
3388,11:55:50.998,ROI,160,160,224,224,27.09,27.89,0.0,0.0,35.86,503.91,239.44,86.16,98.84,0.9635,17.6100,-92.0900,0.0000,0.0000,0.9131,0
3389,11:55:51.035,ROI,160,160,224,224,25.28,25.87,0.0,15.1,38.65,503.81,241.25,83.50,98.21,0.9346,16.5500,-90.3200,0.0000,0.0000,0.9045,0
3390,11:55:51.070,ROI,160,160,224,224,22.71,23.28,0.0,0.0,42.95,504.71,241.91,84.69,97.05,0.9661,18.0200,-89.7900,0.0000,0.0000,0.9246,0
3391,11:55:51.105,ROI,160,160,224,224,20.18,20.73,0.0,18.85,48.23,503.96,243.02,85.47,97.92,0.9606,18.6500,-89.1000,0.0000,0.0000,0.9305,0
3392,11:55:51.136,ROI,160,160,224,224,15.22,15.64,0.0,24.975,63.94,504.05,243.04,83.66,96.35,0.9632,17.0600,-89.6300,0.0000,0.0000,0.8883,0
3393,11:55:51.169,ROI,160,160,224,224,11.14,11.55,22.35,0.0,86.61,503.83,243.55,85.11,98.24,0.9641,18.3400,-89.6300,0.0000,0.0000,0.9124,0
3394,11:55:51.199,ROI,160,160,224,224,13.99,14.71,0.0,0.0,68.00,503.45,244.39,84.52,98.38,0.9743,17.8200,-87.9000,0.0000,0.0000,0.9005,0
3395,11:55:51.233,ROI,160,160,224,224,12.72,13.30,0.0,0.0,75.21,503.94,245.44,83.94,97.93,0.9675,17.3200,-87.6500,0.0000,0.0000,0.8965,0
3396,11:55:51.266,ROI,160,160,224,224,12.52,13.30,0.0,29.4,75.20,503.92,246.02,84.21,97.75,0.9851,17.0600,-88.5900,0.0000,0.0000,0.9122,0
3397,11:55:51.295,ROI,160,160,224,224,17.15,17.59,0.0,22.2,56.85,503.27,247.96,85.04,98.69,0.9467,17.7100,-87.2100,0.0000,0.0000,0.9100,0
3398,11:55:51.331,ROI,160,160,224,224,13.37,13.85,0.0,0.0,72.20,503.60,248.22,84.52,98.03,0.9855,16.2600,-86.6200,0.0000,0.0000,0.8774,0
3399,11:55:51.360,ROI,160,160,224,224,15.52,15.94,0.0,0.0,62.73,503.49,250.14,85.37,99.71,0.9523,16.8300,-86.8200,0.0000,0.0000,0.8802,0
3400,11:55:51.391,ROI,160,160,224,224,19.80,20.49,25.4,0.0,48.81,503.36,251.33,84.64,97.50,0.9679,15.6200,-86.3000,0.0000,0.0000,0.8428,0
3401,11:55:51.423,ROI,160,160,224,224,18.62,19.19,34.425,0.0,52.11,503.49,251.99,83.22,95.96,0.9676,14.9700,-85.2000,0.0000,0.0000,0.8250,0
3402,11:55:51.472,ROI,160,160,192,192,11.59,12.15,0.0,32.2,82.31,504.92,254.22,85.30,98.71,0.9239,18.6200,-85.5800,0.0000,0.0000,0.8808,0
3403,11:55:51.503,ROI,160,160,224,224,12.44,12.99,0.0,30.075,76.98,504.69,253.58,83.99,97.08,0.9683,16.3500,-82.7000,0.0000,0.0000,0.8568,0
3404,11:55:51.535,ROI,160,160,224,224,14.43,14.99,0.0,26.1,66.70,504.42,254.12,84.24,96.80,0.9827,17.2300,-85.0300,0.0000,0.0000,0.8907,0
3405,11:55:51.567,ROI,160,160,224,224,12.27,12.78,22.425,0.0,78.28,505.08,255.08,84.20,96.54,0.9653,16.7400,-81.7400,0.0000,0.0000,0.8909,0
3406,11:55:51.598,ROI,160,160,224,224,16.90,17.80,21.5,21.975,56.17,505.69,256.90,83.59,99.16,0.9498,16.9300,-81.2500,0.0000,0.0000,0.8971,0
3407,11:55:51.631,ROI,160,160,224,224,16.06,16.55,26.425,23.6,60.43,505.34,259.05,85.26,101.91,0.9396,17.1600,-80.8200,0.0000,0.0000,0.8999,0
3408,11:55:51.663,ROI,160,160,224,224,12.42,12.89,0.0,0.0,77.60,506.82,258.57,83.75,99.34,0.9414,17.4300,-78.9700,0.0000,0.0000,0.9163,0
3409,11:55:51.695,ROI,160,160,224,224,15.80,16.22,0.0,0.0,61.64,507.16,262.48,85.05,102.40,0.9114,17.5000,-79.9500,0.0000,0.0000,0.9085,0
3410,11:55:51.729,ROI,160,160,224,224,24.40,24.88,0.0,15.7,40.19,507.73,260.95,83.36,97.12,0.9296,17.1800,-79.6500,0.0000,0.0000,0.8906,0
3411,11:55:51.761,ROI,160,160,224,224,13.37,13.75,0.0,0.0,72.72,507.50,264.72,85.43,103.40,0.9052,18.0000,-77.9700,0.0000,0.0000,0.9068,0
3412,11:55:51.792,ROI,160,160,224,224,18.81,19.22,0.0,20.325,52.03,507.42,266.31,85.27,103.91,0.9679,18.4200,-76.9800,0.0000,0.0000,0.9079,0
3413,11:55:51.839,ROI,160,160,224,224,28.62,29.10,0.0,26.85,34.36,507.81,268.10,86.91,105.45,0.9483,18.4300,-78.1000,0.0000,0.0000,0.8965,0
3414,11:55:51.874,ROI,160,160,224,224,20.13,20.72,0.0,0.0,48.27,508.46,269.85,86.46,103.36,0.9530,17.9400,-77.5300,0.0000,0.0000,0.9012,0
3415,11:55:51.903,ROI,160,160,224,224,21.24,21.62,0.0,18.075,46.25,509.78,270.60,87.19,103.89,0.9563,17.8700,-76.9000,0.0000,0.0000,0.9051,0
3416,11:55:51.936,ROI,160,160,224,224,21.10,21.72,0.0,35.975,46.04,509.76,271.41,87.25,103.78,0.9837,18.2900,-76.6200,0.0000,0.0000,0.9228,0
3417,11:55:51.968,ROI,160,160,224,224,13.94,14.37,0.0,27.175,69.58,509.56,271.83,87.14,101.77,0.9762,17.8600,-76.5600,0.0000,0.0000,0.9151,0
3418,11:55:51.999,ROI,160,160,224,224,14.56,15.21,0.0,0.0,65.74,510.39,271.60,85.12,101.84,0.9726,17.3500,-74.6500,0.0000,0.0000,0.9088,0
3419,11:55:52.030,ROI,160,160,224,224,16.89,17.32,0.0,0.0,57.73,511.18,273.51,87.85,101.93,0.9339,17.8700,-72.7100,0.0000,0.0000,0.9084,0
3420,11:55:52.064,ROI,160,160,224,224,21.99,22.42,23.85,17.425,44.60,511.43,274.68,87.23,102.24,0.9705,16.9000,-71.7400,0.0000,0.0000,0.8913,0
3421,11:55:52.096,ROI,160,160,224,224,29.05,29.50,40.975,13.25,33.90,511.31,278.30,87.85,104.59,0.9260,16.4600,-72.0700,0.0000,0.0000,0.8675,0
3422,11:55:52.133,ROI,160,160,224,224,31.44,32.14,0.0,24.325,31.11,510.99,278.31,88.83,103.19,0.9759,17.3300,-73.8600,0.0000,0.0000,0.9059,0
3423,11:55:52.172,ROI,160,160,224,224,38.67,39.24,54.9,9.95,25.49,513.11,280.18,88.79,103.68,0.9201,16.5800,-71.6400,0.0000,0.0000,0.8924,0
3424,11:55:52.220,ROI,160,160,224,224,30.12,30.76,0.0,25.4,32.51,513.46,281.79,90.40,105.99,0.9526,17.2300,-72.7700,0.0000,0.0000,0.9247,0
3425,11:55:52.258,ROI,160,160,224,224,23.70,24.40,0.0,0.0,40.99,514.54,282.50,90.79,103.68,0.9555,16.9100,-70.5400,0.0000,0.0000,0.9036,0
3426,11:55:52.290,ROI,160,160,224,224,20.38,20.81,0.0,0.0,48.05,516.03,283.16,91.06,101.42,0.9469,17.3900,-68.7800,0.0000,0.0000,0.8938,0
3427,11:55:52.316,ROI,160,160,224,224,19.53,20.27,66.4,0.0,49.32,517.76,284.01,92.27,101.44,0.9472,17.3600,-69.4200,0.0000,0.0000,0.9081,0
3428,11:55:52.342,ROI,160,160,224,224,17.88,18.30,0.0,0.0,54.66,517.83,283.96,93.97,104.08,0.9571,17.0400,-70.2000,0.0000,0.0000,0.9273,0
3429,11:55:52.370,ROI,160,160,224,224,22.97,23.57,0.0,16.575,42.42,517.87,284.55,92.50,100.49,0.9505,16.9500,-67.7400,0.0000,0.0000,0.8820,0
3430,11:55:52.400,ROI,160,160,224,224,21.00,21.69,0.0,18.075,46.11,519.59,286.73,96.03,102.30,0.9232,17.6700,-64.6200,0.0000,0.0000,0.8729,0
3431,11:55:52.431,ROI,160,160,224,224,19.15,19.65,0.0,19.875,50.89,520.36,288.77,95.80,104.08,0.9462,16.6900,-67.1400,0.0000,0.0000,0.8786,0
3432,11:55:52.464,ROI,160,160,224,224,29.18,29.67,0.0,0.0,33.71,522.16,290.76,97.71,104.20,0.9281,16.1200,-65.4300,0.0000,0.0000,0.8393,0
3433,11:55:52.500,ROI,160,160,224,224,12.85,13.33,0.0,0.0,75.04,522.95,291.16,97.97,102.59,0.9688,16.6500,-63.6200,0.0000,0.0000,0.8679,0
3434,11:55:52.529,ROI,160,160,224,224,12.44,12.86,26.05,0.0,77.75,523.06,291.45,99.05,104.10,0.9748,17.4600,-64.2500,0.0000,0.0000,0.8772,0
3435,11:55:52.576,ROI,160,160,224,224,16.07,16.50,0.0,23.675,60.62,523.18,293.53,99.90,103.50,0.9526,16.2300,-64.8900,0.0000,0.0000,0.8682,0
3436,11:55:52.606,ROI,160,160,224,224,16.06,16.48,0.0,47.425,60.69,524.04,293.99,99.05,103.49,0.9744,16.0800,-64.7100,0.0000,0.0000,0.8293,0
3437,11:55:52.639,ROI,160,160,224,224,14.45,14.90,24.175,0.0,67.10,524.83,294.67,99.09,103.26,0.9716,15.6100,-64.7900,0.0000,0.0000,0.8349,0
3438,11:55:52.672,ROI,160,160,224,224,16.24,16.70,0.0,0.0,59.88,526.28,296.20,100.34,104.41,0.9433,15.6200,-63.8300,0.0000,0.0000,0.8329,0
3439,11:55:52.704,ROI,160,160,224,224,11.42,11.97,0.0,0.0,83.57,528.45,298.60,102.14,105.49,0.9159,15.8500,-63.7400,0.0000,0.0000,0.8306,0
3440,11:55:52.736,ROI,160,160,224,224,17.08,17.68,19.775,22.1,56.56,528.27,298.73,103.82,107.25,0.9676,16.7000,-64.2500,0.0000,0.0000,0.8411,0
3441,11:55:52.769,ROI,160,160,224,224,15.83,16.27,25.575,24.0,61.47,529.44,300.53,103.39,107.42,0.9456,16.0000,-63.9800,0.0000,0.0000,0.8350,0
3442,11:55:52.800,ROI,160,160,224,224,13.65,14.16,26.0,27.575,70.61,530.11,302.18,105.17,107.37,0.9536,16.0700,-62.1900,0.0000,0.0000,0.8549,0
3443,11:55:52.833,ROI,160,160,224,224,11.54,12.20,0.0,0.0,81.95,530.27,303.69,108.30,109.06,0.9445,16.7500,-56.3600,0.0000,0.0000,0.8491,0
3444,11:55:52.864,ROI,160,160,224,224,13.30,13.74,0.0,28.45,72.80,531.30,305.16,108.23,108.53,0.9553,16.7700,-54.8000,0.0000,0.0000,0.8359,0
3445,11:55:52.896,ROI,160,160,224,224,13.32,13.91,0.0,28.075,71.87,531.80,305.88,108.28,110.35,0.9746,16.5600,-50.5300,0.0000,0.0000,0.8619,0
3446,11:55:52.944,ROI,160,160,224,224,14.48,14.91,0.0,26.2,67.09,533.06,307.97,109.89,108.07,0.9411,15.1500,-49.4300,0.0000,0.0000,0.8064,0
3447,11:55:52.976,ROI,160,160,224,224,15.11,15.53,0.0,25.15,64.39,531.67,307.45,109.80,109.98,0.9583,17.7400,-51.5000,0.0000,0.0000,0.8448,0
3448,11:55:53.007,ROI,160,160,224,224,13.73,14.18,0.0,27.55,70.51,534.04,309.35,111.47,109.33,0.9261,16.5700,-49.2700,0.0000,0.0000,0.8793,0
3449,11:55:53.039,ROI,160,160,224,224,12.37,12.79,0.0,30.525,78.16,535.34,309.27,112.49,107.46,0.9606,17.3900,-46.1900,0.0000,0.0000,0.8800,0
3450,11:55:53.071,ROI,160,160,256,256,14.86,15.30,0.0,25.525,65.35,536.73,310.97,110.69,104.21,0.9448,16.9500,-39.8500,0.0000,0.0000,0.8283,0
3451,11:55:53.104,ROI,160,160,224,224,13.51,13.93,0.0,28.05,71.81,538.09,312.45,113.47,109.06,0.9321,16.3200,-44.7000,0.0000,0.0000,0.8580,0
3452,11:55:53.136,ROI,160,160,256,256,9.92,10.34,0.0,37.775,96.67,539.36,311.41,113.55,104.11,0.9339,17.5500,-37.7200,0.0000,0.0000,0.8406,0
3453,11:55:53.169,ROI,160,160,256,256,14.90,15.38,17.3,0.0,65.01,539.58,312.54,113.63,105.31,0.9750,17.3200,-39.1300,0.0000,0.0000,0.8298,0
3454,11:55:53.200,ROI,160,160,256,256,12.86,13.51,0.0,28.95,74.05,539.38,312.86,111.78,103.01,0.9621,17.5400,-38.2400,0.0000,0.0000,0.8150,0
3455,11:55:53.232,ROI,160,160,224,224,13.13,13.72,0.0,0.0,72.91,542.16,315.16,115.64,105.35,0.9117,16.0000,-35.8200,0.0000,0.0000,0.8191,0
3456,11:55:53.265,ROI,160,160,256,256,23.73,24.21,0.0,16.125,41.30,543.44,316.25,117.18,105.36,0.9586,18.4200,-35.6900,0.0000,0.0000,0.8104,0
3457,11:55:53.313,ROI,160,160,256,256,28.21,28.87,0.0,13.525,34.64,543.59,316.58,116.29,105.22,0.9862,18.1900,-35.0300,0.0000,0.0000,0.8095,0
3458,11:55:53.349,ROI,160,160,256,256,28.40,29.08,0.0,0.0,34.39,546.26,318.29,118.99,106.10,0.9257,18.6600,-35.6200,0.0000,0.0000,0.7800,0
3459,11:55:53.386,ROI,160,160,256,256,25.82,26.49,0.0,44.225,37.75,544.54,317.78,115.17,101.78,0.9285,17.9400,-32.3900,0.0000,0.0000,0.8211,0
3460,11:55:53.421,ROI,160,160,256,256,22.04,22.65,49.175,0.0,44.15,547.66,320.46,119.39,105.90,0.9010,18.8800,-35.4300,0.0000,0.0000,0.8045,0
3461,11:55:53.450,ROI,160,160,256,256,21.14,21.99,57.65,0.0,45.47,548.28,320.06,120.74,103.60,0.9676,17.5200,-31.1600,0.0000,0.0000,0.8182,0
3462,11:55:53.478,ROI,160,160,256,256,16.90,17.38,0.0,0.0,57.53,550.02,323.30,121.98,106.86,0.9145,17.7600,-33.5600,0.0000,0.0000,0.8187,0
3463,11:55:53.503,ROI,160,160,256,256,17.08,17.59,0.0,22.225,56.86,551.49,324.17,123.60,107.63,0.9607,16.1100,-30.7200,0.0000,0.0000,0.7840,0
3464,11:55:53.536,ROI,160,160,256,256,16.02,16.49,0.0,23.7,60.64,552.92,325.97,123.20,107.44,0.9452,16.3100,-30.6500,0.0000,0.0000,0.7773,0
3465,11:55:53.568,ROI,160,160,256,256,13.37,14.00,26.625,27.9,71.42,552.61,326.39,123.73,108.72,0.9832,16.5700,-30.6400,0.0000,0.0000,0.8196,0
3466,11:55:53.600,ROI,160,160,256,256,16.24,16.99,21.1,23.0,58.86,553.04,327.28,122.38,108.46,0.9732,16.7000,-31.0000,0.0000,0.0000,0.8278,0
3467,11:55:53.632,ROI,160,160,256,256,26.03,26.89,0.0,0.0,37.19,554.28,329.06,123.84,109.44,0.9487,15.8300,-29.2300,0.0000,0.0000,0.8037,0
3468,11:55:53.680,ROI,160,160,256,256,31.28,31.91,0.0,0.0,31.34,555.81,330.39,123.22,109.82,0.9525,16.9000,-31.0500,0.0000,0.0000,0.8215,0
3469,11:55:53.719,ROI,160,160,256,256,22.85,23.53,0.0,0.0,42.49,557.19,331.15,124.53,109.15,0.9646,16.6700,-30.3200,0.0000,0.0000,0.8037,0
3470,11:55:53.750,ROI,160,160,256,256,28.82,29.57,0.0,0.0,33.82,558.17,331.21,123.50,108.30,0.9768,16.8900,-30.3400,0.0000,0.0000,0.8188,0
3471,11:55:53.788,ROI,160,160,256,256,23.84,24.40,0.0,0.0,40.98,558.30,331.46,123.90,109.95,0.9818,15.9800,-30.3200,0.0000,0.0000,0.8217,0
3472,11:55:53.819,ROI,160,160,256,256,23.99,24.68,53.35,15.825,40.52,559.42,332.46,124.64,109.34,0.9647,16.9900,-30.0600,0.0000,0.0000,0.8339,0
3473,11:55:53.852,ROI,160,160,256,256,20.40,20.89,50.7,0.0,47.88,562.15,333.87,130.08,110.42,0.9340,16.8100,-28.4000,0.0000,0.0000,0.8532,0
3474,11:55:53.880,ROI,160,160,288,288,25.19,25.98,0.0,0.0,38.49,565.28,333.97,129.17,110.68,0.9507,16.9600,-29.8600,0.0000,0.0000,0.8651,0
3475,11:55:53.913,ROI,160,160,288,288,30.27,30.93,0.0,25.275,32.34,566.93,334.60,130.68,109.04,0.9608,16.5900,-29.3500,0.0000,0.0000,0.8214,0
3476,11:55:53.951,ROI,160,160,288,288,22.00,22.74,0.0,0.0,43.97,567.49,335.62,134.08,109.89,0.9568,15.8500,-27.1400,0.0000,0.0000,0.7849,0
3477,11:55:53.981,ROI,160,160,288,288,33.04,33.75,0.0,0.0,29.63,568.31,334.84,132.68,107.69,0.9681,16.1200,-27.0200,0.0000,0.0000,0.7795,0
3478,11:55:54.023,ROI,160,160,288,288,22.18,22.92,0.0,17.05,43.63,569.33,334.31,132.37,105.91,0.9686,15.6100,-27.1700,0.0000,0.0000,0.7880,0
3479,11:55:54.054,ROI,160,160,288,288,16.42,17.13,0.0,22.825,58.39,570.82,335.13,132.57,104.80,0.9627,16.4300,-27.2100,0.0000,0.0000,0.7792,0
3480,11:55:54.080,ROI,160,160,288,288,28.18,28.90,43.65,13.525,34.60,572.77,336.17,134.48,103.50,0.9524,16.9900,-26.1600,0.0000,0.0000,0.7890,0
3481,11:55:54.115,ROI,160,160,288,288,13.19,13.87,0.0,0.0,72.12,574.34,336.50,133.76,102.82,0.9705,15.9000,-24.5900,0.0000,0.0000,0.7982,0
3482,11:55:54.144,ROI,160,160,288,288,16.68,17.16,0.0,0.0,58.26,576.03,336.27,134.23,101.57,0.9634,16.0000,-25.2900,0.0000,0.0000,0.8104,0
3483,11:55:54.176,ROI,160,160,288,288,12.97,13.48,0.0,0.0,74.17,576.13,336.65,134.96,103.32,0.9777,15.7100,-25.3700,0.0000,0.0000,0.8105,0
3484,11:55:54.208,ROI,160,160,288,288,17.67,18.26,0.0,0.0,54.78,577.39,337.35,134.30,102.67,0.9683,16.3400,-25.3100,0.0000,0.0000,0.8251,0
3485,11:55:54.241,ROI,160,160,288,288,13.66,14.31,0.0,27.3,69.86,579.83,337.95,133.69,99.54,0.9353,16.6900,-24.3600,0.0000,0.0000,0.8346,0
3486,11:55:54.272,ROI,160,160,288,288,18.78,19.47,0.0,20.075,51.36,581.23,338.58,133.94,97.67,0.9610,16.9400,-21.4900,0.0000,0.0000,0.8574,0
3487,11:55:54.297,ROI,160,160,288,288,21.67,22.53,73.2,0.0,44.38,581.04,337.10,134.30,97.52,0.9673,17.0700,-22.2000,0.0000,0.0000,0.8518,0
3488,11:55:54.337,ROI,160,160,288,288,21.04,21.55,0.0,0.0,46.39,584.33,340.17,134.89,95.69,0.8950,17.1400,-20.4700,0.0000,0.0000,0.8884,0
3489,11:55:54.369,ROI,160,160,288,288,19.18,19.67,0.0,19.85,50.83,584.63,339.51,134.84,96.30,0.9821,16.2400,-18.6200,0.0000,0.0000,0.8477,0
3490,11:55:54.415,ROI,160,160,288,288,15.27,15.94,0.0,0.0,62.73,586.68,340.87,134.39,94.59,0.9431,17.2700,-19.0200,0.0000,0.0000,0.8917,0
3491,11:55:54.448,ROI,160,160,288,288,35.66,36.59,0.0,0.0,27.33,588.54,341.60,135.65,93.56,0.9581,16.1600,-17.4200,0.0000,0.0000,0.8661,0
3492,11:55:54.493,ROI,160,160,288,288,33.89,34.61,0.0,0.0,28.90,589.93,343.07,134.48,92.84,0.9495,16.5900,-16.9400,0.0000,0.0000,0.8815,0
3493,11:55:54.535,ROI,160,160,288,288,34.19,34.94,51.225,11.175,28.62,592.31,343.00,134.77,92.05,0.9571,16.7400,-17.4700,0.0000,0.0000,0.8880,0
3494,11:55:54.579,ROI,160,160,288,288,39.67,40.41,0.0,19.325,24.75,595.01,344.96,136.06,94.50,0.9220,16.1900,-17.6300,0.0000,0.0000,0.8701,0
3495,11:55:54.627,ROI,160,160,288,288,21.12,21.65,0.0,0.0,46.20,593.78,343.91,135.58,92.75,0.9604,16.2000,-17.5600,0.0000,0.0000,0.8884,0
3496,11:55:54.656,ROI,160,160,288,288,25.60,26.26,0.0,0.0,38.07,596.28,345.66,134.39,93.85,0.9287,16.8600,-16.8100,0.0000,0.0000,0.8674,0
3497,11:55:54.689,ROI,160,160,288,288,21.75,22.22,0.0,0.0,45.01,597.53,344.59,135.56,93.31,0.9595,15.6300,-17.0500,0.0000,0.0000,0.8920,0
3498,11:55:54.718,ROI,160,160,288,288,27.29,27.87,0.0,0.0,35.89,597.29,345.98,134.15,92.99,0.9606,15.4700,-15.9400,0.0000,0.0000,0.8571,0
3499,11:55:54.752,ROI,160,160,288,288,23.47,23.93,0.0,0.0,41.79,599.11,345.97,135.74,94.00,0.9631,15.5200,-15.9900,0.0000,0.0000,0.8798,0
3500,11:55:54.783,ROI,160,160,288,288,22.81,23.51,0.0,0.0,42.54,601.90,346.94,134.62,91.62,0.9357,15.5700,-14.0400,0.0000,0.0000,0.8549,0
3501,11:55:54.813,ROI,160,160,288,288,24.08,24.57,58.1,0.0,40.70,604.19,346.88,132.70,92.12,0.9612,14.9900,-12.6800,0.0000,0.0000,0.8285,0
3502,11:55:54.844,ROI,160,160,288,288,24.80,25.34,0.0,0.0,39.47,603.84,347.39,134.30,89.95,0.9650,16.1200,-14.7300,0.0000,0.0000,0.8595,0
3503,11:55:54.876,ROI,160,160,288,288,24.65,25.52,51.3,15.375,39.18,605.52,347.95,135.99,94.00,0.9336,14.8000,-12.3600,0.0000,0.0000,0.8511,0
3504,11:55:54.909,ROI,160,160,288,288,19.89,20.41,0.0,0.0,49.00,608.31,348.46,134.95,94.43,0.9496,15.0400,-12.9400,0.0000,0.0000,0.8595,0
3505,11:55:54.936,ROI,160,160,288,288,24.93,25.39,0.0,0.0,39.38,610.52,350.07,133.90,94.61,0.9357,14.8900,-13.1200,0.0000,0.0000,0.8471,0
3506,11:55:54.968,ROI,160,160,288,288,34.27,34.94,0.0,0.0,28.62,613.24,349.21,134.28,96.26,0.9434,15.8300,-12.4900,0.0000,0.0000,0.8844,0
3507,11:55:55.011,ROI,160,160,288,288,32.36,33.06,0.0,11.825,30.25,614.87,349.67,132.71,94.84,0.9615,15.8100,-11.5400,0.0000,0.0000,0.8618,0
3508,11:55:55.051,ROI,160,160,288,288,24.54,25.31,50.25,46.3,39.51,614.45,349.22,134.17,93.96,0.9798,15.8200,-12.2900,0.0000,0.0000,0.8764,0
3509,11:55:55.085,ROI,160,160,288,288,22.38,23.07,0.0,33.875,43.35,614.45,349.22,134.17,93.96,1.0000,15.8200,-12.2900,0.0000,0.0000,0.8764,0
3510,11:55:55.116,ROI,160,160,288,288,18.35,19.29,0.0,20.25,51.85,617.80,350.55,133.24,96.43,0.9256,16.1300,-11.3300,0.0000,0.0000,0.8680,0
3511,11:55:55.143,ROI,160,160,288,288,17.65,18.34,49.425,21.3,54.53,620.06,351.28,133.16,96.57,0.9523,15.8500,-10.8100,0.0000,0.0000,0.8391,0
3512,11:55:55.167,ROI,160,160,288,288,18.37,19.19,0.0,20.375,52.10,624.54,351.05,133.00,94.97,0.9199,15.7200,-8.4300,2.4400,-0.0100,0.8219,0
3513,11:55:55.192,ROI,160,160,288,288,14.10,14.58,0.0,0.0,68.59,626.59,351.88,133.24,97.42,0.9456,16.2100,-7.5200,0.0000,0.0000,0.8222,0
3514,11:55:55.216,ROI,160,160,288,288,13.25,13.99,0.0,0.0,71.50,626.13,352.17,132.39,96.10,0.9796,16.4300,-9.8000,3.0200,-2.5200,0.8451,0
3515,11:55:55.248,ROI,160,160,288,288,15.43,16.29,21.825,0.0,61.38,627.87,351.32,132.97,97.42,0.9572,16.1500,-7.0000,0.0000,0.0000,0.8480,0
3516,11:55:55.281,ROI,160,160,288,288,16.32,16.81,0.0,0.0,59.49,631.37,353.43,133.88,97.81,0.9096,16.0600,-8.7200,2.6000,-2.2800,0.8101,0
3517,11:55:55.312,ROI,160,160,288,288,16.85,17.33,0.0,22.55,57.72,632.49,352.84,134.95,98.91,0.9718,16.1300,-7.1700,2.1100,-1.5700,0.8476,0
3518,11:55:55.343,ROI,160,160,288,288,16.02,16.69,0.0,23.4,59.92,636.05,352.29,134.42,98.37,0.9383,17.3500,-5.8500,0.0000,0.0000,0.8875,0
3519,11:55:55.375,ROI,160,160,288,288,17.15,17.59,26.025,0.0,56.85,636.49,352.92,132.57,99.04,0.9738,16.7500,-5.7000,0.0000,0.0000,0.8818,0
3520,11:55:55.399,ROI,160,160,288,288,17.47,18.09,0.0,21.6,55.27,636.49,352.92,132.57,99.04,1.0000,16.7500,-5.7000,0.0000,0.0000,0.8818,0
3521,11:55:55.422,ROI,160,160,288,288,17.40,18.08,0.0,21.6,55.31,636.49,352.92,132.57,99.04,1.0000,16.7500,-5.7000,0.0000,0.0000,0.8818,0
3522,11:55:55.445,ROI,160,160,288,288,15.27,15.91,0.0,24.55,62.84,638.92,353.60,134.24,99.90,0.9512,17.4200,-2.1700,0.0000,0.0000,0.9141,0
3523,11:55:55.471,ROI,160,160,288,288,15.42,15.88,0.0,0.0,62.98,640.38,354.44,133.79,99.68,0.9623,17.6600,-5.6600,0.0000,0.0000,0.8917,0
3524,11:55:55.552,ROI,160,160,288,288,15.57,16.00,0.0,24.4,62.48,645.42,353.78,135.05,98.71,0.9160,16.5400,-5.0500,0.0000,0.0000,0.8826,0
3525,11:55:55.584,ROI,160,160,288,288,16.60,17.31,0.0,22.575,57.75,648.89,352.91,132.79,95.53,0.9193,18.6900,-2.6600,0.0000,0.0000,0.9241,0
3526,11:55:55.615,ROI,160,160,288,288,17.27,18.02,0.0,21.55,55.50,646.43,353.57,133.69,97.79,0.9418,16.7700,-5.4000,0.0000,0.0000,0.8589,0
3527,11:55:55.649,ROI,160,160,288,288,22.19,22.78,0.0,0.0,43.90,650.90,353.29,131.15,96.37,0.9215,19.3700,-1.4900,0.0000,0.0000,0.9083,0
3528,11:55:55.680,ROI,160,160,288,288,33.89,34.48,0.0,22.65,29.00,651.08,354.28,131.98,96.79,0.9736,17.2300,-4.3300,0.0000,0.0000,0.8332,0
3529,11:55:55.722,ROI,160,160,288,288,30.74,31.52,0.0,12.4,31.73,655.27,354.79,135.52,97.36,0.9296,18.5000,1.7700,0.0000,0.0000,0.9004,0
3530,11:55:55.761,ROI,160,160,288,288,26.57,27.34,48.125,28.575,36.58,657.03,354.36,134.82,97.76,0.9657,17.8600,0.4500,0.0000,0.0000,0.8868,0
3531,11:55:55.797,ROI,160,160,288,288,26.93,27.67,0.0,42.35,36.14,657.07,353.84,134.80,96.62,0.9878,17.5300,-1.9500,0.0000,0.0000,0.8799,0
3532,11:55:55.834,ROI,160,160,288,288,27.20,28.06,0.0,13.925,35.63,659.38,354.39,134.39,96.80,0.9556,17.8200,-1.3100,0.0000,0.0000,0.8475,0
3533,11:55:55.870,ROI,160,160,288,288,21.53,22.19,0.0,35.2,45.06,659.04,354.67,135.34,96.39,0.9872,17.1700,-1.3900,0.0000,0.0000,0.8654,0
3534,11:55:55.897,ROI,160,160,288,288,22.70,23.25,0.0,16.8,43.00,662.28,353.71,137.39,97.25,0.9353,18.2500,6.8500,0.0000,0.0000,0.8574,0
3535,11:55:55.927,ROI,160,160,288,288,24.27,24.99,0.0,0.0,40.02,662.14,353.50,137.07,95.78,0.9825,20.1000,8.7100,0.0000,0.0000,0.9213,0
3536,11:55:55.959,ROI,160,160,288,288,54.25,54.93,0.0,7.1,18.21,667.56,353.58,138.69,93.73,0.9054,17.6900,11.1300,0.0000,0.0000,0.8819,0
3537,11:55:56.021,ROI,160,160,288,288,23.84,24.49,0.0,15.95,40.83,670.08,353.59,136.44,92.47,0.9512,18.4400,11.0000,0.0000,0.0000,0.9071,0
3538,11:55:56.053,ROI,160,160,288,288,25.51,26.21,0.0,14.9,38.16,668.51,352.78,138.69,94.72,0.9543,17.4900,12.4400,0.0000,0.0000,0.9112,0
3539,11:55:56.087,ROI,160,160,288,288,28.47,29.34,0.0,0.0,34.09,672.14,353.42,137.20,94.95,0.9363,17.0100,9.0800,0.0000,0.0000,0.8685,0
3540,11:55:56.123,ROI,160,160,288,288,20.19,20.64,0.0,0.0,48.45,670.92,352.06,139.01,92.47,0.9548,16.9000,12.8500,0.0000,0.0000,0.9096,0
3541,11:55:56.150,ROI,160,160,288,288,21.49,22.11,0.0,17.675,45.23,675.17,351.93,137.97,92.81,0.9372,17.4300,14.1000,0.0000,0.0000,0.9219,0
3542,11:55:56.178,ROI,160,160,288,288,15.10,15.58,0.0,25.075,64.20,674.19,353.21,136.85,96.34,0.9502,17.0700,12.9700,0.0000,0.0000,0.9067,0
3543,11:55:56.199,ROI,160,160,288,288,16.83,17.53,0.0,0.0,57.04,676.39,351.42,133.74,91.24,0.9170,18.4400,12.9000,0.0000,0.0000,0.9206,0
3544,11:55:56.223,ROI,160,160,288,288,16.12,16.57,0.0,0.0,60.34,678.18,351.56,138.08,93.55,0.9447,18.1100,12.8900,0.0000,0.0000,0.9099,0
3545,11:55:56.245,ROI,160,160,288,288,18.65,19.10,0.0,20.45,52.35,677.57,351.54,137.59,95.69,0.9691,17.2000,14.1000,0.0000,0.0000,0.9063,0
3546,11:55:56.271,ROI,160,160,288,288,21.35,22.03,0.0,17.75,45.40,678.69,351.47,143.10,95.90,0.9593,17.1400,13.8900,0.0000,0.0000,0.8953,0
3547,11:55:56.301,ROI,160,160,288,288,16.10,16.59,49.575,0.0,60.27,682.79,349.96,139.14,96.28,0.9152,17.1800,15.7500,0.0000,0.0000,0.9253,0
3548,11:55:56.353,ROI,160,160,288,288,13.35,14.01,0.0,27.875,71.38,686.12,350.93,139.34,98.95,0.9281,16.3200,19.5700,0.0000,0.0000,0.8975,0
3549,11:55:56.384,ROI,160,160,288,288,12.57,13.09,0.0,29.85,76.41,686.92,348.74,138.08,97.69,0.9458,15.5800,18.2000,0.0000,0.0000,0.9077,0
3550,11:55:56.417,ROI,160,160,288,288,12.63,13.14,0.0,0.0,76.08,686.36,348.79,140.49,96.52,0.9713,16.0500,18.5500,0.0000,0.0000,0.9022,0
3551,11:55:56.449,ROI,160,160,288,288,11.17,11.86,0.0,0.0,84.31,688.99,348.47,137.54,96.77,0.9566,15.8100,19.2800,0.0000,0.0000,0.9204,0
3552,11:55:56.481,ROI,160,160,288,288,14.07,14.50,0.0,0.0,68.94,690.81,348.52,138.02,97.31,0.9686,16.1900,19.1700,0.0000,0.0000,0.9281,0
3553,11:55:56.501,ROI,160,160,288,288,17.30,17.89,69.0,21.85,55.90,691.31,348.38,136.82,96.68,0.9848,16.0200,18.7100,0.0000,0.0000,0.9165,0
3554,11:55:56.524,ROI,160,160,288,288,15.84,16.31,0.0,23.95,61.32,691.72,348.05,140.63,98.68,0.9532,15.3600,19.6900,0.0000,0.0000,0.9045,0
3555,11:55:56.545,ROI,160,160,288,288,14.83,15.27,0.0,0.0,65.48,693.72,347.41,141.39,98.69,0.9595,15.4300,18.4300,0.0000,0.0000,0.9182,0
3556,11:55:56.575,ROI,160,160,288,288,13.06,13.49,26.55,28.95,74.13,695.07,346.93,137.75,95.53,0.9430,15.5600,20.2300,0.0000,0.0000,0.9124,0
3557,11:55:56.624,ROI,160,160,288,288,14.43,14.88,0.0,0.0,67.19,695.38,346.36,139.16,95.72,0.9783,15.3600,19.8300,0.0000,0.0000,0.8999,0
3558,11:55:56.655,ROI,160,160,288,288,14.20,14.64,0.0,0.0,68.31,695.38,346.36,139.16,95.72,1.0000,15.3600,19.8300,0.0000,0.0000,0.8999,0
3559,11:55:56.688,ROI,160,160,288,288,13.57,14.07,0.0,0.0,71.08,696.24,346.14,137.41,97.22,0.9725,15.2500,19.3500,0.0000,0.0000,0.9089,0
3560,11:55:56.752,ROI,160,160,288,288,12.45,12.88,7.75,0.0,77.62,697.19,345.32,137.34,98.46,0.9699,15.1500,20.0000,0.0000,0.0000,0.9037,0
3561,11:55:56.783,ROI,160,160,288,288,13.55,14.22,21.65,27.475,70.33,696.98,345.97,134.42,100.06,0.9634,15.5700,20.3700,0.0000,0.0000,0.9104,0
3562,11:55:56.816,ROI,160,160,288,288,12.05,12.73,21.25,0.0,78.57,697.94,345.61,133.61,102.49,0.9626,16.1100,21.8400,0.0000,0.0000,0.9151,0
3563,11:55:56.847,ROI,160,160,288,288,14.11,14.60,20.375,26.775,68.52,698.04,345.50,133.06,99.09,0.9628,15.5400,21.0900,0.0000,0.0000,0.9080,0
3564,11:55:56.868,ROI,160,160,288,288,19.54,20.17,0.0,0.0,49.59,697.95,344.95,134.96,100.22,0.9747,16.0300,22.3700,0.0000,0.0000,0.9049,0
3565,11:55:56.895,ROI,160,160,288,288,26.15,26.86,0.0,0.0,37.23,698.15,346.59,132.05,100.73,0.9472,15.7300,22.1200,0.0000,0.0000,0.8942,0
3566,11:55:56.929,ROI,160,160,288,288,28.53,29.20,56.6,0.0,34.24,698.88,344.58,133.33,100.67,0.9505,15.5200,22.9600,0.0000,0.0000,0.8926,0
3567,11:55:56.966,ROI,160,160,288,288,26.39,27.39,0.0,0.0,36.51,698.97,345.66,133.04,102.26,0.9769,15.8500,23.4100,0.0000,0.0000,0.8956,0
3568,11:55:57.001,ROI,160,160,288,288,24.18,24.94,0.0,15.675,40.10,698.45,344.62,131.85,101.02,0.9711,15.8000,23.2000,0.0000,0.0000,0.8963,0
3569,11:55:57.032,ROI,160,160,288,288,16.71,17.41,0.0,0.0,57.43,699.31,345.06,132.14,101.75,0.9785,16.6000,23.7500,0.0000,0.0000,0.9051,0
3570,11:55:57.056,ROI,160,160,288,288,15.94,16.40,0.0,0.0,60.99,699.04,344.73,131.92,99.88,0.9775,15.8700,24.0000,0.0000,0.0000,0.8832,0
3571,11:55:57.088,ROI,160,160,288,288,14.63,15.32,0.0,25.525,65.26,699.32,345.10,134.01,100.26,0.9772,16.1500,22.7100,0.0000,0.0000,0.8980,0
3572,11:55:57.151,ROI,160,160,288,288,11.73,12.18,0.0,32.075,82.07,698.98,344.93,132.23,100.69,0.9825,15.8500,23.8600,0.0000,0.0000,0.8909,0
3573,11:55:57.184,ROI,160,160,288,288,16.35,16.99,0.0,23.025,58.87,699.42,345.15,132.44,102.35,0.9773,16.7700,24.2300,0.0000,0.0000,0.9156,0
3574,11:55:57.215,ROI,160,160,288,288,11.79,12.40,0.0,0.0,80.66,698.86,345.05,131.62,101.09,0.9793,15.8300,24.3600,0.0000,0.0000,0.8899,0
3575,11:55:57.234,ROI,160,160,288,288,15.90,16.58,0.0,23.575,60.33,698.36,344.86,130.61,102.24,0.9812,15.9600,24.5700,0.0000,0.0000,0.8965,0
3576,11:55:57.256,ROI,160,160,288,288,17.49,18.09,0.0,0.0,55.29,699.28,345.28,132.25,102.29,0.9781,16.6700,24.1000,0.0000,0.0000,0.9127,0
3577,11:55:57.281,ROI,160,160,288,288,12.45,13.24,0.0,0.0,75.55,698.80,344.96,131.63,100.98,0.9801,15.8600,24.0100,0.0000,0.0000,0.8886,0
