model,frames,avg_processing_fps_estimate,avg_cpu,avg_inf_ms,avg_processing_ms,lost_frames,avg_vector_mag,avg_best_conf
Baseline Full 640 720p,467,36.75933618843683,12.664721627408992,23.50702355460385,27.53738758029979,0,2.3219558886509635,0.8032740899357602
ROI Tracking 160 720p,551,190.26281306715063,4.032849364791288,4.9120871143375675,5.469237749546279,0,2.470468602540835,0.8147275862068966
