frame_id,timestamp,mode,input_width,input_height,roi_w,roi_h,inf_time_ms,end_to_end_time_ms,cpu_load_pct,end_to_end_cpu_load_pct,fps,x_center,y_center,width,height,iou_prev_bbox,group1_magnitude,group1_angle,group2_magnitude,group2_angle,best_conf,tracking_lost
395,11:46:40.490,ROI,160,160,256,256,9.47,10.10,0.0,38.725,99.03,639.42,193.21,112.56,77.01,0.9974,19.4100,-5.7600,0.0000,0.0000,0.8855,0
396,11:46:40.554,ROI,160,160,256,256,8.85,9.40,0.0,41.6,106.42,639.51,193.21,112.54,77.07,0.9975,19.2500,-5.9300,0.0000,0.0000,0.8849,0
397,11:46:40.631,ROI,160,160,256,256,8.99,9.49,0.0,41.2,105.41,639.45,193.21,112.48,76.96,0.9974,19.3000,-5.9200,0.0000,0.0000,0.8864,0
398,11:46:40.677,ROI,160,160,256,256,8.57,8.97,0.0,0.0,111.49,639.45,193.22,112.56,76.94,0.9989,19.3300,-5.8800,0.0000,0.0000,0.8865,0
399,11:46:40.742,ROI,160,160,256,256,8.13,8.55,0.0,45.725,116.97,639.45,193.19,112.46,76.91,0.9983,19.2000,-5.7400,0.0000,0.0000,0.8873,0
400,11:46:40.803,ROI,160,160,256,256,8.45,8.91,0.0,0.0,112.26,639.46,193.22,112.48,76.91,0.9989,19.3700,-5.7600,0.0000,0.0000,0.8885,0
401,11:46:40.849,ROI,160,160,256,256,9.11,9.59,10.375,0.0,104.32,639.53,193.21,112.35,76.88,0.9984,19.4700,-5.8100,0.0000,0.0000,0.8878,0
402,11:46:40.976,ROI,160,160,256,256,9.75,10.26,0.0,38.125,97.49,639.53,193.19,112.42,76.83,0.9988,19.3600,-5.7900,0.0000,0.0000,0.8885,0
403,11:46:41.022,ROI,160,160,256,256,8.62,9.07,0.0,43.1,110.30,639.56,193.16,112.38,76.90,0.9986,19.4100,-5.8100,0.0000,0.0000,0.8897,0
404,11:46:41.084,ROI,160,160,256,256,9.04,9.43,0.0,0.0,106.03,639.54,193.19,112.42,76.98,0.9987,19.1800,-5.7400,0.0000,0.0000,0.8868,0
405,11:46:41.148,ROI,160,160,256,256,8.80,9.31,0.0,42.0,107.44,639.70,193.22,112.37,76.86,0.9957,19.5800,-5.6100,0.0000,0.0000,0.8914,0
406,11:46:41.202,ROI,160,160,256,256,8.43,8.90,0.0,0.0,112.33,640.34,193.16,112.62,77.73,0.9777,19.5300,-4.7800,0.0000,0.0000,0.8798,0
407,11:46:41.264,ROI,160,160,256,256,8.46,8.86,7.45,0.0,112.88,641.09,193.34,112.91,77.20,0.9802,19.4900,-4.5600,0.0000,0.0000,0.8916,0
408,11:46:41.327,ROI,160,160,256,256,8.47,8.94,7.175,0.0,111.90,641.72,193.19,114.66,78.18,0.9725,19.8200,-3.9900,0.0000,0.0000,0.9028,0
409,11:46:41.373,ROI,160,160,256,256,9.66,10.04,0.0,0.0,99.60,642.20,193.13,114.88,78.40,0.9888,18.4100,-4.5400,0.0000,0.0000,0.8775,0
410,11:46:41.498,ROI,160,160,256,256,9.56,10.09,3.4,0.0,99.11,646.29,194.01,112.90,78.93,0.9109,18.6700,-2.4400,0.0000,0.0000,0.8953,0
411,11:46:41.548,ROI,160,160,256,256,8.59,9.01,9.875,0.0,110.99,648.05,194.35,112.27,77.89,0.9566,19.2700,-2.9300,0.0000,0.0000,0.9012,0
412,11:46:41.611,ROI,160,160,256,256,15.52,16.12,7.175,0.0,62.04,650.14,194.03,112.56,78.51,0.9557,20.4400,-3.6600,0.0000,0.0000,0.9305,0
413,11:46:41.672,ROI,160,160,256,256,14.23,14.76,0.0,26.475,67.76,651.47,194.18,112.77,78.50,0.9732,21.3400,-3.2600,0.0000,0.0000,0.9288,0
414,11:46:41.750,ROI,160,160,256,256,10.44,11.00,6.175,0.0,90.92,654.02,194.83,113.01,78.03,0.9402,19.7600,-0.9100,0.0000,0.0000,0.9296,0
415,11:46:41.788,ROI,160,160,256,256,9.15,9.69,0.0,40.35,103.18,654.80,194.88,114.62,77.26,0.9763,21.6500,-3.4700,0.0000,0.0000,0.9319,0
416,11:46:41.850,ROI,160,160,256,256,9.11,9.54,0.0,0.0,104.82,658.62,195.62,113.25,75.89,0.9177,19.5900,-2.9700,0.0000,0.0000,0.9182,0
417,11:46:41.914,ROI,160,160,256,256,9.83,10.22,0.0,38.225,97.81,661.01,195.83,114.30,77.04,0.9448,20.7000,-6.5100,0.0000,0.0000,0.8801,0
418,11:46:42.033,ROI,160,160,256,256,12.46,12.87,0.0,30.35,77.70,666.55,197.02,114.90,78.40,0.8817,20.7600,-4.4400,0.0000,0.0000,0.8941,0
419,11:46:42.094,ROI,160,160,256,256,10.36,10.76,0.0,0.0,92.92,669.86,197.14,117.14,77.44,0.9335,22.6900,-8.4900,0.0000,0.0000,0.8895,0
420,11:46:42.141,ROI,160,160,256,256,8.49,8.98,0.0,0.0,111.39,672.57,197.62,117.17,77.10,0.9432,22.7800,-9.9600,0.0000,0.0000,0.9001,0
421,11:46:42.204,ROI,160,160,256,256,9.09,9.49,0.0,0.0,105.38,675.58,198.44,116.11,77.23,0.9302,21.5500,-12.4800,0.0000,0.0000,0.8908,0
422,11:46:42.268,ROI,160,160,256,256,8.66,9.08,7.075,0.0,110.14,676.57,198.59,118.35,78.08,0.9704,20.3900,-15.9500,0.0000,0.0000,0.8938,0
423,11:46:42.315,ROI,160,160,256,256,10.20,10.63,0.0,0.0,94.11,678.72,198.56,116.27,79.04,0.9526,19.2000,-20.6800,0.0000,0.0000,0.8903,0
424,11:46:42.442,ROI,160,160,256,256,8.00,8.40,0.0,0.0,119.03,683.63,200.72,115.94,80.59,0.8723,17.6600,-25.9700,0.0000,0.0000,0.8580,0
425,11:46:42.503,ROI,160,160,256,256,10.20,10.73,0.0,0.0,93.22,685.75,200.91,117.65,78.99,0.9457,19.4200,-22.4300,2.7800,-13.0100,0.8814,0
426,11:46:42.565,ROI,160,160,256,256,16.92,17.50,0.0,22.325,57.13,686.12,201.34,117.23,79.62,0.9830,18.6800,-22.9700,1.2000,-16.0200,0.8694,0
427,11:46:42.626,ROI,160,160,256,256,10.35,10.78,0.0,0.0,92.76,687.97,202.63,116.32,81.92,0.9390,18.8000,-23.7400,1.6400,-16.1700,0.8394,0
428,11:46:42.673,ROI,160,160,256,256,10.31,10.69,0.0,0.0,93.58,689.70,203.73,116.22,82.62,0.9454,17.8100,-25.9400,1.7700,-20.1400,0.8602,0
429,11:46:42.737,ROI,160,160,256,256,11.38,12.05,7.375,0.0,83.02,694.26,206.04,110.66,82.80,0.8744,18.4700,-32.9100,1.3800,-33.0600,0.8922,0
430,11:46:42.798,ROI,160,160,224,224,14.06,14.62,0.0,0.0,68.38,696.13,206.60,112.76,84.52,0.9477,16.4200,-29.7100,0.0000,0.0000,0.8119,0
431,11:46:42.846,ROI,160,160,256,256,12.27,12.84,0.0,0.0,77.89,698.69,209.14,113.71,84.21,0.9012,19.0900,-29.3600,0.0000,0.0000,0.8662,0
432,11:46:42.984,ROI,160,160,256,256,11.18,11.66,0.0,0.0,85.79,702.83,211.62,110.69,83.49,0.8769,17.2000,-39.6500,0.0000,0.0000,0.6856,0
433,11:46:43.017,ROI,160,160,224,224,11.58,12.11,17.725,0.0,82.58,703.97,213.17,112.63,87.44,0.9355,15.7000,-38.2500,0.0000,0.0000,0.6947,0
434,11:46:43.080,ROI,160,160,256,256,9.20,9.60,7.7,0.0,104.14,708.66,214.04,111.18,85.36,0.8984,16.3600,-39.5200,0.0000,0.0000,0.6619,0
435,11:46:43.158,ROI,160,160,224,224,9.92,10.48,0.0,0.0,95.44,709.75,216.23,110.38,85.26,0.9320,15.7300,-42.4700,0.0000,0.0000,0.6523,0
436,11:46:43.206,ROI,160,160,224,224,10.64,11.03,0.0,35.4,90.62,712.85,216.45,108.63,86.31,0.9338,15.9700,-45.4200,0.0000,0.0000,0.6815,0
437,11:46:43.268,ROI,160,160,224,224,10.07,10.46,0.0,0.0,95.59,714.27,217.40,107.97,85.99,0.9531,17.3100,-47.4400,0.0000,0.0000,0.7042,0
438,11:46:43.330,ROI,160,160,224,224,8.72,9.14,0.0,0.0,109.36,716.98,219.39,105.29,87.11,0.9087,18.2700,-52.8100,0.0000,0.0000,0.7188,0
439,11:46:43.377,ROI,160,160,224,224,10.83,11.21,0.0,0.0,89.21,717.47,219.07,105.08,87.26,0.9835,18.4100,-51.0700,0.0000,0.0000,0.7341,0
440,11:46:43.503,ROI,160,160,224,224,11.92,12.55,0.0,31.15,79.71,721.93,222.42,101.93,90.82,0.8540,18.7400,-56.6600,0.0000,0.0000,0.8066,0
441,11:46:43.554,ROI,160,160,224,224,27.84,28.36,0.0,13.775,35.26,721.55,223.90,101.14,89.53,0.9600,20.3700,-58.1400,0.0000,0.0000,0.8112,0
442,11:46:43.616,ROI,160,160,224,224,12.22,12.62,0.0,30.95,79.23,724.43,224.92,98.73,92.57,0.9141,20.2000,-61.1100,0.0000,0.0000,0.8485,0
443,11:46:43.678,ROI,160,160,224,224,11.89,12.28,0.0,0.0,81.41,725.04,226.25,97.87,90.89,0.9595,20.1900,-60.2400,0.0000,0.0000,0.8057,0
444,11:46:43.726,ROI,160,160,224,224,12.80,13.27,11.175,29.425,75.35,727.95,227.50,95.21,90.36,0.9165,20.6200,-62.8900,0.0000,0.0000,0.7971,0
445,11:46:43.788,ROI,160,160,192,192,9.59,10.10,7.875,38.7,99.01,728.33,229.35,92.40,90.29,0.9320,18.2500,-61.0400,0.0000,0.0000,0.7912,0
446,11:46:43.851,ROI,160,160,192,192,11.55,12.07,0.0,32.375,82.84,731.37,230.63,90.68,91.90,0.9107,19.4500,-66.0700,0.0000,0.0000,0.7745,0
447,11:46:43.913,ROI,160,160,192,192,14.14,14.55,0.0,26.85,68.74,732.91,232.02,91.25,91.06,0.9385,19.6200,-67.6300,0.0000,0.0000,0.8022,0
448,11:46:44.024,ROI,160,160,192,192,16.32,16.88,0.0,23.15,59.23,737.66,234.69,93.50,93.34,0.8534,19.1300,-68.4400,0.0000,0.0000,0.8111,0
449,11:46:44.086,ROI,160,160,192,192,8.76,9.22,0.0,42.4,108.43,738.40,238.93,93.19,97.70,0.9012,18.7800,-73.1500,0.0000,0.0000,0.7849,0
450,11:46:44.149,ROI,160,160,224,224,11.16,11.59,0.0,0.0,86.28,740.58,240.81,95.62,100.11,0.9199,20.6000,-72.2800,0.0000,0.0000,0.8288,0
451,11:46:44.217,ROI,160,160,224,224,25.52,26.13,0.0,0.0,38.27,741.15,244.45,95.26,101.01,0.9195,18.5900,-78.6300,0.0000,0.0000,0.8043,0
452,11:46:44.263,ROI,160,160,224,224,10.11,10.50,38.15,0.0,95.24,741.53,245.01,97.83,100.11,0.9632,20.6200,-73.8800,0.0000,0.0000,0.8406,0
453,11:46:44.326,ROI,160,160,224,224,9.15,9.57,0.0,0.0,104.48,742.15,245.71,97.83,100.73,0.9738,20.3200,-74.4100,0.0000,0.0000,0.8386,0
454,11:46:44.440,ROI,160,160,224,224,8.45,8.85,3.725,0.0,113.04,744.46,250.03,95.49,104.61,0.8784,19.5800,-78.0700,0.0000,0.0000,0.8358,0
455,11:46:44.501,ROI,160,160,224,224,9.31,9.80,7.6,0.0,102.08,746.94,252.39,88.48,101.95,0.8857,18.5200,-76.5000,0.0000,0.0000,0.8493,0
456,11:46:44.563,ROI,160,160,224,224,8.82,9.22,0.0,0.0,108.50,748.10,253.39,88.65,102.44,0.9556,18.5600,-75.6800,0.0000,0.0000,0.8468,0
457,11:46:44.610,ROI,160,160,224,224,9.84,10.30,0.0,0.0,97.07,746.24,254.60,91.31,101.50,0.9375,17.5200,-79.1900,0.0000,0.0000,0.8057,0
458,11:46:44.673,ROI,160,160,224,224,8.83,9.21,0.0,0.0,108.64,749.65,256.21,88.83,102.05,0.8990,17.6100,-79.7900,0.0000,0.0000,0.7929,0
459,11:46:44.735,ROI,160,160,224,224,11.52,11.91,7.425,0.0,83.93,747.91,258.35,90.10,102.96,0.9230,17.4900,-79.3000,0.0000,0.0000,0.7877,0
460,11:46:44.781,ROI,160,160,224,224,10.19,10.63,11.375,0.0,94.04,750.64,258.64,86.16,101.14,0.9234,16.7800,-81.7100,0.0000,0.0000,0.7998,0
461,11:46:44.907,ROI,160,160,224,224,8.53,8.90,0.0,0.0,112.40,751.33,263.38,83.06,102.94,0.8803,16.1200,-86.1100,0.0000,0.0000,0.8260,0
462,11:46:44.954,ROI,160,160,224,224,10.10,10.67,0.0,0.0,93.69,752.02,265.45,83.43,104.40,0.9452,16.3100,-86.9400,0.0000,0.0000,0.8990,0
463,11:46:45.016,ROI,160,160,224,224,10.10,10.49,0.0,0.0,95.36,751.41,266.60,83.24,103.57,0.9641,16.0900,-86.3200,0.0000,0.0000,0.8916,0
464,11:46:45.079,ROI,160,160,224,224,9.01,9.41,0.0,0.0,106.31,750.87,269.99,84.27,104.23,0.9251,16.3200,-89.7600,0.0000,0.0000,0.8627,0
465,11:46:45.141,ROI,160,160,224,224,8.60,8.98,0.0,0.0,111.36,752.02,271.42,81.82,102.91,0.9446,15.8500,-87.8000,0.0000,0.0000,0.8789,0
466,11:46:45.204,ROI,160,160,224,224,13.14,13.74,0.0,28.45,72.80,752.50,271.60,80.57,101.51,0.9714,14.2400,-85.4300,0.0000,0.0000,0.8377,0
467,11:46:45.267,ROI,160,160,224,224,13.86,14.42,0.0,0.0,69.33,751.19,276.53,83.05,100.97,0.8798,15.3300,-88.8500,0.0000,0.0000,0.8095,0
468,11:46:45.313,ROI,160,160,224,224,10.02,10.50,0.0,0.0,95.25,750.76,277.93,85.13,101.75,0.9491,14.6900,-90.0400,0.0000,0.0000,0.8483,0
469,11:46:45.438,ROI,160,160,224,224,8.88,9.29,3.425,0.0,107.67,752.44,282.00,80.54,100.83,0.8747,16.6500,-93.9100,0.0000,0.0000,0.8073,0
470,11:46:45.484,ROI,160,160,224,224,12.04,12.52,0.0,0.0,79.86,750.91,284.93,85.34,100.87,0.8917,16.2600,-90.9400,0.0000,0.0000,0.7831,0
471,11:46:45.545,ROI,160,160,224,224,8.96,9.34,16.15,0.0,107.01,751.62,285.43,81.45,101.98,0.9445,16.0400,-90.4700,0.0000,0.0000,0.8345,0
472,11:46:45.608,ROI,160,160,224,224,10.23,10.66,7.25,0.0,93.85,750.34,288.95,83.13,103.21,0.9058,16.6300,-91.6400,0.0000,0.0000,0.8175,0
473,11:46:45.672,ROI,160,160,224,224,8.42,8.82,0.0,0.0,113.41,750.83,291.61,81.42,101.21,0.9300,17.8200,-91.5100,0.0000,0.0000,0.8431,0
474,11:46:45.733,ROI,160,160,224,224,12.02,12.66,7.375,0.0,79.01,750.43,294.99,82.03,100.74,0.9266,17.8200,-94.2200,0.0000,0.0000,0.8288,0
475,11:46:45.796,ROI,160,160,224,224,8.60,8.98,7.9,0.0,111.33,748.64,295.41,83.54,98.76,0.9393,17.2500,-92.5600,0.0000,0.0000,0.8616,0
476,11:46:45.843,ROI,160,160,224,224,8.83,9.25,0.0,0.0,108.10,749.37,296.09,85.13,99.20,0.9680,16.6300,-98.8900,0.0000,0.0000,0.8536,0
477,11:46:45.968,ROI,160,160,224,224,9.48,9.87,3.35,0.0,101.32,746.69,299.23,81.91,99.86,0.8822,13.3900,-105.3700,0.0000,0.0000,0.8273,0
478,11:46:46.015,ROI,160,160,224,224,9.01,9.40,0.0,0.0,106.43,745.80,300.50,84.69,100.39,0.9435,13.9100,-107.9100,0.0000,0.0000,0.8327,0
479,11:46:46.078,ROI,160,160,224,224,8.95,9.34,0.0,0.0,107.05,745.34,301.41,86.34,101.85,0.9633,14.8900,-108.5600,0.0000,0.0000,0.8436,0
480,11:46:46.142,ROI,160,160,224,224,8.10,8.49,0.0,0.0,117.85,744.57,304.01,86.30,102.03,0.9339,13.3300,-110.7300,0.0000,0.0000,0.8568,0
481,11:46:46.188,ROI,160,160,224,224,9.03,9.42,10.325,0.0,106.12,743.30,305.50,85.27,101.16,0.9432,12.3700,-110.2800,0.0000,0.0000,0.8699,0
482,11:46:46.251,ROI,160,160,224,224,9.52,10.07,7.275,0.0,99.28,741.19,307.38,89.03,100.21,0.9188,13.1900,-114.6800,0.0000,0.0000,0.8716,0
483,11:46:47.376,ROI,160,160,224,224,8.43,8.81,0.7,0.0,113.49,713.92,337.45,118.26,87.67,0.3385,16.0100,-143.6500,0.0000,0.0000,0.8513,0
484,11:46:47.424,ROI,160,160,256,256,8.74,9.16,9.975,0.0,109.19,711.43,339.42,119.63,89.01,0.9179,13.0900,-146.8000,0.0000,0.0000,0.7632,0
485,11:46:47.485,ROI,160,160,256,256,9.79,10.24,7.575,0.0,97.61,708.68,341.51,123.82,91.39,0.9129,13.9100,-152.1100,0.0000,0.0000,0.7288,0
486,11:46:47.531,ROI,160,160,256,256,8.48,8.95,0.0,0.0,111.68,706.42,342.47,122.90,89.18,0.9410,10.2600,-151.0000,0.0000,0.0000,0.7287,0
487,11:46:47.593,ROI,160,160,256,256,16.96,17.66,0.0,22.125,56.62,702.67,345.47,128.03,89.82,0.8825,9.4500,-152.4200,0.0000,0.0000,0.7101,0
488,11:46:47.656,ROI,160,160,288,288,18.29,18.88,8.625,20.7,52.98,701.82,346.55,126.97,93.51,0.9482,12.9900,-152.0600,0.0000,0.0000,0.7675,0
489,11:46:47.720,ROI,160,160,256,256,20.34,20.98,0.0,0.0,47.66,701.82,345.78,126.10,88.93,0.9444,10.6900,-161.2300,0.0000,0.0000,0.7936,0
490,11:46:47.847,ROI,160,160,256,256,8.71,9.11,0.0,0.0,109.76,696.54,349.16,129.50,88.48,0.8555,11.6300,-158.7400,0.0000,0.0000,0.8037,0
491,11:46:47.884,ROI,160,160,288,288,11.16,11.75,13.575,33.275,85.13,692.90,350.53,130.52,91.84,0.9119,13.5800,-159.3100,0.0000,0.0000,0.7435,0
492,11:46:47.952,ROI,160,160,288,288,9.75,10.15,7.025,0.0,98.49,690.78,349.69,131.38,91.46,0.9508,12.7900,-164.3300,0.0000,0.0000,0.8106,0
493,11:46:48.016,ROI,160,160,288,288,11.26,11.77,0.0,0.0,84.97,687.66,350.03,131.06,89.96,0.9384,11.8400,-165.9400,0.0000,0.0000,0.8042,0
494,11:46:48.063,ROI,160,160,288,288,8.82,9.23,10.95,0.0,108.36,686.77,351.62,129.82,88.83,0.9520,11.0000,-168.6500,0.0000,0.0000,0.8374,0
495,11:46:48.128,ROI,160,160,288,288,8.14,8.54,7.125,0.0,117.07,685.21,351.86,128.47,89.53,0.9686,10.7400,-167.3400,0.0000,0.0000,0.8315,0
496,11:46:48.176,ROI,160,160,288,288,8.47,8.94,9.825,0.0,111.85,683.09,351.11,130.03,90.23,0.9519,9.1300,-169.8800,0.0000,0.0000,0.7855,0
497,11:46:48.302,ROI,160,160,288,288,9.14,9.64,0.0,40.525,103.73,675.67,353.54,129.01,91.17,0.8476,8.5400,-170.2200,0.0000,0.0000,0.7319,0
498,11:46:48.350,ROI,160,160,288,288,7.94,8.31,0.0,0.0,120.29,672.88,354.04,128.97,90.32,0.9471,7.9900,-171.2700,0.0000,0.0000,0.7316,0
499,11:46:48.413,ROI,160,160,288,288,8.88,9.31,0.0,0.0,107.42,670.74,353.57,130.88,89.53,0.9577,9.1100,-171.7400,0.0000,0.0000,0.7825,0
500,11:46:48.477,ROI,160,160,288,288,10.33,10.98,7.175,0.0,91.12,668.76,354.08,129.73,87.53,0.9486,10.4900,-174.0500,0.0000,0.0000,0.7935,0
501,11:46:48.525,ROI,160,160,288,288,16.36,17.05,10.55,22.925,58.66,665.37,353.15,130.46,89.95,0.9244,11.0000,-174.7600,0.0000,0.0000,0.7963,0
502,11:46:48.588,ROI,160,160,288,288,9.22,9.67,0.0,40.425,103.45,662.89,353.81,130.59,89.84,0.9490,11.2000,-173.5300,0.0000,0.0000,0.8402,0
503,11:46:48.652,ROI,160,160,288,288,18.60,19.18,0.0,20.35,52.13,659.44,352.69,129.33,87.66,0.9252,13.4600,-178.7900,0.0000,0.0000,0.8776,0
504,11:46:48.700,ROI,160,160,288,288,11.66,12.26,13.7,0.0,81.55,657.16,352.86,128.95,89.55,0.9453,11.6100,-176.8200,0.0000,0.0000,0.8238,0
505,11:46:48.826,ROI,160,160,288,288,12.23,12.71,0.0,30.75,78.68,651.67,351.75,128.25,88.90,0.8963,15.2500,178.5200,0.0000,0.0000,0.8763,0
506,11:46:48.873,ROI,160,160,288,288,8.32,8.74,0.0,0.0,114.43,647.78,351.72,129.85,92.74,0.9034,13.4000,176.1400,0.0000,0.0000,0.8423,0
507,11:46:48.936,ROI,160,160,288,288,10.11,10.66,0.0,36.675,93.84,645.42,351.04,129.08,90.61,0.9424,13.7100,173.8300,0.0000,0.0000,0.8895,0
508,11:46:49.017,ROI,160,160,288,288,61.63,62.26,0.0,18.825,16.06,642.08,350.86,130.23,92.97,0.9263,14.6600,171.5600,0.0000,0.0000,0.8911,0
509,11:46:49.096,ROI,160,160,288,288,14.39,14.86,0.0,0.0,67.30,640.00,350.32,128.83,92.00,0.9574,13.1600,172.0500,0.0000,0.0000,0.8602,0
510,11:46:49.126,ROI,160,160,288,288,16.43,17.00,0.0,0.0,58.83,636.33,349.41,129.51,92.52,0.9266,14.6500,171.1500,1.1800,177.0200,0.8866,0
511,11:46:49.239,ROI,160,160,288,288,22.39,23.00,0.0,0.0,43.47,629.77,349.95,134.30,92.16,0.8952,14.9000,170.2000,0.0000,0.0000,0.8675,0
512,11:46:49.347,ROI,160,160,288,288,96.38,98.98,0.0,19.725,10.10,628.32,348.62,130.64,93.74,0.9459,14.4100,170.0800,0.0000,0.0000,0.8702,0
513,11:46:49.498,ROI,160,160,288,288,59.62,61.00,0.0,0.0,16.39,626.83,346.92,128.23,94.32,0.9430,15.7200,167.5700,0.0000,0.0000,0.8926,0
514,11:46:49.583,ROI,160,160,288,288,28.97,29.45,32.475,26.525,33.95,623.77,345.75,127.40,94.21,0.9303,16.2800,164.7400,0.0000,0.0000,0.8327,0
515,11:46:49.631,ROI,160,160,256,256,35.23,35.83,0.0,10.9,27.91,622.06,345.94,126.06,92.88,0.9597,14.8700,167.9400,0.0000,0.0000,0.8663,0
516,11:46:49.694,ROI,160,160,256,256,46.08,46.57,43.625,0.0,21.47,617.74,344.18,124.96,92.94,0.9000,17.4200,163.6700,0.0000,0.0000,0.7595,0
517,11:46:49.759,ROI,160,160,256,256,55.85,56.37,21.425,6.925,17.74,616.65,344.88,125.86,95.60,0.9555,15.0600,167.4100,0.0000,0.0000,0.8473,0
518,11:46:49.838,ROI,160,160,256,256,15.97,16.45,0.0,0.0,60.77,610.64,341.71,124.90,92.13,0.8516,16.9000,161.7800,0.0000,0.0000,0.7549,0
519,11:46:49.870,ROI,160,160,256,256,18.92,19.66,0.0,19.9,50.87,604.91,338.42,130.35,90.75,0.8534,16.2500,160.5300,0.0000,0.0000,0.7536,0
520,11:46:49.918,ROI,160,160,288,288,18.87,19.46,0.0,0.0,51.40,603.14,338.16,129.06,91.42,0.9660,15.9500,157.9400,0.0000,0.0000,0.8795,0
521,11:46:49.965,ROI,160,160,288,288,12.17,12.71,0.0,0.0,78.65,601.56,337.21,126.25,93.74,0.9520,14.4500,149.9600,0.0000,0.0000,0.8933,0
522,11:46:49.997,ROI,160,160,256,256,15.99,16.48,19.7,23.7,60.67,597.08,336.26,128.83,92.91,0.9142,15.8000,161.8500,0.0000,0.0000,0.8418,0
523,11:46:50.061,ROI,160,160,288,288,17.65,18.49,0.0,0.0,54.08,592.82,333.35,128.61,96.93,0.8820,15.4900,145.8100,0.0000,0.0000,0.8840,0
524,11:46:50.108,ROI,160,160,288,288,10.60,11.13,0.0,0.0,89.87,591.53,331.99,127.21,97.45,0.9532,15.4600,146.2800,0.0000,0.0000,0.9044,0
525,11:46:50.171,ROI,160,160,256,256,11.24,11.88,7.55,0.0,84.14,588.82,331.03,126.11,97.71,0.9399,14.3600,142.9200,0.0000,0.0000,0.8546,0
526,11:46:50.233,ROI,160,160,256,256,16.85,17.32,0.0,22.55,57.74,587.44,328.73,127.12,99.39,0.9341,14.6100,144.4500,0.0000,0.0000,0.8528,0
527,11:46:50.280,ROI,160,160,256,256,8.83,9.29,0.0,0.0,107.64,582.92,326.30,127.12,99.42,0.8884,13.8600,141.8700,0.0000,0.0000,0.8444,0
528,11:46:50.408,ROI,160,160,256,256,9.12,9.46,3.3,0.0,105.70,578.43,324.40,124.13,100.24,0.8974,16.0600,139.6800,0.0000,0.0000,0.8668,0
529,11:46:50.456,ROI,160,160,256,256,9.30,9.83,10.225,0.0,101.78,577.90,322.82,118.93,100.82,0.9291,15.6800,137.2400,0.0000,0.0000,0.8370,0
530,11:46:50.519,ROI,160,160,256,256,9.52,10.03,7.2,0.0,99.69,575.18,320.48,119.07,102.03,0.9131,18.9500,133.8000,0.0000,0.0000,0.8968,0
531,11:46:50.585,ROI,160,160,256,256,11.18,11.64,7.075,33.55,85.90,574.82,320.85,116.85,103.33,0.9692,18.6600,128.1600,2.3600,129.1800,0.9109,0
532,11:46:50.649,ROI,160,160,256,256,10.43,10.88,0.0,0.0,91.89,572.37,318.74,112.61,102.29,0.9201,16.9600,124.4000,1.3000,127.0700,0.8865,0
533,11:46:50.696,ROI,160,160,256,256,8.85,9.37,0.0,41.675,106.68,571.18,317.33,110.62,103.25,0.9529,18.5400,120.9500,0.0000,0.0000,0.9189,0
534,11:46:50.760,ROI,160,160,224,224,9.14,9.59,0.0,40.825,104.24,568.05,314.97,104.62,101.16,0.9015,16.0900,118.3600,0.0000,0.0000,0.8803,0
535,11:46:50.825,ROI,160,160,224,224,10.29,10.94,0.0,35.7,91.42,566.54,312.77,104.75,102.89,0.9312,16.4700,118.1800,0.0000,0.0000,0.9003,0
536,11:46:50.935,ROI,160,160,224,224,9.16,9.69,0.0,0.0,103.21,564.29,309.75,100.35,101.92,0.9031,16.5200,114.2600,0.0000,0.0000,0.9040,0
537,11:46:51.000,ROI,160,160,224,224,9.19,9.65,7.1,0.0,103.67,561.70,307.00,98.07,102.89,0.9008,15.6100,110.1900,0.0000,0.0000,0.8779,0
538,11:46:51.048,ROI,160,160,224,224,10.29,10.70,10.275,0.0,93.46,559.14,305.44,100.70,102.93,0.9220,16.7700,109.4600,0.0000,0.0000,0.9295,0
539,11:46:51.111,ROI,160,160,224,224,12.33,12.74,14.7,0.0,78.51,558.06,304.16,99.86,103.74,0.9551,16.8700,110.6600,0.0000,0.0000,0.9189,0
540,11:46:51.176,ROI,160,160,224,224,9.42,9.83,0.0,0.0,101.76,556.54,301.48,96.98,104.12,0.9216,15.8600,106.5200,0.0000,0.0000,0.9126,0
541,11:46:51.224,ROI,160,160,224,224,9.30,9.77,10.175,0.0,102.33,555.27,300.17,96.74,103.59,0.9502,17.4800,105.4100,0.0000,0.0000,0.9301,0
542,11:46:51.353,ROI,160,160,224,224,10.24,10.71,0.0,36.55,93.34,552.70,296.07,95.13,103.28,0.8772,16.9600,103.6800,0.0000,0.0000,0.9235,0
543,11:46:51.401,ROI,160,160,224,224,10.89,11.35,0.0,0.0,88.12,551.73,294.10,91.45,101.14,0.9252,16.2500,102.6300,0.0000,0.0000,0.8853,0
544,11:46:51.463,ROI,160,160,224,224,12.20,12.64,0.0,0.0,79.14,550.78,293.69,93.00,100.46,0.9718,16.3100,101.2800,0.0000,0.0000,0.8807,0
545,11:46:51.527,ROI,160,160,224,224,10.16,10.67,0.0,36.6,93.75,549.97,290.82,93.63,102.37,0.9291,14.7000,99.6500,0.0000,0.0000,0.8797,0
546,11:46:51.577,ROI,160,160,224,224,15.01,15.68,10.0,0.0,63.76,549.06,288.64,93.02,101.36,0.9399,15.1000,99.5000,0.0000,0.0000,0.8967,0
547,11:46:51.640,ROI,160,160,224,224,9.50,9.95,0.0,0.0,100.46,549.10,286.12,92.64,101.89,0.9479,15.1400,98.9800,0.0000,0.0000,0.8939,0
548,11:46:51.704,ROI,160,160,224,224,10.73,11.24,0.0,0.0,88.96,548.43,284.64,91.11,101.32,0.9554,15.3700,98.5700,0.0000,0.0000,0.9137,0
549,11:46:51.752,ROI,160,160,224,224,13.05,13.47,10.6,0.0,74.26,547.72,282.59,90.96,101.63,0.9458,15.5200,97.7900,0.0000,0.0000,0.9316,0
550,11:46:51.880,ROI,160,160,224,224,11.86,12.34,3.4,0.0,81.02,547.87,278.35,91.50,101.43,0.9146,14.3900,94.5100,0.0000,0.0000,0.9410,0
551,11:46:51.927,ROI,160,160,224,224,10.35,10.75,11.125,0.0,93.03,548.61,277.17,92.13,102.73,0.9618,15.4500,95.9500,0.0000,0.0000,0.9474,0
552,11:46:51.993,ROI,160,160,224,224,12.73,13.21,0.0,0.0,75.70,549.26,276.19,94.40,102.79,0.9576,13.2300,95.4600,0.0000,0.0000,0.9111,0
553,11:46:52.057,ROI,160,160,224,224,11.37,11.84,0.0,33.05,84.42,547.17,273.68,93.42,101.16,0.9113,13.4800,92.5400,0.0000,0.0000,0.9304,0
554,11:46:52.105,ROI,160,160,224,224,10.43,11.33,10.675,34.5,88.26,548.05,272.80,92.50,102.06,0.9647,14.0700,93.5100,0.0000,0.0000,0.9315,0
555,11:46:52.174,ROI,160,160,224,224,14.52,14.98,13.525,26.1,66.78,547.55,270.24,90.37,102.51,0.9297,14.2600,91.1400,0.0000,0.0000,0.9369,0
556,11:46:52.233,ROI,160,160,224,224,12.94,13.50,0.0,0.0,74.09,547.27,268.78,89.26,102.16,0.9602,12.9500,90.6800,0.0000,0.0000,0.9208,0
557,11:46:52.282,ROI,160,160,224,224,11.79,12.36,0.0,0.0,80.89,547.06,265.83,86.70,101.68,0.9173,14.1300,89.3000,0.0000,0.0000,0.9397,0
558,11:46:52.423,ROI,160,160,224,224,13.79,14.38,0.0,27.175,69.55,547.14,262.14,87.82,100.51,0.9183,11.5800,87.1500,0.0000,0.0000,0.8898,0
559,11:46:52.456,ROI,160,160,224,224,11.79,12.53,0.0,0.0,79.83,547.31,260.67,88.54,101.00,0.9634,12.0800,86.9300,0.0000,0.0000,0.8889,0
560,11:46:52.521,ROI,160,160,224,224,16.61,17.18,14.875,0.0,58.20,547.17,257.33,85.96,97.99,0.9082,12.5800,84.9800,0.0000,0.0000,0.8674,0
561,11:46:52.585,ROI,160,160,224,224,15.69,16.25,0.0,0.0,61.54,547.10,255.59,86.16,98.11,0.9630,14.6200,80.3200,0.0000,0.0000,0.9071,0
562,11:46:52.650,ROI,160,160,224,224,27.37,27.82,16.1,0.0,35.94,548.88,252.56,87.57,97.17,0.9034,14.5100,77.9700,0.0000,0.0000,0.9206,0
563,11:46:52.697,ROI,160,160,224,224,16.47,17.04,0.0,22.925,58.67,549.01,252.01,87.98,97.10,0.9842,16.1300,76.8900,0.0000,0.0000,0.9429,0
564,11:46:52.762,ROI,160,160,224,224,22.57,23.25,0.0,16.8,43.01,549.85,249.96,88.51,96.50,0.9406,14.7200,78.1600,0.0000,0.0000,0.9102,0
565,11:46:52.810,ROI,160,160,224,224,14.45,14.88,0.0,0.0,67.19,550.78,248.58,87.65,95.33,0.9518,15.7400,75.3700,0.0000,0.0000,0.9318,0
566,11:46:52.948,ROI,160,160,192,192,17.07,17.54,0.0,22.275,57.01,553.35,243.00,94.58,98.28,0.8281,14.5200,73.7700,0.0000,0.0000,0.9238,0
567,11:46:52.983,ROI,160,160,224,224,10.65,11.07,0.0,0.0,90.37,555.06,241.38,93.24,96.71,0.9333,14.8700,73.1700,0.0000,0.0000,0.9199,0
568,11:46:53.049,ROI,160,160,224,224,12.42,13.08,14.225,0.0,76.46,556.33,239.04,93.77,98.73,0.9281,14.4000,71.6800,0.0000,0.0000,0.8936,0
569,11:46:53.113,ROI,160,160,224,224,10.62,11.30,7.65,34.575,88.50,557.30,238.05,95.75,99.68,0.9601,14.6400,71.1800,0.0000,0.0000,0.8885,0
570,11:46:53.159,ROI,160,160,224,224,9.98,10.49,11.275,0.0,95.29,558.62,235.49,96.99,99.11,0.9248,14.1100,69.6200,0.0000,0.0000,0.8693,0
571,11:46:53.223,ROI,160,160,224,224,10.37,11.04,7.225,0.0,90.56,558.74,234.33,95.68,97.47,0.9633,14.4300,69.5100,0.0000,0.0000,0.8755,0
572,11:46:53.336,ROI,160,160,224,224,11.69,12.24,0.0,31.925,81.67,560.65,230.26,94.72,93.58,0.8836,13.5600,64.7400,0.0000,0.0000,0.8164,0
573,11:46:53.400,ROI,160,160,192,192,11.57,12.06,0.0,32.4,82.89,562.18,228.12,95.57,94.06,0.9255,14.3000,63.5500,0.0000,0.0000,0.8867,0
574,11:46:53.463,ROI,160,160,192,192,9.79,10.35,0.0,37.85,96.65,562.46,226.13,95.64,92.81,0.9530,14.6500,61.8500,0.0000,0.0000,0.8979,0
575,11:46:53.512,ROI,160,160,192,192,11.38,11.85,0.0,0.0,84.39,564.02,224.66,97.36,92.23,0.9384,15.0900,63.3200,0.0000,0.0000,0.8983,0
576,11:46:53.576,ROI,160,160,224,224,11.07,11.72,0.0,0.0,85.32,564.32,223.96,97.24,92.11,0.9788,12.5200,56.2000,0.0000,0.0000,0.8453,0
577,11:46:53.642,ROI,160,160,224,224,10.46,10.99,0.0,0.0,90.99,566.24,221.61,98.50,89.77,0.9143,12.5400,53.0200,0.0000,0.0000,0.8400,0
578,11:46:53.687,ROI,160,160,224,224,9.05,9.51,11.375,0.0,105.17,566.64,220.01,98.50,89.33,0.9570,13.0200,52.8800,0.0000,0.0000,0.8643,0
579,11:46:53.817,ROI,160,160,224,224,27.94,28.44,3.25,0.0,35.16,570.10,217.51,101.09,87.91,0.8837,14.2200,51.1100,0.0000,0.0000,0.8903,0
580,11:46:53.864,ROI,160,160,224,224,10.97,11.40,20.625,0.0,87.69,570.77,215.33,100.56,86.38,0.9391,14.3100,49.3800,0.0000,0.0000,0.9060,0
581,11:46:53.928,ROI,160,160,224,224,10.65,11.18,0.0,0.0,89.42,573.15,213.89,100.16,85.25,0.9229,13.8300,49.0800,0.0000,0.0000,0.9148,0
582,11:46:53.993,ROI,160,160,224,224,11.98,12.41,0.0,31.5,80.60,573.71,212.65,102.82,85.97,0.9465,16.2600,43.9300,0.0000,0.0000,0.9262,0
583,11:46:54.040,ROI,160,160,224,224,9.55,10.23,0.0,0.0,97.72,577.62,212.10,105.63,85.16,0.9164,12.7300,46.0800,0.0000,0.0000,0.9128,0
584,11:46:54.104,ROI,160,160,224,224,10.99,11.77,0.0,33.2,84.95,578.93,210.01,106.18,84.17,0.9292,15.4100,42.8800,0.0000,0.0000,0.8991,0
585,11:46:54.169,ROI,160,160,224,224,13.71,14.26,0.0,0.0,70.13,582.30,208.14,110.26,83.97,0.8999,14.5100,42.9000,0.0000,0.0000,0.8968,0
586,11:46:54.217,ROI,160,160,224,224,11.25,11.80,0.0,0.0,84.77,581.80,207.82,107.10,84.74,0.9627,15.4900,43.4500,0.0000,0.0000,0.8980,0
587,11:46:54.343,ROI,160,160,224,224,12.05,12.52,0.0,0.0,79.87,586.54,205.47,112.57,81.87,0.8697,19.0700,38.1600,0.0000,0.0000,0.9164,0
588,11:46:54.392,ROI,160,160,256,256,10.24,10.90,10.85,0.0,91.74,590.75,204.09,115.30,82.99,0.8990,15.8200,38.5900,0.0000,0.0000,0.8796,0
589,11:46:54.455,ROI,160,160,256,256,10.20,10.69,7.425,0.0,93.56,591.89,203.07,112.62,80.34,0.9456,18.4100,37.2600,0.0000,0.0000,0.8924,0
590,11:46:54.520,ROI,160,160,256,256,9.38,9.99,7.275,0.0,100.06,594.22,201.14,114.40,79.97,0.9156,19.1800,35.2100,0.0000,0.0000,0.8832,0
591,11:46:54.568,ROI,160,160,256,256,10.47,10.97,0.0,0.0,91.17,595.92,200.62,114.22,80.45,0.9581,14.7900,37.7100,0.0000,0.0000,0.8377,0
592,11:46:54.632,ROI,160,160,256,256,10.19,10.73,0.0,0.0,93.18,598.50,198.50,114.58,77.63,0.9070,17.4200,34.4200,0.0000,0.0000,0.9204,0
593,11:46:54.697,ROI,160,160,256,256,11.08,11.49,0.0,34.0,87.00,598.94,198.99,115.38,78.38,0.9798,18.2400,33.0900,0.0000,0.0000,0.9391,0
594,11:46:54.743,ROI,160,160,256,256,9.75,10.29,0.0,37.975,97.21,600.30,198.86,114.86,76.21,0.9498,18.0600,32.5300,0.0000,0.0000,0.9417,0
595,11:46:54.873,ROI,160,160,256,256,9.98,10.32,3.25,0.0,96.94,605.10,197.70,116.62,75.22,0.8936,17.0600,30.4500,0.0000,0.0000,0.9408,0
596,11:46:54.923,ROI,160,160,256,256,10.59,11.16,0.0,0.0,89.61,608.54,196.01,117.31,77.94,0.9033,17.7200,31.0800,0.0000,0.0000,0.9419,0
597,11:46:54.985,ROI,160,160,256,256,8.90,9.44,7.725,0.0,105.91,608.85,195.98,118.70,77.12,0.9780,16.1200,32.6100,0.0000,0.0000,0.9281,0
598,11:46:55.048,ROI,160,160,256,256,7.99,8.30,14.625,0.0,120.55,612.77,194.71,118.42,78.61,0.9069,15.4600,30.2900,0.0000,0.0000,0.9019,0
599,11:46:55.098,ROI,160,160,256,256,8.01,8.37,9.45,0.0,119.54,614.96,194.59,118.13,77.28,0.9476,16.1400,30.7200,0.0000,0.0000,0.9456,0
600,11:46:55.160,ROI,160,160,256,256,9.86,10.46,14.525,37.325,95.56,618.08,194.05,118.10,77.79,0.9356,15.7200,28.2800,0.0000,0.0000,0.9341,0
601,11:46:55.226,ROI,160,160,256,256,12.87,13.41,7.05,29.125,74.58,619.14,193.74,117.41,76.82,0.9700,17.1900,25.7800,0.0000,0.0000,0.9048,0
602,11:46:55.338,ROI,160,160,256,256,11.19,11.79,0.0,33.125,84.80,624.57,193.74,116.18,76.94,0.9097,15.5200,19.4900,0.0000,0.0000,0.7068,0
603,11:46:55.401,ROI,160,160,256,256,16.13,16.70,0.0,23.4,59.88,627.82,193.00,114.16,78.93,0.9221,13.8600,22.6100,0.0000,0.0000,0.7445,0
604,11:46:55.450,ROI,160,160,256,256,18.05,18.55,11.95,0.0,53.90,629.77,193.13,115.63,79.36,0.9615,14.6300,19.8000,0.0000,0.0000,0.7338,0
605,11:46:55.513,ROI,160,160,256,256,16.42,16.93,8.75,23.1,59.05,631.90,193.13,117.94,79.50,0.9625,13.8400,11.0900,0.0000,0.0000,0.5875,0
606,11:46:55.577,ROI,160,160,256,256,13.79,14.34,0.0,0.0,69.72,634.70,193.54,115.57,78.85,0.9433,12.6500,15.2800,0.0000,0.0000,0.6439,0
607,11:46:55.625,ROI,160,160,256,256,24.88,25.35,0.0,0.0,39.44,636.32,193.26,115.44,78.24,0.9649,16.8800,10.2100,0.0000,0.0000,0.7455,0
608,11:46:55.752,ROI,160,160,256,256,10.91,11.40,3.85,0.0,87.73,640.13,193.85,114.08,78.88,0.9223,17.3400,4.7600,0.0000,0.0000,0.8032,0
609,11:46:55.800,ROI,160,160,256,256,13.33,13.79,21.25,28.35,72.50,642.66,193.46,114.64,79.36,0.9477,16.1800,0.6100,0.0000,0.0000,0.8582,0
610,11:46:55.863,ROI,160,160,256,256,9.36,9.80,7.9,39.875,102.02,645.30,194.36,113.65,80.29,0.9341,18.6600,0.1600,0.0000,0.0000,0.9031,0
611,11:46:55.928,ROI,160,160,256,256,9.35,9.87,0.0,39.725,101.27,649.11,194.50,111.01,77.33,0.9006,17.6200,0.6600,0.0000,0.0000,0.9048,0
612,11:46:55.975,ROI,160,160,224,224,9.38,9.86,0.0,39.625,101.42,649.49,194.15,111.13,76.50,0.9826,19.4800,-2.2300,0.0000,0.0000,0.8562,0
613,11:46:56.039,ROI,160,160,224,224,10.79,11.20,0.0,34.925,89.32,652.02,195.12,112.66,76.05,0.9324,20.0800,-5.3300,0.0000,0.0000,0.8613,0
614,11:46:56.103,ROI,160,160,256,256,9.23,9.79,0.0,39.9,102.12,654.94,195.18,114.02,78.22,0.9238,18.9500,-1.1800,0.0000,0.0000,0.9210,0
615,11:46:56.152,ROI,160,160,256,256,8.97,9.47,0.0,41.4,105.64,659.33,196.15,114.00,76.94,0.9038,19.9700,-1.9700,0.0000,0.0000,0.9297,0
616,11:46:56.280,ROI,160,160,256,256,9.46,9.95,0.0,0.0,100.52,664.09,197.50,114.21,77.73,0.8895,20.7000,-5.0500,0.0000,0.0000,0.8895,0
617,11:46:56.327,ROI,160,160,256,256,9.99,10.42,0.0,0.0,95.96,665.38,197.29,114.86,75.44,0.9494,21.8200,-4.2600,0.0000,0.0000,0.9117,0
618,11:46:56.392,ROI,160,160,256,256,9.94,10.45,14.4,0.0,95.65,667.54,197.59,116.13,76.77,0.9467,22.2300,-6.3000,0.0000,0.0000,0.9051,0
619,11:46:56.465,ROI,160,160,256,256,36.09,36.66,0.0,10.65,27.27,672.22,197.99,117.89,78.13,0.9076,21.4400,-9.4200,0.0000,0.0000,0.8761,0
620,11:46:56.514,ROI,160,160,256,256,10.32,10.77,29.525,0.0,92.85,672.94,198.33,118.59,77.81,0.9793,21.6400,-10.8700,0.0000,0.0000,0.8828,0
621,11:46:56.569,ROI,160,160,256,256,9.65,10.19,0.0,38.375,98.17,676.24,198.83,115.76,78.14,0.9335,21.1100,-15.8100,0.0000,0.0000,0.9173,0
622,11:46:56.632,ROI,160,160,256,256,9.29,9.71,0.0,40.35,103.02,677.07,198.48,116.85,77.25,0.9746,20.6900,-16.4100,0.0000,0.0000,0.9104,0
623,11:46:56.681,ROI,160,160,256,256,11.14,11.60,0.0,33.675,86.17,680.46,199.17,115.58,78.50,0.9274,18.5300,-23.0600,0.0000,0.0000,0.8590,0
624,11:46:56.807,ROI,160,160,256,256,10.87,11.30,0.0,34.6,88.48,685.39,201.61,115.82,79.09,0.8651,18.6000,-25.0100,0.0000,0.0000,0.8628,0
625,11:46:56.856,ROI,160,160,256,256,11.02,11.45,0.0,34.125,87.34,686.20,201.34,117.58,80.16,0.9719,19.0800,-22.7800,1.7200,-16.7000,0.8700,0
626,11:46:56.920,ROI,160,160,256,256,10.98,11.46,0.0,0.0,87.27,687.70,202.79,116.08,81.76,0.9408,18.8500,-24.3300,1.6700,-17.6400,0.8432,0
627,11:46:56.969,ROI,160,160,256,256,12.31,12.92,10.375,0.0,77.42,689.11,203.65,116.03,82.19,0.9560,18.1700,-24.1500,2.0200,-18.3900,0.8338,0
628,11:46:57.031,ROI,160,160,256,256,12.87,13.31,0.0,29.375,75.15,693.67,205.86,111.28,82.59,0.8764,18.6200,-32.5200,1.9300,-33.3100,0.8938,0
629,11:46:57.096,ROI,160,160,224,224,9.84,10.29,0.0,0.0,97.21,695.77,206.99,112.45,81.90,0.9377,16.1700,-30.2600,0.0000,0.0000,0.8021,0
630,11:46:57.145,ROI,160,160,256,256,22.70,23.26,0.0,0.0,43.00,697.70,208.21,113.98,83.82,0.9387,19.3400,-30.4900,1.0600,-24.2300,0.8736,0
631,11:46:57.273,ROI,160,160,256,256,13.26,13.78,0.0,28.35,72.55,700.74,211.36,112.61,85.01,0.8812,18.4300,-38.3200,0.0000,0.0000,0.7546,0
632,11:46:57.321,ROI,160,160,256,256,16.00,16.61,0.0,23.525,60.21,704.37,212.15,112.42,84.16,0.9207,16.1300,-35.7700,0.0000,0.0000,0.6968,0
633,11:46:57.385,ROI,160,160,256,256,20.79,21.29,0.0,18.35,46.96,706.10,212.85,112.26,84.14,0.9540,16.3400,-37.8000,0.0000,0.0000,0.7001,0
634,11:46:57.449,ROI,160,160,256,256,54.54,55.22,9.275,7.075,18.11,709.98,214.56,111.41,86.75,0.8974,17.3800,-41.2200,0.0000,0.0000,0.6717,0
635,11:46:57.523,ROI,160,160,224,224,15.38,16.10,0.0,24.275,62.13,710.90,216.60,109.63,86.42,0.9385,16.4900,-44.4900,0.0000,0.0000,0.7062,0
636,11:46:57.560,ROI,160,160,224,224,10.20,10.59,18.9,0.0,94.39,714.19,217.74,107.63,87.30,0.9179,16.7900,-50.1400,0.0000,0.0000,0.6709,0
637,11:46:57.625,ROI,160,160,224,224,9.85,10.27,0.0,0.0,97.40,715.60,218.51,107.72,87.65,0.9572,17.7800,-49.2900,0.0000,0.0000,0.6598,0
638,11:46:57.738,ROI,160,160,224,224,20.45,21.15,0.0,18.475,47.28,719.51,220.69,103.80,91.01,0.8866,18.1300,-54.3900,0.0000,0.0000,0.7269,0
639,11:46:57.801,ROI,160,160,224,224,14.69,15.74,9.375,0.0,63.52,721.14,222.56,103.59,89.54,0.9301,18.6800,-55.7600,0.0000,0.0000,0.7829,0
640,11:46:57.848,ROI,160,160,224,224,15.85,16.39,0.0,23.85,61.01,721.66,223.88,101.77,89.78,0.9543,20.0000,-56.9200,0.0000,0.0000,0.7975,0
641,11:46:57.912,ROI,160,160,224,224,11.77,12.23,8.2,0.0,81.79,724.64,225.32,98.88,91.84,0.9138,19.7900,-61.7200,0.0000,0.0000,0.8387,0
642,11:46:57.976,ROI,160,160,224,224,8.74,9.27,0.0,42.1,107.85,726.13,226.37,97.72,92.33,0.9487,20.0500,-60.8500,0.0000,0.0000,0.7786,0
643,11:46:58.025,ROI,160,160,224,224,8.71,9.11,0.0,42.875,109.71,728.21,226.78,96.57,90.34,0.9377,21.0700,-62.2600,0.0000,0.0000,0.7754,0
644,11:46:58.155,ROI,160,160,224,224,14.78,15.36,0.0,25.425,65.10,730.69,231.59,96.50,92.72,0.8574,20.6100,-65.5500,0.0000,0.0000,0.7878,0
645,11:46:58.202,ROI,160,160,224,224,14.24,15.03,0.0,0.0,66.52,734.49,233.46,94.40,94.50,0.8885,21.8900,-65.6400,0.0000,0.0000,0.8072,0
646,11:46:58.265,ROI,160,160,192,192,14.16,15.14,0.0,0.0,66.07,733.57,232.96,91.63,92.80,0.9532,19.9600,-65.2900,0.0000,0.0000,0.7839,0
647,11:46:58.330,ROI,160,160,192,192,13.85,14.45,0.0,27.05,69.18,737.21,234.63,93.60,93.82,0.8930,19.7500,-68.2300,0.0000,0.0000,0.8009,0
648,11:46:58.377,ROI,160,160,192,192,30.80,31.38,0.0,0.0,31.86,737.58,237.88,94.16,97.43,0.9272,18.7500,-70.9200,0.0000,0.0000,0.7842,0
649,11:46:58.442,ROI,160,160,224,224,16.74,17.29,0.0,0.0,57.83,741.14,241.66,96.17,100.42,0.8614,20.3600,-72.3900,0.0000,0.0000,0.8328,0
650,11:46:58.539,ROI,160,160,224,224,19.60,20.49,4.925,19.0,48.80,741.00,242.54,96.85,100.49,0.9758,20.3900,-70.8400,0.0000,0.0000,0.8172,0
651,11:46:58.591,ROI,160,160,224,224,36.03,36.75,12.375,0.0,27.21,741.90,245.95,97.40,102.94,0.9186,19.0900,-75.5600,0.0000,0.0000,0.8183,0
652,11:46:58.742,ROI,160,160,224,224,31.04,31.78,0.0,12.3,31.47,743.81,248.78,97.85,103.82,0.9111,19.6900,-75.4100,0.0000,0.0000,0.8446,0
653,11:46:58.798,ROI,160,160,224,224,40.18,40.77,16.075,19.175,24.53,743.56,250.37,94.99,101.91,0.9415,19.1800,-75.5300,0.0000,0.0000,0.8526,0
654,11:46:58.901,ROI,160,160,224,224,45.68,46.26,0.0,0.0,21.62,744.88,252.77,91.71,103.05,0.9221,18.1100,-77.5200,0.0000,0.0000,0.8315,0
655,11:46:58.963,ROI,160,160,224,224,20.50,21.33,0.0,18.325,46.88,747.64,253.72,89.54,103.49,0.9242,18.2300,-76.3900,0.0000,0.0000,0.8351,0
656,11:46:59.006,ROI,160,160,224,224,21.77,25.29,18.75,15.45,39.55,747.39,254.12,91.52,101.61,0.9611,18.1900,-76.9300,0.0000,0.0000,0.8315,0
657,11:46:59.046,ROI,160,160,224,224,13.55,14.11,0.0,0.0,70.89,749.09,256.79,90.55,101.98,0.9152,18.2100,-77.1700,0.0000,0.0000,0.8056,0
658,11:46:59.077,ROI,160,160,224,224,12.96,13.95,0.0,28.0,71.68,746.93,257.43,89.39,102.42,0.9416,17.0200,-78.1600,0.0000,0.0000,0.8065,0
659,11:46:59.104,ROI,160,160,224,224,15.85,16.56,0.0,0.0,60.39,751.19,259.46,86.80,101.51,0.8736,18.0900,-81.7400,0.0000,0.0000,0.8046,0
660,11:46:59.209,ROI,160,160,224,224,8.78,9.17,0.0,0.0,109.04,750.97,263.48,81.80,102.06,0.8729,16.2100,-86.8100,0.0000,0.0000,0.8494,0
661,11:46:59.257,ROI,160,160,224,224,12.34,13.14,0.0,29.7,76.09,753.35,264.50,79.69,103.29,0.9250,15.5900,-83.8800,0.0000,0.0000,0.8527,0
662,11:46:59.320,ROI,160,160,224,224,8.46,9.01,0.0,43.4,111.03,751.78,266.90,81.13,102.13,0.9188,16.4700,-86.7600,0.0000,0.0000,0.8533,0
663,11:46:59.386,ROI,160,160,224,224,10.52,11.17,0.0,0.0,89.54,751.08,267.68,84.78,104.85,0.9321,15.1500,-87.5100,0.0000,0.0000,0.8736,0
664,11:46:59.433,ROI,160,160,224,224,13.28,13.72,0.0,28.5,72.90,751.36,272.29,83.72,102.70,0.9038,16.3500,-90.7600,0.0000,0.0000,0.8655,0
665,11:46:59.497,ROI,160,160,224,224,12.21,12.66,7.7,0.0,79.01,751.31,273.37,83.23,100.52,0.9730,13.8800,-86.4300,0.0000,0.0000,0.8450,0
666,11:46:59.560,ROI,160,160,224,224,10.11,10.53,7.85,0.0,94.97,752.01,275.86,81.07,101.91,0.9282,15.5300,-88.0500,0.0000,0.0000,0.8452,0
667,11:46:59.608,ROI,160,160,224,224,14.42,15.20,0.0,0.0,65.79,750.85,276.81,84.15,100.84,0.9460,14.1500,-89.2700,0.0000,0.0000,0.8203,0
668,11:46:59.737,ROI,160,160,224,224,10.06,10.61,3.45,0.0,94.24,752.11,282.50,81.68,99.71,0.8671,17.0700,-96.5500,0.0000,0.0000,0.8496,0
669,11:46:59.787,ROI,160,160,224,224,10.49,11.16,0.0,0.0,89.60,750.29,284.20,84.13,101.82,0.9256,15.5000,-91.7200,0.0000,0.0000,0.8032,0
670,11:46:59.847,ROI,160,160,224,224,9.74,10.13,0.0,0.0,98.76,751.26,285.32,81.51,101.63,0.9481,16.1400,-90.5500,0.0000,0.0000,0.8277,0
671,11:46:59.911,ROI,160,160,224,224,11.62,12.14,0.0,0.0,82.38,750.93,287.11,81.91,103.50,0.9579,16.4200,-91.1600,0.0000,0.0000,0.8265,0
672,11:46:59.962,ROI,160,160,224,224,11.57,11.97,0.0,32.65,83.56,750.45,291.58,82.57,101.61,0.9064,17.7800,-93.3000,0.0000,0.0000,0.8295,0
673,11:47:00.025,ROI,160,160,224,224,13.82,14.36,0.0,27.2,69.64,750.42,294.74,83.52,101.96,0.9294,18.0200,-92.6500,0.0000,0.0000,0.8372,0
674,11:47:00.136,ROI,160,160,224,224,10.66,11.37,0.0,0.0,87.92,748.43,295.30,83.72,96.85,0.9069,16.6100,-95.8700,0.0000,0.0000,0.8269,0
675,11:47:00.199,ROI,160,160,224,224,12.50,12.94,0.0,0.0,77.27,748.01,297.44,82.92,99.97,0.9483,16.3700,-97.0900,0.0000,0.0000,0.8536,0
676,11:47:00.272,ROI,160,160,224,224,9.38,9.78,0.0,0.0,102.25,746.74,299.04,82.71,102.26,0.9398,15.2300,-101.3200,0.0000,0.0000,0.8670,0
677,11:47:00.322,ROI,160,160,224,224,11.45,12.32,0.0,31.775,81.20,745.47,300.54,84.56,100.93,0.9424,13.8300,-107.1300,0.0000,0.0000,0.8323,0
678,11:47:00.378,ROI,160,160,224,224,10.75,11.16,9.075,0.0,89.63,744.73,301.54,87.29,102.10,0.9499,14.6300,-108.2200,0.0000,0.0000,0.8354,0
679,11:47:00.449,ROI,160,160,224,224,10.07,10.46,0.0,37.35,95.62,743.96,303.46,85.83,101.14,0.9460,14.6300,-110.4400,0.0000,0.0000,0.8800,0
680,11:47:00.488,ROI,160,160,224,224,9.42,9.96,0.0,0.0,100.37,743.31,306.12,85.23,99.06,0.9343,13.3900,-108.0800,0.0000,0.0000,0.8537,0
681,11:47:00.621,ROI,160,160,224,224,8.31,8.83,0.0,0.0,113.27,739.75,308.88,89.77,99.33,0.8737,14.1000,-115.5300,0.0000,0.0000,0.8753,0
682,11:47:00.672,ROI,160,160,224,224,8.24,8.77,0.0,0.0,114.08,739.74,312.70,88.58,104.86,0.9163,14.5500,-116.4100,0.0000,0.0000,0.8809,0
683,11:47:00.739,ROI,160,160,224,224,18.82,19.42,0.0,20.125,51.50,737.61,314.72,92.01,106.20,0.9188,14.6200,-116.8500,0.0000,0.0000,0.8916,0
684,11:47:00.804,ROI,160,160,224,224,17.32,17.95,0.0,0.0,55.72,736.34,315.43,92.68,107.09,0.9601,14.9600,-118.8100,0.0000,0.0000,0.8793,0
685,11:47:00.870,ROI,160,160,224,224,10.70,11.25,0.0,34.75,88.93,734.89,318.05,92.76,103.18,0.9227,15.5500,-120.0300,0.0000,0.0000,0.8797,0
686,11:47:00.917,ROI,160,160,224,224,13.76,14.17,10.875,27.575,70.57,732.05,318.27,94.79,100.39,0.9168,14.5400,-121.0300,0.0000,0.0000,0.8643,0
687,11:47:00.981,ROI,160,160,224,224,14.67,15.22,7.825,0.0,65.69,730.36,319.47,95.70,95.27,0.9169,15.7200,-123.1700,0.0000,0.0000,0.8522,0
688,11:47:01.040,ROI,160,160,192,192,16.82,17.51,0.0,0.0,57.12,732.90,321.64,93.76,97.12,0.9071,16.8000,-121.8400,0.0000,0.0000,0.8853,0
689,11:47:01.082,ROI,160,160,224,224,11.30,11.84,0.0,33.025,84.44,729.16,323.60,99.15,98.27,0.8898,15.2000,-123.7700,0.0000,0.0000,0.8375,0
690,11:47:01.218,ROI,160,160,224,224,10.95,11.47,0.0,0.0,87.21,729.48,325.45,99.50,96.50,0.9568,14.9300,-125.5000,0.0000,0.0000,0.8098,0
691,11:47:01.264,ROI,160,160,224,224,18.20,18.74,0.0,20.85,53.38,726.41,326.53,105.20,97.58,0.9215,15.4700,-127.4500,0.0000,0.0000,0.7889,0
692,11:47:01.332,ROI,160,160,224,224,12.18,12.85,0.0,30.4,77.85,724.85,329.26,105.03,96.12,0.9182,14.6500,-129.6500,0.0000,0.0000,0.7675,0
693,11:47:01.387,ROI,160,160,224,224,8.50,8.90,0.0,43.9,112.33,724.56,329.50,109.34,96.18,0.9558,15.4400,-130.6500,0.0000,0.0000,0.8387,0
694,11:47:01.439,ROI,160,160,224,224,8.98,9.52,0.0,0.0,104.99,721.03,331.31,110.35,94.21,0.9040,16.4600,-130.9900,0.0000,0.0000,0.8313,0
695,11:47:01.505,ROI,160,160,224,224,9.62,10.04,0.0,0.0,99.64,720.69,333.14,115.89,95.31,0.9166,15.0800,-131.9100,0.0000,0.0000,0.7988,0
696,11:47:01.571,ROI,160,160,256,256,11.07,11.63,0.0,0.0,86.01,717.52,335.27,115.09,94.82,0.9061,14.6100,-137.7200,0.0000,0.0000,0.7759,0
697,11:47:01.621,ROI,160,160,256,256,9.32,9.87,0.0,39.6,101.27,714.90,336.22,116.42,90.83,0.9167,12.7500,-138.8400,0.0000,0.0000,0.7570,0
698,11:47:01.738,ROI,160,160,256,256,8.48,8.91,0.0,0.0,112.28,711.76,339.09,120.70,88.83,0.8913,14.3200,-148.0600,0.0000,0.0000,0.8485,0
699,11:47:01.788,ROI,160,160,256,256,9.94,10.45,9.425,37.4,95.70,710.63,340.18,120.70,90.99,0.9581,11.4800,-149.9000,0.0000,0.0000,0.7432,0
700,11:47:01.920,ROI,160,160,256,256,13.81,14.43,0.0,27.0,69.29,704.10,345.79,126.56,93.20,0.8005,11.0900,-154.3500,0.0000,0.0000,0.7021,0
701,11:47:01.971,ROI,160,160,256,256,28.95,29.58,0.0,0.0,33.81,700.86,346.17,128.98,89.33,0.9124,11.2000,-155.7900,0.0000,0.0000,0.7514,0
702,11:47:02.038,ROI,160,160,288,288,8.72,9.12,10.225,0.0,109.63,701.26,345.82,126.65,91.49,0.9591,12.6700,-155.5900,0.0000,0.0000,0.7212,0
703,11:47:02.088,ROI,160,160,256,256,8.38,8.77,9.625,44.525,113.96,697.58,349.66,128.78,89.38,0.8693,12.2000,-157.4700,0.0000,0.0000,0.7759,0
704,11:47:02.137,ROI,160,160,288,288,12.57,13.12,9.65,0.0,76.19,695.85,348.06,130.84,91.82,0.9403,11.7200,-162.1000,0.0000,0.0000,0.8011,0
705,11:47:02.270,ROI,160,160,288,288,10.76,11.26,0.0,0.0,88.85,691.56,350.63,131.74,92.83,0.8876,11.2700,-165.2500,0.0000,0.0000,0.7935,0
706,11:47:02.321,ROI,160,160,288,288,8.13,8.61,0.0,0.0,116.20,688.03,350.81,129.64,89.05,0.9095,11.8500,-165.7500,0.0000,0.0000,0.7876,0
707,11:47:02.388,ROI,160,160,288,288,8.14,8.60,0.0,45.425,116.23,687.41,351.33,129.31,90.29,0.9769,11.0300,-167.5500,0.0000,0.0000,0.8313,0
708,11:47:02.454,ROI,160,160,288,288,9.54,10.07,0.0,0.0,99.31,685.87,352.39,128.20,89.06,0.9539,10.6600,-168.1500,0.0000,0.0000,0.8378,0
709,11:47:02.499,ROI,160,160,288,288,11.99,12.43,0.0,31.425,80.42,682.59,351.41,128.84,87.21,0.9299,10.7300,-169.0200,0.0000,0.0000,0.8107,0
710,11:47:02.554,ROI,160,160,288,288,8.93,9.34,0.0,41.825,107.08,677.86,352.42,130.05,93.96,0.8647,8.7200,-170.6800,0.0000,0.0000,0.7821,0
711,11:47:02.623,ROI,160,160,288,288,11.55,14.26,0.0,0.0,70.13,676.41,354.61,127.31,90.76,0.9326,9.1000,-170.4800,0.0000,0.0000,0.7480,0
712,11:47:02.671,ROI,160,160,256,256,16.45,17.05,11.65,68.775,58.65,674.35,355.06,127.57,91.36,0.9590,10.5500,-171.0700,0.0000,0.0000,0.7547,0
713,11:47:02.805,ROI,160,160,256,256,26.43,27.09,0.0,14.425,36.92,669.47,354.50,130.48,91.38,0.9164,13.0800,-171.0500,0.0000,0.0000,0.8656,0
714,11:47:02.856,ROI,160,160,288,288,23.72,24.36,0.0,0.0,41.04,665.27,353.98,131.40,89.95,0.9237,11.6100,-176.2000,0.0000,0.0000,0.8103,0
715,11:47:02.906,ROI,160,160,288,288,8.54,9.13,0.0,0.0,109.59,662.97,353.88,129.76,89.68,0.9624,11.1600,-173.2700,0.0000,0.0000,0.8398,0
716,11:47:02.971,ROI,160,160,288,288,9.91,10.37,0.0,0.0,96.43,659.46,352.66,129.19,87.53,0.9221,13.2200,-178.5700,0.0000,0.0000,0.8709,0
717,11:47:03.021,ROI,160,160,288,288,8.15,8.59,0.0,45.475,116.35,656.86,353.19,128.88,89.71,0.9376,11.4200,-177.0400,0.0000,0.0000,0.8234,0
718,11:47:03.085,ROI,160,160,288,288,18.87,19.49,0.0,0.0,51.30,652.51,351.74,128.20,87.97,0.9055,14.8400,178.0700,0.0000,0.0000,0.8694,0
719,11:47:03.205,ROI,160,160,288,288,29.50,30.33,0.0,0.0,32.97,647.39,352.31,129.89,93.82,0.8679,13.0700,176.4100,0.0000,0.0000,0.8140,0
720,11:47:03.272,ROI,160,160,288,288,10.67,11.22,0.0,34.825,89.09,645.56,351.39,129.24,90.68,0.9400,13.5700,173.7800,0.0000,0.0000,0.8802,0
721,11:47:03.338,ROI,160,160,288,288,15.14,15.81,0.0,0.0,63.24,641.81,350.86,129.94,92.81,0.9227,15.0900,170.6000,0.0000,0.0000,0.8926,0
722,11:47:03.388,ROI,160,160,288,288,23.58,24.25,0.0,0.0,41.23,640.42,350.43,127.87,92.23,0.9698,12.4100,171.5900,0.0000,0.0000,0.8676,0
723,11:47:03.439,ROI,160,160,256,256,44.09,44.92,0.0,8.7,22.26,633.98,349.76,132.46,92.64,0.8932,15.9800,173.0700,0.0000,0.0000,0.8841,0
724,11:47:03.533,ROI,160,160,288,288,79.29,79.91,0.0,9.775,12.51,633.67,350.58,129.40,92.57,0.9598,13.3400,169.2000,0.0000,0.0000,0.8817,0
725,11:47:03.639,ROI,160,160,288,288,8.86,9.28,15.025,0.0,107.81,631.15,349.33,132.79,93.31,0.9371,13.5400,171.6900,0.0000,0.0000,0.8245,0
726,11:47:03.676,ROI,160,160,288,288,13.69,14.34,0.0,0.0,69.75,626.43,348.42,130.77,90.83,0.9067,16.4700,167.6900,0.0000,0.0000,0.8842,0
727,11:47:03.723,ROI,160,160,288,288,12.84,13.43,0.0,0.0,74.47,623.35,345.80,128.14,95.06,0.9029,17.1200,165.1900,0.0000,0.0000,0.8329,0
728,11:47:03.793,ROI,160,160,288,288,15.96,16.59,0.0,0.0,60.28,621.52,346.66,126.52,95.27,0.9547,14.8200,166.9900,0.0000,0.0000,0.8561,0
729,11:47:03.854,ROI,160,160,256,256,8.65,9.06,0.0,43.125,110.38,618.14,345.36,124.14,92.86,0.9221,16.8300,165.0300,0.0000,0.0000,0.7811,0
730,11:47:03.905,ROI,160,160,256,256,25.99,26.62,0.0,0.0,37.56,616.74,343.59,124.61,95.36,0.9420,15.5500,163.0600,0.0000,0.0000,0.8060,0
731,11:47:03.964,ROI,160,160,256,256,12.28,12.69,36.45,0.0,78.77,612.34,342.63,124.69,93.44,0.9137,16.1900,159.6900,0.0000,0.0000,0.8108,0
732,11:47:04.050,ROI,160,160,256,256,21.42,22.09,0.0,0.0,45.27,610.50,340.54,127.81,92.69,0.9293,17.5000,157.4600,0.0000,0.0000,0.8865,0
733,11:47:04.088,ROI,160,160,256,256,24.80,25.25,0.0,0.0,39.60,604.13,338.93,132.08,90.05,0.8769,16.5300,162.3500,0.0000,0.0000,0.7733,0
734,11:47:04.207,ROI,160,160,288,288,13.73,14.47,0.0,0.0,69.13,601.57,337.33,127.13,94.28,0.9197,14.4300,152.3900,0.0000,0.0000,0.8818,0
735,11:47:04.253,ROI,160,160,256,256,9.24,10.00,0.0,0.0,100.03,597.34,336.44,127.95,93.31,0.9187,14.5700,160.6500,0.0000,0.0000,0.8286,0
736,11:47:04.321,ROI,160,160,256,256,9.26,9.71,0.0,0.0,103.03,594.57,334.18,129.22,95.95,0.9139,14.3000,151.1600,0.0000,0.0000,0.8551,0
737,11:47:04.391,ROI,160,160,288,288,11.88,12.42,0.0,0.0,80.54,594.32,333.60,125.53,96.28,0.9602,16.4500,146.4000,0.0000,0.0000,0.9079,0
738,11:47:04.438,ROI,160,160,256,256,25.34,26.04,11.05,0.0,38.40,591.92,332.58,128.42,96.42,0.9430,13.1300,145.9300,0.0000,0.0000,0.8478,0
739,11:47:04.490,ROI,160,160,288,288,34.50,35.11,0.0,11.125,28.48,589.54,330.51,125.84,98.08,0.9238,16.2600,142.6600,0.0000,0.0000,0.8593,0
740,11:47:04.560,ROI,160,160,256,256,10.38,10.83,0.0,0.0,92.38,587.38,330.35,125.62,97.71,0.9627,15.1600,142.9200,0.0000,0.0000,0.8520,0
741,11:47:04.607,ROI,160,160,256,256,14.67,15.24,0.0,25.65,65.64,582.76,326.50,126.27,100.26,0.8617,15.3300,140.9800,0.0000,0.0000,0.8359,0
742,11:47:04.738,ROI,160,160,256,256,10.33,10.78,0.0,0.0,92.75,578.50,324.74,124.02,100.00,0.9028,16.0300,138.8900,0.0000,0.0000,0.8608,0
743,11:47:04.787,ROI,160,160,256,256,16.59,17.18,0.0,22.75,58.21,577.63,323.17,119.38,100.21,0.9335,15.6200,137.8300,0.0000,0.0000,0.8273,0
744,11:47:04.844,ROI,160,160,256,256,19.58,20.20,0.0,19.35,49.51,575.22,320.86,119.52,102.56,0.9184,16.9200,133.3600,0.0000,0.0000,0.8702,0
745,11:47:04.906,ROI,160,160,256,256,14.31,15.27,0.0,25.6,65.49,574.86,320.78,116.53,103.47,0.9666,19.0500,128.4300,2.3000,129.8400,0.9174,0
746,11:47:04.957,ROI,160,160,256,256,51.70,52.46,0.0,0.0,19.06,572.46,318.77,111.55,102.94,0.9213,17.3200,123.8500,1.4400,125.7900,0.8898,0
747,11:47:05.034,ROI,160,160,224,224,14.65,16.16,0.0,24.175,61.88,570.53,317.55,110.25,102.62,0.9435,15.4000,124.3100,0.0000,0.0000,0.8812,0
748,11:47:05.095,ROI,160,160,224,224,10.25,10.67,0.0,0.0,93.76,567.76,314.87,106.20,101.36,0.9024,16.5000,120.1100,0.0000,0.0000,0.8786,0
749,11:47:05.206,ROI,160,160,224,224,17.65,18.35,0.0,21.3,54.50,564.14,310.29,101.92,103.75,0.8559,15.8800,114.0600,0.0000,0.0000,0.8766,0
750,11:47:05.265,ROI,160,160,224,224,9.52,9.90,0.0,0.0,101.05,564.24,309.65,98.76,101.50,0.9479,15.8200,117.0400,0.0000,0.0000,0.8906,0
751,11:47:05.306,ROI,160,160,224,224,10.52,11.03,0.0,0.0,90.69,563.64,308.54,98.99,102.07,0.9667,16.0600,114.7700,0.0000,0.0000,0.8903,0
752,11:47:05.372,ROI,160,160,224,224,8.17,8.57,0.0,0.0,116.69,559.58,306.14,97.12,102.21,0.8800,15.5700,109.6400,0.0000,0.0000,0.8695,0
753,11:47:05.437,ROI,160,160,224,224,9.25,9.65,0.0,0.0,103.68,558.17,303.98,99.20,103.57,0.9322,16.1700,109.1800,0.0000,0.0000,0.9112,0
754,11:47:05.484,ROI,160,160,224,224,9.03,9.47,0.0,0.0,105.57,556.28,301.81,97.97,104.87,0.9237,16.3800,106.9600,0.0000,0.0000,0.9051,0
755,11:47:05.623,ROI,160,160,224,224,16.09,16.82,3.025,23.225,59.45,553.82,296.97,94.67,103.59,0.8675,17.4300,105.0100,0.0000,0.0000,0.9275,0
756,11:47:05.673,ROI,160,160,224,224,11.05,11.61,0.0,33.675,86.14,553.46,297.09,92.16,100.83,0.9476,17.3700,104.5100,0.0000,0.0000,0.9057,0
757,11:47:05.722,ROI,160,160,224,224,10.03,10.58,0.0,0.0,94.52,551.74,294.51,91.03,102.24,0.9162,16.1600,102.4000,0.0000,0.0000,0.8864,0
758,11:47:05.788,ROI,160,160,224,224,10.23,10.82,0.0,36.15,92.46,550.47,293.64,93.44,100.56,0.9566,16.1600,101.1900,0.0000,0.0000,0.8841,0
759,11:47:05.839,ROI,160,160,224,224,18.18,18.73,0.0,0.0,53.40,550.15,291.15,93.09,101.91,0.9459,15.0200,99.5500,0.0000,0.0000,0.8802,0
760,11:47:05.905,ROI,160,160,224,224,8.65,9.05,0.0,0.0,110.47,549.03,289.46,91.88,102.37,0.9447,14.8200,98.8300,0.0000,0.0000,0.9041,0
761,11:47:05.972,ROI,160,160,224,224,17.13,17.99,0.0,21.725,55.58,548.80,286.86,93.14,102.02,0.9378,14.3400,98.2800,0.0000,0.0000,0.8940,0
762,11:47:06.020,ROI,160,160,224,224,8.64,9.05,0.0,0.0,110.54,548.87,285.15,92.13,102.16,0.9567,16.1700,97.1400,0.0000,0.0000,0.9324,0
763,11:47:06.140,ROI,160,160,224,224,8.56,8.92,3.525,0.0,112.14,547.12,281.56,88.45,100.46,0.8953,15.4200,94.6700,0.0000,0.0000,0.9449,0
764,11:47:06.188,ROI,160,160,224,224,9.01,9.47,0.0,0.0,105.58,547.71,279.53,92.46,102.75,0.9196,15.7700,96.5400,0.0000,0.0000,0.9504,0
765,11:47:06.256,ROI,160,160,224,224,16.61,17.33,6.675,22.55,57.69,548.20,277.47,92.27,102.31,0.9507,14.8600,95.9500,0.0000,0.0000,0.9342,0
766,11:47:06.323,ROI,160,160,224,224,17.40,17.95,0.0,0.0,55.70,549.19,276.41,93.76,102.96,0.9591,13.4100,95.6900,0.0000,0.0000,0.9105,0
767,11:47:06.372,ROI,160,160,224,224,8.88,9.30,0.0,0.0,107.48,547.29,274.10,92.71,101.18,0.9182,13.4000,92.7400,0.0000,0.0000,0.9270,0
768,11:47:06.440,ROI,160,160,224,224,9.50,10.01,0.0,0.0,99.86,547.32,273.09,91.52,102.40,0.9680,14.1600,93.5300,0.0000,0.0000,0.9393,0
769,11:47:06.490,ROI,160,160,224,224,10.38,11.18,0.0,0.0,89.41,547.28,270.82,89.68,101.09,0.9374,14.0100,91.6200,0.0000,0.0000,0.9386,0
770,11:47:06.538,ROI,160,160,224,224,10.42,11.07,0.0,0.0,90.31,548.09,269.08,88.63,102.77,0.9494,12.8400,90.9900,0.0000,0.0000,0.9139,0
771,11:47:06.655,ROI,160,160,224,224,9.89,10.33,0.0,0.0,96.80,546.60,266.28,84.74,102.17,0.9063,14.9500,87.9200,0.0000,0.0000,0.9504,0
772,11:47:06.722,ROI,160,160,224,224,11.33,12.07,0.0,0.0,82.82,547.26,263.00,86.09,101.25,0.9234,12.3400,85.7900,0.0000,0.0000,0.9079,0
773,11:47:06.790,ROI,160,160,224,224,17.04,17.75,0.0,0.0,56.34,547.10,260.75,87.51,100.87,0.9410,12.5500,87.2500,0.0000,0.0000,0.9019,0
774,11:47:06.840,ROI,160,160,224,224,15.65,16.22,0.0,0.0,61.64,547.08,258.29,86.02,98.90,0.9360,12.8800,84.8200,0.0000,0.0000,0.8805,0
775,11:47:06.889,ROI,160,160,224,224,7.97,8.33,0.0,0.0,120.00,546.94,255.51,85.60,98.06,0.9405,13.9500,82.7300,0.0000,0.0000,0.8683,0
776,11:47:06.954,ROI,160,160,224,224,11.70,12.23,0.0,0.0,81.74,548.55,254.54,89.43,100.14,0.9372,15.7900,78.8000,0.0000,0.0000,0.9353,0
777,11:47:07.006,ROI,160,160,224,224,9.70,10.53,0.0,0.0,95.00,548.17,251.66,89.24,97.92,0.9358,14.1200,79.2400,0.0000,0.0000,0.9070,0
778,11:47:07.132,ROI,160,160,224,224,19.03,19.56,0.0,19.975,51.12,551.50,248.73,89.95,96.82,0.8759,15.2900,73.9500,0.0000,0.0000,0.9230,0
779,11:47:07.190,ROI,160,160,224,224,8.90,9.30,0.0,0.0,107.49,552.09,246.74,88.54,94.91,0.9444,16.0400,74.8300,0.0000,0.0000,0.9260,0
780,11:47:07.254,ROI,160,160,192,192,10.21,11.09,0.0,0.0,90.16,553.12,243.26,94.75,96.61,0.8704,14.9800,74.7000,0.0000,0.0000,0.8952,0
781,11:47:07.306,ROI,160,160,224,224,20.37,20.98,9.6,18.625,47.67,554.78,241.91,91.60,95.45,0.9384,15.9100,71.0400,0.0000,0.0000,0.9256,0
782,11:47:07.354,ROI,160,160,192,192,18.60,19.15,0.0,20.4,52.21,556.05,239.42,95.86,97.33,0.9081,12.3900,72.9100,0.0000,0.0000,0.8401,0
783,11:47:07.428,ROI,160,160,224,224,12.81,13.37,0.0,0.0,74.80,557.22,237.88,95.41,99.51,0.9463,14.4200,70.4700,0.0000,0.0000,0.8748,0
784,11:47:07.484,ROI,160,160,224,224,12.80,13.75,0.0,0.0,72.73,558.40,235.19,95.54,98.84,0.9247,14.5100,69.0600,0.0000,0.0000,0.8809,0
785,11:47:07.604,ROI,160,160,224,224,9.52,9.93,0.0,0.0,100.74,559.81,232.02,94.71,94.86,0.9099,14.5900,64.8800,0.0000,0.0000,0.8351,0
786,11:47:07.659,ROI,160,160,192,192,9.69,10.17,0.0,0.0,98.31,561.47,230.38,95.15,94.70,0.9333,13.3900,68.2700,0.0000,0.0000,0.8833,0
787,11:47:07.705,ROI,160,160,192,192,29.36,30.71,21.825,0.0,32.57,561.20,229.33,96.54,93.72,0.9640,14.8100,66.8400,0.0000,0.0000,0.9032,0
788,11:47:07.784,ROI,160,160,224,224,41.85,42.68,0.0,9.15,23.43,562.78,227.14,97.17,94.82,0.9247,11.4300,59.0400,0.0000,0.0000,0.8362,0
789,11:47:07.862,ROI,160,160,224,224,27.21,27.78,10.975,0.0,36.00,562.87,225.99,97.97,95.69,0.9683,10.6400,58.0200,0.0000,0.0000,0.8155,0
790,11:47:07.906,ROI,160,160,224,224,13.15,13.87,0.0,0.0,72.11,564.51,223.95,99.19,92.89,0.9271,11.4200,54.9200,0.0000,0.0000,0.8339,0
791,11:47:08.022,ROI,160,160,224,224,17.89,18.55,0.0,0.0,53.91,566.88,221.50,97.61,89.00,0.9037,13.1000,52.8600,0.0000,0.0000,0.8555,0
792,11:47:08.066,ROI,160,160,224,224,11.44,11.83,0.0,0.0,84.50,567.08,219.15,98.77,89.03,0.9377,12.7300,52.1100,0.0000,0.0000,0.8749,0
793,11:47:08.122,ROI,160,160,224,224,9.44,9.97,0.0,0.0,100.32,569.03,217.53,100.03,87.54,0.9275,14.7400,49.6100,0.0000,0.0000,0.9149,0
794,11:47:08.187,ROI,160,160,224,224,8.37,8.77,0.0,0.0,114.00,570.74,216.34,99.69,86.76,0.9408,14.0900,48.9900,0.0000,0.0000,0.9276,0
795,11:47:08.237,ROI,160,160,224,224,11.80,12.42,9.575,0.0,80.54,573.74,214.08,100.14,84.57,0.8946,13.7500,51.4100,0.0000,0.0000,0.8954,0
796,11:47:08.308,ROI,160,160,224,224,21.56,23.58,13.15,16.575,42.41,575.11,212.78,104.43,86.73,0.9304,17.5000,43.6800,0.0000,0.0000,0.9430,0
797,11:47:08.423,ROI,160,160,224,224,92.30,93.19,4.3,4.2,10.73,577.58,210.84,105.13,84.74,0.9128,14.1200,46.2200,0.0000,0.0000,0.9188,0
798,11:47:08.544,ROI,160,160,224,224,14.52,15.05,0.0,25.975,66.47,578.99,210.49,106.58,86.77,0.9510,15.6500,43.3800,0.0000,0.0000,0.9158,0
799,11:47:08.571,ROI,160,160,224,224,11.10,11.84,0.0,33.025,84.48,583.26,207.52,110.71,84.06,0.8649,15.9000,39.8500,0.0000,0.0000,0.8678,0
800,11:47:08.595,ROI,160,160,224,224,10.95,11.34,0.0,0.0,88.15,582.76,207.98,107.94,85.15,0.9628,15.8300,41.5800,0.0000,0.0000,0.8856,0
801,11:47:08.660,ROI,160,160,224,224,9.48,9.91,0.0,0.0,100.91,586.51,205.43,112.35,83.86,0.8815,19.8700,37.9300,0.0000,0.0000,0.9188,0
802,11:47:08.719,ROI,160,160,256,256,9.10,9.53,0.0,0.0,104.93,589.42,205.74,115.60,82.06,0.9305,16.1900,40.0600,0.0000,0.0000,0.9102,0
803,11:47:08.770,ROI,160,160,256,256,8.95,9.38,0.0,0.0,106.59,592.36,203.61,113.89,81.10,0.9029,16.8800,36.2600,0.0000,0.0000,0.8604,0
804,11:47:08.833,ROI,160,160,256,256,13.97,14.43,0.0,27.075,69.31,593.50,202.25,114.61,81.50,0.9482,18.2900,36.7200,0.0000,0.0000,0.8849,0
805,11:47:08.893,ROI,160,160,256,256,12.51,13.34,0.0,0.0,74.99,595.88,200.88,114.16,79.06,0.9277,16.9900,36.9100,0.0000,0.0000,0.8745,0
806,11:47:08.942,ROI,160,160,256,256,10.87,11.48,0.0,0.0,87.13,597.14,199.63,115.10,79.04,0.9481,17.3400,35.5300,0.0000,0.0000,0.8990,0
807,11:47:09.072,ROI,160,160,256,256,18.06,18.76,0.0,20.825,53.31,601.74,198.15,114.75,76.10,0.8898,17.4100,32.4300,0.0000,0.0000,0.9310,0
808,11:47:09.115,ROI,160,160,256,256,10.54,10.94,0.0,0.0,91.41,603.53,198.26,116.67,77.71,0.9495,17.4300,31.9400,0.0000,0.0000,0.9364,0
809,11:47:09.187,ROI,160,160,256,256,16.28,16.88,0.0,0.0,59.25,604.95,198.26,117.04,76.26,0.9579,17.5900,30.4200,0.0000,0.0000,0.9404,0
810,11:47:09.244,ROI,160,160,256,256,10.78,11.29,0.0,34.6,88.57,608.43,197.22,119.22,76.82,0.9181,16.9400,29.4800,0.0000,0.0000,0.9363,0
811,11:47:09.303,ROI,160,160,256,256,9.80,10.38,0.0,37.65,96.30,609.01,196.17,118.74,76.30,0.9637,17.7300,30.7400,0.0000,0.0000,0.9454,0
812,11:47:09.358,ROI,160,160,256,256,10.02,10.67,0.0,0.0,93.68,613.56,195.58,118.11,77.74,0.9095,16.3000,27.6400,0.0000,0.0000,0.9068,0
813,11:47:09.422,ROI,160,160,256,256,8.71,9.13,7.375,0.0,109.47,615.18,194.87,118.46,77.68,0.9556,16.0200,29.6800,0.0000,0.0000,0.9370,0
814,11:47:09.470,ROI,160,160,256,256,12.03,12.58,0.0,0.0,79.51,616.26,193.74,117.22,77.36,0.9538,16.2400,28.8800,0.0000,0.0000,0.9332,0
815,11:47:09.603,ROI,160,160,256,256,19.98,20.59,3.25,18.975,48.56,621.14,193.45,116.77,78.85,0.9034,14.3300,26.2400,0.0000,0.0000,0.8649,0
816,11:47:09.656,ROI,160,160,256,256,17.17,17.82,11.95,0.0,56.10,624.98,193.37,115.33,77.23,0.9171,14.3700,21.2300,0.0000,0.0000,0.7061,0
817,11:47:09.706,ROI,160,160,256,256,14.45,15.08,0.0,0.0,66.33,626.06,193.13,114.86,78.78,0.9623,14.9600,24.1200,0.0000,0.0000,0.7970,0
818,11:47:09.772,ROI,160,160,256,256,15.46,16.18,0.0,0.0,61.79,629.84,193.19,115.15,78.88,0.9349,13.8100,22.4300,0.0000,0.0000,0.7211,0
819,11:47:09.823,ROI,160,160,256,256,30.62,32.90,0.0,0.0,30.40,632.20,193.22,117.76,79.10,0.9576,14.1900,15.4900,0.0000,0.0000,0.6547,0
820,11:47:09.883,ROI,160,160,256,256,19.34,20.11,14.7,38.875,49.74,635.22,193.42,115.04,78.27,0.9396,14.6800,14.8100,0.0000,0.0000,0.6830,0
821,11:47:10.006,ROI,160,160,256,256,11.72,12.38,0.0,0.0,80.77,638.89,193.43,115.18,79.15,0.9281,17.2500,4.2800,0.0000,0.0000,0.7735,0
822,11:47:10.072,ROI,160,160,256,256,20.95,21.49,0.0,18.175,46.53,640.77,194.18,114.93,78.27,0.9498,17.6600,1.9400,0.0000,0.0000,0.8159,0
823,11:47:10.121,ROI,160,160,256,256,16.02,16.66,0.0,0.0,60.04,643.82,193.89,112.88,79.23,0.9367,17.2300,2.2100,0.0000,0.0000,0.8516,0
824,11:47:10.171,ROI,160,160,256,256,15.91,16.51,0.0,0.0,60.58,645.24,194.71,112.93,80.00,0.9555,18.7500,-3.5000,0.0000,0.0000,0.8877,0
825,11:47:10.238,ROI,160,160,256,256,15.61,16.46,0.0,23.725,60.74,649.37,194.69,111.15,77.52,0.9009,15.6800,3.3600,0.0000,0.0000,0.8615,0
826,11:47:10.307,ROI,160,160,224,224,20.57,21.15,0.0,0.0,47.28,649.66,194.41,111.09,76.85,0.9862,19.3700,-2.9400,0.0000,0.0000,0.8538,0
827,11:47:10.358,ROI,160,160,224,224,22.82,23.49,12.825,0.0,42.56,650.68,194.78,112.03,77.01,0.9723,21.1800,-3.8600,0.0000,0.0000,0.8784,0
828,11:47:10.473,ROI,160,160,256,256,16.50,17.22,0.0,22.675,58.06,656.91,195.58,111.68,79.20,0.8711,19.9600,-4.4400,0.0000,0.0000,0.8971,0
829,11:47:10.522,ROI,160,160,224,224,18.91,19.82,0.0,19.7,50.45,659.15,196.85,113.09,76.99,0.9311,19.9300,-7.6400,0.0000,0.0000,0.8457,0
830,11:47:10.588,ROI,160,160,256,256,23.57,24.43,8.475,0.0,40.94,662.15,196.98,114.16,78.00,0.9364,19.4800,-5.7200,0.0000,0.0000,0.8796,0
831,11:47:10.655,ROI,160,160,256,256,20.55,21.25,9.1,0.0,47.07,666.98,196.75,116.83,78.14,0.9147,21.3600,-6.2300,0.0000,0.0000,0.8742,0
832,11:47:10.706,ROI,160,160,256,256,23.10,23.70,0.0,0.0,42.20,666.50,197.22,115.60,77.17,0.9771,22.1600,-6.4300,0.0000,0.0000,0.9095,0
833,11:47:10.772,ROI,160,160,256,256,19.11,19.75,0.0,19.8,50.63,672.54,197.83,116.02,77.62,0.8872,19.9800,-11.7200,0.0000,0.0000,0.8846,0
834,11:47:10.833,ROI,160,160,256,256,14.86,15.57,0.0,0.0,64.21,673.20,198.34,118.19,77.98,0.9688,21.4700,-11.1000,0.0000,0.0000,0.8906,0
835,11:47:10.903,ROI,160,160,256,256,10.98,11.54,0.0,33.85,86.63,676.47,199.10,115.82,77.73,0.9278,20.7400,-15.3000,0.0000,0.0000,0.9047,0
836,11:47:10.950,ROI,160,160,256,256,11.70,12.17,10.95,0.0,82.18,677.84,199.51,116.40,76.14,0.9571,21.5600,-15.0700,0.0000,0.0000,0.9210,0
837,11:47:11.070,ROI,160,160,256,256,9.35,9.78,0.0,39.975,102.24,683.00,200.42,114.91,78.32,0.8904,19.3500,-20.3900,0.0000,0.0000,0.8838,0
838,11:47:11.120,ROI,160,160,256,256,11.57,12.31,0.0,31.75,81.26,685.58,201.47,117.15,79.57,0.9319,19.5600,-22.9200,1.9800,-13.9600,0.8747,0
839,11:47:11.183,ROI,160,160,256,256,12.72,13.36,0.0,29.3,74.87,686.52,201.64,116.99,80.82,0.9689,19.1000,-22.4000,1.5600,-15.6000,0.8774,0
840,11:47:11.246,ROI,160,160,256,256,11.45,12.04,0.0,32.45,83.08,688.00,203.18,116.29,81.92,0.9393,19.3100,-24.6900,1.6200,-17.0500,0.8424,0
841,11:47:11.294,ROI,160,160,256,256,11.30,11.77,0.0,0.0,84.94,690.05,204.39,114.32,81.36,0.9372,18.4800,-29.1000,0.0000,0.0000,0.9059,0
842,11:47:11.358,ROI,160,160,256,256,13.81,14.73,0.0,0.0,67.90,690.99,205.01,115.49,81.28,0.9690,17.9600,-27.2100,1.4900,-19.0500,0.8955,0
843,11:47:11.419,ROI,160,160,256,256,11.91,12.37,0.0,0.0,80.86,695.49,208.52,111.12,83.10,0.8510,18.1100,-30.5100,0.0000,0.0000,0.8824,0
844,11:47:11.469,ROI,160,160,224,224,8.83,9.40,10.4,0.0,106.40,696.69,208.11,112.63,82.19,0.9681,16.5800,-30.8600,0.0000,0.0000,0.8275,0
845,11:47:11.597,ROI,160,160,256,256,12.00,13.15,3.275,29.725,76.04,700.75,210.61,112.64,83.92,0.8779,18.2500,-35.4200,0.0000,0.0000,0.8069,0
846,11:47:11.650,ROI,160,160,256,256,13.58,14.04,0.0,0.0,71.22,704.30,212.13,113.82,84.05,0.9068,17.0200,-36.3700,0.0000,0.0000,0.7448,0
847,11:47:11.717,ROI,160,160,256,256,16.33,16.85,14.725,23.2,59.36,706.21,213.52,113.49,84.30,0.9361,16.2800,-36.6300,0.0000,0.0000,0.7221,0
848,11:47:11.770,ROI,160,160,256,256,9.10,9.56,0.0,0.0,104.55,710.34,214.98,111.41,86.35,0.8991,18.0800,-41.5000,0.0000,0.0000,0.7066,0
849,11:47:11.832,ROI,160,160,224,224,17.01,17.56,0.0,0.0,56.96,711.79,217.61,110.31,86.93,0.9174,16.7300,-44.4700,0.0000,0.0000,0.7433,0
850,11:47:11.883,ROI,160,160,224,224,19.32,20.01,0.0,19.55,49.98,713.91,218.06,108.98,89.46,0.9355,16.2300,-48.3500,0.0000,0.0000,0.6479,0
851,11:47:12.002,ROI,160,160,224,224,17.16,17.66,0.0,0.0,56.64,717.66,219.12,102.21,88.37,0.9099,17.6200,-52.1600,0.0000,0.0000,0.6881,0
852,11:47:12.070,ROI,160,160,224,224,10.80,11.36,0.0,0.0,88.05,719.04,221.25,104.62,87.88,0.9282,18.6800,-52.9200,0.0000,0.0000,0.7331,0
853,11:47:12.122,ROI,160,160,224,224,13.26,13.98,0.0,27.95,71.52,720.41,223.16,102.06,89.08,0.9335,20.0900,-57.2900,0.0000,0.0000,0.8036,0
854,11:47:12.171,ROI,160,160,224,224,19.22,19.63,0.0,0.0,50.94,723.32,224.33,99.93,88.98,0.9202,20.5100,-59.2200,0.0000,0.0000,0.8087,0
855,11:47:12.237,ROI,160,160,224,224,10.78,11.26,0.0,0.0,88.77,725.28,226.34,98.63,91.59,0.9203,20.4500,-61.1900,0.0000,0.0000,0.8210,0
856,11:47:12.303,ROI,160,160,224,224,8.42,8.84,7.125,44.225,113.16,728.23,226.24,98.77,90.08,0.9268,21.7300,-62.6600,0.0000,0.0000,0.7820,0
857,11:47:12.352,ROI,160,160,224,224,8.78,9.61,0.0,40.675,104.01,725.97,227.67,97.36,90.37,0.9258,21.1900,-64.6300,0.0000,0.0000,0.7932,0
858,11:47:12.487,ROI,160,160,224,224,18.97,19.47,3.125,20.075,51.36,730.94,231.41,94.04,93.02,0.8342,21.0300,-65.5500,0.0000,0.0000,0.8205,0
859,11:47:12.522,ROI,160,160,192,192,9.08,9.51,0.0,0.0,105.12,732.28,232.07,90.97,92.89,0.9540,20.3000,-66.7500,0.0000,0.0000,0.8083,0
860,11:47:12.586,ROI,160,160,192,192,12.47,13.04,0.0,29.975,76.69,734.22,233.32,93.12,94.18,0.9338,19.8700,-68.6500,0.0000,0.0000,0.8210,0
861,11:47:12.655,ROI,160,160,192,192,12.45,13.07,6.975,29.925,76.53,736.20,235.89,93.02,94.91,0.9087,19.3100,-71.5100,0.0000,0.0000,0.7860,0
862,11:47:12.702,ROI,160,160,192,192,9.05,9.67,0.0,0.0,103.40,737.01,237.90,92.95,95.30,0.9423,18.5700,-70.1900,0.0000,0.0000,0.7830,0
863,11:47:12.770,ROI,160,160,192,192,12.34,12.84,0.0,30.425,77.89,739.40,241.00,93.67,97.13,0.8922,19.1400,-68.8900,0.0000,0.0000,0.7822,0
864,11:47:12.840,ROI,160,160,224,224,21.46,22.38,0.0,34.925,44.68,740.50,242.34,95.14,100.84,0.9412,20.0500,-75.1200,0.0000,0.0000,0.8332,0
865,11:47:12.891,ROI,160,160,224,224,18.35,18.98,0.0,0.0,52.69,741.86,245.25,96.70,102.30,0.9184,19.2700,-75.7800,0.0000,0.0000,0.8304,0
866,11:47:13.012,ROI,160,160,224,224,29.75,30.38,0.0,0.0,32.92,743.98,249.19,97.73,103.59,0.8881,19.5800,-77.1600,0.0000,0.0000,0.8338,0
867,11:47:13.074,ROI,160,160,224,224,32.61,33.36,0.0,11.7,29.98,743.92,251.18,95.79,102.77,0.9431,18.6200,-75.0200,0.0000,0.0000,0.8532,0
868,11:47:13.137,ROI,160,160,224,224,9.67,10.21,13.175,38.275,97.92,745.34,253.18,91.64,102.83,0.9210,18.1700,-76.9000,0.0000,0.0000,0.8332,0
869,11:47:13.183,ROI,160,160,224,224,21.57,22.16,0.0,17.625,45.12,748.19,254.54,89.35,103.38,0.9153,18.1000,-75.7200,0.0000,0.0000,0.8270,0
870,11:47:13.239,ROI,160,160,224,224,24.45,25.10,0.0,0.0,39.85,746.39,254.78,91.04,101.11,0.9403,17.4900,-79.1100,0.0000,0.0000,0.8186,0
871,11:47:13.291,ROI,160,160,224,224,18.13,18.77,0.0,0.0,53.28,749.95,256.77,87.25,101.26,0.8890,18.2900,-78.9500,0.0000,0.0000,0.8114,0
872,11:47:13.355,ROI,160,160,224,224,58.57,59.27,0.0,26.35,16.87,748.55,257.93,88.51,103.15,0.9472,17.8200,-77.6400,0.0000,0.0000,0.8057,0
873,11:47:13.444,ROI,160,160,224,224,29.26,29.96,0.0,39.125,33.37,751.61,259.06,84.99,101.71,0.9120,17.1900,-79.9900,0.0000,0.0000,0.8170,0
874,11:47:13.534,ROI,160,160,224,224,18.61,20.86,0.0,0.0,47.93,750.61,263.79,82.64,103.81,0.8881,16.2200,-86.2100,0.0000,0.0000,0.8436,0
875,11:47:13.589,ROI,160,160,224,224,37.29,37.92,46.775,10.3,26.37,753.12,264.68,80.63,104.08,0.9247,15.6600,-84.5500,0.0000,0.0000,0.8649,0
876,11:47:13.653,ROI,160,160,224,224,20.40,20.93,14.725,18.675,47.78,751.77,267.47,79.95,102.12,0.9166,16.3500,-87.1700,0.0000,0.0000,0.8509,0
877,11:47:13.709,ROI,160,160,224,224,11.44,11.89,11.05,0.0,84.13,752.05,268.93,85.04,103.94,0.9142,15.0400,-88.8300,0.0000,0.0000,0.8966,0
878,11:47:13.757,ROI,160,160,224,224,16.61,17.08,0.0,0.0,58.56,751.27,272.30,82.95,105.07,0.9154,16.8000,-88.9300,0.0000,0.0000,0.8616,0
879,11:47:13.821,ROI,160,160,224,224,10.57,11.20,0.0,0.0,89.30,751.15,273.13,82.87,100.80,0.9567,14.1400,-86.2500,0.0000,0.0000,0.8523,0
880,11:47:13.885,ROI,160,160,224,224,9.60,10.22,0.0,38.275,97.88,751.52,276.42,82.22,102.66,0.9296,15.3600,-88.4300,0.0000,0.0000,0.8400,0
881,11:47:13.999,ROI,160,160,224,224,10.41,10.83,0.0,0.0,92.31,751.70,279.63,83.89,103.39,0.9214,16.2500,-91.4900,0.0000,0.0000,0.8190,0
882,11:47:14.071,ROI,160,160,224,224,10.41,10.85,0.0,0.0,92.19,752.41,282.67,80.58,100.34,0.9054,16.2300,-92.6300,0.0000,0.0000,0.8274,0
883,11:47:14.106,ROI,160,160,224,224,17.79,18.46,0.0,0.0,54.18,751.15,284.45,82.49,102.09,0.9361,15.6000,-91.1900,0.0000,0.0000,0.7929,0
884,11:47:14.172,ROI,160,160,224,224,11.40,12.05,0.0,0.0,82.96,750.54,285.96,82.84,102.09,0.9569,15.9900,-92.1100,0.0000,0.0000,0.7988,0
885,11:47:14.237,ROI,160,160,224,224,16.73,17.64,0.0,0.0,56.68,750.31,288.37,83.75,101.56,0.9436,16.7600,-91.3100,0.0000,0.0000,0.8137,0
886,11:47:14.286,ROI,160,160,224,224,9.02,9.52,12.525,0.0,104.99,750.53,292.76,81.86,102.38,0.8977,17.7800,-93.3200,0.0000,0.0000,0.8333,0
887,11:47:14.419,ROI,160,160,224,224,10.25,10.90,3.175,36.1,91.78,749.31,296.77,83.06,99.58,0.8978,17.3000,-94.8300,0.0000,0.0000,0.8300,0
888,11:47:14.466,ROI,160,160,224,224,16.23,17.21,0.0,0.0,58.11,748.40,298.13,84.25,99.96,0.9524,17.2700,-96.5400,0.0000,0.0000,0.8350,0
889,11:47:14.522,ROI,160,160,224,224,10.52,10.97,0.0,35.625,91.15,748.24,298.78,83.08,99.36,0.9732,15.4200,-101.6800,0.0000,0.0000,0.8516,0
890,11:47:14.587,ROI,160,160,224,224,9.14,9.55,0.0,40.9,104.71,746.84,299.65,83.66,101.35,0.9482,15.2600,-102.0300,0.0000,0.0000,0.8498,0
891,11:47:14.640,ROI,160,160,224,224,9.13,9.50,0.0,0.0,105.22,745.68,300.96,84.77,101.44,0.9484,14.3300,-106.8700,0.0000,0.0000,0.8285,0
892,11:47:14.703,ROI,160,160,224,224,10.58,11.10,0.0,0.0,90.12,744.65,302.00,87.32,102.12,0.9513,14.4800,-107.7800,0.0000,0.0000,0.8379,0
893,11:47:14.761,ROI,160,160,224,224,22.69,23.31,0.0,16.45,42.90,743.33,304.69,85.68,101.28,0.9206,12.8000,-110.3800,0.0000,0.0000,0.8603,0
894,11:47:14.811,ROI,160,160,224,224,12.81,13.21,0.0,0.0,75.68,743.11,305.96,85.57,99.44,0.9701,13.4700,-109.4300,0.0000,0.0000,0.8623,0
895,11:47:14.939,ROI,160,160,224,224,13.71,14.33,0.0,27.275,69.80,741.43,309.24,86.76,100.59,0.9017,13.8900,-114.2500,0.0000,0.0000,0.8741,0
896,11:47:14.988,ROI,160,160,224,224,9.94,10.42,0.0,0.0,95.95,739.54,313.13,89.05,104.31,0.8889,12.6200,-115.7800,0.0000,0.0000,0.8610,0
897,11:47:15.055,ROI,160,160,224,224,10.18,10.59,0.0,36.9,94.45,737.59,315.74,92.01,106.48,0.9119,14.2400,-117.8000,0.0000,0.0000,0.8839,0
898,11:47:15.105,ROI,160,160,224,224,21.06,21.92,0.0,0.0,45.62,736.26,315.78,93.32,107.66,0.9612,15.1400,-118.8700,0.0000,0.0000,0.8702,0
899,11:47:15.171,ROI,160,160,224,224,8.86,9.25,0.0,0.0,108.06,734.95,317.79,91.90,102.72,0.9278,15.0700,-120.2100,0.0000,0.0000,0.8688,0
900,11:47:15.236,ROI,160,160,224,224,9.48,10.23,0.0,0.0,97.71,733.26,318.83,94.08,100.55,0.9445,16.2300,-120.1200,0.0000,0.0000,0.8759,0
901,11:47:15.297,ROI,160,160,224,224,14.56,14.98,0.0,0.0,66.74,729.93,321.40,96.39,99.30,0.8874,16.2500,-120.4500,0.0000,0.0000,0.8616,0
902,11:47:15.339,ROI,160,160,224,224,14.86,15.46,0.0,25.275,64.68,731.02,322.46,96.78,98.73,0.9575,14.6100,-123.3700,0.0000,0.0000,0.8479,0
903,11:47:15.455,ROI,160,160,224,224,14.22,14.99,0.0,0.0,66.70,728.90,324.35,98.64,97.61,0.9222,14.2900,-124.2100,0.0000,0.0000,0.8135,0
904,11:47:15.518,ROI,160,160,224,224,17.21,17.82,0.0,0.0,56.12,729.37,325.92,99.62,96.84,0.9590,15.8600,-125.9400,0.0000,0.0000,0.8120,0
905,11:47:15.583,ROI,160,160,224,224,9.64,10.06,0.0,38.825,99.38,726.93,326.72,104.48,97.48,0.9378,15.6500,-127.6500,0.0000,0.0000,0.7778,0
906,11:47:15.632,ROI,160,160,224,224,13.27,13.87,0.0,0.0,72.12,724.56,329.23,105.01,95.06,0.9082,15.0800,-130.0500,0.0000,0.0000,0.7776,0
907,11:47:15.702,ROI,160,160,224,224,8.86,9.29,0.0,0.0,107.62,724.63,329.42,110.54,96.36,0.9371,15.1900,-129.3300,0.0000,0.0000,0.8227,0
908,11:47:15.764,ROI,160,160,224,224,10.55,11.22,0.0,34.85,89.14,722.74,330.40,111.78,93.77,0.9411,15.1900,-130.0600,0.0000,0.0000,0.8146,0
909,11:47:15.813,ROI,160,160,224,224,15.19,15.83,10.35,24.675,63.17,719.06,334.24,112.07,95.12,0.8653,15.7100,-132.4500,0.0000,0.0000,0.8223,0
910,11:47:15.932,ROI,160,160,256,256,12.36,12.90,0.0,30.3,77.50,713.77,336.85,118.66,91.62,0.8657,16.3900,-141.1000,0.0000,0.0000,0.7794,0
911,11:47:15.980,ROI,160,160,256,256,10.37,10.90,0.0,0.0,91.71,715.27,337.47,116.53,90.66,0.9616,11.7300,-142.7000,0.0000,0.0000,0.7218,0
912,11:47:16.044,ROI,160,160,256,256,11.01,11.42,0.0,34.225,87.57,711.10,338.31,120.80,90.10,0.9155,15.6800,-147.2500,0.0000,0.0000,0.8347,0
913,11:47:16.108,ROI,160,160,256,256,8.52,8.92,0.0,0.0,112.11,709.11,341.33,122.58,90.51,0.9063,12.1800,-149.3900,0.0000,0.0000,0.7658,0
914,11:47:16.157,ROI,160,160,256,256,10.38,11.12,0.0,0.0,89.89,705.78,343.75,125.14,92.48,0.8998,11.3100,-153.8600,0.0000,0.0000,0.6869,0
915,11:47:16.220,ROI,160,160,256,256,12.77,13.38,0.0,0.0,74.76,704.71,344.71,126.10,89.31,0.9498,10.1500,-153.1800,0.0000,0.0000,0.7091,0
916,11:47:16.284,ROI,160,160,256,256,8.94,9.34,0.0,0.0,107.04,700.35,347.58,130.99,90.78,0.8782,10.5300,-156.7600,0.0000,0.0000,0.7195,0
917,11:47:16.402,ROI,160,160,288,288,7.89,8.30,0.0,47.075,120.49,697.95,348.69,126.67,91.08,0.9406,12.3400,-157.1300,0.0000,0.0000,0.7377,0
918,11:47:16.465,ROI,160,160,256,256,9.77,10.19,0.0,38.325,98.09,696.30,347.79,129.65,92.48,0.9557,11.6400,-158.9700,0.0000,0.0000,0.8174,0
919,11:47:16.513,ROI,160,160,288,288,9.57,10.17,10.2,38.425,98.32,695.05,350.74,129.37,93.29,0.9210,12.5700,-160.7200,0.0000,0.0000,0.7695,0
920,11:47:16.578,ROI,160,160,288,288,14.28,15.15,7.2,0.0,66.00,691.69,351.35,130.00,91.60,0.9328,11.5000,-164.4400,0.0000,0.0000,0.7707,0
921,11:47:16.644,ROI,160,160,288,288,14.26,14.84,0.0,0.0,67.39,688.64,350.89,129.28,89.44,0.9320,13.5500,-161.0300,0.0000,0.0000,0.7626,0
922,11:47:16.687,ROI,160,160,288,288,9.47,9.99,0.0,0.0,100.09,686.94,351.75,129.47,89.96,0.9559,10.6800,-167.6800,0.0000,0.0000,0.8192,0
923,11:47:16.819,ROI,160,160,288,288,9.84,10.57,3.2,36.975,94.60,682.92,353.12,128.54,89.01,0.9119,9.0200,-170.5500,0.0000,0.0000,0.7948,0
924,11:47:16.869,ROI,160,160,288,288,9.09,9.53,0.0,41.0,104.97,679.23,352.06,129.19,93.44,0.9006,9.2500,-169.9300,0.0000,0.0000,0.8089,0
925,11:47:16.920,ROI,160,160,288,288,8.08,8.54,0.0,0.0,117.11,676.28,353.28,128.14,93.15,0.9312,8.2100,-169.9500,0.0000,0.0000,0.7833,0
926,11:47:16.988,ROI,160,160,288,288,8.87,9.30,0.0,0.0,107.52,674.20,354.33,129.65,91.08,0.9468,8.4800,-171.6500,0.0000,0.0000,0.7676,0
927,11:47:17.037,ROI,160,160,288,288,8.85,9.29,0.0,0.0,107.60,670.00,355.71,130.52,90.31,0.9103,8.5800,-171.8900,0.0000,0.0000,0.7209,0
928,11:47:17.102,ROI,160,160,288,288,9.90,10.53,6.925,37.1,94.93,668.87,353.02,130.63,91.01,0.9265,10.4500,-174.6700,0.0000,0.0000,0.7961,0
929,11:47:17.170,ROI,160,160,288,288,8.53,9.02,0.0,0.0,110.90,664.49,353.94,129.76,90.47,0.9169,10.8400,-174.0200,0.0000,0.0000,0.7842,0
930,11:47:17.220,ROI,160,160,288,288,10.41,11.12,0.0,0.0,89.95,662.83,353.38,129.26,89.28,0.9620,11.2800,-172.6800,0.0000,0.0000,0.8434,0
931,11:47:17.338,ROI,160,160,288,288,19.33,19.94,3.65,19.6,50.16,657.18,353.09,128.07,88.27,0.9059,14.0900,178.7300,0.0000,0.0000,0.8673,0
932,11:47:17.388,ROI,160,160,288,288,12.42,12.98,0.0,30.1,77.01,654.59,352.80,127.49,87.95,0.9542,13.4800,-178.7600,0.0000,0.0000,0.8334,0
933,11:47:17.454,ROI,160,160,256,256,8.68,9.09,0.0,0.0,110.03,651.06,353.49,129.65,90.53,0.9200,13.7500,-178.6900,0.0000,0.0000,0.8491,0
934,11:47:17.504,ROI,160,160,288,288,10.10,10.69,0.0,0.0,93.57,648.25,351.88,130.79,90.40,0.9251,13.1800,179.7700,0.0000,0.0000,0.8478,0
935,11:47:17.573,ROI,160,160,288,288,53.34,54.20,0.0,7.2,18.45,645.35,351.49,129.19,91.78,0.9424,13.9700,173.3500,0.0000,0.0000,0.8688,0
936,11:47:17.654,ROI,160,160,288,288,19.53,20.17,0.0,19.375,49.57,643.79,351.70,130.19,93.53,0.9581,13.1400,172.6200,0.0000,0.0000,0.8735,0
937,11:47:17.699,ROI,160,160,288,288,29.53,30.32,0.0,0.0,32.98,638.95,350.39,128.92,92.25,0.9029,15.5000,170.8000,0.0000,0.0000,0.8961,0
938,11:47:17.753,ROI,160,160,288,288,27.93,28.47,16.4,13.725,35.13,637.62,350.52,129.83,92.68,0.9751,13.3700,172.2300,0.0000,0.0000,0.8705,0
939,11:47:17.875,ROI,160,160,288,288,41.99,42.92,0.0,0.0,23.30,629.64,349.95,133.36,93.96,0.8741,15.1800,169.7800,0.0000,0.0000,0.8643,0
940,11:47:17.958,ROI,160,160,288,288,21.97,22.73,0.0,0.0,44.00,628.26,349.04,130.84,93.98,0.9608,14.7300,168.6000,0.0000,0.0000,0.8982,0
941,11:47:18.006,ROI,160,160,288,288,16.14,16.64,0.0,23.475,60.09,626.85,347.94,128.23,93.44,0.9559,14.8100,167.7500,0.0000,0.0000,0.8918,0
942,11:47:18.042,ROI,160,160,288,288,12.76,13.28,0.0,29.425,75.30,623.39,346.80,127.89,94.41,0.9254,16.6900,165.0700,0.0000,0.0000,0.8497,0
943,11:47:18.095,ROI,160,160,256,256,21.96,22.62,0.0,17.275,44.22,621.56,346.80,126.37,93.28,0.9601,14.2100,168.9100,0.0000,0.0000,0.8501,0
944,11:47:18.163,ROI,160,160,256,256,24.49,25.19,8.55,15.525,39.71,617.88,345.63,124.69,93.09,0.9203,16.2500,163.4800,0.0000,0.0000,0.7609,0
945,11:47:18.226,ROI,160,160,256,256,77.45,78.51,10.375,4.975,12.74,616.46,344.87,124.85,94.50,0.9619,16.2100,166.9000,0.0000,0.0000,0.8254,0
946,11:47:18.349,ROI,160,160,256,256,26.34,27.02,17.375,0.0,37.01,614.82,342.80,125.02,94.18,0.9327,16.1500,159.1100,0.0000,0.0000,0.8554,0
947,11:47:18.397,ROI,160,160,256,256,17.34,17.91,0.0,0.0,55.85,608.18,340.74,124.37,90.53,0.8614,16.9500,159.7200,0.0000,0.0000,0.7860,0
948,11:47:18.444,ROI,160,160,256,256,20.69,21.49,0.0,18.2,46.54,603.07,338.30,129.68,90.45,0.8762,15.1900,162.2100,0.0000,0.0000,0.7401,0
949,11:47:18.510,ROI,160,160,288,288,12.47,13.14,0.0,29.75,76.13,603.05,338.86,125.77,93.04,0.9436,15.0500,151.1100,0.0000,0.0000,0.9216,0
950,11:47:18.611,ROI,160,160,256,256,147.80,148.49,4.45,5.25,6.73,598.97,336.46,125.79,94.50,0.8917,14.2300,154.1700,0.0000,0.0000,0.8696,0
951,11:47:18.837,ROI,160,160,256,256,20.87,21.67,5.075,18.05,46.15,595.07,335.46,129.63,95.49,0.9215,15.5600,155.1800,0.0000,0.0000,0.8625,0
952,11:47:18.920,ROI,160,160,288,288,9.08,9.63,6.275,0.0,103.88,593.29,333.36,127.01,96.21,0.9316,15.0400,144.6800,0.0000,0.0000,0.8682,0
953,11:47:18.952,ROI,160,160,256,256,9.69,10.38,0.0,0.0,96.33,587.99,330.44,127.58,97.25,0.8681,15.5700,142.9800,0.0000,0.0000,0.8619,0
954,11:47:18.983,ROI,160,160,256,256,9.82,10.26,0.0,0.0,97.45,586.63,329.89,125.84,98.54,0.9661,16.5300,141.9200,0.0000,0.0000,0.8481,0
955,11:47:19.015,ROI,160,160,256,256,9.94,10.36,0.0,0.0,96.49,582.29,327.02,126.62,99.04,0.8824,14.2300,142.3900,0.0000,0.0000,0.8247,0
956,11:47:19.047,ROI,160,160,256,256,10.12,10.54,17.875,0.0,94.89,582.22,326.39,122.27,99.01,0.9537,16.9500,138.0100,0.0000,0.0000,0.8648,0
957,11:47:19.081,ROI,160,160,256,256,15.29,15.94,0.0,0.0,62.74,579.62,325.12,122.93,99.84,0.9346,16.0000,139.0900,0.0000,0.0000,0.8410,0
958,11:47:19.119,ROI,160,160,256,256,11.17,11.85,0.0,33.0,84.42,578.12,323.10,121.30,102.11,0.9380,16.4700,137.4800,0.0000,0.0000,0.8614,0
959,11:47:19.154,ROI,160,160,256,256,9.13,9.59,0.0,40.75,104.32,576.46,322.63,119.66,102.43,0.9642,17.9600,133.5400,0.0000,0.0000,0.9083,0
960,11:47:19.286,ROI,160,160,256,256,10.45,10.94,0.0,35.75,91.45,572.74,318.86,115.25,103.78,0.8744,16.5000,128.3200,0.0000,0.0000,0.8487,0
961,11:47:19.322,ROI,160,160,256,256,11.51,11.97,0.0,32.65,83.56,571.46,317.34,109.14,104.08,0.9204,18.4800,121.2100,0.0000,0.0000,0.9251,0
962,11:47:19.391,ROI,160,160,224,224,9.20,9.60,0.0,0.0,104.15,568.51,315.84,107.11,101.72,0.9201,16.5400,119.8900,0.0000,0.0000,0.8934,0
963,11:47:19.448,ROI,160,160,224,224,8.60,8.99,0.0,43.45,111.21,566.01,312.83,104.59,102.96,0.9008,16.3300,117.5900,0.0000,0.0000,0.9071,0
964,11:47:19.496,ROI,160,160,224,224,9.01,9.45,0.0,41.325,105.78,565.29,311.78,102.00,101.75,0.9555,16.1900,118.0700,0.0000,0.0000,0.8785,0
965,11:47:19.575,ROI,160,160,224,224,8.90,9.29,0.0,42.075,107.70,564.23,310.24,102.02,102.65,0.9509,16.0500,116.8900,0.0000,0.0000,0.9186,0
966,11:47:19.635,ROI,160,160,224,224,8.28,8.72,0.0,44.825,114.69,562.77,308.99,100.07,102.69,0.9484,15.2400,114.8800,0.0000,0.0000,0.8847,0
967,11:47:19.683,ROI,160,160,224,224,8.04,8.43,0.0,0.0,118.60,559.24,305.72,97.37,103.73,0.8757,15.1800,110.6000,0.0000,0.0000,0.8708,0
968,11:47:19.810,ROI,160,160,224,224,8.34,8.75,0.0,0.0,114.32,556.13,301.35,94.78,101.93,0.8628,16.1400,106.2300,0.0000,0.0000,0.9089,0
969,11:47:19.858,ROI,160,160,224,224,9.53,10.01,0.0,39.05,99.94,554.63,299.96,96.66,103.84,0.9436,17.1600,104.6800,0.0000,0.0000,0.9250,0
970,11:47:19.919,ROI,160,160,224,224,12.28,12.71,0.0,30.75,78.68,553.75,298.26,94.67,103.11,0.9479,17.9600,105.1200,0.0000,0.0000,0.9178,0
971,11:47:19.985,ROI,160,160,224,224,8.60,8.99,0.0,0.0,111.25,553.62,297.43,93.20,102.03,0.9687,17.3700,103.7200,0.0000,0.0000,0.9020,0
972,11:47:20.033,ROI,160,160,224,224,8.38,8.77,0.0,0.0,113.99,552.44,295.18,91.46,101.54,0.9332,16.2700,103.0500,0.0000,0.0000,0.8962,0
973,11:47:20.100,ROI,160,160,224,224,8.23,8.61,0.0,0.0,116.08,550.43,293.49,91.64,101.37,0.9263,15.9700,102.4500,0.0000,0.0000,0.8699,0
974,11:47:20.152,ROI,160,160,224,224,9.39,9.80,0.0,39.875,102.08,549.71,291.98,92.86,101.08,0.9557,15.7000,100.4400,0.0000,0.0000,0.8863,0
975,11:47:20.200,ROI,160,160,224,224,9.04,9.45,0.0,0.0,105.85,549.42,289.11,90.92,101.99,0.9259,15.4000,99.2600,0.0000,0.0000,0.8967,0
976,11:47:20.342,ROI,160,160,224,224,8.11,8.51,0.0,0.0,117.48,547.25,285.44,92.92,100.06,0.8887,13.3400,95.5700,0.0000,0.0000,0.9134,0
977,11:47:20.390,ROI,160,160,224,224,8.94,9.41,9.875,0.0,106.27,548.30,284.69,93.18,103.18,0.9483,15.8600,96.6800,0.0000,0.0000,0.9314,0
978,11:47:20.452,ROI,160,160,224,224,8.15,8.67,0.0,0.0,115.33,547.86,281.21,86.80,99.95,0.8709,15.0800,96.1600,0.0000,0.0000,0.9398,0
979,11:47:20.517,ROI,160,160,224,224,9.56,9.95,0.0,0.0,100.47,547.74,279.45,92.13,102.90,0.9100,15.8700,96.4100,0.0000,0.0000,0.9478,0
980,11:47:20.565,ROI,160,160,224,224,9.79,10.20,10.225,38.3,98.01,548.30,277.61,92.11,102.02,0.9534,14.2000,95.6000,0.0000,0.0000,0.9270,0
981,11:47:20.619,ROI,160,160,224,224,8.87,9.26,0.0,42.2,108.00,549.12,276.54,94.32,103.38,0.9564,13.8800,95.3700,0.0000,0.0000,0.9167,0
982,11:47:20.686,ROI,160,160,224,224,8.51,8.89,0.0,43.975,112.51,547.45,274.10,93.23,101.60,0.9207,13.2500,93.0800,0.0000,0.0000,0.9231,0
983,11:47:20.796,ROI,160,160,224,224,8.33,8.75,3.85,0.0,114.25,547.14,271.20,87.12,101.47,0.8843,15.1900,91.4600,0.0000,0.0000,0.9546,0
984,11:47:20.859,ROI,160,160,224,224,8.77,9.14,7.2,0.0,109.37,547.03,269.57,89.53,102.00,0.9428,14.0600,90.3400,0.0000,0.0000,0.9319,0
985,11:47:20.907,ROI,160,160,224,224,8.23,8.61,9.95,0.0,116.17,547.14,267.98,87.47,102.48,0.9474,14.0500,89.8600,0.0000,0.0000,0.9267,0
986,11:47:20.968,ROI,160,160,224,224,8.25,8.71,7.55,0.0,114.87,546.58,266.44,87.29,101.32,0.9581,14.0900,88.9600,0.0000,0.0000,0.9271,0
987,11:47:21.033,ROI,160,160,224,224,8.42,8.80,0.0,0.0,113.64,547.75,264.21,87.19,102.55,0.9323,12.5600,88.1700,0.0000,0.0000,0.9046,0
988,11:47:21.080,ROI,160,160,224,224,10.52,11.13,0.0,0.0,89.82,546.86,260.70,88.16,101.09,0.9152,12.6600,86.6100,0.0000,0.0000,0.9071,0
989,11:47:21.215,ROI,160,160,224,224,8.93,9.32,0.0,41.95,107.35,548.24,255.69,84.91,96.68,0.8712,13.9000,82.9100,0.0000,0.0000,0.8690,0
990,11:47:21.263,ROI,160,160,224,224,10.54,10.96,0.0,35.65,91.25,546.04,254.89,89.14,98.91,0.9293,15.4400,78.3800,0.0000,0.0000,0.9307,0
991,11:47:21.330,ROI,160,160,224,224,13.62,14.05,0.0,0.0,71.18,549.46,250.89,89.57,96.60,0.8561,13.4100,78.7900,0.0000,0.0000,0.9085,0
992,11:47:21.387,ROI,160,160,224,224,12.57,13.37,0.0,0.0,74.80,548.71,251.16,88.62,97.09,0.9779,17.6900,77.7900,0.0000,0.0000,0.9486,0
993,11:47:21.437,ROI,160,160,224,224,9.51,10.02,0.0,0.0,99.82,551.61,248.61,89.92,96.32,0.8902,15.3200,73.9400,0.0000,0.0000,0.9262,0
994,11:47:21.502,ROI,160,160,224,224,9.28,9.79,0.0,0.0,102.16,552.44,247.27,89.12,95.17,0.9548,15.8500,73.7300,0.0000,0.0000,0.9291,0
995,11:47:21.569,ROI,160,160,192,192,9.50,9.90,6.85,39.475,101.03,552.70,243.82,93.71,96.55,0.8862,14.4800,73.6700,0.0000,0.0000,0.8748,0
996,11:47:21.620,ROI,160,160,224,224,9.40,9.79,0.0,39.925,102.18,554.69,242.44,92.18,96.43,0.9316,14.5400,72.2300,0.0000,0.0000,0.9193,0
997,11:47:21.737,ROI,160,160,224,224,10.86,11.32,0.0,0.0,88.37,557.39,237.51,93.45,97.72,0.8545,12.8100,72.1600,0.0000,0.0000,0.8953,0
998,11:47:21.784,ROI,160,160,224,224,10.02,10.48,0.0,0.0,95.41,558.04,235.47,95.45,98.67,0.9396,14.7100,68.8200,0.0000,0.0000,0.8807,0
999,11:47:21.848,ROI,160,160,224,224,8.90,9.37,0.0,0.0,106.73,558.84,234.31,96.14,97.64,0.9606,14.0100,69.2700,0.0000,0.0000,0.8672,0
1000,11:47:21.913,ROI,160,160,224,224,10.25,10.74,0.0,0.0,93.07,559.46,233.15,96.26,96.94,0.9640,13.7800,67.7300,0.0000,0.0000,0.8602,0
1001,11:47:21.975,ROI,160,160,224,224,8.57,8.92,0.0,0.0,112.10,560.75,231.00,96.68,95.34,0.9315,13.6200,62.4300,0.0000,0.0000,0.8592,0
1002,11:47:22.036,ROI,160,160,224,224,8.38,8.78,0.0,44.475,113.85,561.33,229.48,97.36,96.03,0.9574,12.0300,64.5600,0.0000,0.0000,0.8503,0
1003,11:47:22.092,ROI,160,160,224,224,9.22,9.84,0.0,0.0,101.67,562.81,227.22,96.92,94.58,0.9257,11.2700,58.6800,0.0000,0.0000,0.8286,0
1004,11:47:22.137,ROI,160,160,224,224,8.85,9.21,0.0,0.0,108.52,562.87,226.17,97.80,95.51,0.9694,10.9000,58.6400,0.0000,0.0000,0.8315,0
1005,11:47:22.280,ROI,160,160,224,224,8.71,9.22,0.0,0.0,108.48,565.04,223.56,99.06,92.39,0.9064,11.2700,50.7000,0.0000,0.0000,0.8278,0
1006,11:47:22.327,ROI,160,160,224,224,8.41,8.80,0.0,0.0,113.69,566.72,220.90,98.77,89.64,0.9124,13.0500,53.6300,0.0000,0.0000,0.8565,0
1007,11:47:22.390,ROI,160,160,224,224,8.89,9.30,14.35,0.0,107.55,567.19,219.13,98.50,88.52,0.9522,13.2800,51.6800,0.0000,0.0000,0.8810,0
1008,11:47:22.454,ROI,160,160,224,224,9.56,9.97,0.0,0.0,100.33,569.04,218.31,100.23,87.93,0.9460,15.1000,48.8600,0.0000,0.0000,0.9238,0
1009,11:47:22.503,ROI,160,160,224,224,10.32,10.84,10.1,0.0,92.24,570.65,216.64,100.16,86.84,0.9326,14.9100,50.0200,0.0000,0.0000,0.9174,0
1010,11:47:22.562,ROI,160,160,224,224,10.91,11.30,0.0,0.0,88.48,573.63,214.22,100.00,84.10,0.8918,13.8300,50.0900,0.0000,0.0000,0.9105,0
1011,11:47:22.620,ROI,160,160,224,224,8.50,8.93,8.35,43.775,112.00,575.16,212.85,104.26,85.96,0.9290,17.6900,43.5500,0.0000,0.0000,0.9416,0
1012,11:47:22.666,ROI,160,160,224,224,9.46,9.86,10.375,39.625,101.46,575.70,211.96,102.66,84.99,0.9644,14.4500,46.4500,0.0000,0.0000,0.9178,0
1013,11:47:22.797,ROI,160,160,224,224,9.08,9.52,3.225,0.0,105.05,580.99,210.17,108.35,84.77,0.8690,13.1300,44.2700,0.0000,0.0000,0.9140,0
1014,11:47:22.844,ROI,160,160,224,224,9.54,10.09,0.0,0.0,99.16,582.93,208.14,108.96,84.20,0.9204,14.7800,42.6000,0.0000,0.0000,0.8963,0
1015,11:47:22.908,ROI,160,160,224,224,8.67,9.03,0.0,0.0,110.77,583.67,207.34,109.48,82.71,0.9681,16.6000,41.2700,0.0000,0.0000,0.9143,0
1016,11:47:22.971,ROI,160,160,224,224,8.97,9.39,7.25,0.0,106.51,587.19,206.10,115.04,84.45,0.9121,20.4600,37.5100,0.0000,0.0000,0.9349,0
1017,11:47:23.019,ROI,160,160,256,256,8.83,9.34,10.125,0.0,107.10,589.06,206.10,115.28,84.45,0.9677,16.3700,40.2700,0.0000,0.0000,0.9093,0
1018,11:47:23.084,ROI,160,160,256,256,11.25,11.95,6.975,0.0,83.71,592.36,203.36,114.96,84.58,0.8867,15.5700,38.4100,0.0000,0.0000,0.8651,0
1019,11:47:23.202,ROI,160,160,256,256,9.91,10.51,0.0,0.0,95.16,596.00,200.70,114.45,79.06,0.8789,18.6700,35.1900,0.0000,0.0000,0.9013,0
1020,11:47:23.264,ROI,160,160,256,256,9.40,9.80,0.0,39.875,102.06,596.91,199.60,115.36,79.06,0.9575,17.1000,35.1600,0.0000,0.0000,0.8897,0
1021,11:47:23.327,ROI,160,160,256,256,9.07,9.47,0.0,0.0,105.63,599.94,198.73,115.89,76.48,0.9189,18.9500,33.8100,0.0000,0.0000,0.9365,0
1022,11:47:23.376,ROI,160,160,256,256,22.39,22.94,10.0,17.025,43.59,600.52,199.14,115.02,76.67,0.9795,18.2000,32.1500,0.0000,0.0000,0.9433,0
1023,11:47:23.440,ROI,160,160,256,256,19.17,19.76,0.0,19.775,50.62,604.27,198.66,116.72,76.13,0.9262,18.3800,32.8900,0.0000,0.0000,0.9276,0
1024,11:47:23.503,ROI,160,160,256,256,21.98,22.57,0.0,17.3,44.31,605.12,198.58,117.60,75.95,0.9834,18.3400,30.5900,0.0000,0.0000,0.9457,0
1025,11:47:23.551,ROI,160,160,256,256,8.93,9.44,0.0,41.425,105.99,606.70,197.31,117.02,76.82,0.9422,19.3600,31.1800,0.0000,0.0000,0.9385,0
1026,11:47:23.685,ROI,160,160,256,256,11.39,11.95,0.0,0.0,83.71,612.18,196.01,118.93,77.15,0.8821,16.2700,28.9000,0.0000,0.0000,0.9192,0
1027,11:47:23.734,ROI,160,160,256,256,10.12,10.77,0.0,0.0,92.84,616.06,194.91,118.24,77.87,0.9112,16.1600,28.7200,0.0000,0.0000,0.9106,0
1028,11:47:23.784,ROI,160,160,256,256,9.01,9.59,0.0,0.0,104.22,616.94,194.59,119.01,77.98,0.9773,14.8500,28.9400,0.0000,0.0000,0.8988,0
1029,11:47:23.849,ROI,160,160,256,256,11.28,11.78,7.1,0.0,84.90,619.49,194.14,117.76,78.21,0.9472,15.9300,26.1500,0.0000,0.0000,0.8698,0
1030,11:47:23.903,ROI,160,160,256,256,9.01,9.50,9.275,0.0,105.26,620.50,194.18,116.83,77.02,0.9680,15.3700,27.8700,0.0000,0.0000,0.8376,0
1031,11:47:23.968,ROI,160,160,256,256,10.60,11.09,0.0,0.0,90.18,624.61,193.90,116.00,76.88,0.9255,13.4600,18.2300,0.0000,0.0000,0.6374,0
1032,11:47:24.035,ROI,160,160,256,256,8.96,9.58,6.925,0.0,104.37,626.69,193.46,114.94,79.23,0.9366,12.9700,26.1600,0.0000,0.0000,0.7391,0
1033,11:47:24.087,ROI,160,160,256,256,12.84,13.27,0.0,29.45,75.36,630.61,193.48,115.90,78.90,0.9305,13.6000,20.3100,0.0000,0.0000,0.6300,0
1034,11:47:24.203,ROI,160,160,256,256,8.53,8.94,0.0,0.0,111.84,635.54,194.10,115.33,79.33,0.9045,12.7200,3.7100,0.0000,0.0000,0.5851,0
1035,11:47:24.253,ROI,160,160,256,256,9.93,10.60,9.45,0.0,94.34,637.08,193.71,114.82,78.45,0.9628,16.2700,6.9700,0.0000,0.0000,0.6959,0
1036,11:47:24.314,ROI,160,160,256,256,9.24,9.72,7.8,0.0,102.84,639.98,194.46,115.84,79.04,0.9336,17.8300,9.4100,0.0000,0.0000,0.7726,0
1037,11:47:24.376,ROI,160,160,256,256,9.43,9.87,0.0,0.0,101.35,640.89,194.46,113.10,78.08,0.9645,17.5500,-1.4700,0.0000,0.0000,0.8343,0
1038,11:47:24.426,ROI,160,160,256,256,8.59,9.02,0.0,0.0,110.88,643.98,194.40,112.18,79.44,0.9308,17.2900,0.1100,0.0000,0.0000,0.8566,0
1039,11:47:24.504,ROI,160,160,256,256,8.85,9.32,0.0,0.0,107.33,645.88,194.64,112.29,78.86,0.9599,18.5800,-4.4400,0.0000,0.0000,0.8699,0
1040,11:47:24.552,ROI,160,160,256,256,8.08,8.72,0.0,44.85,114.73,647.38,194.67,110.85,78.46,0.9685,18.6700,-2.6700,0.0000,0.0000,0.8997,0
1041,11:47:24.604,ROI,160,160,224,224,8.14,8.55,0.0,45.7,116.96,649.34,194.85,111.24,76.50,0.9417,19.0800,0.2600,0.0000,0.0000,0.9150,0
1042,11:47:24.736,ROI,160,160,224,224,8.52,9.13,0.0,0.0,109.51,654.42,196.10,114.39,76.33,0.8858,16.5000,-3.8300,0.0000,0.0000,0.8066,0
1043,11:47:24.786,ROI,160,160,256,256,9.88,10.29,0.0,0.0,97.20,658.58,196.61,113.92,78.56,0.9043,19.7200,-4.2700,0.0000,0.0000,0.8960,0
1044,11:47:24.840,ROI,160,160,256,256,8.04,8.46,8.925,0.0,118.23,661.36,196.74,113.79,77.74,0.9426,20.4300,-6.2500,0.0000,0.0000,0.8778,0
1045,11:47:24.920,ROI,160,160,256,256,9.32,9.73,0.0,0.0,102.73,662.60,196.94,114.67,77.87,0.9734,21.2300,-4.3300,0.0000,0.0000,0.9003,0
1046,11:47:24.953,ROI,160,160,256,256,8.82,9.40,16.15,0.0,106.38,668.00,197.62,117.23,78.86,0.8961,20.6900,-6.1300,0.0000,0.0000,0.8642,0
1047,11:47:25.020,ROI,160,160,256,256,10.38,10.89,0.0,35.85,91.87,667.12,198.10,116.03,76.77,0.9589,21.3400,-4.5600,0.0000,0.0000,0.9174,0
1048,11:47:25.086,ROI,160,160,256,256,8.27,8.90,0.0,43.925,112.39,673.24,198.54,115.66,76.42,0.8899,22.6000,-9.7400,0.0000,0.0000,0.9003,0
1049,11:47:25.202,ROI,160,160,256,256,8.47,9.03,0.0,0.0,110.78,676.89,199.46,115.39,77.86,0.9175,21.2100,-15.7000,0.0000,0.0000,0.9107,0
1050,11:47:25.258,ROI,160,160,256,256,10.10,10.59,0.0,36.875,94.41,678.22,199.77,115.66,76.40,0.9591,21.1800,-15.2500,0.0000,0.0000,0.9093,0
1051,11:47:25.318,ROI,160,160,256,256,8.48,8.88,0.0,44.025,112.66,678.75,199.43,114.99,77.52,0.9767,20.4200,-16.8400,0.0000,0.0000,0.9216,0
1052,11:47:25.382,ROI,160,160,256,256,8.69,9.11,0.0,42.875,109.71,683.28,201.32,115.81,77.81,0.8822,18.6300,-22.2400,0.0000,0.0000,0.8639,0
1053,11:47:25.444,ROI,160,160,256,256,9.54,9.93,0.0,0.0,100.74,683.94,201.06,118.21,78.10,0.9733,21.0400,-16.3700,1.6100,-9.5300,0.9231,0
1054,11:47:25.492,ROI,160,160,256,256,10.17,10.63,0.0,36.75,94.06,687.27,202.78,116.26,80.67,0.9062,19.7400,-22.7600,1.5000,-15.6300,0.8496,0
1055,11:47:25.618,ROI,160,160,256,256,9.95,10.45,0.0,0.0,95.72,689.94,205.14,114.59,81.15,0.9018,18.1600,-27.0400,1.8800,-22.1500,0.8394,0
1056,11:47:25.665,ROI,160,160,256,256,10.66,11.09,0.0,35.225,90.17,692.79,206.25,114.14,83.10,0.9266,18.2100,-28.9600,0.0000,0.0000,0.8965,0
1057,11:47:25.729,ROI,160,160,256,256,8.13,8.53,0.0,45.825,117.30,696.16,208.80,112.03,85.31,0.8884,19.7900,-31.9900,0.0000,0.0000,0.8856,0
1058,11:47:25.794,ROI,160,160,256,256,11.62,12.65,0.0,61.85,79.06,697.68,207.94,113.22,82.61,0.9431,18.0600,-29.5300,0.0000,0.0000,0.8069,0
1059,11:47:25.840,ROI,160,160,256,256,9.34,9.73,0.0,40.175,102.82,700.41,210.50,114.56,84.94,0.8976,19.1400,-33.1500,0.0000,0.0000,0.8643,0
1060,11:47:25.903,ROI,160,160,256,256,8.89,9.26,0.0,42.225,108.04,701.02,211.15,114.13,83.36,0.9709,17.4500,-30.2200,0.0000,0.0000,0.8057,0
1061,11:47:25.966,ROI,160,160,256,256,8.38,8.79,0.0,0.0,113.81,704.66,212.22,113.66,84.11,0.9152,15.9100,-36.7700,0.0000,0.0000,0.6969,0
1062,11:47:26.014,ROI,160,160,256,256,8.86,9.38,0.0,41.675,106.65,706.88,213.79,112.80,84.54,0.9270,16.2300,-37.6300,0.0000,0.0000,0.6924,0
1063,11:47:26.140,ROI,160,160,256,256,9.42,9.87,3.325,0.0,101.27,712.38,215.88,109.07,87.14,0.8648,19.1400,-45.2000,0.0000,0.0000,0.6876,0
1064,11:47:26.188,ROI,160,160,224,224,9.68,10.14,10.475,0.0,98.66,712.88,217.72,108.72,85.33,0.9497,17.4300,-42.6100,0.0000,0.0000,0.7651,0
1065,11:47:26.253,ROI,160,160,224,224,11.08,11.61,0.0,0.0,86.14,715.51,218.57,106.02,87.65,0.9278,17.8200,-52.7500,0.0000,0.0000,0.7149,0
1066,11:47:26.315,ROI,160,160,224,224,9.55,9.97,7.675,0.0,100.29,716.41,220.18,106.20,87.84,0.9479,18.6000,-52.5400,0.0000,0.0000,0.7243,0
1067,11:47:26.363,ROI,160,160,224,224,7.86,8.26,0.0,0.0,121.11,719.28,221.05,102.82,88.86,0.9290,18.6600,-54.7500,0.0000,0.0000,0.7364,0
1068,11:47:26.426,ROI,160,160,224,224,7.79,8.14,7.025,0.0,122.81,719.11,222.64,104.59,89.60,0.9488,19.1000,-51.9400,0.0000,0.0000,0.7487,0
1069,11:47:26.490,ROI,160,160,224,224,8.36,8.71,7.0,0.0,114.76,722.43,224.31,100.23,90.45,0.9043,19.9300,-59.3800,0.0000,0.0000,0.8119,0
1070,11:47:26.538,ROI,160,160,224,224,11.28,11.83,0.0,33.05,84.51,724.30,225.92,99.83,91.52,0.9305,20.9400,-60.0700,0.0000,0.0000,0.8269,0
1071,11:47:26.663,ROI,160,160,224,224,8.69,9.05,0.0,43.175,110.48,727.42,229.14,98.67,92.33,0.8772,19.2800,-60.8700,0.0000,0.0000,0.7973,0
1072,11:47:26.711,ROI,160,160,224,224,9.05,9.41,0.0,0.0,106.22,729.72,229.56,93.73,88.16,0.9070,22.0200,-60.5700,0.0000,0.0000,0.8299,0
1073,11:47:26.791,ROI,160,160,192,192,9.43,10.10,5.55,0.0,99.03,730.67,231.52,93.62,92.57,0.9337,19.0300,-65.8900,0.0000,0.0000,0.7795,0
1074,11:47:26.854,ROI,160,160,192,192,8.15,8.53,0.0,45.825,117.28,732.95,232.98,91.90,93.01,0.9232,20.4600,-66.0700,0.0000,0.0000,0.7991,0
1075,11:47:26.902,ROI,160,160,192,192,7.91,8.29,0.0,0.0,120.68,735.04,233.98,93.83,93.60,0.9362,20.1300,-67.0300,0.0000,0.0000,0.8188,0
1076,11:47:26.965,ROI,160,160,192,192,7.79,8.17,0.0,47.8,122.36,734.95,235.74,92.03,95.52,0.9456,19.2100,-69.2800,0.0000,0.0000,0.7949,0
1077,11:47:27.012,ROI,160,160,192,192,8.48,8.86,0.0,0.0,112.91,737.76,237.82,93.94,94.43,0.9023,18.5100,-71.4300,0.0000,0.0000,0.7727,0
1078,11:47:27.075,ROI,160,160,192,192,8.59,8.96,7.2,43.6,111.58,738.87,240.25,93.84,96.42,0.9285,18.3100,-69.2500,0.0000,0.0000,0.7698,0
1079,11:47:27.186,ROI,160,160,224,224,8.74,9.13,0.0,0.0,109.53,742.54,244.52,97.48,102.41,0.8516,19.6100,-75.3600,0.0000,0.0000,0.8333,0
1080,11:47:27.249,ROI,160,160,224,224,8.48,8.86,7.25,0.0,112.85,741.80,248.10,97.72,103.25,0.9193,20.2300,-75.9500,0.0000,0.0000,0.8362,0
1081,11:47:27.313,ROI,160,160,224,224,10.09,10.54,0.0,0.0,94.90,742.04,249.08,97.93,101.35,0.9765,19.0400,-74.0400,0.0000,0.0000,0.8242,0
1082,11:47:27.376,ROI,160,160,224,224,9.83,10.30,7.45,0.0,97.09,743.16,251.67,95.38,102.52,0.9263,18.4800,-76.2400,0.0000,0.0000,0.8382,0
1083,11:47:27.423,ROI,160,160,224,224,9.22,9.61,0.0,0.0,104.08,745.41,253.66,92.22,102.82,0.9179,18.2800,-76.6700,0.0000,0.0000,0.8342,0
1084,11:47:27.487,ROI,160,160,224,224,8.32,8.71,7.25,0.0,114.85,748.02,254.75,89.21,102.70,0.9247,18.2100,-75.5000,0.0000,0.0000,0.8296,0
1085,11:47:27.596,ROI,160,160,224,224,8.44,8.83,0.0,0.0,113.29,746.52,256.84,90.13,100.46,0.9286,17.4500,-79.6300,0.0000,0.0000,0.7852,0
1086,11:47:27.660,ROI,160,160,224,224,8.68,9.08,0.0,0.0,110.19,749.25,257.96,89.78,103.63,0.9132,18.6300,-80.1600,0.0000,0.0000,0.8005,0
1087,11:47:27.707,ROI,160,160,224,224,8.43,8.82,0.0,0.0,113.37,749.18,260.71,85.41,101.28,0.9023,16.1900,-85.5000,0.0000,0.0000,0.8186,0
1088,11:47:27.769,ROI,160,160,224,224,8.09,8.50,0.0,0.0,117.66,751.00,261.48,83.55,103.10,0.9414,15.7800,-83.1800,0.0000,0.0000,0.8097,0
1089,11:47:27.832,ROI,160,160,224,224,9.38,9.77,0.0,40.0,102.40,750.10,262.57,84.13,104.10,0.9587,15.8400,-85.4100,0.0000,0.0000,0.8580,0
1090,11:47:27.880,ROI,160,160,224,224,8.49,8.89,0.0,0.0,112.42,752.02,265.95,79.03,102.98,0.8814,15.7400,-85.9700,0.0000,0.0000,0.8566,0
1091,11:47:28.022,ROI,160,160,224,224,7.92,8.34,0.0,46.85,119.91,750.80,271.59,83.15,102.00,0.8536,16.5300,-88.0300,0.0000,0.0000,0.8832,0
1092,11:47:28.068,ROI,160,160,224,224,8.60,9.01,0.0,0.0,111.03,751.33,271.94,82.98,100.02,0.9681,14.2200,-88.7300,0.0000,0.0000,0.8710,0
1093,11:47:28.132,ROI,160,160,224,224,8.66,9.17,0.0,42.625,109.04,751.31,274.19,82.15,102.24,0.9472,15.7600,-86.1100,0.0000,0.0000,0.8363,0
1094,11:47:28.196,ROI,160,160,224,224,8.14,8.52,0.0,45.85,117.36,751.74,275.64,81.13,101.75,0.9601,14.5500,-86.5400,0.0000,0.0000,0.8723,0
1095,11:47:28.243,ROI,160,160,224,224,9.19,9.58,0.0,40.775,104.40,752.20,279.89,81.98,103.00,0.9103,15.9200,-89.8000,0.0000,0.0000,0.8216,0
1096,11:47:28.308,ROI,160,160,224,224,9.60,10.20,0.0,38.3,98.04,751.01,280.69,84.67,101.37,0.9535,15.0600,-90.2500,0.0000,0.0000,0.8537,0
1097,11:47:28.371,ROI,160,160,224,224,8.27,8.65,0.0,0.0,115.55,751.70,283.67,83.30,101.39,0.9280,16.3300,-91.7900,0.0000,0.0000,0.8162,0
1098,11:47:28.419,ROI,160,160,224,224,8.27,8.67,0.0,45.075,115.35,750.69,284.65,83.06,101.28,0.9575,15.4400,-91.9600,0.0000,0.0000,0.8104,0
1099,11:47:28.546,ROI,160,160,224,224,8.21,8.62,3.3,0.0,115.98,749.75,289.46,83.24,99.79,0.8892,17.1600,-93.2100,0.0000,0.0000,0.8042,0
1100,11:47:28.593,ROI,160,160,224,224,8.54,8.96,0.0,0.0,111.61,750.93,291.66,82.98,102.72,0.9312,18.7700,-92.8600,0.0000,0.0000,0.8556,0
1101,11:47:28.657,ROI,160,160,224,224,10.24,10.62,0.0,0.0,94.15,750.04,295.20,82.22,100.32,0.9133,18.0100,-93.6400,0.0000,0.0000,0.8382,0
1102,11:47:28.720,ROI,160,160,224,224,9.59,9.98,0.0,0.0,100.19,748.98,295.91,83.90,101.19,0.9612,17.1700,-94.6700,0.0000,0.0000,0.8455,0
1103,11:47:28.768,ROI,160,160,224,224,8.47,8.87,10.325,0.0,112.77,749.09,296.32,84.15,99.86,0.9839,17.3000,-97.4800,0.0000,0.0000,0.8534,0
1104,11:47:28.833,ROI,160,160,224,224,11.99,12.49,0.0,31.3,80.07,747.78,298.39,82.10,100.66,0.9303,15.5800,-100.9700,0.0000,0.0000,0.8496,0
1105,11:47:28.896,ROI,160,160,224,224,8.07,8.45,0.0,0.0,118.29,746.94,300.41,82.04,102.33,0.9420,14.8200,-103.8100,0.0000,0.0000,0.8620,0
1106,11:47:28.943,ROI,160,160,224,224,7.89,8.27,0.0,0.0,120.87,745.59,301.12,84.06,102.40,0.9548,13.4000,-108.0300,0.0000,0.0000,0.8187,0
1107,11:47:29.070,ROI,160,160,224,224,11.15,11.63,0.0,0.0,86.02,744.47,303.55,86.09,101.93,0.9293,13.5300,-111.2300,0.0000,0.0000,0.8564,0
1108,11:47:29.116,ROI,160,160,224,224,9.15,9.54,22.6,40.95,104.78,743.09,306.56,87.15,102.68,0.9141,12.6800,-113.3700,0.0000,0.0000,0.8518,0
1109,11:47:29.180,ROI,160,160,224,224,8.81,9.26,0.0,0.0,107.95,742.17,307.60,87.60,99.27,0.9472,13.5400,-114.5300,0.0000,0.0000,0.8993,0
1110,11:47:29.244,ROI,160,160,224,224,8.02,8.40,7.25,0.0,119.05,740.26,311.87,88.38,100.98,0.8805,13.8500,-115.0300,0.0000,0.0000,0.8766,0
1111,11:47:29.292,ROI,160,160,224,224,9.15,9.54,0.0,40.925,104.80,739.58,313.13,89.89,104.48,0.9502,14.0000,-117.6000,0.0000,0.0000,0.8635,0
1112,11:47:29.355,ROI,160,160,224,224,8.83,9.21,0.0,42.4,108.54,737.67,316.35,90.99,106.58,0.9029,14.3500,-117.5900,0.0000,0.0000,0.8918,0
1113,11:47:29.417,ROI,160,160,224,224,9.22,9.62,0.0,40.625,103.94,735.10,315.97,93.23,106.19,0.9392,15.2100,-119.4100,0.0000,0.0000,0.8698,0
1114,11:47:29.464,ROI,160,160,224,224,8.94,9.33,0.0,41.9,107.24,734.45,318.53,93.23,106.11,0.9402,15.0600,-120.2900,0.0000,0.0000,0.8754,0
1115,11:47:29.594,ROI,160,160,224,224,9.18,9.75,0.0,0.0,102.54,731.80,320.73,93.51,98.73,0.8808,15.8100,-119.6500,0.0000,0.0000,0.8815,0
1116,11:47:29.640,ROI,160,160,224,224,8.83,9.47,0.0,0.0,105.55,731.60,321.05,94.63,96.63,0.9674,15.0300,-121.7100,0.0000,0.0000,0.8358,0
1117,11:47:29.704,ROI,160,160,224,224,8.78,9.18,0.0,0.0,108.89,729.77,322.85,96.31,98.39,0.9279,14.2200,-123.1400,0.0000,0.0000,0.7999,0
1118,11:47:29.768,ROI,160,160,224,224,9.02,9.41,14.175,0.0,106.26,730.96,324.86,96.75,97.97,0.9370,15.4500,-124.2200,0.0000,0.0000,0.8108,0
1119,11:47:29.816,ROI,160,160,224,224,9.83,10.23,10.15,0.0,97.71,728.12,326.37,101.63,98.63,0.9165,15.0000,-126.2200,0.0000,0.0000,0.7903,0
1120,11:47:29.880,ROI,160,160,224,224,8.68,9.07,14.575,0.0,110.30,726.70,328.24,104.24,97.52,0.9368,14.4100,-128.6100,0.0000,0.0000,0.7528,0
1121,11:47:29.992,ROI,160,160,224,224,7.84,8.20,7.575,47.65,121.98,722.72,330.83,108.77,93.04,0.8815,15.7900,-132.1000,0.0000,0.0000,0.8172,0
1122,11:47:30.057,ROI,160,160,224,224,8.74,9.13,0.0,42.825,109.57,721.75,331.83,113.65,94.19,0.9368,15.9300,-132.2400,0.0000,0.0000,0.8215,0
1123,11:47:30.120,ROI,160,160,256,256,8.78,9.17,0.0,42.6,109.00,718.20,333.32,114.48,93.76,0.9113,15.6600,-133.4000,0.0000,0.0000,0.8196,0
1124,11:47:30.168,ROI,160,160,256,256,8.60,9.03,0.0,43.3,110.77,718.30,335.29,112.10,93.18,0.9391,12.9800,-134.2600,0.0000,0.0000,0.7932,0
1125,11:47:30.232,ROI,160,160,256,256,8.37,8.95,0.0,43.7,111.77,713.34,338.01,118.37,90.59,0.8674,14.7500,-143.0800,0.0000,0.0000,0.7563,0
1126,11:47:30.296,ROI,160,160,256,256,11.15,11.57,0.0,0.0,86.40,713.19,338.53,118.18,92.06,0.9815,10.9100,-141.1200,0.0000,0.0000,0.7138,0
1127,11:47:30.345,ROI,160,160,256,256,9.99,10.43,0.0,0.0,95.87,712.01,340.14,118.45,92.10,0.9467,12.4200,-144.7600,0.0000,0.0000,0.7071,0
1128,11:47:30.472,ROI,160,160,256,256,8.20,8.64,3.35,0.0,115.80,707.33,343.39,123.92,94.03,0.8650,13.6400,-152.0200,0.0000,0.0000,0.7115,0
1129,11:47:30.519,ROI,160,160,256,256,8.28,8.68,10.125,0.0,115.21,703.22,346.58,126.40,90.96,0.8761,9.7800,-153.1900,0.0000,0.0000,0.6821,0
1130,11:47:30.586,ROI,160,160,256,256,8.80,9.21,6.7,42.45,108.64,702.44,346.51,126.06,87.81,0.9536,10.5600,-157.0500,0.0000,0.0000,0.6790,0
1131,11:47:30.647,ROI,160,160,256,256,9.04,9.44,0.0,0.0,105.93,700.82,348.21,126.59,89.10,0.9384,10.3100,-158.5600,0.0000,0.0000,0.7703,0
1132,11:47:30.696,ROI,160,160,256,256,8.46,8.83,10.05,44.225,113.20,699.92,347.79,124.90,90.64,0.9694,9.5700,-158.6400,0.0000,0.0000,0.7684,0
1133,11:47:30.759,ROI,160,160,256,256,8.61,8.98,0.0,43.5,111.35,695.40,349.02,129.15,89.18,0.9073,10.6900,-160.0900,0.0000,0.0000,0.7624,0
1134,11:47:30.823,ROI,160,160,288,288,8.21,8.61,0.0,45.375,116.09,693.34,351.20,130.68,92.12,0.9238,12.6000,-162.4500,0.0000,0.0000,0.7905,0
1135,11:47:30.873,ROI,160,160,288,288,9.73,10.13,0.0,38.55,98.69,690.28,352.30,129.13,89.51,0.9274,13.2400,-161.6000,0.0000,0.0000,0.7787,0
1136,11:47:30.936,ROI,160,160,288,288,9.16,9.63,0.0,40.6,103.86,688.60,350.76,129.31,88.31,0.9415,12.5100,-162.0200,0.0000,0.0000,0.7434,0
1137,11:47:31.048,ROI,160,160,288,288,8.05,8.42,3.8,0.0,118.71,686.52,352.95,129.15,90.81,0.9228,8.7700,-170.9200,0.0000,0.0000,0.7852,0
1138,11:47:31.113,ROI,160,160,288,288,10.17,10.67,13.975,0.0,93.74,681.70,352.90,129.94,89.46,0.9149,10.5000,-170.1500,0.0000,0.0000,0.8098,0
1139,11:47:31.176,ROI,160,160,288,288,8.47,8.96,0.0,0.0,111.61,678.52,353.10,129.65,93.55,0.9116,8.2800,-169.1400,0.0000,0.0000,0.7663,0
1140,11:47:31.224,ROI,160,160,288,288,8.58,9.16,9.95,0.0,109.23,675.62,354.21,128.23,92.05,0.9340,7.8300,-171.0400,0.0000,0.0000,0.7398,0
1141,11:47:31.287,ROI,160,160,288,288,8.30,8.72,7.175,0.0,114.73,673.47,355.22,129.28,90.86,0.9462,8.4300,-170.5500,0.0000,0.0000,0.7436,0
1142,11:47:31.352,ROI,160,160,288,288,8.06,8.48,7.025,46.075,117.90,671.11,354.62,130.91,90.31,0.9519,9.2300,-172.6600,0.0000,0.0000,0.7816,0
1143,11:47:31.400,ROI,160,160,288,288,11.79,12.35,0.0,31.65,81.00,667.56,354.18,129.19,88.24,0.9256,10.3900,-173.5900,0.0000,0.0000,0.7488,0
1144,11:47:31.463,ROI,160,160,288,288,9.70,10.10,0.0,38.675,98.98,665.34,355.40,131.17,89.06,0.9405,10.2300,-173.4300,0.0000,0.0000,0.8046,0
1145,11:47:31.577,ROI,160,160,288,288,9.96,10.37,0.0,0.0,96.44,660.01,353.87,127.78,88.24,0.8906,13.8700,-176.5200,0.0000,0.0000,0.8464,0
1146,11:47:31.641,ROI,160,160,256,256,10.43,11.01,0.0,0.0,90.84,656.27,353.78,127.63,89.38,0.9314,13.3000,-175.6700,0.0000,0.0000,0.8260,0
1147,11:47:31.704,ROI,160,160,256,256,8.76,9.18,15.125,0.0,108.99,653.57,354.25,127.86,88.66,0.9488,14.0900,-178.4900,0.0000,0.0000,0.8710,0
1148,11:47:31.767,ROI,160,160,256,256,8.73,9.15,14.4,0.0,109.34,649.40,352.98,130.48,89.39,0.9118,15.3600,178.3300,0.0000,0.0000,0.8745,0
1149,11:47:31.816,ROI,160,160,288,288,8.23,8.62,9.725,0.0,116.07,648.23,352.68,127.48,89.89,0.9708,12.5900,176.8100,0.0000,0.0000,0.8432,0
1150,11:47:31.880,ROI,160,160,256,256,8.85,9.36,14.175,0.0,106.88,643.98,351.18,128.90,90.74,0.9063,14.6000,176.6300,0.0000,0.0000,0.8729,0
1151,11:47:31.993,ROI,160,160,288,288,9.40,9.75,7.525,40.05,102.52,637.28,350.69,129.22,92.41,0.8856,14.2800,172.7200,0.0000,0.0000,0.8592,0
1152,11:47:32.058,ROI,160,160,288,288,9.74,10.16,0.0,38.475,98.46,635.65,351.15,131.83,93.82,0.9608,13.3900,170.9800,0.0000,0.0000,0.8512,0
1153,11:47:32.121,ROI,160,160,288,288,8.02,8.42,0.0,0.0,118.70,630.14,349.87,133.04,93.40,0.8962,13.8300,172.2200,0.0000,0.0000,0.8352,0
1154,11:47:32.169,ROI,160,160,288,288,8.71,9.11,0.0,42.875,109.76,630.88,350.64,129.37,92.52,0.9565,14.2700,170.0300,0.0000,0.0000,0.8850,0
1155,11:47:32.234,ROI,160,160,288,288,8.79,9.31,0.0,0.0,107.38,629.10,349.60,131.78,95.02,0.9476,13.9400,170.0800,0.0000,0.0000,0.8556,0
1156,11:47:32.295,ROI,160,160,288,288,9.01,9.42,7.45,0.0,106.18,626.44,347.78,127.82,91.73,0.9233,16.8500,166.4000,0.0000,0.0000,0.8982,0
1157,11:47:32.343,ROI,160,160,256,256,11.11,11.50,10.175,0.0,86.93,623.87,349.13,126.19,91.06,0.9328,15.1600,168.1300,0.0000,0.0000,0.8766,0
1158,11:47:32.456,ROI,160,160,256,256,8.47,8.88,3.875,0.0,112.55,618.78,345.93,125.28,91.33,0.8619,16.3400,169.1300,0.0000,0.0000,0.8631,0
1159,11:47:32.519,ROI,160,160,256,256,8.40,8.77,14.225,0.0,113.98,615.94,344.54,122.11,93.34,0.9276,15.9500,159.6000,0.0000,0.0000,0.8528,0
1160,11:47:32.584,ROI,160,160,256,256,9.23,9.62,14.025,40.575,103.90,614.06,342.88,126.32,93.82,0.9335,16.2400,156.6000,0.0000,0.0000,0.8857,0
1161,11:47:32.649,ROI,160,160,256,256,12.93,13.59,0.0,28.775,73.59,608.58,342.02,126.75,91.94,0.8993,16.2500,160.9700,0.0000,0.0000,0.7384,0
1162,11:47:32.696,ROI,160,160,256,256,9.69,10.18,0.0,38.4,98.24,606.94,339.98,127.50,90.91,0.9328,17.7500,160.6900,0.0000,0.0000,0.8270,0
1163,11:47:32.760,ROI,160,160,256,256,14.93,15.55,0.0,25.125,64.33,601.44,339.83,129.78,90.78,0.9150,15.4500,166.1500,0.0000,0.0000,0.8583,0
1164,11:47:32.824,ROI,160,160,288,288,8.21,8.70,0.0,44.925,114.91,602.69,338.89,124.31,95.26,0.9147,15.6100,148.0900,0.0000,0.0000,0.9143,0
1165,11:47:32.873,ROI,160,160,256,256,8.98,9.40,0.0,0.0,106.38,598.16,336.62,125.39,95.26,0.8881,14.5900,154.7400,0.0000,0.0000,0.8879,0
1166,11:47:33.001,ROI,160,160,256,256,8.81,9.20,0.0,0.0,108.71,591.65,332.99,126.42,98.02,0.8392,14.5700,145.8000,0.0000,0.0000,0.8782,0
1167,11:47:33.047,ROI,160,160,256,256,8.39,8.75,21.3,0.0,114.34,590.76,332.56,128.62,95.15,0.9546,15.2900,145.7500,0.0000,0.0000,0.8905,0
1168,11:47:33.113,ROI,160,160,288,288,10.46,10.93,13.6,0.0,91.45,588.96,331.41,126.11,98.21,0.9425,16.4200,139.3100,0.0000,0.0000,0.8163,0
1169,11:47:33.177,ROI,160,160,256,256,10.50,11.07,0.0,35.3,90.34,585.60,329.40,127.38,99.65,0.9116,13.6400,145.2200,0.0000,0.0000,0.8404,0
1170,11:47:33.224,ROI,160,160,256,256,11.22,11.69,0.0,33.45,85.54,584.25,328.07,124.40,99.82,0.9513,16.6900,139.0800,0.0000,0.0000,0.8439,0
1171,11:47:33.288,ROI,160,160,256,256,11.79,12.29,0.0,31.775,81.34,581.09,326.11,123.95,99.68,0.9146,14.8900,138.5600,0.0000,0.0000,0.8427,0
1172,11:47:33.337,ROI,160,160,256,256,10.39,10.76,0.0,36.35,92.93,578.66,324.93,124.67,99.50,0.9396,16.5400,142.4600,0.0000,0.0000,0.8527,0
1173,11:47:33.400,ROI,160,160,256,256,8.20,8.63,0.0,0.0,115.92,576.98,322.35,120.40,101.52,0.9186,15.9600,137.2000,0.0000,0.0000,0.8503,0
1174,11:47:33.528,ROI,160,160,256,256,9.28,9.83,3.275,39.775,101.78,573.17,319.97,115.84,104.05,0.8967,17.4200,126.6500,0.0000,0.0000,0.8858,0
1175,11:47:33.576,ROI,160,160,256,256,8.72,9.18,10.2,0.0,108.97,571.98,319.58,114.13,105.33,0.9678,19.9100,122.6200,0.0000,0.0000,0.9430,0
1176,11:47:33.640,ROI,160,160,256,256,8.62,9.18,7.05,0.0,108.89,569.85,317.22,108.78,102.66,0.9114,17.9300,120.7200,0.0000,0.0000,0.8952,0
1177,11:47:33.703,ROI,160,160,224,224,9.16,9.71,14.575,0.0,103.00,568.82,315.78,104.59,101.56,0.9350,16.0700,120.3800,0.0000,0.0000,0.8773,0
1178,11:47:33.751,ROI,160,160,224,224,9.36,9.86,20.2,0.0,101.41,565.59,312.65,103.92,102.59,0.8856,15.7600,118.3800,0.0000,0.0000,0.9020,0
1179,11:47:33.815,ROI,160,160,224,224,9.49,9.91,0.0,39.5,100.90,564.33,311.82,101.23,100.86,0.9577,15.6400,117.3900,0.0000,0.0000,0.8752,0
1180,11:47:33.879,ROI,160,160,224,224,8.46,9.03,0.0,0.0,110.70,563.59,309.99,100.16,102.23,0.9510,15.2100,115.6700,0.0000,0.0000,0.8870,0
1181,11:47:33.994,ROI,160,160,224,224,8.19,8.49,3.7,46.075,117.79,559.75,306.97,97.30,102.75,0.8740,15.2200,111.0700,0.0000,0.0000,0.8559,0
1182,11:47:34.057,ROI,160,160,224,224,9.07,9.61,0.0,40.675,104.07,557.35,303.42,98.14,103.85,0.8902,16.8300,109.5200,0.0000,0.0000,0.9177,0
1183,11:47:34.103,ROI,160,160,224,224,8.97,9.38,0.0,41.75,106.64,556.57,303.07,97.92,104.12,0.9775,16.2000,107.3000,0.0000,0.0000,0.9105,0
1184,11:47:34.167,ROI,160,160,224,224,8.40,8.91,0.0,43.85,112.17,554.47,299.77,95.30,104.09,0.8999,16.2300,104.4600,0.0000,0.0000,0.9266,0
1185,11:47:34.216,ROI,160,160,224,224,8.50,8.85,0.0,44.275,113.05,553.83,298.92,96.10,103.22,0.9708,16.5600,104.4600,0.0000,0.0000,0.8943,0
1186,11:47:34.279,ROI,160,160,224,224,8.48,8.97,0.0,0.0,111.46,552.97,296.89,92.37,101.40,0.9244,17.4500,103.5700,0.0000,0.0000,0.9112,0
1187,11:47:34.407,ROI,160,160,224,224,8.38,8.75,6.55,0.0,114.22,549.72,293.61,90.27,100.76,0.8744,15.5400,100.4200,0.0000,0.0000,0.8821,0
1188,11:47:34.456,ROI,160,160,224,224,9.49,10.05,9.8,0.0,99.49,550.11,291.18,94.40,102.03,0.9122,16.3000,101.6200,0.0000,0.0000,0.8781,0
1189,11:47:34.519,ROI,160,160,224,224,8.78,9.17,14.8,0.0,109.05,548.63,289.47,90.97,101.71,0.9324,14.6400,99.0900,0.0000,0.0000,0.8959,0
1190,11:47:34.567,ROI,160,160,224,224,8.52,9.08,10.025,0.0,110.16,549.40,288.54,91.81,101.72,0.9655,15.4700,99.0100,0.0000,0.0000,0.8907,0
1191,11:47:34.631,ROI,160,160,224,224,8.98,9.46,7.1,41.275,105.67,547.87,285.10,91.70,98.91,0.9040,14.0800,96.6800,0.0000,0.0000,0.9096,0
1192,11:47:34.697,ROI,160,160,224,224,10.31,10.78,0.0,36.375,92.80,547.87,284.29,93.80,103.18,0.9372,15.7500,96.5200,0.0000,0.0000,0.9273,0
1193,11:47:34.759,ROI,160,160,224,224,9.33,9.77,0.0,40.0,102.38,547.41,281.35,88.55,100.98,0.8922,14.8300,95.2500,0.0000,0.0000,0.9464,0
1194,11:47:34.807,ROI,160,160,224,224,8.40,8.86,0.0,44.1,112.83,547.85,279.66,91.99,102.44,0.9313,16.0700,96.2200,0.0000,0.0000,0.9490,0
1195,11:47:34.921,ROI,160,160,224,224,8.00,8.41,0.0,0.0,118.95,547.99,276.91,91.83,101.64,0.9448,14.3200,93.5600,0.0000,0.0000,0.9345,0
1196,11:47:34.984,ROI,160,160,224,224,7.86,8.23,7.1,0.0,121.45,548.30,275.06,94.19,102.47,0.9405,12.3300,94.5000,0.0000,0.0000,0.9070,0
1197,11:47:35.047,ROI,160,160,224,224,8.47,8.85,14.3,0.0,113.03,547.08,272.76,89.56,102.40,0.9100,14.8600,91.4500,0.0000,0.0000,0.9456,0
1198,11:47:35.096,ROI,160,160,224,224,9.02,9.44,9.775,0.0,105.90,547.29,271.22,89.52,102.61,0.9657,14.3800,92.2700,0.0000,0.0000,0.9360,0
1199,11:47:35.161,ROI,160,160,224,224,8.73,9.21,14.15,42.475,108.57,546.96,268.94,88.79,101.39,0.9487,14.2600,89.9100,0.0000,0.0000,0.9341,0
1200,11:47:35.224,ROI,160,160,224,224,11.13,11.61,7.25,0.0,86.13,547.54,267.40,87.01,102.26,0.9511,13.0400,88.8900,0.0000,0.0000,0.9106,0
1201,11:47:35.273,ROI,160,160,224,224,8.60,9.05,10.375,43.2,110.52,547.07,266.40,86.55,101.42,0.9701,13.6600,88.4700,0.0000,0.0000,0.9199,0
1202,11:47:35.399,ROI,160,160,224,224,8.72,9.32,0.0,41.95,107.25,546.26,261.83,86.97,102.14,0.8978,13.6100,83.3500,0.0000,0.0000,0.9086,0
1203,11:47:35.447,ROI,160,160,224,224,9.01,9.45,0.0,41.325,105.76,548.00,259.12,85.04,102.38,0.9117,14.2700,85.4400,0.0000,0.0000,0.9014,0
1204,11:47:35.511,ROI,160,160,224,224,8.70,9.17,0.0,42.7,109.03,546.67,255.36,86.56,95.82,0.9000,13.3200,83.1200,0.0000,0.0000,0.8566,0
1205,11:47:35.575,ROI,160,160,192,192,8.98,9.41,0.0,41.525,106.24,548.39,253.20,92.51,98.98,0.8955,14.5000,81.0900,0.0000,0.0000,0.9023,0
1206,11:47:35.623,ROI,160,160,224,224,8.58,9.01,0.0,0.0,111.02,547.72,253.10,89.81,99.67,0.9643,15.5100,78.3400,0.0000,0.0000,0.9296,0
1207,11:47:35.689,ROI,160,160,224,224,9.29,9.83,6.85,0.0,101.71,550.53,249.58,91.99,97.44,0.8774,13.4700,76.8500,0.0000,0.0000,0.9151,0
1208,11:47:35.752,ROI,160,160,224,224,8.87,9.29,14.65,0.0,107.70,549.40,248.72,90.22,95.27,0.9538,17.0100,74.9800,0.0000,0.0000,0.9454,0
1209,11:47:35.800,ROI,160,160,192,192,8.82,9.31,20.4,0.0,107.39,551.72,245.73,94.84,96.84,0.8946,14.5000,75.9000,0.0000,0.0000,0.9163,0
1210,11:47:35.927,ROI,160,160,224,224,8.41,8.83,0.0,44.275,113.26,554.68,242.68,93.06,96.80,0.8831,14.0000,72.9100,0.0000,0.0000,0.9118,0
1211,11:47:35.977,ROI,160,160,224,224,9.44,9.86,0.0,0.0,101.38,556.51,240.01,93.17,98.04,0.9113,13.7100,71.5000,0.0000,0.0000,0.8971,0
1212,11:47:36.039,ROI,160,160,224,224,8.61,9.06,0.0,43.1,110.34,557.18,237.76,93.55,99.30,0.9420,14.6600,70.3900,0.0000,0.0000,0.8798,0
1213,11:47:36.104,ROI,160,160,224,224,9.34,9.92,0.0,39.425,100.83,558.09,236.12,95.90,98.77,0.9441,14.8600,70.0300,0.0000,0.0000,0.8909,0
1214,11:47:36.151,ROI,160,160,224,224,8.52,9.01,0.0,0.0,111.05,558.66,233.59,96.39,97.73,0.9391,14.2600,65.6600,0.0000,0.0000,0.8499,0
1215,11:47:36.215,ROI,160,160,224,224,8.48,8.79,0.0,44.45,113.77,559.68,232.64,96.61,96.70,0.9602,13.8700,67.3400,0.0000,0.0000,0.8621,0
1216,11:47:36.281,ROI,160,160,224,224,8.39,8.85,0.0,0.0,113.02,560.76,230.70,98.15,95.87,0.9399,12.4100,62.3900,0.0000,0.0000,0.8542,0
1217,11:47:36.391,ROI,160,160,224,224,8.09,8.45,3.85,0.0,118.29,562.53,226.77,96.19,94.19,0.8887,11.2000,59.7900,0.0000,0.0000,0.8022,0
1218,11:47:36.457,ROI,160,160,224,224,8.31,8.61,6.9,0.0,116.20,563.04,225.71,98.08,94.37,0.9591,11.1600,58.2800,0.0000,0.0000,0.8367,0
1219,11:47:36.505,ROI,160,160,224,224,9.28,9.63,9.9,0.0,103.87,563.34,225.21,97.62,93.59,0.9835,11.8800,57.5800,0.0000,0.0000,0.8449,0
1220,11:47:36.567,ROI,160,160,224,224,8.21,8.50,7.375,0.0,117.58,564.88,223.29,99.09,92.20,0.9306,12.5000,51.8900,0.0000,0.0000,0.8575,0
1221,11:47:36.640,ROI,160,160,224,224,15.38,15.83,12.175,0.0,63.18,566.34,221.75,98.56,89.21,0.9388,11.8300,52.1400,0.0000,0.0000,0.8236,0
1222,11:47:36.680,ROI,160,160,224,224,9.82,10.20,0.0,38.3,98.00,567.15,219.33,99.22,87.93,0.9319,13.1500,50.4100,0.0000,0.0000,0.8912,0
1223,11:47:36.809,ROI,160,160,224,224,14.09,14.44,0.0,54.1,69.24,570.81,216.70,100.76,86.34,0.8768,14.1400,48.1100,0.0000,0.0000,0.9086,0
1224,11:47:36.856,ROI,160,160,224,224,12.13,12.70,12.075,30.775,78.73,572.66,215.08,101.75,84.64,0.9288,14.2200,48.8400,0.0000,0.0000,0.9180,0
1225,11:47:36.919,ROI,160,160,224,224,8.87,9.24,7.775,42.4,108.26,575.01,213.50,102.62,85.44,0.9210,14.9900,45.2500,0.0000,0.0000,0.9248,0
1226,11:47:36.983,ROI,160,160,224,224,9.66,10.06,0.0,0.0,99.37,576.69,211.49,104.26,83.65,0.9238,16.5200,42.8200,0.0000,0.0000,0.9126,0
1227,11:47:37.033,ROI,160,160,224,224,8.69,9.31,19.55,0.0,107.44,580.75,209.78,109.30,84.77,0.8911,15.3600,42.6400,0.0000,0.0000,0.9085,0
1228,11:47:37.096,ROI,160,160,224,224,8.45,8.99,7.275,0.0,111.20,579.64,209.90,105.00,85.27,0.9552,14.5700,44.3700,0.0000,0.0000,0.9182,0
1229,11:47:37.160,ROI,160,160,224,224,8.70,9.24,14.325,0.0,108.17,583.38,207.38,109.86,84.45,0.8807,14.8900,42.5500,0.0000,0.0000,0.9179,0
1230,11:47:37.209,ROI,160,160,224,224,9.24,9.71,0.0,0.0,102.94,583.78,207.83,109.97,84.22,0.9822,17.7300,40.6400,0.0000,0.0000,0.9076,0
1231,11:47:37.337,ROI,160,160,224,224,9.73,10.29,3.3,37.975,97.19,588.84,204.80,113.29,82.87,0.8523,19.8900,37.0100,0.0000,0.0000,0.9344,0
1232,11:47:37.385,ROI,160,160,256,256,9.47,9.88,0.0,39.575,101.24,592.02,203.60,114.46,80.54,0.9191,15.6500,38.7200,0.0000,0.0000,0.8872,0
1233,11:47:37.447,ROI,160,160,256,256,9.86,10.46,0.0,37.35,95.59,594.16,202.15,114.82,81.54,0.9300,18.7000,36.5600,0.0000,0.0000,0.8715,0
1234,11:47:37.512,ROI,160,160,256,256,11.17,11.90,0.0,32.85,84.05,595.14,201.09,113.71,80.29,0.9577,16.4200,35.1100,0.0000,0.0000,0.8831,0
1235,11:47:37.560,ROI,160,160,256,256,12.75,13.27,10.825,29.45,75.35,597.78,199.50,115.54,79.28,0.9184,16.7400,34.9500,0.0000,0.0000,0.8981,0
1236,11:47:37.623,ROI,160,160,256,256,8.50,9.06,0.0,0.0,110.37,599.00,199.38,114.91,77.50,0.9573,17.0000,32.9700,0.0000,0.0000,0.9405,0
1237,11:47:37.687,ROI,160,160,256,256,10.00,10.63,7.075,0.0,94.07,602.17,198.86,115.90,76.38,0.9333,18.8400,31.8800,0.0000,0.0000,0.9447,0
1238,11:47:37.735,ROI,160,160,256,256,8.53,9.13,10.475,0.0,109.58,602.86,199.01,116.16,76.69,0.9842,17.8900,31.1000,0.0000,0.0000,0.9435,0
1239,11:47:37.865,ROI,160,160,256,256,7.92,8.29,6.5,0.0,120.69,607.81,197.70,119.49,76.53,0.8899,18.2600,27.5800,0.0000,0.0000,0.9258,0
1240,11:47:37.913,ROI,160,160,256,256,9.25,9.78,19.35,39.95,102.27,610.60,196.55,119.46,77.18,0.9268,15.6600,30.7000,0.0000,0.0000,0.9380,0
1241,11:47:37.976,ROI,160,160,256,256,8.59,8.92,0.0,43.9,112.07,613.33,196.05,116.94,76.85,0.9427,15.5400,27.9900,0.0000,0.0000,0.9198,0
1242,11:47:38.040,ROI,160,160,256,256,10.16,10.84,0.0,36.05,92.26,615.51,195.15,118.02,77.28,0.9417,16.2600,31.0800,0.0000,0.0000,0.9151,0
1243,11:47:38.087,ROI,160,160,256,256,8.88,9.45,0.0,41.375,105.87,617.22,194.49,117.71,77.78,0.9551,17.0000,29.2000,0.0000,0.0000,0.9335,0
1244,11:47:38.153,ROI,160,160,256,256,9.91,10.31,0.0,37.95,97.01,619.75,194.61,116.91,77.01,0.9485,15.8200,26.8900,0.0000,0.0000,0.8831,0
1245,11:47:38.215,ROI,160,160,256,256,10.26,10.84,0.0,36.025,92.23,621.08,194.26,115.47,76.50,0.9685,15.4000,26.1100,0.0000,0.0000,0.8269,0
1246,11:47:38.263,ROI,160,160,256,256,8.46,8.90,0.0,44.075,112.37,622.95,193.60,115.31,77.65,0.9520,12.5800,20.9900,0.0000,0.0000,0.6272,0
1247,11:47:38.393,ROI,160,160,256,256,8.74,9.31,6.475,0.0,107.36,629.87,193.43,114.80,78.86,0.8737,13.9700,13.8200,0.0000,0.0000,0.6155,0
1248,11:47:38.439,ROI,160,160,256,256,9.32,9.75,21.175,0.0,102.58,632.90,194.17,116.93,78.83,0.9319,13.1100,13.9000,0.0000,0.0000,0.6437,0
1249,11:47:38.503,ROI,160,160,256,256,8.36,8.90,14.375,0.0,112.37,633.49,193.97,114.46,77.58,0.9634,14.6800,14.5500,0.0000,0.0000,0.6786,0
1250,11:47:38.568,ROI,160,160,256,256,9.89,10.38,6.975,0.0,96.33,636.79,193.91,115.17,78.59,0.9322,13.6500,10.3400,0.0000,0.0000,0.6024,0
1251,11:47:38.615,ROI,160,160,256,256,8.96,9.52,0.0,0.0,104.99,638.59,194.31,116.10,79.30,0.9597,17.3800,6.7800,0.0000,0.0000,0.7408,0
1252,11:47:38.679,ROI,160,160,256,256,8.57,8.98,0.0,43.55,111.34,641.68,194.66,113.87,78.38,0.9370,17.5800,1.1400,0.0000,0.0000,0.8342,0
1253,11:47:38.793,ROI,160,160,256,256,10.83,11.46,0.0,34.1,87.27,647.00,194.91,111.63,78.19,0.9042,19.0400,-2.7100,0.0000,0.0000,0.8816,0
1254,11:47:38.855,ROI,160,160,224,224,9.19,9.63,0.0,40.725,103.89,647.31,195.12,110.26,75.31,0.9513,21.7900,-1.3300,0.0000,0.0000,0.9037,0
1255,11:47:38.921,ROI,160,160,224,224,7.84,8.33,0.0,0.0,120.11,650.04,195.13,111.02,77.24,0.9285,20.8500,-2.5200,0.0000,0.0000,0.9154,0
1256,11:47:38.968,ROI,160,160,224,224,7.86,8.16,0.0,0.0,122.62,652.06,195.36,111.23,76.36,0.9535,20.5900,-4.9000,0.0000,0.0000,0.8569,0
1257,11:47:39.033,ROI,160,160,224,224,8.65,9.22,13.875,0.0,108.44,655.19,195.59,112.57,77.91,0.9270,20.0000,-4.1300,0.0000,0.0000,0.8743,0
1258,11:47:39.095,ROI,160,160,256,256,10.65,11.04,7.325,0.0,90.62,657.53,196.30,114.82,77.46,0.9428,20.8300,-5.1000,0.0000,0.0000,0.9223,0
1259,11:47:39.144,ROI,160,160,256,256,8.95,9.44,20.675,0.0,105.92,660.26,196.24,113.30,77.34,0.9518,19.4300,-5.7100,0.0000,0.0000,0.8845,0
1260,11:47:39.271,ROI,160,160,256,256,8.83,9.31,6.675,41.95,107.38,665.63,197.98,115.12,78.26,0.8719,20.2300,-6.0200,0.0000,0.0000,0.8572,0
1261,11:47:39.320,ROI,160,160,256,256,10.60,11.17,0.0,34.975,89.52,670.12,198.49,116.35,76.88,0.9097,21.7700,-7.8600,0.0000,0.0000,0.8587,0
1262,11:47:39.386,ROI,160,160,256,256,8.58,9.11,0.0,42.9,109.75,670.56,198.70,118.61,76.82,0.9755,22.3100,-7.1900,0.0000,0.0000,0.8828,0
1263,11:47:39.448,ROI,160,160,256,256,8.44,8.85,0.0,44.175,112.97,675.12,198.94,116.62,77.22,0.9199,22.3600,-11.3900,0.0000,0.0000,0.9171,0
1264,11:47:39.496,ROI,160,160,256,256,8.28,8.72,0.0,44.8,114.64,676.06,199.18,118.11,78.61,0.9668,20.5500,-14.3500,0.0000,0.0000,0.8856,0
1265,11:47:39.560,ROI,160,160,256,256,10.07,10.78,0.0,36.325,92.80,678.90,199.69,115.71,77.02,0.9336,20.8000,-17.5800,0.0000,0.0000,0.9128,0
1266,11:47:39.625,ROI,160,160,256,256,8.52,9.00,7.175,0.0,111.07,679.70,200.09,115.14,77.31,0.9761,20.4500,-18.1000,0.0000,0.0000,0.9202,0
1267,11:47:39.673,ROI,160,160,256,256,10.01,10.32,10.025,0.0,96.85,682.90,200.80,116.61,79.42,0.9215,19.8000,-22.0100,0.0000,0.0000,0.8822,0
1268,11:47:39.801,ROI,160,160,256,256,10.00,10.50,6.65,37.2,95.22,687.58,202.90,114.21,79.14,0.8763,20.0900,-22.5800,2.0500,-12.2900,0.8377,0
1269,11:47:39.847,ROI,160,160,256,256,11.84,12.27,0.0,0.0,81.52,687.66,203.65,117.70,81.25,0.9451,18.4100,-22.6200,1.6100,-16.3300,0.8545,0
1270,11:47:39.912,ROI,160,160,256,256,9.26,9.66,14.725,40.425,103.47,691.22,205.59,113.04,81.71,0.8975,18.1700,-26.4000,2.1400,-17.2400,0.8452,0
1271,11:47:39.976,ROI,160,160,256,256,8.43,8.83,0.0,44.3,113.23,693.21,207.67,113.14,84.10,0.9190,19.1600,-29.5300,0.0000,0.0000,0.9088,0
1272,11:47:40.023,ROI,160,160,256,256,10.45,10.93,10.275,35.475,91.49,695.80,207.74,113.97,86.29,0.9315,18.5700,-30.5800,0.0000,0.0000,0.8707,0
1273,11:47:40.088,ROI,160,160,256,256,11.43,11.92,0.0,32.85,83.92,697.72,209.56,114.02,85.22,0.9272,18.8700,-30.7700,0.0000,0.0000,0.8621,0
1274,11:47:40.151,ROI,160,160,256,256,8.17,8.63,0.0,45.275,115.86,699.48,210.18,114.82,83.90,0.9550,17.4800,-31.2600,0.0000,0.0000,0.8249,0
1275,11:47:40.199,ROI,160,160,256,256,8.62,9.09,0.0,86.025,109.98,701.40,211.30,114.62,83.63,0.9421,16.8600,-34.8500,0.0000,0.0000,0.7598,0
1276,11:47:40.329,ROI,160,160,256,256,11.11,11.79,0.0,33.15,84.85,707.46,214.23,111.49,85.07,0.8408,16.5700,-41.0000,0.0000,0.0000,0.6167,0
1277,11:47:40.375,ROI,160,160,224,224,9.37,9.81,11.55,0.0,101.91,709.00,216.93,111.26,86.32,0.9142,16.5500,-42.5000,0.0000,0.0000,0.6936,0
1278,11:47:40.440,ROI,160,160,224,224,10.11,10.57,7.075,36.975,94.62,712.26,218.03,108.93,86.34,0.9194,16.7400,-49.6000,0.0000,0.0000,0.6698,0
1279,11:47:40.503,ROI,160,160,224,224,8.81,9.24,7.425,0.0,108.26,713.37,218.73,109.38,85.71,0.9643,16.3400,-44.7800,0.0000,0.0000,0.6589,0
1280,11:47:40.551,ROI,160,160,224,224,9.07,9.58,20.15,40.825,104.44,715.32,219.09,105.84,87.11,0.9494,17.3600,-50.8300,0.0000,0.0000,0.6998,0
1281,11:47:40.615,ROI,160,160,224,224,10.58,11.04,0.0,35.4,90.62,716.90,220.13,105.73,86.02,0.9478,18.6300,-51.2300,1.4000,-53.0500,0.7210,0
1282,11:47:40.679,ROI,160,160,224,224,8.87,9.31,0.0,42.125,107.39,719.64,222.23,103.12,90.41,0.9045,18.4500,-56.6700,0.0000,0.0000,0.7631,0
1283,11:47:40.792,ROI,160,160,224,224,9.06,9.58,0.0,40.775,104.38,722.77,224.67,100.41,90.66,0.8923,20.2200,-58.9600,0.0000,0.0000,0.8304,0
1284,11:47:40.858,ROI,160,160,224,224,21.11,21.68,0.0,36.05,46.13,725.02,226.84,99.97,91.77,0.9125,20.9700,-61.3000,0.0000,0.0000,0.8308,0
1285,11:47:40.904,ROI,160,160,224,224,8.49,9.06,0.0,43.15,110.33,727.18,226.49,100.48,90.41,0.9440,21.4000,-62.3400,0.0000,0.0000,0.7777,0
1286,11:47:40.969,ROI,160,160,224,224,8.39,8.76,7.025,0.0,114.14,728.71,229.74,98.56,91.04,0.9038,20.4700,-61.3700,0.0000,0.0000,0.8070,0
1287,11:47:41.032,ROI,160,160,224,224,9.02,9.35,14.35,0.0,106.90,729.46,229.83,95.20,90.66,0.9619,21.3500,-61.0100,0.0000,0.0000,0.8073,0
1288,11:47:41.081,ROI,160,160,192,192,10.61,11.01,19.725,35.5,90.83,730.36,232.04,92.89,91.98,0.9303,19.2600,-66.6700,0.0000,0.0000,0.7851,0
1289,11:47:41.208,ROI,160,160,192,192,8.46,8.74,0.0,0.0,114.43,734.94,233.94,90.44,93.01,0.8699,19.6600,-66.9900,0.0000,0.0000,0.8047,0
1290,11:47:41.257,ROI,160,160,192,192,8.58,8.94,0.0,0.0,111.89,735.45,236.35,93.11,95.14,0.9233,18.3500,-72.2700,0.0000,0.0000,0.7585,0
1291,11:47:41.321,ROI,160,160,192,192,13.28,13.77,0.0,0.0,72.61,737.45,239.10,94.04,95.26,0.9055,18.9500,-71.5900,0.0000,0.0000,0.7794,0
1292,11:47:41.386,ROI,160,160,192,192,11.71,12.22,0.0,0.0,81.84,738.86,241.45,93.29,96.61,0.9246,19.3000,-71.7200,0.0000,0.0000,0.8021,0
1293,11:47:41.448,ROI,160,160,224,224,10.69,11.15,0.0,35.1,89.70,741.70,244.09,96.98,101.42,0.8936,20.0500,-75.1800,0.0000,0.0000,0.8202,0
1294,11:47:41.497,ROI,160,160,224,224,9.53,9.91,0.0,39.4,100.86,740.99,245.68,97.64,100.56,0.9553,19.9900,-74.9900,0.0000,0.0000,0.8357,0
1295,11:47:41.561,ROI,160,160,224,224,9.20,9.63,0.0,0.0,103.80,742.48,247.73,96.33,102.38,0.9320,20.1500,-74.4200,0.0000,0.0000,0.8554,0
1296,11:47:41.609,ROI,160,160,224,224,12.39,12.82,10.2,0.0,78.02,741.89,249.62,96.59,101.40,0.9521,19.0100,-75.2500,0.0000,0.0000,0.8417,0
1297,11:47:41.737,ROI,160,160,224,224,8.96,9.33,3.375,0.0,107.16,746.40,253.51,94.57,103.11,0.8460,19.2200,-76.7800,0.0000,0.0000,0.8419,0
1298,11:47:41.787,ROI,160,160,224,224,9.60,10.23,9.8,38.5,97.73,747.76,254.76,89.88,102.45,0.9279,18.2000,-76.5000,0.0000,0.0000,0.8175,0
1299,11:47:41.848,ROI,160,160,224,224,13.67,14.04,0.0,27.825,71.21,747.76,256.17,91.95,102.42,0.9513,18.0900,-75.9000,0.0000,0.0000,0.8043,0
1300,11:47:41.912,ROI,160,160,224,224,9.42,9.88,0.0,0.0,101.25,748.25,257.22,90.23,103.07,0.9617,18.2200,-75.7900,0.0000,0.0000,0.8243,0
1301,11:47:41.963,ROI,160,160,224,224,35.21,35.86,0.0,0.0,27.89,750.28,258.43,85.34,101.22,0.9238,17.9100,-76.3100,0.0000,0.0000,0.8194,0
1302,11:47:42.027,ROI,160,160,224,224,21.43,21.93,13.6,17.825,45.60,750.29,260.93,85.68,103.64,0.9487,16.7900,-82.2300,0.0000,0.0000,0.8198,0
1303,11:47:42.097,ROI,160,160,224,224,15.20,15.69,8.225,0.0,63.73,750.34,262.46,83.15,103.42,0.9424,15.6900,-83.2700,0.0000,0.0000,0.8347,0
1304,11:47:42.142,ROI,160,160,224,224,12.94,13.43,0.0,0.0,74.45,751.01,263.85,83.80,104.72,0.9584,15.4600,-85.5400,0.0000,0.0000,0.8603,0
1305,11:47:42.266,ROI,160,160,224,224,11.22,11.63,0.0,0.0,85.96,751.95,269.02,81.00,102.77,0.8759,16.7800,-88.2900,0.0000,0.0000,0.8775,0
1306,11:47:42.314,ROI,160,160,224,224,14.40,14.96,0.0,0.0,66.85,752.97,270.41,81.13,103.24,0.9494,15.4400,-87.3700,0.0000,0.0000,0.8744,0
1307,11:47:42.379,ROI,160,160,224,224,17.53,18.14,7.85,0.0,55.13,751.22,271.11,81.44,102.65,0.9451,14.2200,-85.6000,0.0000,0.0000,0.8308,0
1308,11:47:42.440,ROI,160,160,224,224,14.13,14.51,9.0,0.0,68.91,751.84,275.56,81.77,101.96,0.9032,16.3000,-87.9300,0.0000,0.0000,0.8384,0
1309,11:47:42.489,ROI,160,160,224,224,9.84,10.26,0.0,0.0,97.46,751.34,277.03,82.96,101.12,0.9579,14.5100,-88.5900,0.0000,0.0000,0.8582,0
1310,11:47:42.554,ROI,160,160,224,224,11.23,11.78,7.175,33.175,84.89,750.29,279.62,85.33,101.60,0.9244,14.6900,-89.8400,0.0000,0.0000,0.8340,0
1311,11:47:42.616,ROI,160,160,224,224,9.26,9.69,0.0,40.325,103.19,751.41,280.88,81.76,101.92,0.9353,15.2700,-91.5600,0.0000,0.0000,0.8660,0
1312,11:47:42.663,ROI,160,160,224,224,15.10,15.50,10.4,0.0,64.51,752.23,284.93,83.16,101.28,0.9059,17.2500,-92.5300,0.0000,0.0000,0.8076,0
1313,11:47:42.800,ROI,160,160,224,224,59.21,60.91,0.0,6.425,16.42,750.85,286.70,82.66,102.87,0.9348,16.2200,-93.4400,0.0000,0.0000,0.7952,0
1314,11:47:42.872,ROI,160,160,224,224,11.90,12.49,36.775,0.0,80.06,749.50,290.79,85.22,101.00,0.8949,17.3000,-93.2100,0.0000,0.0000,0.8087,0
1315,11:47:42.904,ROI,160,160,224,224,10.76,11.15,0.0,0.0,89.70,750.39,292.72,83.15,101.58,0.9397,18.2500,-93.5300,0.0000,0.0000,0.8531,0
1316,11:47:42.998,ROI,160,160,224,224,58.88,59.48,0.0,6.575,16.81,749.44,296.61,82.22,100.51,0.9056,17.6000,-94.2000,0.0000,0.0000,0.8253,0
1317,11:47:43.129,ROI,160,160,224,224,140.18,141.27,10.95,2.775,7.08,748.78,297.51,84.73,100.17,0.9534,16.5700,-96.4000,0.0000,0.0000,0.8284,0
1318,11:47:43.350,ROI,160,160,224,224,71.02,72.89,4.95,10.725,13.72,748.70,297.45,85.04,100.13,0.9951,16.0900,-99.4100,0.0000,0.0000,0.8401,0
1319,11:47:43.444,ROI,160,160,224,224,55.73,56.36,18.475,13.85,17.74,743.91,305.96,86.55,102.05,0.7615,13.7000,-111.8200,0.0000,0.0000,0.8051,0
1320,11:47:43.545,ROI,160,160,224,224,34.74,35.37,0.0,22.1,28.27,742.27,307.35,87.56,99.33,0.9374,13.4600,-113.6300,0.0000,0.0000,0.8862,0
1321,11:47:43.607,ROI,160,160,224,224,57.00,57.59,0.0,0.0,17.36,742.17,308.71,84.94,98.21,0.9440,12.7000,-114.3000,0.0000,0.0000,0.8945,0
1322,11:47:43.679,ROI,160,160,224,224,30.08,31.21,0.0,37.55,32.04,739.09,312.61,90.27,103.75,0.8636,13.5400,-116.2600,0.0000,0.0000,0.8775,0
1323,11:47:43.747,ROI,160,160,224,224,132.86,134.19,20.775,5.825,7.45,738.19,315.32,90.83,106.67,0.9314,14.2500,-116.1000,0.0000,0.0000,0.8870,0
1324,11:47:43.897,ROI,160,160,224,224,21.12,21.86,52.45,17.875,45.75,736.45,316.90,92.09,105.21,0.9348,15.1300,-119.5700,0.0000,0.0000,0.8801,0
1325,11:47:43.936,ROI,160,160,224,224,28.24,28.97,0.0,26.975,34.52,734.78,318.84,91.77,103.33,0.9298,15.7000,-119.4300,0.0000,0.0000,0.8821,0
1326,11:47:43.987,ROI,160,160,224,224,105.29,105.89,0.0,3.7,9.44,732.46,319.61,93.34,98.81,0.9107,16.2900,-120.4900,0.0000,0.0000,0.8802,0
1327,11:47:44.177,ROI,160,160,224,224,24.65,25.27,0.0,15.45,39.56,726.34,326.29,103.88,100.13,0.7772,18.5400,-122.6700,0.0000,0.0000,0.8921,0
1328,11:47:44.246,ROI,160,160,224,224,22.79,23.35,0.0,16.725,42.83,726.15,328.23,102.30,96.22,0.9464,14.2900,-127.7300,0.0000,0.0000,0.7685,0
1329,11:47:44.288,ROI,160,160,224,224,26.53,27.10,0.0,28.85,36.91,725.45,329.96,105.53,95.63,0.9355,14.4200,-129.5500,0.0000,0.0000,0.7907,0
1330,11:47:44.329,ROI,160,160,224,224,20.41,21.19,26.95,18.125,47.20,722.21,331.73,110.42,93.91,0.9085,15.6500,-130.2500,0.0000,0.0000,0.8204,0
1331,11:47:44.378,ROI,160,160,224,224,21.09,21.67,14.4,36.075,46.15,721.82,332.78,114.87,95.82,0.9403,15.0300,-131.1800,0.0000,0.0000,0.8028,0
1332,11:47:44.427,ROI,160,160,256,256,42.63,45.15,28.525,8.65,22.15,718.09,334.48,113.79,95.90,0.9051,16.0600,-133.4200,0.0000,0.0000,0.8215,0
1333,11:47:44.492,ROI,160,160,256,256,22.56,23.04,19.475,16.95,43.40,716.72,335.92,114.30,91.94,0.9364,13.3700,-135.0700,0.0000,0.0000,0.8037,0
1334,11:47:44.555,ROI,160,160,256,256,25.07,25.64,19.875,15.25,39.01,715.58,337.38,115.02,90.78,0.9498,11.6500,-137.0300,0.0000,0.0000,0.7319,0
1335,11:47:44.601,ROI,160,160,256,256,20.42,21.08,18.35,37.075,47.43,711.86,339.05,119.17,89.86,0.9056,12.9900,-143.0100,0.0000,0.0000,0.7285,0
1336,11:47:44.728,ROI,160,160,256,256,26.27,26.86,3.7,29.1,37.23,707.66,342.55,125.60,91.12,0.8658,13.0600,-150.7200,0.0000,0.0000,0.7421,0
1337,11:47:44.779,ROI,160,160,256,256,15.56,16.22,0.0,24.1,61.66,706.66,343.52,123.18,90.16,0.9601,10.2300,-152.1000,0.0000,0.0000,0.7134,0
1338,11:47:44.844,ROI,160,160,256,256,26.87,27.65,8.0,14.125,36.16,702.82,347.70,126.78,88.96,0.8588,9.5700,-152.6200,0.0000,0.0000,0.7238,0
1339,11:47:44.907,ROI,160,160,256,256,15.30,15.80,0.0,24.725,63.29,702.93,346.28,126.10,88.42,0.9632,10.6900,-159.9000,0.0000,0.0000,0.7163,0
1340,11:47:44.954,ROI,160,160,256,256,22.66,23.14,25.625,16.875,43.22,699.87,350.05,126.78,88.70,0.8767,10.2500,-159.1400,0.0000,0.0000,0.7622,0
1341,11:47:45.016,ROI,160,160,256,256,14.78,15.35,9.975,25.45,65.15,697.42,347.73,128.11,91.46,0.9146,10.2100,-158.3600,0.0000,0.0000,0.7533,0
1342,11:47:45.080,ROI,160,160,288,288,15.04,15.52,16.025,25.175,64.42,695.18,350.67,129.47,92.63,0.9069,10.4800,-162.3200,0.0000,0.0000,0.7754,0
1343,11:47:45.195,ROI,160,160,288,288,19.92,20.40,3.925,19.15,49.01,690.25,353.94,128.74,92.48,0.8653,11.2600,-167.4700,0.0000,0.0000,0.7774,0
1344,11:47:45.262,ROI,160,160,288,288,25.22,25.77,8.425,0.0,38.81,688.99,351.88,128.09,87.16,0.9245,12.3300,-163.4500,0.0000,0.0000,0.7569,0
1345,11:47:45.308,ROI,160,160,288,288,19.26,19.76,19.3,39.55,50.60,686.61,352.96,130.16,89.59,0.9379,11.0400,-167.2500,0.0000,0.0000,0.8213,0
1346,11:47:45.369,ROI,160,160,288,288,34.61,35.49,0.0,11.025,28.18,685.23,353.12,128.83,90.14,0.9728,10.6100,-167.0700,0.0000,0.0000,0.8373,0
1347,11:47:45.434,ROI,160,160,288,288,17.46,18.01,13.425,43.375,55.52,682.05,352.89,128.79,86.11,0.9102,10.5800,-168.9700,0.0000,0.0000,0.8037,0
1348,11:47:45.492,ROI,160,160,288,288,36.60,37.12,19.55,10.525,26.94,678.06,353.73,129.67,95.42,0.8506,8.5700,-170.4500,0.0000,0.0000,0.7782,0
1349,11:47:45.611,ROI,160,160,288,288,26.25,27.02,4.775,0.0,37.01,673.32,355.16,129.33,92.45,0.9014,9.7300,-171.2900,0.0000,0.0000,0.7392,0
1350,11:47:45.660,ROI,160,160,288,288,30.77,31.34,17.85,0.0,31.91,670.89,354.35,129.64,90.32,0.9415,8.9200,-172.7600,0.0000,0.0000,0.7532,0
1351,11:47:45.722,ROI,160,160,288,288,21.70,22.17,12.7,17.625,45.11,666.65,354.74,130.34,89.59,0.9291,9.4900,-172.0700,0.0000,0.0000,0.7616,0
1352,11:47:45.787,ROI,160,160,288,288,24.62,25.18,18.15,15.525,39.72,664.25,355.69,130.99,90.95,0.9441,10.2300,-172.9400,0.0000,0.0000,0.8234,0
1353,11:47:45.833,ROI,160,160,288,288,29.93,30.46,18.025,12.825,32.83,661.08,353.00,129.31,89.41,0.8984,11.9400,-175.0700,0.0000,0.0000,0.8164,0
1354,11:47:45.896,ROI,160,160,288,288,32.74,33.23,12.275,23.525,30.09,659.29,353.47,128.88,90.31,0.9627,12.6700,-176.9000,0.0000,0.0000,0.8382,0
1355,11:47:45.962,ROI,160,160,288,288,26.64,27.26,0.0,0.0,36.69,654.88,353.95,131.18,91.85,0.9190,12.5000,-178.1600,0.0000,0.0000,0.8079,0
1356,11:47:46.012,ROI,160,160,288,288,30.11,30.80,0.0,0.0,32.47,653.19,354.06,129.19,90.59,0.9611,12.6100,-177.8000,0.0000,0.0000,0.8483,0
1357,11:47:46.139,ROI,160,160,288,288,28.34,28.95,4.075,13.5,34.54,646.90,353.26,130.52,90.86,0.8924,13.5700,178.0900,0.0000,0.0000,0.8532,0
1358,11:47:46.187,ROI,160,160,288,288,36.30,37.10,0.0,10.525,26.95,644.85,352.93,131.08,93.24,0.9448,13.3100,173.5100,0.0000,0.0000,0.8731,0
1359,11:47:46.351,ROI,160,160,288,288,96.80,97.38,3.075,12.025,10.27,641.89,352.83,130.55,94.14,0.9469,13.2600,172.6500,0.0000,0.0000,0.8488,0
1360,11:47:46.558,ROI,160,160,288,288,69.83,71.62,14.325,0.0,13.96,640.62,351.91,128.29,91.22,0.9502,12.7100,170.7300,1.1800,175.4500,0.8628,0
1361,11:47:46.659,ROI,160,160,288,288,51.61,52.38,0.0,7.45,19.09,628.57,350.44,129.46,94.68,0.8011,14.1900,171.5500,0.0000,0.0000,0.8799,0
1362,11:47:46.746,ROI,160,160,288,288,58.39,58.97,0.0,0.0,16.96,624.26,347.75,126.70,92.18,0.8838,17.1600,167.0600,0.0000,0.0000,0.8812,0
1363,11:47:46.827,ROI,160,160,256,256,47.80,48.39,0.0,8.075,20.67,619.92,346.04,125.81,93.60,0.9010,17.0200,165.3800,0.0000,0.0000,0.8269,0
1364,11:47:46.903,ROI,160,160,256,256,49.31,49.90,14.375,15.65,20.04,619.21,346.70,123.86,93.73,0.9707,15.2500,168.7000,0.0000,0.0000,0.8562,0
1365,11:47:46.973,ROI,160,160,256,256,32.67,33.44,18.675,23.375,29.90,616.02,345.15,120.18,91.34,0.9183,16.5700,160.8800,0.0000,0.0000,0.8174,0
1366,11:47:47.035,ROI,160,160,256,256,29.62,30.40,14.025,12.85,32.89,613.71,343.85,120.27,91.68,0.9357,15.2000,154.6600,0.0000,0.0000,0.8732,0
1367,11:47:47.096,ROI,160,160,256,256,58.08,58.69,0.0,6.65,17.04,609.64,341.96,122.80,92.74,0.8987,14.7500,157.5600,0.0000,0.0000,0.8238,0
1368,11:47:47.175,ROI,160,160,256,256,23.63,24.33,0.0,16.05,41.11,605.05,341.40,129.55,91.06,0.9139,16.4900,161.8300,0.0000,0.0000,0.8034,0
1369,11:47:47.222,ROI,160,160,288,288,23.79,24.46,17.075,15.975,40.89,603.69,340.91,128.41,93.40,0.9549,15.6200,158.4900,0.0000,0.0000,0.8422,0
1370,11:47:47.269,ROI,160,160,288,288,20.90,21.55,0.0,18.125,46.40,599.80,338.56,125.75,96.07,0.8966,13.8900,150.4700,0.0000,0.0000,0.8703,0
1371,11:47:47.319,ROI,160,160,256,256,21.71,23.43,13.25,16.8,42.68,594.36,336.24,127.07,96.03,0.8760,15.0900,150.6700,0.0000,0.0000,0.8865,0
1372,11:47:47.363,ROI,160,160,256,256,43.90,45.08,0.0,0.0,22.18,593.76,334.48,125.62,94.78,0.9529,14.0800,148.8600,0.0000,0.0000,0.8947,0
1373,11:47:47.442,ROI,160,160,256,256,21.57,22.13,0.0,0.0,45.18,588.66,331.68,129.06,96.78,0.8723,13.6900,146.7500,0.0000,0.0000,0.8581,0
1374,11:47:47.507,ROI,160,160,288,288,35.88,36.46,0.0,32.15,27.43,588.04,330.95,126.77,99.02,0.9605,16.4800,139.1500,0.0000,0.0000,0.8200,0
1375,11:47:47.670,ROI,160,160,256,256,153.23,153.84,0.0,10.15,6.50,583.89,329.78,127.25,99.38,0.9156,14.4900,142.4600,0.0000,0.0000,0.8239,0
1376,11:47:47.958,ROI,160,160,256,256,85.69,88.82,8.7,8.8,11.26,574.97,321.91,118.67,103.23,0.7483,13.4100,133.5800,0.0000,0.0000,0.8442,0
1377,11:47:48.068,ROI,160,160,256,256,19.45,20.08,0.0,0.0,49.79,572.80,321.24,116.40,102.83,0.9515,18.9900,130.1200,0.0000,0.0000,0.9181,0
1378,11:47:48.115,ROI,160,160,256,256,78.12,78.96,0.0,9.9,12.66,572.56,320.04,111.22,101.52,0.9335,17.9800,124.7000,0.0000,0.0000,0.8909,0
1379,11:47:48.219,ROI,160,160,224,224,22.79,23.41,0.0,0.0,42.72,562.83,310.69,103.82,102.94,0.7043,14.3900,115.0400,0.0000,0.0000,0.8405,0
1380,11:47:48.259,ROI,160,160,224,224,24.73,25.31,45.8,15.425,39.51,560.99,308.66,99.76,103.03,0.9244,15.2600,113.5400,0.0000,0.0000,0.8755,0
1381,11:47:48.309,ROI,160,160,224,224,19.98,20.55,0.0,38.025,48.67,558.57,306.38,99.34,104.38,0.9125,16.5300,109.8800,0.0000,0.0000,0.9139,0
1382,11:47:48.370,ROI,160,160,224,224,33.23,33.83,0.0,23.1,29.56,556.74,304.03,97.78,103.36,0.9215,16.9700,108.4400,0.0000,0.0000,0.9187,0
1383,11:47:48.428,ROI,160,160,224,224,24.75,25.28,0.0,15.45,39.56,555.40,303.05,97.33,102.63,0.9548,16.5700,106.6700,0.0000,0.0000,0.9258,0
1384,11:47:48.487,ROI,160,160,224,224,49.38,50.00,0.0,0.0,20.00,553.71,300.35,95.10,103.82,0.9174,15.7700,104.6200,0.0000,0.0000,0.9150,0
1385,11:47:48.615,ROI,160,160,224,224,27.77,29.79,0.0,13.1,33.57,551.99,296.30,94.07,102.10,0.8924,16.0300,103.0700,0.0000,0.0000,0.9084,0
1386,11:47:48.662,ROI,160,160,224,224,30.32,30.86,0.0,12.65,32.40,551.14,295.59,92.75,100.07,0.9624,16.1400,102.1000,0.0000,0.0000,0.8709,0
1387,11:47:48.726,ROI,160,160,224,224,18.54,19.05,0.0,20.525,52.51,550.54,294.31,91.43,99.60,0.9610,15.8200,101.5500,0.0000,0.0000,0.8779,0
1388,11:47:48.771,ROI,160,160,224,224,15.03,15.59,0.0,25.1,64.16,548.75,292.45,91.98,101.81,0.9274,15.6000,100.3500,0.0000,0.0000,0.8926,0
1389,11:47:48.832,ROI,160,160,224,224,12.13,12.64,8.575,0.0,79.12,550.38,290.38,94.12,101.71,0.9278,16.8100,99.3700,0.0000,0.0000,0.8851,0
1390,11:47:48.893,ROI,160,160,224,224,14.01,14.66,0.0,26.675,68.23,547.07,288.53,91.32,102.33,0.8992,15.3100,98.6000,0.0000,0.0000,0.9152,0
1391,11:47:48.941,ROI,160,160,224,224,15.30,15.86,0.0,0.0,63.05,548.72,287.22,91.17,102.72,0.9405,15.0900,97.2600,0.0000,0.0000,0.9109,0
1392,11:47:49.100,ROI,160,160,224,224,20.12,21.23,0.0,0.0,47.10,546.74,283.96,90.57,100.00,0.8989,14.4100,94.6700,0.0000,0.0000,0.9376,0
1393,11:47:49.141,ROI,160,160,224,224,34.99,35.51,20.125,0.0,28.16,547.58,279.98,88.37,100.77,0.9021,14.4200,94.6300,0.0000,0.0000,0.9467,0
1394,11:47:49.206,ROI,160,160,224,224,21.55,22.60,0.0,0.0,44.24,547.29,278.69,92.02,101.72,0.9365,14.3600,94.5400,0.0000,0.0000,0.9263,0
1395,11:47:49.256,ROI,160,160,224,224,17.06,17.60,14.35,0.0,56.81,548.23,276.52,92.47,101.81,0.9392,12.7200,94.3700,0.0000,0.0000,0.9152,0
1396,11:47:49.301,ROI,160,160,224,224,16.67,17.20,0.0,22.725,58.13,548.01,275.12,94.53,102.66,0.9520,13.6500,93.5600,0.0000,0.0000,0.9193,0
1397,11:47:49.379,ROI,160,160,224,224,16.94,17.50,6.45,22.325,57.15,546.61,272.84,89.75,102.38,0.9092,14.4500,91.2900,0.0000,0.0000,0.9375,0
1398,11:47:49.425,ROI,160,160,224,224,13.46,13.98,0.0,0.0,71.54,547.34,271.44,90.93,101.93,0.9575,13.4600,91.5500,0.0000,0.0000,0.9292,0
1399,11:47:49.488,ROI,160,160,224,224,23.42,24.40,0.0,16.025,40.99,546.64,269.07,89.01,101.30,0.9346,14.9200,89.9200,0.0000,0.0000,0.9409,0
1400,11:47:49.601,ROI,160,160,224,224,13.31,13.82,0.0,28.3,72.37,546.94,267.14,85.36,101.02,0.9237,13.3900,88.6900,0.0000,0.0000,0.9238,0
1401,11:47:49.664,ROI,160,160,224,224,19.25,19.72,0.0,19.825,50.72,546.18,264.87,87.54,102.19,0.9329,12.8100,86.3400,0.0000,0.0000,0.9115,0
1402,11:47:49.718,ROI,160,160,224,224,11.04,11.76,0.0,0.0,85.05,547.02,262.47,87.14,101.35,0.9362,11.7500,86.7900,0.0000,0.0000,0.8769,0
1403,11:47:49.771,ROI,160,160,224,224,18.03,18.53,9.45,21.075,53.95,546.93,258.71,86.86,99.44,0.9248,11.9900,86.6800,0.0000,0.0000,0.8711,0
1404,11:47:49.845,ROI,160,160,224,224,17.43,17.98,0.0,21.75,55.62,546.99,256.54,85.61,99.13,0.9438,14.6600,81.3800,0.0000,0.0000,0.9134,0
1405,11:47:49.894,ROI,160,160,224,224,54.71,62.56,0.0,0.0,15.99,548.80,253.86,85.86,97.80,0.9088,14.9500,79.7800,0.0000,0.0000,0.9252,0
1406,11:47:50.013,ROI,160,160,224,224,11.48,12.07,0.0,0.0,82.84,548.87,250.84,88.79,97.41,0.9101,14.2100,78.4300,0.0000,0.0000,0.9079,0
1407,11:47:50.065,ROI,160,160,224,224,9.71,10.25,9.85,0.0,97.58,550.46,249.93,87.25,96.39,0.9466,16.6700,75.9200,0.0000,0.0000,0.9441,0
1408,11:47:50.127,ROI,160,160,224,224,11.20,11.72,0.0,0.0,85.30,551.72,246.16,90.19,94.43,0.8952,15.5000,73.7900,0.0000,0.0000,0.9201,0
1409,11:47:50.189,ROI,160,160,192,192,10.11,10.58,0.0,0.0,94.49,551.90,244.36,94.00,97.28,0.9242,13.8100,74.8400,0.0000,0.0000,0.8529,0
1410,11:47:50.236,ROI,160,160,224,224,9.46,9.91,0.0,0.0,100.87,554.54,242.96,92.89,96.78,0.9190,13.9900,72.2600,0.0000,0.0000,0.9191,0
1411,11:47:50.300,ROI,160,160,224,224,9.35,9.88,0.0,0.0,101.20,556.37,240.00,93.38,97.57,0.9056,13.7200,72.0300,0.0000,0.0000,0.8999,0
1412,11:47:50.364,ROI,160,160,224,224,10.79,11.27,0.0,34.675,88.76,557.11,237.94,95.70,100.02,0.9360,13.9800,69.9700,0.0000,0.0000,0.8698,0
1413,11:47:50.410,ROI,160,160,224,224,9.74,10.16,11.275,0.0,98.40,557.85,235.89,96.10,98.45,0.9451,14.4000,69.7900,0.0000,0.0000,0.8774,0
1414,11:47:50.552,ROI,160,160,224,224,10.19,10.65,0.0,36.675,93.88,559.32,233.04,95.79,96.77,0.9155,12.8300,67.2900,0.0000,0.0000,0.8270,0
1415,11:47:50.597,ROI,160,160,224,224,14.69,15.16,0.0,25.775,65.95,560.16,231.74,98.01,95.55,0.9516,13.1700,62.9000,0.0000,0.0000,0.8622,0
1416,11:47:50.649,ROI,160,160,224,224,11.58,12.06,0.0,32.425,82.92,561.37,229.63,98.15,96.36,0.9341,11.2100,60.8900,0.0000,0.0000,0.8402,0
1417,11:47:50.718,ROI,160,160,224,224,9.15,9.61,0.0,0.0,104.04,561.95,228.27,97.71,95.21,0.9608,10.8700,62.1300,0.0000,0.0000,0.8088,0
1418,11:47:50.765,ROI,160,160,224,224,10.35,10.89,0.0,0.0,91.85,563.38,226.24,97.78,93.98,0.9308,11.4200,58.0700,0.0000,0.0000,0.8298,0
1419,11:47:50.827,ROI,160,160,224,224,9.75,10.20,0.0,0.0,98.00,564.11,224.95,97.71,92.88,0.9587,11.4800,55.5900,0.0000,0.0000,0.8127,0
1420,11:47:50.890,ROI,160,160,224,224,11.71,12.18,0.0,0.0,82.13,565.46,222.75,98.63,91.42,0.9282,12.4800,53.9400,0.0000,0.0000,0.8437,0
1421,11:47:50.936,ROI,160,160,224,224,9.40,9.91,0.0,0.0,100.90,566.09,221.40,99.12,89.85,0.9583,12.6100,49.5800,0.0000,0.0000,0.8552,0
1422,11:47:51.075,ROI,160,160,224,224,9.26,9.74,0.0,0.0,102.64,568.53,218.77,101.05,88.27,0.8992,13.8400,50.3100,0.0000,0.0000,0.9019,0
1423,11:47:51.122,ROI,160,160,224,224,9.14,9.55,0.0,40.95,104.73,570.56,217.15,100.00,85.02,0.9255,15.3800,46.5600,0.0000,0.0000,0.9366,0
1424,11:47:51.184,ROI,160,160,224,224,10.46,10.94,0.0,0.0,91.41,572.52,215.43,101.50,84.42,0.9245,13.8700,49.6500,0.0000,0.0000,0.8992,0
1425,11:47:51.246,ROI,160,160,224,224,9.30,9.70,0.0,0.0,103.12,575.12,213.68,103.31,85.40,0.9129,15.4600,44.2300,0.0000,0.0000,0.9249,0
1426,11:47:51.293,ROI,160,160,224,224,9.16,9.58,0.0,0.0,104.42,576.48,212.01,104.13,83.97,0.9368,16.3600,43.4300,0.0000,0.0000,0.9193,0
1427,11:47:51.355,ROI,160,160,224,224,9.47,9.94,0.0,0.0,100.56,577.85,211.38,104.50,84.32,0.9601,15.3800,43.2000,0.0000,0.0000,0.9121,0
1428,11:47:51.418,ROI,160,160,224,224,9.56,10.17,0.0,38.475,98.28,581.54,209.74,109.90,84.35,0.8989,14.7500,41.8400,0.0000,0.0000,0.8997,0
1429,11:47:51.464,ROI,160,160,224,224,9.60,10.14,0.0,38.55,98.60,580.92,209.29,105.95,83.20,0.9510,15.6400,42.6700,0.0000,0.0000,0.9157,0
1430,11:47:51.605,ROI,160,160,224,224,12.55,13.01,0.0,0.0,76.85,586.41,206.66,111.78,81.52,0.8509,17.8700,39.6300,0.0000,0.0000,0.8902,0
1431,11:47:51.652,ROI,160,160,224,224,22.87,23.49,0.0,16.625,42.56,588.59,204.59,114.55,81.69,0.9153,20.1000,36.6900,0.0000,0.0000,0.9152,0
1432,11:47:51.715,ROI,160,160,256,256,12.17,12.69,0.0,30.825,78.77,590.66,205.06,114.08,80.61,0.9519,18.0900,37.6900,0.0000,0.0000,0.8919,0
1433,11:47:51.776,ROI,160,160,256,256,12.00,12.58,0.0,0.0,79.48,593.92,202.71,113.34,81.52,0.8926,16.2300,38.1200,0.0000,0.0000,0.8662,0
1434,11:47:51.824,ROI,160,160,256,256,9.59,10.10,0.0,38.7,99.03,595.26,202.16,114.18,81.20,0.9638,16.1100,37.6400,0.0000,0.0000,0.8666,0
1435,11:47:51.885,ROI,160,160,256,256,15.02,15.69,0.0,24.9,63.74,597.77,199.81,114.86,79.63,0.9038,16.4400,35.2100,0.0000,0.0000,0.8948,0
1436,11:47:51.993,ROI,160,160,256,256,10.59,10.99,0.0,35.575,91.02,602.38,198.81,115.76,75.49,0.8770,17.1300,30.3500,0.0000,0.0000,0.9490,0
1437,11:47:52.055,ROI,160,160,256,256,9.16,9.61,0.0,40.65,104.02,603.06,199.50,116.72,76.93,0.9699,16.9600,30.5100,0.0000,0.0000,0.9457,0
1438,11:47:52.131,ROI,160,160,256,256,10.63,11.04,0.0,35.425,90.55,606.65,198.66,118.62,76.29,0.9210,17.0200,29.4500,0.0000,0.0000,0.9291,0
1439,11:47:52.179,ROI,160,160,256,256,11.53,12.01,0.0,32.525,83.23,605.90,198.11,120.13,77.39,0.9734,17.7900,32.5100,0.0000,0.0000,0.9289,0
1440,11:47:52.244,ROI,160,160,256,256,13.27,13.79,0.0,28.4,72.53,609.67,196.90,117.20,77.28,0.9102,17.5800,31.2300,0.0000,0.0000,0.9320,0
1441,11:47:52.307,ROI,160,160,256,256,10.76,11.25,0.0,34.725,88.90,613.32,196.35,117.04,76.80,0.9268,15.4300,27.7600,0.0000,0.0000,0.9254,0
1442,11:47:52.353,ROI,160,160,256,256,9.79,10.21,0.0,38.275,97.91,614.78,195.76,117.42,76.99,0.9607,15.6400,30.0300,0.0000,0.0000,0.9272,0
1443,11:47:52.481,ROI,160,160,256,256,11.76,12.22,3.325,0.0,81.84,618.42,194.95,118.67,78.74,0.9199,16.4400,25.5700,0.0000,0.0000,0.9089,0
1444,11:47:52.528,ROI,160,160,256,256,12.03,12.56,11.025,0.0,79.59,621.39,194.94,117.30,75.74,0.9153,15.4000,26.6400,0.0000,0.0000,0.8868,0
1445,11:47:52.591,ROI,160,160,256,256,9.48,9.89,0.0,0.0,101.09,623.08,193.89,114.94,77.95,0.9445,10.3900,23.7000,0.0000,0.0000,0.6072,0
1446,11:47:52.653,ROI,160,160,256,256,9.01,9.53,0.0,0.0,104.90,627.48,194.34,116.11,78.29,0.9162,11.9400,23.5300,0.0000,0.0000,0.6300,0
1447,11:47:52.700,ROI,160,160,256,256,14.16,14.66,10.275,0.0,68.20,628.98,193.82,114.66,79.28,0.9617,14.2300,17.6800,0.0000,0.0000,0.7124,0
1448,11:47:52.762,ROI,160,160,256,256,10.87,11.37,0.0,34.375,87.97,632.75,195.08,116.14,78.37,0.9083,14.5000,8.4200,0.0000,0.0000,0.6687,0
1449,11:47:52.835,ROI,160,160,256,256,18.78,19.29,0.0,20.275,51.83,634.30,194.04,113.50,78.26,0.9481,14.9500,16.5000,0.0000,0.0000,0.6802,0
1450,11:47:52.880,ROI,160,160,256,256,10.80,11.31,0.0,34.55,88.43,637.66,193.71,114.51,79.07,0.9333,15.0600,6.4000,0.0000,0.0000,0.6790,0
1451,11:47:53.012,ROI,160,160,256,256,10.04,10.44,0.0,0.0,95.78,641.24,195.51,113.58,78.48,0.8984,17.7300,1.0100,0.0000,0.0000,0.8168,0
1452,11:47:53.059,ROI,160,160,256,256,34.20,34.74,10.75,11.25,28.79,642.76,195.24,113.71,78.37,0.9670,18.6500,-2.5800,0.0000,0.0000,0.8737,0
1453,11:47:53.122,ROI,160,160,256,256,17.74,18.24,0.0,21.425,54.81,646.30,195.37,113.07,79.41,0.9275,18.4900,0.8700,0.0000,0.0000,0.9009,0
1454,11:47:53.185,ROI,160,160,256,256,9.71,10.23,0.0,0.0,97.78,647.84,195.48,111.95,79.41,0.9704,18.6800,-1.8500,0.0000,0.0000,0.9004,0
1455,11:47:53.231,ROI,160,160,224,224,14.84,15.26,11.0,25.6,65.53,648.96,195.03,110.61,77.07,0.9513,20.9200,-1.8100,0.0000,0.0000,0.9231,0
1456,11:47:53.294,ROI,160,160,224,224,17.87,18.38,8.25,0.0,54.41,651.36,195.87,111.71,75.70,0.9374,21.0100,-4.0200,0.0000,0.0000,0.9098,0
1457,11:47:53.357,ROI,160,160,224,224,20.69,21.30,0.0,0.0,46.95,653.52,196.16,112.71,77.08,0.9452,20.8300,-4.4000,0.0000,0.0000,0.8842,0
1458,11:47:53.410,ROI,160,160,256,256,10.77,11.27,0.0,0.0,88.71,658.41,197.17,113.06,77.47,0.8944,20.2800,-4.3400,0.0000,0.0000,0.9181,0
1459,11:47:53.531,ROI,160,160,256,256,13.11,13.60,0.0,0.0,73.50,663.17,197.86,113.98,77.20,0.9038,21.3000,-6.8400,0.0000,0.0000,0.8801,0
1460,11:47:53.585,ROI,160,160,256,256,12.17,12.79,0.0,30.55,78.21,663.69,197.61,114.00,75.84,0.9735,21.8100,-4.8400,0.0000,0.0000,0.9175,0
1461,11:47:53.647,ROI,160,160,256,256,12.78,13.30,0.0,29.375,75.20,666.66,197.90,115.92,76.32,0.9425,21.7700,-6.2100,0.0000,0.0000,0.8862,0
1462,11:47:53.711,ROI,160,160,256,256,32.34,33.15,0.0,11.775,30.16,665.76,197.94,116.00,77.02,0.9756,21.1200,-4.9100,0.0000,0.0000,0.9236,0
1463,11:47:53.773,ROI,160,160,256,256,21.97,22.69,0.0,0.0,44.07,669.58,198.52,116.46,77.41,0.9230,22.0000,-7.1600,0.0000,0.0000,0.8613,0
1464,11:47:53.819,ROI,160,160,256,256,18.10,18.68,0.0,0.0,53.53,668.47,199.17,117.42,76.56,0.9651,21.7700,-6.2800,0.0000,0.0000,0.9034,0
1465,11:47:53.890,ROI,160,160,256,256,18.44,18.91,0.0,0.0,52.89,669.62,198.90,117.84,77.46,0.9695,22.3900,-8.5400,0.0000,0.0000,0.8807,0
1466,11:47:53.998,ROI,160,160,256,256,20.84,21.99,0.0,17.8,45.48,670.57,199.01,118.77,76.91,0.9772,21.9000,-10.2000,0.0000,0.0000,0.8745,0
1467,11:47:54.060,ROI,160,160,256,256,19.55,20.07,0.0,0.0,49.82,670.35,198.52,117.14,76.53,0.9738,22.2900,-9.4000,0.0000,0.0000,0.8974,0
1468,11:47:54.107,ROI,160,160,256,256,17.10,17.73,0.0,0.0,56.41,671.02,198.86,118.58,76.61,0.9791,22.2800,-10.7300,0.0000,0.0000,0.8957,0
1469,11:47:54.169,ROI,160,160,256,256,15.87,16.50,0.0,0.0,60.60,670.74,198.66,117.73,77.54,0.9811,22.1000,-12.3100,0.0000,0.0000,0.8967,0
1470,11:47:54.237,ROI,160,160,256,256,33.14,34.04,0.0,11.475,29.37,671.18,198.78,118.86,76.75,0.9805,22.0100,-11.3400,0.0000,0.0000,0.8981,0
1471,11:47:54.291,ROI,160,160,256,256,11.08,11.69,0.0,33.425,85.55,670.79,198.59,117.92,77.47,0.9829,22.0400,-12.0000,0.0000,0.0000,0.8862,0
1472,11:47:54.410,ROI,160,160,256,256,9.25,9.71,7.3,0.0,102.95,671.46,198.80,119.07,76.90,0.9816,22.0300,-11.8500,0.0000,0.0000,0.9057,0
1473,11:47:54.457,ROI,160,160,256,256,18.64,19.40,0.0,0.0,51.56,670.87,198.72,118.06,77.57,0.9817,21.9100,-11.7300,0.0000,0.0000,0.8840,0
1474,11:47:54.532,ROI,160,160,256,256,11.70,12.13,0.0,0.0,82.45,671.49,198.74,119.34,77.01,0.9822,21.9500,-12.2100,0.0000,0.0000,0.9078,0
1475,11:47:54.596,ROI,160,160,256,256,9.90,10.35,0.0,37.775,96.66,670.92,198.72,118.21,77.54,0.9838,21.9300,-11.8300,0.0000,0.0000,0.8867,0
1476,11:47:54.642,ROI,160,160,256,256,10.89,11.29,0.0,0.0,88.56,671.58,198.75,119.22,76.80,0.9796,22.1000,-12.0100,0.0000,0.0000,0.9090,0
1477,11:47:54.703,ROI,160,160,256,256,9.13,9.54,7.8,0.0,104.81,670.98,198.67,118.27,77.55,0.9804,21.9400,-11.7100,0.0000,0.0000,0.8867,0
1478,11:47:54.775,ROI,160,160,256,256,11.64,12.10,0.0,32.275,82.62,671.54,198.78,119.25,76.77,0.9808,22.0600,-12.0200,0.0000,0.0000,0.9098,0
1479,11:47:54.821,ROI,160,160,256,256,10.40,10.82,0.0,36.1,92.42,671.00,198.69,118.35,77.50,0.9817,21.8800,-11.8500,0.0000,0.0000,0.8854,0
1480,11:47:54.946,ROI,160,160,256,256,9.04,9.46,0.0,41.325,105.72,670.94,198.70,118.21,77.50,0.9984,21.8700,-11.7900,0.0000,0.0000,0.8845,0
1481,11:47:54.992,ROI,160,160,256,256,9.23,9.74,0.0,40.15,102.72,671.49,198.75,119.14,76.85,0.9824,22.0100,-12.1100,0.0000,0.0000,0.9065,0
1482,11:47:55.055,ROI,160,160,256,256,10.92,11.36,0.0,34.375,88.06,670.98,198.67,118.19,77.42,0.9842,21.8900,-11.6500,0.0000,0.0000,0.8863,0
1483,11:47:55.101,ROI,160,160,256,256,8.58,8.97,0.0,0.0,111.44,671.52,198.70,119.12,76.80,0.9831,22.0500,-11.9100,0.0000,0.0000,0.9079,0
1484,11:47:55.163,ROI,160,160,256,256,10.25,10.64,0.0,0.0,93.96,670.94,198.74,118.19,77.44,0.9821,21.8500,-11.7300,0.0000,0.0000,0.8858,0
1485,11:47:55.226,ROI,160,160,256,256,10.18,10.76,0.0,36.325,92.90,671.54,198.77,119.25,76.83,0.9822,21.9400,-12.0700,0.0000,0.0000,0.9054,0
1486,11:47:55.290,ROI,160,160,256,256,9.18,9.66,0.0,40.45,103.50,670.98,198.69,118.24,77.46,0.9828,21.8900,-11.6000,0.0000,0.0000,0.8864,0
1487,11:47:55.337,ROI,160,160,256,256,9.36,9.83,0.0,39.75,101.71,671.54,198.75,119.20,76.98,0.9847,21.9200,-12.2700,0.0000,0.0000,0.9065,0
1488,11:47:55.467,ROI,160,160,256,256,9.79,10.32,3.25,0.0,96.87,671.00,198.72,118.19,77.50,0.9843,21.8500,-11.4100,0.0000,0.0000,0.8835,0
1489,11:47:55.514,ROI,160,160,256,256,9.23,9.71,21.425,0.0,102.96,671.02,198.75,118.21,77.46,0.9989,21.8300,-11.3900,0.0000,0.0000,0.8827,0
1490,11:47:55.580,ROI,160,160,256,256,8.99,9.41,0.0,0.0,106.25,671.02,198.70,118.30,77.57,0.9977,21.6200,-11.3300,0.0000,0.0000,0.8805,0
1491,11:47:55.644,ROI,160,160,256,256,8.40,8.81,7.2,0.0,113.50,671.03,198.74,118.29,77.39,0.9975,21.8500,-11.5200,0.0000,0.0000,0.8829,0
1492,11:47:55.691,ROI,160,160,256,256,8.75,9.16,0.0,0.0,109.17,671.08,198.66,118.34,77.39,0.9971,21.8800,-12.0300,0.0000,0.0000,0.8976,0
1493,11:47:55.754,ROI,160,160,256,256,8.84,9.27,7.275,0.0,107.83,671.14,198.64,118.32,77.57,0.9967,21.8200,-12.3500,0.0000,0.0000,0.8985,0
1494,11:47:55.825,ROI,160,160,256,256,8.43,8.97,0.0,0.0,111.44,671.13,198.69,118.38,77.38,0.9970,21.8800,-12.2400,0.0000,0.0000,0.8956,0
1495,11:47:55.872,ROI,160,160,256,256,8.54,8.94,0.0,0.0,111.80,671.10,198.70,118.21,77.26,0.9971,21.9200,-12.0300,0.0000,0.0000,0.8925,0
1496,11:47:55.996,ROI,160,160,256,256,9.06,9.43,0.0,41.425,106.04,671.13,198.64,118.43,77.55,0.9944,21.8800,-12.0600,0.0000,0.0000,0.8968,0
