frame_id,timestamp,mode,input_width,input_height,roi_w,roi_h,inf_time_ms,end_to_end_time_ms,cpu_load_pct,end_to_end_cpu_load_pct,fps,x_center,y_center,smooth_x,smooth_y,smooth_angle,width,height,iou_prev_bbox,group1_magnitude,group1_angle,group2_magnitude,group2_angle,best_conf,tracking_lost
121,10:26:19.332,ROI,160,160,224,224,11.54,57.65,7.075,31.3,17.35,612.95,70.63,612.98,70.65,-87.84,99.61,62.27,0.9987,12.1300,-2.8400,0.0000,0.0000,0.7745,0
122,10:26:19.396,ROI,160,160,224,224,11.94,61.79,7.6,0.0,16.18,613.05,70.63,612.98,70.65,-52.52,99.40,62.17,0.9963,12.1400,-2.8400,0.0000,0.0000,0.7732,0
123,10:26:19.445,ROI,160,160,224,224,12.87,37.27,21.825,0.0,26.83,612.89,70.78,612.96,70.67,134.95,99.92,62.29,0.9899,11.8400,-2.4600,0.0000,0.0000,0.7882,0
124,10:26:19.508,ROI,160,160,224,224,10.74,55.19,0.0,0.0,18.12,613.11,70.62,612.99,70.66,-25.25,99.40,62.29,0.9895,11.8300,-2.9000,0.0000,0.0000,0.7743,0
125,10:26:19.573,ROI,160,160,224,224,11.12,58.78,7.375,0.0,17.01,612.83,70.81,612.96,70.69,135.55,100.00,62.33,0.9878,12.0400,-2.6700,0.0000,0.0000,0.7849,0
126,10:26:19.619,ROI,160,160,224,224,8.74,36.71,0.0,0.0,27.24,613.01,70.63,612.97,70.68,-42.87,99.68,62.41,0.9907,12.1400,-3.0600,0.0000,0.0000,0.7743,0
127,10:26:19.748,ROI,160,160,224,224,17.34,130.46,0.0,21.375,7.66,612.89,70.80,612.95,70.70,124.08,99.97,62.30,0.9917,11.7100,-2.8700,0.0000,0.0000,0.7836,0
128,10:26:19.795,ROI,160,160,224,224,16.51,39.36,0.0,0.0,25.41,613.26,70.63,613.02,70.69,-9.10,99.68,62.38,0.9873,11.9800,-2.8600,0.0000,0.0000,0.7756,0
129,10:26:19.863,ROI,160,160,224,224,12.58,56.63,0.0,28.925,17.66,612.89,70.77,613.00,70.70,142.04,100.20,62.47,0.9882,11.7200,-2.8300,0.0000,0.0000,0.7794,0
130,10:26:19.910,ROI,160,160,224,224,21.85,46.45,0.0,0.0,21.53,614.04,70.80,613.27,70.74,7.89,100.13,62.01,0.9700,11.9100,-1.8500,0.0000,0.0000,0.7964,0
131,10:26:19.972,ROI,160,160,224,224,17.98,49.16,0.0,0.0,20.34,614.97,70.92,613.76,70.79,5.41,100.37,62.38,0.9759,11.1000,-3.8300,0.0000,0.0000,0.7260,0
132,10:26:20.037,ROI,160,160,224,224,11.02,50.18,8.475,0.0,19.93,615.60,70.88,614.34,70.83,4.42,100.10,62.02,0.9818,12.0900,-3.6800,0.0000,0.0000,0.7401,0
133,10:26:20.100,ROI,160,160,224,224,24.35,68.92,7.725,15.4,14.51,617.00,71.13,615.22,70.92,5.96,100.28,62.09,0.9646,10.8300,-3.1900,0.0000,0.0000,0.7545,0
134,10:26:20.212,ROI,160,160,224,224,12.29,89.71,4.5,0.0,11.15,620.88,71.58,616.96,71.13,6.98,99.88,61.89,0.9126,9.7100,-3.8200,0.0000,0.0000,0.7432,0
135,10:26:20.264,ROI,160,160,224,224,25.10,56.99,0.0,0.0,17.55,621.68,71.47,618.67,71.28,4.82,100.27,62.44,0.9755,10.3800,-6.1000,0.5500,-3.9600,0.6957,0
136,10:26:20.324,ROI,160,160,224,224,14.37,38.95,0.0,0.0,25.67,624.72,71.85,620.93,71.50,5.54,98.50,63.08,0.9297,9.7400,-4.8200,0.0000,0.0000,0.7423,0
137,10:26:20.388,ROI,160,160,224,224,12.19,54.67,0.0,0.0,18.29,625.78,71.93,623.11,71.71,5.59,99.54,63.41,0.9740,10.5300,-5.1900,0.0000,0.0000,0.7474,0
138,10:26:20.437,ROI,160,160,224,224,15.20,41.20,10.85,0.0,24.27,628.98,72.59,625.77,72.05,7.18,98.01,63.36,0.9186,11.1900,-3.5000,0.0000,0.0000,0.7556,0
139,10:26:20.505,ROI,160,160,224,224,19.57,63.64,0.0,0.0,15.71,629.85,73.02,628.20,72.45,9.46,97.15,63.62,0.9691,11.2800,-4.7300,0.0000,0.0000,0.7798,0
140,10:26:20.611,ROI,160,160,224,224,14.02,91.61,0.0,0.0,10.92,635.31,73.29,631.62,72.86,6.82,99.54,63.73,0.8876,10.3300,-4.8000,0.0000,0.0000,0.7354,0
141,10:26:20.676,ROI,160,160,224,224,23.09,63.90,7.9,0.0,15.65,638.36,73.96,635.25,73.36,7.88,99.92,64.83,0.9218,11.2100,-6.2400,0.0000,0.0000,0.7093,0
142,10:26:20.740,ROI,160,160,224,224,11.86,44.43,0.0,0.0,22.51,640.09,74.28,638.65,73.88,8.60,101.56,65.21,0.9569,10.9300,-6.0800,0.0000,0.0000,0.7146,0
143,10:26:20.788,ROI,160,160,224,224,12.27,40.89,10.975,0.0,24.46,640.71,73.91,641.56,74.18,5.95,100.59,63.21,0.9574,10.2300,-6.3500,0.0000,0.0000,0.7090,0
144,10:26:20.852,ROI,160,160,224,224,16.67,60.52,15.25,0.0,16.52,644.33,74.45,644.75,74.57,6.88,100.55,63.52,0.9153,11.2300,-7.2100,0.0000,0.0000,0.6951,0
145,10:26:20.916,ROI,160,160,224,224,11.82,50.82,0.0,0.0,19.68,645.89,74.63,647.66,74.90,6.64,100.62,63.38,0.9639,10.5700,-6.4800,0.6300,-11.5600,0.7573,0
146,10:26:20.964,ROI,160,160,224,224,17.33,45.68,11.15,0.0,21.89,649.05,75.46,650.68,75.39,9.13,100.06,64.48,0.9158,11.8900,-6.5900,0.6200,-11.6600,0.7350,0
147,10:26:21.092,ROI,160,160,224,224,12.92,114.74,0.0,0.0,8.72,653.42,76.15,654.12,75.94,9.06,100.38,65.66,0.8979,13.8200,-9.5500,0.0000,0.0000,0.7645,0
148,10:26:21.140,ROI,160,160,224,224,14.36,41.35,0.0,25.75,24.18,655.60,76.61,657.29,76.50,10.08,100.98,65.63,0.9445,13.9600,-10.9900,0.0000,0.0000,0.7836,0
149,10:26:21.203,ROI,160,160,224,224,10.08,51.17,8.15,0.0,19.54,659.03,77.39,660.57,77.13,10.85,99.69,66.05,0.9127,14.9500,-10.7500,0.0000,0.0000,0.8220,0
150,10:26:21.268,ROI,160,160,224,224,13.10,60.12,7.3,0.0,16.63,660.61,77.38,663.41,77.63,9.93,100.66,65.90,0.9668,16.1000,-14.6600,0.0000,0.0000,0.8309,0
151,10:26:21.314,ROI,160,160,224,224,15.78,41.10,0.0,23.65,24.33,664.35,78.23,666.43,78.23,11.25,99.12,66.46,0.9050,16.1300,-14.7300,0.0000,0.0000,0.8517,0
152,10:26:21.380,ROI,160,160,224,224,17.89,59.01,7.95,20.475,16.95,666.14,78.86,669.05,78.85,13.38,97.58,66.43,0.9465,17.3200,-16.6300,0.0000,0.0000,0.8827,0
153,10:26:21.444,ROI,160,160,224,224,10.79,47.82,8.7,0.0,20.91,668.37,79.44,671.47,79.47,14.22,100.66,67.84,0.9363,17.2300,-16.1500,0.0000,0.0000,0.8925,0
154,10:26:21.491,ROI,160,160,224,224,14.52,43.50,22.0,0.0,22.99,669.83,79.69,673.48,80.01,15.08,101.22,67.66,0.9642,17.7800,-17.4200,0.0000,0.0000,0.8721,0
155,10:26:21.621,ROI,160,160,224,224,10.30,118.90,0.0,0.0,8.41,674.10,80.68,675.93,80.65,14.75,101.18,67.27,0.8935,18.8600,-19.6600,0.0000,0.0000,0.8511,0
156,10:26:21.668,ROI,160,160,224,224,12.00,40.09,10.875,0.0,24.94,675.83,81.52,678.07,81.37,18.60,101.49,67.73,0.9429,18.6500,-20.0500,0.0000,0.0000,0.8721,0
157,10:26:21.732,ROI,160,160,224,224,19.28,60.95,0.0,0.0,16.41,680.08,82.42,680.65,82.14,16.64,99.46,68.28,0.8960,19.6900,-20.7900,0.0000,0.0000,0.8813,0
158,10:26:21.795,ROI,160,160,224,224,18.14,54.15,9.05,0.0,18.47,681.27,82.89,682.81,82.88,18.79,98.80,66.63,0.9528,19.0300,-21.5100,0.0000,0.0000,0.8493,0
159,10:26:21.859,ROI,160,160,224,224,15.21,52.05,8.675,24.35,19.21,685.38,83.85,685.46,83.68,16.78,96.50,67.91,0.8948,18.1800,-24.4100,0.0000,0.0000,0.8234,0
160,10:26:21.907,ROI,160,160,224,224,14.22,38.54,12.3,0.0,25.95,686.62,84.60,687.72,84.49,19.91,98.80,67.62,0.9537,17.6600,-23.0200,0.0000,0.0000,0.8661,0
161,10:26:21.971,ROI,160,160,224,224,12.19,53.12,8.0,0.0,18.83,690.19,84.97,690.28,85.21,15.68,95.40,67.03,0.9194,17.3900,-24.9100,0.0000,0.0000,0.8744,0
162,10:26:22.036,ROI,160,160,192,192,10.43,55.11,7.55,0.0,18.14,692.09,86.03,692.73,86.05,18.73,93.54,69.90,0.9222,17.0700,-22.3700,0.0000,0.0000,0.9027,0
163,10:26:22.086,ROI,160,160,192,192,13.65,43.67,20.2,0.0,22.90,695.05,87.59,695.35,87.09,21.66,95.81,71.11,0.8997,17.8400,-22.8100,0.0000,0.0000,0.8847,0
164,10:26:22.210,ROI,160,160,192,192,11.45,111.08,3.55,0.0,9.00,697.95,89.12,697.89,88.28,25.16,96.31,71.03,0.9026,17.6800,-26.5300,0.0000,0.0000,0.8814,0
165,10:26:22.259,ROI,160,160,224,224,13.43,43.46,10.525,27.175,23.01,699.79,89.43,700.33,89.33,23.20,95.35,70.97,0.9543,16.4500,-30.9000,0.0000,0.0000,0.8690,0
166,10:26:22.323,ROI,160,160,192,192,14.73,57.27,0.0,0.0,17.46,702.07,90.61,702.64,90.43,25.64,96.22,72.91,0.9232,16.7500,-29.4600,0.0000,0.0000,0.8517,0
167,10:26:22.388,ROI,160,160,224,224,9.97,51.05,7.975,0.0,19.59,704.58,91.10,705.08,91.44,22.38,95.13,71.64,0.9327,16.9500,-30.8100,0.0000,0.0000,0.8783,0
168,10:26:22.435,ROI,160,160,192,192,9.56,39.40,10.625,0.0,25.38,707.38,94.14,707.54,92.97,31.84,93.71,73.43,0.8686,15.6900,-35.5600,0.0000,0.0000,0.8275,0
169,10:26:22.500,ROI,160,160,192,192,16.59,64.19,14.35,22.3,15.58,709.04,93.04,709.95,93.87,20.64,94.15,71.68,0.9370,15.4100,-35.4100,0.0000,0.0000,0.8192,0
170,10:26:22.612,ROI,160,160,192,192,13.18,102.30,4.125,0.0,9.78,712.17,95.39,712.30,95.15,28.54,92.63,72.50,0.8780,14.8500,-37.7300,0.0000,0.0000,0.8066,0
171,10:26:22.675,ROI,160,160,192,192,14.37,56.22,7.975,0.0,17.79,714.35,96.50,714.50,96.39,29.34,92.87,73.12,0.9258,13.3600,-41.2900,0.4000,-40.8800,0.7904,0
172,10:26:22.740,ROI,160,160,192,192,10.82,55.23,0.0,0.0,18.11,716.88,98.29,716.77,97.78,31.55,94.52,75.46,0.9038,13.3200,-43.4600,0.0000,0.0000,0.7751,0
173,10:26:22.788,ROI,160,160,192,192,15.33,44.59,10.75,0.0,22.43,718.42,99.21,718.99,99.15,31.73,94.07,76.54,0.9450,13.6400,-41.9700,1.1000,-41.2000,0.7913,0
174,10:26:22.851,ROI,160,160,192,192,15.03,54.34,8.325,0.0,18.40,722.61,101.53,721.63,100.80,31.95,96.90,78.00,0.8645,13.0500,-40.6600,0.7200,-44.9600,0.7911,0
175,10:26:22.915,ROI,160,160,224,224,14.66,57.27,0.0,0.0,17.46,722.97,101.86,723.82,102.20,32.57,93.45,75.45,0.9328,16.1400,-36.5600,0.3800,-36.9300,0.7811,0
176,10:26:22.963,ROI,160,160,192,192,13.05,37.40,11.975,28.2,26.74,725.97,103.86,726.19,103.75,33.25,94.75,76.72,0.8915,13.1900,-46.9500,0.0000,0.0000,0.7634,0
177,10:26:23.027,ROI,160,160,192,192,11.39,55.26,0.0,0.0,18.10,726.88,104.88,728.04,105.19,37.82,94.22,78.50,0.9555,13.7400,-42.1200,0.0000,0.0000,0.7778,0
178,10:26:23.156,ROI,160,160,192,192,12.64,123.78,0.0,0.0,8.08,731.36,106.45,730.54,106.68,30.73,91.87,78.02,0.8741,13.4800,-52.4500,0.0000,0.0000,0.7905,0
179,10:26:23.204,ROI,160,160,192,192,17.37,43.84,11.3,0.0,22.81,733.75,108.68,732.95,108.35,34.73,91.38,79.61,0.8984,13.9000,-49.4400,0.0000,0.0000,0.7986,0
180,10:26:23.268,ROI,160,160,192,192,19.69,57.58,17.125,18.95,17.37,736.01,108.96,735.41,109.74,29.45,91.42,79.22,0.9450,14.9600,-45.4400,0.0000,0.0000,0.8399,0
181,10:26:23.332,ROI,160,160,192,192,26.38,62.27,9.0,0.0,16.06,738.06,110.12,737.68,111.04,29.91,92.40,78.16,0.9291,14.4300,-43.3900,0.0000,0.0000,0.8176,0
182,10:26:23.379,ROI,160,160,192,192,17.98,31.59,19.425,19.675,31.65,738.71,110.49,739.55,112.07,28.76,91.22,76.79,0.9688,14.2400,-39.5200,0.0000,0.0000,0.7907,0
183,10:26:23.444,ROI,160,160,192,192,11.14,47.89,8.7,0.0,20.88,741.37,112.50,741.61,113.30,30.84,89.80,77.48,0.8964,14.6200,-44.5900,0.0000,0.0000,0.8083,0
184,10:26:23.508,ROI,160,160,192,192,18.60,62.89,15.15,20.125,15.90,741.52,112.73,743.27,114.28,30.59,89.50,75.68,0.9735,14.3500,-45.4800,0.0000,0.0000,0.8230,0
185,10:26:23.556,ROI,160,160,192,192,18.94,40.20,0.0,0.0,24.88,744.05,114.82,744.96,115.47,35.00,87.64,76.97,0.8956,13.9100,-49.9900,0.0000,0.0000,0.8001,0
186,10:26:23.685,ROI,160,160,192,192,16.76,118.20,0.0,0.0,8.46,747.28,118.02,747.08,117.14,38.28,86.40,78.74,0.8577,13.7400,-54.2900,0.0000,0.0000,0.8414,0
187,10:26:23.733,ROI,160,160,192,192,20.61,42.42,26.125,0.0,23.57,748.45,119.10,748.83,118.68,41.41,87.01,77.77,0.9470,14.2500,-51.1700,0.0000,0.0000,0.8117,0
188,10:26:23.795,ROI,160,160,192,192,12.94,46.72,0.0,27.95,21.41,749.09,120.28,750.35,120.16,44.20,86.52,78.24,0.9562,13.7400,-49.7500,0.3400,-45.1000,0.8070,0
189,10:26:23.859,ROI,160,160,192,192,10.00,52.07,0.0,0.0,19.20,750.96,122.75,751.76,121.89,50.76,85.24,77.96,0.9001,12.5100,-54.5700,0.0000,0.0000,0.8021,0
190,10:26:23.907,ROI,160,160,192,192,12.49,43.67,10.55,0.0,22.90,751.98,123.20,753.10,123.33,47.07,84.65,78.86,0.9652,14.5000,-55.0300,0.0000,0.0000,0.8450,0
191,10:26:23.971,ROI,160,160,192,192,10.54,52.42,7.65,0.0,19.08,753.52,126.26,754.33,125.24,57.26,83.81,80.75,0.8941,14.2200,-60.5700,0.0000,0.0000,0.8539,0
192,10:26:24.036,ROI,160,160,192,192,9.92,56.24,7.4,0.0,17.78,755.00,126.66,755.60,126.83,51.44,83.15,79.44,0.9496,15.2200,-58.9800,0.0000,0.0000,0.8805,0
193,10:26:24.084,ROI,160,160,192,192,10.08,41.79,10.425,0.0,23.93,757.33,129.77,757.04,128.79,53.74,83.35,81.67,0.8772,13.7900,-61.7300,0.0000,0.0000,0.8394,0
194,10:26:24.213,ROI,160,160,192,192,18.42,128.92,3.325,19.95,7.76,761.24,133.20,759.04,131.15,49.62,81.08,82.14,0.8392,14.1100,-64.4200,1.0400,-65.2300,0.8462,0
195,10:26:24.259,ROI,160,160,192,192,13.09,32.68,28.825,0.0,30.60,761.16,134.64,760.58,133.43,55.90,81.10,82.82,0.9637,14.8600,-66.6900,0.0000,0.0000,0.8561,0
196,10:26:24.325,ROI,160,160,192,192,19.05,62.92,0.0,0.0,15.89,762.55,136.12,762.09,135.58,55.02,81.49,82.52,0.9329,14.3000,-66.6900,0.0000,0.0000,0.8413,0
197,10:26:24.388,ROI,160,160,192,192,15.88,51.16,8.925,0.0,19.55,763.02,136.38,763.31,137.37,55.60,82.86,81.62,0.9729,14.6100,-67.2400,1.5100,-67.9200,0.8469,0
198,10:26:24.436,ROI,160,160,192,192,15.12,39.85,0.0,0.0,25.09,764.80,138.39,764.61,139.06,52.60,82.82,82.61,0.9132,14.2900,-69.8000,0.0000,0.0000,0.8374,0
199,10:26:24.499,ROI,160,160,192,192,13.13,52.83,0.0,0.0,18.93,765.48,139.56,765.78,140.79,55.97,81.22,82.87,0.9535,13.9900,-69.9700,0.3800,-70.6800,0.7913,0
200,10:26:24.612,ROI,160,160,192,192,12.79,106.21,3.925,0.0,9.42,766.74,142.34,766.89,142.73,60.18,80.54,82.94,0.9073,14.3600,-69.8200,0.0000,0.0000,0.8002,0
201,10:26:24.677,ROI,160,160,192,192,19.56,63.32,15.375,19.125,15.79,767.16,145.25,767.80,144.96,67.85,81.02,84.78,0.9233,14.4600,-73.0300,0.0000,0.0000,0.8264,0
202,10:26:24.740,ROI,160,160,192,192,13.54,48.42,0.0,0.0,20.65,768.40,148.43,768.72,147.46,69.62,79.54,88.60,0.9023,15.0200,-74.5000,0.0000,0.0000,0.8426,0
203,10:26:24.787,ROI,160,160,192,192,12.39,39.94,11.65,0.0,25.03,769.12,149.24,769.63,149.62,67.33,77.29,86.86,0.9527,16.5900,-74.9600,0.0000,0.0000,0.8645,0
204,10:26:24.853,ROI,160,160,192,192,11.52,56.21,7.525,0.0,17.79,769.52,151.45,770.20,151.73,74.82,79.56,86.51,0.9239,14.5100,-77.2600,0.0000,0.0000,0.8063,0
205,10:26:24.916,ROI,160,160,192,192,18.60,63.48,0.0,20.25,15.75,769.83,153.30,770.78,153.86,74.70,80.51,87.12,0.9470,14.5000,-78.6200,0.0000,0.0000,0.7858,0
206,10:26:24.979,ROI,160,160,192,192,14.47,51.24,9.0,0.0,19.51,771.75,154.70,771.60,155.74,66.37,79.87,86.11,0.9236,15.7100,-76.5700,0.0000,0.0000,0.8093,0
207,10:26:25.028,ROI,160,160,192,192,16.73,44.71,0.0,0.0,22.37,770.81,155.44,772.08,157.30,73.21,79.26,85.98,0.9603,14.5800,-76.8000,0.0000,0.0000,0.8087,0
208,10:26:25.159,ROI,160,160,192,192,18.83,122.36,10.325,0.0,8.17,772.42,159.13,772.62,159.33,75.09,80.62,86.28,0.8829,15.4500,-81.7800,0.0000,0.0000,0.8134,0
209,10:26:25.206,ROI,160,160,192,192,15.76,35.89,14.375,0.0,27.87,772.84,161.74,773.03,161.39,78.61,82.50,88.48,0.9209,17.8400,-83.2700,0.0000,0.0000,0.8281,0
210,10:26:25.269,ROI,160,160,192,192,12.51,51.66,8.45,28.3,19.36,773.72,162.61,773.46,163.19,76.48,80.68,86.87,0.9586,17.1900,-85.7400,0.0000,0.0000,0.8259,0
211,10:26:25.333,ROI,160,160,192,192,19.22,62.50,7.725,0.0,16.00,774.44,164.02,773.88,164.84,75.76,78.52,86.41,0.9424,17.1900,-86.5900,0.0000,0.0000,0.8358,0
212,10:26:25.379,ROI,160,160,192,192,15.48,31.80,15.25,0.0,31.45,774.29,164.88,774.20,166.32,77.92,78.58,86.30,0.9765,16.4900,-86.2100,0.0000,0.0000,0.8138,0
213,10:26:25.444,ROI,160,160,192,192,15.14,55.12,7.975,24.75,18.14,775.72,166.75,774.69,167.80,71.65,76.92,85.46,0.9234,15.9800,-87.5100,0.0000,0.0000,0.8578,0
214,10:26:25.508,ROI,160,160,192,192,13.75,53.82,8.175,0.0,18.58,775.43,167.86,775.10,169.23,73.89,78.46,87.53,0.9556,17.5500,-87.4000,0.0000,0.0000,0.8378,0
215,10:26:25.555,ROI,160,160,192,192,11.85,35.28,12.15,0.0,28.35,775.83,170.10,775.46,170.81,77.22,79.63,86.14,0.9362,15.9400,-87.1400,0.0000,0.0000,0.8723,0
216,10:26:25.683,ROI,160,160,192,192,12.19,121.10,0.0,0.0,8.26,777.34,174.63,775.98,173.00,76.81,79.68,85.99,0.8680,17.0800,-90.0900,0.0000,0.0000,0.8888,0
217,10:26:25.732,ROI,160,160,192,192,16.33,45.16,0.0,45.55,22.14,776.28,175.52,776.10,174.93,86.26,79.57,84.43,0.9538,18.3100,-90.0200,0.0000,0.0000,0.8704,0
218,10:26:25.795,ROI,160,160,192,192,19.65,59.52,0.0,19.025,16.80,776.28,176.98,776.24,176.80,85.79,81.55,85.25,0.9431,18.4400,-88.4500,0.0000,0.0000,0.8715,0
219,10:26:25.859,ROI,160,160,192,192,15.56,50.80,0.0,24.1,19.68,776.34,179.07,776.32,178.66,87.47,82.72,85.88,0.9391,19.8500,-92.1300,0.0000,0.0000,0.8933,0
220,10:26:25.907,ROI,160,160,192,192,13.89,39.97,12.225,0.0,25.02,776.37,179.74,776.43,180.34,86.25,84.20,85.63,0.9672,20.1700,-93.2000,0.0000,0.0000,0.8857,0
221,10:26:25.971,ROI,160,160,192,192,12.19,53.87,8.05,0.0,18.56,775.60,181.23,776.33,181.85,93.87,82.14,85.22,0.9424,20.2600,-95.1300,0.0000,0.0000,0.8827,0
222,10:26:26.035,ROI,160,160,192,192,14.76,58.73,0.0,0.0,17.03,776.80,182.79,776.57,183.48,81.47,82.82,85.16,0.9370,20.1000,-96.5600,0.0000,0.0000,0.8972,0
223,10:26:26.083,ROI,160,160,192,192,13.53,38.85,12.15,0.0,25.74,777.25,185.78,776.85,185.37,81.74,84.72,86.53,0.9123,20.1800,-97.7600,0.0000,0.0000,0.8936,0
224,10:26:26.212,ROI,160,160,192,192,13.50,120.89,3.425,0.0,8.27,777.13,191.20,776.81,188.06,90.72,85.91,92.99,0.8741,21.6700,-95.7800,0.0000,0.0000,0.9138,0
225,10:26:26.259,ROI,160,160,192,192,15.31,41.88,11.675,24.35,23.88,776.65,192.19,776.72,190.42,92.33,83.66,89.29,0.9352,20.3000,-93.3200,0.0000,0.0000,0.8634,0
226,10:26:26.323,ROI,160,160,192,192,12.90,54.38,0.0,0.0,18.39,776.08,193.86,776.44,192.66,97.04,84.49,89.62,0.9506,20.5400,-93.3400,0.0000,0.0000,0.8574,0
227,10:26:26.388,ROI,160,160,192,192,13.19,56.42,7.6,27.775,17.72,776.11,194.85,776.24,194.76,95.34,85.12,90.52,0.9712,21.0000,-96.3800,0.0000,0.0000,0.8523,0
228,10:26:26.451,ROI,160,160,192,192,13.70,57.54,7.95,0.0,17.38,775.62,197.01,775.88,196.92,99.65,85.07,91.86,0.9429,23.6800,-99.6400,0.0000,0.0000,0.9241,0
229,10:26:26.499,ROI,160,160,192,192,16.92,41.21,0.0,0.0,24.27,773.84,198.54,775.11,199.04,109.89,84.97,92.05,0.9283,22.1700,-101.4200,0.0000,0.0000,0.9037,0
230,10:26:26.626,ROI,160,160,192,192,16.45,116.37,3.575,0.0,8.59,774.90,202.27,774.69,201.59,99.27,85.82,93.78,0.9008,22.0200,-103.3900,0.0000,0.0000,0.9536,0
231,10:26:26.675,ROI,160,160,192,192,13.02,37.09,12.425,0.0,26.96,773.30,205.05,773.96,204.22,105.54,88.19,94.67,0.9097,21.2000,-103.4800,0.0000,0.0000,0.9052,0
232,10:26:26.739,ROI,160,160,192,192,20.18,63.87,0.0,0.0,15.66,773.00,206.78,773.23,206.57,107.18,86.47,93.84,0.9455,20.3600,-102.1900,0.0000,0.0000,0.8789,0
233,10:26:26.788,ROI,160,160,192,192,18.03,38.17,14.25,0.0,26.20,773.24,208.74,772.70,208.92,102.83,88.93,96.47,0.9333,20.9700,-103.4800,0.0000,0.0000,0.9055,0
234,10:26:26.851,ROI,160,160,224,224,17.13,54.72,8.75,0.0,18.27,769.58,210.13,771.34,211.01,123.00,82.99,96.60,0.8934,16.2400,-111.3300,0.0000,0.0000,0.8443,0
235,10:26:26.914,ROI,160,160,224,224,25.07,61.25,8.65,0.0,16.33,769.56,209.92,770.26,212.46,126.77,78.60,90.41,0.8864,13.0100,-112.0700,0.0000,0.0000,0.8589,0
236,10:26:26.980,ROI,160,160,192,192,16.95,49.09,9.85,21.475,20.37,770.54,215.13,769.53,214.84,106.93,83.21,94.10,0.8451,17.9900,-109.6200,0.0000,0.0000,0.8795,0
237,10:26:27.026,ROI,160,160,192,192,18.71,39.52,0.0,0.0,25.30,770.20,215.67,769.03,216.86,103.88,82.96,92.22,0.9722,17.8700,-107.3300,0.0000,0.0000,0.8347,0
238,10:26:27.155,ROI,160,160,192,192,17.88,118.38,3.6,0.0,8.45,766.64,219.22,767.68,219.12,120.90,83.65,93.29,0.8528,19.5000,-109.7300,0.0000,0.0000,0.8849,0
239,10:26:27.203,ROI,160,160,192,192,16.88,38.35,13.075,22.0,26.08,766.44,221.16,766.57,221.19,118.23,85.85,90.74,0.9351,17.9800,-115.0200,0.6800,-111.5200,0.9071,0
240,10:26:27.267,ROI,160,160,192,192,17.60,57.02,8.575,21.225,17.54,764.92,222.74,765.28,223.16,123.32,87.14,90.32,0.9328,18.3500,-113.9900,0.5500,-109.4800,0.9032,0
241,10:26:27.332,ROI,160,160,192,192,20.00,58.53,8.375,18.925,17.08,763.00,226.56,763.74,225.58,122.33,87.30,93.91,0.8823,18.0600,-114.6400,0.0000,0.0000,0.9166,0
242,10:26:27.380,ROI,160,160,192,192,18.03,39.92,14.075,0.0,25.05,762.29,227.10,762.39,227.62,123.49,87.44,91.63,0.9602,17.3900,-116.3900,0.0000,0.0000,0.9204,0
243,10:26:27.444,ROI,160,160,192,192,18.74,55.03,8.75,0.0,18.17,760.91,228.98,760.91,229.60,126.93,87.29,93.92,0.9310,17.9200,-116.2800,0.0000,0.0000,0.9347,0
244,10:26:27.508,ROI,160,160,192,192,12.98,49.42,8.8,28.4,20.24,760.68,230.80,759.74,231.59,120.27,87.97,96.17,0.9551,18.4900,-117.5900,0.0000,0.0000,0.9472,0
245,10:26:27.556,ROI,160,160,224,224,14.81,43.60,11.225,0.0,22.94,759.92,232.97,758.68,233.61,117.78,85.75,96.80,0.9324,16.8500,-116.6500,0.4200,-109.6000,0.9387,0
246,10:26:27.684,ROI,160,160,224,224,17.05,122.23,3.5,0.0,8.18,756.35,236.82,756.85,235.87,128.99,86.63,92.61,0.8515,16.7900,-117.9300,0.5500,-114.6700,0.9435,0
247,10:26:27.731,ROI,160,160,192,192,15.33,37.76,0.0,0.0,26.48,753.66,237.69,754.79,237.83,136.43,92.78,93.24,0.9166,18.7800,-118.3000,0.5200,-111.5700,0.9567,0
248,10:26:27.796,ROI,160,160,192,192,14.75,54.44,8.175,25.35,18.37,752.08,238.08,752.78,239.36,142.69,92.86,90.01,0.9335,17.2100,-119.5600,0.4200,-112.5700,0.9554,0
249,10:26:27.860,ROI,160,160,192,192,11.83,53.99,0.0,0.0,18.52,750.45,239.54,750.80,240.77,144.60,94.61,89.89,0.9357,16.9800,-121.3000,0.0000,0.0000,0.9409,0
250,10:26:27.908,ROI,160,160,192,192,14.41,43.51,21.625,0.0,22.99,750.77,241.90,749.36,242.46,130.37,95.59,92.40,0.9397,18.6700,-120.9600,0.4900,-110.9300,0.9526,0
251,10:26:27.971,ROI,160,160,192,192,20.31,61.54,8.3,0.0,16.25,747.05,244.38,747.44,244.38,134.98,97.46,92.95,0.8792,17.4800,-120.7300,0.4000,-111.4000,0.9317,0
252,10:26:28.035,ROI,160,160,224,224,13.51,50.00,0.0,0.0,20.00,745.95,246.95,745.61,246.57,129.88,95.68,92.16,0.9252,15.1700,-122.4200,0.0000,0.0000,0.9064,0
253,10:26:28.086,ROI,160,160,192,192,16.43,45.19,10.875,0.0,22.13,742.58,247.69,743.30,248.40,141.69,97.70,87.66,0.8889,16.2900,-123.6400,3.6700,-114.4300,0.8946,0
254,10:26:28.211,ROI,160,160,224,224,19.40,121.40,0.0,19.275,8.24,740.94,252.19,741.07,250.63,134.97,96.45,92.96,0.8767,15.8300,-120.3300,2.4400,-118.2600,0.9026,0
255,10:26:28.259,ROI,160,160,224,224,13.46,33.01,14.35,0.0,30.30,738.78,253.51,738.81,252.70,137.46,97.33,92.36,0.9303,16.0000,-119.2100,0.0000,0.0000,0.8782,0
256,10:26:28.323,ROI,160,160,224,224,14.16,57.01,0.0,0.0,17.54,735.13,254.79,736.15,254.59,144.63,98.78,89.08,0.8966,15.5600,-120.5100,0.0000,0.0000,0.8683,0
257,10:26:28.387,ROI,160,160,224,224,13.50,54.96,0.0,0.0,18.19,734.01,255.72,733.75,256.31,144.33,98.71,87.99,0.9574,15.1700,-124.3900,0.0000,0.0000,0.8714,0
258,10:26:28.436,ROI,160,160,224,224,22.39,52.02,11.15,16.775,19.22,731.17,257.27,731.19,257.97,147.18,97.30,88.33,0.9122,14.3400,-125.5300,0.0000,0.0000,0.8573,0
259,10:26:28.499,ROI,160,160,224,224,17.27,48.45,0.0,0.0,20.64,730.58,258.12,729.19,259.46,143.29,103.05,90.41,0.9224,15.4200,-126.5700,0.0000,0.0000,0.8646,0
260,10:26:28.613,ROI,160,160,224,224,30.36,118.76,4.05,37.475,8.42,727.26,259.75,726.73,260.82,151.03,105.88,86.46,0.8991,16.4800,-135.1400,0.0000,0.0000,0.8662,0
261,10:26:28.675,ROI,160,160,224,224,17.13,40.64,12.65,21.75,24.61,725.49,261.42,724.50,262.12,149.77,103.36,86.59,0.9307,16.4600,-135.8800,0.0000,0.0000,0.8297,0
262,10:26:28.740,ROI,160,160,224,224,20.29,58.87,0.0,0.0,16.99,721.65,261.06,721.82,262.92,163.39,101.46,82.49,0.8850,17.0100,-136.3500,0.0000,0.0000,0.8138,0
263,10:26:28.788,ROI,160,160,224,224,19.73,38.69,14.575,18.975,25.85,722.60,263.38,719.94,263.98,150.48,107.48,82.82,0.8936,15.1900,-141.1700,0.0000,0.0000,0.7772,0
264,10:26:28.852,ROI,160,160,224,224,15.23,51.97,8.85,0.0,19.24,718.89,263.91,717.89,264.87,156.55,109.82,83.33,0.9225,16.0000,-144.0000,0.0000,0.0000,0.7727,0
265,10:26:28.915,ROI,160,160,224,224,20.22,58.96,8.45,18.5,16.96,718.50,265.25,716.29,266.02,144.29,109.96,83.75,0.9616,15.9200,-143.6500,0.0000,0.0000,0.7874,0
266,10:26:28.963,ROI,160,160,224,224,21.88,42.29,14.25,51.55,23.64,713.02,267.06,713.62,267.07,158.52,109.02,83.55,0.8681,15.1400,-144.7600,0.0000,0.0000,0.7341,0
267,10:26:29.091,ROI,160,160,224,224,24.92,122.94,0.0,15.15,8.13,709.04,269.31,710.46,268.52,155.26,116.44,81.69,0.8846,13.3900,-149.4400,0.7200,-150.9800,0.7708,0
268,10:26:29.140,ROI,160,160,256,256,26.07,39.77,17.175,29.0,25.14,709.43,269.42,708.33,269.53,154.82,113.63,79.79,0.9532,14.6400,-150.3400,0.0000,0.0000,0.7638,0
269,10:26:29.205,ROI,160,160,256,256,17.17,47.60,20.6,0.0,21.01,704.62,271.02,705.46,270.65,158.65,112.75,77.26,0.8830,14.9800,-150.6300,0.0000,0.0000,0.7663,0
270,10:26:29.268,ROI,160,160,256,256,18.45,55.76,8.725,0.0,17.93,704.38,271.30,703.25,271.58,157.25,115.81,76.46,0.9638,14.3700,-153.8200,0.0000,0.0000,0.7146,0
271,10:26:29.316,ROI,160,160,256,256,17.36,38.96,13.7,0.0,25.67,699.55,273.06,700.46,272.52,161.36,111.76,76.40,0.8788,14.2500,-153.4400,0.0000,0.0000,0.7166,0
272,10:26:29.379,ROI,160,160,224,224,18.02,54.88,17.45,0.0,18.22,699.08,273.60,698.20,273.42,158.19,114.87,80.57,0.9226,13.9700,-153.8200,0.0000,0.0000,0.7311,0
273,10:26:29.445,ROI,160,160,256,256,27.01,67.19,0.0,0.0,14.88,697.13,273.45,696.07,274.03,164.08,113.26,79.66,0.9555,14.2600,-157.4700,0.0000,0.0000,0.8063,0
274,10:26:29.491,ROI,160,160,256,256,19.38,28.67,21.525,19.325,34.88,695.77,273.99,694.07,274.59,164.46,114.90,80.22,0.9633,14.5400,-157.4500,0.0000,0.0000,0.8090,0
275,10:26:29.619,ROI,160,160,256,256,13.32,113.91,0.0,0.0,8.78,690.33,277.43,691.11,275.84,157.03,118.14,79.33,0.8387,15.3900,-158.7300,0.0000,0.0000,0.8272,0
276,10:26:29.669,ROI,160,160,256,256,10.75,36.77,11.125,0.0,27.20,687.22,277.82,688.16,276.73,163.18,115.98,81.50,0.9238,15.4000,-156.4800,0.0000,0.0000,0.8018,0
277,10:26:29.732,ROI,160,160,256,256,16.78,62.92,7.45,0.0,15.89,683.88,278.22,685.14,277.54,165.05,117.14,80.88,0.9354,14.6400,-157.7900,0.0000,0.0000,0.7919,0
278,10:26:29.795,ROI,160,160,256,256,12.64,51.31,0.0,0.0,19.49,681.14,278.70,682.14,278.38,164.37,116.72,82.48,0.9362,15.5200,-159.7100,0.0000,0.0000,0.7973,0
279,10:26:29.844,ROI,160,160,256,256,19.12,47.51,10.95,0.0,21.05,677.75,279.73,678.98,279.34,163.04,116.80,80.77,0.9208,16.7900,-163.0000,0.0000,0.0000,0.8632,0
280,10:26:29.907,ROI,160,160,256,256,15.21,52.31,8.925,24.575,19.12,676.01,280.41,675.92,280.25,163.38,118.58,83.17,0.9430,16.3100,-163.1400,0.0000,0.0000,0.8572,0
281,10:26:29.970,ROI,160,160,256,256,11.63,53.04,8.3,0.0,18.85,670.50,280.42,672.28,280.93,169.55,119.78,80.88,0.8877,16.3400,-164.7500,0.0000,0.0000,0.8600,0
282,10:26:30.020,ROI,160,160,256,256,13.69,43.99,10.325,0.0,22.73,669.95,281.36,669.23,281.61,167.39,119.25,82.10,0.9684,16.8600,-165.9700,0.0000,0.0000,0.8972,0
283,10:26:30.148,ROI,160,160,256,256,10.94,117.33,3.45,0.0,8.52,661.34,281.77,664.79,282.31,170.99,122.00,84.22,0.8460,16.6500,-166.1600,0.0000,0.0000,0.8668,0
284,10:26:30.196,ROI,160,160,256,256,20.82,50.76,21.825,17.925,19.70,659.05,281.78,660.66,282.60,176.03,117.54,85.26,0.9512,17.2000,-167.7300,0.0000,0.0000,0.8836,0
285,10:26:30.260,ROI,160,160,256,256,10.78,42.38,18.575,0.0,23.59,655.82,281.85,656.61,282.75,177.86,117.66,87.04,0.9277,17.1400,-168.9500,0.0000,0.0000,0.8642,0
286,10:26:30.324,ROI,160,160,256,256,11.04,58.46,7.375,0.0,17.10,653.50,281.70,653.04,282.74,-179.80,119.71,84.51,0.9345,17.4100,-173.9600,0.0000,0.0000,0.8128,0
287,10:26:30.372,ROI,160,160,256,256,22.81,52.93,10.675,0.0,18.89,652.55,281.61,650.06,282.64,-178.10,120.38,84.10,0.9796,17.3300,-175.5200,0.6400,176.6000,0.7802,0
288,10:26:30.436,ROI,160,160,256,256,17.30,49.89,0.0,0.0,20.04,650.77,281.99,647.52,282.55,-178.04,121.60,82.59,0.9539,17.0100,-175.4400,0.6700,176.9000,0.8038,0
289,10:26:30.500,ROI,160,160,256,256,17.54,55.91,0.0,21.3,17.89,645.63,282.31,644.28,282.53,-179.58,120.86,80.74,0.8988,16.9400,-174.7400,0.0000,0.0000,0.8235,0
290,10:26:30.613,ROI,160,160,256,256,16.07,103.75,0.0,22.925,9.64,639.32,281.86,640.33,282.30,-176.72,121.38,84.40,0.8636,16.6700,-175.3200,0.0000,0.0000,0.8020,0
291,10:26:30.675,ROI,160,160,256,256,12.57,49.41,8.6,0.0,20.24,638.07,282.28,636.99,282.12,-176.95,119.65,82.24,0.9545,16.5000,-176.3600,0.0000,0.0000,0.7552,0
292,10:26:30.724,ROI,160,160,256,256,11.37,39.90,0.0,0.0,25.06,635.09,281.54,633.92,281.88,-175.40,116.69,83.54,0.9344,16.2500,-177.5300,0.0000,0.0000,0.7438,0
293,10:26:30.788,ROI,160,160,256,256,14.14,59.38,7.55,26.075,16.84,632.55,281.10,630.79,281.45,-172.23,118.34,82.82,0.9479,15.9400,179.1500,0.0000,0.0000,0.7169,0
294,10:26:30.851,ROI,160,160,256,256,13.35,55.64,8.0,27.575,17.97,627.94,280.47,627.39,280.97,-171.93,119.42,83.70,0.9119,15.8800,177.2300,0.4100,174.9400,0.7357,0
295,10:26:30.900,ROI,160,160,256,256,13.35,40.12,11.175,0.0,24.93,626.65,281.09,624.36,280.72,-175.38,119.12,83.10,0.9644,15.5100,177.1900,0.4900,174.3600,0.7417,0
296,10:26:31.027,ROI,160,160,256,256,12.03,116.18,0.0,0.0,8.61,621.50,278.86,621.05,279.89,-165.94,120.08,83.62,0.8715,16.7200,170.9500,0.0000,0.0000,0.7326,0
297,10:26:31.075,ROI,160,160,256,256,11.34,39.30,0.0,0.0,25.45,616.63,278.75,617.53,279.06,-166.71,119.74,81.81,0.9027,15.9100,172.8000,0.0000,0.0000,0.6611,0
298,10:26:31.139,ROI,160,160,256,256,11.57,57.06,7.45,0.0,17.52,614.27,279.22,614.10,278.56,-171.64,121.90,81.01,0.9511,15.5800,173.5400,0.0000,0.0000,0.6818,0
299,10:26:31.203,ROI,160,160,256,256,15.09,59.94,0.0,0.0,16.68,612.37,278.84,611.28,278.01,-169.02,120.78,81.46,0.9603,14.9200,170.7300,0.0000,0.0000,0.6277,0
300,10:26:31.252,ROI,160,160,256,256,9.90,36.59,23.6,0.0,27.33,606.46,277.12,607.58,277.19,-167.55,121.23,80.14,0.8709,15.3100,171.2300,0.0000,0.0000,0.7205,0
301,10:26:31.316,ROI,160,160,256,256,10.73,56.99,14.675,0.0,17.55,603.55,276.02,604.25,276.19,-163.18,122.30,78.05,0.9279,14.7700,171.3500,0.0000,0.0000,0.6801,0
302,10:26:31.380,ROI,160,160,256,256,14.88,60.65,7.475,0.0,16.49,601.69,274.40,601.16,274.98,-158.62,119.50,77.25,0.9304,16.1800,168.9100,0.0000,0.0000,0.7933,0
303,10:26:31.492,ROI,160,160,256,256,9.67,100.37,4.05,0.0,9.96,594.71,272.30,597.01,273.57,-161.19,122.74,76.58,0.8463,15.1200,166.7100,0.0000,0.0000,0.7764,0
304,10:26:31.556,ROI,160,160,256,256,18.43,65.91,0.0,0.0,15.17,589.26,271.84,592.24,272.38,-166.11,127.70,74.46,0.8928,15.5200,167.0600,0.0000,0.0000,0.8190,0
305,10:26:31.604,ROI,160,160,256,256,15.87,38.26,0.0,23.25,26.14,586.84,271.42,588.05,271.15,-163.62,125.30,75.68,0.9474,15.5300,165.6100,0.0000,0.0000,0.8334,0
306,10:26:31.667,ROI,160,160,256,256,14.10,53.16,8.425,0.0,18.81,584.53,271.58,584.26,270.26,-166.67,125.86,75.23,0.9583,15.1800,167.7100,0.0000,0.0000,0.7794,0
307,10:26:31.731,ROI,160,160,256,256,11.30,52.74,0.0,0.0,18.96,580.85,270.62,580.49,269.37,-166.75,126.37,76.51,0.9203,15.7800,166.3000,0.0000,0.0000,0.8019,0
308,10:26:31.780,ROI,160,160,256,256,12.40,41.45,10.625,0.0,24.12,577.47,269.62,576.76,268.48,-166.62,126.56,76.72,0.9242,14.8700,165.3100,0.0000,0.0000,0.7865,0
309,10:26:31.907,ROI,160,160,256,256,12.47,120.12,6.825,0.0,8.32,571.34,269.08,572.38,267.67,-169.47,131.47,83.71,0.8352,17.8300,165.0700,0.0000,0.0000,0.8320,0
310,10:26:31.956,ROI,160,160,288,288,11.92,40.49,11.05,0.0,24.70,569.74,267.92,568.49,266.77,-167.07,129.64,87.50,0.9344,18.2600,161.8400,0.0000,0.0000,0.8740,0
311,10:26:32.020,ROI,160,160,288,288,17.72,63.26,0.0,0.0,15.81,568.03,266.80,565.31,265.88,-164.28,130.32,87.34,0.9497,18.1400,162.8100,0.5600,165.2900,0.8590,0
312,10:26:32.084,ROI,160,160,288,288,10.88,49.16,8.775,0.0,20.34,562.44,265.01,561.31,264.72,-163.90,130.27,84.67,0.8817,17.9000,163.5000,0.0000,0.0000,0.8221,0
313,10:26:32.133,ROI,160,160,288,288,16.41,46.54,21.15,0.0,21.49,562.23,264.55,558.72,263.73,-158.91,130.70,88.31,0.9557,16.4600,160.0000,0.9600,166.2200,0.8073,0
314,10:26:32.195,ROI,160,160,288,288,11.93,49.38,8.7,0.0,20.25,561.59,263.55,556.80,262.75,-153.08,127.40,87.61,0.9531,17.4300,159.9700,0.3100,161.9100,0.8285,0
315,10:26:32.259,ROI,160,160,256,256,11.50,56.38,15.225,0.0,17.74,557.35,261.70,554.59,261.58,-152.01,124.56,87.09,0.8974,16.9800,161.8900,0.4400,167.0800,0.7840,0
316,10:26:32.307,ROI,160,160,256,256,12.25,40.27,11.0,0.0,24.83,556.28,260.38,552.85,260.38,-145.40,121.20,87.22,0.9442,18.5500,158.8400,0.0000,0.0000,0.8350,0
317,10:26:32.435,ROI,160,160,256,256,11.20,118.14,3.375,0.0,8.46,551.50,258.45,550.38,259.01,-150.98,122.66,89.44,0.8864,17.1900,154.2300,0.0000,0.0000,0.8665,0
318,10:26:32.485,ROI,160,160,256,256,14.83,45.24,0.0,24.95,22.10,548.15,256.54,547.63,257.45,-150.47,121.07,87.79,0.9076,16.5400,155.0300,0.3600,160.0500,0.8464,0
319,10:26:32.547,ROI,160,160,256,256,14.59,54.78,8.45,25.35,18.26,546.51,256.66,545.34,256.25,-152.31,120.64,88.88,0.9615,15.2400,152.1200,1.8600,154.0200,0.8516,0
320,10:26:32.611,ROI,160,160,256,256,16.86,59.05,8.0,22.075,16.93,543.87,254.46,543.35,254.81,-144.19,120.64,88.99,0.9121,16.2100,151.3800,1.9500,150.2700,0.8767,0
321,10:26:32.724,ROI,160,160,256,256,13.86,102.31,0.0,0.0,9.77,540.14,252.86,540.92,253.24,-147.20,120.19,91.84,0.9081,16.5100,148.4700,1.2500,145.6900,0.8659,0
322,10:26:32.788,ROI,160,160,256,256,20.49,63.29,15.8,0.0,15.80,538.64,251.71,538.77,251.77,-145.45,121.12,90.06,0.9515,17.0100,148.8800,1.6600,145.4900,0.8789,0
323,10:26:32.854,ROI,160,160,256,256,18.84,56.33,8.8,0.0,17.75,534.83,251.02,536.20,250.48,-153.33,119.28,93.44,0.9059,16.4200,144.7200,1.7000,142.7600,0.8429,0
324,10:26:32.900,ROI,160,160,256,256,20.39,39.28,14.75,0.0,25.46,533.04,250.46,533.94,249.40,-154.48,119.33,92.66,0.9590,16.1800,146.2100,2.6100,144.1000,0.8495,0
325,10:26:33.027,ROI,160,160,256,256,13.04,111.06,3.7,0.0,9.00,529.83,246.75,531.27,247.55,-145.38,120.45,95.38,0.8776,16.3000,141.6200,1.8200,142.2200,0.8262,0
326,10:26:33.092,ROI,160,160,256,256,13.77,58.25,0.0,0.0,17.17,526.46,246.48,528.48,246.18,-153.85,117.55,96.96,0.9300,15.1400,140.2200,0.8700,138.2300,0.8648,0
327,10:26:33.139,ROI,160,160,256,256,20.46,45.90,0.0,18.075,21.79,524.88,244.69,526.08,244.67,-147.88,114.91,93.23,0.9359,15.7400,141.7100,0.5300,137.3000,0.8562,0
328,10:26:33.204,ROI,160,160,256,256,15.43,51.31,9.1,0.0,19.49,522.11,242.64,523.48,242.90,-145.65,114.93,93.81,0.9130,15.7900,139.8200,0.5100,136.8700,0.9038,0
329,10:26:33.268,ROI,160,160,256,256,14.30,57.13,8.15,0.0,17.50,520.88,242.58,521.03,241.46,-149.59,116.05,96.16,0.9551,15.3300,138.6100,2.4600,139.1500,0.8937,0
330,10:26:33.317,ROI,160,160,256,256,11.40,38.66,11.775,0.0,25.87,517.42,238.50,518.44,239.37,-141.10,112.03,95.46,0.8663,15.4100,139.1500,2.8800,140.3700,0.9173,0
331,10:26:33.379,ROI,160,160,256,256,14.03,57.41,7.8,26.425,17.42,517.16,240.38,516.33,238.24,-151.91,111.76,101.42,0.9369,12.9900,136.8000,1.5400,138.2400,0.9020,0
332,10:26:33.443,ROI,160,160,224,224,11.56,54.54,7.95,0.0,18.34,515.40,238.73,514.12,237.09,-152.49,105.08,97.59,0.9048,15.9200,135.8000,1.6800,138.9900,0.9087,0
333,10:26:33.493,ROI,160,160,224,224,17.68,47.90,21.025,21.025,20.88,512.73,236.19,512.02,235.76,-147.70,104.92,99.36,0.9039,13.1100,131.7500,1.6100,136.4200,0.9022,0
334,10:26:33.621,ROI,160,160,224,224,11.83,114.06,0.0,0.0,8.77,509.56,232.07,509.83,233.74,-137.21,105.17,98.88,0.8682,13.2200,129.0200,2.1600,137.9300,0.8912,0
335,10:26:33.669,ROI,160,160,224,224,9.02,37.32,11.15,0.0,26.79,507.77,231.29,507.70,231.97,-140.38,104.58,97.47,0.9513,13.2500,131.9300,0.0000,0.0000,0.8932,0
336,10:26:33.733,ROI,160,160,224,224,14.35,63.11,0.0,0.0,15.85,505.56,227.85,505.48,229.68,-134.07,98.69,94.88,0.8796,12.1500,130.8400,0.6000,142.0400,0.8818,0
337,10:26:33.796,ROI,160,160,224,224,12.95,54.33,0.0,0.0,18.41,504.31,227.28,503.52,227.75,-135.29,97.30,95.30,0.9635,12.3500,128.8800,0.0000,0.0000,0.8079,0
338,10:26:33.843,ROI,160,160,224,224,10.69,36.39,11.85,0.0,27.48,501.17,224.52,501.29,225.56,-135.62,96.60,94.51,0.8858,11.5000,129.1100,0.0000,0.0000,0.8653,0
339,10:26:33.908,ROI,160,160,224,224,20.13,67.63,7.25,18.6,14.79,499.84,223.87,499.58,223.67,-132.22,95.87,94.26,0.9596,11.2500,125.6700,0.0000,0.0000,0.8021,0
340,10:26:34.020,ROI,160,160,192,192,10.22,92.32,0.0,0.0,10.83,495.30,219.83,497.13,221.19,-134.57,90.46,91.93,0.8344,12.4500,120.5700,0.0000,0.0000,0.8551,0
341,10:26:34.083,ROI,160,160,192,192,9.21,54.47,7.425,0.0,18.36,494.71,217.76,495.06,218.71,-129.87,89.86,91.85,0.9438,11.5500,119.8400,0.0000,0.0000,0.8256,0
342,10:26:34.147,ROI,160,160,192,192,11.88,59.98,14.425,0.0,16.67,493.46,216.21,493.49,216.44,-124.63,87.28,91.07,0.9391,12.1600,120.3200,0.0000,0.0000,0.8386,0
343,10:26:34.195,ROI,160,160,192,192,15.04,43.16,22.5,24.775,23.17,491.14,213.62,491.64,213.97,-126.82,84.84,90.54,0.8963,10.7600,118.0200,0.0000,0.0000,0.8345,0
344,10:26:34.261,ROI,160,160,192,192,12.03,56.67,7.8,30.0,17.65,489.43,211.92,489.67,211.59,-129.75,87.01,90.64,0.9261,9.3400,117.8500,0.0000,0.0000,0.8279,0
345,10:26:34.323,ROI,160,160,192,192,10.50,54.19,0.0,0.0,18.45,487.68,209.98,487.85,209.32,-128.64,84.52,90.62,0.9206,10.0100,115.3500,0.0000,0.0000,0.8112,0
346,10:26:34.372,ROI,160,160,192,192,10.94,42.53,10.35,0.0,23.51,486.58,208.81,486.06,207.30,-131.53,84.86,91.42,0.9499,11.2500,117.0100,0.0000,0.0000,0.8376,0
347,10:26:34.500,ROI,160,160,192,192,11.67,122.46,0.0,0.0,8.17,484.13,206.09,484.25,205.16,-130.35,83.44,91.64,0.8905,11.2300,114.0200,0.0000,0.0000,0.8145,0
348,10:26:34.549,ROI,160,160,192,192,17.57,47.07,0.0,21.15,21.24,482.99,204.36,482.68,203.21,-128.73,83.99,92.82,0.9377,10.8500,109.7900,0.0000,0.0000,0.8030,0
349,10:26:34.612,ROI,160,160,192,192,16.92,54.05,8.85,43.825,18.50,482.34,201.52,481.31,200.95,-121.31,85.09,91.99,0.9264,11.1500,106.9800,0.0000,0.0000,0.8434,0
350,10:26:34.676,ROI,160,160,192,192,20.74,59.89,8.475,36.1,16.70,480.39,200.40,479.81,199.05,-128.16,82.18,91.54,0.9321,11.9700,109.0400,0.0000,0.0000,0.8564,0
351,10:26:34.724,ROI,160,160,192,192,15.23,35.13,14.475,24.225,28.46,478.78,198.18,478.41,197.15,-126.47,84.38,92.08,0.9172,11.1200,106.3400,0.0000,0.0000,0.8368,0
352,10:26:34.788,ROI,160,160,192,192,9.15,50.12,8.25,0.0,19.95,478.35,196.93,477.21,195.47,-125.64,85.80,92.35,0.9575,12.8600,107.6300,0.0000,0.0000,0.9185,0
353,10:26:34.852,ROI,160,160,192,192,9.35,57.18,7.2,0.0,17.49,476.48,194.94,475.98,193.73,-125.15,85.54,91.14,0.9174,12.0000,104.8800,0.0000,0.0000,0.8829,0
354,10:26:34.902,ROI,160,160,192,192,10.67,45.09,9.675,0.0,22.18,476.28,192.64,475.02,191.82,-116.66,88.15,94.49,0.9236,11.5600,103.5500,0.0000,0.0000,0.8917,0
355,10:26:35.029,ROI,160,160,192,192,16.70,124.60,3.4,0.0,8.03,475.14,188.95,474.15,189.66,-111.91,83.95,92.60,0.8812,10.6800,102.1900,0.0000,0.0000,0.8472,0
356,10:26:35.078,ROI,160,160,192,192,19.27,43.71,12.2,0.0,22.88,474.05,186.12,473.42,187.24,-106.98,89.39,93.78,0.8850,11.1000,99.5300,0.0000,0.0000,0.7904,0
357,10:26:35.141,ROI,160,160,192,192,16.58,52.22,0.0,0.0,19.15,475.44,184.70,473.29,185.08,-93.24,87.79,95.24,0.9412,11.6600,97.4300,0.0000,0.0000,0.8134,0
358,10:26:35.204,ROI,160,160,192,192,9.20,46.39,8.675,0.0,21.56,475.85,182.28,473.54,182.91,-83.63,88.12,94.68,0.9417,11.0300,97.9400,0.0000,0.0000,0.7930,0
359,10:26:35.252,ROI,160,160,192,192,11.68,44.14,10.1,0.0,22.66,475.00,180.48,473.61,180.71,-87.95,86.16,92.38,0.9409,11.1800,96.4000,0.0000,0.0000,0.8220,0
360,10:26:35.315,ROI,160,160,192,192,11.18,55.06,7.7,0.0,18.16,474.94,177.02,473.93,178.39,-82.30,88.44,91.15,0.9046,11.6200,95.8300,0.0000,0.0000,0.8120,0
361,10:26:35.380,ROI,160,160,192,192,11.17,56.96,14.775,0.0,17.56,474.47,175.42,474.05,175.93,-87.20,87.14,90.76,0.9513,11.9900,94.0900,0.0000,0.0000,0.8823,0
362,10:26:35.427,ROI,160,160,192,192,11.23,39.50,0.0,0.0,25.32,473.28,173.55,473.87,173.52,-94.16,86.24,90.01,0.9340,11.4000,94.2700,0.0000,0.0000,0.8748,0
363,10:26:35.557,ROI,160,160,192,192,10.63,121.62,6.6,0.0,8.22,473.35,169.36,473.82,170.60,-90.95,85.27,86.00,0.8992,11.1900,94.4200,0.0000,0.0000,0.8470,0
364,10:26:35.621,ROI,160,160,192,192,8.98,54.07,0.0,40.625,18.50,472.75,166.68,473.76,167.81,-91.35,87.66,88.08,0.9151,12.1300,93.3800,0.0000,0.0000,0.8989,0
365,10:26:35.669,ROI,160,160,192,192,9.10,40.72,0.0,0.0,24.56,474.14,165.64,474.09,165.30,-82.58,84.52,85.67,0.9377,13.7800,94.7100,0.0000,0.0000,0.8838,0
366,10:26:35.733,ROI,160,160,192,192,9.45,58.03,0.0,0.0,17.23,473.59,162.46,474.26,162.71,-86.13,81.85,85.67,0.9001,14.1400,91.7800,0.0000,0.0000,0.9230,0
367,10:26:35.796,ROI,160,160,192,192,11.98,59.50,7.325,0.0,16.81,475.28,162.04,474.78,160.54,-76.44,82.34,85.97,0.9505,14.6400,91.2400,0.0000,0.0000,0.9085,0
368,10:26:35.843,ROI,160,160,192,192,20.06,47.20,11.65,18.75,21.19,475.29,157.63,475.31,157.87,-78.86,80.48,85.86,0.8831,14.3400,88.6600,0.0000,0.0000,0.8589,0
369,10:26:35.908,ROI,160,160,192,192,16.99,54.21,8.825,21.825,18.45,475.79,158.97,475.81,156.07,-74.32,83.90,88.97,0.9257,13.1500,86.9400,0.0000,0.0000,0.9190,0
370,10:26:36.021,ROI,160,160,192,192,18.53,106.43,0.0,0.0,9.40,475.82,155.23,476.45,154.00,-72.89,82.90,91.08,0.9097,15.2800,84.5100,0.0000,0.0000,0.9109,0
371,10:26:36.085,ROI,160,160,192,192,16.27,53.31,17.45,0.0,18.76,475.31,153.92,476.76,152.19,-80.33,83.33,89.54,0.9599,15.2300,82.8900,0.0000,0.0000,0.9123,0
372,10:26:36.146,ROI,160,160,192,192,10.72,48.09,8.775,0.0,20.80,475.71,152.59,477.03,150.56,-80.45,84.23,91.07,0.9607,14.2500,83.0600,0.0000,0.0000,0.8909,0
373,10:26:36.195,ROI,160,160,192,192,17.95,48.39,20.825,20.775,20.67,474.93,149.77,477.05,148.78,-89.48,83.00,91.19,0.9230,16.0100,81.4900,0.0000,0.0000,0.8610,0
374,10:26:36.260,ROI,160,160,192,192,19.16,57.84,8.5,19.7,17.29,475.51,149.58,477.16,147.48,-85.23,83.78,89.87,0.9720,15.0800,81.6400,0.0000,0.0000,0.8856,0
375,10:26:36.323,ROI,160,160,192,192,12.62,47.33,9.025,0.0,21.13,475.32,146.04,477.15,145.74,-90.28,82.12,88.30,0.9057,17.8200,80.2600,0.0000,0.0000,0.8332,0
376,10:26:36.372,ROI,160,160,192,192,11.78,41.40,0.0,0.0,24.15,475.90,146.19,477.19,144.49,-88.40,83.06,90.20,0.9653,17.1500,81.3200,0.0000,0.0000,0.8607,0
377,10:26:36.499,ROI,160,160,192,192,10.94,117.67,0.0,0.0,8.50,476.24,141.85,477.32,142.60,-85.95,81.83,88.80,0.8944,18.5900,80.7600,0.0000,0.0000,0.8896,0
378,10:26:36.547,ROI,160,160,192,192,14.63,44.97,10.6,25.425,22.24,477.26,140.82,477.63,140.94,-79.35,80.92,87.34,0.9528,18.9400,78.8500,0.0000,0.0000,0.8862,0
379,10:26:36.611,ROI,160,160,192,192,13.34,55.43,8.025,0.0,18.04,479.36,138.02,478.34,139.10,-69.00,81.97,87.72,0.8921,19.0100,77.1800,0.0000,0.0000,0.8970,0
380,10:26:36.674,ROI,160,160,192,192,10.21,52.13,8.0,0.0,19.18,480.27,137.32,479.18,137.51,-62.05,82.55,88.24,0.9628,17.5900,77.3700,0.0000,0.0000,0.8718,0
381,10:26:36.723,ROI,160,160,192,192,11.50,43.31,0.0,0.0,23.09,482.39,134.14,480.46,135.55,-56.82,82.85,88.75,0.8859,18.0500,75.9800,0.0000,0.0000,0.8517,0
382,10:26:36.787,ROI,160,160,192,192,12.74,57.94,7.525,0.0,17.26,483.74,133.08,481.83,133.72,-53.27,82.12,85.37,0.9313,16.6900,77.0900,0.0000,0.0000,0.8696,0
383,10:26:36.852,ROI,160,160,192,192,12.77,56.81,7.575,0.0,17.60,485.75,130.25,483.57,131.57,-51.02,81.10,85.75,0.8925,16.9000,76.8700,0.0000,0.0000,0.8661,0
384,10:26:36.900,ROI,160,160,192,192,10.21,38.52,11.45,0.0,25.96,485.77,128.88,484.98,129.53,-55.23,80.15,83.47,0.9569,15.6200,74.5300,0.0000,0.0000,0.8980,0
385,10:26:37.028,ROI,160,160,192,192,18.15,129.09,0.0,0.0,7.75,487.70,126.02,486.69,127.33,-52.19,79.86,83.86,0.8912,16.5400,73.0700,0.0000,0.0000,0.8889,0
386,10:26:37.077,ROI,160,160,192,192,15.09,37.51,52.625,24.425,26.66,489.17,123.95,488.54,125.16,-49.52,80.50,83.53,0.9182,15.0400,72.0200,0.0000,0.0000,0.8821,0
387,10:26:37.141,ROI,160,160,192,192,17.93,59.30,0.0,0.0,16.86,490.84,121.80,490.35,122.87,-51.72,79.24,80.87,0.9111,15.0100,70.8600,0.0000,0.0000,0.8368,0
388,10:26:37.205,ROI,160,160,192,192,19.03,56.74,0.0,19.725,17.62,492.69,119.02,492.20,120.38,-53.44,80.63,79.16,0.8921,14.6700,69.5500,0.0000,0.0000,0.7856,0
389,10:26:37.251,ROI,160,160,192,192,12.80,31.94,14.875,0.0,31.31,493.34,118.34,493.85,118.22,-52.65,82.43,80.56,0.9613,16.1200,67.8200,0.0000,0.0000,0.8122,0
390,10:26:37.315,ROI,160,160,192,192,37.87,80.16,7.825,0.0,12.48,494.88,116.38,495.49,116.15,-51.52,81.68,80.64,0.9182,15.1800,68.0300,0.0000,0.0000,0.8285,0
391,10:26:37.380,ROI,160,160,192,192,17.58,36.76,58.9,21.175,27.20,497.06,115.24,497.32,114.24,-46.20,83.56,80.59,0.9230,17.2800,67.9000,0.0000,0.0000,0.8450,0
392,10:26:37.429,ROI,160,160,192,192,24.02,46.28,12.875,0.0,21.61,498.25,114.12,499.12,112.48,-44.28,81.41,80.00,0.9452,18.9100,66.7900,0.0000,0.0000,0.8786,0
393,10:26:37.558,ROI,160,160,192,192,20.14,118.18,7.525,68.075,8.46,501.12,110.82,501.26,110.49,-43.01,84.38,79.06,0.8611,15.4900,64.7700,0.0000,0.0000,0.8572,0
394,10:26:37.620,ROI,160,160,192,192,17.93,48.03,10.075,0.0,20.82,502.67,108.91,503.38,108.60,-41.77,85.40,82.00,0.9200,17.6900,64.2400,0.0000,0.0000,0.8910,0
395,10:26:37.668,ROI,160,160,192,192,17.93,38.88,13.275,20.825,25.72,503.14,108.08,505.04,106.93,-45.22,85.99,81.46,0.9694,17.7100,65.8800,0.0000,0.0000,0.8772,0
396,10:26:37.731,ROI,160,160,192,192,21.62,58.34,0.0,34.85,17.14,504.72,105.67,506.71,105.22,-45.43,90.22,78.85,0.8994,15.0900,60.8200,0.0000,0.0000,0.8914,0
397,10:26:37.780,ROI,160,160,192,192,23.32,42.28,15.025,31.775,23.65,506.86,104.94,508.36,103.70,-42.82,88.70,80.65,0.9327,18.0900,61.9100,0.0000,0.0000,0.9110,0
398,10:26:37.843,ROI,160,160,192,192,21.61,50.87,10.075,34.775,19.66,508.62,103.53,509.98,102.50,-36.50,95.04,80.95,0.9023,17.8400,56.4500,0.0000,0.0000,0.9015,0
399,10:26:37.910,ROI,160,160,192,192,23.51,59.68,8.825,16.025,16.76,508.78,102.46,511.11,101.19,-49.28,94.13,79.30,0.9643,17.1800,56.3700,0.0000,0.0000,0.8879,0
400,10:26:38.021,ROI,160,160,192,192,15.48,91.46,0.0,0.0,10.93,513.75,99.47,513.11,99.65,-37.44,94.66,77.70,0.8370,16.7900,54.2500,0.0000,0.0000,0.8874,0
401,10:26:38.083,ROI,160,160,192,192,24.56,64.44,8.5,0.0,15.52,515.82,97.73,515.17,98.07,-37.50,95.72,77.33,0.9162,15.8800,51.2700,0.0000,0.0000,0.8482,0
402,10:26:38.148,ROI,160,160,192,192,11.44,43.53,9.8,0.0,22.97,517.16,96.98,517.02,96.69,-36.78,98.95,77.38,0.9490,17.9800,45.4300,0.0000,0.0000,0.8761,0
403,10:26:38.196,ROI,160,160,224,224,14.81,42.90,10.925,25.325,23.31,518.96,96.53,518.93,95.68,-27.91,96.21,77.62,0.9530,18.5600,44.4200,0.0000,0.0000,0.8622,0
404,10:26:38.259,ROI,160,160,224,224,27.35,68.58,0.0,13.775,14.58,520.90,95.56,520.83,94.62,-29.11,96.99,76.08,0.9373,18.6200,42.6500,1.5800,35.3800,0.8620,0
405,10:26:38.311,ROI,160,160,224,224,15.09,28.28,16.625,0.0,35.37,521.08,94.93,522.35,93.87,-26.41,95.35,75.78,0.9670,17.4100,43.1200,0.0000,0.0000,0.8396,0
406,10:26:38.437,ROI,160,160,192,192,9.74,113.52,0.0,0.0,8.81,525.28,91.57,524.56,92.33,-34.78,98.12,76.07,0.8419,16.4900,43.2100,0.0000,0.0000,0.8473,0
407,10:26:38.500,ROI,160,160,224,224,9.57,56.06,0.0,0.0,17.84,529.13,91.29,527.31,91.29,-20.69,99.57,74.54,0.9073,17.7500,36.9800,0.0000,0.0000,0.8332,0
408,10:26:38.548,ROI,160,160,224,224,11.01,43.48,10.225,0.0,23.00,529.11,90.02,529.50,90.16,-27.43,100.38,74.05,0.9586,17.4600,30.8100,2.0600,26.7800,0.8589,0
409,10:26:38.611,ROI,160,160,224,224,13.47,57.95,15.475,27.775,17.26,532.04,88.94,531.85,89.13,-23.55,101.21,73.50,0.9172,17.0200,32.6600,2.0200,28.6800,0.8097,0
410,10:26:38.675,ROI,160,160,224,224,11.97,56.92,7.775,0.0,17.57,532.87,88.19,533.89,88.10,-26.93,101.50,74.79,0.9640,16.0600,34.2800,0.3400,29.9600,0.7948,0
411,10:26:38.723,ROI,160,160,224,224,12.54,41.02,22.2,0.0,24.38,535.18,86.63,535.94,87.03,-27.44,102.91,74.77,0.9177,16.0100,33.3200,0.3700,28.6600,0.8149,0
412,10:26:38.787,ROI,160,160,224,224,11.62,56.23,7.675,0.0,17.78,536.64,86.21,537.82,86.07,-27.20,101.91,73.98,0.9611,14.8300,32.0900,0.3400,28.5900,0.8180,0
413,10:26:38.851,ROI,160,160,224,224,10.02,56.17,7.525,0.0,17.80,539.84,85.11,539.95,85.14,-23.59,102.55,73.95,0.9125,14.9100,32.2400,0.0000,0.0000,0.8195,0
414,10:26:38.899,ROI,160,160,224,224,10.35,43.12,10.3,0.0,23.19,541.06,83.96,541.95,84.10,-27.31,102.82,72.70,0.9467,14.7900,30.0600,0.6300,29.2300,0.8059,0
415,10:26:39.028,ROI,160,160,224,224,14.25,125.93,0.0,0.0,7.94,545.19,82.35,544.46,82.98,-24.10,104.30,70.85,0.8845,15.3800,26.2100,0.8700,23.1000,0.7721,0
416,10:26:39.076,ROI,160,160,224,224,10.73,38.38,11.725,0.0,26.06,548.49,81.72,547.22,81.99,-19.78,103.92,70.01,0.9224,17.0100,23.6000,0.4000,22.6700,0.7965,0
417,10:26:39.138,ROI,160,160,224,224,8.75,53.74,7.725,0.0,18.61,549.81,81.06,549.66,81.11,-19.79,104.55,69.64,0.9570,16.4300,23.8600,0.0000,0.0000,0.7559,0
418,10:26:39.202,ROI,160,160,224,224,8.49,57.74,0.0,0.0,17.32,550.61,80.67,551.66,80.47,-17.68,104.37,69.02,0.9737,17.1800,23.8800,0.0000,0.0000,0.7947,0
419,10:26:39.252,ROI,160,160,224,224,8.29,43.94,9.475,0.0,22.76,555.57,78.89,554.47,79.51,-18.99,106.13,68.14,0.8660,18.6200,22.9200,0.0000,0.0000,0.9019,0
420,10:26:39.315,ROI,160,160,224,224,8.44,56.51,7.3,0.0,17.70,555.81,78.55,556.69,78.72,-19.54,103.10,69.38,0.9544,17.3900,24.2700,0.0000,0.0000,0.8532,0
421,10:26:39.378,ROI,160,160,224,224,11.62,60.91,7.15,0.0,16.42,559.56,77.77,559.26,77.89,-17.83,104.69,68.50,0.9102,18.9600,22.4600,0.0000,0.0000,0.8995,0
422,10:26:39.428,ROI,160,160,224,224,8.99,40.78,10.475,0.0,24.52,560.92,77.81,561.57,77.23,-16.07,104.82,69.68,0.9582,16.5100,23.3200,0.0000,0.0000,0.8712,0
423,10:26:39.556,ROI,160,160,224,224,9.12,122.57,3.275,0.0,8.16,567.10,76.71,564.79,76.59,-11.26,103.21,68.46,0.8613,16.9400,21.5100,0.0000,0.0000,0.9098,0
424,10:26:39.603,ROI,160,160,224,224,8.49,39.55,10.6,0.0,25.28,569.93,76.09,568.00,76.01,-10.16,108.26,70.69,0.9181,13.9700,21.4300,0.0000,0.0000,0.8888,0
425,10:26:39.668,ROI,160,160,224,224,7.78,58.02,0.0,0.0,17.23,570.32,76.23,570.66,75.59,-8.90,109.79,70.36,0.9817,13.1500,18.5500,0.0000,0.0000,0.8995,0
426,10:26:39.733,ROI,160,160,224,224,8.31,59.96,0.0,0.0,16.68,573.56,75.82,573.52,75.30,-5.84,105.80,69.65,0.9309,15.0600,15.7000,0.0000,0.0000,0.9050,0
427,10:26:39.781,ROI,160,160,224,224,10.26,41.32,0.0,0.0,24.20,574.06,75.12,575.78,74.90,-10.06,103.42,69.13,0.9581,14.6600,16.5000,0.0000,0.0000,0.9045,0
428,10:26:39.843,ROI,160,160,224,224,12.66,59.07,0.0,0.0,16.93,577.21,74.56,578.25,74.48,-9.74,105.60,68.19,0.9270,15.3600,13.9500,0.0000,0.0000,0.9121,0
429,10:26:39.891,ROI,160,160,224,224,9.75,36.79,22.65,0.0,27.18,578.01,74.72,580.45,74.18,-7.67,104.61,68.74,0.9771,14.3200,15.5900,0.0000,0.0000,0.8917,0
430,10:26:40.021,ROI,160,160,224,224,7.92,122.00,0.0,0.0,8.20,582.77,74.02,583.04,73.94,-5.21,105.18,67.00,0.8911,14.6400,12.4700,0.0000,0.0000,0.9254,0
431,10:26:40.067,ROI,160,160,224,224,8.29,39.16,10.475,0.0,25.53,583.20,74.00,585.03,73.87,-2.21,107.13,65.46,0.9597,13.7000,10.2500,0.0000,0.0000,0.8670,0
432,10:26:40.134,ROI,160,160,224,224,11.57,64.04,0.0,0.0,15.62,588.10,73.51,587.73,73.72,-3.11,102.31,64.26,0.8944,12.9200,7.7000,0.0000,0.0000,0.8691,0
433,10:26:40.199,ROI,160,160,224,224,10.46,55.10,0.0,0.0,18.15,588.56,72.93,589.86,73.43,-7.61,103.40,64.44,0.9716,13.2000,9.8200,0.0000,0.0000,0.8846,0
434,10:26:40.245,ROI,160,160,224,224,15.29,41.18,11.475,0.0,24.28,592.52,72.90,592.41,73.20,-5.35,103.75,64.82,0.9211,13.1700,7.8100,0.0000,0.0000,0.8558,0
435,10:26:40.307,ROI,160,160,224,224,13.17,52.19,8.375,0.0,19.16,593.05,72.14,594.61,72.76,-11.33,105.22,63.04,0.9594,13.5500,8.3300,0.0000,0.0000,0.8564,0
436,10:26:40.421,ROI,160,160,224,224,13.28,105.07,3.925,0.0,9.52,598.61,72.39,597.49,72.65,-2.08,103.59,63.83,0.8884,14.2400,5.7800,0.0000,0.0000,0.8608,0
437,10:26:40.484,ROI,160,160,224,224,13.73,55.29,0.0,26.2,18.09,602.48,72.03,600.49,72.44,-3.98,102.66,61.67,0.8974,11.7300,2.8100,0.0000,0.0000,0.8117,0
438,10:26:40.549,ROI,160,160,224,224,12.07,54.38,0.0,0.0,18.39,603.58,71.97,603.18,72.29,-3.20,103.07,61.22,0.9718,12.6400,1.9900,0.0000,0.0000,0.8372,0
439,10:26:40.596,ROI,160,160,224,224,13.28,39.40,11.45,0.0,25.38,607.40,72.13,606.10,72.23,-1.20,102.93,61.17,0.9241,12.3100,1.0400,0.0000,0.0000,0.7832,0
440,10:26:40.670,ROI,160,160,224,224,16.49,67.61,0.0,22.475,14.79,608.08,71.92,608.57,72.12,-2.63,101.12,60.91,0.9757,11.9900,-1.2700,0.0000,0.0000,0.7969,0
441,10:26:40.728,ROI,160,160,224,224,13.20,47.50,9.45,0.0,21.05,612.84,71.44,611.63,71.95,-3.06,102.21,61.49,0.8970,11.9200,-3.8000,0.0000,0.0000,0.7670,0
442,10:26:40.772,ROI,160,160,224,224,10.29,33.25,13.225,0.0,30.08,613.25,71.65,614.13,71.83,-2.79,101.14,61.68,0.9828,11.6200,-0.7200,0.0000,0.0000,0.7956,0
443,10:26:40.900,ROI,160,160,224,224,8.39,119.21,6.675,0.0,8.39,618.53,71.09,617.30,71.59,-4.37,100.81,62.57,0.8853,12.1900,-0.4300,0.0000,0.0000,0.8533,0
444,10:26:40.947,ROI,160,160,224,224,11.01,42.17,20.75,0.0,23.71,620.17,71.57,620.26,71.52,-1.28,100.30,62.19,0.9535,10.9300,-1.9800,0.0000,0.0000,0.7796,0
445,10:26:41.010,ROI,160,160,224,224,10.33,55.00,0.0,0.0,18.18,624.24,71.57,623.43,71.54,0.28,98.94,62.22,0.9211,10.2400,-3.9600,0.5500,-3.2500,0.7275,0
446,10:26:41.074,ROI,160,160,224,224,8.75,56.29,7.35,0.0,17.76,625.60,71.62,626.09,71.57,0.65,99.81,62.93,0.9622,10.6800,-5.1200,0.0000,0.0000,0.7472,0
447,10:26:41.123,ROI,160,160,224,224,8.02,40.88,10.025,0.0,24.46,629.09,72.27,629.02,71.76,3.80,97.59,62.97,0.9134,11.3800,-3.4100,0.0000,0.0000,0.7550,0
448,10:26:41.267,ROI,160,160,224,224,10.61,141.23,0.0,0.0,7.08,629.71,72.66,631.54,72.01,5.48,98.48,63.90,0.9731,11.4000,-5.9500,0.0000,0.0000,0.7487,0
449,10:26:41.290,ROI,160,160,224,224,19.33,25.05,0.0,0.0,39.92,633.47,73.14,634.15,72.43,9.28,98.18,63.41,0.9132,11.1100,-5.7700,0.4300,-6.2700,0.7457,0
450,10:26:41.323,ROI,160,160,224,224,15.18,20.33,62.075,0.0,49.19,634.82,73.25,636.61,72.82,8.93,98.57,64.92,0.9504,10.7200,-5.0700,0.0000,0.0000,0.7696,0
451,10:26:41.427,ROI,160,160,224,224,17.15,99.05,4.425,0.0,10.10,639.85,73.15,639.63,73.15,6.19,99.74,64.43,0.8970,10.3000,-5.5200,0.4800,-4.5700,0.7064,0
452,10:26:41.475,ROI,160,160,224,224,16.10,38.84,13.35,0.0,25.74,642.89,74.37,642.81,73.69,9.73,100.35,63.52,0.9069,10.6500,-6.9200,0.0000,0.0000,0.6627,0
453,10:26:41.542,ROI,160,160,224,224,10.67,47.23,0.0,0.0,21.17,644.52,74.06,645.33,74.12,9.58,101.42,63.77,0.9590,10.0400,-6.0600,0.4300,-5.9900,0.7159,0
454,10:26:41.608,ROI,160,160,224,224,14.78,63.09,0.0,24.95,15.85,647.40,74.55,647.80,74.62,11.39,100.45,63.56,0.9304,9.9100,-6.2200,0.6300,-16.2000,0.7151,0
455,10:26:41.654,ROI,160,160,224,224,12.84,36.10,12.575,28.6,27.70,648.47,74.77,649.97,75.03,10.91,100.10,64.22,0.9690,11.3000,-5.3400,0.0000,0.0000,0.7746,0
456,10:26:41.717,ROI,160,160,224,224,8.26,46.81,8.025,0.0,21.36,652.66,75.29,652.48,75.49,10.28,101.19,65.27,0.9057,12.4800,-7.3800,0.0000,0.0000,0.7440,0
457,10:26:41.781,ROI,160,160,224,224,7.98,57.45,0.0,0.0,17.41,654.18,75.99,654.83,76.05,13.38,100.38,64.89,0.9499,13.1200,-5.9600,0.0000,0.0000,0.8045,0
458,10:26:41.828,ROI,160,160,224,224,8.37,40.95,0.0,0.0,24.42,655.82,76.12,656.89,76.54,13.45,100.56,64.65,0.9643,13.7900,-6.5500,0.0000,0.0000,0.7893,0
459,10:26:41.958,ROI,160,160,224,224,14.79,129.97,0.0,0.0,7.69,660.75,77.11,659.78,77.13,11.61,100.70,66.02,0.8806,14.1600,-13.3700,0.0000,0.0000,0.8097,0
460,10:26:42.005,ROI,160,160,224,224,7.64,33.62,0.0,0.0,29.75,664.51,77.76,662.76,77.79,12.36,98.83,66.33,0.9103,15.1800,-13.2400,0.0000,0.0000,0.8088,0
461,10:26:42.068,ROI,160,160,224,224,8.17,57.30,14.075,0.0,17.45,666.23,78.32,665.64,78.41,12.19,97.66,66.47,0.9498,16.9800,-15.9100,0.0000,0.0000,0.8502,0
462,10:26:42.130,ROI,160,160,224,224,8.50,55.83,0.0,0.0,17.91,668.18,78.92,668.12,79.05,14.37,100.07,67.84,0.9419,17.5700,-14.4500,0.0000,0.0000,0.8715,0
463,10:26:42.195,ROI,160,160,224,224,9.37,58.02,14.275,0.0,17.24,669.97,79.35,670.60,79.67,14.07,100.56,67.48,0.9529,17.7300,-15.6000,0.0000,0.0000,0.8703,0
464,10:26:42.243,ROI,160,160,224,224,10.75,43.51,20.1,0.0,22.98,673.02,79.87,673.12,80.25,12.93,101.96,66.60,0.9277,17.4900,-17.3700,0.0000,0.0000,0.8840,0
465,10:26:42.308,ROI,160,160,224,224,18.81,67.03,14.7,0.0,14.92,674.30,80.35,675.53,80.84,13.88,103.10,67.56,0.9614,18.0600,-20.1600,0.0000,0.0000,0.8553,0
466,10:26:42.420,ROI,160,160,224,224,11.02,94.13,8.5,0.0,10.62,678.98,81.70,678.33,81.60,15.24,101.79,66.82,0.8779,18.8200,-20.8800,0.0000,0.0000,0.8693,0
467,10:26:42.484,ROI,160,160,224,224,10.23,55.48,0.0,0.0,18.02,683.92,83.10,681.60,82.57,16.38,98.62,68.63,0.8714,19.2900,-21.0900,0.0000,0.0000,0.8863,0
468,10:26:42.547,ROI,160,160,224,224,11.92,57.54,0.0,0.0,17.38,685.38,83.61,684.60,83.44,16.27,98.55,67.40,0.9537,17.2100,-24.3600,0.0000,0.0000,0.8314,0
469,10:26:42.610,ROI,160,160,224,224,15.41,59.26,15.4,24.2,16.88,689.21,83.79,687.77,84.13,12.28,95.79,66.18,0.9078,17.3900,-22.0100,0.0000,0.0000,0.8644,0
470,10:26:42.660,ROI,160,160,192,192,15.47,41.22,11.775,47.65,24.26,690.37,85.25,690.65,85.02,17.17,94.91,69.00,0.9355,16.8700,-21.5400,0.0000,0.0000,0.9023,0
471,10:26:42.723,ROI,160,160,192,192,12.10,50.65,8.275,0.0,19.74,694.21,85.79,693.64,85.87,15.89,93.28,70.06,0.9080,17.7200,-22.7000,0.0000,0.0000,0.9016,0
472,10:26:42.787,ROI,160,160,192,192,11.59,56.05,7.6,0.0,17.84,695.10,86.54,696.33,86.70,17.09,94.87,71.81,0.9573,17.7800,-26.9700,0.0000,0.0000,0.9184,0
473,10:26:42.837,ROI,160,160,192,192,11.89,40.95,0.0,0.0,24.42,698.07,87.97,698.87,87.75,22.35,96.16,71.30,0.9041,17.7300,-23.8300,0.0000,0.0000,0.8748,0
474,10:26:42.965,ROI,160,160,224,224,13.44,120.97,0.0,0.0,8.27,700.07,88.28,701.32,88.61,19.51,97.12,71.54,0.9513,17.0500,-29.8800,0.0000,0.0000,0.8729,0
475,10:26:43.013,ROI,160,160,224,224,14.97,41.34,0.0,0.0,24.19,703.05,89.91,703.74,89.71,24.33,95.65,71.54,0.8995,16.2600,-30.9000,0.0000,0.0000,0.8519,0
476,10:26:43.077,ROI,160,160,192,192,12.13,51.23,0.0,0.0,19.52,704.98,90.46,706.07,90.71,23.35,93.38,71.20,0.9456,17.1100,-32.4700,0.0000,0.0000,0.8629,0
477,10:26:43.140,ROI,160,160,192,192,12.24,56.18,7.7,0.0,17.80,707.22,92.38,708.24,91.95,29.74,94.48,73.62,0.9052,16.2400,-31.8500,0.0000,0.0000,0.8550,0
478,10:26:43.189,ROI,160,160,192,192,14.34,43.12,10.85,26.025,23.19,709.22,92.02,710.46,92.80,20.91,93.70,72.28,0.9411,15.7300,-35.2500,0.0000,0.0000,0.8273,0
479,10:26:43.252,ROI,160,160,192,192,11.46,52.34,8.175,0.0,19.10,712.12,94.02,712.73,93.92,26.19,94.16,73.60,0.8912,15.2700,-36.5000,0.0000,0.0000,0.8146,0
480,10:26:43.315,ROI,160,160,192,192,11.68,54.24,7.775,0.0,18.44,713.64,94.51,714.89,94.90,24.41,94.49,73.49,0.9555,15.0100,-36.8500,0.3000,-38.7700,0.8113,0
481,10:26:43.364,ROI,160,160,192,192,10.48,40.92,10.55,0.0,24.44,716.04,96.77,716.88,96.25,34.28,94.56,74.11,0.8955,14.0100,-39.1900,0.0000,0.0000,0.7745,0
482,10:26:43.492,ROI,160,160,192,192,12.67,122.10,3.35,0.0,8.19,719.83,99.02,719.20,97.81,33.90,93.79,76.20,0.8709,14.0500,-41.0600,0.3900,-37.7200,0.7610,0
483,10:26:43.540,ROI,160,160,192,192,12.62,40.61,0.0,0.0,24.62,722.16,99.46,721.56,99.19,30.31,93.38,75.64,0.9409,13.6900,-38.5800,0.7100,-42.0200,0.7615,0
484,10:26:43.603,ROI,160,160,192,192,10.86,54.18,0.0,0.0,18.46,725.17,102.48,724.04,101.03,36.58,96.43,78.26,0.8691,13.1500,-45.5700,0.0000,0.0000,0.8061,0
485,10:26:43.668,ROI,160,160,224,224,10.73,56.60,7.375,0.0,17.67,725.69,101.50,726.14,102.24,29.88,95.09,75.54,0.9518,16.7000,-35.5500,1.1600,-34.8200,0.7842,0
486,10:26:43.715,ROI,160,160,192,192,10.21,39.55,10.875,0.0,25.29,729.08,104.23,728.43,103.85,35.15,94.15,77.60,0.8689,13.3900,-49.7700,0.0000,0.0000,0.7704,0
487,10:26:43.779,ROI,160,160,192,192,11.38,58.93,14.675,0.0,16.97,730.72,105.38,730.63,105.37,34.67,95.04,77.62,0.9382,13.8900,-38.5200,0.0000,0.0000,0.7578,0
488,10:26:43.843,ROI,160,160,192,192,9.47,54.35,0.0,0.0,18.40,733.12,106.94,733.00,106.98,34.10,94.21,79.50,0.9143,13.5800,-40.1700,0.0000,0.0000,0.8221,0
489,10:26:43.891,ROI,160,160,192,192,10.00,42.54,10.1,0.0,23.51,734.68,108.17,735.01,108.49,36.92,93.35,79.73,0.9384,13.5600,-41.7600,0.0000,0.0000,0.8125,0
490,10:26:44.020,ROI,160,160,192,192,8.85,121.40,0.0,0.0,8.24,738.64,109.24,737.38,109.89,30.53,91.09,78.92,0.8942,14.8900,-45.3400,0.0000,0.0000,0.8333,0
491,10:26:44.067,ROI,160,160,192,192,8.23,39.68,10.375,0.0,25.20,740.10,108.98,739.58,110.85,23.60,91.02,75.48,0.9269,14.1600,-39.9600,0.0000,0.0000,0.8023,0
492,10:26:44.130,ROI,160,160,192,192,9.36,57.57,7.2,0.0,17.37,741.91,111.59,741.73,112.18,31.81,90.25,77.66,0.8988,14.6000,-44.3000,0.0000,0.0000,0.8204,0
493,10:26:44.194,ROI,160,160,192,192,10.20,57.48,14.35,0.0,17.40,743.03,111.10,743.69,113.03,23.56,90.35,76.42,0.9600,14.7400,-43.5500,0.0000,0.0000,0.8272,0
494,10:26:44.242,ROI,160,160,192,192,9.21,40.34,10.575,0.0,24.79,744.80,113.46,745.58,114.23,32.32,88.22,77.53,0.9050,14.0300,-48.9800,0.0000,0.0000,0.7906,0
495,10:26:44.306,ROI,160,160,192,192,9.58,58.11,7.2,0.0,17.21,745.10,115.05,747.20,115.54,38.94,89.70,78.78,0.9445,14.2400,-51.6600,0.0000,0.0000,0.7898,0
496,10:26:44.420,ROI,160,160,192,192,8.85,106.69,0.0,0.0,9.37,749.94,118.79,749.50,117.44,39.51,85.25,79.24,0.8182,13.6900,-57.2800,0.0000,0.0000,0.8593,0
497,10:26:44.482,ROI,160,160,192,192,9.82,56.53,7.325,0.0,17.69,751.16,120.87,751.36,119.38,46.39,86.09,80.20,0.9233,14.1200,-57.2200,0.0000,0.0000,0.8589,0
498,10:26:44.548,ROI,160,160,192,192,12.22,62.68,0.0,0.0,15.95,752.13,120.82,753.03,120.88,41.88,85.62,77.84,0.9493,14.6000,-53.7700,0.0000,0.0000,0.8444,0
499,10:26:44.610,ROI,160,160,192,192,9.43,51.45,8.025,0.0,19.44,753.99,123.80,754.57,122.82,51.53,86.21,79.28,0.8887,13.5900,-54.3000,0.0000,0.0000,0.8418,0
500,10:26:44.658,ROI,160,160,192,192,10.22,42.57,20.575,0.0,23.49,755.12,124.57,756.03,124.46,48.26,84.68,80.62,0.9557,14.7700,-56.6800,0.0000,0.0000,0.8428,0
501,10:26:44.722,ROI,160,160,192,192,9.61,57.78,14.6,0.0,17.31,757.12,127.14,757.43,126.38,53.85,84.20,80.51,0.8960,14.2800,-60.1200,0.0000,0.0000,0.8551,0
502,10:26:44.786,ROI,160,160,192,192,8.70,57.20,7.25,0.0,17.48,758.91,128.63,758.98,128.25,50.47,84.28,82.12,0.9248,14.6400,-61.8900,0.0000,0.0000,0.8578,0
503,10:26:44.836,ROI,160,160,192,192,10.11,44.07,9.675,0.0,22.69,760.66,131.31,760.49,130.33,53.99,83.08,83.00,0.8998,14.2700,-64.2000,0.8900,-63.1100,0.8578,0
504,10:26:44.964,ROI,160,160,192,192,10.05,122.01,3.325,0.0,8.20,762.66,133.24,762.13,132.49,52.91,83.92,83.10,0.9108,14.0400,-64.5300,0.0000,0.0000,0.8623,0
505,10:26:45.010,ROI,160,160,192,192,11.28,39.41,11.15,0.0,25.37,763.98,134.75,763.61,134.51,53.61,82.30,82.04,0.9345,13.8600,-66.1700,0.0000,0.0000,0.8485,0
506,10:26:45.074,ROI,160,160,192,192,10.00,56.51,0.0,0.0,17.70,764.85,134.98,764.93,136.14,50.95,81.55,80.92,0.9657,14.2100,-66.9100,0.0000,0.0000,0.8400,0
507,10:26:45.138,ROI,160,160,192,192,8.51,56.16,0.0,0.0,17.81,765.92,137.10,766.16,137.81,53.75,79.97,82.22,0.9254,14.1800,-70.5600,0.0000,0.0000,0.8435,0
508,10:26:45.187,ROI,160,160,192,192,11.78,45.38,9.675,0.0,22.04,766.28,138.18,767.15,139.45,58.77,82.81,82.98,0.9410,14.0000,-67.6900,1.5700,-68.0300,0.8243,0
509,10:26:45.252,ROI,160,160,192,192,12.74,59.60,7.525,0.0,16.78,767.20,139.90,768.03,141.05,61.43,81.79,82.85,0.9386,14.0400,-69.4700,0.0000,0.0000,0.8035,0
510,10:26:45.314,ROI,160,160,192,192,9.99,52.93,7.925,0.0,18.89,768.67,140.73,769.07,142.52,54.55,79.73,82.07,0.9453,13.7600,-70.7500,0.0000,0.0000,0.7969,0
511,10:26:45.362,ROI,160,160,192,192,10.83,42.00,10.6,0.0,23.81,769.13,143.14,769.95,144.13,61.44,81.42,83.59,0.9241,14.6600,-70.1200,0.0000,0.0000,0.8053,0
512,10:26:45.492,ROI,160,160,192,192,10.65,123.58,6.6,0.0,8.09,772.20,148.41,771.24,146.60,62.26,77.46,86.21,0.8215,14.1300,-74.5000,0.0000,0.0000,0.7919,0
513,10:26:45.538,ROI,160,160,192,192,8.53,36.68,0.0,0.0,27.26,771.14,149.34,771.92,148.81,73.05,76.90,85.87,0.9521,14.5500,-75.5800,0.0000,0.0000,0.8446,0
514,10:26:45.602,ROI,160,160,192,192,8.66,57.59,0.0,0.0,17.36,772.39,151.75,772.60,150.96,72.46,77.56,86.44,0.9162,14.1300,-77.1500,0.0000,0.0000,0.8010,0
515,10:26:45.666,ROI,160,160,192,192,7.80,55.99,7.15,0.0,17.86,773.14,153.69,773.37,153.26,71.35,78.02,87.60,0.9385,13.9800,-78.5200,0.0000,0.0000,0.7957,0
516,10:26:45.714,ROI,160,160,192,192,9.40,42.79,19.7,0.0,23.37,773.88,155.30,774.01,155.31,72.73,77.64,86.60,0.9458,15.9500,-80.2000,0.0000,0.0000,0.8071,0
517,10:26:45.778,ROI,160,160,192,192,10.80,58.60,14.425,0.0,17.06,773.94,156.85,774.49,157.22,75.97,80.29,88.25,0.9337,16.3000,-78.9200,0.0000,0.0000,0.8477,0
518,10:26:45.843,ROI,160,160,192,192,17.49,65.40,7.375,21.425,15.29,774.60,159.18,774.93,159.19,77.19,81.66,87.67,0.9329,17.1100,-82.3100,0.0000,0.0000,0.8227,0
519,10:26:45.890,ROI,160,160,192,192,11.01,32.46,13.325,0.0,30.81,774.72,160.30,775.30,160.91,78.10,81.25,87.13,0.9700,15.7600,-80.4300,0.0000,0.0000,0.8240,0
520,10:26:46.020,ROI,160,160,192,192,8.99,120.43,0.0,0.0,8.30,776.22,162.51,775.73,162.71,76.39,79.33,87.18,0.9165,17.7300,-85.3800,0.0000,0.0000,0.8496,0
521,10:26:46.067,ROI,160,160,192,192,8.92,39.51,30.9,0.0,25.31,775.84,163.80,775.93,164.50,83.73,79.08,87.07,0.9617,16.8900,-85.3100,0.0000,0.0000,0.8079,0
522,10:26:46.132,ROI,160,160,192,192,8.89,58.49,7.05,0.0,17.10,776.86,165.02,776.27,166.04,77.56,79.99,87.24,0.9483,16.6000,-87.8800,0.0000,0.0000,0.8529,0
523,10:26:46.194,ROI,160,160,192,192,9.89,56.35,14.85,0.0,17.75,777.37,165.98,776.67,167.56,75.11,78.71,87.26,0.9625,17.6000,-87.0800,0.0000,0.0000,0.8441,0
524,10:26:46.242,ROI,160,160,192,192,9.13,40.94,20.8,0.0,24.43,777.47,168.71,777.00,169.33,79.70,79.43,85.19,0.9306,16.1000,-88.3100,0.0000,0.0000,0.8667,0
525,10:26:46.308,ROI,160,160,192,192,10.88,61.83,6.925,0.0,16.17,777.90,169.72,777.49,170.94,72.89,79.80,85.00,0.9662,16.1500,-88.4200,0.0000,0.0000,0.8245,0
526,10:26:46.421,ROI,160,160,192,192,9.61,105.61,3.85,0.0,9.47,779.16,173.75,777.96,172.99,77.02,83.72,85.74,0.8687,16.6500,-89.2300,0.0000,0.0000,0.8976,0
527,10:26:46.484,ROI,160,160,192,192,8.71,54.58,0.0,0.0,18.32,779.60,176.11,778.46,175.10,76.70,82.82,84.49,0.9362,17.8500,-92.1500,0.0000,0.0000,0.8503,0
528,10:26:46.546,ROI,160,160,192,192,9.87,56.81,0.0,0.0,17.60,778.57,177.63,778.63,177.22,85.40,82.70,85.33,0.9414,20.2400,-92.1700,0.0000,0.0000,0.8852,0
529,10:26:46.612,ROI,160,160,192,192,9.85,58.71,14.05,0.0,17.03,778.25,179.58,778.64,179.23,89.69,83.00,86.08,0.9484,19.9100,-95.3100,0.0000,0.0000,0.8828,0
530,10:26:46.658,ROI,160,160,192,192,11.57,41.69,21.7,0.0,23.99,778.07,179.89,778.62,180.89,90.82,83.47,85.27,0.9852,20.5100,-94.1700,0.0000,0.0000,0.8876,0
531,10:26:46.722,ROI,160,160,192,192,14.50,59.43,7.525,25.7,16.83,778.30,181.32,778.61,182.38,90.46,84.43,84.35,0.9561,20.5100,-96.3600,0.0000,0.0000,0.9054,0
532,10:26:46.788,ROI,160,160,192,192,9.18,51.07,7.725,0.0,19.58,778.68,183.35,778.66,183.99,88.23,84.97,85.25,0.9447,20.5300,-96.1500,0.0000,0.0000,0.8849,0
533,10:26:46.836,ROI,160,160,192,192,9.42,42.03,0.0,0.0,23.79,779.28,186.67,778.81,185.91,85.44,84.49,87.29,0.9134,20.6900,-95.1900,0.0000,0.0000,0.9071,0
534,10:26:46.964,ROI,160,160,192,192,10.19,121.71,3.325,0.0,8.22,779.22,191.53,778.84,188.57,89.32,84.40,93.64,0.8967,20.1200,-93.9900,0.0000,0.0000,0.8959,0
535,10:26:47.012,ROI,160,160,192,192,11.45,42.36,0.0,0.0,23.60,779.41,193.09,778.88,191.03,89.20,85.68,90.40,0.9514,21.3800,-93.4600,0.0000,0.0000,0.8822,0
536,10:26:47.076,ROI,160,160,192,192,13.85,60.26,0.0,0.0,16.59,779.44,194.19,778.91,193.32,89.15,88.22,91.74,0.9481,20.6600,-96.5400,0.0000,0.0000,0.8636,0
537,10:26:47.139,ROI,160,160,192,192,10.12,50.76,8.075,0.0,19.70,779.22,195.66,778.86,195.42,91.34,88.68,91.08,0.9635,20.7300,-99.2600,0.0000,0.0000,0.8756,0
538,10:26:47.188,ROI,160,160,192,192,9.22,42.77,0.0,0.0,23.38,779.49,196.62,778.94,197.31,87.55,88.84,90.68,0.9730,21.2300,-100.8500,0.0000,0.0000,0.9070,0
539,10:26:47.250,ROI,160,160,192,192,12.47,58.08,7.475,29.425,17.22,778.05,198.71,778.65,199.29,98.28,85.30,90.90,0.9178,22.9700,-103.0500,0.0000,0.0000,0.9432,0
540,10:26:47.317,ROI,160,160,192,192,11.10,57.35,7.375,0.0,17.44,777.30,200.47,778.18,201.36,102.99,88.08,92.46,0.9322,22.3600,-103.7000,0.0000,0.0000,0.9224,0
541,10:26:47.368,ROI,160,160,192,192,17.05,49.15,9.875,21.825,20.34,777.11,202.41,777.77,203.44,101.15,87.04,92.90,0.9479,22.5400,-103.5400,0.0000,0.0000,0.9212,0
542,10:26:47.494,ROI,160,160,192,192,14.76,115.91,7.225,49.95,8.63,774.42,206.01,776.52,205.68,119.17,86.21,92.98,0.8717,20.5100,-103.9800,0.0000,0.0000,0.9047,0
543,10:26:47.540,ROI,160,160,192,192,17.92,41.07,25.75,0.0,24.35,774.36,208.15,775.57,207.98,112.45,87.65,93.67,0.9398,19.6500,-108.4600,0.0000,0.0000,0.8803,0
544,10:26:47.605,ROI,160,160,192,192,16.33,55.50,8.425,0.0,18.02,773.60,210.99,774.53,210.40,113.15,85.62,96.59,0.9212,20.0300,-107.1200,0.0000,0.0000,0.8690,0
545,10:26:47.669,ROI,160,160,224,224,21.29,58.25,8.4,17.65,17.17,771.45,210.69,773.10,212.12,129.93,83.03,92.76,0.9128,14.4400,-113.6800,0.0000,0.0000,0.8386,0
546,10:26:47.717,ROI,160,160,192,192,16.42,33.57,75.625,0.0,29.79,772.68,214.96,772.21,214.44,110.83,83.39,92.69,0.8864,18.9500,-109.3900,0.0000,0.0000,0.8840,0
547,10:26:47.780,ROI,160,160,192,192,15.68,52.81,8.525,0.0,18.94,772.36,216.30,771.47,216.55,109.43,84.76,92.38,0.9559,18.8400,-108.8200,0.0000,0.0000,0.8588,0
548,10:26:47.847,ROI,160,160,192,192,21.33,63.07,0.0,35.0,15.86,769.76,217.58,770.22,218.36,124.60,82.73,90.28,0.9142,19.4700,-108.3500,0.0000,0.0000,0.8760,0
549,10:26:47.894,ROI,160,160,192,192,20.45,36.24,78.775,0.0,27.59,770.57,220.43,769.48,220.44,109.58,83.68,93.25,0.9219,17.7600,-113.4800,0.0000,0.0000,0.8754,0
550,10:26:48.020,ROI,160,160,192,192,28.89,126.26,0.0,0.0,7.92,765.88,224.02,767.62,222.86,127.50,85.90,94.14,0.8323,19.9500,-112.5500,0.3800,-110.4300,0.9370,0
551,10:26:48.070,ROI,160,160,192,192,19.79,31.06,0.0,0.0,32.20,765.40,224.84,766.07,224.91,127.17,87.97,92.34,0.9582,17.4000,-114.5400,0.0000,0.0000,0.9146,0
552,10:26:48.135,ROI,160,160,192,192,28.81,66.17,8.8,0.0,15.11,763.04,227.46,764.18,227.15,130.15,87.18,93.56,0.8971,16.9800,-113.3400,0.0000,0.0000,0.8952,0
553,10:26:48.196,ROI,160,160,192,192,24.34,47.80,12.375,15.475,20.92,762.98,228.12,762.65,229.08,128.40,88.22,92.53,0.9744,17.2300,-116.6100,0.0000,0.0000,0.9198,0
554,10:26:48.245,ROI,160,160,192,192,19.59,32.89,16.575,0.0,30.40,761.36,230.54,761.07,231.08,128.38,88.16,93.60,0.9159,17.5000,-116.8900,0.0000,0.0000,0.9348,0
555,10:26:48.308,ROI,160,160,192,192,18.23,49.13,18.575,0.0,20.36,760.75,232.92,759.69,233.26,122.17,89.59,94.04,0.9359,18.1300,-117.3200,0.0000,0.0000,0.9532,0
556,10:26:48.422,ROI,160,160,192,192,16.14,102.46,4.125,0.0,9.76,759.06,235.08,758.14,235.29,127.39,88.90,91.73,0.9197,19.6200,-117.3800,0.0000,0.0000,0.9728,0
557,10:26:48.486,ROI,160,160,192,192,17.69,57.43,0.0,0.0,17.41,755.38,237.84,755.95,237.45,135.46,92.30,91.43,0.8699,19.9500,-118.4000,0.4300,-109.9700,0.9602,0
558,10:26:48.548,ROI,160,160,192,192,20.83,56.58,9.075,0.0,17.67,753.90,238.86,753.93,239.31,137.25,93.56,90.85,0.9477,16.9900,-120.2800,0.0000,0.0000,0.9594,0
559,10:26:48.596,ROI,160,160,192,192,18.61,36.77,14.425,19.75,27.19,752.70,240.24,752.12,240.99,137.19,94.07,88.36,0.9456,17.3400,-122.3500,0.0000,0.0000,0.9462,0
560,10:26:48.660,ROI,160,160,192,192,17.10,54.17,8.8,0.0,18.46,752.00,242.68,750.62,242.96,127.32,94.62,89.29,0.9331,17.4700,-123.1900,0.0000,0.0000,0.9475,0
561,10:26:48.723,ROI,160,160,192,192,14.49,52.04,17.3,25.2,19.22,747.81,244.72,748.46,245.02,136.31,97.68,92.52,0.8773,16.4500,-122.7900,0.0000,0.0000,0.9268,0
562,10:26:48.771,ROI,160,160,224,224,13.70,38.23,12.025,0.0,26.16,748.40,246.20,746.96,246.99,127.20,97.47,92.09,0.9571,15.5800,-123.9600,0.0000,0.0000,0.9122,0
563,10:26:48.900,ROI,160,160,224,224,19.62,125.40,3.45,0.0,7.97,743.28,250.00,744.52,249.38,135.71,97.47,91.13,0.8317,14.6900,-121.5900,0.3900,-121.9300,0.9312,0
564,10:26:48.948,ROI,160,160,224,224,15.14,35.35,14.05,24.05,28.29,743.08,250.21,742.59,250.98,140.24,97.10,89.17,0.9745,15.7500,-122.3900,0.0000,0.0000,0.8865,0
565,10:26:49.011,ROI,160,160,224,224,16.50,56.54,0.0,0.0,17.69,739.35,252.51,740.15,252.69,145.05,93.63,89.52,0.8800,15.3900,-120.1700,0.0000,0.0000,0.9353,0
566,10:26:49.075,ROI,160,160,192,192,17.27,56.61,0.0,0.0,17.67,737.45,253.06,737.75,254.07,149.91,95.00,86.70,0.9312,16.3200,-126.7000,0.4600,-113.2900,0.8415,0
567,10:26:49.122,ROI,160,160,192,192,13.71,36.21,13.275,0.0,27.62,734.17,254.85,735.05,255.51,152.10,94.74,82.61,0.8904,14.8900,-128.5200,1.0200,-114.5600,0.8194,0
568,10:26:49.186,ROI,160,160,192,192,15.56,57.47,0.0,0.0,17.40,733.74,255.92,732.77,256.87,149.25,96.84,83.42,0.9535,15.5100,-129.9400,0.4300,-117.1800,0.8078,0
569,10:26:49.252,ROI,160,160,224,224,12.72,53.84,8.0,0.0,18.57,731.26,258.39,730.46,258.46,145.35,99.41,87.98,0.8983,12.9200,-129.9200,0.0000,0.0000,0.8035,0
570,10:26:49.303,ROI,160,160,224,224,14.42,46.17,10.25,0.0,21.66,731.32,258.50,728.75,259.69,144.27,103.03,87.44,0.9593,16.0900,-129.1700,0.0000,0.0000,0.8477,0
571,10:26:49.427,ROI,160,160,224,224,8.64,108.26,3.6,0.0,9.24,726.83,260.76,726.32,261.16,148.81,105.74,85.89,0.8730,16.5200,-138.1400,0.0000,0.0000,0.8163,0
572,10:26:49.476,ROI,160,160,224,224,8.42,42.77,19.5,0.0,23.38,724.42,262.20,724.03,262.48,149.93,104.85,81.58,0.9081,15.9200,-141.5500,0.0000,0.0000,0.7471,0
573,10:26:49.540,ROI,160,160,224,224,10.71,59.59,7.175,0.0,16.78,722.64,262.52,721.83,263.49,155.36,106.54,82.35,0.9580,15.5700,-141.5300,0.0000,0.0000,0.7333,0
574,10:26:49.603,ROI,160,160,224,224,7.74,53.94,7.525,0.0,18.54,719.84,264.59,719.49,264.62,154.28,110.81,83.10,0.9043,14.6100,-144.3900,0.0000,0.0000,0.7709,0
575,10:26:49.651,ROI,160,160,224,224,7.74,41.96,9.8,47.325,23.83,719.11,265.50,717.71,265.84,145.70,110.05,83.40,0.9657,16.3500,-143.7800,0.0000,0.0000,0.7772,0
576,10:26:49.715,ROI,160,160,224,224,9.25,59.40,7.0,0.0,16.84,715.98,267.38,715.47,267.03,151.87,110.64,83.12,0.9041,14.2300,-146.0600,0.0000,0.0000,0.7405,0
577,10:26:49.778,ROI,160,160,224,224,10.84,58.30,14.75,0.0,17.15,713.81,267.92,713.18,268.08,155.55,113.27,81.70,0.9462,13.8200,-148.4300,0.5600,-149.3600,0.7338,0
578,10:26:49.828,ROI,160,160,256,256,8.90,41.97,10.125,0.0,23.83,714.62,267.93,711.80,268.89,149.57,111.26,80.16,0.9637,14.9000,-147.7600,0.0000,0.0000,0.7558,0
579,10:26:49.954,ROI,160,160,224,224,9.14,120.40,6.675,0.0,8.31,705.88,270.15,708.40,269.96,162.43,118.72,80.43,0.8156,13.7500,-149.4900,0.7700,-150.3400,0.7642,0
580,10:26:50.005,ROI,160,160,256,256,7.83,42.95,0.0,0.0,23.28,705.70,271.60,705.96,270.98,157.43,117.97,78.35,0.9581,13.5600,-153.0200,0.0000,0.0000,0.7495,0
581,10:26:50.066,ROI,160,160,256,256,7.80,54.44,7.4,0.0,18.37,703.67,272.18,703.57,271.94,158.17,115.47,76.86,0.9476,14.4300,-150.4700,0.0000,0.0000,0.7296,0
582,10:26:50.131,ROI,160,160,256,256,8.56,59.06,6.975,0.0,16.93,700.74,272.54,701.13,272.65,163.55,114.08,80.16,0.9123,13.5200,-154.7100,0.0000,0.0000,0.7085,0
583,10:26:50.178,ROI,160,160,256,256,9.27,41.89,10.225,0.0,23.87,700.08,272.96,699.06,273.36,161.19,115.22,80.78,0.9783,13.9000,-155.6200,0.0000,0.0000,0.7648,0
584,10:26:50.242,ROI,160,160,256,256,8.59,57.09,7.225,0.0,17.52,696.59,275.14,696.66,274.40,156.59,116.21,77.79,0.8927,14.3500,-158.7700,0.0000,0.0000,0.8126,0
585,10:26:50.308,ROI,160,160,256,256,9.20,60.70,6.875,0.0,16.48,694.30,273.72,694.19,274.78,171.21,114.54,82.32,0.9096,15.0600,-158.9900,0.0000,0.0000,0.8164,0
586,10:26:50.421,ROI,160,160,256,256,8.70,106.29,3.8,0.0,9.41,689.55,277.75,691.07,276.04,158.03,117.57,79.79,0.8374,16.1700,-159.7800,0.0000,0.0000,0.8521,0
587,10:26:50.484,ROI,160,160,256,256,8.37,56.82,0.0,0.0,17.60,685.37,278.82,687.72,277.22,160.53,117.58,82.26,0.9043,14.4400,-159.2100,0.0000,0.0000,0.8229,0
588,10:26:50.530,ROI,160,160,256,256,9.65,40.90,0.0,0.0,24.45,682.74,278.80,684.43,278.20,163.51,118.06,82.26,0.9559,15.4100,-160.1600,0.0000,0.0000,0.7850,0
589,10:26:50.594,ROI,160,160,256,256,8.79,57.08,14.525,0.0,17.52,680.86,278.85,681.36,279.00,165.37,116.06,82.27,0.9673,16.0200,-161.7600,0.0000,0.0000,0.8286,0
590,10:26:50.658,ROI,160,160,256,256,8.83,57.67,14.275,0.0,17.34,676.56,279.92,677.78,279.84,166.86,118.03,81.36,0.9059,17.3900,-165.3300,0.0000,0.0000,0.8733,0
591,10:26:50.706,ROI,160,160,256,256,9.01,42.26,10.1,0.0,23.66,674.80,279.88,674.72,280.43,168.98,118.78,82.42,0.9584,16.7100,-164.2900,0.0000,0.0000,0.8641,0
592,10:26:50.835,ROI,160,160,256,256,8.43,122.13,3.275,0.0,8.19,667.26,280.22,670.20,280.97,173.24,117.97,82.59,0.8736,15.9800,-165.6900,0.0000,0.0000,0.8451,0
593,10:26:50.883,ROI,160,160,256,256,8.02,41.17,10.1,0.0,24.29,664.10,282.16,666.05,281.65,170.61,122.62,84.06,0.9063,17.5100,-168.0800,0.0000,0.0000,0.8902,0
594,10:26:50.946,ROI,160,160,256,256,9.21,58.72,7.075,0.0,17.03,662.99,281.30,662.38,282.02,174.37,120.11,86.13,0.9565,18.4200,-167.2900,0.0000,0.0000,0.8940,0
595,10:26:51.011,ROI,160,160,256,256,9.35,58.02,7.175,0.0,17.23,656.67,282.18,658.07,282.39,174.99,119.66,85.84,0.8824,16.3900,-169.2000,0.0000,0.0000,0.8575,0
596,10:26:51.058,ROI,160,160,256,256,8.70,40.13,0.0,0.0,24.92,655.06,282.05,654.33,282.66,175.86,117.87,84.67,0.9600,17.3500,-171.5200,0.0000,0.0000,0.8571,0
597,10:26:51.124,ROI,160,160,256,256,16.52,67.69,6.875,22.95,14.77,652.65,281.89,651.02,282.75,178.53,120.99,82.24,0.9338,17.5300,-176.1500,0.0000,0.0000,0.8021,0
598,10:26:51.186,ROI,160,160,256,256,9.33,49.02,0.0,0.0,20.40,650.98,281.69,648.06,282.73,-179.57,120.54,84.30,0.9492,16.9000,-175.5200,0.5400,176.8800,0.7751,0
599,10:26:51.237,ROI,160,160,256,256,8.01,43.42,0.0,0.0,23.03,647.86,281.70,645.17,282.55,-176.47,121.28,80.93,0.9127,16.7900,-178.1100,0.0000,0.0000,0.8001,0
600,10:26:51.364,ROI,160,160,256,256,9.23,121.97,0.0,0.0,8.20,640.22,281.37,640.91,282.34,-177.25,123.36,82.38,0.8676,16.3600,-177.2400,0.6200,176.8400,0.8036,0
601,10:26:51.410,ROI,160,160,256,256,10.71,41.06,10.85,0.0,24.36,639.15,281.45,637.57,282.06,-175.23,119.78,83.18,0.9619,16.5300,-178.6600,0.0000,0.0000,0.7913,0
602,10:26:51.473,ROI,160,160,256,256,8.71,55.20,14.95,0.0,18.12,637.11,281.83,634.65,281.86,-175.95,119.89,83.01,0.9578,16.4100,-177.7500,0.0000,0.0000,0.7461,0
603,10:26:51.539,ROI,160,160,256,256,9.48,60.42,0.0,0.0,16.55,633.96,280.36,631.74,281.34,-169.84,116.91,83.50,0.9161,15.6500,179.6500,0.0000,0.0000,0.7386,0
604,10:26:51.586,ROI,160,160,256,256,9.26,40.51,0.0,0.0,24.68,630.68,280.74,628.91,280.90,-171.19,120.26,83.10,0.9380,15.2300,178.6000,0.0000,0.0000,0.6900,0
605,10:26:51.650,ROI,160,160,256,256,10.27,58.78,7.175,0.0,17.01,626.64,280.13,625.74,280.37,-170.46,121.65,83.42,0.9222,15.7900,176.9400,0.4500,173.7500,0.7341,0
606,10:26:51.715,ROI,160,160,256,256,9.55,57.18,7.325,0.0,17.49,625.92,279.55,623.34,279.68,-164.13,118.38,84.03,0.9601,15.5000,175.5900,0.0000,0.0000,0.7141,0
607,10:26:51.762,ROI,160,160,256,256,11.35,42.56,20.975,0.0,23.49,621.37,278.58,620.50,278.88,-164.14,120.10,82.27,0.9060,14.9400,169.5400,0.0000,0.0000,0.6988,0
608,10:26:51.891,ROI,160,160,256,256,11.90,123.50,6.65,0.0,8.10,615.38,277.87,616.61,278.12,-168.99,120.19,81.65,0.8903,15.2900,172.5500,0.0000,0.0000,0.6616,0
609,10:26:51.939,ROI,160,160,256,256,8.28,37.57,22.275,0.0,26.62,613.48,278.63,613.67,277.62,-170.31,121.36,81.66,0.9514,15.5600,172.4500,0.0000,0.0000,0.7021,0
610,10:26:52.004,ROI,160,160,256,256,8.35,59.06,0.0,0.0,16.93,608.14,277.12,610.03,276.79,-167.19,121.04,81.44,0.8836,15.4400,169.7600,0.0000,0.0000,0.7045,0
611,10:26:52.068,ROI,160,160,256,256,9.06,57.57,0.0,0.0,17.37,605.10,275.93,606.47,275.84,-164.99,122.51,78.16,0.9142,15.0800,171.7600,0.0000,0.0000,0.6974,0
612,10:26:52.130,ROI,160,160,256,256,8.10,55.13,7.425,0.0,18.14,604.10,273.80,603.59,274.57,-156.30,118.78,78.35,0.9190,16.0900,167.4500,0.0000,0.0000,0.7610,0
613,10:26:52.178,ROI,160,160,256,256,8.83,42.75,9.95,0.0,23.39,601.26,273.53,600.59,273.55,-161.25,120.58,75.22,0.9166,16.3100,166.7600,0.0000,0.0000,0.8101,0
614,10:26:52.243,ROI,160,160,256,256,21.41,71.60,7.025,0.0,13.97,596.31,272.44,597.10,272.39,-161.49,121.49,75.89,0.8962,15.6900,167.4700,0.0000,0.0000,0.7867,0
615,10:26:52.307,ROI,160,160,256,256,8.87,45.13,9.375,0.0,22.16,591.70,270.64,593.17,271.23,-163.59,126.08,74.78,0.8865,15.6200,166.7000,0.0000,0.0000,0.8059,0
616,10:26:52.420,ROI,160,160,256,256,7.79,106.22,3.75,0.0,9.41,586.65,270.34,588.95,270.02,-164.08,128.13,75.73,0.9124,16.9000,165.6500,0.0000,0.0000,0.8379,0
617,10:26:52.484,ROI,160,160,288,288,8.10,57.34,0.0,0.0,17.44,581.91,270.92,584.54,269.20,-169.40,128.65,81.58,0.8644,17.5100,165.6100,0.0000,0.0000,0.9056,0
618,10:26:52.537,ROI,160,160,288,288,8.27,44.85,8.925,0.0,22.30,581.90,269.57,581.11,268.29,-165.23,128.38,84.67,0.9615,16.5900,162.8900,0.0000,0.0000,0.8603,0
619,10:26:52.594,ROI,160,160,288,288,9.11,51.69,8.05,0.0,19.35,579.72,268.91,577.86,267.51,-166.50,125.91,84.94,0.9517,18.2600,165.3100,0.0000,0.0000,0.8814,0
620,10:26:52.658,ROI,160,160,256,256,9.28,57.41,14.475,0.0,17.42,574.81,267.90,574.24,266.67,-166.86,128.51,81.95,0.8945,16.4900,165.0200,0.0000,0.0000,0.8323,0
621,10:26:52.706,ROI,160,160,288,288,8.63,41.71,10.175,0.0,23.98,572.61,268.44,570.79,266.26,-173.29,128.20,85.99,0.9218,18.2800,164.7100,0.0000,0.0000,0.8566,0
622,10:26:52.836,ROI,160,160,288,288,7.86,122.67,3.225,0.0,8.15,567.01,264.92,567.11,265.15,-163.18,130.00,87.57,0.8481,17.6600,161.8900,0.0000,0.0000,0.8422,0
623,10:26:52.884,ROI,160,160,288,288,8.33,41.87,9.9,0.0,23.88,562.73,263.14,563.28,263.71,-159.42,129.65,85.28,0.8994,16.9700,161.6100,0.0000,0.0000,0.8243,0
624,10:26:52.946,ROI,160,160,288,288,12.22,59.45,0.0,0.0,16.82,561.60,262.87,559.97,262.62,-161.71,129.83,88.92,0.9429,16.5200,158.9700,1.0900,164.3100,0.7904,0
625,10:26:53.013,ROI,160,160,288,288,12.36,59.13,7.25,0.0,16.91,559.56,260.88,557.31,261.23,-152.37,123.30,86.89,0.9081,17.0800,160.0100,0.5900,163.1900,0.8130,0
626,10:26:53.058,ROI,160,160,256,256,9.72,36.26,0.0,0.0,27.58,557.83,260.00,554.95,259.94,-151.44,121.71,87.97,0.9531,17.8500,159.3100,0.0000,0.0000,0.8204,0
627,10:26:53.124,ROI,160,160,256,256,8.74,58.86,7.025,0.0,16.99,555.11,258.51,552.61,258.59,-150.12,121.14,90.21,0.9255,17.8700,157.1300,0.0000,0.0000,0.8477,0
628,10:26:53.186,ROI,160,160,256,256,8.47,55.35,0.0,0.0,18.07,553.32,257.68,550.42,257.38,-150.94,120.59,88.29,0.9504,16.7200,156.3400,0.0000,0.0000,0.8359,0
629,10:26:53.251,ROI,160,160,256,256,9.81,59.60,7.025,0.0,16.78,550.07,255.86,548.05,256.00,-149.73,120.46,87.62,0.9101,16.3500,154.4000,0.3600,159.4700,0.8616,0
630,10:26:53.299,ROI,160,160,256,256,8.48,40.57,10.35,0.0,24.65,547.76,255.56,546.20,254.90,-149.28,120.78,88.72,0.9506,15.1200,152.5100,0.0000,0.0000,0.8475,0
631,10:26:53.428,ROI,160,160,256,256,10.95,125.46,3.25,33.65,7.97,543.34,253.24,543.74,253.48,-150.04,120.00,89.22,0.8835,15.8800,151.1500,1.3600,149.5400,0.8701,0
632,10:26:53.476,ROI,160,160,256,256,11.06,40.87,10.825,0.0,24.47,541.69,252.14,541.47,252.05,-147.70,119.65,92.06,0.9432,16.8400,148.1200,1.3600,143.9900,0.8656,0
633,10:26:53.539,ROI,160,160,256,256,10.08,56.43,0.0,0.0,17.72,539.96,251.76,539.43,250.96,-152.03,120.58,91.09,0.9615,16.4800,149.5800,1.4800,145.7700,0.8692,0
634,10:26:53.602,ROI,160,160,256,256,9.94,56.12,0.0,0.0,17.82,537.10,251.19,537.26,249.97,-155.51,118.40,93.50,0.9293,16.5000,144.6400,1.3800,141.8700,0.8435,0
635,10:26:53.652,ROI,160,160,256,256,9.40,42.68,0.0,0.0,23.43,534.23,250.57,535.03,249.11,-158.97,118.37,94.90,0.9391,15.9300,143.5300,2.1200,142.8000,0.8088,0
636,10:26:53.715,ROI,160,160,256,256,10.24,57.34,7.375,0.0,17.44,532.16,248.75,532.64,248.05,-156.04,119.49,95.46,0.9302,16.7900,144.7100,2.1700,142.9100,0.8359,0
637,10:26:53.778,ROI,160,160,256,256,10.18,53.82,7.475,0.0,18.58,530.19,246.93,530.41,246.84,-151.55,118.83,94.61,0.9316,17.3500,142.7600,2.4500,142.4400,0.8531,0
638,10:26:53.828,ROI,160,160,256,256,10.76,43.55,0.0,0.0,22.96,528.85,247.18,528.63,246.03,-155.44,118.08,97.36,0.9503,16.0800,141.1000,0.5000,139.2000,0.8347,0
639,10:26:53.956,ROI,160,160,256,256,10.31,121.83,6.675,0.0,8.21,525.87,243.62,526.48,244.41,-142.89,118.34,96.56,0.8851,15.3200,140.6400,0.7500,140.2600,0.8803,0
640,10:26:54.005,ROI,160,160,256,256,10.83,42.67,0.0,0.0,23.44,522.07,241.18,524.08,242.54,-142.14,114.02,94.72,0.8910,14.3500,138.0800,0.6900,137.0900,0.9204,0
641,10:26:54.066,ROI,160,160,256,256,9.22,53.43,0.0,0.0,18.72,521.47,240.98,522.12,241.04,-142.55,114.21,96.85,0.9679,13.9200,137.4000,2.0100,138.4000,0.8834,0
642,10:26:54.130,ROI,160,160,256,256,10.20,58.04,7.175,36.15,17.23,517.75,237.68,519.51,239.15,-144.09,111.84,97.92,0.8768,13.0700,136.5000,2.2900,137.3200,0.9238,0
643,10:26:54.178,ROI,160,160,224,224,11.23,42.05,10.55,0.0,23.78,517.01,237.50,517.20,237.60,-146.21,106.06,97.90,0.9450,14.9800,134.5100,1.9800,136.8800,0.8681,0
644,10:26:54.242,ROI,160,160,224,224,9.77,56.27,7.5,0.0,17.77,514.47,234.75,514.86,235.75,-141.65,105.20,100.09,0.9025,13.9500,130.8900,1.8100,136.2800,0.8994,0
645,10:26:54.308,ROI,160,160,224,224,9.83,60.35,6.975,0.0,16.57,513.59,234.94,512.92,234.47,-146.67,105.11,98.85,0.9715,13.7000,133.0200,1.3600,137.6900,0.8891,0
646,10:26:54.420,ROI,160,160,224,224,9.17,104.98,3.85,0.0,9.53,509.02,230.70,510.46,232.44,-140.41,106.23,99.37,0.8447,12.1600,128.9400,0.9100,138.3000,0.8776,0
647,10:26:54.483,ROI,160,160,224,224,8.91,56.20,0.0,0.0,17.79,506.76,228.04,508.17,230.04,-133.72,99.02,98.15,0.8845,11.8700,128.8200,0.0000,0.0000,0.8710,0
648,10:26:54.530,ROI,160,160,224,224,9.06,41.00,0.0,0.0,24.39,505.55,226.59,505.90,227.80,-135.27,98.57,95.84,0.9473,12.1400,127.6300,0.0000,0.0000,0.8394,0
649,10:26:54.594,ROI,160,160,224,224,8.77,57.29,14.375,0.0,17.46,503.31,224.10,503.50,225.37,-134.65,96.73,95.93,0.9077,10.3900,126.8900,0.0000,0.0000,0.8154,0
650,10:26:54.660,ROI,160,160,224,224,8.51,58.90,13.85,0.0,16.98,501.35,222.81,501.29,223.11,-134.46,96.36,94.12,0.9351,10.0800,124.1300,0.0000,0.0000,0.8097,0
651,10:26:54.706,ROI,160,160,224,224,8.98,40.23,21.15,0.0,24.86,500.34,221.51,499.28,220.85,-131.62,95.86,96.59,0.9533,11.5800,123.1100,0.0000,0.0000,0.8547,0
652,10:26:54.835,ROI,160,160,224,224,7.60,121.71,0.0,0.0,8.22,496.84,218.34,497.11,218.45,-132.08,91.97,93.49,0.8696,10.6900,121.0800,0.0000,0.0000,0.7952,0
653,10:26:54.898,ROI,160,160,192,192,7.94,57.26,7.1,0.0,17.47,496.10,216.01,495.49,216.05,-124.04,86.75,92.08,0.8979,11.6500,117.9900,0.0000,0.0000,0.8428,0
654,10:26:54.946,ROI,160,160,192,192,8.45,42.02,10.0,0.0,23.80,495.32,214.36,494.09,213.72,-120.97,85.51,90.97,0.9474,10.0400,121.1300,0.0000,0.0000,0.8310,0
655,10:26:55.012,ROI,160,160,192,192,11.60,63.17,6.825,0.0,15.83,491.98,211.77,492.25,211.35,-127.82,84.19,90.22,0.8747,10.7100,120.2700,0.0000,0.0000,0.8346,0
656,10:26:55.074,ROI,160,160,192,192,8.82,52.65,7.85,0.0,18.99,491.41,210.11,490.70,209.12,-124.75,83.20,89.59,0.9510,9.4000,117.0600,0.0000,0.0000,0.7684,0
657,10:26:55.123,ROI,160,160,192,192,8.99,42.76,9.925,0.0,23.39,488.91,207.43,488.97,206.80,-126.80,81.53,90.28,0.8883,9.6500,115.7700,0.0000,0.0000,0.7627,0
658,10:26:55.188,ROI,160,160,192,192,14.01,64.04,0.0,0.0,15.62,487.70,206.83,487.31,204.91,-131.13,84.34,91.87,0.9499,11.2400,114.9100,0.0000,0.0000,0.8095,0
659,10:26:55.250,ROI,160,160,192,192,7.73,49.92,8.2,0.0,20.03,486.08,204.86,485.73,203.11,-131.41,83.59,91.91,0.9224,11.2300,111.5700,0.0000,0.0000,0.8242,0
660,10:26:55.299,ROI,160,160,192,192,8.03,42.87,9.675,0.0,23.33,484.63,202.68,484.18,201.23,-129.38,84.61,91.25,0.9221,10.6400,110.5300,0.0000,0.0000,0.8265,0
661,10:26:55.428,ROI,160,160,192,192,8.75,123.47,6.475,0.0,8.10,483.33,199.17,482.90,199.08,-120.91,82.66,91.51,0.8986,11.7600,106.3700,0.0000,0.0000,0.8541,0
662,10:26:55.475,ROI,160,160,192,192,8.51,40.32,20.675,0.0,24.80,482.16,196.70,481.66,196.90,-119.48,83.84,92.22,0.9220,12.4200,105.6500,0.0000,0.0000,0.8595,0
663,10:26:55.538,ROI,160,160,192,192,7.72,56.50,0.0,0.0,17.70,480.02,195.80,480.20,195.03,-128.11,85.46,92.62,0.9328,12.5500,104.6200,0.0000,0.0000,0.8958,0
664,10:26:55.602,ROI,160,160,192,192,7.71,57.45,0.0,0.0,17.41,480.29,193.69,479.25,193.10,-116.32,84.46,92.53,0.9445,11.5500,102.7500,0.0000,0.0000,0.8616,0
665,10:26:55.651,ROI,160,160,192,192,7.66,41.29,0.0,0.0,24.22,479.96,191.40,478.60,191.06,-107.62,83.87,93.28,0.9448,11.6200,103.1600,0.0000,0.0000,0.8640,0
666,10:26:55.715,ROI,160,160,192,192,7.66,57.39,7.025,0.0,17.42,478.94,189.84,477.95,189.17,-108.82,82.78,93.12,0.9438,12.0200,102.9400,0.0000,0.0000,0.8664,0
667,10:26:55.780,ROI,160,160,192,192,8.13,59.61,13.675,0.0,16.78,477.82,187.26,477.26,187.17,-109.00,84.38,93.00,0.9218,11.4000,99.8000,0.0000,0.0000,0.8443,0
668,10:26:55.826,ROI,160,160,192,192,8.35,40.11,0.0,0.0,24.93,476.98,186.28,476.52,185.28,-111.49,85.62,94.99,0.9598,11.1900,98.1000,0.0000,0.0000,0.8411,0
669,10:26:55.956,ROI,160,160,192,192,8.23,124.14,3.225,0.0,8.06,476.88,182.98,476.04,183.17,-102.91,85.14,93.60,0.9272,11.6600,96.8500,0.0000,0.0000,0.8256,0
670,10:26:56.004,ROI,160,160,192,192,7.97,41.67,0.0,0.0,24.00,476.50,179.46,475.81,180.77,-95.55,84.52,93.14,0.9195,10.8000,97.4500,0.0000,0.0000,0.7732,0
671,10:26:56.066,ROI,160,160,192,192,7.94,54.45,7.3,0.0,18.36,476.71,178.00,475.66,178.46,-93.47,86.44,92.44,0.9481,12.2500,97.3900,0.0000,0.0000,0.8242,0
672,10:26:56.132,ROI,160,160,192,192,7.83,59.36,6.825,46.875,16.85,476.97,174.15,475.86,175.84,-85.70,88.20,89.05,0.9012,11.8600,95.9500,0.0000,0.0000,0.8406,0
673,10:26:56.178,ROI,160,160,192,192,8.57,40.94,10.325,0.0,24.42,475.15,172.32,475.54,173.23,-96.93,85.84,87.02,0.9204,11.7600,94.4800,0.0000,0.0000,0.8836,0
674,10:26:56.243,ROI,160,160,192,192,8.81,58.62,14.075,0.0,17.06,475.73,169.64,475.53,170.60,-90.36,84.92,86.53,0.9276,12.3100,92.9200,0.0000,0.0000,0.9089,0
675,10:26:56.309,ROI,160,160,192,192,8.44,58.90,13.775,0.0,16.98,475.74,168.69,475.46,168.14,-91.70,87.52,86.96,0.9496,12.4800,93.2100,0.0000,0.0000,0.8968,0
676,10:26:56.420,ROI,160,160,192,192,7.84,104.89,0.0,0.0,9.53,475.30,164.23,475.52,165.28,-88.70,84.17,85.84,0.8688,13.1800,92.5600,0.0000,0.0000,0.8877,0
677,10:26:56.484,ROI,160,160,192,192,8.19,57.28,0.0,0.0,17.46,476.79,162.39,476.06,162.67,-78.37,84.98,85.80,0.9256,13.8900,92.0400,0.0000,0.0000,0.9158,0
678,10:26:56.549,ROI,160,160,192,192,8.04,58.95,0.0,0.0,16.96,477.92,160.04,476.81,160.05,-74.00,83.15,85.45,0.9221,14.1800,91.4600,0.0000,0.0000,0.9130,0
679,10:26:56.594,ROI,160,160,192,192,10.43,40.66,21.575,0.0,24.59,477.13,158.12,477.30,157.64,-78.51,83.04,88.14,0.9390,14.3300,88.4200,0.0000,0.0000,0.9156,0
680,10:26:56.659,ROI,160,160,192,192,16.67,66.23,7.2,21.375,15.10,477.74,158.12,477.90,155.80,-71.81,85.22,89.51,0.9595,13.1100,86.5300,0.0000,0.0000,0.9251,0
681,10:26:56.722,ROI,160,160,192,192,8.82,47.27,8.825,0.0,21.15,477.47,156.36,478.26,153.99,-78.74,83.76,89.21,0.9451,14.6900,85.8500,0.0000,0.0000,0.9124,0
682,10:26:56.770,ROI,160,160,192,192,7.94,41.14,10.075,0.0,24.30,477.46,154.33,478.69,152.27,-75.98,82.86,89.57,0.9457,15.8300,84.4100,0.0000,0.0000,0.9168,0
683,10:26:56.900,ROI,160,160,192,192,8.81,122.15,3.225,0.0,8.19,476.90,151.20,478.81,150.31,-86.51,83.50,90.30,0.9209,16.5200,82.9500,0.0000,0.0000,0.9154,0
684,10:26:56.946,ROI,160,160,192,192,9.69,40.65,0.0,0.0,24.60,477.39,150.88,478.90,148.80,-86.61,85.51,89.63,0.9693,15.5800,82.5200,0.0000,0.0000,0.9196,0
685,10:26:57.010,ROI,160,160,192,192,10.44,57.84,7.3,0.0,17.29,477.17,147.71,478.99,147.02,-87.06,83.63,89.69,0.9118,17.9300,79.2700,0.0000,0.0000,0.8490,0
686,10:26:57.074,ROI,160,160,192,192,8.56,56.16,0.0,0.0,17.81,478.18,148.33,479.19,145.91,-79.79,86.53,91.80,0.9442,16.1000,81.0600,0.0000,0.0000,0.8849,0
687,10:26:57.122,ROI,160,160,192,192,8.28,40.97,10.175,0.0,24.41,477.95,144.82,479.31,144.39,-85.32,83.14,88.21,0.8892,19.0600,79.2100,0.0000,0.0000,0.8748,0
688,10:26:57.187,ROI,160,160,192,192,8.20,59.20,6.9,0.0,16.89,478.51,142.80,479.49,142.71,-84.11,83.38,87.49,0.9426,18.5800,78.7600,0.0000,0.0000,0.8781,0
689,10:26:57.251,ROI,160,160,192,192,9.72,58.12,7.175,0.0,17.21,479.28,141.14,479.80,141.06,-79.42,83.63,89.02,0.9456,18.6900,77.9500,0.0000,0.0000,0.8862,0
690,10:26:57.301,ROI,160,160,192,192,9.99,44.05,9.7,0.0,22.70,480.86,139.54,480.43,139.44,-68.48,81.92,87.77,0.9289,19.3500,78.9900,0.0000,0.0000,0.8895,0
691,10:26:57.427,ROI,160,160,192,192,12.42,120.25,6.825,0.0,8.32,483.38,135.23,481.60,137.28,-61.68,83.16,87.74,0.8551,19.6300,78.6900,0.0000,0.0000,0.8913,0
692,10:26:57.475,ROI,160,160,192,192,14.88,41.87,11.15,25.15,23.88,485.15,133.06,483.02,135.13,-56.49,80.12,85.28,0.9112,17.4200,78.1800,0.0000,0.0000,0.8401,0
693,10:26:57.539,ROI,160,160,192,192,10.41,52.78,0.0,0.0,18.95,485.97,131.46,484.52,133.01,-54.83,80.63,84.19,0.9440,15.6100,78.4000,0.0000,0.0000,0.8556,0
694,10:26:57.603,ROI,160,160,192,192,9.09,55.21,0.0,0.0,18.11,487.66,129.13,486.11,130.79,-54.43,79.42,84.16,0.9078,17.0300,75.7900,0.0000,0.0000,0.8462,0
695,10:26:57.652,ROI,160,160,192,192,9.09,41.49,9.975,0.0,24.10,488.45,127.45,487.56,128.66,-55.67,79.30,82.21,0.9420,15.5900,74.8500,0.0000,0.0000,0.9013,0
696,10:26:57.715,ROI,160,160,192,192,9.50,55.66,7.325,0.0,17.97,489.44,126.84,488.99,126.82,-52.00,79.01,83.53,0.9601,16.3700,73.9800,0.0000,0.0000,0.9116,0
697,10:26:57.779,ROI,160,160,192,192,10.32,58.13,7.25,0.0,17.20,490.12,124.98,490.35,124.98,-53.70,79.24,82.56,0.9403,16.0900,73.1600,0.0000,0.0000,0.8988,0
698,10:26:57.828,ROI,160,160,192,192,11.29,43.85,10.2,0.0,22.81,491.09,123.10,491.69,122.98,-56.10,77.32,80.88,0.9318,15.7600,72.2400,0.0000,0.0000,0.8798,0
699,10:26:57.957,ROI,160,160,192,192,11.05,120.66,6.675,0.0,8.29,494.30,119.45,493.56,120.54,-52.53,80.23,80.36,0.8448,15.2200,69.4800,0.0000,0.0000,0.8383,0
700,10:26:58.004,ROI,160,160,192,192,10.14,39.28,0.0,0.0,25.46,495.90,117.69,495.48,118.27,-49.83,81.89,81.37,0.9212,15.3500,68.2700,0.0000,0.0000,0.8209,0
701,10:26:58.068,ROI,160,160,192,192,13.34,61.13,0.0,0.0,16.36,498.00,116.50,497.50,116.14,-46.49,81.56,80.74,0.9228,16.5600,68.4700,0.0000,0.0000,0.8369,0
702,10:26:58.132,ROI,160,160,192,192,16.47,59.61,7.8,22.425,16.77,499.84,114.64,499.52,114.17,-44.36,80.57,80.78,0.9138,17.1100,68.2500,0.0000,0.0000,0.8848,0
703,10:26:58.181,ROI,160,160,192,192,10.59,33.98,12.575,0.0,29.43,500.98,113.98,501.53,112.50,-39.65,82.57,81.54,0.9566,18.1900,67.0900,0.0000,0.0000,0.8717,0
704,10:26:58.244,ROI,160,160,192,192,14.70,60.94,15.0,0.0,16.41,503.00,111.66,503.57,110.75,-40.66,84.13,82.13,0.9013,17.6800,65.6200,0.0000,0.0000,0.8662,0
705,10:26:58.309,ROI,160,160,192,192,16.36,59.36,0.0,22.95,16.85,503.77,110.33,505.35,109.02,-44.24,84.20,81.12,0.9508,19.2300,65.8000,0.0000,0.0000,0.8778,0
706,10:26:58.420,ROI,160,160,192,192,11.67,97.87,0.0,0.0,10.22,505.56,107.59,507.20,107.24,-43.73,87.50,80.63,0.8976,15.7400,63.3200,0.0000,0.0000,0.8800,0
707,10:26:58.483,ROI,160,160,192,192,15.78,60.18,0.0,0.0,16.62,508.25,105.28,509.18,105.38,-43.35,89.30,79.20,0.8897,17.1900,61.6400,0.0000,0.0000,0.9003,0
708,10:26:58.533,ROI,160,160,192,192,13.41,40.46,0.0,0.0,24.71,508.82,104.20,510.68,103.80,-46.33,90.20,79.27,0.9609,17.5100,59.1100,0.0000,0.0000,0.8955,0
709,10:26:58.595,ROI,160,160,192,192,14.39,54.56,8.2,25.925,18.33,511.34,102.61,512.43,102.33,-40.08,94.94,79.06,0.9108,16.8900,56.0900,0.0000,0.0000,0.8963,0
710,10:26:58.659,ROI,160,160,192,192,12.77,53.81,8.125,0.0,18.58,512.64,101.42,513.97,100.86,-43.69,96.05,78.59,0.9446,17.8600,52.5400,0.0000,0.0000,0.8868,0
711,10:26:58.707,ROI,160,160,224,224,10.56,39.96,22.05,0.0,25.03,513.41,101.78,515.25,99.90,-36.71,94.53,79.23,0.9753,17.0200,51.0900,0.0000,0.0000,0.8228,0
712,10:26:58.836,ROI,160,160,192,192,11.92,121.77,3.35,30.85,8.21,517.92,97.41,517.28,98.16,-40.57,95.62,77.06,0.8172,16.7500,50.5000,0.0000,0.0000,0.8483,0
713,10:26:58.885,ROI,160,160,192,192,11.35,39.63,10.825,0.0,25.23,520.24,95.70,519.46,96.55,-36.63,97.33,75.18,0.9123,17.2400,48.2300,0.0000,0.0000,0.8715,0
714,10:26:58.948,ROI,160,160,224,224,11.80,55.64,0.0,0.0,17.97,520.94,96.22,521.26,95.38,-32.85,95.93,76.71,0.9662,17.8300,43.9400,0.0000,0.0000,0.8411,0
715,10:26:59.011,ROI,160,160,192,192,13.98,57.58,0.0,0.0,17.37,523.91,93.72,523.41,94.04,-31.98,98.68,76.19,0.8828,18.0700,41.9000,0.0000,0.0000,0.8637,0
716,10:26:59.059,ROI,160,160,224,224,18.91,45.47,11.7,19.875,21.99,524.51,93.98,525.16,92.92,-32.63,96.43,75.11,0.9634,17.0900,41.1300,0.0000,0.0000,0.8133,0
717,10:26:59.124,ROI,160,160,224,224,11.39,49.39,8.575,0.0,20.25,527.68,92.78,527.34,91.93,-24.52,97.75,75.82,0.9082,18.2800,40.6200,0.0000,0.0000,0.8230,0
718,10:26:59.187,ROI,160,160,224,224,13.07,56.56,0.0,0.0,17.68,528.23,91.39,529.18,90.88,-29.66,97.33,74.16,0.9530,17.4300,36.4400,0.0000,0.0000,0.8337,0
719,10:26:59.251,ROI,160,160,224,224,17.12,59.65,7.775,21.9,16.76,530.97,90.54,531.31,89.87,-25.28,99.71,74.76,0.9250,17.3100,36.1800,1.1900,32.9700,0.8233,0
720,10:26:59.300,ROI,160,160,224,224,13.45,38.19,12.35,0.0,26.18,531.99,89.73,533.17,88.89,-27.89,100.65,74.51,0.9590,17.1400,35.2800,0.4000,29.9600,0.8152,0
721,10:26:59.426,ROI,160,160,224,224,11.34,115.47,3.5,0.0,8.66,535.91,87.54,535.46,87.80,-25.39,102.44,74.17,0.8746,16.4200,34.4000,0.3500,28.1300,0.8164,0
722,10:26:59.475,ROI,160,160,224,224,13.37,44.43,21.25,0.0,22.51,538.46,86.06,537.79,86.67,-25.86,101.33,75.63,0.9153,15.1600,36.2800,0.3000,32.5200,0.7763,0
723,10:26:59.539,ROI,160,160,224,224,12.02,55.53,0.0,0.0,18.01,539.18,85.04,539.76,85.57,-29.27,102.27,72.77,0.9492,15.3500,31.7800,0.3600,27.9500,0.8045,0
724,10:26:59.588,ROI,160,160,224,224,20.38,51.36,0.0,0.0,19.47,540.62,84.63,541.53,84.71,-25.85,102.93,72.73,0.9615,14.8000,31.2200,0.5900,28.8100,0.8064,0
725,10:26:59.651,ROI,160,160,224,224,10.76,43.82,0.0,34.3,22.82,544.84,83.29,543.93,83.77,-21.42,103.96,72.23,0.8894,14.3500,30.3900,0.4900,28.5100,0.7885,0
726,10:26:59.715,ROI,160,160,224,224,9.08,55.32,7.475,0.0,18.08,544.24,83.40,545.62,83.02,-24.02,102.77,71.04,0.9721,14.9900,26.1700,0.0000,0.0000,0.8070,0
727,10:26:59.778,ROI,160,160,224,224,10.03,57.66,14.575,0.0,17.34,548.86,81.76,548.10,82.05,-21.37,104.50,69.64,0.8748,17.0100,25.8900,0.0000,0.0000,0.8251,0
728,10:26:59.826,ROI,160,160,224,224,10.46,41.95,10.5,0.0,23.84,549.20,81.48,550.15,81.23,-21.61,103.47,69.51,0.9823,15.9000,23.0800,0.0000,0.0000,0.7560,0
729,10:26:59.957,ROI,160,160,224,224,9.97,123.85,6.525,0.0,8.07,555.38,79.70,553.18,80.33,-16.65,103.18,69.05,0.8451,17.9800,25.1200,0.0000,0.0000,0.8601,0
730,10:27:00.004,ROI,160,160,224,224,8.77,38.23,10.75,0.0,26.16,556.83,78.90,555.91,79.47,-17.37,105.70,69.10,0.9507,17.8700,24.9600,0.0000,0.0000,0.8470,0
731,10:27:00.066,ROI,160,160,224,224,8.99,53.83,7.375,0.0,18.58,559.23,78.32,558.58,78.66,-16.93,106.41,69.27,0.9400,18.8800,22.4000,0.0000,0.0000,0.8799,0
732,10:27:00.130,ROI,160,160,224,224,9.01,57.22,7.175,0.0,17.48,563.33,77.88,561.65,77.97,-12.72,107.23,69.51,0.9151,17.9400,22.1700,0.0000,0.0000,0.8886,0
733,10:27:00.178,ROI,160,160,224,224,10.22,42.27,20.275,0.0,23.66,564.90,77.50,564.45,77.28,-13.80,107.18,68.71,0.9600,14.2400,20.5000,0.0000,0.0000,0.8762,0
734,10:27:00.243,ROI,160,160,224,224,16.78,64.02,7.325,0.0,15.62,566.79,76.78,567.02,76.63,-14.28,107.95,68.98,0.9457,14.1100,19.9000,0.0000,0.0000,0.8851,0
735,10:27:00.307,ROI,160,160,224,224,11.49,50.75,8.3,0.0,19.70,569.35,76.40,569.68,76.01,-13.07,107.83,70.70,0.9310,14.1200,22.8500,0.0000,0.0000,0.8694,0
736,10:27:00.419,ROI,160,160,224,224,16.76,105.25,3.925,0.0,9.50,573.37,76.15,572.73,75.58,-8.00,105.92,69.85,0.9166,14.9000,16.2500,0.0000,0.0000,0.9108,0
737,10:27:00.468,ROI,160,160,224,224,12.59,37.14,12.225,0.0,26.93,573.04,75.74,574.88,75.27,-8.27,104.68,69.31,0.9768,14.7300,16.8300,0.0000,0.0000,0.9186,0
738,10:27:00.532,ROI,160,160,224,224,12.43,56.62,0.0,0.0,17.66,577.70,75.07,577.74,74.89,-7.54,104.03,68.14,0.8975,15.8600,15.1700,0.0000,0.0000,0.9230,0
739,10:27:00.594,ROI,160,160,224,224,15.77,56.19,15.9,23.7,17.80,577.63,74.93,579.81,74.63,-7.20,104.06,68.84,0.9884,14.2800,15.9800,0.0000,0.0000,0.9059,0
740,10:27:00.659,ROI,160,160,224,224,10.74,52.86,8.075,0.0,18.92,580.56,74.13,582.09,74.26,-9.27,105.45,68.64,0.9245,14.4200,15.1800,0.0000,0.0000,0.9160,0
741,10:27:00.708,ROI,160,160,224,224,10.27,40.83,21.15,0.0,24.49,582.21,73.93,584.30,73.78,-12.18,106.58,66.89,0.9450,14.5000,13.1000,0.0000,0.0000,0.8746,0
742,10:27:00.835,ROI,160,160,224,224,12.10,122.76,3.35,30.45,8.15,587.10,73.39,586.96,73.52,-5.50,103.64,65.23,0.8892,13.5800,10.8200,0.0000,0.0000,0.8962,0
743,10:27:00.884,ROI,160,160,224,224,9.72,36.50,10.8,0.0,27.40,591.34,73.30,589.99,73.42,-2.00,103.18,64.86,0.9162,13.3500,9.4700,0.0000,0.0000,0.8641,0
744,10:27:00.947,ROI,160,160,224,224,8.76,55.46,7.375,0.0,18.03,591.57,72.79,592.41,73.12,-6.89,104.26,64.26,0.9740,13.2700,10.0600,0.0000,0.0000,0.8715,0
745,10:27:01.011,ROI,160,160,224,224,10.23,58.00,7.175,0.0,17.24,595.66,72.72,595.15,73.02,-2.13,104.55,65.07,0.9135,13.6500,6.6200,0.0000,0.0000,0.8570,0
746,10:27:01.059,ROI,160,160,224,224,13.14,44.92,0.0,0.0,22.26,596.53,72.04,597.50,72.70,-7.88,105.04,61.74,0.9338,13.1400,5.4800,0.0000,0.0000,0.8220,0
747,10:27:01.123,ROI,160,160,224,224,8.80,51.69,0.0,0.0,19.35,601.32,71.90,600.34,72.41,-5.78,101.77,62.55,0.9002,12.8500,3.2500,0.0000,0.0000,0.8357,0
748,10:27:01.186,ROI,160,160,224,224,7.94,55.76,0.0,0.0,17.93,600.90,71.64,602.47,72.14,-7.33,102.96,62.01,0.9799,12.8900,5.9500,0.0000,0.0000,0.8377,0
749,10:27:01.236,ROI,160,160,224,224,8.59,44.03,9.425,0.0,22.71,605.17,72.10,605.04,72.02,-2.63,103.89,61.91,0.9077,11.8900,2.2700,0.0000,0.0000,0.8266,0
750,10:27:01.363,ROI,160,160,224,224,9.52,121.47,3.3,0.0,8.23,610.21,71.81,608.36,71.82,-3.44,103.01,61.35,0.8988,12.5100,0.3800,0.0000,0.0000,0.8051,0
751,10:27:01.410,ROI,160,160,224,224,9.32,40.57,21.225,0.0,24.65,610.76,71.57,610.91,71.68,-3.05,101.07,61.29,0.9736,11.9200,-0.7900,0.0000,0.0000,0.7802,0
752,10:27:01.476,ROI,160,160,224,224,8.85,57.27,14.1,0.0,17.46,613.74,71.43,613.50,71.59,-1.93,101.33,60.68,0.9336,12.2100,-2.1600,0.0000,0.0000,0.8050,0
753,10:27:01.538,ROI,160,160,224,224,8.20,51.71,7.375,43.575,19.34,616.86,71.48,616.33,71.57,-0.45,100.84,61.87,0.9225,11.5400,-1.3500,0.0000,0.0000,0.8130,0
754,10:27:01.587,ROI,160,160,224,224,8.14,39.35,0.0,0.0,25.41,617.72,71.43,618.75,71.52,-1.26,99.95,62.64,0.9711,11.8800,-1.3800,0.0000,0.0000,0.7919,0
755,10:27:01.651,ROI,160,160,224,224,8.25,57.25,0.0,0.0,17.47,621.79,71.34,621.43,71.51,-0.27,100.79,61.74,0.9095,11.8500,-3.6300,0.0000,0.0000,0.7864,0
756,10:27:01.715,ROI,160,160,224,224,9.37,55.63,7.125,0.0,17.98,623.13,71.79,624.04,71.54,0.73,98.81,62.15,0.9598,11.1400,-1.8800,0.0000,0.0000,0.8026,0
