frame_id,timestamp,mode,input_width,input_height,roi_w,roi_h,inf_time_ms,end_to_end_time_ms,cpu_load_pct,end_to_end_cpu_load_pct,fps,x_center,y_center,width,height,iou_prev_bbox,group1_magnitude,group1_angle,group2_magnitude,group2_angle,best_conf,tracking_lost,raw_angle,model_angle_smooth,trajectory_angle_smooth,estimated_speed,fused_angle,fused_weight_x,pid_mode,target_angle,angle_error,target_x,target_y,distance_error,ble_speed_left,ble_speed_right
7058,16:54:52.463,ROI,160,160,192,192,4.71,5.26,3.75,74.275,189.94,0.00,0.00,0.00,0.00,0.0000,0.0000,0.0000,0.0000,0.0000,0.0000,1,0.0000,NaN,NaN,NaN,NaN,NaN,LOST_TRACKING,131.49,-131.49,452.8,138.1,0.00,0,0
7059,16:54:52.561,FULL,640,640,0,0,75.99,79.09,0.0,9.875,12.64,484.90,180.59,91.72,90.44,1.0000,5.4600,122.4900,0.0000,0.0000,0.4770,0,122.4900,482.7798,518.9708,0.0165,483.3657,0.9838,PHASE_2_DRIVING,127.07,-3.71,452.8,138.1,53.25,1282,1381
7060,16:54:52.651,ROI,160,160,192,192,8.79,9.26,0.0,0.0,108.01,0.00,0.00,0.00,0.00,0.0000,0.0000,0.0000,0.0000,0.0000,0.0000,1,0.0000,NaN,NaN,NaN,NaN,NaN,LOST_TRACKING,131.49,-131.49,452.8,138.1,0.00,0,0
7061,16:54:52.758,FULL,640,640,0,0,83.97,86.59,31.85,22.55,11.55,484.90,180.59,91.91,90.51,1.0000,5.3500,122.1600,0.0000,0.0000,0.4566,0,122.1600,482.4598,527.1143,0.0195,483.3130,0.9809,PHASE_2_DRIVING,127.07,-3.76,452.8,138.1,53.25,1278,1384
7062,16:54:52.855,ROI,160,160,192,192,6.33,6.95,0.0,0.0,143.89,0.00,0.00,0.00,0.00,0.0000,0.0000,0.0000,0.0000,0.0000,0.0000,1,0.0000,NaN,NaN,NaN,NaN,NaN,LOST_TRACKING,131.49,-131.49,452.8,138.1,0.00,0,0
7063,16:54:52.949,FULL,640,640,0,0,95.31,98.70,26.85,43.525,10.13,485.07,180.60,91.80,90.65,1.0000,5.2600,122.4700,0.0000,0.0000,0.4499,0,122.4700,482.3524,537.0970,0.0252,483.7001,0.9754,PHASE_2_DRIVING,127.21,-3.51,452.8,138.1,53.37,1300,1368
7064,16:54:53.061,ROI,160,160,192,192,6.95,8.03,0.0,0.0,124.55,0.00,0.00,0.00,0.00,0.0000,0.0000,0.0000,0.0000,0.0000,0.0000,1,0.0000,NaN,NaN,NaN,NaN,NaN,LOST_TRACKING,131.49,-131.49,452.8,138.1,0.00,0,0
7065,16:54:53.168,FULL,640,640,0,0,85.49,89.30,39.575,39.375,11.20,485.06,180.62,91.68,90.54,1.0000,5.2100,122.4300,0.0000,0.0000,0.4406,0,122.4300,482.2853,544.3171,0.0302,484.1009,0.9707,PHASE_2_DRIVING,127.19,-3.09,452.8,138.1,53.38,1316,1353
7066,16:54:53.268,ROI,160,160,192,192,7.71,8.20,0.0,0.0,121.91,0.00,0.00,0.00,0.00,0.0000,0.0000,0.0000,0.0000,0.0000,0.0000,1,0.0000,NaN,NaN,NaN,NaN,NaN,LOST_TRACKING,131.49,-131.49,452.8,138.1,0.00,0,0
7067,16:54:53.373,FULL,640,640,0,0,81.63,85.75,16.1,36.45,11.66,485.21,180.61,91.80,90.62,1.0000,5.3300,122.4400,0.0000,0.0000,0.4432,0,122.4400,482.2833,547.2150,0.0374,484.6248,0.9639,PHASE_2_DRIVING,127.32,-2.70,452.8,138.1,53.46,1321,1352
7068,16:54:53.471,ROI,160,160,192,192,17.59,18.27,0.0,0.0,54.73,0.00,0.00,0.00,0.00,0.0000,0.0000,0.0000,0.0000,0.0000,0.0000,1,0.0000,NaN,NaN,NaN,NaN,NaN,LOST_TRACKING,131.49,-131.49,452.8,138.1,0.00,0,0
7069,16:54:53.587,FULL,640,640,0,0,113.01,117.12,40.2,30.025,8.54,485.19,180.57,91.61,90.64,1.0000,5.1500,122.6400,0.0000,0.0000,0.4436,0,122.6400,482.3900,551.4205,0.0385,484.9489,0.9629,PHASE_2_DRIVING,127.33,-2.38,452.8,138.1,53.41,1321,1350
7070,16:54:53.716,ROI,160,160,192,192,12.36,13.09,0.0,0.0,76.41,0.00,0.00,0.00,0.00,0.0000,0.0000,0.0000,0.0000,0.0000,0.0000,1,0.0000,NaN,NaN,NaN,NaN,NaN,LOST_TRACKING,131.49,-131.49,452.8,138.1,0.00,0,0
7071,16:54:53.835,FULL,640,640,0,0,93.07,97.27,29.425,28.125,10.28,484.80,180.56,91.34,89.84,1.0000,5.4700,122.4400,0.0000,0.0000,0.4728,0,122.4400,482.4071,551.4208,0.0218,483.8800,0.9787,PHASE_2_DRIVING,127.00,-3.12,452.8,138.1,53.17,1248,1410
7072,16:54:53.944,ROI,160,160,192,192,4.88,5.40,34.575,72.425,185.33,0.00,0.00,0.00,0.00,0.0000,0.0000,0.0000,0.0000,0.0000,0.0000,1,0.0000,NaN,NaN,NaN,NaN,NaN,LOST_TRACKING,131.49,-131.49,452.8,138.1,0.00,0,0
7073,16:54:54.040,FULL,640,640,0,0,80.16,83.40,4.3,42.15,11.99,484.57,180.51,91.51,89.95,1.0000,5.2500,122.5700,0.0000,0.0000,0.4639,0,122.5700,482.4762,506.6722,0.0016,482.5160,0.9984,PHASE_2_DRIVING,126.84,-4.32,452.8,138.1,52.99,1204,1446
7074,16:54:54.134,ROI,160,160,192,192,10.38,10.88,0.0,0.0,91.89,0.00,0.00,0.00,0.00,0.0000,0.0000,0.0000,0.0000,0.0000,0.0000,1,0.0000,NaN,NaN,NaN,NaN,NaN,LOST_TRACKING,131.49,-131.49,452.8,138.1,0.00,0,0
7075,16:54:54.236,FULL,640,640,0,0,86.89,90.61,38.25,34.5,11.04,484.36,180.30,91.21,89.65,1.0000,5.4600,122.0700,0.0000,0.0000,0.5124,0,122.0700,482.3922,501.1223,0.0321,482.9750,0.9689,PHASE_2_DRIVING,126.79,-3.82,452.8,138.1,52.70,1294,1341
7076,16:54:54.338,ROI,160,160,192,192,6.91,7.71,0.0,0.0,129.67,0.00,0.00,0.00,0.00,0.0000,0.0000,0.0000,0.0000,0.0000,0.0000,1,0.0000,NaN,NaN,NaN,NaN,NaN,LOST_TRACKING,131.49,-131.49,452.8,138.1,0.00,0,0
7077,16:54:54.442,FULL,640,640,0,0,78.83,81.54,28.5,19.175,12.26,484.20,180.38,91.14,89.61,1.0000,5.4700,122.2300,0.0000,0.0000,0.5095,0,122.2300,482.3407,500.3411,0.0553,483.2846,0.9476,PHASE_2_DRIVING,126.60,-3.32,452.8,138.1,52.66,1299,1334
7078,16:54:54.533,ROI,160,160,192,192,11.33,11.84,0.0,0.0,84.43,0.00,0.00,0.00,0.00,0.0000,0.0000,0.0000,0.0000,0.0000,0.0000,1,0.0000,NaN,NaN,NaN,NaN,NaN,LOST_TRACKING,131.49,-131.49,452.8,138.1,0.00,0,0
7079,16:54:54.640,FULL,640,640,0,0,80.02,83.96,12.325,37.225,11.91,483.98,180.39,90.85,89.44,1.0000,5.3100,122.7600,0.0000,0.0000,0.4803,0,122.7600,482.4333,503.5102,0.0798,483.9911,0.9261,PHASE_2_DRIVING,126.40,-2.41,452.8,138.1,52.54,1330,1297
7080,16:54:54.733,ROI,160,160,192,192,7.60,8.12,0.0,0.0,123.19,0.00,0.00,0.00,0.00,0.0000,0.0000,0.0000,0.0000,0.0000,0.0000,1,0.0000,NaN,NaN,NaN,NaN,NaN,LOST_TRACKING,131.49,-131.49,452.8,138.1,0.00,0,0
7081,16:54:54.834,FULL,640,640,0,0,97.11,101.12,12.65,15.45,9.89,483.71,180.26,90.39,89.07,1.0000,5.2400,122.5500,0.0000,0.0000,0.4956,0,122.5500,482.4756,509.0958,0.0988,484.8694,0.9101,PHASE_2_DRIVING,126.25,-1.38,452.8,138.1,52.28,1343,1271
7082,16:54:54.948,ROI,160,160,192,192,11.81,12.77,0.0,0.0,78.33,0.00,0.00,0.00,0.00,0.0000,0.0000,0.0000,0.0000,0.0000,0.0000,1,0.0000,NaN,NaN,NaN,NaN,NaN,LOST_TRACKING,131.49,-131.49,452.8,138.1,0.00,0,0
7083,16:54:55.058,FULL,640,640,0,0,110.89,115.29,16.075,20.325,8.67,483.69,180.27,91.00,88.99,1.0000,4.8200,123.1500,0.0000,0.0000,0.4414,0,123.1500,482.7302,516.3707,0.1071,485.9848,0.9033,PHASE_2_DRIVING,126.22,-0.23,452.8,138.1,52.28,1364,1250
7084,16:54:55.188,ROI,160,160,192,192,7.32,8.04,0.0,0.0,124.43,0.00,0.00,0.00,0.00,0.0000,0.0000,0.0000,0.0000,0.0000,0.0000,1,0.0000,NaN,NaN,NaN,NaN,NaN,LOST_TRACKING,131.49,-131.49,452.8,138.1,0.00,0,0
7085,16:54:55.287,FULL,640,640,0,0,88.02,91.67,12.875,46.875,10.91,483.44,180.20,90.91,88.34,1.0000,5.1600,123.7600,0.0000,0.0000,0.4882,0,123.7600,483.1696,523.9000,0.1063,487.0830,0.9039,PHASE_2_DRIVING,126.04,1.04,452.8,138.1,52.07,1381,1222
7086,16:54:55.389,ROI,160,160,192,192,5.38,6.30,0.0,0.0,158.83,0.00,0.00,0.00,0.00,0.0000,0.0000,0.0000,0.0000,0.0000,0.0000,1,0.0000,NaN,NaN,NaN,NaN,NaN,LOST_TRACKING,131.49,-131.49,452.8,138.1,0.00,0,0
7087,16:54:55.489,FULL,640,640,0,0,88.39,91.96,45.7,42.475,10.87,483.27,180.24,91.16,88.36,1.0000,5.1400,123.9800,0.0000,0.0000,0.4822,0,123.9800,483.6484,533.4285,0.0967,488.0366,0.9118,PHASE_2_DRIVING,125.88,2.16,452.8,138.1,52.00,1387,1214
7088,16:54:55.592,ROI,160,160,192,192,5.98,6.44,0.0,0.0,155.22,0.00,0.00,0.00,0.00,0.0000,0.0000,0.0000,0.0000,0.0000,0.0000,1,0.0000,NaN,NaN,NaN,NaN,NaN,LOST_TRACKING,131.49,-131.49,452.8,138.1,0.00,0,0
7089,16:54:55.699,FULL,640,640,0,0,83.55,87.81,11.75,40.025,11.39,483.04,180.11,90.99,88.19,1.0000,4.9700,124.1800,0.0000,0.0000,0.4766,0,124.1800,484.0691,543.8904,0.0954,489.2791,0.9129,PHASE_2_DRIVING,125.74,3.54,452.8,138.1,51.76,1411,1177
7090,16:54:55.797,ROI,160,160,192,192,4.94,5.36,0.0,0.0,186.48,0.00,0.00,0.00,0.00,0.0000,0.0000,0.0000,0.0000,0.0000,0.0000,1,0.0000,NaN,NaN,NaN,NaN,NaN,LOST_TRACKING,131.49,-131.49,452.8,138.1,0.00,0,0
7091,16:54:55.893,FULL,640,640,0,0,84.18,87.78,8.65,35.6,11.39,483.30,179.91,90.94,88.64,1.0000,4.9300,123.7200,0.0000,0.0000,0.4673,0,123.7200,484.2289,528.7331,0.0816,487.5865,0.9246,PHASE_2_DRIVING,126.11,1.48,452.8,138.1,51.75,1206,1381
7092,16:54:55.991,ROI,160,160,192,192,7.37,7.90,0.0,0.0,126.56,0.00,0.00,0.00,0.00,0.0000,0.0000,0.0000,0.0000,0.0000,0.0000,1,0.0000,NaN,NaN,NaN,NaN,NaN,LOST_TRACKING,131.49,-131.49,452.8,138.1,0.00,0,0
7093,16:54:56.093,FULL,640,640,0,0,86.57,89.75,33.2,17.4,11.14,483.10,179.89,90.86,88.51,1.0000,5.0400,123.6000,0.0000,0.0000,0.4950,0,123.6000,484.1556,523.2539,0.0749,486.8805,0.9303,PHASE_2_DRIVING,125.95,0.93,452.8,138.1,51.62,1274,1306
7094,16:54:56.193,ROI,160,160,192,192,4.53,5.01,0.0,0.0,199.61,0.00,0.00,0.00,0.00,0.0000,0.0000,0.0000,0.0000,0.0000,0.0000,1,0.0000,NaN,NaN,NaN,NaN,NaN,LOST_TRACKING,131.49,-131.49,452.8,138.1,0.00,0,0
7095,16:54:56.301,FULL,640,640,0,0,115.69,120.86,22.725,32.325,8.27,483.08,179.84,90.94,88.70,1.0000,4.9700,123.7600,0.0000,0.0000,0.4880,0,123.7600,484.0762,516.1315,0.0650,486.0327,0.9390,PHASE_2_DRIVING,125.96,0.08,452.8,138.1,51.56,1246,1332
7096,16:54:56.433,ROI,160,160,192,192,10.72,11.39,0.0,0.0,87.81,0.00,0.00,0.00,0.00,0.0000,0.0000,0.0000,0.0000,0.0000,0.0000,1,0.0000,NaN,NaN,NaN,NaN,NaN,LOST_TRACKING,131.49,-131.49,452.8,138.1,0.00,0,0
7097,16:54:56.538,FULL,640,640,0,0,78.91,82.96,21.0,42.375,12.05,482.78,179.86,90.56,88.62,1.0000,5.1200,123.8100,0.0000,0.0000,0.5418,0,123.8100,484.0316,510.9365,0.0611,485.5817,0.9424,PHASE_2_DRIVING,125.67,-0.09,452.8,138.1,51.41,1276,1295
7098,16:54:56.631,ROI,160,160,192,192,14.64,15.15,0.0,0.0,65.99,0.00,0.00,0.00,0.00,0.0000,0.0000,0.0000,0.0000,0.0000,0.0000,1,0.0000,NaN,NaN,NaN,NaN,NaN,LOST_TRACKING,131.49,-131.49,452.8,138.1,0.00,0,0
7099,16:54:56.744,FULL,640,640,0,0,96.26,100.50,16.05,34.975,9.95,482.61,179.45,90.49,88.90,1.0000,5.0200,123.9400,0.0000,0.0000,0.5793,0,123.9400,483.9193,504.3091,0.0709,485.2692,0.9338,PHASE_2_DRIVING,125.79,-0.52,452.8,138.1,50.98,1246,1303
7100,16:54:56.857,ROI,160,160,192,192,25.19,25.88,0.0,75.45,38.63,0.00,0.00,0.00,0.00,0.0000,0.0000,0.0000,0.0000,0.0000,0.0000,1,0.0000,NaN,NaN,NaN,NaN,NaN,LOST_TRACKING,131.49,-131.49,452.8,138.1,0.00,0,0
7101,16:54:57.017,FULL,640,640,0,0,154.08,158.49,26.2,24.65,6.31,481.91,179.01,90.46,88.80,1.0000,4.4900,124.0400,0.0000,0.0000,0.5915,0,124.0400,483.8856,498.8000,0.0976,485.2119,0.9111,PHASE_2_DRIVING,125.43,-0.22,452.8,138.1,50.21,1268,1243
7102,16:54:57.188,ROI,160,160,192,192,9.41,10.17,29.9,0.0,98.33,0.00,0.00,0.00,0.00,0.0000,0.0000,0.0000,0.0000,0.0000,0.0000,1,0.0000,NaN,NaN,NaN,NaN,NaN,LOST_TRACKING,131.49,-131.49,452.8,138.1,0.00,0,0
7103,16:54:57.297,FULL,640,640,0,0,90.52,94.21,39.85,45.625,10.61,481.82,177.84,91.19,89.87,1.0000,3.3600,125.8300,0.0000,0.0000,0.5814,0,125.8300,484.6042,491.0770,0.1467,485.4325,0.8720,PHASE_2_DRIVING,126.15,-0.71,452.8,138.1,49.21,1197,1263
7104,16:54:57.401,ROI,160,160,192,192,9.77,10.29,0.0,0.0,97.17,0.00,0.00,0.00,0.00,0.0000,0.0000,0.0000,0.0000,0.0000,0.0000,1,0.0000,NaN,NaN,NaN,NaN,NaN,LOST_TRACKING,131.49,-131.49,452.8,138.1,0.00,0,0
7105,16:54:57.501,FULL,640,640,0,0,84.91,88.44,21.8,35.325,11.31,481.86,177.18,90.61,90.24,1.0000,3.9600,124.6900,0.0000,0.0000,0.5989,0,124.6900,484.8031,483.3191,0.1950,484.5609,0.8368,PHASE_2_DRIVING,126.64,-2.08,452.8,138.1,48.70,1126,1309
7106,16:54:57.602,ROI,160,160,192,192,10.38,12.07,0.0,0.0,82.82,0.00,0.00,0.00,0.00,0.0000,0.0000,0.0000,0.0000,0.0000,0.0000,1,0.0000,NaN,NaN,NaN,NaN,NaN,LOST_TRACKING,131.49,-131.49,452.8,138.1,0.00,0,0
7107,16:54:57.708,FULL,640,640,0,0,97.15,100.85,16.5,23.25,9.92,481.33,176.64,90.59,89.91,1.0000,4.0400,123.8300,0.0000,0.0000,0.5703,0,123.8300,484.6742,478.5151,0.2507,483.4398,0.7996,PHASE_2_DRIVING,126.51,-3.07,452.8,138.1,47.95,1114,1283
7108,16:54:57.822,ROI,160,160,192,192,6.14,6.93,0.0,0.0,144.34,0.00,0.00,0.00,0.00,0.0000,0.0000,0.0000,0.0000,0.0000,0.0000,1,0.0000,NaN,NaN,NaN,NaN,NaN,LOST_TRACKING,131.49,-131.49,452.8,138.1,0.00,0,0
7109,16:54:57.922,FULL,640,640,0,0,78.13,82.73,8.4,18.875,12.09,481.51,176.26,90.89,89.65,1.0000,4.9600,123.6100,0.0000,0.0000,0.6778,0,123.6100,484.3833,473.9291,0.2849,482.0656,0.7783,PHASE_2_DRIVING,126.96,-4.89,452.8,138.1,47.76,1048,1339
7110,16:54:58.015,ROI,160,160,192,192,7.99,8.45,0.0,0.0,118.34,0.00,0.00,0.00,0.00,0.0000,0.0000,0.0000,0.0000,0.0000,0.0000,1,0.0000,NaN,NaN,NaN,NaN,NaN,LOST_TRACKING,131.49,-131.49,452.8,138.1,0.00,0,0
7111,16:54:58.116,FULL,640,640,0,0,91.62,94.70,12.6,37.125,10.56,481.53,176.25,91.00,89.45,1.0000,5.1700,123.5700,0.0000,0.0000,0.6901,0,123.5700,484.0580,469.4805,0.2914,480.7688,0.7744,PHASE_2_DRIVING,126.98,-6.21,452.8,138.1,47.76,1057,1331
7112,16:54:58.223,ROI,160,160,192,192,4.63,5.24,0.0,0.0,190.73,0.00,0.00,0.00,0.00,0.0000,0.0000,0.0000,0.0000,0.0000,0.0000,1,0.0000,NaN,NaN,NaN,NaN,NaN,LOST_TRACKING,131.49,-131.49,452.8,138.1,0.00,0,0
7113,16:54:58.320,FULL,640,640,0,0,78.49,83.13,34.05,42.3,12.03,481.38,176.02,90.91,89.41,1.0000,5.1800,123.0400,0.0000,0.0000,0.6866,0,123.0400,483.5700,465.0351,0.2770,479.5494,0.7831,PHASE_2_DRIVING,127.00,-7.45,452.8,138.1,47.49,1040,1334
7114,16:54:58.413,ROI,160,160,192,192,4.55,5.04,0.0,0.0,198.55,0.00,0.00,0.00,0.00,0.0000,0.0000,0.0000,0.0000,0.0000,0.0000,1,0.0000,NaN,NaN,NaN,NaN,NaN,LOST_TRACKING,131.49,-131.49,452.8,138.1,0.00,0,0
7115,16:54:58.507,FULL,640,640,0,0,84.71,87.62,17.575,40.125,11.41,481.07,176.00,90.86,89.34,1.0000,5.1900,122.0400,0.0000,0.0000,0.6733,0,122.0400,482.7633,463.3931,0.2352,479.0745,0.8096,PHASE_2_DRIVING,126.72,-7.65,452.8,138.1,47.29,1082,1282
7116,16:54:58.605,ROI,160,160,192,192,5.75,6.30,0.0,0.0,158.75,0.00,0.00,0.00,0.00,0.0000,0.0000,0.0000,0.0000,0.0000,0.0000,1,0.0000,NaN,NaN,NaN,NaN,NaN,LOST_TRACKING,131.49,-131.49,452.8,138.1,0.00,0,0
7117,16:54:58.704,FULL,640,640,0,0,77.14,80.72,17.0,43.55,12.39,480.83,176.07,90.66,89.09,1.0000,5.2800,122.3300,0.0000,0.0000,0.6756,0,122.3300,482.2131,463.7319,0.1772,479.4306,0.8494,PHASE_2_DRIVING,126.43,-7.00,452.8,138.1,47.20,1128,1232
7118,16:54:58.795,ROI,160,160,192,192,5.43,6.40,0.0,0.0,156.13,0.00,0.00,0.00,0.00,0.0000,0.0000,0.0000,0.0000,0.0000,0.0000,1,0.0000,NaN,NaN,NaN,NaN,NaN,LOST_TRACKING,131.49,-131.49,452.8,138.1,0.00,0,0
7119,16:54:58.893,FULL,640,640,0,0,98.68,102.62,17.225,30.45,9.74,480.75,175.93,90.31,89.10,1.0000,5.3100,122.1100,0.0000,0.0000,0.6652,0,122.1100,481.7093,470.3968,0.1236,480.4646,0.8900,PHASE_2_DRIVING,126.46,-6.00,452.8,138.1,47.03,1152,1199
7120,16:54:59.007,ROI,160,160,192,192,18.13,18.65,0.0,0.0,53.63,0.00,0.00,0.00,0.00,0.0000,0.0000,0.0000,0.0000,0.0000,0.0000,1,0.0000,NaN,NaN,NaN,NaN,NaN,LOST_TRACKING,131.49,-131.49,452.8,138.1,0.00,0,0
7121,16:54:59.245,FULL,640,640,0,0,124.15,128.71,7.125,33.375,7.77,480.64,175.79,90.26,89.31,1.0000,5.3800,121.7600,0.0000,0.0000,0.6616,0,121.7600,481.5998,480.4910,0.0988,481.5001,0.9101,PHASE_2_DRIVING,126.45,-4.95,452.8,138.1,46.85,1162,1180
7122,16:54:59.386,ROI,160,160,192,192,7.67,8.72,31.8,44.825,114.66,0.00,0.00,0.00,0.00,0.0000,0.0000,0.0000,0.0000,0.0000,0.0000,1,0.0000,NaN,NaN,NaN,NaN,NaN,LOST_TRACKING,131.49,-131.49,452.8,138.1,0.00,0,0
7123,16:54:59.485,FULL,640,640,0,0,78.89,82.79,21.6,18.875,12.08,480.56,175.80,90.21,88.71,1.0000,5.1500,121.7500,0.0000,0.0000,0.6460,0,121.7500,481.5044,492.1831,0.0788,482.2842,0.9270,PHASE_2_DRIVING,126.37,-4.08,452.8,138.1,46.82,1163,1178
7124,16:54:59.580,ROI,160,160,192,192,4.77,5.28,32.9,0.0,189.29,0.00,0.00,0.00,0.00,0.0000,0.0000,0.0000,0.0000,0.0000,0.0000,1,0.0000,NaN,NaN,NaN,NaN,NaN,LOST_TRACKING,131.49,-131.49,452.8,138.1,0.00,0,0
7125,16:54:59.677,FULL,640,640,0,0,79.05,83.51,12.725,42.1,11.97,480.49,175.94,90.26,88.69,1.0000,5.1600,121.4700,0.0000,0.0000,0.6553,0,121.4700,481.3082,507.5716,0.0779,483.2070,0.9277,PHASE_2_DRIVING,126.19,-2.99,452.8,138.1,46.89,1189,1156
7126,16:54:59.772,ROI,160,160,192,192,5.86,6.43,0.0,0.0,155.50,0.00,0.00,0.00,0.00,0.0000,0.0000,0.0000,0.0000,0.0000,0.0000,1,0.0000,NaN,NaN,NaN,NaN,NaN,LOST_TRACKING,131.49,-131.49,452.8,138.1,0.00,0,0
7127,16:54:59.865,FULL,640,640,0,0,81.97,84.69,31.625,36.9,11.81,480.30,175.67,90.16,88.71,1.0000,5.3500,121.4600,0.0000,0.0000,0.6571,0,121.4600,481.2167,518.9909,0.0780,483.9492,0.9277,PHASE_2_DRIVING,126.20,-2.25,452.8,138.1,46.56,1172,1156
7128,16:54:59.961,ROI,160,160,192,192,7.75,8.72,32.375,0.0,114.74,0.00,0.00,0.00,0.00,0.0000,0.0000,0.0000,0.0000,0.0000,0.0000,1,0.0000,NaN,NaN,NaN,NaN,NaN,LOST_TRACKING,131.49,-131.49,452.8,138.1,0.00,0,0
7129,16:55:00.071,FULL,640,640,0,0,77.68,82.15,27.05,38.05,12.17,480.08,175.62,90.46,88.70,1.0000,5.4300,121.8900,0.0000,0.0000,0.6650,0,121.8900,481.4220,526.9416,0.0742,484.5647,0.9310,PHASE_2_DRIVING,126.01,-1.45,452.8,138.1,46.39,1180,1139
7130,16:55:00.165,ROI,160,160,192,192,8.91,9.52,0.0,0.0,105.00,0.00,0.00,0.00,0.00,0.0000,0.0000,0.0000,0.0000,0.0000,0.0000,1,0.0000,NaN,NaN,NaN,NaN,NaN,LOST_TRACKING,131.49,-131.49,452.8,138.1,0.00,0,0
7131,16:55:00.265,FULL,640,640,0,0,91.11,93.88,12.925,37.45,10.65,480.04,175.20,90.74,89.11,1.0000,5.3300,122.7600,0.0000,0.0000,0.6824,0,122.7600,481.9502,525.6460,0.0743,484.9726,0.9308,PHASE_2_DRIVING,126.28,-1.31,452.8,138.1,46.02,1142,1160
7132,16:55:00.369,ROI,160,160,192,192,9.96,10.83,0.0,0.0,92.36,0.00,0.00,0.00,0.00,0.0000,0.0000,0.0000,0.0000,0.0000,0.0000,1,0.0000,NaN,NaN,NaN,NaN,NaN,LOST_TRACKING,131.49,-131.49,452.8,138.1,0.00,0,0
7133,16:55:00.497,FULL,640,640,0,0,98.98,102.93,23.225,45.55,9.72,479.15,174.68,89.83,88.55,1.0000,5.9500,121.9900,0.0000,0.0000,0.6513,0,121.9900,481.9840,519.7290,0.1094,485.7047,0.9014,PHASE_2_DRIVING,125.77,-0.07,452.8,138.1,45.08,1182,1072
7134,16:55:00.613,ROI,160,160,192,192,11.27,11.82,0.0,0.0,84.62,0.00,0.00,0.00,0.00,0.0000,0.0000,0.0000,0.0000,0.0000,0.0000,1,0.0000,NaN,NaN,NaN,NaN,NaN,LOST_TRACKING,131.49,-131.49,452.8,138.1,0.00,0,0
7135,16:55:00.720,FULL,640,640,0,0,84.98,88.75,24.675,44.025,11.27,479.21,174.04,89.15,88.30,1.0000,6.2400,121.8300,0.0000,0.0000,0.6369,0,121.8300,482.0251,509.4866,0.1442,485.4867,0.8739,PHASE_2_DRIVING,126.31,-0.83,452.8,138.1,44.60,1072,1158
7136,16:55:00.821,ROI,160,160,192,192,7.24,7.98,0.0,0.0,125.35,0.00,0.00,0.00,0.00,0.0000,0.0000,0.0000,0.0000,0.0000,0.0000,1,0.0000,NaN,NaN,NaN,NaN,NaN,LOST_TRACKING,131.49,-131.49,452.8,138.1,0.00,0,0
7137,16:55:00.914,FULL,640,640,0,0,81.98,84.66,18.225,27.675,11.81,479.25,173.94,88.80,87.89,1.0000,6.3500,122.2100,0.0000,0.0000,0.6692,0,122.2100,482.1942,498.3230,0.1673,484.5064,0.8566,PHASE_2_DRIVING,126.43,-1.92,452.8,138.1,44.54,1043,1184
7138,16:55:01.012,ROI,160,160,192,192,4.52,5.06,0.0,0.0,197.62,0.00,0.00,0.00,0.00,0.0000,0.0000,0.0000,0.0000,0.0000,0.0000,1,0.0000,NaN,NaN,NaN,NaN,NaN,LOST_TRACKING,131.49,-131.49,452.8,138.1,0.00,0,0
7139,16:55:01.105,FULL,640,640,0,0,87.83,91.94,17.8,34.0,10.88,479.40,173.85,88.42,88.05,1.0000,6.3600,122.1400,0.0000,0.0000,0.6650,0,122.1400,482.2524,487.2426,0.1780,483.0065,0.8489,PHASE_2_DRIVING,126.65,-3.64,452.8,138.1,44.56,997,1231
7140,16:55:01.208,ROI,160,160,192,192,5.42,6.13,0.0,0.0,163.11,0.00,0.00,0.00,0.00,0.0000,0.0000,0.0000,0.0000,0.0000,0.0000,1,0.0000,NaN,NaN,NaN,NaN,NaN,LOST_TRACKING,131.49,-131.49,452.8,138.1,0.00,0,0
7141,16:55:01.308,FULL,640,640,0,0,86.57,89.95,16.65,34.75,11.12,479.40,173.75,88.10,87.76,1.0000,6.5500,121.9900,0.0000,0.0000,0.6687,0,121.9900,482.2264,477.1320,0.1753,481.4664,0.8508,PHASE_2_DRIVING,126.73,-5.26,452.8,138.1,44.48,982,1242
7142,16:55:01.409,ROI,160,160,192,192,5.97,6.47,0.0,0.0,154.50,0.00,0.00,0.00,0.00,0.0000,0.0000,0.0000,0.0000,0.0000,0.0000,1,0.0000,NaN,NaN,NaN,NaN,NaN,LOST_TRACKING,131.49,-131.49,452.8,138.1,0.00,0,0
7143,16:55:01.508,FULL,640,640,0,0,86.42,90.44,16.9,34.55,11.06,479.49,173.79,87.94,87.70,1.0000,6.8300,122.2500,0.0000,0.0000,0.6917,0,122.2500,482.2204,470.0198,0.1485,480.6429,0.8707,PHASE_2_DRIVING,126.79,-6.15,452.8,138.1,44.56,1006,1222
7144,16:55:01.610,ROI,160,160,192,192,5.89,6.36,0.0,0.0,157.25,0.00,0.00,0.00,0.00,0.0000,0.0000,0.0000,0.0000,0.0000,0.0000,1,0.0000,NaN,NaN,NaN,NaN,NaN,LOST_TRACKING,131.49,-131.49,452.8,138.1,0.00,0,0
7145,16:55:01.705,FULL,640,640,0,0,92.95,98.35,17.65,35.75,10.17,479.55,173.67,87.58,87.60,1.0000,6.8900,122.6200,0.0000,0.0000,0.7010,0,122.6200,482.3000,462.7103,0.1200,480.2005,0.8928,PHASE_2_DRIVING,126.94,-6.74,452.8,138.1,44.51,1011,1214
7146,16:55:01.814,ROI,160,160,192,192,10.80,11.47,0.0,0.0,87.21,0.00,0.00,0.00,0.00,0.0000,0.0000,0.0000,0.0000,0.0000,0.0000,1,0.0000,NaN,NaN,NaN,NaN,NaN,LOST_TRACKING,131.49,-131.49,452.8,138.1,0.00,0,0
7147,16:55:01.933,FULL,640,640,0,0,104.08,107.81,25.225,25.375,9.28,479.56,173.66,87.44,87.55,1.0000,6.8500,122.4800,0.0000,0.0000,0.6851,0,122.4800,482.3449,454.7664,0.0820,480.2553,0.9242,PHASE_2_DRIVING,126.96,-6.71,452.8,138.1,44.51,1039,1186
7148,16:55:02.051,ROI,160,160,192,192,8.77,10.08,41.675,38.75,99.23,0.00,0.00,0.00,0.00,0.0000,0.0000,0.0000,0.0000,0.0000,0.0000,1,0.0000,NaN,NaN,NaN,NaN,NaN,LOST_TRACKING,131.49,-131.49,452.8,138.1,0.00,0,0
7149,16:55:02.151,FULL,640,640,0,0,90.77,94.95,17.325,32.9,10.53,479.31,173.30,87.41,87.61,1.0000,6.9000,122.1000,0.0000,0.0000,0.6839,0,122.1000,482.4002,441.5335,0.0633,479.9669,0.9405,PHASE_2_DRIVING,126.99,-7.02,452.8,138.1,44.07,1011,1193
7150,16:55:02.257,ROI,160,160,192,192,7.16,7.87,0.0,49.7,127.13,0.00,0.00,0.00,0.00,0.0000,0.0000,0.0000,0.0000,0.0000,0.0000,1,0.0000,NaN,NaN,NaN,NaN,NaN,LOST_TRACKING,131.49,-131.49,452.8,138.1,0.00,0,0
7151,16:55:02.353,FULL,640,640,0,0,74.93,78.57,22.05,39.775,12.73,479.34,173.25,87.05,87.68,1.0000,6.9100,122.2000,0.0000,0.0000,0.6884,0,122.2000,482.3662,434.5023,0.0469,480.2199,0.9552,PHASE_2_DRIVING,127.05,-6.83,452.8,138.1,44.04,1034,1168
7152,16:55:02.442,ROI,160,160,192,192,11.37,11.83,36.475,32.975,84.51,0.00,0.00,0.00,0.00,0.0000,0.0000,0.0000,0.0000,0.0000,0.0000,1,0.0000,NaN,NaN,NaN,NaN,NaN,LOST_TRACKING,131.49,-131.49,452.8,138.1,0.00,0,0
7153,16:55:02.543,FULL,640,640,0,0,95.90,99.65,17.625,27.45,10.04,479.27,173.22,87.11,87.48,1.0000,6.9300,122.0700,0.0000,0.0000,0.6827,0,122.0700,482.2336,435.3472,0.0473,480.1152,0.9548,PHASE_2_DRIVING,127.01,-6.89,452.8,138.1,43.99,1021,1178
7154,16:55:02.652,ROI,160,160,192,192,5.62,6.64,0.0,58.9,150.51,0.00,0.00,0.00,0.00,0.0000,0.0000,0.0000,0.0000,0.0000,0.0000,1,0.0000,NaN,NaN,NaN,NaN,NaN,LOST_TRACKING,131.49,-131.49,452.8,138.1,0.00,0,0
7155,16:55:02.768,FULL,640,640,0,0,72.41,76.01,10.775,41.125,13.16,478.94,173.11,87.24,87.59,1.0000,6.3500,121.5100,0.0000,0.0000,0.6280,0,121.5100,481.9578,446.4280,0.0549,480.1101,0.9480,PHASE_2_DRIVING,126.74,-6.63,452.8,138.1,43.69,1031,1153
7156,16:55:02.853,ROI,160,160,192,192,5.73,6.45,0.0,60.65,155.14,0.00,0.00,0.00,0.00,0.0000,0.0000,0.0000,0.0000,0.0000,0.0000,1,0.0000,NaN,NaN,NaN,NaN,NaN,LOST_TRACKING,131.49,-131.49,452.8,138.1,0.00,0,0
7157,16:55:02.947,FULL,640,640,0,0,78.89,81.76,13.425,19.1,12.23,478.86,173.12,87.03,87.74,1.0000,6.4300,121.0700,0.0000,0.0000,0.6313,0,121.0700,481.5469,462.0718,0.0618,480.4133,0.9418,PHASE_2_DRIVING,126.65,-6.24,452.8,138.1,43.66,1040,1142
7158,16:55:03.040,ROI,160,160,192,192,7.38,7.86,0.0,49.675,127.17,0.00,0.00,0.00,0.00,0.0000,0.0000,0.0000,0.0000,0.0000,0.0000,1,0.0000,NaN,NaN,NaN,NaN,NaN,LOST_TRACKING,131.49,-131.49,452.8,138.1,0.00,0,0
7159,16:55:03.151,FULL,640,640,0,0,95.15,99.21,19.025,39.375,10.08,478.84,173.06,87.01,87.65,1.0000,6.4800,121.0500,0.0000,0.0000,0.6336,0,121.0500,481.1664,479.1387,0.0688,481.0359,0.9356,PHASE_2_DRIVING,126.68,-5.64,452.8,138.1,43.59,1055,1125
7160,16:55:03.263,ROI,160,160,192,192,19.45,20.52,28.45,0.0,48.73,0.00,0.00,0.00,0.00,0.0000,0.0000,0.0000,0.0000,0.0000,0.0000,1,0.0000,NaN,NaN,NaN,NaN,NaN,LOST_TRACKING,131.49,-131.49,452.8,138.1,0.00,0,0
7161,16:55:03.385,FULL,640,640,0,0,82.46,87.71,27.075,31.175,11.40,478.81,173.05,86.79,87.50,1.0000,6.6600,120.6800,0.0000,0.0000,0.6342,0,120.6800,480.7667,496.3823,0.0668,481.7441,0.9374,PHASE_2_DRIVING,126.66,-4.92,452.8,138.1,43.57,1067,1111
7162,16:55:03.482,ROI,160,160,192,192,13.49,14.23,41.95,0.0,70.25,0.00,0.00,0.00,0.00,0.0000,0.0000,0.0000,0.0000,0.0000,0.0000,1,0.0000,NaN,NaN,NaN,NaN,NaN,LOST_TRACKING,131.49,-131.49,452.8,138.1,0.00,0,0
7163,16:55:03.585,FULL,640,640,0,0,78.55,82.51,21.95,33.15,12.12,478.86,173.12,86.49,87.28,1.0000,6.7800,120.9000,0.0000,0.0000,0.6470,0,120.9000,480.6369,511.8093,0.0553,482.2702,0.9476,PHASE_2_DRIVING,126.65,-4.38,452.8,138.1,43.66,1067,1116
7164,16:55:03.679,ROI,160,160,192,192,16.88,17.45,0.0,22.375,57.29,0.00,0.00,0.00,0.00,0.0000,0.0000,0.0000,0.0000,0.0000,0.0000,1,0.0000,NaN,NaN,NaN,NaN,NaN,LOST_TRACKING,131.49,-131.49,452.8,138.1,0.00,0,0
7165,16:55:03.789,FULL,640,640,0,0,79.70,85.05,12.5,37.175,11.76,478.79,172.69,86.48,87.62,1.0000,7.1900,120.5300,0.0000,0.0000,0.6351,0,120.5300,480.4509,519.5694,0.0465,482.1882,0.9556,PHASE_2_DRIVING,126.92,-4.73,452.8,138.1,43.26,1015,1148
7166,16:55:03.884,ROI,160,160,192,192,7.68,8.19,0.0,0.0,122.03,0.00,0.00,0.00,0.00,0.0000,0.0000,0.0000,0.0000,0.0000,0.0000,1,0.0000,NaN,NaN,NaN,NaN,NaN,LOST_TRACKING,131.49,-131.49,452.8,138.1,0.00,0,0
7167,16:55:03.985,FULL,640,640,0,0,77.14,81.52,20.975,19.175,12.27,478.89,172.30,86.45,87.57,1.0000,5.9800,119.8600,0.0000,0.0000,0.6288,0,119.8600,480.0573,511.1891,0.0539,481.6494,0.9489,PHASE_2_DRIVING,127.34,-5.69,452.8,138.1,43.01,973,1178
7168,16:55:04.078,ROI,160,160,192,192,9.50,10.01,35.2,0.0,99.86,0.00,0.00,0.00,0.00,0.0000,0.0000,0.0000,0.0000,0.0000,0.0000,1,0.0000,NaN,NaN,NaN,NaN,NaN,LOST_TRACKING,131.49,-131.49,452.8,138.1,0.00,0,0
7169,16:55:04.175,FULL,640,640,0,0,91.76,95.42,17.975,40.925,10.48,478.96,172.17,86.39,87.96,1.0000,5.9400,119.5300,0.0000,0.0000,0.6194,0,119.5300,479.7107,492.9956,0.0634,480.5024,0.9404,PHASE_2_DRIVING,127.52,-7.01,452.8,138.1,42.96,942,1206
7170,16:55:04.283,ROI,160,160,192,192,15.06,15.65,0.0,0.0,63.89,0.00,0.00,0.00,0.00,0.0000,0.0000,0.0000,0.0000,0.0000,0.0000,1,0.0000,NaN,NaN,NaN,NaN,NaN,LOST_TRACKING,131.49,-131.49,452.8,138.1,0.00,0,0
7171,16:55:04.398,FULL,640,640,0,0,135.26,141.27,27.325,41.475,7.08,478.86,171.76,86.39,88.08,1.0000,6.2600,119.3900,0.0000,0.0000,0.6468,0,119.3900,479.4602,471.7731,0.0845,478.8614,0.9221,PHASE_2_DRIVING,127.75,-8.89,452.8,138.1,42.57,890,1239
7172,16:55:04.553,ROI,160,160,192,192,13.20,13.96,59.275,27.975,71.61,0.00,0.00,0.00,0.00,0.0000,0.0000,0.0000,0.0000,0.0000,0.0000,1,0.0000,NaN,NaN,NaN,NaN,NaN,LOST_TRACKING,131.49,-131.49,452.8,138.1,0.00,0,0
7173,16:55:04.657,FULL,640,640,0,0,130.72,134.61,47.875,23.225,7.43,478.92,171.55,86.56,88.22,1.0000,6.5200,119.1000,0.0000,0.0000,0.6855,0,119.1000,479.1544,454.8583,0.1066,476.8140,0.9037,PHASE_2_DRIVING,127.99,-11.18,452.8,138.1,42.44,845,1277
7174,16:55:04.805,ROI,160,160,192,192,10.52,11.28,0.0,0.0,88.64,0.00,0.00,0.00,0.00,0.0000,0.0000,0.0000,0.0000,0.0000,0.0000,1,0.0000,NaN,NaN,NaN,NaN,NaN,LOST_TRACKING,131.49,-131.49,452.8,138.1,0.00,0,0
7175,16:55:04.910,FULL,640,640,0,0,98.98,102.73,25.05,41.825,9.73,478.43,171.80,87.70,89.11,1.0000,6.4000,118.6700,0.0000,0.0000,0.6872,0,118.6700,478.7491,445.7623,0.1070,475.5611,0.9034,PHASE_2_DRIVING,127.25,-11.69,452.8,138.1,42.34,913,1204
7176,16:55:05.025,ROI,160,160,192,192,13.92,14.45,0.0,0.0,69.22,0.00,0.00,0.00,0.00,0.0000,0.0000,0.0000,0.0000,0.0000,0.0000,1,0.0000,NaN,NaN,NaN,NaN,NaN,LOST_TRACKING,131.49,-131.49,452.8,138.1,0.00,0,0
7177,16:55:05.141,FULL,640,640,0,0,121.20,125.18,23.025,28.075,7.99,477.99,171.26,87.88,89.40,1.0000,7.1800,118.6500,0.0000,0.0000,0.7271,0,118.6500,478.4918,445.2940,0.1217,474.8899,0.8915,PHASE_2_DRIVING,127.22,-12.33,452.8,138.1,41.64,886,1196
7178,16:55:05.280,ROI,160,160,192,192,9.73,10.51,0.0,0.0,95.13,0.00,0.00,0.00,0.00,0.0000,0.0000,0.0000,0.0000,0.0000,0.0000,1,0.0000,NaN,NaN,NaN,NaN,NaN,LOST_TRACKING,131.49,-131.49,452.8,138.1,0.00,0,0
7179,16:55:05.388,FULL,640,640,0,0,106.75,111.21,27.925,38.65,8.99,477.64,171.48,88.31,88.96,1.0000,6.2400,118.3000,0.0000,0.0000,0.6777,0,118.3000,478.1800,454.4182,0.1249,475.5423,0.8890,PHASE_2_DRIVING,126.66,-11.11,452.8,138.1,41.60,975,1105
7180,16:55:05.511,ROI,160,160,192,192,10.47,11.19,0.0,34.9,89.34,0.00,0.00,0.00,0.00,0.0000,0.0000,0.0000,0.0000,0.0000,0.0000,1,0.0000,NaN,NaN,NaN,NaN,NaN,LOST_TRACKING,131.49,-131.49,452.8,138.1,0.00,0,0
7181,16:55:05.618,FULL,640,640,0,0,93.87,98.39,8.2,27.8,10.16,477.55,171.35,88.76,89.34,1.0000,6.0500,117.5300,0.0000,0.0000,0.6751,0,117.5300,477.7849,472.1219,0.1223,477.1678,0.8910,PHASE_2_DRIVING,126.66,-9.49,452.8,138.1,41.45,1005,1068
7182,16:55:05.729,ROI,160,160,192,192,5.53,6.05,29.975,0.0,165.22,0.00,0.00,0.00,0.00,0.0000,0.0000,0.0000,0.0000,0.0000,0.0000,1,0.0000,NaN,NaN,NaN,NaN,NaN,LOST_TRACKING,131.49,-131.49,452.8,138.1,0.00,0,0
7183,16:55:05.831,FULL,640,640,0,0,115.77,119.82,36.925,42.375,8.35,477.17,171.22,89.29,89.70,1.0000,7.2500,117.5800,0.0000,0.0000,0.7028,0,117.5800,477.5511,494.4106,0.1364,479.5745,0.8800,PHASE_2_DRIVING,126.35,-6.77,452.8,138.1,41.13,1070,986
7184,16:55:05.963,ROI,160,160,192,192,11.66,12.38,0.0,0.0,80.79,0.00,0.00,0.00,0.00,0.0000,0.0000,0.0000,0.0000,0.0000,0.0000,1,0.0000,NaN,NaN,NaN,NaN,NaN,LOST_TRACKING,131.49,-131.49,452.8,138.1,0.00,0,0
7185,16:55:06.076,FULL,640,640,0,0,95.75,99.29,46.625,23.6,10.07,477.09,171.30,89.74,89.84,1.0000,6.7300,117.5900,0.0000,0.0000,0.6954,0,117.5900,477.3689,514.2223,0.1427,481.9715,0.8751,PHASE_2_DRIVING,126.19,-4.22,452.8,138.1,41.14,1090,967
7186,16:55:06.188,ROI,160,160,192,192,5.36,6.08,0.0,0.0,164.57,0.00,0.00,0.00,0.00,0.0000,0.0000,0.0000,0.0000,0.0000,0.0000,1,0.0000,NaN,NaN,NaN,NaN,NaN,LOST_TRACKING,131.49,-131.49,452.8,138.1,0.00,0,0
7187,16:55:06.293,FULL,640,640,0,0,95.12,98.47,19.675,27.775,10.16,477.11,171.27,89.58,89.74,1.0000,7.1500,118.2700,0.0000,0.0000,0.7124,0,118.2700,477.5216,529.2567,0.1325,483.5750,0.8830,PHASE_2_DRIVING,126.24,-2.66,452.8,138.1,41.13,1065,992
7188,16:55:06.405,ROI,160,160,192,192,5.82,6.35,0.0,0.0,157.52,0.00,0.00,0.00,0.00,0.0000,0.0000,0.0000,0.0000,0.0000,0.0000,1,0.0000,NaN,NaN,NaN,NaN,NaN,LOST_TRACKING,131.49,-131.49,452.8,138.1,0.00,0,0
7189,16:55:06.505,FULL,640,640,0,0,102.09,105.82,12.6,40.6,9.45,477.16,171.07,89.33,90.09,1.0000,7.0600,118.4800,0.0000,0.0000,0.6950,0,118.4800,477.8064,536.6618,0.1145,483.8544,0.8972,PHASE_2_DRIVING,126.46,-2.60,452.8,138.1,41.00,1001,1049
7190,16:55:06.623,ROI,160,160,192,192,5.74,6.23,0.0,0.0,160.46,0.00,0.00,0.00,0.00,0.0000,0.0000,0.0000,0.0000,0.0000,0.0000,1,0.0000,NaN,NaN,NaN,NaN,NaN,LOST_TRACKING,131.49,-131.49,452.8,138.1,0.00,0,0
7191,16:55:06.724,FULL,640,640,0,0,96.02,99.79,49.375,35.225,10.02,477.06,171.11,89.65,90.20,1.0000,7.2800,118.2800,0.0000,0.0000,0.7120,0,118.2800,478.0120,536.1192,0.0847,482.5477,0.9219,PHASE_2_DRIVING,126.31,-3.77,452.8,138.1,40.97,938,1110
7192,16:55:06.836,ROI,160,160,192,192,8.64,9.41,0.0,0.0,106.27,0.00,0.00,0.00,0.00,0.0000,0.0000,0.0000,0.0000,0.0000,0.0000,1,0.0000,NaN,NaN,NaN,NaN,NaN,LOST_TRACKING,131.49,-131.49,452.8,138.1,0.00,0,0
7193,16:55:07.167,FULL,640,640,0,0,129.80,133.77,17.0,20.45,7.48,476.73,170.64,89.65,90.43,1.0000,7.0300,117.7800,0.0000,0.0000,0.7006,0,117.7800,477.9878,530.1535,0.0720,481.4916,0.9328,PHASE_2_DRIVING,126.33,-4.84,452.8,138.1,40.39,918,1102
7194,16:55:07.313,ROI,160,160,192,192,8.95,9.83,0.0,39.75,101.72,0.00,0.00,0.00,0.00,0.0000,0.0000,0.0000,0.0000,0.0000,0.0000,1,0.0000,NaN,NaN,NaN,NaN,NaN,LOST_TRACKING,131.49,-131.49,452.8,138.1,0.00,0,0
7195,16:55:07.423,FULL,640,640,0,0,134.28,138.24,31.075,31.075,7.23,476.34,170.44,89.79,90.04,1.0000,6.8900,117.9600,0.0000,0.0000,0.6872,0,117.9600,478.0864,518.4217,0.0861,481.2823,0.9208,PHASE_2_DRIVING,126.05,-4.77,452.8,138.1,40.00,955,1045
7196,16:55:07.575,ROI,160,160,192,192,25.76,28.55,0.0,0.0,35.03,473.50,167.61,94.51,92.05,0.8848,2.6600,116.0500,0.0000,0.0000,0.5153,0,116.0500,477.4655,512.4659,0.1955,483.1886,0.8365,PHASE_2_DRIVING,125.05,-1.86,452.8,138.1,36.05,989,813
7197,16:55:07.617,ROI,160,160,192,192,16.18,16.69,28.6,0.0,59.90,0.00,0.00,0.00,0.00,0.0000,0.0000,0.0000,0.0000,0.0000,0.0000,1,0.0000,NaN,NaN,NaN,NaN,NaN,LOST_TRACKING,131.49,-131.49,452.8,138.1,0.00,0,0
7198,16:55:07.732,FULL,640,640,0,0,89.69,94.51,15.9,41.325,10.58,472.62,165.45,90.79,92.02,1.0000,7.8900,118.0400,0.0000,0.0000,0.7627,0,118.0400,477.6323,501.9125,0.3453,483.8642,0.7433,PHASE_2_DRIVING,125.94,-2.07,452.8,138.1,33.78,820,869
7199,16:55:07.839,ROI,160,160,192,192,14.27,15.81,0.0,0.0,63.24,470.30,162.78,96.86,95.17,0.8859,3.0600,113.7800,0.0000,0.0000,0.4198,0,113.7800,476.4011,493.8954,0.5637,482.7079,0.6395,PHASE_2_DRIVING,125.33,-2.63,452.8,138.1,30.25,720,793
7200,16:55:07.868,ROI,160,160,224,224,20.16,21.02,29.35,0.0,47.58,0.00,0.00,0.00,0.00,0.0000,0.0000,0.0000,0.0000,0.0000,0.0000,1,0.0000,NaN,NaN,NaN,NaN,NaN,LOST_TRACKING,131.49,-131.49,452.8,138.1,0.00,0,0
7201,16:55:07.996,FULL,640,640,0,0,111.77,115.67,29.1,27.025,8.65,469.17,162.02,90.59,92.36,1.0000,9.0200,118.3300,0.0000,0.0000,0.7652,0,118.3300,476.6541,486.8422,0.7854,481.1358,0.5601,PHASE_2_DRIVING,124.39,-3.25,452.8,138.1,28.99,683,767
7202,16:55:08.125,ROI,160,160,192,192,17.67,19.23,0.0,0.0,52.01,465.59,157.78,98.77,97.12,0.8397,4.8200,114.9500,0.0000,0.0000,0.5660,0,114.9500,476.1013,485.9030,0.9599,480.9018,0.5102,PHASE_2_DRIVING,123.03,-2.13,452.8,138.1,23.47,601,573
7203,16:55:08.157,ROI,160,160,224,224,18.57,19.19,0.0,81.425,52.10,0.00,0.00,0.00,0.00,0.0000,0.0000,0.0000,0.0000,0.0000,0.0000,1,0.0000,NaN,NaN,NaN,NaN,NaN,LOST_TRACKING,131.49,-131.49,452.8,138.1,0.00,0,0
7204,16:55:08.271,FULL,640,640,0,0,88.13,92.28,20.775,16.925,10.84,465.51,157.81,92.31,93.16,1.0000,6.9600,119.9300,0.0000,0.0000,0.7333,0,119.9300,476.8843,482.2782,1.1839,479.8084,0.4579,PHASE_2_DRIVING,122.82,-3.01,452.8,138.1,23.46,548,625
7205,16:55:08.375,ROI,160,160,192,192,22.98,24.22,0.0,0.0,41.29,464.88,156.81,98.12,93.22,0.9213,2.2400,111.7400,0.0000,0.0000,0.6125,0,111.7400,475.3766,483.1634,1.3733,479.8825,0.4213,PHASE_2_DRIVING,122.85,-2.97,452.8,138.1,22.27,541,572
7206,16:55:08.414,ROI,160,160,224,224,17.57,18.64,0.0,0.0,53.66,464.11,154.08,97.64,96.29,0.9298,2.4300,114.3800,0.0000,0.0000,0.2740,0,114.3800,474.9724,483.1833,1.4082,479.7737,0.4153,PHASE_2_DRIVING,125.29,-5.52,452.8,138.1,19.58,413,566
7207,16:55:08.447,ROI,160,160,224,224,17.78,19.06,0.0,20.5,52.46,463.99,154.73,98.21,94.65,0.9773,2.6800,115.3500,0.0000,0.0000,0.3511,0,115.3500,474.8819,484.4606,1.5211,480.6612,0.3967,PHASE_2_DRIVING,123.93,-3.27,452.8,138.1,20.04,530,472
7208,16:55:08.481,ROI,160,160,224,224,18.53,20.03,0.0,39.0,49.93,463.04,150.29,97.72,101.08,0.8967,5.1800,115.5600,0.0000,0.0000,0.4951,0,115.5600,474.8822,483.9048,1.5506,480.3674,0.3921,PHASE_2_DRIVING,130.04,-9.67,452.8,138.1,15.92,258,538
7209,16:55:08.529,ROI,160,160,224,224,19.46,20.72,13.75,0.0,48.27,463.35,152.65,98.31,98.32,0.9481,2.0300,115.4900,0.0000,0.0000,0.2543,0,115.4900,474.9118,484.8757,1.5751,481.0064,0.3883,PHASE_2_DRIVING,125.95,-4.95,452.8,138.1,17.97,512,387
7210,16:55:08.593,ROI,160,160,224,224,13.60,14.69,0.0,0.0,68.06,463.56,153.81,98.01,95.96,0.9718,3.8700,114.6900,0.0000,0.0000,0.5051,0,114.6900,474.7345,484.3681,1.4795,480.4828,0.4033,PHASE_2_DRIVING,124.41,-3.93,452.8,138.1,19.04,477,475
7211,16:55:08.655,ROI,160,160,224,224,23.10,24.38,0.0,0.0,41.01,463.31,150.58,98.39,100.79,0.9317,4.3700,115.4000,0.0000,0.0000,0.5284,0,115.4000,474.7873,485.0879,1.4262,480.8424,0.4122,PHASE_2_DRIVING,130.10,-9.26,452.8,138.1,16.31,283,532
7212,16:55:08.705,ROI,160,160,224,224,16.30,16.92,0.0,46.175,59.12,0.00,0.00,0.00,0.00,0.0000,0.0000,0.0000,0.0000,0.0000,0.0000,1,0.0000,NaN,NaN,NaN,NaN,NaN,LOST_TRACKING,131.49,-131.49,452.8,138.1,0.00,0,0
7213,16:55:08.833,FULL,640,640,0,0,119.51,123.77,38.65,25.25,8.08,463.50,153.90,93.77,92.15,1.0000,7.0500,119.6900,0.0000,0.0000,0.7127,0,119.6900,475.9914,484.2317,1.1661,480.4276,0.4617,PHASE_2_DRIVING,124.11,-3.68,452.8,138.1,19.08,566,388
7214,16:55:08.968,ROI,160,160,192,192,24.81,26.21,0.0,0.0,38.15,462.39,148.10,97.20,99.55,0.8554,5.0400,114.9100,0.0000,0.0000,0.5921,0,114.9100,475.7397,483.3745,1.0716,479.6891,0.4827,PHASE_2_DRIVING,133.78,-14.09,452.8,138.1,13.86,153,540
7215,16:55:09.007,ROI,160,160,224,224,16.29,16.99,0.0,0.0,58.85,0.00,0.00,0.00,0.00,0.0000,0.0000,0.0000,0.0000,0.0000,0.0000,1,0.0000,NaN,NaN,NaN,NaN,NaN,LOST_TRACKING,131.49,-131.49,452.8,138.1,0.00,0,0
7216,16:55:09.122,FULL,640,640,0,0,108.14,112.22,31.875,31.325,8.91,461.51,151.99,94.60,91.10,1.0000,5.0300,122.0100,0.0000,0.0000,0.6707,0,122.0100,477.8780,481.6290,0.8445,479.5954,0.5421,PHASE_2_DRIVING,122.10,-2.51,452.8,138.1,16.39,590,230
7217,16:55:09.246,ROI,160,160,192,192,15.50,16.68,32.275,0.0,59.94,461.61,149.08,98.10,96.62,0.9064,3.4400,117.4100,0.0000,0.0000,0.6171,0,117.4100,477.7789,479.6613,0.7280,478.5719,0.5787,PHASE_2_DRIVING,128.75,-10.18,452.8,138.1,14.08,208,496
7218,16:55:09.277,ROI,160,160,224,224,18.33,18.77,0.0,0.0,53.29,0.00,0.00,0.00,0.00,0.0000,0.0000,0.0000,0.0000,0.0000,0.0000,1,0.0000,NaN,NaN,NaN,NaN,NaN,LOST_TRACKING,131.49,-131.49,452.8,138.1,0.00,0,0
7219,16:55:09.390,FULL,640,640,0,0,115.51,118.89,41.275,29.575,8.41,461.36,151.01,94.71,90.99,1.0000,6.3300,122.4600,0.0000,0.0000,0.7149,0,122.4600,479.9396,477.8294,0.5272,479.2112,0.6548,PHASE_2_DRIVING,123.55,-4.34,452.8,138.1,15.49,461,314
7220,16:55:09.520,ROI,160,160,192,192,17.11,19.18,0.0,0.0,52.15,460.34,149.25,100.72,93.29,0.9054,3.4000,118.8500,0.0000,0.0000,0.6240,0,118.8500,480.0731,478.1127,0.4929,479.4259,0.6699,PHASE_2_DRIVING,124.07,-4.65,452.8,138.1,13.46,317,356
7221,16:55:09.551,ROI,160,160,224,224,14.48,15.48,0.0,0.0,64.58,0.00,0.00,0.00,0.00,0.0000,0.0000,0.0000,0.0000,0.0000,0.0000,1,0.0000,NaN,NaN,NaN,NaN,NaN,LOST_TRACKING,131.49,-131.49,452.8,138.1,0.00,0,0
7222,16:55:09.665,FULL,640,640,0,0,85.12,89.55,11.925,39.25,11.17,461.14,150.36,95.01,89.66,1.0000,5.9200,123.3500,0.0000,0.0000,0.7090,0,123.3500,482.2871,479.4599,0.3855,481.5006,0.7218,PHASE_2_DRIVING,124.21,-2.71,452.8,138.1,14.83,389,352
7223,16:55:09.768,ROI,160,160,192,192,18.98,20.66,55.75,0.0,48.41,459.94,147.72,100.60,95.33,0.8884,2.5700,117.1200,0.0000,0.0000,0.5305,0,117.1200,481.1315,482.0000,0.3594,481.3612,0.7356,PHASE_2_DRIVING,126.60,-5.24,452.8,138.1,11.98,254,346
7224,16:55:09.803,ROI,160,160,224,224,13.23,14.42,0.0,0.0,69.33,460.23,149.07,99.55,92.32,0.9584,3.5300,124.6800,0.0000,0.0000,0.5486,0,124.6800,482.2868,484.6343,0.3387,482.8807,0.7470,PHASE_2_DRIVING,124.11,-1.23,452.8,138.1,13.25,380,282
7225,16:55:09.831,ROI,160,160,224,224,14.62,15.15,0.0,0.0,66.00,0.00,0.00,0.00,0.00,0.0000,0.0000,0.0000,0.0000,0.0000,0.0000,1,0.0000,NaN,NaN,NaN,NaN,NaN,LOST_TRACKING,131.49,-131.49,452.8,138.1,0.00,0,0
7226,16:55:09.942,FULL,640,640,0,0,140.39,144.52,8.2,18.925,6.92,461.12,150.55,95.07,88.64,1.0000,6.0700,123.6000,0.0000,0.0000,0.7109,0,123.6000,483.4660,488.5925,0.2943,484.6318,0.7726,PHASE_2_DRIVING,123.77,0.86,452.8,138.1,14.98,409,340
7227,16:55:10.100,ROI,160,160,192,192,19.89,22.60,27.8,17.275,44.25,460.06,147.52,100.07,95.12,0.8853,2.6500,117.6100,0.0000,0.0000,0.5483,0,117.6100,482.3325,490.6038,0.3039,484.2603,0.7669,PHASE_2_DRIVING,127.65,-3.39,452.8,138.1,11.89,237,358
7228,16:55:10.138,ROI,160,160,224,224,17.29,19.26,25.75,0.0,51.92,459.02,149.51,99.51,90.23,0.9293,2.7100,126.2100,0.0000,0.0000,0.4788,0,126.2100,483.3395,495.5143,0.2593,485.8461,0.7941,PHASE_2_DRIVING,118.60,7.24,452.8,138.1,12.99,486,163
7229,16:55:10.172,ROI,160,160,224,224,20.19,21.79,0.0,17.925,45.89,460.33,147.95,101.15,94.65,0.9289,3.7100,120.7900,0.0000,0.0000,0.3396,0,120.7900,482.7956,497.3408,0.2583,485.7810,0.7948,PHASE_2_DRIVING,127.40,-1.62,452.8,138.1,12.40,195,425
7230,16:55:10.210,ROI,160,160,224,224,22.82,24.34,0.0,16.05,41.08,458.89,148.89,98.22,90.52,0.9287,2.8200,125.2400,0.0000,0.0000,0.4294,0,125.2400,483.5643,498.6963,0.2552,486.6405,0.7967,PHASE_2_DRIVING,119.46,7.18,452.8,138.1,12.39,441,179
7231,16:55:10.248,ROI,160,160,224,224,19.75,21.27,0.0,0.0,47.01,459.40,147.92,99.79,91.95,0.9635,4.9700,122.9100,0.0000,0.0000,0.5050,0,122.9100,483.8759,502.7564,0.1894,486.8818,0.8408,PHASE_2_DRIVING,123.92,2.97,452.8,138.1,11.83,255,337
7232,16:55:10.283,ROI,160,160,224,224,27.88,29.12,28.75,13.4,34.34,458.73,147.32,98.60,92.02,0.9741,2.7700,124.9400,0.0000,0.0000,0.4583,0,124.9400,483.9189,502.2728,0.2401,487.4724,0.8064,PHASE_2_DRIVING,122.76,4.71,452.8,138.1,10.97,306,242
7233,16:55:10.337,ROI,160,160,224,224,21.99,23.44,0.0,0.0,42.67,459.20,147.35,99.15,93.86,0.9712,3.3600,121.5900,0.0000,0.0000,0.4267,0,121.5900,483.6331,500.7749,0.2408,486.9594,0.8060,PHASE_2_DRIVING,124.70,2.26,452.8,138.1,11.25,260,302
7234,16:55:10.402,ROI,160,160,224,224,16.00,17.57,9.225,22.225,56.91,458.61,147.59,98.90,91.69,0.9653,3.5700,124.6300,0.0000,0.0000,0.4920,0,124.6300,484.2948,501.1394,0.2185,487.3155,0.8207,PHASE_2_DRIVING,121.47,5.84,452.8,138.1,11.12,334,222
7235,16:55:10.449,ROI,160,160,224,224,17.62,19.08,0.0,0.0,52.41,458.95,147.18,98.95,94.18,0.9669,4.0200,122.3000,0.0000,0.0000,0.4443,0,122.3000,483.7807,498.9821,0.2377,486.6999,0.8080,PHASE_2_DRIVING,124.11,2.59,452.8,138.1,10.97,246,303
7236,16:55:10.560,ROI,160,160,224,224,13.40,14.42,0.0,0.0,69.37,458.20,146.79,98.83,94.72,0.9768,4.0200,121.8300,0.0000,0.0000,0.4195,0,121.8300,483.5179,497.6716,0.2456,486.3084,0.8028,PHASE_2_DRIVING,121.84,4.47,452.8,138.1,10.23,286,225
7237,16:55:10.625,ROI,160,160,224,224,18.49,19.67,0.0,0.0,50.83,458.04,145.51,98.67,95.47,0.9705,3.0700,123.4600,0.0000,0.0000,0.3834,0,123.4600,483.8005,495.2328,0.2492,486.0813,0.8005,PHASE_3_FINAL_ALIGNING,131.49,-5.41,452.8,138.1,9.08,-108,108
7238,16:55:10.689,ROI,160,160,224,224,19.21,19.85,8.775,0.0,50.37,0.00,0.00,0.00,0.00,0.0000,0.0000,0.0000,0.0000,0.0000,0.0000,1,0.0000,NaN,NaN,NaN,NaN,NaN,LOST_TRACKING,131.49,-131.49,452.8,138.1,0.00,0,0
7239,16:55:10.806,FULL,640,640,0,0,88.90,92.83,20.225,37.875,10.77,458.93,148.07,96.74,89.79,1.0000,4.9600,126.3200,0.0000,0.0000,0.6033,0,126.3200,484.3648,493.2433,0.2298,486.0236,0.8132,PHASE_3_FINAL_ALIGNING,131.49,-5.47,452.8,138.1,11.71,-109,109
7240,16:55:10.912,ROI,160,160,224,224,21.69,23.46,0.0,0.0,42.63,456.98,146.42,97.03,89.98,0.9265,4.0800,123.2500,0.0000,0.0000,0.4265,0,123.2500,484.4792,492.9398,0.2228,486.0206,0.8178,PHASE_3_FINAL_ALIGNING,131.49,-5.47,452.8,138.1,9.31,-109,109
7241,16:55:10.949,ROI,160,160,224,224,31.17,32.40,0.0,24.125,30.87,456.56,145.59,99.12,93.13,0.9458,3.5300,123.3800,0.0000,0.0000,0.4308,0,123.3800,483.7674,492.2603,0.2848,485.6498,0.7784,PHASE_3_FINAL_ALIGNING,131.49,-5.84,452.8,138.1,8.38,-117,117
7242,16:55:10.997,ROI,160,160,224,224,20.07,20.62,0.0,18.95,48.49,0.00,0.00,0.00,0.00,0.0000,0.0000,0.0000,0.0000,0.0000,0.0000,1,0.0000,NaN,NaN,NaN,NaN,NaN,LOST_TRACKING,131.49,-131.49,452.8,138.1,0.00,0,0
7243,16:55:11.120,FULL,640,640,0,0,139.70,144.49,19.025,18.925,6.92,457.06,145.75,96.76,88.93,1.0000,4.0200,127.7600,0.0000,0.0000,0.4043,0,127.7600,485.2200,491.6277,0.2934,486.6737,0.7731,PHASE_3_FINAL_ALIGNING,131.49,-4.82,452.8,138.1,8.76,-96,96
7244,16:55:11.279,ROI,160,160,224,224,19.83,21.33,27.425,0.0,46.88,456.96,145.57,99.15,92.27,0.9405,2.5400,124.5700,0.0000,0.0000,0.3430,0,124.5700,485.3949,492.2344,0.2539,486.7798,0.7975,PHASE_3_FINAL_ALIGNING,131.49,-4.71,452.8,138.1,8.55,-94,94
7245,16:55:11.329,ROI,160,160,224,224,24.24,26.25,13.6,0.0,38.09,456.29,146.15,100.02,92.40,0.9746,2.0100,124.0700,0.0000,0.0000,0.3640,0,124.0700,484.7213,492.3551,0.2621,486.3067,0.7923,PHASE_3_FINAL_ALIGNING,131.49,-5.18,452.8,138.1,8.77,-104,104
7246,16:55:11.378,ROI,160,160,224,224,18.07,19.41,69.825,40.25,51.52,455.83,144.84,98.60,92.78,0.9586,2.3700,123.9300,0.0000,0.0000,0.3634,0,123.9300,484.9372,494.9720,0.2747,487.0996,0.7845,PHASE_3_FINAL_ALIGNING,131.49,-4.39,452.8,138.1,7.39,-88,88
7247,16:55:11.505,ROI,160,160,224,224,20.49,21.71,0.0,0.0,46.06,455.87,145.43,99.65,90.75,0.9680,3.8400,125.1000,0.0000,0.0000,0.5471,0,125.1000,484.8575,496.1601,0.2678,487.2448,0.7888,PHASE_3_FINAL_ALIGNING,131.49,-4.25,452.8,138.1,7.94,-85,85
7248,16:55:11.553,ROI,160,160,224,224,25.24,26.39,0.0,0.0,37.89,456.15,145.66,98.48,89.07,0.9699,3.6900,125.3800,0.0000,0.0000,0.5515,0,125.3800,485.2450,498.8368,0.2550,488.0070,0.7968,PHASE_3_FINAL_ALIGNING,131.49,-3.48,452.8,138.1,8.27,-70,70
7249,16:55:11.616,ROI,160,160,224,224,18.39,18.95,0.0,0.0,52.76,0.00,0.00,0.00,0.00,0.0000,0.0000,0.0000,0.0000,0.0000,0.0000,1,0.0000,NaN,NaN,NaN,NaN,NaN,LOST_TRACKING,131.49,-131.49,452.8,138.1,0.00,0,0
7250,16:55:11.733,FULL,640,640,0,0,134.31,138.82,47.825,33.775,7.20,456.99,144.73,97.92,90.90,1.0000,4.9200,128.4600,0.0000,0.0000,0.4552,0,128.4600,486.4946,502.4122,0.2366,489.5400,0.8087,PHASE_3_FINAL_ALIGNING,131.49,-1.95,452.8,138.1,7.84,-39,39
7251,16:55:11.887,ROI,160,160,224,224,19.89,21.34,0.0,36.6,46.86,455.16,144.07,102.09,94.49,0.9228,2.9500,124.6700,0.0000,0.0000,0.4192,0,124.6700,486.1253,502.3937,0.2465,489.3427,0.8022,PHASE_4_FWD_BWD,131.49,-2.15,452.8,138.1,6.42,0,0
7252,16:55:11.924,ROI,160,160,224,224,18.55,20.34,23.825,0.0,49.16,456.30,145.51,98.76,89.63,0.9176,4.2700,126.1400,0.0000,0.0000,0.6060,0,126.1400,486.4515,503.7719,0.2145,489.5107,0.8234,PHASE_4_FWD_BWD,131.49,-1.98,452.8,138.1,8.20,0,0
7253,16:55:11.958,ROI,160,160,224,224,21.48,22.01,0.0,17.75,45.44,0.00,0.00,0.00,0.00,0.0000,0.0000,0.0000,0.0000,0.0000,0.0000,1,0.0000,NaN,NaN,NaN,NaN,NaN,LOST_TRACKING,131.49,-131.49,452.8,138.1,0.00,0,0
7254,16:55:12.075,FULL,640,640,0,0,105.54,109.59,41.425,39.2,9.12,457.00,145.20,98.86,89.06,1.0000,5.2700,128.9000,0.0000,0.0000,0.4951,0,128.9000,487.1098,502.7280,0.1534,489.1864,0.8670,PHASE_4_FWD_BWD,131.49,-2.30,452.8,138.1,8.25,0,0
7255,16:55:12.197,ROI,160,160,224,224,16.21,17.34,0.0,0.0,57.66,455.89,145.56,100.94,89.95,0.9685,2.8700,127.0100,0.0000,0.0000,0.3721,0,127.0100,487.1988,499.1404,0.1464,488.7239,0.8723,PHASE_4_FWD_BWD,131.49,-2.77,452.8,138.1,8.08,0,0
7256,16:55:12.256,ROI,160,160,224,224,9.75,10.89,0.0,35.875,91.83,455.97,144.82,100.77,88.40,0.9811,4.3800,128.7700,0.0000,0.0000,0.5283,0,128.7700,487.7231,496.9237,0.1392,488.8474,0.8778,PHASE_4_FWD_BWD,131.49,-2.64,452.8,138.1,7.43,0,0
7257,16:55:12.321,ROI,160,160,224,224,10.56,11.34,0.0,34.475,88.21,455.22,145.37,101.64,88.42,0.9733,3.6900,127.7300,0.0000,0.0000,0.5727,0,127.7300,488.1790,496.4272,0.0805,488.7937,0.9255,PHASE_4_FWD_BWD,131.49,-2.70,452.8,138.1,7.67,0,0
7258,16:55:12.369,ROI,160,160,224,224,12.02,12.92,0.0,30.275,77.43,454.41,145.03,101.14,86.35,0.9612,5.4300,129.8600,0.0000,0.0000,0.5922,0,129.8600,488.7182,500.4533,0.0894,489.6818,0.9179,PHASE_4_FWD_BWD,131.49,-1.81,452.8,138.1,7.11,0,0
7259,16:55:12.497,ROI,160,160,224,224,15.41,16.40,0.0,0.0,60.98,453.02,143.32,101.92,86.65,0.9357,6.8000,129.9500,0.0000,0.0000,0.6106,0,129.9500,489.1518,503.0357,0.1520,490.9839,0.8680,PHASE_4_FWD_BWD,131.49,-0.51,452.8,138.1,5.22,0,0
7260,16:55:12.543,ROI,160,160,224,224,24.53,25.80,0.0,0.0,38.76,451.26,141.26,102.10,87.16,0.9222,6.0700,130.4300,0.0000,0.0000,0.5392,0,130.4300,489.6525,504.1499,0.2331,492.3930,0.8110,PHASE_4_FWD_BWD,131.49,0.90,452.8,138.1,3.52,0,0
7261,16:55:12.609,ROI,160,160,224,224,24.12,25.24,0.0,0.0,39.61,452.89,141.63,100.18,86.98,0.9604,7.5700,130.7900,0.0000,0.0000,0.6625,0,130.7900,490.4986,503.8086,0.2726,493.3499,0.7858,PHASE_4_FWD_BWD,131.49,1.86,452.8,138.1,3.53,0,0
7262,16:55:12.673,ROI,160,160,224,224,20.53,21.69,0.0,0.0,46.11,448.74,139.24,102.96,85.78,0.8738,10.2700,132.8000,0.0000,0.0000,0.6299,0,132.8000,491.3702,503.2726,0.3893,494.7051,0.7198,PHASE_4_FWD_BWD,131.49,3.22,452.8,138.1,4.22,0,0
7263,16:55:12.723,ROI,160,160,224,224,20.81,21.75,0.0,0.0,45.98,449.01,138.78,102.58,88.48,0.9645,8.9500,130.7000,0.0000,0.0000,0.5877,0,130.7000,491.6071,502.6660,0.4916,495.2519,0.6704,PHASE_4_FWD_BWD,131.49,3.76,452.8,138.1,3.85,0,0
7264,16:55:12.786,ROI,160,160,224,224,18.99,20.42,0.0,0.0,48.97,446.09,137.68,103.75,85.46,0.9137,11.4700,133.2600,0.0000,0.0000,0.6675,0,133.2600,492.2388,502.6915,0.6588,496.3903,0.6028,PHASE_4_FWD_BWD,131.49,4.90,452.8,138.1,6.73,0,0
7265,16:55:12.832,ROI,160,160,224,224,20.80,22.04,15.375,0.0,45.36,445.38,135.43,102.47,86.79,0.9367,10.1700,132.3100,0.0000,0.0000,0.5914,0,132.3100,492.6456,502.4414,0.8405,497.1191,0.5433,PHASE_4_FWD_BWD,131.49,5.63,452.8,138.1,7.88,0,0
7266,16:55:12.961,ROI,160,160,224,224,19.62,20.88,3.675,0.0,47.89,442.26,132.87,98.60,86.70,0.8873,11.6200,132.4200,0.0000,0.0000,0.7041,0,132.4200,492.9765,502.9241,1.0801,498.1417,0.4808,PHASE_4_FWD_BWD,131.49,6.65,452.8,138.1,11.77,0,0
7267,16:55:13.008,ROI,160,160,224,224,16.54,17.72,0.0,0.0,56.42,441.66,131.51,100.55,88.37,0.9507,9.9900,130.8600,0.0000,0.0000,0.7093,0,130.8600,492.8839,502.3622,1.1775,498.0094,0.4592,PHASE_4_FWD_BWD,131.49,6.52,452.8,138.1,12.94,0,0
7268,16:55:13.071,ROI,160,160,224,224,15.18,16.46,8.45,0.0,60.76,439.32,129.89,98.53,86.41,0.9199,11.1200,131.6100,0.0000,0.0000,0.7845,0,131.6100,493.1943,501.8986,1.3791,498.2399,0.4203,PHASE_4_FWD_BWD,131.49,6.75,452.8,138.1,15.78,0,0
7269,16:55:13.135,ROI,160,160,224,224,19.20,20.40,0.0,0.0,49.01,436.90,128.59,97.44,86.37,0.9242,10.2800,129.9200,0.0000,0.0000,0.8280,0,129.9200,492.6123,501.1880,1.6329,497.9308,0.3798,PHASE_4_FWD_BWD,131.49,6.44,452.8,138.1,18.52,0,0
7270,16:55:13.184,ROI,160,160,224,224,16.38,17.91,0.0,21.8,55.83,434.38,127.79,95.58,84.21,0.9257,9.5400,130.5100,0.0000,0.0000,0.7902,0,130.5100,492.2024,501.0041,1.8523,497.9183,0.3506,PHASE_4_FWD_BWD,131.49,6.43,452.8,138.1,21.11,0,0
7271,16:55:13.248,ROI,160,160,192,192,23.92,25.34,0.0,0.0,39.47,434.16,125.90,96.88,82.96,0.9433,11.3800,133.9700,2.1000,132.3300,0.7612,0,133.9700,492.7373,500.5680,1.8905,497.8589,0.3460,PHASE_4_FWD_BWD,131.49,6.37,452.8,138.1,22.28,0,0
7272,16:55:13.360,ROI,160,160,224,224,17.45,18.62,0.0,0.0,53.69,431.05,123.45,93.87,82.85,0.8846,12.3200,130.9600,0.0000,0.0000,0.8125,0,130.9600,492.6046,499.6310,2.0350,497.3159,0.3295,PHASE_4_FWD_BWD,131.49,5.83,452.8,138.1,26.23,0,0
7273,16:55:13.425,ROI,160,160,192,192,17.51,19.15,0.0,0.0,52.22,426.91,120.73,95.00,82.66,0.8602,11.5800,131.3500,0.0000,0.0000,0.6672,0,131.3500,492.3055,498.0810,2.2071,496.2801,0.3118,PHASE_4_FWD_BWD,131.49,4.79,452.8,138.1,31.18,0,0
7274,16:55:13.489,ROI,160,160,192,192,14.21,15.39,0.0,0.0,64.99,425.77,119.39,92.93,84.00,0.9456,12.2300,131.3900,0.0000,0.0000,0.6560,0,131.3900,492.1340,496.3299,2.3395,495.0734,0.2994,PHASE_4_FWD_BWD,131.49,3.58,452.8,138.1,32.87,0,0
7275,16:55:13.537,ROI,160,160,192,192,17.68,19.11,0.0,0.0,52.32,423.44,117.49,91.94,82.18,0.9092,11.6300,129.5800,0.0000,0.0000,0.7134,0,129.5800,491.4306,495.4437,2.4470,494.2795,0.2901,PHASE_4_FWD_BWD,131.49,2.79,452.8,138.1,35.87,0,0
7276,16:55:13.600,ROI,160,160,192,192,18.65,19.83,0.0,0.0,50.44,422.17,116.16,91.58,83.58,0.9425,12.3400,130.3400,0.0000,0.0000,0.7584,0,130.3400,491.0869,496.5712,2.5159,495.0113,0.2844,PHASE_4_FWD_BWD,131.49,3.52,452.8,138.1,37.68,0,0
7277,16:55:13.648,ROI,160,160,192,192,17.75,18.79,0.0,0.0,53.22,421.20,115.89,92.14,84.30,0.9707,11.6700,130.0000,0.0000,0.0000,0.7335,0,130.0000,490.6752,497.7528,2.5542,495.7615,0.2814,PHASE_4_FWD_BWD,131.49,4.27,452.8,138.1,38.63,0,0
7278,16:55:13.777,ROI,160,160,192,192,16.33,17.51,3.575,22.325,57.11,416.16,112.59,90.66,85.48,0.8319,11.9200,127.9000,0.0000,0.0000,0.8322,0,127.9000,489.8861,498.6332,2.6632,496.2454,0.2730,PHASE_4_FWD_BWD,131.49,4.76,452.8,138.1,44.64,0,0
7279,16:55:13.824,ROI,160,160,192,192,18.53,19.47,0.0,0.0,51.35,414.02,109.07,90.60,83.70,0.8793,9.5400,127.0500,0.0000,0.0000,0.7165,0,127.0500,489.0075,499.0012,2.7179,496.3132,0.2690,PHASE_4_FWD_BWD,131.49,4.82,452.8,138.1,48.44,0,0
7280,16:55:13.887,ROI,160,160,192,192,15.03,15.95,0.0,24.5,62.70,413.65,109.30,93.41,84.65,0.9591,11.2500,127.3400,0.0000,0.0000,0.7783,0,127.3400,488.4771,499.2938,2.7630,496.4194,0.2657,PHASE_4_FWD_BWD,131.49,4.93,452.8,138.1,48.60,0,0
7281,16:55:13.952,ROI,160,160,192,192,14.56,15.73,0.0,0.0,63.56,410.91,107.76,92.90,85.56,0.9104,8.8100,125.9700,0.0000,0.0000,0.7303,0,125.9700,487.5288,499.6615,2.7689,496.4423,0.2653,PHASE_4_FWD_BWD,131.49,4.95,452.8,138.1,51.72,0,0
7282,16:55:14.000,ROI,160,160,192,192,21.20,22.42,0.0,0.0,44.60,410.00,105.98,92.81,83.76,0.9404,8.3000,126.0200,0.0000,0.0000,0.6984,0,126.0200,486.9582,500.1616,2.7635,496.6533,0.2657,PHASE_4_FWD_BWD,131.49,5.16,452.8,138.1,53.51,0,0
7283,16:55:14.063,ROI,160,160,192,192,12.22,13.08,9.7,29.875,76.44,406.93,103.38,92.24,84.50,0.8813,8.4700,125.1400,0.0000,0.0000,0.7933,0,125.1400,486.2289,500.5587,2.7682,496.7559,0.2654,PHASE_4_FWD_BWD,131.49,5.27,452.8,138.1,57.53,0,0
7284,16:55:14.127,ROI,160,160,192,192,13.78,14.76,0.0,0.0,67.76,405.27,102.00,92.93,86.28,0.9346,6.0100,124.6900,0.0000,0.0000,0.6850,0,124.6900,485.5455,500.8924,2.7867,496.8395,0.2641,PHASE_4_FWD_BWD,131.49,5.35,452.8,138.1,59.68,0,0
7285,16:55:14.177,ROI,160,160,192,192,13.39,14.38,0.0,27.175,69.54,403.79,98.33,96.74,86.16,0.8834,8.9800,123.2100,0.0000,0.0000,0.7492,0,123.2100,484.5215,500.8756,2.7932,496.5642,0.2636,PHASE_4_FWD_BWD,131.49,5.07,452.8,138.1,63.12,0,0
7286,16:55:14.303,ROI,160,160,224,224,12.89,13.89,0.0,28.15,71.99,398.74,94.04,96.95,86.00,0.8193,11.2700,127.5200,0.0000,0.0000,0.7653,0,127.5200,484.5971,500.5209,2.8684,496.4045,0.2585,PHASE_4_FWD_BWD,131.49,4.91,452.8,138.1,69.74,0,0
7287,16:55:14.352,ROI,160,160,224,224,15.36,16.51,0.0,23.675,60.58,396.88,92.25,96.22,86.44,0.9237,10.9100,123.5700,0.0000,0.0000,0.7827,0,123.5700,483.7483,500.0131,2.9301,495.8746,0.2544,PHASE_4_FWD_BWD,131.49,4.38,452.8,138.1,72.32,0,0
7288,16:55:14.414,ROI,160,160,224,224,13.68,14.79,0.0,26.4,67.62,395.52,91.92,94.68,86.25,0.9648,13.0700,123.9600,0.0000,0.0000,0.8939,0,123.9600,483.1563,499.5932,2.9492,495.4311,0.2532,PHASE_4_FWD_BWD,131.49,3.94,452.8,138.1,73.57,0,0
7289,16:55:14.478,ROI,160,160,192,192,12.49,13.50,7.875,28.95,74.06,390.33,88.16,91.74,84.43,0.8224,11.0100,121.5000,0.0000,0.0000,0.8039,0,121.5000,482.5601,499.1337,2.9990,494.9893,0.2501,PHASE_4_FWD_BWD,131.49,3.50,452.8,138.1,79.97,0,0
7290,16:55:14.527,ROI,160,160,192,192,13.10,14.16,0.0,27.575,70.63,390.38,88.19,91.73,84.89,0.9935,13.4500,121.9000,0.0000,0.0000,0.8076,0,121.9000,481.9301,498.6126,3.0061,494.4483,0.2496,PHASE_4_FWD_BWD,131.49,2.96,452.8,138.1,79.92,0,0
7291,16:55:14.591,ROI,160,160,192,192,11.51,12.60,7.85,0.0,79.38,386.42,85.24,94.19,84.00,0.8587,10.7500,121.2100,0.0000,0.0000,0.7621,0,121.2100,481.3611,498.2020,3.0841,494.0784,0.2449,PHASE_4_FWD_BWD,131.49,2.59,452.8,138.1,84.86,0,0
7292,16:55:14.640,ROI,160,160,192,192,11.11,12.31,0.0,0.0,81.23,387.39,85.04,93.86,86.16,0.9553,11.4000,120.4500,0.0000,0.0000,0.7985,0,120.4500,480.8189,497.7728,3.0750,493.6123,0.2454,PHASE_4_FWD_BWD,131.49,2.12,452.8,138.1,84.22,0,0
7293,16:55:14.767,ROI,160,160,192,192,14.99,15.98,3.4,24.475,62.59,382.86,80.42,94.42,86.26,0.8196,7.1400,123.0000,0.0000,0.0000,0.7437,0,123.0000,480.7895,497.3604,3.1318,493.3498,0.2420,PHASE_4_FWD_BWD,131.49,1.86,452.8,138.1,90.65,0,0
7294,16:55:14.814,ROI,160,160,192,192,13.80,14.64,0.0,26.7,68.32,381.58,78.88,90.92,83.60,0.9286,8.3800,118.1900,0.0000,0.0000,0.6546,0,118.1900,479.9755,496.9524,3.1462,492.8578,0.2412,PHASE_4_FWD_BWD,131.49,1.37,452.8,138.1,92.63,0,0
7295,16:55:14.878,ROI,160,160,192,192,14.49,15.57,0.0,0.0,64.21,379.34,76.97,91.63,85.09,0.9110,8.2100,119.3000,0.0000,0.0000,0.6423,0,119.3000,479.5640,496.6052,3.1160,492.4649,0.2430,PHASE_4_FWD_BWD,131.49,0.97,452.8,138.1,95.57,0,0
7296,16:55:14.943,ROI,160,160,192,192,25.10,26.18,7.9,14.925,38.20,376.71,74.46,92.78,86.76,0.8922,6.3600,116.2700,0.0000,0.0000,0.6198,0,116.2700,478.4868,496.4104,3.1479,492.0893,0.2411,PHASE_4_FWD_BWD,131.49,0.60,452.8,138.1,99.20,0,0
7297,16:55:14.993,ROI,160,160,192,192,18.42,19.52,16.85,20.025,51.23,375.68,74.18,92.66,85.50,0.9639,9.7900,118.3900,0.0000,0.0000,0.7667,0,118.3900,477.9530,496.2386,3.1609,491.8440,0.2403,PHASE_4_FWD_BWD,131.49,0.35,452.8,138.1,100.17,0,0
7298,16:55:15.056,ROI,160,160,192,192,18.10,19.64,0.0,0.0,50.92,373.86,72.52,94.19,85.60,0.9257,9.4800,118.3200,0.0000,0.0000,0.7563,0,118.3200,477.5891,496.1670,3.1125,491.6495,0.2432,PHASE_4_FWD_BWD,131.49,0.16,452.8,138.1,102.63,0,0
7299,16:55:15.120,ROI,160,160,192,192,17.52,18.68,8.925,20.925,53.54,370.14,69.67,93.47,84.95,0.8663,10.1100,117.3200,0.0000,0.0000,0.6858,0,117.3200,477.0265,496.2827,3.0939,491.5791,0.2443,PHASE_4_FWD_BWD,131.49,0.09,452.8,138.1,107.31,0,0
7300,16:55:15.168,ROI,160,160,192,192,16.28,17.45,0.0,0.0,57.31,369.09,68.80,93.18,84.34,0.9578,12.3800,118.0100,0.0000,0.0000,0.8161,0,118.0100,476.7625,496.5516,3.0211,491.6304,0.2487,PHASE_4_FWD_BWD,131.49,0.14,452.8,138.1,108.68,0,0
7301,16:55:15.295,ROI,160,160,192,192,13.94,14.84,0.0,26.35,67.38,365.34,64.25,95.66,86.05,0.8330,9.3800,118.7800,0.0000,0.0000,0.8177,0,118.7800,476.6988,496.8743,3.0155,491.8499,0.2490,PHASE_4_FWD_BWD,131.49,0.36,452.8,138.1,114.47,0,0
7302,16:55:15.344,ROI,160,160,192,192,12.26,13.13,0.0,0.0,76.15,363.92,62.57,93.42,83.92,0.9330,10.0700,120.0900,0.0000,0.0000,0.8089,0,120.0900,476.9649,497.2447,2.9725,492.1396,0.2517,PHASE_4_FWD_BWD,131.49,0.65,452.8,138.1,116.64,0,0
7303,16:55:15.407,ROI,160,160,192,192,13.76,15.01,0.0,26.05,66.60,362.92,61.84,93.79,83.45,0.9620,11.1900,121.7000,0.0000,0.0000,0.8226,0,121.7000,477.4767,497.4398,2.9032,492.3252,0.2562,PHASE_4_FWD_BWD,131.49,0.84,452.8,138.1,117.88,0,0
7304,16:55:15.471,ROI,160,160,192,192,13.95,15.12,0.0,25.85,66.15,361.87,61.27,93.56,82.61,0.9648,11.1800,125.3100,0.0000,0.0000,0.8001,0,125.3100,479.2327,497.4994,2.8709,492.7804,0.2583,PHASE_4_FWD_BWD,131.49,1.29,452.8,138.1,119.04,0,0
7305,16:55:15.519,ROI,160,160,192,192,12.81,13.68,0.0,0.0,73.09,361.35,60.50,93.10,82.55,0.9708,11.3400,126.2300,0.0000,0.0000,0.7666,0,126.2300,480.7770,497.4104,2.8035,493.0371,0.2629,PHASE_4_FWD_BWD,131.49,1.55,452.8,138.1,119.94,0,0
7306,16:55:15.583,ROI,160,160,192,192,13.44,14.41,0.0,27.15,69.41,359.82,60.00,94.30,83.02,0.9564,11.2300,125.7100,0.0000,0.0000,0.7936,0,125.7100,482.2115,497.3376,2.6871,493.2352,0.2712,PHASE_4_FWD_BWD,131.49,1.75,452.8,138.1,121.43,0,0
7307,16:55:15.648,ROI,160,160,192,192,13.49,14.47,0.0,27.0,69.11,358.05,59.89,94.78,81.50,0.9460,11.8700,125.1200,0.0000,0.0000,0.7708,0,125.1200,483.2212,497.4065,2.6208,493.4888,0.2762,PHASE_4_FWD_BWD,131.49,2.00,452.8,138.1,122.86,0,0
7308,16:55:15.760,ROI,160,160,192,192,10.06,11.05,4.0,35.35,90.52,357.06,59.12,95.22,81.92,0.9613,11.8000,124.4400,0.0000,0.0000,0.7772,0,124.4400,484.0727,497.6148,2.4872,493.7315,0.2868,PHASE_4_FWD_BWD,131.49,2.24,452.8,138.1,124.11,0,0
7309,16:55:15.825,ROI,160,160,192,192,17.57,18.56,0.0,21.05,53.89,357.31,58.88,95.59,81.18,0.9858,12.1100,126.1300,0.0000,0.0000,0.8083,0,126.1300,485.1488,498.0151,2.3589,494.1846,0.2977,PHASE_4_FWD_BWD,131.49,2.69,452.8,138.1,124.07,0,0
7310,16:55:15.872,ROI,160,160,192,192,11.20,12.00,13.35,0.0,83.31,356.96,58.57,95.93,81.60,0.9852,12.3600,126.4200,0.0000,0.0000,0.8061,0,126.4200,486.1136,498.5081,2.1463,494.5688,0.3178,PHASE_4_FWD_BWD,131.49,3.08,452.8,138.1,124.54,0,0
7311,16:55:15.935,ROI,160,160,192,192,12.06,12.91,7.675,0.0,77.48,356.89,58.30,96.59,81.34,0.9865,12.3400,126.9800,0.0000,0.0000,0.7966,0,126.9800,487.3715,499.0175,1.9812,495.1110,0.3354,PHASE_4_FWD_BWD,131.49,3.62,452.8,138.1,124.77,0,0
7312,16:55:15.999,ROI,160,160,224,224,13.90,14.88,0.0,0.0,67.21,356.22,58.07,99.04,82.87,0.9573,12.3600,124.4900,0.0000,0.0000,0.8661,0,124.4900,487.5156,499.5206,1.7959,495.2267,0.3577,PHASE_4_FWD_BWD,131.49,3.74,452.8,138.1,125.42,0,0
7313,16:55:16.046,ROI,160,160,224,224,13.94,14.78,24.3,0.0,67.68,356.25,58.06,98.84,82.84,0.9977,12.3400,124.6400,0.0000,0.0000,0.8676,0,124.6400,487.7031,500.0336,1.6004,495.2918,0.3846,PHASE_4_FWD_BWD,131.49,3.80,452.8,138.1,125.41,0,0
7314,16:55:16.177,ROI,160,160,224,224,12.84,13.84,0.0,0.0,72.28,356.31,58.27,98.60,82.46,0.9925,12.3900,124.5300,0.0000,0.0000,0.8650,0,124.5300,487.4378,500.5845,1.4114,495.1327,0.4147,PHASE_4_FWD_BWD,131.49,3.64,452.8,138.1,125.24,0,0
7315,16:55:16.225,ROI,160,160,224,224,18.62,19.66,0.0,19.875,50.87,357.40,58.63,100.20,82.68,0.9698,11.1300,124.3600,0.0000,0.0000,0.8487,0,124.3600,487.2283,501.1960,1.1691,494.7566,0.4610,PHASE_4_FWD_BWD,131.49,3.27,452.8,138.1,124.16,0,0
7316,16:55:16.287,ROI,160,160,224,224,17.06,18.25,9.1,0.0,54.80,357.50,59.21,98.74,82.67,0.9720,12.1100,123.4700,0.0000,0.0000,0.8868,0,123.4700,486.7242,502.0125,0.9182,494.0425,0.5213,PHASE_4_FWD_BWD,131.49,2.55,452.8,138.1,123.72,0,0
7317,16:55:16.351,ROI,160,160,224,224,14.45,15.28,8.55,0.0,65.44,358.76,59.65,99.05,83.27,0.9645,11.0200,125.3400,0.0000,0.0000,0.8488,0,125.3400,486.4013,503.1449,0.6939,493.2601,0.5904,PHASE_4_FWD_BWD,131.49,1.77,452.8,138.1,122.46,0,0
7318,16:55:16.399,ROI,160,160,224,224,13.34,14.19,0.0,27.575,70.49,358.92,60.07,98.42,83.10,0.9837,11.3000,126.5400,0.0000,0.0000,0.8561,0,126.5400,486.2600,505.0689,0.4606,492.1912,0.6847,PHASE_4_FWD_BWD,131.49,0.70,452.8,138.1,122.07,0,0
7319,16:55:16.464,ROI,160,160,224,224,13.21,14.05,0.0,0.0,71.19,360.20,61.40,100.14,83.48,0.9444,10.4700,126.8400,0.0000,0.0000,0.8400,0,126.8400,486.1160,507.9070,0.2806,490.8910,0.7809,PHASE_4_FWD_BWD,131.49,-0.60,452.8,138.1,120.24,0,0
7320,16:55:16.511,ROI,160,160,224,224,13.96,14.93,11.8,0.0,66.98,362.30,62.29,98.13,85.34,0.9383,10.7000,124.2300,0.0000,0.0000,0.8586,0,124.2300,485.4420,513.6320,0.0932,487.8448,0.9148,PHASE_4_FWD_BWD,131.49,-3.65,452.8,138.1,118.06,0,0
7321,16:55:16.641,ROI,160,160,224,224,11.04,12.28,3.425,0.0,81.42,365.15,64.25,99.25,86.63,0.9028,11.3200,122.9100,0.0000,0.0000,0.8972,0,122.9100,484.6040,511.1933,0.1506,488.0842,0.8691,PHASE_4_FWD_BWD,131.49,-3.41,452.8,138.1,114.62,0,0
7322,16:55:16.689,ROI,160,160,224,224,9.63,10.47,0.0,37.375,95.49,364.66,64.93,98.01,85.12,0.9703,11.7300,124.2000,0.0000,0.0000,0.9067,0,124.2000,484.4100,509.9328,0.3512,491.0433,0.7401,PHASE_4_FWD_BWD,131.49,-0.45,452.8,138.1,114.55,0,0
7323,16:55:16.751,ROI,160,160,224,224,11.50,12.65,0.0,30.9,79.08,368.59,67.58,98.41,85.88,0.8697,12.0400,126.0200,0.0000,0.0000,0.7685,0,126.0200,484.7102,509.1713,0.6090,493.9688,0.6215,PHASE_4_FWD_BWD,131.49,2.48,452.8,138.1,109.84,0,0
7324,16:55:16.816,ROI,160,160,224,224,13.56,14.43,0.0,27.1,69.28,368.67,69.20,97.76,85.57,0.9566,11.4000,125.2600,0.0000,0.0000,0.8264,0,125.2600,484.8007,508.1420,0.8353,495.4242,0.5449,PHASE_4_FWD_BWD,131.49,3.93,452.8,138.1,108.74,0,0
7325,16:55:16.864,ROI,160,160,224,224,14.88,15.68,0.0,24.925,63.78,373.73,72.73,100.55,86.74,0.8350,10.8300,123.8200,0.0000,0.0000,0.7795,0,123.8200,484.5388,506.9095,1.1151,496.3328,0.4728,PHASE_4_FWD_BWD,131.49,4.84,452.8,138.1,102.60,0,0
7326,16:55:16.926,ROI,160,160,224,224,12.70,13.70,0.0,0.0,72.97,374.05,73.91,98.55,87.29,0.9543,9.4100,123.0500,0.0000,0.0000,0.7683,0,123.0500,484.0666,505.4710,1.3463,496.3484,0.4262,PHASE_4_FWD_BWD,131.49,4.86,452.8,138.1,101.60,0,0
7327,16:55:16.992,ROI,160,160,224,224,11.85,12.93,0.0,30.2,77.34,378.42,76.12,97.71,85.47,0.8708,10.2000,119.5400,0.0000,0.0000,0.7887,0,119.5400,483.0881,504.1441,1.6156,496.0939,0.3823,PHASE_4_FWD_BWD,131.49,4.60,452.8,138.1,96.82,0,0
7328,16:55:17.040,ROI,160,160,224,224,11.67,12.51,11.225,31.225,79.92,378.63,76.82,96.57,87.40,0.9668,9.0100,120.5900,0.0000,0.0000,0.7568,0,120.5900,482.4724,502.8580,1.8301,495.6550,0.3533,PHASE_4_FWD_BWD,131.49,4.16,452.8,138.1,96.21,0,0
7329,16:55:17.152,ROI,160,160,224,224,13.23,14.13,3.95,0.0,70.77,383.95,81.42,96.52,87.30,0.8101,11.1100,122.9400,0.0000,0.0000,0.8849,0,122.9400,482.5022,501.6105,2.1051,495.4566,0.3221,PHASE_4_FWD_BWD,131.49,3.97,452.8,138.1,89.18,0,0
7330,16:55:17.215,ROI,160,160,224,224,14.64,15.43,7.975,25.325,64.80,386.36,84.20,95.97,85.53,0.8933,11.0900,121.5000,0.0000,0.0000,0.9019,0,121.5000,482.0314,500.3407,2.3575,494.8874,0.2978,PHASE_4_FWD_BWD,131.49,3.40,452.8,138.1,85.56,0,0
7331,16:55:17.279,ROI,160,160,192,192,14.82,15.98,0.0,24.45,62.59,387.82,85.27,93.29,86.00,0.9459,12.3900,120.3300,0.0000,0.0000,0.8160,0,120.3300,481.3903,499.0968,2.5597,494.1226,0.2809,PHASE_4_FWD_BWD,131.49,2.63,452.8,138.1,83.74,0,0
7332,16:55:17.327,ROI,160,160,192,192,13.24,14.34,0.0,27.275,69.72,388.64,86.09,94.16,86.44,0.9644,12.4000,121.4400,0.0000,0.0000,0.8074,0,121.4400,481.0398,497.8800,2.6996,493.3281,0.2703,PHASE_4_FWD_BWD,131.49,1.84,452.8,138.1,82.59,0,0
7333,16:55:17.391,ROI,160,160,192,192,14.19,15.52,7.9,0.0,64.43,390.38,87.85,93.54,87.28,0.9261,14.0000,121.1400,0.0000,0.0000,0.8161,0,121.1400,480.6632,496.7556,2.8157,492.5382,0.2621,PHASE_4_FWD_BWD,131.49,1.05,452.8,138.1,80.13,0,0
7334,16:55:17.456,ROI,160,160,192,192,15.14,16.41,0.0,23.825,60.94,391.64,89.56,91.73,85.14,0.9355,13.0200,119.8900,0.0000,0.0000,0.8675,0,119.8900,479.9883,495.7597,2.8863,491.7015,0.2573,PHASE_4_FWD_BWD,131.49,0.21,452.8,138.1,78.08,0,0
7335,16:55:17.504,ROI,160,160,192,192,13.99,15.06,0.0,25.95,66.41,395.18,91.76,95.41,85.55,0.8820,12.9100,119.8200,0.0000,0.0000,0.8921,0,119.8200,479.5697,495.0641,2.9590,491.1504,0.2526,PHASE_4_FWD_BWD,131.49,-0.34,452.8,138.1,73.94,0,0
7336,16:55:17.631,ROI,160,160,192,192,14.39,15.34,0.0,25.5,65.18,399.40,96.36,95.62,85.58,0.8255,9.6100,120.5100,0.0000,0.0000,0.8010,0,120.5100,479.5225,494.9241,3.0484,491.1198,0.2470,PHASE_4_FWD_BWD,131.49,-0.37,452.8,138.1,67.77,0,0
7337,16:55:17.679,ROI,160,160,192,192,15.91,16.82,11.8,23.225,59.45,402.28,98.52,96.68,86.95,0.8972,9.4800,120.5500,0.0000,0.0000,0.7748,0,120.5500,479.6226,495.5531,3.1245,491.6907,0.2425,PHASE_4_FWD_BWD,131.49,0.20,452.8,138.1,64.18,0,0
7338,16:55:17.743,ROI,160,160,224,224,13.17,14.24,0.0,27.45,70.20,405.08,100.87,96.71,86.97,0.8953,10.4200,126.3200,0.0000,0.0000,0.9022,0,126.3200,480.7241,498.2329,3.1910,494.0552,0.2386,PHASE_4_FWD_BWD,131.49,2.57,452.8,138.1,60.52,0,0
7339,16:55:17.793,ROI,160,160,224,224,12.27,13.37,0.0,0.0,74.79,405.88,102.59,97.62,86.67,0.9457,9.4500,125.9600,0.0000,0.0000,0.8383,0,125.9600,481.5685,497.4016,3.2366,493.6644,0.2360,PHASE_4_FWD_BWD,131.49,2.17,452.8,138.1,58.84,0,0
7340,16:55:17.855,ROI,160,160,224,224,10.40,11.33,0.0,0.0,88.28,409.44,105.34,98.13,87.58,0.8750,10.0400,126.4500,0.0000,0.0000,0.8906,0,126.4500,482.6031,497.1008,3.2473,493.6874,0.2354,PHASE_4_FWD_BWD,131.49,2.20,452.8,138.1,54.35,0,0
7341,16:55:17.918,ROI,160,160,224,224,13.55,14.48,7.525,0.0,69.08,410.93,107.38,95.70,88.02,0.9262,10.5400,128.2700,0.0000,0.0000,0.8742,0,128.2700,484.1729,497.1436,3.2689,494.1052,0.2343,PHASE_4_FWD_BWD,131.49,2.62,452.8,138.1,51.93,0,0
7342,16:55:17.966,ROI,160,160,192,192,14.47,15.29,11.75,0.0,65.41,412.27,106.75,92.56,83.12,0.9133,9.6100,127.2800,0.0000,0.0000,0.7755,0,127.2800,485.4162,497.1820,3.2031,494.3827,0.2379,PHASE_4_FWD_BWD,131.49,2.89,452.8,138.1,51.24,0,0
7343,16:55:18.095,ROI,160,160,192,192,13.82,14.91,0.0,26.2,67.05,414.83,110.49,92.12,84.16,0.8670,12.1500,128.3500,0.0000,0.0000,0.7888,0,128.3500,486.6830,497.1642,3.2159,494.6781,0.2372,PHASE_4_FWD_BWD,131.49,3.19,452.8,138.1,46.95,0,0
7344,16:55:18.142,ROI,160,160,192,192,10.13,11.19,12.05,0.0,89.37,417.22,112.08,93.46,85.27,0.9157,11.1300,127.2000,0.0000,0.0000,0.7409,0,127.2000,487.5495,497.0372,3.1834,494.7692,0.2390,PHASE_4_FWD_BWD,131.49,3.28,452.8,138.1,44.08,0,0
7345,16:55:18.206,ROI,160,160,192,192,11.03,12.21,0.0,0.0,81.88,418.38,113.08,91.34,83.04,0.9496,12.9300,129.5800,0.0000,0.0000,0.7655,0,129.5800,488.4402,497.0225,3.1514,494.9552,0.2409,PHASE_4_FWD_BWD,131.49,3.47,452.8,138.1,42.55,0,0
7346,16:55:18.270,ROI,160,160,192,192,12.90,13.77,0.0,28.4,72.64,421.70,114.98,92.80,85.34,0.8906,10.6500,127.4400,0.0000,0.0000,0.6854,0,127.4400,488.8335,497.1187,3.0849,495.0905,0.2448,PHASE_4_FWD_BWD,131.49,3.60,452.8,138.1,38.76,0,0
7347,16:55:18.319,ROI,160,160,192,192,12.32,13.15,0.0,29.725,76.07,422.94,116.50,91.31,83.09,0.9391,12.4900,130.5600,0.0000,0.0000,0.7712,0,130.5600,490.0063,497.3143,3.0717,495.5195,0.2456,PHASE_4_FWD_BWD,131.49,4.03,452.8,138.1,36.85,0,0
7348,16:55:18.382,ROI,160,160,192,192,14.34,15.15,0.0,0.0,66.01,425.53,119.50,92.59,82.67,0.8808,11.6000,129.1900,0.0000,0.0000,0.7892,0,129.1900,490.6050,497.4963,3.0908,495.8117,0.2445,PHASE_4_FWD_BWD,131.49,4.32,452.8,138.1,33.01,0,0
7349,16:55:18.431,ROI,160,160,192,192,15.87,16.75,11.675,23.325,59.69,426.12,120.85,91.73,81.42,0.9556,11.6600,130.7800,0.0000,0.0000,0.7343,0,130.7800,491.2643,497.6480,3.0599,496.0756,0.2463,PHASE_4_FWD_BWD,131.49,4.59,452.8,138.1,31.78,0,0
7350,16:55:18.560,ROI,160,160,192,192,11.84,12.70,0.0,0.0,78.72,429.95,123.02,92.95,81.74,0.8743,10.2500,128.8900,0.0000,0.0000,0.7033,0,128.8900,491.4767,497.8275,3.0194,496.2474,0.2488,PHASE_4_FWD_BWD,131.49,4.76,452.8,138.1,27.38,0,0
7351,16:55:18.609,ROI,160,160,192,192,18.05,19.19,10.95,0.0,52.11,431.95,124.06,93.41,83.77,0.9347,9.9500,130.3100,0.0000,0.0000,0.6398,0,130.3100,491.8157,498.0686,2.9512,496.4860,0.2531,PHASE_4_FWD_BWD,131.49,5.00,452.8,138.1,25.14,0,0
7352,16:55:18.671,ROI,160,160,192,192,19.21,20.48,0.0,0.0,48.82,434.54,125.63,94.30,84.28,0.9124,9.6000,128.0800,0.0000,0.0000,0.6773,0,128.0800,491.3985,498.3352,2.8624,496.5393,0.2589,PHASE_4_FWD_BWD,131.49,5.05,452.8,138.1,22.11,0,0
7353,16:55:18.736,ROI,160,160,192,192,13.11,13.95,8.775,0.0,71.69,434.74,127.16,95.46,83.76,0.9528,9.9000,128.0200,0.0000,0.0000,0.6698,0,128.0200,490.8175,498.6387,2.7590,496.5581,0.2660,PHASE_4_FWD_BWD,131.49,5.07,452.8,138.1,21.11,0,0
7354,16:55:18.783,ROI,160,160,192,192,20.54,22.32,0.0,17.5,44.81,438.88,129.00,97.22,84.94,0.8798,11.1200,129.5700,0.0000,0.0000,0.6900,0,129.5700,490.4867,498.9906,2.7440,496.7192,0.2671,PHASE_4_FWD_BWD,131.49,5.23,452.8,138.1,16.63,0,0
7355,16:55:18.846,ROI,160,160,224,224,12.24,13.07,0.0,0.0,76.48,438.71,130.34,98.43,85.72,0.9573,8.4000,128.6900,0.0000,0.0000,0.8481,0,128.6900,489.8212,499.3126,2.7066,496.7519,0.2698,PHASE_4_FWD_BWD,131.49,5.26,452.8,138.1,16.08,0,0
7356,16:55:18.959,ROI,160,160,224,224,12.00,13.18,0.0,29.65,75.89,443.46,133.09,98.24,86.49,0.8542,10.6400,127.5600,0.0000,0.0000,0.6917,0,127.5600,489.4227,499.7114,2.7359,496.9574,0.2677,PHASE_4_FWD_BWD,131.49,5.47,452.8,138.1,10.60,0,0
7357,16:55:19.024,ROI,160,160,224,224,12.26,13.44,0.0,29.1,74.39,443.87,135.49,103.80,87.68,0.8967,10.0700,130.3100,0.0000,0.0000,0.6989,0,130.3100,489.5253,499.9847,2.7280,497.1791,0.2682,PHASE_4_FWD_BWD,131.49,5.69,452.8,138.1,9.30,0,0
7358,16:55:19.071,ROI,160,160,224,224,11.35,12.39,11.725,31.55,80.73,445.38,135.76,103.45,88.17,0.9655,9.6200,129.5500,0.0000,0.0000,0.5797,0,129.5500,489.4505,500.2039,2.7277,497.3192,0.2683,PHASE_4_FWD_BWD,131.49,5.83,452.8,138.1,7.78,0,0
7359,16:55:19.134,ROI,160,160,224,224,13.38,14.17,0.0,0.0,70.56,447.80,137.42,100.81,87.74,0.9190,9.9000,128.1900,0.0000,0.0000,0.6642,0,128.1900,489.2452,500.3464,2.7298,497.3700,0.2681,PHASE_4_FWD_BWD,131.49,5.88,452.8,138.1,5.05,0,0
7360,16:55:19.198,ROI,160,160,224,224,12.92,13.74,0.0,28.475,72.79,447.57,138.86,102.28,85.62,0.9538,9.9700,132.4400,0.0000,0.0000,0.5987,0,132.4400,489.8012,500.4315,2.6590,497.5262,0.2733,PHASE_4_FWD_BWD,131.49,6.04,452.8,138.1,5.28,0,0
7361,16:55:19.247,ROI,160,160,224,224,13.81,14.80,11.175,0.0,67.58,448.78,139.76,102.58,85.79,0.9566,9.4000,132.4100,0.0000,0.0000,0.5926,0,132.4100,490.3794,500.3650,2.6019,497.5927,0.2776,PHASE_4_FWD_BWD,131.49,6.10,452.8,138.1,4.35,0,0
7362,16:55:19.376,ROI,160,160,224,224,14.77,15.60,0.0,0.0,64.09,451.28,142.22,100.97,86.60,0.9006,6.2900,127.6600,0.0000,0.0000,0.5512,0,127.6600,489.7863,500.1533,2.5696,497.2491,0.2801,PHASE_4_FWD_BWD,131.49,5.76,452.8,138.1,4.39,0,0
7363,16:55:19.424,ROI,160,160,224,224,10.39,11.38,0.0,0.0,87.86,452.68,142.03,99.22,86.91,0.9681,7.1100,129.6600,0.0000,0.0000,0.6329,0,129.6600,489.8590,499.9380,2.4900,497.0500,0.2865,PHASE_4_FWD_BWD,131.49,5.56,452.8,138.1,3.93,0,0
7364,16:55:19.486,ROI,160,160,224,224,15.57,16.70,0.0,0.0,59.89,453.22,142.25,99.44,88.07,0.9762,7.4600,129.9000,0.0000,0.0000,0.6801,0,129.9000,489.7416,499.8202,2.4009,496.8567,0.2940,PHASE_4_FWD_BWD,131.49,5.37,452.8,138.1,4.17,0,0
7365,16:55:19.551,ROI,160,160,224,224,11.71,12.65,0.0,0.0,79.05,454.83,144.53,95.91,86.55,0.9159,5.4300,128.8200,0.0000,0.0000,0.7099,0,128.8200,489.7067,499.7082,2.3114,496.6880,0.3020,PHASE_4_FWD_BWD,131.49,5.20,452.8,138.1,6.75,0,0
7366,16:55:19.598,ROI,160,160,192,192,16.59,17.44,0.0,0.0,57.34,452.45,138.95,102.94,99.59,0.8098,5.9700,126.8300,0.0000,0.0000,0.6365,0,126.8300,489.1428,499.7713,2.1159,496.3602,0.3209,COMPLETED,131.49,4.87,452.8,138.1,0.92,0,0
7367,16:55:19.662,ROI,160,160,224,224,14.68,15.54,0.0,0.0,64.36,454.31,144.15,100.44,87.40,0.8467,7.4500,130.4900,0.0000,0.0000,0.6177,0,130.4900,489.5461,499.6138,1.9616,496.2144,0.3377,POST_PH4_SPIN,131.49,4.72,452.8,138.1,0.00,0,0
7368,16:55:19.712,ROI,160,160,224,224,11.30,12.31,11.375,31.75,81.21,454.08,143.85,99.85,87.72,0.9874,3.6900,128.2500,0.0000,0.0000,0.5544,0,128.2500,489.2860,499.3625,1.8105,495.7772,0.3558,POST_PH4_SPIN,131.49,4.29,452.8,138.1,0.00,0,0
7369,16:55:19.840,ROI,160,160,224,224,16.40,17.51,0.0,22.325,57.12,455.93,145.59,96.95,86.28,0.9257,5.5300,129.3500,0.0000,0.0000,0.6822,0,129.3500,489.4200,499.0881,1.6812,495.4822,0.3730,POST_PH4_SPIN,131.49,3.99,452.8,138.1,0.00,0,0
7370,16:55:19.889,ROI,160,160,224,224,16.75,17.79,0.0,21.95,56.20,454.23,144.72,99.76,86.93,0.9470,5.3200,128.5000,0.0000,0.0000,0.6026,0,128.5000,489.1491,498.8136,1.5113,494.9653,0.3982,POST_PH4_SPIN,131.49,3.48,452.8,138.1,0.00,0,0
7371,16:55:19.952,ROI,160,160,224,224,12.19,13.07,0.0,0.0,76.54,455.19,144.31,99.40,88.49,0.9637,3.8700,128.1900,0.0000,0.0000,0.5593,0,128.1900,488.8008,498.5177,1.3157,494.3215,0.4318,POST_PH4_SPIN,131.49,2.83,452.8,138.1,0.00,0,0
7372,16:55:20.016,ROI,160,160,224,224,15.01,15.96,0.0,0.0,62.64,453.26,144.59,102.26,87.08,0.9476,3.9900,127.5200,0.0000,0.0000,0.5676,0,127.5200,488.4845,498.2074,1.1277,493.6378,0.4700,POST_PH4_SPIN,131.49,2.15,452.8,138.1,0.00,0,0
7373,16:55:20.063,ROI,160,160,224,224,14.86,15.73,0.0,0.0,63.59,454.32,144.35,100.37,89.85,0.9498,4.2200,128.1700,0.0000,0.0000,0.5247,0,128.1700,488.2395,497.7917,0.9223,492.8226,0.5202,POST_PH4_RE_RFB,131.49,1.33,452.8,138.1,0.00,0,0
7374,16:55:20.128,ROI,160,160,224,224,13.40,14.38,0.0,0.0,69.52,455.02,144.50,99.34,88.23,0.9682,3.5400,127.4300,0.0000,0.0000,0.5661,0,127.4300,487.7265,497.7062,0.7896,492.1297,0.5588,POST_PH4_RE_RFB,131.49,0.64,452.8,138.1,0.00,0,0
7375,16:55:20.191,ROI,160,160,224,224,10.00,11.33,0.0,0.0,88.25,453.26,144.25,102.33,88.27,0.9603,3.3800,127.1300,0.0000,0.0000,0.5167,0,127.1300,487.4601,497.1007,0.6357,491.2068,0.6114,POST_PH4_RE_RFB,131.49,-0.28,452.8,138.1,0.00,0,0
7376,16:55:20.241,ROI,160,160,224,224,14.67,15.91,0.0,24.55,62.84,454.30,144.48,99.65,90.17,0.9538,4.0400,127.2100,0.0000,0.0000,0.5271,0,127.2100,487.1813,496.3730,0.4966,490.2315,0.6682,POST_PH4_RE_RFB,131.49,-1.26,452.8,138.1,0.00,0,0
7377,16:55:20.351,ROI,160,160,224,224,12.27,13.35,0.0,0.0,74.88,454.83,144.29,98.50,88.75,0.9728,3.0500,126.3800,0.0000,0.0000,0.5014,0,126.3800,486.6226,495.9753,0.3927,489.2598,0.7180,POST_PH4_RE_RFB,131.49,-2.23,452.8,138.1,0.00,0,0
7378,16:55:20.415,ROI,160,160,224,224,13.08,14.01,7.825,27.9,71.39,453.62,143.94,99.81,90.52,0.9569,2.0400,126.1900,0.0000,0.0000,0.3616,0,126.1900,486.5289,494.6216,0.2668,488.2335,0.7894,POST_PH4_RE_RFB,131.49,-3.26,452.8,138.1,0.00,0,0
7379,16:55:20.479,ROI,160,160,224,224,11.67,12.63,0.0,30.925,79.17,454.44,143.70,98.03,89.89,0.9753,3.7400,128.4100,0.0000,0.0000,0.5707,0,128.4100,486.9960,492.1630,0.1621,487.7168,0.8605,POST_PH4_RE_RFB,131.49,-3.77,452.8,138.1,0.00,0,0
7380,16:55:20.527,ROI,160,160,224,224,9.54,10.63,11.125,0.0,94.06,453.19,144.25,101.19,87.98,0.9487,2.6000,128.1600,0.0000,0.0000,0.4876,0,128.1600,486.9543,485.4617,0.1166,486.7985,0.8956,POST_PH4_RE_RFB,131.49,-4.69,452.8,138.1,0.00,0,0
7381,16:55:20.592,ROI,160,160,224,224,10.54,11.70,0.0,0.0,85.44,451.24,142.28,99.71,90.12,0.9212,4.2200,127.6500,0.0000,0.0000,0.5363,0,127.6500,487.0217,467.6258,0.0723,485.7146,0.9326,POST_PH4_RE_RFB,131.49,-5.78,452.8,138.1,0.00,0,0
7382,16:55:20.656,ROI,160,160,224,224,11.37,12.46,7.5,0.0,80.27,451.95,142.11,99.85,87.08,0.9528,6.4500,128.9000,0.0000,0.0000,0.6488,0,128.9000,487.4068,477.8931,0.1018,486.5276,0.9076,POST_PH4_RE_RFB,131.49,-4.96,452.8,138.1,0.00,0,0
7383,16:55:20.704,ROI,160,160,224,224,11.88,12.73,0.0,30.7,78.55,450.47,140.00,101.35,88.24,0.9257,8.2500,129.9200,0.0000,0.0000,0.6658,0,129.9200,487.8983,483.8167,0.1570,487.3446,0.8643,POST_PH4_RE_RFB,131.49,-4.15,452.8,138.1,0.00,0,0
7384,16:55:20.832,ROI,160,160,224,224,16.86,17.67,0.0,44.275,56.59,447.91,137.74,101.50,89.24,0.9048,8.3100,129.2800,0.0000,0.0000,0.6852,0,129.2800,488.0184,485.4524,0.3711,487.3239,0.7294,POST_PH4_RE_RFB,131.49,-4.17,452.8,138.1,0.00,0,0
7385,16:55:20.879,ROI,160,160,224,224,14.76,15.62,0.0,25.025,64.03,447.43,137.27,100.80,88.24,0.9795,7.7600,129.7000,0.0000,0.0000,0.7030,0,129.7000,488.5881,486.8297,0.5014,488.0009,0.6660,POST_PH4_RE_RFB,131.49,-3.49,452.8,138.1,0.00,0,0
7386,16:55:20.944,ROI,160,160,224,224,14.69,15.48,0.0,25.25,64.61,445.31,135.07,100.91,88.45,0.9130,8.8400,130.2100,0.0000,0.0000,0.6875,0,130.2100,489.0271,488.0622,0.6727,488.6391,0.5978,POST_PH4_RE_RFB,131.49,-2.85,452.8,138.1,0.00,0,0
7387,16:55:20.993,ROI,160,160,224,224,16.13,17.20,0.0,45.45,58.15,444.41,134.33,100.38,90.34,0.9621,8.0300,128.9200,0.0000,0.0000,0.6509,0,128.9200,489.2900,489.2383,0.7890,489.2672,0.5590,POST_PH4_RE_RFB,131.49,-2.22,452.8,138.1,0.00,0,0
7388,16:55:21.055,ROI,160,160,224,224,16.46,17.68,0.0,22.1,56.56,442.78,132.81,97.71,88.17,0.9355,9.2700,130.0400,0.0000,0.0000,0.7462,0,130.0400,489.6952,490.5624,0.9465,490.1169,0.5137,POST_PH4_RE_RFB,131.49,-1.37,452.8,138.1,0.00,0,0
7389,16:55:21.119,ROI,160,160,224,224,14.74,15.86,8.35,24.625,63.06,441.26,131.34,98.87,88.47,0.9382,8.6800,128.5000,0.0000,0.0000,0.7910,0,128.5000,489.7237,491.7991,1.0998,490.8107,0.4762,POST_PH4_RE_RFB,131.49,-0.68,452.8,138.1,0.00,0,0
7390,16:55:21.167,ROI,160,160,224,224,14.53,15.49,12.25,0.0,64.55,439.38,130.94,98.14,86.69,0.9434,9.9700,129.1500,0.0000,0.0000,0.8231,0,129.1500,489.8054,493.4129,1.2645,491.8199,0.4416,POST_PH4_RE_RFB,131.49,0.33,452.8,138.1,0.00,0,0
7391,16:55:21.296,ROI,160,160,224,224,14.12,14.92,3.45,0.0,67.03,436.38,128.61,95.26,84.18,0.8911,9.0100,129.8800,0.0000,0.0000,0.7866,0,129.8800,490.0802,495.1632,1.4444,493.0837,0.4091,POST_PH4_RE_RFB,131.49,1.59,452.8,138.1,0.00,0,0
7392,16:55:21.344,ROI,160,160,192,192,13.15,14.02,23.1,0.0,71.35,434.52,124.93,96.29,85.52,0.8832,11.6300,130.7000,0.0000,0.0000,0.6964,0,130.7000,490.4105,496.9409,1.6314,494.4591,0.3800,POST_PH4_RE_RFB,131.49,2.97,452.8,138.1,0.00,0,0
7393,16:55:21.406,ROI,160,160,224,224,10.90,12.04,8.125,0.0,83.04,432.98,124.24,93.66,85.48,0.9527,11.4700,127.5800,0.0000,0.0000,0.8688,0,127.5800,490.0116,498.5873,1.8161,495.5420,0.3551,POST_PH4_RE_RFB,131.49,4.05,452.8,138.1,0.00,0,0
7394,16:55:21.457,ROI,160,160,192,192,13.40,14.58,10.225,0.0,68.57,430.40,122.19,94.54,84.95,0.9034,9.6800,127.3500,0.0000,0.0000,0.7112,0,127.3500,489.5665,500.1714,1.9819,496.6150,0.3354,POST_PH4_RE_RFB,131.49,5.12,452.8,138.1,0.00,0,0
7395,16:55:21.519,ROI,160,160,192,192,13.76,14.63,0.0,0.0,68.37,429.95,122.10,92.34,82.80,0.9521,9.9400,130.0400,0.0000,0.0000,0.6389,0,130.0400,489.5774,501.8744,2.0820,497.8845,0.3245,POST_PH4_RE_RFB,131.49,6.39,452.8,138.1,0.00,0,0
7396,16:55:21.583,ROI,160,160,192,192,11.67,12.50,0.0,31.275,80.03,427.44,119.47,90.42,82.57,0.8896,10.1600,127.2000,0.0000,0.0000,0.6770,0,127.2000,488.9217,503.0550,2.1991,498.6371,0.3126,POST_PH4_RE_RFB,131.49,7.15,452.8,138.1,0.00,0,0
7397,16:55:21.632,ROI,160,160,192,192,11.99,12.79,0.0,30.575,78.16,425.50,117.50,90.50,84.46,0.9148,10.4000,127.4900,0.0000,0.0000,0.7688,0,127.4900,488.5543,503.4291,2.2820,498.8969,0.3047,POST_PH4_RE_RFB,131.49,7.41,452.8,138.1,0.00,0,0
7398,16:55:21.760,ROI,160,160,192,192,12.73,13.71,0.0,28.5,72.96,422.47,114.84,88.07,81.37,0.8776,10.3900,129.3500,0.0000,0.0000,0.6394,0,129.3500,488.5559,501.2666,2.3660,497.4904,0.2971,POST_PH4_RE_RFB,131.49,6.00,452.8,138.1,0.00,0,0
7399,16:55:21.808,ROI,160,160,192,192,10.60,11.52,0.0,34.0,86.84,420.27,114.02,91.72,84.41,0.9182,10.9700,128.9300,0.0000,0.0000,0.7004,0,128.9300,488.3940,492.2711,2.4549,491.1489,0.2894,POST_PH4_RE_RFB,131.49,-0.34,452.8,138.1,0.00,0,0
7400,16:55:21.870,ROI,160,160,192,192,12.18,13.03,0.0,0.0,76.76,417.35,111.95,88.68,84.71,0.8937,10.7800,126.5900,0.0000,0.0000,0.7728,0,126.5900,487.8696,496.1234,2.5119,493.7732,0.2847,POST_PH4_RE_RFB,131.49,2.28,452.8,138.1,0.00,0,0
7401,16:55:21.935,ROI,160,160,192,192,10.63,11.47,7.5,0.0,87.19,416.10,110.29,89.98,85.24,0.9357,9.7300,127.6600,0.0000,0.0000,0.7849,0,127.6600,487.7181,498.6186,2.5590,495.5558,0.2810,POST_PH4_RE_RFB,131.49,4.07,452.8,138.1,0.00,0,0
7402,16:55:21.983,ROI,160,160,192,192,12.97,13.81,10.925,28.275,72.41,414.06,108.45,90.01,84.05,0.9158,9.2500,125.1900,0.0000,0.0000,0.7490,0,125.1900,487.0296,499.2238,2.6275,495.8621,0.2757,POST_PH4_RE_RFB,131.49,4.37,452.8,138.1,0.00,0,0
7403,16:55:22.047,ROI,160,160,192,192,11.86,12.77,0.0,0.0,78.30,414.28,107.65,92.06,83.34,0.9595,10.6800,125.6200,0.0000,0.0000,0.7668,0,125.6200,486.5475,499.6198,2.6230,496.0116,0.2760,POST_PH4_RE_RFB,131.49,4.52,452.8,138.1,0.00,0,0
7404,16:55:22.159,ROI,160,160,192,192,9.76,10.99,0.0,35.55,91.02,410.74,104.14,91.91,84.30,0.8540,7.5800,124.0500,0.0000,0.0000,0.7634,0,124.0500,485.8723,499.7832,2.6738,495.9967,0.2722,POST_PH4_RE_RFB,131.49,4.51,452.8,138.1,0.00,0,0
7405,16:55:22.224,ROI,160,160,192,192,13.36,14.56,0.0,0.0,68.69,407.46,101.22,90.50,82.92,0.8695,7.8000,124.4500,0.0000,0.0000,0.7895,0,124.4500,485.2437,499.7455,2.7288,495.8564,0.2682,POST_PH4_RE_RFB,131.49,4.37,452.8,138.1,0.00,0,0
7406,16:55:22.272,ROI,160,160,192,192,14.20,15.56,11.45,25.1,64.27,404.64,98.80,93.76,85.86,0.8893,6.7200,120.2700,0.0000,0.0000,0.7381,0,120.2700,483.9624,499.6147,2.7903,495.4851,0.2638,POST_PH4_RE_RFB,131.49,4.00,452.8,138.1,0.00,0,0
7407,16:55:22.336,ROI,160,160,192,192,10.34,11.21,8.1,34.85,89.19,403.70,97.15,97.49,89.47,0.9229,8.6500,118.5400,0.0000,0.0000,0.7729,0,118.5400,482.3273,499.2381,2.8195,494.8106,0.2618,POST_PH4_RE_RFB,131.49,3.32,452.8,138.1,0.00,0,0
7408,16:55:22.398,ROI,160,160,224,224,14.68,15.71,0.0,24.9,63.66,402.82,95.72,96.82,86.63,0.9508,9.6500,127.6000,0.0000,0.0000,0.7998,0,127.6000,482.7936,498.9185,2.8049,494.6806,0.2628,POST_PH4_RE_RFB,131.49,3.19,452.8,138.1,0.00,0,0
7409,16:55:22.447,ROI,160,160,224,224,14.67,15.64,0.0,25.0,63.95,400.59,93.42,95.91,86.14,0.9063,12.2900,125.4100,0.0000,0.0000,0.8434,0,125.4100,482.9199,498.6241,2.8159,494.5087,0.2621,POST_PH4_RE_RFB,131.49,3.02,452.8,138.1,0.00,0,0
7410,16:55:22.574,ROI,160,160,192,192,12.25,13.37,0.0,0.0,74.78,396.64,89.86,91.25,84.00,0.8474,10.5900,120.9400,0.0000,0.0000,0.8359,0,120.9400,482.3008,498.1247,2.8927,494.0597,0.2569,POST_PH4_RE_RFB,131.49,2.57,452.8,138.1,0.00,0,0
7411,16:55:22.624,ROI,160,160,192,192,9.10,9.91,0.0,0.0,100.96,391.42,87.12,90.95,83.33,0.8379,11.0300,122.1300,0.0000,0.0000,0.7876,0,122.1300,481.7499,497.6979,2.9940,493.7048,0.2504,POST_PH4_RE_RFB,131.49,2.21,452.8,138.1,0.00,0,0
7412,16:55:22.687,ROI,160,160,192,192,11.74,12.59,0.0,0.0,79.44,391.79,86.51,89.60,84.14,0.9711,13.6400,120.5900,0.0000,0.0000,0.8109,0,120.5900,480.9538,497.2857,3.0471,493.2502,0.2471,POST_PH4_RE_RFB,131.49,1.76,452.8,138.1,0.00,0,0
7413,16:55:22.752,ROI,160,160,192,192,10.62,11.46,7.35,34.125,87.27,388.14,83.22,92.45,84.32,0.8560,10.6900,118.6200,0.0000,0.0000,0.7360,0,118.6200,480.1720,496.8960,3.0856,492.8026,0.2448,POST_PH4_RE_RFB,131.49,1.31,452.8,138.1,0.00,0,0
7414,16:55:22.800,ROI,160,160,192,192,11.90,12.65,0.0,0.0,79.08,388.07,82.69,92.47,85.43,0.9855,10.9100,121.8600,0.0000,0.0000,0.7891,0,121.8600,479.9381,496.5066,3.0847,492.4504,0.2448,POST_PH4_RE_RFB,131.49,0.96,452.8,138.1,0.00,0,0
7415,16:55:22.862,ROI,160,160,192,192,11.19,12.03,0.0,0.0,83.16,385.65,80.40,93.06,85.70,0.9007,9.3500,119.6800,0.0000,0.0000,0.7354,0,119.6800,479.3840,496.0681,3.0855,491.9843,0.2448,POST_PH4_RE_RFB,131.49,0.49,452.8,138.1,0.00,0,0
7416,16:55:22.926,ROI,160,160,192,192,10.13,11.27,0.0,0.0,88.74,385.11,79.21,91.34,84.49,0.9547,11.3500,119.3300,0.0000,0.0000,0.7524,0,119.3300,479.1019,495.6264,3.0742,491.5705,0.2454,POST_PH4_RE_RFB,131.49,0.08,452.8,138.1,0.00,0,0
7417,16:55:22.975,ROI,160,160,192,192,10.55,11.62,0.0,33.6,86.07,381.93,76.21,89.70,83.76,0.8699,6.9300,118.3500,0.0000,0.0000,0.6009,0,118.3500,478.7483,495.3022,3.0751,491.2400,0.2454,POST_PH4_RE_RFB,131.49,-0.25,452.8,138.1,0.00,0,0
7418,16:55:23.087,ROI,160,160,192,192,11.25,12.10,0.0,32.325,82.66,380.11,73.87,90.25,84.73,0.9095,5.8800,114.4600,0.0000,0.0000,0.6749,0,114.4600,477.5242,495.1117,3.0858,490.8072,0.2447,POST_PH4_RE_RFB,131.49,-0.68,452.8,138.1,0.00,0,0
7419,16:55:23.150,ROI,160,160,192,192,12.00,12.77,0.0,30.625,78.28,377.46,71.58,89.38,84.43,0.8942,7.4900,116.9500,0.0000,0.0000,0.6686,0,116.9500,477.1413,495.0144,3.0882,490.6426,0.2446,POST_PH4_RE_RFB,131.49,-0.85,452.8,138.1,0.00,0,0
7420,16:55:23.214,ROI,160,160,192,192,12.28,13.13,0.0,29.75,76.15,376.57,70.36,89.17,84.91,0.9526,9.1500,115.5000,0.0000,0.0000,0.7097,0,115.5000,476.3752,495.0042,3.0578,490.4133,0.2464,POST_PH4_RE_RFB,131.49,-1.08,452.8,138.1,0.00,0,0
7421,16:55:23.262,ROI,160,160,192,192,11.92,12.74,11.1,0.0,78.52,372.59,66.65,89.45,83.84,0.8408,8.7700,118.6300,0.0000,0.0000,0.6902,0,118.6300,476.4675,495.0111,3.0203,490.3986,0.2487,POST_PH4_RE_RFB,131.49,-1.09,452.8,138.1,0.00,0,0
7422,16:55:23.326,ROI,160,160,192,192,11.03,12.42,0.0,0.0,80.54,371.48,66.22,91.24,84.67,0.9658,8.1000,115.6900,0.0000,0.0000,0.7340,0,115.6900,475.9062,495.0420,2.9790,490.2328,0.2513,POST_PH4_RE_RFB,131.49,-1.26,452.8,138.1,0.00,0,0
7423,16:55:23.391,ROI,160,160,192,192,14.29,15.60,7.35,25.05,64.09,368.98,63.92,93.85,83.66,0.8986,8.3500,116.1800,0.0000,0.0000,0.7591,0,116.1800,475.6363,495.1146,2.9707,490.2091,0.2518,POST_PH4_RE_RFB,131.49,-1.28,452.8,138.1,0.00,0,0
7424,16:55:23.439,ROI,160,160,192,192,13.91,15.27,0.0,0.0,65.51,368.24,62.45,92.68,85.22,0.9507,12.4600,117.8000,0.0000,0.0000,0.8627,0,117.8000,475.3787,495.2043,2.9518,490.1875,0.2530,POST_PH4_RE_RFB,131.49,-1.30,452.8,138.1,0.00,0,0
7425,16:55:23.567,ROI,160,160,192,192,26.67,27.73,0.0,14.1,36.06,366.48,60.94,94.14,84.17,0.9298,10.4000,119.3000,0.0000,0.0000,0.8379,0,119.3000,475.2791,495.2523,2.9033,490.1353,0.2562,POST_PH4_RE_RFB,131.49,-1.35,452.8,138.1,0.00,0,0
7426,16:55:23.615,ROI,160,160,192,192,44.88,45.96,57.8,8.5,21.76,365.38,60.13,91.64,83.80,0.9552,9.9300,119.6100,0.0000,0.0000,0.8120,0,119.6100,476.2364,495.2543,2.8032,490.2538,0.2629,POST_PH4_RE_RFB,131.49,-1.24,452.8,138.1,0.00,0,0
7427,16:55:23.679,ROI,160,160,192,192,28.65,29.74,41.9,13.125,33.63,364.15,59.93,91.92,83.21,0.9669,10.4500,121.3300,0.0000,0.0000,0.8069,0,121.3300,477.4425,495.2574,2.6772,490.4127,0.2719,POST_PH4_RE_RFB,131.49,-1.08,452.8,138.1,0.00,0,0
7428,16:55:23.743,ROI,160,160,192,192,17.54,18.61,11.375,0.0,53.75,363.15,59.26,91.36,82.42,0.9628,10.9100,122.3400,0.0000,0.0000,0.8079,0,122.3400,478.4303,495.2283,2.5740,490.5282,0.2798,POST_PH4_RE_RFB,131.49,-0.96,452.8,138.1,0.00,0,0
7429,16:55:23.792,ROI,160,160,192,192,13.96,14.77,0.0,0.0,67.69,363.02,59.33,90.06,81.70,0.9772,11.1600,122.2700,0.0000,0.0000,0.8217,0,122.2700,479.5114,495.3940,2.4887,490.8414,0.2866,POST_PH4_RE_RFB,131.49,-0.65,452.8,138.1,0.00,0,0
7430,16:55:23.855,ROI,160,160,192,192,12.15,14.16,0.0,27.6,70.63,362.76,58.92,90.34,82.28,0.9843,10.8600,122.8600,0.0000,0.0000,0.8209,0,122.8600,480.5397,495.6618,2.3331,491.1249,0.3000,POST_PH4_RE_RFB,131.49,-0.37,452.8,138.1,0.00,0,0
7431,16:55:23.919,ROI,160,160,192,192,14.80,16.63,7.825,0.0,60.14,362.36,58.84,89.74,80.77,0.9730,11.6500,123.1300,0.0000,0.0000,0.8451,0,123.1300,481.3646,496.0801,2.1975,491.4780,0.3127,POST_PH4_RE_RFB,131.49,-0.01,452.8,138.1,0.00,0,0
7432,16:55:23.968,ROI,160,160,192,192,12.46,13.51,0.0,0.0,74.03,362.52,59.10,89.58,79.91,0.9859,11.6500,123.7700,0.0000,0.0000,0.8545,0,123.7700,482.6013,496.6164,1.9920,491.9322,0.3342,POST_PH4_RE_RFB,131.49,0.44,452.8,138.1,0.00,0,0
7433,16:55:24.079,ROI,160,160,192,192,14.63,15.71,0.0,24.875,63.63,361.99,58.57,89.76,79.91,0.9754,10.9500,124.8100,0.0000,0.0000,0.8490,0,124.8100,483.7751,497.2747,1.7936,492.4424,0.3580,POST_PH4_RE_RFB,131.49,0.95,452.8,138.1,0.00,0,0
7434,16:55:24.142,ROI,160,160,192,192,13.75,14.63,0.0,0.0,68.36,361.43,57.85,91.31,81.04,0.9656,12.2500,123.6400,0.0000,0.0000,0.8943,0,123.6400,484.5806,497.9831,1.5680,492.7641,0.3894,POST_PH4_RE_RFB,131.49,1.27,452.8,138.1,0.00,0,0
7435,16:55:24.207,ROI,160,160,192,192,10.63,12.18,0.0,32.1,82.08,361.42,57.84,91.32,80.96,0.9988,12.3300,123.4600,0.0000,0.0000,0.8963,0,123.4600,485.1648,498.7851,1.3628,493.0207,0.4232,POST_PH4_RE_RFB,131.49,1.53,452.8,138.1,0.00,0,0
7436,16:55:24.255,ROI,160,160,192,192,11.89,13.18,0.0,29.7,75.89,361.62,57.92,91.21,81.12,0.9935,12.3700,123.5600,0.0000,0.0000,0.8962,0,123.5600,485.2475,499.6189,1.1540,492.9471,0.4642,POST_PH4_RE_RFB,131.49,1.46,452.8,138.1,0.00,0,0
7437,16:55:24.318,ROI,160,160,192,192,11.78,12.64,0.0,30.925,79.12,361.82,58.09,91.92,81.58,0.9868,12.2600,123.0900,0.0000,0.0000,0.8846,0,123.0900,485.3511,500.5187,0.9593,492.7773,0.5104,POST_PH4_RE_RFB,131.49,1.29,452.8,138.1,0.00,0,0
7438,16:55:24.383,ROI,160,160,192,192,13.33,14.18,0.0,27.575,70.52,362.48,58.79,91.52,81.52,0.9691,12.2100,121.7700,0.0000,0.0000,0.8639,0,121.7700,484.9157,501.5026,0.7340,491.9370,0.5767,POST_PH4_RE_RFB,131.49,0.45,452.8,138.1,0.00,0,0
7439,16:55:24.432,ROI,160,160,192,192,14.61,15.43,22.475,25.325,64.79,362.78,59.16,90.61,81.41,0.9811,12.1600,121.1200,0.0000,0.0000,0.8588,0,121.1200,484.5850,502.5104,0.5692,491.0870,0.6373,POST_PH4_RE_RFB,131.49,-0.40,452.8,138.1,0.00,0,0
7440,16:55:24.560,ROI,160,160,192,192,13.00,14.12,3.45,0.0,70.82,364.66,60.00,90.60,82.96,0.9402,12.6100,120.9700,0.0000,0.0000,0.8442,0,120.9700,483.8532,503.6723,0.3662,489.1659,0.7319,POST_PH4_RE_RFB,131.49,-2.32,452.8,138.1,0.00,0,0
7441,16:55:24.609,ROI,160,160,192,192,15.76,16.79,0.0,23.275,59.57,364.96,60.77,94.04,83.23,0.9460,11.4000,119.7900,0.0000,0.0000,0.8116,0,119.7900,482.8418,505.6255,0.1992,486.6260,0.8339,POST_PH4_RE_RFB,131.49,-4.86,452.8,138.1,0.00,0,0
7442,16:55:24.673,ROI,160,160,192,192,14.04,15.08,0.0,0.0,66.30,366.62,62.27,92.82,82.31,0.9313,12.4800,118.2100,0.0000,0.0000,0.8143,0,118.2100,481.6236,519.9213,0.0245,482.5390,0.9761,POST_PH4_RE_RFB,131.49,-8.95,452.8,138.1,0.00,0,0
7443,16:55:24.735,ROI,160,160,192,192,14.88,16.10,8.25,0.0,62.12,367.51,62.48,92.89,83.51,0.9669,10.9400,117.3600,0.0000,0.0000,0.8133,0,117.3600,480.3909,518.0547,0.1523,485.3702,0.8678,POST_PH4_RE_RFB,131.49,-6.12,452.8,138.1,0.00,0,0
7444,16:55:24.783,ROI,160,160,192,192,13.82,14.67,0.0,0.0,68.17,368.67,64.90,93.04,84.00,0.9215,9.7900,116.1100,0.0000,0.0000,0.7675,0,116.1100,478.9708,516.2290,0.3249,488.1068,0.7548,POST_PH4_RE_RFB,131.49,-3.38,452.8,138.1,0.00,0,0
7445,16:55:24.847,ROI,160,160,192,192,12.68,13.52,0.0,28.925,73.98,370.50,65.83,93.30,86.22,0.9372,11.9700,117.2000,0.0000,0.0000,0.8424,0,117.2000,478.0264,514.3340,0.5000,490.1287,0.6667,POST_PH4_RE_RFB,131.49,-1.36,452.8,138.1,0.00,0,0
7446,16:55:24.960,ROI,160,160,192,192,13.25,14.10,0.0,0.0,70.90,376.06,70.46,89.42,84.50,0.7985,11.1100,115.4200,0.0000,0.0000,0.7867,0,115.4200,476.9023,512.3658,0.7608,492.2248,0.5679,POST_PH4_RE_RFB,131.49,0.73,452.8,138.1,0.00,0,0
7447,16:55:25.024,ROI,160,160,192,192,12.91,13.96,0.0,28.025,71.61,379.49,72.68,90.79,85.06,0.8809,12.0600,116.8700,0.0000,0.0000,0.7986,0,116.8700,476.1886,510.4898,1.0564,493.8098,0.4863,POST_PH4_RE_RFB,131.49,2.32,452.8,138.1,0.00,0,0
7448,16:55:25.073,ROI,160,160,192,192,9.76,10.67,11.425,36.675,93.74,380.60,73.96,91.81,86.15,0.9478,8.7400,115.7400,0.0000,0.0000,0.7303,0,115.7400,475.4039,508.6266,1.3284,494.3584,0.4295,POST_PH4_RE_RFB,131.49,2.87,452.8,138.1,0.00,0,0
7449,16:55:25.136,ROI,160,160,192,192,11.51,12.32,0.0,31.725,81.15,382.84,76.92,92.21,84.06,0.8897,10.8700,117.5100,0.0000,0.0000,0.7699,0,117.5100,475.1364,506.6698,1.6089,494.5831,0.3833,POST_PH4_RE_RFB,131.49,3.09,452.8,138.1,0.00,0,0
7450,16:55:25.198,ROI,160,160,192,192,14.49,15.47,7.725,0.0,64.66,384.45,78.96,91.46,83.66,0.9205,12.3800,118.4500,0.0000,0.0000,0.7987,0,118.4500,475.2311,504.6174,1.8836,494.4264,0.3468,POST_PH4_RE_RFB,131.49,2.94,452.8,138.1,0.00,0,0
7451,16:55:25.248,ROI,160,160,192,192,13.00,13.82,11.4,0.0,72.34,385.55,79.36,91.96,85.73,0.9530,12.0200,119.6600,0.0000,0.0000,0.7998,0,119.6600,475.7822,502.5967,2.1018,493.9518,0.3224,POST_PH4_RE_RFB,131.49,2.46,452.8,138.1,0.00,0,0
7452,16:55:25.376,ROI,160,160,192,192,11.50,12.49,0.0,0.0,80.07,388.02,82.88,94.22,86.02,0.8751,12.6700,119.0600,0.0000,0.0000,0.8367,0,119.0600,476.1709,500.5462,2.3113,493.1851,0.3020,POST_PH4_RE_RFB,131.49,1.70,452.8,138.1,0.00,0,0
7453,16:55:25.424,ROI,160,160,192,192,11.89,12.73,10.725,0.0,78.56,390.26,85.78,92.82,86.18,0.8928,14.2700,120.4400,0.0000,0.0000,0.8843,0,120.4400,476.9025,498.4758,2.5086,492.3270,0.2850,POST_PH4_RE_RFB,131.49,0.84,452.8,138.1,0.00,0,0
7454,16:55:25.487,ROI,160,160,192,192,10.31,11.45,0.0,34.125,87.31,391.76,86.47,90.02,84.52,0.9488,13.7100,120.7100,0.0000,0.0000,0.8616,0,120.7100,477.7533,496.4559,2.6549,491.3388,0.2736,POST_PH4_RE_RFB,131.49,-0.15,452.8,138.1,0.00,0,0
7455,16:55:25.551,ROI,160,160,192,192,13.64,14.41,0.0,0.0,69.40,394.56,88.91,92.71,84.24,0.8893,14.9400,120.1000,0.0000,0.0000,0.8598,0,120.1000,478.4771,494.5460,2.7858,490.3015,0.2641,POST_PH4_RE_RFB,131.49,-1.19,452.8,138.1,0.00,0,0
7456,16:55:25.600,ROI,160,160,192,192,16.71,17.68,11.2,22.1,56.56,395.37,89.77,91.75,83.68,0.9628,14.0800,121.4300,0.0000,0.0000,0.8668,0,121.4300,479.3789,492.7752,2.8633,489.3076,0.2588,POST_PH4_RE_RFB,131.49,-2.18,452.8,138.1,0.00,0,0
7457,16:55:25.662,ROI,160,160,192,192,12.13,12.97,0.0,30.125,77.12,398.67,92.02,95.14,85.46,0.8848,13.7000,120.0000,0.0000,0.0000,0.8951,0,120.0000,479.9218,491.1937,2.9261,488.3227,0.2547,POST_PH4_RE_RFB,131.49,-3.17,452.8,138.1,0.00,0,0
7458,16:55:25.728,ROI,160,160,192,192,12.94,13.89,7.475,28.175,71.99,400.32,93.85,96.47,88.28,0.9267,9.1400,119.9300,0.0000,0.0000,0.8071,0,119.9300,480.4533,489.9209,2.9696,487.5359,0.2519,POST_PH4_RE_RFB,131.49,-3.95,452.8,138.1,0.00,0,0
7459,16:55:25.776,ROI,160,160,224,224,11.87,12.88,11.25,30.375,77.65,403.04,96.66,95.94,85.46,0.8873,12.5900,125.9500,0.0000,0.0000,0.8644,0,125.9500,482.1042,489.2961,2.9948,487.4957,0.2503,POST_PH4_RE_RFB,131.49,-3.99,452.8,138.1,0.00,0,0
7460,16:55:25.904,ROI,160,160,192,192,17.56,18.69,3.4,0.0,53.51,407.51,102.36,95.36,87.23,0.8023,9.8600,121.2000,0.0000,0.0000,0.8868,0,121.2000,482.4991,495.6564,3.0818,492.4330,0.2450,POST_PH4_RE_RFB,131.49,0.94,452.8,138.1,0.00,0,0
7461,16:55:25.952,ROI,160,160,192,192,10.78,11.71,13.3,0.0,85.37,409.45,101.69,92.42,84.98,0.9350,8.2100,124.7100,0.0000,0.0000,0.8606,0,124.7100,483.4656,495.3693,3.0824,492.4534,0.2450,POST_PH4_RE_RFB,131.49,0.96,452.8,138.1,0.00,0,0
7462,16:55:26.016,ROI,160,160,192,192,12.04,12.86,0.0,0.0,77.73,411.57,104.12,94.14,86.36,0.9038,10.7800,123.7500,0.0000,0.0000,0.8393,0,123.7500,483.9678,495.1769,3.0701,492.4229,0.2457,POST_PH4_RE_RFB,131.49,0.93,452.8,138.1,0.00,0,0
7463,16:55:26.079,ROI,160,160,192,192,13.72,14.70,0.0,0.0,68.03,412.40,106.34,90.23,83.34,0.9099,11.0100,127.9400,0.0000,0.0000,0.7875,0,127.9400,485.3146,494.9922,3.0140,492.5813,0.2491,POST_PH4_RE_RFB,131.49,1.09,452.8,138.1,0.00,0,0
7464,16:55:26.128,ROI,160,160,192,192,17.22,18.35,0.0,0.0,54.50,413.78,107.31,90.12,84.24,0.9482,11.5100,128.2700,0.0000,0.0000,0.8435,0,128.2700,486.3428,494.8724,3.0083,492.7444,0.2495,POST_PH4_RE_RFB,131.49,1.25,452.8,138.1,0.00,0,0
7465,16:55:26.192,ROI,160,160,192,192,16.08,16.92,0.0,23.125,59.11,416.11,109.22,93.00,85.15,0.9092,11.3500,126.5000,0.0000,0.0000,0.7566,0,126.5000,486.9444,494.9403,3.0251,492.9538,0.2484,POST_PH4_RE_RFB,131.49,1.46,452.8,138.1,0.00,0,0
7466,16:55:26.241,ROI,160,160,192,192,13.15,14.05,0.0,27.825,71.19,416.62,110.90,91.45,84.49,0.9455,13.3000,127.1200,0.0000,0.0000,0.7687,0,127.1200,487.3784,495.1036,2.9950,493.1698,0.2503,POST_PH4_RE_RFB,131.49,1.68,452.8,138.1,0.00,0,0
7467,16:55:26.368,ROI,160,160,192,192,11.64,12.62,0.0,30.975,79.24,421.35,113.35,90.58,84.28,0.8527,11.0100,125.3700,0.0000,0.0000,0.7580,0,125.3700,487.4512,495.3593,3.0202,493.3921,0.2487,POST_PH4_RE_RFB,131.49,1.90,452.8,138.1,0.00,0,0
7468,16:55:26.416,ROI,160,160,192,192,15.38,16.21,0.0,0.0,61.69,424.56,116.08,89.46,83.11,0.8740,11.5500,128.2900,0.0000,0.0000,0.7906,0,128.2900,488.0882,495.6596,3.0603,493.7949,0.2463,POST_PH4_RE_RFB,131.49,2.30,452.8,138.1,0.00,0,0
7469,16:55:26.478,ROI,160,160,192,192,13.63,14.82,0.0,26.35,67.46,425.43,117.39,89.15,81.00,0.9503,12.4000,131.2000,0.0000,0.0000,0.7736,0,131.2000,489.2826,496.0405,3.0356,494.3659,0.2478,POST_PH4_RE_RFB,131.49,2.88,452.8,138.1,0.00,0,0
7470,16:55:26.542,ROI,160,160,192,192,12.14,12.97,0.0,30.15,77.07,427.51,120.34,90.18,80.20,0.8888,11.3100,129.1700,0.0000,0.0000,0.7996,0,129.1700,489.7925,496.3445,3.0418,494.7234,0.2474,POST_PH4_RE_RFB,131.49,3.23,452.8,138.1,0.00,0,0
7471,16:55:26.592,ROI,160,160,192,192,12.22,13.06,10.5,0.0,76.55,429.24,121.07,90.98,84.53,0.9137,10.8300,129.0000,0.0000,0.0000,0.7131,0,129.0000,490.2435,496.5526,3.0373,494.9899,0.2477,POST_PH4_RE_RFB,131.49,3.50,452.8,138.1,0.00,0,0
7472,16:55:26.655,ROI,160,160,192,192,10.06,10.84,7.925,0.0,92.23,430.45,122.72,91.45,81.78,0.9366,10.2500,130.3100,0.0000,0.0000,0.6534,0,130.3100,490.8424,496.7016,2.9905,495.2333,0.2506,POST_PH4_RE_RFB,131.49,3.74,452.8,138.1,0.00,0,0
7473,16:55:26.719,ROI,160,160,192,192,12.90,13.73,0.0,28.475,72.85,432.82,123.79,92.34,83.04,0.9259,10.2400,129.8800,0.0000,0.0000,0.6617,0,129.8800,491.1171,496.8663,2.9502,495.4109,0.2532,POST_PH4_RE_RFB,131.49,3.92,452.8,138.1,0.00,0,0
7474,16:55:26.767,ROI,160,160,192,192,14.80,15.52,0.0,25.2,64.45,433.57,125.21,94.31,83.27,0.9466,10.0500,128.3700,0.0000,0.0000,0.6896,0,128.3700,491.0590,496.9872,2.8527,495.4485,0.2596,POST_PH4_RE_RFB,131.49,3.96,452.8,138.1,0.00,0,0
7475,16:55:26.878,ROI,160,160,192,192,14.69,15.66,0.0,0.0,63.87,437.18,127.78,96.84,85.34,0.8740,10.1700,126.8200,0.0000,0.0000,0.7764,0,126.8200,490.4030,497.1734,2.8022,495.3928,0.2630,POST_PH4_RE_RFB,131.49,3.90,452.8,138.1,0.00,0,0
7476,16:55:26.942,ROI,160,160,224,224,12.79,13.61,0.0,0.0,73.46,439.39,129.30,98.97,86.93,0.9232,8.9400,126.5000,0.0000,0.0000,0.8355,0,126.5000,489.5540,497.4487,2.7382,495.3368,0.2675,POST_PH4_RE_RFB,131.49,3.85,452.8,138.1,0.00,0,0
7477,16:55:27.007,ROI,160,160,224,224,14.03,15.15,0.0,25.8,66.02,440.55,130.62,98.87,88.23,0.9480,8.1700,127.0900,0.0000,0.0000,0.8163,0,127.0900,489.3795,497.7525,2.6725,495.4726,0.2723,POST_PH4_RE_RFB,131.49,3.98,452.8,138.1,0.00,0,0
7478,16:55:27.056,ROI,160,160,224,224,12.97,14.18,0.0,27.55,70.50,443.00,132.41,98.41,88.61,0.9149,9.7200,128.6000,0.0000,0.0000,0.7734,0,128.6000,488.9662,497.9591,2.6952,495.5254,0.2706,POST_PH4_RE_RFB,131.49,4.04,452.8,138.1,0.00,0,0
7479,16:55:27.120,ROI,160,160,224,224,12.78,14.28,0.0,0.0,70.05,443.95,134.17,100.56,88.38,0.9408,7.3300,127.8700,0.0000,0.0000,0.7248,0,127.8700,488.6637,498.2395,2.6746,495.6335,0.2721,POST_PH4_RE_RFB,131.49,4.14,452.8,138.1,0.00,0,0
7480,16:55:27.182,ROI,160,160,224,224,11.76,12.47,8.225,31.325,80.16,445.30,135.20,102.56,89.18,0.9515,8.9300,127.1000,0.0000,0.0000,0.6254,0,127.1000,488.0415,498.5293,2.6488,495.6550,0.2741,POST_PH4_RE_RFB,131.49,4.16,452.8,138.1,0.00,0,0
7481,16:55:27.231,ROI,160,160,224,224,15.03,15.91,0.0,0.0,62.87,445.81,136.36,103.07,87.98,0.9647,9.3400,128.9700,0.0000,0.0000,0.6552,0,128.9700,488.2088,498.6724,2.5896,495.7574,0.2786,POST_PH4_RE_RFB,131.49,4.27,452.8,138.1,0.00,0,0
7482,16:55:27.359,ROI,160,160,224,224,11.38,12.28,0.0,0.0,81.40,449.14,138.21,102.86,87.19,0.8996,8.8400,126.9800,0.0000,0.0000,0.5813,0,126.9800,487.9874,498.7841,2.5357,495.7305,0.2828,POST_PH4_RE_RFB,131.49,4.24,452.8,138.1,0.00,0,0
7483,16:55:27.409,ROI,160,160,224,224,12.88,13.57,10.35,0.0,73.68,450.09,141.01,99.47,86.06,0.9073,6.4900,128.2900,0.0000,0.0000,0.7090,0,128.2900,487.8601,498.7927,2.4891,495.6593,0.2866,POST_PH4_RE_RFB,131.49,4.17,452.8,138.1,0.00,0,0
7484,16:55:27.471,ROI,160,160,224,224,9.82,10.62,0.0,36.825,94.19,451.44,140.96,99.99,88.23,0.9496,5.8500,128.2700,0.0000,0.0000,0.5926,0,128.2700,487.7661,498.6774,2.3930,495.4616,0.2947,POST_PH4_RE_RFB,131.49,3.97,452.8,138.1,0.00,0,0
7485,16:55:27.519,ROI,160,160,224,224,11.66,12.50,0.0,0.0,79.97,451.84,142.90,99.34,87.08,0.9492,5.0000,127.5500,0.0000,0.0000,0.6546,0,127.5500,487.3102,498.4999,2.3312,495.1409,0.3002,POST_PH4_RE_RFB,131.49,3.65,452.8,138.1,0.00,0,0
7486,16:55:27.585,ROI,160,160,224,224,14.37,15.37,0.0,0.0,65.04,453.13,142.24,98.87,89.70,0.9463,4.6100,126.7200,0.0000,0.0000,0.5627,0,126.7200,486.9706,498.4126,2.2733,494.9171,0.3055,POST_PH4_RE_RFB,131.49,3.43,452.8,138.1,0.00,0,0
7487,16:55:27.649,ROI,160,160,224,224,10.68,11.38,0.0,0.0,87.84,454.26,143.19,95.82,86.67,0.9365,5.4300,128.8900,0.0000,0.0000,0.7027,0,128.8900,487.4261,498.3903,2.1913,494.9546,0.3134,POST_PH4_RE_RFB,131.49,3.46,452.8,138.1,0.00,0,0
7488,16:55:27.760,ROI,160,160,192,192,10.46,11.33,0.0,34.475,88.24,453.09,139.00,101.86,99.19,0.8220,6.3500,126.9000,0.0000,0.0000,0.6581,0,126.9000,487.2892,498.5232,2.0341,494.8206,0.3296,POST_PH4_RE_RFB,131.49,3.33,452.8,138.1,0.00,0,0
7489,16:55:27.824,ROI,160,160,224,224,8.49,9.22,0.0,0.0,108.45,455.28,144.31,98.18,87.22,0.8419,3.2500,127.7400,0.0000,0.0000,0.5594,0,127.7400,487.3451,498.5835,1.9374,494.7576,0.3404,POST_PH4_SETTLING,131.49,3.27,452.8,138.1,0.00,0,0
7490,16:55:27.873,ROI,160,160,224,224,10.42,11.18,0.0,0.0,89.41,453.73,143.44,101.68,89.54,0.9405,3.5400,126.9700,0.0000,0.0000,0.4942,0,126.9700,487.4112,498.4736,1.7774,494.4906,0.3601,POST_PH4_SETTLING,131.49,3.00,452.8,138.1,0.00,0,0
7491,16:55:27.937,ROI,160,160,224,224,9.23,10.02,7.325,0.0,99.85,454.53,143.67,98.39,89.85,0.9628,3.5100,128.1100,0.0000,0.0000,0.5214,0,128.1100,487.7213,498.3702,1.6149,494.2978,0.3824,POST_PH4_SETTLING,131.49,2.81,452.8,138.1,0.00,0,0
7492,16:55:28.001,ROI,160,160,224,224,9.96,11.44,7.3,34.175,87.45,455.18,144.51,98.01,88.48,0.9685,3.6000,128.3000,0.0000,0.0000,0.6107,0,128.3000,487.9337,498.1412,1.4396,493.9571,0.4099,POST_PH4_SETTLING,131.49,2.47,452.8,138.1,0.00,0,0
7493,16:55:28.048,ROI,160,160,224,224,11.19,11.93,0.0,32.725,83.80,453.87,143.64,101.92,90.22,0.9430,3.1800,126.4100,0.0000,0.0000,0.4463,0,126.4100,487.5882,497.8676,1.2635,493.3263,0.4418,POST_PH4_SETTLING,131.49,1.84,452.8,138.1,0.00,0,0
7494,16:55:28.160,ROI,160,160,224,224,10.60,11.35,0.0,0.0,88.13,454.74,144.12,98.34,90.09,0.9547,3.6700,127.9800,0.0000,0.0000,0.5391,0,127.9800,487.5357,497.6805,1.1090,492.8702,0.4742,POST_PH4_SETTLING,131.49,1.38,452.8,138.1,0.00,0,0
7495,16:55:28.224,ROI,160,160,224,224,9.33,11.07,0.0,35.275,90.33,454.91,144.10,98.87,89.64,0.9897,3.0800,125.6700,0.0000,0.0000,0.4759,0,125.6700,487.0499,497.5742,0.9468,492.1683,0.5137,POST_PH4_SETTLING,131.49,0.68,452.8,138.1,0.00,0,0
7496,16:55:28.289,ROI,160,160,224,224,13.55,15.04,0.0,0.0,66.50,455.15,144.04,98.83,89.56,0.9940,2.6700,125.3600,0.0000,0.0000,0.4678,0,125.3600,486.6935,497.6740,0.8055,491.5922,0.5539,POST_PH4_SETTLING,131.49,0.10,452.8,138.1,0.00,0,0
7497,16:55:28.338,ROI,160,160,224,224,16.40,17.40,11.525,22.45,57.47,453.92,143.86,101.72,90.19,0.9647,3.3100,126.3900,0.0000,0.0000,0.4667,0,126.3900,486.5235,497.6686,0.6482,490.9067,0.6067,POST_PH4_SETTLING,131.49,-0.58,452.8,138.1,0.00,0,0
7498,16:55:28.400,ROI,160,160,224,224,10.51,11.38,0.0,0.0,87.84,455.02,144.15,97.99,89.89,0.9572,3.3700,127.6900,0.0000,0.0000,0.5358,0,127.6900,486.5601,497.7843,0.5132,490.3668,0.6608,POST_PH4_SETTLING,131.49,-1.12,452.8,138.1,0.00,0,0
7499,16:55:28.465,ROI,160,160,224,224,12.63,13.46,0.0,0.0,74.29,453.99,144.00,101.63,89.96,0.9611,3.2500,126.5300,0.0000,0.0000,0.4742,0,126.5300,486.5566,497.3625,0.3588,489.4101,0.7359,POST_PH4_SETTLING,131.49,-2.08,452.8,138.1,0.00,0,0
7500,16:55:28.511,ROI,160,160,224,224,11.86,12.67,0.0,0.0,78.95,454.69,144.07,100.10,91.46,0.9691,2.9000,126.3400,0.0000,0.0000,0.4131,0,126.3400,486.3360,497.1953,0.2636,488.6017,0.7914,POST_PH4_SETTLING,131.49,-2.89,452.8,138.1,0.00,0,0
