frame_id,timestamp,mode,input_width,input_height,roi_w,roi_h,inf_time_ms,end_to_end_time_ms,cpu_load_pct,end_to_end_cpu_load_pct,fps,x_center,y_center,smooth_x,smooth_y,raw_angle,raw_angle_smooth,smooth_angle,smooth_angle_smooth,width,height,iou_prev_bbox,group1_magnitude,group1_angle,group2_magnitude,group2_angle,best_conf,tracking_lost
102,08:57:19.730,ROI,160,160,224,224,9.39,62.11,0.0,0.0,16.10,437.21,74.14,437.33,74.13,-49.23,-49.41,159.64,-699.46,98.11,78.99,0.9953,13.4000,-49.2300,0.0000,0.0000,0.8055,0
103,08:57:19.795,ROI,160,160,224,224,8.08,57.33,7.125,0.0,17.44,437.27,74.19,437.30,74.13,-49.87,-49.63,-163.26,-649.48,97.90,78.85,0.9961,13.3400,-49.8700,0.0000,0.0000,0.8029,0
104,08:57:19.842,ROI,160,160,224,224,10.06,43.14,10.2,0.0,23.18,437.25,74.19,437.31,74.13,-49.43,-49.43,4.21,-561.76,98.03,78.85,0.9987,13.3800,-49.4300,0.0000,0.0000,0.8036,0
105,08:57:19.906,ROI,160,160,224,224,17.25,64.94,0.0,43.225,15.40,437.17,74.21,437.27,74.15,-50.06,-49.66,-153.02,-164.14,97.82,78.92,0.9970,13.3900,-50.0600,0.0000,0.0000,0.8027,0
106,08:57:19.970,ROI,160,160,224,224,9.49,49.80,0.0,0.0,20.08,437.14,74.23,437.23,74.18,-49.67,-49.83,-145.89,-485.52,97.93,78.93,0.9985,13.4200,-49.6700,0.0000,0.0000,0.8035,0
107,08:57:20.018,ROI,160,160,224,224,8.71,41.19,20.825,0.0,24.28,437.22,74.24,437.23,74.19,-49.12,-49.58,-89.59,-81.72,98.11,78.90,0.9978,13.4500,-49.1200,0.0000,0.0000,0.8074,0
108,08:57:20.147,ROI,160,160,224,224,7.85,121.51,6.55,0.0,8.23,437.36,74.21,437.25,74.21,-49.46,-49.69,-27.01,-28.47,98.08,78.74,0.9950,13.4400,-49.4600,0.0000,0.0000,0.8093,0
109,08:57:20.194,ROI,160,160,224,224,7.95,41.74,20.05,0.0,23.96,437.25,74.28,437.26,74.23,-49.79,-49.65,-81.54,-1.22,97.93,78.89,0.9958,13.5200,-49.7900,0.0000,0.0000,0.8109,0
110,08:57:20.257,ROI,160,160,224,224,9.54,58.72,7.2,37.95,17.03,437.32,74.28,437.27,74.27,-49.30,-49.75,-69.51,21.89,98.36,78.96,0.9947,13.5200,-49.3000,0.0000,0.0000,0.8138,0
111,08:57:20.323,ROI,160,160,224,224,9.80,60.28,0.0,36.925,16.59,437.32,74.21,437.28,74.27,-50.84,-50.10,6.45,56.66,97.80,79.21,0.9912,13.4400,-50.8400,0.0000,0.0000,0.7985,0
112,08:57:20.370,ROI,160,160,224,224,9.95,41.24,0.0,0.0,24.25,437.56,74.31,437.35,74.29,-52.49,-50.71,-15.42,84.03,97.55,79.37,0.9927,13.4300,-52.4900,0.0000,0.0000,0.7865,0
113,08:57:20.433,ROI,160,160,224,224,8.66,55.76,0.0,41.475,17.93,437.99,74.47,437.53,74.34,-47.78,-49.99,-17.54,101.30,98.90,79.09,0.9826,13.9000,-47.7800,0.0000,0.0000,0.8358,0
114,08:57:20.498,ROI,160,160,224,224,9.27,60.00,0.0,37.85,16.67,438.61,74.77,437.84,74.47,-48.17,-49.52,-22.89,109.14,98.99,78.62,0.9800,14.2100,-48.1700,0.0000,0.0000,0.8531,0
115,08:57:20.545,ROI,160,160,224,224,8.79,40.58,21.325,0.0,24.64,440.55,75.84,438.62,74.87,-45.95,-48.51,-26.94,107.39,100.60,79.56,0.9368,15.2100,-45.9500,0.0000,0.0000,0.8795,0
116,08:57:20.675,ROI,160,160,224,224,8.86,124.23,6.475,0.0,8.05,443.07,77.80,439.94,75.71,-47.78,-48.09,-32.61,97.77,99.18,81.34,0.9068,15.4600,-47.7800,0.0000,0.0000,0.8839,0
117,08:57:20.722,ROI,160,160,224,224,8.30,40.12,20.9,0.0,24.92,443.73,78.65,441.26,76.67,-50.84,-48.56,-36.02,77.36,98.42,81.84,0.9664,14.9300,-50.8400,0.0000,0.0000,0.8594,0
118,08:57:20.786,ROI,160,160,224,224,10.34,59.88,14.25,0.0,16.70,445.59,79.88,442.87,77.81,-49.16,-48.53,-35.28,61.64,99.22,81.51,0.9349,15.3300,-49.1600,0.0000,0.0000,0.8701,0
119,08:57:20.850,ROI,160,160,224,224,9.08,56.49,7.375,39.375,17.70,446.50,80.75,444.47,79.01,-52.26,-49.32,-36.67,26.73,97.26,81.26,0.9597,14.7600,-52.2600,0.0000,0.0000,0.7942,0
120,08:57:20.898,ROI,160,160,224,224,9.10,42.00,0.0,39.05,23.81,448.90,82.26,446.45,80.40,-48.66,-49.11,-35.25,359.41,96.99,80.61,0.9177,15.0000,-48.6600,0.0000,0.0000,0.7896,0
121,08:57:20.962,ROI,160,160,224,224,9.07,58.07,7.225,0.0,17.22,450.52,83.34,448.52,81.86,-53.15,-50.17,-35.05,338.35,96.64,81.00,0.9420,14.8200,-53.1500,0.0000,0.0000,0.7637,0
122,08:57:21.074,ROI,160,160,224,224,9.25,105.71,3.825,39.05,9.46,454.13,86.53,451.17,83.90,-47.94,-49.77,-37.70,320.28,96.87,78.62,0.8591,12.5200,-47.9400,0.0000,0.0000,0.7700,0
123,08:57:21.138,ROI,160,160,224,224,9.79,58.97,7.2,0.0,16.96,454.90,87.65,453.56,85.89,-49.77,-49.83,-39.76,304.98,96.33,81.47,0.9503,12.5000,-49.7700,0.0000,0.0000,0.7817,0
124,08:57:21.202,ROI,160,160,224,224,8.46,56.53,14.6,0.0,17.69,458.02,89.54,456.31,88.01,-42.07,-47.78,-37.63,295.00,98.50,80.30,0.8965,13.7500,-42.0700,0.0000,0.0000,0.7857,0
125,08:57:21.251,ROI,160,160,224,224,8.18,42.41,0.0,0.0,23.58,459.29,90.73,458.87,90.05,-49.14,-47.86,-38.52,289.31,98.14,81.45,0.9466,13.8500,-49.1400,0.0000,0.0000,0.7937,0
126,08:57:21.313,ROI,160,160,224,224,8.87,57.44,7.3,0.0,17.41,461.62,93.39,461.51,92.38,-49.21,-48.02,-41.40,286.82,97.52,81.68,0.8946,14.1200,-49.2100,0.0000,0.0000,0.7837,0
127,08:57:21.379,ROI,160,160,224,224,11.21,61.76,7.0,0.0,16.19,462.76,94.18,463.88,94.44,-51.63,-48.85,-41.01,282.51,96.85,82.49,0.9585,13.5300,-51.6300,0.0000,0.0000,0.7731,0
128,08:57:21.426,ROI,160,160,224,224,8.19,37.82,11.175,0.0,26.44,464.46,96.11,466.14,96.56,-53.57,-50.07,-43.20,280.79,95.82,81.62,0.9216,14.7200,-53.5700,0.0000,0.0000,0.7896,0
129,08:57:21.489,ROI,160,160,192,192,8.11,56.98,7.25,0.0,17.55,466.48,96.83,468.37,98.39,-46.76,-49.35,-39.36,280.67,97.19,81.19,0.9426,13.0500,-46.7600,0.0000,0.0000,0.7600,0
130,08:57:21.601,ROI,160,160,224,224,8.86,106.97,0.0,0.0,9.35,469.74,100.83,470.87,100.81,-54.61,-50.77,-44.02,282.29,95.61,82.03,0.8500,15.3700,-54.6100,0.0000,0.0000,0.8424,0
131,08:57:21.666,ROI,160,160,192,192,8.67,56.94,0.0,41.1,17.56,472.90,102.86,473.56,103.20,-42.36,-48.81,-41.66,294.94,96.64,82.30,0.8925,13.8000,-42.3600,0.0000,0.0000,0.8258,0
132,08:57:21.729,ROI,160,160,224,224,8.20,56.07,0.0,0.0,17.84,474.21,104.03,475.94,105.34,-48.31,-48.66,-41.96,-59.71,95.28,81.65,0.9458,14.0000,-48.3100,0.0000,0.0000,0.7767,0
133,08:57:21.794,ROI,160,160,192,192,8.77,59.65,13.775,0.0,16.76,476.84,106.36,478.35,107.52,-45.19,-47.67,-42.23,-54.78,96.25,83.05,0.8957,13.1800,-45.1900,0.0000,0.0000,0.8070,0
134,08:57:21.841,ROI,160,160,224,224,8.46,39.82,21.25,42.325,25.11,477.85,106.61,480.35,109.20,-52.72,-48.84,-39.86,-63.23,94.23,80.88,0.9534,14.8200,-52.7200,0.0000,0.0000,0.7766,0
135,08:57:21.905,ROI,160,160,192,192,7.89,57.53,7.125,0.0,17.38,480.94,109.11,482.56,111.01,-50.89,-49.33,-39.39,-57.26,95.32,81.86,0.8827,12.8500,-50.8900,0.0000,0.0000,0.7871,0
136,08:57:21.971,ROI,160,160,192,192,8.00,60.39,0.0,0.0,16.56,482.68,110.91,484.57,112.75,-54.77,-50.80,-40.76,-49.84,94.69,82.79,0.9235,14.3000,-54.7700,0.0000,0.0000,0.8307,0
137,08:57:22.017,ROI,160,160,192,192,7.99,40.11,20.95,0.0,24.93,484.34,112.56,486.40,114.38,-49.73,-50.80,-41.82,-45.70,95.17,82.22,0.9284,14.2700,-49.7300,0.0000,0.0000,0.7830,0
138,08:57:22.132,ROI,160,160,192,192,7.97,108.85,7.35,0.0,9.19,487.05,114.68,488.35,116.06,-48.45,-50.43,-40.84,-46.15,94.22,82.69,0.8983,12.7300,-48.4500,0.0000,0.0000,0.7794,0
139,08:57:22.193,ROI,160,160,192,192,8.06,55.04,14.975,0.0,18.17,490.46,117.22,490.61,117.89,-54.13,-51.56,-38.92,-40.77,95.18,84.37,0.8773,14.1500,-54.1300,0.0000,0.0000,0.8405,0
140,08:57:22.257,ROI,160,160,192,192,8.01,58.23,14.15,0.0,17.17,491.81,117.44,492.62,119.25,-54.81,-52.74,-34.19,-34.18,94.01,82.20,0.9469,13.4900,-54.8100,0.0000,0.0000,0.8115,0
141,08:57:22.323,ROI,160,160,192,192,8.39,60.44,13.65,0.0,16.55,494.28,120.30,494.73,120.93,-53.58,-53.27,-38.50,-35.53,93.80,84.02,0.8873,13.0100,-53.5800,0.0000,0.0000,0.8216,0
142,08:57:22.368,ROI,160,160,192,192,8.67,40.33,21.325,40.35,24.79,496.00,120.88,496.75,122.30,-55.27,-53.93,-34.07,-34.47,92.38,85.04,0.9508,15.2500,-55.2700,0.0000,0.0000,0.8775,0
143,08:57:22.433,ROI,160,160,192,192,7.94,56.74,7.2,0.0,17.63,498.78,123.48,498.99,123.95,-57.34,-55.34,-36.46,-34.47,93.16,86.22,0.8877,14.9600,-57.3400,0.0000,0.0000,0.8781,0
144,08:57:22.483,ROI,160,160,192,192,8.04,43.54,18.9,0.0,22.97,499.75,123.67,500.96,125.24,-57.38,-56.52,-33.22,-33.60,91.96,85.85,0.9750,15.5500,-57.3800,0.0000,0.0000,0.8887,0
145,08:57:22.611,ROI,160,160,192,192,7.89,120.85,6.525,0.0,8.27,504.14,127.88,503.50,127.24,-49.36,-55.63,-38.10,-34.16,94.79,85.49,0.8285,15.2300,-49.3600,0.0000,0.0000,0.8955,0
146,08:57:22.673,ROI,160,160,192,192,8.53,56.37,14.7,0.0,17.74,508.32,130.19,506.42,129.26,-56.51,-56.59,-34.77,-33.57,97.21,85.20,0.8702,14.5400,-56.5100,0.0000,0.0000,0.8581,0
147,08:57:22.720,ROI,160,160,224,224,8.05,40.75,20.35,0.0,24.54,509.46,130.92,509.02,131.00,-59.70,-57.96,-33.67,-32.63,99.81,87.86,0.9445,14.2500,-59.7000,0.0000,0.0000,0.8554,0
148,08:57:22.785,ROI,160,160,224,224,8.01,58.27,14.1,0.0,17.16,511.84,132.31,511.60,132.64,-61.56,-59.70,-32.44,-31.67,98.07,87.01,0.9238,13.9200,-61.5600,0.0000,0.0000,0.8558,0
149,08:57:22.849,ROI,160,160,224,224,11.83,62.21,14.15,0.0,16.07,513.52,133.72,514.05,134.24,-63.63,-61.36,-33.19,-31.07,97.48,87.12,0.9359,13.7800,-63.6300,0.0000,0.0000,0.8352,0
150,08:57:22.897,ROI,160,160,224,224,7.88,37.40,22.225,0.0,26.74,516.79,135.74,516.70,135.94,-67.08,-63.86,-32.69,-30.71,96.38,87.32,0.8936,13.4200,-67.0800,0.0000,0.0000,0.7865,0
151,08:57:22.961,ROI,160,160,224,224,7.89,58.45,14.075,0.0,17.11,519.00,137.53,519.31,137.72,-62.95,-64.40,-34.32,-31.06,99.11,87.14,0.9183,14.4000,-62.9500,0.0000,0.0000,0.8631,0
152,08:57:23.073,ROI,160,160,224,224,8.32,106.39,3.775,0.0,9.40,523.04,141.20,522.18,139.88,-62.50,-64.97,-36.97,-32.07,98.10,86.86,0.8494,12.9400,-62.5000,0.0000,0.0000,0.8072,0
153,08:57:23.137,ROI,160,160,224,224,7.91,57.84,14.2,0.0,17.29,524.89,142.72,524.92,141.97,-59.46,-64.36,-37.20,-32.99,98.70,87.21,0.9306,13.7600,-59.4600,0.0000,0.0000,0.8299,0
154,08:57:23.201,ROI,160,160,224,224,13.85,64.26,14.15,26.2,15.56,526.42,144.74,527.27,144.05,-62.22,-65.14,-41.59,-35.26,96.71,87.81,0.9261,13.5100,-62.2200,0.0000,0.0000,0.8201,0
155,08:57:23.249,ROI,160,160,224,224,8.32,34.68,0.0,0.0,28.83,528.04,147.37,529.45,146.37,-61.66,-65.07,-46.76,-38.70,97.22,88.56,0.9119,12.9800,-61.6600,0.0000,0.0000,0.8462,0
156,08:57:23.313,ROI,160,160,224,224,7.96,57.70,14.2,0.0,17.33,530.67,149.48,531.66,148.61,-59.95,-64.43,-45.47,-41.21,99.20,89.10,0.9050,14.2500,-59.9500,0.0000,0.0000,0.8467,0
157,08:57:23.377,ROI,160,160,224,224,8.02,58.12,14.125,0.0,17.21,531.61,150.72,533.56,150.72,-63.95,-64.58,-47.98,-44.10,96.33,89.64,0.9449,14.5100,-63.9500,0.0000,0.0000,0.8269,0
158,08:57:23.426,ROI,160,160,224,224,8.40,43.67,19.45,0.0,22.90,534.71,152.56,535.75,152.79,-60.56,-63.44,-43.40,-45.18,98.85,89.47,0.9018,13.3100,-60.5600,0.0000,0.0000,0.8225,0
159,08:57:23.554,ROI,160,160,224,224,9.31,122.70,6.55,0.0,8.15,540.10,157.18,538.77,155.66,-60.40,-62.82,-43.52,-46.40,102.58,91.03,0.8147,15.0700,-60.4000,0.0000,0.0000,0.8839,0
160,08:57:23.601,ROI,160,160,224,224,8.05,39.02,21.675,43.35,25.63,541.19,158.97,541.29,158.21,-56.76,-60.54,-45.36,-47.47,101.71,89.40,0.9411,14.8700,-56.7600,0.0000,0.0000,0.8732,0
161,08:57:23.665,ROI,160,160,224,224,7.83,57.47,7.1,0.0,17.40,545.33,160.76,544.14,160.59,-52.65,-58.43,-39.84,-46.97,103.60,89.75,0.8878,14.5000,-52.6500,0.0000,0.0000,0.8695,0
162,08:57:23.729,ROI,160,160,224,224,9.00,59.74,13.925,0.0,16.74,546.60,162.16,546.66,162.77,-47.29,-54.81,-40.89,-46.62,104.61,90.45,0.9464,14.8800,-47.2900,0.0000,0.0000,0.8544,0
163,08:57:23.778,ROI,160,160,224,224,8.09,41.76,20.125,0.0,23.94,549.70,165.43,549.27,165.18,-48.51,-52.37,-42.65,-46.56,105.27,90.65,0.8786,14.7800,-48.5100,0.0000,0.0000,0.8775,0
164,08:57:23.842,ROI,160,160,224,224,12.28,62.12,14.225,29.35,16.10,550.88,166.36,551.61,167.35,-45.87,-49.06,-42.88,-46.59,103.18,90.43,0.9580,14.1000,-45.8700,0.0000,0.0000,0.8205,0
165,08:57:23.889,ROI,160,160,224,224,8.33,35.27,11.425,0.0,28.36,553.37,167.26,553.89,169.13,-51.85,-48.01,-38.00,-45.22,103.46,90.68,0.9344,14.1700,-51.8500,0.0000,0.0000,0.8172,0
166,08:57:24.019,ROI,160,160,224,224,7.66,123.07,6.475,0.0,8.13,558.85,171.28,557.01,171.44,-49.40,-46.23,-36.47,-43.35,103.60,94.71,0.8281,14.1400,-49.4000,0.0000,0.0000,0.8528,0
167,08:57:24.066,ROI,160,160,224,224,8.70,41.40,20.55,0.0,24.15,562.37,175.06,560.38,174.15,-56.05,-47.01,-38.89,-42.04,104.73,95.52,0.8654,13.6700,-56.0500,0.0000,0.0000,0.8424,0
168,08:57:24.130,ROI,160,160,224,224,7.68,57.24,14.175,0.0,17.47,563.68,176.89,563.29,176.67,-53.67,-47.48,-40.76,-41.25,103.78,94.01,0.9386,14.5000,-53.6700,0.0000,0.0000,0.8128,0
169,08:57:24.194,ROI,160,160,224,224,7.82,58.25,14.05,0.0,17.17,565.38,178.72,565.83,178.94,-56.17,-48.35,-41.86,-40.82,103.80,94.46,0.9315,14.9100,-56.1700,0.0000,0.0000,0.8471,0
170,08:57:24.241,ROI,160,160,224,224,10.75,44.51,20.2,0.0,22.47,566.78,180.27,568.12,181.13,-58.61,-49.90,-43.69,-41.23,102.10,95.44,0.9424,15.5400,-58.6100,0.0000,0.0000,0.8619,0
171,08:57:24.306,ROI,160,160,224,224,11.88,58.83,14.775,30.1,17.00,571.82,182.66,571.08,183.25,-55.19,-50.66,-35.68,-39.06,104.20,94.84,0.8643,15.1700,-55.1900,0.0000,0.0000,0.8574,0
172,08:57:24.370,ROI,160,160,224,224,8.81,50.65,7.675,40.9,19.74,573.25,183.71,573.75,185.16,-50.11,-50.08,-35.59,-37.45,106.69,94.53,0.9522,14.3300,-50.1100,0.0000,0.0000,0.7947,0
173,08:57:24.418,ROI,160,160,224,224,8.47,41.64,0.0,0.0,24.02,575.74,185.70,576.36,186.98,-52.62,-50.24,-34.79,-35.63,104.75,92.68,0.9149,13.7900,-52.6200,0.0000,0.0000,0.7982,0
174,08:57:24.547,ROI,160,160,224,224,8.28,122.15,6.55,0.0,8.19,580.11,189.38,579.59,189.37,-48.51,-49.45,-36.57,-34.83,104.89,92.30,0.8522,13.2100,-48.5100,0.0000,0.0000,0.8162,0
175,08:57:24.594,ROI,160,160,224,224,8.08,40.88,10.275,0.0,24.46,581.47,190.96,582.28,191.38,-53.47,-51.04,-36.80,-33.84,103.22,93.93,0.9423,14.6500,-53.4700,0.0000,0.0000,0.8179,0
176,08:57:24.657,ROI,160,160,224,224,8.43,57.65,14.35,0.0,17.35,583.11,191.68,584.52,192.94,-54.36,-52.44,-34.81,-32.77,103.91,91.91,0.9483,14.1500,-54.3600,0.0000,0.0000,0.8140,0
177,08:57:24.722,ROI,160,160,224,224,8.43,58.77,13.975,0.0,17.02,586.67,193.86,587.13,194.64,-54.98,-53.77,-33.09,-31.62,103.95,94.08,0.8925,14.4400,-54.9800,0.0000,0.0000,0.8249,0
178,08:57:24.769,ROI,160,160,224,224,8.93,41.51,20.575,0.0,24.09,587.33,195.18,589.20,196.21,-50.10,-53.60,-37.19,-32.03,104.76,94.30,0.9601,13.2500,-50.1000,0.0000,0.0000,0.7823,0
179,08:57:24.833,ROI,160,160,224,224,8.80,57.90,14.35,0.0,17.27,591.26,198.49,591.74,198.22,-54.10,-54.36,-38.33,-32.90,104.48,95.75,0.8675,14.2400,-54.1000,0.0000,0.0000,0.8148,0
180,08:57:24.897,ROI,160,160,224,224,8.97,57.06,14.3,0.0,17.52,592.50,199.99,593.85,200.10,-47.71,-52.96,-41.72,-34.91,106.62,97.30,0.9470,13.5400,-47.7100,0.0000,0.0000,0.8080,0
181,08:57:24.945,ROI,160,160,224,224,7.94,40.30,20.625,0.0,24.82,595.88,202.75,596.24,202.25,-53.88,-53.58,-41.91,-36.90,105.03,96.49,0.8875,13.5600,-53.8800,0.0000,0.0000,0.7955,0
182,08:57:25.075,ROI,160,160,224,224,13.30,129.24,6.45,27.05,7.74,601.13,205.67,599.19,204.49,-43.29,-51.30,-37.25,-37.46,106.19,96.36,0.8545,13.1600,-43.2900,0.0000,0.0000,0.8304,0
183,08:57:25.122,ROI,160,160,224,224,8.70,36.24,0.0,0.0,27.59,602.30,207.30,601.72,206.65,-43.30,-49.52,-40.46,-39.02,106.06,96.21,0.9460,12.5700,-43.3000,0.0000,0.0000,0.7690,0
184,08:57:25.186,ROI,160,160,224,224,13.64,62.09,14.4,26.725,16.11,605.46,209.91,604.45,208.96,-49.13,-49.24,-40.28,-40.16,105.91,95.80,0.8936,12.7600,-49.1300,0.0000,0.0000,0.7836,0
185,08:57:25.249,ROI,160,160,224,224,9.31,53.12,0.0,0.0,18.83,607.14,211.38,606.99,211.05,-45.43,-47.97,-39.49,-40.52,106.96,96.14,0.9401,12.8600,-45.4300,0.0000,0.0000,0.7896,0
186,08:57:25.297,ROI,160,160,224,224,10.42,39.94,0.0,0.0,25.04,609.80,213.39,609.55,213.13,-46.70,-47.25,-39.06,-40.75,107.76,95.59,0.9134,11.9100,-46.7000,0.0000,0.0000,0.7713,0
187,08:57:25.362,ROI,160,160,224,224,8.45,55.67,14.575,0.0,17.96,611.93,213.91,612.17,214.90,-47.63,-46.39,-34.00,-39.28,106.57,94.44,0.9497,12.6200,-47.6300,0.0000,0.0000,0.7491,0
188,08:57:25.473,ROI,160,160,224,224,8.69,105.05,7.675,0.0,9.52,617.68,217.72,615.64,217.23,-47.52,-45.70,-33.95,-38.24,106.93,94.44,0.8315,12.8100,-47.5200,0.0000,0.0000,0.8389,0
189,08:57:25.537,ROI,160,160,224,224,8.45,57.56,14.3,0.0,17.37,619.06,218.37,618.46,218.98,-49.80,-45.53,-31.72,-36.67,107.42,93.86,0.9613,12.9000,-49.8000,0.0000,0.0000,0.7863,0
190,08:57:25.601,ROI,160,160,224,224,9.22,58.05,14.375,39.2,17.23,622.25,221.96,621.53,221.18,-46.17,-44.58,-35.67,-36.08,108.85,92.44,0.8747,13.2500,-46.1700,0.0000,0.0000,0.8040,0
191,08:57:25.649,ROI,160,160,224,224,8.23,40.94,10.175,0.0,24.43,623.44,222.78,624.03,223.06,-47.36,-44.36,-36.95,-36.30,109.28,92.71,0.9614,13.2600,-47.3600,0.0000,0.0000,0.8294,0
192,08:57:25.714,ROI,160,160,224,224,8.30,58.90,13.875,0.0,16.98,625.76,225.65,626.56,225.25,-42.93,-43.56,-40.91,-37.46,111.76,93.35,0.9025,13.1400,-42.9300,0.0000,0.0000,0.8089,0
193,08:57:25.777,ROI,160,160,224,224,7.88,56.38,14.45,0.0,17.74,627.32,225.90,628.78,226.86,-40.34,-42.30,-35.95,-36.96,109.80,92.68,0.9652,14.4000,-40.3400,0.0000,0.0000,0.7709,0
194,08:57:25.825,ROI,160,160,224,224,8.12,41.82,10.0,0.0,23.91,631.31,229.49,631.55,229.05,-43.41,-42.48,-38.26,-37.00,112.48,94.64,0.8639,13.4100,-43.4100,0.0000,0.0000,0.8389,0
195,08:57:25.953,ROI,160,160,256,256,7.84,121.79,3.275,0.0,8.21,635.38,233.05,634.75,231.78,-34.20,-39.98,-40.41,-37.95,119.89,97.01,0.8671,14.8500,-34.2000,0.0000,0.0000,0.8096,0
196,08:57:26.002,ROI,160,160,256,256,8.41,42.87,19.575,0.0,23.33,637.78,234.30,637.60,234.10,-45.08,-41.06,-39.24,-38.64,112.29,96.86,0.9135,13.6900,-45.0800,0.0000,0.0000,0.7675,0
197,08:57:26.065,ROI,160,160,256,256,8.17,54.93,7.225,0.0,18.20,641.18,236.75,640.49,236.35,-41.21,-40.61,-37.94,-38.72,114.03,95.06,0.8962,15.0700,-41.2100,0.0000,0.0000,0.7757,0
198,08:57:26.130,ROI,160,160,256,256,7.70,58.37,13.95,0.0,17.13,643.59,238.62,643.33,238.52,-40.81,-40.37,-37.26,-38.41,112.96,95.92,0.9222,14.0100,-40.8100,0.0000,0.0000,0.7557,0
199,08:57:26.178,ROI,160,160,256,256,8.78,43.38,19.625,0.0,23.05,648.25,240.66,646.73,240.65,-33.39,-38.07,-32.13,-36.58,113.66,93.63,0.8839,16.7800,-33.3900,0.0000,0.0000,0.8660,0
200,08:57:26.241,ROI,160,160,256,256,8.50,56.42,14.675,0.0,17.72,650.37,242.72,649.99,242.79,-34.49,-36.12,-33.29,-34.96,111.71,93.78,0.9223,15.9800,-34.4900,0.0000,0.0000,0.8643,0
201,08:57:26.289,ROI,160,160,224,224,8.04,41.55,20.075,0.0,24.07,651.95,243.69,652.68,244.59,-36.93,-35.32,-33.80,-34.26,112.32,96.25,0.9475,13.5400,-36.9300,0.0000,0.0000,0.7663,0
202,08:57:26.354,ROI,160,160,256,256,7.98,59.04,13.85,0.0,16.94,654.79,246.92,655.46,246.79,-33.18,-34.14,-38.44,-34.93,114.66,95.18,0.8906,17.9900,-33.1800,0.0000,0.0000,0.8359,0
203,08:57:26.482,ROI,160,160,256,256,8.41,122.03,9.85,0.0,8.19,660.86,250.19,659.10,249.31,-31.68,-32.66,-34.64,-34.66,115.90,95.25,0.8429,19.7000,-31.6800,0.0000,0.0000,0.8583,0
204,08:57:26.530,ROI,160,160,256,256,9.73,43.80,20.025,0.0,22.83,662.50,251.71,662.15,251.48,-36.74,-33.20,-35.39,-34.56,112.99,95.18,0.9417,15.1200,-36.7400,0.0000,0.0000,0.7548,0
205,08:57:26.593,ROI,160,160,256,256,8.41,54.24,0.0,0.0,18.44,665.42,255.40,665.24,254.05,-36.03,-33.25,-39.77,-35.65,115.17,98.37,0.8816,17.0500,-36.0300,0.0000,0.0000,0.8166,0
206,08:57:26.642,ROI,160,160,256,256,7.76,42.22,29.425,0.0,23.68,667.54,256.62,668.16,256.42,-35.63,-33.15,-39.07,-36.68,116.26,94.88,0.9306,14.9500,-35.6300,0.0000,0.0000,0.7589,0
207,08:57:26.705,ROI,160,160,256,256,7.89,56.96,7.175,0.0,17.56,670.79,258.35,671.07,258.65,-33.28,-32.37,-37.47,-37.44,114.83,96.05,0.9125,16.4300,-33.2800,0.0000,0.0000,0.7880,0
208,08:57:26.768,ROI,160,160,256,256,7.90,57.90,7.075,0.0,17.27,673.20,259.39,674.01,260.66,-31.44,-31.64,-34.37,-37.08,113.44,94.90,0.9384,15.9200,-31.4400,0.0000,0.0000,0.8421,0
209,08:57:26.817,ROI,160,160,256,256,8.33,42.81,9.875,0.0,23.36,677.32,262.20,677.17,262.78,-33.87,-31.32,-33.81,-36.56,114.22,96.48,0.8788,16.6200,-33.8700,0.0000,0.0000,0.8507,0
210,08:57:26.945,ROI,160,160,256,256,8.44,122.15,3.275,0.0,8.19,681.64,267.17,680.79,265.69,-35.65,-32.06,-38.79,-37.11,113.31,100.72,0.8410,16.8000,-35.6500,0.0000,0.0000,0.8197,0
211,08:57:26.993,ROI,160,160,256,256,8.34,41.31,10.175,0.0,24.21,684.01,268.76,684.15,268.31,-40.00,-33.36,-37.93,-37.25,112.98,98.77,0.9294,14.7500,-40.0000,0.0000,0.0000,0.7926,0
212,08:57:27.057,ROI,160,160,256,256,7.88,57.56,7.1,0.0,17.37,685.44,270.14,686.82,270.57,-37.48,-34.73,-40.26,-38.30,113.34,100.78,0.9486,14.1900,-37.4800,0.0000,0.0000,0.7843,0
213,08:57:27.121,ROI,160,160,256,256,8.46,58.50,0.0,0.0,17.09,689.16,272.93,689.80,272.97,-33.29,-35.01,-38.93,-38.56,114.24,101.79,0.8880,16.4600,-33.2900,0.0000,0.0000,0.8524,0
214,08:57:27.170,ROI,160,160,256,256,7.81,42.39,0.0,0.0,23.59,690.87,273.97,692.37,274.96,-37.21,-35.89,-37.68,-38.36,112.90,103.04,0.9511,14.9200,-37.2100,0.0000,0.0000,0.7959,0
215,08:57:27.233,ROI,160,160,256,256,8.37,57.95,0.0,0.0,17.26,693.74,275.74,695.03,276.87,-35.95,-36.65,-35.65,-37.59,112.86,102.30,0.9190,16.8600,-35.9500,0.0000,0.0000,0.8011,0
216,08:57:27.297,ROI,160,160,256,256,7.79,56.37,0.0,0.0,17.74,696.25,278.23,697.61,278.86,-37.97,-37.77,-37.70,-37.38,113.42,102.80,0.9122,16.2500,-37.9700,0.0000,0.0000,0.8471,0
217,08:57:27.345,ROI,160,160,256,256,8.47,42.62,9.925,0.0,23.46,700.50,280.72,700.63,281.07,-36.11,-38.15,-36.21,-37.19,115.74,102.69,0.8861,16.8900,-36.1100,0.0000,0.0000,0.8119,0
218,08:57:27.473,ROI,160,160,256,256,8.52,121.96,3.3,0.0,8.20,705.68,285.26,703.96,283.75,-40.15,-39.46,-38.84,-37.78,115.25,102.03,0.8394,17.0600,-40.1500,0.0000,0.0000,0.8315,0
219,08:57:27.520,ROI,160,160,256,256,7.85,40.46,0.0,0.0,24.72,707.75,286.39,707.06,286.20,-35.84,-39.11,-38.20,-38.44,116.32,99.94,0.9440,16.3500,-35.8400,0.0000,0.0000,0.8376,0
220,08:57:27.585,ROI,160,160,256,256,8.01,58.41,7.025,0.0,17.12,711.42,288.14,710.25,288.35,-41.14,-40.28,-34.08,-37.70,116.32,99.28,0.9074,17.2300,-41.1400,0.0000,0.0000,0.8381,0
221,08:57:27.650,ROI,160,160,256,256,10.60,62.26,6.875,0.0,16.06,713.53,290.45,713.27,290.62,-39.71,-40.62,-36.91,-37.73,116.02,101.20,0.9217,15.8500,-39.7100,0.4200,-38.5400,0.8460,0
222,08:57:27.697,ROI,160,160,256,256,7.90,37.96,11.075,0.0,26.34,717.30,291.98,716.54,292.64,-43.17,-41.98,-31.66,-35.98,117.17,102.42,0.9102,17.0400,-43.1700,0.0000,0.0000,0.8280,0
223,08:57:27.761,ROI,160,160,256,256,8.32,58.30,7.075,0.0,17.15,719.51,294.30,719.71,294.88,-41.97,-42.92,-35.23,-35.77,118.32,102.98,0.9215,16.0100,-41.9700,0.0000,0.0000,0.8380,0
224,08:57:27.873,ROI,160,160,256,256,7.82,105.01,3.8,0.0,9.52,725.05,298.85,723.47,297.63,-44.35,-43.94,-36.22,-35.66,117.70,102.00,0.8361,16.3000,-44.3500,0.0000,0.0000,0.8545,0
225,08:57:27.936,ROI,160,160,256,256,7.87,57.92,0.0,0.0,17.26,728.44,300.37,727.15,300.00,-40.42,-44.43,-32.80,-34.42,119.94,100.11,0.9174,17.6100,-40.4200,0.0000,0.0000,0.8562,0
226,08:57:28.002,ROI,160,160,256,256,12.21,64.13,6.875,0.0,15.59,732.08,302.99,730.95,302.51,-41.40,-44.07,-33.40,-33.49,119.49,100.50,0.8944,17.5700,-41.4000,0.0000,0.0000,0.8492,0
227,08:57:28.049,ROI,160,160,256,256,8.55,37.13,11.625,0.0,26.94,732.78,304.74,733.99,304.80,-44.24,-44.50,-37.06,-33.69,117.97,101.84,0.9541,14.9200,-44.2400,0.0000,0.0000,0.8030,0
228,08:57:28.113,ROI,160,160,256,256,7.97,56.59,7.15,0.0,17.67,736.59,306.74,737.26,307.03,-44.88,-44.81,-34.22,-33.14,117.55,101.23,0.9022,16.0100,-44.8800,0.0000,0.0000,0.8269,0
229,08:57:28.178,ROI,160,160,256,256,7.91,59.13,6.925,0.0,16.91,739.14,308.13,740.20,309.03,-41.80,-44.70,-34.22,-33.14,118.64,101.78,0.9324,16.2900,-41.8000,0.0000,0.0000,0.8301,0
230,08:57:28.225,ROI,160,160,256,256,8.48,42.10,10.075,0.0,23.75,741.96,311.20,743.12,311.28,-46.02,-45.56,-37.66,-34.11,119.62,104.78,0.8997,16.1700,-46.0200,0.0000,0.0000,0.8388,0
231,08:57:28.352,ROI,160,160,256,256,10.85,123.71,3.3,0.0,8.08,747.61,317.10,746.84,314.61,-52.22,-47.61,-41.84,-36.15,119.14,105.71,0.8171,16.3900,-52.2200,0.0000,0.0000,0.8548,0
232,08:57:28.401,ROI,160,160,256,256,8.00,37.66,10.675,0.0,26.55,750.42,317.82,750.44,317.34,-54.78,-50.26,-37.18,-36.37,120.78,104.16,0.9405,16.9900,-54.7800,0.0000,0.0000,0.8680,0
233,08:57:28.465,ROI,160,160,256,256,11.40,62.34,7.0,0.0,16.04,753.44,322.14,753.67,320.45,-53.02,-52.18,-43.94,-38.69,122.26,106.46,0.8781,15.8400,-53.0200,0.0000,0.0000,0.8557,0
234,08:57:28.513,ROI,160,160,256,256,10.86,40.67,10.925,32.825,24.59,756.30,325.23,756.86,323.71,-56.47,-54.24,-45.56,-41.16,123.78,107.02,0.9019,14.8100,-56.4700,0.0000,0.0000,0.8769,0
235,08:57:28.577,ROI,160,160,256,256,7.99,53.72,7.55,0.0,18.61,759.90,328.02,760.13,326.81,-50.08,-54.21,-43.48,-42.37,124.61,106.46,0.8967,15.7200,-50.0800,0.0000,0.0000,0.8256,0
236,08:57:28.642,ROI,160,160,256,256,7.99,58.69,6.95,0.0,17.04,762.25,328.75,763.22,329.43,-47.66,-53.39,-40.21,-42.51,124.98,106.21,0.9503,15.2800,-47.6600,0.0000,0.0000,0.8173,0
237,08:57:28.689,ROI,160,160,256,256,11.13,44.80,10.075,0.0,22.32,764.30,329.82,765.99,331.67,-44.97,-52.02,-39.04,-42.36,125.84,105.38,0.9487,16.5600,-44.9700,0.0000,0.0000,0.8795,0
238,08:57:28.817,ROI,160,160,256,256,7.89,118.00,0.0,0.0,8.47,770.29,335.64,769.59,334.93,-44.10,-50.72,-42.16,-43.28,127.42,111.52,0.8206,14.9200,-44.1000,0.0000,0.0000,0.8788,0
239,08:57:28.881,ROI,160,160,256,256,8.34,57.80,7.15,0.0,17.30,774.30,340.38,773.26,338.66,-52.72,-51.64,-45.51,-45.06,127.50,115.06,0.8657,14.3500,-52.7200,0.0000,0.0000,0.8571,0
240,08:57:28.929,ROI,160,160,256,256,8.08,41.57,10.0,0.0,24.06,777.14,342.62,776.61,341.91,-49.09,-51.30,-44.14,-45.80,127.15,112.85,0.9202,15.8400,-49.0900,0.0000,0.0000,0.8410,0
241,08:57:28.993,ROI,160,160,256,256,8.11,58.27,7.05,0.0,17.16,781.06,345.49,780.11,345.13,-52.02,-51.29,-42.58,-45.99,127.47,114.21,0.8952,14.7700,-52.0200,0.0000,0.0000,0.8247,0
242,08:57:29.041,ROI,160,160,256,256,8.16,42.26,9.925,0.0,23.66,783.45,345.90,783.45,347.71,-45.13,-49.51,-37.64,-44.51,127.68,114.58,0.9566,15.8800,-45.1300,0.0000,0.0000,0.8161,0
243,08:57:29.105,ROI,160,160,256,256,7.99,57.71,7.1,0.0,17.33,787.54,349.61,786.92,350.47,-49.52,-49.44,-38.52,-43.37,128.21,115.49,0.8810,13.3900,-49.5200,0.0000,0.0000,0.8399,0
244,08:57:29.169,ROI,160,160,288,288,8.10,57.41,7.075,0.0,17.42,790.53,350.46,790.38,352.79,-38.40,-46.15,-33.81,-41.10,132.28,116.32,0.9415,14.8300,-38.4000,0.0000,0.0000,0.8127,0
245,08:57:29.233,ROI,160,160,288,288,10.88,61.12,7.05,0.0,16.36,794.55,353.01,794.06,355.15,-36.00,-42.77,-32.66,-38.90,132.98,118.49,0.9022,15.0700,-36.0000,0.0000,0.0000,0.8002,0
246,08:57:29.282,ROI,160,160,288,288,8.10,37.88,10.575,0.0,26.40,797.35,355.03,797.65,357.35,-33.27,-39.01,-31.56,-36.46,132.57,114.35,0.9259,14.7900,-33.2700,0.0000,0.0000,0.8172,0
247,08:57:29.409,ROI,160,160,288,288,9.41,122.24,3.3,0.0,8.18,802.90,360.06,801.74,360.21,-39.40,-37.63,-34.95,-35.29,132.89,118.12,0.8462,15.5700,-39.4000,0.5400,-38.7000,0.8101,0
248,08:57:29.459,ROI,160,160,288,288,10.97,45.73,9.75,0.0,21.87,807.67,362.93,805.93,362.87,-40.04,-36.41,-32.39,-33.34,132.91,117.70,0.8879,15.8200,-40.0400,1.4400,-38.8900,0.8519,0
249,08:57:29.521,ROI,160,160,288,288,9.84,50.58,0.0,0.0,19.77,809.92,365.67,809.78,365.58,-39.66,-35.82,-35.12,-32.33,134.26,120.67,0.9241,15.5500,-39.6600,1.9000,-38.8600,0.8217,0
250,08:57:29.569,ROI,160,160,288,288,9.64,41.99,10.4,0.0,23.82,812.11,366.69,813.19,367.85,-34.99,-33.87,-33.70,-31.44,134.37,116.21,0.9326,15.5000,-34.9900,1.1900,-32.6300,0.8031,0
251,08:57:29.633,ROI,160,160,288,288,8.10,56.50,7.225,0.0,17.70,816.23,369.85,816.86,370.28,-34.34,-32.33,-33.53,-30.43,135.04,118.91,0.8928,15.1600,-34.3400,0.0000,0.0000,0.8109,0
252,08:57:29.698,ROI,160,160,288,288,12.08,63.06,6.975,0.0,15.86,818.86,370.62,820.23,372.30,-35.01,-31.12,-30.93,-29.42,135.13,119.52,0.9497,15.6100,-35.0100,0.0000,0.0000,0.8179,0
253,08:57:29.762,ROI,160,160,288,288,9.37,53.71,7.725,0.0,18.62,823.33,374.66,823.97,374.79,-34.39,-30.22,-33.69,-29.15,133.36,117.76,0.8757,16.3400,-34.3900,0.2800,-29.7900,0.8255,0
254,08:57:29.874,ROI,160,160,288,288,11.44,108.40,3.825,0.0,9.23,829.79,380.01,828.25,377.83,-33.52,-29.26,-35.35,-29.41,134.93,116.06,0.8321,16.6500,-33.5200,0.0000,0.0000,0.8266,0
255,08:57:29.938,ROI,160,160,288,288,8.13,51.66,0.0,0.0,19.36,832.73,381.78,832.21,380.64,-32.79,-28.86,-35.31,-30.09,134.55,114.93,0.9290,14.7900,-32.7900,0.0000,0.0000,0.8308,0
256,08:57:29.986,ROI,160,160,288,288,8.14,41.99,10.0,0.0,23.81,836.25,385.63,836.00,383.71,-34.01,-29.14,-39.04,-31.88,135.81,116.50,0.8896,15.5000,-34.0100,0.0000,0.0000,0.8224,0
257,08:57:30.049,ROI,160,160,288,288,8.13,56.93,7.2,0.0,17.57,838.63,387.09,839.61,386.47,-33.37,-29.35,-37.47,-32.93,136.67,118.13,0.9422,14.8600,-33.3700,0.0000,0.0000,0.8370,0
258,08:57:30.114,ROI,160,160,288,288,8.14,58.69,6.975,0.0,17.04,843.29,391.55,843.43,389.76,-35.47,-30.35,-40.74,-35.15,136.42,119.57,0.8684,15.0100,-35.4700,0.0000,0.0000,0.8044,0
259,08:57:30.162,ROI,160,160,288,288,8.08,41.72,10.0,0.0,23.97,845.38,392.94,846.86,392.79,-34.39,-31.58,-41.38,-37.51,136.58,121.45,0.9481,13.9000,-34.3900,0.0000,0.0000,0.8213,0
260,08:57:30.290,ROI,160,160,288,288,8.18,122.01,3.275,0.0,8.20,852.07,399.22,851.18,396.76,-38.21,-33.69,-42.60,-39.82,136.80,123.95,0.8221,16.1700,-38.2100,0.0000,0.0000,0.8759,0
261,08:57:30.338,ROI,160,160,288,288,8.09,41.89,10.0,0.0,23.87,855.67,403.00,855.18,400.60,-38.56,-35.32,-43.83,-41.88,139.93,124.83,0.8946,14.8700,-38.5600,0.0000,0.0000,0.8059,0
262,08:57:30.401,ROI,160,160,288,288,11.58,61.35,7.15,0.0,16.30,858.08,406.50,858.80,404.66,-37.21,-36.18,-48.31,-45.30,140.98,126.52,0.9147,15.0800,-37.2100,0.0000,0.0000,0.8386,0
263,08:57:30.465,ROI,160,160,288,288,8.19,51.18,15.325,0.0,19.54,861.40,410.46,862.31,408.74,-42.23,-38.35,-49.22,-47.97,138.87,128.07,0.8973,14.3500,-42.2300,0.0000,0.0000,0.8037,0
264,08:57:30.513,ROI,160,160,288,288,8.10,41.84,10.0,0.0,23.90,866.06,414.16,866.11,412.80,-38.90,-38.95,-46.94,-49.37,140.09,127.91,0.8845,14.4500,-38.9000,0.0000,0.0000,0.7947,0
265,08:57:30.577,ROI,160,160,288,288,11.22,62.22,7.025,0.0,16.07,869.31,416.16,869.73,416.41,-38.12,-39.62,-44.91,-49.98,141.44,128.74,0.9261,14.4400,-38.1200,0.0000,0.0000,0.7532,0
266,08:57:30.641,ROI,160,160,288,288,7.96,52.81,7.7,0.0,18.94,873.25,419.67,873.50,420.21,-36.18,-39.83,-45.25,-50.69,145.19,128.18,0.8975,13.2600,-36.1800,0.0000,0.0000,0.7861,0
267,08:57:30.689,ROI,160,160,320,320,8.01,42.27,9.875,0.0,23.66,876.48,420.22,877.28,423.42,-40.06,-41.24,-40.35,-49.96,145.14,133.18,0.9213,13.9900,-40.0600,0.0000,0.0000,0.8177,0
268,08:57:30.818,ROI,160,160,320,320,7.82,122.99,0.0,0.0,8.13,882.76,424.52,881.54,426.69,-44.54,-43.73,-37.52,-48.14,147.72,132.60,0.8625,13.9000,-44.5400,0.0000,0.0000,0.8352,0
269,08:57:30.865,ROI,160,160,320,320,7.85,40.69,10.25,0.0,24.58,887.96,427.62,886.04,429.70,-45.22,-45.22,-33.71,-44.96,144.78,130.02,0.8896,14.8700,-45.2200,0.0000,0.0000,0.8423,0
270,08:57:30.930,ROI,160,160,320,320,8.30,59.79,6.875,0.0,16.72,891.08,429.04,890.31,432.19,-41.63,-45.57,-30.36,-41.04,145.88,130.12,0.9377,14.4700,-41.6300,0.0000,0.0000,0.8361,0
271,08:57:30.994,ROI,160,160,320,320,7.87,55.66,7.125,0.0,17.97,894.88,432.48,894.45,434.72,-41.43,-45.20,-31.40,-37.69,143.70,128.86,0.9009,15.7200,-41.4300,0.0000,0.0000,0.8579,0
272,08:57:31.042,ROI,160,160,288,288,10.85,45.76,9.8,0.0,21.85,898.21,435.62,898.50,437.43,-36.66,-43.82,-33.77,-35.58,145.22,128.52,0.9104,13.5700,-36.6600,0.0000,0.0000,0.8080,0
273,08:57:31.105,ROI,160,160,320,320,8.00,52.75,15.35,0.0,18.96,903.38,437.44,902.82,439.69,-40.51,-42.89,-27.66,-31.92,147.84,129.26,0.9067,15.9400,-40.5100,0.0000,0.0000,0.8710,0
274,08:57:31.169,ROI,160,160,320,320,11.34,61.93,7.025,0.0,16.15,906.22,438.86,906.85,441.72,-39.22,-42.34,-26.64,-28.78,148.62,129.56,0.9419,15.5600,-39.2200,0.0000,0.0000,0.8437,0
275,08:57:31.233,ROI,160,160,320,320,7.93,53.56,0.0,0.0,18.67,911.30,444.12,911.14,444.45,-45.84,-43.70,-32.46,-27.74,147.84,132.96,0.8640,15.6200,-45.8400,0.0000,0.0000,0.8808,0
276,08:57:31.282,ROI,160,160,320,320,13.27,48.47,0.0,26.7,20.63,913.56,446.10,915.02,447.00,-45.34,-44.96,-33.34,-27.31,147.82,129.72,0.9415,13.7700,-45.3400,0.8700,-44.2800,0.7997,0
277,08:57:31.410,ROI,160,160,320,320,9.32,116.06,6.875,0.0,8.62,919.80,451.80,919.36,450.12,-50.30,-46.77,-35.78,-27.45,147.12,132.42,0.8451,15.1100,-50.3000,0.8000,-52.6900,0.8384,0
278,08:57:31.458,ROI,160,160,320,320,7.94,40.68,10.275,0.0,24.58,924.88,455.42,923.79,453.34,-54.75,-49.26,-35.96,-28.00,146.10,131.70,0.8848,13.6700,-54.7500,0.0000,0.0000,0.8341,0
279,08:57:31.522,ROI,160,160,320,320,7.83,57.41,14.2,0.0,17.42,927.06,457.54,927.74,456.24,-50.98,-50.20,-36.35,-28.54,149.38,132.90,0.9406,12.0000,-50.9800,0.0000,0.0000,0.7394,0
280,08:57:31.586,ROI,160,160,320,320,7.78,57.92,7.05,0.0,17.26,928.88,458.48,931.22,458.75,-46.64,-50.05,-35.72,-29.13,149.96,132.08,0.9624,12.5700,-46.6400,0.0000,0.0000,0.7500,0
281,08:57:31.633,ROI,160,160,320,320,7.73,41.60,9.975,0.0,24.04,933.00,460.44,934.77,461.03,-50.94,-50.97,-32.77,-29.12,149.72,131.48,0.9195,13.5100,-50.9400,0.0000,0.0000,0.7870,0
282,08:57:31.698,ROI,160,160,320,320,7.88,58.92,6.925,0.0,16.97,934.02,461.56,937.71,463.15,-47.39,-50.65,-35.83,-30.42,152.62,133.34,0.9646,13.5300,-47.3900,0.0000,0.0000,0.7819,0
283,08:57:31.762,ROI,160,160,320,320,7.77,57.47,7.075,0.0,17.40,936.56,463.48,940.37,465.11,-43.56,-49.29,-36.30,-31.78,153.28,132.00,0.9402,13.4500,-43.5600,0.0000,0.0000,0.7809,0
284,08:57:31.873,ROI,160,160,320,320,11.10,109.05,3.8,0.0,9.17,939.64,465.86,942.74,466.91,-45.28,-48.56,-37.23,-33.37,153.28,133.56,0.9274,13.8700,-45.2800,0.0000,0.0000,0.8218,0
285,08:57:31.937,ROI,160,160,320,320,11.00,55.24,0.0,0.0,18.10,939.72,466.02,944.33,468.29,-42.58,-47.24,-40.86,-35.97,153.72,133.00,0.9930,14.1800,-42.5800,0.0000,0.0000,0.8072,0
286,08:57:31.986,ROI,160,160,320,320,11.26,41.88,10.6,0.0,23.88,940.88,467.06,945.52,469.39,-44.73,-46.57,-42.89,-38.69,153.26,132.46,0.9698,14.3400,-44.7300,0.0000,0.0000,0.8163,0
287,08:57:32.049,ROI,160,160,320,320,11.14,55.24,7.6,0.0,18.10,941.12,467.32,946.24,470.27,-41.98,-45.34,-50.61,-43.39,153.94,132.44,0.9917,14.3900,-41.9800,0.0000,0.0000,0.8074,0
288,08:57:32.114,ROI,160,160,320,320,7.88,52.61,7.45,0.0,19.01,941.38,467.86,946.43,470.84,-43.60,-44.58,-71.27,-52.77,153.64,133.78,0.9867,14.3700,-43.6000,0.0000,0.0000,0.8169,0
289,08:57:32.162,ROI,160,160,320,320,11.13,45.00,0.0,0.0,22.22,941.46,468.04,946.38,471.32,-43.18,-43.97,-96.66,-67.57,153.54,133.52,0.9963,14.4200,-43.1800,0.0000,0.0000,0.8212,0
290,08:57:32.289,ROI,160,160,320,320,7.78,116.77,6.775,0.0,8.56,942.02,468.76,945.88,471.49,-43.12,-43.16,-161.25,-97.22,154.18,134.26,0.9822,14.6800,-43.1200,0.0000,0.0000,0.8170,0
291,08:57:32.337,ROI,160,160,320,320,7.78,42.12,9.9,0.0,23.74,941.88,468.50,945.07,471.30,-45.16,-42.99,166.86,-130.94,154.42,133.98,0.9943,14.5000,-45.1600,0.0000,0.0000,0.8247,0
292,08:57:32.401,ROI,160,160,320,320,10.94,62.18,6.975,0.0,16.08,941.92,468.76,944.20,470.97,-42.97,-42.45,159.02,-161.18,154.26,134.34,0.9951,14.6300,-42.9700,0.0000,0.0000,0.8101,0
293,08:57:32.465,ROI,160,160,320,320,11.39,57.12,7.6,0.0,17.51,941.90,468.74,943.28,470.40,-42.86,-41.55,148.53,-188.91,154.30,134.24,0.9990,14.6100,-42.8600,0.0000,0.0000,0.8098,0
294,08:57:32.514,ROI,160,160,320,320,7.83,37.81,10.725,0.0,26.45,941.94,468.70,942.28,469.66,-42.60,-40.99,143.37,-212.97,154.32,134.16,0.9989,14.6800,-42.6000,0.0000,0.0000,0.8110,0
295,08:57:32.577,ROI,160,160,320,320,7.82,57.48,0.0,0.0,17.40,941.96,468.68,941.36,468.92,-42.41,-40.63,141.27,-232.72,154.32,134.12,0.9994,14.6600,-42.4100,0.0000,0.0000,0.8105,0
296,08:57:32.641,ROI,160,160,320,320,7.87,57.70,0.0,0.0,17.33,941.96,468.70,940.54,468.12,-42.74,-40.75,135.98,-249.10,154.28,134.18,0.9993,14.6500,-42.7400,0.0000,0.0000,0.8118,0
297,08:57:32.689,ROI,160,160,320,320,7.85,42.07,9.875,0.0,23.77,941.94,468.66,939.90,467.55,-42.41,-40.64,137.86,-260.90,154.30,134.16,0.9991,14.6900,-42.4100,0.0000,0.0000,0.8103,0
298,08:57:32.818,ROI,160,160,320,320,7.79,122.74,0.0,0.0,8.15,941.92,468.66,939.22,466.93,-42.62,-40.31,137.74,-268.99,154.30,134.28,0.9988,14.6200,-42.6200,0.0000,0.0000,0.8074,0
299,08:57:32.865,ROI,160,160,320,320,7.76,41.44,10.05,0.0,24.13,942.00,468.72,938.58,466.38,-42.50,-39.94,139.00,-273.54,154.04,134.12,0.9971,14.6500,-42.5000,0.0000,0.0000,0.8117,0
300,08:57:32.929,ROI,160,160,320,320,7.74,57.97,7.05,0.0,17.25,942.02,468.42,938.17,465.98,-44.80,-40.57,135.62,-276.25,154.22,133.06,0.9909,14.1100,-44.8000,0.0000,0.0000,0.7951,0
301,08:57:32.993,ROI,160,160,320,320,11.02,62.22,6.975,0.0,16.07,941.64,467.46,937.84,465.41,-50.73,-42.83,120.08,-280.21,153.80,132.74,0.9808,13.4800,-50.7300,0.0000,0.0000,0.7351,0
302,08:57:33.042,ROI,160,160,320,320,7.63,36.31,21.45,0.0,27.54,941.10,467.20,937.62,464.91,-49.02,-44.96,114.47,-282.51,153.40,131.82,0.9861,12.8700,-49.0200,0.0000,0.0000,0.7359,0
303,08:57:33.105,ROI,160,160,320,320,7.76,57.32,7.125,0.0,17.44,940.20,465.60,937.24,464.26,-45.93,-45.95,120.02,-281.23,153.78,131.84,0.9648,13.9600,-45.9300,0.0000,0.0000,0.7759,0
304,08:57:33.170,ROI,160,160,320,320,11.28,63.34,6.875,0.0,15.79,939.10,464.76,936.88,463.77,-42.78,-46.33,126.33,-276.43,154.36,131.38,0.9734,13.6100,-42.7800,0.0000,0.0000,0.7535,0
305,08:57:33.218,ROI,160,160,320,320,7.81,36.80,11.125,0.0,27.17,936.90,462.86,936.06,462.83,-47.02,-47.40,130.98,-268.53,155.26,131.40,0.9446,13.2700,-47.0200,0.0000,0.0000,0.7399,0
306,08:57:33.345,ROI,160,160,320,320,7.92,121.98,3.275,0.0,8.20,931.24,460.06,934.17,461.51,-50.92,-49.47,145.10,-255.97,154.24,131.84,0.8920,11.9400,-50.9200,0.0000,0.0000,0.6819,0
307,08:57:33.393,ROI,160,160,320,320,7.77,41.94,9.925,0.0,23.84,930.40,459.12,932.26,460.01,-50.13,-50.65,141.86,-244.03,150.44,131.60,0.9617,12.1800,-50.1300,0.0000,0.0000,0.6682,0
308,08:57:33.457,ROI,160,160,320,320,10.97,61.38,7.075,0.0,16.29,928.68,457.72,930.12,458.33,-50.56,-51.21,141.87,-232.26,150.16,131.18,0.9570,11.7500,-50.5600,0.0000,0.0000,0.6421,0
309,08:57:33.521,ROI,160,160,320,320,7.84,53.44,7.5,0.0,18.71,922.38,454.36,926.79,456.08,-52.47,-52.24,145.94,-219.94,151.84,130.90,0.8757,11.2100,-52.4700,0.0000,0.0000,0.6837,0
310,08:57:33.570,ROI,160,160,320,320,7.84,42.64,9.75,0.0,23.45,921.02,453.28,923.77,454.04,-56.26,-54.32,145.93,-208.74,149.92,133.30,0.9647,11.0200,-56.2600,0.0000,0.0000,0.7214,0
311,08:57:33.633,ROI,160,160,320,320,7.83,57.34,7.125,0.0,17.44,915.08,449.40,919.62,451.38,-49.24,-53.71,147.32,-198.90,152.94,132.10,0.8739,11.8700,-49.2400,0.0000,0.0000,0.7055,0
312,08:57:33.697,ROI,160,160,320,320,7.77,57.87,7.05,0.0,17.28,914.48,447.66,916.14,448.81,-46.43,-52.46,143.65,-191.64,149.36,131.86,0.9514,12.4300,-46.4300,0.0000,0.0000,0.7188,0
313,08:57:33.745,ROI,160,160,320,320,10.34,44.44,9.95,0.0,22.50,909.64,443.14,912.02,445.55,-44.41,-50.99,141.62,-186.94,151.34,130.12,0.8770,12.2600,-44.4100,0.0000,0.0000,0.7342,0
314,08:57:33.873,ROI,160,160,320,320,7.74,116.89,3.35,0.0,8.56,900.64,436.74,906.16,441.11,-44.08,-49.37,142.87,-184.17,145.70,126.40,0.8055,13.1000,-44.0800,0.0000,0.0000,0.7790,0
315,08:57:33.921,ROI,160,160,320,320,7.82,42.77,9.725,0.0,23.38,899.48,434.38,901.12,436.92,-43.52,-47.94,140.25,-184.47,145.06,128.02,0.9486,13.7900,-43.5200,0.0000,0.0000,0.8420,0
316,08:57:33.985,ROI,160,160,320,320,7.81,57.43,7.1,0.0,17.41,894.24,431.14,895.67,432.67,-46.83,-47.32,142.03,-187.02,144.64,126.94,0.8856,13.0100,-46.8300,0.0000,0.0000,0.7910,0
317,08:57:34.049,ROI,160,160,320,320,7.81,57.98,7.05,0.0,17.25,891.56,430.26,890.65,429.08,-41.30,-45.50,144.42,-191.45,146.04,127.02,0.9508,13.3800,-41.3000,0.0000,0.0000,0.7927,0
318,08:57:34.097,ROI,160,160,320,320,7.80,42.15,9.825,0.0,23.72,886.40,425.92,885.40,425.16,-43.14,-44.26,143.28,-197.64,145.14,127.66,0.8721,14.3000,-43.1400,0.0000,0.0000,0.8353,0
319,08:57:34.162,ROI,160,160,320,320,7.82,58.76,6.95,0.0,17.02,884.00,425.86,880.72,422.13,-38.33,-41.94,147.11,-203.58,143.82,129.56,0.9534,13.4900,-38.3300,0.0000,0.0000,0.7953,0
320,08:57:34.273,ROI,160,160,288,288,10.73,108.81,3.8,0.0,9.19,876.04,422.48,875.09,418.99,-41.28,-40.72,150.85,154.88,150.68,131.20,0.8541,14.4200,-41.2800,0.0000,0.0000,0.7915,0
321,08:57:34.337,ROI,160,160,320,320,7.82,53.62,7.525,0.0,18.65,874.28,419.28,870.35,415.90,-42.87,-39.94,146.84,153.72,148.24,133.76,0.9313,13.4800,-42.8700,0.0000,0.0000,0.8139,0
322,08:57:34.401,ROI,160,160,320,320,7.70,57.87,7.025,0.0,17.28,869.96,415.78,865.73,412.73,-40.63,-38.88,145.56,152.12,146.46,131.98,0.8959,13.8600,-40.6300,0.0000,0.0000,0.8164,0
323,08:57:34.450,ROI,160,160,320,320,7.91,43.09,9.675,0.0,23.21,868.00,413.62,861.89,409.90,-38.80,-37.58,143.62,150.38,146.12,130.80,0.9425,14.4200,-38.8000,0.0000,0.0000,0.8071,0
324,08:57:34.513,ROI,160,160,320,320,11.95,61.85,7.125,0.0,16.17,861.48,410.44,857.53,407.10,-39.02,-36.66,147.29,149.74,142.38,130.46,0.8719,13.7700,-39.0200,0.0000,0.0000,0.7846,0
325,08:57:34.577,ROI,160,160,288,288,7.89,52.92,7.7,0.0,18.89,859.09,409.53,853.82,404.92,-34.38,-34.82,149.65,149.57,140.76,127.53,0.9453,16.2100,-34.3800,0.0000,0.0000,0.8420,0
326,08:57:34.626,ROI,160,160,288,288,11.28,46.75,9.675,0.0,21.39,854.05,403.82,849.98,402.03,-39.49,-34.73,142.92,147.75,141.93,126.20,0.8534,17.4800,-39.4900,0.0000,0.0000,0.8174,0
327,08:57:34.753,ROI,160,160,288,288,10.82,119.98,3.4,0.0,8.33,847.90,396.39,845.74,398.04,-38.23,-34.58,136.77,144.13,140.67,122.90,0.8172,18.2000,-38.2300,0.0000,0.0000,0.8614,0
328,08:57:34.801,ROI,160,160,288,288,7.86,38.00,10.825,0.0,26.32,845.79,394.00,842.19,394.41,-36.01,-34.12,134.33,140.04,137.93,121.28,0.9334,14.2600,-36.0100,0.0000,0.0000,0.8180,0
329,08:57:34.865,ROI,160,160,288,288,11.21,62.07,7.0,0.0,16.11,841.56,389.25,838.65,390.44,-38.55,-34.68,131.76,135.41,137.54,119.34,0.8708,15.9500,-38.5500,0.0000,0.0000,0.8266,0
330,08:57:34.929,ROI,160,160,288,288,10.68,56.79,0.0,0.0,17.61,839.45,387.70,835.63,387.03,-33.66,-33.98,131.54,131.36,137.02,118.24,0.9452,13.6300,-33.6600,0.0000,0.0000,0.8282,0
331,08:57:34.979,ROI,160,160,288,288,11.69,43.84,10.375,0.0,22.81,835.18,384.10,832.48,383.62,-34.65,-33.29,132.66,129.55,138.42,117.68,0.8858,16.0100,-34.6500,0.0000,0.0000,0.8235,0
332,08:57:35.041,ROI,160,160,288,288,7.91,50.76,7.925,0.0,19.70,833.63,381.79,829.88,380.44,-34.46,-32.87,129.32,128.16,136.57,117.59,0.9403,14.9300,-34.4600,0.0000,0.0000,0.8314,0
333,08:57:35.089,ROI,160,160,288,288,7.88,42.03,9.9,0.0,23.79,830.55,380.15,827.31,377.73,-33.58,-32.69,133.52,128.35,136.24,114.97,0.9299,14.9800,-33.5800,0.0000,0.0000,0.8545,0
334,08:57:35.217,ROI,160,160,288,288,10.86,125.46,3.275,0.0,7.97,823.63,376.31,823.70,374.77,-36.77,-33.90,140.64,130.56,135.85,117.94,0.8481,15.0400,-36.7700,0.0000,0.0000,0.7626,0
335,08:57:35.282,ROI,160,160,288,288,7.91,54.02,7.425,0.0,18.51,819.85,371.05,820.03,371.26,-36.86,-34.90,136.32,131.54,135.34,119.93,0.8677,15.1500,-36.8600,0.0000,0.0000,0.7864,0
336,08:57:35.329,ROI,160,160,288,288,7.99,41.42,10.075,0.0,24.14,817.36,368.93,816.94,368.19,-40.22,-36.46,135.10,131.24,133.13,116.23,0.9300,14.5100,-40.2200,0.0000,0.0000,0.7742,0
337,08:57:35.394,ROI,160,160,288,288,13.62,61.76,6.95,0.0,16.19,812.10,366.42,813.22,365.21,-39.44,-37.72,141.31,133.02,132.82,117.95,0.8865,14.4200,-39.4400,0.2500,-34.3800,0.7253,0
338,08:57:35.442,ROI,160,160,288,288,7.97,36.57,11.575,0.0,27.34,810.31,365.23,809.84,362.65,-39.65,-38.84,142.86,135.20,134.15,117.95,0.9543,13.8300,-39.6500,0.0000,0.0000,0.7626,0
339,08:57:35.505,ROI,160,160,288,288,9.44,58.13,7.225,0.0,17.20,805.70,362.35,806.38,360.15,-39.95,-39.66,144.15,137.23,134.26,116.95,0.8904,14.6300,-39.9500,1.5400,-34.7400,0.7498,0
340,08:57:35.569,ROI,160,160,288,288,14.14,63.40,7.2,0.0,15.77,803.83,360.58,803.17,357.78,-40.97,-40.09,143.59,138.90,133.88,116.55,0.9438,13.9700,-40.9700,2.5700,-39.4600,0.7534,0
341,08:57:35.617,ROI,160,160,288,288,9.49,34.07,12.15,0.0,29.35,799.38,356.49,799.84,355.11,-41.61,-40.97,141.29,139.61,130.73,117.59,0.8739,14.3700,-41.6100,2.0100,-38.1800,0.7338,0
342,08:57:35.745,ROI,160,160,288,288,9.16,121.39,3.3,0.0,8.24,791.64,351.99,795.05,351.87,-40.11,-41.44,145.88,141.74,132.43,117.74,0.8267,13.1600,-40.1100,0.6200,-38.2200,0.7396,0
343,08:57:35.793,ROI,160,160,288,288,7.87,40.52,10.3,0.0,24.68,789.78,350.69,790.84,349.20,-40.17,-41.93,147.59,144.27,132.75,115.79,0.9513,13.7800,-40.1700,0.0000,0.0000,0.7623,0
344,08:57:35.857,ROI,160,160,288,288,11.27,62.13,7.0,0.0,16.09,788.59,350.05,787.75,347.42,-39.48,-42.12,150.20,147.12,131.40,115.20,0.9714,14.5200,-39.4800,0.0000,0.0000,0.7660,0
345,08:57:35.922,ROI,160,160,288,288,11.43,58.35,7.45,0.0,17.14,784.35,347.50,784.20,345.64,-36.87,-41.55,153.27,150.68,130.70,115.34,0.8979,14.1600,-36.8700,0.0000,0.0000,0.7884,0
346,08:57:35.970,ROI,160,160,288,288,7.94,35.37,0.0,0.0,28.27,781.97,345.96,781.06,344.17,-44.59,-42.64,154.98,154.14,129.64,115.60,0.9391,13.3500,-44.5900,0.0000,0.0000,0.6869,0
347,08:57:36.034,ROI,160,160,288,288,8.00,57.99,7.05,0.0,17.24,777.36,343.29,777.46,342.45,-43.84,-43.69,154.46,156.76,129.42,113.62,0.8904,13.1700,-43.8400,0.0000,0.0000,0.6760,0
348,08:57:36.097,ROI,160,160,288,288,7.90,57.02,7.15,0.0,17.54,775.31,340.55,774.34,340.75,-42.26,-43.90,151.50,158.24,131.80,115.94,0.9244,13.0800,-42.2600,0.0000,0.0000,0.6959,0
349,08:57:36.145,ROI,160,160,288,288,12.03,46.89,9.825,0.0,21.33,770.61,336.47,770.68,338.33,-40.76,-43.97,146.41,157.67,129.78,111.85,0.8681,15.1800,-40.7600,0.0000,0.0000,0.7448,0
350,08:57:36.273,ROI,160,160,288,288,7.90,117.02,3.4,0.0,8.55,763.47,329.66,766.41,334.75,-46.36,-45.17,140.09,154.83,126.86,110.29,0.7960,17.1200,-46.3600,0.0000,0.0000,0.8181,0
351,08:57:36.322,ROI,160,160,256,256,7.81,42.75,9.7,0.0,23.39,763.16,329.40,762.92,331.88,-45.43,-45.65,140.51,152.39,126.77,105.79,0.9547,14.6400,-45.4300,0.0000,0.0000,0.7854,0
352,08:57:36.385,ROI,160,160,256,256,11.40,61.54,0.0,0.0,16.25,758.39,326.68,759.14,329.00,-51.47,-47.63,142.73,150.62,126.38,103.78,0.8821,15.2100,-51.4700,0.0000,0.0000,0.7802,0
353,08:57:36.450,ROI,160,160,256,256,12.96,59.89,7.475,0.0,16.70,756.88,325.10,755.73,326.28,-49.86,-48.91,141.45,148.61,123.86,101.90,0.9468,14.2400,-49.8600,0.0000,0.0000,0.7411,0
354,08:57:36.498,ROI,160,160,256,256,11.37,39.62,11.825,0.0,25.24,753.31,319.42,752.48,322.67,-49.30,-49.69,131.98,143.73,123.90,101.31,0.8464,16.4200,-49.3000,0.0000,0.0000,0.7514,0
355,08:57:36.562,ROI,160,160,256,256,9.17,54.90,7.6,0.0,18.21,750.50,317.48,749.25,319.04,-58.46,-53.04,131.59,138.73,119.76,102.53,0.9203,14.6400,-58.4600,0.0000,0.0000,0.8364,0
356,08:57:36.674,ROI,160,160,256,256,11.16,108.29,7.625,0.0,9.23,744.06,312.63,745.30,315.00,-53.35,-54.06,134.38,135.28,120.77,103.42,0.8213,14.6400,-53.3500,0.0000,0.0000,0.7857,0
357,08:57:36.737,ROI,160,160,256,256,7.79,52.42,7.725,0.0,19.08,742.77,311.36,742.21,311.79,-48.60,-53.56,133.90,132.50,117.44,99.87,0.9390,14.9800,-48.6000,0.0000,0.0000,0.8280,0
358,08:57:36.801,ROI,160,160,256,256,8.18,58.94,7.025,0.0,16.97,738.98,308.22,738.92,308.48,-47.05,-52.73,134.84,130.55,118.77,100.91,0.8824,15.9500,-47.0500,0.0000,0.0000,0.7965,0
359,08:57:36.849,ROI,160,160,256,256,7.85,40.66,10.1,0.0,24.59,736.82,308.30,736.03,306.14,-44.75,-51.01,141.04,130.86,118.50,101.30,0.9607,14.9100,-44.7500,0.0000,0.0000,0.7910,0
360,08:57:36.913,ROI,160,160,256,256,11.34,62.08,7.025,0.0,16.11,733.82,305.36,733.09,303.61,-45.30,-49.93,139.33,130.95,118.69,101.55,0.8984,15.8100,-45.3000,0.0000,0.0000,0.8091,0
361,08:57:36.977,ROI,160,160,256,256,7.95,53.41,7.6,0.0,18.72,731.85,303.14,730.52,301.27,-46.95,-49.32,137.59,130.77,117.95,100.00,0.9261,15.0200,-46.9500,0.0000,0.0000,0.7994,0
362,08:57:37.026,ROI,160,160,256,256,11.25,46.37,9.75,0.0,21.57,729.19,301.13,727.84,299.03,-50.69,-49.79,140.14,131.95,118.77,99.73,0.9191,13.4800,-50.6900,0.0000,0.0000,0.7392,0
363,08:57:37.153,ROI,160,160,256,256,10.90,120.01,3.4,0.0,8.33,720.42,296.42,723.51,296.09,-44.55,-48.69,145.81,134.55,112.80,97.94,0.7858,14.6200,-44.5500,0.0000,0.0000,0.7841,0
364,08:57:37.202,ROI,160,160,256,256,12.31,42.48,20.875,0.0,23.54,718.70,295.20,719.96,293.63,-44.53,-47.51,145.34,136.39,115.82,99.94,0.9467,13.1200,-44.5300,0.0000,0.0000,0.7832,0
365,08:57:37.265,ROI,160,160,256,256,9.09,50.18,8.0,0.0,19.93,715.26,292.49,716.43,291.38,-44.79,-46.57,147.47,139.15,114.90,97.98,0.8931,13.1200,-44.7900,0.3100,-36.4700,0.7607,0
366,08:57:37.329,ROI,160,160,256,256,13.07,62.20,7.1,0.0,16.08,713.91,290.59,713.34,289.30,-43.24,-45.07,146.00,141.62,116.32,98.61,0.9403,14.4400,-43.2400,0.7800,-42.3600,0.7924,0
367,08:57:37.378,ROI,160,160,256,256,11.86,39.32,11.275,0.0,25.43,709.34,287.62,710.02,287.10,-37.28,-42.25,146.48,143.68,116.22,99.38,0.8722,14.8900,-37.2800,0.0000,0.0000,0.7659,0
368,08:57:37.442,ROI,160,160,256,256,7.79,52.77,7.725,0.0,18.95,706.84,285.96,706.77,285.02,-36.40,-39.57,147.37,145.75,115.86,99.97,0.9272,13.9200,-36.4000,0.0000,0.0000,0.7789,0
369,08:57:37.489,ROI,160,160,256,256,7.97,41.71,10.0,0.0,23.98,705.87,285.02,704.18,283.33,-35.60,-37.07,146.88,147.42,117.01,99.07,0.9652,14.5900,-35.6000,0.0000,0.0000,0.7962,0
370,08:57:37.617,ROI,160,160,256,256,8.02,121.31,3.275,0.0,8.24,700.65,281.54,700.82,281.21,-36.56,-35.16,147.83,149.26,116.29,100.66,0.8553,14.0900,-36.5600,0.0000,0.0000,0.7649,0
371,08:57:37.666,ROI,160,160,256,256,7.98,42.82,9.75,0.0,23.36,696.82,278.97,697.32,279.14,-41.64,-34.89,149.35,151.57,113.74,100.64,0.8903,13.7900,-41.6400,0.0000,0.0000,0.7349,0
372,08:57:37.730,ROI,160,160,256,256,8.66,59.38,0.0,0.0,16.84,694.03,277.79,694.34,277.56,-40.53,-34.64,152.07,154.01,113.07,102.27,0.9308,12.7100,-40.5300,0.0000,0.0000,0.7374,0
373,08:57:37.793,ROI,160,160,256,256,7.95,55.02,7.325,0.0,18.18,690.80,274.44,691.27,275.58,-36.80,-33.64,147.25,154.66,113.76,102.02,0.8861,14.6200,-36.8000,0.0000,0.0000,0.7638,0
374,08:57:37.841,ROI,160,160,256,256,9.85,43.39,0.0,0.0,23.04,688.35,272.77,688.19,273.58,-42.21,-34.50,146.91,154.77,110.26,101.30,0.9268,13.5400,-42.2100,0.0000,0.0000,0.7870,0
375,08:57:37.905,ROI,160,160,224,224,11.73,60.79,14.5,0.0,16.45,685.56,267.87,685.25,270.82,-37.04,-34.46,136.76,151.64,111.79,95.02,0.8630,15.1600,-37.0400,0.0000,0.0000,0.7431,0
376,08:57:37.970,ROI,160,160,224,224,7.72,51.98,0.0,0.0,19.24,683.84,269.02,682.54,268.86,-42.33,-35.49,144.17,150.30,111.13,98.31,0.9376,11.5500,-42.3300,0.0000,0.0000,0.7460,0
377,08:57:38.017,ROI,160,160,224,224,9.41,42.86,10.05,0.0,23.33,680.07,264.93,679.68,266.29,-37.56,-35.39,138.11,147.09,110.56,94.54,0.8605,15.5100,-37.5600,0.7200,-32.8400,0.7614,0
378,08:57:38.147,ROI,160,160,224,224,14.48,128.53,0.0,0.0,7.78,674.23,260.85,675.90,263.16,-38.01,-35.82,140.42,144.66,111.22,93.80,0.8287,15.5300,-38.0100,0.0000,0.0000,0.7838,0
379,08:57:38.193,ROI,160,160,224,224,11.62,37.72,12.625,0.0,26.51,673.62,260.74,672.91,260.72,-34.11,-35.63,140.73,142.66,110.22,94.25,0.9844,14.2200,-34.1100,0.0000,0.0000,0.7776,0
380,08:57:38.257,ROI,160,160,224,224,11.18,55.21,7.625,0.0,18.11,671.33,259.36,670.45,258.84,-33.27,-35.07,142.62,141.74,110.21,93.90,0.9320,15.5000,-33.2700,0.0000,0.0000,0.8105,0
381,08:57:38.321,ROI,160,160,224,224,7.81,51.58,15.125,0.0,19.39,668.69,257.36,667.82,256.79,-33.97,-35.09,142.05,140.64,110.77,94.53,0.9146,15.8400,-33.9700,0.0000,0.0000,0.8155,0
382,08:57:38.370,ROI,160,160,224,224,7.86,42.81,9.675,0.0,23.36,666.11,255.80,665.39,254.85,-35.94,-35.29,141.46,139.21,114.28,95.76,0.9247,15.7300,-35.9400,0.0000,0.0000,0.8043,0
383,08:57:38.434,ROI,160,160,256,256,11.20,61.74,0.0,0.0,16.20,661.71,251.02,662.37,252.05,-35.57,-35.56,137.09,136.76,113.52,93.46,0.8395,14.1500,-35.5700,0.0000,0.0000,0.7562,0
384,08:57:38.497,ROI,160,160,256,256,10.01,55.12,15.375,0.0,18.14,660.23,250.06,659.75,249.86,-36.41,-36.16,140.11,136.23,114.75,92.61,0.9548,14.6900,-36.4100,0.0000,0.0000,0.7566,0
385,08:57:38.545,ROI,160,160,256,256,7.94,37.69,31.975,0.0,26.53,657.58,246.85,657.10,247.35,-33.72,-35.13,136.59,135.14,115.22,93.78,0.8927,14.5600,-33.7200,0.0000,0.0000,0.7807,0
386,08:57:38.673,ROI,160,160,256,256,7.87,122.48,0.0,0.0,8.16,651.67,243.84,653.89,244.88,-34.23,-34.58,142.44,135.77,115.14,96.18,0.8495,16.2600,-34.2300,0.0000,0.0000,0.8356,0
387,08:57:38.721,ROI,160,160,256,256,7.98,41.92,9.95,0.0,23.85,650.34,242.92,651.00,242.73,-38.36,-35.48,143.39,136.91,113.62,95.26,0.9586,15.6100,-38.3600,0.0000,0.0000,0.7426,0
388,08:57:38.785,ROI,160,160,256,256,11.32,61.83,7.05,0.0,16.17,647.22,240.03,648.10,240.50,-37.09,-36.04,142.44,137.90,113.65,96.08,0.8924,15.4600,-37.0900,0.0000,0.0000,0.7904,0
389,08:57:38.849,ROI,160,160,256,256,11.36,55.52,7.6,0.0,18.01,645.06,238.93,645.31,238.38,-36.05,-36.45,142.79,138.59,115.23,94.34,0.9415,15.7900,-36.0500,0.0000,0.0000,0.7514,0
390,08:57:38.897,ROI,160,160,256,256,7.93,35.32,22.175,0.0,28.31,641.96,236.02,642.40,236.10,-35.17,-36.54,141.84,139.26,114.30,95.07,0.8922,14.6300,-35.1700,0.0000,0.0000,0.7493,0
391,08:57:38.961,ROI,160,160,256,256,11.25,62.05,7.0,0.0,16.12,639.18,234.78,639.35,234.05,-41.87,-38.21,146.09,141.38,111.15,95.62,0.9282,13.7100,-41.8700,0.0000,0.0000,0.7310,0
392,08:57:39.073,ROI,160,160,224,224,8.26,101.25,7.875,0.0,9.88,634.31,231.26,635.65,231.58,-38.48,-38.29,146.24,143.33,113.34,94.50,0.8539,16.0400,-38.4800,0.0000,0.0000,0.7809,0
393,08:57:39.138,ROI,160,160,256,256,9.15,59.85,0.0,0.0,16.71,631.68,229.56,632.55,229.47,-42.06,-39.61,145.78,144.60,115.31,96.64,0.9223,13.7600,-42.0600,0.0000,0.0000,0.7524,0
394,08:57:39.201,ROI,160,160,256,256,8.00,54.45,7.425,0.0,18.37,627.70,226.39,629.12,227.03,-41.69,-40.53,144.60,145.48,116.26,97.36,0.8764,14.0600,-41.6900,0.0000,0.0000,0.7598,0
395,08:57:39.249,ROI,160,160,256,256,7.89,41.37,0.0,0.0,24.17,626.86,225.26,626.34,224.94,-41.55,-41.09,143.10,145.68,114.40,96.16,0.9614,13.4800,-41.5500,0.0000,0.0000,0.7659,0
396,08:57:39.313,ROI,160,160,256,256,7.89,58.18,7.025,0.0,17.19,624.14,222.76,623.46,222.75,-38.38,-40.68,142.62,145.84,111.42,94.06,0.9050,15.4000,-38.3800,0.0000,0.0000,0.7983,0
397,08:57:39.377,ROI,160,160,224,224,10.72,61.09,7.0,0.0,16.37,622.68,221.85,621.09,220.96,-48.98,-43.49,143.08,146.04,108.22,92.89,0.9525,14.2000,-48.9800,0.0000,0.0000,0.7990,0
398,08:57:39.426,ROI,160,160,224,224,8.65,39.88,21.2,0.0,25.08,619.31,218.90,618.49,218.89,-47.03,-45.49,141.49,145.67,108.01,92.50,0.8833,14.0500,-47.0300,0.0000,0.0000,0.7642,0
399,08:57:39.553,ROI,160,160,224,224,7.94,119.65,3.325,0.0,8.36,614.59,214.98,615.17,216.23,-45.92,-47.01,141.25,145.25,108.96,93.24,0.8451,14.9300,-45.9200,0.0000,0.0000,0.8322,0
400,08:57:39.601,ROI,160,160,224,224,8.10,42.22,9.95,0.0,23.68,612.94,213.92,612.37,213.99,-42.36,-47.31,141.43,144.76,105.78,94.79,0.9486,13.1300,-42.3600,0.0000,0.0000,0.7453,0
401,08:57:39.664,ROI,160,160,224,224,10.68,60.01,7.125,0.0,16.66,610.10,211.35,609.65,211.69,-44.36,-47.56,139.79,143.61,105.42,94.05,0.8987,13.0500,-44.3600,0.0000,0.0000,0.7394,0
402,08:57:39.729,ROI,160,160,224,224,7.92,54.70,7.4,0.0,18.28,608.19,210.41,607.17,209.63,-42.70,-47.23,140.29,142.26,106.41,96.53,0.9403,12.9800,-42.7000,0.0000,0.0000,0.7281,0
403,08:57:39.777,ROI,160,160,224,224,8.62,41.27,10.025,0.0,24.23,605.06,207.77,604.61,207.51,-43.21,-47.24,140.29,141.22,107.17,94.43,0.8937,12.9500,-43.2100,0.0000,0.0000,0.7411,0
404,08:57:39.841,ROI,160,160,224,224,7.39,56.21,0.0,0.0,17.79,604.27,206.22,602.53,205.48,-40.91,-46.02,135.64,138.92,105.55,94.49,0.9531,13.0600,-40.9100,0.0000,0.0000,0.7489,0
405,08:57:39.906,ROI,160,160,224,224,7.47,59.29,6.825,0.0,16.87,602.73,205.03,600.69,203.93,-43.31,-45.81,139.90,138.84,105.94,95.44,0.9476,13.5400,-43.3100,0.0000,0.0000,0.7575,0
406,08:57:39.954,ROI,160,160,224,224,7.48,42.18,0.0,0.0,23.71,598.75,202.73,598.30,201.99,-50.34,-46.85,141.04,138.50,105.85,96.12,0.8856,14.9900,-50.3400,0.0000,0.0000,0.7680,0
407,08:57:40.081,ROI,160,160,224,224,7.39,120.54,3.3,0.0,8.30,593.74,199.10,595.30,199.77,-49.70,-47.75,143.46,139.36,104.76,94.33,0.8452,15.1400,-49.7000,0.0000,0.0000,0.7922,0
408,08:57:40.130,ROI,160,160,224,224,7.40,43.06,9.525,0.0,23.22,592.48,196.96,592.98,197.74,-45.51,-47.21,138.82,138.78,104.75,95.87,0.9336,13.3900,-45.5100,0.0000,0.0000,0.7922,0
409,08:57:40.193,ROI,160,160,224,224,7.47,56.85,7.125,0.0,17.59,588.57,194.18,590.14,195.39,-54.60,-49.32,140.37,138.71,105.17,94.91,0.8774,15.9600,-54.6000,0.0000,0.0000,0.8150,0
410,08:57:40.257,ROI,160,160,224,224,9.09,59.60,6.975,0.0,16.78,587.15,193.01,587.61,193.25,-53.49,-50.90,139.82,138.37,103.29,93.70,0.9493,14.6500,-53.4900,0.7200,-49.7300,0.7743,0
411,08:57:40.306,ROI,160,160,224,224,7.55,41.65,9.9,0.0,24.01,584.09,189.74,584.90,190.76,-49.98,-51.25,137.34,137.47,103.67,91.53,0.8801,14.8700,-49.9800,0.0000,0.0000,0.8269,0
412,08:57:40.370,ROI,160,160,224,224,7.52,58.06,7.0,0.0,17.22,582.98,190.20,582.55,188.89,-56.39,-53.01,141.61,137.88,104.01,93.18,0.9616,14.3300,-56.3900,0.0000,0.0000,0.8344,0
413,08:57:40.434,ROI,160,160,224,224,7.44,57.82,0.0,0.0,17.30,579.34,187.13,579.99,186.93,-53.71,-53.78,142.48,138.95,105.28,92.15,0.8748,15.7000,-53.7100,0.0000,0.0000,0.8035,0
414,08:57:40.482,ROI,160,160,224,224,7.45,41.18,9.975,0.0,24.28,577.19,186.40,577.41,185.20,-55.10,-54.65,146.23,140.78,103.70,90.75,0.9447,15.6000,-55.1000,0.0000,0.0000,0.8299,0
415,08:57:40.609,ROI,160,160,224,224,7.44,120.88,0.0,0.0,8.27,573.67,182.57,574.50,183.04,-50.75,-54.43,143.41,142.09,109.00,92.53,0.8626,16.9000,-50.7500,0.0000,0.0000,0.8161,0
416,08:57:40.657,ROI,160,160,224,224,7.97,42.54,9.825,0.0,23.50,570.21,180.33,571.62,180.93,-56.15,-55.62,143.70,142.96,105.39,93.87,0.8952,15.9800,-56.1500,0.0000,0.0000,0.8395,0
417,08:57:40.721,ROI,160,160,224,224,8.65,58.73,7.025,0.0,17.03,571.13,179.83,569.59,179.14,-57.30,-56.58,138.76,142.37,108.19,93.70,0.9639,16.0900,-57.3000,0.3700,-59.9000,0.8751,0
418,08:57:40.785,ROI,160,160,224,224,8.10,57.25,7.175,0.0,17.47,566.95,177.75,567.06,177.38,-57.28,-57.44,145.04,143.61,104.68,93.58,0.8857,16.1000,-57.2800,0.0000,0.0000,0.8551,0
419,08:57:40.834,ROI,160,160,224,224,7.45,42.37,9.65,0.0,23.60,563.80,176.30,564.29,175.64,-56.54,-58.05,147.91,145.44,105.11,94.35,0.9138,16.5800,-56.5400,0.0000,0.0000,0.8519,0
420,08:57:40.898,ROI,160,160,224,224,7.55,57.71,7.025,0.0,17.33,562.54,173.87,561.86,173.80,-49.22,-56.77,142.90,145.81,105.80,93.16,0.9276,16.2300,-49.2200,0.0000,0.0000,0.8374,0
421,08:57:40.962,ROI,160,160,224,224,8.25,58.89,6.95,0.0,16.98,559.76,171.11,559.31,171.65,-59.37,-57.74,139.81,144.93,103.01,93.53,0.8950,16.2200,-59.3700,0.0000,0.0000,0.8682,0
422,08:57:41.076,ROI,160,160,224,224,7.46,106.79,3.725,0.0,9.36,554.14,167.32,556.10,169.13,-57.27,-58.26,141.91,144.56,103.57,91.38,0.8296,15.0500,-57.2700,0.0000,0.0000,0.8319,0
423,08:57:41.138,ROI,160,160,224,224,7.52,56.09,0.0,0.0,17.83,553.12,166.17,553.38,166.87,-56.58,-58.20,140.18,143.68,104.99,91.87,0.9566,16.4300,-56.5800,0.0000,0.0000,0.8731,0
424,08:57:41.185,ROI,160,160,224,224,7.59,40.67,10.15,0.0,24.59,549.05,164.01,550.43,164.69,-53.82,-57.38,143.52,143.75,104.75,90.17,0.8839,14.4600,-53.8200,0.0000,0.0000,0.7823,0
425,08:57:41.250,ROI,160,160,224,224,7.43,59.20,6.85,0.0,16.89,547.92,162.08,547.79,162.47,-49.08,-55.39,140.03,142.90,104.85,89.68,0.9380,13.8300,-49.0800,0.0000,0.0000,0.8078,0
426,08:57:41.313,ROI,160,160,224,224,8.14,57.68,7.1,0.0,17.34,545.04,159.45,545.09,160.15,-55.59,-55.68,139.34,141.93,104.41,89.59,0.8938,15.1100,-55.5900,0.0000,0.0000,0.8139,0
427,08:57:41.362,ROI,160,160,224,224,8.00,42.07,9.8,0.0,23.77,543.75,158.64,542.63,158.07,-57.65,-55.57,139.73,141.07,103.35,89.29,0.9581,15.7700,-57.6500,0.0000,0.0000,0.8536,0
428,08:57:41.425,ROI,160,160,224,224,12.21,60.77,7.2,0.0,16.46,540.44,156.28,540.00,155.95,-62.43,-56.74,141.16,140.75,101.86,88.61,0.8904,15.3900,-62.4300,0.0000,0.0000,0.8667,0
429,08:57:41.553,ROI,160,160,224,224,16.50,124.50,3.4,0.0,8.03,535.91,152.68,537.05,153.59,-61.54,-57.50,141.37,140.51,101.42,89.36,0.8465,14.9000,-61.5400,0.0000,0.0000,0.8671,0
430,08:57:41.602,ROI,160,160,224,224,10.68,35.67,12.275,0.0,28.04,533.96,150.22,534.28,151.11,-60.33,-58.10,138.19,139.41,101.51,89.32,0.9117,14.7300,-60.3300,0.0000,0.0000,0.8424,0
431,08:57:41.666,ROI,160,160,224,224,11.36,57.68,15.1,0.0,17.34,530.62,148.21,531.38,148.76,-61.45,-58.77,140.94,139.30,99.40,89.10,0.8955,14.5300,-61.4500,0.0000,0.0000,0.8435,0
432,08:57:41.730,ROI,160,160,224,224,12.58,56.40,7.6,0.0,17.73,529.38,146.33,528.85,146.42,-57.21,-58.41,137.23,138.20,99.69,88.51,0.9356,14.1300,-57.2100,0.0000,0.0000,0.8244,0
433,08:57:41.778,ROI,160,160,224,224,11.35,37.18,11.275,0.0,26.90,527.08,143.75,526.47,144.04,-57.00,-58.08,135.03,136.68,98.55,85.71,0.9005,13.8100,-57.0000,0.0000,0.0000,0.8149,0
434,08:57:41.840,ROI,160,160,224,224,8.41,52.57,0.0,0.0,19.02,525.87,142.47,524.28,141.88,-58.35,-58.51,135.37,135.95,97.89,85.50,0.9472,12.4900,-58.3500,0.0000,0.0000,0.8125,0
435,08:57:41.905,ROI,160,160,224,224,8.19,59.13,6.975,0.0,16.91,524.72,140.56,522.29,139.69,-59.61,-59.23,132.33,134.32,98.55,85.85,0.9348,13.8300,-59.6100,0.0000,0.0000,0.8340,0
436,08:57:41.953,ROI,160,160,224,224,11.93,45.33,0.0,0.0,22.06,521.59,139.05,520.13,137.67,-63.11,-60.31,136.72,134.05,96.96,86.42,0.9067,13.8700,-63.1100,0.0000,0.0000,0.8375,0
437,08:57:42.081,ROI,160,160,224,224,11.86,118.26,3.4,0.0,8.46,517.28,134.93,517.66,135.22,-64.44,-61.67,135.33,133.30,97.27,84.99,0.8342,13.9600,-64.4400,0.0000,0.0000,0.8137,0
438,08:57:42.129,ROI,160,160,224,224,11.10,40.50,11.125,0.0,24.69,516.13,133.61,515.46,133.07,-64.95,-63.44,135.59,133.18,98.43,88.37,0.9398,13.5900,-64.9500,0.0000,0.0000,0.8280,0
439,08:57:42.193,ROI,160,160,224,224,10.93,57.74,7.425,33.375,17.32,512.60,131.39,513.08,130.99,-65.11,-64.33,138.93,133.99,99.12,87.99,0.8867,14.0600,-65.1100,0.0000,0.0000,0.8397,0
440,08:57:42.256,ROI,160,160,224,224,10.61,57.29,7.6,0.0,17.45,510.98,130.30,510.84,129.15,-58.95,-63.49,140.61,135.32,99.40,87.39,0.9445,12.5100,-58.9500,0.0000,0.0000,0.8200,0
441,08:57:42.305,ROI,160,160,224,224,9.95,41.45,21.025,0.0,24.13,507.30,128.10,508.31,127.41,-60.02,-63.32,145.49,138.18,95.87,86.39,0.8829,14.2100,-60.0200,0.0000,0.0000,0.8472,0
442,08:57:42.369,ROI,160,160,192,192,11.08,57.32,14.9,0.0,17.45,505.46,127.04,505.83,125.73,-57.51,-61.97,145.89,140.60,93.17,82.28,0.9164,14.3300,-57.5100,0.0000,0.0000,0.8590,0
443,08:57:42.433,ROI,160,160,192,192,8.03,52.44,7.575,0.0,19.07,503.92,125.20,503.66,124.16,-56.54,-60.68,144.00,142.21,93.62,82.67,0.9259,14.3300,-56.5400,0.0000,0.0000,0.8579,0
444,08:57:42.480,ROI,160,160,192,192,10.65,44.47,10.025,0.0,22.49,503.17,123.91,501.87,122.62,-55.87,-59.22,139.42,142.07,94.60,84.80,0.9543,14.9600,-55.8700,0.0000,0.0000,0.8667,0
445,08:57:42.608,ROI,160,160,192,192,8.26,118.42,3.375,0.0,8.44,498.72,120.46,499.53,120.79,-55.30,-58.21,142.00,142.78,94.86,84.14,0.8417,16.5000,-55.3000,0.0000,0.0000,0.8483,0
446,08:57:42.657,ROI,160,160,192,192,8.19,42.51,9.925,0.0,23.53,494.29,117.31,496.75,118.70,-51.95,-56.05,142.96,143.58,92.24,82.32,0.8460,15.6800,-51.9500,0.0000,0.0000,0.7839,0
447,08:57:42.720,ROI,160,160,192,192,8.05,57.50,7.125,0.0,17.39,493.09,117.98,494.03,117.20,-54.29,-54.66,151.18,146.85,92.36,84.00,0.9550,14.3800,-54.2900,0.0000,0.0000,0.8679,0
448,08:57:42.784,ROI,160,160,192,192,8.17,58.48,7.05,0.0,17.10,490.61,115.14,491.41,115.40,-47.80,-51.72,145.51,147.66,93.01,82.03,0.8868,14.9900,-47.8000,0.0000,0.0000,0.7533,0
449,08:57:42.833,ROI,160,160,192,192,8.04,41.95,9.925,0.0,23.84,489.02,115.11,489.05,114.00,-54.04,-50.86,149.28,148.90,93.56,82.90,0.9564,14.1000,-54.0400,0.0000,0.0000,0.8385,0
450,08:57:42.897,ROI,160,160,192,192,10.58,60.94,7.075,0.0,16.41,486.88,113.79,486.61,112.67,-50.17,-49.87,151.44,150.73,94.27,82.90,0.9261,15.8600,-50.1700,0.0000,0.0000,0.7916,0
451,08:57:42.960,ROI,160,160,192,192,10.37,54.92,7.475,0.0,18.21,483.85,111.58,483.95,111.19,-47.51,-47.63,150.97,152.31,92.10,81.36,0.8894,15.1800,-47.5100,0.0000,0.0000,0.7336,0
452,08:57:43.074,ROI,160,160,192,192,12.04,108.11,7.625,0.0,9.25,479.27,106.50,480.98,108.95,-42.73,-44.65,142.90,151.25,94.44,79.94,0.8034,16.5400,-42.7300,0.0000,0.0000,0.7935,0
453,08:57:43.138,ROI,160,160,192,192,10.92,56.88,7.65,0.0,17.58,480.20,106.16,478.85,107.07,-54.16,-45.24,138.68,149.17,94.60,79.85,0.9721,14.1700,-54.1600,0.0000,0.0000,0.7972,0
454,08:57:43.185,ROI,160,160,192,192,8.01,36.78,11.275,0.0,27.19,476.03,104.18,476.35,105.15,-52.19,-45.69,142.46,147.89,93.14,79.81,0.8724,14.4700,-52.1900,0.0000,0.0000,0.7624,0
455,08:57:43.249,ROI,160,160,192,192,10.69,61.60,0.0,0.0,16.23,475.68,103.56,474.29,103.52,-51.29,-46.59,141.58,146.63,93.90,81.22,0.9748,13.2200,-51.2900,0.0000,0.0000,0.7253,0
456,08:57:43.313,ROI,160,160,192,192,11.27,57.62,15.05,0.0,17.35,472.52,100.43,472.02,101.55,-48.37,-46.45,139.06,144.80,94.28,80.30,0.8675,14.3600,-48.3700,0.0000,0.0000,0.7220,0
457,08:57:43.360,ROI,160,160,192,192,8.06,37.38,11.05,0.0,26.75,471.82,100.20,470.05,99.87,-52.38,-47.48,139.54,143.20,93.31,81.46,0.9715,13.8300,-52.3800,0.0000,0.0000,0.7618,0
458,08:57:43.489,ROI,160,160,192,192,10.06,124.69,3.275,0.0,8.02,468.44,96.05,467.79,97.51,-52.23,-48.09,133.76,140.03,95.52,80.87,0.8432,15.6900,-52.2300,0.0000,0.0000,0.7819,0
459,08:57:43.536,ROI,160,160,192,192,13.42,44.38,0.0,0.0,22.53,465.78,93.29,465.62,95.06,-46.71,-47.32,131.55,136.53,96.50,79.54,0.8846,14.6800,-46.7100,0.0000,0.0000,0.7250,0
460,08:57:43.602,ROI,160,160,224,224,8.14,53.61,7.55,0.0,18.65,465.49,93.60,463.96,93.28,-50.98,-47.97,132.94,134.04,97.50,82.07,0.9593,14.2800,-50.9800,0.0000,0.0000,0.7983,0
461,08:57:43.665,ROI,160,160,224,224,10.98,59.19,7.25,0.0,16.89,462.90,90.83,462.26,91.23,-48.47,-47.86,129.69,130.76,97.80,80.30,0.8872,13.3300,-48.4700,0.0000,0.0000,0.8100,0
462,08:57:43.712,ROI,160,160,224,224,8.12,37.75,11.0,0.0,26.49,461.27,91.18,460.61,89.77,-49.37,-48.49,138.50,130.54,95.98,81.48,0.9534,13.1700,-49.3700,0.0000,0.0000,0.8093,0
463,08:57:43.776,ROI,160,160,192,192,9.68,59.06,7.1,0.0,16.93,459.86,88.45,459.13,88.08,-47.34,-48.71,131.30,128.79,97.12,80.62,0.9088,16.9300,-47.3400,0.0000,0.0000,0.8634,0
464,08:57:43.840,ROI,160,160,224,224,9.80,58.23,0.0,0.0,17.17,457.78,86.95,457.48,86.39,-53.66,-50.64,134.21,128.21,96.82,81.38,0.9240,14.0200,-53.6600,0.0000,0.0000,0.8402,0
465,08:57:43.888,ROI,160,160,224,224,8.16,39.99,10.4,0.0,25.01,456.62,85.64,455.89,84.80,-51.57,-51.80,134.93,128.46,97.73,81.33,0.9457,13.9600,-51.5700,0.0000,0.0000,0.7986,0
466,08:57:44.017,ROI,160,160,224,224,8.20,122.59,3.275,0.0,8.16,452.91,81.89,453.81,82.60,-50.92,-52.37,133.42,128.25,97.43,81.02,0.8475,13.6100,-50.9200,0.0000,0.0000,0.7268,0
467,08:57:44.065,ROI,160,160,224,224,11.31,45.63,9.8,0.0,21.92,449.28,80.33,451.45,80.69,-55.32,-53.82,141.03,130.51,94.18,79.74,0.8930,15.0900,-55.3200,0.0000,0.0000,0.7877,0
468,08:57:44.129,ROI,160,160,192,192,8.10,53.90,7.675,0.0,18.55,447.97,79.40,449.21,79.00,-47.52,-52.80,143.11,133.39,94.22,80.33,0.9505,14.3300,-47.5200,0.0000,0.0000,0.8171,0
469,08:57:44.192,ROI,160,160,192,192,10.57,60.41,7.1,0.0,16.55,445.49,77.42,446.95,77.31,-46.07,-51.26,143.17,135.97,94.79,78.80,0.9040,14.0300,-46.0700,0.0000,0.0000,0.8179,0
470,08:57:44.241,ROI,160,160,192,192,8.51,40.00,0.0,0.0,25.00,445.82,76.76,445.26,75.86,-45.96,-50.19,139.36,137.32,93.88,79.07,0.9740,14.3800,-45.9600,0.0000,0.0000,0.8005,0
471,08:57:44.305,ROI,160,160,192,192,10.93,59.49,7.225,0.0,16.81,443.48,75.46,443.53,74.53,-47.83,-49.52,142.39,139.04,96.12,79.97,0.9217,15.2200,-47.8300,0.0000,0.0000,0.7997,0
472,08:57:44.369,ROI,160,160,224,224,8.17,54.24,7.525,0.0,18.44,443.53,75.25,442.27,73.50,-51.94,-50.08,140.73,140.10,96.19,79.73,0.9937,13.6900,-51.9400,0.0000,0.0000,0.8249,0
473,08:57:44.418,ROI,160,160,224,224,11.51,46.38,9.7,0.0,21.56,442.38,74.48,441.05,72.62,-50.02,-50.02,144.49,142.19,97.31,78.99,0.9580,14.2400,-50.0200,0.0000,0.0000,0.8011,0
474,08:57:44.546,ROI,160,160,224,224,13.11,122.54,0.0,0.0,8.16,441.12,73.71,439.69,71.81,-49.80,-49.84,149.14,145.72,95.48,79.02,0.9555,14.0800,-49.8000,0.0000,0.0000,0.7793,0
475,08:57:44.592,ROI,160,160,192,192,8.05,34.16,0.0,0.0,29.28,439.97,73.12,438.55,71.29,-49.91,-49.63,155.42,150.37,92.44,79.45,0.9540,14.5300,-49.9100,0.0000,0.0000,0.8079,0
476,08:57:44.657,ROI,160,160,192,192,11.02,61.18,7.025,0.0,16.35,440.28,72.74,438.05,71.10,-46.49,-48.74,158.98,155.32,93.06,79.50,0.9840,15.4800,-46.4900,0.0000,0.0000,0.8908,0
477,08:57:44.721,ROI,160,160,192,192,12.11,58.51,7.5,0.0,17.09,439.23,72.58,437.47,70.90,-49.26,-48.42,160.89,159.29,91.52,79.52,0.9734,15.8400,-49.2600,0.0000,0.0000,0.8557,0
478,08:57:44.769,ROI,160,160,192,192,10.90,39.29,22.1,0.0,25.45,439.71,72.50,437.31,70.97,-46.88,-48.03,-155.96,174.27,92.39,79.56,0.9879,15.4700,-46.8800,0.0000,0.0000,0.8854,0
479,08:57:44.833,ROI,160,160,192,192,10.94,56.47,7.575,0.0,17.71,439.05,72.34,437.12,70.99,-48.67,-47.64,-174.08,181.87,91.57,79.81,0.9816,15.7000,-48.6700,0.0000,0.0000,0.8829,0
480,08:57:44.897,ROI,160,160,192,192,11.48,58.27,7.425,0.0,17.16,438.95,72.22,437.07,71.02,-48.20,-47.44,-149.81,194.04,91.46,79.73,0.9949,16.1100,-48.2000,0.0000,0.0000,0.8829,0
481,08:57:44.945,ROI,160,160,192,192,10.69,39.47,22.15,0.0,25.33,439.10,72.16,437.26,71.12,-45.60,-46.84,-26.56,236.30,92.75,79.07,0.9781,15.5100,-45.6000,0.0000,0.0000,0.8951,0
482,08:57:45.073,ROI,160,160,192,192,8.18,118.58,6.7,0.0,8.43,439.31,72.20,437.85,71.57,-48.55,-47.69,-37.77,269.86,92.32,79.62,0.9885,16.2000,-48.5500,0.0000,0.0000,0.8838,0
483,08:57:45.121,ROI,160,160,192,192,10.47,43.66,10.125,0.0,22.91,439.20,72.20,438.22,71.95,-48.66,-47.62,-45.74,296.15,91.99,79.56,0.9957,16.1100,-48.6600,0.0000,0.0000,0.8820,0
484,08:57:45.185,ROI,160,160,192,192,10.81,57.38,7.45,0.0,17.43,439.12,72.16,438.79,72.34,-48.77,-47.69,-34.71,320.11,92.03,79.63,0.9970,16.3200,-48.7700,0.0000,0.0000,0.8854,0
485,08:57:45.248,ROI,160,160,192,192,10.33,56.57,0.0,0.0,17.68,439.11,72.19,439.21,72.62,-48.89,-47.83,-32.83,339.69,91.96,79.62,0.9983,16.2500,-48.8900,0.0000,0.0000,0.8851,0
486,08:57:45.296,ROI,160,160,192,192,8.17,37.90,0.0,0.0,26.39,439.06,72.18,439.70,72.96,-48.97,-48.25,-35.06,354.28,91.97,79.69,0.9981,16.2500,-48.9700,0.0000,0.0000,0.8859,0
487,08:57:45.360,ROI,160,160,192,192,11.09,61.34,7.075,0.0,16.30,439.12,72.19,440.05,73.11,-48.94,-48.29,-23.29,367.79,92.17,79.62,0.9969,16.2400,-48.9400,0.0000,0.0000,0.8834,0
488,08:57:45.473,ROI,160,160,192,192,8.25,102.73,7.75,0.0,9.73,439.37,72.22,440.53,73.41,-48.03,-48.04,-32.28,375.34,92.50,79.58,0.9940,16.1300,-48.0300,0.0000,0.0000,0.8862,0
489,08:57:45.536,ROI,160,160,192,192,11.61,60.80,7.225,0.0,16.45,439.46,72.35,441.03,73.80,-48.19,-48.33,-38.03,378.28,92.32,79.52,0.9947,15.5600,-48.1900,0.0000,0.0000,0.8852,0
490,08:57:45.600,ROI,160,160,192,192,8.10,53.84,15.125,0.0,18.57,440.52,72.70,441.58,74.05,-46.15,-47.75,-24.15,382.06,93.73,79.45,0.9689,15.5300,-46.1500,0.0000,0.0000,0.8902,0
491,08:57:45.648,ROI,160,160,192,192,8.13,41.59,9.975,0.0,24.05,440.20,72.83,441.96,74.34,-48.39,-48.06,-37.39,379.88,92.15,79.28,0.9798,15.3800,-48.3900,0.0000,0.0000,0.8699,0
492,08:57:45.713,ROI,160,160,192,192,10.52,61.39,7.025,0.0,16.29,440.54,73.24,442.28,74.46,-45.72,-47.60,-21.18,379.23,92.09,79.24,0.9826,15.1800,-45.7200,0.0000,0.0000,0.8665,0
493,08:57:45.776,ROI,160,160,192,192,8.53,54.57,7.5,0.0,18.33,441.16,73.75,442.58,74.70,-46.64,-47.68,-38.10,372.60,92.46,79.68,0.9739,15.1900,-46.6400,0.0000,0.0000,0.8697,0
494,08:57:45.824,ROI,160,160,192,192,8.12,41.02,10.1,0.0,24.38,442.46,74.96,443.07,75.11,-50.27,-48.19,-40.40,363.99,92.20,80.04,0.9436,14.2300,-50.2700,0.0000,0.0000,0.8290,0
495,08:57:45.952,ROI,160,160,192,192,7.93,121.95,0.0,0.0,8.20,446.08,77.44,444.24,76.00,-45.44,-47.47,-36.96,355.53,92.74,78.68,0.8709,12.9700,-45.4400,0.0000,0.0000,0.7889,0
496,08:57:46.000,ROI,160,160,192,192,15.81,50.00,9.925,0.0,20.00,445.86,77.72,445.21,76.94,-46.39,-47.08,-44.01,344.91,93.30,79.43,0.9846,13.4800,-46.3900,0.0000,0.0000,0.7840,0
497,08:57:46.065,ROI,160,160,192,192,9.66,52.40,8.15,0.0,19.08,449.25,79.92,447.01,78.29,-47.23,-46.49,-36.91,335.62,94.09,81.22,0.8822,12.9700,-47.2300,0.0000,0.0000,0.7937,0
498,08:57:46.129,ROI,160,160,192,192,10.18,56.51,7.425,0.0,17.70,449.78,81.01,448.62,79.66,-45.12,-45.97,-40.40,325.33,92.89,81.06,0.9612,13.7900,-45.1200,0.0000,0.0000,0.8300,0
499,08:57:46.176,ROI,160,160,192,192,10.23,39.69,21.2,0.0,25.20,453.19,83.02,450.92,81.36,-44.07,-45.43,-36.65,316.60,94.06,79.60,0.8860,13.9900,-44.0700,0.0000,0.0000,0.8082,0
500,08:57:46.241,ROI,160,160,192,192,10.51,57.40,0.0,0.0,17.42,454.60,83.81,453.05,82.95,-45.37,-45.43,-36.65,309.04,95.24,80.51,0.9519,14.6700,-45.3700,0.0000,0.0000,0.8845,0
501,08:57:46.289,ROI,160,160,192,192,11.13,42.53,10.5,0.0,23.51,457.01,84.97,455.51,84.58,-46.09,-45.56,-33.51,303.27,98.22,80.98,0.9248,15.0400,-46.0900,0.0000,0.0000,0.8693,0
502,08:57:46.417,ROI,160,160,224,224,8.13,117.97,3.375,0.0,8.48,461.07,89.03,458.48,86.91,-46.38,-45.42,-38.06,297.90,99.47,80.14,0.8360,13.5200,-46.3800,0.0000,0.0000,0.7924,0
503,08:57:46.466,ROI,160,160,224,224,10.59,45.10,9.9,0.0,22.17,462.34,91.41,461.23,89.43,-51.69,-46.80,-42.51,293.00,96.82,82.54,0.9191,13.4000,-51.6900,0.0000,0.0000,0.8089,0
504,08:57:46.529,ROI,160,160,224,224,8.13,53.91,7.55,0.0,18.55,463.82,92.54,463.86,91.80,-52.17,-48.13,-41.96,290.22,97.64,82.91,0.9442,13.5300,-52.1700,0.0000,0.0000,0.7775,0
505,08:57:46.593,ROI,160,160,224,224,10.97,61.72,7.025,0.0,16.20,466.23,94.63,466.62,94.24,-52.55,-49.33,-41.60,289.54,96.46,82.08,0.9056,13.8500,-52.5500,0.0000,0.0000,0.8051,0
506,08:57:46.641,ROI,160,160,224,224,8.16,38.06,10.85,0.0,26.28,468.17,95.20,469.22,96.33,-56.54,-51.71,-38.77,292.07,95.24,82.29,0.9474,13.8700,-56.5400,0.0000,0.0000,0.7848,0
507,08:57:46.705,ROI,160,160,192,192,10.15,59.94,7.15,0.0,16.68,469.96,97.69,471.74,98.58,-49.76,-51.74,-41.74,-63.42,95.62,82.19,0.9076,13.2700,-49.7600,0.0000,0.0000,0.7478,0
508,08:57:46.769,ROI,160,160,192,192,10.97,57.71,14.85,0.0,17.33,470.54,98.84,473.74,100.60,-48.87,-51.70,-45.22,-60.82,94.28,81.98,0.9591,13.0800,-48.8700,0.0000,0.0000,0.7400,0
509,08:57:46.817,ROI,160,160,192,192,10.13,39.04,10.85,0.0,25.61,472.75,101.07,475.79,102.68,-48.24,-51.32,-45.55,-53.83,94.76,82.34,0.9048,13.0500,-48.2400,0.0000,0.0000,0.7979,0
510,08:57:46.945,ROI,160,160,192,192,8.02,118.00,0.0,0.0,8.47,477.06,104.11,478.38,105.02,-46.92,-50.63,-42.10,-45.01,95.35,82.55,0.8509,13.5100,-46.9200,0.0000,0.0000,0.8339,0
511,08:57:46.992,ROI,160,160,192,192,8.01,41.44,10.15,0.0,24.13,478.08,105.54,480.54,107.15,-49.98,-51.04,-44.45,-46.26,94.18,81.84,0.9456,12.6600,-49.9800,0.0000,0.0000,0.7236,0
512,08:57:47.057,ROI,160,160,192,192,8.07,57.05,7.05,0.0,17.53,479.88,105.56,482.52,108.69,-49.53,-51.05,-37.97,-44.69,95.24,79.73,0.9384,13.1300,-49.5300,0.0000,0.0000,0.7620,0
513,08:57:47.120,ROI,160,160,192,192,11.30,61.32,7.075,0.0,16.31,482.10,107.58,484.46,110.25,-48.49,-50.72,-38.74,-42.51,95.15,81.49,0.9090,13.2100,-48.4900,0.0000,0.0000,0.7770,0
514,08:57:47.168,ROI,160,160,192,192,11.01,41.77,0.0,0.0,23.94,483.39,110.06,486.13,111.94,-55.05,-52.09,-45.46,-42.95,93.07,82.67,0.9166,13.0400,-55.0500,0.0000,0.0000,0.8235,0
515,08:57:47.232,ROI,160,160,192,192,8.10,53.64,15.1,0.0,18.64,485.82,111.94,487.85,113.59,-51.63,-52.31,-43.71,-42.91,93.56,82.64,0.9080,14.1800,-51.6300,0.0000,0.0000,0.8113,0
516,08:57:47.298,ROI,160,160,192,192,10.80,62.53,0.0,0.0,15.99,487.26,113.35,489.39,115.09,-50.18,-52.02,-44.30,-42.72,95.42,82.51,0.9380,13.2200,-50.1800,0.0000,0.0000,0.7711,0
517,08:57:47.345,ROI,160,160,192,192,11.03,40.91,10.975,0.0,24.45,490.35,115.34,491.21,116.62,-52.67,-52.33,-40.10,-42.47,94.45,83.78,0.8945,14.2500,-52.6700,0.0000,0.0000,0.8236,0
518,08:57:47.473,ROI,160,160,192,192,8.07,118.36,3.35,0.0,8.45,494.22,118.59,493.48,118.53,-58.10,-54.01,-39.96,-41.61,92.29,84.61,0.8545,13.8100,-58.1000,0.0000,0.0000,0.8574,0
519,08:57:47.521,ROI,160,160,192,192,10.86,44.59,9.95,0.0,22.43,496.03,118.98,495.65,120.02,-55.26,-54.62,-34.59,-38.90,92.29,84.98,0.9529,14.5000,-55.2600,0.0000,0.0000,0.8565,0
520,08:57:47.585,ROI,160,160,192,192,9.11,54.91,7.55,0.0,18.21,498.30,121.64,497.77,121.75,-59.16,-56.28,-39.11,-38.96,91.36,86.22,0.8958,14.9600,-59.1600,0.0000,0.0000,0.8885,0
521,08:57:47.648,ROI,160,160,192,192,10.71,58.41,0.0,0.0,17.12,499.60,122.30,499.74,123.20,-56.53,-56.76,-36.36,-37.36,90.78,84.89,0.9572,15.1100,-56.5300,0.0000,0.0000,0.8815,0
522,08:57:47.696,ROI,160,160,192,192,8.10,37.14,10.8,0.0,26.92,503.12,124.99,502.17,124.96,-56.10,-57.20,-35.97,-37.44,93.04,85.12,0.8713,14.4900,-56.1000,0.0000,0.0000,0.8860,0
523,08:57:47.761,ROI,160,160,192,192,10.47,60.49,7.025,0.0,16.53,505.80,125.72,504.78,126.49,-47.76,-55.25,-30.39,-34.97,97.60,85.06,0.9297,14.1300,-47.7600,0.0000,0.0000,0.8282,0
524,08:57:47.873,ROI,160,160,224,224,8.17,101.34,3.9,0.0,9.87,509.06,128.54,507.68,128.34,-62.12,-56.92,-32.55,-33.21,96.89,89.95,0.8785,14.3800,-62.1200,0.0000,0.0000,0.8700,0
525,08:57:47.936,ROI,160,160,224,224,8.13,56.93,14.25,0.0,17.57,510.75,129.39,510.21,129.84,-56.04,-57.06,-30.68,-31.55,99.60,88.82,0.9486,13.3300,-56.0400,0.0000,0.0000,0.8277,0
526,08:57:48.001,ROI,160,160,224,224,11.12,61.69,7.05,0.0,16.21,512.86,131.59,512.84,131.58,-64.24,-59.23,-33.47,-30.29,95.84,87.85,0.9119,13.2200,-64.2400,0.0000,0.0000,0.8143,0
527,08:57:48.049,ROI,160,160,192,192,8.18,38.71,21.35,0.0,25.84,514.42,134.08,515.15,133.47,-61.87,-60.36,-39.40,-31.38,94.91,84.79,0.9140,13.9600,-61.8700,0.0000,0.0000,0.8603,0
528,08:57:48.113,ROI,160,160,192,192,11.24,59.98,14.35,0.0,16.67,518.30,136.78,518.00,135.64,-60.41,-61.09,-37.23,-31.59,97.01,85.06,0.8676,14.6100,-60.4100,0.0000,0.0000,0.8709,0
529,08:57:48.177,ROI,160,160,224,224,11.14,57.14,7.55,0.0,17.50,519.99,137.34,520.52,137.42,-64.18,-62.82,-35.15,-31.66,97.85,87.89,0.9351,14.7600,-64.1800,0.0000,0.0000,0.8327,0
530,08:57:48.225,ROI,160,160,224,224,11.44,40.97,10.65,0.0,24.41,522.25,139.37,523.06,139.35,-63.39,-64.04,-37.32,-32.49,96.36,87.77,0.9125,14.2400,-63.3900,0.0000,0.0000,0.8175,0
531,08:57:48.352,ROI,160,160,224,224,8.21,115.73,3.4,0.0,8.64,527.28,142.98,526.26,141.85,-59.09,-63.92,-37.91,-33.90,99.16,87.65,0.8340,13.3500,-59.0900,0.0000,0.0000,0.7966,0
532,08:57:48.401,ROI,160,160,224,224,8.14,42.17,9.8,0.0,23.71,528.50,144.93,528.86,144.13,-59.82,-63.99,-41.31,-35.93,98.92,88.55,0.9339,13.7000,-59.8200,0.0000,0.0000,0.8589,0
533,08:57:48.465,ROI,160,160,224,224,10.95,60.82,7.125,0.0,16.44,530.21,147.18,531.25,146.39,-62.24,-64.20,-43.37,-38.01,97.13,89.03,0.9187,13.4000,-62.2400,0.0000,0.0000,0.8530,0
534,08:57:48.513,ROI,160,160,224,224,8.24,39.05,10.65,0.0,25.61,531.51,149.10,533.35,148.64,-60.29,-63.67,-46.93,-40.84,97.62,89.28,0.9331,15.0800,-60.2900,0.0000,0.0000,0.8552,0
535,08:57:48.577,ROI,160,160,224,224,10.56,59.37,0.0,0.0,16.84,534.23,151.18,535.50,150.84,-63.99,-63.99,-45.72,-43.06,98.01,89.81,0.9039,13.9400,-63.9900,0.0000,0.0000,0.8215,0
536,08:57:48.641,ROI,160,160,224,224,8.25,53.54,0.0,0.0,18.68,535.57,152.86,537.36,153.04,-62.54,-63.31,-49.71,-46.33,99.13,89.22,0.9380,13.4400,-62.5400,0.0000,0.0000,0.8498,0
537,08:57:48.689,ROI,160,160,224,224,8.10,41.81,9.9,0.0,23.92,537.46,153.95,539.14,154.91,-61.37,-62.76,-46.59,-48.15,102.72,90.30,0.9404,14.3700,-61.3700,0.0000,0.0000,0.8691,0
538,08:57:48.818,ROI,160,160,224,224,11.03,126.37,3.25,0.0,7.91,543.02,158.14,541.93,157.43,-56.41,-60.98,-42.06,-48.15,101.58,90.65,0.8212,13.7000,-56.4100,0.0000,0.0000,0.8508,0
539,08:57:48.865,ROI,160,160,224,224,8.06,36.64,11.2,0.0,27.29,546.43,160.21,544.94,159.87,-53.67,-58.74,-38.99,-47.10,100.65,88.00,0.8935,14.4700,-53.6700,0.0000,0.0000,0.8570,0
540,08:57:48.929,ROI,160,160,224,224,10.96,61.69,7.05,0.0,16.21,547.46,162.37,547.31,162.16,-48.21,-55.53,-44.04,-47.61,103.80,91.15,0.9243,14.3600,-48.2100,0.0000,0.0000,0.8377,0
541,08:57:48.993,ROI,160,160,224,224,10.93,54.58,15.075,0.0,18.32,550.25,164.35,549.82,164.38,-50.08,-53.06,-41.43,-47.00,105.20,92.01,0.9087,14.8200,-50.0800,0.0000,0.0000,0.8753,0
542,08:57:49.041,ROI,160,160,224,224,8.03,37.70,10.925,0.0,26.53,551.97,166.03,552.15,166.60,-51.27,-51.37,-43.72,-47.45,101.74,91.67,0.9329,14.4200,-51.2700,0.0000,0.0000,0.8196,0
543,08:57:49.105,ROI,160,160,224,224,8.18,56.98,7.125,0.0,17.55,556.08,167.95,554.91,168.75,-48.43,-49.43,-37.92,-46.21,103.81,92.57,0.8868,14.5200,-48.4300,0.0000,0.0000,0.8424,0
544,08:57:49.168,ROI,160,160,224,224,8.19,57.86,7.125,0.0,17.28,557.61,169.27,557.46,170.63,-53.79,-48.77,-36.34,-43.98,102.65,92.62,0.9439,15.4500,-53.7900,0.0000,0.0000,0.8405,0
545,08:57:49.217,ROI,160,160,224,224,7.93,42.16,9.75,0.0,23.72,560.82,173.17,560.20,172.99,-54.45,-48.79,-40.71,-43.04,106.08,95.47,0.8670,13.7800,-54.4500,0.0000,0.0000,0.8268,0
546,08:57:49.345,ROI,160,160,224,224,11.36,125.55,3.275,0.0,7.96,565.26,177.34,563.52,175.88,-58.27,-50.19,-40.99,-41.98,104.13,95.69,0.8450,15.2100,-58.2700,0.0000,0.0000,0.8766,0
547,08:57:49.393,ROI,160,160,224,224,8.06,37.75,10.925,0.0,26.49,565.99,179.37,566.25,178.62,-58.61,-51.57,-45.15,-42.25,103.01,96.24,0.9455,15.3200,-58.6100,0.0000,0.0000,0.8726,0
548,08:57:49.457,ROI,160,160,224,224,8.11,57.18,7.125,0.0,17.49,568.35,180.40,568.78,180.83,-51.65,-50.65,-41.18,-41.27,103.32,94.92,0.9354,14.3600,-51.6500,0.0000,0.0000,0.7990,0
549,08:57:49.521,ROI,160,160,224,224,11.20,62.27,7.0,0.0,16.06,572.54,182.39,571.77,183.06,-57.52,-51.76,-36.71,-39.57,104.20,93.88,0.8857,15.1600,-57.5200,0.0000,0.0000,0.8653,0
550,08:57:49.569,ROI,160,160,224,224,10.39,38.52,11.1,0.0,25.96,572.80,183.46,574.11,184.88,-48.63,-50.18,-38.03,-38.00,105.35,93.59,0.9671,13.7900,-48.6300,0.0000,0.0000,0.7930,0
551,08:57:49.633,ROI,160,160,224,224,11.00,57.87,14.825,0.0,17.28,575.85,185.76,576.70,186.85,-53.75,-50.48,-37.17,-36.55,103.50,92.33,0.8988,13.5100,-53.7500,0.0000,0.0000,0.8024,0
552,08:57:49.697,ROI,160,160,224,224,9.19,54.92,7.55,0.0,18.21,577.14,186.67,578.88,188.42,-48.08,-49.46,-35.71,-34.92,104.20,91.34,0.9566,13.1500,-48.0800,0.0000,0.0000,0.7947,0
553,08:57:49.745,ROI,160,160,224,224,10.69,42.42,10.225,0.0,23.57,580.67,189.67,581.33,190.36,-52.01,-50.64,-38.34,-34.77,104.69,93.23,0.8776,13.8000,-52.0100,0.0000,0.0000,0.8088,0
554,08:57:49.872,ROI,160,160,224,224,8.57,117.17,3.375,0.0,8.53,585.70,192.70,584.36,192.47,-53.99,-51.30,-34.94,-33.78,104.50,95.98,0.8543,15.0400,-53.9900,0.0000,0.0000,0.8401,0
555,08:57:49.921,ROI,160,160,224,224,10.34,43.58,10.05,0.0,22.95,586.18,193.53,586.80,194.33,-48.18,-51.00,-37.19,-33.94,104.31,94.11,0.9716,13.1600,-48.1800,0.0000,0.0000,0.7941,0
556,08:57:49.985,ROI,160,160,224,224,8.01,55.08,7.325,0.0,18.16,589.92,197.03,589.59,196.58,-50.64,-50.84,-38.94,-34.61,105.18,95.41,0.8666,12.4200,-50.6400,0.0000,0.0000,0.8023,0
557,08:57:50.049,ROI,160,160,224,224,10.74,59.97,7.15,0.0,16.68,591.23,198.58,592.08,198.62,-53.80,-51.74,-39.33,-35.00,105.00,97.03,0.9449,14.4500,-53.8000,0.0000,0.0000,0.8080,0
558,08:57:50.096,ROI,160,160,224,224,10.24,38.53,10.875,0.0,25.96,595.06,201.84,594.80,200.91,-55.67,-53.20,-40.07,-35.87,104.30,96.82,0.8709,13.8300,-55.6700,0.0000,0.0000,0.8268,0
559,08:57:50.161,ROI,160,160,224,224,10.94,58.72,7.375,0.0,17.03,595.70,201.49,597.03,202.64,-46.70,-51.80,-37.88,-36.46,104.19,94.89,0.9682,12.6400,-46.7000,0.0000,0.0000,0.7499,0
560,08:57:50.273,ROI,160,160,224,224,8.16,100.92,3.9,0.0,9.91,601.24,206.05,600.11,205.11,-45.45,-50.22,-38.72,-37.28,105.59,97.62,0.8217,12.9100,-45.4500,0.0000,0.0000,0.8599,0
561,08:57:50.337,ROI,160,160,224,224,10.72,60.38,14.075,0.0,16.56,602.89,206.78,602.62,207.05,-47.78,-49.80,-37.71,-37.91,105.91,96.11,0.9546,12.5200,-47.7800,0.0000,0.0000,0.7096,0
562,08:57:50.401,ROI,160,160,224,224,11.22,57.74,7.425,0.0,17.32,605.89,209.71,605.29,209.24,-45.95,-48.92,-39.32,-38.80,107.06,96.36,0.8908,12.5500,-45.9500,0.0000,0.0000,0.8042,0
563,08:57:50.448,ROI,160,160,224,224,10.70,40.99,0.0,0.0,24.40,607.58,211.45,607.72,211.29,-47.25,-48.26,-40.17,-39.73,105.59,96.35,0.9350,12.7600,-47.2500,0.0000,0.0000,0.7859,0
564,08:57:50.512,ROI,160,160,224,224,8.06,54.27,7.475,0.0,18.43,610.01,213.59,610.22,213.37,-50.45,-48.63,-39.77,-40.14,106.86,95.82,0.9145,12.0000,-50.4500,0.0000,0.0000,0.7357,0
565,08:57:50.576,ROI,160,160,224,224,10.24,59.55,7.075,0.0,16.79,611.97,214.33,612.56,215.10,-48.04,-47.90,-36.46,-39.65,106.79,95.33,0.9493,12.4500,-48.0400,0.0000,0.0000,0.7467,0
566,08:57:50.625,ROI,160,160,224,224,10.88,41.56,0.0,0.0,24.06,615.47,215.97,615.29,216.80,-47.62,-47.06,-31.88,-37.54,105.57,94.42,0.9054,12.8600,-47.6200,0.0000,0.0000,0.7860,0
567,08:57:50.752,ROI,160,160,224,224,10.37,118.88,3.375,0.0,8.41,620.38,220.70,618.74,219.37,-42.45,-44.87,-36.72,-37.03,107.09,94.30,0.8283,14.0800,-42.4500,0.0000,0.0000,0.8651,0
568,08:57:50.802,ROI,160,160,224,224,12.38,45.33,10.225,0.0,22.06,621.83,221.79,621.56,221.48,-46.75,-44.36,-36.74,-36.88,109.10,93.49,0.9513,12.7500,-46.7500,0.0000,0.0000,0.8096,0
569,08:57:50.865,ROI,160,160,224,224,10.02,53.63,7.9,0.0,18.65,623.81,224.47,624.10,223.75,-43.51,-43.29,-41.83,-38.38,110.03,93.81,0.9117,13.5100,-43.5100,0.0000,0.0000,0.7890,0
570,08:57:50.929,ROI,160,160,224,224,11.48,58.48,7.3,0.0,17.10,625.51,224.83,626.51,225.54,-45.57,-43.47,-36.61,-37.88,109.75,93.76,0.9625,13.7600,-45.5700,0.0000,0.0000,0.7886,0
571,08:57:50.977,ROI,160,160,224,224,10.49,40.29,10.925,0.0,24.82,628.98,228.19,629.15,227.71,-40.33,-42.30,-39.51,-38.35,113.46,95.77,0.8769,13.9800,-40.3300,0.0000,0.0000,0.8281,0
572,08:57:51.041,ROI,160,160,256,256,11.07,57.72,14.85,0.0,17.33,628.67,229.81,631.10,229.81,-42.96,-42.05,-47.05,-40.47,116.93,96.74,0.9385,13.0000,-42.9600,0.0000,0.0000,0.7466,0
573,08:57:51.105,ROI,160,160,256,256,11.32,56.69,15.25,0.0,17.64,633.04,232.14,633.49,232.03,-40.50,-41.65,-42.86,-41.64,119.47,97.92,0.8867,14.4300,-40.5000,0.0000,0.0000,0.7642,0
574,08:57:51.153,ROI,160,160,256,256,9.82,38.82,0.0,0.0,25.76,635.61,233.84,635.98,234.24,-41.82,-41.40,-41.65,-42.52,115.78,99.50,0.9257,13.6700,-41.8200,0.0000,0.0000,0.7652,0
575,08:57:51.281,ROI,160,160,256,256,11.15,121.49,3.35,0.0,8.23,640.49,237.05,639.05,236.64,-40.88,-40.98,-37.98,-41.96,114.90,96.48,0.8627,15.6200,-40.8800,0.0000,0.0000,0.8109,0
576,08:57:51.344,ROI,160,160,256,256,10.64,55.01,7.6,0.0,18.18,643.20,238.30,641.91,238.59,-45.30,-41.48,-34.33,-40.40,112.62,96.16,0.9296,13.8700,-45.3000,0.0000,0.0000,0.7661,0
577,08:57:51.392,ROI,160,160,256,256,9.91,39.93,10.875,0.0,25.04,648.02,241.33,645.43,240.76,-34.55,-38.98,-31.60,-37.81,113.09,94.61,0.8637,16.6000,-34.5500,0.0000,0.0000,0.8309,0
578,08:57:51.457,ROI,160,160,256,256,11.67,58.09,7.25,0.0,17.22,650.13,243.29,648.72,242.93,-35.53,-37.63,-33.43,-36.18,110.80,92.86,0.9242,16.4300,-35.5300,0.0000,0.0000,0.8544,0
579,08:57:51.523,ROI,160,160,224,224,9.08,55.54,7.3,0.0,18.00,653.15,244.86,651.85,244.93,-36.96,-36.36,-32.54,-34.84,111.27,96.77,0.9097,14.6300,-36.9600,0.0000,0.0000,0.8141,0
580,08:57:51.570,ROI,160,160,224,224,11.60,41.66,10.725,0.0,24.01,654.37,246.62,654.71,246.92,-35.93,-35.76,-34.94,-34.23,111.50,96.29,0.9437,15.2800,-35.9300,0.0000,0.0000,0.8146,0
581,08:57:51.633,ROI,160,160,224,224,11.77,56.81,7.7,0.0,17.60,658.14,249.72,657.79,249.18,-32.76,-34.11,-36.23,-34.14,113.46,94.32,0.8780,15.9300,-32.7600,0.0000,0.0000,0.8396,0
582,08:57:51.697,ROI,160,160,256,256,10.39,55.44,7.675,0.0,18.04,660.00,251.43,660.73,251.44,-36.61,-34.27,-37.51,-34.59,113.63,95.09,0.9341,16.1400,-36.6100,0.0000,0.0000,0.7702,0
583,08:57:51.745,ROI,160,160,256,256,11.29,42.51,21.05,0.0,23.53,663.17,254.46,663.71,253.87,-36.13,-34.12,-39.22,-35.30,113.95,98.34,0.8899,16.2200,-36.1300,0.0000,0.0000,0.7876,0
584,08:57:51.872,ROI,160,160,256,256,16.64,126.50,6.775,22.25,7.90,668.15,258.72,667.02,256.75,-34.59,-33.46,-40.99,-36.74,116.51,97.60,0.8436,18.1400,-34.5900,0.0000,0.0000,0.8039,0
585,08:57:51.920,ROI,160,160,256,256,8.41,32.17,12.825,0.0,31.08,670.80,259.33,670.38,259.24,-34.49,-33.42,-36.61,-36.76,113.50,95.25,0.9322,15.0500,-34.4900,0.0000,0.0000,0.7808,0
586,08:57:51.985,ROI,160,160,256,256,10.56,60.83,7.1,0.0,16.44,675.22,261.51,673.98,261.59,-32.38,-32.77,-33.08,-35.74,113.89,96.32,0.8854,17.0100,-32.3800,0.0000,0.0000,0.8394,0
587,08:57:52.050,ROI,160,160,256,256,11.01,58.22,7.35,0.0,17.18,677.14,263.77,677.33,263.96,-40.45,-34.09,-35.33,-35.43,112.75,97.79,0.9234,14.4500,-40.4500,0.0000,0.0000,0.7879,0
588,08:57:52.097,ROI,160,160,256,256,10.98,40.49,11.025,0.0,24.70,679.96,267.24,680.48,266.53,-38.70,-34.53,-39.15,-36.08,112.61,100.74,0.8884,15.1400,-38.7000,0.0000,0.0000,0.7808,0
589,08:57:52.161,ROI,160,160,256,256,11.66,56.84,7.45,0.0,17.59,681.51,268.41,683.40,268.97,-43.34,-36.84,-39.88,-37.04,112.10,98.94,0.9505,14.2100,-43.3400,0.8100,-38.8500,0.7824,0
590,08:57:52.274,ROI,160,160,256,256,13.16,106.76,3.925,0.0,9.37,686.97,271.87,686.73,271.50,-37.86,-37.63,-37.23,-37.12,114.80,102.02,0.8500,17.0300,-37.8600,0.3200,-35.7700,0.8142,0
591,08:57:52.337,ROI,160,160,256,256,10.52,54.50,7.975,0.0,18.35,688.61,274.17,689.69,274.09,-38.49,-38.34,-41.18,-38.34,113.28,101.33,0.9293,15.4000,-38.4900,0.0000,0.0000,0.8108,0
592,08:57:52.401,ROI,160,160,256,256,9.76,57.51,7.375,0.0,17.39,691.34,275.82,692.51,276.38,-35.49,-38.36,-39.16,-38.73,112.37,103.25,0.9231,14.8100,-35.4900,0.0000,0.0000,0.7810,0
593,08:57:52.450,ROI,160,160,256,256,10.96,42.26,0.0,0.0,23.66,693.51,278.33,695.16,278.72,-37.59,-38.85,-41.43,-39.55,112.64,102.45,0.9173,14.7900,-37.5900,0.0000,0.0000,0.8243,0
594,08:57:52.512,ROI,160,160,256,256,9.86,54.24,15.375,0.0,18.44,697.22,280.35,698.04,280.95,-37.53,-38.90,-37.73,-39.24,113.65,102.74,0.9013,15.9900,-37.5300,0.0000,0.0000,0.7863,0
595,08:57:52.577,ROI,160,160,256,256,9.77,57.48,14.4,0.0,17.40,699.72,282.08,700.86,283.14,-40.77,-39.87,-37.84,-39.24,115.25,103.28,0.9263,14.4600,-40.7700,0.0000,0.0000,0.8033,0
596,08:57:52.626,ROI,160,160,256,256,11.27,42.23,20.875,0.0,23.68,703.66,284.74,703.88,285.50,-37.35,-39.71,-37.98,-39.76,116.19,100.88,0.8884,17.3700,-37.3500,0.0000,0.0000,0.7988,0
597,08:57:52.753,ROI,160,160,256,256,11.03,118.33,3.4,0.0,8.45,707.91,287.73,706.98,287.80,-41.06,-40.89,-36.55,-39.56,114.48,99.47,0.8767,17.0600,-41.0600,0.0000,0.0000,0.8260,0
598,08:57:52.800,ROI,160,160,256,256,9.82,39.31,11.0,0.0,25.44,710.38,289.06,709.96,289.89,-40.70,-41.39,-35.12,-39.07,115.58,99.18,0.9332,17.1500,-40.7000,0.0000,0.0000,0.8441,0
599,08:57:52.865,ROI,160,160,256,256,11.11,59.47,14.55,0.0,16.82,714.24,291.54,713.17,291.98,-42.74,-42.48,-32.97,-37.63,115.20,101.15,0.8914,16.7400,-42.7400,0.0000,0.0000,0.8365,0
600,08:57:52.929,ROI,160,160,256,256,9.82,55.09,7.425,0.0,18.15,716.62,293.61,716.26,294.16,-42.36,-43.00,-35.26,-37.38,117.04,102.22,0.9222,15.9700,-42.3600,0.0000,0.0000,0.8292,0
601,08:57:52.994,ROI,160,160,256,256,13.05,60.45,7.225,0.0,16.54,719.89,296.36,719.33,296.37,-42.08,-43.66,-35.81,-37.10,115.78,101.90,0.8971,16.9700,-42.0800,0.0000,0.0000,0.8344,0
602,08:57:53.042,ROI,160,160,256,256,11.59,37.70,11.7,0.0,26.53,721.90,298.00,722.40,298.45,-40.98,-43.59,-34.09,-35.61,116.48,99.90,0.9357,17.1000,-40.9800,0.0000,0.0000,0.8573,0
603,08:57:53.105,ROI,160,160,256,256,11.13,54.39,7.75,0.0,18.39,726.68,301.33,725.87,300.82,-47.16,-45.21,-34.25,-34.46,118.00,100.93,0.8646,17.2200,-47.1600,0.0000,0.0000,0.8479,0
604,08:57:53.169,ROI,160,160,256,256,9.91,55.99,7.5,0.0,17.86,729.52,303.62,729.31,303.21,-41.38,-44.82,-34.86,-33.53,119.04,100.13,0.9116,16.7000,-41.3800,0.0000,0.0000,0.8218,0
605,08:57:53.217,ROI,160,160,256,256,10.48,40.65,21.15,0.0,24.60,732.86,306.04,732.65,305.54,-44.75,-45.25,-34.91,-32.91,118.94,101.28,0.9023,16.4300,-44.7500,0.0000,0.0000,0.8410,0
606,08:57:53.330,ROI,160,160,256,256,9.97,104.16,3.85,0.0,9.60,736.61,308.56,736.15,308.00,-42.42,-44.35,-35.03,-32.71,119.22,101.86,0.8948,17.2500,-42.4200,0.0000,0.0000,0.8372,0
607,08:57:53.393,ROI,160,160,256,256,9.76,55.66,14.875,0.0,17.96,739.90,311.82,739.48,310.62,-45.82,-45.14,-38.23,-33.72,119.41,104.05,0.8895,16.1700,-45.8200,0.0000,0.0000,0.8406,0
608,08:57:53.457,ROI,160,160,256,256,11.49,57.49,14.8,0.0,17.39,741.35,313.34,742.36,313.00,-48.70,-46.45,-39.54,-34.96,120.24,105.95,0.9487,16.6200,-48.7000,0.0000,0.0000,0.8486,0
609,08:57:53.521,ROI,160,160,256,256,9.79,56.17,14.925,0.0,17.80,744.30,315.94,745.19,315.51,-50.02,-47.73,-41.60,-36.80,119.78,105.44,0.9073,16.6600,-50.0200,0.0000,0.0000,0.8603,0
610,08:57:53.570,ROI,160,160,256,256,10.99,41.88,10.35,0.0,23.88,746.77,317.27,748.02,317.81,-52.62,-49.50,-39.04,-37.68,119.07,105.71,0.9361,16.6100,-52.6200,0.0000,0.0000,0.8531,0
611,08:57:53.633,ROI,160,160,256,256,8.92,54.07,7.6,0.0,18.50,750.56,321.42,751.01,320.54,-51.25,-50.89,-42.46,-39.32,120.67,107.39,0.8703,16.6300,-51.2500,0.0000,0.0000,0.8512,0
612,08:57:53.697,ROI,160,160,256,256,9.66,58.49,7.15,0.0,17.10,752.88,323.78,753.92,323.31,-56.44,-53.10,-43.55,-40.97,123.86,107.07,0.9219,16.1800,-56.4400,0.0000,0.0000,0.9004,0
613,08:57:53.746,ROI,160,160,256,256,8.33,39.63,10.2,0.0,25.23,756.03,328.30,756.90,326.56,-54.82,-54.52,-47.50,-43.27,123.82,108.38,0.8757,16.2000,-54.8200,0.0000,0.0000,0.8762,0
614,08:57:53.873,ROI,160,160,256,256,9.78,122.48,3.325,0.0,8.16,763.34,331.84,760.86,329.83,-48.65,-54.17,-39.55,-42.92,124.75,109.90,0.8358,15.8500,-48.6500,0.0000,0.0000,0.8855,0
615,08:57:53.920,ROI,160,160,256,256,8.18,37.82,10.625,0.0,26.44,764.95,331.69,764.33,332.42,-43.81,-52.54,-36.75,-42.14,125.89,106.16,0.9420,16.9600,-43.8100,0.0000,0.0000,0.8943,0
616,08:57:53.986,ROI,160,160,256,256,11.14,62.73,6.9,0.0,15.94,769.06,336.47,767.86,335.61,-47.22,-52.21,-42.12,-43.19,126.02,112.14,0.8605,16.4800,-47.2200,0.0000,0.0000,0.9158,0
617,08:57:54.048,ROI,160,160,256,256,9.68,53.90,15.55,0.0,18.55,771.64,339.58,771.23,338.88,-52.15,-52.51,-44.11,-44.53,125.02,111.15,0.9086,15.4700,-52.1500,0.0000,0.0000,0.8599,0
618,08:57:54.097,ROI,160,160,256,256,12.82,44.67,10.275,28.55,22.39,775.29,343.08,774.70,342.20,-52.56,-52.89,-43.77,-45.26,127.36,114.11,0.8883,15.2100,-52.5600,0.0000,0.0000,0.8706,0
619,08:57:54.161,ROI,160,160,256,256,10.99,54.34,7.75,0.0,18.40,777.96,344.15,778.11,345.10,-46.30,-51.01,-40.35,-44.82,126.94,112.03,0.9412,16.0800,-46.3000,0.0000,0.0000,0.8320,0
620,08:57:54.273,ROI,160,160,256,256,11.22,104.11,7.825,0.0,9.61,783.82,349.50,781.97,348.55,-50.42,-50.73,-41.82,-44.94,127.66,116.14,0.8335,14.6400,-50.4200,0.0000,0.0000,0.8751,0
621,08:57:54.336,ROI,160,160,256,256,9.92,54.63,7.575,0.0,18.31,786.06,350.50,785.57,351.42,-45.59,-49.10,-38.55,-43.73,127.36,114.22,0.9491,15.9100,-45.5900,0.0000,0.0000,0.8448,0
622,08:57:54.401,ROI,160,160,256,256,10.92,57.80,7.275,0.0,17.30,790.66,354.30,789.48,354.56,-50.80,-49.30,-38.71,-42.71,127.07,115.46,0.8726,14.9900,-50.8000,0.0000,0.0000,0.8549,0
623,08:57:54.448,ROI,160,160,256,256,10.43,38.12,11.2,0.0,26.24,792.78,355.79,793.09,357.26,-47.17,-48.39,-36.78,-40.95,127.25,115.63,0.9429,16.6100,-47.1700,0.0000,0.0000,0.8681,0
624,08:57:54.512,ROI,160,160,256,256,9.81,55.64,7.35,0.0,17.97,797.79,359.29,797.07,360.14,-48.61,-48.04,-35.87,-39.32,127.74,116.42,0.8722,15.4000,-48.6100,0.0000,0.0000,0.8672,0
625,08:57:54.577,ROI,160,160,256,256,10.06,57.36,7.3,0.0,17.43,799.54,359.08,800.61,362.23,-40.90,-45.47,-30.58,-36.39,131.73,117.17,0.9635,17.4700,-40.9000,0.0000,0.0000,0.8560,0
626,08:57:54.625,ROI,160,160,288,288,11.62,44.21,0.0,0.0,22.62,803.66,362.73,804.27,364.58,-42.33,-43.97,-32.71,-34.31,132.91,119.81,0.8850,15.4900,-42.3300,0.8300,-41.5500,0.8422,0
627,08:57:54.753,ROI,160,160,288,288,12.01,120.47,0.0,0.0,8.30,810.02,368.93,808.57,367.79,-42.62,-42.55,-36.78,-33.64,133.78,121.34,0.8237,15.0600,-42.6200,2.5400,-45.9200,0.8701,0
628,08:57:54.801,ROI,160,160,288,288,11.59,39.46,11.3,0.0,25.34,813.02,369.96,812.66,370.53,-36.76,-39.92,-33.76,-32.40,133.67,118.91,0.9373,15.3900,-36.7600,0.0000,0.0000,0.7959,0
629,08:57:54.865,ROI,160,160,288,288,11.61,56.21,7.525,0.0,17.79,817.25,373.84,816.78,373.52,-37.47,-37.78,-36.03,-32.20,133.99,120.64,0.8816,15.6800,-37.4700,0.6200,-31.7900,0.7906,0
630,08:57:54.930,ROI,160,160,288,288,11.35,55.78,7.525,0.0,17.93,819.30,374.82,820.45,376.01,-34.37,-35.27,-34.15,-31.48,135.16,118.21,0.9507,15.1800,-34.3700,0.0000,0.0000,0.8175,0
631,08:57:54.977,ROI,160,160,288,288,11.06,39.94,11.25,0.0,25.04,823.14,378.61,824.14,378.75,-34.38,-33.33,-36.62,-31.57,135.32,117.36,0.8875,16.0100,-34.3800,0.0000,0.0000,0.8257,0
632,08:57:55.042,ROI,160,160,288,288,11.25,58.17,7.4,0.0,17.19,825.92,380.50,827.68,381.32,-33.79,-31.85,-35.92,-31.76,134.87,115.90,0.9296,15.9700,-33.7900,0.0000,0.0000,0.8436,0
633,08:57:55.105,ROI,160,160,288,288,9.83,53.74,15.225,0.0,18.61,828.28,382.54,830.75,383.63,-32.84,-30.06,-37.06,-32.41,134.93,115.13,0.9327,15.5200,-32.8400,0.0000,0.0000,0.8386,0
634,08:57:55.152,ROI,160,160,288,288,9.77,38.75,10.8,0.0,25.80,832.59,386.54,834.04,386.32,-35.81,-30.03,-39.21,-33.70,135.20,118.17,0.8777,15.7700,-35.8100,0.0000,0.0000,0.8278,0
635,08:57:55.281,ROI,160,160,288,288,9.79,121.42,3.325,0.0,8.24,839.33,391.44,838.15,389.58,-38.66,-30.85,-38.46,-34.85,135.41,121.70,0.8372,15.3400,-38.6600,0.0000,0.0000,0.8422,0
636,08:57:55.329,ROI,160,160,288,288,10.68,41.39,10.5,0.0,24.16,841.57,392.64,841.73,392.37,-34.33,-30.98,-37.87,-35.93,136.06,120.91,0.9488,14.9100,-34.3300,0.0000,0.0000,0.8215,0
637,08:57:55.393,ROI,160,160,288,288,11.82,58.43,7.45,0.0,17.11,847.08,398.46,845.72,395.88,-36.52,-31.78,-41.32,-37.70,135.40,122.09,0.8406,15.8900,-36.5200,0.0000,0.0000,0.8640,0
638,08:57:55.457,ROI,160,160,288,288,10.97,56.39,7.65,0.0,17.73,847.85,398.04,849.00,398.53,-36.03,-32.41,-38.96,-38.65,136.37,122.62,0.9820,14.8500,-36.0300,0.0000,0.0000,0.8407,0
639,08:57:55.505,ROI,160,160,288,288,10.33,40.03,10.65,0.0,24.98,853.07,403.62,852.74,401.94,-39.53,-34.00,-42.39,-40.26,137.57,125.42,0.8494,15.5300,-39.5300,0.0000,0.0000,0.8499,0
640,08:57:55.569,ROI,160,160,288,288,10.73,56.58,14.9,0.0,17.67,854.17,405.79,855.86,405.26,-38.42,-35.03,-46.74,-43.07,139.01,126.20,0.9510,14.9500,-38.4200,0.0000,0.0000,0.8175,0
641,08:57:55.633,ROI,160,160,288,288,10.35,55.30,7.5,0.0,18.08,858.23,410.63,859.14,408.98,-40.41,-36.66,-48.62,-45.75,140.63,126.70,0.8757,13.9000,-40.4100,0.0000,0.0000,0.8248,0
642,08:57:55.680,ROI,160,160,288,288,10.39,39.56,10.875,0.0,25.28,862.50,414.05,862.74,412.79,-41.40,-37.91,-46.64,-47.38,139.75,129.53,0.8934,14.3600,-41.4000,0.0000,0.0000,0.8314,0
643,08:57:55.810,ROI,160,160,288,288,11.34,123.15,3.3,0.0,8.12,869.16,418.91,867.22,416.87,-41.29,-38.98,-42.29,-47.10,141.52,129.04,0.8464,14.3800,-41.2900,0.0000,0.0000,0.8552,0
644,08:57:55.856,ROI,160,160,288,288,7.99,34.18,11.55,0.0,29.26,873.86,422.90,871.56,420.97,-35.55,-38.86,-43.39,-47.59,145.10,127.31,0.8819,13.2800,-35.5500,0.0000,0.0000,0.8202,0
645,08:57:55.921,ROI,160,160,320,320,13.17,64.72,0.0,0.0,15.45,876.92,423.94,875.78,424.65,-42.69,-41.14,-41.13,-47.61,145.32,132.58,0.9214,13.8800,-42.6900,0.0000,0.0000,0.8181,0
646,08:57:55.969,ROI,160,160,320,320,10.71,37.24,0.0,0.0,26.85,878.90,424.68,879.41,427.49,-39.30,-42.07,-37.98,-46.26,147.46,130.34,0.9572,13.9500,-39.3000,0.0000,0.0000,0.7930,0
647,08:57:56.033,ROI,160,160,320,320,9.82,56.00,7.475,0.0,17.86,883.74,428.46,883.41,430.48,-40.40,-42.70,-36.79,-44.39,149.82,131.38,0.8858,14.3600,-40.4000,0.0000,0.0000,0.8337,0
648,08:57:56.097,ROI,160,160,320,320,11.40,58.69,7.225,0.0,17.04,886.32,429.26,887.08,432.78,-42.81,-43.67,-32.09,-41.27,146.28,128.56,0.9451,14.1700,-42.8100,0.5500,-41.4600,0.8384,0
649,08:57:56.146,ROI,160,160,320,320,11.04,39.53,21.825,0.0,25.30,891.66,432.40,891.26,435.30,-43.20,-44.97,-31.03,-38.33,146.58,128.46,0.8868,15.7900,-43.2000,0.4300,-41.8000,0.8642,0
650,08:57:56.273,ROI,160,160,320,320,9.85,121.01,6.725,0.0,8.26,898.50,438.76,896.02,438.49,-44.13,-45.85,-33.90,-36.22,147.44,134.52,0.8303,16.2400,-44.1300,0.0000,0.0000,0.8840,0
651,08:57:56.320,ROI,160,160,320,320,9.92,38.40,21.95,0.0,26.04,901.36,440.50,900.50,441.40,-42.24,-46.31,-33.03,-34.27,147.52,131.42,0.9376,15.0900,-42.2400,0.0000,0.0000,0.8500,0
652,08:57:56.384,ROI,160,160,320,320,11.04,59.56,0.0,0.0,16.79,906.70,445.00,905.19,444.57,-40.88,-45.67,-34.02,-32.73,149.60,134.34,0.8715,16.0400,-40.8800,0.0000,0.0000,0.8707,0
653,08:57:56.449,ROI,160,160,320,320,12.95,58.33,7.475,0.0,17.14,908.98,447.98,909.48,447.76,-46.79,-46.62,-36.64,-32.19,148.78,131.24,0.9279,12.9400,-46.7900,0.3400,-48.2400,0.7767,0
654,08:57:56.496,ROI,160,160,320,320,11.55,39.98,11.525,0.0,25.01,913.48,451.18,913.74,450.86,-51.72,-48.28,-36.00,-31.63,149.34,133.48,0.8982,13.8900,-51.7200,0.7500,-52.3600,0.8138,0
655,08:57:56.562,ROI,160,160,320,320,8.08,55.02,0.0,0.0,18.17,915.58,453.46,917.63,453.98,-49.24,-49.40,-38.78,-32.44,148.12,131.26,0.9396,12.8400,-49.2400,0.0000,0.0000,0.7568,0
656,08:57:56.673,ROI,160,160,320,320,11.59,108.76,19.1,0.0,9.19,922.36,458.08,922.26,457.48,-52.10,-50.76,-37.06,-32.74,147.76,133.88,0.8534,14.7600,-52.1000,0.0000,0.0000,0.8405,0
657,08:57:56.737,ROI,160,160,320,320,11.24,54.87,7.675,0.0,18.22,924.68,459.80,926.12,460.26,-48.59,-50.67,-35.78,-32.46,148.62,132.38,0.9448,12.8700,-48.5900,0.0000,0.0000,0.7688,0
658,08:57:56.801,ROI,160,160,320,320,11.15,57.09,7.525,0.0,17.52,928.54,462.48,929.94,463.07,-50.45,-51.31,-36.29,-32.73,148.72,132.76,0.9127,13.5900,-50.4500,0.0000,0.0000,0.7945,0
659,08:57:56.848,ROI,160,160,320,320,9.69,38.46,22.35,0.0,26.00,929.42,462.84,932.84,465.07,-45.30,-50.27,-34.62,-32.51,150.72,132.22,0.9814,13.3200,-45.3000,0.0000,0.0000,0.7847,0
660,08:57:56.913,ROI,160,160,320,320,10.65,58.58,14.375,0.0,17.07,932.54,465.32,935.73,467.19,-47.75,-50.11,-36.37,-33.12,151.08,133.08,0.9249,13.2100,-47.7500,0.0000,0.0000,0.7778,0
661,08:57:56.976,ROI,160,160,320,320,10.66,56.81,7.525,0.0,17.60,933.74,465.64,937.97,468.65,-42.81,-48.60,-33.04,-32.78,153.46,132.80,0.9797,13.7100,-42.8100,0.0000,0.0000,0.7766,0
662,08:57:57.026,ROI,160,160,320,320,10.84,41.82,31.35,0.0,23.91,936.22,467.26,940.10,470.05,-43.11,-47.36,-33.28,-32.79,153.76,132.82,0.9452,14.0300,-43.1100,0.0000,0.0000,0.7972,0
663,08:57:57.154,ROI,160,160,320,320,11.50,122.52,6.675,0.0,8.16,937.80,469.02,942.00,471.49,-46.79,-47.35,-37.15,-33.93,153.44,134.30,0.9544,14.0600,-46.7900,0.0000,0.0000,0.8160,0
664,08:57:57.201,ROI,160,160,320,320,8.53,36.09,0.0,0.0,27.71,938.52,469.42,943.34,472.47,-46.71,-47.11,-36.09,-34.63,153.74,133.58,0.9848,14.0600,-46.7100,0.0000,0.0000,0.8023,0
665,08:57:57.264,ROI,160,160,320,320,9.72,58.02,7.25,0.0,17.23,938.76,470.22,943.85,473.06,-47.82,-46.90,-49.64,-39.00,153.46,135.08,0.9851,13.6900,-47.8200,0.0000,0.0000,0.7832,0
666,08:57:57.329,ROI,160,160,320,320,11.07,58.01,14.55,0.0,17.24,939.22,470.44,944.05,473.50,-49.47,-47.51,-64.99,-47.06,153.72,133.84,0.9849,13.3600,-49.4700,0.0000,0.0000,0.7573,0
667,08:57:57.378,ROI,160,160,320,320,11.30,42.34,10.525,0.0,23.62,939.78,470.76,943.78,473.46,-51.59,-48.46,172.84,-86.03,153.04,134.44,0.9880,13.2700,-51.5900,0.0000,0.0000,0.7253,0
668,08:57:57.441,ROI,160,160,320,320,9.69,54.90,15.2,0.0,18.21,939.68,470.70,943.37,473.48,-51.24,-49.30,-177.82,-117.59,153.14,134.54,0.9978,13.3600,-51.2400,0.0000,0.0000,0.7373,0
669,08:57:57.506,ROI,160,160,320,320,10.16,57.85,7.25,0.0,17.28,939.74,470.74,942.60,473.13,-50.34,-49.52,155.68,-151.28,153.24,134.56,0.9986,13.5000,-50.3400,0.0000,0.0000,0.7515,0
670,08:57:57.553,ROI,160,160,320,320,11.58,41.33,10.75,0.0,24.20,939.68,470.74,941.88,472.74,-50.36,-49.79,151.74,-180.34,153.36,134.48,0.9986,13.5000,-50.3600,0.0000,0.0000,0.7500,0
671,08:57:57.681,ROI,160,160,320,320,9.69,119.06,3.375,0.0,8.40,939.62,470.72,941.08,472.13,-49.91,-49.75,142.72,-206.42,153.60,134.72,0.9967,13.5300,-49.9100,0.0000,0.0000,0.7526,0
672,08:57:57.729,ROI,160,160,320,320,11.05,41.57,10.525,0.0,24.06,939.64,470.78,940.25,471.46,-49.85,-49.57,140.87,-228.00,153.46,134.58,0.9980,13.5100,-49.8500,0.0000,0.0000,0.7517,0
673,08:57:57.793,ROI,160,160,320,320,9.70,55.36,7.55,0.0,18.06,939.64,470.76,939.21,470.60,-50.12,-49.44,140.17,-245.33,153.50,134.62,0.9994,13.5200,-50.1200,0.0000,0.0000,0.7510,0
674,08:57:57.857,ROI,160,160,320,320,11.82,59.28,0.0,0.0,16.87,939.64,470.76,938.15,469.62,-50.31,-49.93,137.60,-258.80,153.46,134.70,0.9991,13.5200,-50.3100,0.0000,0.0000,0.7510,0
675,08:57:57.905,ROI,160,160,320,320,11.34,38.39,0.0,0.0,26.05,939.62,470.78,937.23,468.84,-50.57,-49.93,139.54,-267.80,153.46,134.58,0.9988,13.4600,-50.5700,0.0000,0.0000,0.7450,0
676,08:57:57.969,ROI,160,160,320,320,11.00,56.92,7.45,0.0,17.57,939.62,470.76,936.63,468.34,-50.02,-50.10,140.09,-273.26,153.52,134.60,0.9993,13.5200,-50.0200,0.0000,0.0000,0.7499,0
677,08:57:58.033,ROI,160,160,320,320,11.20,56.62,7.6,0.0,17.66,939.68,470.80,936.16,467.91,-50.56,-50.40,137.77,-276.21,153.42,134.62,0.9986,13.4500,-50.5600,0.0000,0.0000,0.7416,0
678,08:57:58.080,ROI,160,160,320,320,9.71,37.86,10.925,0.0,26.41,939.60,470.74,935.98,467.81,-50.69,-50.58,149.72,-273.57,153.96,134.50,0.9956,13.2500,-50.6900,0.0000,0.0000,0.7333,0
679,08:57:58.209,ROI,160,160,320,320,11.18,123.63,6.625,0.0,8.09,938.66,469.64,935.67,467.60,-52.77,-51.31,146.91,-269.75,154.38,134.06,0.9719,13.3500,-52.7700,0.0000,0.0000,0.7167,0
680,08:57:58.256,ROI,160,160,320,320,8.84,37.37,11.15,0.0,26.76,937.12,468.44,934.89,466.98,-53.90,-52.21,141.09,-265.46,154.74,133.92,0.9630,12.9700,-53.9000,0.0000,0.0000,0.7324,0
681,08:57:58.320,ROI,160,160,320,320,9.80,58.75,7.125,0.0,17.02,935.94,467.28,934.13,466.36,-50.60,-52.35,141.12,-259.61,153.96,133.90,0.9680,13.6200,-50.6000,0.0000,0.0000,0.7435,0
682,08:57:58.368,ROI,160,160,320,320,11.37,42.00,10.475,0.0,23.81,935.10,467.26,933.27,465.84,-48.38,-52.14,148.73,-250.42,153.08,131.88,0.9742,12.7000,-48.3800,0.0000,0.0000,0.7036,0
683,08:57:58.433,ROI,160,160,320,320,11.27,58.05,7.4,0.0,17.23,932.26,465.00,932.05,464.91,-51.06,-52.29,142.66,-241.94,153.72,131.46,0.9317,12.3500,-51.0600,0.0000,0.0000,0.6517,0
684,08:57:58.497,ROI,160,160,320,320,11.25,56.36,7.625,0.0,17.74,931.38,464.04,930.86,463.93,-45.30,-50.44,140.71,-233.50,152.60,131.08,0.9743,12.5900,-45.3000,0.0000,0.0000,0.7156,0
685,08:57:58.544,ROI,160,160,320,320,10.61,37.66,11.025,0.0,26.56,926.40,461.32,928.82,462.52,-51.32,-50.50,145.45,-223.30,152.56,132.44,0.9000,11.7400,-51.3200,0.0000,0.0000,0.6772,0
686,08:57:58.672,ROI,160,160,320,320,11.16,120.34,3.35,0.0,8.31,919.80,457.20,925.18,460.15,-52.41,-50.50,146.79,-213.14,152.76,131.64,0.8638,11.3400,-52.4100,0.0000,0.0000,0.6809,0
687,08:57:58.721,ROI,160,160,320,320,14.19,43.08,10.8,0.0,23.21,918.42,456.02,921.86,457.90,-52.13,-50.59,145.97,-204.01,150.10,131.90,0.9647,11.0600,-52.1300,0.0000,0.0000,0.6768,0
688,08:57:58.785,ROI,160,160,320,320,9.31,53.32,7.875,0.0,18.75,912.50,450.88,917.48,454.65,-43.27,-48.09,143.40,-196.54,155.16,132.28,0.8584,13.0100,-43.2700,0.0000,0.0000,0.7275,0
689,08:57:58.848,ROI,160,160,320,320,8.46,53.21,7.45,0.0,18.80,912.28,449.56,913.93,451.72,-43.16,-46.26,140.49,-191.29,150.72,128.88,0.9464,12.5300,-43.1600,0.0000,0.0000,0.7277,0
690,08:57:58.896,ROI,160,160,320,320,8.65,42.61,9.925,0.0,23.47,906.40,446.62,909.45,448.50,-48.02,-45.78,144.25,-186.48,151.42,132.46,0.8858,12.3300,-48.0200,0.0000,0.0000,0.7585,0
691,08:57:58.962,ROI,160,160,320,320,8.97,58.54,0.0,0.0,17.08,904.32,443.62,905.33,445.19,-43.97,-44.80,141.26,-184.84,147.30,129.40,0.9292,12.6600,-43.9700,0.0000,0.0000,0.7595,0
692,08:57:59.073,ROI,160,160,320,320,9.53,105.37,3.85,0.0,9.49,895.30,437.78,899.59,440.97,-50.95,-45.97,143.70,-184.94,144.90,129.00,0.8113,12.1400,-50.9500,0.0000,0.0000,0.7985,0
693,08:57:59.137,ROI,160,160,320,320,10.73,59.19,7.275,0.0,16.89,894.44,435.50,894.66,436.89,-46.03,-45.57,140.36,-188.38,146.18,129.54,0.9542,12.7100,-46.0300,0.0000,0.0000,0.8126,0
694,08:57:59.201,ROI,160,160,320,320,11.09,57.45,7.45,0.0,17.41,889.96,431.32,889.59,432.55,-46.37,-45.46,139.47,-195.17,148.66,128.74,0.8837,13.1300,-46.3700,0.0000,0.0000,0.8293,0
695,08:57:59.249,ROI,160,160,320,320,11.66,41.70,10.8,0.0,23.98,887.32,430.34,884.95,428.83,-43.20,-44.58,141.24,-203.51,146.88,130.50,0.9507,13.2800,-43.2000,0.0000,0.0000,0.8202,0
696,08:57:59.312,ROI,160,160,320,320,9.02,52.16,7.675,0.0,19.17,881.82,426.74,879.96,425.02,-45.09,-44.29,142.67,146.61,147.88,129.20,0.8797,13.2600,-45.0900,0.0000,0.0000,0.8002,0
697,08:57:59.376,ROI,160,160,320,320,10.76,59.25,7.2,0.0,16.88,878.36,424.68,875.21,421.57,-38.25,-42.12,143.93,-214.17,145.26,130.58,0.9248,13.6700,-38.2500,0.0000,0.0000,0.8292,0
698,08:57:59.424,ROI,160,160,320,320,10.35,39.39,10.775,0.0,25.39,874.56,422.16,870.69,418.36,-39.81,-40.72,144.66,143.66,148.30,131.46,0.9145,13.6600,-39.8100,0.0000,0.0000,0.7879,0
699,08:57:59.553,ROI,160,160,320,320,11.65,122.43,0.0,0.0,8.17,866.56,417.00,865.27,414.68,-43.07,-40.50,145.88,143.49,147.26,133.12,0.8332,15.1400,-43.0700,0.0000,0.0000,0.8247,0
700,08:57:59.602,ROI,160,160,320,320,8.80,38.85,21.15,0.0,25.74,865.40,415.18,860.91,411.51,-41.92,-40.11,143.93,142.79,145.22,132.44,0.9578,14.5000,-41.9200,0.0000,0.0000,0.8329,0
701,08:57:59.664,ROI,160,160,320,320,9.22,55.69,0.0,0.0,17.96,859.46,412.92,856.25,408.67,-39.31,-39.22,148.69,144.00,141.88,130.34,0.8904,14.0600,-39.3100,0.0000,0.0000,0.7882,0
702,08:57:59.729,ROI,160,160,288,288,10.62,59.11,7.225,0.0,16.92,856.52,410.40,852.12,406.07,-37.66,-38.15,147.72,144.93,141.48,127.98,0.9232,16.3300,-37.6600,0.0000,0.0000,0.7980,0
703,08:57:59.777,ROI,160,160,288,288,9.01,39.50,10.7,0.0,25.32,853.19,406.24,848.37,403.24,-37.89,-37.39,142.94,144.56,139.45,125.93,0.8945,16.7200,-37.8900,0.0000,0.0000,0.8320,0
704,08:57:59.841,ROI,160,160,288,288,12.04,60.73,14.4,0.0,16.47,851.27,403.17,845.32,400.49,-39.79,-37.34,138.03,143.24,137.29,124.00,0.9266,16.4000,-39.7900,0.0000,0.0000,0.8333,0
705,08:57:59.904,ROI,160,160,288,288,9.33,53.71,15.5,0.0,18.62,848.93,400.50,842.75,397.91,-39.75,-37.40,134.88,141.23,137.56,124.49,0.9264,16.2100,-39.7500,0.0000,0.0000,0.8375,0
706,08:57:59.953,ROI,160,160,288,288,11.64,44.10,0.0,0.0,22.67,844.38,394.28,839.98,394.52,-41.39,-38.05,129.24,138.07,136.51,119.21,0.8473,17.2100,-41.3900,0.0000,0.0000,0.8513,0
707,08:58:00.082,ROI,160,160,288,288,9.75,118.20,3.35,0.0,8.46,837.41,388.60,836.34,390.52,-39.36,-38.17,132.36,136.52,138.06,119.30,0.8249,16.5200,-39.3600,0.0000,0.0000,0.8091,0
708,08:58:00.129,ROI,160,160,288,288,11.01,42.26,21.1,0.0,23.66,835.20,387.78,833.14,387.26,-35.42,-37.33,134.41,134.81,135.67,116.12,0.9425,14.6200,-35.4200,0.0000,0.0000,0.8248,0
709,08:58:00.193,ROI,160,160,288,288,11.41,57.13,15.05,0.0,17.50,830.50,385.09,829.69,384.20,-37.63,-37.06,138.43,134.54,135.38,117.11,0.8922,14.0700,-37.6300,0.0000,0.0000,0.7552,0
710,08:58:00.257,ROI,160,160,288,288,11.00,54.93,7.575,0.0,18.20,828.63,382.34,826.78,381.30,-38.87,-37.04,135.12,133.98,134.12,116.32,0.9283,14.9000,-38.8700,0.0000,0.0000,0.7741,0
711,08:58:00.306,ROI,160,160,288,288,11.38,41.89,21.225,0.0,23.87,823.77,378.94,823.45,378.33,-38.75,-37.25,138.23,134.50,134.96,117.13,0.8794,14.7500,-38.7500,0.0000,0.0000,0.7372,0
712,08:58:00.370,ROI,160,160,288,288,11.82,57.64,7.525,0.0,17.35,821.69,375.89,820.40,375.25,-35.78,-36.90,134.75,133.46,134.17,114.88,0.9206,14.2300,-35.7800,0.0000,0.0000,0.7755,0
713,08:58:00.433,ROI,160,160,288,288,11.36,55.94,7.775,0.0,17.88,816.79,373.11,816.95,372.28,-37.53,-36.87,139.32,134.28,134.62,118.42,0.8877,14.0600,-37.5300,0.0000,0.0000,0.7678,0
714,08:58:00.482,ROI,160,160,288,288,11.47,40.14,10.8,0.0,24.91,814.96,370.46,813.72,369.30,-37.05,-37.27,137.28,134.78,133.92,116.96,0.9308,14.0000,-37.0500,0.0000,0.0000,0.7828,0
715,08:58:00.609,ROI,160,160,288,288,11.60,120.66,0.0,0.0,8.29,807.59,365.73,809.52,365.87,-37.05,-37.18,140.71,135.84,135.95,118.75,0.8306,15.3600,-37.0500,0.0000,0.0000,0.7962,0
716,08:58:00.658,ROI,160,160,288,288,10.72,41.10,10.75,0.0,24.33,804.26,363.43,805.73,362.81,-42.67,-38.40,141.07,136.74,132.28,117.67,0.9160,14.2200,-42.6700,2.1800,-40.2400,0.7837,0
717,08:58:00.722,ROI,160,160,288,288,14.95,60.15,7.45,0.0,16.62,801.89,362.53,802.12,360.18,-40.52,-38.77,143.99,138.33,132.44,116.60,0.9503,13.5400,-40.5200,1.9000,-39.2200,0.7536,0
718,08:58:00.769,ROI,160,160,288,288,14.66,37.66,12.65,0.0,26.55,799.25,359.53,798.96,357.71,-43.29,-40.51,142.02,139.39,131.02,116.33,0.9134,14.3200,-43.2900,2.0700,-40.8500,0.7614,0
719,08:58:00.833,ROI,160,160,288,288,13.62,57.06,8.05,0.0,17.52,793.74,355.89,794.93,354.89,-45.15,-42.61,145.03,141.40,130.01,117.22,0.8655,14.6200,-45.1500,0.4800,-41.9800,0.7686,0
720,08:58:00.896,ROI,160,160,288,288,10.73,54.88,7.975,0.0,18.22,792.48,354.30,791.68,352.40,-42.37,-43.30,142.53,142.21,131.67,115.52,0.9548,14.7400,-42.3700,0.0000,0.0000,0.8046,0
721,08:58:00.961,ROI,160,160,288,288,9.70,57.14,0.0,0.0,17.50,788.22,352.79,788.01,350.22,-47.04,-45.39,149.23,144.92,130.32,117.76,0.9140,14.4100,-47.0400,0.0000,0.0000,0.7309,0
722,08:58:01.073,ROI,160,160,288,288,11.09,106.68,7.75,0.0,9.37,781.63,348.15,783.96,347.73,-36.54,-43.72,148.45,146.85,130.95,116.51,0.8380,14.3100,-36.5400,0.0000,0.0000,0.7827,0
723,08:58:01.122,ROI,160,160,288,288,11.19,43.08,10.525,0.0,23.21,780.59,347.82,780.41,345.86,-45.20,-44.73,152.18,149.76,129.83,113.58,0.9595,13.6200,-45.2000,0.0000,0.0000,0.7294,0
724,08:58:01.185,ROI,160,160,288,288,11.42,54.53,7.725,0.0,18.34,776.09,343.80,776.64,343.70,-44.49,-45.20,150.24,151.86,130.05,116.53,0.8721,13.3400,-44.4900,0.0000,0.0000,0.6790,0
725,08:58:01.249,ROI,160,160,288,288,10.97,56.23,0.0,0.0,17.79,772.96,340.52,772.86,341.21,-44.29,-45.65,146.58,152.56,130.81,115.94,0.9019,13.2600,-44.2900,0.0000,0.0000,0.7265,0
726,08:58:01.314,ROI,160,160,288,288,9.11,54.45,7.35,0.0,18.36,768.62,336.40,769.00,338.39,-45.49,-46.02,143.85,152.24,128.52,113.35,0.8722,14.8900,-45.4900,0.0000,0.0000,0.7857,0
727,08:58:01.362,ROI,160,160,288,288,11.75,44.50,20.425,0.0,22.47,767.24,334.90,765.68,335.82,-44.88,-46.61,142.27,151.28,128.41,111.11,0.9533,15.7200,-44.8800,0.0000,0.0000,0.8428,0
728,08:58:01.491,ROI,160,160,288,288,12.28,120.92,3.375,0.0,8.27,761.76,330.40,761.78,332.69,-46.94,-47.50,141.29,149.93,128.83,110.11,0.8491,16.5600,-46.9400,0.0000,0.0000,0.8415,0
729,08:58:01.538,ROI,160,160,288,288,11.72,40.02,11.6,0.0,24.98,757.94,327.91,758.21,329.84,-47.16,-47.92,141.33,148.41,126.76,108.90,0.9012,15.8600,-47.1600,0.0000,0.0000,0.8398,0
730,08:58:01.601,ROI,160,160,256,256,11.20,55.47,7.75,0.0,18.03,755.32,325.22,754.71,326.90,-51.50,-49.32,139.94,146.62,123.71,102.30,0.9014,15.0400,-51.5000,0.0000,0.0000,0.7764,0
731,08:58:01.665,ROI,160,160,256,256,11.57,58.03,0.0,0.0,17.23,751.42,320.34,751.33,323.30,-50.24,-50.27,133.23,142.58,124.58,101.14,0.8555,16.1700,-50.2400,0.0000,0.0000,0.7730,0
732,08:58:01.714,ROI,160,160,256,256,11.59,41.07,11.0,0.0,24.35,749.43,318.94,748.35,320.05,-56.34,-52.74,132.51,138.54,120.34,103.81,0.9408,14.7100,-56.3400,0.0000,0.0000,0.8340,0
733,08:58:01.777,ROI,160,160,256,256,9.35,53.88,7.7,0.0,18.56,744.74,314.85,745.00,316.50,-51.41,-53.48,133.34,135.32,122.05,102.34,0.8573,15.1300,-51.4100,0.0000,0.0000,0.7753,0
734,08:58:01.842,ROI,160,160,256,256,11.19,60.25,7.025,0.0,16.60,743.41,313.87,742.08,313.45,-47.86,-52.90,133.80,132.88,120.06,102.62,0.9599,15.0000,-47.8600,0.0000,0.0000,0.8128,0
735,08:58:01.889,ROI,160,160,256,256,8.89,34.99,0.0,0.0,28.58,741.83,312.65,739.43,310.72,-48.89,-52.49,134.12,131.12,119.74,101.98,0.9513,15.2400,-48.8900,0.0000,0.0000,0.8314,0
736,08:58:02.019,ROI,160,160,256,256,11.62,125.42,3.275,0.0,7.97,735.14,307.68,735.83,307.60,-51.19,-52.41,139.15,131.57,120.35,101.20,0.8151,16.6400,-51.1900,0.0000,0.0000,0.8183,0
737,08:58:02.081,ROI,160,160,256,256,9.37,53.06,15.6,0.0,18.85,732.92,305.74,732.82,305.00,-48.62,-51.64,139.13,132.01,119.18,100.83,0.9278,14.7200,-48.6200,0.0000,0.0000,0.7876,0
738,08:58:02.130,ROI,160,160,256,256,9.18,41.66,20.375,0.0,24.00,731.02,304.57,730.06,302.67,-45.97,-50.50,139.85,132.67,117.60,99.36,0.9464,14.4300,-45.9700,0.0000,0.0000,0.7816,0
739,08:58:02.194,ROI,160,160,256,256,11.44,60.43,7.225,0.0,16.55,726.41,301.62,726.99,300.23,-49.28,-50.17,141.49,133.54,116.18,99.70,0.8727,14.2000,-49.2800,0.0000,0.0000,0.7605,0
740,08:58:02.258,ROI,160,160,256,256,11.67,57.18,7.6,0.0,17.49,725.39,300.30,724.34,298.11,-46.92,-49.10,141.30,134.72,117.07,99.63,0.9573,13.4100,-46.9200,0.0000,0.0000,0.7885,0
741,08:58:02.305,ROI,160,160,256,256,9.22,37.84,11.15,0.0,26.43,719.94,296.94,721.13,295.79,-44.18,-47.39,144.21,136.48,113.65,98.00,0.8524,14.1900,-44.1800,0.0000,0.0000,0.7841,0
742,08:58:02.369,ROI,160,160,256,256,9.35,56.71,0.0,0.0,17.63,718.31,295.47,718.18,293.78,-43.60,-46.01,145.64,138.92,117.10,99.34,0.9422,13.7700,-43.6000,0.0000,0.0000,0.7824,0
743,08:58:02.433,ROI,160,160,256,256,9.34,57.88,7.25,0.0,17.28,713.23,292.26,714.77,291.54,-42.66,-44.52,146.76,141.20,113.28,98.16,0.8600,14.2500,-42.6600,0.0000,0.0000,0.7898,0
744,08:58:02.480,ROI,160,160,256,256,13.47,44.52,21.275,0.0,22.46,712.10,291.25,711.73,289.67,-43.75,-43.66,148.45,144.01,115.63,98.22,0.9598,14.1400,-43.7500,0.6500,-43.6000,0.7633,0
745,08:58:02.609,ROI,160,160,256,256,8.39,117.31,3.4,0.0,8.52,706.35,287.93,708.27,287.72,-37.61,-41.47,150.48,146.90,114.75,99.41,0.8487,12.8300,-37.6100,0.0000,0.0000,0.7182,0
746,08:58:02.657,ROI,160,160,256,256,11.09,44.67,10.025,0.0,22.39,703.23,284.76,704.86,285.54,-39.90,-39.83,147.44,148.69,116.08,98.94,0.8902,13.0300,-39.9000,0.0000,0.0000,0.7186,0
747,08:58:02.722,ROI,160,160,256,256,11.35,57.51,7.45,0.0,17.39,700.84,282.62,701.59,283.29,-39.60,-38.62,145.48,149.54,115.25,99.60,0.9199,13.6400,-39.6000,0.0000,0.0000,0.7551,0
748,08:58:02.786,ROI,160,160,256,256,11.58,57.31,7.55,0.0,17.45,696.46,280.51,697.91,281.12,-43.94,-38.62,149.55,151.52,112.16,100.69,0.8891,13.3000,-43.9400,0.0000,0.0000,0.7494,0
749,08:58:02.833,ROI,160,160,256,256,11.66,40.38,11.275,0.0,24.76,694.91,279.68,694.85,279.43,-47.61,-39.53,151.01,153.37,112.78,102.27,0.9571,12.7400,-47.6100,0.0000,0.0000,0.7289,0
750,08:58:02.897,ROI,160,160,256,256,11.60,56.53,7.675,0.0,17.69,693.15,277.85,691.93,277.70,-43.73,-39.65,149.39,154.71,112.48,101.44,0.9355,13.9600,-43.7300,0.0000,0.0000,0.7813,0
751,08:58:02.962,ROI,160,160,256,256,11.77,57.61,14.7,0.0,17.36,689.06,274.33,688.74,275.45,-38.52,-38.09,144.74,153.95,112.19,101.50,0.8695,14.7700,-38.5200,0.0000,0.0000,0.7593,0
752,08:58:03.073,ROI,160,160,256,256,9.53,100.94,0.0,0.0,9.91,684.54,271.04,685.43,273.03,-43.28,-39.06,143.89,152.86,111.81,102.40,0.8668,13.2200,-43.2800,0.0000,0.0000,0.7540,0
753,08:58:03.138,ROI,160,160,224,224,9.29,56.83,7.225,0.0,17.60,682.64,267.49,682.28,270.04,-40.47,-38.74,136.50,149.28,109.45,94.19,0.8893,13.8800,-40.4700,0.0000,0.0000,0.7645,0
754,08:58:03.185,ROI,160,160,224,224,11.70,44.18,10.35,0.0,22.63,679.79,266.78,679.27,267.57,-41.45,-38.96,140.56,146.97,111.85,95.80,0.9340,13.0700,-41.4500,0.0000,0.0000,0.8053,0
755,08:58:03.249,ROI,160,160,224,224,11.37,55.65,0.0,0.0,17.97,677.56,264.28,676.46,265.03,-40.73,-39.18,138.01,144.22,109.61,93.88,0.9120,13.5400,-40.7300,0.0000,0.0000,0.7496,0
756,08:58:03.313,ROI,160,160,224,224,11.45,57.04,15.1,0.0,17.53,674.02,261.65,673.57,262.50,-38.12,-38.79,138.73,141.96,108.53,94.33,0.8877,14.6600,-38.1200,0.0000,0.0000,0.7668,0
757,08:58:03.361,ROI,160,160,224,224,11.27,41.15,10.875,0.0,24.30,672.21,260.30,670.81,260.09,-35.59,-38.06,138.82,139.95,109.27,93.32,0.9404,14.6400,-35.5900,0.0000,0.0000,0.7691,0
758,08:58:03.490,ROI,160,160,224,224,11.72,122.19,3.35,0.0,8.18,667.28,256.86,667.69,257.49,-36.87,-37.79,140.22,138.50,112.73,95.07,0.8529,17.0600,-36.8700,0.0000,0.0000,0.8069,0
759,08:58:03.538,ROI,160,160,256,256,11.29,38.32,11.3,0.0,26.09,663.66,252.88,664.49,254.43,-37.38,-37.87,136.32,136.08,115.17,95.82,0.8652,13.4800,-37.3800,0.0000,0.0000,0.7151,0
760,08:58:03.601,ROI,160,160,256,256,8.35,53.00,7.65,0.0,18.87,661.03,251.60,661.39,251.71,-37.99,-37.85,138.67,134.61,113.79,93.49,0.9301,15.1400,-37.9900,0.0000,0.0000,0.7305,0
761,08:58:03.666,ROI,160,160,256,256,10.37,61.11,0.0,0.0,16.36,658.38,249.02,658.49,249.15,-34.11,-36.97,138.69,133.95,115.81,94.26,0.9047,15.1800,-34.1100,0.0000,0.0000,0.7599,0
762,08:58:03.713,ROI,160,160,256,256,10.16,39.98,10.775,0.0,25.01,655.68,246.66,655.57,246.55,-37.10,-36.43,138.23,133.54,113.47,93.02,0.9082,16.0300,-37.1000,0.0000,0.0000,0.7636,0
763,08:58:03.779,ROI,160,160,256,256,9.25,58.14,7.175,0.0,17.20,654.44,246.88,653.26,244.82,-36.32,-36.06,143.15,134.71,112.24,93.97,0.9686,17.0200,-36.3200,0.0000,0.0000,0.8012,0
764,08:58:03.842,ROI,160,160,256,256,9.52,57.69,7.3,0.0,17.34,651.12,244.88,650.65,243.02,-36.91,-36.18,145.41,136.59,113.73,95.30,0.9049,15.2400,-36.9100,0.0000,0.0000,0.7629,0
765,08:58:03.889,ROI,160,160,256,256,11.61,42.47,10.75,0.0,23.55,650.30,243.09,648.38,241.18,-40.04,-37.07,141.01,137.38,112.77,96.18,0.9496,14.6400,-40.0400,0.0000,0.0000,0.7614,0
766,08:58:04.019,ROI,160,160,256,256,10.90,121.83,0.0,0.0,8.21,645.17,238.42,645.71,238.88,-37.46,-36.91,139.20,137.47,114.93,96.06,0.8326,15.6200,-37.4600,0.0000,0.0000,0.7767,0
767,08:58:04.064,ROI,160,160,256,256,8.63,35.35,0.0,0.0,28.29,641.66,236.10,642.80,236.58,-37.00,-36.78,141.73,138.43,114.06,95.49,0.8971,13.9000,-37.0000,0.0000,0.0000,0.7200,0
768,08:58:04.130,ROI,160,160,256,256,9.60,61.02,6.875,0.0,16.39,638.95,234.93,639.81,234.50,-41.25,-37.98,145.14,140.35,110.93,96.35,0.9308,13.8800,-41.2500,0.0000,0.0000,0.7325,0
769,08:58:04.193,ROI,160,160,224,224,11.50,58.19,14.975,0.0,17.19,634.30,232.88,636.47,232.52,-36.13,-37.33,149.29,143.20,112.32,94.82,0.8830,15.3000,-36.1300,0.0000,0.0000,0.7698,0
770,08:58:04.241,ROI,160,160,256,256,11.19,40.64,11.05,0.0,24.61,633.52,231.01,633.53,230.52,-46.31,-39.52,145.81,144.97,112.51,96.85,0.9486,13.6200,-46.3100,0.0000,0.0000,0.7740,0
771,08:58:04.306,ROI,160,160,256,256,11.67,58.48,7.4,0.0,17.10,629.16,227.75,630.36,228.30,-44.17,-41.03,145.11,146.23,114.19,97.78,0.8680,13.7800,-44.1700,0.0000,0.0000,0.7866,0
772,08:58:04.368,ROI,160,160,256,256,9.44,53.52,0.0,0.0,18.68,626.44,226.42,627.11,226.26,-47.90,-43.32,147.77,147.96,116.00,96.94,0.9288,13.3200,-47.9000,0.0000,0.0000,0.7665,0
773,08:58:04.433,ROI,160,160,256,256,11.24,60.21,14.3,0.0,16.61,624.64,224.06,624.32,224.22,-41.40,-43.63,143.80,148.34,112.45,94.56,0.9227,14.2000,-41.4000,0.0000,0.0000,0.7945,0
774,08:58:04.482,ROI,160,160,256,256,9.26,39.69,10.6,0.0,25.19,623.92,222.59,621.90,222.23,-47.71,-45.38,140.64,147.61,110.42,96.21,0.9525,15.0700,-47.7100,0.0000,0.0000,0.8161,0
775,08:58:04.594,ROI,160,160,224,224,11.50,107.11,0.0,0.0,9.34,618.97,218.88,619.07,219.88,-52.92,-48.76,140.28,146.56,108.09,92.44,0.8465,14.8500,-52.9200,0.0000,0.0000,0.8272,0
776,08:58:04.657,ROI,160,160,224,224,11.11,56.29,7.65,0.0,17.77,616.14,216.05,616.26,217.45,-49.04,-50.52,139.17,145.43,106.50,93.25,0.8940,13.7000,-49.0400,0.0000,0.0000,0.7492,0
777,08:58:04.722,ROI,160,160,224,224,9.74,54.00,7.5,0.0,18.52,613.93,214.68,613.56,215.27,-44.51,-50.84,140.98,144.98,106.83,93.53,0.9322,13.2000,-44.5100,0.0000,0.0000,0.7579,0
778,08:58:04.770,ROI,160,160,224,224,12.22,42.85,10.35,0.0,23.34,612.89,213.85,611.46,213.43,-44.92,-50.76,138.96,143.56,104.55,94.89,0.9617,12.5600,-44.9200,0.0000,0.0000,0.7362,0
779,08:58:04.833,ROI,160,160,224,224,10.92,53.72,15.7,0.0,18.62,609.86,211.24,609.10,211.30,-47.98,-50.91,137.79,141.63,104.89,94.19,0.8944,12.9400,-47.9800,0.0000,0.0000,0.7228,0
780,08:58:04.897,ROI,160,160,224,224,9.12,55.32,14.8,0.0,18.08,608.01,210.22,606.81,209.36,-45.09,-50.29,139.78,140.30,106.43,96.66,0.9412,12.6300,-45.0900,0.0000,0.0000,0.7203,0
781,08:58:04.961,ROI,160,160,224,224,9.21,57.28,7.225,0.0,17.46,604.84,207.47,604.40,207.28,-44.66,-49.89,139.11,139.13,107.48,95.09,0.8914,13.3200,-44.6600,0.0000,0.0000,0.7450,0
782,08:58:05.074,ROI,160,160,224,224,11.29,108.23,3.825,0.0,9.24,599.97,203.84,601.52,204.84,-48.89,-50.07,139.80,138.20,106.01,94.98,0.8483,14.8900,-48.8900,0.0000,0.0000,0.7773,0
783,08:58:05.120,ROI,160,160,224,224,8.66,36.67,11.325,0.0,27.27,598.01,202.89,598.79,202.87,-47.90,-49.97,144.17,139.13,102.96,94.79,0.9444,12.8700,-47.9000,0.0000,0.0000,0.7424,0
784,08:58:05.184,ROI,160,160,224,224,10.80,59.27,7.15,0.0,16.87,595.40,199.73,596.07,200.47,-49.42,-50.00,138.65,138.21,103.39,95.17,0.8909,13.8900,-49.4200,0.0000,0.0000,0.7460,0
785,08:58:05.248,ROI,160,160,224,224,11.20,56.88,0.0,0.0,17.58,594.33,199.17,593.70,198.52,-47.63,-49.37,140.47,138.13,103.92,96.61,0.9651,13.2900,-47.6300,0.0000,0.0000,0.7676,0
786,08:58:05.313,ROI,160,160,224,224,11.28,58.39,14.75,0.0,17.13,591.21,195.61,591.20,196.18,-54.55,-50.68,136.88,137.14,104.68,93.90,0.8761,15.9800,-54.5500,0.0000,0.0000,0.8015,0
787,08:58:05.361,ROI,160,160,224,224,8.96,38.07,10.975,0.0,26.27,588.82,194.29,588.61,193.97,-55.68,-52.22,139.49,137.04,104.79,95.52,0.9294,15.9600,-55.6800,0.0000,0.0000,0.8260,0
788,08:58:05.490,ROI,160,160,224,224,13.63,126.82,3.275,26.525,7.89,583.90,189.46,585.56,191.13,-52.86,-52.65,137.12,136.29,103.05,92.69,0.8244,16.2200,-52.8600,0.7100,-47.2000,0.8309,0
789,08:58:05.538,ROI,160,160,224,224,15.96,43.22,11.8,0.0,23.14,580.72,188.06,582.48,188.74,-55.24,-53.51,142.10,137.42,104.78,93.38,0.9134,15.6300,-55.2400,0.5300,-59.7700,0.8190,0
790,08:58:05.600,ROI,160,160,224,224,9.98,47.55,8.575,0.0,21.03,580.18,186.91,580.03,186.60,-51.86,-53.21,139.01,137.58,104.41,92.76,0.9657,15.9300,-51.8600,0.8900,-50.7900,0.8368,0
791,08:58:05.650,ROI,160,160,224,224,9.09,42.23,10.025,0.0,23.68,577.69,186.13,577.60,184.90,-55.33,-54.14,144.96,139.45,104.01,91.73,0.9376,15.1800,-55.3300,0.0000,0.0000,0.8370,0
792,08:58:05.714,ROI,160,160,224,224,9.01,57.63,7.175,0.0,17.35,574.98,183.14,575.13,182.98,-54.48,-54.48,142.19,140.58,105.28,93.03,0.8915,16.4400,-54.4800,0.0000,0.0000,0.8264,0
793,08:58:05.777,ROI,160,160,224,224,11.51,55.82,0.0,0.0,17.92,574.08,183.10,572.95,181.41,-53.33,-54.53,144.13,141.79,108.11,94.15,0.9623,16.1000,-53.3300,0.0000,0.0000,0.8276,0
794,08:58:05.843,ROI,160,160,224,224,14.86,61.01,7.35,23.45,16.39,570.35,179.42,570.43,179.31,-54.69,-54.91,140.22,141.62,105.55,93.39,0.8641,17.0400,-54.6900,0.0000,0.0000,0.8041,0
795,08:58:05.890,ROI,160,160,224,224,8.39,28.62,0.0,0.0,34.94,571.60,179.46,568.68,177.70,-56.63,-55.48,137.33,141.08,107.41,92.99,0.9726,15.1100,-56.6300,0.0000,0.0000,0.8608,0
796,08:58:06.001,ROI,160,160,224,224,9.73,104.97,3.85,0.0,9.53,564.50,174.83,565.75,175.54,-56.27,-56.10,143.61,142.53,104.13,92.79,0.7960,16.9000,-56.2700,0.0000,0.0000,0.8435,0
797,08:58:06.064,ROI,160,160,224,224,11.22,59.13,7.375,31.625,16.91,561.54,172.43,562.79,173.35,-59.78,-57.69,143.47,143.67,103.25,93.49,0.8983,16.3500,-59.7800,0.0000,0.0000,0.8598,0
798,08:58:06.130,ROI,160,160,224,224,11.62,59.11,7.3,0.0,16.92,560.36,169.96,560.21,170.99,-58.45,-58.44,137.58,142.85,102.26,92.39,0.9271,17.0600,-58.4500,0.0000,0.0000,0.8746,0
799,08:58:06.194,ROI,160,160,224,224,10.46,55.62,7.675,0.0,17.98,555.21,167.50,557.12,168.56,-62.51,-60.67,141.80,142.77,100.67,92.48,0.8589,16.1200,-62.5100,0.0000,0.0000,0.9057,0
800,08:58:06.242,ROI,160,160,224,224,8.34,37.35,10.6,0.0,26.77,555.38,166.40,554.67,166.39,-54.67,-59.76,138.57,141.96,102.91,90.85,0.9554,16.0300,-54.6700,0.0000,0.0000,0.8354,0
801,08:58:06.305,ROI,160,160,224,224,11.34,59.76,7.3,0.0,16.73,551.36,164.39,551.96,164.35,-59.53,-60.34,142.93,142.33,102.90,90.43,0.8862,16.3000,-59.5300,0.0000,0.0000,0.8751,0
802,08:58:06.369,ROI,160,160,224,224,14.07,57.51,0.0,0.0,17.39,549.91,162.91,549.61,162.39,-48.23,-57.48,140.29,141.57,104.83,90.59,0.9415,14.0900,-48.2300,0.0000,0.0000,0.8168,0
803,08:58:06.417,ROI,160,160,224,224,22.01,46.92,11.925,0.0,21.31,546.49,160.92,546.97,160.46,-49.93,-55.93,143.81,141.95,104.08,89.57,0.8975,13.5000,-49.9300,0.0000,0.0000,0.7967,0
804,08:58:06.529,ROI,160,160,224,224,15.09,96.12,13.15,0.0,10.40,544.71,158.10,544.36,158.24,-58.91,-56.47,139.49,141.32,103.39,90.93,0.9085,15.5200,-58.9100,0.0000,0.0000,0.8557,0
805,08:58:06.594,ROI,160,160,224,224,14.87,56.27,0.0,0.0,17.77,540.68,155.12,541.56,155.92,-62.44,-57.28,140.42,141.01,101.04,88.96,0.8668,16.1100,-62.4400,0.0000,0.0000,0.8823,0
806,08:58:06.658,ROI,160,160,224,224,13.89,56.38,8.125,0.0,17.74,539.58,154.27,539.22,154.04,-58.63,-57.13,141.36,141.05,104.19,88.68,0.9518,14.5800,-58.6300,0.0000,0.0000,0.8496,0
807,08:58:06.721,ROI,160,160,224,224,13.44,54.06,8.075,0.0,18.50,536.61,150.82,536.73,151.76,-59.88,-57.66,137.37,139.87,101.63,88.56,0.8749,14.3300,-59.8800,0.0000,0.0000,0.8269,0
808,08:58:06.769,ROI,160,160,224,224,15.63,40.60,0.0,0.0,24.63,534.73,149.78,534.29,149.67,-61.93,-58.68,139.52,139.56,99.76,90.12,0.9416,13.5600,-61.9300,0.0000,0.0000,0.8293,0
809,08:58:06.834,ROI,160,160,224,224,16.31,56.49,8.2,0.0,17.70,531.80,147.31,531.74,147.51,-62.26,-59.42,139.74,139.49,100.48,88.79,0.8940,15.2700,-62.2600,0.0000,0.0000,0.8500,0
810,08:58:06.882,ROI,160,160,224,224,14.34,39.57,12.55,0.0,25.27,529.99,145.71,529.29,145.38,-58.46,-59.34,138.99,139.12,98.76,87.47,0.9305,14.0600,-58.4600,0.0000,0.0000,0.8457,0
811,08:58:07.009,ROI,160,160,224,224,12.78,116.37,3.5,0.0,8.59,525.93,141.81,526.42,142.79,-59.98,-59.81,137.88,138.59,97.75,85.88,0.8441,13.8400,-59.9800,0.0000,0.0000,0.8341,0
812,08:58:07.057,ROI,160,160,224,224,15.42,40.50,11.45,0.0,24.69,523.88,138.86,523.91,140.16,-61.69,-60.42,133.68,137.02,97.58,86.87,0.8967,13.4200,-61.6900,0.0000,0.0000,0.8340,0
813,08:58:07.122,ROI,160,160,224,224,17.01,59.36,8.075,0.0,16.85,523.08,138.53,521.83,137.97,-63.15,-61.47,133.61,135.23,96.81,88.26,0.9685,13.9100,-63.1500,0.0000,0.0000,0.8363,0
814,08:58:07.187,ROI,160,160,224,224,16.79,54.46,0.0,0.0,18.36,519.07,135.47,519.31,135.63,-63.43,-62.42,137.05,135.04,97.33,85.81,0.8602,14.3600,-63.4300,0.0000,0.0000,0.8304,0
815,08:58:07.234,ROI,160,160,224,224,16.34,37.26,0.0,0.0,26.83,517.91,133.88,517.03,133.33,-64.91,-63.88,134.82,134.21,97.31,88.34,0.9419,13.6700,-64.9100,0.0000,0.0000,0.8172,0
816,08:58:07.298,ROI,160,160,224,224,16.96,54.89,0.0,0.0,18.22,516.92,132.71,515.13,131.42,-66.30,-64.99,134.75,133.87,97.61,88.77,0.9545,13.2800,-66.3000,0.0000,0.0000,0.8015,0
817,08:58:07.360,ROI,160,160,224,224,13.58,45.93,17.775,0.0,21.77,512.88,130.25,512.70,129.32,-65.07,-65.45,139.22,134.70,97.75,88.38,0.8728,14.0900,-65.0700,0.0000,0.0000,0.8402,0
818,08:58:07.473,ROI,160,160,224,224,14.49,105.74,3.975,0.0,9.46,508.92,128.11,510.07,127.48,-61.30,-65.01,144.96,137.28,96.81,87.63,0.8796,13.6900,-61.3000,0.0000,0.0000,0.8418,0
819,08:58:07.537,ROI,160,160,224,224,13.47,55.69,8.075,0.0,17.96,508.14,126.38,508.02,125.73,-51.74,-61.85,139.44,137.79,99.65,86.94,0.9343,14.0000,-51.7400,0.0000,0.0000,0.7678,0
820,08:58:07.586,ROI,160,160,224,224,11.99,38.68,11.4,0.0,25.85,505.94,125.22,505.86,124.15,-56.04,-60.50,143.92,139.75,98.56,88.48,0.9322,14.9400,-56.0400,0.0000,0.0000,0.8434,0
821,08:58:07.649,ROI,160,160,224,224,14.81,58.10,7.8,0.0,17.21,503.89,124.20,503.78,122.71,-62.94,-60.87,145.33,141.35,95.61,88.98,0.9375,14.7200,-62.9400,0.0000,0.0000,0.8729,0
822,08:58:07.713,ROI,160,160,192,192,11.85,53.54,8.05,0.0,18.68,500.12,120.11,501.32,120.74,-54.71,-59.09,141.31,141.86,93.42,84.10,0.8423,16.2900,-54.7100,0.0000,0.0000,0.8423,0
823,08:58:07.763,ROI,160,160,192,192,12.68,41.43,10.75,0.0,24.14,498.52,120.79,498.93,119.30,-60.36,-59.18,148.89,144.05,92.27,84.96,0.9511,15.4400,-60.3600,0.0000,0.0000,0.9060,0
824,08:58:07.890,ROI,160,160,192,192,10.54,115.45,0.0,0.0,8.66,493.74,116.02,495.98,117.16,-50.04,-56.51,144.06,144.95,93.35,82.55,0.8090,16.2600,-50.0400,0.0000,0.0000,0.8076,0
825,08:58:07.938,ROI,160,160,192,192,11.92,41.85,0.0,0.0,23.90,491.75,114.90,492.82,115.05,-53.59,-55.02,146.30,146.58,91.78,82.84,0.9329,15.5000,-53.5900,0.0000,0.0000,0.8407,0
826,08:58:08.002,ROI,160,160,192,192,11.60,55.88,7.675,0.0,17.89,490.56,114.95,490.38,113.66,-55.58,-54.33,150.37,148.52,93.88,84.23,0.9585,14.0900,-55.5800,0.0000,0.0000,0.8686,0
827,08:58:08.068,ROI,160,160,192,192,13.56,57.35,7.325,0.0,17.44,486.47,112.06,487.54,111.98,-47.34,-51.30,149.32,149.77,94.69,83.60,0.8583,16.3500,-47.3400,0.0000,0.0000,0.8143,0
828,08:58:08.113,ROI,160,160,192,192,10.06,33.60,12.9,0.0,29.76,484.75,110.86,484.82,110.50,-52.60,-50.17,151.41,151.79,90.07,82.06,0.9244,15.2500,-52.6000,0.0000,0.0000,0.7971,0
829,08:58:08.177,ROI,160,160,192,192,11.34,57.74,7.375,0.0,17.32,484.12,109.23,482.83,109.08,-46.72,-47.29,144.49,151.28,93.28,82.06,0.9287,13.9500,-46.7200,0.0000,0.0000,0.7549,0
830,08:58:08.241,ROI,160,160,192,192,13.23,57.45,7.625,0.0,17.41,480.89,105.96,480.38,107.17,-48.61,-45.99,142.09,150.35,92.93,79.78,0.8627,15.1300,-48.6100,0.0000,0.0000,0.7691,0
831,08:58:08.290,ROI,160,160,192,192,12.84,40.73,11.375,0.0,24.55,481.39,105.20,478.82,105.54,-53.12,-45.78,133.73,146.83,92.88,80.70,0.9708,14.4900,-53.1200,0.0000,0.0000,0.8085,0
832,08:58:08.418,ROI,160,160,192,192,13.71,121.64,3.425,0.0,8.22,476.50,102.14,476.41,103.48,-52.73,-46.70,139.53,145.34,94.70,81.23,0.8382,15.0800,-52.7300,0.0000,0.0000,0.7787,0
833,08:58:08.465,ROI,160,160,192,192,8.96,30.34,12.025,0.0,32.96,473.43,100.18,473.89,101.36,-48.98,-46.85,139.92,143.68,93.06,80.05,0.8933,13.0300,-48.9800,0.0000,0.0000,0.6944,0
834,08:58:08.529,ROI,160,160,192,192,8.50,56.31,7.25,0.0,17.76,472.44,99.02,471.70,99.48,-55.33,-48.27,139.33,142.28,91.63,81.48,0.9514,13.8400,-55.3300,0.0000,0.0000,0.8016,0
835,08:58:08.593,ROI,160,160,192,192,9.88,59.01,7.15,0.0,16.95,470.39,96.85,469.71,97.57,-51.83,-48.45,136.16,140.06,93.60,81.58,0.9083,14.6200,-51.8300,0.0000,0.0000,0.7489,0
836,08:58:08.641,ROI,160,160,192,192,8.32,39.28,0.0,0.0,25.46,469.83,95.42,468.05,95.64,-49.42,-48.44,130.76,136.50,93.89,80.22,0.9541,13.3900,-49.4200,0.0000,0.0000,0.7239,0
837,08:58:08.705,ROI,160,160,192,192,11.00,60.57,7.075,0.0,16.51,467.85,93.04,466.44,93.67,-44.33,-47.18,129.15,133.27,96.97,79.49,0.9048,15.0200,-44.3300,0.0000,0.0000,0.7596,0
838,08:58:08.769,ROI,160,160,224,224,8.68,54.43,0.0,0.0,18.37,467.35,92.55,465.17,91.96,-49.59,-47.45,126.60,129.62,98.42,82.95,0.9442,14.1900,-49.5900,0.0000,0.0000,0.7950,0
839,08:58:08.817,ROI,160,160,224,224,9.18,41.51,20.125,0.0,24.09,463.33,89.80,463.35,89.99,-52.62,-48.56,132.77,128.08,95.23,81.03,0.8623,13.0500,-52.6200,0.0000,0.0000,0.7802,0
840,08:58:08.945,ROI,160,160,192,192,8.10,120.39,3.325,0.0,8.31,461.75,87.52,461.57,87.83,-45.35,-48.07,129.44,125.99,97.96,80.58,0.9156,17.8300,-45.3500,0.0000,0.0000,0.8568,0
841,08:58:08.993,ROI,160,160,224,224,8.02,41.63,9.9,0.0,24.02,460.10,85.92,460.02,85.90,-47.96,-48.39,128.88,124.23,98.78,80.93,0.9301,13.1800,-47.9600,0.0000,0.0000,0.8038,0
842,08:58:09.057,ROI,160,160,224,224,8.11,57.30,7.1,0.0,17.45,458.45,84.53,458.50,84.20,-53.52,-50.12,131.69,124.03,97.59,80.68,0.9347,14.2200,-53.5200,0.0000,0.0000,0.8074,0
843,08:58:09.121,ROI,160,160,224,224,8.92,58.62,7.075,0.0,17.06,455.61,81.93,456.58,82.16,-54.27,-51.75,133.40,124.69,96.53,80.68,0.8857,14.6100,-54.2700,0.0000,0.0000,0.7906,0
844,08:58:09.169,ROI,160,160,224,224,10.01,43.16,10.1,0.0,23.17,454.47,80.79,454.99,80.44,-54.56,-53.20,132.54,125.10,96.52,80.86,0.9500,14.9900,-54.5600,0.0000,0.0000,0.7995,0
845,08:58:09.234,ROI,160,160,224,224,11.04,58.68,7.325,0.0,17.04,450.47,79.07,452.71,78.72,-53.89,-54.07,142.96,128.75,93.31,80.64,0.8823,14.6600,-53.8900,0.0000,0.0000,0.7871,0
846,08:58:09.281,ROI,160,160,192,192,10.45,39.94,0.0,0.0,25.04,450.07,78.13,450.72,77.16,-47.35,-52.78,142.16,132.16,93.19,79.76,0.9686,13.3400,-47.3500,0.0000,0.0000,0.8094,0
847,08:58:09.345,ROI,160,160,192,192,7.77,55.14,7.375,0.0,18.14,447.59,76.51,448.66,75.68,-48.20,-51.71,144.22,135.67,94.60,78.91,0.9115,14.0900,-48.2000,0.0000,0.0000,0.8075,0
848,08:58:09.474,ROI,160,160,192,192,10.13,125.28,3.25,0.0,7.98,444.50,74.29,446.42,74.08,-46.36,-50.37,144.42,138.50,95.84,79.64,0.8877,15.4900,-46.3600,0.0000,0.0000,0.7997,0
849,08:58:09.521,ROI,160,160,192,192,11.30,40.95,10.875,0.0,24.42,444.01,73.79,444.46,72.81,-50.73,-51.11,147.01,142.24,91.28,79.94,0.9408,15.0000,-50.7300,0.0000,0.0000,0.8451,0
850,08:58:09.585,ROI,160,160,192,192,8.62,52.19,7.625,0.0,19.16,443.35,73.31,442.77,71.76,-50.36,-51.34,148.14,145.58,93.91,79.40,0.9606,15.3200,-50.3600,0.0000,0.0000,0.8197,0
851,08:58:09.633,ROI,160,160,192,192,9.73,42.61,10.125,0.0,23.47,442.20,72.80,441.16,70.85,-49.63,-50.63,150.66,149.04,91.66,79.55,0.9633,15.5600,-49.6300,0.0000,0.0000,0.8194,0
852,08:58:09.697,ROI,160,160,192,192,8.07,56.32,7.25,0.0,17.76,441.80,72.37,439.97,70.36,-49.96,-50.59,157.47,154.18,90.14,79.10,0.9729,15.5300,-49.9600,0.0000,0.0000,0.8353,0
853,08:58:09.761,ROI,160,160,192,192,9.21,58.81,7.075,0.0,17.00,440.94,71.72,438.84,69.76,-49.40,-49.77,151.90,156.46,90.17,78.59,0.9653,15.4100,-49.4000,0.0000,0.0000,0.8583,0
854,08:58:09.873,ROI,160,160,192,192,7.88,103.73,0.0,0.0,9.64,439.57,71.14,437.92,69.52,-51.10,-50.24,165.55,162.21,89.65,79.50,0.9559,16.1500,-51.1000,0.0000,0.0000,0.8734,0
855,08:58:09.937,ROI,160,160,192,192,8.47,57.34,7.075,0.0,17.44,440.54,71.39,437.59,69.54,-48.08,-49.55,-175.56,171.76,93.13,80.09,0.9556,15.6700,-48.0800,0.0000,0.0000,0.8991,0
856,08:58:09.985,ROI,160,160,192,192,8.19,41.71,10.0,0.0,23.97,439.77,70.92,437.22,69.46,-51.59,-49.59,166.38,174.53,90.74,79.62,0.9631,16.1300,-51.5900,0.0000,0.0000,0.8734,0
857,08:58:10.049,ROI,160,160,192,192,8.12,57.34,7.1,0.0,17.44,440.66,71.33,437.51,69.71,-47.77,-49.27,-41.68,216.39,93.66,79.86,0.9591,15.4500,-47.7700,0.0000,0.0000,0.8964,0
858,08:58:10.113,ROI,160,160,192,192,9.38,58.49,7.1,0.0,17.10,439.60,70.86,437.66,69.87,-51.78,-49.63,-46.62,250.51,90.70,79.21,0.9571,15.9700,-51.7800,0.0000,0.0000,0.8658,0
859,08:58:10.161,ROI,160,160,192,192,8.69,40.56,10.3,0.0,24.65,440.37,71.12,438.04,70.14,-48.33,-49.55,-35.59,282.46,93.19,79.30,0.9668,15.4400,-48.3300,0.0000,0.0000,0.8928,0
860,08:58:10.289,ROI,160,160,192,192,7.57,120.37,0.0,0.0,8.31,439.56,70.85,438.39,70.50,-51.87,-50.38,-45.43,306.41,90.77,79.42,0.9673,15.9900,-51.8700,0.0000,0.0000,0.8632,0
861,08:58:10.337,ROI,160,160,192,192,10.04,44.90,9.75,0.0,22.27,440.30,71.12,438.77,70.85,-49.07,-49.99,-42.77,327.01,93.25,79.34,0.9667,15.2700,-49.0700,0.0000,0.0000,0.8859,0
862,08:58:10.401,ROI,160,160,192,192,9.43,54.44,7.35,0.0,18.37,439.47,70.87,439.19,71.24,-52.13,-50.43,-42.29,342.74,90.77,79.34,0.9673,15.9500,-52.1300,0.0000,0.0000,0.8617,0
863,08:58:10.465,ROI,160,160,192,192,9.37,54.49,7.325,0.0,18.35,440.01,71.06,439.90,71.67,-49.21,-50.34,-31.75,357.01,92.64,79.22,0.9751,15.2800,-49.2100,0.0000,0.0000,0.8866,0
864,08:58:10.513,ROI,160,160,192,192,8.55,40.00,21.025,0.0,25.00,439.35,70.78,440.35,71.93,-52.16,-50.45,-30.18,367.52,90.53,79.30,0.9702,16.0000,-52.1600,0.0000,0.0000,0.8595,0
865,08:58:10.577,ROI,160,160,192,192,11.85,61.85,0.0,0.0,16.17,440.04,71.10,440.99,72.27,-48.91,-49.86,-27.45,375.18,92.93,79.36,0.9663,15.2800,-48.9100,0.0000,0.0000,0.8878,0
866,08:58:10.644,ROI,160,160,192,192,11.98,58.69,7.35,0.0,17.04,439.29,70.81,441.26,72.42,-51.89,-50.29,-30.61,379.04,90.46,79.21,0.9664,15.9000,-51.8900,0.0000,0.0000,0.8590,0
867,08:58:10.690,ROI,160,160,192,192,13.38,38.09,11.95,0.0,26.25,439.67,70.98,441.56,72.61,-48.87,-50.38,-31.83,379.87,92.08,79.36,0.9783,15.8000,-48.8700,0.0000,0.0000,0.8870,0
868,08:58:10.817,ROI,160,160,192,192,12.16,117.19,3.475,0.0,8.53,441.82,71.66,442.21,72.79,-45.67,-49.29,-15.36,382.91,94.63,78.73,0.9391,15.2400,-45.6700,0.0000,0.0000,0.8793,0
869,08:58:10.866,ROI,160,160,192,192,11.17,37.84,10.825,0.0,26.43,442.38,72.24,443.00,73.10,-47.55,-48.57,-21.04,381.35,91.02,78.98,0.9482,14.8200,-47.5500,0.0000,0.0000,0.8669,0
870,08:58:10.929,ROI,160,160,192,192,9.82,53.23,7.65,0.0,18.79,442.90,72.52,443.73,73.42,-47.54,-48.60,-23.63,377.43,91.00,78.90,0.9818,14.7700,-47.5400,0.0000,0.0000,0.8426,0
871,08:58:10.993,ROI,160,160,192,192,10.26,54.17,7.325,0.0,18.46,443.50,72.92,444.39,73.72,-48.52,-48.82,-24.98,371.79,89.96,79.55,0.9768,15.2100,-48.5200,0.0000,0.0000,0.8673,0
872,08:58:11.041,ROI,160,160,192,192,12.50,41.15,10.7,0.0,24.30,444.49,73.62,445.08,74.08,-48.58,-48.61,-27.09,364.38,91.46,79.78,0.9617,15.1500,-48.5800,0.0000,0.0000,0.8648,0
873,08:58:11.106,ROI,160,160,192,192,12.34,56.08,7.575,0.0,17.83,445.50,75.16,445.90,74.80,-49.93,-48.63,-41.65,352.43,89.94,79.51,0.9413,14.3100,-49.9300,0.0000,0.0000,0.8516,0
874,08:58:11.170,ROI,160,160,192,192,12.16,53.93,7.85,0.0,18.54,446.66,76.16,446.72,75.60,-48.35,-48.09,-44.47,340.17,92.08,78.90,0.9508,13.9500,-48.3500,0.0000,0.0000,0.8160,0
875,08:58:11.218,ROI,160,160,192,192,10.92,37.13,11.075,0.0,26.93,449.34,77.93,448.19,76.72,-45.85,-46.89,-37.16,329.63,93.34,78.97,0.9037,13.2100,-45.8500,0.0000,0.0000,0.7849,0
876,08:58:11.330,ROI,160,160,192,192,12.58,104.50,7.85,0.0,9.57,452.34,79.94,450.05,78.12,-47.72,-46.84,-37.00,319.90,93.72,82.00,0.8933,13.7300,-47.7200,0.0000,0.0000,0.8014,0
877,08:58:11.395,ROI,160,160,192,192,10.96,52.98,7.55,0.0,18.88,455.23,82.32,452.36,79.91,-47.31,-46.70,-37.71,310.83,94.15,80.29,0.8883,14.0200,-47.3100,0.0000,0.0000,0.8296,0
878,08:58:11.459,ROI,160,160,192,192,12.24,57.02,7.625,0.0,17.54,457.24,83.18,454.94,81.72,-47.65,-46.93,-35.08,303.83,97.07,79.73,0.9387,14.5700,-47.6500,0.0000,0.0000,0.8468,0
879,08:58:11.522,ROI,160,160,224,224,15.52,56.55,7.775,0.0,17.68,459.63,85.97,457.64,83.92,-52.33,-48.08,-39.20,297.14,96.46,81.54,0.8897,13.5000,-52.3300,0.0000,0.0000,0.7860,0
880,08:58:11.570,ROI,160,160,224,224,12.69,36.41,12.675,0.0,27.46,461.23,87.67,460.22,86.16,-53.48,-49.42,-40.87,292.00,96.61,82.67,0.9290,13.5000,-53.4800,0.0000,0.0000,0.8259,0
881,08:58:11.634,ROI,160,160,224,224,10.35,51.97,7.725,0.0,19.24,463.31,90.13,462.86,88.61,-49.51,-49.62,-42.89,288.55,96.95,81.93,0.9033,13.8300,-49.5100,0.0000,0.0000,0.8143,0
882,08:58:11.699,ROI,160,160,224,224,12.27,55.76,7.4,0.0,17.94,464.08,90.44,465.14,90.67,-51.87,-50.40,-42.13,287.44,96.36,82.70,0.9752,13.9500,-51.8700,0.0000,0.0000,0.8244,0
883,08:58:11.746,ROI,160,160,224,224,14.89,37.40,11.675,0.0,26.74,467.21,92.81,467.74,92.93,-54.65,-51.87,-40.99,290.16,96.88,82.84,0.8867,14.0200,-54.6500,0.0000,0.0000,0.8075,0
884,08:58:11.874,ROI,160,160,224,224,10.66,116.81,0.0,0.0,8.56,469.37,95.44,470.41,95.42,-57.73,-53.80,-42.96,-65.62,92.75,83.38,0.8981,13.8400,-57.7300,0.0000,0.0000,0.8045,0
885,08:58:11.923,ROI,160,160,192,192,14.42,41.85,0.0,0.0,23.89,471.28,97.32,472.88,97.83,-51.33,-54.03,-44.33,299.79,94.48,82.42,0.9182,13.1000,-51.3300,0.0000,0.0000,0.7621,0
886,08:58:11.987,ROI,160,160,192,192,14.20,56.37,8.05,0.0,17.74,473.77,99.74,475.44,100.35,-49.16,-53.33,-44.61,-49.76,94.79,82.21,0.8959,12.5700,-49.1600,0.0000,0.0000,0.7785,0
887,08:58:12.051,ROI,160,160,192,192,10.12,52.56,7.975,0.0,19.02,474.15,100.37,477.35,102.40,-57.70,-55.25,-46.96,-51.08,92.71,82.08,0.9633,13.0500,-57.7000,0.0000,0.0000,0.8217,0
888,08:58:12.114,ROI,160,160,192,192,16.54,61.50,7.55,0.0,16.26,476.58,102.52,479.40,104.50,-50.92,-54.76,-45.77,-51.08,94.60,82.43,0.9022,12.6700,-50.9200,0.0000,0.0000,0.7527,0
889,08:58:12.162,ROI,160,160,192,192,14.57,38.53,12.875,0.0,25.96,478.04,103.99,481.14,106.39,-55.37,-55.73,-47.28,-51.99,92.90,81.80,0.9356,13.2500,-55.3700,0.0000,0.0000,0.8091,0
890,08:58:12.290,ROI,160,160,192,192,12.66,119.25,3.45,0.0,8.39,482.48,106.30,483.54,108.36,-48.36,-54.37,-39.34,-49.48,94.39,81.49,0.8617,12.8600,-48.3600,0.0000,0.0000,0.8003,0
891,08:58:12.339,ROI,160,160,192,192,13.99,39.06,11.325,0.0,25.60,485.04,108.17,485.87,110.21,-49.30,-53.57,-38.48,-46.71,92.41,80.54,0.9049,13.2100,-49.3000,0.0000,0.0000,0.7837,0
892,08:58:12.402,ROI,160,160,192,192,12.75,55.40,8.05,0.0,18.05,486.49,111.50,487.99,112.39,-53.33,-53.59,-45.90,-45.71,93.34,84.29,0.8948,13.5400,-53.3300,0.0000,0.0000,0.8420,0
893,08:58:12.467,ROI,160,160,192,192,10.79,54.82,0.0,0.0,18.24,486.82,111.76,489.51,114.02,-54.83,-54.15,-46.73,-45.51,92.45,82.25,0.9665,13.6300,-54.8300,0.0000,0.0000,0.8189,0
894,08:58:12.514,ROI,160,160,192,192,13.12,36.28,22.475,0.0,27.57,489.79,113.88,491.34,115.69,-55.47,-54.45,-42.49,-44.13,92.83,83.03,0.8921,13.1700,-55.4700,0.0000,0.0000,0.8536,0
895,08:58:12.578,ROI,160,160,192,192,13.77,55.93,0.0,0.0,17.88,491.65,114.90,493.05,117.08,-57.06,-55.29,-39.10,-42.12,93.30,83.83,0.9381,14.5800,-57.0600,0.0000,0.0000,0.8703,0
896,08:58:12.643,ROI,160,160,192,192,13.88,52.79,0.0,0.0,18.94,494.48,117.11,495.05,118.60,-55.04,-55.12,-37.17,-39.48,94.06,84.49,0.8945,13.9400,-55.0400,0.0000,0.0000,0.8493,0
897,08:58:12.691,ROI,160,160,192,192,12.47,37.87,11.85,0.0,26.40,496.00,117.82,496.92,119.83,-55.18,-55.12,-33.31,-35.93,92.10,83.94,0.9518,13.9700,-55.1800,0.0000,0.0000,0.8519,0
898,08:58:12.818,ROI,160,160,192,192,10.85,113.72,3.425,0.0,8.79,500.12,121.34,499.21,121.52,-60.70,-56.81,-36.49,-35.19,90.95,85.01,0.8437,14.9600,-60.7000,0.0000,0.0000,0.8794,0
899,08:58:12.866,ROI,160,160,192,192,11.03,35.80,11.025,0.0,27.93,502.56,123.44,501.55,123.27,-55.18,-56.67,-36.69,-34.59,91.78,85.18,0.9036,14.9100,-55.1800,0.0000,0.0000,0.8685,0
900,08:58:12.930,ROI,160,160,192,192,11.95,54.55,7.55,0.0,18.33,505.11,124.31,504.00,124.78,-54.67,-56.39,-31.82,-32.98,95.06,86.65,0.9280,15.3000,-54.6700,0.0000,0.0000,0.8793,0
901,08:58:12.994,ROI,160,160,192,192,12.90,54.16,7.625,0.0,18.46,508.11,126.72,506.68,126.53,-51.89,-55.30,-33.14,-32.25,97.32,85.26,0.8898,13.3800,-51.8900,0.0000,0.0000,0.8250,0
902,08:58:13.043,ROI,160,160,224,224,13.69,37.94,11.425,0.0,26.35,509.68,127.13,509.19,127.97,-58.81,-56.13,-29.81,-31.05,99.20,89.67,0.9212,14.3500,-58.8100,0.0000,0.0000,0.8502,0
903,08:58:13.107,ROI,160,160,224,224,13.83,56.36,7.975,0.0,17.74,511.91,128.08,511.74,129.23,-58.63,-56.66,-26.17,-28.11,98.14,90.69,0.9364,14.7400,-58.6300,0.0000,0.0000,0.8488,0
904,08:58:13.170,ROI,160,160,224,224,12.00,54.09,16.025,0.0,18.49,513.41,129.51,514.16,130.52,-62.36,-58.18,-28.07,-25.83,96.84,88.96,0.9396,13.0100,-62.3600,0.0000,0.0000,0.8378,0
905,08:58:13.218,ROI,160,160,224,224,14.73,40.65,11.3,0.0,24.60,515.95,132.04,516.63,132.09,-66.39,-60.82,-32.50,-25.72,96.07,89.54,0.8976,13.6200,-66.3900,0.0000,0.0000,0.8398,0
906,08:58:13.346,ROI,160,160,224,224,12.89,118.76,3.475,0.0,8.42,521.22,135.79,519.80,134.21,-65.30,-62.73,-33.81,-26.24,97.89,86.98,0.8275,13.9900,-65.3000,0.0000,0.0000,0.8233,0
907,08:58:13.394,ROI,160,160,224,224,11.02,38.11,11.45,0.0,26.24,522.19,137.11,522.42,136.13,-63.76,-64.05,-36.20,-27.54,97.47,87.30,0.9513,14.4100,-63.7600,0.0000,0.0000,0.8490,0
908,08:58:13.459,ROI,160,160,224,224,18.93,64.77,7.4,0.0,15.44,524.07,139.20,524.87,138.21,-62.67,-64.93,-40.43,-30.33,97.16,87.91,0.9182,14.2100,-62.6700,0.0000,0.0000,0.8395,0
909,08:58:13.523,ROI,160,160,224,224,10.98,45.86,17.875,0.0,21.80,526.02,141.59,527.13,140.36,-62.72,-65.29,-43.54,-33.56,96.45,88.55,0.9109,14.8700,-62.7200,0.0000,0.0000,0.8477,0
910,08:58:13.570,ROI,160,160,224,224,10.87,39.69,10.95,0.0,25.20,528.03,142.96,529.30,142.37,-58.77,-64.35,-42.71,-36.24,98.39,85.97,0.9307,13.8700,-58.7700,0.0000,0.0000,0.8388,0
911,08:58:13.635,ROI,160,160,224,224,14.33,56.63,7.425,0.0,17.66,529.61,145.40,531.25,144.46,-61.08,-64.38,-47.04,-39.67,96.67,88.82,0.9165,13.7900,-61.0800,0.0000,0.0000,0.8741,0
912,08:58:13.699,ROI,160,160,224,224,10.59,50.40,8.1,0.0,19.84,530.57,147.90,532.97,146.84,-59.83,-63.86,-54.08,-44.66,97.31,88.73,0.9273,14.0200,-59.8300,0.0000,0.0000,0.8494,0
913,08:58:13.747,ROI,160,160,224,224,13.74,43.85,10.65,0.0,22.81,533.30,149.39,534.78,149.05,-62.13,-63.69,-50.70,-48.28,97.23,90.96,0.9151,14.2200,-62.1300,0.0000,0.0000,0.8398,0
914,08:58:13.874,ROI,160,160,224,224,12.39,115.00,3.475,0.0,8.70,538.24,152.99,537.30,151.61,-61.37,-62.88,-45.47,-49.91,101.39,89.88,0.8393,14.5600,-61.3700,0.0000,0.0000,0.8711,0
915,08:58:13.922,ROI,160,160,224,224,14.10,38.07,0.0,0.0,26.27,540.24,155.30,539.70,154.19,-62.80,-62.93,-47.09,-51.56,98.87,90.57,0.9137,14.9000,-62.8000,0.0000,0.0000,0.8812,0
916,08:58:13.986,ROI,160,160,224,224,14.10,57.71,7.9,0.0,17.33,544.14,157.86,542.44,156.79,-58.27,-61.97,-43.46,-51.86,102.10,90.09,0.8762,14.7900,-58.2700,0.0000,0.0000,0.8689,0
917,08:58:14.050,ROI,160,160,224,224,11.57,51.45,7.95,0.0,19.44,545.29,159.00,544.95,159.17,-55.66,-59.67,-43.61,-51.73,101.95,88.86,0.9533,14.6500,-55.6600,0.0000,0.0000,0.8528,0
918,08:58:14.099,ROI,160,160,224,224,11.68,38.57,11.05,0.0,25.93,548.53,161.86,547.65,161.70,-53.40,-57.54,-43.09,-51.29,102.51,91.74,0.8826,14.9600,-53.4000,0.0000,0.0000,0.8594,0
919,08:58:14.161,ROI,160,160,224,224,12.08,55.85,7.825,0.0,17.91,549.67,162.93,550.07,163.95,-50.55,-54.55,-42.80,-50.36,102.72,91.53,0.9556,14.8500,-50.5500,0.0000,0.0000,0.8411,0
920,08:58:14.275,ROI,160,160,224,224,12.47,103.71,0.0,0.0,9.64,555.06,166.97,553.10,166.64,-46.44,-51.51,-41.66,-49.63,104.05,92.41,0.8284,14.5500,-46.4400,0.0000,0.0000,0.8835,0
921,08:58:14.339,ROI,160,160,224,224,11.40,51.69,7.875,0.0,19.35,558.74,169.16,556.31,169.26,-55.64,-51.43,-39.23,-48.28,101.57,93.60,0.8896,15.1800,-55.6400,0.0000,0.0000,0.8598,0
922,08:58:14.403,ROI,160,160,224,224,10.32,55.65,7.55,0.0,17.97,559.67,171.48,559.04,171.69,-55.72,-51.27,-41.66,-46.89,103.36,94.71,0.9352,14.9000,-55.7200,0.0000,0.0000,0.8511,0
923,08:58:14.450,ROI,160,160,224,224,10.55,40.01,10.775,0.0,24.99,561.13,173.06,561.63,174.01,-56.97,-51.49,-41.81,-45.24,100.70,94.12,0.9401,14.2700,-56.9700,0.0000,0.0000,0.8309,0
924,08:58:14.515,ROI,160,160,224,224,12.45,56.24,7.375,0.0,17.78,563.56,175.38,564.15,176.27,-61.48,-52.95,-41.93,-43.78,100.76,94.01,0.9079,15.5300,-61.4800,0.0000,0.0000,0.8716,0
925,08:58:14.580,ROI,160,160,224,224,19.13,60.33,0.0,0.0,16.58,565.30,177.17,566.53,178.45,-57.64,-53.20,-42.51,-42.65,102.41,94.70,0.9310,15.5600,-57.6400,0.0000,0.0000,0.8659,0
926,08:58:14.642,ROI,160,160,224,224,12.56,44.25,9.275,0.0,22.60,569.05,180.04,569.23,180.74,-58.47,-53.92,-40.26,-41.03,102.14,94.70,0.8765,14.7300,-58.4700,0.0000,0.0000,0.8584,0
927,08:58:14.691,ROI,160,160,224,224,11.87,36.31,11.225,0.0,27.54,570.58,180.57,571.75,182.64,-54.70,-53.72,-37.06,-39.00,104.99,94.92,0.9600,16.2400,-54.7000,0.0000,0.0000,0.8534,0
928,08:58:14.802,ROI,160,160,224,224,11.58,99.67,3.975,0.0,10.03,575.57,184.63,574.79,184.89,-57.01,-53.80,-36.50,-36.75,103.32,92.83,0.8363,13.7300,-57.0100,0.3900,-63.5400,0.8594,0
929,08:58:14.866,ROI,160,160,224,224,14.64,57.35,7.6,0.0,17.44,577.81,186.80,577.68,187.04,-55.34,-53.97,-36.60,-34.71,103.38,92.89,0.9148,14.0900,-55.3400,0.5100,-63.1500,0.8334,0
930,08:58:14.930,ROI,160,160,224,224,14.98,54.20,8.15,0.0,18.45,578.96,188.55,580.12,189.08,-51.70,-53.43,-39.97,-34.24,103.52,92.58,0.9423,13.5200,-51.7000,0.0000,0.0000,0.7663,0
931,08:58:14.993,ROI,160,160,224,224,11.51,50.55,8.25,0.0,19.78,582.94,190.55,582.86,190.99,-54.94,-54.34,-34.77,-32.47,103.17,93.80,0.8883,14.6500,-54.9400,0.0000,0.0000,0.8414,0
932,08:58:15.043,ROI,160,160,224,224,18.63,47.46,10.525,0.0,21.07,583.68,191.11,585.13,192.57,-57.61,-55.55,-34.90,-31.43,102.52,93.46,0.9741,14.8700,-57.6100,0.0000,0.0000,0.8558,0
933,08:58:15.107,ROI,160,160,224,224,12.79,48.75,8.875,0.0,20.51,587.58,193.81,587.77,194.44,-57.24,-56.69,-35.29,-31.31,102.72,94.70,0.8767,14.5000,-57.2400,0.0000,0.0000,0.8402,0
934,08:58:15.171,ROI,160,160,224,224,13.24,54.65,7.85,0.0,18.30,588.43,195.63,590.01,196.32,-53.40,-56.47,-40.05,-32.79,103.38,96.39,0.9471,13.5900,-53.4000,0.0000,0.0000,0.7933,0
935,08:58:15.218,ROI,160,160,224,224,11.96,37.11,12.05,0.0,26.95,592.30,198.63,592.63,198.45,-55.20,-56.38,-39.17,-33.94,102.30,96.19,0.8734,13.5600,-55.2000,0.0000,0.0000,0.8184,0
936,08:58:15.330,ROI,160,160,224,224,9.93,100.50,3.95,0.0,9.95,595.02,201.79,595.00,200.72,-53.45,-55.83,-43.71,-36.43,104.83,96.88,0.8898,12.8800,-53.4500,0.0000,0.0000,0.8050,0
937,08:58:15.394,ROI,160,160,224,224,17.56,65.23,7.275,0.0,15.33,598.23,204.01,597.61,203.05,-49.64,-54.37,-41.71,-38.27,105.13,96.46,0.8997,12.9500,-49.6400,0.0000,0.0000,0.8022,0
938,08:58:15.457,ROI,160,160,224,224,10.86,45.58,17.7,0.0,21.94,598.74,204.35,599.66,204.88,-46.92,-52.39,-41.76,-39.83,104.68,97.05,0.9835,12.4100,-46.9200,0.0000,0.0000,0.7295,0
939,08:58:15.522,ROI,160,160,224,224,11.25,56.45,7.45,0.0,17.72,602.83,207.54,602.18,207.01,-50.08,-51.43,-40.19,-40.71,104.34,97.05,0.8679,11.8700,-50.0800,0.0000,0.0000,0.7775,0
940,08:58:15.570,ROI,160,160,224,224,11.36,38.99,10.825,0.0,25.65,604.30,208.97,604.43,209.03,-45.71,-49.75,-41.97,-42.14,107.42,96.46,0.9435,12.6600,-45.7100,0.0000,0.0000,0.7668,0
941,08:58:15.634,ROI,160,160,224,224,10.32,53.28,7.625,0.0,18.77,607.60,211.36,606.99,211.14,-49.14,-49.03,-39.52,-42.46,105.42,96.25,0.8957,12.3900,-49.1400,0.0000,0.0000,0.7979,0
942,08:58:15.698,ROI,160,160,224,224,10.69,55.36,7.45,0.0,18.06,608.39,212.48,609.26,212.99,-47.66,-48.10,-39.19,-41.93,107.46,95.87,0.9585,12.2300,-47.6600,0.0000,0.0000,0.7473,0
943,08:58:15.746,ROI,160,160,224,224,11.27,41.22,10.7,0.0,24.26,612.12,214.27,611.93,214.88,-50.03,-47.69,-35.20,-40.43,106.05,95.41,0.8994,13.0100,-50.0300,0.0000,0.0000,0.7706,0
944,08:58:15.875,ROI,160,160,224,224,13.67,119.50,3.35,0.0,8.37,617.01,218.06,615.06,217.15,-48.61,-46.95,-36.03,-39.63,105.94,94.58,0.8446,12.6900,-48.6100,0.0000,0.0000,0.8008,0
945,08:58:15.922,ROI,160,160,224,224,11.19,37.30,0.0,0.0,26.81,618.75,218.92,617.96,219.08,-50.05,-46.45,-33.56,-38.03,106.40,94.23,0.9505,13.3800,-50.0500,0.0000,0.0000,0.7804,0
946,08:58:15.986,ROI,160,160,224,224,14.84,59.60,7.575,0.0,16.78,621.77,222.34,620.84,221.35,-46.55,-45.37,-38.28,-38.08,106.88,93.41,0.8803,14.1100,-46.5500,0.0000,0.0000,0.8185,0
947,08:58:16.049,ROI,160,160,224,224,12.11,53.77,8.15,0.0,18.60,622.72,224.10,623.37,223.61,-48.17,-45.09,-41.75,-38.98,108.99,93.20,0.9447,13.4200,-48.1700,0.0000,0.0000,0.8049,0
948,08:58:16.098,ROI,160,160,224,224,11.70,39.08,11.1,0.0,25.59,625.65,224.94,625.96,225.48,-43.24,-43.82,-35.88,-38.20,110.81,93.76,0.9316,14.0000,-43.2400,0.0000,0.0000,0.7775,0
949,08:58:16.162,ROI,160,160,224,224,19.89,65.04,7.55,0.0,15.37,627.11,226.94,628.41,227.49,-44.36,-43.45,-39.32,-38.38,110.82,94.54,0.9339,13.2100,-44.3600,0.0000,0.0000,0.7910,0
950,08:58:16.274,ROI,160,160,224,224,11.80,94.44,4.325,0.0,10.59,632.17,231.11,631.31,229.93,-47.29,-44.57,-40.08,-38.77,109.79,96.24,0.8391,14.2600,-47.2900,0.0000,0.0000,0.8451,0
951,08:58:16.337,ROI,160,160,224,224,12.42,54.60,7.75,0.0,18.31,634.14,233.07,633.86,232.28,-40.80,-43.38,-42.71,-40.00,111.52,95.56,0.9269,13.1700,-40.8000,0.0000,0.0000,0.7688,0
952,08:58:16.402,ROI,160,160,224,224,11.33,55.53,7.7,0.0,18.01,639.00,236.05,637.09,234.81,-40.97,-42.53,-38.10,-39.64,111.06,96.98,0.8635,14.0100,-40.9700,0.0000,0.0000,0.8179,0
953,08:58:16.450,ROI,160,160,224,224,10.97,38.66,11.1,0.0,25.87,640.45,237.34,640.01,237.12,-38.51,-41.17,-38.29,-39.28,111.54,95.75,0.9488,13.7400,-38.5100,0.0000,0.0000,0.7807,0
954,08:58:16.514,ROI,160,160,224,224,14.49,60.11,7.45,0.0,16.64,644.28,240.22,643.22,239.58,-38.20,-39.57,-37.51,-38.65,112.11,96.29,0.8811,14.0000,-38.2000,0.0000,0.0000,0.7886,0
955,08:58:16.561,ROI,160,160,256,256,10.16,35.00,0.0,0.0,28.57,645.26,241.06,646.00,241.69,-40.68,-39.15,-37.16,-37.85,112.29,93.23,0.9517,14.2200,-40.6800,0.0000,0.0000,0.7293,0
956,08:58:16.625,ROI,160,160,256,256,10.78,57.35,0.0,0.0,17.44,648.78,243.42,648.91,243.80,-35.79,-37.47,-35.92,-36.90,112.30,94.16,0.8945,15.8200,-35.7900,0.0000,0.0000,0.8195,0
957,08:58:16.754,ROI,160,160,256,256,12.49,120.96,0.0,0.0,8.27,654.05,247.58,652.56,246.58,-34.17,-35.96,-37.24,-36.66,113.79,95.42,0.8374,19.3900,-34.1700,0.0000,0.0000,0.8248,0
958,08:58:16.802,ROI,160,160,256,256,14.09,42.85,0.0,0.0,23.34,656.10,249.80,655.71,249.14,-35.70,-34.96,-39.12,-37.05,112.59,93.74,0.9208,16.8400,-35.7000,0.0000,0.0000,0.8211,0
959,08:58:16.866,ROI,160,160,256,256,14.55,54.32,0.0,0.0,18.41,658.91,251.99,658.80,251.62,-37.21,-34.70,-38.74,-37.35,113.30,96.42,0.9094,16.9500,-37.2100,0.0000,0.0000,0.7711,0
960,08:58:16.914,ROI,160,160,256,256,13.91,36.99,12.1,0.0,27.03,660.21,252.42,661.55,253.59,-39.10,-35.44,-35.70,-36.56,111.55,95.82,0.9685,15.1700,-39.1000,0.0000,0.0000,0.7634,0
961,08:58:16.977,ROI,160,160,224,224,12.35,53.64,0.0,0.0,18.64,663.39,256.40,664.25,256.04,-39.31,-36.02,-42.14,-38.05,109.83,96.33,0.8711,14.6700,-39.3100,0.0000,0.0000,0.8361,0
962,08:58:17.042,ROI,160,160,224,224,16.77,59.61,7.55,21.625,16.78,666.04,258.00,667.05,258.42,-40.05,-36.53,-40.39,-39.03,109.97,96.61,0.9224,14.7500,-40.0500,0.0000,0.0000,0.8104,0
963,08:58:17.090,ROI,160,160,224,224,17.80,37.48,0.0,0.0,26.68,667.57,259.58,669.38,260.57,-39.52,-36.81,-42.75,-40.63,108.07,93.23,0.9384,14.2300,-39.5200,0.0000,0.0000,0.7844,0
964,08:58:17.219,ROI,160,160,224,224,17.50,119.06,3.55,0.0,8.40,673.29,262.85,672.66,263.04,-36.37,-36.52,-36.97,-40.18,107.52,94.67,0.8417,17.7600,-36.3700,0.0000,0.0000,0.8606,0
965,08:58:17.266,ROI,160,160,224,224,19.66,38.60,0.0,0.0,25.91,676.85,266.24,675.97,265.72,-39.15,-36.82,-38.98,-40.41,110.36,97.41,0.8743,14.8500,-39.1500,0.0000,0.0000,0.8293,0
966,08:58:17.330,ROI,160,160,224,224,16.85,49.95,9.15,0.0,20.02,678.34,267.86,678.82,268.05,-46.95,-39.21,-39.38,-40.28,107.62,97.55,0.9417,12.7300,-46.9500,0.0000,0.0000,0.7824,0
967,08:58:17.394,ROI,160,160,224,224,18.12,57.80,0.0,0.0,17.30,681.05,270.71,681.53,270.47,-45.42,-41.19,-41.71,-40.83,108.30,99.95,0.8988,13.6700,-45.4200,0.0000,0.0000,0.8264,0
968,08:58:17.442,ROI,160,160,224,224,18.03,37.13,13.975,0.0,26.93,682.96,272.06,684.15,272.74,-44.87,-43.04,-40.81,-40.97,107.04,98.53,0.9397,13.5000,-44.8700,0.0000,0.0000,0.7737,0
969,08:58:17.506,ROI,160,160,224,224,16.47,51.60,8.675,0.0,19.38,686.19,275.51,686.76,275.20,-43.27,-43.98,-43.31,-41.78,108.84,98.88,0.8799,15.3400,-43.2700,0.0000,0.0000,0.8729,0
970,08:58:17.570,ROI,160,160,224,224,18.03,55.35,0.0,0.0,18.07,687.19,275.97,688.99,277.18,-44.92,-45.58,-41.58,-41.76,106.65,98.17,0.9710,13.1800,-44.9200,0.0000,0.0000,0.7617,0
971,08:58:17.618,ROI,160,160,224,224,11.29,30.17,0.0,0.0,33.15,690.42,279.19,691.34,279.39,-42.85,-46.14,-43.33,-42.28,107.79,98.83,0.8836,15.0000,-42.8500,0.0000,0.0000,0.8330,0
972,08:58:17.746,ROI,160,160,224,224,17.02,126.37,0.0,0.0,7.91,697.39,283.23,695.01,282.15,-39.23,-45.70,-36.87,-40.96,111.17,98.78,0.8149,15.9900,-39.2300,0.0000,0.0000,0.8376,0
973,08:58:17.794,ROI,160,160,224,224,18.08,40.79,12.9,0.0,24.51,699.04,284.22,698.22,284.54,-41.60,-45.63,-36.72,-40.07,110.17,97.41,0.9514,13.1200,-41.6000,0.6900,-35.7300,0.6979,0
974,08:58:17.857,ROI,160,160,224,224,16.75,51.33,8.875,0.0,19.48,700.06,285.18,700.70,286.42,-40.86,-45.31,-37.17,-39.40,109.13,96.96,0.9626,12.6500,-40.8600,0.0000,0.0000,0.6896,0
975,08:58:17.922,ROI,160,160,224,224,17.45,55.50,0.0,0.0,18.02,702.90,288.58,703.26,288.73,-40.93,-44.72,-42.13,-40.41,109.87,99.12,0.8872,13.5300,-40.9300,0.0000,0.0000,0.8005,0
976,08:58:17.970,ROI,160,160,224,224,14.84,35.98,0.0,0.0,27.79,706.00,290.41,705.87,290.81,-44.51,-45.22,-38.49,-40.03,110.46,98.66,0.9118,13.9600,-44.5100,0.0000,0.0000,0.8021,0
977,08:58:18.034,ROI,160,160,224,224,18.46,57.57,0.0,0.0,17.37,709.16,292.34,708.74,292.83,-44.60,-45.33,-35.17,-38.49,110.36,99.55,0.9092,14.2700,-44.6000,0.0000,0.0000,0.8005,0
978,08:58:18.097,ROI,160,160,224,224,16.89,50.95,9.025,0.0,19.63,711.88,293.29,711.59,294.66,-44.15,-45.51,-32.64,-36.95,111.79,99.97,0.9346,15.7200,-44.1500,0.0000,0.0000,0.8304,0
979,08:58:18.146,ROI,160,160,224,224,18.05,41.68,12.525,0.0,23.99,715.56,296.43,714.82,296.83,-45.88,-45.87,-33.90,-35.71,113.67,101.74,0.8817,14.5700,-45.8800,0.0000,0.0000,0.8222,0
980,08:58:18.275,ROI,160,160,256,256,16.61,117.23,3.575,0.0,8.53,721.80,300.56,718.75,299.36,-44.96,-45.44,-32.82,-34.27,116.03,103.25,0.8307,16.8000,-44.9600,0.0000,0.0000,0.8340,0
981,08:58:18.322,ROI,160,160,256,256,20.99,41.81,13.375,0.0,23.92,724.47,303.49,722.59,302.06,-43.69,-45.03,-35.09,-33.34,115.79,98.66,0.9022,18.0900,-43.6900,0.0000,0.0000,0.8380,0
982,08:58:18.387,ROI,160,160,256,256,17.57,48.41,0.0,0.0,20.66,729.23,307.14,726.63,304.99,-45.09,-44.89,-35.97,-33.13,118.27,100.91,0.8589,16.2200,-45.0900,0.0000,0.0000,0.8531,0
983,08:58:18.450,ROI,160,160,256,256,10.68,46.17,8.675,0.0,21.66,731.05,308.58,730.33,307.69,-47.01,-45.36,-36.05,-33.00,119.82,102.18,0.9431,14.8800,-47.0100,0.0000,0.0000,0.7986,0
984,08:58:18.498,ROI,160,160,256,256,13.16,40.53,0.0,0.0,24.67,734.17,311.18,733.88,310.35,-47.03,-45.75,-36.88,-33.25,119.70,102.16,0.9032,15.9800,-47.0300,0.0000,0.0000,0.8301,0
985,08:58:18.562,ROI,160,160,256,256,12.22,53.54,0.0,0.0,18.68,735.74,313.16,737.14,313.00,-48.14,-46.07,-39.18,-34.20,121.28,105.14,0.9380,15.7000,-48.1400,0.0000,0.0000,0.7986,0
986,08:58:18.676,ROI,160,160,256,256,12.33,106.08,3.9,0.0,9.43,740.84,316.94,740.86,316.02,-50.57,-47.33,-38.94,-35.20,119.82,107.49,0.8583,16.6600,-50.5700,0.0000,0.0000,0.8493,0
987,08:58:18.738,ROI,160,160,256,256,13.58,53.22,8.075,0.0,18.79,743.17,318.32,744.08,318.53,-55.05,-49.80,-38.06,-35.88,122.16,107.50,0.9382,16.4200,-55.0500,0.0000,0.0000,0.8798,0
988,08:58:18.802,ROI,160,160,256,256,13.14,54.21,7.85,0.0,18.45,746.95,321.50,747.46,321.22,-49.95,-50.56,-38.48,-36.51,120.26,104.82,0.8861,17.3100,-49.9500,0.0000,0.0000,0.8702,0
989,08:58:18.850,ROI,160,160,256,256,12.57,38.81,11.825,0.0,25.77,749.02,322.95,750.46,323.59,-52.59,-51.82,-38.26,-37.10,122.70,107.62,0.9406,16.9100,-52.5900,0.0000,0.0000,0.8681,0
990,08:58:18.914,ROI,160,160,256,256,10.55,52.71,7.625,0.0,18.97,752.68,327.60,753.71,326.70,-52.14,-52.64,-43.83,-39.46,123.14,107.60,0.8663,16.2300,-52.1400,0.0000,0.0000,0.8821,0
991,08:58:18.979,ROI,160,160,256,256,12.36,58.19,0.0,0.0,17.19,755.26,328.15,756.74,329.10,-51.73,-53.20,-38.31,-39.59,123.82,105.33,0.9392,15.6900,-51.7300,0.0000,0.0000,0.8398,0
992,08:58:19.025,ROI,160,160,256,256,10.03,36.43,11.775,0.0,27.45,758.90,332.08,759.91,331.93,-51.10,-53.40,-41.82,-40.75,123.60,108.48,0.8778,15.6500,-51.1000,0.0000,0.0000,0.8491,0
993,08:58:19.154,ROI,160,160,256,256,10.66,120.74,3.325,0.0,8.28,764.85,336.83,763.92,335.39,-54.06,-54.36,-40.76,-41.22,126.70,112.50,0.8371,14.9100,-54.0600,0.0000,0.0000,0.8826,0
994,08:58:19.202,ROI,160,160,256,256,10.10,38.59,11.0,0.0,25.92,766.56,338.27,767.18,338.37,-54.65,-55.65,-42.44,-42.52,124.72,109.86,0.9484,15.5200,-54.6500,0.0000,0.0000,0.8839,0
995,08:58:19.265,ROI,160,160,256,256,9.83,55.82,0.0,0.0,17.92,770.43,342.58,770.47,341.64,-55.93,-56.94,-44.88,-44.17,124.45,112.51,0.8717,15.2400,-55.9300,0.0000,0.0000,0.9006,0
996,08:58:19.313,ROI,160,160,256,256,12.17,43.33,10.425,0.0,23.08,773.22,344.74,773.66,344.73,-53.89,-56.78,-44.05,-45.33,125.23,112.98,0.9212,15.2800,-53.8900,0.0000,0.0000,0.8529,0
997,08:58:19.378,ROI,160,160,256,256,10.30,52.57,0.0,0.0,19.02,777.10,348.69,776.98,348.03,-56.53,-57.24,-44.75,-46.25,125.17,113.20,0.8782,14.6700,-56.5300,0.0000,0.0000,0.8810,0
998,08:58:19.443,ROI,160,160,256,256,21.75,67.92,7.275,0.0,14.72,779.37,350.50,780.08,351.05,-53.81,-56.77,-44.38,-46.89,126.34,115.22,0.9349,15.4400,-53.8100,0.0000,0.0000,0.8554,0
999,08:58:19.489,ROI,160,160,256,256,14.18,30.99,16.45,0.0,32.27,781.40,351.58,782.81,353.48,-53.47,-56.23,-41.50,-46.30,125.78,115.70,0.9505,16.8200,-53.4700,0.0000,0.0000,0.8502,0
1000,08:58:19.618,ROI,160,160,256,256,10.82,115.96,3.45,0.0,8.62,787.18,355.83,786.44,356.45,-49.37,-54.38,-39.38,-45.13,126.10,116.06,0.8504,15.0200,-49.3700,0.0000,0.0000,0.8598,0
1001,08:58:19.666,ROI,160,160,256,256,11.28,39.57,10.825,0.0,25.27,792.36,359.54,790.55,359.56,-50.37,-53.06,-37.15,-43.14,125.57,113.36,0.8652,15.1700,-50.3700,0.0000,0.0000,0.8725,0
1002,08:58:19.730,ROI,160,160,256,256,10.53,54.49,7.575,0.0,18.35,794.35,361.24,793.85,362.14,-46.57,-51.18,-37.95,-41.95,127.20,116.13,0.9410,17.5200,-46.5700,0.0000,0.0000,0.8917,0
1003,08:58:19.794,ROI,160,160,256,256,10.56,56.04,7.475,0.0,17.84,798.99,365.29,797.55,365.12,-47.94,-49.75,-38.81,-41.10,127.95,116.58,0.8693,16.2700,-47.9400,0.0000,0.0000,0.8918,0
1004,08:58:19.842,ROI,160,160,256,256,13.03,42.45,10.7,27.25,23.56,801.09,366.46,801.02,367.72,-42.26,-47.12,-36.87,-39.74,128.99,115.86,0.9490,16.8800,-42.2600,0.0000,0.0000,0.8643,0
1005,08:58:19.906,ROI,160,160,288,288,16.65,59.58,7.9,0.0,16.78,805.97,370.23,804.91,370.49,-40.56,-44.49,-35.41,-37.63,133.09,120.31,0.8722,15.2100,-40.5600,2.2900,-41.1300,0.8277,0
1006,08:58:19.970,ROI,160,160,288,288,16.34,55.46,0.0,0.0,18.03,808.26,371.75,808.49,372.94,-42.25,-42.47,-34.39,-35.65,132.10,121.16,0.9425,15.9300,-42.2500,0.3400,-40.0700,0.8614,0
1007,08:58:20.017,ROI,160,160,288,288,8.88,31.34,13.375,0.0,31.91,812.46,375.19,812.29,375.62,-43.14,-41.04,-35.26,-34.39,132.30,122.24,0.8881,16.3700,-43.1400,0.0000,0.0000,0.8610,0
1008,08:58:20.147,ROI,160,160,288,288,7.92,121.34,0.0,0.0,8.24,818.01,379.91,816.70,378.98,-41.89,-39.65,-37.30,-34.12,132.61,122.15,0.8537,15.4100,-41.8900,0.0000,0.0000,0.8365,0
1009,08:58:20.195,ROI,160,160,288,288,11.44,45.55,0.0,0.0,21.95,820.52,381.68,820.75,381.98,-35.84,-36.88,-36.54,-33.73,133.22,117.83,0.9296,15.5100,-35.8400,0.0000,0.0000,0.8188,0
1010,08:58:20.257,ROI,160,160,288,288,7.83,51.38,0.0,0.0,19.46,822.61,384.24,824.13,384.78,-36.64,-34.95,-39.66,-34.47,132.41,117.18,0.9283,16.2600,-36.6400,0.0000,0.0000,0.8242,0
1011,08:58:20.321,ROI,160,160,288,288,7.66,57.52,0.0,0.0,17.38,827.09,387.49,827.79,387.65,-39.64,-34.45,-38.10,-34.70,132.80,119.43,0.8861,16.1000,-39.6400,0.0000,0.0000,0.8651,0
1012,08:58:20.370,ROI,160,160,288,288,7.59,41.45,0.0,0.0,24.13,828.64,389.05,830.72,390.05,-36.99,-33.54,-39.28,-35.28,135.14,120.44,0.9523,14.8700,-36.9900,0.0000,0.0000,0.8215,0
1013,08:58:20.433,ROI,160,160,288,288,7.70,56.01,0.0,0.0,17.85,833.11,393.59,834.04,393.02,-39.11,-33.47,-41.80,-36.60,134.44,120.98,0.8700,15.1900,-39.1100,0.0000,0.0000,0.8545,0
1014,08:58:20.498,ROI,160,160,288,288,14.05,64.84,6.925,0.0,15.42,835.41,393.23,837.02,395.10,-38.55,-33.59,-34.98,-36.05,135.92,121.09,0.9610,15.5700,-38.5500,0.0000,0.0000,0.8227,0
1015,08:58:20.546,ROI,160,160,288,288,16.07,42.22,11.55,0.0,23.69,839.81,398.00,840.43,397.85,-39.46,-34.18,-38.84,-36.50,135.70,122.63,0.8688,15.4600,-39.4600,0.0000,0.0000,0.8535,0
1016,08:58:20.674,ROI,160,160,288,288,12.86,114.79,3.55,0.0,8.71,847.08,405.15,844.68,401.64,-40.19,-34.98,-41.75,-37.76,136.40,124.27,0.8046,15.8600,-40.1900,0.0000,0.0000,0.8655,0
1017,08:58:20.723,ROI,160,160,288,288,14.68,41.32,11.225,0.0,24.20,849.21,407.66,848.51,405.33,-37.03,-34.65,-43.87,-39.61,137.66,125.77,0.9316,14.4900,-37.0300,0.0000,0.0000,0.7920,0
1018,08:58:20.785,ROI,160,160,288,288,17.79,56.62,8.375,0.0,17.66,853.34,411.82,852.40,409.22,-42.47,-36.40,-45.05,-41.60,138.51,127.75,0.8837,15.2600,-42.4700,0.0000,0.0000,0.8641,0
1019,08:58:20.834,ROI,160,160,288,288,15.52,37.07,13.275,0.0,26.98,855.23,414.01,855.89,412.92,-38.26,-36.81,-46.68,-43.90,141.26,127.98,0.9410,14.4600,-38.2600,0.0000,0.0000,0.7939,0
1020,08:58:20.897,ROI,160,160,288,288,12.21,50.27,8.425,0.0,19.89,860.36,418.95,859.77,416.90,-40.73,-38.01,-45.74,-45.20,139.00,127.42,0.8623,13.0400,-40.7300,0.0000,0.0000,0.8295,0
1021,08:58:20.962,ROI,160,160,288,288,11.43,54.45,7.7,0.0,18.36,863.01,420.83,863.44,420.67,-38.27,-38.61,-45.72,-46.76,140.13,128.30,0.9355,14.1100,-38.2700,0.0000,0.0000,0.7872,0
1022,08:58:21.075,ROI,160,160,288,288,9.96,103.62,3.9,0.0,9.65,870.11,425.27,868.03,424.66,-41.92,-40.29,-41.01,-46.59,142.13,128.48,0.8463,13.7000,-41.9200,0.0000,0.0000,0.8367,0
1023,08:58:21.138,ROI,160,160,288,288,10.35,56.34,7.475,0.0,17.75,872.18,426.94,871.85,427.99,-34.21,-39.58,-41.06,-46.48,144.45,125.08,0.9464,13.5700,-34.2100,0.0000,0.0000,0.8121,0
1024,08:58:21.185,ROI,160,160,320,320,10.38,40.13,0.0,0.0,24.92,878.12,429.76,876.36,431.30,-38.25,-39.98,-36.35,-44.94,149.40,130.00,0.8834,15.5000,-38.2500,0.0000,0.0000,0.8230,0
1025,08:58:21.251,ROI,160,160,320,320,11.18,58.21,7.2,0.0,17.18,881.22,431.34,880.54,434.03,-41.51,-41.02,-33.13,-42.41,152.90,129.78,0.9372,13.6300,-41.5100,0.0000,0.0000,0.7907,0
1026,08:58:21.314,ROI,160,160,320,320,12.44,56.11,7.675,0.0,17.82,884.78,436.20,884.65,437.28,-42.69,-42.30,-38.27,-41.43,149.42,132.08,0.8873,14.4000,-42.6900,0.0000,0.0000,0.8565,0
1027,08:58:21.362,ROI,160,160,320,320,11.61,38.74,11.575,0.0,25.81,887.66,436.32,888.43,439.56,-48.25,-44.49,-31.16,-38.47,147.72,129.20,0.9413,13.6700,-48.2500,0.3600,-47.8500,0.8323,0
1028,08:58:21.489,ROI,160,160,320,320,11.78,120.14,3.4,0.0,8.32,894.54,443.02,893.12,442.92,-47.08,-46.08,-35.58,-36.87,147.96,134.06,0.8263,15.8700,-47.0800,0.0000,0.0000,0.8602,0
1029,08:58:21.537,ROI,160,160,320,320,9.05,36.12,11.025,0.0,27.69,898.84,447.80,897.98,446.80,-45.91,-46.91,-38.60,-36.35,145.18,132.24,0.8793,14.2200,-45.9100,0.0000,0.0000,0.8259,0
1030,08:58:21.602,ROI,160,160,320,320,12.74,60.23,7.175,0.0,16.60,901.42,449.80,902.22,450.16,-45.50,-47.61,-38.35,-35.92,147.54,132.80,0.9371,13.4900,-45.5000,0.0000,0.0000,0.7841,0
1031,08:58:21.666,ROI,160,160,320,320,10.81,53.98,7.725,0.0,18.53,905.72,453.10,906.36,453.40,-46.60,-48.15,-38.12,-35.66,148.36,133.26,0.8991,14.0300,-46.6000,0.0000,0.0000,0.8062,0
1032,08:58:21.713,ROI,160,160,320,320,10.96,38.53,11.05,0.0,25.96,908.52,456.40,910.25,456.71,-50.58,-49.72,-40.35,-35.97,148.16,133.10,0.9172,12.9400,-50.5800,0.0000,0.0000,0.7584,0
1033,08:58:21.778,ROI,160,160,320,320,14.99,61.48,7.35,0.0,16.26,911.72,457.78,913.83,459.38,-50.76,-50.74,-36.69,-35.20,148.10,133.38,0.9385,13.4300,-50.7600,0.0000,0.0000,0.7599,0
1034,08:58:21.842,ROI,160,160,320,320,10.58,51.56,8.225,0.0,19.40,914.98,460.88,917.36,462.18,-43.76,-49.99,-38.45,-35.18,148.08,132.24,0.9142,14.8100,-43.7600,0.0000,0.0000,0.8462,0
1035,08:58:21.890,ROI,160,160,320,320,14.64,44.38,0.0,0.0,22.53,917.28,462.98,920.37,464.64,-48.11,-50.47,-39.30,-35.58,146.58,133.00,0.9395,14.6700,-48.1100,0.0000,0.0000,0.8555,0
1036,08:58:22.018,ROI,160,160,320,320,20.53,126.34,3.5,0.0,7.91,922.72,467.22,923.98,467.58,-47.65,-50.45,-39.18,-36.14,148.64,135.80,0.8739,14.7400,-47.6500,0.0000,0.0000,0.8506,0
1037,08:58:22.066,ROI,160,160,320,320,10.31,25.90,29.325,0.0,38.61,924.98,469.32,927.12,470.23,-48.46,-50.35,-40.16,-36.98,146.98,133.78,0.9405,14.4800,-48.4600,0.0000,0.0000,0.8394,0
1038,08:58:22.130,ROI,160,160,320,320,12.44,57.17,7.5,0.0,17.49,926.12,469.94,929.42,472.12,-47.30,-49.82,-39.33,-37.47,150.44,135.10,0.9675,14.5000,-47.3000,0.0000,0.0000,0.8384,0
1039,08:58:22.194,ROI,160,160,320,320,12.82,54.20,7.775,0.0,18.45,928.38,471.86,931.51,473.91,-46.44,-49.50,-40.61,-38.43,151.14,135.68,0.9437,14.6500,-46.4400,0.0000,0.0000,0.8366,0
1040,08:58:22.258,ROI,160,160,320,320,10.97,55.06,7.75,0.0,18.16,929.58,472.56,933.24,475.29,-45.48,-48.87,-38.56,-38.56,152.68,135.62,0.9743,14.4200,-45.4800,0.0000,0.0000,0.8222,0
1041,08:58:22.306,ROI,160,160,320,320,12.13,40.80,11.0,0.0,24.51,930.80,473.44,934.49,476.32,-46.38,-48.25,-39.47,-39.13,153.30,136.56,0.9716,14.3400,-46.3800,0.0000,0.0000,0.8270,0
1042,08:58:22.370,ROI,160,160,320,320,10.28,54.43,7.675,0.0,18.37,931.70,474.36,935.52,477.24,-48.94,-48.53,-41.65,-40.19,153.94,137.00,0.9752,13.7700,-48.9400,0.0000,0.0000,0.7896,0
1043,08:58:22.438,ROI,160,160,320,320,13.73,63.06,6.925,0.0,15.86,932.60,474.88,936.20,477.76,-49.31,-48.66,-37.52,-39.85,153.30,134.80,0.9725,13.9500,-49.3100,0.0000,0.0000,0.7662,0
1044,08:58:22.482,ROI,160,160,320,320,9.86,31.31,0.0,0.0,31.94,933.56,475.08,936.80,478.31,-47.38,-48.27,-42.53,-41.53,154.34,134.54,0.9847,13.9400,-47.3800,0.0000,0.0000,0.7576,0
1045,08:58:22.609,ROI,160,160,320,320,29.40,139.45,3.35,12.75,7.17,934.18,475.16,937.14,478.52,-47.90,-47.94,-31.63,-39.97,154.14,133.04,0.9810,13.7000,-47.9000,0.0000,0.0000,0.7278,0
1046,08:58:22.659,ROI,160,160,320,320,17.04,27.19,20.65,0.0,36.78,934.18,475.30,936.83,478.20,-46.76,-47.24,134.54,5.33,154.84,133.80,0.9898,13.9200,-46.7600,0.0000,0.0000,0.7547,0
1047,08:58:22.722,ROI,160,160,320,320,16.18,51.54,17.5,44.6,19.40,934.22,475.32,936.40,477.76,-46.79,-46.90,134.36,44.82,154.82,133.86,0.9990,13.9200,-46.7900,0.0000,0.0000,0.7543,0
1048,08:58:22.786,ROI,160,160,320,320,18.45,53.58,8.425,19.725,18.66,934.24,475.32,935.75,477.09,-46.93,-46.19,134.00,78.77,154.86,133.76,0.9990,13.8900,-46.9300,0.0000,0.0000,0.7535,0
1049,08:58:22.833,ROI,160,160,320,320,18.97,37.85,13.9,0.0,26.42,934.14,475.30,935.16,476.43,-46.70,-45.84,131.81,107.14,154.72,133.74,0.9984,13.8900,-46.7000,0.0000,0.0000,0.7544,0
1050,08:58:22.898,ROI,160,160,320,320,26.30,60.20,8.9,28.275,16.61,934.20,475.28,934.44,475.56,-46.99,-45.45,129.32,130.09,154.76,133.78,0.9989,13.8900,-46.9900,0.0000,0.0000,0.7512,0
1051,08:58:22.961,ROI,160,160,320,320,23.85,51.39,10.8,15.475,19.46,934.12,475.26,933.85,474.79,-47.42,-45.50,127.57,148.31,154.74,133.98,0.9975,13.8800,-47.4200,0.0000,0.0000,0.7480,0
1052,08:58:23.074,ROI,160,160,320,320,13.33,89.36,8.95,0.0,11.19,934.16,475.28,933.05,473.94,-47.23,-45.27,133.35,163.74,154.76,133.92,0.9990,13.9300,-47.2300,0.0000,0.0000,0.7513,0
1053,08:58:23.137,ROI,160,160,320,320,15.33,54.14,8.025,0.0,18.47,934.18,475.32,932.49,473.28,-47.15,-45.85,130.42,174.58,154.80,133.92,0.9991,13.9000,-47.1500,0.0000,0.0000,0.7533,0
1054,08:58:23.185,ROI,160,160,320,320,14.06,36.70,0.0,0.0,27.25,934.20,475.36,931.87,472.76,-47.33,-46.36,140.37,184.20,154.82,133.80,0.9988,13.7700,-47.3300,0.0000,0.0000,0.7475,0
1055,08:58:23.249,ROI,160,160,320,320,12.51,52.11,0.0,0.0,19.19,934.00,475.26,931.37,472.50,-47.32,-46.73,151.41,192.93,155.00,133.74,0.9959,13.8200,-47.3200,0.0000,0.0000,0.7460,0
1056,08:58:23.314,ROI,160,160,320,320,12.40,56.48,7.675,0.0,17.71,932.32,474.30,930.61,471.97,-46.91,-47.00,145.53,197.02,155.56,133.28,0.9648,13.8000,-46.9100,0.0000,0.0000,0.7443,0
1057,08:58:23.363,ROI,160,160,320,320,12.85,39.07,11.175,0.0,25.60,932.20,473.90,930.14,471.82,-49.03,-47.41,161.85,201.82,154.08,134.20,0.9838,13.7600,-49.0300,0.0000,0.0000,0.7330,0
1058,08:58:23.491,ROI,160,160,320,320,14.09,119.09,3.4,0.0,8.40,929.20,472.10,928.82,471.09,-49.85,-48.06,151.10,200.96,156.64,135.68,0.9372,13.7200,-49.8500,0.0000,0.0000,0.7382,0
1059,08:58:23.537,ROI,160,160,320,320,14.01,38.80,12.525,0.0,25.77,927.42,470.08,927.25,469.89,-49.26,-48.59,142.56,195.77,154.74,134.26,0.9488,13.7100,-49.2600,0.0000,0.0000,0.7583,0
1060,08:58:23.602,ROI,160,160,320,320,10.05,49.96,7.95,0.0,20.02,925.94,468.90,925.71,468.72,-45.54,-48.16,142.91,189.00,152.18,133.06,0.9638,14.4100,-45.5400,0.0000,0.0000,0.8082,0
1061,08:58:23.665,ROI,160,160,320,320,11.75,56.26,7.4,0.0,17.77,922.62,466.70,923.57,467.22,-46.96,-48.11,144.92,181.45,151.90,132.92,0.9267,14.0100,-46.9600,0.0000,0.0000,0.8069,0
1062,08:58:23.713,ROI,160,160,320,320,12.59,41.22,11.075,0.0,24.26,920.98,465.88,921.48,465.77,-46.95,-47.71,145.33,173.23,150.26,133.34,0.9667,13.6600,-46.9500,0.0000,0.0000,0.7785,0
1063,08:58:23.777,ROI,160,160,320,320,11.82,52.50,7.775,30.975,19.05,919.52,464.20,919.47,464.32,-44.08,-46.48,144.21,163.76,149.88,132.24,0.9564,13.8700,-44.0800,0.0000,0.0000,0.7901,0
1064,08:58:23.842,ROI,160,160,320,320,14.97,57.95,15.025,23.85,17.26,914.48,461.06,916.58,462.36,-44.70,-46.14,145.72,154.58,151.92,132.46,0.8933,13.3800,-44.7000,0.0000,0.0000,0.7686,0
1065,08:58:23.890,ROI,160,160,320,320,15.32,36.43,0.0,0.0,27.45,913.64,459.42,914.13,460.41,-47.46,-46.27,141.54,144.48,149.58,131.72,0.9606,13.1000,-47.4600,0.0000,0.0000,0.7624,0
1066,08:58:24.017,ROI,160,160,320,320,13.18,117.11,3.55,0.0,8.54,903.76,453.94,909.38,457.25,-48.88,-46.79,146.41,136.28,149.88,131.32,0.8101,12.7200,-48.8800,0.0000,0.0000,0.8141,0
1067,08:58:24.066,ROI,160,160,320,320,13.65,39.40,11.475,0.0,25.38,900.42,449.30,904.57,453.40,-46.01,-46.41,141.31,127.65,146.58,130.52,0.8918,11.7000,-46.0100,0.0000,0.0000,0.7148,0
1068,08:58:24.130,ROI,160,160,320,320,10.65,53.07,7.85,0.0,18.84,898.52,448.66,900.22,450.14,-44.56,-45.77,143.16,120.81,146.36,131.48,0.9650,11.2500,-44.5600,0.0000,0.0000,0.6883,0
1069,08:58:24.193,ROI,160,160,320,320,12.35,57.08,7.55,0.0,17.52,894.84,444.26,895.72,446.31,-44.45,-45.27,139.57,114.83,149.70,131.02,0.8912,11.4800,-44.4500,0.0000,0.0000,0.6948,0
1070,08:58:24.241,ROI,160,160,320,320,15.02,38.84,11.45,0.0,25.75,892.20,440.34,891.47,442.22,-46.22,-45.45,136.06,109.93,148.90,128.66,0.9096,12.4200,-46.2200,0.0000,0.0000,0.7619,0
1071,08:58:24.306,ROI,160,160,320,320,12.49,55.04,7.95,0.0,18.17,886.84,437.70,886.75,438.25,-48.51,-46.21,139.93,108.76,151.90,133.22,0.8953,12.7400,-48.5100,0.0000,0.0000,0.7456,0
1072,08:58:24.370,ROI,160,160,320,320,14.51,55.57,7.725,0.0,17.99,885.42,435.50,882.71,434.51,-51.48,-47.46,137.30,109.99,148.46,130.64,0.9454,12.3400,-51.4800,0.0000,0.0000,0.7693,0
1073,08:58:24.418,ROI,160,160,320,320,11.80,37.72,11.975,0.0,26.51,879.34,431.24,878.05,430.49,-52.74,-48.80,139.23,114.70,150.28,129.84,0.8656,13.0400,-52.7400,0.3300,-49.7200,0.7903,0
1074,08:58:24.546,ROI,160,160,320,320,14.10,122.15,0.0,0.0,8.19,871.30,425.64,872.34,425.93,-47.13,-48.62,141.31,124.03,147.92,129.96,0.8270,14.6800,-47.1300,0.0000,0.0000,0.8277,0
1075,08:58:24.596,ROI,160,160,320,320,12.87,40.96,0.0,0.0,24.41,869.52,424.18,867.43,422.01,-38.19,-46.03,141.47,136.29,145.58,130.88,0.9547,13.3900,-38.1900,0.0000,0.0000,0.7964,0
1076,08:58:24.657,ROI,160,160,320,320,12.88,49.37,8.35,0.0,20.26,867.70,422.76,863.27,418.70,-39.72,-44.26,141.50,136.01,145.74,131.76,0.9547,13.9600,-39.7200,0.0000,0.0000,0.8143,0
1077,08:58:24.722,ROI,160,160,320,320,12.64,53.63,7.725,0.0,18.64,862.94,418.96,859.02,415.33,-41.33,-43.17,141.54,135.89,143.98,131.58,0.8854,15.1300,-41.3300,0.0000,0.0000,0.8349,0
1078,08:58:24.769,ROI,160,160,288,288,13.61,40.64,11.55,0.0,24.61,858.33,418.16,854.76,412.71,-42.07,-42.45,148.42,137.76,142.49,130.34,0.9266,13.5900,-42.0700,0.0000,0.0000,0.7593,0
1079,08:58:24.833,ROI,160,160,288,288,12.87,52.84,7.95,0.0,18.92,855.32,415.12,850.92,410.17,-42.10,-41.90,146.43,139.24,140.15,128.68,0.9151,15.1800,-42.1000,0.0000,0.0000,0.7926,0
1080,08:58:24.902,ROI,160,160,288,288,13.26,61.02,7.225,0.0,16.39,853.06,412.75,847.66,407.87,-43.28,-41.78,144.86,140.65,138.82,126.47,0.9332,15.7000,-43.2800,0.0000,0.0000,0.8237,0
1081,08:58:24.947,ROI,160,160,288,288,17.52,39.74,12.7,0.0,25.17,849.17,408.54,844.47,405.29,-42.54,-41.51,141.12,141.48,139.66,126.92,0.8864,17.2100,-42.5400,0.0000,0.0000,0.8434,0
1082,08:58:25.073,ROI,160,160,288,288,10.53,109.25,3.625,0.0,9.15,841.87,400.30,840.41,401.40,-42.29,-41.28,136.14,140.86,138.20,121.86,0.7930,19.4200,-42.2900,0.0000,0.0000,0.8745,0
1083,08:58:25.122,ROI,160,160,288,288,13.19,42.51,10.625,0.0,23.52,839.83,398.67,836.96,398.07,-39.27,-40.36,136.05,141.00,135.14,121.79,0.9453,15.3000,-39.2700,0.0000,0.0000,0.8327,0
1084,08:58:25.186,ROI,160,160,288,288,13.91,54.78,0.0,0.0,18.26,836.17,393.28,833.56,394.22,-41.14,-40.10,131.41,139.49,134.53,120.71,0.8686,17.1000,-41.1400,0.0000,0.0000,0.8693,0
1085,08:58:25.251,ROI,160,160,288,288,13.80,54.95,0.0,0.0,18.20,833.12,390.43,830.35,390.56,-42.60,-40.33,131.35,137.36,134.95,122.26,0.9127,16.3600,-42.6000,0.0000,0.0000,0.8534,0
1086,08:58:25.314,ROI,160,160,288,288,13.96,55.74,8.125,0.0,17.94,827.80,387.66,826.77,387.15,-39.13,-39.74,136.31,137.30,135.77,120.38,0.8847,16.6700,-39.1300,0.0000,0.0000,0.8158,0
1087,08:58:25.362,ROI,160,160,288,288,10.83,37.65,11.725,0.0,26.56,826.73,386.91,823.83,384.40,-39.75,-39.26,136.94,135.90,132.84,118.51,0.9632,14.8400,-39.7500,0.0000,0.0000,0.8015,0
1088,08:58:25.474,ROI,160,160,288,288,10.84,102.82,3.9,0.0,9.73,819.75,381.30,820.08,381.03,-44.67,-40.07,138.12,135.56,133.06,119.74,0.8230,14.7500,-44.6700,0.0000,0.0000,0.7641,0
1089,08:58:25.539,ROI,160,160,288,288,13.53,60.27,7.375,26.675,16.59,815.49,377.24,816.21,377.55,-42.34,-40.18,137.94,135.87,131.47,117.72,0.8772,14.8100,-42.3400,0.0000,0.0000,0.7869,0
1090,08:58:25.601,ROI,160,160,288,288,13.07,53.81,8.275,0.0,18.58,813.40,375.42,812.76,374.46,-41.55,-40.41,138.22,136.28,134.51,120.64,0.9400,15.0300,-41.5500,0.0000,0.0000,0.7940,0
1091,08:58:25.649,ROI,160,160,288,288,9.59,36.55,23.225,0.0,27.36,811.70,374.59,809.88,372.04,-42.23,-40.74,139.92,136.95,134.64,122.53,0.9603,14.4400,-42.2300,0.0000,0.0000,0.7899,0
1092,08:58:25.713,ROI,160,160,288,288,12.62,58.74,7.35,0.0,17.02,807.09,370.24,806.57,369.12,-45.35,-41.87,138.61,137.14,132.21,119.00,0.8701,15.9900,-45.3500,0.0000,0.0000,0.7876,0
1093,08:58:25.777,ROI,160,160,288,288,12.11,57.23,15.275,0.0,17.47,805.20,369.23,803.49,366.65,-45.71,-43.26,141.24,138.07,132.16,120.33,0.9557,15.6600,-45.7100,0.0000,0.0000,0.8260,0
1094,08:58:25.842,ROI,160,160,288,288,24.57,70.03,7.575,15.025,14.28,800.79,365.72,800.22,364.00,-42.70,-43.72,141.04,138.64,130.95,117.99,0.8833,15.4800,-42.7000,0.6700,-40.3500,0.7756,0
1095,08:58:25.890,ROI,160,160,288,288,31.22,43.94,17.95,0.0,22.76,798.29,362.70,796.89,361.17,-42.10,-43.77,139.60,139.07,130.23,116.14,0.9148,14.9400,-42.1000,3.1700,-42.3400,0.7989,0
1096,08:58:26.002,ROI,160,160,288,288,21.31,91.61,4.9,0.0,10.92,790.49,357.72,792.89,357.98,-46.73,-44.87,141.36,139.44,130.36,117.63,0.8184,14.5000,-46.7300,2.1100,-45.4600,0.8049,0
1097,08:58:26.067,ROI,160,160,288,288,21.23,54.67,9.175,0.0,18.29,786.63,354.84,788.90,355.01,-47.61,-46.24,143.35,140.61,129.28,117.47,0.8985,15.6300,-47.6100,0.0000,0.0000,0.7982,0
1098,08:58:26.130,ROI,160,160,288,288,21.81,52.80,9.75,0.0,18.94,784.90,354.16,785.32,352.47,-49.47,-48.05,144.64,141.76,128.84,116.21,0.9624,14.7400,-49.4700,0.0000,0.0000,0.7646,0
1099,08:58:26.194,ROI,160,160,288,288,23.62,54.91,9.5,0.0,18.21,781.57,351.53,781.80,350.07,-46.67,-48.90,145.81,143.32,127.78,116.69,0.9085,15.1500,-46.6700,0.5200,-43.1800,0.7114,0
1100,08:58:26.242,ROI,160,160,256,256,18.38,30.49,17.2,0.0,32.80,778.97,348.89,778.39,347.77,-49.97,-50.34,146.06,145.08,126.54,114.77,0.9177,17.8300,-49.9700,0.0000,0.0000,0.7718,0
1101,08:58:26.305,ROI,160,160,256,256,22.79,58.14,8.9,0.0,17.20,775.34,345.76,775.03,345.34,-50.53,-51.42,144.00,145.80,126.48,114.18,0.8954,17.8800,-50.5300,0.0000,0.0000,0.7827,0
1102,08:58:26.353,ROI,160,160,256,256,22.30,36.27,16.475,0.0,27.57,772.52,343.83,771.58,343.02,-49.32,-51.54,146.09,147.22,126.86,112.22,0.9251,17.5200,-49.3200,0.0000,0.0000,0.7996,0
1103,08:58:26.483,ROI,160,160,256,256,17.38,114.45,3.675,0.0,8.74,766.85,337.90,767.66,339.91,-49.49,-51.20,141.56,147.12,126.69,110.11,0.8252,18.4700,-49.4900,0.0000,0.0000,0.8389,0
1104,08:58:26.531,ROI,160,160,256,256,28.84,50.14,0.0,0.0,19.94,764.35,336.81,764.43,337.54,-54.60,-52.36,143.83,147.43,126.50,112.66,0.9400,17.5100,-54.6000,0.0000,0.0000,0.8572,0
1105,08:58:26.594,ROI,160,160,256,256,33.64,52.41,12.05,0.0,19.08,760.40,331.36,760.95,334.36,-53.04,-53.55,137.61,145.96,125.58,106.54,0.8525,18.0000,-53.0400,0.0000,0.0000,0.8169,0
1106,08:58:26.658,ROI,160,160,256,256,23.63,36.53,14.175,0.0,27.37,758.75,330.44,757.79,331.60,-50.73,-53.82,138.82,144.89,123.73,105.20,0.9573,15.1600,-50.7300,0.0000,0.0000,0.7798,0
1107,08:58:26.721,ROI,160,160,256,256,26.24,53.28,10.175,0.0,18.77,754.62,326.62,754.48,328.61,-53.56,-54.59,137.90,143.63,124.27,103.14,0.8715,16.6200,-53.5600,0.0000,0.0000,0.8188,0
1108,08:58:26.865,ROI,160,160,256,256,122.58,137.13,6.7,3.05,7.29,752.64,326.67,751.62,326.16,-54.08,-55.23,139.40,142.15,124.40,104.46,0.9565,13.6900,-54.0800,0.0000,0.0000,0.8272,0
1109,08:58:27.052,ROI,160,160,256,256,52.10,69.98,13.4,7.3,14.29,748.70,321.65,748.49,322.96,-51.75,-55.03,134.32,139.36,123.49,102.10,0.8537,15.2500,-51.7500,0.0000,0.0000,0.7795,0
1110,08:58:27.133,ROI,160,160,256,256,30.28,38.36,41.425,48.925,26.07,734.88,309.51,742.44,317.15,-52.30,-54.75,136.19,137.26,117.76,103.46,0.6406,18.4400,-52.3000,0.0000,0.0000,0.8376,0
1111,08:58:27.192,ROI,160,160,256,256,32.33,45.93,58.025,22.875,21.77,732.77,309.24,737.01,312.33,-49.90,-53.77,138.35,136.10,119.42,104.08,0.9593,14.6700,-49.9000,0.0000,0.0000,0.7581,0
1112,08:58:27.266,ROI,160,160,256,256,21.47,45.82,29.9,33.575,21.82,731.14,307.02,732.63,308.29,-49.19,-52.61,137.38,135.17,118.99,104.19,0.9328,15.4500,-49.1900,0.0000,0.0000,0.8045,0
1113,08:58:27.313,ROI,160,160,256,256,55.90,65.70,16.025,13.55,15.22,725.32,303.56,727.66,304.14,-50.32,-52.08,140.15,135.15,113.12,100.00,0.8472,14.6200,-50.3200,0.0000,0.0000,0.7310,0
1114,08:58:27.412,ROI,160,160,256,256,40.16,50.96,9.5,0.0,19.62,725.22,302.68,723.81,300.91,-47.19,-50.61,140.02,135.61,116.51,99.09,0.9542,13.6300,-47.1900,0.0000,0.0000,0.7879,0
1115,08:58:27.475,ROI,160,160,256,256,27.65,40.05,36.4,0.0,24.97,717.58,297.33,718.89,297.15,-46.94,-49.10,142.56,136.95,113.30,98.75,0.7904,13.5700,-46.9400,0.0000,0.0000,0.7855,0
1116,08:58:27.541,ROI,160,160,256,256,20.56,46.25,10.8,0.0,21.62,716.79,295.56,715.07,293.86,-46.22,-47.89,139.32,137.06,116.96,99.54,0.9351,14.1500,-46.2200,0.0000,0.0000,0.7982,0
1117,08:58:27.602,ROI,160,160,256,256,20.83,50.22,9.925,0.0,19.91,712.11,293.00,710.81,290.59,-45.84,-46.78,142.41,138.05,113.04,98.40,0.8769,12.9500,-45.8400,0.0000,0.0000,0.7609,0
1118,08:58:27.650,ROI,160,160,256,256,23.22,38.14,15.275,0.0,26.22,710.00,291.51,707.36,288.01,-46.88,-45.73,143.28,139.18,114.26,99.95,0.9355,13.3400,-46.8800,0.0000,0.0000,0.7316,0
1119,08:58:27.713,ROI,160,160,256,256,27.52,57.93,19.925,0.0,17.26,706.05,288.30,703.98,285.54,-41.54,-43.65,143.80,140.43,112.91,99.71,0.8764,13.7900,-41.5400,0.0000,0.0000,0.7277,0
1120,08:58:27.778,ROI,160,160,256,256,26.51,51.54,11.125,41.775,19.40,704.78,287.23,701.19,283.54,-42.95,-42.39,144.45,141.78,114.27,98.99,0.9575,13.2000,-42.9500,0.3200,-41.4000,0.7227,0
1121,08:58:27.829,ROI,160,160,256,256,19.82,32.40,33.9,0.0,30.87,700.42,283.85,698.00,281.22,-43.08,-41.44,143.90,142.76,113.22,99.28,0.8670,13.2200,-43.0800,0.0000,0.0000,0.7161,0
1122,08:58:27.939,ROI,160,160,256,256,24.64,100.94,0.0,0.0,9.91,695.84,280.90,694.63,279.00,-47.20,-41.60,146.56,144.51,112.82,101.55,0.8716,13.3400,-47.2000,0.0000,0.0000,0.7133,0
1123,08:58:28.002,ROI,160,160,256,256,18.32,45.33,21.15,0.0,22.06,693.77,279.39,691.53,276.95,-45.00,-41.25,146.60,145.89,111.71,102.22,0.9361,13.2700,-45.0000,0.0000,0.0000,0.7516,0
1124,08:58:28.067,ROI,160,160,224,224,21.24,57.17,17.25,0.0,17.49,689.54,275.26,688.26,274.53,-39.79,-40.01,143.51,146.30,109.97,99.47,0.8559,16.5500,-39.7900,0.0000,0.0000,0.7716,0
1125,08:58:28.115,ROI,160,160,224,224,17.92,32.75,14.975,0.0,30.53,688.65,275.24,685.56,272.84,-45.15,-40.67,147.89,147.97,108.02,99.30,0.9806,13.6400,-45.1500,0.0000,0.0000,0.7555,0
1126,08:58:28.178,ROI,160,160,224,224,23.43,57.05,18.0,0.0,17.53,684.85,270.44,683.06,270.69,-41.85,-40.26,139.44,147.07,109.49,98.39,0.8488,15.8000,-41.8500,0.0000,0.0000,0.7773,0
1127,08:58:28.242,ROI,160,160,224,224,21.92,50.61,9.95,0.0,19.76,683.59,270.42,681.14,269.27,-45.06,-40.87,143.44,147.14,108.33,98.83,0.9730,12.7200,-45.0600,0.0000,0.0000,0.7495,0
1128,08:58:28.298,ROI,160,160,224,224,18.39,40.47,12.275,0.0,24.71,682.51,267.41,679.58,267.47,-44.45,-41.25,130.89,143.69,109.54,95.27,0.9220,13.8400,-44.4500,0.0000,0.0000,0.7897,0
1129,08:58:28.418,ROI,160,160,224,224,20.12,109.78,3.9,0.0,9.11,676.32,263.68,677.05,265.23,-43.17,-41.66,138.47,142.44,110.15,94.61,0.8291,13.8800,-43.1700,0.0000,0.0000,0.7747,0
1130,08:58:28.466,ROI,160,160,224,224,17.63,34.51,14.725,20.525,28.98,673.02,260.40,674.35,262.70,-39.26,-40.89,136.93,140.74,106.76,92.67,0.8787,14.7400,-39.2600,0.0000,0.0000,0.7645,0
1131,08:58:28.531,ROI,160,160,224,224,18.45,55.17,8.5,0.0,18.13,671.96,261.08,672.13,260.98,-38.21,-40.03,142.24,140.68,109.20,96.10,0.9428,13.8800,-38.2100,0.0000,0.0000,0.7855,0
1132,08:58:28.595,ROI,160,160,224,224,20.64,54.81,0.0,0.0,18.24,667.92,257.21,669.45,258.63,-38.69,-39.65,138.79,139.38,108.32,93.67,0.8578,15.2400,-38.6900,0.0000,0.0000,0.7409,0
1133,08:58:28.645,ROI,160,160,224,224,26.90,44.91,14.0,0.0,22.27,666.31,256.78,667.23,256.97,-39.10,-39.59,143.16,139.63,111.73,95.12,0.9547,15.4800,-39.1000,0.0000,0.0000,0.8114,0
1134,08:58:28.705,ROI,160,160,224,224,19.74,38.21,51.475,0.0,26.17,662.54,253.33,664.58,254.71,-34.92,-38.10,139.54,138.58,111.08,94.54,0.8709,16.6500,-34.9200,0.0000,0.0000,0.8126,0
1135,08:58:28.770,ROI,160,160,224,224,23.01,57.53,8.9,0.0,17.38,660.31,251.81,662.05,252.79,-34.06,-36.71,142.77,138.97,112.32,92.81,0.9308,15.3500,-34.0600,0.0000,0.0000,0.8223,0
1136,08:58:28.818,ROI,160,160,256,256,20.78,33.75,33.4,0.0,29.63,657.28,248.41,659.16,250.27,-35.46,-36.14,138.90,138.22,115.15,95.63,0.8834,14.4500,-35.4600,0.0000,0.0000,0.7439,0
1137,08:58:28.948,ROI,160,160,256,256,23.42,122.88,3.625,0.0,8.14,652.65,244.82,655.68,247.37,-38.88,-36.36,140.19,138.01,114.45,97.52,0.8587,14.5200,-38.8800,0.0000,0.0000,0.7826,0
1138,08:58:28.996,ROI,160,160,256,256,21.93,33.27,0.0,0.0,30.06,651.15,243.71,652.31,244.43,-41.38,-37.14,138.99,137.43,111.18,95.62,0.9496,14.4400,-41.3800,0.0000,0.0000,0.7824,0
1139,08:58:29.058,ROI,160,160,224,224,16.95,46.76,9.9,0.0,21.39,648.66,241.77,648.85,241.61,-38.09,-37.11,140.72,137.92,110.45,96.78,0.9190,14.4000,-38.0900,0.0000,0.0000,0.7696,0
1140,08:58:29.122,ROI,160,160,224,224,23.02,58.60,8.625,0.0,17.06,645.10,239.31,646.01,239.50,-38.85,-37.21,143.42,139.10,112.41,97.69,0.8930,15.1900,-38.8500,0.0000,0.0000,0.7739,0
1141,08:58:29.170,ROI,160,160,256,256,20.54,34.75,16.625,0.0,28.78,644.50,238.70,643.67,237.64,-40.05,-37.78,141.63,139.63,110.96,94.50,0.9548,14.9100,-40.0500,0.0000,0.0000,0.7333,0
1142,08:58:29.236,ROI,160,160,224,224,24.41,58.06,8.95,0.0,17.22,639.51,235.72,640.51,235.50,-38.17,-37.81,145.84,141.43,112.08,95.49,0.8608,15.1800,-38.1700,0.0000,0.0000,0.7593,0
1143,08:58:29.300,ROI,160,160,256,256,26.82,54.83,10.2,0.0,18.24,638.14,234.25,637.96,233.62,-48.00,-40.29,143.54,142.30,108.66,95.74,0.9405,13.3400,-48.0000,0.0000,0.0000,0.7306,0
1144,08:58:29.347,ROI,160,160,224,224,16.79,25.31,20.8,0.0,39.51,634.71,231.54,634.91,231.40,-36.60,-39.66,143.96,143.27,111.78,94.95,0.8893,15.5900,-36.6000,0.0000,0.0000,0.7721,0
1145,08:58:29.476,ROI,160,160,224,224,17.40,106.62,3.525,0.0,9.38,628.16,226.38,631.23,228.62,-38.96,-39.71,142.93,143.68,115.18,93.14,0.8030,16.3000,-38.9600,0.0000,0.0000,0.7787,0
1146,08:58:29.523,ROI,160,160,256,256,17.21,37.07,13.55,0.0,26.98,626.40,225.58,627.75,226.25,-48.35,-42.26,145.78,145.11,115.14,97.38,0.9283,13.6000,-48.3500,0.0000,0.0000,0.7850,0
1147,08:58:29.586,ROI,160,160,256,256,18.16,52.05,9.075,0.0,19.21,625.01,222.84,624.84,223.79,-43.55,-43.20,139.66,144.55,110.91,95.14,0.9105,14.9100,-43.5500,0.0000,0.0000,0.8247,0
1148,08:58:29.634,ROI,160,160,224,224,16.64,33.58,13.575,0.0,29.78,624.01,222.20,622.36,221.69,-52.45,-46.19,139.91,144.06,106.61,92.11,0.9306,13.6700,-52.4500,0.0000,0.0000,0.7658,0
1149,08:58:29.697,ROI,160,160,224,224,18.14,54.67,8.55,0.0,18.29,621.09,218.49,619.88,219.25,-53.63,-49.49,135.49,142.38,106.78,92.81,0.8755,14.9800,-53.6300,0.0000,0.0000,0.7672,0
1150,08:58:29.764,ROI,160,160,224,224,19.42,57.06,8.25,0.0,17.52,619.31,217.10,617.47,216.94,-53.43,-52.17,136.20,141.01,106.11,93.91,0.9393,14.5900,-53.4300,0.0000,0.0000,0.7740,0
1151,08:58:29.875,ROI,160,160,224,224,25.59,106.00,0.0,0.0,9.43,615.00,213.64,614.69,214.37,-54.94,-54.80,137.22,140.07,105.81,93.21,0.8584,15.7600,-54.9400,0.0000,0.0000,0.8127,0
1152,08:58:29.939,ROI,160,160,224,224,22.18,47.70,0.0,0.0,20.97,613.68,212.58,612.45,212.20,-50.87,-55.48,135.94,138.61,103.73,94.08,0.9537,12.5800,-50.8700,0.0000,0.0000,0.7167,0
1153,08:58:29.987,ROI,160,160,224,224,18.21,31.29,15.925,0.0,31.96,610.61,210.50,610.02,209.99,-50.35,-55.83,137.68,137.65,104.40,93.90,0.9030,12.8400,-50.3500,0.0000,0.0000,0.7225,0
1154,08:58:30.051,ROI,160,160,224,224,21.28,53.34,8.775,0.0,18.75,608.91,209.08,607.97,208.14,-45.93,-55.21,137.91,137.02,105.99,95.94,0.9399,12.6300,-45.9300,0.0000,0.0000,0.7333,0
1155,08:58:30.116,ROI,160,160,224,224,22.99,55.59,9.275,0.0,17.99,605.54,205.98,605.54,205.83,-46.50,-54.19,136.43,135.56,105.01,93.93,0.8804,13.3600,-46.5000,0.0000,0.0000,0.7451,0
1156,08:58:30.162,ROI,160,160,224,224,23.62,33.96,36.925,0.0,29.44,604.15,204.73,603.50,203.98,-44.49,-52.79,137.81,135.26,103.18,95.31,0.9489,13.0700,-44.4900,0.0000,0.0000,0.7635,0
1157,08:58:30.293,ROI,160,160,224,224,19.71,115.67,0.0,0.0,8.65,597.71,200.77,600.27,201.44,-52.00,-53.03,141.88,135.71,101.86,96.81,0.8159,16.0000,-52.0000,0.0000,0.0000,0.8234,0
1158,08:58:30.338,ROI,160,160,224,224,17.16,30.86,33.425,20.275,32.40,596.78,198.43,597.35,198.94,-46.41,-51.50,139.39,136.61,104.52,97.26,0.9293,14.0000,-46.4100,0.0000,0.0000,0.7803,0
1159,08:58:30.402,ROI,160,160,224,224,20.87,54.21,8.675,0.0,18.45,594.85,197.51,594.89,196.94,-52.35,-51.54,140.87,137.38,103.67,97.17,0.9459,14.5800,-52.3500,0.0000,0.0000,0.7706,0
1160,08:58:30.465,ROI,160,160,224,224,29.78,59.81,9.5,0.0,16.72,592.01,193.99,592.42,194.71,-56.43,-52.75,137.89,137.53,101.95,94.50,0.8807,15.8000,-56.4300,0.0000,0.0000,0.8257,0
1161,08:58:30.514,ROI,160,160,224,224,30.13,37.15,91.425,12.425,26.92,589.87,193.53,589.90,192.71,-58.65,-54.32,141.60,138.30,102.34,95.65,0.9477,15.3600,-58.6500,0.0000,0.0000,0.8683,0
1162,08:58:30.579,ROI,160,160,224,224,29.10,53.11,11.5,12.775,18.83,588.09,190.51,587.68,190.61,-53.31,-54.10,136.57,137.98,101.82,93.95,0.9069,15.7500,-53.3100,0.0000,0.0000,0.8156,0
1163,08:58:30.643,ROI,160,160,224,224,12.51,36.31,11.775,0.0,27.54,585.73,188.19,585.35,188.30,-56.47,-54.55,135.26,137.05,103.49,93.23,0.9100,15.6900,-56.4700,0.7800,-59.1900,0.8404,0
1164,08:58:30.691,ROI,160,160,224,224,18.44,43.49,0.0,0.0,22.99,584.22,187.69,583.33,186.53,-54.65,-54.73,138.91,137.53,103.24,94.50,0.9582,15.0500,-54.6500,0.3800,-48.2100,0.8110,0
1165,08:58:30.819,ROI,160,160,224,224,20.13,119.25,3.575,0.0,8.39,578.95,183.74,580.44,184.17,-54.35,-54.91,140.63,138.18,103.01,92.81,0.8329,16.3300,-54.3500,0.0000,0.0000,0.8117,0
1166,08:58:30.865,ROI,160,160,224,224,17.25,30.44,15.95,21.2,32.85,576.70,181.82,577.66,181.97,-56.92,-55.69,141.75,139.41,102.89,93.24,0.9195,16.0300,-56.9200,0.0000,0.0000,0.8604,0
1167,08:58:30.930,ROI,160,160,224,224,21.31,58.00,8.425,17.325,17.24,575.75,181.31,575.47,180.35,-56.54,-56.01,143.51,140.93,103.78,93.79,0.9711,15.5000,-56.5400,0.0000,0.0000,0.8621,0
1168,08:58:30.993,ROI,160,160,224,224,30.10,60.35,9.65,0.0,16.57,572.41,178.51,572.92,178.43,-56.68,-56.06,143.02,142.31,103.63,94.09,0.8850,15.6200,-56.6800,0.7700,-63.5400,0.8208,0
1169,08:58:31.041,ROI,160,160,224,224,16.41,22.87,23.675,22.175,43.73,571.48,176.81,570.75,176.59,-58.65,-56.88,139.65,142.54,101.26,92.61,0.9425,15.6600,-58.6500,0.0000,0.0000,0.8580,0
1170,08:58:31.105,ROI,160,160,224,224,28.45,65.75,8.45,39.4,15.21,568.68,174.33,568.50,174.64,-59.18,-57.73,139.07,142.35,100.49,93.18,0.8980,16.1200,-59.1800,0.0000,0.0000,0.8730,0
1171,08:58:31.169,ROI,160,160,224,224,33.06,58.34,22.675,11.425,17.14,566.80,173.79,566.16,172.93,-59.96,-58.62,143.87,143.56,101.21,93.06,0.9524,16.1700,-59.9600,0.0000,0.0000,0.8827,0
1172,08:58:31.219,ROI,160,160,224,224,28.17,33.67,101.95,26.55,29.70,562.12,169.79,563.36,170.70,-58.57,-59.29,141.40,143.51,100.56,91.77,0.8389,16.3700,-58.5700,0.0000,0.0000,0.8281,0
1173,08:58:31.330,ROI,160,160,224,224,20.01,91.85,4.8,0.0,10.89,559.87,167.05,560.51,168.20,-63.35,-60.32,138.77,142.80,100.63,92.53,0.9022,16.8100,-63.3500,0.0000,0.0000,0.8723,0
1174,08:58:31.394,ROI,160,160,224,224,16.10,49.08,9.0,0.0,20.37,556.73,164.34,557.54,165.56,-59.67,-61.23,138.50,141.92,97.54,91.55,0.8862,15.4500,-59.6700,0.0000,0.0000,0.8387,0
1175,08:58:31.458,ROI,160,160,224,224,22.36,57.65,8.475,0.0,17.35,556.28,163.62,555.49,163.60,-56.90,-61.34,136.03,140.43,102.10,92.83,0.9406,16.4900,-56.9000,0.0000,0.0000,0.8742,0
1176,08:58:31.506,ROI,160,160,224,224,20.19,35.23,15.775,0.0,28.38,552.21,161.08,552.99,161.40,-54.32,-60.07,138.81,139.41,101.57,91.57,0.8753,15.1400,-54.3200,0.0000,0.0000,0.8162,0
1177,08:58:31.570,ROI,160,160,224,224,20.73,54.17,9.2,0.0,18.46,551.43,160.34,550.88,159.63,-54.18,-59.36,139.91,139.15,102.62,90.90,0.9691,13.7500,-54.1800,0.0000,0.0000,0.8072,0
1178,08:58:31.635,ROI,160,160,224,224,23.47,54.25,18.8,0.0,18.43,548.33,157.52,548.44,157.49,-54.37,-58.09,138.73,138.50,101.18,92.26,0.8864,13.7900,-54.3700,0.0000,0.0000,0.7754,0
1179,08:58:31.681,ROI,160,160,224,224,14.28,28.80,17.85,0.0,34.73,546.88,155.71,546.28,155.54,-57.74,-57.63,137.96,138.08,99.74,89.59,0.9340,14.8300,-57.7400,0.0000,0.0000,0.8332,0
1180,08:58:31.810,ROI,160,160,224,224,10.61,117.77,3.425,0.0,8.49,541.46,151.47,543.21,152.94,-60.72,-57.89,139.72,138.19,101.35,89.10,0.8202,15.2600,-60.7200,0.0000,0.0000,0.8499,0
1181,08:58:31.858,ROI,160,160,224,224,11.05,39.36,10.925,0.0,25.41,537.51,149.24,539.96,150.48,-62.63,-58.32,142.90,139.08,99.71,88.77,0.8807,14.9600,-62.6300,0.0000,0.0000,0.8537,0
1182,08:58:31.921,ROI,160,160,224,224,10.17,54.59,0.0,0.0,18.32,536.66,147.57,537.14,148.11,-64.10,-59.27,139.98,139.25,98.13,89.91,0.9474,15.1600,-64.1000,0.0000,0.0000,0.8442,0
1183,08:58:31.986,ROI,160,160,224,224,13.22,59.38,7.3,0.0,16.84,534.17,144.03,534.38,145.38,-62.43,-59.63,135.29,138.09,98.11,88.97,0.8796,14.8000,-62.4300,0.0000,0.0000,0.8444,0
1184,08:58:32.033,ROI,160,160,224,224,13.09,39.36,11.95,0.0,25.40,532.89,142.45,531.90,142.80,-59.90,-59.66,133.89,136.73,97.69,85.90,0.9400,14.2800,-59.9000,0.3100,-60.7700,0.8518,0
1185,08:58:32.097,ROI,160,160,224,224,12.28,53.57,7.825,0.0,18.67,531.55,141.22,529.76,140.58,-60.06,-59.79,133.84,135.74,96.54,85.71,0.9456,14.2500,-60.0600,0.0000,0.0000,0.8567,0
1186,08:58:32.162,ROI,160,160,224,224,11.38,54.43,7.65,0.0,18.37,528.73,139.22,527.37,138.32,-61.11,-60.54,136.60,135.61,95.42,86.42,0.9014,13.8400,-61.1100,0.0000,0.0000,0.8471,0
1187,08:58:32.276,ROI,160,160,192,192,10.37,102.85,3.85,0.0,9.72,525.26,135.03,525.05,135.68,-59.49,-60.28,131.47,133.84,97.04,83.72,0.8460,16.7400,-59.4900,0.0000,0.0000,0.8349,0
1188,08:58:32.337,ROI,160,160,224,224,15.70,59.43,7.75,0.0,16.83,524.50,134.03,523.08,133.47,-65.94,-62.34,131.68,132.58,96.88,88.86,0.9279,14.1900,-65.9400,0.0000,0.0000,0.8151,0
1189,08:58:32.402,ROI,160,160,224,224,14.78,53.58,8.25,0.0,18.66,520.96,131.82,520.74,131.19,-66.09,-63.85,135.56,132.43,94.98,87.37,0.8847,13.9700,-66.0900,0.0000,0.0000,0.8357,0
1190,08:58:32.450,ROI,160,160,192,192,15.41,38.07,12.25,0.0,26.27,519.68,130.53,518.75,129.29,-65.28,-64.63,136.46,132.86,94.43,87.89,0.9455,15.5500,-65.2800,0.0000,0.0000,0.8628,0
1191,08:58:32.514,ROI,160,160,192,192,14.90,52.87,8.075,0.0,18.91,517.02,128.57,516.64,127.32,-63.93,-64.67,136.86,133.10,94.92,88.00,0.9053,15.1300,-63.9300,0.0000,0.0000,0.8570,0
1192,08:58:32.578,ROI,160,160,192,192,19.98,57.72,0.0,0.0,17.33,514.70,126.90,514.47,125.54,-61.06,-64.32,140.74,134.84,95.05,86.24,0.9171,15.6000,-61.0600,0.0000,0.0000,0.8690,0
1193,08:58:32.628,ROI,160,160,192,192,16.95,36.61,0.0,0.0,27.32,512.26,125.96,512.24,124.09,-60.71,-63.66,147.02,138.32,94.62,86.78,0.9302,14.7500,-60.7100,0.0000,0.0000,0.8804,0
1194,08:58:32.754,ROI,160,160,192,192,18.92,117.13,3.625,0.0,8.54,507.94,121.81,509.37,121.91,-52.64,-61.09,142.73,140.08,95.32,83.58,0.8316,16.1700,-52.6400,0.0000,0.0000,0.7798,0
1195,08:58:32.801,ROI,160,160,192,192,17.26,36.35,14.125,0.0,27.51,506.52,121.67,507.03,120.42,-61.09,-61.15,147.49,142.79,91.39,86.09,0.9320,14.8800,-61.0900,0.0000,0.0000,0.8917,0
1196,08:58:32.865,ROI,160,160,192,192,26.98,62.34,8.6,0.0,16.04,504.49,118.35,504.81,118.56,-55.24,-59.49,140.14,143.10,92.35,84.05,0.8863,16.8000,-55.2400,0.0000,0.0000,0.8513,0
1197,08:58:32.930,ROI,160,160,192,192,16.17,42.74,10.875,0.0,23.40,502.63,118.41,502.59,117.12,-61.13,-59.66,147.04,144.95,90.70,85.70,0.9422,15.3500,-61.1300,0.0000,0.0000,0.8828,0
1198,08:58:32.979,ROI,160,160,192,192,21.69,44.00,12.4,0.0,22.73,500.52,115.74,500.49,115.50,-57.68,-58.94,142.22,145.18,91.03,84.04,0.8978,17.1900,-57.6800,0.0000,0.0000,0.8771,0
1199,08:58:33.044,ROI,160,160,192,192,16.89,49.97,9.2,0.0,20.01,498.57,115.11,498.33,114.15,-59.43,-58.64,148.03,147.08,89.87,82.68,0.9425,14.8900,-59.4300,0.0000,0.0000,0.8711,0
1200,08:58:33.106,ROI,160,160,192,192,16.24,50.34,8.975,0.0,19.86,495.29,112.55,495.89,112.59,-55.90,-57.41,147.41,148.56,90.20,83.89,0.8761,16.7100,-55.9000,0.0000,0.0000,0.8437,0
1201,08:58:33.155,ROI,160,160,192,192,16.33,38.51,12.25,0.0,25.97,494.21,110.40,493.69,110.75,-58.23,-56.88,140.19,147.38,89.24,81.64,0.9273,15.8200,-58.2300,0.0000,0.0000,0.8862,0
1202,08:58:33.283,ROI,160,160,192,192,14.98,117.03,0.0,0.0,8.54,490.94,106.88,491.38,108.60,-49.27,-54.18,137.00,145.49,94.09,80.45,0.8563,14.9700,-49.2700,0.0000,0.0000,0.7848,0
1203,08:58:33.331,ROI,160,160,192,192,15.68,36.97,12.375,0.0,27.05,489.68,105.81,489.32,106.73,-53.01,-52.38,137.79,144.11,90.11,79.49,0.9326,13.2900,-53.0100,0.0000,0.0000,0.8062,0
1204,08:58:33.394,ROI,160,160,192,192,18.05,54.28,8.5,0.0,18.42,486.98,103.73,487.20,104.88,-58.07,-52.41,138.84,143.10,90.83,79.70,0.8955,14.8400,-58.0700,0.0000,0.0000,0.8690,0
1205,08:58:33.457,ROI,160,160,192,192,16.60,50.11,8.925,0.0,19.96,484.81,102.35,484.91,103.03,-57.34,-52.55,141.16,143.00,90.32,80.24,0.9217,14.3300,-57.3400,0.0000,0.0000,0.8618,0
1206,08:58:33.505,ROI,160,160,192,192,17.86,37.18,12.975,0.0,26.90,482.20,100.09,482.64,101.09,-55.75,-52.64,139.45,142.20,90.92,79.70,0.8935,14.6000,-55.7500,0.0000,0.0000,0.8326,0
1207,08:58:33.569,ROI,160,160,192,192,16.70,51.95,8.7,0.0,19.25,480.88,98.97,480.46,99.20,-58.30,-53.66,138.98,141.18,91.40,80.41,0.9450,15.0200,-58.3000,0.0000,0.0000,0.8565,0
1208,08:58:33.635,ROI,160,160,192,192,16.69,54.02,8.125,0.0,18.51,477.84,96.94,478.07,97.25,-55.12,-53.98,140.86,140.80,91.84,80.81,0.8912,13.4100,-55.1200,0.0000,0.0000,0.8147,0
1209,08:58:33.681,ROI,160,160,192,192,16.32,34.88,13.975,0.0,28.67,477.66,96.35,476.11,95.55,-53.74,-53.88,139.18,140.02,94.40,82.19,0.9565,13.8700,-53.7400,0.0000,0.0000,0.8202,0
1210,08:58:33.810,ROI,160,160,192,192,11.26,112.85,3.5,0.0,8.86,474.01,92.51,473.95,93.43,-52.71,-53.43,135.54,138.17,95.20,81.40,0.8457,14.9800,-52.7100,0.0000,0.0000,0.8241,0
1211,08:58:33.858,ROI,160,160,192,192,11.23,38.83,0.0,0.0,25.75,471.61,90.25,471.90,91.23,-56.75,-54.05,132.88,135.45,93.79,83.69,0.9013,17.3100,-56.7500,0.0000,0.0000,0.8515,0
1212,08:58:33.922,ROI,160,160,192,192,12.28,55.87,0.0,0.0,17.90,471.25,88.98,470.24,89.16,-50.61,-52.88,128.69,132.06,94.48,81.54,0.9625,17.8600,-50.6100,0.0000,0.0000,0.8936,0
1213,08:58:33.987,ROI,160,160,192,192,11.44,56.22,7.55,0.0,17.79,469.44,87.37,468.67,87.30,-50.85,-52.08,130.30,129.90,94.84,80.98,0.9258,17.1500,-50.8500,0.0000,0.0000,0.8131,0
1214,08:58:34.033,ROI,160,160,192,192,10.91,35.42,11.675,0.0,28.23,468.84,86.40,467.36,85.65,-48.67,-51.11,128.35,127.76,95.26,80.15,0.9642,17.2000,-48.6700,0.0000,0.0000,0.8589,0
1215,08:58:34.097,ROI,160,160,192,192,11.57,57.27,7.475,0.0,17.46,467.45,85.55,466.04,84.15,-47.42,-50.06,131.50,126.94,94.91,80.08,0.9509,16.8100,-47.4200,0.0000,0.0000,0.8558,0
1216,08:58:34.161,ROI,160,160,192,192,11.26,56.42,7.475,0.0,17.72,465.00,83.51,464.53,82.53,-42.61,-47.93,132.99,126.59,94.39,77.77,0.9027,15.1000,-42.6100,0.0000,0.0000,0.8533,0
1217,08:58:34.274,ROI,160,160,192,192,11.31,103.67,0.0,0.0,9.65,461.91,79.04,462.75,80.38,-43.47,-46.58,129.42,126.05,97.16,78.48,0.8390,13.1500,-43.4700,0.0000,0.0000,0.8285,0
1218,08:58:34.339,ROI,160,160,224,224,10.72,55.84,0.0,0.0,17.91,460.10,78.51,460.86,78.56,-53.77,-47.67,136.17,127.75,94.61,79.21,0.9504,14.4200,-53.7700,0.0000,0.0000,0.7944,0
1219,08:58:34.385,ROI,160,160,192,192,13.21,41.06,0.0,0.0,24.35,457.37,75.79,458.82,76.54,-53.36,-48.45,135.34,129.08,94.01,79.08,0.8826,13.5400,-53.3600,0.0000,0.0000,0.8401,0
1220,08:58:34.448,ROI,160,160,192,192,16.47,56.86,0.0,0.0,17.59,457.40,74.77,457.20,74.73,-49.36,-48.07,131.82,129.58,97.26,80.10,0.9423,14.5800,-49.3600,0.0000,0.0000,0.8018,0
1221,08:58:34.514,ROI,160,160,224,224,13.19,52.46,0.0,0.0,19.06,454.68,72.70,455.32,72.87,-57.73,-49.96,135.34,131.24,94.56,79.11,0.8981,12.1600,-57.7300,0.0000,0.0000,0.7924,0
1222,08:58:34.562,ROI,160,160,192,192,13.90,34.96,0.0,0.0,28.61,454.55,73.28,453.86,71.64,-51.59,-50.17,139.84,133.82,98.03,80.42,0.9489,15.9600,-51.5900,0.0000,0.0000,0.8253,0
1223,08:58:34.690,ROI,160,160,224,224,17.60,123.38,3.475,0.0,8.11,449.60,70.87,451.50,70.09,-59.08,-52.31,146.57,137.43,91.15,79.80,0.8501,12.5400,-59.0800,0.0000,0.0000,0.8492,0
1224,08:58:34.753,ROI,160,160,192,192,18.26,54.06,0.0,0.0,18.50,448.46,69.80,449.55,68.89,-52.77,-53.25,148.36,141.41,90.83,81.62,0.9501,17.1600,-52.7700,0.0000,0.0000,0.8646,0
1225,08:58:34.802,ROI,160,160,192,192,18.91,38.49,13.4,0.0,25.98,447.83,69.01,447.88,67.74,-51.11,-52.99,145.61,143.72,90.20,80.42,0.9672,16.5000,-51.1100,0.0000,0.0000,0.8797,0
1226,08:58:34.868,ROI,160,160,192,192,17.69,53.88,0.0,0.0,18.56,447.00,68.81,446.43,67.05,-50.91,-53.17,154.61,148.65,90.29,81.19,0.9725,15.8600,-50.9100,0.0000,0.0000,0.8713,0
1227,08:58:34.915,ROI,160,160,192,192,18.47,37.18,0.0,19.75,26.89,447.10,68.90,445.40,66.55,-50.87,-52.82,154.06,152.12,91.20,80.93,0.9868,15.7200,-50.8700,0.0000,0.0000,0.8635,0
1228,08:58:34.978,ROI,160,160,192,192,17.88,51.45,0.0,0.0,19.44,446.42,67.84,444.53,66.09,-50.06,-52.49,152.22,154.84,90.82,79.26,0.9596,15.2200,-50.0600,0.0000,0.0000,0.8517,0
1229,08:58:35.042,ROI,160,160,192,192,17.10,51.00,0.0,0.0,19.61,446.05,67.87,443.85,65.77,-51.75,-52.42,154.75,157.10,91.45,80.52,0.9763,15.0900,-51.7500,0.0000,0.0000,0.8642,0
1230,08:58:35.090,ROI,160,160,192,192,17.18,37.33,13.0,0.0,26.79,445.94,67.76,443.53,65.67,-52.18,-52.69,161.73,160.50,91.31,80.60,0.9950,15.0300,-52.1800,0.0000,0.0000,0.8552,0
1231,08:58:35.218,ROI,160,160,192,192,16.67,117.09,0.0,0.0,8.54,445.89,67.40,443.33,65.64,-50.27,-52.16,171.79,166.30,92.29,80.11,0.9806,14.2400,-50.2700,0.0000,0.0000,0.8551,0
1232,08:58:35.282,ROI,160,160,192,192,17.27,53.05,8.475,0.0,18.85,445.80,67.38,443.40,65.89,-50.18,-52.43,-74.39,201.28,91.98,80.32,0.9941,14.2600,-50.1800,0.0000,0.0000,0.8630,0
1233,08:58:35.332,ROI,160,160,192,192,16.25,37.91,12.5,0.0,26.38,445.83,67.38,443.56,66.20,-49.97,-52.42,-62.55,234.39,91.98,80.40,0.9984,14.3300,-49.9700,0.0000,0.0000,0.8656,0
1234,08:58:35.394,ROI,160,160,192,192,19.25,53.82,8.875,0.0,18.58,445.77,67.34,443.86,66.59,-49.91,-51.96,-52.03,265.12,92.00,80.28,0.9972,14.3200,-49.9100,0.0000,0.0000,0.8662,0
1235,08:58:35.442,ROI,160,160,192,192,17.52,35.77,28.0,0.0,27.96,445.84,67.37,444.28,66.99,-49.49,-51.39,-43.83,292.66,92.23,80.27,0.9969,14.2600,-49.4900,0.0000,0.0000,0.8614,0
1236,08:58:35.506,ROI,160,160,192,192,16.48,52.40,8.675,0.0,19.08,445.83,67.32,444.81,67.43,-50.21,-51.11,-40.21,316.22,92.14,80.29,0.9978,14.1600,-50.2100,0.0000,0.0000,0.8581,0
1237,08:58:35.570,ROI,160,160,192,192,18.53,55.05,8.5,0.0,18.16,445.85,67.40,445.31,67.83,-50.06,-50.48,-38.39,335.46,92.22,80.33,0.9970,14.2700,-50.0600,0.0000,0.0000,0.8625,0
1238,08:58:35.634,ROI,160,160,192,192,11.06,45.96,8.85,0.0,21.76,445.85,67.44,445.91,68.22,-50.38,-50.13,-32.69,351.49,92.23,80.39,0.9990,14.1800,-50.3800,0.0000,0.0000,0.8543,0
1239,08:58:35.680,ROI,160,160,192,192,9.59,36.82,11.525,0.0,27.16,445.94,67.44,446.36,68.43,-50.63,-49.91,-25.28,365.22,92.32,80.47,0.9971,14.2300,-50.6300,0.0000,0.0000,0.8542,0
1240,08:58:35.810,ROI,160,160,192,192,8.03,120.47,0.0,0.0,8.30,445.78,67.34,446.87,68.72,-50.63,-49.74,-29.56,373.95,92.10,80.34,0.9942,14.3600,-50.6300,0.0000,0.0000,0.8652,0
1241,08:58:35.857,ROI,160,160,192,192,8.05,40.16,0.0,0.0,24.90,445.86,67.38,447.42,69.01,-50.98,-49.23,-27.78,379.80,92.28,80.39,0.9972,14.3100,-50.9800,0.0000,0.0000,0.8584,0
1242,08:58:35.921,ROI,160,160,192,192,7.74,56.55,0.0,0.0,17.68,445.79,67.27,447.77,69.17,-50.95,-49.16,-24.80,383.65,92.00,80.18,0.9943,14.1700,-50.9500,0.0000,0.0000,0.8549,0
1243,08:58:35.970,ROI,160,160,192,192,9.35,43.61,0.0,0.0,22.93,445.88,67.32,448.07,69.27,-50.42,-48.93,-18.35,386.24,92.24,80.28,0.9962,14.2800,-50.4200,0.0000,0.0000,0.8640,0
1244,08:58:36.033,ROI,160,160,192,192,7.77,53.97,0.0,0.0,18.53,445.73,67.34,448.12,69.23,-50.48,-48.93,40.63,401.89,92.16,80.40,0.9954,14.2900,-50.4800,0.0000,0.0000,0.8630,0
1245,08:58:36.098,ROI,160,160,192,192,13.07,62.85,0.0,0.0,15.91,445.61,67.24,447.98,68.99,-50.44,-49.11,119.83,433.87,91.91,80.21,0.9946,14.3400,-50.4400,0.0000,0.0000,0.8630,0
1246,08:58:36.162,ROI,160,160,192,192,10.27,52.46,7.8,0.0,19.06,445.65,67.31,447.79,68.70,-50.52,-49.89,122.58,459.92,91.94,80.32,0.9974,14.3300,-50.5200,0.0000,0.0000,0.8649,0
1247,08:58:36.274,ROI,160,160,192,192,9.84,101.16,3.9,0.0,9.89,445.65,67.32,447.63,68.60,-50.94,-50.92,148.50,487.22,91.84,80.24,0.9979,14.2900,-50.9400,0.0000,0.0000,0.8634,0
1248,08:58:36.322,ROI,160,160,192,192,11.97,43.69,10.35,0.0,22.89,445.65,67.38,447.41,68.39,-50.79,-51.08,137.32,504.88,92.02,80.54,0.9943,14.3200,-50.7900,0.0000,0.0000,0.8648,0
1249,08:58:36.386,ROI,160,160,192,192,11.87,53.20,0.0,30.55,18.80,445.70,67.42,447.25,68.28,-50.68,-51.21,146.15,519.89,92.00,80.56,0.9981,14.3300,-50.6800,0.0000,0.0000,0.8668,0
1250,08:58:36.449,ROI,160,160,192,192,9.65,51.64,7.775,0.0,19.37,445.65,67.39,446.88,68.13,-50.77,-51.74,157.11,533.52,91.90,80.52,0.9982,14.3800,-50.7700,0.0000,0.0000,0.8668,0
1251,08:58:36.513,ROI,160,160,192,192,11.62,57.87,7.325,0.0,17.28,445.73,67.34,446.59,68.04,-50.49,-51.41,162.18,543.98,92.10,80.51,0.9966,14.3700,-50.4900,0.0000,0.0000,0.8663,0
1252,08:58:36.561,ROI,160,160,192,192,10.84,39.46,11.075,0.0,25.34,445.73,67.31,446.15,67.79,-50.53,-51.56,150.47,547.27,92.03,80.39,0.9977,14.3800,-50.5300,0.0000,0.0000,0.8686,0
1253,08:58:36.673,ROI,160,160,192,192,10.43,102.70,3.9,0.0,9.74,445.72,67.31,446.02,67.66,-50.10,-50.86,137.04,543.78,92.17,80.30,0.9974,14.3500,-50.1000,0.0000,0.0000,0.8646,0
1254,08:58:36.740,ROI,160,160,192,192,16.77,64.58,7.1,0.0,15.48,445.78,67.38,445.94,67.60,-50.01,-50.57,139.97,539.34,92.14,80.42,0.9969,14.2200,-50.0100,0.0000,0.0000,0.8609,0
1255,08:58:36.802,ROI,160,160,192,192,10.35,48.74,8.7,0.0,20.52,445.73,67.37,445.86,67.57,-50.21,-50.48,156.46,538.55,92.05,80.38,0.9984,14.2900,-50.2100,0.0000,0.0000,0.8640,0
1256,08:58:36.851,ROI,160,160,192,192,12.39,43.34,10.55,0.0,23.07,445.72,67.31,445.83,67.51,-50.48,-50.47,122.12,527.05,92.02,80.29,0.9981,14.3100,-50.4800,0.0000,0.0000,0.8648,0
1257,08:58:36.913,ROI,160,160,192,192,12.29,54.48,7.95,0.0,18.36,445.72,67.24,445.76,67.39,-50.28,-50.41,121.20,516.30,91.90,80.03,0.9954,14.2400,-50.2800,0.0000,0.0000,0.8621,0
