frame_id,timestamp,mode,input_width,input_height,roi_w,roi_h,inf_time_ms,end_to_end_time_ms,cpu_load_pct,end_to_end_cpu_load_pct,fps,x_center,y_center,width,height,iou_prev_bbox,group1_magnitude,group1_angle,group2_magnitude,group2_angle,best_conf,tracking_lost,raw_angle,model_angle_smooth,trajectory_angle_smooth,estimated_speed,fused_angle,fused_weight_x,pid_mode,target_angle,angle_error,target_x,target_y,distance_error,ble_speed_left,ble_speed_right
5934,12:16:14.439,ROI,160,160,320,320,11.73,12.87,13.25,0.0,77.70,567.16,555.22,120.56,148.52,0.9690,13.4900,-85.1900,0.0000,0.0000,0.8830,0,-85.1900,996.3302,1005.6309,0.1852,997.7833,0.8438,PHASE_1_ALIGNING,93.98,-176.20,534.7,89.1,467.25,-2000,2000
5935,12:16:14.486,ROI,160,160,320,320,12.86,13.93,0.0,0.0,71.76,568.16,554.96,118.98,148.64,0.9800,11.5400,-83.8500,0.0000,0.0000,0.8505,0,-83.8500,996.2132,1009.5347,0.1266,997.7104,0.8876,PHASE_1_ALIGNING,94.11,-176.40,534.7,89.1,467.06,-2000,2000
5936,12:16:14.550,ROI,160,160,320,320,13.15,14.03,0.0,27.825,71.26,567.22,555.78,120.48,150.60,0.9716,14.2800,-84.8400,0.0000,0.0000,0.8808,0,-84.8400,996.2229,1026.3312,0.0275,997.0274,0.9733,PHASE_1_ALIGNING,93.99,-176.96,534.7,89.1,467.81,-2000,2000
5937,12:16:14.613,ROI,160,160,320,320,12.24,13.06,0.0,0.0,76.59,568.12,554.68,118.96,148.82,0.9707,11.7200,-83.9400,0.0000,0.0000,0.8511,0,-83.9400,996.1154,1017.6476,0.0334,996.8117,0.9677,PHASE_1_ALIGNING,94.11,-177.29,534.7,89.1,466.78,-2000,2000
5938,12:16:14.662,ROI,160,160,320,320,10.90,11.99,0.0,0.0,83.37,567.14,555.42,120.66,150.06,0.9741,14.0700,-84.7300,0.0000,0.0000,0.8754,0,-84.7300,995.6870,1013.0399,0.0389,996.3372,0.9625,PHASE_1_ALIGNING,93.98,-177.64,534.7,89.1,467.45,-2000,2000
5939,12:16:14.726,ROI,160,160,320,320,12.70,13.54,0.0,0.0,73.83,568.00,554.70,119.38,149.12,0.9764,12.0900,-83.8600,0.0000,0.0000,0.8495,0,-83.8600,995.5499,1008.7793,0.0353,996.0016,0.9659,PHASE_1_ALIGNING,94.09,-178.09,534.7,89.1,466.79,-2000,2000
5940,12:16:14.774,ROI,160,160,320,320,10.06,10.97,11.175,35.625,91.19,566.98,555.20,120.58,150.48,0.9743,13.3900,-84.1600,0.0000,0.0000,0.8676,0,-84.1600,995.5623,1009.3858,0.0357,996.0395,0.9655,PHASE_1_ALIGNING,93.96,-177.92,534.7,89.1,467.22,-2000,2000
5941,12:16:14.902,ROI,160,160,320,320,10.90,11.68,0.0,33.45,85.62,568.58,558.50,118.02,155.10,0.9332,11.8300,-81.8700,0.0000,0.0000,0.8479,0,-81.8700,996.0250,1008.3191,0.0361,996.4536,0.9651,PHASE_1_ALIGNING,94.13,-177.67,534.7,89.1,470.62,-2000,2000
5942,12:16:14.950,ROI,160,160,320,320,11.31,12.11,0.0,0.0,82.61,566.88,556.64,119.30,150.24,0.9419,13.6700,-79.0800,0.0000,0.0000,0.8687,0,-79.0800,997.0445,1004.1586,0.0679,997.4971,0.9364,PHASE_1_ALIGNING,93.94,-176.44,534.7,89.1,468.65,-2000,2000
5943,12:16:15.016,ROI,160,160,320,320,19.02,20.17,7.175,0.0,49.59,567.26,558.46,120.54,155.60,0.9556,12.6800,-76.4900,0.0000,0.0000,0.8461,0,-76.4900,998.5099,1000.3373,0.1317,998.7226,0.8836,PHASE_1_ALIGNING,93.97,-175.25,534.7,89.1,470.49,-2000,2000
5944,12:16:15.078,ROI,160,160,320,320,10.58,12.10,0.0,0.0,82.67,568.60,558.10,122.10,151.48,0.9527,12.7300,-73.5200,0.0000,0.0000,0.8275,0,-73.5200,1000.6142,997.1111,0.1481,1000.1624,0.8710,PHASE_1_ALIGNING,94.13,-173.97,534.7,89.1,470.22,-2000,2000
5945,12:16:15.126,ROI,160,160,320,320,10.56,11.41,0.0,0.0,87.61,567.64,557.30,124.78,149.06,0.9632,13.8300,-70.6200,0.0000,0.0000,0.8431,0,-70.6200,1002.8691,993.0390,0.1661,1001.4687,0.8575,PHASE_1_ALIGNING,94.02,-172.56,534.7,89.1,469.36,-2000,2000
5946,12:16:15.189,ROI,160,160,320,320,10.96,11.85,0.0,0.0,84.37,569.00,558.52,128.16,152.02,0.9547,14.2400,-67.4400,0.0000,0.0000,0.8058,0,-67.4400,1005.6633,990.9106,0.2020,1003.1845,0.8320,PHASE_1_ALIGNING,94.18,-170.99,534.7,89.1,470.67,-2000,2000
5947,12:16:15.303,ROI,160,160,320,320,11.07,11.82,0.0,0.0,84.57,569.04,558.80,132.52,145.96,0.9298,15.4300,-60.6500,0.0000,0.0000,0.8375,0,-60.6500,1009.4984,989.2184,0.2352,1005.6363,0.8096,PHASE_1_ALIGNING,94.18,-168.55,534.7,89.1,470.95,-2000,2000
5948,12:16:15.366,ROI,160,160,320,320,9.65,10.42,7.55,37.5,96.00,567.24,559.10,138.24,143.34,0.9421,15.8300,-48.8300,0.0000,0.0000,0.8178,0,-48.8300,1015.3880,991.0007,0.2616,1010.3305,0.7926,PHASE_1_ALIGNING,93.96,-163.63,534.7,89.1,471.13,-2000,2000
5949,12:16:15.431,ROI,160,160,288,288,14.72,15.82,0.0,24.7,63.21,569.50,560.24,139.79,136.48,0.9226,17.1900,-37.7900,0.0000,0.0000,0.8584,0,-37.7900,1022.8983,996.0825,0.3093,1016.5631,0.7637,PHASE_1_ALIGNING,94.22,-157.66,534.7,89.1,472.43,-2000,2000
5950,12:16:15.479,ROI,160,160,288,288,15.76,17.02,11.925,22.95,58.77,568.64,558.63,149.94,130.54,0.8944,16.6100,-29.7000,0.0000,0.0000,0.8756,0,-29.7000,1031.2723,990.9120,0.3152,1021.6006,0.7604,PHASE_1_ALIGNING,94.13,-152.53,534.7,89.1,470.76,-2000,2000
5951,12:16:15.543,ROI,160,160,320,320,10.70,11.85,0.0,0.0,84.41,568.90,558.08,152.32,126.20,0.9522,16.6600,-28.5700,0.0000,0.0000,0.8906,0,-28.5700,1038.8932,991.5931,0.3005,1027.9643,0.7689,PHASE_1_ALIGNING,94.17,-146.21,534.7,89.1,470.23,-2000,2000
5952,12:16:15.607,ROI,160,160,320,320,9.21,10.00,7.575,0.0,100.04,569.42,557.86,160.44,119.14,0.8988,15.8100,-19.3500,0.0000,0.0000,0.8990,0,-19.3500,1047.3115,994.7960,0.2797,1035.8321,0.7814,PHASE_1_ALIGNING,94.24,-138.40,534.7,89.1,470.04,-2000,2000
5953,12:16:15.653,ROI,160,160,352,352,12.31,13.14,0.0,0.0,76.12,569.44,559.00,161.77,118.16,0.9730,18.4600,-20.1700,0.0000,0.0000,0.9118,0,-20.1700,1054.5558,999.6230,0.2750,1042.7084,0.7843,PHASE_1_ALIGNING,94.23,-131.52,534.7,89.1,471.19,-2000,2000
5954,12:16:15.767,ROI,160,160,352,352,12.11,13.05,0.0,0.0,76.66,567.79,558.54,167.75,115.76,0.9454,17.7300,-5.3200,0.0000,0.0000,0.8824,0,-5.3200,1063.6123,1010.9754,0.2502,1053.0797,0.7999,PHASE_1_ALIGNING,94.03,-120.95,534.7,89.1,470.61,-2000,2000
5955,12:16:15.829,ROI,160,160,352,352,9.77,10.75,0.0,0.0,93.06,567.73,556.80,166.32,114.33,0.9620,18.7100,-3.0700,0.0000,0.0000,0.9344,0,-3.0700,1071.8343,1011.7773,0.1788,1062.7233,0.8483,PHASE_1_ALIGNING,94.04,-111.32,534.7,89.1,468.87,-2000,2000
5956,12:16:15.894,ROI,160,160,352,352,10.31,11.43,0.0,0.0,87.47,566.54,555.55,161.57,112.79,0.9503,14.7600,1.0000,0.0000,0.0000,0.9411,0,1.0000,1079.3828,1012.8782,0.0803,1074.4366,0.9256,PHASE_1_ALIGNING,93.90,-99.47,534.7,89.1,467.54,-1989,1989
5957,12:16:15.942,ROI,160,160,352,352,10.21,11.02,0.0,0.0,90.77,568.07,556.67,166.10,113.83,0.9538,11.1500,5.0900,0.0000,0.0000,0.8488,0,5.0900,1086.3611,1029.9996,0.0267,1084.8931,0.9740,PHASE_1_ALIGNING,94.08,-89.19,534.7,89.1,468.76,-1783,1783
5958,12:16:16.006,ROI,160,160,352,352,14.01,14.98,0.0,26.075,66.75,569.39,556.03,162.54,114.44,0.9678,12.9100,18.7600,0.0000,0.0000,0.8813,0,18.7600,1094.5434,1060.8093,0.0942,1091.6395,0.9139,PHASE_1_ALIGNING,94.25,-82.61,534.7,89.1,468.22,-1652,1652
5959,12:16:16.070,ROI,160,160,352,352,14.01,14.83,0.0,0.0,67.45,569.15,556.78,166.45,116.51,0.9591,12.8800,19.3300,0.0000,0.0000,0.8867,0,19.3300,1101.2912,1086.2856,0.1094,1099.8113,0.9014,PHASE_1_ALIGNING,94.21,-74.40,534.7,89.1,468.95,-1488,1488
5960,12:16:16.118,ROI,160,160,352,352,15.94,16.79,0.0,23.275,59.57,567.48,556.56,168.70,118.87,0.9609,15.3000,29.1500,0.0000,0.0000,0.8796,0,29.1500,1108.5836,1112.4561,0.1463,1109.0778,0.8724,PHASE_1_ALIGNING,94.01,-64.93,534.7,89.1,468.61,-1298,1298
5961,12:16:16.246,ROI,160,160,352,352,10.41,11.28,0.0,0.0,88.67,566.98,556.94,156.11,124.98,0.8833,13.7300,37.4500,0.0000,0.0000,0.7823,0,37.4500,1115.9637,1139.0660,0.1570,1119.0978,0.8643,PHASE_1_ALIGNING,93.95,-54.85,534.7,89.1,468.95,-1097,1097
5962,12:16:16.294,ROI,160,160,320,320,9.41,10.20,10.775,0.0,98.02,568.52,555.54,156.46,129.20,0.9487,13.5100,40.6500,0.0000,0.0000,0.8183,0,40.6500,1122.3299,1161.4404,0.1860,1128.4635,0.8432,PHASE_1_ALIGNING,94.15,-45.68,534.7,89.1,467.66,-913,913
5963,12:16:16.359,ROI,160,160,320,320,9.29,10.06,7.075,0.0,99.42,568.58,555.62,149.14,134.96,0.9144,13.2200,48.4200,0.0000,0.0000,0.8468,0,48.4200,1128.6057,1180.0712,0.2282,1138.1676,0.8142,PHASE_1_ALIGNING,94.15,-35.99,534.7,89.1,467.75,-719,719
5964,12:16:16.421,ROI,160,160,320,320,9.11,10.17,7.5,0.0,98.34,567.72,555.78,141.72,137.34,0.9346,13.6200,51.1200,0.0000,0.0000,0.8336,0,51.1200,1133.6991,1196.1471,0.2388,1145.7376,0.8072,PHASE_1_ALIGNING,94.05,-28.31,534.7,89.1,467.85,-566,566
5965,12:16:16.470,ROI,160,160,288,288,9.78,10.96,0.0,35.625,91.22,566.59,558.44,137.02,143.35,0.9276,13.4900,52.2500,0.0000,0.0000,0.8377,0,52.2500,1137.6981,1210.7897,0.1982,1149.7893,0.8346,PHASE_1_ALIGNING,93.89,-24.10,534.7,89.1,470.42,-482,482
5966,12:16:16.534,ROI,160,160,288,288,9.82,10.62,7.5,0.0,94.17,566.58,556.31,127.26,139.99,0.9015,15.0400,56.8400,0.0000,0.0000,0.8553,0,56.8400,1141.9693,1224.6168,0.2052,1156.0424,0.8297,PHASE_2_DRIVING,93.90,-17.86,534.7,89.1,468.29,947,2000
5967,12:16:16.582,ROI,160,160,288,288,9.54,10.54,0.0,0.0,94.85,566.90,558.34,132.14,144.50,0.9330,14.2700,56.2600,0.0000,0.0000,0.8465,0,56.2600,1145.4946,1238.7973,0.1428,1157.1511,0.8751,PHASE_2_DRIVING,93.93,-16.77,534.7,89.1,470.34,1096,2000
5968,12:16:16.710,ROI,160,160,320,320,10.13,11.28,0.0,0.0,88.61,567.00,557.12,125.98,140.00,0.9237,14.9800,61.0900,0.0000,0.0000,0.8549,0,61.0900,1149.2573,1251.9514,0.1307,1161.1268,0.8844,PHASE_2_DRIVING,93.95,-12.82,534.7,89.1,469.13,1642,2000
5969,12:16:16.759,ROI,160,160,288,288,14.88,16.06,10.225,24.325,62.26,567.27,560.37,121.54,143.05,0.9225,15.4800,63.4100,0.0000,0.0000,0.8529,0,63.4100,1152.0277,1232.3732,0.1112,1160.0708,0.8999,PHASE_2_DRIVING,93.95,-13.88,534.7,89.1,472.39,1030,2000
5970,12:16:16.822,ROI,160,160,288,288,13.16,14.25,8.375,27.4,70.18,566.59,560.90,113.15,143.21,0.9243,15.8000,67.1900,0.0000,0.0000,0.7964,0,67.1900,1154.9825,1218.7147,0.1429,1162.9520,0.8750,PHASE_2_DRIVING,93.87,-10.91,534.7,89.1,472.88,1638,2000
5971,12:16:16.885,ROI,160,160,288,288,11.17,12.01,0.0,32.525,83.24,567.44,559.60,114.08,142.63,0.9675,15.4300,70.2300,0.0000,0.0000,0.8237,0,70.2300,1156.9501,1208.3358,0.1894,1165.1310,0.8408,PHASE_2_DRIVING,93.98,-8.85,534.7,89.1,471.64,1655,2000
5972,12:16:16.935,ROI,160,160,288,288,20.10,21.56,0.0,0.0,46.38,567.38,560.30,112.23,144.20,0.9732,15.2200,72.4000,0.0000,0.0000,0.8015,0,72.4000,1159.4260,1196.4954,0.2611,1167.1017,0.7929,PHASE_2_DRIVING,93.97,-6.87,534.7,89.1,472.33,1781,2000
5973,12:16:16.999,ROI,160,160,320,320,15.33,16.47,0.0,23.725,60.73,567.64,556.32,114.80,143.50,0.9256,16.8900,72.7000,0.0000,0.0000,0.8568,0,72.7000,1160.8497,1182.5730,0.2294,1164.9029,0.8134,PHASE_2_DRIVING,94.03,-9.13,534.7,89.1,468.38,1142,2000
5974,12:16:17.063,ROI,160,160,288,288,19.44,20.95,0.0,18.65,47.74,569.41,557.03,107.48,140.35,0.9156,15.9000,73.4900,0.0000,0.0000,0.8031,0,73.4900,1161.5581,1165.8270,0.1847,1162.2236,0.8441,PHASE_2_DRIVING,94.24,-12.02,534.7,89.1,469.21,950,2000
5975,12:16:17.111,ROI,160,160,288,288,23.11,24.41,14.25,0.0,40.96,571.14,554.26,106.47,141.73,0.9316,15.7300,78.1000,0.0000,0.0000,0.8699,0,78.1000,1162.3927,1160.5548,0.1064,1162.2159,0.9038,PHASE_2_DRIVING,94.48,-12.26,534.7,89.1,466.59,1187,2000
5976,12:16:17.239,ROI,160,160,288,288,12.65,13.70,15.1,28.525,73.00,570.41,552.99,107.66,137.09,0.9544,16.2200,83.1700,0.0000,0.0000,0.7874,0,83.1700,1164.5030,1140.1175,0.0904,1162.4813,0.9171,PHASE_2_DRIVING,94.40,-11.92,534.7,89.1,465.26,1266,2000
5977,12:16:17.285,ROI,160,160,288,288,9.83,10.84,0.0,36.025,92.23,572.90,550.18,104.83,135.74,0.9164,7.8100,90.7800,0.0000,0.0000,0.6046,0,90.7800,1167.1043,1127.0553,0.2384,1159.3956,0.8075,PHASE_2_DRIVING,94.74,-15.34,534.7,89.1,462.66,771,2000
5978,12:16:17.351,ROI,160,160,288,288,12.09,12.99,0.0,0.0,76.97,573.24,548.42,110.38,140.13,0.9200,8.3100,89.6700,0.0000,0.0000,0.6617,0,89.6700,1169.3160,1119.8440,0.3943,1155.3253,0.7172,PHASE_2_DRIVING,94.80,-19.47,534.7,89.1,460.93,573,2000
5979,12:16:17.414,ROI,160,160,288,288,11.41,12.40,0.0,31.5,80.63,572.80,543.28,109.30,139.54,0.9204,5.3000,99.1900,0.0000,0.0000,0.6026,0,99.1900,1173.3367,1117.7274,0.5945,1152.6041,0.6272,PHASE_2_DRIVING,94.80,-22.19,534.7,89.1,455.78,576,2000
5980,12:16:17.463,ROI,160,160,288,288,10.83,12.06,0.0,32.375,82.92,571.78,542.19,105.89,133.58,0.9275,13.3200,89.6400,0.0000,0.0000,0.7763,0,89.6400,1174.6751,1117.2079,0.8232,1148.7273,0.5485,PHASE_2_DRIVING,94.68,-25.95,534.7,89.1,454.61,396,2000
5981,12:16:17.526,ROI,160,160,288,288,9.00,9.95,0.0,39.25,100.49,574.56,537.54,107.82,134.60,0.8871,7.8600,-98.6800,0.0000,0.0000,0.6620,0,-98.6800,1211.1566,1117.9336,1.1231,1161.8434,0.4710,PHASE_2_DRIVING,95.08,-13.24,534.7,89.1,450.20,2000,1216
5982,12:16:17.575,ROI,160,160,288,288,10.11,10.98,0.0,0.0,91.07,575.35,535.83,102.47,129.33,0.9132,11.1200,92.7700,0.0000,0.0000,0.7443,0,92.7700,1209.7044,1119.6457,1.4085,1157.0378,0.4152,PHASE_2_DRIVING,95.20,-18.16,534.7,89.1,448.58,564,2000
5983,12:16:17.703,ROI,160,160,288,288,12.19,12.99,0.0,30.075,76.96,574.53,533.56,100.89,130.64,0.9506,13.2900,95.5100,0.0000,0.0000,0.7655,0,95.5100,1208.2080,1123.2883,1.6264,1155.6212,0.3807,PHASE_2_DRIVING,95.12,-19.50,534.7,89.1,446.24,771,2000
5984,12:16:17.751,ROI,160,160,288,288,11.96,12.74,0.0,0.0,78.47,574.59,527.60,103.30,131.45,0.8925,17.3600,95.5600,0.0000,0.0000,0.8235,0,95.5600,1206.4727,1129.8340,1.9320,1155.9726,0.3411,PHASE_2_DRIVING,95.20,-19.23,534.7,89.1,440.31,912,2000
5985,12:16:17.814,ROI,160,160,288,288,12.11,12.94,0.0,0.0,77.26,572.63,525.69,101.70,127.55,0.9341,14.1400,95.8400,0.0000,0.0000,0.8060,0,95.8400,1204.0511,1139.7516,2.1670,1160.0545,0.3158,PHASE_2_DRIVING,94.97,-14.91,534.7,89.1,438.23,1554,2000
5986,12:16:17.880,ROI,160,160,256,256,10.82,11.64,0.0,0.0,85.94,572.05,521.59,98.08,130.82,0.9065,13.7400,102.0800,0.0000,0.0000,0.8948,0,102.0800,1202.7489,1152.7768,2.4303,1167.3448,0.2915,PHASE_2_DRIVING,94.94,-7.59,534.7,89.1,434.10,2000,1506
5987,12:16:17.928,ROI,160,160,288,288,17.07,18.36,0.0,21.275,54.47,571.71,521.54,97.96,121.73,0.9244,11.5200,97.8000,0.0000,0.0000,0.7295,0,97.8000,1200.1094,1151.7528,2.5626,1165.3262,0.2807,PHASE_2_DRIVING,94.89,-9.57,534.7,89.1,434.02,1149,2000
5988,12:16:17.990,ROI,160,160,256,256,16.35,17.64,0.0,22.15,56.68,571.48,519.10,99.86,128.80,0.9272,12.0400,105.2700,0.0000,0.0000,0.9020,0,105.2700,1198.8155,1153.8158,2.6475,1166.1528,0.2742,PHASE_2_DRIVING,94.89,-8.74,534.7,89.1,431.57,1504,2000
5989,12:16:18.101,ROI,160,160,288,288,10.47,11.32,0.0,0.0,88.33,569.25,513.06,100.26,123.79,0.8710,13.4800,105.8400,0.0000,0.0000,0.8466,0,105.8400,1197.3080,1158.3571,2.7793,1168.6635,0.2646,PHASE_2_DRIVING,94.66,-6.00,534.7,89.1,425.37,1959,2000
5990,12:16:18.165,ROI,160,160,256,256,10.70,11.58,0.0,33.75,86.37,565.82,506.50,104.46,126.37,0.8443,13.7700,107.0500,0.0000,0.0000,0.8624,0,107.0500,1195.6644,1164.1011,2.9226,1172.1477,0.2549,PHASE_2_DRIVING,94.26,-2.12,534.7,89.1,418.56,2000,1594
5991,12:16:18.231,ROI,160,160,256,256,12.19,13.07,7.2,0.0,76.53,565.96,506.77,105.23,127.34,0.9851,11.7500,107.2500,0.0000,0.0000,0.8453,0,107.2500,1193.4873,1170.1758,3.0402,1175.9457,0.2475,PHASE_2_DRIVING,94.28,1.67,534.7,89.1,418.84,2000,1377
5992,12:16:18.279,ROI,160,160,256,256,11.08,11.89,0.0,0.0,84.07,564.55,501.63,106.32,126.93,0.8990,12.4600,109.1600,0.0000,0.0000,0.7944,0,109.1600,1191.1827,1176.5287,3.1405,1180.0679,0.2415,PHASE_2_DRIVING,94.14,5.93,534.7,89.1,413.61,2000,1103
5993,12:16:18.342,ROI,160,160,256,256,10.44,11.53,0.0,0.0,86.76,561.47,498.44,110.53,123.58,0.8995,10.1900,109.6900,0.0000,0.0000,0.7422,0,109.6900,1188.8731,1185.8567,3.2462,1186.5671,0.2355,PHASE_2_DRIVING,93.74,12.83,534.7,89.1,410.21,2000,610
5994,12:16:18.406,ROI,160,160,256,256,10.67,11.44,0.0,0.0,87.42,559.91,492.80,110.72,122.35,0.8880,9.2200,110.6900,0.0000,0.0000,0.7093,0,110.6900,1186.7773,1184.6116,3.3731,1185.1068,0.2287,PHASE_2_DRIVING,93.57,11.53,534.7,89.1,404.49,2000,1393
5995,12:16:18.454,ROI,160,160,256,256,11.34,12.46,10.675,0.0,80.26,558.20,491.15,112.61,127.98,0.9274,9.1800,108.5000,0.0000,0.0000,0.7559,0,108.5000,1184.5959,1185.8295,3.4598,1185.5529,0.2242,PHASE_2_DRIVING,93.35,12.21,534.7,89.1,402.74,2000,1147
5996,12:16:18.581,ROI,160,160,256,256,10.96,11.75,0.0,0.0,85.10,556.88,486.76,111.39,128.18,0.9127,10.3700,108.0500,0.0000,0.0000,0.7911,0,108.0500,1181.8882,1187.6310,3.5384,1186.3657,0.2203,PHASE_2_DRIVING,93.19,13.17,534.7,89.1,398.28,2000,1072
5997,12:16:18.629,ROI,160,160,288,288,9.11,9.93,10.825,0.0,100.71,556.22,484.22,104.17,125.10,0.8988,12.8000,104.6500,0.0000,0.0000,0.8121,0,104.6500,1179.2200,1189.9959,3.6343,1187.6706,0.2158,PHASE_2_DRIVING,93.12,14.55,534.7,89.1,395.70,2000,971
5998,12:16:18.694,ROI,160,160,256,256,9.01,10.21,0.0,0.0,97.95,554.88,481.50,106.34,123.95,0.9339,10.6900,106.0100,0.0000,0.0000,0.7585,0,106.0100,1175.6732,1192.5629,3.6870,1188.9594,0.2134,PHASE_2_DRIVING,92.94,16.02,534.7,89.1,392.92,2000,901
5999,12:16:18.758,ROI,160,160,256,256,10.18,11.32,7.3,34.5,88.36,554.54,479.00,106.06,124.37,0.9545,12.4000,105.0700,0.0000,0.0000,0.8272,0,105.0700,1190.7224,1194.7276,3.7219,1193.8794,0.2118,PHASE_2_DRIVING,92.91,20.97,534.7,89.1,390.40,2000,473
6000,12:16:18.807,ROI,160,160,256,256,9.71,10.58,0.0,36.975,94.54,553.55,474.62,104.69,127.41,0.9160,13.1500,104.8900,0.0000,0.0000,0.8514,0,104.8900,1189.7482,1196.3433,3.7328,1194.9498,0.2113,PHASE_2_DRIVING,92.80,22.15,534.7,89.1,385.98,2000,684
6001,12:16:18.870,ROI,160,160,256,256,11.81,12.67,0.0,0.0,78.90,553.08,472.18,103.06,123.94,0.9470,13.9000,102.6000,0.0000,0.0000,0.8502,0,102.6000,1188.3971,1197.4688,3.6999,1195.5386,0.2128,PHASE_2_DRIVING,92.75,22.79,534.7,89.1,383.52,2000,700
6002,12:16:18.934,ROI,160,160,256,256,12.99,13.78,7.55,28.35,72.56,552.01,469.33,102.27,126.02,0.9362,14.2700,99.8700,0.0000,0.0000,0.8367,0,99.8700,1186.3684,1198.1026,3.6943,1195.6029,0.2130,PHASE_2_DRIVING,92.61,23.00,534.7,89.1,380.62,2000,725
6003,12:16:18.982,ROI,160,160,256,256,11.38,12.14,0.0,0.0,82.35,552.37,466.98,103.81,126.26,0.9495,14.8500,97.6400,0.0000,0.0000,0.8313,0,97.6400,1183.8387,1198.2946,3.6449,1195.1824,0.2153,PHASE_2_DRIVING,92.68,22.51,534.7,89.1,378.30,2000,796
6004,12:16:19.110,ROI,160,160,256,256,10.40,11.64,3.375,0.0,85.94,551.52,463.10,102.53,124.29,0.9250,14.0300,97.1800,0.0000,0.0000,0.8604,0,97.1800,1181.8767,1198.0256,3.6157,1194.5269,0.2167,PHASE_2_DRIVING,92.58,21.95,534.7,89.1,374.38,2000,823
6005,12:16:19.158,ROI,160,160,256,256,14.48,15.81,10.675,0.0,63.24,551.30,459.56,100.42,124.78,0.9258,11.9100,95.8600,0.0000,0.0000,0.8011,0,95.8600,1179.2549,1197.2330,3.5223,1193.2575,0.2211,PHASE_2_DRIVING,92.57,20.69,534.7,89.1,370.83,2000,934
6006,12:16:19.223,ROI,160,160,256,256,14.58,16.10,8.075,0.0,62.10,550.78,457.19,100.30,122.90,0.9526,13.4800,93.5600,0.0000,0.0000,0.8433,0,93.5600,1177.0263,1195.9351,3.3847,1191.6226,0.2281,PHASE_2_DRIVING,92.50,19.12,534.7,89.1,368.44,2000,1031
6007,12:16:19.270,ROI,160,160,256,256,11.81,12.91,0.0,30.25,77.44,550.96,453.70,100.56,124.67,0.9418,13.9500,93.1000,0.0000,0.0000,0.8554,0,93.1000,1174.9724,1194.1788,3.2980,1189.7101,0.2327,PHASE_2_DRIVING,92.55,17.16,534.7,89.1,364.97,2000,1163
6008,12:16:19.334,ROI,160,160,256,256,12.81,13.65,0.0,28.625,73.27,550.56,453.21,98.14,125.84,0.9671,10.9600,94.4200,0.0000,0.0000,0.7718,0,94.4200,1173.5466,1192.2544,3.2380,1187.8401,0.2360,PHASE_2_DRIVING,92.49,15.35,534.7,89.1,364.45,2000,1240
6009,12:16:19.398,ROI,160,160,256,256,10.18,11.20,0.0,34.9,89.26,550.54,446.84,97.18,124.90,0.8949,13.8100,90.3300,0.0000,0.0000,0.8944,0,90.3300,1171.5275,1190.0642,3.1683,1185.6171,0.2399,PHASE_2_DRIVING,92.54,13.08,534.7,89.1,358.09,2000,1416
6010,12:16:19.445,ROI,160,160,256,256,10.85,12.01,0.0,32.525,83.23,550.27,446.56,96.50,121.65,0.9671,8.2400,92.3300,0.0000,0.0000,0.7068,0,92.3300,1170.4268,1187.6494,3.0846,1183.4328,0.2448,PHASE_2_DRIVING,92.49,10.94,534.7,89.1,357.80,2000,1530
6011,12:16:19.575,ROI,160,160,256,256,9.28,10.05,0.0,0.0,99.50,551.18,438.11,96.02,124.48,0.8562,14.5100,87.6900,0.0000,0.0000,0.8638,0,87.6900,1168.7305,1185.0693,3.1026,1181.0868,0.2437,PHASE_2_DRIVING,92.70,8.38,534.7,89.1,349.40,2000,1754
6012,12:16:19.621,ROI,160,160,256,256,9.27,10.07,10.7,0.0,99.35,550.47,436.16,98.21,121.95,0.9477,15.6000,84.6500,0.0000,0.0000,0.7753,0,84.6500,1166.9091,1182.5028,3.1473,1178.7429,0.2411,PHASE_2_DRIVING,92.60,6.14,534.7,89.1,347.42,2000,1872
6013,12:16:19.686,ROI,160,160,256,256,11.04,11.80,0.0,0.0,84.74,552.45,432.48,94.58,121.22,0.9044,13.1000,85.4400,0.0000,0.0000,0.7354,0,85.4400,1165.4629,1179.8968,3.1725,1176.4375,0.2397,PHASE_2_DRIVING,92.96,3.48,534.7,89.1,343.84,1858,2000
6014,12:16:19.750,ROI,160,160,256,256,11.86,12.66,7.45,30.875,79.01,552.24,428.94,97.33,117.78,0.9170,15.7400,84.3100,0.0000,0.0000,0.8297,0,84.3100,1164.1400,1177.3590,3.2295,1174.2335,0.2364,PHASE_2_DRIVING,92.95,1.28,534.7,89.1,340.30,1765,2000
6015,12:16:19.798,ROI,160,160,256,256,11.78,13.04,0.0,29.95,76.71,553.01,425.36,96.11,116.46,0.9262,14.3800,85.5500,0.0000,0.0000,0.8298,0,85.5500,1163.1096,1174.8883,3.2818,1172.1374,0.2335,PHASE_2_DRIVING,93.12,-0.98,534.7,89.1,336.76,1604,2000
6016,12:16:19.863,ROI,160,160,256,256,10.74,11.55,0.0,0.0,86.55,552.28,424.07,97.66,120.16,0.9538,15.0700,83.6800,0.0000,0.0000,0.7876,0,83.6800,1162.1826,1172.7107,3.2919,1170.2577,0.2330,PHASE_2_DRIVING,93.00,-2.75,534.7,89.1,335.43,1554,2000
6017,12:16:19.927,ROI,160,160,256,256,9.51,10.28,0.0,0.0,97.25,555.18,420.46,96.93,121.46,0.8889,16.6200,81.4600,0.0000,0.0000,0.7988,0,81.4600,1161.0886,1170.5613,3.2971,1168.3569,0.2327,PHASE_2_DRIVING,93.54,-5.18,534.7,89.1,332.00,1331,2000
6018,12:16:19.974,ROI,160,160,256,256,9.56,10.60,10.425,36.875,94.36,553.48,417.97,96.83,123.01,0.9274,17.1600,83.0100,0.0000,0.0000,0.8690,0,83.0100,1160.7060,1168.6128,3.3133,1166.7796,0.2318,PHASE_2_DRIVING,93.27,-6.49,534.7,89.1,329.40,1384,2000
6019,12:16:20.086,ROI,160,160,256,256,9.78,10.55,0.0,37.05,94.82,556.50,409.11,96.21,119.90,0.8149,14.8800,81.2900,0.0000,0.0000,0.8224,0,81.2900,1160.1008,1166.7451,3.4190,1165.2416,0.2263,PHASE_2_DRIVING,93.90,-8.66,534.7,89.1,320.75,1175,2000
6020,12:16:20.150,ROI,160,160,256,256,9.44,10.40,0.0,37.625,96.17,556.74,408.17,94.94,121.73,0.9718,12.5600,80.7100,0.0000,0.0000,0.7316,0,80.7100,1159.4474,1165.0086,3.4681,1163.7639,0.2238,PHASE_2_DRIVING,93.95,-10.19,534.7,89.1,319.83,1162,2000
6021,12:16:20.214,ROI,160,160,256,256,11.70,12.48,7.35,31.3,80.10,556.51,404.27,95.81,121.89,0.9298,12.8000,83.2500,0.0000,0.0000,0.7497,0,83.2500,1159.4023,1163.4460,3.5063,1162.5487,0.2219,PHASE_2_DRIVING,93.96,-11.41,534.7,89.1,315.93,1132,2000
6022,12:16:20.262,ROI,160,160,256,256,11.30,12.09,0.0,0.0,82.71,558.91,402.10,95.07,121.79,0.9184,3.7500,81.5800,0.0000,0.0000,0.3545,0,81.5800,1159.2167,1161.9703,3.5329,1161.3628,0.2206,PHASE_2_DRIVING,94.42,-13.06,534.7,89.1,313.93,1014,2000
6023,12:16:20.326,ROI,160,160,256,256,14.86,16.01,15.05,24.4,62.48,558.77,398.42,95.74,117.57,0.9340,10.8200,81.6400,0.0000,0.0000,0.6827,0,81.6400,1159.1704,1160.6515,3.5666,1160.3271,0.2190,PHASE_2_DRIVING,94.45,-14.12,534.7,89.1,310.25,1019,2000
6024,12:16:20.391,ROI,160,160,256,256,18.28,19.81,0.0,0.0,50.48,558.91,397.71,94.32,118.64,0.9736,8.0500,81.1500,0.0000,0.0000,0.5855,0,81.1500,1159.0177,1159.5006,3.5312,1159.3940,0.2207,PHASE_2_DRIVING,94.49,-15.09,534.7,89.1,309.56,984,2000
6025,12:16:20.501,ROI,160,160,256,256,10.82,11.57,0.0,0.0,86.44,559.70,392.63,94.38,119.22,0.9035,8.2400,87.7100,0.0000,0.0000,0.6893,0,87.7100,1160.3743,1158.4790,3.5309,1158.8973,0.2207,PHASE_2_DRIVING,94.71,-15.81,534.7,89.1,304.56,974,2000
6026,12:16:20.565,ROI,160,160,256,256,10.70,11.49,0.0,0.0,87.01,560.36,390.08,94.78,117.22,0.9447,7.9300,87.5100,0.0000,0.0000,0.7382,0,87.5100,1161.9312,1157.6249,3.4583,1158.5908,0.2243,PHASE_2_DRIVING,94.87,-16.28,534.7,89.1,302.07,975,2000
6027,12:16:20.614,ROI,160,160,256,256,11.14,11.97,0.0,0.0,83.57,560.61,388.18,95.68,115.94,0.9590,11.5100,88.7800,0.0000,0.0000,0.7952,0,88.7800,1163.4148,1156.9269,3.4106,1158.3979,0.2267,PHASE_2_DRIVING,94.95,-16.55,534.7,89.1,300.20,981,2000
6028,12:16:20.677,ROI,160,160,256,256,9.55,10.48,0.0,0.0,95.37,559.38,386.22,96.88,115.78,0.9428,12.4200,88.9100,0.0000,0.0000,0.8109,0,88.9100,1165.1744,1156.4658,3.2741,1158.5034,0.2340,PHASE_2_DRIVING,94.75,-16.24,534.7,89.1,298.15,1048,2000
6029,12:16:20.725,ROI,160,160,256,256,10.24,11.36,0.0,34.4,88.04,559.00,384.50,98.38,115.86,0.9560,12.8200,91.7100,0.0000,0.0000,0.8585,0,91.7100,1167.0516,1156.2711,3.2063,1158.8341,0.2377,PHASE_2_DRIVING,94.70,-15.87,534.7,89.1,296.39,1071,2000
6030,12:16:20.792,ROI,160,160,256,256,10.25,11.05,0.0,35.375,90.53,559.54,382.14,97.23,114.53,0.9489,12.0200,91.9600,0.0000,0.0000,0.8262,0,91.9600,1168.5717,1156.4009,3.1046,1159.3661,0.2436,PHASE_2_DRIVING,94.85,-15.48,534.7,89.1,294.10,1091,2000
6031,12:16:20.901,ROI,160,160,256,256,13.73,14.69,3.95,26.575,68.07,557.50,377.66,96.59,115.01,0.8880,10.6200,95.3400,0.0000,0.0000,0.7344,0,95.3400,1170.7431,1156.8763,3.0399,1160.3088,0.2475,PHASE_2_DRIVING,94.52,-14.21,534.7,89.1,289.46,1243,2000
6032,12:16:20.966,ROI,160,160,256,256,13.09,13.89,0.0,0.0,72.02,556.49,374.54,96.02,112.72,0.9274,10.6000,95.5500,0.0000,0.0000,0.7256,0,95.5500,1172.6582,1157.8184,2.9838,1161.5434,0.2510,PHASE_2_DRIVING,94.37,-12.82,534.7,89.1,286.27,1331,2000
6033,12:16:21.029,ROI,160,160,256,256,10.20,10.99,0.0,0.0,90.97,556.26,371.57,93.78,113.09,0.9272,12.6900,99.3700,0.0000,0.0000,0.7726,0,99.3700,1175.2958,1159.1617,2.9414,1163.2552,0.2537,PHASE_2_DRIVING,94.36,-11.11,534.7,89.1,283.29,1467,2000
6034,12:16:21.079,ROI,160,160,256,256,10.01,11.19,0.0,0.0,89.36,555.87,368.30,95.41,110.30,0.9276,6.5300,97.9200,0.0000,0.0000,0.5140,0,97.9200,1177.1864,1161.0307,2.8732,1165.2019,0.2582,PHASE_2_DRIVING,94.34,-9.13,534.7,89.1,280.00,1624,2000
6035,12:16:21.143,ROI,160,160,224,224,17.61,18.92,7.475,20.65,52.85,554.50,365.54,96.47,112.42,0.9253,11.5700,101.4400,0.0000,0.0000,0.8639,0,101.4400,1179.3010,1163.1846,2.8147,1167.4094,0.2621,PHASE_2_DRIVING,94.10,-6.69,534.7,89.1,277.14,1862,2000
6036,12:16:21.206,ROI,160,160,256,256,9.53,10.32,0.0,0.0,96.87,553.57,362.90,95.30,112.00,0.9363,13.2600,101.3200,0.0000,0.0000,0.8065,0,101.3200,1181.2127,1165.8779,2.7447,1169.9730,0.2670,PHASE_2_DRIVING,93.94,-3.97,534.7,89.1,274.45,2000,1886
6037,12:16:21.253,ROI,160,160,224,224,11.44,12.26,0.0,0.0,81.55,554.43,360.53,93.30,109.58,0.9381,11.8800,104.1800,0.0000,0.0000,0.8017,0,104.1800,1183.1974,1168.6321,2.7774,1172.4881,0.2647,PHASE_2_DRIVING,94.16,-1.67,534.7,89.1,272.15,2000,1778
6038,12:16:21.365,ROI,160,160,224,224,9.77,10.56,0.0,37.0,94.72,551.19,355.56,94.53,109.00,0.8546,12.3000,104.1800,0.0000,0.0000,0.8825,0,104.1800,1184.7161,1171.6221,2.8237,1175.0466,0.2615,PHASE_2_DRIVING,93.54,1.51,534.7,89.1,266.97,2000,1457
6039,12:16:21.430,ROI,160,160,224,224,9.70,10.46,0.0,37.35,95.63,550.93,354.17,93.84,105.20,0.9581,4.8200,101.0600,0.0000,0.0000,0.5028,0,101.0600,1185.4667,1174.7712,2.8673,1177.5368,0.2586,PHASE_2_DRIVING,93.50,4.03,534.7,89.1,265.57,2000,1385
6040,12:16:21.495,ROI,160,160,224,224,10.47,11.67,7.175,0.0,85.72,548.47,349.67,92.62,107.53,0.8736,11.6300,103.8200,0.0000,0.0000,0.8978,0,103.8200,1186.2842,1177.8928,2.9306,1180.0277,0.2544,PHASE_2_DRIVING,93.03,7.00,534.7,89.1,260.94,2000,1178
6041,12:16:21.544,ROI,160,160,224,224,24.32,25.69,0.0,15.2,38.93,548.67,345.75,93.18,108.16,0.9244,11.2500,104.2000,0.0000,0.0000,0.9064,0,104.2000,1186.7960,1180.8378,3.0238,1182.3186,0.2485,PHASE_2_DRIVING,93.12,9.20,534.7,89.1,257.03,2000,1144
6042,12:16:21.606,ROI,160,160,224,224,14.81,16.10,0.0,24.275,62.12,547.79,342.84,92.72,105.15,0.9295,12.7600,104.2900,0.0000,0.0000,0.8961,0,104.2900,1186.8759,1183.5833,3.0742,1184.3914,0.2454,PHASE_2_DRIVING,92.95,11.44,534.7,89.1,254.08,2000,1034
6043,12:16:21.669,ROI,160,160,224,224,13.01,13.98,8.225,0.0,71.54,547.03,340.50,92.81,105.20,0.9412,11.2700,102.1500,0.0000,0.0000,0.8740,0,102.1500,1186.8408,1185.9721,3.1458,1186.1816,0.2412,PHASE_2_DRIVING,92.81,13.37,534.7,89.1,251.70,2000,974
6044,12:16:21.719,ROI,160,160,224,224,13.22,14.23,0.0,27.475,70.26,545.14,338.54,87.95,102.69,0.9129,13.4200,103.0600,0.0000,0.0000,0.8895,0,103.0600,1186.7163,1187.9756,3.1939,1187.6753,0.2384,PHASE_2_DRIVING,92.40,15.28,534.7,89.1,249.66,2000,895
6045,12:16:21.845,ROI,160,160,224,224,9.24,9.99,0.0,0.0,100.10,543.45,333.93,89.00,103.78,0.8814,13.9400,101.9900,0.0000,0.0000,0.8938,0,101.9900,1186.2412,1189.5650,3.2520,1188.7833,0.2352,PHASE_2_DRIVING,92.05,16.74,534.7,89.1,244.98,2000,871
6046,12:16:21.893,ROI,160,160,224,224,9.11,9.85,10.225,0.0,101.47,543.94,333.07,88.70,101.15,0.9640,14.5200,98.6500,0.0000,0.0000,0.8522,0,98.6500,1184.8651,1190.7725,3.2485,1189.3820,0.2354,PHASE_2_DRIVING,92.17,17.21,534.7,89.1,244.14,2000,934
6047,12:16:21.959,ROI,160,160,224,224,9.62,10.39,0.0,0.0,96.22,542.10,329.26,87.51,100.65,0.8907,15.5900,98.6500,0.0000,0.0000,0.8728,0,98.6500,1183.6292,1191.6704,3.2389,1189.7734,0.2359,PHASE_2_DRIVING,91.77,18.01,534.7,89.1,240.28,2000,874
6048,12:16:22.007,ROI,160,160,224,224,11.10,12.04,0.0,32.45,83.04,542.08,328.10,88.79,100.44,0.9634,13.2000,97.8200,0.0000,0.0000,0.8403,0,97.8200,1182.1295,1192.1867,3.1704,1189.7751,0.2398,PHASE_2_DRIVING,91.77,18.01,534.7,89.1,239.12,2000,941
6049,12:16:22.069,ROI,160,160,224,224,11.59,12.41,0.0,31.475,80.56,541.96,326.28,89.78,101.16,0.9539,13.6800,97.4700,0.0000,0.0000,0.8663,0,97.4700,1180.8309,1192.3978,3.1118,1189.5847,0.2432,PHASE_2_DRIVING,91.75,17.83,534.7,89.1,237.29,2000,964
6050,12:16:22.134,ROI,160,160,224,224,11.55,12.47,0.0,31.325,80.21,540.86,322.44,89.15,102.19,0.9057,11.9200,96.5900,0.0000,0.0000,0.8416,0,96.5900,1179.3382,1192.3984,3.0769,1189.1950,0.2453,PHASE_2_DRIVING,91.51,17.68,534.7,89.1,233.43,2000,968
6051,12:16:22.181,ROI,160,160,224,224,10.58,11.43,0.0,34.2,87.51,540.94,321.17,89.67,102.45,0.9699,10.1200,95.6400,0.0000,0.0000,0.7995,0,95.6400,1178.0572,1192.1507,3.0071,1188.6336,0.2496,PHASE_2_DRIVING,91.54,17.09,534.7,89.1,232.16,2000,1034
6052,12:16:22.311,ROI,160,160,224,224,9.89,10.67,0.0,0.0,93.69,539.90,317.67,88.09,102.37,0.9130,10.7700,91.7800,0.0000,0.0000,0.7900,0,91.7800,1175.8905,1191.7061,2.9562,1187.7084,0.2528,PHASE_2_DRIVING,91.30,16.40,534.7,89.1,228.63,2000,1076
6053,12:16:22.359,ROI,160,160,224,224,9.82,10.87,10.55,0.0,91.97,540.19,315.75,88.91,102.42,0.9545,12.4400,90.6500,0.0000,0.0000,0.8300,0,90.6500,1173.9913,1191.0468,2.8860,1186.6579,0.2573,PHASE_2_DRIVING,91.39,15.27,534.7,89.1,226.72,2000,1175
6054,12:16:22.421,ROI,160,160,224,224,10.72,11.59,7.65,0.0,86.29,539.85,315.13,86.84,98.35,0.9378,10.0300,87.3500,0.0000,0.0000,0.8043,0,87.3500,1171.5926,1190.3653,2.7762,1185.3940,0.2648,PHASE_2_DRIVING,91.30,14.09,534.7,89.1,226.08,2000,1240
6055,12:16:22.485,ROI,160,160,224,224,10.11,10.91,0.0,0.0,91.68,540.48,312.89,86.34,100.41,0.9423,15.4500,87.5900,0.0000,0.0000,0.8327,0,87.5900,1169.8060,1189.3161,2.6387,1183.9543,0.2748,PHASE_2_DRIVING,91.48,12.47,534.7,89.1,223.86,2000,1376
6056,12:16:22.535,ROI,160,160,224,224,11.82,12.60,10.075,31.0,79.34,540.90,311.30,85.36,99.22,0.9578,13.7400,83.3800,0.0000,0.0000,0.7863,0,83.3800,1167.4487,1188.1170,2.5361,1182.2721,0.2828,PHASE_2_DRIVING,91.60,10.67,534.7,89.1,222.29,2000,1504
6057,12:16:22.597,ROI,160,160,224,224,13.20,14.36,0.0,0.0,69.64,541.16,309.32,87.46,102.73,0.9385,16.2600,81.2500,0.0000,0.0000,0.7825,0,81.2500,1164.6736,1186.7338,2.4016,1180.2484,0.2940,PHASE_2_DRIVING,91.68,8.57,534.7,89.1,220.31,2000,1680
6058,12:16:22.647,ROI,160,160,224,224,13.03,13.93,0.0,28.05,71.80,542.54,307.25,87.64,99.79,0.9308,16.1400,80.8700,0.0000,0.0000,0.8203,0,80.8700,1162.4750,1185.1376,2.3014,1178.2730,0.3029,PHASE_2_DRIVING,92.06,6.21,534.7,89.1,218.29,2000,1883
6059,12:16:22.775,ROI,160,160,224,224,14.21,15.36,0.0,25.45,65.12,541.69,301.08,85.51,98.81,0.8627,16.8600,77.4500,0.0000,0.0000,0.8771,0,77.4500,1160.0213,1183.2109,2.3005,1176.1848,0.3030,PHASE_2_DRIVING,91.89,4.30,534.7,89.1,212.09,2000,1964
6060,12:16:22.822,ROI,160,160,224,224,12.19,13.07,0.0,29.9,76.52,543.35,301.32,87.96,99.47,0.9561,20.3800,75.5700,0.0000,0.0000,0.8676,0,75.5700,1157.6620,1180.9039,2.2622,1173.7792,0.3065,PHASE_2_DRIVING,92.33,1.44,534.7,89.1,212.40,1686,2000
6061,12:16:22.886,ROI,160,160,224,224,12.97,13.78,0.0,28.35,72.56,544.18,296.95,86.28,99.69,0.8992,18.3100,77.6000,0.0000,0.0000,0.8976,0,77.6000,1155.9844,1178.1540,2.2670,1171.3682,0.3061,PHASE_2_DRIVING,92.61,-1.24,534.7,89.1,208.07,1533,2000
6062,12:16:22.950,ROI,160,160,224,224,11.04,11.79,0.0,0.0,84.79,544.14,295.34,87.56,99.78,0.9543,18.7700,76.2500,0.0000,0.0000,0.8711,0,76.2500,1154.5622,1175.1983,2.2559,1168.8602,0.3071,PHASE_2_DRIVING,92.62,-3.76,534.7,89.1,206.46,1402,2000
6063,12:16:22.998,ROI,160,160,224,224,12.15,13.03,0.0,0.0,76.75,545.11,291.85,85.68,98.24,0.9118,16.5100,77.3700,0.0000,0.0000,0.9011,0,77.3700,1153.7208,1172.1599,2.3110,1166.5909,0.3020,PHASE_2_DRIVING,92.94,-6.35,534.7,89.1,203.02,1251,2000
6064,12:16:23.062,ROI,160,160,224,224,11.24,12.43,7.675,0.0,80.47,545.14,290.33,87.16,100.30,0.9534,18.5900,74.4300,0.0000,0.0000,0.8713,0,74.4300,1152.3384,1169.0477,2.3267,1164.0249,0.3006,PHASE_2_DRIVING,92.97,-8.95,534.7,89.1,201.50,1118,2000
6065,12:16:23.111,ROI,160,160,224,224,9.82,10.80,0.0,0.0,92.58,546.29,286.92,84.60,99.89,0.9075,18.3500,76.6700,0.0000,0.0000,0.8864,0,76.6700,1151.8394,1166.0565,2.3896,1161.8622,0.2950,PHASE_2_DRIVING,93.35,-11.49,534.7,89.1,198.16,1004,2000
6066,12:16:23.238,ROI,160,160,224,224,9.57,10.57,0.0,0.0,94.57,546.39,282.40,83.94,100.87,0.9071,18.1700,78.4800,0.0000,0.0000,0.8903,0,78.4800,1152.0042,1163.2341,2.4679,1159.9959,0.2884,PHASE_2_DRIVING,93.46,-13.47,534.7,89.1,193.66,967,2000
6067,12:16:23.286,ROI,160,160,224,224,9.40,10.29,0.0,0.0,97.14,546.83,281.20,85.46,101.43,0.9594,18.5100,77.4100,0.0000,0.0000,0.8618,0,77.4100,1152.2505,1160.6204,2.5099,1158.2357,0.2849,PHASE_2_DRIVING,93.61,-15.38,534.7,89.1,192.48,890,2000
6068,12:16:23.349,ROI,160,160,224,224,12.40,13.19,0.0,0.0,75.81,547.25,280.05,84.27,99.97,0.9638,17.5500,78.3000,0.0000,0.0000,0.8536,0,78.3000,1152.9330,1158.3634,2.5511,1156.8342,0.2816,PHASE_2_DRIVING,93.76,-16.92,534.7,89.1,191.36,856,2000
6069,12:16:23.414,ROI,160,160,224,224,10.38,11.32,7.475,34.525,88.34,548.05,277.07,84.69,100.32,0.9250,17.6100,82.9900,0.0000,0.0000,0.8483,0,82.9900,1154.7909,1156.4255,2.5830,1155.9693,0.2791,PHASE_2_DRIVING,94.06,-18.09,534.7,89.1,188.45,840,2000
6070,12:16:23.461,ROI,160,160,224,224,10.62,12.00,0.0,32.55,83.31,549.09,276.85,86.35,99.89,0.9716,17.8700,80.0800,0.0000,0.0000,0.8394,0,80.0800,1155.8461,1154.8524,2.5940,1155.1289,0.2782,PHASE_2_DRIVING,94.38,-19.25,534.7,89.1,188.30,794,2000
6071,12:16:23.527,ROI,160,160,224,224,9.35,10.11,0.0,0.0,98.94,548.47,273.79,87.07,102.55,0.9282,14.9900,83.9400,0.0000,0.0000,0.8091,0,83.9400,1157.7712,1153.7474,2.6069,1154.8629,0.2772,PHASE_2_DRIVING,94.26,-19.40,534.7,89.1,185.20,870,2000
6072,12:16:23.590,ROI,160,160,224,224,10.56,11.34,0.0,0.0,88.22,548.38,272.37,87.11,101.84,0.9706,14.2900,84.3200,0.0000,0.0000,0.8118,0,84.3200,1159.5250,1153.1801,2.5662,1154.9593,0.2804,PHASE_2_DRIVING,94.27,-19.31,534.7,89.1,183.78,893,2000
6073,12:16:23.703,ROI,160,160,224,224,13.21,14.16,3.85,27.6,70.61,548.60,269.02,87.89,103.56,0.9286,11.6300,88.2600,0.0000,0.0000,0.7870,0,88.2600,1162.1651,1153.0329,2.5396,1155.6129,0.2825,PHASE_2_DRIVING,94.42,-18.81,534.7,89.1,180.45,950,2000
6074,12:16:23.750,ROI,160,160,224,224,10.52,11.34,0.0,0.0,88.15,548.91,267.36,88.03,101.71,0.9616,9.0800,89.7500,0.0000,0.0000,0.7554,0,89.7500,1164.6307,1153.2941,2.4827,1156.5492,0.2871,PHASE_2_DRIVING,94.56,-18.01,534.7,89.1,178.83,1011,2000
6075,12:16:23.813,ROI,160,160,224,224,10.67,11.61,7.475,0.0,86.12,548.29,265.57,89.04,98.97,0.9520,7.0600,89.8500,0.0000,0.0000,0.6813,0,89.8500,1166.7683,1153.9787,2.4018,1157.7384,0.2940,PHASE_2_DRIVING,94.40,-16.67,534.7,89.1,176.99,1126,2000
6076,12:16:23.878,ROI,160,160,224,224,18.07,19.04,7.325,0.0,52.52,548.56,263.73,88.97,101.36,0.9582,11.0500,93.3500,0.0000,0.0000,0.7673,0,93.3500,1169.4292,1154.9276,2.3071,1159.3127,0.3024,PHASE_2_DRIVING,94.54,-15.23,534.7,89.1,175.18,1208,2000
6077,12:16:23.928,ROI,160,160,224,224,16.81,17.99,0.0,0.0,55.57,548.87,261.18,87.54,98.98,0.9354,9.5800,93.1300,0.0000,0.0000,0.7274,0,93.1300,1171.4461,1156.2269,2.2839,1160.8614,0.3045,PHASE_2_DRIVING,94.71,-13.85,534.7,89.1,172.66,1274,2000
6078,12:16:23.989,ROI,160,160,224,224,17.03,18.18,0.0,21.5,55.01,548.66,260.30,87.86,97.71,0.9776,10.1200,94.9100,0.0000,0.0000,0.7555,0,94.9100,1173.3433,1157.6316,2.1926,1162.5529,0.3132,PHASE_2_DRIVING,94.66,-12.11,534.7,89.1,171.77,1411,2000
6079,12:16:24.103,ROI,160,160,224,224,11.69,12.50,4.1,31.25,80.00,547.15,254.67,86.70,92.41,0.8592,9.7400,99.6800,0.0000,0.0000,0.7137,0,99.6800,1176.1032,1159.2252,2.1987,1164.5017,0.3126,PHASE_2_DRIVING,94.30,-9.80,534.7,89.1,166.03,1625,2000
6080,12:16:24.166,ROI,160,160,192,192,10.21,11.05,7.725,35.35,90.49,544.30,252.00,86.52,91.92,0.8852,6.5700,99.5200,0.0000,0.0000,0.6467,0,99.5200,1178.2929,1161.3060,2.1944,1166.6237,0.3130,PHASE_2_DRIVING,93.37,-6.75,534.7,89.1,163.18,1948,2000
6081,12:16:24.234,ROI,160,160,192,192,20.04,22.46,13.775,0.0,44.53,542.87,250.54,87.95,91.61,0.9381,5.3400,103.2700,0.0000,0.0000,0.5213,0,103.2700,1180.9663,1163.8559,2.2013,1169.2007,0.3124,PHASE_2_DRIVING,92.90,-3.70,534.7,89.1,161.65,2000,1816
6082,12:16:24.282,ROI,160,160,192,192,29.06,29.94,30.825,13.05,33.40,0.00,0.00,0.00,0.00,0.0000,0.0000,0.0000,0.0000,0.0000,0.0000,1,0.0000,NaN,NaN,NaN,NaN,NaN,LOST_TRACKING,0.00,0.00,534.7,89.1,0.00,0,0
6083,12:16:24.396,FULL,640,640,0,0,88.06,91.05,4.625,17.15,10.98,542.62,247.67,84.07,89.03,1.0000,5.3600,106.5700,0.0000,0.0000,0.5922,0,106.5700,1185.2059,1168.4388,2.1664,1173.7341,0.3158,PHASE_2_DRIVING,92.86,0.87,534.7,89.1,158.77,2000,1333
6084,12:16:24.497,ROI,160,160,192,192,14.60,15.81,37.725,24.725,63.26,540.79,243.47,86.74,91.62,0.8740,2.0000,103.9700,0.0000,0.0000,0.3275,0,103.9700,1186.5986,1172.1068,2.2586,1176.5541,0.3069,PHASE_2_DRIVING,92.26,4.30,534.7,89.1,154.49,2000,1271
6085,12:16:24.527,ROI,160,160,192,192,12.86,13.27,0.0,29.45,75.36,0.00,0.00,0.00,0.00,0.0000,0.0000,0.0000,0.0000,0.0000,0.0000,1,0.0000,NaN,NaN,NaN,NaN,NaN,LOST_TRACKING,0.00,0.00,534.7,89.1,0.00,0,0
6086,12:16:24.620,FULL,640,640,0,0,143.75,148.40,9.7,23.7,6.74,538.71,237.35,83.47,92.62,1.0000,6.6700,110.5500,0.0000,0.0000,0.6370,0,110.5500,1190.2147,1178.1634,2.4089,1181.6986,0.2933,PHASE_2_DRIVING,91.55,10.15,534.7,89.1,148.30,2000,783
6087,12:16:24.785,ROI,160,160,192,192,17.97,18.67,0.0,41.85,53.57,0.00,0.00,0.00,0.00,0.0000,0.0000,0.0000,0.0000,0.0000,0.0000,1,0.0000,NaN,NaN,NaN,NaN,NaN,LOST_TRACKING,0.00,0.00,534.7,89.1,0.00,0,0
6088,12:16:24.897,FULL,640,640,0,0,84.75,88.83,20.875,35.175,11.26,535.61,230.38,81.74,89.96,1.0000,9.3900,109.1900,0.0000,0.0000,0.7795,0,109.1900,1192.4539,1184.3168,2.6043,1186.5744,0.2774,PHASE_2_DRIVING,90.37,16.20,534.7,89.1,141.28,2000,554
6089,12:16:25.003,ROI,160,160,192,192,17.56,18.87,22.525,41.4,53.00,533.62,228.91,81.78,90.37,0.9226,7.0300,104.5800,0.0000,0.0000,0.5856,0,104.5800,1191.3937,1187.6849,2.7096,1188.6847,0.2696,PHASE_2_DRIVING,89.56,19.13,534.7,89.1,139.81,2000,668
6090,12:16:25.046,ROI,160,160,192,192,13.48,14.10,0.0,0.0,70.93,0.00,0.00,0.00,0.00,0.0000,0.0000,0.0000,0.0000,0.0000,0.0000,1,0.0000,NaN,NaN,NaN,NaN,NaN,LOST_TRACKING,0.00,0.00,534.7,89.1,0.00,0,0
6091,12:16:25.151,FULL,640,640,0,0,123.19,127.60,0.0,48.975,7.84,531.84,226.70,80.35,88.89,1.0000,13.8000,105.0300,0.0000,0.0000,0.8516,0,105.0300,1190.9569,1193.1197,2.7777,1192.5472,0.2647,PHASE_2_DRIVING,88.81,23.74,534.7,89.1,137.63,2000,411
6092,12:16:25.294,ROI,160,160,192,192,20.40,21.86,0.0,17.875,45.76,533.34,225.24,79.79,88.97,0.9327,3.3000,102.2200,0.0000,0.0000,0.3887,0,102.2200,1189.1308,1195.1328,2.7435,1193.5295,0.2671,PHASE_2_DRIVING,89.43,24.10,534.7,89.1,136.15,2000,673
6093,12:16:25.334,ROI,160,160,192,192,25.14,26.47,21.525,44.3,37.79,532.62,224.23,80.47,90.04,0.9603,6.0000,103.1500,0.0000,0.0000,0.5036,0,103.1500,1187.7547,1196.7333,2.6811,1194.2942,0.2717,PHASE_2_DRIVING,89.12,25.18,534.7,89.1,135.15,2000,586
6094,12:16:25.379,ROI,160,160,192,192,20.46,21.94,21.0,17.8,45.59,532.77,223.76,80.05,89.84,0.9844,6.1700,102.2000,0.0000,0.0000,0.5351,0,102.2000,1186.5278,1197.8586,2.5701,1194.6847,0.2801,PHASE_2_DRIVING,89.18,25.51,534.7,89.1,134.67,2000,626
6095,12:16:25.418,ROI,160,160,192,192,22.63,24.30,0.0,32.15,41.15,532.29,223.38,81.66,90.08,0.9722,4.3300,100.0800,0.0000,0.0000,0.4552,0,100.0800,1184.7699,1198.5657,2.4275,1194.5407,0.2918,PHASE_2_DRIVING,88.97,25.57,534.7,89.1,134.31,2000,642
6096,12:16:25.461,ROI,160,160,192,192,17.42,18.77,0.0,20.8,53.28,533.10,223.02,79.88,90.06,0.9705,4.0200,99.6900,0.0000,0.0000,0.4142,0,99.6900,1183.0559,1198.6939,2.2111,1193.8238,0.3114,PHASE_2_DRIVING,89.32,24.51,534.7,89.1,133.93,2000,763
6097,12:16:25.511,ROI,160,160,192,192,21.41,22.53,12.225,17.35,44.39,531.94,222.58,80.80,90.78,0.9621,2.0100,95.3000,0.0000,0.0000,0.3112,0,95.3000,1180.8061,1198.2597,2.0388,1192.5162,0.3291,PHASE_2_DRIVING,88.82,23.70,534.7,89.1,133.51,2000,775
6098,12:16:25.558,ROI,160,160,192,192,16.05,17.35,0.0,22.525,57.64,532.97,222.07,77.92,89.90,0.9536,2.2800,98.6800,0.0000,0.0000,0.3036,0,98.6800,1179.2319,1197.4024,1.8524,1191.0322,0.3506,PHASE_2_DRIVING,89.25,21.78,534.7,89.1,132.98,2000,944
6099,12:16:25.621,ROI,160,160,192,192,14.62,15.07,8.55,0.0,66.34,0.00,0.00,0.00,0.00,0.0000,0.0000,0.0000,0.0000,0.0000,0.0000,1,0.0000,NaN,NaN,NaN,NaN,NaN,LOST_TRACKING,0.00,0.00,534.7,89.1,0.00,0,0
6100,12:16:25.726,FULL,640,640,0,0,106.19,110.63,17.425,31.775,9.04,531.19,221.62,80.19,89.19,1.0000,12.0600,102.5600,0.0000,0.0000,0.8310,0,102.5600,1178.4472,1197.0770,1.5706,1189.8298,0.3890,PHASE_2_DRIVING,88.48,21.35,534.7,89.1,132.57,2000,837
6101,12:16:25.853,ROI,160,160,192,192,24.95,26.33,0.0,0.0,37.98,532.26,220.44,79.61,90.34,0.9484,2.6100,91.0800,0.0000,0.0000,0.3930,0,91.0800,1175.9033,1195.2617,1.2343,1186.5975,0.4476,PHASE_2_DRIVING,88.94,17.66,534.7,89.1,131.36,2000,1317
6102,12:16:25.895,ROI,160,160,192,192,25.30,26.59,49.925,29.375,37.61,531.90,219.15,80.86,90.62,0.9571,7.0400,98.6100,0.0000,0.0000,0.5610,0,98.6100,1175.0826,1192.7944,0.9286,1183.6106,0.5185,PHASE_2_DRIVING,88.77,14.84,534.7,89.1,130.08,2000,1378
6103,12:16:25.938,ROI,160,160,192,192,19.69,20.93,0.0,18.65,47.77,531.78,218.63,79.72,91.98,0.9716,2.7600,94.1800,0.0000,0.0000,0.4082,0,94.1800,1174.2083,1191.6599,0.8963,1182.4570,0.5273,PHASE_2_DRIVING,88.71,13.75,534.7,89.1,129.56,2000,1249
6104,12:16:25.976,ROI,160,160,192,192,16.94,18.19,22.925,21.5,54.97,531.54,217.09,81.23,91.57,0.9493,2.9700,93.4200,0.0000,0.0000,0.3778,0,93.4200,1173.6066,1188.5707,0.7218,1179.8795,0.5808,PHASE_2_DRIVING,88.59,11.29,534.7,89.1,128.03,2000,1547
6105,12:16:26.039,ROI,160,160,192,192,25.34,26.37,8.825,0.0,37.92,531.11,216.23,82.06,92.58,0.9713,4.3000,97.1500,0.0000,0.0000,0.4602,0,97.1500,1173.7425,1186.9799,0.7354,1179.3520,0.5762,PHASE_2_DRIVING,88.38,10.97,534.7,89.1,127.18,2000,1315
6106,12:16:26.087,ROI,160,160,192,192,15.32,16.34,18.025,0.0,61.19,530.92,214.52,82.70,93.58,0.9565,6.8300,97.7300,0.0000,0.0000,0.5634,0,97.7300,1174.4080,1184.1808,0.7258,1178.5181,0.5794,PHASE_2_DRIVING,88.27,10.25,534.7,89.1,125.48,2000,1401
6107,12:16:26.150,ROI,160,160,192,192,11.22,12.06,8.35,32.375,82.89,530.79,213.77,83.15,93.38,0.9788,5.3000,95.1800,0.0000,0.0000,0.5709,0,95.1800,1174.1725,1181.6877,0.7328,1177.3507,0.5771,PHASE_2_DRIVING,88.20,9.15,534.7,89.1,124.73,2000,1512
6108,12:16:26.197,ROI,160,160,192,192,11.05,12.04,11.225,32.45,83.04,530.43,212.57,83.14,92.82,0.9662,5.9800,95.1700,0.0000,0.0000,0.5659,0,95.1700,1173.9484,1180.4895,0.7636,1176.7807,0.5670,PHASE_2_DRIVING,88.02,8.76,534.7,89.1,123.54,2000,1449
6109,12:16:26.262,ROI,160,160,192,192,11.81,12.69,0.0,0.0,78.83,530.01,211.44,82.74,92.69,0.9662,6.6000,95.9300,0.0000,0.0000,0.6062,0,95.9300,1174.1964,1179.5506,0.8002,1176.5763,0.5555,PHASE_2_DRIVING,87.81,8.77,534.7,89.1,122.43,2000,1402
6110,12:16:26.325,ROI,160,160,192,192,10.77,11.68,7.675,0.0,85.59,528.97,208.40,82.26,93.04,0.9139,9.8100,95.5400,0.0000,0.0000,0.7378,0,95.5400,1174.2173,1178.8917,0.8839,1176.4105,0.5308,PHASE_2_DRIVING,87.25,9.16,534.7,89.1,119.43,2000,1337
6111,12:16:26.374,ROI,160,160,192,192,15.56,16.79,10.625,23.275,59.55,529.10,207.66,85.75,89.39,0.9231,4.2500,90.8200,0.0000,0.0000,0.5147,0,90.8200,1173.4964,1178.5725,0.9678,1175.9929,0.5082,PHASE_2_DRIVING,87.30,8.70,534.7,89.1,118.70,2000,1462
6112,12:16:26.502,ROI,160,160,192,192,18.41,19.61,0.0,0.0,50.99,529.74,203.77,81.76,92.56,0.8775,11.3300,94.9900,0.0000,0.0000,0.7747,0,94.9900,1173.7528,1178.2138,1.0926,1176.0820,0.4779,PHASE_2_DRIVING,87.53,8.56,534.7,89.1,114.78,2000,1432
6113,12:16:26.549,ROI,160,160,192,192,12.44,13.26,14.25,29.475,75.39,530.32,200.53,83.54,93.46,0.9132,10.4700,93.0500,0.0000,0.0000,0.7391,0,93.0500,1173.5089,1177.7583,1.2440,1175.8646,0.4456,PHASE_2_DRIVING,87.75,8.12,534.7,89.1,111.51,2000,1494
6114,12:16:26.614,ROI,160,160,192,192,11.71,12.54,0.0,0.0,79.71,529.23,198.63,82.42,90.04,0.9349,6.9200,90.2400,0.0000,0.0000,0.6703,0,90.2400,1172.7703,1177.2223,1.3949,1175.3634,0.4176,PHASE_2_DRIVING,87.14,8.22,534.7,89.1,109.67,2000,1423
6115,12:16:26.678,ROI,160,160,192,192,14.00,15.09,0.0,25.9,66.28,529.29,197.81,83.57,94.91,0.9356,11.4600,91.4600,0.0000,0.0000,0.7566,0,91.4600,1171.8985,1176.7911,1.5274,1174.8552,0.3957,PHASE_2_DRIVING,87.15,7.71,534.7,89.1,108.84,2000,1529
6116,12:16:26.725,ROI,160,160,192,192,10.04,10.88,0.0,0.0,91.90,528.41,193.33,83.78,94.08,0.8915,10.6800,88.7100,0.0000,0.0000,0.7155,0,88.7100,1170.9237,1176.3416,1.7084,1174.3412,0.3692,PHASE_2_DRIVING,86.55,7.79,534.7,89.1,104.42,2000,1450
6117,12:16:26.789,ROI,160,160,192,192,11.77,12.86,0.0,30.375,77.74,528.17,193.52,82.25,90.89,0.9484,9.5500,90.0000,0.0000,0.0000,0.7613,0,90.0000,1170.3831,1175.8895,1.7362,1173.8771,0.3655,PHASE_2_DRIVING,86.42,7.46,534.7,89.1,104.62,2000,1522
6118,12:16:26.902,ROI,160,160,192,192,15.47,16.88,3.9,0.0,59.24,528.07,189.50,81.98,92.39,0.9132,11.2800,88.6700,0.0000,0.0000,0.7466,0,88.6700,1170.1763,1176.0301,1.8473,1173.9742,0.3512,PHASE_2_DRIVING,86.22,7.75,534.7,89.1,100.61,2000,1428
6119,12:16:26.966,ROI,160,160,192,192,13.27,14.22,0.0,0.0,70.33,526.90,187.36,85.01,89.56,0.9213,8.9300,85.4700,0.0000,0.0000,0.7309,0,85.4700,1168.2826,1176.2740,1.9521,1173.5670,0.3387,PHASE_2_DRIVING,85.46,8.11,534.7,89.1,98.57,2000,1400
6120,12:16:27.015,ROI,160,160,192,192,14.17,15.32,11.45,0.0,65.27,526.90,186.60,83.22,86.87,0.9496,8.0200,86.9000,0.0000,0.0000,0.6645,0,86.9000,1167.6167,1176.4695,2.0268,1173.5447,0.3304,PHASE_2_DRIVING,85.43,8.12,534.7,89.1,97.82,2000,1440
6121,12:16:27.079,ROI,160,160,192,192,17.33,18.59,0.0,21.025,53.79,527.06,183.24,81.07,84.61,0.9012,12.0600,87.0300,0.0000,0.0000,0.7742,0,87.0300,1166.6906,1176.7014,2.1022,1173.4744,0.3224,PHASE_2_DRIVING,85.36,8.12,534.7,89.1,94.45,2000,1442
6122,12:16:27.143,ROI,160,160,192,192,16.78,17.77,0.0,22.0,56.29,526.64,181.02,82.26,82.72,0.9351,9.9700,86.1500,0.0000,0.0000,0.7124,0,86.1500,1165.6254,1176.5367,2.1740,1173.0990,0.3151,PHASE_2_DRIVING,84.99,8.11,534.7,89.1,92.27,2000,1442
6123,12:16:27.190,ROI,160,160,192,192,17.48,18.72,0.0,0.0,53.41,527.30,179.28,81.61,83.27,0.9441,12.4700,85.5800,0.0000,0.0000,0.7779,0,85.5800,1164.9855,1176.3741,2.2174,1172.8343,0.3108,PHASE_2_DRIVING,85.31,7.53,534.7,89.1,90.49,2000,1548
6124,12:16:27.319,ROI,160,160,192,192,19.89,20.81,0.0,0.0,48.05,529.48,175.90,80.69,82.55,0.8750,14.1200,82.2000,0.0000,0.0000,0.8639,0,82.2000,1163.9212,1175.6789,2.2732,1172.0868,0.3055,PHASE_2_DRIVING,86.56,5.53,534.7,89.1,86.96,2000,1882
6125,12:16:27.366,ROI,160,160,192,192,17.02,18.23,0.0,21.45,54.86,529.01,174.12,81.00,80.58,0.9464,7.6500,83.8300,0.0000,0.0000,0.7241,0,83.8300,1163.1797,1174.7824,2.2974,1171.2637,0.3033,PHASE_2_DRIVING,86.17,5.09,534.7,89.1,85.21,2000,1689
6126,12:16:27.430,ROI,160,160,192,192,19.17,20.33,8.425,0.0,49.18,529.38,173.21,80.71,80.71,0.9687,9.0200,83.5500,0.0000,0.0000,0.7825,0,83.5500,1162.5789,1173.7722,2.2803,1170.3599,0.3049,PHASE_2_DRIVING,86.38,3.98,534.7,89.1,84.28,2000,1865
6127,12:16:27.493,ROI,160,160,192,192,16.36,17.51,27.625,22.325,57.12,529.86,170.41,78.56,82.68,0.9100,8.9600,84.8100,0.0000,0.0000,0.7324,0,84.8100,1162.5243,1172.8626,2.2543,1169.6858,0.3073,PHASE_2_DRIVING,86.60,3.09,534.7,89.1,81.45,2000,1897
6128,12:16:27.543,ROI,160,160,192,192,25.15,26.34,12.25,44.5,37.97,530.16,169.98,80.46,82.78,0.9664,13.3700,82.3600,0.0000,0.0000,0.7772,0,82.3600,1162.1199,1171.9737,2.2119,1168.9059,0.3113,PHASE_2_DRIVING,86.79,2.12,534.7,89.1,81.00,2000,1987
6129,12:16:27.606,ROI,160,160,192,192,17.72,18.90,31.675,41.325,52.90,531.68,168.14,80.26,83.99,0.9221,8.8000,81.5500,0.0000,0.0000,0.6993,0,81.5500,1161.2566,1170.9877,2.1380,1167.8867,0.3187,PHASE_2_DRIVING,87.81,0.07,534.7,89.1,79.09,1703,2000
6130,12:16:27.671,ROI,160,160,192,192,16.87,18.20,0.0,21.475,54.94,532.45,167.22,80.60,83.82,0.9600,13.4100,78.6000,0.0000,0.0000,0.7885,0,78.6000,1160.4154,1169.6159,2.0782,1166.6269,0.3249,PHASE_2_DRIVING,88.35,-1.72,534.7,89.1,78.15,1615,2000
6131,12:16:27.719,ROI,160,160,192,192,22.57,23.80,13.45,16.425,42.01,532.96,163.14,79.40,88.16,0.8967,2.8500,101.5500,0.0000,0.0000,0.4968,0,101.5500,1164.3436,1167.7767,2.0831,1166.6632,0.3244,PHASE_2_DRIVING,88.65,-1.99,534.7,89.1,74.06,1758,1945
6132,12:16:27.847,ROI,160,160,192,192,18.50,19.79,15.025,0.0,50.52,533.58,161.61,78.38,86.15,0.9505,15.4700,77.8400,0.0000,0.0000,0.8252,0,77.8400,1162.9575,1165.5979,2.0772,1164.7398,0.3250,PHASE_2_DRIVING,89.12,-4.38,534.7,89.1,72.52,1381,2000
6133,12:16:27.894,ROI,160,160,192,192,13.50,14.62,0.0,0.0,68.39,533.23,160.12,76.64,86.00,0.9450,15.9600,80.3500,0.0000,0.0000,0.8026,0,80.3500,1162.4383,1163.2445,2.0384,1162.9792,0.3291,PHASE_2_DRIVING,88.81,-5.83,534.7,89.1,71.04,1405,2000
6134,12:16:27.957,ROI,160,160,192,192,11.74,12.78,0.0,30.575,78.24,533.62,157.83,75.25,86.02,0.9312,13.5000,82.2500,0.0000,0.0000,0.8125,0,82.2500,1162.1973,1160.8318,2.0476,1161.2799,0.3281,PHASE_2_DRIVING,89.10,-7.82,534.7,89.1,68.74,1236,2000
6135,12:16:28.006,ROI,160,160,192,192,13.77,14.95,0.0,26.125,66.89,534.02,157.35,76.58,86.16,0.9718,17.2500,78.8300,0.0000,0.0000,0.8562,0,78.8300,1161.5130,1158.4409,1.9895,1159.4685,0.3345,PHASE_2_DRIVING,89.43,-9.96,534.7,89.1,68.25,1114,2000
6136,12:16:28.069,ROI,160,160,192,192,12.02,12.91,0.0,30.3,77.44,533.80,156.12,75.24,85.55,0.9550,15.0500,81.1500,0.0000,0.0000,0.7808,0,81.1500,1161.3517,1156.2410,1.9530,1157.9717,0.3386,PHASE_2_DRIVING,89.23,-11.26,534.7,89.1,67.03,1133,2000
6137,12:16:28.134,ROI,160,160,192,192,17.86,18.81,0.0,20.775,53.15,534.72,153.50,74.68,83.45,0.9176,15.5300,80.5300,0.0000,0.0000,0.8873,0,80.5300,1160.8399,1154.3644,1.9304,1156.5742,0.3413,PHASE_2_DRIVING,90.01,-13.44,534.7,89.1,64.40,949,2000
6138,12:16:28.180,ROI,160,160,192,192,12.27,13.17,0.0,29.7,75.94,534.96,152.64,74.71,85.51,0.9696,18.2200,80.2000,0.0000,0.0000,0.8668,0,80.2000,1160.5061,1152.8186,1.8662,1155.5007,0.3489,PHASE_2_DRIVING,90.23,-14.73,534.7,89.1,63.54,971,2000
6139,12:16:28.310,ROI,160,160,192,192,10.69,11.65,3.35,0.0,85.83,535.84,150.09,72.80,85.67,0.9188,13.2800,87.1400,0.0000,0.0000,0.8225,0,87.1400,1161.7247,1151.6318,1.8416,1155.1836,0.3519,PHASE_2_DRIVING,91.07,-15.88,534.7,89.1,61.00,933,2000
6140,12:16:28.357,ROI,160,160,192,192,10.39,11.35,0.0,0.0,88.07,536.50,147.53,72.56,85.78,0.9254,13.6300,85.1800,0.0000,0.0000,0.8725,0,85.1800,1162.4425,1150.9351,1.8325,1154.9977,0.3530,PHASE_2_DRIVING,91.76,-16.77,534.7,89.1,58.46,918,2000
6141,12:16:28.421,ROI,160,160,192,192,12.18,13.06,7.4,0.0,76.55,536.35,146.23,71.46,83.74,0.9552,14.2500,85.9800,0.0000,0.0000,0.8998,0,85.9800,1163.2777,1150.7331,1.8091,1155.1988,0.3560,PHASE_2_DRIVING,91.65,-16.45,534.7,89.1,57.16,977,1881
6142,12:16:28.486,ROI,160,160,192,192,13.17,14.07,0.0,0.0,71.09,537.21,144.10,70.85,80.76,0.9272,12.8300,88.2600,0.0000,0.0000,0.8598,0,88.2600,1164.1970,1150.6955,1.8299,1155.4665,0.3534,PHASE_2_DRIVING,92.61,-17.15,534.7,89.1,55.06,866,1887
6143,12:16:28.534,ROI,160,160,192,192,10.20,10.98,0.0,35.575,91.10,537.47,144.60,70.16,84.02,0.9522,11.2700,89.3800,0.0000,0.0000,0.7755,0,89.3800,1165.4204,1150.8995,1.8074,1156.0720,0.3562,PHASE_2_DRIVING,92.86,-16.78,534.7,89.1,55.57,943,1835
6144,12:16:28.600,ROI,160,160,192,192,31.28,32.44,0.0,0.0,30.83,536.96,142.74,69.92,80.75,0.9424,10.5400,91.1800,0.0000,0.0000,0.7523,0,91.1800,1166.8836,1151.4267,1.7702,1157.0064,0.3610,PHASE_2_DRIVING,92.42,-15.41,534.7,89.1,53.69,1002,1682
6145,12:16:28.662,ROI,160,160,192,192,11.62,12.66,13.1,30.875,79.02,537.67,141.02,70.40,79.78,0.9393,9.7400,90.3600,0.0000,0.0000,0.7689,0,90.3600,1168.1852,1152.2352,1.7564,1158.0218,0.3628,PHASE_2_DRIVING,93.27,-15.25,534.7,89.1,52.00,912,1688
6146,12:16:28.711,ROI,160,160,160,160,14.56,15.86,10.925,0.0,63.07,537.96,140.38,72.97,81.52,0.9442,7.4400,93.7900,0.0000,0.0000,0.6791,0,93.7900,1169.8192,1153.3066,1.7016,1159.4187,0.3701,PHASE_2_DRIVING,93.64,-14.22,534.7,89.1,51.38,972,1597
6147,12:16:28.843,ROI,160,160,192,192,22.05,23.28,3.35,0.0,42.95,537.73,137.42,72.67,81.79,0.9244,7.0900,95.4400,0.0000,0.0000,0.6032,0,95.4400,1171.5005,1154.5099,1.6754,1160.8606,0.3738,PHASE_2_DRIVING,93.59,-12.73,534.7,89.1,48.42,974,1446
6148,12:16:28.886,ROI,160,160,192,192,17.67,18.94,39.25,0.0,52.81,536.56,134.84,73.38,81.91,0.9100,11.2700,96.2600,0.0000,0.0000,0.7758,0,96.2600,1172.7781,1155.8607,1.6457,1162.2551,0.3780,PHASE_2_DRIVING,92.32,-10.07,534.7,89.1,45.78,1036,1253
6149,12:16:28.950,ROI,160,160,192,192,17.46,18.46,8.7,21.15,54.18,537.03,134.01,74.68,83.68,0.9619,11.7800,97.0600,0.0000,0.0000,0.7810,0,97.0600,1176.4596,1157.2309,1.6456,1164.4991,0.3780,PHASE_2_DRIVING,92.97,-8.47,534.7,89.1,44.97,1006,1243
6150,12:16:29.014,ROI,160,160,192,192,19.27,20.35,0.0,0.0,49.15,536.20,131.73,73.38,79.66,0.9247,9.6100,97.3900,0.0000,0.0000,0.7647,0,97.3900,1177.6530,1158.6859,1.6541,1165.8323,0.3768,PHASE_2_DRIVING,92.01,-6.18,534.7,89.1,42.66,1033,1100
6151,12:16:29.063,ROI,160,160,160,160,32.36,34.01,0.0,22.975,29.41,535.45,133.51,73.38,82.67,0.9383,5.8800,102.7900,0.0000,0.0000,0.8015,0,102.7900,1179.8875,1160.3071,1.5972,1167.8461,0.3850,PHASE_2_DRIVING,90.97,-3.12,534.7,89.1,44.42,1177,1044
6152,12:16:29.131,ROI,160,160,192,192,20.04,21.37,0.0,0.0,46.80,534.35,129.98,72.14,80.71,0.8907,11.6600,103.1600,0.0000,0.0000,0.8347,0,103.1600,1182.0153,1162.2806,1.5933,1169.8905,0.3856,PHASE_2_DRIVING,89.51,0.38,534.7,89.1,40.88,1173,871
6153,12:16:29.191,ROI,160,160,192,192,17.69,19.19,10.325,0.0,52.11,533.93,130.74,73.88,81.32,0.9583,7.6900,106.2100,0.0000,0.0000,0.7134,0,106.2100,1184.0204,1164.5126,1.5319,1172.2174,0.3950,PHASE_2_DRIVING,88.94,3.28,534.7,89.1,41.65,1230,852
6154,12:16:29.303,ROI,160,160,192,192,19.69,20.97,4.175,0.0,47.68,534.40,128.38,74.03,80.03,0.9314,11.3300,103.6600,0.0000,0.0000,0.8026,0,103.6600,1185.2811,1167.0038,1.4850,1174.3589,0.4024,PHASE_2_DRIVING,89.57,4.79,534.7,89.1,39.28,1135,829
6155,12:16:29.368,ROI,160,160,192,192,16.93,18.12,0.0,21.575,55.19,532.60,126.32,73.02,80.36,0.9054,13.3700,107.7400,0.0000,0.0000,0.8465,0,107.7400,1186.9130,1169.8909,1.4738,1176.7718,0.4042,PHASE_2_DRIVING,86.76,10.01,534.7,89.1,37.28,1313,551
6156,12:16:29.415,ROI,160,160,192,192,15.91,17.25,13.7,22.65,57.96,533.45,125.63,75.01,78.48,0.9512,13.5300,103.4700,0.0000,0.0000,0.8914,0,103.4700,1187.1569,1172.9560,1.4380,1178.7809,0.4102,PHASE_2_DRIVING,88.04,10.74,534.7,89.1,36.55,1137,691
6157,12:16:29.478,ROI,160,160,160,160,15.80,16.69,0.0,23.425,59.91,532.69,125.18,72.86,80.47,0.9480,5.9600,104.4800,0.0000,0.0000,0.7025,0,104.4800,1187.9704,1176.1415,1.4066,1181.0568,0.4155,PHASE_2_DRIVING,86.81,14.25,534.7,89.1,36.14,1288,519
6158,12:16:29.527,ROI,160,160,192,192,16.08,17.27,0.0,45.25,57.91,532.31,123.33,73.02,80.02,0.9454,12.7000,106.1400,0.0000,0.0000,0.8616,0,106.1400,1188.6017,1179.3222,1.4057,1183.1795,0.4157,PHASE_2_DRIVING,86.01,17.17,534.7,89.1,34.32,1253,463
6159,12:16:29.591,ROI,160,160,192,192,17.26,18.58,0.0,0.0,53.83,532.72,124.28,74.74,80.20,0.9543,13.1000,104.9700,0.0000,0.0000,0.9015,0,104.9700,1188.7147,1182.4847,1.3634,1185.1207,0.4231,PHASE_2_DRIVING,86.78,18.34,534.7,89.1,35.24,1245,517
6160,12:16:29.703,ROI,160,160,192,192,19.06,20.22,0.0,19.325,49.46,531.64,121.16,73.19,82.09,0.9003,8.3300,109.2900,0.0000,0.0000,0.7175,0,109.2900,1189.6320,1185.3552,1.3702,1187.1596,0.4219,PHASE_2_DRIVING,84.55,22.61,534.7,89.1,32.20,1307,303
6161,12:16:29.766,ROI,160,160,192,192,21.33,22.55,0.0,0.0,44.35,531.98,119.56,74.90,80.59,0.9401,13.5600,101.5300,0.0000,0.0000,0.8751,0,101.5300,1188.7166,1187.8331,1.3431,1188.2101,0.4268,PHASE_2_DRIVING,84.90,23.31,534.7,89.1,30.58,1142,387
6162,12:16:29.829,ROI,160,160,192,192,15.66,16.78,19.325,23.275,59.59,532.08,122.18,76.26,84.19,0.9218,6.7600,103.6000,0.0000,0.0000,0.6826,0,103.6000,1188.2117,1190.1201,1.2571,1189.2746,0.4430,PHASE_2_DRIVING,85.47,23.80,534.7,89.1,33.18,1241,418
6163,12:16:29.878,ROI,160,160,192,192,16.80,18.00,0.0,0.0,55.55,530.46,117.82,74.82,79.13,0.8624,12.4500,100.4200,0.0000,0.0000,0.8738,0,100.4200,1186.7469,1192.0636,1.2373,1189.6872,0.4470,PHASE_2_DRIVING,81.61,28.08,534.7,89.1,29.03,1258,194
6164,12:16:29.943,ROI,160,160,160,160,13.58,14.40,0.0,27.125,69.43,532.22,117.77,75.34,77.33,0.9332,4.3700,96.3700,0.0000,0.0000,0.5642,0,96.3700,1184.6578,1193.2885,1.1683,1189.3081,0.4612,PHASE_2_DRIVING,85.06,24.25,534.7,89.1,28.78,958,481
6165,12:16:30.007,ROI,160,160,160,160,11.98,12.79,0.0,30.55,78.17,531.91,115.64,74.06,75.77,0.9301,6.0200,94.8100,0.0000,0.0000,0.6132,0,94.8100,1182.3874,1193.6205,1.1459,1188.3858,0.4660,PHASE_2_DRIVING,84.00,24.39,534.7,89.1,26.69,996,338
6166,12:16:30.054,ROI,160,160,160,160,11.27,12.36,0.0,31.675,80.87,532.65,118.94,74.09,77.99,0.9003,8.6200,97.9200,0.0000,0.0000,0.7208,0,97.9200,1180.8558,1193.2760,1.0738,1187.2870,0.4822,PHASE_2_DRIVING,86.07,21.22,534.7,89.1,29.91,970,525
6167,12:16:30.181,ROI,160,160,160,160,11.95,13.00,0.0,30.025,76.91,530.77,114.81,73.88,79.63,0.8579,4.8200,98.4900,0.0000,0.0000,0.5677,0,98.4900,1179.5006,1192.2704,1.0606,1186.0731,0.4853,PHASE_2_DRIVING,81.31,24.76,534.7,89.1,26.01,1065,236
6168,12:16:30.236,ROI,160,160,160,160,62.70,63.56,0.0,6.15,15.73,531.69,113.75,71.81,78.07,0.9463,7.4200,88.1000,0.0000,0.0000,0.7017,0,88.1000,1176.0304,1190.4991,1.0689,1183.5056,0.4834,PHASE_2_DRIVING,83.04,20.47,534.7,89.1,24.83,768,473
6169,12:16:30.312,ROI,160,160,160,160,16.13,16.48,0.0,0.0,60.69,0.00,0.00,0.00,0.00,0.0000,0.0000,0.0000,0.0000,0.0000,0.0000,1,0.0000,NaN,NaN,NaN,NaN,NaN,LOST_TRACKING,0.00,0.00,534.7,89.1,0.00,0,0
6170,12:16:30.598,FULL,640,640,0,0,92.37,95.62,2.9,36.775,10.46,529.72,110.40,76.31,78.06,1.0000,2.4500,108.0800,0.0000,0.0000,0.4975,0,108.0800,1176.7312,1187.8293,1.0628,1182.4491,0.4848,PHASE_2_DRIVING,76.85,25.60,534.7,89.1,21.87,939,155
6171,12:16:30.709,ROI,160,160,160,160,15.82,16.98,0.0,23.0,58.88,531.84,109.23,69.86,77.37,0.8891,5.1100,93.0100,0.0000,0.0000,0.6808,0,93.0100,1175.3039,1184.9333,1.0552,1180.2478,0.4866,PHASE_2_DRIVING,81.91,18.33,534.7,89.1,20.33,547,470
6172,12:16:30.739,ROI,160,160,160,160,14.46,14.77,0.0,0.0,67.73,0.00,0.00,0.00,0.00,0.0000,0.0000,0.0000,0.0000,0.0000,0.0000,1,0.0000,NaN,NaN,NaN,NaN,NaN,LOST_TRACKING,0.00,0.00,534.7,89.1,0.00,0,0
6173,12:16:30.827,FULL,640,640,0,0,73.52,76.61,16.075,35.7,13.05,530.24,108.06,73.90,76.84,1.0000,8.2400,95.4600,0.0000,0.0000,0.6695,0,95.4600,1174.0911,1180.9506,1.0707,1177.6379,0.4829,PHASE_2_DRIVING,76.76,20.88,534.7,89.1,19.48,740,234
6174,12:16:30.914,ROI,160,160,160,160,12.97,14.15,0.0,27.65,70.68,530.83,108.25,70.79,75.08,0.9360,4.6500,95.3900,0.0000,0.0000,0.6160,0,95.3900,1173.6423,1178.5640,1.0556,1176.1697,0.4865,PHASE_2_DRIVING,78.57,17.59,534.7,89.1,19.54,596,381
6175,12:16:30.940,ROI,160,160,160,160,11.93,12.73,32.55,30.7,78.56,531.53,108.19,70.94,75.03,0.9789,9.7000,86.0500,0.0000,0.0000,0.7087,0,86.0500,1171.1730,1176.5130,1.0141,1173.8616,0.4965,PHASE_2_DRIVING,80.57,13.29,534.7,89.1,19.35,529,439
6176,12:16:30.964,ROI,160,160,160,160,16.02,16.82,0.0,23.25,59.45,531.33,110.56,72.23,78.35,0.9234,8.4100,-106.2600,0.0000,0.0000,0.7601,0,-106.2600,1208.6211,1174.8563,0.9316,1192.3364,0.5177,PHASE_2_DRIVING,81.08,31.26,534.7,89.1,21.72,1273,-187
6177,12:16:30.992,ROI,160,160,160,160,10.20,11.03,34.225,35.475,90.67,531.86,108.65,72.26,76.31,0.9383,2.3400,105.7600,0.0000,0.0000,0.5481,0,105.7600,1207.0240,1173.2414,0.8446,1191.5560,0.5421,PHASE_2_DRIVING,81.73,29.82,534.7,89.1,19.76,760,228
6178,12:16:31.110,ROI,160,160,160,160,12.74,13.46,3.675,0.0,74.30,531.81,107.45,71.36,75.11,0.9568,6.9300,88.3900,0.0000,0.0000,0.6849,0,88.3900,1202.3455,1171.8626,0.8123,1188.6826,0.5518,PHASE_2_DRIVING,81.05,27.63,534.7,89.1,18.58,680,248
6179,12:16:31.157,ROI,160,160,160,160,11.23,11.63,0.0,0.0,85.99,0.00,0.00,0.00,0.00,0.0000,0.0000,0.0000,0.0000,0.0000,0.0000,1,0.0000,NaN,NaN,NaN,NaN,NaN,LOST_TRACKING,0.00,0.00,534.7,89.1,0.00,0,0
6180,12:16:31.237,FULL,640,640,0,0,93.43,97.46,17.125,40.075,10.26,530.74,106.80,71.77,75.84,1.0000,11.7900,87.6100,0.0000,0.0000,0.7192,0,87.6100,1199.0087,1169.8876,0.7108,1186.9094,0.5845,PHASE_2_DRIVING,77.38,29.53,534.7,89.1,18.14,756,151
6181,12:16:31.349,ROI,160,160,160,160,14.67,15.67,0.0,0.0,63.81,532.60,106.96,72.07,76.36,0.9432,4.5600,87.6600,0.0000,0.0000,0.5370,0,87.6600,1193.3290,1169.5145,0.6596,1183.8639,0.6025,PHASE_2_DRIVING,83.29,20.57,534.7,89.1,17.98,473,426
6182,12:16:31.377,ROI,160,160,160,160,15.80,16.14,0.0,0.0,61.95,0.00,0.00,0.00,0.00,0.0000,0.0000,0.0000,0.0000,0.0000,0.0000,1,0.0000,NaN,NaN,NaN,NaN,NaN,LOST_TRACKING,0.00,0.00,534.7,89.1,0.00,0,0
6183,12:16:31.479,FULL,640,640,0,0,124.70,128.50,4.575,30.4,7.78,532.09,104.82,70.94,75.54,1.0000,11.2400,87.5100,0.0000,0.0000,0.6972,0,87.5100,1186.8244,1167.7788,0.6122,1179.5922,0.6203,PHASE_2_DRIVING,80.57,19.02,534.7,89.1,15.94,526,272
6184,12:16:31.622,ROI,160,160,160,160,26.09,27.39,0.0,0.0,36.51,533.16,104.70,70.27,73.27,0.9412,12.7400,80.5400,0.0000,0.0000,0.8114,0,80.5400,1179.1887,1164.6143,0.4972,1174.3486,0.6679,PHASE_2_DRIVING,84.36,9.99,534.7,89.1,15.68,328,455
6185,12:16:31.666,ROI,160,160,160,160,21.39,22.63,23.925,0.0,44.18,533.89,103.98,69.47,71.90,0.9602,15.1000,79.0200,0.0000,0.0000,0.7923,0,79.0200,1172.1539,1160.5256,0.4616,1168.4813,0.6842,PHASE_2_DRIVING,86.88,1.60,534.7,89.1,14.90,259,486
6186,12:16:31.705,ROI,160,160,160,160,16.86,18.08,0.0,21.6,55.32,534.01,103.83,70.18,72.98,0.9752,16.1300,76.7600,0.0000,0.0000,0.8009,0,76.7600,1163.4324,1154.4909,0.4369,1160.7135,0.6959,PHASE_2_DRIVING,87.32,-6.60,534.7,89.1,14.75,199,538
6187,12:16:31.741,ROI,160,160,160,160,19.94,21.50,20.875,18.175,46.51,534.05,102.94,70.36,72.90,0.9734,16.8200,75.9700,0.0000,0.0000,0.8134,0,75.9700,1159.9420,1150.3341,0.4558,1156.9339,0.6869,PHASE_2_DRIVING,87.31,-10.38,534.7,89.1,13.86,222,471
6188,12:16:31.777,ROI,160,160,160,160,19.48,20.77,0.0,18.825,48.14,534.41,103.59,70.45,73.91,0.9725,16.1300,75.7900,0.0000,0.0000,0.8037,0,75.7900,1155.5302,1146.3284,0.4508,1152.6712,0.6893,PHASE_2_DRIVING,88.85,-16.18,534.7,89.1,14.49,161,564
6189,12:16:31.816,ROI,160,160,160,160,18.32,19.52,0.0,0.0,51.24,534.32,102.55,71.20,73.21,0.9621,16.4900,74.5100,0.0000,0.0000,0.8208,0,74.5100,1149.3105,1142.2401,0.4931,1146.9755,0.6697,PHASE_2_DRIVING,88.38,-21.41,534.7,89.1,13.46,122,551
6190,12:16:31.862,ROI,160,160,160,160,19.73,20.79,14.4,18.8,48.11,534.50,103.53,71.15,73.86,0.9689,16.4500,74.2400,0.0000,0.0000,0.8031,0,74.2400,1147.6148,1139.5549,0.4727,1145.0277,0.6790,PHASE_2_DRIVING,89.21,-24.18,534.7,89.1,14.43,146,575
6191,12:16:31.925,ROI,160,160,160,160,20.40,21.55,0.0,0.0,46.41,534.44,102.53,71.59,73.19,0.9673,16.9300,74.7700,0.0000,0.0000,0.8352,0,74.7700,1143.4125,1137.3648,0.4848,1141.4378,0.6735,PHASE_2_DRIVING,88.89,-27.45,534.7,89.1,13.43,107,564
6192,12:16:31.974,ROI,160,160,160,160,19.18,20.32,14.35,19.225,49.22,534.52,102.67,71.55,72.95,0.9940,17.0000,73.3100,0.0000,0.0000,0.7960,0,73.3100,1139.0365,1135.8589,0.4851,1137.9985,0.6733,PHASE_2_DRIVING,89.24,-31.24,534.7,89.1,13.57,76,603
6193,12:16:32.101,ROI,160,160,160,160,19.83,21.40,3.675,36.5,46.74,534.51,102.90,72.02,72.60,0.9872,15.5800,73.4700,0.0000,0.0000,0.7933,0,73.4700,1133.6560,1134.6909,0.4764,1133.9899,0.6773,PHASE_2_DRIVING,89.21,-35.22,534.7,89.1,13.80,47,643
6194,12:16:32.150,ROI,160,160,160,160,17.45,18.83,0.0,0.0,53.09,533.79,102.23,70.62,72.72,0.9623,16.9100,73.9000,0.0000,0.0000,0.8364,0,73.9000,1149.0635,1133.8286,0.4067,1144.6591,0.7109,PHASE_2_DRIVING,86.04,-21.38,534.7,89.1,13.16,371,287
6195,12:16:32.215,ROI,160,160,160,160,17.42,18.61,0.0,84.0,53.74,532.96,102.39,70.12,72.55,0.9724,15.6200,73.8400,0.0000,0.0000,0.7839,0,73.8400,1150.5485,1133.7042,0.3463,1146.2157,0.7428,PHASE_2_DRIVING,82.54,-16.33,534.7,89.1,13.40,293,377
6196,12:16:32.263,ROI,160,160,160,160,12.59,13.47,0.0,0.0,74.21,533.40,102.63,69.57,74.15,0.9664,15.5200,76.6600,0.0000,0.0000,0.8132,0,76.6600,1151.1166,1134.7150,0.2903,1147.4269,0.7750,PHASE_2_DRIVING,84.51,-17.08,534.7,89.1,13.59,213,466
6197,12:16:32.326,ROI,160,160,160,160,12.39,13.62,15.975,0.0,73.44,533.11,102.56,69.23,72.38,0.9680,15.9200,76.5200,0.0000,0.0000,0.8082,0,76.5200,1151.5455,1136.1603,0.2598,1148.3731,0.7938,PHASE_2_DRIVING,83.26,-14.89,534.7,89.1,13.55,268,410
6198,12:16:32.389,ROI,160,160,160,160,11.93,12.86,0.0,0.0,77.74,533.00,102.59,68.93,72.55,0.9933,14.0200,78.0300,0.0000,0.0000,0.7699,0,78.0300,1152.7067,1141.9522,0.1968,1150.9380,0.8355,PHASE_2_DRIVING,82.82,-11.88,534.7,89.1,13.60,300,380
6199,12:16:32.502,ROI,160,160,160,160,13.26,14.53,7.775,0.0,68.82,533.98,102.59,69.24,73.22,0.9632,11.7900,80.0100,0.0000,0.0000,0.7548,0,80.0100,1154.5937,1149.4236,0.1314,1153.9933,0.8839,PHASE_2_DRIVING,86.94,-12.95,534.7,89.1,13.51,236,440
6200,12:16:32.565,ROI,160,160,160,160,10.34,11.36,0.0,34.4,88.03,533.44,102.24,68.62,73.69,0.9752,13.0000,78.2200,0.0000,0.0000,0.7620,0,78.2200,1155.1210,1154.2082,0.1262,1155.0187,0.8880,PHASE_2_DRIVING,84.52,-9.50,534.7,89.1,13.20,313,347
6201,12:16:32.614,ROI,160,160,160,160,15.07,15.86,0.0,0.0,63.04,533.23,101.98,67.65,73.60,0.9790,10.8100,83.2100,0.0000,0.0000,0.7301,0,83.2100,1157.6112,1164.9888,0.1203,1158.4033,0.8926,PHASE_2_DRIVING,83.49,-5.09,534.7,89.1,12.96,348,300
6202,12:16:32.678,ROI,160,160,160,160,16.38,17.64,0.0,22.15,56.68,533.82,101.74,68.70,72.89,0.9735,6.5400,85.8600,0.0000,0.0000,0.6055,0,85.8600,1159.9449,1176.1289,0.1133,1161.5920,0.8982,PHASE_2_DRIVING,86.02,-4.43,534.7,89.1,12.67,297,336
6203,12:16:32.743,ROI,160,160,160,160,15.11,16.32,0.0,23.95,61.27,533.60,100.98,69.18,73.34,0.9727,9.2200,81.4000,0.0000,0.0000,0.6768,0,81.4000,1161.1034,1185.8079,0.1211,1163.7726,0.8920,PHASE_2_DRIVING,84.71,-0.94,534.7,89.1,11.93,334,262
6204,12:16:32.790,ROI,160,160,160,160,15.18,16.22,0.0,24.075,61.65,533.46,100.83,69.66,73.76,0.9875,4.4100,91.9700,0.0000,0.0000,0.5692,0,91.9700,1164.1325,1193.5132,0.1282,1167.4705,0.8864,PHASE_2_DRIVING,83.97,3.51,534.7,89.1,11.80,368,222
6205,12:16:32.901,ROI,160,160,160,160,13.05,13.82,0.0,28.275,72.38,533.59,100.71,69.39,73.61,0.9929,4.7500,88.7000,0.0000,0.0000,0.5294,0,88.7000,1166.1377,1199.3057,0.1449,1170.3347,0.8735,PHASE_2_DRIVING,84.54,5.80,534.7,89.1,11.66,352,231
6206,12:16:32.965,ROI,160,160,160,160,14.58,15.37,0.0,25.45,65.05,533.67,100.36,68.93,72.86,0.9832,6.3900,84.0300,0.0000,0.0000,0.5619,0,84.0300,1166.9437,1203.0909,0.1482,1171.6105,0.8709,PHASE_2_DRIVING,84.77,6.84,534.7,89.1,11.31,333,232
6207,12:16:33.030,ROI,160,160,160,160,13.00,13.79,7.95,0.0,72.50,533.37,100.00,68.91,72.34,0.9816,7.9600,82.2500,0.0000,0.0000,0.5989,0,82.2500,1167.0987,1204.7217,0.1735,1172.6609,0.8522,PHASE_2_DRIVING,83.04,9.62,534.7,89.1,10.98,358,191
6208,12:16:33.079,ROI,160,160,160,160,11.13,11.97,0.0,0.0,83.52,533.82,100.31,69.16,73.35,0.9735,5.9200,87.2100,0.0000,0.0000,0.5649,0,87.2100,1168.1030,1204.2218,0.1676,1173.2887,0.8564,PHASE_2_DRIVING,85.51,7.78,534.7,89.1,11.24,304,258
6209,12:16:33.141,ROI,160,160,160,160,10.60,11.36,0.0,0.0,88.03,533.84,100.03,68.31,72.43,0.9753,8.2300,83.7800,0.0000,0.0000,0.6268,0,83.7800,1168.2366,1201.8671,0.1814,1173.4007,0.8464,PHASE_2_DRIVING,85.50,7.90,534.7,89.1,10.96,319,229
6210,12:16:33.205,ROI,160,160,160,160,9.62,10.50,7.375,0.0,95.24,534.56,99.88,67.94,72.18,0.9751,10.0300,81.4000,0.0000,0.0000,0.7156,0,81.4000,1167.5628,1196.9254,0.1932,1172.3163,0.8381,PHASE_2_DRIVING,89.26,3.06,534.7,89.1,10.78,234,305
6211,12:16:33.253,ROI,160,160,160,160,16.60,17.42,0.0,22.425,57.42,534.63,99.46,67.92,73.85,0.9754,12.2800,80.3900,0.0000,0.0000,0.7588,0,80.3900,1166.5581,1189.6365,0.2079,1170.5309,0.8279,PHASE_2_DRIVING,89.61,0.92,534.7,89.1,10.36,242,276
6212,12:16:33.367,ROI,160,160,160,160,15.37,16.43,4.05,23.775,60.88,534.91,99.10,68.74,73.16,0.9786,11.8400,81.6600,0.0000,0.0000,0.7605,0,81.6600,1165.7398,1181.0564,0.2355,1168.6591,0.8094,PHASE_2_DRIVING,91.20,-2.54,534.7,89.1,10.00,203,297
6213,12:16:33.429,ROI,160,160,160,160,12.63,13.60,0.0,28.75,73.54,535.25,98.97,69.75,73.23,0.9820,11.8500,80.9000,0.0000,0.0000,0.7673,0,80.9000,1164.6230,1172.1289,0.2526,1166.1366,0.7983,PHASE_3_FINAL_ALIGNING,-99.09,-174.77,534.7,89.1,9.89,-2000,2000
6214,12:16:33.494,ROI,160,160,160,160,13.81,14.90,0.0,26.2,67.09,535.85,99.66,67.98,72.62,0.9565,10.0800,84.3600,0.0000,0.0000,0.7455,0,84.3600,1164.4040,1162.0026,0.2548,1163.9163,0.7969,PHASE_3_FINAL_ALIGNING,-99.09,-176.99,534.7,89.1,10.62,-2000,2000
6215,12:16:33.541,ROI,160,160,160,160,13.09,14.12,12.125,27.675,70.80,534.98,98.56,69.73,71.78,0.9461,9.9400,86.6300,0.0000,0.0000,0.7388,0,86.6300,1164.4989,1152.3766,0.2590,1162.0050,0.7943,PHASE_3_FINAL_ALIGNING,-99.09,-178.91,534.7,89.1,9.46,-2000,2000
6216,12:16:33.607,ROI,160,160,160,160,14.04,15.36,15.1,25.425,65.11,536.09,99.18,71.58,73.95,0.9407,11.0900,80.9300,0.0000,0.0000,0.7608,0,80.9300,1163.4175,1143.5983,0.2532,1159.4135,0.7980,PHASE_3_FINAL_ALIGNING,-99.09,178.50,534.7,89.1,10.18,2000,-2000
6217,12:16:33.670,ROI,160,160,160,160,16.24,17.26,0.0,0.0,57.93,535.87,99.09,69.45,72.13,0.9464,3.9700,97.1500,0.0000,0.0000,0.4781,0,97.1500,1165.8252,1134.4436,0.2506,1159.5373,0.7996,PHASE_3_FINAL_ALIGNING,-99.09,178.63,534.7,89.1,10.06,2000,-2000
6218,12:16:33.719,ROI,160,160,160,160,15.14,16.22,0.0,24.075,61.65,535.32,98.64,69.62,71.35,0.9721,10.1000,86.0800,0.0000,0.0000,0.7366,0,86.0800,1165.4675,1125.8638,0.2402,1157.7967,0.8063,PHASE_3_FINAL_ALIGNING,-99.09,176.89,534.7,89.1,9.56,2000,-2000
6219,12:16:33.847,ROI,160,160,160,160,13.50,14.43,3.5,0.0,69.32,536.03,99.28,69.97,72.60,0.9627,7.8000,89.3200,0.0000,0.0000,0.6992,0,89.3200,1166.1895,1119.2330,0.2241,1157.5929,0.8169,PHASE_3_FINAL_ALIGNING,-99.09,176.68,534.7,89.1,10.27,2000,-2000
6220,12:16:33.894,ROI,160,160,160,160,16.72,18.09,0.0,0.0,55.28,535.39,98.92,70.39,72.36,0.9723,10.0700,87.7900,0.0000,0.0000,0.7259,0,87.7900,1166.7856,1113.9650,0.2093,1157.6446,0.8269,PHASE_3_FINAL_ALIGNING,-99.09,176.73,534.7,89.1,9.84,2000,-2000
6221,12:16:33.957,ROI,160,160,160,160,16.39,17.52,0.0,0.0,57.08,536.57,99.13,68.64,73.29,0.9547,2.1200,108.0400,0.0000,0.0000,0.4674,0,108.0400,1170.9970,1109.0132,0.2098,1160.2499,0.8266,PHASE_3_FINAL_ALIGNING,-99.09,179.34,534.7,89.1,10.20,2000,-2000
6222,12:16:34.005,ROI,160,160,160,160,14.02,15.16,12.95,0.0,65.98,534.96,97.43,67.64,72.93,0.9114,11.6200,86.0400,0.0000,0.0000,0.7380,0,86.0400,1171.4125,1107.0398,0.1966,1160.8376,0.8357,PHASE_3_FINAL_ALIGNING,-99.09,179.93,534.7,89.1,8.33,2000,-2000
6223,12:16:34.069,ROI,160,160,160,160,10.41,11.24,0.0,34.825,88.97,535.03,99.08,67.02,73.57,0.9474,8.8800,86.6500,0.0000,0.0000,0.6750,0,86.6500,1171.6936,1105.9560,0.1643,1162.4166,0.8589,PHASE_3_FINAL_ALIGNING,-99.09,-178.49,534.7,89.1,9.99,-2000,2000
6224,12:16:34.134,ROI,160,160,160,160,12.63,13.40,0.0,29.15,74.63,533.85,97.91,68.07,72.27,0.9358,9.9800,85.7900,0.0000,0.0000,0.6746,0,85.7900,1171.3158,1108.4675,0.1336,1163.9108,0.8822,PHASE_3_FINAL_ALIGNING,-99.09,-177.00,534.7,89.1,8.85,-2000,2000
6225,12:16:34.182,ROI,160,160,160,160,10.04,10.83,0.0,36.15,92.35,535.31,98.97,66.11,71.98,0.9302,5.0900,90.8900,0.0000,0.0000,0.4659,0,90.8900,1171.7532,1112.9157,0.1069,1166.0690,0.9034,PHASE_3_FINAL_ALIGNING,-99.09,-174.84,534.7,89.1,9.89,-2000,2000
6226,12:16:34.310,ROI,160,160,160,160,9.72,10.68,0.0,0.0,93.62,535.09,97.13,66.55,72.22,0.9441,8.1200,86.0500,0.0000,0.0000,0.6024,0,86.0500,1171.5994,1120.6645,0.1063,1166.7071,0.9040,PHASE_3_FINAL_ALIGNING,-99.09,-174.20,534.7,89.1,8.04,-2000,2000
6227,12:16:34.358,ROI,160,160,160,160,8.67,9.53,0.0,0.0,104.91,533.92,96.73,67.45,72.90,0.9552,9.6900,85.1600,0.0000,0.0000,0.6414,0,85.1600,1170.9027,1133.3021,0.1206,1166.8571,0.8924,PHASE_3_FINAL_ALIGNING,-99.09,-174.05,534.7,89.1,7.67,-2000,2000
6228,12:16:34.423,ROI,160,160,160,160,9.13,9.83,0.0,0.0,101.71,535.72,96.96,64.21,69.49,0.9026,7.7700,81.7300,0.0000,0.0000,0.6467,0,81.7300,1169.2154,1144.8585,0.1295,1166.4226,0.8853,PHASE_3_FINAL_ALIGNING,-99.09,-174.49,534.7,89.1,7.93,-2000,2000
6229,12:16:34.486,ROI,160,160,160,160,10.01,10.75,0.0,0.0,93.05,534.85,96.58,65.98,71.38,0.9474,11.2100,84.7200,0.0000,0.0000,0.7241,0,84.7200,1168.0220,1156.3262,0.1511,1166.4869,0.8687,PHASE_3_FINAL_ALIGNING,-99.09,-174.42,534.7,89.1,7.48,-2000,2000
6230,12:16:34.534,ROI,160,160,160,160,10.69,11.40,21.025,0.0,87.74,535.68,96.67,64.88,70.40,0.9616,7.9700,83.0800,0.0000,0.0000,0.6025,0,83.0800,1166.5581,1166.3689,0.1673,1166.5309,0.8566,PHASE_3_FINAL_ALIGNING,-99.09,-174.38,534.7,89.1,7.63,-2000,2000
6231,12:16:34.599,ROI,160,160,160,160,10.33,11.09,0.0,35.3,90.17,534.84,96.08,65.29,72.59,0.9454,9.2400,86.3000,0.0000,0.0000,0.6414,0,86.3000,1165.6439,1175.7721,0.1938,1167.2882,0.8376,PHASE_3_FINAL_ALIGNING,-99.09,-173.62,534.7,89.1,6.98,-2000,2000
6232,12:16:34.646,ROI,160,160,160,160,10.28,11.04,0.0,35.375,90.58,535.74,96.72,65.65,72.73,0.9561,2.1900,99.5000,0.0000,0.0000,0.3992,0,99.5000,1167.7211,1182.7301,0.1836,1170.0498,0.8448,PHASE_3_FINAL_ALIGNING,-99.09,-170.86,534.7,89.1,7.69,-2000,2000
6233,12:16:34.774,ROI,160,160,160,160,10.08,10.89,0.0,35.925,91.84,534.33,95.72,65.63,72.26,0.9324,7.1000,91.9700,0.0000,0.0000,0.6127,0,91.9700,1168.2437,1189.9504,0.2153,1172.0896,0.8228,PHASE_3_FINAL_ALIGNING,-99.09,-168.82,534.7,89.1,6.63,-2000,2000
6234,12:16:34.822,ROI,160,160,160,160,9.37,10.38,0.0,37.675,96.31,537.47,95.88,64.93,71.16,0.8949,7.7600,89.5500,0.0000,0.0000,0.6321,0,89.5500,1167.5440,1192.8267,0.2136,1171.9939,0.8240,PHASE_3_FINAL_ALIGNING,-99.09,-168.92,534.7,89.1,7.32,-2000,2000
6235,12:16:34.886,ROI,160,160,160,160,10.59,11.32,0.0,0.0,88.33,535.42,94.03,63.73,70.62,0.8919,10.2400,92.2300,0.0000,0.0000,0.6820,0,92.2300,1169.0439,1193.7027,0.2474,1173.9348,0.8017,PHASE_3_FINAL_ALIGNING,-99.09,-166.98,534.7,89.1,4.98,-2000,2000
6236,12:16:34.949,ROI,160,160,160,160,10.44,11.32,0.0,34.55,88.35,535.71,94.59,65.68,71.28,0.9552,10.0600,88.4200,0.0000,0.0000,0.7368,0,88.4200,1168.6202,1193.3898,0.2700,1173.8857,0.7874,PHASE_3_FINAL_ALIGNING,-99.09,-167.02,534.7,89.1,5.58,-2000,2000
6237,12:16:34.999,ROI,160,160,160,160,9.87,10.60,0.0,0.0,94.38,536.66,94.43,64.18,69.89,0.9523,9.2800,90.6200,0.0000,0.0000,0.7559,0,90.6200,1168.9657,1190.2231,0.2788,1173.6001,0.7820,PHASE_3_FINAL_ALIGNING,-99.09,-167.31,534.7,89.1,5.68,-2000,2000
6238,12:16:35.063,ROI,160,160,160,160,16.61,17.72,7.325,0.0,56.44,537.47,93.64,63.98,68.20,0.9517,8.4100,91.6800,0.0000,0.0000,0.6661,0,91.6800,1169.3354,1184.6188,0.3027,1172.8863,0.7677,PHASE_3_FINAL_ALIGNING,-99.09,-168.02,534.7,89.1,5.32,-2000,2000
6239,12:16:35.126,ROI,160,160,160,160,13.17,13.94,0.0,0.0,71.71,535.04,92.31,63.63,67.39,0.8922,6.8300,97.9000,0.0000,0.0000,0.6214,0,97.9000,1173.1600,1177.5696,0.3291,1174.2519,0.7524,PHASE_3_FINAL_ALIGNING,-99.09,-166.66,534.7,89.1,3.23,-2000,2000
6240,12:16:35.174,ROI,160,160,160,160,15.94,17.07,0.0,22.9,58.59,535.72,91.83,59.94,68.48,0.9279,8.9400,103.2800,0.0000,0.0000,0.7264,0,103.2800,1175.8192,1171.1948,0.3770,1174.5530,0.7262,PHASE_3_FINAL_ALIGNING,-99.09,-166.36,534.7,89.1,2.91,-2000,2000
6241,12:16:35.285,ROI,160,160,160,160,9.71,10.54,0.0,37.05,94.86,533.98,92.14,68.79,64.32,0.8249,11.2400,111.5700,0.0000,0.0000,0.8507,0,111.5700,1179.9405,1165.1983,0.3710,1175.9509,0.7294,PHASE_3_FINAL_ALIGNING,-99.09,-164.96,534.7,89.1,3.12,-2000,2000
6242,12:16:35.351,ROI,160,160,160,160,11.02,11.75,0.0,33.25,85.11,533.39,91.05,70.42,64.29,0.9447,9.8600,115.5300,0.0000,0.0000,0.7421,0,115.5300,1184.3395,1162.0671,0.3941,1178.0436,0.7173,PHASE_3_FINAL_ALIGNING,-99.09,-162.87,534.7,89.1,2.35,-2000,2000
6243,12:16:35.412,ROI,160,160,160,160,10.60,11.29,0.0,34.6,88.55,534.32,89.69,74.89,64.99,0.9024,10.7100,118.1000,0.0000,0.0000,0.8399,0,118.1000,1189.3095,1159.6115,0.4127,1180.6342,0.7079,PHASE_3_FINAL_ALIGNING,-99.09,-160.28,534.7,89.1,0.70,-2000,2000
6244,12:16:35.461,ROI,160,160,160,160,13.38,14.06,0.0,0.0,71.15,535.66,88.43,77.13,64.08,0.9292,9.1100,123.1800,0.0000,0.0000,0.7887,0,123.1800,1194.3042,1158.1605,0.4699,1182.7494,0.6803,PHASE_3_FINAL_ALIGNING,-99.09,-158.16,534.7,89.1,1.17,-2000,2000
6245,12:16:35.525,ROI,160,160,160,160,11.38,12.21,7.725,32.0,81.92,536.43,87.13,79.33,62.63,0.9340,14.4700,133.0900,0.0000,0.0000,0.7193,0,133.0900,1200.5768,1159.3629,0.5402,1186.1215,0.6493,PHASE_3_FINAL_ALIGNING,-99.09,-154.79,534.7,89.1,2.62,-2000,2000
6246,12:16:35.590,ROI,160,160,160,160,11.52,12.20,7.45,32.025,82.00,537.17,87.20,80.28,61.08,0.9577,15.6900,138.3000,0.0000,0.0000,0.8227,0,138.3000,1206.6939,1160.0615,0.5845,1189.4928,0.6311,PHASE_3_FINAL_ALIGNING,-99.09,-151.42,534.7,89.1,3.12,-2000,2000
6247,12:16:35.702,ROI,160,160,192,192,10.30,11.01,3.925,0.0,90.81,536.45,88.24,95.08,60.29,0.8190,16.1800,156.2700,0.0000,0.0000,0.7983,0,156.2700,1215.8288,1161.6196,0.5981,1195.5401,0.6257,PHASE_3_FINAL_ALIGNING,-99.09,-145.37,534.7,89.1,1.95,-2000,2000
6248,12:16:35.765,ROI,160,160,192,192,10.85,11.60,7.55,0.0,86.23,537.31,87.60,94.45,59.39,0.9615,16.0900,158.8100,0.0000,0.0000,0.8101,0,158.8100,1224.0461,1162.7377,0.6055,1200.9252,0.6229,PHASE_3_FINAL_ALIGNING,-99.09,-139.98,534.7,89.1,3.01,-2000,2000
6249,12:16:35.814,ROI,160,160,192,192,9.76,10.48,0.0,0.0,95.41,535.61,87.38,98.59,59.72,0.9511,15.7200,162.0500,0.0000,0.0000,0.8219,0,162.0500,1231.9558,1164.6757,0.6067,1206.5495,0.6224,PHASE_3_FINAL_ALIGNING,-99.09,-134.36,534.7,89.1,1.94,-2000,2000
6250,12:16:35.877,ROI,160,160,224,224,9.43,10.42,7.375,0.0,95.94,535.21,87.60,100.07,59.29,0.9782,20.4400,166.4300,0.0000,0.0000,0.9397,0,166.4300,1240.8996,1166.5616,0.5746,1213.7732,0.6351,PHASE_3_FINAL_ALIGNING,-99.09,-127.14,534.7,89.1,1.59,-2000,2000
6251,12:16:35.941,ROI,160,160,224,224,9.75,10.63,0.0,0.0,94.05,535.08,87.39,97.15,58.24,0.9536,19.7100,168.9300,0.0000,0.0000,0.9145,0,168.9300,1248.3443,1170.0064,0.5475,1220.6285,0.6462,PHASE_3_FINAL_ALIGNING,-99.09,-120.28,534.7,89.1,1.75,-2000,2000
6252,12:16:35.990,ROI,160,160,224,224,11.96,12.99,0.0,30.075,76.99,533.92,87.14,92.72,57.99,0.9463,19.0100,171.9200,0.0000,0.0000,0.8638,0,171.9200,1254.7819,1172.0623,0.5043,1227.0523,0.6648,PHASE_3_FINAL_ALIGNING,-99.09,-113.86,534.7,89.1,2.11,-2000,2000
6253,12:16:36.102,ROI,160,160,192,192,10.84,11.55,0.0,0.0,86.60,535.29,89.17,97.48,60.13,0.8885,14.1600,-174.1700,0.0000,0.0000,0.7914,0,-174.1700,1262.9193,1174.0579,0.4441,1235.5919,0.6925,PHASE_3_FINAL_ALIGNING,-99.09,-105.32,534.7,89.1,0.60,-2000,2000
6254,12:16:36.167,ROI,160,160,224,224,10.07,10.82,0.0,36.125,92.46,535.52,87.67,97.05,58.51,0.9462,17.7000,-174.6400,0.0000,0.0000,0.8459,0,-174.6400,1268.8950,1212.7067,0.3888,1253.1658,0.7201,PHASE_3_FINAL_ALIGNING,-99.09,-87.74,534.7,89.1,1.65,-1754,1754
6255,12:16:36.229,ROI,160,160,224,224,10.39,11.15,7.575,35.05,89.69,534.69,88.12,97.85,58.98,0.9684,18.2200,-172.0300,0.0000,0.0000,0.8536,0,-172.0300,1273.9487,1247.2048,0.3141,1267.5557,0.7610,PHASE_3_FINAL_ALIGNING,-99.09,-73.35,534.7,89.1,0.98,-1467,1467
6256,12:16:36.279,ROI,160,160,224,224,12.69,13.64,0.0,0.0,73.31,533.80,88.16,98.88,59.54,0.9729,18.9800,-170.2300,0.0000,0.0000,0.8267,0,-170.2300,1277.7807,1277.3237,0.2409,1277.6920,0.8058,PHASE_3_FINAL_ALIGNING,-99.09,-63.22,534.7,89.1,1.30,-1264,1264
6257,12:16:36.343,ROI,160,160,224,224,17.00,18.28,0.0,0.0,54.71,533.21,89.14,96.17,60.47,0.9419,18.3600,-160.0000,0.0000,0.0000,0.7785,0,-160.0000,1282.6768,1306.8203,0.1739,1286.2540,0.8518,PHASE_3_FINAL_ALIGNING,-99.09,-54.66,534.7,89.1,1.49,-1093,1093
6258,12:16:36.404,ROI,160,160,224,224,11.41,12.27,0.0,0.0,81.50,533.90,89.11,91.06,60.35,0.9451,17.8600,-145.9500,0.0000,0.0000,0.8037,0,-145.9500,1289.2551,1299.3943,0.1138,1290.2912,0.8978,PHASE_3_FINAL_ALIGNING,-99.09,-50.62,534.7,89.1,0.80,-1012,1012
6259,12:16:36.453,ROI,160,160,192,192,9.86,10.98,0.0,0.0,91.10,533.86,89.89,90.56,61.16,0.9694,16.2500,-145.1400,0.0000,0.0000,0.7245,0,-145.1400,1294.9771,1303.3740,0.1065,1295.7850,0.9038,PHASE_3_FINAL_ALIGNING,-99.09,-45.12,534.7,89.1,1.15,-902,902
6260,12:16:36.582,ROI,160,160,192,192,9.15,9.94,0.0,0.0,100.64,531.76,89.69,87.31,62.57,0.9333,15.8500,-132.0900,0.0000,0.0000,0.8822,0,-132.0900,1301.9980,1310.8508,0.2122,1303.5478,0.8249,PHASE_3_FINAL_ALIGNING,-99.09,-37.36,534.7,89.1,2.99,-747,747
6261,12:16:36.630,ROI,160,160,192,192,10.06,11.13,0.0,35.075,89.84,533.88,89.33,83.09,64.06,0.9305,16.2700,-124.8800,0.0000,0.0000,0.7952,0,-124.8800,1308.8085,1318.0579,0.2608,1310.7215,0.7932,PHASE_3_FINAL_ALIGNING,-99.09,-30.19,534.7,89.1,0.85,-603,603
6262,12:16:36.695,ROI,160,160,192,192,10.26,11.37,0.0,34.35,87.94,533.44,89.08,79.57,62.28,0.9311,15.4300,-125.6600,0.0000,0.0000,0.8207,0,-125.6600,1313.9709,1323.5808,0.2801,1316.0740,0.7812,PHASE_3_FINAL_ALIGNING,-99.09,-24.84,534.7,89.1,1.26,-497,497
6263,12:16:36.756,ROI,160,160,160,160,10.12,10.89,0.0,35.875,91.82,533.64,88.68,78.50,63.62,0.9660,16.4200,-116.7400,0.0000,0.0000,0.7638,0,-116.7400,1320.1100,1326.7502,0.2625,1321.4908,0.7920,PHASE_3_FINAL_ALIGNING,-99.09,-19.42,534.7,89.1,1.14,-388,388
6264,12:16:36.807,ROI,160,160,160,160,10.73,11.70,0.0,33.375,85.46,532.92,89.26,76.81,64.38,0.9612,15.5900,-111.3600,0.0000,0.0000,0.8282,0,-111.3600,1325.9963,1327.6153,0.2426,1326.3124,0.8048,PHASE_3_FINAL_ALIGNING,-99.09,-14.60,534.7,89.1,1.79,-292,292
6265,12:16:36.869,ROI,160,160,160,160,10.08,10.93,0.0,35.725,91.48,533.29,89.04,76.89,64.36,0.9837,15.8500,-111.7500,0.0000,0.0000,0.8121,0,-111.7500,1331.8637,1327.0727,0.2283,1330.9733,0.8141,PHASE_3_FINAL_ALIGNING,-99.09,-9.94,534.7,89.1,1.41,-199,199
6266,12:16:36.934,ROI,160,160,160,160,15.61,16.31,0.0,23.95,61.30,533.35,89.47,73.81,65.23,0.9476,15.7700,-106.6500,0.0000,0.0000,0.8152,0,-106.6500,1337.4435,1325.4591,0.1920,1335.5131,0.8389,PHASE_3_FINAL_ALIGNING,-99.09,-5.40,534.7,89.1,1.40,-108,108
6267,12:16:36.981,ROI,160,160,160,160,10.54,11.30,0.0,0.0,88.46,532.96,89.38,73.24,65.01,0.9861,16.2000,-107.9200,0.0000,0.0000,0.8396,0,-107.9200,1341.4647,1321.6602,0.1752,1338.5117,0.8509,PHASE_3_FINAL_ALIGNING,-99.09,-2.40,534.7,89.1,1.76,-48,48
6268,12:16:37.095,ROI,160,160,160,160,10.72,11.78,0.0,33.175,84.87,532.78,89.61,71.38,64.53,0.9674,14.2800,-103.7600,0.0000,0.0000,0.8312,0,-103.7600,1345.2446,1315.5659,0.1653,1341.0342,0.8581,PHASE_3_FINAL_ALIGNING,-99.09,0.12,534.7,89.1,1.99,3,-3
6269,12:16:37.160,ROI,160,160,160,160,10.25,11.01,7.425,0.0,90.84,533.00,90.17,70.59,65.03,0.9721,13.7000,-101.5400,0.0000,0.0000,0.8233,0,-101.5400,1348.1810,1307.9495,0.1516,1342.8839,0.8683,PHASE_3_FINAL_ALIGNING,-99.09,1.97,534.7,89.1,2.01,40,-40
6270,12:16:37.223,ROI,160,160,160,160,11.32,12.18,7.5,0.0,82.08,533.03,90.07,70.10,64.41,0.9836,14.2400,-102.4600,0.0000,0.0000,0.7947,0,-102.4600,1349.6906,1296.7353,0.1438,1343.0326,0.8743,PHASE_3_FINAL_ALIGNING,-99.09,2.12,534.7,89.1,1.93,42,-42
6271,12:16:37.269,ROI,160,160,160,160,11.52,12.36,0.0,31.6,80.89,532.93,90.02,69.68,64.82,0.9878,14.1600,-101.4600,0.0000,0.0000,0.7956,0,-101.4600,1351.4484,1285.6985,0.1368,1343.5338,0.8796,PHASE_3_FINAL_ALIGNING,-99.09,2.62,534.7,89.1,1.99,52,-52
6272,12:16:37.335,ROI,160,160,160,160,13.19,14.02,0.0,27.875,71.31,532.53,90.85,69.29,65.18,0.9638,14.7600,-102.4600,0.0000,0.0000,0.8304,0,-102.4600,1351.6737,1294.0234,0.1199,1345.5034,0.8930,PHASE_3_FINAL_ALIGNING,-99.09,4.59,534.7,89.1,2.79,92,-92
6273,12:16:37.397,ROI,160,160,160,160,11.03,11.85,8.05,32.95,84.36,532.51,90.93,69.64,65.41,0.9915,14.4100,-101.7900,0.0000,0.0000,0.8285,0,-101.7900,1351.0598,1304.3603,0.1139,1346.2847,0.8977,PHASE_3_FINAL_ALIGNING,-99.09,5.37,534.7,89.1,2.85,108,-108
6274,12:16:37.446,ROI,160,160,160,160,13.71,14.58,0.0,26.8,68.61,532.39,90.90,69.86,65.52,0.9949,14.5600,-102.0600,0.0000,0.0000,0.8322,0,-102.0600,1349.3583,1314.9058,0.1112,1345.9115,0.9000,PHASE_3_FINAL_ALIGNING,-99.09,5.00,534.7,89.1,2.93,100,-100
6275,12:16:37.574,ROI,160,160,160,160,11.63,12.47,0.0,0.0,80.18,532.38,91.05,69.91,65.94,0.9929,14.4900,-102.0000,0.0000,0.0000,0.8318,0,-102.0000,1347.6098,1327.4919,0.1269,1345.3436,0.8874,PHASE_3_FINAL_ALIGNING,-99.09,4.43,534.7,89.1,3.03,89,-89
6276,12:16:37.623,ROI,160,160,160,160,9.94,11.17,0.0,0.0,89.49,533.52,90.40,69.24,65.73,0.9491,16.3100,-101.2400,0.0000,0.0000,0.8497,0,-101.2400,1346.5605,1324.8939,0.1128,1344.3642,0.8986,PHASE_3_FINAL_ALIGNING,-99.09,3.45,534.7,89.1,1.76,69,-69
6277,12:16:37.685,ROI,160,160,160,160,10.59,11.39,7.65,0.0,87.81,532.73,89.87,69.64,64.92,0.9620,14.4800,-101.1800,0.0000,0.0000,0.8121,0,-101.1800,1344.8290,1327.6665,0.1093,1343.1382,0.9015,PHASE_3_FINAL_ALIGNING,-99.09,2.23,534.7,89.1,2.12,45,-45
6278,12:16:37.750,ROI,160,160,160,160,14.38,15.35,0.0,25.45,65.15,532.61,90.54,69.89,65.23,0.9761,13.0000,-99.9500,0.0000,0.0000,0.8078,0,-99.9500,1344.0281,1328.9939,0.1271,1342.3324,0.8872,PHASE_3_FINAL_ALIGNING,-99.09,1.42,534.7,89.1,2.54,28,-28
6279,12:16:37.798,ROI,160,160,160,160,11.21,12.00,0.0,0.0,83.35,532.39,91.15,70.16,65.53,0.9754,14.5500,-101.4600,0.0000,0.0000,0.8285,0,-101.4600,1343.1553,1331.2902,0.1332,1341.7603,0.8824,PHASE_3_FINAL_ALIGNING,-99.09,0.85,534.7,89.1,3.09,17,-17
6280,12:16:37.862,ROI,160,160,160,160,9.83,10.76,0.0,36.3,92.93,533.70,90.50,70.11,65.61,0.9448,16.5100,-101.4500,0.0000,0.0000,0.8491,0,-101.4500,1341.7871,1335.0268,0.1160,1341.0844,0.8961,PHASE_3_FINAL_ALIGNING,-99.09,0.17,534.7,89.1,1.72,3,-3
6281,12:16:37.910,ROI,160,160,160,160,9.29,10.07,0.0,0.0,99.32,532.80,90.30,70.54,64.99,0.9657,14.4600,-99.9500,0.0000,0.0000,0.8057,0,-99.9500,1341.2922,1338.5632,0.0897,1341.0677,0.9177,PHASE_3_FINAL_ALIGNING,-99.09,0.16,534.7,89.1,2.25,3,-3
6282,12:16:38.039,ROI,160,160,160,160,9.72,10.43,0.0,0.0,95.87,532.57,91.23,71.02,65.19,0.9653,14.7400,-101.6200,0.0000,0.0000,0.8350,0,-101.6200,1340.7588,1340.6898,0.0903,1340.7531,0.9172,PHASE_3_FINAL_ALIGNING,-99.09,-0.16,534.7,89.1,3.01,-3,3
6283,12:16:38.085,ROI,160,160,160,160,9.37,10.43,0.0,37.425,95.83,533.89,90.88,70.89,66.39,0.9464,16.0500,-101.3400,0.0000,0.0000,0.8345,0,-101.3400,1340.0684,1346.0671,0.0740,1340.4818,0.9311,PHASE_4_FORWARD,-99.09,-0.43,534.7,89.1,1.96,2000,2000
6284,12:16:38.150,ROI,160,160,160,160,11.86,12.61,0.0,30.975,79.31,533.30,90.01,71.64,64.49,0.9558,15.0900,-101.1200,0.0000,0.0000,0.8013,0,-101.1200,1339.8071,1355.2873,0.0538,1340.5971,0.9490,PHASE_4_FORWARD,-99.09,-0.31,534.7,89.1,1.67,2000,2000
6285,12:16:38.214,ROI,160,160,160,160,10.77,11.46,0.0,34.1,87.28,533.31,89.99,72.14,64.47,0.9925,15.3300,-101.8400,0.0000,0.0000,0.8070,0,-101.8400,1339.1604,1369.8441,0.0379,1340.2818,0.9635,PHASE_4_FORWARD,-99.09,-0.63,534.7,89.1,1.65,2000,2000
6286,12:16:38.261,ROI,160,160,160,160,11.17,11.90,0.0,32.825,84.06,532.38,90.08,70.82,64.23,0.9707,13.2000,-101.7900,0.0000,0.0000,0.7870,0,-101.7900,1338.8794,1354.3027,0.0209,1339.1958,0.9795,PHASE_4_FORWARD,-99.09,-1.71,534.7,89.1,2.52,2000,2000
6287,12:16:38.327,ROI,160,160,160,160,9.93,10.84,0.0,0.0,92.25,532.65,91.02,72.03,65.09,0.9551,15.2100,-102.5000,0.0000,0.0000,0.8406,0,-102.5000,1338.6651,1337.9899,0.0187,1338.6528,0.9817,PHASE_4_FORWARD,-99.09,-2.26,534.7,89.1,2.81,2000,2000
6288,12:16:38.390,ROI,160,160,160,160,10.17,10.94,7.475,0.0,91.40,533.85,90.56,71.58,66.63,0.9452,16.4000,-102.3900,0.0000,0.0000,0.8373,0,-102.3900,1338.3881,1323.8743,0.0403,1337.8252,0.9612,PHASE_4_FORWARD,-99.09,-3.08,534.7,89.1,1.69,2000,2000
6289,12:16:38.502,ROI,160,160,160,160,11.19,11.89,0.0,32.85,84.09,533.17,89.90,71.85,64.52,0.9505,14.6200,-102.1800,0.0000,0.0000,0.7952,0,-102.1800,1338.2639,1315.8421,0.0548,1337.0997,0.9481,PHASE_4_FORWARD,-99.09,-3.81,534.7,89.1,1.73,2000,2000
6290,12:16:38.566,ROI,160,160,160,160,12.78,13.61,0.0,0.0,73.49,531.90,90.32,71.05,64.85,0.9529,13.5500,-103.2000,0.0000,0.0000,0.8151,0,-103.2000,1337.8324,1313.6564,0.0363,1336.9855,0.9650,PHASE_4_FORWARD,-99.09,-3.92,534.7,89.1,3.05,2000,2000
6291,12:16:38.615,ROI,160,160,160,160,9.94,10.69,11.275,0.0,93.58,532.58,90.69,74.30,65.53,0.9455,14.7700,-104.0200,0.0000,0.0000,0.8387,0,-104.0200,1337.3205,1315.3993,0.0216,1336.8563,0.9788,PHASE_4_FORWARD,-99.09,-4.05,534.7,89.1,2.65,2000,2000
6292,12:16:38.679,ROI,160,160,160,160,13.61,14.50,0.0,26.95,68.97,532.51,91.39,73.67,65.90,0.9707,14.7500,-104.1700,0.0000,0.0000,0.8180,0,-104.1700,1336.7871,1302.7631,0.0117,1336.3945,0.9885,PHASE_4_FORWARD,-99.09,-4.52,534.7,89.1,3.17,2000,2000
6293,12:16:38.727,ROI,160,160,160,160,13.79,15.10,0.0,25.875,66.22,532.38,91.76,73.07,66.16,0.9809,15.4600,-103.0500,0.0000,0.0000,0.8267,0,-103.0500,1336.5265,1298.8248,0.0450,1334.9018,0.9569,PHASE_4_FORWARD,-99.09,-6.01,534.7,89.1,3.53,2000,2000
6294,12:16:38.790,ROI,160,160,160,160,9.57,10.31,0.0,37.9,96.98,532.03,91.77,73.03,65.81,0.9852,15.4900,-104.1600,0.0000,0.0000,0.8342,0,-104.1600,1336.1417,1298.0840,0.0603,1333.9761,0.9431,PHASE_4_FORWARD,-99.09,-6.93,534.7,89.1,3.78,2000,2000
6295,12:16:38.902,ROI,160,160,160,160,10.45,11.21,0.0,0.0,89.23,530.40,92.88,71.36,66.36,0.9250,14.1300,-103.2000,0.0000,0.0000,0.8333,0,-103.2000,1336.0112,1295.6652,0.1071,1332.1079,0.9033,PHASE_4_FORWARD,-99.09,-8.80,534.7,89.1,5.73,2000,2000
6296,12:16:38.967,ROI,160,160,160,160,12.30,13.03,0.0,0.0,76.74,528.60,93.51,70.71,66.42,0.9331,16.3000,-105.1000,0.0000,0.0000,0.8876,0,-105.1000,1335.6640,1291.2679,0.1899,1328.5780,0.8404,PHASE_4_FORWARD,-99.09,-12.33,534.7,89.1,7.53,2000,2000
6297,12:16:39.030,ROI,160,160,160,160,10.69,11.46,0.0,0.0,87.26,529.34,94.54,71.23,67.73,0.9500,15.6600,-101.4700,0.0000,0.0000,0.8714,0,-101.4700,1335.9823,1288.6050,0.2748,1325.7705,0.7845,PHASE_4_FORWARD,-99.09,-15.14,534.7,89.1,7.64,2000,2000
6298,12:16:39.078,ROI,160,160,160,160,11.48,12.26,0.0,0.0,81.55,527.44,95.46,68.89,67.80,0.9225,16.0600,-106.7300,0.0000,0.0000,0.9033,0,-106.7300,1335.2253,1287.7300,0.3588,1322.6837,0.7359,PHASE_4_FORWARD,-99.09,-18.23,534.7,89.1,9.65,2000,2000
6299,12:16:39.142,ROI,160,160,160,160,10.49,11.64,0.0,33.55,85.92,527.91,96.58,71.08,70.07,0.9378,16.2300,-105.1200,0.0000,0.0000,0.8865,0,-105.1200,1335.0571,1288.2389,0.4442,1320.6568,0.6924,PHASE_4_FORWARD,-99.09,-20.25,534.7,89.1,10.10,2000,2000
6300,12:16:39.205,ROI,160,160,160,160,10.54,11.26,0.0,0.0,88.82,526.91,100.08,75.00,74.31,0.8609,16.7900,-107.4100,0.0000,0.0000,0.9012,0,-107.4100,1334.3253,1290.0809,0.5868,1317.9636,0.6302,PHASE_4_FORWARD,-99.09,-22.95,534.7,89.1,13.46,2000,2000
6301,12:16:39.256,ROI,160,160,160,160,9.74,10.60,0.0,0.0,94.36,526.17,100.05,72.51,72.85,0.9478,16.4500,-105.1300,0.0000,0.0000,0.8662,0,-105.1300,1334.1929,1295.1001,0.6967,1318.1407,0.5894,PHASE_4_FORWARD,-99.09,-22.77,534.7,89.1,13.88,2000,2000
6302,12:16:39.382,ROI,160,160,160,160,10.19,10.94,0.0,35.725,91.39,523.73,103.80,76.37,75.54,0.8483,16.5400,-104.5200,0.0000,0.0000,0.8926,0,-104.5200,1334.2763,1303.4304,0.8549,1320.0595,0.5391,PHASE_4_FORWARD,-99.09,-20.85,534.7,89.1,18.34,2000,2000
6303,12:16:39.429,ROI,160,160,160,160,9.86,10.67,0.0,36.625,93.72,522.57,105.82,74.77,74.67,0.9196,17.7000,-103.8500,0.0000,0.0000,0.8692,0,-103.8500,1334.4765,1316.7169,1.0192,1325.5125,0.4953,PHASE_4_FORWARD,-99.09,-15.40,534.7,89.1,20.66,2000,2000
6304,12:16:39.494,ROI,160,160,160,160,10.28,11.40,0.0,34.25,87.71,522.25,106.65,76.32,75.89,0.9584,16.7700,-106.7800,0.0000,0.0000,0.8669,0,-106.7800,1334.1178,1316.4220,1.1712,1324.5723,0.4606,PHASE_4_FORWARD,-99.09,-16.34,534.7,89.1,21.52,2000,2000
6305,12:16:39.558,ROI,160,160,160,160,10.15,11.19,0.0,34.925,89.37,521.33,107.81,76.01,75.47,0.9470,17.4400,-105.7300,0.0000,0.0000,0.8800,0,-105.7300,1333.9826,1314.6971,1.3214,1323.0049,0.4308,PHASE_4_FORWARD,-99.09,-17.91,534.7,89.1,23.00,2000,2000
6306,12:16:39.607,ROI,160,160,160,160,9.88,10.70,10.225,0.0,93.45,519.47,108.98,74.85,71.25,0.8995,17.3300,-107.7500,0.0000,0.0000,0.8822,0,-107.7500,1333.5029,1313.3871,1.4445,1321.6160,0.4091,PHASE_4_FORWARD,-99.09,-19.29,534.7,89.1,25.04,2000,2000
6307,12:16:39.669,ROI,160,160,160,160,11.38,12.40,0.0,0.0,80.62,519.00,109.98,75.20,70.88,0.9603,17.7800,-107.6200,0.0000,0.0000,0.8876,0,-107.6200,1333.1672,1313.8095,1.5354,1321.4444,0.3944,PHASE_4_FORWARD,-99.09,-19.47,534.7,89.1,26.12,2000,2000
6308,12:16:39.734,ROI,160,160,160,160,10.09,10.79,0.0,0.0,92.67,517.51,111.84,76.92,72.42,0.9136,17.9700,-110.7300,0.0000,0.0000,0.9040,0,-110.7300,1332.1770,1316.3567,1.6380,1322.3537,0.3791,PHASE_4_FORWARD,-99.09,-18.56,534.7,89.1,28.51,2000,2000
6309,12:16:39.781,ROI,160,160,160,160,11.24,11.99,0.0,0.0,83.40,516.84,112.78,76.75,72.47,0.9577,17.6900,-107.0400,0.0000,0.0000,0.8857,0,-107.0400,1331.9831,1320.7610,1.7060,1324.9081,0.3695,PHASE_4_FORWARD,-99.09,-16.00,534.7,89.1,29.66,2000,2000
6310,12:16:39.911,ROI,160,160,160,160,17.07,18.19,0.0,0.0,54.97,514.00,114.80,79.05,74.18,0.8812,18.0600,-110.2900,0.0000,0.0000,0.9115,0,-110.2900,1331.1603,1317.8367,1.7876,1322.6162,0.3587,PHASE_4_FORWARD,-99.09,-18.29,534.7,89.1,33.00,2000,2000
6311,12:16:39.960,ROI,160,160,160,160,18.84,19.97,0.0,0.0,50.06,513.16,117.97,82.54,75.02,0.8810,17.8100,-107.9600,0.0000,0.0000,0.8825,0,-107.9600,1331.0462,1318.4327,1.8693,1322.8288,0.3485,PHASE_4_FORWARD,-99.09,-18.08,534.7,89.1,36.02,2000,2000
6312,12:16:40.025,ROI,160,160,192,192,14.10,15.56,8.7,25.1,64.25,513.38,119.66,82.52,77.15,0.9514,14.7200,-109.3400,0.0000,0.0000,0.8824,0,-109.3400,1330.6125,1320.0309,1.9104,1323.6667,0.3436,PHASE_4_FORWARD,-99.09,-17.24,534.7,89.1,37.26,2000,2000
6313,12:16:40.069,ROI,160,160,192,192,14.95,15.82,13.625,24.7,63.21,512.11,121.89,83.44,74.83,0.9155,12.9900,-106.2100,0.0000,0.0000,0.8455,0,-106.2100,1331.0169,1320.3100,1.9633,1323.9232,0.3375,PHASE_4_FORWARD,-99.09,-16.99,534.7,89.1,39.82,2000,2000
6314,12:16:40.135,ROI,160,160,192,192,13.46,14.47,0.0,26.975,69.09,511.84,123.20,84.07,75.83,0.9587,12.9000,-104.7600,0.0000,0.0000,0.8412,0,-104.7600,1331.5598,1319.6763,1.9968,1323.6416,0.3337,PHASE_4_FORWARD,-99.09,-17.27,534.7,89.1,41.05,2000,2000
6315,12:16:40.198,ROI,160,160,192,192,16.28,17.27,8.1,22.625,57.91,510.99,125.60,85.10,77.22,0.9206,14.6300,-105.7000,0.0000,0.0000,0.8652,0,-105.7000,1332.3077,1319.2804,2.0129,1323.6043,0.3319,PHASE_4_FORWARD,-99.09,-17.31,534.7,89.1,43.53,2000,2000
6316,12:16:40.249,ROI,160,160,192,192,18.00,18.97,0.0,0.0,52.71,510.17,127.32,83.96,76.40,0.9383,15.3600,-109.6000,0.0000,0.0000,0.8654,0,-109.6000,1331.7471,1318.7934,2.0230,1323.0785,0.3308,PHASE_4_FORWARD,-99.09,-17.83,534.7,89.1,45.41,2000,2000
6317,12:16:40.373,ROI,160,160,192,192,9.65,10.50,0.0,0.0,95.22,505.60,130.60,80.42,77.77,0.8253,16.5700,-109.2600,0.0000,0.0000,0.9052,0,-109.2600,1331.4854,1318.1394,2.0637,1322.4956,0.3264,PHASE_4_FORWARD,-99.09,-18.41,534.7,89.1,50.69,2000,2000
6318,12:16:40.422,ROI,160,160,192,192,14.70,16.08,0.0,0.0,62.20,505.34,131.82,80.88,77.66,0.9629,16.7600,-113.0600,0.0000,0.0000,0.8874,0,-113.0600,1330.2640,1317.8791,2.1094,1321.8621,0.3216,PHASE_4_FORWARD,-99.09,-19.05,534.7,89.1,51.84,2000,2000
6319,12:16:40.487,ROI,160,160,192,192,15.91,16.86,0.0,0.0,59.33,504.48,134.08,83.62,78.61,0.9136,15.8300,-109.6900,0.0000,0.0000,0.8920,0,-109.6900,1330.0849,1317.8981,2.1248,1321.7981,0.3200,PHASE_4_FORWARD,-99.09,-19.11,534.7,89.1,54.19,2000,2000
6320,12:16:40.549,ROI,160,160,192,192,13.38,14.24,0.0,0.0,70.21,503.29,136.59,84.72,79.90,0.9131,16.3400,-111.6600,0.0000,0.0000,0.8738,0,-111.6600,1329.6504,1318.0662,2.1932,1321.6940,0.3132,PHASE_4_FORWARD,-99.09,-19.22,534.7,89.1,56.94,2000,2000
6321,12:16:40.599,ROI,160,160,192,192,10.91,11.73,0.0,0.0,85.23,501.48,139.49,83.51,80.88,0.8924,14.8900,-107.4700,0.0000,0.0000,0.8678,0,-107.4700,1330.2731,1318.3726,2.2876,1321.9925,0.3042,PHASE_4_FORWARD,-99.09,-18.92,534.7,89.1,60.36,2000,2000
6322,12:16:40.661,ROI,160,160,192,192,10.48,11.34,0.0,0.0,88.18,499.44,139.61,81.67,80.05,0.9423,16.5400,-112.3700,0.0000,0.0000,0.8557,0,-112.3700,1329.6309,1318.6044,2.3375,1321.9082,0.2996,PHASE_4_FORWARD,-99.09,-19.00,534.7,89.1,61.60,2000,2000
6323,12:16:40.726,ROI,160,160,192,192,9.54,10.56,0.0,0.0,94.70,497.08,143.32,81.30,83.51,0.8640,16.4300,-110.8100,0.0000,0.0000,0.8905,0,-110.8100,1329.5227,1318.8149,2.4107,1321.9544,0.2932,PHASE_4_FORWARD,-99.09,-18.96,534.7,89.1,65.99,2000,2000
6324,12:16:40.775,ROI,160,160,192,192,17.82,18.88,0.0,20.7,52.95,497.65,144.92,84.13,84.24,0.9306,16.1900,-110.4900,0.0000,0.0000,0.8573,0,-110.4900,1329.3447,1319.0419,2.4526,1322.0259,0.2896,PHASE_4_FORWARD,-99.09,-18.88,534.7,89.1,67.00,2000,2000
6325,12:16:40.887,ROI,160,160,192,192,12.46,13.39,4.175,0.0,74.69,493.93,148.88,83.96,85.27,0.8366,14.7200,-106.4100,0.0000,0.0000,0.8432,0,-106.4100,1330.0643,1319.1565,2.5228,1322.2529,0.2839,PHASE_4_FORWARD,-99.09,-18.66,534.7,89.1,72.36,2000,2000
6326,12:16:40.951,ROI,160,160,192,192,12.14,14.44,0.0,27.075,69.26,493.17,150.86,84.42,84.92,0.9380,14.8900,-109.5500,0.0000,0.0000,0.8638,0,-109.5500,1329.7744,1319.1110,2.5803,1322.0893,0.2793,PHASE_4_FORWARD,-99.09,-18.82,534.7,89.1,74.42,2000,2000
6327,12:16:41.014,ROI,160,160,192,192,11.47,12.31,0.0,0.0,81.26,492.21,152.52,82.81,84.97,0.9402,14.8800,-109.1200,0.0000,0.0000,0.8510,0,-109.1200,1329.9618,1318.9598,2.5992,1322.0166,0.2778,PHASE_4_FORWARD,-99.09,-18.89,534.7,89.1,76.34,2000,2000
6328,12:16:41.061,ROI,160,160,192,192,14.54,15.36,0.0,0.0,65.11,491.66,152.96,83.30,83.57,0.9708,14.8100,-110.0000,0.0000,0.0000,0.8686,0,-110.0000,1329.6445,1318.5212,2.5969,1321.6137,0.2780,PHASE_4_FORWARD,-99.09,-19.30,534.7,89.1,77.01,2000,2000
6329,12:16:41.127,ROI,160,160,192,192,16.25,17.20,0.0,0.0,58.13,488.80,155.91,85.19,84.37,0.8727,15.9500,-109.9200,0.0000,0.0000,0.8564,0,-109.9200,1329.5974,1317.9072,2.6360,1321.1223,0.2750,PHASE_4_BACKWARD,-99.09,-19.79,534.7,89.1,81.06,-2000,-2000
6330,12:16:41.189,ROI,160,160,192,192,12.17,13.21,8.6,29.6,75.72,488.40,157.06,87.01,84.42,0.9529,15.7800,-108.6700,0.0000,0.0000,0.8512,0,-108.6700,1329.6871,1317.3074,2.6282,1320.7194,0.2756,PHASE_4_BACKWARD,-99.09,-20.19,534.7,89.1,82.24,-2000,-2000
6331,12:16:41.301,ROI,160,160,192,192,11.75,12.79,0.0,0.0,78.21,484.72,159.84,89.47,84.08,0.8636,14.4600,-110.2600,0.0000,0.0000,0.8394,0,-110.2600,1329.7875,1316.6018,2.6547,1320.2097,0.2736,PHASE_4_BACKWARD,-99.09,-20.70,534.7,89.1,86.62,-2000,-2000
6332,12:16:41.366,ROI,160,160,192,192,11.40,12.64,0.0,30.925,79.14,482.36,163.57,91.58,87.36,0.8714,16.5500,-111.2100,0.0000,0.0000,0.8489,0,-111.2100,1329.9256,1315.8317,2.6863,1319.6550,0.2713,PHASE_4_BACKWARD,-99.09,-21.25,534.7,89.1,91.03,-2000,-2000
6333,12:16:41.414,ROI,160,160,192,192,10.41,11.19,0.0,34.9,89.35,482.12,165.44,87.83,87.56,0.9198,17.8700,-112.0600,0.0000,0.0000,0.8678,0,-112.0600,1329.8984,1315.2306,2.6918,1319.2037,0.2709,PHASE_4_BACKWARD,-99.09,-21.71,534.7,89.1,92.69,-2000,-2000
6334,12:16:41.479,ROI,160,160,192,192,11.06,12.25,0.0,0.0,81.65,480.75,166.08,89.92,86.18,0.9548,17.8500,-112.0000,0.0000,0.0000,0.8579,0,-112.0000,1329.5617,1314.7191,2.6556,1318.7794,0.2736,PHASE_4_BACKWARD,-99.09,-22.13,534.7,89.1,94.00,-2000,-2000
6335,12:16:41.543,ROI,160,160,192,192,10.79,11.63,7.55,0.0,86.02,479.92,167.02,89.70,86.15,0.9606,18.2900,-113.6000,0.0000,0.0000,0.8724,0,-113.6000,1328.9774,1314.0753,2.6457,1318.1630,0.2743,PHASE_4_BACKWARD,-99.09,-22.75,534.7,89.1,95.25,-2000,-2000
6336,12:16:41.590,ROI,160,160,192,192,10.30,11.28,0.0,34.65,88.67,478.96,168.58,87.96,84.71,0.9438,17.4300,-112.4500,0.0000,0.0000,0.8867,0,-112.4500,1328.2825,1313.4412,2.5985,1317.5655,0.2779,PHASE_4_BACKWARD,-99.09,-23.34,534.7,89.1,97.08,-2000,-2000
6337,12:16:41.703,ROI,160,160,192,192,11.42,12.20,3.85,0.0,81.96,478.40,169.79,88.13,83.82,0.9595,17.6600,-111.4800,0.0000,0.0000,0.8846,0,-111.4800,1328.1498,1312.8961,2.5264,1317.2217,0.2836,PHASE_4_BACKWARD,-99.09,-23.69,534.7,89.1,98.39,-2000,-2000
6338,12:16:41.766,ROI,160,160,192,192,10.92,11.72,7.6,0.0,85.35,478.04,170.43,88.91,82.69,0.9762,17.9300,-113.1300,0.0000,0.0000,0.8794,0,-113.1300,1327.4919,1312.5133,2.4291,1316.8813,0.2916,PHASE_4_BACKWARD,-99.09,-24.03,534.7,89.1,99.12,-2000,-2000
6339,12:16:41.829,ROI,160,160,192,192,12.95,13.70,7.625,0.0,72.99,477.99,170.72,88.52,82.10,0.9886,17.4700,-113.9700,0.0000,0.0000,0.8733,0,-113.9700,1327.1534,1312.3406,2.3163,1316.8073,0.3015,PHASE_4_BACKWARD,-99.09,-24.10,534.7,89.1,99.39,-2000,-2000
6340,12:16:41.878,ROI,160,160,192,192,11.60,12.63,10.95,30.95,79.19,477.68,171.00,88.84,81.95,0.9865,18.2100,-114.4800,0.0000,0.0000,0.8772,0,-114.4800,1326.2801,1312.1461,2.1556,1316.6252,0.3169,PHASE_4_BACKWARD,-99.09,-24.28,534.7,89.1,99.79,-2000,-2000
6341,12:16:41.942,ROI,160,160,192,192,14.80,15.96,0.0,24.475,62.65,477.34,171.44,89.14,82.04,0.9816,18.2400,-114.4400,0.0000,0.0000,0.8702,0,-114.4400,1325.6254,1311.9408,2.0121,1316.4840,0.3320,PHASE_4_BACKWARD,-99.09,-24.43,534.7,89.1,100.35,-2000,-2000
6342,12:16:42.007,ROI,160,160,192,192,17.78,18.91,0.0,0.0,52.88,477.35,171.94,89.32,82.39,0.9860,17.6300,-113.4900,0.0000,0.0000,0.8788,0,-113.4900,1325.2643,1311.9315,1.8228,1316.6548,0.3543,PHASE_4_BACKWARD,-99.09,-24.26,534.7,89.1,100.75,-2000,-2000
6343,12:16:42.055,ROI,160,160,192,192,10.00,11.12,0.0,0.0,89.97,477.13,172.12,89.42,82.63,0.9909,17.6300,-113.4300,0.0000,0.0000,0.8773,0,-113.4300,1325.4215,1311.9960,1.6745,1317.0158,0.3739,PHASE_4_BACKWARD,-99.09,-23.89,534.7,89.1,101.02,-2000,-2000
6344,12:16:42.183,ROI,160,160,192,192,20.92,22.14,0.0,35.3,45.17,476.28,172.41,90.17,83.27,0.9737,18.1700,-113.8700,0.0000,0.0000,0.8880,0,-113.8700,1325.2629,1312.1495,1.5201,1317.3530,0.3968,PHASE_4_BACKWARD,-99.09,-23.56,534.7,89.1,101.75,-2000,-2000
6345,12:16:42.231,ROI,160,160,192,192,17.26,18.56,0.0,42.1,53.87,476.30,172.32,89.38,83.16,0.9892,18.5600,-113.6700,0.0000,0.0000,0.8873,0,-113.6700,1325.2688,1312.4368,1.3452,1317.9083,0.4264,PHASE_4_BACKWARD,-99.09,-23.00,534.7,89.1,101.67,-2000,-2000
6346,12:16:42.296,ROI,160,160,192,192,17.91,19.17,8.425,40.75,52.17,476.41,172.35,89.26,83.16,0.9970,18.5200,-113.7400,0.0000,0.0000,0.8850,0,-113.7400,1325.2425,1312.8045,1.1305,1318.6425,0.4694,PHASE_4_BACKWARD,-99.09,-22.27,534.7,89.1,101.63,-2000,-2000
6347,12:16:42.343,ROI,160,160,192,192,18.33,20.46,0.0,38.2,48.88,476.38,172.34,89.53,83.27,0.9956,18.6100,-113.8900,0.0000,0.0000,0.8836,0,-113.8900,1325.2599,1313.1582,0.9449,1319.3806,0.5142,PHASE_4_BACKWARD,-99.09,-21.53,534.7,89.1,101.63,-2000,-2000
6348,12:16:42.407,ROI,160,160,192,192,17.25,18.56,0.0,42.1,53.88,476.60,172.08,89.89,83.75,0.9892,18.6900,-113.3400,0.0000,0.0000,0.8865,0,-113.3400,1325.5984,1313.6962,0.7340,1320.5600,0.5767,PHASE_4_BACKWARD,-99.09,-20.35,534.7,89.1,101.30,-2000,-2000
6349,12:16:42.519,ROI,160,160,192,192,17.68,19.28,0.0,20.25,51.85,477.42,170.52,89.70,84.04,0.9464,18.9200,-113.9500,0.0000,0.0000,0.8896,0,-113.9500,1325.7174,1313.8461,0.5393,1321.5582,0.6496,PHASE_4_BACKWARD,-99.09,-19.35,534.7,89.1,99.56,-2000,-2000
6350,12:16:42.555,ROI,160,160,192,192,23.21,24.62,0.0,31.725,40.61,477.78,170.73,88.44,82.50,0.9679,18.0200,-112.9600,0.0000,0.0000,0.8883,0,-112.9600,1325.9981,1313.7631,0.4038,1322.4790,0.7124,PHASE_4_BACKWARD,-99.09,-18.43,534.7,89.1,99.52,-2000,-2000
6351,12:16:42.647,ROI,160,160,192,192,18.11,19.39,5.8,20.15,51.58,478.40,169.65,90.10,84.18,0.9566,18.7800,-113.0800,0.0000,0.0000,0.8872,0,-113.0800,1326.1906,1313.9649,0.2611,1323.6592,0.7929,PHASE_4_BACKWARD,-99.09,-17.25,534.7,89.1,98.27,-2000,-2000
6352,12:16:42.694,ROI,160,160,192,192,13.98,15.23,14.1,0.0,65.64,478.59,169.13,87.82,83.12,0.9625,18.5000,-111.4400,0.0000,0.0000,0.8928,0,-111.4400,1326.7433,1313.4624,0.1239,1325.2793,0.8898,PHASE_4_BACKWARD,-99.09,-15.63,534.7,89.1,97.74,-2000,-2000
6353,12:16:42.759,ROI,160,160,192,192,14.32,15.37,0.0,0.0,65.07,480.29,167.25,87.86,83.80,0.9202,17.1900,-112.5400,0.0000,0.0000,0.8267,0,-112.5400,1326.8832,1317.1614,0.0432,1326.4808,0.9586,PHASE_4_BACKWARD,-99.09,-14.43,534.7,89.1,95.22,-2000,-2000
6354,12:16:42.823,ROI,160,160,192,192,15.66,16.76,0.0,23.3,59.67,480.04,166.05,89.06,84.48,0.9590,18.8700,-113.6700,0.0000,0.0000,0.8542,0,-113.6700,1326.9011,1319.0007,0.1875,1325.6538,0.8421,PHASE_4_BACKWARD,-99.09,-15.26,534.7,89.1,94.39,-2000,-2000
6355,12:16:42.870,ROI,160,160,192,192,19.26,20.51,0.0,38.1,48.75,481.37,164.86,87.26,87.26,0.9400,16.7200,-111.9700,0.0000,0.0000,0.8123,0,-111.9700,1327.3960,1319.9957,0.3299,1325.5604,0.7520,PHASE_4_BACKWARD,-99.09,-15.35,534.7,89.1,92.65,-2000,-2000
6356,12:16:42.935,ROI,160,160,192,192,14.32,15.44,8.775,0.0,64.78,481.53,163.52,87.37,85.78,0.9660,18.1200,-112.8800,0.0000,0.0000,0.8420,0,-112.8800,1327.5300,1320.8476,0.4682,1325.3991,0.6811,PHASE_4_BACKWARD,-99.09,-15.51,534.7,89.1,91.46,-2000,-2000
6357,12:16:42.982,ROI,160,160,192,192,14.67,15.63,12.3,25.0,63.97,482.99,162.75,87.23,86.40,0.9501,17.3900,-114.1200,0.0000,0.0000,0.8470,0,-114.1200,1327.3125,1321.2367,0.6097,1325.0111,0.6212,PHASE_4_BACKWARD,-99.09,-15.90,534.7,89.1,89.99,-2000,-2000
6358,12:16:43.110,ROI,160,160,192,192,11.95,12.95,0.0,0.0,77.21,487.18,158.24,85.93,83.94,0.8201,16.3100,-111.4200,0.0000,0.0000,0.7897,0,-111.4200,1327.5935,1320.9940,0.8307,1324.5989,0.5462,PHASE_4_BACKWARD,-99.09,-16.31,534.7,89.1,83.90,-2000,-2000
6359,12:16:43.158,ROI,160,160,192,192,11.46,12.40,0.0,0.0,80.64,488.51,155.60,85.45,83.74,0.9110,15.1500,-109.7000,0.0000,0.0000,0.8006,0,-109.7000,1328.1774,1320.4587,1.0600,1324.2055,0.4854,PHASE_4_BACKWARD,-99.09,-16.70,534.7,89.1,80.97,-2000,-2000
6360,12:16:43.224,ROI,160,160,192,192,13.12,14.59,0.0,26.775,68.54,489.49,154.92,84.49,85.84,0.9538,15.4200,-107.8700,0.0000,0.0000,0.8649,0,-107.8700,1329.1582,1319.6818,1.2614,1323.8723,0.4422,PHASE_4_BACKWARD,-99.09,-17.04,534.7,89.1,79.85,-2000,-2000
6361,12:16:43.288,ROI,160,160,192,192,11.99,13.32,7.9,29.325,75.05,491.18,152.02,81.66,84.78,0.8979,14.8800,-108.0300,0.0000,0.0000,0.7888,0,-108.0300,1330.0143,1318.7708,1.4732,1323.3170,0.4043,PHASE_4_BACKWARD,-99.09,-17.59,534.7,89.1,76.50,-2000,-2000
6362,12:16:43.333,ROI,160,160,192,192,11.23,12.14,0.0,32.175,82.35,492.66,150.92,84.54,85.08,0.9409,15.7000,-111.2200,0.0000,0.0000,0.8268,0,-111.2200,1330.0739,1317.7696,1.6509,1322.4112,0.3772,PHASE_4_BACKWARD,-99.09,-18.50,534.7,89.1,74.76,-2000,-2000
6363,12:16:43.398,ROI,160,160,192,192,11.53,12.52,0.0,31.2,79.85,494.22,149.45,82.92,84.98,0.9311,14.9300,-106.6300,0.0000,0.0000,0.8119,0,-106.6300,1331.0487,1316.6999,1.8115,1321.8035,0.3557,PHASE_4_BACKWARD,-99.09,-19.11,534.7,89.1,72.67,-2000,-2000
6364,12:16:43.463,ROI,160,160,192,192,11.77,13.05,0.0,0.0,76.60,494.54,148.34,83.45,84.84,0.9669,15.1300,-111.5900,0.0000,0.0000,0.7876,0,-111.5900,1330.8770,1315.6509,1.9321,1320.8439,0.3411,PHASE_4_BACKWARD,-99.09,-20.07,534.7,89.1,71.57,-2000,-2000
6365,12:16:43.511,ROI,160,160,192,192,11.96,13.00,11.3,30.05,76.92,496.58,146.15,82.97,85.27,0.9055,14.5400,-107.7200,0.0000,0.0000,0.7185,0,-107.7200,1331.4430,1314.5745,2.0427,1320.1184,0.3287,PHASE_4_BACKWARD,-99.09,-20.79,534.7,89.1,68.62,-2000,-2000
6366,12:16:43.622,ROI,160,160,192,192,12.77,13.82,0.0,0.0,72.35,497.78,143.17,81.61,83.30,0.9056,14.7000,-105.5800,0.0000,0.0000,0.7672,0,-105.5800,1332.3999,1313.6546,2.1460,1319.6131,0.3179,PHASE_4_BACKWARD,-99.09,-21.30,534.7,89.1,65.47,-2000,-2000
6367,12:16:43.686,ROI,160,160,192,192,13.45,14.97,7.775,0.0,66.82,502.03,138.86,85.79,80.00,0.8175,16.2300,-109.5100,0.0000,0.0000,0.8296,0,-109.5100,1332.3485,1312.5907,2.3146,1318.5515,0.3017,PHASE_4_BACKWARD,-99.09,-22.36,534.7,89.1,59.53,-2000,-2000
6368,12:16:43.751,ROI,160,160,192,192,17.24,18.46,0.0,21.15,54.16,503.40,138.59,87.07,81.70,0.9488,17.4700,-113.1000,0.0000,0.0000,0.8701,0,-113.1000,1331.5944,1311.3048,2.4204,1317.2368,0.2924,PHASE_4_BACKWARD,-99.09,-23.67,534.7,89.1,58.55,-2000,-2000
6369,12:16:43.797,ROI,160,160,192,192,14.96,16.22,0.0,0.0,61.65,505.54,135.72,86.94,78.42,0.8876,18.2600,-113.5800,0.0000,0.0000,0.8642,0,-113.5800,1330.7312,1310.0686,2.5285,1315.9245,0.2834,PHASE_4_BACKWARD,-99.09,-24.99,534.7,89.1,54.99,-2000,-2000
6370,12:16:43.861,ROI,160,160,192,192,12.19,13.04,8.25,29.975,76.70,505.41,133.66,84.53,78.72,0.9232,18.8800,-113.0700,0.0000,0.0000,0.9017,0,-113.0700,1330.1634,1308.5256,2.5839,1314.5630,0.2790,PHASE_4_BACKWARD,-99.09,-26.35,534.7,89.1,53.32,-2000,-2000
6371,12:16:43.926,ROI,160,160,192,192,12.16,13.03,0.0,0.0,76.73,506.70,130.59,83.87,75.94,0.8966,18.6200,-113.8200,0.0000,0.0000,0.8792,0,-113.8200,1329.3484,1309.3322,2.6536,1314.8107,0.2737,PHASE_4_BACKWARD,-99.09,-26.10,534.7,89.1,50.05,-2000,-2000
6372,12:16:43.974,ROI,160,160,192,192,11.37,12.34,0.0,31.675,81.05,507.02,130.28,81.98,76.63,0.9689,16.9400,-113.7800,0.0000,0.0000,0.8623,0,-113.7800,1328.4385,1309.7994,2.6534,1314.9013,0.2737,PHASE_4_BACKWARD,-99.09,-26.01,534.7,89.1,49.61,-2000,-2000
6373,12:16:44.086,ROI,160,160,192,192,9.53,10.31,0.0,37.875,96.97,510.25,126.22,82.26,73.84,0.8330,17.4700,-112.7200,0.0000,0.0000,0.8488,0,-112.7200,1327.9364,1310.2135,2.6863,1315.0213,0.2713,PHASE_4_BACKWARD,-99.09,-25.89,534.7,89.1,44.45,-2000,-2000
