frame_id,timestamp,mode,input_width,input_height,roi_w,roi_h,inf_time_ms,end_to_end_time_ms,cpu_load_pct,end_to_end_cpu_load_pct,fps,x_center,y_center,smooth_x,smooth_y,raw_angle,raw_angle_smooth,smooth_angle,smooth_angle_smooth,width,height,iou_prev_bbox,group1_magnitude,group1_angle,group2_magnitude,group2_angle,best_conf,tracking_lost
63,08:52:58.086,ROI,160,160,384,384,9.50,57.70,7.725,0.0,17.33,263.75,515.63,263.75,515.63,26.57,26.57,-69.40,-69.40,183.60,143.40,0.8793,11.2500,26.5700,0.0000,0.0000,0.7627,0
64,08:52:58.135,ROI,160,160,384,384,9.92,41.90,0.0,0.0,23.87,261.78,511.71,261.78,511.71,27.82,27.82,116.75,116.75,176.42,131.64,0.8821,11.8200,27.8200,0.0000,0.0000,0.8020,0
65,08:52:58.198,ROI,160,160,384,384,11.70,59.65,0.0,31.8,16.77,263.71,515.32,263.71,515.32,24.12,24.12,-61.78,-61.78,184.27,144.10,0.8746,12.4000,24.1200,0.0000,0.0000,0.7573,0
66,08:52:58.262,ROI,160,160,384,384,8.40,54.05,0.0,0.0,18.50,261.73,511.95,261.73,511.95,28.08,28.08,120.50,120.50,176.30,131.66,0.8742,11.8500,28.0800,0.0000,0.0000,0.7998,0
67,08:52:58.310,ROI,160,160,384,384,11.71,45.67,9.875,0.0,21.90,263.88,515.34,263.88,515.34,24.47,24.47,-57.61,-57.61,184.49,144.70,0.8696,12.6500,24.4700,0.0000,0.0000,0.7666,0
68,08:52:58.439,ROI,160,160,384,384,8.53,118.28,6.7,0.0,8.45,261.63,511.62,261.63,511.62,28.13,28.13,121.09,121.09,176.40,132.46,0.8753,11.7300,28.1300,0.0000,0.0000,0.8019,0
69,08:52:58.487,ROI,160,160,384,384,8.13,41.87,19.8,0.0,23.88,264.10,515.39,264.10,515.39,24.58,24.58,-56.87,-56.87,184.39,144.31,0.8781,12.6400,24.5800,0.0000,0.0000,0.7671,0
70,08:52:58.551,ROI,160,160,384,384,11.11,65.47,14.075,0.0,15.27,262.42,511.35,266.80,512.51,24.47,22.68,46.82,-646.99,175.42,131.21,0.8649,13.3200,24.4700,0.0000,0.0000,0.8296,0
71,08:52:58.615,ROI,160,160,352,352,10.98,51.81,8.375,0.0,19.30,261.58,514.63,263.58,513.25,28.56,24.90,-167.03,-663.41,187.88,141.48,0.8659,10.9900,28.5600,0.0000,0.0000,0.7744,0
72,08:52:58.663,ROI,160,160,384,384,15.68,46.52,21.45,0.0,21.50,261.98,513.11,262.67,513.23,30.49,27.19,178.74,-668.41,176.69,135.82,0.9028,11.4000,30.4900,0.0000,0.0000,0.7316,0
73,08:52:58.728,ROI,160,160,384,384,11.49,52.53,0.0,0.0,19.04,263.95,515.02,262.40,513.55,23.74,26.96,-130.04,-301.46,182.74,144.12,0.9112,12.8800,23.7400,0.0000,0.0000,0.7420,0
74,08:52:58.839,ROI,160,160,384,384,9.71,103.47,0.0,0.0,9.66,261.58,511.76,261.42,513.19,28.94,28.09,159.56,-661.72,175.99,132.86,0.8879,11.3400,28.9400,0.0000,0.0000,0.7997,0
75,08:52:58.903,ROI,160,160,352,352,7.92,55.99,14.7,0.0,17.86,262.34,514.17,261.29,513.25,28.80,29.10,-153.44,-297.10,187.33,143.77,0.8682,11.1200,28.8000,0.0000,0.0000,0.7718,0
76,08:52:58.967,ROI,160,160,384,384,10.99,61.90,13.925,0.0,16.15,261.21,513.26,261.06,513.36,28.43,29.72,-154.91,-283.76,176.93,132.48,0.8703,11.3100,28.4300,0.0000,0.0000,0.7540,0
77,08:52:59.015,ROI,160,160,384,384,11.79,42.21,10.95,0.0,23.69,264.24,514.90,261.65,514.01,23.75,28.76,-47.43,-233.36,183.36,144.07,0.8873,12.9300,23.7500,0.0000,0.0000,0.7425,0
78,08:52:59.079,ROI,160,160,384,384,10.87,56.09,23.05,0.0,17.83,261.34,512.44,261.21,513.66,29.20,29.33,141.88,-223.36,175.39,132.50,0.8797,11.9800,29.2000,0.0000,0.0000,0.7879,0
79,08:52:59.126,ROI,160,160,352,352,10.82,40.31,21.85,0.0,24.81,262.36,513.89,260.88,513.88,27.66,29.47,-146.79,-556.60,187.18,140.56,0.8834,11.4300,27.6600,0.0000,0.0000,0.7355,0
80,08:52:59.255,ROI,160,160,384,384,8.48,119.88,6.675,0.0,8.34,262.48,514.25,261.06,513.91,22.24,28.20,-9.12,-150.40,180.53,139.03,0.9540,12.9100,22.2400,0.0000,0.0000,0.7167,0
81,08:52:59.303,ROI,160,160,384,384,7.85,40.74,20.4,0.0,24.55,261.26,513.38,261.20,513.85,28.27,28.05,23.61,-95.52,177.22,132.19,0.9334,11.3100,28.2700,0.0000,0.0000,0.7583,0
82,08:52:59.366,ROI,160,160,384,384,10.51,60.58,0.0,34.15,16.51,263.95,514.97,262.15,514.36,24.20,26.54,-28.13,-55.32,182.78,144.00,0.8900,12.8400,24.2000,0.0000,0.0000,0.7463,0
83,08:52:59.431,ROI,160,160,384,384,7.94,56.05,7.325,0.0,17.84,261.75,512.68,262.13,513.83,26.96,26.25,91.78,20.90,176.95,131.93,0.8869,12.5400,26.9600,0.0000,0.0000,0.8109,0
84,08:52:59.479,ROI,160,160,384,384,11.08,45.81,9.875,0.0,21.83,263.35,515.34,262.36,514.27,22.80,24.95,-62.66,-319.09,181.94,144.94,0.8853,12.8500,22.8000,0.0000,0.0000,0.7398,0
85,08:52:59.544,ROI,160,160,384,384,10.84,58.13,14.875,0.0,17.20,261.68,511.64,262.21,513.63,29.32,26.11,103.25,85.82,176.42,133.58,0.8937,11.4100,29.3200,0.0000,0.0000,0.8051,0
86,08:52:59.607,ROI,160,160,384,384,10.93,57.15,7.6,0.0,17.50,263.78,515.34,262.67,514.17,25.19,25.39,-49.40,88.16,184.70,144.62,0.8823,11.8600,25.1900,0.0000,0.0000,0.7626,0
87,08:52:59.655,ROI,160,160,384,384,10.33,40.97,10.725,0.0,24.41,261.56,511.64,262.39,513.41,29.11,26.41,110.37,143.22,176.35,133.54,0.8816,11.3800,29.1100,0.0000,0.0000,0.8072,0
88,08:52:59.784,ROI,160,160,384,384,11.29,123.47,6.65,0.0,8.10,263.88,515.46,262.92,514.04,25.39,25.86,-50.41,130.87,184.87,144.91,0.8790,12.2100,25.3900,0.0000,0.0000,0.7681,0
89,08:52:59.831,ROI,160,160,384,384,8.08,37.22,22.275,0.0,26.87,261.54,511.81,262.56,513.34,29.20,26.78,116.92,173.79,176.54,133.22,0.8779,11.3100,29.2000,0.0000,0.0000,0.7996,0
90,08:52:59.894,ROI,160,160,384,384,10.29,59.37,14.45,0.0,16.84,263.64,515.44,262.98,513.99,24.59,26.00,-56.90,145.91,184.27,144.67,0.8823,12.1000,24.5900,0.0000,0.0000,0.7580,0
91,08:52:59.961,ROI,160,160,384,384,11.55,63.31,0.0,30.85,15.80,261.30,511.76,262.54,513.27,29.50,26.99,121.71,177.25,176.64,133.54,0.8848,11.3000,29.5000,0.0000,0.0000,0.7996,0
92,08:53:00.008,ROI,160,160,384,384,15.07,44.62,0.0,24.225,22.41,263.54,515.49,262.89,513.97,24.30,26.41,-63.59,-130.31,184.22,144.55,0.8858,12.1600,24.3000,0.0000,0.0000,0.7538,0
93,08:53:00.070,ROI,160,160,384,384,11.41,51.00,8.475,0.0,19.61,261.27,511.71,262.45,513.24,28.92,27.03,120.80,200.49,176.66,132.94,0.8819,11.4400,28.9200,0.0000,0.0000,0.8048,0
94,08:53:00.135,ROI,160,160,384,384,7.93,54.70,22.325,0.0,18.28,263.40,515.58,262.78,513.93,24.61,26.30,-64.28,218.86,184.49,144.82,0.8790,12.1300,24.6100,0.0000,0.0000,0.7539,0
95,08:53:00.183,ROI,160,160,384,384,11.21,45.84,9.9,32.15,21.82,260.96,511.78,262.27,513.24,29.12,27.18,126.76,552.81,177.07,133.51,0.8849,11.3400,29.1200,0.0000,0.0000,0.8006,0
96,08:53:00.312,ROI,160,160,384,384,12.08,123.18,0.0,0.0,8.12,263.84,517.02,262.74,514.30,26.51,26.95,-66.02,581.60,186.94,145.39,0.8698,11.8000,26.5100,0.0000,0.0000,0.7764,0
97,08:53:00.359,ROI,160,160,384,384,7.89,35.39,11.325,0.0,28.26,261.30,513.74,262.29,514.07,27.48,27.32,152.71,583.22,175.78,129.53,0.8377,12.2700,27.4800,0.0000,0.0000,0.8009,0
98,08:53:00.423,ROI,160,160,352,352,7.81,57.74,14.15,0.0,17.32,261.55,514.28,262.15,514.31,28.84,27.70,-121.03,592.45,183.19,139.30,0.8922,10.8100,28.8400,0.0000,0.0000,0.7166,0
99,08:53:00.486,ROI,160,160,384,384,8.38,57.59,7.2,0.0,17.36,261.55,513.54,261.81,514.02,29.72,28.57,139.23,589.54,177.65,136.39,0.9495,11.5300,29.7200,0.0000,0.0000,0.7307,0
100,08:53:00.534,ROI,160,160,384,384,11.00,45.36,19.9,0.0,22.04,263.30,515.57,262.08,514.63,24.02,27.91,-65.59,262.46,183.12,145.27,0.9108,12.6700,24.0200,0.0000,0.0000,0.7304,0
101,08:53:00.599,ROI,160,160,384,384,10.90,58.51,14.75,0.0,17.09,260.86,511.74,261.77,513.90,29.34,28.41,113.46,686.31,177.07,133.61,0.8893,11.2800,29.3400,0.0000,0.0000,0.7977,0
102,08:53:00.664,ROI,160,160,384,384,12.41,59.53,14.925,0.0,16.80,263.65,517.07,262.21,514.78,26.31,27.80,-62.95,334.78,187.01,145.20,0.8713,11.5300,26.3100,0.0000,0.0000,0.7751,0
103,08:53:00.711,ROI,160,160,384,384,11.08,38.28,11.725,0.0,26.13,261.13,513.74,261.77,514.49,27.69,28.16,147.18,656.10,175.49,129.60,0.8376,12.2300,27.6900,0.0000,0.0000,0.7996,0
104,08:53:00.838,ROI,160,160,352,352,10.96,119.79,6.75,32.8,8.35,261.73,514.17,261.72,514.61,29.33,28.48,-110.34,293.70,183.72,139.66,0.8864,10.7500,29.3300,0.0000,0.0000,0.7203,0
105,08:53:00.887,ROI,160,160,384,384,11.40,43.01,10.575,0.0,23.25,261.36,513.50,261.54,514.37,30.23,28.93,126.01,255.12,177.14,136.82,0.9446,11.5000,30.2300,0.0000,0.0000,0.7339,0
106,08:53:00.951,ROI,160,160,384,384,9.94,53.39,7.625,0.0,18.73,263.35,515.45,262.03,514.73,24.03,27.62,-36.73,178.91,183.00,145.22,0.9120,12.6800,24.0300,0.0000,0.0000,0.7246,0
107,08:53:01.015,ROI,160,160,384,384,7.89,55.56,7.4,0.0,18.00,261.03,511.50,261.60,513.86,29.32,28.25,116.26,503.55,176.74,133.15,0.8855,11.2400,29.3200,0.0000,0.0000,0.8024,0
108,08:53:01.062,ROI,160,160,384,384,10.74,45.08,0.0,0.0,22.18,263.09,515.63,262.00,514.38,25.05,27.20,-52.69,84.24,183.74,145.20,0.8820,12.0500,25.0500,0.0000,0.0000,0.7544,0
109,08:53:01.126,ROI,160,160,384,384,7.78,54.11,14.875,0.0,18.48,261.01,511.50,261.74,513.64,29.78,27.58,109.28,74.51,176.69,133.49,0.8840,11.1900,29.7800,0.0000,0.0000,0.7983,0
110,08:53:01.239,ROI,160,160,384,384,8.92,108.18,3.75,0.0,9.24,263.28,515.75,262.11,514.08,24.86,27.08,-49.46,16.16,183.48,145.15,0.8856,12.1400,24.8600,0.0000,0.0000,0.7575,0
111,08:53:01.304,ROI,160,160,384,384,11.73,61.59,21.35,0.0,16.24,261.27,511.76,262.04,513.48,29.14,27.31,96.99,2.50,176.98,133.94,0.8901,12.0300,29.1400,0.0000,0.0000,0.8122,0
112,08:53:01.367,ROI,160,160,384,384,8.04,52.44,15.6,0.0,19.07,264.72,515.70,262.67,513.85,27.51,27.41,-30.40,-36.12,187.82,148.01,0.8527,11.5000,27.5100,0.0000,0.0000,0.7787,0
113,08:53:01.417,ROI,160,160,384,384,8.04,44.71,9.425,0.0,22.37,262.75,512.36,262.87,513.47,23.13,26.15,61.69,-53.17,175.13,130.08,0.8195,14.0300,23.1300,0.0000,0.0000,0.8294,0
114,08:53:01.478,ROI,160,160,352,352,10.87,57.18,14.925,0.0,17.49,266.58,512.62,263.92,512.98,27.19,26.53,24.94,-61.45,181.21,139.50,0.8935,11.0200,27.1900,0.0000,0.0000,0.7615,0
115,08:53:01.543,ROI,160,160,384,384,10.88,56.98,14.825,0.0,17.55,266.60,511.42,264.97,512.56,30.88,27.34,22.00,-78.88,179.90,139.82,0.9760,11.3500,30.8800,0.0000,0.0000,0.7671,0
116,08:53:01.591,ROI,160,160,384,384,10.93,41.86,21.675,0.0,23.89,270.20,510.78,266.63,511.74,28.22,27.69,26.35,-75.69,180.31,140.45,0.9522,12.0300,28.2200,0.0000,0.0000,0.8373,0
117,08:53:01.720,ROI,160,160,384,384,11.29,123.76,3.325,0.0,8.08,277.92,507.72,270.26,510.54,33.54,29.06,18.25,-82.77,183.43,141.50,0.8810,10.7200,33.5400,0.0000,0.0000,0.8158,0
118,08:53:01.767,ROI,160,160,384,384,9.31,37.86,22.725,0.0,26.41,279.64,505.68,273.62,508.68,34.65,30.85,28.96,-66.82,180.29,139.85,0.9534,12.5500,34.6500,0.0000,0.0000,0.8154,0
119,08:53:01.831,ROI,160,160,384,384,7.92,54.69,21.65,0.0,18.29,284.33,501.38,277.87,506.28,34.49,32.03,29.49,-59.72,173.93,134.04,0.8914,11.9200,34.4900,0.0000,0.0000,0.8310,0
120,08:53:01.896,ROI,160,160,352,352,10.29,61.80,13.825,35.1,16.18,288.82,502.94,282.44,504.37,28.80,31.91,22.67,-33.47,182.12,133.50,0.9295,13.9400,28.8000,0.0000,0.0000,0.8601,0
121,08:53:01.944,ROI,160,160,384,384,11.65,42.39,10.8,0.0,23.59,294.70,496.55,287.99,501.42,34.88,32.96,27.98,-375.58,172.87,133.30,0.8529,13.2900,34.8800,0.0000,0.0000,0.8573,0
122,08:53:02.007,ROI,160,160,352,352,11.20,56.53,15.45,0.0,17.69,298.99,495.93,293.54,498.50,27.91,32.43,27.71,-11.77,173.80,129.40,0.9245,15.1700,27.9100,0.0000,0.0000,0.8994,0
123,08:53:02.074,ROI,160,160,352,352,14.77,64.65,14.125,24.8,15.47,306.76,493.77,300.32,495.86,27.32,31.41,21.32,-353.28,173.87,127.82,0.8855,15.6500,27.3200,0.0000,0.0000,0.9190,0
124,08:53:02.119,ROI,160,160,352,352,11.61,33.89,13.65,30.85,29.51,309.65,491.09,306.47,492.72,31.65,31.99,27.08,12.22,178.88,130.50,0.9287,15.1800,31.6500,0.0000,0.0000,0.8773,0
125,08:53:02.247,ROI,160,160,384,384,11.40,120.82,3.4,0.0,8.28,320.18,484.90,314.38,488.88,33.36,32.56,25.86,-327.61,174.53,130.27,0.8113,16.1000,33.3600,0.0000,0.0000,0.9041,0
126,08:53:02.295,ROI,160,160,352,352,11.28,41.64,22.025,31.725,24.02,320.70,485.47,320.70,485.48,33.43,33.23,28.29,38.41,167.22,124.52,0.9158,16.3300,33.4300,0.0000,0.0000,0.9015,0
127,08:53:02.359,ROI,160,160,352,352,8.75,53.93,7.525,0.0,18.54,330.38,481.68,328.38,482.02,36.74,34.58,24.24,-305.17,167.18,126.08,0.8409,16.8300,36.7400,0.0000,0.0000,0.8976,0
128,08:53:02.423,ROI,160,160,352,352,11.29,60.18,14.325,0.0,16.62,330.48,480.25,334.49,478.89,29.50,33.67,27.15,63.99,165.02,117.74,0.9218,16.9500,29.5000,0.0000,0.0000,0.9310,0
129,08:53:02.471,ROI,160,160,352,352,11.46,40.87,10.875,0.0,24.47,337.61,476.66,341.02,475.61,33.18,33.64,26.64,-279.01,170.37,127.12,0.8523,16.9900,33.1800,0.0000,0.0000,0.9110,0
130,08:53:02.535,ROI,160,160,352,352,13.01,59.71,15.025,28.05,16.75,339.44,474.31,346.29,472.32,30.95,33.46,31.97,-275.96,165.59,122.69,0.9361,16.7200,30.9500,0.0000,0.0000,0.9328,0
131,08:53:02.599,ROI,160,160,352,352,11.43,56.18,7.9,0.0,17.80,345.18,471.40,351.80,469.41,32.37,33.21,27.85,-296.14,162.05,122.83,0.8906,17.5100,32.3700,0.0000,0.0000,0.9068,0
132,08:53:02.648,ROI,160,160,352,352,11.50,41.03,21.425,0.0,24.37,348.85,471.07,356.50,466.75,30.00,32.56,29.50,52.50,163.00,121.62,0.9467,16.9200,30.0000,0.0000,0.0000,0.9280,0
133,08:53:02.775,ROI,160,160,352,352,7.97,117.73,6.775,0.0,8.49,354.84,467.35,361.50,464.11,29.23,31.66,27.79,-309.99,169.36,122.74,0.8771,17.1400,29.2300,0.0000,0.0000,0.9314,0
134,08:53:02.823,ROI,160,160,352,352,7.96,42.29,9.9,0.0,23.64,359.30,463.35,366.11,461.17,33.08,31.69,32.51,36.25,167.73,123.16,0.8901,16.5900,33.0800,0.0000,0.0000,0.8981,0
135,08:53:02.886,ROI,160,160,352,352,7.89,57.17,7.2,0.0,17.49,362.92,463.90,370.23,459.27,31.22,31.05,24.77,27.50,168.61,117.61,0.9158,16.6400,31.2200,0.0000,0.0000,0.8786,0
136,08:53:02.951,ROI,160,160,352,352,11.41,62.46,7.0,0.0,16.01,373.33,458.25,375.50,456.41,34.61,31.89,28.56,33.73,163.55,118.76,0.8059,16.9300,34.6100,0.0000,0.0000,0.8512,0
137,08:53:02.998,ROI,160,160,352,352,10.92,40.88,22.2,0.0,24.46,376.17,458.02,380.13,454.65,37.53,32.97,20.82,24.18,165.95,122.52,0.9367,15.4500,37.5300,0.0000,0.0000,0.8718,0
138,08:53:03.062,ROI,160,160,352,352,8.65,54.86,7.525,0.0,18.23,380.40,455.56,384.25,452.58,36.26,33.93,26.61,31.08,160.93,119.70,0.9123,16.1000,36.2600,0.0000,0.0000,0.8539,0
139,08:53:03.127,ROI,160,160,352,352,7.97,56.25,14.25,0.0,17.78,385.10,453.68,388.42,451.07,36.71,34.49,19.93,22.00,158.95,118.65,0.9144,17.0400,36.7100,0.0000,0.0000,0.8897,0
140,08:53:03.239,ROI,160,160,320,320,8.48,108.30,3.75,0.0,9.23,394.54,449.60,393.59,448.74,36.63,35.38,24.28,28.14,155.04,118.10,0.8306,15.4700,36.6300,0.0000,0.0000,0.8804,0
141,08:53:03.303,ROI,160,160,320,320,11.42,59.60,14.65,0.0,16.78,396.28,447.74,398.01,446.92,32.66,34.77,22.40,21.10,154.82,115.20,0.9474,15.0600,32.6600,0.0000,0.0000,0.9036,0
142,08:53:03.366,ROI,160,160,320,320,11.52,55.99,15.2,0.0,17.86,398.46,445.36,401.51,444.71,35.76,35.19,32.24,27.78,146.36,114.60,0.9079,14.8600,35.7600,0.0000,0.0000,0.8892,0
143,08:53:03.414,ROI,160,160,320,320,7.89,37.13,0.0,0.0,26.93,402.68,443.70,405.29,442.88,36.74,36.28,25.85,24.77,143.86,114.60,0.9173,14.8700,36.7400,0.0000,0.0000,0.8734,0
144,08:53:03.478,ROI,160,160,288,288,11.24,61.89,7.05,0.0,16.16,408.41,442.12,409.33,441.09,35.35,36.67,23.86,24.08,146.12,113.71,0.8997,13.9500,35.3500,0.0000,0.0000,0.8464,0
145,08:53:03.543,ROI,160,160,320,320,11.44,58.16,14.975,0.0,17.19,410.98,438.86,413.17,438.96,36.92,37.16,29.04,25.15,151.70,116.38,0.9107,15.3200,36.9200,0.0000,0.0000,0.8547,0
146,08:53:03.590,ROI,160,160,320,320,7.93,38.52,21.925,0.0,25.96,420.10,437.20,418.36,436.85,33.22,36.86,22.06,23.96,153.34,117.00,0.8636,16.2100,33.2200,0.0000,0.0000,0.8896,0
147,08:53:03.719,ROI,160,160,320,320,11.37,126.18,0.0,0.0,7.93,429.76,432.30,424.53,434.09,32.20,35.87,24.15,24.27,158.04,117.94,0.8162,16.8400,32.2000,0.0000,0.0000,0.9277,0
148,08:53:03.767,ROI,160,160,320,320,8.49,37.93,21.575,0.0,26.37,431.88,433.66,430.05,432.31,28.43,33.81,17.84,22.13,163.74,116.80,0.9436,17.2300,28.4300,0.0000,0.0000,0.9220,0
149,08:53:03.830,ROI,160,160,352,352,11.16,60.29,14.475,0.0,16.59,438.90,428.71,436.10,429.94,29.54,32.20,21.38,21.09,162.43,114.99,0.8451,16.3300,29.5400,0.0000,0.0000,0.9239,0
150,08:53:03.894,ROI,160,160,352,352,11.18,56.64,15.025,32.15,17.65,441.23,427.03,441.42,427.39,29.77,31.29,25.63,21.93,164.49,116.69,0.9444,16.7400,29.7700,0.0000,0.0000,0.9419,0
151,08:53:03.943,ROI,160,160,352,352,7.90,38.48,10.825,0.0,25.99,447.05,424.27,446.90,425.04,30.82,30.27,23.25,21.69,167.62,116.38,0.8906,17.3600,30.8200,0.0000,0.0000,0.9463,0
152,08:53:04.007,ROI,160,160,352,352,11.10,61.92,14.0,0.0,16.15,449.09,422.90,451.65,422.78,27.37,29.06,25.41,22.09,161.66,113.10,0.9373,16.8300,27.3700,0.0000,0.0000,0.9361,0
153,08:53:04.071,ROI,160,160,352,352,11.76,58.47,15.1,0.0,17.10,454.61,420.50,456.36,420.42,29.68,28.82,26.54,23.37,161.63,113.72,0.8965,17.9100,29.6800,0.0000,0.0000,0.9393,0
154,08:53:04.119,ROI,160,160,352,352,11.77,41.71,11.075,0.0,23.98,456.84,419.47,460.59,418.37,29.58,28.38,25.97,24.01,162.67,112.88,0.9556,18.2300,29.5800,0.0000,0.0000,0.9389,0
155,08:53:04.247,ROI,160,160,352,352,11.21,120.00,6.775,0.0,8.33,465.13,416.49,465.28,416.41,31.39,28.38,22.64,23.86,163.90,114.47,0.8593,18.9900,31.3900,0.0000,0.0000,0.9432,0
156,08:53:04.294,ROI,160,160,352,352,11.08,39.53,22.325,0.0,25.30,464.47,415.89,468.85,414.61,32.16,28.61,26.75,24.64,156.75,113.26,0.9463,18.1700,32.1600,0.0000,0.0000,0.9224,0
157,08:53:04.358,ROI,160,160,320,320,11.43,58.00,15.025,0.0,17.24,471.12,414.06,472.58,412.97,32.75,28.67,23.83,24.96,152.74,113.02,0.8895,17.8500,32.7500,0.0000,0.0000,0.9159,0
158,08:53:04.422,ROI,160,160,320,320,7.96,52.74,15.125,0.0,18.96,473.90,412.56,476.23,411.33,32.49,29.27,24.06,25.14,151.06,112.98,0.9392,16.3900,32.4900,0.0000,0.0000,0.9101,0
159,08:53:04.471,ROI,160,160,320,320,11.27,46.14,9.85,0.0,21.67,480.98,409.06,480.42,409.36,34.79,30.19,25.20,25.69,151.12,113.08,0.8581,16.2800,34.7900,0.0000,0.0000,0.8676,0
160,08:53:04.535,ROI,160,160,320,320,11.58,57.66,7.55,0.0,17.34,482.66,408.52,484.11,407.79,30.87,30.21,23.15,25.14,148.84,108.42,0.9377,16.4800,30.8700,0.0000,0.0000,0.8825,0
161,08:53:04.599,ROI,160,160,320,320,11.29,55.94,15.225,32.0,17.88,487.58,406.56,487.94,406.23,30.55,30.11,22.12,24.64,147.84,108.76,0.9037,17.7100,30.5500,0.0000,0.0000,0.8997,0
162,08:53:04.646,ROI,160,160,320,320,11.00,41.02,11.025,0.0,24.38,490.62,404.88,491.61,404.51,32.60,30.87,25.06,24.79,149.20,111.16,0.9315,16.6900,32.6000,0.0000,0.0000,0.9095,0
163,08:53:04.775,ROI,160,160,320,320,11.70,122.85,6.7,0.0,8.14,500.04,401.00,496.64,402.34,30.59,31.24,23.38,24.54,149.72,110.34,0.8251,16.9000,30.5900,0.0000,0.0000,0.9015,0
164,08:53:04.822,ROI,160,160,320,320,8.26,35.83,22.2,0.0,27.91,503.04,397.36,501.30,399.89,29.70,31.16,27.68,24.93,148.04,109.68,0.9001,17.2200,29.7000,0.0000,0.0000,0.9148,0
165,08:53:04.886,ROI,160,160,320,320,11.98,61.76,14.275,0.0,16.19,507.62,395.92,506.17,397.40,30.62,31.60,27.16,25.64,151.68,110.10,0.9170,17.8500,30.6200,0.0000,0.0000,0.9220,0
166,08:53:04.952,ROI,160,160,320,320,11.37,58.57,22.3,0.0,17.07,511.44,393.28,510.40,395.05,30.35,31.74,28.97,26.35,150.36,110.30,0.9072,17.6900,30.3500,0.0000,0.0000,0.9222,0
167,08:53:04.999,ROI,160,160,320,320,7.95,36.35,11.2,0.0,27.51,512.92,392.24,514.03,392.85,29.60,31.41,31.34,28.21,146.12,109.82,0.9538,17.4300,29.6000,0.0000,0.0000,0.9066,0
168,08:53:05.063,ROI,160,160,320,320,11.26,61.50,7.05,0.0,16.26,516.60,391.56,517.64,391.00,29.01,31.03,27.02,28.20,147.86,107.46,0.9313,17.6000,29.0100,0.0000,0.0000,0.8979,0
169,08:53:05.127,ROI,160,160,320,320,11.51,57.76,15.1,0.0,17.31,521.10,390.16,521.46,389.23,28.64,30.51,24.95,28.21,152.72,107.54,0.9183,16.8700,28.6400,0.0000,0.0000,0.9205,0
170,08:53:05.238,ROI,160,160,320,320,9.37,102.92,7.9,0.0,9.72,530.62,384.64,526.31,386.63,24.37,28.86,28.18,28.76,154.98,104.04,0.8006,16.3900,24.3700,1.5400,9.8600,0.9203,0
171,08:53:05.303,ROI,160,160,320,320,8.37,57.42,14.275,0.0,17.41,533.66,383.12,530.97,384.20,27.26,28.50,27.51,29.24,156.82,106.96,0.9348,15.6100,27.2600,0.0000,0.0000,0.8957,0
172,08:53:05.350,ROI,160,160,320,320,7.89,41.04,10.2,0.0,24.37,536.48,381.06,535.46,381.83,31.72,29.11,27.87,28.82,154.22,107.98,0.9288,14.9400,31.7200,0.0000,0.0000,0.8960,0
173,08:53:05.415,ROI,160,160,320,320,11.02,62.34,0.0,0.0,16.04,540.10,379.98,539.91,379.69,30.82,29.24,25.61,28.18,155.48,110.36,0.9341,15.2200,30.8200,0.0000,0.0000,0.8974,0
174,08:53:05.479,ROI,160,160,320,320,10.22,55.91,15.125,0.0,17.88,547.30,376.58,545.15,377.13,28.74,28.82,26.02,27.83,155.26,107.96,0.8586,14.6500,28.7400,0.0000,0.0000,0.8935,0
175,08:53:05.528,ROI,160,160,320,320,11.45,44.67,20.5,0.0,22.38,549.00,374.92,549.93,374.81,28.89,28.24,25.97,26.95,146.90,105.06,0.9172,14.1700,28.8900,0.0000,0.0000,0.8584,0
176,08:53:05.654,ROI,160,160,320,320,7.92,115.33,6.825,0.0,8.67,555.72,371.34,555.08,372.05,31.17,28.51,28.17,27.23,145.00,106.90,0.8549,14.5300,31.1700,0.0000,0.0000,0.8818,0
177,08:53:05.702,ROI,160,160,320,320,7.98,42.08,0.0,0.0,23.77,560.60,369.72,559.86,369.75,29.72,28.41,25.74,26.64,143.20,103.68,0.9069,14.6400,29.7200,0.0000,0.0000,0.8813,0
178,08:53:05.766,ROI,160,160,288,288,10.65,60.70,14.1,0.0,16.48,563.08,369.27,564.24,367.63,27.21,27.98,25.78,26.71,143.73,101.36,0.9448,14.7500,27.2100,0.0000,0.0000,0.8535,0
179,08:53:05.831,ROI,160,160,288,288,12.63,60.01,14.7,0.0,16.66,569.21,366.52,568.84,365.57,30.36,28.42,24.12,26.18,140.36,100.91,0.8705,14.9900,30.3600,0.0000,0.0000,0.8732,0
180,08:53:05.879,ROI,160,160,288,288,7.83,37.03,22.525,0.0,27.00,568.89,365.41,572.28,363.77,27.48,28.08,27.56,26.30,141.41,101.48,0.9711,14.8100,27.4800,0.0000,0.0000,0.8396,0
181,08:53:05.944,ROI,160,160,288,288,11.31,62.56,6.975,0.0,15.99,574.30,363.42,575.94,362.07,28.84,28.09,24.93,25.91,136.60,104.45,0.8917,15.5000,28.8400,0.0000,0.0000,0.8774,0
182,08:53:06.007,ROI,160,160,288,288,7.88,53.59,22.875,0.0,18.66,576.00,363.63,579.14,360.92,29.90,28.75,19.75,24.05,135.59,102.73,0.9594,15.2900,29.9000,0.0000,0.0000,0.8559,0
183,08:53:06.056,ROI,160,160,288,288,11.70,45.04,19.625,0.0,22.20,578.37,362.41,581.85,359.96,30.68,29.46,19.63,22.26,137.36,103.48,0.9436,15.2300,30.6800,0.0000,0.0000,0.8648,0
184,08:53:06.182,ROI,160,160,288,288,14.43,122.74,6.875,25.45,8.15,585.85,359.80,585.79,358.66,28.05,29.47,18.30,20.38,136.40,101.90,0.8542,15.9100,28.0500,0.0000,0.0000,0.8844,0
185,08:53:06.231,ROI,160,160,288,288,10.26,37.19,11.75,0.0,26.89,592.18,357.42,589.97,357.27,28.16,29.41,18.32,19.08,135.23,101.25,0.8708,15.8400,28.1600,0.0000,0.0000,0.9003,0
186,08:53:06.294,ROI,160,160,288,288,10.83,58.24,14.975,0.0,17.17,592.58,356.51,593.55,356.00,30.07,29.81,19.58,18.00,134.37,102.20,0.9762,15.1100,30.0700,0.0000,0.0000,0.8680,0
187,08:53:06.358,ROI,160,160,288,288,7.91,54.60,7.45,0.0,18.32,601.65,354.02,598.34,354.47,32.30,30.68,17.71,16.88,137.59,104.62,0.8360,16.4800,32.3000,0.0000,0.0000,0.8919,0
188,08:53:06.407,ROI,160,160,288,288,10.97,45.70,9.875,0.0,21.88,600.95,352.02,601.94,352.79,31.60,31.23,25.02,17.94,132.16,103.10,0.9246,14.6100,31.6000,0.0000,0.0000,0.8825,0
189,08:53:06.470,ROI,160,160,288,288,7.89,53.66,15.1,0.0,18.63,606.17,349.35,605.68,350.97,36.11,32.60,25.85,19.10,132.71,103.14,0.8792,15.4300,36.1100,0.0000,0.0000,0.8642,0
190,08:53:06.535,ROI,160,160,288,288,7.90,58.75,6.975,0.0,17.02,610.18,348.82,609.69,349.35,33.45,33.33,22.08,19.43,139.05,103.90,0.9332,15.2500,33.4500,0.0000,0.0000,0.8649,0
191,08:53:06.583,ROI,160,160,288,288,8.12,42.28,19.775,0.0,23.65,614.36,345.43,613.74,347.22,35.98,34.60,27.75,21.49,138.10,104.27,0.8836,14.9600,35.9800,0.0000,0.0000,0.8443,0
192,08:53:06.711,ROI,160,160,288,288,9.32,123.50,6.55,0.0,8.10,620.07,342.10,618.42,344.61,35.00,35.18,29.08,23.56,131.13,105.89,0.8648,16.2600,35.0000,0.0000,0.0000,0.8819,0
193,08:53:06.758,ROI,160,160,288,288,7.86,39.30,21.0,0.0,25.45,620.02,342.56,621.55,342.79,39.93,37.03,30.19,25.94,129.55,111.29,0.9405,14.9300,39.9300,0.0000,0.0000,0.8286,0
194,08:53:06.823,ROI,160,160,288,288,7.82,58.38,7.0,0.0,17.13,622.12,341.57,624.37,341.30,40.13,38.68,27.89,27.16,132.93,111.31,0.9516,14.0800,40.1300,0.0000,0.0000,0.7943,0
195,08:53:06.886,ROI,160,160,288,288,8.02,57.96,7.1,0.0,17.25,629.69,336.55,628.23,338.88,36.05,38.84,32.11,29.38,138.28,109.37,0.8206,15.1400,36.0500,0.0000,0.0000,0.8450,0
196,08:53:06.935,ROI,160,160,288,288,12.83,48.26,9.7,0.0,20.72,627.67,336.07,630.55,336.93,38.08,39.40,39.94,33.20,136.64,105.25,0.9348,15.0900,38.0800,0.0000,0.0000,0.8270,0
197,08:53:06.998,ROI,160,160,288,288,8.15,50.67,7.9,0.0,19.74,631.95,334.04,633.45,334.86,35.20,39.04,35.58,35.04,137.02,106.60,0.9049,14.5400,35.2000,0.0000,0.0000,0.8520,0
198,08:53:07.062,ROI,160,160,288,288,7.83,57.76,0.0,0.0,17.31,636.62,331.71,636.86,332.53,36.06,38.89,34.42,36.52,137.43,104.62,0.8953,13.7900,36.0600,0.0000,0.0000,0.8275,0
199,08:53:07.110,ROI,160,160,288,288,7.84,41.80,19.8,0.0,23.92,638.99,329.92,640.06,330.13,36.25,38.72,36.82,38.52,133.88,103.12,0.9332,14.3700,36.2500,0.0000,0.0000,0.8120,0
200,08:53:07.238,ROI,160,160,288,288,8.40,122.67,6.55,0.0,8.15,645.29,326.28,643.64,327.57,36.82,39.05,35.56,39.53,132.44,100.44,0.8494,15.0400,36.8200,0.0000,0.0000,0.8141,0
201,08:53:07.287,ROI,160,160,288,288,9.77,44.22,19.75,0.0,22.61,649.70,325.35,647.52,325.31,34.16,38.43,30.22,38.84,132.46,99.74,0.9189,14.6300,34.1600,0.0000,0.0000,0.8598,0
202,08:53:07.351,ROI,160,160,288,288,11.69,58.69,22.1,0.0,17.04,653.23,322.53,651.49,322.86,35.65,37.82,31.68,38.37,131.81,98.95,0.8969,14.2500,35.6500,0.0000,0.0000,0.8216,0
203,08:53:07.416,ROI,160,160,288,288,11.79,58.40,7.5,0.0,17.12,656.31,322.23,655.38,320.82,35.50,37.18,27.62,36.87,128.29,97.60,0.9408,15.9000,35.5000,0.0000,0.0000,0.8306,0
204,08:53:07.463,ROI,160,160,288,288,11.44,40.48,22.8,0.0,24.70,660.37,320.00,659.15,318.84,34.86,36.54,27.83,35.40,129.19,98.95,0.8983,15.5200,34.8600,0.0000,0.0000,0.8413,0
205,08:53:07.528,ROI,160,160,288,288,11.48,56.90,14.925,0.0,17.57,663.10,319.12,662.88,317.13,36.04,36.23,24.53,33.07,130.09,95.65,0.9277,15.6600,36.0400,0.0000,0.0000,0.8217,0
206,08:53:07.638,ROI,160,160,288,288,8.11,100.47,7.975,0.0,9.95,669.07,315.83,667.03,315.23,33.38,35.00,24.64,30.67,126.97,96.23,0.8534,16.1700,33.3800,0.0000,0.0000,0.8698,0
207,08:53:07.703,ROI,160,160,256,256,7.98,58.62,7.0,0.0,17.06,671.24,313.74,670.63,313.34,30.35,33.17,27.73,29.39,124.58,92.48,0.9244,15.2500,30.3500,0.0000,0.0000,0.8712,0
208,08:53:07.767,ROI,160,160,256,256,7.96,57.87,7.1,0.0,17.28,674.62,311.54,674.25,311.32,32.65,32.41,29.09,28.46,121.73,91.94,0.9037,16.1800,32.6500,0.0000,0.0000,0.8628,0
209,08:53:07.815,ROI,160,160,256,256,11.62,46.25,0.0,0.0,21.62,676.50,310.73,677.19,309.74,32.74,31.54,28.20,27.43,122.77,91.47,0.9529,15.1400,32.7400,0.0000,0.0000,0.8347,0
210,08:53:07.879,ROI,160,160,256,256,8.11,53.56,15.225,0.0,18.67,681.94,308.43,681.03,308.04,31.48,30.74,23.98,25.00,123.47,91.44,0.8723,15.1600,31.4800,0.0000,0.0000,0.8394,0
211,08:53:07.926,ROI,160,160,256,256,11.00,45.04,20.0,0.0,22.20,682.58,308.24,683.97,306.83,28.95,29.38,22.23,22.47,123.82,89.86,0.9725,15.3900,28.9500,0.0000,0.0000,0.8528,0
212,08:53:08.055,ROI,160,160,256,256,9.10,118.66,6.7,0.0,8.43,688.62,305.10,687.87,305.09,28.44,28.08,24.15,21.20,121.57,89.07,0.8474,16.6900,28.4400,0.0000,0.0000,0.8712,0
213,08:53:08.118,ROI,160,160,256,256,8.01,55.15,0.0,0.0,18.13,693.87,302.28,692.41,303.02,30.76,27.60,24.55,20.33,117.76,89.25,0.8620,17.8600,30.7600,0.0000,0.0000,0.8616,0
214,08:53:08.166,ROI,160,160,256,256,11.77,46.21,19.85,0.0,21.64,695.03,302.21,695.99,301.49,29.19,27.16,23.09,19.51,121.90,89.22,0.9645,17.3400,29.1900,0.0000,0.0000,0.8676,0
215,08:53:08.231,ROI,160,160,256,256,8.07,53.71,15.2,0.0,18.62,699.83,299.18,699.68,299.66,30.45,27.35,26.35,19.93,117.31,88.14,0.8640,18.2000,30.4500,0.0000,0.0000,0.8729,0
216,08:53:08.280,ROI,160,160,256,256,14.80,49.99,19.375,25.05,20.00,703.29,297.72,703.62,297.84,30.10,27.51,24.81,20.10,125.36,87.90,0.9062,17.3700,30.1000,0.0000,0.0000,0.8704,0
217,08:53:08.342,ROI,160,160,256,256,11.38,53.79,0.0,0.0,18.59,707.72,296.63,707.28,296.24,29.20,27.45,23.58,20.45,120.98,89.34,0.9090,18.6900,29.2000,0.0000,0.0000,0.8981,0
218,08:53:08.406,ROI,160,160,256,256,12.00,57.07,15.15,0.0,17.52,708.74,296.50,710.58,295.05,28.60,27.51,19.83,19.50,119.34,89.34,0.9801,18.5200,28.6000,0.0000,0.0000,0.9057,0
219,08:53:08.454,ROI,160,160,256,256,11.67,40.90,22.325,0.0,24.45,710.78,296.10,713.39,294.21,29.18,27.51,16.73,18.03,119.18,89.58,0.9579,19.1100,29.1800,0.0000,0.0000,0.9029,0
220,08:53:08.583,ROI,160,160,256,256,8.08,118.91,3.35,0.0,8.41,717.81,293.15,717.15,292.80,30.54,28.23,20.55,18.39,124.02,91.42,0.8372,19.7100,30.5400,0.0000,0.0000,0.8924,0
221,08:53:08.631,ROI,160,160,256,256,11.48,45.59,19.95,0.0,21.93,723.05,290.70,721.24,291.24,32.37,29.28,20.79,18.64,123.81,91.78,0.8727,18.9400,32.3700,0.0000,0.0000,0.8779,0
222,08:53:08.694,ROI,160,160,256,256,7.90,52.97,15.425,0.0,18.88,724.68,290.91,724.48,290.30,31.33,30.12,16.13,17.77,122.66,90.32,0.9585,16.6400,31.3300,0.0000,0.0000,0.8547,0
223,08:53:08.759,ROI,160,160,256,256,11.16,62.09,0.0,0.0,16.11,729.44,288.32,728.29,288.83,32.97,30.92,21.13,18.45,122.00,91.06,0.8755,17.5700,32.9700,0.0000,0.0000,0.8488,0
224,08:53:08.806,ROI,160,160,256,256,12.53,40.56,21.875,28.825,24.65,729.67,287.38,731.32,287.37,32.00,31.28,25.72,20.70,123.28,90.13,0.9694,16.2100,32.0000,0.0000,0.0000,0.8461,0
225,08:53:08.870,ROI,160,160,256,256,8.03,52.89,7.75,0.0,18.91,734.68,285.27,734.42,285.98,35.36,32.78,24.17,22.12,120.51,90.18,0.8807,17.1300,35.3600,0.0000,0.0000,0.8316,0
226,08:53:08.935,ROI,160,160,256,256,8.00,58.22,14.1,0.0,17.17,736.94,283.94,737.69,284.50,31.99,33.00,24.45,22.77,121.76,89.84,0.9358,15.5600,31.9900,0.0000,0.0000,0.8739,0
227,08:53:08.982,ROI,160,160,256,256,8.48,42.22,20.05,0.0,23.69,741.10,281.72,741.17,282.80,35.95,34.44,26.04,24.00,120.56,92.03,0.8905,16.8700,35.9500,0.0000,0.0000,0.8400,0
228,08:53:09.111,ROI,160,160,256,256,8.09,123.22,6.5,0.0,8.12,744.94,279.29,744.71,280.88,34.57,35.23,28.48,25.73,116.16,89.82,0.8895,16.2100,34.5700,0.0000,0.0000,0.8404,0
229,08:53:09.158,ROI,160,160,256,256,7.98,37.66,20.825,0.0,26.55,745.06,277.77,747.53,278.96,38.43,36.86,34.19,28.40,111.15,88.88,0.9253,17.0200,38.4300,0.0000,0.0000,0.8289,0
230,08:53:09.223,ROI,160,160,224,224,11.42,62.87,6.95,0.0,15.91,749.07,276.82,750.41,277.38,32.93,36.66,28.73,29.15,116.12,87.84,0.9128,15.6600,32.9300,0.0000,0.0000,0.8347,0
231,08:53:09.286,ROI,160,160,256,256,7.93,53.32,15.3,0.0,18.76,748.78,274.83,752.31,275.62,36.39,37.52,42.78,33.75,109.17,87.71,0.8997,18.3300,36.3900,0.0000,0.0000,0.8582,0
232,08:53:09.335,ROI,160,160,224,224,8.25,42.64,19.475,0.0,23.45,753.82,273.19,754.85,273.94,34.65,37.59,33.52,35.01,117.21,91.90,0.8733,16.9200,34.6500,0.0000,0.0000,0.8816,0
233,08:53:09.400,ROI,160,160,256,256,11.66,62.66,13.875,30.825,15.96,753.05,271.83,756.46,272.19,36.45,37.98,47.26,39.86,111.20,86.59,0.8940,18.7700,36.4500,0.0000,0.0000,0.8580,0
234,08:53:09.463,ROI,160,160,224,224,8.55,51.41,7.8,0.0,19.45,758.29,270.20,758.78,270.46,32.77,37.24,36.68,41.10,115.58,86.39,0.8793,17.3100,32.7700,0.0000,0.0000,0.9000,0
235,08:53:09.511,ROI,160,160,256,256,15.71,49.38,20.025,23.85,20.25,759.71,268.83,760.85,268.69,34.30,36.72,40.55,43.27,111.31,83.94,0.9326,18.7200,34.3000,0.0000,0.0000,0.8666,0
236,08:53:09.639,ROI,160,160,224,224,7.96,114.34,3.5,0.0,8.75,770.12,265.24,764.79,266.51,31.70,35.61,29.05,41.97,118.03,86.13,0.7708,16.5500,31.7000,0.0000,0.0000,0.8845,0
237,08:53:09.686,ROI,160,160,256,256,11.33,44.97,0.0,0.0,22.24,770.10,264.57,767.90,264.66,34.55,35.54,30.62,40.77,109.97,85.04,0.9172,16.6600,34.5500,0.0000,0.0000,0.8549,0
238,08:53:09.750,ROI,160,160,224,224,8.07,54.13,15.125,0.0,18.47,775.78,260.85,771.73,262.35,33.27,34.88,31.22,39.45,112.83,85.11,0.8306,16.2100,33.2700,0.0000,0.0000,0.8562,0
239,08:53:09.799,ROI,160,160,256,256,11.63,46.78,19.375,0.0,21.38,777.98,261.12,775.41,260.55,35.13,34.66,25.98,36.65,113.74,86.64,0.9452,16.0500,35.1300,0.0000,0.0000,0.7929,0
240,08:53:09.862,ROI,160,160,256,256,8.01,52.98,15.45,0.0,18.87,781.94,259.06,779.14,258.73,32.29,33.72,26.08,34.33,112.90,84.70,0.8900,17.0500,32.2900,0.0000,0.0000,0.8420,0
241,08:53:09.927,ROI,160,160,256,256,10.93,61.46,14.025,0.0,16.27,783.45,259.02,782.67,257.22,34.02,33.51,23.11,31.52,109.47,86.21,0.9533,15.5700,34.0200,0.0000,0.0000,0.8008,0
242,08:53:10.038,ROI,160,160,224,224,7.95,102.22,7.825,0.0,9.78,792.00,254.74,787.46,255.12,35.50,33.78,23.69,28.96,113.79,85.64,0.7818,15.0300,35.5000,0.0000,0.0000,0.8352,0
243,08:53:10.103,ROI,160,160,256,256,12.06,64.00,13.875,28.8,15.63,792.61,253.89,791.23,253.43,35.24,33.77,24.17,26.68,112.08,86.69,0.9658,13.9300,35.2400,0.0000,0.0000,0.7834,0
244,08:53:10.151,ROI,160,160,256,256,8.78,37.10,11.55,0.0,26.95,797.44,252.41,795.57,251.70,32.13,33.06,21.70,24.09,115.50,85.47,0.8889,16.4000,32.1300,0.0000,0.0000,0.8459,0
245,08:53:10.215,ROI,160,160,256,256,12.06,60.74,14.275,0.0,16.46,800.60,250.59,799.67,250.10,33.42,32.70,21.29,21.36,112.77,87.04,0.9083,15.5100,33.4200,0.0000,0.0000,0.8279,0
246,08:53:10.279,ROI,160,160,256,256,8.82,54.40,15.2,0.0,18.38,802.08,249.14,803.20,248.61,34.61,32.75,22.89,19.44,108.98,85.34,0.9345,15.7200,34.6100,0.0000,0.0000,0.8142,0
247,08:53:10.328,ROI,160,160,224,224,11.26,44.63,10.025,0.0,22.41,804.04,247.94,806.25,247.25,33.96,32.75,24.06,18.16,108.42,83.33,0.9379,14.1400,33.9600,0.0000,0.0000,0.7736,0
248,08:53:10.455,ROI,160,160,224,224,8.25,117.83,6.775,0.0,8.49,809.87,245.66,810.19,245.61,35.53,33.31,22.60,17.06,109.12,84.13,0.8530,17.3600,35.5300,0.0000,0.0000,0.8449,0
249,08:53:10.503,ROI,160,160,224,224,14.07,47.84,20.0,25.675,20.90,812.88,244.02,814.15,243.87,36.35,34.09,23.72,16.90,104.19,82.78,0.9094,16.4000,36.3500,0.0000,0.0000,0.8182,0
250,08:53:10.566,ROI,160,160,224,224,10.83,52.94,8.2,0.0,18.89,815.00,242.42,817.43,242.26,34.44,34.27,26.09,17.38,105.36,82.43,0.9245,15.5900,34.4400,0.0000,0.0000,0.7880,0
251,08:53:10.631,ROI,160,160,224,224,12.20,59.12,14.85,0.0,16.91,820.40,241.13,821.04,240.84,34.20,34.27,21.46,16.83,109.63,84.60,0.8777,17.6100,34.2000,0.0000,0.0000,0.8821,0
252,08:53:10.679,ROI,160,160,224,224,10.62,39.25,21.875,0.0,25.48,822.32,239.70,824.30,239.31,36.11,34.92,25.18,18.11,104.50,84.67,0.9221,15.7100,36.1100,0.0000,0.0000,0.8030,0
253,08:53:10.742,ROI,160,160,224,224,10.47,56.58,15.175,0.0,17.68,823.81,239.15,826.85,238.13,37.21,35.71,24.81,19.18,104.22,85.83,0.9590,15.1000,37.2100,0.0000,0.0000,0.8006,0
254,08:53:10.806,ROI,160,160,224,224,8.35,55.78,7.35,43.425,17.93,827.51,237.15,829.76,236.74,37.91,36.71,25.62,20.28,104.78,85.30,0.8904,15.7000,37.9100,0.0000,0.0000,0.7619,0
255,08:53:10.855,ROI,160,160,224,224,9.59,43.45,0.0,0.0,23.02,829.17,236.73,832.08,235.65,35.89,36.80,25.14,21.55,106.48,84.34,0.9583,15.5900,35.8900,0.0000,0.0000,0.8043,0
256,08:53:10.984,ROI,160,160,224,224,10.29,124.07,6.55,0.0,8.06,836.04,234.73,835.45,234.34,36.62,37.35,21.14,21.94,109.28,86.27,0.8418,17.2600,36.6200,0.0000,0.0000,0.8468,0
257,08:53:11.031,ROI,160,160,224,224,8.57,39.73,10.825,0.0,25.17,839.22,232.64,838.62,232.90,32.99,36.56,24.58,23.41,106.26,82.33,0.8979,16.3700,32.9900,0.0000,0.0000,0.8560,0
258,08:53:11.095,ROI,160,160,224,224,7.74,56.78,14.3,0.0,17.61,840.39,231.86,841.06,231.70,34.75,36.41,26.12,25.21,107.09,84.73,0.9509,14.8500,34.7500,0.0000,0.0000,0.8251,0
259,08:53:11.158,ROI,160,160,224,224,7.60,57.04,7.15,0.0,17.53,843.22,231.22,843.64,230.69,36.54,36.35,21.28,25.20,106.54,83.41,0.9339,16.2800,36.5400,0.0000,0.0000,0.8512,0
260,08:53:11.206,ROI,160,160,224,224,7.57,42.03,9.875,0.0,23.79,845.83,230.13,846.01,229.67,33.64,35.93,23.46,26.38,106.22,82.40,0.9279,16.2400,33.6400,0.0000,0.0000,0.8501,0
261,08:53:11.270,ROI,160,160,224,224,8.05,58.82,7.0,0.0,17.00,849.21,227.70,848.80,228.34,37.88,36.35,25.43,26.77,110.29,87.81,0.8822,15.9400,37.8800,0.0000,0.0000,0.8109,0
262,08:53:11.334,ROI,160,160,224,224,7.56,57.88,7.05,0.0,17.28,850.02,226.10,850.90,226.93,36.91,36.55,33.88,29.97,106.61,84.11,0.9259,15.5400,36.9100,0.0000,0.0000,0.8304,0
263,08:53:11.383,ROI,160,160,224,224,7.61,42.72,0.0,0.0,23.41,854.70,224.45,853.93,225.41,38.65,36.96,26.63,29.46,109.93,84.35,0.8831,16.2900,38.6500,0.0000,0.0000,0.8402,0
264,08:53:11.510,ROI,160,160,224,224,7.60,121.37,3.3,46.975,8.24,861.60,221.17,857.95,223.37,39.84,37.87,26.94,29.55,110.21,85.01,0.8200,17.3800,39.8400,0.0000,0.0000,0.8202,0
265,08:53:11.558,ROI,160,160,224,224,7.48,42.29,9.775,0.0,23.65,865.07,220.01,862.25,221.40,31.94,36.44,24.59,28.33,112.70,84.84,0.9149,15.2300,31.9400,0.0000,0.0000,0.8672,0
266,08:53:11.624,ROI,160,160,256,256,7.45,59.42,0.0,0.0,16.83,865.40,219.57,865.17,219.89,35.07,36.23,27.34,28.63,114.53,87.20,0.9574,15.3100,35.0700,0.0000,0.0000,0.8553,0
267,08:53:11.686,ROI,160,160,256,256,7.78,57.48,7.15,0.0,17.40,869.46,217.18,868.66,218.05,36.73,36.26,27.84,28.72,117.94,89.22,0.8845,15.4400,36.7300,0.0000,0.0000,0.8155,0
268,08:53:11.734,ROI,160,160,256,256,7.78,41.18,19.8,0.0,24.28,870.79,215.72,871.48,216.43,37.46,36.57,29.84,29.04,117.66,90.45,0.9469,15.4900,37.4600,0.0000,0.0000,0.8341,0
269,08:53:11.798,ROI,160,160,256,256,7.86,58.05,7.075,0.0,17.23,875.12,213.91,874.78,214.60,34.21,35.82,29.06,29.35,119.33,89.54,0.8942,16.8600,34.2100,0.0000,0.0000,0.8768,0
270,08:53:11.862,ROI,160,160,256,256,7.74,58.20,7.05,0.0,17.18,875.16,212.86,877.24,212.94,37.62,36.30,33.95,30.76,114.18,89.68,0.9350,16.2300,37.6200,0.0000,0.0000,0.8277,0
271,08:53:11.910,ROI,160,160,256,256,7.63,42.09,9.875,0.0,23.76,879.29,211.44,880.27,211.17,33.85,35.62,30.39,31.19,117.62,88.37,0.9032,16.9200,33.8500,0.0000,0.0000,0.8666,0
272,08:53:12.038,ROI,160,160,256,256,7.59,122.33,3.25,0.0,8.17,885.67,209.22,883.77,209.43,31.29,34.22,26.32,30.37,121.26,86.86,0.8565,17.0700,31.2900,0.0000,0.0000,0.8888,0
273,08:53:12.086,ROI,160,160,256,256,9.41,44.07,9.825,0.0,22.69,883.93,208.71,886.14,207.95,36.24,34.29,32.05,31.03,115.97,87.97,0.9448,15.1500,36.2400,0.0000,0.0000,0.8022,0
274,08:53:12.150,ROI,160,160,256,256,7.84,56.66,7.25,0.0,17.65,888.62,207.30,888.89,206.48,37.01,34.86,28.09,30.70,116.67,87.60,0.8943,16.0100,37.0100,0.0000,0.0000,0.8134,0
275,08:53:12.214,ROI,160,160,256,256,7.66,58.03,7.05,47.15,17.23,890.94,206.20,891.46,205.14,29.02,33.23,27.46,30.28,118.67,86.14,0.9378,15.0000,29.0200,0.0000,0.0000,0.8659,0
276,08:53:12.263,ROI,160,160,256,256,7.89,43.76,19.1,0.0,22.85,894.62,204.38,894.40,203.71,34.27,33.15,26.06,29.40,116.06,85.18,0.9012,14.0300,34.2700,0.0000,0.0000,0.8329,0
277,08:53:12.326,ROI,160,160,256,256,7.66,56.99,0.0,0.0,17.55,895.36,203.49,896.90,202.40,31.58,32.49,27.66,28.93,117.86,86.94,0.9645,13.9600,31.5800,0.0000,0.0000,0.8338,0
278,08:53:12.441,ROI,160,160,256,256,18.55,120.16,3.675,0.0,8.32,900.71,200.02,899.89,200.62,42.43,34.70,30.68,29.41,111.98,86.02,0.8435,13.7300,42.4300,0.0000,0.0000,0.8274,0
279,08:53:12.503,ROI,160,160,224,224,7.59,44.52,9.3,0.0,22.46,905.47,199.57,903.36,199.19,38.73,35.61,22.40,27.55,112.35,86.93,0.9092,14.4400,38.7300,0.0000,0.0000,0.7868,0
280,08:53:12.566,ROI,160,160,256,256,8.99,59.00,7.1,0.0,16.95,904.73,198.23,905.88,197.84,34.73,35.53,28.16,27.20,112.48,85.38,0.9569,14.0800,34.7300,0.0000,0.0000,0.8536,0
281,08:53:12.615,ROI,160,160,256,256,10.95,45.42,9.85,0.0,22.02,906.26,196.75,907.89,196.50,32.30,34.90,33.84,28.78,112.27,86.67,0.9407,15.2100,32.3000,0.0000,0.0000,0.8627,0
282,08:53:12.679,ROI,160,160,256,256,9.61,54.30,15.075,0.0,18.42,906.98,196.85,909.49,195.59,33.19,34.47,29.52,28.74,115.63,91.81,0.9166,14.9600,33.1900,0.0000,0.0000,0.8796,0
283,08:53:12.743,ROI,160,160,256,256,7.93,55.88,14.55,0.0,17.89,908.24,195.89,910.99,194.69,33.11,33.98,31.00,29.10,115.28,91.17,0.9582,15.3400,33.1100,0.0000,0.0000,0.8804,0
284,08:53:12.791,ROI,160,160,256,256,10.93,45.47,9.875,0.0,21.99,910.02,195.43,912.38,194.04,34.72,33.89,25.09,27.76,113.52,91.23,0.9599,15.4100,34.7200,0.0000,0.0000,0.8608,0
285,08:53:12.919,ROI,160,160,256,256,8.09,118.32,6.725,0.0,8.45,912.21,194.92,913.98,193.45,33.59,33.66,20.27,25.33,114.90,89.17,0.9411,15.6400,33.5900,0.0000,0.0000,0.8765,0
286,08:53:12.967,ROI,160,160,256,256,8.11,42.30,19.775,0.0,23.64,912.59,194.90,914.86,193.14,32.45,33.10,19.20,23.34,113.25,90.85,0.9677,15.1700,32.4500,0.0000,0.0000,0.8803,0
287,08:53:13.031,ROI,160,160,256,256,11.12,60.87,7.075,0.0,16.43,913.26,194.30,915.42,192.95,32.31,32.94,18.56,21.27,114.19,90.72,0.9755,16.0100,32.3100,0.0000,0.0000,0.8903,0
288,08:53:13.094,ROI,160,160,256,256,8.07,52.71,15.35,0.0,18.97,913.85,194.19,915.91,192.87,32.62,32.82,9.94,17.16,113.25,90.62,0.9873,15.1500,32.6200,0.0000,0.0000,0.8651,0
289,08:53:13.142,ROI,160,160,256,256,11.62,46.10,19.775,0.0,21.69,914.34,193.74,916.21,192.73,32.66,32.63,23.70,17.77,113.62,91.01,0.9816,15.8600,32.6600,0.0000,0.0000,0.8775,0
290,08:53:13.207,ROI,160,160,256,256,8.10,54.46,14.925,0.0,18.36,914.10,194.54,916.23,192.88,34.24,33.19,-81.84,-9.38,112.06,92.37,0.9697,14.6000,34.2400,0.0000,0.0000,0.8331,0
291,08:53:13.271,ROI,160,160,256,256,8.14,58.02,14.175,0.0,17.23,914.32,194.30,916.10,193.08,32.56,32.94,-123.58,-43.88,113.30,89.97,0.9637,15.5100,32.5600,0.0000,0.0000,0.8668,0
292,08:53:13.319,ROI,160,160,256,256,7.93,41.89,19.9,0.0,23.87,914.37,194.26,916.06,193.32,32.67,32.81,-99.87,-67.96,113.18,90.06,0.9979,15.5300,32.6700,0.0000,0.0000,0.8684,0
293,08:53:13.447,ROI,160,160,256,256,9.77,124.06,6.55,0.0,8.06,914.43,194.19,915.84,193.57,32.77,32.56,-131.81,-96.03,113.12,90.03,0.9975,15.4600,32.7700,0.0000,0.0000,0.8645,0
294,08:53:13.495,ROI,160,160,256,256,13.21,44.90,21.175,27.35,22.27,914.48,194.19,915.22,193.98,32.99,32.19,-146.22,-123.22,113.22,90.05,0.9990,15.3300,32.9900,0.0000,0.0000,0.8619,0
295,08:53:13.558,ROI,160,160,256,256,9.62,51.84,7.9,0.0,19.29,914.54,194.19,914.49,194.37,33.17,32.58,-151.63,-146.71,113.04,90.16,0.9972,15.4100,33.1700,0.0000,0.0000,0.8631,0
296,08:53:13.622,ROI,160,160,256,256,11.15,58.67,7.275,0.0,17.04,914.58,194.18,913.98,194.64,32.85,32.65,-152.29,-165.86,113.30,90.05,0.9965,15.3700,32.8500,0.0000,0.0000,0.8633,0
297,08:53:13.687,ROI,160,160,256,256,8.16,55.24,14.8,0.0,18.10,914.59,194.16,913.38,194.95,32.71,32.55,-152.79,-180.81,113.26,89.98,0.9990,15.4000,32.7100,0.0000,0.0000,0.8628,0
298,08:53:13.735,ROI,160,160,256,256,15.90,48.82,10.15,0.0,20.48,914.64,194.08,912.99,195.19,32.67,32.34,-148.73,-190.87,113.33,90.02,0.9974,15.4300,32.6700,0.0000,0.0000,0.8646,0
299,08:53:13.798,ROI,160,160,256,256,8.93,50.68,8.35,0.0,19.73,914.58,194.10,912.52,195.41,32.81,32.45,-154.10,-198.81,113.26,90.24,0.9964,15.4000,32.8100,0.0000,0.0000,0.8660,0
300,08:53:13.863,ROI,160,160,256,256,11.00,60.27,14.225,0.0,16.59,914.46,194.13,912.37,195.56,33.12,32.33,-135.27,-198.95,113.42,90.40,0.9963,15.2600,33.1200,0.0000,0.0000,0.8616,0
301,08:53:13.911,ROI,160,160,256,256,14.88,44.48,21.325,24.875,22.48,914.08,194.48,912.14,195.74,31.78,32.15,-142.51,-198.49,112.67,89.63,0.9848,15.4400,31.7800,0.0000,0.0000,0.8659,0
302,08:53:14.040,ROI,160,160,256,256,11.32,117.18,3.475,0.0,8.53,912.93,195.04,911.40,196.06,32.21,32.41,-156.66,-199.18,111.10,89.95,0.9676,15.2800,32.2100,0.0000,0.0000,0.8666,0
303,08:53:14.087,ROI,160,160,224,224,7.91,36.86,22.025,0.0,27.13,910.12,194.41,910.45,196.05,38.98,34.05,179.45,-204.31,109.70,92.30,0.9270,14.3700,38.9800,0.0000,0.0000,0.7812,0
304,08:53:14.151,ROI,160,160,224,224,11.08,61.57,7.05,0.0,16.24,911.48,195.04,909.96,196.14,34.73,34.24,-170.09,-203.57,112.13,89.14,0.9431,14.2900,34.7300,0.0000,0.0000,0.8335,0
305,08:53:14.214,ROI,160,160,256,256,11.00,56.51,15.25,32.875,17.70,909.05,196.47,909.04,196.48,33.31,34.74,-159.18,-197.87,110.24,88.54,0.9273,14.6000,33.3100,0.0000,0.0000,0.8308,0
306,08:53:14.263,ROI,160,160,224,224,7.74,37.51,10.625,0.0,26.66,906.84,197.29,907.70,196.96,38.27,36.14,-160.60,-191.12,113.81,91.91,0.9263,14.0400,38.2700,0.0000,0.0000,0.7777,0
307,08:53:14.327,ROI,160,160,256,256,10.98,61.71,0.0,0.0,16.20,906.43,197.22,906.71,197.23,33.54,36.40,-164.52,-184.58,113.18,90.10,0.9732,15.1000,33.5400,0.0000,0.0000,0.8571,0
308,08:53:14.438,ROI,160,160,256,256,7.90,97.67,7.9,0.0,10.24,903.95,199.56,905.09,198.21,35.87,36.25,-148.99,-173.55,108.29,88.66,0.9082,14.6000,35.8700,0.0000,0.0000,0.8227,0
309,08:53:14.502,ROI,160,160,224,224,11.02,61.61,14.05,0.0,16.23,901.87,200.48,902.97,199.20,35.71,36.15,-154.78,-163.52,106.99,85.41,0.9272,13.2800,35.7100,0.0000,0.0000,0.7623,0
310,08:53:14.567,ROI,160,160,224,224,8.11,54.47,14.8,0.0,18.36,898.58,202.45,900.54,200.57,31.32,35.10,-150.69,-153.24,115.57,85.23,0.8856,13.6100,31.3200,0.0000,0.0000,0.8044,0
311,08:53:14.615,ROI,160,160,256,256,10.39,44.11,20.175,0.0,22.67,894.40,204.19,897.47,202.22,34.12,35.07,-151.74,-144.70,113.47,88.02,0.8944,15.2800,34.1200,0.0000,0.0000,0.8581,0
312,08:53:14.679,ROI,160,160,256,256,11.40,59.51,14.625,0.0,16.80,891.58,205.94,894.29,203.99,36.24,35.53,-150.94,-136.88,114.46,87.76,0.9156,13.9600,36.2400,0.0000,0.0000,0.7977,0
313,08:53:14.744,ROI,160,160,256,256,11.43,57.60,15.075,0.0,17.36,889.30,206.95,891.14,205.74,36.11,35.87,-150.93,-130.88,114.29,88.40,0.9394,14.2400,36.1100,0.0000,0.0000,0.8013,0
314,08:53:14.791,ROI,160,160,256,256,11.18,40.64,22.35,0.0,24.61,888.28,208.03,888.31,207.45,32.41,35.01,-148.83,-125.78,113.92,86.93,0.9585,15.0900,32.4100,0.0000,0.0000,0.8400,0
315,08:53:14.919,ROI,160,160,256,256,11.70,122.08,6.725,31.075,8.19,882.37,210.40,884.43,209.45,34.23,34.77,-152.62,-123.56,117.15,88.70,0.8572,15.2500,34.2300,0.0000,0.0000,0.8717,0
316,08:53:14.966,ROI,160,160,256,256,8.01,36.31,11.45,0.0,27.54,880.72,211.73,880.91,211.40,34.14,34.60,-151.13,-123.27,113.46,88.53,0.9403,15.7900,34.1400,0.0000,0.0000,0.8480,0
317,08:53:15.031,ROI,160,160,256,256,12.18,63.42,6.9,0.0,15.77,877.60,212.87,877.32,213.26,33.43,34.27,-152.53,-126.11,116.08,90.30,0.9236,16.0400,33.4300,0.0000,0.0000,0.8513,0
318,08:53:15.094,ROI,160,160,256,256,11.92,56.66,15.575,0.0,17.65,875.53,213.70,873.97,214.94,33.36,33.94,-153.50,-131.43,113.78,89.17,0.9472,15.7600,33.3600,0.0000,0.0000,0.8399,0
319,08:53:15.144,ROI,160,160,256,256,12.03,42.28,21.5,0.0,23.65,871.96,215.24,870.45,216.65,32.78,33.51,-154.04,-141.46,118.19,89.66,0.9092,15.1600,32.7800,0.0000,0.0000,0.8266,0
320,08:53:15.207,ROI,160,160,256,256,11.72,56.07,15.65,0.0,17.83,871.24,215.93,867.64,218.05,35.24,33.63,-153.61,-144.67,115.90,87.63,0.9584,15.6400,35.2400,0.0000,0.0000,0.8346,0
321,08:53:15.272,ROI,160,160,256,256,11.61,57.83,22.4,0.0,17.29,865.18,218.31,864.01,219.68,33.24,33.33,-155.77,-145.77,117.97,87.58,0.8559,15.5100,33.2400,0.0000,0.0000,0.8574,0
322,08:53:15.319,ROI,160,160,256,256,11.94,41.06,22.5,0.0,24.35,865.74,219.01,861.44,221.05,37.50,34.20,-151.82,-148.69,113.60,89.76,0.9405,15.1000,37.5000,0.0000,0.0000,0.8259,0
323,08:53:15.447,ROI,160,160,256,256,11.45,118.84,6.825,0.0,8.41,860.14,222.81,858.21,223.01,35.05,34.32,-148.86,-148.95,116.34,87.10,0.8358,14.5100,35.0500,0.0000,0.0000,0.8417,0
324,08:53:15.494,ROI,160,160,256,256,7.89,36.31,22.3,0.0,27.54,857.50,224.05,855.17,224.78,37.09,34.95,-149.64,-148.66,112.78,86.50,0.9287,15.7900,37.0900,0.0000,0.0000,0.8253,0
325,08:53:15.558,ROI,160,160,256,256,10.68,61.02,14.125,0.0,16.39,851.78,226.51,851.51,226.72,36.24,35.27,-152.15,-148.81,110.94,85.26,0.8546,16.2100,36.2400,0.0000,0.0000,0.8835,0
326,08:53:15.623,ROI,160,160,224,224,10.96,57.88,22.225,0.0,17.28,849.68,227.32,848.24,228.36,35.29,35.33,-153.35,-149.31,111.51,84.53,0.9452,14.0700,35.2900,0.0000,0.0000,0.8122,0
327,08:53:15.670,ROI,160,160,224,224,10.63,41.02,10.9,0.0,24.38,845.49,229.06,844.79,229.98,35.23,35.40,-154.91,-150.23,108.95,83.71,0.8903,14.0800,35.2300,0.0000,0.0000,0.8074,0
328,08:53:15.734,ROI,160,160,224,224,7.91,52.83,15.0,0.0,18.93,843.57,229.69,841.74,231.30,35.01,35.43,-156.52,-151.95,109.07,85.46,0.9460,14.6200,35.0100,0.0000,0.0000,0.8128,0
329,08:53:15.799,ROI,160,160,224,224,11.40,61.11,7.0,0.0,16.36,840.73,231.72,838.80,232.74,34.52,35.35,-153.95,-152.50,107.28,84.48,0.9056,13.8700,34.5200,0.0000,0.0000,0.7760,0
330,08:53:15.847,ROI,160,160,224,224,11.34,39.50,22.025,0.0,25.31,837.91,233.30,835.94,234.17,33.79,35.09,-153.46,-154.79,110.04,84.71,0.9154,13.6700,33.7900,0.0000,0.0000,0.8120,0
331,08:53:15.974,ROI,160,160,224,224,10.75,120.77,6.775,0.0,8.28,833.99,235.00,832.83,235.61,34.25,35.16,-155.01,-157.28,107.42,82.53,0.8941,14.7400,34.2500,0.0000,0.0000,0.7981,0
332,08:53:16.039,ROI,160,160,224,224,11.05,56.82,14.85,0.0,17.60,830.77,236.37,829.75,236.98,36.59,35.90,-156.16,201.05,106.71,85.32,0.9119,15.3500,36.5900,0.0000,0.0000,0.8298,0
333,08:53:16.087,ROI,160,160,224,224,7.86,37.37,21.5,0.0,26.76,829.71,237.41,827.39,238.31,35.42,35.65,-150.53,-156.68,106.81,86.48,0.9569,14.3000,35.4200,0.0000,0.0000,0.8024,0
334,08:53:16.151,ROI,160,160,224,224,11.76,61.88,14.175,0.0,16.16,824.97,238.65,824.32,239.60,34.59,35.49,-157.17,-156.69,108.89,85.18,0.8910,15.8000,34.5900,0.0000,0.0000,0.8268,0
335,08:53:16.200,ROI,160,160,224,224,11.08,41.72,21.6,0.0,23.97,822.18,239.61,821.40,240.73,33.46,35.18,-158.95,-157.74,107.35,84.04,0.9289,15.6200,33.4600,0.0000,0.0000,0.8209,0
336,08:53:16.264,ROI,160,160,224,224,11.00,56.15,14.95,0.0,17.81,818.71,241.28,818.40,241.95,34.15,34.64,-157.75,-158.00,105.92,83.54,0.9014,15.8300,34.1500,0.0000,0.0000,0.8213,0
337,08:53:16.327,ROI,160,160,224,224,7.89,52.86,7.675,0.0,18.92,816.33,242.22,815.46,243.18,32.22,34.00,-157.43,-157.47,106.46,82.88,0.9354,15.8800,32.2200,0.0000,0.0000,0.8158,0
338,08:53:16.438,ROI,160,160,224,224,7.97,105.54,7.575,0.0,9.48,810.81,244.21,811.84,244.50,34.52,33.84,-159.89,-158.71,107.63,82.89,0.8614,17.1000,34.5200,0.0000,0.0000,0.8227,0
339,08:53:16.502,ROI,160,160,224,224,10.76,61.05,14.15,0.0,16.38,809.68,245.41,808.75,245.82,32.51,33.14,-156.92,-158.46,106.90,81.90,0.9513,14.9400,32.5100,0.0000,0.0000,0.8050,0
340,08:53:16.550,ROI,160,160,224,224,11.09,40.00,21.725,0.0,25.00,804.80,246.32,805.23,246.97,33.54,33.20,-161.93,-159.81,107.23,81.35,0.8938,14.6700,33.5400,0.0000,0.0000,0.7811,0
341,08:53:16.616,ROI,160,160,224,224,11.21,59.25,14.575,32.0,16.88,803.97,247.78,802.49,248.13,32.81,32.90,-156.99,-159.54,111.22,82.38,0.9307,14.2900,32.8100,0.0000,0.0000,0.7905,0
342,08:53:16.679,ROI,160,160,224,224,8.00,52.68,7.725,0.0,18.98,800.09,250.08,799.56,249.52,32.35,32.33,-154.74,-158.71,113.06,83.31,0.8841,14.6400,32.3500,0.0000,0.0000,0.7582,0
343,08:53:16.728,ROI,160,160,256,256,11.02,46.23,19.4,0.0,21.63,797.76,251.76,796.79,251.00,33.69,32.16,-151.74,-157.17,112.69,86.10,0.9230,14.5800,33.6900,0.0000,0.0000,0.7872,0
344,08:53:16.854,ROI,160,160,256,256,11.66,120.75,3.4,0.0,8.28,792.01,254.25,793.13,252.79,30.87,31.60,-153.89,-156.58,115.71,84.90,0.8554,15.5800,30.8700,0.0000,0.0000,0.8472,0
345,08:53:16.902,ROI,160,160,256,256,10.84,36.27,22.4,0.0,27.57,786.99,256.59,789.30,254.71,33.03,31.59,-153.48,-155.67,112.74,86.48,0.8692,13.6700,33.0300,0.0000,0.0000,0.8183,0
346,08:53:16.966,ROI,160,160,256,256,11.46,58.18,14.875,0.0,17.19,784.93,257.41,785.79,256.39,32.16,31.40,-154.45,-155.24,110.74,85.66,0.9459,14.8800,32.1600,0.0000,0.0000,0.7816,0
347,08:53:17.031,ROI,160,160,224,224,11.68,58.24,15.05,0.0,17.17,782.78,257.73,782.63,257.76,34.22,31.89,-156.55,-155.33,118.52,85.76,0.9275,15.4500,34.2200,0.0000,0.0000,0.7809,0
348,08:53:17.079,ROI,160,160,256,256,11.54,39.75,22.15,0.0,25.16,778.27,259.77,779.06,259.35,34.40,32.46,-155.89,-155.14,114.05,86.21,0.8841,14.3800,34.4000,0.0000,0.0000,0.7808,0
349,08:53:17.143,ROI,160,160,256,256,11.09,57.42,15.1,0.0,17.42,773.63,262.15,775.22,261.19,34.73,33.19,-154.41,-154.50,112.53,84.51,0.8730,15.3000,34.7300,0.0000,0.0000,0.7969,0
350,08:53:17.207,ROI,160,160,256,256,11.89,56.88,15.125,0.0,17.58,774.01,263.62,772.20,263.09,32.00,32.96,-147.88,-152.23,114.82,83.84,0.9470,15.9500,32.0000,0.0000,0.0000,0.8102,0
351,08:53:17.255,ROI,160,160,256,256,10.89,39.39,21.9,0.0,25.39,770.46,265.61,769.31,265.03,32.16,33.03,-146.03,-149.53,114.35,83.26,0.8975,14.0800,32.1600,0.0000,0.0000,0.8052,0
352,08:53:17.382,ROI,160,160,256,256,8.54,116.88,3.4,0.0,8.56,763.33,267.42,765.03,267.12,33.34,33.08,-154.06,-149.61,113.52,85.68,0.8473,15.9300,33.3400,0.0000,0.0000,0.8396,0
353,08:53:17.431,ROI,160,160,256,256,11.37,46.00,9.825,0.0,21.74,758.04,269.72,760.50,269.17,34.36,33.58,-155.61,-150.48,115.49,83.62,0.8656,15.6900,34.3600,0.0000,0.0000,0.7962,0
354,08:53:17.495,ROI,160,160,256,256,7.98,53.66,15.175,0.0,18.63,758.38,269.54,757.02,270.72,34.51,33.88,-155.96,-151.47,112.32,85.66,0.9499,17.9800,34.5100,0.0000,0.0000,0.8348,0
355,08:53:17.560,ROI,160,160,256,256,11.25,62.52,13.875,0.0,15.99,752.85,271.75,753.21,272.34,32.70,33.68,-156.96,-152.56,114.70,85.42,0.8634,17.3500,32.7000,0.0000,0.0000,0.8465,0
356,08:53:17.607,ROI,160,160,256,256,10.90,38.61,11.175,0.0,25.90,750.19,273.08,749.61,273.92,33.84,33.86,-156.41,-153.39,110.37,85.39,0.9253,17.5300,33.8400,0.0000,0.0000,0.8383,0
357,08:53:17.670,ROI,160,160,224,224,7.93,53.71,15.05,0.0,18.62,748.24,275.60,746.55,275.69,33.17,33.83,-149.88,-152.34,115.42,84.57,0.9024,14.4000,33.1700,0.0000,0.0000,0.7599,0
358,08:53:17.735,ROI,160,160,256,256,11.38,61.98,14.05,0.0,16.13,746.74,277.14,743.90,277.48,31.79,33.43,-145.98,-150.29,113.84,83.78,0.9395,17.5700,31.7900,0.0000,0.0000,0.8592,0
359,08:53:17.783,ROI,160,160,256,256,9.42,39.38,21.95,0.0,25.40,743.60,278.20,741.24,279.03,34.65,33.86,-149.74,-149.76,116.66,87.33,0.9090,15.7000,34.6500,0.0000,0.0000,0.8616,0
360,08:53:17.910,ROI,160,160,256,256,11.51,122.84,6.65,0.0,8.14,738.38,280.98,737.98,280.86,34.39,34.24,-150.65,-149.71,116.88,87.55,0.8604,17.2200,34.3900,0.0000,0.0000,0.8691,0
361,08:53:17.959,ROI,160,160,256,256,7.77,38.19,21.375,0.0,26.19,735.58,282.56,734.95,282.60,31.55,33.78,-150.23,-149.56,118.05,89.74,0.9207,16.4700,31.5500,0.0000,0.0000,0.8877,0
362,08:53:18.023,ROI,160,160,256,256,11.04,61.29,7.05,0.0,16.32,733.22,284.64,732.19,284.39,34.84,34.00,-146.97,-148.57,122.67,90.94,0.9188,14.8100,34.8400,0.0000,0.0000,0.8252,0
363,08:53:18.086,ROI,160,160,256,256,8.00,52.30,15.175,0.0,19.12,729.42,284.67,729.06,285.74,31.78,33.41,-156.75,-150.92,123.73,91.47,0.9347,17.0400,31.7800,0.0000,0.0000,0.8907,0
364,08:53:18.134,ROI,160,160,256,256,8.16,41.96,9.975,0.0,23.83,728.86,285.86,726.74,286.98,32.79,33.17,-151.70,-151.27,121.65,89.78,0.9579,16.4900,32.7900,0.0000,0.0000,0.8772,0
365,08:53:18.199,ROI,160,160,256,256,11.56,61.78,14.075,0.0,16.19,725.12,287.14,724.16,288.21,30.51,32.43,-154.68,-152.23,123.58,88.37,0.9149,17.2700,30.5100,0.0000,0.0000,0.8737,0
366,08:53:18.263,ROI,160,160,256,256,11.45,58.37,15.075,0.0,17.13,723.05,288.92,721.82,289.49,29.25,31.37,-151.29,-152.27,124.64,88.93,0.9297,16.7600,29.2500,0.0000,0.0000,0.8459,0
367,08:53:18.311,ROI,160,160,256,256,8.01,37.53,22.025,0.0,26.65,718.25,290.72,718.85,290.91,30.35,30.90,-154.47,-153.16,124.43,90.10,0.8906,16.7600,30.3500,0.0000,0.0000,0.8620,0
368,08:53:18.438,ROI,160,160,256,256,10.00,121.79,9.875,0.0,8.21,712.26,292.98,715.30,292.48,30.17,30.27,-156.12,-154.12,121.97,89.60,0.8647,19.1200,30.1700,0.0000,0.0000,0.9040,0
369,08:53:18.487,ROI,160,160,256,256,11.11,42.57,10.35,0.0,23.49,709.52,294.78,711.74,294.13,29.69,29.76,-155.08,-154.85,120.32,88.94,0.9186,16.7300,29.6900,0.0000,0.0000,0.8746,0
370,08:53:18.550,ROI,160,160,256,256,11.13,57.48,15.075,0.0,17.40,704.36,296.45,707.83,295.87,28.34,28.91,-156.07,-155.19,120.82,88.29,0.8854,17.0700,28.3400,0.0000,0.0000,0.8841,0
371,08:53:18.614,ROI,160,160,256,256,8.39,53.71,15.2,0.0,18.62,701.46,297.34,703.85,297.45,27.25,27.97,-158.34,-156.30,122.11,87.82,0.9346,17.2800,27.2500,0.0000,0.0000,0.8481,0
372,08:53:18.662,ROI,160,160,256,256,11.66,45.73,19.775,0.0,21.87,696.33,299.21,699.45,299.07,28.70,27.63,-159.73,-157.73,118.61,87.49,0.8815,16.7800,28.7000,0.0000,0.0000,0.8562,0
373,08:53:18.726,ROI,160,160,256,256,7.98,52.05,15.35,0.0,19.21,694.53,299.94,695.43,300.48,28.88,27.33,-160.70,-159.45,122.91,87.89,0.9491,17.2600,28.8800,0.0000,0.0000,0.8731,0
374,08:53:18.839,ROI,160,160,256,256,11.65,110.54,0.0,30.9,9.05,686.61,303.56,690.42,302.39,26.55,26.77,-159.19,-160.34,117.87,88.21,0.8114,17.4000,26.5500,0.0000,0.0000,0.8791,0
375,08:53:18.902,ROI,160,160,256,256,11.70,57.04,7.7,0.0,17.53,686.54,304.14,686.64,303.90,30.61,27.28,-158.13,-160.80,119.18,88.24,0.9762,16.7700,30.6100,0.0000,0.0000,0.8400,0
376,08:53:18.966,ROI,160,160,256,256,11.15,55.81,15.15,0.0,17.92,681.47,305.94,682.38,305.53,30.16,27.77,-159.05,-161.26,122.83,89.86,0.8843,15.4800,30.1600,0.0000,0.0000,0.8600,0
377,08:53:19.014,ROI,160,160,256,256,11.84,41.83,21.925,0.0,23.91,680.52,307.16,678.78,307.18,31.86,28.56,-155.42,-160.37,123.46,89.30,0.9583,15.9300,31.8600,0.0000,0.0000,0.8186,0
378,08:53:19.079,ROI,160,160,256,256,8.79,54.38,14.85,0.0,18.39,676.72,309.59,675.20,309.04,29.52,28.64,-152.58,-158.69,124.99,91.58,0.8926,15.4300,29.5200,0.0000,0.0000,0.8216,0
379,08:53:19.128,ROI,160,160,256,256,11.24,44.93,20.35,0.0,22.26,674.40,310.68,672.07,310.69,29.52,28.68,-152.20,-157.07,124.96,91.42,0.9413,15.1500,29.5200,0.0000,0.0000,0.8351,0
380,08:53:19.254,ROI,160,160,256,256,11.46,119.85,6.85,0.0,8.34,668.77,313.44,668.03,312.65,29.10,28.88,-154.03,-156.63,124.61,92.43,0.8626,16.3600,29.1000,0.0000,0.0000,0.8615,0
381,08:53:19.319,ROI,160,160,256,256,11.51,58.57,14.825,31.125,17.08,665.36,315.35,664.04,314.63,29.32,29.18,-153.67,-156.44,126.66,92.45,0.9098,15.4300,29.3200,0.0000,0.0000,0.8550,0
382,08:53:19.368,ROI,160,160,256,256,11.49,39.53,11.0,31.35,25.29,662.86,316.90,660.68,316.52,28.86,29.28,-150.57,-154.85,128.46,94.78,0.9306,15.5500,28.8600,0.0000,0.0000,0.8617,0
383,08:53:19.432,ROI,160,160,288,288,10.39,54.78,7.55,0.0,18.25,660.49,318.54,657.88,318.30,33.02,30.39,-147.59,-152.46,127.57,92.74,0.9312,16.7200,33.0200,0.0000,0.0000,0.8516,0
384,08:53:19.478,ROI,160,160,256,256,11.02,40.26,22.125,0.0,24.84,658.51,319.04,655.19,319.90,33.53,31.46,-149.31,-150.69,129.14,95.57,0.9412,15.5600,33.5300,0.0000,0.0000,0.8326,0
385,08:53:19.544,ROI,160,160,288,288,9.52,56.63,7.275,0.0,17.66,653.57,321.41,652.27,321.66,32.76,32.33,-148.90,-148.82,131.00,96.59,0.8837,16.8300,32.7600,0.0000,0.0000,0.8904,0
386,08:53:19.607,ROI,160,160,288,288,11.10,58.49,7.325,0.0,17.10,650.30,323.14,649.40,323.46,30.56,32.39,-147.96,-146.85,132.55,95.45,0.9187,15.6300,30.5600,0.0000,0.0000,0.8366,0
387,08:53:19.654,ROI,160,160,288,288,10.92,39.94,11.275,0.0,25.04,647.91,323.95,646.71,324.94,30.73,32.50,-151.12,-146.48,133.76,98.24,0.9377,14.7700,30.7300,0.0000,0.0000,0.8174,0
388,08:53:19.782,ROI,160,160,288,288,8.05,116.46,6.725,0.0,8.59,639.94,328.89,642.62,327.30,33.08,33.31,-150.00,-146.37,135.36,103.88,0.8095,15.6600,33.0800,0.0000,0.0000,0.8164,0
389,08:53:19.831,ROI,160,160,288,288,11.65,46.55,19.475,0.0,21.48,635.51,330.23,638.34,329.53,34.68,34.14,-152.52,-146.84,136.87,104.22,0.9137,14.8600,34.6800,0.0000,0.0000,0.8652,0
390,08:53:19.894,ROI,160,160,288,288,7.79,50.37,15.45,0.0,19.85,631.71,331.85,634.27,331.55,35.16,34.89,-153.59,-147.63,138.08,105.93,0.9181,13.6000,35.1600,0.0000,0.0000,0.8193,0
391,08:53:19.958,ROI,160,160,288,288,11.07,61.75,7.025,0.0,16.19,627.22,334.47,630.03,333.73,33.16,35.15,-152.82,-148.34,138.06,107.41,0.8935,13.8900,33.1600,0.0000,0.0000,0.8115,0
392,08:53:20.006,ROI,160,160,288,288,10.76,40.75,21.875,0.0,24.54,624.75,336.95,626.12,335.94,32.63,34.84,-150.44,-148.85,137.45,106.67,0.9218,14.6000,32.6300,0.0000,0.0000,0.8240,0
393,08:53:20.071,ROI,160,160,288,288,11.28,57.94,14.875,0.0,17.26,622.06,338.02,622.56,338.00,34.88,35.25,-150.05,-148.57,134.12,105.16,0.9422,15.5000,34.8800,0.0000,0.0000,0.8720,0
394,08:53:20.134,ROI,160,160,288,288,7.90,53.49,7.575,0.0,18.70,620.72,338.77,619.34,339.76,35.52,35.57,-151.24,-149.16,136.22,105.19,0.9666,14.4600,35.5200,0.0000,0.0000,0.8434,0
395,08:53:20.182,ROI,160,160,288,288,11.66,45.76,19.9,31.15,21.85,615.95,342.00,615.73,341.93,30.50,34.58,-149.06,-149.01,137.66,105.43,0.8790,15.7400,30.5000,0.0000,0.0000,0.8541,0
396,08:53:20.311,ROI,160,160,288,288,7.99,118.24,6.7,0.0,8.46,610.25,344.60,611.37,344.24,31.37,33.97,-152.11,-150.13,136.75,105.07,0.8774,15.7600,31.3700,0.0000,0.0000,0.8546,0
397,08:53:20.358,ROI,160,160,288,288,11.38,44.26,10.2,0.0,22.60,608.27,346.00,607.52,346.35,30.14,32.96,-151.18,-150.78,137.57,103.27,0.9463,14.6200,30.1400,0.0000,0.0000,0.8437,0
398,08:53:20.423,ROI,160,160,288,288,7.94,54.32,14.9,0.0,18.41,605.17,346.75,604.00,348.07,30.84,32.20,-154.04,-152.07,136.30,102.11,0.9422,15.0400,30.8400,0.0000,0.0000,0.8435,0
399,08:53:20.487,ROI,160,160,288,288,11.52,62.30,7.0,0.0,16.05,600.41,350.91,600.06,350.36,26.47,30.36,-149.78,-152.25,134.21,102.24,0.8612,17.0800,26.4700,0.0000,0.0000,0.8533,0
400,08:53:20.535,ROI,160,160,288,288,15.28,44.51,11.05,24.25,22.47,598.11,349.37,596.62,351.66,27.97,29.25,-159.31,-154.90,133.36,97.70,0.9239,14.9500,27.9700,0.0000,0.0000,0.8738,0
401,08:53:20.599,ROI,160,160,288,288,11.74,54.79,0.0,0.0,18.25,592.42,352.83,592.56,353.48,26.79,28.10,-155.85,-156.12,135.63,99.52,0.8587,16.8000,26.7900,0.0000,0.0000,0.8398,0
402,08:53:20.662,ROI,160,160,288,288,12.04,54.92,15.525,0.0,18.21,591.53,354.74,589.41,355.28,27.15,27.14,-150.19,-155.49,135.40,100.03,0.9503,16.0400,27.1500,0.0000,0.0000,0.8512,0
403,08:53:20.710,ROI,160,160,288,288,11.26,40.53,22.275,0.0,24.67,585.08,358.18,585.34,357.58,26.96,26.29,-150.63,-154.80,136.93,104.15,0.8525,16.2100,26.9600,0.0000,0.0000,0.8281,0
404,08:53:20.839,ROI,160,160,288,288,11.63,122.38,3.35,31.15,8.17,578.54,359.51,580.97,359.50,25.36,25.45,-156.25,-155.62,138.22,100.37,0.8778,17.2900,25.3600,0.0000,0.0000,0.8358,0
405,08:53:20.887,ROI,160,160,288,288,10.42,38.66,11.0,0.0,25.87,575.08,361.59,576.56,361.52,24.36,24.23,-155.36,-155.99,136.71,100.78,0.9134,16.2700,24.3600,0.0000,0.0000,0.8604,0
406,08:53:20.951,ROI,160,160,288,288,7.86,54.45,14.8,0.0,18.37,571.18,363.88,572.39,363.61,24.75,23.39,-153.46,-155.52,136.30,102.91,0.9041,15.0700,24.7500,0.0000,0.0000,0.8431,0
407,08:53:20.999,ROI,160,160,288,288,11.27,44.92,10.05,0.0,22.26,569.22,363.59,568.59,365.12,26.46,23.03,-158.23,-156.45,136.55,101.34,0.9570,14.5000,26.4600,0.0000,0.0000,0.8054,0
408,08:53:21.063,ROI,160,160,288,288,8.04,52.68,7.475,0.0,18.98,563.96,365.00,564.46,366.49,26.18,22.93,-161.69,-158.27,139.95,100.51,0.9023,16.2000,26.1800,0.0000,0.0000,0.8022,0
409,08:53:21.126,ROI,160,160,288,288,7.88,56.26,14.35,0.0,17.77,561.02,366.43,560.51,367.85,26.97,23.20,-160.96,-159.60,139.90,100.73,0.9325,15.2900,26.9700,0.0000,0.0000,0.8633,0
410,08:53:21.239,ROI,160,160,288,288,11.18,109.70,7.55,0.0,9.12,555.47,369.53,556.32,369.52,23.20,22.64,-158.33,-159.76,143.82,100.30,0.8715,16.4900,23.2000,0.0000,0.0000,0.8520,0
411,08:53:21.302,ROI,160,160,288,288,7.94,52.37,15.15,0.0,19.10,552.05,371.07,552.34,371.09,23.49,22.38,-158.44,-159.75,146.86,100.35,0.9257,15.4900,23.4900,0.0000,0.0000,0.8661,0
412,08:53:21.351,ROI,160,160,320,320,8.05,41.99,19.775,0.0,23.82,545.16,373.14,547.55,372.76,27.42,23.44,-160.83,-160.48,150.34,104.30,0.8764,15.3600,27.4200,0.0000,0.0000,0.8311,0
413,08:53:21.415,ROI,160,160,320,320,8.04,57.55,14.1,0.0,17.38,541.80,375.18,542.93,374.50,27.51,24.20,-159.30,-160.89,153.48,104.82,0.9208,15.0000,27.5100,0.0000,0.0000,0.8713,0
414,08:53:21.479,ROI,160,160,320,320,11.57,62.59,13.9,0.0,15.98,536.62,377.08,537.91,376.40,26.22,24.55,-159.27,-161.06,150.32,103.92,0.9016,15.4500,26.2200,0.0000,0.0000,0.8825,0
415,08:53:21.527,ROI,160,160,320,320,11.15,40.28,22.525,32.225,24.83,536.90,379.20,534.21,378.37,27.24,25.24,-152.05,-159.30,160.22,107.52,0.9015,15.9200,27.2400,0.0000,0.0000,0.8781,0
416,08:53:21.655,ROI,160,160,352,352,11.03,119.51,3.375,0.0,8.37,529.33,383.27,529.47,380.95,27.09,26.09,-151.39,-157.67,160.23,106.96,0.8461,16.2800,27.0900,0.0000,0.0000,0.8953,0
417,08:53:21.767,ROI,160,160,352,352,10.97,105.08,7.8,0.0,9.52,520.31,386.94,523.33,384.08,25.45,26.51,-153.03,-156.41,152.99,107.98,0.8354,17.6400,25.4500,0.0000,0.0000,0.8974,0
418,08:53:21.831,ROI,160,160,320,320,14.02,60.93,14.775,26.525,16.41,513.30,389.08,517.01,386.90,26.31,26.99,-155.94,-156.15,151.74,105.60,0.8776,17.9500,26.3100,1.3800,13.7300,0.8802,0
419,08:53:21.878,ROI,160,160,320,320,13.48,41.41,12.125,0.0,24.15,512.14,390.06,511.89,389.40,28.19,27.77,-154.00,-155.19,148.36,106.86,0.9602,17.0900,28.1900,1.5600,13.9800,0.8841,0
420,08:53:21.942,ROI,160,160,320,320,7.88,51.43,16.025,0.0,19.44,508.42,391.88,507.13,391.82,25.42,27.61,-153.06,-153.95,150.24,107.14,0.9203,17.1600,25.4200,0.0000,0.0000,0.8887,0
421,08:53:22.007,ROI,160,160,320,320,11.07,61.79,13.95,0.0,16.18,505.58,393.52,503.00,394.03,24.72,27.39,-151.80,-152.54,149.36,107.80,0.9344,17.3000,24.7200,0.0000,0.0000,0.8885,0
422,08:53:22.054,ROI,160,160,320,320,10.81,40.65,21.975,0.0,24.60,503.86,394.02,499.58,395.74,25.95,27.52,-153.45,-151.94,150.52,108.04,0.9684,16.8700,25.9500,0.0000,0.0000,0.9057,0
423,08:53:22.183,ROI,160,160,320,320,11.39,121.79,6.675,0.0,8.21,495.70,396.98,495.05,397.78,24.39,26.94,-155.73,-152.12,152.06,106.62,0.8519,18.1500,24.3900,0.0000,0.0000,0.8862,0
424,08:53:22.232,ROI,160,160,320,320,11.47,41.58,21.55,0.0,24.05,490.18,402.06,490.10,400.72,26.25,26.69,-149.29,-150.58,150.74,112.82,0.8502,18.0900,26.2500,0.0000,0.0000,0.8784,0
425,08:53:22.294,ROI,160,160,320,320,11.48,54.68,7.775,0.0,18.29,488.06,403.66,485.93,403.32,28.35,27.31,-148.03,-149.21,149.02,107.82,0.9294,17.3900,28.3500,0.0000,0.0000,0.9141,0
426,08:53:22.359,ROI,160,160,320,320,13.16,59.37,14.95,26.5,16.84,483.20,405.42,481.84,405.68,27.46,27.45,-150.01,-148.43,158.18,110.86,0.9091,17.5500,27.4600,0.0000,0.0000,0.8620,0
427,08:53:22.407,ROI,160,160,320,320,7.86,31.63,11.825,0.0,31.61,478.32,407.36,477.52,407.96,28.17,27.75,-152.20,-148.57,152.50,108.96,0.9072,16.1800,28.1700,0.0000,0.0000,0.9020,0
428,08:53:22.472,ROI,160,160,320,320,11.12,62.46,20.675,0.0,16.01,471.74,410.26,472.59,410.50,26.53,27.39,-152.78,-148.74,153.50,108.26,0.8717,17.1000,26.5300,0.0000,0.0000,0.8918,0
429,08:53:22.535,ROI,160,160,320,320,11.20,55.76,15.25,0.0,17.94,469.72,411.60,468.47,412.54,29.00,28.01,-153.64,-149.65,153.62,110.32,0.9507,16.4900,29.0000,0.0000,0.0000,0.8863,0
430,08:53:22.647,ROI,160,160,320,320,11.20,104.68,7.85,0.0,9.55,463.06,414.12,463.61,414.95,25.90,27.56,-153.65,-149.78,165.00,112.72,0.8800,18.8700,25.9000,0.0000,0.0000,0.9084,0
431,08:53:22.711,ROI,160,160,352,352,13.89,59.96,15.025,25.125,16.68,457.02,416.20,458.54,417.17,27.09,27.51,-156.27,-150.86,164.74,111.39,0.8966,19.6900,27.0900,0.0000,0.0000,0.9209,0
432,08:53:22.759,ROI,160,160,352,352,8.10,33.23,11.85,0.0,30.09,454.73,417.17,453.86,419.05,27.81,27.59,-158.11,-152.91,166.45,111.21,0.9563,17.9500,27.8100,0.0000,0.0000,0.9028,0
433,08:53:22.822,ROI,160,160,352,352,11.14,59.93,14.375,32.075,16.69,450.99,419.38,449.57,420.81,26.50,27.26,-157.80,-154.82,168.83,110.68,0.9197,19.7800,26.5000,0.0000,0.0000,0.8968,0
434,08:53:22.886,ROI,160,160,352,352,7.96,53.40,7.575,0.0,18.73,448.04,421.29,445.90,422.52,24.64,26.58,-154.91,-155.43,171.67,111.03,0.9338,18.3700,24.6400,0.0000,0.0000,0.8883,0
435,08:53:22.934,ROI,160,160,352,352,8.12,42.28,19.775,0.0,23.65,444.92,421.84,442.50,423.80,26.33,26.53,-159.48,-157.30,170.48,111.34,0.9549,18.2900,26.3300,0.0000,0.0000,0.9178,0
436,08:53:23.063,ROI,160,160,352,352,11.46,126.41,3.25,0.0,7.91,437.20,426.90,438.14,425.84,25.77,26.34,-154.87,-158.00,168.50,112.75,0.8372,19.0200,25.7700,0.0000,0.0000,0.9182,0
437,08:53:23.111,ROI,160,160,352,352,11.80,40.35,22.025,0.0,24.78,433.17,429.15,433.71,428.06,25.07,25.86,-153.38,-157.88,169.14,115.87,0.9173,17.9900,25.0700,0.0000,0.0000,0.9021,0
438,08:53:23.175,ROI,160,160,352,352,7.87,53.41,15.1,0.0,18.72,429.35,429.97,429.51,429.97,27.58,26.11,-155.57,-157.98,161.88,114.49,0.9414,18.6200,27.5800,0.0000,0.0000,0.9203,0
439,08:53:23.239,ROI,160,160,352,352,11.08,60.99,7.075,0.0,16.40,423.02,432.43,424.63,432.07,27.22,26.15,-156.74,-158.28,165.84,114.53,0.8880,18.8100,27.2200,0.0000,0.0000,0.8997,0
440,08:53:23.288,ROI,160,160,352,352,8.28,39.17,21.35,0.0,25.53,421.77,433.28,420.70,433.76,26.51,26.34,-156.61,-158.59,160.45,113.32,0.9533,17.4600,26.5100,0.0000,0.0000,0.9007,0
441,08:53:23.352,ROI,160,160,352,352,11.59,61.20,14.25,0.0,16.34,412.29,436.28,415.26,435.81,27.01,26.71,-159.40,-159.47,160.95,113.45,0.8452,17.3700,27.0100,0.0000,0.0000,0.8834,0
442,08:53:23.414,ROI,160,160,352,352,7.87,49.83,15.675,0.0,20.07,410.75,437.10,410.88,437.56,25.11,26.25,-158.18,-159.52,157.21,114.71,0.9631,15.9000,25.1100,0.0000,0.0000,0.8892,0
443,08:53:23.464,ROI,160,160,320,320,15.14,50.94,9.425,24.075,19.63,404.20,441.10,405.85,439.91,28.61,26.73,-154.99,-158.62,157.22,116.44,0.8608,15.5900,28.6100,0.0000,0.0000,0.8840,0
444,08:53:23.590,ROI,160,160,320,320,7.82,109.99,3.55,0.0,9.09,394.84,445.78,399.65,442.99,29.28,27.42,-153.64,-157.23,155.48,118.42,0.8227,13.6400,29.2800,0.0000,0.0000,0.8818,0
445,08:53:23.639,ROI,160,160,320,320,7.84,42.45,9.75,0.0,23.56,391.48,446.70,393.48,445.70,32.29,28.72,-156.25,-157.16,154.72,114.12,0.9235,15.0100,32.2900,0.0000,0.0000,0.8604,0
446,08:53:23.702,ROI,160,160,320,320,7.96,57.75,0.0,0.0,17.32,387.38,449.40,387.78,448.37,30.86,29.45,-154.90,-156.79,165.54,118.06,0.8925,15.4100,30.8600,0.0000,0.0000,0.8906,0
447,08:53:23.767,ROI,160,160,352,352,11.01,61.55,14.0,0.0,16.25,384.87,449.53,383.14,450.31,34.47,31.15,-157.37,-156.98,163.24,116.42,0.9565,14.0500,34.4700,0.0000,0.0000,0.8503,0
448,08:53:23.815,ROI,160,160,352,352,12.65,43.79,21.425,27.775,22.83,379.47,450.94,378.63,452.03,32.93,32.14,-159.10,-157.27,169.73,118.62,0.9154,13.9800,32.9300,0.0000,0.0000,0.8512,0
449,08:53:23.878,ROI,160,160,352,352,12.46,53.54,15.825,0.0,18.68,373.87,454.11,373.72,454.14,33.20,32.84,-156.73,-156.95,162.21,117.79,0.8872,13.7200,33.2000,0.0000,0.0000,0.8381,0
450,08:53:23.943,ROI,160,160,352,352,10.36,55.07,23.15,0.0,18.16,369.55,457.59,368.95,456.62,33.02,33.56,-152.50,-155.57,168.87,119.83,0.8962,14.2100,33.0200,0.0000,0.0000,0.8468,0
451,08:53:24.006,ROI,160,160,352,352,12.86,59.89,14.925,0.0,16.70,365.08,458.87,364.16,458.88,32.53,34.09,-154.73,-155.03,175.60,119.57,0.9299,14.9100,32.5300,0.0000,0.0000,0.8449,0
452,08:53:24.055,ROI,160,160,352,352,14.18,41.60,22.3,25.875,24.04,361.15,461.72,359.32,461.49,32.16,34.33,-151.63,-153.60,179.26,123.68,0.9134,13.9900,32.1600,0.0000,0.0000,0.8556,0
453,08:53:24.183,ROI,160,160,384,384,12.20,117.49,3.475,0.0,8.51,349.89,464.22,353.06,464.13,32.64,34.76,-157.15,-153.55,164.90,121.46,0.8436,17.3900,32.6400,1.2200,40.7400,0.8552,0
454,08:53:24.233,ROI,160,160,352,352,17.48,49.00,20.85,0.0,20.41,346.78,468.99,347.56,467.16,27.87,33.72,-151.13,-152.46,167.07,120.54,0.8913,15.1400,27.8700,0.0000,0.0000,0.8844,0
455,08:53:24.295,ROI,160,160,352,352,12.47,48.44,0.0,0.0,20.65,344.11,469.54,342.56,469.66,29.51,32.98,-153.48,-152.40,164.41,120.45,0.9597,16.1100,29.5100,0.0000,0.0000,0.8902,0
456,08:53:24.368,ROI,160,160,352,352,54.12,107.15,13.15,0.0,9.33,336.56,472.61,336.91,472.34,28.29,32.00,-154.62,-152.67,163.94,120.30,0.8687,16.3000,28.2900,0.0000,0.0000,0.9036,0
457,08:53:24.434,ROI,160,160,352,352,14.45,18.43,0.0,24.75,54.25,336.31,473.58,332.62,474.62,27.29,30.73,-151.99,-152.20,171.62,121.07,0.9401,17.0900,27.2900,0.0000,0.0000,0.9053,0
458,08:53:24.471,ROI,160,160,352,352,113.99,126.98,18.35,13.575,7.88,330.39,477.84,328.22,477.32,25.65,29.26,-148.50,-150.94,168.67,119.75,0.8710,16.9100,25.6500,0.0000,0.0000,0.8966,0
459,08:53:24.611,ROI,160,160,352,352,57.58,65.20,15.725,0.0,15.34,326.30,477.92,323.81,479.41,25.39,27.64,-154.67,-151.53,167.77,119.64,0.9513,18.2700,25.3900,0.0000,0.0000,0.9002,0
460,08:53:24.684,ROI,160,160,352,352,22.32,26.52,0.0,16.475,37.70,314.87,482.90,317.83,482.15,32.23,28.24,-155.35,-152.36,160.84,124.74,0.8066,16.8800,32.2300,0.0000,0.0000,0.8609,0
461,08:53:24.726,ROI,160,160,352,352,22.96,29.61,42.125,16.225,33.77,310.66,486.95,312.42,485.25,30.70,28.27,-150.26,-151.63,174.17,128.72,0.8673,16.2800,30.7000,0.0000,0.0000,0.8881,0
462,08:53:24.778,ROI,160,160,352,352,20.43,37.85,14.05,0.0,26.42,307.25,487.47,307.39,487.82,28.03,27.50,-152.86,-151.55,173.25,128.55,0.9539,17.0800,28.0300,0.0000,0.0000,0.8886,0
463,08:53:24.830,ROI,160,160,352,352,40.93,61.37,0.0,0.0,16.29,301.19,490.37,302.09,490.47,29.80,27.39,-153.41,-151.65,172.79,126.35,0.8923,15.4200,29.8000,0.0000,0.0000,0.8896,0
464,08:53:24.887,ROI,160,160,352,352,19.62,27.22,25.9,18.65,36.74,298.54,493.39,297.34,493.25,26.16,26.54,-149.66,-151.03,175.43,129.01,0.9256,16.3000,26.1600,0.0000,0.0000,0.8683,0
465,08:53:24.954,ROI,160,160,352,352,33.51,73.25,8.475,0.0,13.65,290.81,495.29,291.69,495.99,26.52,25.83,-154.17,-151.31,173.38,130.61,0.8899,16.1400,26.5200,0.0000,0.0000,0.8982,0
466,08:53:25.003,ROI,160,160,352,352,27.81,32.01,0.0,27.025,31.24,287.05,497.42,286.69,498.36,24.32,24.76,-154.66,-152.08,177.83,131.47,0.9280,15.5100,24.3200,0.0000,0.0000,0.8581,0
467,08:53:25.127,ROI,160,160,384,384,13.54,101.65,4.125,0.0,9.84,280.09,501.44,281.14,501.08,24.98,24.19,-153.86,-152.77,182.54,135.77,0.8731,14.3600,24.9800,1.2500,31.3700,0.8202,0
468,08:53:25.176,ROI,160,160,384,384,10.82,39.60,11.375,0.0,25.26,277.72,503.04,276.29,503.61,24.41,23.46,-152.53,-152.93,183.02,137.42,0.9521,14.3200,24.4100,1.3700,32.2100,0.8227,0
469,08:53:25.240,ROI,160,160,384,384,10.21,56.73,7.425,0.0,17.63,274.79,504.97,272.09,505.93,22.30,22.41,-151.04,-152.63,186.24,136.75,0.9424,15.6700,22.3000,0.6700,30.9200,0.8102,0
470,08:53:25.303,ROI,160,160,384,384,12.63,59.40,15.0,0.0,16.84,271.67,507.36,267.96,508.35,26.62,22.84,-149.66,-152.03,183.41,137.50,0.9342,13.1600,26.6200,0.3600,33.4600,0.8104,0
471,08:53:25.350,ROI,160,160,384,384,10.14,28.84,23.55,0.0,34.67,269.22,505.94,264.74,509.68,28.03,23.74,-157.49,-153.31,182.16,135.55,0.9538,13.3600,28.0300,1.4900,32.3000,0.8196,0
472,08:53:25.415,ROI,160,160,384,384,14.18,61.37,14.675,25.8,16.29,267.27,506.56,261.78,510.81,25.09,24.12,-159.08,-154.86,182.33,135.48,0.9700,13.4000,25.0900,0.9100,31.2900,0.7941,0
473,08:53:25.479,ROI,160,160,384,384,12.29,55.88,8.025,0.0,17.90,265.39,508.35,259.43,511.83,26.87,24.85,-156.66,-155.81,184.22,136.63,0.9544,13.1800,26.8700,1.5400,32.8000,0.7979,0
474,08:53:25.526,ROI,160,160,384,384,14.14,42.40,22.775,25.275,23.58,263.78,506.87,257.99,511.77,27.19,25.66,177.68,-163.53,180.31,136.68,0.9580,12.6100,27.1900,1.0400,32.8500,0.8039,0
475,08:53:25.656,ROI,160,160,384,384,9.83,119.91,3.425,0.0,8.34,262.21,507.73,256.88,511.69,27.38,26.27,176.23,-170.39,181.25,139.73,0.9615,13.0500,27.3800,1.1400,34.0900,0.8029,0
476,08:53:25.720,ROI,160,160,384,384,10.44,55.07,7.45,0.0,18.16,261.93,509.86,256.39,511.83,28.46,27.26,-164.10,-171.17,181.44,143.09,0.9674,12.5600,28.4600,1.3500,34.4700,0.8082,0
477,08:53:25.767,ROI,160,160,384,384,11.16,42.26,21.45,0.0,23.66,261.17,511.50,256.09,512.29,26.73,27.38,-122.63,-160.52,187.63,140.62,0.9455,11.4800,26.7300,0.9000,34.8600,0.7511,0
478,08:53:25.831,ROI,160,160,384,384,9.45,55.49,7.525,0.0,18.02,259.92,509.78,255.99,512.12,26.52,27.50,120.81,-181.52,181.92,136.49,0.9411,12.6700,26.5200,0.8500,33.4000,0.8058,0
479,08:53:25.880,ROI,160,160,384,384,11.66,42.97,20.55,0.0,23.27,260.75,511.23,256.58,512.13,25.83,27.35,-0.53,-231.69,187.06,147.41,0.9005,12.0200,25.8300,0.8800,34.5600,0.7342,0
480,08:53:25.944,ROI,160,160,384,384,13.35,59.76,15.125,0.0,16.73,260.07,512.39,257.21,512.19,26.78,27.41,-5.52,-276.58,185.86,142.08,0.9569,11.9100,26.7800,0.8600,33.9900,0.7731,0
481,08:53:26.006,ROI,160,160,384,384,12.86,54.50,16.125,0.0,18.35,258.54,512.82,257.58,512.31,24.79,26.89,-18.99,-318.12,183.58,141.70,0.9777,12.6600,24.7900,0.8400,32.5900,0.8035,0
482,08:53:26.056,ROI,160,160,384,384,20.19,51.34,21.55,0.0,19.48,259.61,511.69,258.27,512.00,27.47,27.08,24.20,-341.85,180.53,143.02,0.9681,12.1700,27.4700,0.9900,33.3800,0.7905,0
483,08:53:26.183,ROI,160,160,384,384,9.14,107.03,3.7,0.0,9.34,259.12,512.37,259.45,511.84,27.95,27.22,7.74,-364.63,182.90,145.01,0.9735,11.2500,27.9500,0.9000,33.8200,0.7539,0
484,08:53:26.247,ROI,160,160,384,384,13.46,61.72,7.2,0.0,16.20,258.69,512.46,260.42,511.46,25.75,27.08,21.49,-379.32,181.58,143.50,0.9824,12.0200,25.7500,0.7300,33.4400,0.7905,0
485,08:53:26.294,ROI,160,160,384,384,13.43,41.49,11.875,26.7,24.10,259.51,511.64,261.39,511.01,27.38,27.23,24.98,-388.81,180.91,143.14,0.9798,12.1900,27.3800,0.9900,33.2700,0.7846,0
486,08:53:26.359,ROI,160,160,384,384,13.89,57.73,0.0,26.175,17.32,259.24,512.27,262.40,510.73,28.11,27.61,15.61,-397.05,183.29,145.20,0.9730,11.2400,28.1100,0.9300,34.0700,0.7555,0
487,08:53:26.406,ROI,160,160,384,384,16.86,47.48,0.0,0.0,21.06,258.64,512.38,262.69,510.67,25.96,27.44,12.38,-402.80,181.51,143.54,0.9790,12.0200,25.9600,0.7100,33.5700,0.7893,0
488,08:53:26.470,ROI,160,160,384,384,10.24,46.79,9.05,0.0,21.37,261.07,512.07,263.49,510.43,26.47,27.59,16.20,-404.64,182.69,145.68,0.9595,13.1400,26.4700,1.0700,32.9300,0.7945,0
489,08:53:26.534,ROI,160,160,384,384,12.18,59.30,14.7,0.0,16.86,260.62,510.32,263.76,510.05,23.18,26.93,54.56,-393.12,180.84,138.34,0.9400,12.9900,23.1800,0.6800,32.1000,0.8195,0
490,08:53:26.647,ROI,160,160,384,384,12.50,106.07,7.825,0.0,9.43,266.12,509.57,265.79,509.42,27.39,26.87,17.23,-390.29,182.74,144.17,0.9040,13.6000,27.3900,0.9900,33.6800,0.8419,0
491,08:53:26.712,ROI,160,160,384,384,11.58,56.83,15.05,0.0,17.60,266.50,507.03,267.49,508.13,25.49,26.29,37.34,-380.59,179.62,135.70,0.9252,11.7600,25.4900,0.7900,33.1700,0.7801,0
492,08:53:26.760,ROI,160,160,384,384,10.14,37.97,11.2,0.0,26.34,269.36,506.40,269.42,507.06,28.18,26.62,28.96,-371.96,182.45,135.89,0.9601,13.5200,28.1800,1.4500,32.9700,0.8522,0
493,08:53:26.823,ROI,160,160,384,384,10.64,52.52,14.95,33.675,19.04,272.98,503.41,271.94,505.41,30.33,27.23,33.13,-361.28,181.15,137.26,0.9205,13.1800,30.3300,1.0500,33.5800,0.8480,0
494,08:53:26.887,ROI,160,160,384,384,11.97,58.55,7.4,0.0,17.08,275.82,505.33,274.47,504.53,27.29,27.18,19.22,-354.25,185.14,139.68,0.9432,13.3500,27.2900,0.8000,33.5600,0.8643,0
495,08:53:26.934,ROI,160,160,384,384,11.38,39.17,22.95,32.175,25.53,278.55,502.02,277.40,503.04,26.34,26.82,27.09,-344.26,181.42,132.89,0.9236,13.9600,26.3400,0.0000,0.0000,0.8493,0
496,08:53:27.063,ROI,160,160,384,384,13.06,124.39,0.0,0.0,8.04,286.50,497.70,281.75,500.72,28.43,27.24,27.96,-334.10,179.06,136.90,0.8612,14.2600,28.4300,0.3300,34.6600,0.9106,0
497,08:53:27.112,ROI,160,160,384,384,13.35,41.66,11.425,27.625,24.00,292.14,495.97,287.06,498.19,30.65,28.16,25.51,-325.15,178.90,136.66,0.9160,14.6300,30.6500,1.4300,33.0700,0.9092,0
498,08:53:27.176,ROI,160,160,384,384,15.11,59.37,7.8,0.0,16.84,294.93,493.85,292.07,495.54,29.76,28.81,27.83,-316.50,173.88,131.47,0.9322,15.6200,29.7600,0.7700,32.2100,0.9136,0
499,08:53:27.239,ROI,160,160,352,352,8.79,50.50,0.0,0.0,19.80,302.69,489.96,298.16,492.30,33.59,30.63,28.05,-309.20,175.36,137.19,0.8654,14.0200,33.5900,0.0000,0.0000,0.8909,0
500,08:53:27.287,ROI,160,160,352,352,11.77,44.40,20.325,0.0,22.52,306.73,489.95,304.19,489.50,29.01,30.70,24.89,-304.54,177.17,131.78,0.9185,15.4900,29.0100,0.0000,0.0000,0.8912,0
501,08:53:27.350,ROI,160,160,384,384,11.02,55.53,7.675,0.0,18.01,311.93,485.06,310.41,486.15,32.47,31.51,28.30,-300.16,175.25,132.72,0.8774,16.1800,32.4700,0.0000,0.0000,0.9262,0
502,08:53:27.415,ROI,160,160,352,352,13.09,60.03,14.9,0.0,16.66,316.17,483.61,316.47,483.13,32.32,32.37,26.55,-298.33,172.17,128.02,0.9191,16.4700,32.3200,0.0000,0.0000,0.9298,0
503,08:53:27.478,ROI,160,160,352,352,12.05,55.50,23.575,0.0,18.02,323.37,481.53,323.12,480.13,31.80,32.82,24.24,60.16,168.52,123.77,0.8893,17.3700,31.8000,0.0000,0.0000,0.9492,0
504,08:53:27.529,ROI,160,160,352,352,11.07,42.59,10.25,32.725,23.48,324.85,479.22,328.73,477.42,31.14,32.95,25.82,58.80,163.77,121.86,0.9362,15.7500,31.1400,0.0000,0.0000,0.9227,0
505,08:53:27.640,ROI,160,160,352,352,9.43,102.55,3.975,0.0,9.75,334.74,474.95,335.62,474.30,33.48,33.59,24.37,-305.38,165.70,126.50,0.8308,16.3500,33.4800,0.0000,0.0000,0.9109,0
506,08:53:27.702,ROI,160,160,352,352,12.95,58.69,7.475,0.0,17.04,338.84,471.65,341.96,470.96,29.98,33.03,27.73,-313.45,166.83,121.68,0.9037,16.8000,29.9800,0.0000,0.0000,0.9297,0
507,08:53:27.767,ROI,160,160,352,352,11.26,55.11,7.75,0.0,18.15,343.43,471.00,347.93,468.17,29.23,32.39,25.11,29.91,165.92,122.83,0.9366,17.4900,29.2300,0.0000,0.0000,0.9375,0
508,08:53:27.815,ROI,160,160,352,352,12.83,44.36,21.2,0.0,22.54,344.47,468.58,352.67,465.67,30.93,32.22,27.77,20.57,161.50,122.39,0.9361,16.7900,30.9300,0.0000,0.0000,0.9223,0
509,08:53:27.879,ROI,160,160,352,352,25.35,70.15,15.55,14.65,14.26,348.38,465.34,356.88,462.99,30.60,32.00,32.46,22.04,162.51,119.59,0.9044,16.5700,30.6000,0.0000,0.0000,0.9002,0
510,08:53:27.943,ROI,160,160,352,352,13.50,44.47,10.5,0.0,22.49,354.62,464.98,361.34,460.91,28.89,31.23,24.99,22.27,168.96,121.59,0.9124,16.8400,28.8900,1.1700,39.2000,0.8980,0
511,08:53:27.991,ROI,160,160,352,352,12.13,38.89,11.775,0.0,25.71,357.87,461.71,365.33,458.63,32.88,31.76,29.79,25.77,165.73,121.84,0.9126,15.6500,32.8800,0.5100,45.0700,0.8775,0
512,08:53:28.119,ROI,160,160,352,352,12.39,120.18,3.4,0.0,8.32,368.09,457.79,370.54,456.13,31.57,31.64,25.64,24.77,167.29,119.77,0.8318,16.0100,31.5700,0.0000,0.0000,0.8772,0
513,08:53:28.166,ROI,160,160,352,352,10.52,38.12,11.375,0.0,26.24,371.56,456.71,375.17,454.04,33.78,32.01,24.24,25.09,172.41,121.33,0.9431,15.9000,33.7800,0.0000,0.0000,0.8885,0
514,08:53:28.231,ROI,160,160,352,352,14.30,62.36,14.775,24.925,16.04,379.25,453.73,380.43,451.85,35.32,32.88,22.69,24.15,160.71,118.05,0.8686,16.3100,35.3200,0.0000,0.0000,0.8718,0
515,08:53:28.295,ROI,160,160,352,352,10.05,51.34,8.05,0.0,19.48,382.59,450.95,385.02,449.66,35.21,33.45,25.42,23.83,160.36,115.46,0.9155,14.6200,35.2100,0.0000,0.0000,0.8974,0
516,08:53:28.344,ROI,160,160,352,352,8.62,39.49,0.0,0.0,25.33,389.11,448.39,390.00,447.41,35.41,33.86,24.35,24.24,154.86,112.75,0.8813,16.3400,35.4100,0.0000,0.0000,0.9027,0
517,08:53:28.409,ROI,160,160,320,320,12.18,60.57,7.1,0.0,16.51,392.00,447.86,394.48,445.62,30.66,33.11,21.81,24.64,159.56,115.16,0.9437,14.5800,30.6600,0.0000,0.0000,0.9069,0
518,08:53:28.470,ROI,160,160,320,320,11.01,51.45,8.075,0.0,19.44,395.02,444.16,398.35,443.39,33.72,33.20,29.92,27.33,148.88,113.54,0.8760,15.9200,33.7200,0.0000,0.0000,0.9087,0
519,08:53:28.519,ROI,160,160,320,320,13.02,41.81,21.5,0.0,23.92,397.00,443.00,401.74,441.54,34.15,33.72,28.63,26.03,147.30,113.06,0.9541,15.9200,34.1500,0.0000,0.0000,0.8934,0
520,08:53:28.646,ROI,160,160,320,320,12.94,119.66,6.85,0.0,8.36,406.92,438.74,406.36,439.10,34.02,33.85,27.86,27.51,149.92,112.62,0.8149,17.1300,34.0200,0.0000,0.0000,0.9159,0
521,08:53:28.695,ROI,160,160,320,320,11.89,40.12,11.225,0.0,24.93,409.56,437.80,410.58,437.16,32.62,33.80,24.71,26.35,151.66,116.78,0.9316,15.1600,32.6200,0.0000,0.0000,0.8934,0
522,08:53:28.761,ROI,160,160,320,320,11.92,60.55,7.25,0.0,16.52,416.24,434.82,415.41,434.94,32.39,33.51,24.69,25.83,150.74,115.92,0.8715,16.1600,32.3900,0.0000,0.0000,0.9077,0
523,08:53:28.824,ROI,160,160,320,320,12.11,55.39,15.575,0.0,18.05,422.12,433.32,420.55,433.04,30.97,32.69,20.23,23.71,154.48,115.54,0.9030,16.2200,30.9700,0.0000,0.0000,0.9066,0
524,08:53:28.870,ROI,160,160,320,320,10.50,35.33,0.0,0.0,28.31,426.46,431.36,425.66,430.85,29.72,31.90,23.20,23.81,156.62,115.24,0.9150,15.8900,29.7200,0.0000,0.0000,0.9271,0
525,08:53:28.937,ROI,160,160,320,320,14.65,62.22,14.175,0.0,16.07,429.78,431.30,430.56,429.26,29.14,31.23,17.96,22.01,161.50,114.56,0.9536,16.8900,29.1400,0.0000,0.0000,0.9238,0
526,08:53:29.047,ROI,160,160,352,352,9.83,98.04,0.0,0.0,10.20,438.39,426.09,436.25,426.96,28.44,30.39,22.04,21.45,164.38,114.00,0.8248,16.9000,28.4400,0.0000,0.0000,0.9270,0
527,08:53:29.112,ROI,160,160,352,352,10.21,56.58,7.275,0.0,17.68,444.75,423.12,442.17,424.42,30.60,30.10,23.25,21.53,169.36,114.86,0.8811,16.1500,30.6000,0.0000,0.0000,0.9368,0
528,08:53:29.176,ROI,160,160,352,352,11.76,59.54,7.4,0.0,16.79,446.49,421.50,447.31,422.04,28.69,29.47,24.79,21.86,162.65,113.70,0.9340,18.2200,28.6900,0.0000,0.0000,0.9440,0
529,08:53:29.225,ROI,160,160,352,352,17.64,48.53,10.725,41.25,20.60,453.44,419.33,452.73,419.83,28.09,28.46,22.24,21.46,166.80,112.60,0.8858,17.8000,28.0900,0.0000,0.0000,0.9355,0
530,08:53:29.287,ROI,160,160,352,352,17.01,52.78,9.075,21.275,18.95,454.94,418.30,457.24,417.71,27.66,27.87,25.15,22.18,163.92,113.26,0.9644,18.3300,27.6600,0.0000,0.0000,0.9324,0
531,08:53:29.353,ROI,160,160,352,352,19.22,59.53,8.2,19.0,16.80,460.07,416.11,461.82,415.77,29.80,27.70,22.94,21.99,164.25,113.65,0.9048,17.9600,29.8000,0.0000,0.0000,0.9415,0
532,08:53:29.399,ROI,160,160,352,352,22.04,36.51,15.375,0.0,27.39,462.93,414.79,465.96,413.95,30.29,27.71,23.74,22.19,159.06,112.97,0.9434,18.8100,30.2900,0.0000,0.0000,0.9286,0
533,08:53:29.528,ROI,160,160,320,320,17.80,117.18,3.675,20.75,8.53,467.56,412.76,469.91,412.07,32.68,28.42,25.41,23.06,153.48,113.62,0.9102,17.4300,32.6800,0.0000,0.0000,0.9276,0
534,08:53:29.575,ROI,160,160,320,320,18.57,40.04,13.7,19.85,24.98,471.08,411.58,473.91,410.37,31.15,28.74,23.10,23.16,151.18,112.56,0.9355,16.2400,31.1500,0.0000,0.0000,0.9063,0
535,08:53:29.640,ROI,160,160,320,320,15.26,52.41,8.7,24.05,19.08,477.56,408.62,478.02,408.52,30.17,28.58,24.15,23.73,151.36,110.78,0.8723,17.5100,30.1700,0.0000,0.0000,0.9146,0
536,08:53:29.704,ROI,160,160,320,320,21.56,64.97,0.0,16.925,15.39,480.26,407.54,481.64,407.02,29.85,28.68,22.58,23.59,149.10,107.80,0.9390,16.2200,29.8500,0.0000,0.0000,0.8989,0
537,08:53:29.752,ROI,160,160,320,320,19.20,37.67,16.175,19.225,26.55,485.48,405.72,485.48,405.37,30.97,29.22,23.16,23.87,148.88,110.04,0.9027,17.9800,30.9700,0.0000,0.0000,0.9040,0
538,08:53:29.816,ROI,160,160,320,320,17.11,53.75,8.925,21.25,18.60,488.04,403.92,489.18,403.73,30.35,29.50,23.99,24.14,149.14,109.86,0.9356,16.8700,30.3500,0.0000,0.0000,0.9051,0
539,08:53:29.879,ROI,160,160,320,320,14.98,51.59,8.75,24.1,19.39,495.84,401.44,493.99,401.98,30.06,29.79,19.97,22.82,154.10,111.78,0.8643,17.7300,30.0600,0.0000,0.0000,0.9074,0
540,08:53:29.928,ROI,160,160,320,320,12.15,38.98,11.85,29.425,25.66,497.44,398.96,497.98,399.88,29.23,30.08,27.82,24.28,147.86,108.76,0.9176,16.0600,29.2300,0.0000,0.0000,0.9029,0
541,08:53:30.041,ROI,160,160,320,320,25.49,117.78,3.95,0.0,8.49,505.30,394.62,503.17,397.19,30.20,30.37,27.42,24.99,150.90,110.20,0.8345,18.3800,30.2000,0.0000,0.0000,0.9265,0
542,08:53:30.103,ROI,160,160,320,320,14.16,40.61,21.625,25.275,24.62,510.58,392.62,508.11,394.69,29.26,30.54,26.78,25.69,153.16,110.04,0.9007,18.2200,29.2600,0.0000,0.0000,0.9255,0
543,08:53:30.167,ROI,160,160,320,320,9.33,48.39,8.15,0.0,20.67,509.68,391.36,511.70,392.34,27.86,30.18,33.20,28.09,144.24,105.44,0.9024,18.2000,27.8600,0.0000,0.0000,0.9131,0
544,08:53:30.215,ROI,160,160,320,320,9.18,41.52,10.2,0.0,24.08,513.40,391.10,514.98,390.52,28.29,29.82,29.05,29.24,150.76,108.68,0.9225,18.6500,28.2900,0.0000,0.0000,0.9312,0
545,08:53:30.280,ROI,160,160,320,320,12.32,60.97,14.25,0.0,16.40,517.68,389.46,518.46,388.81,27.85,29.34,26.16,29.24,150.24,106.48,0.9171,17.8100,27.8500,0.0000,0.0000,0.9182,0
546,08:53:30.344,ROI,160,160,320,320,9.45,53.28,7.65,0.0,18.77,523.46,387.68,522.26,387.15,27.59,28.76,23.57,28.59,154.80,107.60,0.8976,17.8300,27.5900,0.0000,0.0000,0.9241,0
547,08:53:30.391,ROI,160,160,320,320,10.39,42.56,10.575,0.0,23.50,526.74,383.66,526.00,384.75,27.35,28.56,32.70,30.65,149.04,104.68,0.8888,15.8400,27.3500,1.4500,14.2200,0.9093,0
548,08:53:30.521,ROI,160,160,320,320,11.79,124.22,6.65,0.0,8.05,535.54,379.50,531.19,381.92,27.66,28.22,28.57,30.60,151.70,104.28,0.8248,15.5700,27.6600,0.0000,0.0000,0.9236,0
549,08:53:30.568,ROI,160,160,320,320,9.10,36.46,23.05,0.0,27.43,537.54,379.58,536.04,379.64,29.26,28.26,25.22,29.54,155.56,109.00,0.9321,15.1300,29.2600,0.0000,0.0000,0.8600,0
550,08:53:30.630,ROI,160,160,320,320,8.74,55.79,14.775,0.0,17.92,543.80,376.12,541.04,377.18,29.86,28.37,26.25,28.74,153.70,108.14,0.8673,14.2100,29.8600,0.0000,0.0000,0.8827,0
551,08:53:30.697,ROI,160,160,320,320,12.12,64.02,6.875,0.0,15.62,546.20,374.80,545.70,374.86,28.42,28.14,26.36,28.15,149.42,104.62,0.9373,14.4500,28.4200,0.0000,0.0000,0.8650,0
552,08:53:30.743,ROI,160,160,320,320,8.35,34.47,11.675,0.0,29.01,549.42,372.92,549.97,372.71,29.53,28.18,26.81,27.63,145.18,104.72,0.9241,14.3700,29.5300,0.0000,0.0000,0.8813,0
553,08:53:30.808,ROI,160,160,320,320,14.34,65.00,13.975,25.3,15.38,551.68,371.98,553.67,370.82,29.01,28.15,27.10,27.57,147.24,105.86,0.9526,14.0600,29.0100,0.0000,0.0000,0.8634,0
554,08:53:30.870,ROI,160,160,320,320,10.37,50.22,8.35,0.0,19.91,557.68,368.02,557.96,368.39,31.51,28.87,29.45,27.87,142.44,105.18,0.8562,14.5800,31.5100,0.0000,0.0000,0.8687,0
555,08:53:30.919,ROI,160,160,288,288,14.82,44.40,21.15,24.625,22.52,560.85,368.99,562.16,366.60,24.76,27.79,23.08,26.93,143.39,100.93,0.9188,14.8600,24.7600,0.0000,0.0000,0.8516,0
556,08:53:31.048,ROI,160,160,288,288,11.15,116.88,0.0,0.0,8.56,568.26,366.38,566.91,364.87,26.84,27.49,20.10,25.06,138.06,101.14,0.8568,16.1400,26.8400,0.0000,0.0000,0.8829,0
557,08:53:31.095,ROI,160,160,288,288,12.24,41.87,22.25,0.0,23.88,570.57,363.55,570.88,363.00,28.25,27.44,25.20,24.69,140.09,102.69,0.9158,14.6000,28.2500,0.0000,0.0000,0.8471,0
558,08:53:31.159,ROI,160,160,288,288,12.78,58.21,7.625,0.0,17.18,574.86,362.26,575.08,361.32,30.39,28.15,21.79,23.34,139.46,103.57,0.9180,15.1600,30.3900,0.0000,0.0000,0.8572,0
559,08:53:31.223,ROI,160,160,288,288,8.60,45.01,15.65,0.0,22.22,576.23,362.63,578.27,360.29,29.08,28.54,17.84,21.36,135.25,101.86,0.9538,15.6800,29.0800,0.0000,0.0000,0.8667,0
560,08:53:31.270,ROI,160,160,288,288,23.85,56.15,20.775,0.0,17.81,581.06,361.10,581.94,359.22,30.05,29.25,16.20,18.99,137.57,102.60,0.9050,15.8400,30.0500,0.0000,0.0000,0.8701,0
561,08:53:31.335,ROI,160,160,288,288,8.90,42.45,19.6,0.0,23.56,585.28,360.08,585.62,358.33,26.92,28.93,13.63,16.49,138.83,100.58,0.9226,15.4700,26.9200,0.0000,0.0000,0.8787,0
562,08:53:31.449,ROI,160,160,288,288,9.86,107.32,0.0,0.0,9.32,594.38,355.75,590.78,356.64,26.78,28.60,18.20,15.56,137.48,101.84,0.8087,16.5000,26.7800,0.0000,0.0000,0.9000,0
563,08:53:31.511,ROI,160,160,288,288,18.13,64.71,7.575,20.65,15.45,599.08,353.40,595.95,354.80,29.68,28.84,19.58,15.07,138.11,100.98,0.8930,15.6900,29.6800,0.0000,0.0000,0.8926,0
564,08:53:31.562,ROI,160,160,288,288,17.02,42.81,24.45,21.15,23.36,601.20,352.86,600.55,353.22,29.74,29.14,18.91,14.79,135.56,101.77,0.9594,14.5800,29.7400,0.0000,0.0000,0.8858,0
565,08:53:31.622,ROI,160,160,288,288,8.31,40.10,9.25,0.0,24.93,602.06,349.43,604.06,351.25,31.14,29.81,29.28,17.35,129.53,99.40,0.8934,14.6000,31.1400,0.0000,0.0000,0.8950,0
566,08:53:31.687,ROI,160,160,288,288,8.83,58.16,7.075,0.0,17.19,606.45,347.69,607.84,349.23,34.04,31.17,28.14,19.59,135.86,101.14,0.9047,14.2800,34.0400,0.0000,0.0000,0.8674,0
567,08:53:31.735,ROI,160,160,288,288,11.55,44.74,10.175,0.0,22.35,610.16,347.11,611.49,347.50,34.29,32.29,25.32,20.94,139.05,104.74,0.9153,14.9800,34.2900,0.0000,0.0000,0.8489,0
568,08:53:31.863,ROI,160,160,288,288,11.66,120.90,6.75,0.0,8.27,617.61,343.47,616.26,345.21,36.20,33.74,25.70,22.32,136.48,104.99,0.8401,16.6400,36.2000,0.0000,0.0000,0.8776,0
569,08:53:31.911,ROI,160,160,288,288,15.89,44.65,22.175,23.325,22.40,618.17,342.64,619.74,343.20,39.33,35.76,29.98,25.20,128.32,105.82,0.9262,15.3300,39.3300,0.0000,0.0000,0.8434,0
570,08:53:31.974,ROI,160,160,288,288,9.77,48.64,8.35,0.0,20.56,620.50,341.84,623.04,341.47,37.89,37.13,27.66,26.62,131.15,107.01,0.9504,14.3600,37.8900,0.0000,0.0000,0.8186,0
571,08:53:32.039,ROI,160,160,288,288,12.06,60.37,14.5,0.0,16.56,626.48,339.22,626.63,339.69,33.57,36.99,26.34,27.56,138.96,111.02,0.8731,15.0500,33.5700,0.0000,0.0000,0.8837,0
572,08:53:32.088,ROI,160,160,288,288,26.58,56.30,10.925,14.225,17.76,627.28,337.18,629.24,337.88,37.76,37.92,34.83,30.70,137.90,106.72,0.9503,14.4200,37.7600,0.0000,0.0000,0.7906,0
573,08:53:32.151,ROI,160,160,288,288,16.17,45.81,10.975,22.975,21.83,631.32,334.68,632.43,335.83,34.41,37.86,32.69,32.24,136.69,109.13,0.9013,14.9200,34.4100,0.0000,0.0000,0.8680,0
574,08:53:32.216,ROI,160,160,288,288,12.31,55.48,8.125,0.0,18.02,635.46,332.31,635.87,333.50,35.52,37.97,34.07,34.09,134.30,104.20,0.8990,13.8200,35.5200,0.0000,0.0000,0.8044,0
575,08:53:32.263,ROI,160,160,288,288,12.07,39.58,22.85,0.0,25.26,639.21,330.81,639.42,331.23,36.44,38.26,32.62,35.45,134.59,103.68,0.9196,14.3500,36.4400,0.0000,0.0000,0.7963,0
576,08:53:32.391,ROI,160,160,288,288,11.13,118.00,3.425,0.0,8.47,644.24,327.34,643.26,328.49,31.88,37.26,35.53,37.55,135.52,102.08,0.8696,14.3900,31.8800,0.0000,0.0000,0.8787,0
577,08:53:32.439,ROI,160,160,288,288,16.30,46.10,21.55,22.775,21.69,648.34,325.78,647.32,326.05,37.17,37.73,30.98,37.25,135.02,99.38,0.9132,14.3100,37.1700,0.0000,0.0000,0.8101,0
578,08:53:32.511,ROI,160,160,288,288,30.98,81.05,0.0,0.0,12.34,652.45,323.16,651.07,323.69,35.30,37.58,32.19,37.34,133.72,97.74,0.8934,14.3000,35.3000,0.0000,0.0000,0.8470,0
579,08:53:32.573,ROI,160,160,288,288,19.52,34.58,52.825,0.0,28.92,654.84,323.13,654.61,321.74,34.50,37.03,28.80,36.58,128.21,97.25,0.9540,14.9900,34.5000,0.0000,0.0000,0.8059,0
580,08:53:32.619,ROI,160,160,288,288,23.31,36.86,32.725,15.875,27.13,657.83,321.54,657.78,320.04,35.50,36.66,28.26,35.50,127.03,97.49,0.9244,15.6200,35.5000,0.0000,0.0000,0.8130,0
581,08:53:32.681,ROI,160,160,256,256,50.34,75.03,10.3,0.0,13.33,661.56,319.72,661.13,318.33,32.25,35.51,27.01,34.00,124.61,95.62,0.9084,15.1300,32.2500,0.0000,0.0000,0.8786,0
582,08:53:32.756,ROI,160,160,256,256,17.59,31.07,16.65,20.5,32.18,664.34,318.25,664.36,316.76,31.72,34.20,25.94,32.15,127.74,94.40,0.9284,14.9600,31.7200,0.0000,0.0000,0.8533,0
583,08:53:32.793,ROI,160,160,256,256,26.07,35.06,22.425,14.15,28.52,668.00,315.87,667.85,314.98,30.56,32.74,27.01,30.55,124.51,92.59,0.8979,15.2800,30.5600,0.0000,0.0000,0.8939,0
584,08:53:32.926,ROI,160,160,256,256,56.23,155.54,0.0,0.0,6.43,674.46,311.67,672.02,312.81,31.40,31.39,27.53,28.80,123.65,92.80,0.8264,14.5700,31.4000,0.0000,0.0000,0.8551,0
585,08:53:33.025,ROI,160,160,256,256,41.48,65.71,10.1,27.225,15.22,675.09,311.37,675.47,310.91,31.66,30.85,28.83,27.89,124.85,91.30,0.9741,15.8900,31.6600,0.0000,0.0000,0.8394,0
586,08:53:33.104,ROI,160,160,256,256,45.62,68.76,22.025,16.6,14.54,679.96,309.56,679.02,309.13,31.87,30.39,26.73,26.72,124.38,91.89,0.8903,14.9900,31.8700,0.0000,0.0000,0.8278,0
587,08:53:33.167,ROI,160,160,256,256,47.35,53.64,0.0,15.975,18.64,680.82,309.16,681.99,307.86,28.79,29.14,23.12,24.24,119.84,88.83,0.9314,15.5700,28.7900,0.0000,0.0000,0.8465,0
588,08:53:33.249,ROI,160,160,256,256,60.43,84.43,23.825,0.0,11.84,686.88,306.17,685.70,306.24,29.35,28.10,23.58,22.37,121.20,88.51,0.8479,15.9100,29.3500,0.0000,0.0000,0.8577,0
589,08:53:33.338,ROI,160,160,256,256,26.77,41.12,28.7,13.8,24.32,686.77,305.70,688.71,304.80,29.26,27.34,25.58,21.65,120.94,87.41,0.9854,17.0100,29.2600,0.0000,0.0000,0.8549,0
590,08:53:33.415,ROI,160,160,256,256,21.99,60.95,8.025,0.0,16.41,693.58,303.59,692.69,303.19,30.01,26.91,21.99,20.40,120.82,88.80,0.8537,17.6900,30.0100,0.0000,0.0000,0.8861,0
591,08:53:33.455,ROI,160,160,256,256,25.93,33.97,44.8,0.0,29.44,693.77,303.30,695.82,301.84,29.96,26.94,23.35,20.21,120.86,89.94,0.9844,16.9100,29.9600,0.0000,0.0000,0.8595,0
592,08:53:33.499,ROI,160,160,256,256,31.99,38.29,0.0,23.4,26.12,701.53,300.23,699.73,300.26,29.47,27.12,22.02,19.69,119.66,86.75,0.8229,16.4100,29.4700,0.0000,0.0000,0.8562,0
593,08:53:33.549,ROI,160,160,256,256,23.63,30.96,22.6,46.525,32.30,704.07,298.77,703.18,298.78,28.70,27.07,23.11,19.73,120.94,88.11,0.9276,17.8500,28.7000,0.0000,0.0000,0.8975,0
594,08:53:33.598,ROI,160,160,256,256,58.33,71.64,0.0,0.0,13.96,708.96,296.93,707.07,297.13,29.20,27.40,23.01,20.17,121.25,88.61,0.8862,18.5800,29.2000,0.0000,0.0000,0.9005,0
595,08:53:33.677,ROI,160,160,256,256,19.26,25.70,0.0,18.85,38.91,710.03,296.53,710.49,295.94,28.08,27.50,19.18,18.94,120.26,89.46,0.9732,19.0900,28.0800,0.0000,0.0000,0.9176,0
596,08:53:33.715,ROI,160,160,256,256,29.60,38.06,0.0,12.55,26.27,714.75,295.34,714.23,294.82,28.43,27.62,16.68,17.42,121.47,90.03,0.9016,19.2100,28.4300,0.0000,0.0000,0.9095,0
597,08:53:33.770,ROI,160,160,256,256,29.39,37.92,16.225,24.725,26.37,718.74,294.46,718.08,293.72,26.67,27.37,15.98,16.35,125.18,90.67,0.9196,18.1900,26.6700,0.0000,0.0000,0.9096,0
598,08:53:33.851,ROI,160,160,256,256,27.89,66.79,7.925,13.325,14.97,723.94,291.10,721.99,292.23,29.44,27.83,20.91,16.97,124.72,91.95,0.8574,18.6000,29.4400,0.0000,0.0000,0.8938,0
599,08:53:33.915,ROI,160,160,256,256,32.74,58.80,22.45,34.275,17.01,728.81,289.53,726.39,290.64,32.08,28.68,19.84,17.10,122.75,91.54,0.8941,17.9000,32.0800,0.0000,0.0000,0.8705,0
600,08:53:33.979,ROI,160,160,256,256,33.05,49.96,13.3,0.0,20.02,730.19,288.68,730.24,289.11,31.48,29.34,21.68,18.09,123.97,89.52,0.9566,16.5100,31.4800,0.0000,0.0000,0.8534,0
601,08:53:34.033,ROI,160,160,256,256,29.81,35.87,40.125,0.0,27.88,732.37,286.46,733.48,287.41,33.88,30.92,27.72,20.92,119.36,90.99,0.9178,15.4800,33.8800,0.0000,0.0000,0.8192,0
602,08:53:34.087,ROI,160,160,256,256,34.66,49.02,16.725,10.875,20.40,734.62,285.39,736.64,285.81,33.27,31.80,26.75,22.58,120.03,90.30,0.9409,16.5400,33.2700,0.0000,0.0000,0.8717,0
603,08:53:34.151,ROI,160,160,256,256,24.44,44.53,0.0,15.2,22.46,740.14,282.76,740.38,283.94,35.30,33.35,26.55,24.15,120.58,90.80,0.8629,16.8700,35.3000,0.0000,0.0000,0.8324,0
604,08:53:34.216,ROI,160,160,256,256,11.63,40.18,10.075,30.55,24.89,740.66,283.02,743.29,282.60,33.21,34.03,24.79,24.91,119.31,90.24,0.9834,15.4900,33.2100,0.0000,0.0000,0.8737,0
605,08:53:34.283,ROI,160,160,256,256,33.00,80.93,14.2,11.225,12.36,745.20,280.42,746.56,280.89,31.03,33.89,27.61,26.36,119.42,90.77,0.8767,16.8300,31.0300,0.0000,0.0000,0.8851,0
606,08:53:34.403,ROI,160,160,256,256,16.89,91.93,0.0,0.0,10.88,748.60,277.34,749.72,278.91,32.82,34.57,32.01,28.40,114.37,89.57,0.8826,17.9500,32.8200,0.0000,0.0000,0.8813,0
607,08:53:34.441,ROI,160,160,256,256,16.74,28.82,19.15,21.725,34.70,750.26,275.88,752.37,277.00,34.80,35.18,35.81,31.40,110.74,87.47,0.9369,18.2800,34.8000,0.0000,0.0000,0.8641,0
608,08:53:34.505,ROI,160,160,224,224,20.68,57.35,17.25,17.425,17.44,752.09,275.73,754.61,275.59,36.57,36.18,32.24,32.80,119.43,89.42,0.9070,14.4200,36.5700,0.0000,0.0000,0.7524,0
609,08:53:34.567,ROI,160,160,256,256,17.11,47.43,9.8,21.575,21.09,752.53,272.95,756.27,273.70,32.92,36.02,48.59,38.41,111.18,83.18,0.8660,18.3200,32.9200,0.0000,0.0000,0.8673,0
610,08:53:34.616,ROI,160,160,224,224,17.71,38.88,12.8,0.0,25.72,758.41,272.90,758.86,272.22,31.13,35.14,29.88,38.25,118.37,85.62,0.8772,17.6900,31.1300,0.0000,0.0000,0.9095,0
611,08:53:34.683,ROI,160,160,256,256,21.12,61.81,8.15,17.3,16.18,757.76,270.90,760.48,270.59,32.84,34.95,45.07,42.00,110.19,81.14,0.8821,18.6100,32.8400,0.0000,0.0000,0.8570,0
612,08:53:34.744,ROI,160,160,224,224,17.15,47.21,10.15,0.0,21.18,763.52,269.55,763.07,268.97,31.93,34.48,32.13,41.75,113.99,84.35,0.8689,17.7700,31.9300,0.0000,0.0000,0.8881,0
613,08:53:34.809,ROI,160,160,256,256,20.50,59.88,24.875,0.0,16.70,765.51,269.40,765.45,267.74,30.84,33.80,27.19,39.92,113.70,80.67,0.9242,18.1100,30.8400,0.0000,0.0000,0.8740,0
614,08:53:34.857,ROI,160,160,256,256,33.84,48.88,88.85,0.0,20.46,767.70,267.82,767.44,266.69,31.08,33.12,27.84,38.17,112.22,81.70,0.9259,18.1900,31.0800,0.0000,0.0000,0.8756,0
615,08:53:34.985,ROI,160,160,256,256,14.56,94.93,4.25,24.9,10.53,775.70,262.66,771.10,264.56,34.18,33.24,30.26,36.87,115.28,84.58,0.7728,18.5700,34.1800,0.0000,0.0000,0.8619,0
616,08:53:35.031,ROI,160,160,256,256,16.21,39.17,0.0,0.0,25.53,782.23,260.85,775.52,262.46,33.89,33.15,25.38,34.31,117.12,85.55,0.8581,16.3400,33.8900,0.0000,0.0000,0.8209,0
617,08:53:35.095,ROI,160,160,256,256,11.65,50.04,8.375,0.0,19.98,784.88,259.87,779.92,260.50,32.57,32.91,24.03,31.80,114.56,86.34,0.9344,15.2100,32.5700,0.0000,0.0000,0.8070,0
618,08:53:35.160,ROI,160,160,256,256,10.58,56.34,14.925,0.0,17.75,787.54,258.57,783.89,258.78,32.23,32.55,23.36,29.25,114.16,86.50,0.9269,15.5200,32.2300,0.0000,0.0000,0.8398,0
619,08:53:35.207,ROI,160,160,256,256,11.12,41.25,21.775,0.0,24.24,790.18,257.44,787.99,257.14,32.66,32.34,21.84,26.30,112.35,85.49,0.9301,14.9000,32.6600,0.0000,0.0000,0.8380,0
620,08:53:35.273,ROI,160,160,256,256,11.99,53.85,14.825,0.0,18.57,795.68,255.05,792.40,255.35,32.62,32.07,22.09,23.96,116.24,86.30,0.8610,14.7400,32.6200,0.0000,0.0000,0.8498,0
621,08:53:35.334,ROI,160,160,256,256,9.97,52.84,8.075,35.725,18.93,797.94,254.41,796.77,253.74,34.49,32.31,20.28,21.29,108.90,86.02,0.9233,15.3700,34.4900,0.0000,0.0000,0.8098,0
622,08:53:35.448,ROI,160,160,224,224,12.81,106.98,0.0,0.0,9.35,803.40,250.74,801.31,251.71,36.28,33.01,24.09,20.06,108.11,83.58,0.8325,14.2200,36.2800,0.0000,0.0000,0.7771,0
623,08:53:35.512,ROI,160,160,224,224,11.13,54.69,15.35,0.0,18.28,806.11,249.17,805.63,249.76,34.78,33.32,24.17,18.93,110.52,84.25,0.9175,14.8200,34.7800,0.0000,0.0000,0.7650,0
624,08:53:35.560,ROI,160,160,224,224,14.39,44.18,21.6,0.0,22.63,808.09,248.64,809.36,248.21,33.42,33.21,22.60,17.57,108.40,83.10,0.9515,15.7600,33.4200,0.0000,0.0000,0.8215,0
625,08:53:35.623,ROI,160,160,224,224,11.02,49.95,0.0,0.0,20.02,810.02,248.01,812.88,246.85,33.87,33.38,21.22,16.46,106.08,83.43,0.9506,15.8900,33.8700,0.0000,0.0000,0.8351,0
626,08:53:35.688,ROI,160,160,224,224,10.09,55.73,7.4,0.0,17.94,813.56,246.29,816.35,245.39,33.56,33.50,22.76,16.38,106.32,82.52,0.8986,17.1400,33.5600,0.0000,0.0000,0.8477,0
627,08:53:35.735,ROI,160,160,224,224,9.67,40.64,10.675,0.0,24.61,814.50,245.37,819.11,244.02,31.57,33.35,26.36,17.71,108.32,82.82,0.9600,16.2600,31.5700,0.0000,0.0000,0.8409,0
628,08:53:35.863,ROI,160,160,224,224,10.52,122.60,6.65,0.0,8.16,822.47,242.00,822.96,242.30,34.59,33.92,24.13,18.26,107.73,83.16,0.7996,18.2200,34.5900,0.0000,0.0000,0.8600,0
629,08:53:35.912,ROI,160,160,224,224,10.21,41.85,21.0,0.0,23.89,826.70,240.25,826.73,240.57,37.52,35.04,24.64,19.31,106.85,85.15,0.8878,15.6300,37.5200,0.0000,0.0000,0.7712,0
630,08:53:35.975,ROI,160,160,224,224,9.35,55.68,15.0,0.0,17.96,828.45,239.47,830.05,239.02,34.87,35.40,25.08,20.58,110.63,86.65,0.9484,15.3500,34.8700,0.0000,0.0000,0.8069,0
631,08:53:36.039,ROI,160,160,224,224,9.65,57.58,7.275,0.0,17.37,830.94,237.94,833.12,237.53,34.54,35.43,25.74,21.65,107.53,83.97,0.9220,15.3200,34.5400,0.0000,0.0000,0.7946,0
632,08:53:36.087,ROI,160,160,224,224,8.42,40.08,20.575,0.0,24.95,833.99,237.25,836.14,236.24,37.42,36.23,23.13,22.18,109.55,86.00,0.9234,16.1300,37.4200,0.0000,0.0000,0.8057,0
633,08:53:36.152,ROI,160,160,224,224,12.57,63.59,6.95,0.0,15.73,837.70,236.01,839.00,235.10,33.14,35.58,21.74,22.54,110.01,83.62,0.9084,17.0500,33.1400,0.0000,0.0000,0.8518,0
634,08:53:36.215,ROI,160,160,224,224,16.34,56.92,16.025,0.0,17.57,839.52,235.09,841.63,233.92,33.37,35.16,24.16,23.93,108.93,84.52,0.9469,15.3400,33.3700,0.0000,0.0000,0.8571,0
635,08:53:36.263,ROI,160,160,224,224,18.91,41.91,12.775,0.0,23.86,843.65,232.89,844.35,232.59,35.79,35.63,26.20,25.74,106.86,84.97,0.8810,16.7900,35.7900,0.0000,0.0000,0.8495,0
636,08:53:36.392,ROI,160,160,224,224,12.09,112.83,0.0,0.0,8.86,847.37,230.85,847.11,231.23,37.84,36.44,26.22,27.14,107.73,84.28,0.8906,16.2200,37.8400,0.0000,0.0000,0.8443,0
637,08:53:36.439,ROI,160,160,224,224,17.27,41.88,22.95,0.0,23.88,848.96,230.90,849.50,230.29,35.97,36.44,21.42,26.80,111.51,85.08,0.9570,14.8100,35.9700,0.0000,0.0000,0.8407,0
638,08:53:36.504,ROI,160,160,224,224,14.55,52.26,8.5,24.925,19.13,850.98,229.40,851.73,229.18,36.41,36.28,26.60,28.15,108.58,85.27,0.9312,15.6300,36.4100,0.0000,0.0000,0.8526,0
639,08:53:36.568,ROI,160,160,224,224,41.42,82.55,8.0,9.1,12.11,855.78,226.31,854.73,227.70,38.97,37.02,26.20,27.60,109.68,86.58,0.8547,16.0200,38.9700,0.0000,0.0000,0.8360,0
640,08:53:36.625,ROI,160,160,224,224,13.85,20.45,27.825,0.0,48.89,857.11,225.90,857.09,226.37,36.17,37.04,29.41,29.19,108.99,82.84,0.9342,15.1500,36.1700,0.0000,0.0000,0.8529,0
641,08:53:36.730,ROI,160,160,224,224,45.84,124.85,8.875,16.625,8.01,861.68,224.15,860.30,224.96,35.98,36.86,23.72,27.52,110.19,82.87,0.8833,16.6000,35.9800,0.0000,0.0000,0.8602,0
642,08:53:36.809,ROI,160,160,224,224,36.18,59.42,24.625,0.0,16.83,865.94,222.60,863.72,223.46,32.65,35.86,23.60,26.67,112.62,85.50,0.8937,15.7700,32.6500,0.0000,0.0000,0.8701,0
643,08:53:36.867,ROI,160,160,256,256,21.03,27.40,37.75,0.0,36.49,866.71,221.34,866.70,221.84,37.17,36.30,28.48,27.45,113.90,87.86,0.9584,16.1500,37.1700,0.0000,0.0000,0.8332,0
644,08:53:36.924,ROI,160,160,256,256,43.14,67.61,0.0,17.575,14.79,873.89,217.62,871.05,219.54,36.61,36.56,27.87,27.80,117.97,87.62,0.8155,15.6800,36.6100,0.0000,0.0000,0.8571,0
645,08:53:36.986,ROI,160,160,256,256,33.52,40.70,22.175,0.0,24.57,875.61,216.71,874.65,217.73,36.91,36.61,26.73,27.41,117.70,88.35,0.9516,15.8900,36.9100,0.0000,0.0000,0.8230,0
646,08:53:37.039,ROI,160,160,256,256,22.28,29.20,0.0,16.625,34.25,877.69,215.49,877.68,216.06,33.19,35.65,28.92,27.86,117.78,88.26,0.9393,16.6600,33.1900,0.0000,0.0000,0.8715,0
647,08:53:37.098,ROI,160,160,256,256,18.72,33.28,22.075,58.75,30.05,879.74,214.66,880.49,214.54,35.57,35.55,28.43,28.14,117.87,89.76,0.9484,16.3900,35.5700,0.0000,0.0000,0.8568,0
648,08:53:37.145,ROI,160,160,256,256,21.58,36.07,42.5,51.175,27.72,883.64,212.46,883.61,212.81,30.74,34.24,29.01,28.51,118.06,87.09,0.8919,16.1400,30.7400,0.0000,0.0000,0.8959,0
649,08:53:37.214,ROI,160,160,256,256,20.94,57.75,0.0,0.0,17.31,884.68,212.22,886.29,211.38,30.75,33.11,28.09,28.69,118.67,87.58,0.9771,16.4000,30.7500,0.0000,0.0000,0.8831,0
650,08:53:37.270,ROI,160,160,256,256,11.50,37.33,11.4,0.0,26.79,888.22,210.34,888.98,209.89,31.79,32.47,28.93,29.02,118.70,85.94,0.9030,16.6300,31.7900,0.0000,0.0000,0.8827,0
651,08:53:37.319,ROI,160,160,256,256,15.39,44.67,10.725,0.0,22.39,887.74,209.55,890.87,208.50,30.22,31.39,36.34,31.43,117.63,86.70,0.9732,15.6800,30.2200,0.0000,0.0000,0.8709,0
652,08:53:37.450,ROI,160,160,256,256,10.26,118.75,0.0,0.0,8.42,893.75,207.61,893.50,207.15,34.78,31.50,27.13,30.79,121.26,87.06,0.8664,16.9400,34.7800,0.0000,0.0000,0.8653,0
653,08:53:37.497,ROI,160,160,256,256,10.27,39.99,22.1,0.0,25.00,896.47,206.68,896.11,205.97,29.61,30.36,24.25,29.38,123.31,86.51,0.9367,14.7800,29.6100,0.0000,0.0000,0.8645,0
654,08:53:37.560,ROI,160,160,256,256,8.70,55.82,7.55,0.0,17.91,899.50,203.98,898.88,204.39,39.39,32.10,29.85,29.70,113.71,86.43,0.8684,13.2500,39.3900,0.0000,0.0000,0.7717,0
655,08:53:37.624,ROI,160,160,256,256,9.70,58.09,7.25,0.0,17.22,900.98,203.66,901.42,203.04,34.13,32.27,27.87,29.60,112.85,86.85,0.9670,14.5200,34.1300,0.0000,0.0000,0.8288,0
656,08:53:37.671,ROI,160,160,256,256,11.25,41.44,0.0,0.0,24.13,903.70,201.62,903.98,201.54,37.67,33.45,30.37,30.07,109.81,86.35,0.9097,13.2600,37.6700,0.0000,0.0000,0.7886,0
657,08:53:37.735,ROI,160,160,224,224,8.51,52.23,7.6,0.0,19.15,908.15,201.60,907.27,200.36,36.65,34.48,19.73,27.34,113.09,86.39,0.9227,15.2200,36.6500,0.0000,0.0000,0.8040,0
658,08:53:37.847,ROI,160,160,256,256,9.99,107.19,3.825,0.0,9.33,909.62,199.43,909.82,199.11,32.15,34.05,26.17,26.77,113.02,84.29,0.9267,14.3700,32.1500,0.0000,0.0000,0.8670,0
659,08:53:37.911,ROI,160,160,256,256,8.63,55.50,7.325,0.0,18.02,911.40,198.20,912.01,197.95,31.24,33.19,27.96,26.70,114.46,82.88,0.9415,14.6200,31.2400,0.0000,0.0000,0.8592,0
660,08:53:37.975,ROI,160,160,256,256,8.42,56.86,7.175,0.0,17.59,911.11,198.26,913.55,197.12,34.26,33.46,28.29,26.67,113.79,87.63,0.9405,15.0300,34.2600,0.0000,0.0000,0.8443,0
661,08:53:38.023,ROI,160,160,256,256,11.60,45.08,9.9,0.0,22.18,912.47,197.25,914.93,196.36,33.58,33.59,28.98,26.74,115.22,86.80,0.9545,14.0300,33.5800,0.0000,0.0000,0.8479,0
662,08:53:38.088,ROI,160,160,256,256,11.56,57.27,15.175,0.0,17.46,913.79,196.81,916.14,195.71,33.68,33.51,28.04,26.77,114.35,88.80,0.9556,15.3600,33.6800,0.0000,0.0000,0.8768,0
663,08:53:38.150,ROI,160,160,256,256,9.67,54.29,7.775,0.0,18.42,914.39,197.58,916.97,195.51,33.00,33.63,13.54,23.18,118.03,92.46,0.9304,15.3500,33.0000,0.0000,0.0000,0.8811,0
664,08:53:38.199,ROI,160,160,256,256,8.40,38.43,10.075,0.0,26.02,915.07,196.73,917.67,195.22,31.74,33.50,22.68,22.36,113.98,87.26,0.9114,15.6800,31.7400,0.0000,0.0000,0.8805,0
665,08:53:38.328,ROI,160,160,256,256,9.71,123.02,0.0,0.0,8.13,916.58,196.62,918.31,195.14,33.77,33.78,7.33,17.50,116.24,92.30,0.9211,15.0800,33.7700,0.0000,0.0000,0.8740,0
666,08:53:38.376,ROI,160,160,256,256,9.54,41.83,10.35,0.0,23.91,916.99,196.45,918.64,195.21,33.39,33.75,-12.67,8.05,114.50,91.02,0.9713,15.1300,33.3900,0.0000,0.0000,0.8637,0
667,08:53:38.441,ROI,160,160,256,256,9.53,57.67,14.525,0.0,17.34,917.22,196.51,918.86,195.28,33.30,33.82,-18.28,-1.05,114.54,91.20,0.9942,15.2800,33.3000,0.0000,0.0000,0.8670,0
668,08:53:38.504,ROI,160,160,256,256,10.82,57.94,14.85,0.0,17.26,917.85,196.30,919.12,195.36,33.55,33.92,-16.92,-8.73,113.71,89.82,0.9741,15.8000,33.5500,0.0000,0.0000,0.8761,0
669,08:53:38.551,ROI,160,160,256,256,13.82,42.72,0.0,26.025,23.41,917.80,196.29,919.03,195.64,33.70,33.75,-107.73,-38.96,113.36,89.84,0.9966,15.7600,33.7000,0.0000,0.0000,0.8717,0
670,08:53:38.614,ROI,160,160,256,256,9.41,50.10,8.1,0.0,19.96,917.77,196.32,918.96,195.86,33.95,33.83,-107.98,-65.19,113.15,89.94,0.9971,15.7300,33.9500,0.0000,0.0000,0.8715,0
671,08:53:38.679,ROI,160,160,256,256,15.49,64.82,7.125,0.0,15.43,917.85,196.27,918.70,196.10,33.88,33.84,-137.37,-94.54,113.18,89.89,0.9975,15.8100,33.8800,0.0000,0.0000,0.8735,0
672,08:53:38.727,ROI,160,160,256,256,8.79,32.66,12.75,0.0,30.62,917.86,196.24,918.27,196.33,33.97,34.15,-152.57,-122.95,113.06,89.90,0.9982,15.7900,33.9700,0.0000,0.0000,0.8733,0
673,08:53:38.855,ROI,160,160,256,256,8.88,120.59,3.275,0.0,8.29,917.94,196.30,918.03,196.52,33.81,33.99,-141.15,-143.70,113.36,89.84,0.9959,15.6900,33.8100,0.0000,0.0000,0.8709,0
674,08:53:38.904,ROI,160,160,256,256,19.76,52.97,20.075,0.0,18.88,917.96,196.30,917.41,196.88,33.54,33.73,-149.45,-162.31,113.33,89.79,0.9992,15.7400,33.5400,0.0000,0.0000,0.8756,0
675,08:53:38.966,ROI,160,160,256,256,11.17,48.02,9.225,0.0,20.83,917.98,196.21,916.88,197.16,33.42,33.34,-152.60,-177.41,113.33,89.74,0.9976,15.7400,33.4200,0.0000,0.0000,0.8768,0
676,08:53:39.030,ROI,160,160,256,256,10.88,54.57,7.575,0.0,18.32,917.98,196.34,916.43,197.42,32.66,33.04,-149.48,-187.91,113.55,89.34,0.9936,15.8900,32.6600,0.0000,0.0000,0.8806,0
677,08:53:39.078,ROI,160,160,256,256,9.30,40.13,21.425,0.0,24.92,917.72,196.54,916.04,197.64,32.37,32.46,-151.07,-195.29,113.18,88.85,0.9900,16.1100,32.3700,0.0000,0.0000,0.8811,0
678,08:53:39.143,ROI,160,160,256,256,12.20,59.98,14.225,0.0,16.67,917.34,196.61,915.53,197.88,32.58,32.40,-154.75,-200.51,113.17,88.91,0.9918,16.1300,32.5800,0.0000,0.0000,0.8819,0
679,08:53:39.206,ROI,160,160,256,256,8.15,51.90,15.675,0.0,19.27,916.18,197.38,914.96,198.16,30.83,31.98,-153.90,-202.47,111.76,88.42,0.9630,16.4400,30.8300,0.0000,0.0000,0.8830,0
680,08:53:39.254,ROI,160,160,224,224,12.23,45.90,9.925,0.0,21.79,913.90,196.62,913.86,198.19,34.65,32.61,-178.58,-208.46,112.48,89.60,0.9442,14.4200,34.6500,0.0000,0.0000,0.8230,0
681,08:53:39.383,ROI,160,160,256,256,10.11,117.34,3.4,0.0,8.52,911.34,199.89,912.63,198.95,33.11,33.00,-148.11,-204.13,111.90,90.53,0.8899,14.9200,33.1100,0.0000,0.0000,0.8474,0
682,08:53:39.431,ROI,160,160,224,224,12.17,43.47,31.325,0.0,23.01,909.32,199.92,910.91,199.61,38.21,34.37,-159.29,-200.47,107.42,87.47,0.9275,14.1500,38.2100,0.0000,0.0000,0.7926,0
683,08:53:39.496,ROI,160,160,224,224,8.36,53.63,15.125,0.0,18.64,909.41,200.16,909.53,200.13,40.89,36.78,-159.31,-194.90,105.11,86.87,0.9718,13.7900,40.8900,0.0000,0.0000,0.7906,0
684,08:53:39.559,ROI,160,160,224,224,8.91,54.67,7.225,0.0,18.29,906.24,201.15,907.58,200.88,34.51,36.39,-158.74,-188.43,109.54,85.82,0.9223,13.5300,34.5100,0.0000,0.0000,0.7962,0
685,08:53:39.607,ROI,160,160,224,224,12.08,44.36,20.375,0.0,22.54,905.48,201.98,905.90,201.63,33.76,36.17,-156.13,-180.28,109.34,85.22,0.9673,13.7200,33.7600,0.0000,0.0000,0.8061,0
686,08:53:39.672,ROI,160,160,224,224,11.64,54.99,7.625,0.0,18.19,902.91,203.58,903.89,202.70,28.91,34.32,-151.86,-170.91,114.17,84.29,0.9207,13.9800,28.9100,0.0000,0.0000,0.8350,0
687,08:53:39.719,ROI,160,160,256,256,10.93,39.63,0.0,0.0,25.23,900.00,205.10,901.32,203.88,33.70,33.92,-155.42,-161.63,109.60,87.23,0.9176,15.5000,33.7000,0.0000,0.0000,0.8618,0
688,08:53:39.847,ROI,160,160,224,224,11.66,120.68,3.375,0.0,8.29,893.32,207.41,897.47,205.54,33.83,33.92,-156.71,-153.52,115.68,86.17,0.8446,13.4200,33.8300,0.0000,0.0000,0.7807,0
689,08:53:39.895,ROI,160,160,256,256,10.67,38.00,11.125,0.0,26.31,890.79,209.50,893.58,207.50,32.88,33.78,-153.17,-145.32,115.38,87.14,0.9130,14.5100,32.8800,0.0000,0.0000,0.8469,0
690,08:53:39.959,ROI,160,160,256,256,11.77,58.91,7.325,0.0,16.98,887.76,210.28,889.75,209.28,33.97,33.72,-155.15,-138.88,114.11,88.43,0.9322,15.2800,33.9700,0.0000,0.0000,0.8599,0
691,08:53:40.025,ROI,160,160,256,256,12.92,59.75,14.775,0.0,16.74,885.64,210.66,886.11,210.86,33.93,33.69,-156.52,-134.38,114.02,87.55,0.9541,15.9400,33.9300,0.0000,0.0000,0.8513,0
692,08:53:40.072,ROI,160,160,256,256,8.79,36.61,23.675,0.0,27.31,883.37,212.66,882.62,212.65,32.31,33.21,-152.80,-130.66,114.29,87.87,0.9189,15.8900,32.3100,0.0000,0.0000,0.8693,0
693,08:53:40.134,ROI,160,160,256,256,9.26,55.53,14.9,0.0,18.01,882.55,213.47,879.72,214.20,33.27,33.10,-151.95,-127.58,112.91,87.71,0.9677,15.6300,33.2700,0.0000,0.0000,0.8713,0
694,08:53:40.247,ROI,160,160,256,256,9.69,106.93,7.575,37.15,9.35,877.65,215.94,876.29,216.07,33.67,33.24,-151.36,-127.61,119.66,90.62,0.8706,15.1300,33.6700,0.0000,0.0000,0.8392,0
695,08:53:40.311,ROI,160,160,256,256,8.00,56.23,0.0,0.0,17.78,874.94,218.01,872.90,218.06,33.36,33.15,-149.54,-128.57,118.40,89.26,0.9134,14.8000,33.3600,0.0000,0.0000,0.8066,0
696,08:53:40.376,ROI,160,160,256,256,21.33,68.48,13.85,17.625,14.60,872.83,218.62,869.81,219.77,31.11,32.51,-151.13,-130.89,116.19,87.20,0.9426,16.1600,31.1100,0.0000,0.0000,0.8488,0
697,08:53:40.424,ROI,160,160,256,256,15.12,31.37,30.575,0.0,31.88,868.98,221.06,866.55,221.66,32.08,32.24,-149.80,-135.01,116.40,87.44,0.8866,14.2400,32.0800,0.0000,0.0000,0.8413,0
698,08:53:40.487,ROI,160,160,256,256,13.31,51.91,8.45,0.0,19.26,867.07,222.14,863.63,223.38,31.49,31.84,-149.46,-142.05,112.80,85.42,0.9435,16.6300,31.4900,0.0000,0.0000,0.8766,0
699,08:53:40.551,ROI,160,160,256,256,17.18,59.68,7.775,0.0,16.76,864.44,223.46,860.89,224.99,33.97,32.15,-149.67,-143.26,114.19,88.00,0.9265,15.7100,33.9700,0.0000,0.0000,0.8697,0
700,08:53:40.599,ROI,160,160,256,256,22.15,44.15,0.0,0.0,22.65,862.86,224.58,858.58,226.43,34.49,32.55,-147.99,-145.11,113.36,85.54,0.9457,16.2200,34.4900,0.0000,0.0000,0.8424,0
701,08:53:40.728,ROI,160,160,256,256,16.77,115.62,3.7,21.825,8.65,854.37,228.22,854.83,228.40,34.04,32.79,-152.40,-146.43,112.51,85.12,0.7942,15.3700,34.0400,0.0000,0.0000,0.8690,0
702,08:53:40.775,ROI,160,160,256,256,18.43,39.69,13.025,0.0,25.20,851.10,229.28,851.19,230.13,34.91,33.22,-154.51,-147.19,109.81,84.93,0.9204,17.2400,34.9100,0.0000,0.0000,0.8649,0
703,08:53:40.840,ROI,160,160,224,224,12.54,49.69,8.675,28.15,20.13,847.05,231.37,847.45,231.92,37.40,34.27,-154.41,-149.05,108.40,84.74,0.8853,14.1700,37.4000,0.0000,0.0000,0.7837,0
704,08:53:40.902,ROI,160,160,224,224,11.98,51.01,8.075,0.0,19.61,844.63,232.53,844.03,233.53,36.67,35.01,-154.77,-150.46,106.40,84.41,0.9306,14.5100,36.6700,0.0000,0.0000,0.8093,0
705,08:53:40.951,ROI,160,160,224,224,11.83,40.95,21.775,0.0,24.42,841.84,233.68,840.79,235.00,37.32,35.83,-155.70,-151.87,105.63,84.57,0.9238,14.2500,37.3200,0.0000,0.0000,0.7613,0
706,08:53:41.016,ROI,160,160,224,224,12.39,58.77,14.95,0.0,17.01,840.71,234.43,838.10,236.22,34.53,35.88,-155.48,-153.52,111.17,85.40,0.9337,14.4200,34.5300,0.0000,0.0000,0.7834,0
707,08:53:41.078,ROI,160,160,224,224,11.60,53.42,15.85,0.0,18.72,837.72,235.69,835.40,237.38,35.90,36.33,-156.77,-155.43,110.10,84.56,0.9203,14.0500,35.9000,0.0000,0.0000,0.7510,0
708,08:53:41.128,ROI,160,160,224,224,8.34,37.41,21.05,0.0,26.73,835.19,236.02,832.77,238.27,36.09,36.78,-161.31,-158.16,109.62,86.10,0.9384,13.9800,36.0900,0.0000,0.0000,0.7770,0
709,08:53:41.255,ROI,160,160,224,224,8.27,120.71,3.3,0.0,8.28,830.93,238.97,829.77,239.57,36.17,37.39,-156.53,-159.47,111.80,85.05,0.8664,16.9400,36.1700,0.0000,0.0000,0.7912,0
710,08:53:41.303,ROI,160,160,224,224,11.48,44.30,20.05,0.0,22.57,827.21,240.46,826.66,241.02,35.40,37.44,-155.02,-157.88,108.99,84.87,0.9036,15.5900,35.4000,0.0000,0.0000,0.8411,0
711,08:53:41.366,ROI,160,160,224,224,7.97,51.78,15.375,0.0,19.31,824.69,240.97,823.80,242.00,34.23,37.29,-161.08,-160.31,109.75,85.20,0.9439,15.3300,34.2300,0.0000,0.0000,0.8360,0
712,08:53:41.431,ROI,160,160,224,224,11.89,62.51,13.8,30.25,16.00,819.83,243.01,820.51,243.23,32.30,36.16,-159.59,-161.14,107.37,84.48,0.8729,17.2500,32.3000,0.0000,0.0000,0.8384,0
713,08:53:41.480,ROI,160,160,224,224,10.32,38.11,21.9,0.0,26.24,819.24,243.34,817.74,244.23,33.58,35.08,-159.97,-161.76,106.51,80.81,0.9461,15.4700,33.5800,0.0000,0.0000,0.7935,0
714,08:53:41.542,ROI,160,160,224,224,12.49,56.06,15.2,28.975,17.84,815.96,244.74,814.95,245.31,34.24,34.66,-158.99,-161.87,105.91,80.72,0.9090,15.2300,34.2400,0.0000,0.0000,0.7943,0
715,08:53:41.606,ROI,160,160,224,224,8.00,52.09,7.725,0.0,19.20,812.52,245.93,811.87,246.41,34.43,34.35,-160.22,-162.30,104.47,79.98,0.9100,15.4500,34.4300,0.0000,0.0000,0.7903,0
716,08:53:41.654,ROI,160,160,224,224,8.46,41.57,10.0,0.0,24.05,811.86,247.48,809.37,247.60,33.24,34.19,-154.66,-161.45,106.32,81.19,0.9458,14.4300,33.2400,0.0000,0.0000,0.8081,0
717,08:53:41.767,ROI,160,160,224,224,8.00,105.73,7.525,0.0,9.46,805.08,248.85,805.76,248.82,34.57,34.07,-161.30,-162.06,108.19,82.60,0.8536,15.5000,34.5700,0.0000,0.0000,0.7806,0
718,08:53:41.831,ROI,160,160,224,224,15.30,64.69,14.2,23.975,15.46,801.44,250.94,802.40,250.18,32.19,33.30,-157.95,-161.42,111.66,82.82,0.8912,14.7800,32.1900,0.0000,0.0000,0.7617,0
719,08:53:41.895,ROI,160,160,224,224,8.03,46.50,8.15,0.0,21.51,801.13,252.45,799.83,251.52,33.78,33.13,-152.53,-159.55,114.06,83.37,0.9444,13.5800,33.7800,0.0000,0.0000,0.7317,0
720,08:53:41.942,ROI,160,160,256,256,11.48,44.97,20.125,31.125,22.24,797.83,254.61,797.22,253.11,32.26,32.49,-148.68,-156.61,117.95,85.79,0.8986,14.5300,32.2600,0.0000,0.0000,0.8702,0
721,08:53:42.007,ROI,160,160,256,256,8.87,54.59,7.525,0.0,18.32,793.11,255.89,794.11,254.75,33.52,32.25,-152.15,-154.65,111.90,85.52,0.8949,14.1100,33.5200,0.0000,0.0000,0.8117,0
722,08:53:42.072,ROI,160,160,224,224,10.21,59.36,14.2,0.0,16.85,787.64,256.88,790.36,256.24,33.46,32.19,-158.31,-154.73,112.94,83.34,0.8852,15.1700,33.4600,0.0000,0.0000,0.7813,0
723,08:53:42.119,ROI,160,160,256,256,9.19,40.65,21.225,37.675,24.60,785.53,258.91,786.77,257.98,33.12,32.00,-154.13,-153.71,112.00,86.21,0.9189,14.2200,33.1200,0.0000,0.0000,0.7717,0
724,08:53:42.246,ROI,160,160,224,224,9.45,118.24,3.35,38.575,8.46,780.41,260.88,782.85,259.79,32.09,31.57,-155.23,-153.14,116.13,84.48,0.8748,15.8800,32.0900,0.0000,0.0000,0.8313,0
725,08:53:42.294,ROI,160,160,256,256,8.30,40.27,10.3,0.0,24.83,776.85,263.15,778.91,261.74,32.55,31.37,-153.67,-152.41,117.15,85.71,0.8932,14.5900,32.5500,0.0000,0.0000,0.7938,0
726,08:53:42.359,ROI,160,160,256,256,11.73,61.72,0.0,0.0,16.20,773.50,265.35,774.94,263.92,31.26,31.12,-151.25,-151.08,113.06,83.02,0.8964,15.0700,31.2600,0.0000,0.0000,0.8088,0
727,08:53:42.423,ROI,160,160,256,256,7.96,49.49,15.4,0.0,20.20,771.70,266.95,771.49,265.99,31.42,30.99,-149.06,-149.53,114.58,84.26,0.9329,15.0400,31.4200,0.0000,0.0000,0.8171,0
728,08:53:42.471,ROI,160,160,256,256,11.74,45.90,19.65,0.0,21.79,767.45,268.37,767.69,268.00,31.91,31.19,-152.06,-149.16,116.85,84.70,0.8994,15.8400,31.9100,0.0000,0.0000,0.8166,0
729,08:53:42.535,ROI,160,160,256,256,8.35,53.37,15.175,0.0,18.74,763.45,269.94,763.67,270.00,31.94,31.29,-153.55,-149.41,116.50,84.51,0.9008,17.0500,31.9400,0.0000,0.0000,0.8470,0
730,08:53:42.647,ROI,160,160,256,256,8.37,104.75,7.65,0.0,9.55,757.29,272.15,758.76,272.18,32.59,31.58,-156.07,-150.69,114.80,84.19,0.8550,17.5100,32.5900,0.0000,0.0000,0.8279,0
731,08:53:42.710,ROI,160,160,256,256,11.23,60.18,7.125,0.0,16.62,755.35,273.65,754.83,274.08,33.51,32.19,-154.22,-151.20,116.18,84.91,0.9339,16.6600,33.5100,0.0000,0.0000,0.7812,0
732,08:53:42.775,ROI,160,160,256,256,12.40,58.97,7.475,0.0,16.96,752.52,274.41,751.18,275.72,33.82,32.81,-155.81,-152.06,113.26,86.21,0.9356,17.6300,33.8200,0.0000,0.0000,0.8241,0
733,08:53:42.823,ROI,160,160,256,256,8.13,36.63,22.55,0.0,27.30,747.18,276.78,747.22,277.46,35.14,33.50,-156.32,-153.07,108.37,84.40,0.8607,16.7800,35.1400,0.0000,0.0000,0.8392,0
734,08:53:42.887,ROI,160,160,224,224,11.49,61.52,14.075,0.0,16.26,749.63,278.91,744.92,279.28,33.85,33.79,-141.63,-150.20,119.74,86.16,0.8621,14.1400,33.8500,0.0000,0.0000,0.7929,0
735,08:53:42.950,ROI,160,160,256,256,10.58,55.85,15.4,0.0,17.90,744.76,279.84,742.17,280.85,31.47,33.31,-150.22,-150.01,115.92,87.23,0.9020,18.2700,31.4700,0.0000,0.0000,0.8901,0
736,08:53:42.998,ROI,160,160,256,256,11.14,36.16,0.0,0.0,27.66,743.28,280.41,739.75,282.15,35.50,34.16,-151.69,-150.39,117.04,88.80,0.9578,15.9400,35.5000,0.0000,0.0000,0.8396,0
737,08:53:43.128,ROI,160,160,256,256,11.44,122.61,6.65,0.0,8.16,737.78,282.75,736.67,283.66,32.74,34.04,-153.97,-151.36,120.90,88.74,0.8668,17.5900,32.7400,0.0000,0.0000,0.8734,0
738,08:53:43.175,ROI,160,160,256,256,11.97,39.62,22.175,0.0,25.24,733.08,286.13,733.17,285.71,32.46,33.80,-149.70,-150.73,123.23,91.70,0.8611,15.8600,32.4600,0.0000,0.0000,0.8491,0
739,08:53:43.240,ROI,160,160,256,256,11.51,57.32,15.275,0.0,17.45,729.51,285.89,729.73,287.05,32.79,33.59,-158.54,-152.93,123.63,91.50,0.9390,16.2500,32.7900,0.0000,0.0000,0.8781,0
740,08:53:43.302,ROI,160,160,256,256,8.05,52.50,15.575,0.0,19.05,730.22,286.44,727.47,288.09,34.22,33.79,-155.37,-154.25,123.58,89.54,0.9675,15.6100,34.2200,0.0000,0.0000,0.8277,0
741,08:53:43.350,ROI,160,160,256,256,11.67,42.97,19.875,0.0,23.27,725.66,288.22,724.75,289.28,33.67,33.86,-156.51,-155.23,123.09,90.19,0.8939,16.8600,33.6700,0.0000,0.0000,0.8613,0
742,08:53:43.415,ROI,160,160,256,256,7.94,53.58,14.925,0.0,18.67,723.90,290.70,722.55,290.66,28.80,32.80,-147.87,-153.85,125.81,89.55,0.9205,16.1000,28.8000,0.0000,0.0000,0.8320,0
743,08:53:43.478,ROI,160,160,256,256,11.36,60.27,14.375,0.0,16.59,718.70,292.78,719.54,292.25,29.56,31.98,-152.05,-153.63,122.86,88.43,0.8792,17.3900,29.5600,0.0000,0.0000,0.8883,0
744,08:53:43.527,ROI,160,160,256,256,11.30,41.62,32.125,0.0,24.03,716.00,293.33,716.64,293.57,30.55,31.46,-155.50,-154.33,119.66,89.57,0.9448,16.7700,30.5500,0.0000,0.0000,0.9035,0
745,08:53:43.655,ROI,160,160,256,256,7.97,116.22,6.725,0.0,8.60,711.52,294.87,713.39,294.94,28.98,30.56,-157.20,-155.16,122.50,88.61,0.8982,18.9200,28.9800,0.0000,0.0000,0.9047,0
746,08:53:43.705,ROI,160,160,256,256,8.71,40.22,9.45,0.0,24.86,707.82,296.88,709.74,296.46,27.28,29.41,-157.39,-156.30,123.89,87.52,0.9009,16.4400,27.2800,0.0000,0.0000,0.8558,0
747,08:53:43.766,ROI,160,160,256,256,7.91,53.16,15.2,0.0,18.81,702.89,298.86,705.92,298.13,26.37,28.05,-156.32,-156.34,121.30,87.14,0.8832,15.8900,26.3700,0.0000,0.0000,0.8683,0
748,08:53:43.830,ROI,160,160,256,256,7.96,57.36,14.075,0.0,17.43,696.58,300.22,701.41,299.72,27.97,27.51,-160.70,-157.58,116.56,87.01,0.8729,16.7500,27.9700,0.0000,0.0000,0.8656,0
749,08:53:43.878,ROI,160,160,256,256,11.45,45.74,19.7,0.0,21.86,694.06,301.50,696.96,301.24,30.01,27.48,-161.02,-159.08,122.27,88.10,0.9262,17.0800,30.0100,0.0000,0.0000,0.8607,0
750,08:53:43.943,ROI,160,160,256,256,7.94,53.86,14.95,0.0,18.57,692.10,303.26,692.91,302.80,27.98,27.09,-159.04,-160.22,119.94,87.97,0.9308,17.2600,27.9800,0.0000,0.0000,0.8476,0
751,08:53:44.008,ROI,160,160,256,256,11.67,62.60,6.925,0.0,15.98,689.02,303.91,689.05,304.15,28.31,26.79,-160.67,-161.39,123.68,89.42,0.9355,16.0600,28.3100,0.0000,0.0000,0.8242,0
752,08:53:44.055,ROI,160,160,256,256,11.38,39.81,22.8,0.0,25.12,687.19,304.44,685.79,305.35,28.31,26.56,-159.85,-161.56,126.13,88.61,0.9599,16.7200,28.3100,0.0000,0.0000,0.8190,0
753,08:53:44.183,ROI,160,160,256,256,8.00,113.83,3.375,0.0,8.79,680.57,307.82,681.52,307.09,28.11,26.37,-157.80,-161.32,121.57,88.98,0.8357,16.6300,28.1100,0.0000,0.0000,0.8600,0
754,08:53:44.231,ROI,160,160,256,256,11.99,45.50,20.125,0.0,21.98,676.80,309.94,677.39,308.97,29.36,26.68,-155.51,-160.27,124.46,91.01,0.8983,15.6600,29.3600,0.0000,0.0000,0.8286,0
755,08:53:44.294,ROI,160,160,256,256,11.39,54.84,15.325,0.0,18.24,676.00,310.74,674.07,310.59,30.85,27.38,-153.98,-158.93,127.55,91.49,0.9590,15.6000,30.8500,0.0000,0.0000,0.8387,0
756,08:53:44.359,ROI,160,160,256,256,7.91,52.05,7.475,0.0,19.21,670.66,313.10,670.26,312.38,27.80,27.37,-154.88,-158.12,123.58,92.19,0.8742,15.4800,27.8000,0.0000,0.0000,0.8484,0
757,08:53:44.408,ROI,160,160,256,256,15.61,50.68,19.25,23.425,19.73,668.38,314.14,666.67,314.01,28.00,27.50,-155.64,-157.81,124.10,91.98,0.9430,16.2300,28.0000,0.0000,0.0000,0.8608,0
758,08:53:44.471,ROI,160,160,256,256,11.19,52.40,8.425,0.0,19.08,664.66,315.50,663.08,315.59,29.18,27.99,-156.10,-157.44,125.50,91.65,0.9151,15.7700,29.1800,0.0000,0.0000,0.8695,0
759,08:53:44.534,ROI,160,160,256,256,8.04,50.99,15.275,0.0,19.61,664.27,316.60,660.39,317.07,29.89,28.68,-151.28,-155.69,128.37,93.63,0.9548,16.0200,29.8900,0.0000,0.0000,0.8670,0
760,08:53:44.647,ROI,160,160,288,288,8.02,106.65,7.5,44.95,9.38,657.47,319.69,657.02,318.91,32.78,30.07,-151.36,-153.89,125.78,93.69,0.8437,17.5600,32.7800,0.0000,0.0000,0.8607,0
761,08:53:44.711,ROI,160,160,256,256,12.18,62.24,7.075,0.0,16.07,653.74,321.05,653.56,320.66,29.89,30.48,-153.18,-152.86,128.70,93.95,0.9168,17.0700,29.8900,0.0000,0.0000,0.8533,0
762,08:53:44.758,ROI,160,160,288,288,11.57,37.07,11.625,0.0,26.98,650.80,324.35,650.29,322.91,29.35,30.67,-145.45,-149.71,132.59,95.42,0.8928,15.8800,29.3500,0.0000,0.0000,0.8314,0
763,08:53:44.823,ROI,160,160,288,288,11.95,55.97,15.0,0.0,17.87,645.32,326.47,646.75,325.16,29.89,30.82,-147.58,-147.38,135.07,101.21,0.8700,14.4900,29.8900,0.0000,0.0000,0.8015,0
764,08:53:44.886,ROI,160,160,288,288,11.22,55.71,15.5,0.0,17.95,641.80,327.15,642.80,327.01,33.53,31.96,-154.82,-148.62,134.86,102.91,0.9339,14.7600,33.5300,0.0000,0.0000,0.8490,0
765,08:53:44.951,ROI,160,160,288,288,11.25,57.90,14.8,31.8,17.27,638.59,329.07,639.12,328.94,32.20,32.77,-152.36,-148.65,140.89,104.15,0.9203,14.7500,32.2000,0.0000,0.0000,0.8679,0
766,08:53:44.999,ROI,160,160,288,288,8.03,36.75,11.05,0.0,27.21,635.07,331.21,635.30,331.04,34.94,33.80,-151.17,-148.43,136.94,104.92,0.9133,14.4600,34.9400,0.0000,0.0000,0.8360,0
767,08:53:45.127,ROI,160,160,288,288,12.54,126.99,6.525,0.0,7.87,628.25,334.15,630.83,333.36,31.34,33.85,-152.62,-148.56,142.56,106.67,0.8599,14.7000,31.3400,0.0000,0.0000,0.8208,0
768,08:53:45.177,ROI,160,160,288,288,8.39,33.97,21.525,0.0,29.43,624.92,336.70,626.69,335.63,32.94,34.25,-151.23,-148.85,140.47,107.98,0.9108,15.0500,32.9400,0.0000,0.0000,0.8404,0
769,08:53:45.239,ROI,160,160,288,288,8.39,54.82,22.25,0.0,18.24,622.65,338.07,623.08,337.83,33.57,34.63,-148.66,-147.83,134.82,105.14,0.9345,15.6600,33.5700,0.0000,0.0000,0.8728,0
770,08:53:45.303,ROI,160,160,288,288,7.94,56.76,14.25,0.0,17.62,621.17,339.37,619.72,339.93,35.36,35.15,-148.05,-147.08,137.16,105.26,0.9549,14.4400,35.3600,0.0000,0.0000,0.8393,0
771,08:53:45.351,ROI,160,160,288,288,8.17,41.48,19.85,0.0,24.11,616.99,341.45,616.25,342.04,30.88,34.26,-148.63,-146.57,137.77,103.34,0.9052,15.8300,30.8800,0.0000,0.0000,0.8657,0
772,08:53:45.414,ROI,160,160,288,288,10.57,59.34,14.4,0.0,16.85,614.02,342.76,612.75,343.90,31.54,33.92,-152.06,-147.95,133.83,103.95,0.9338,14.8900,31.5400,0.0000,0.0000,0.8793,0
773,08:53:45.478,ROI,160,160,288,288,14.11,59.84,22.325,26.075,16.71,610.29,345.10,609.30,345.80,30.04,33.09,-151.19,-148.91,136.35,102.31,0.9056,15.3200,30.0400,0.0000,0.0000,0.8588,0
774,08:53:45.529,ROI,160,160,288,288,10.72,40.68,11.075,0.0,24.58,607.08,345.54,605.82,347.37,31.19,32.50,-155.70,-150.87,136.51,101.48,0.9460,14.3300,31.1900,0.0000,0.0000,0.8447,0
775,08:53:45.655,ROI,160,160,288,288,8.00,116.74,6.8,0.0,8.57,601.11,349.90,601.72,349.62,28.17,31.22,-151.22,-151.38,135.47,101.65,0.8435,16.6100,28.1700,0.0000,0.0000,0.8784,0
776,08:53:45.703,ROI,160,160,288,288,11.25,44.72,10.0,0.0,22.36,595.53,350.76,597.14,351.49,27.82,30.12,-157.73,-153.60,132.82,96.70,0.8765,16.5900,27.8200,0.0000,0.0000,0.8668,0
777,08:53:45.767,ROI,160,160,288,288,11.48,55.79,15.1,0.0,17.92,596.35,353.82,593.95,353.61,27.41,29.17,-146.55,-152.76,136.64,99.29,0.9138,15.1700,27.4100,0.0000,0.0000,0.8010,0
778,08:53:45.830,ROI,160,160,288,288,11.25,54.19,15.325,0.0,18.45,588.37,355.54,589.83,355.61,24.95,27.61,-153.98,-153.63,135.54,98.14,0.8603,16.9000,24.9500,0.0000,0.0000,0.8452,0
779,08:53:45.880,ROI,160,160,288,288,11.71,43.53,20.45,0.0,22.97,586.88,357.77,586.36,357.68,27.21,26.69,-149.29,-153.03,135.95,103.00,0.9326,14.9400,27.2100,0.0000,0.0000,0.8091,0
780,08:53:45.942,ROI,160,160,288,288,11.51,55.52,15.85,31.35,18.01,581.05,359.39,582.22,359.59,27.35,26.11,-155.19,-154.12,133.63,101.88,0.8895,15.7900,27.3500,0.0000,0.0000,0.8226,0
781,08:53:46.008,ROI,160,160,288,288,11.37,58.52,7.35,0.0,17.09,577.42,360.06,578.14,361.22,26.76,25.50,-158.17,-155.60,136.71,101.34,0.9357,15.8200,26.7600,0.0000,0.0000,0.8193,0
782,08:53:46.056,ROI,160,160,288,288,9.62,38.41,22.05,0.0,26.03,575.69,361.44,574.49,362.85,26.33,24.93,-156.04,-156.21,137.27,101.36,0.9492,15.6500,26.3300,0.0000,0.0000,0.8430,0
783,08:53:46.184,ROI,160,160,288,288,11.72,124.65,6.6,0.0,8.02,569.15,363.16,570.35,364.32,26.56,24.61,-160.41,-157.87,138.78,102.24,0.8806,16.1400,26.5600,0.0000,0.0000,0.8404,0
784,08:53:46.231,ROI,160,160,288,288,8.06,34.28,22.875,0.0,29.17,563.85,364.40,565.94,365.61,26.51,24.33,-163.68,-160.22,139.86,100.06,0.9051,15.8700,26.5100,0.0000,0.0000,0.8000,0
785,08:53:46.295,ROI,160,160,288,288,11.34,60.33,21.45,0.0,16.58,560.73,366.61,561.59,367.12,25.91,23.86,-160.87,-161.53,139.61,99.77,0.9159,15.2400,25.9100,0.0000,0.0000,0.8405,0
786,08:53:46.359,ROI,160,160,288,288,12.21,58.24,14.825,0.0,17.17,556.27,368.34,557.31,368.57,22.91,23.02,-161.22,-162.53,143.08,100.84,0.9078,16.2000,22.9100,0.0000,0.0000,0.8362,0
787,08:53:46.407,ROI,160,160,288,288,11.20,39.02,22.975,0.0,25.63,552.81,369.73,553.12,370.01,22.69,22.39,-161.09,-163.11,143.80,100.55,0.9276,15.2300,22.6900,0.0000,0.0000,0.8591,0
788,08:53:46.471,ROI,160,160,288,288,11.30,57.49,14.925,0.0,17.39,549.25,372.40,549.07,371.77,22.64,21.89,-156.49,-162.10,150.52,100.13,0.9044,14.8200,22.6400,0.0000,0.0000,0.8518,0
789,08:53:46.535,ROI,160,160,320,320,11.40,56.59,15.275,0.0,17.67,545.26,372.40,544.71,373.17,26.53,22.58,-162.29,-162.93,149.14,104.28,0.9116,13.9500,26.5300,0.0000,0.0000,0.8213,0
790,08:53:46.647,ROI,160,160,320,320,11.49,104.33,3.9,31.5,9.58,536.64,377.52,539.38,375.42,25.81,22.87,-157.05,-162.13,152.88,104.56,0.8127,15.7000,25.8100,0.0000,0.0000,0.8744,0
791,08:53:46.711,ROI,160,160,320,320,11.58,56.72,7.6,31.0,17.63,532.62,380.32,534.21,377.97,26.12,23.53,-153.80,-160.25,157.36,109.12,0.9016,15.3300,26.1200,0.0000,0.0000,0.9001,0
792,08:53:46.760,ROI,160,160,320,320,11.03,40.05,21.775,0.0,24.97,528.74,380.32,529.16,379.85,27.35,24.63,-159.60,-160.71,151.96,108.50,0.9457,15.6800,27.3500,0.0000,0.0000,0.8839,0
793,08:53:46.822,ROI,160,160,320,320,10.72,54.17,15.35,0.0,18.46,524.30,383.90,524.29,382.16,24.18,24.87,-154.58,-159.67,151.46,106.92,0.8841,15.7700,24.1800,0.0000,0.0000,0.8909,0
794,08:53:46.887,ROI,160,160,320,320,11.06,56.48,14.65,0.0,17.70,522.90,383.96,520.27,384.05,25.94,25.33,-154.79,-158.15,152.60,105.80,0.9716,15.9300,25.9400,0.0000,0.0000,0.8666,0
795,08:53:46.935,ROI,160,160,320,320,11.52,41.00,21.925,0.0,24.39,515.54,387.04,515.39,386.29,25.18,25.67,-155.33,-157.01,153.50,105.20,0.8590,17.5400,25.1800,0.0000,0.0000,0.8830,0
796,08:53:47.063,ROI,160,160,320,320,13.47,122.72,3.375,0.0,8.15,511.66,389.00,510.68,388.53,25.93,25.93,-154.57,-155.85,151.44,105.26,0.9164,16.6100,25.9300,0.4300,18.5400,0.8785,0
797,08:53:47.127,ROI,160,160,320,320,7.88,51.45,15.725,0.0,19.44,508.14,391.20,506.57,390.73,25.00,26.18,-151.84,-153.93,149.60,106.56,0.9164,17.9300,25.0000,0.0000,0.0000,0.9022,0
798,08:53:47.175,ROI,160,160,320,320,7.89,41.80,9.875,0.0,23.93,504.90,392.20,502.81,392.59,24.07,26.03,-153.68,-152.80,149.14,105.02,0.9400,18.0200,24.0700,0.0000,0.0000,0.9080,0
799,08:53:47.239,ROI,160,160,320,320,7.86,56.25,21.2,0.0,17.78,500.30,394.76,498.90,394.65,24.36,25.86,-152.22,-151.70,150.00,105.52,0.8969,17.0300,24.3600,0.0000,0.0000,0.8800,0
800,08:53:47.287,ROI,160,160,320,320,8.44,42.19,19.7,0.0,23.70,498.08,395.36,495.37,396.39,24.12,25.37,-153.83,-151.35,149.94,107.46,0.9536,17.3900,24.1200,0.0000,0.0000,0.9067,0
801,08:53:47.352,ROI,160,160,320,320,11.95,62.37,13.9,30.925,16.03,492.54,398.44,491.47,398.44,24.63,25.33,-152.24,-150.76,152.34,109.24,0.8795,18.4500,24.6300,0.0000,0.0000,0.8846,0
802,08:53:47.415,ROI,160,160,320,320,11.09,51.52,7.825,0.0,19.41,489.84,400.28,487.89,400.50,27.18,25.85,-150.01,-149.52,150.00,110.38,0.9337,17.5100,27.1800,0.0000,0.0000,0.9095,0
803,08:53:47.480,ROI,160,160,320,320,11.60,57.82,14.8,0.0,17.29,484.34,403.62,483.89,402.89,26.72,26.22,-149.15,-148.43,153.86,109.12,0.8771,17.7800,26.7200,0.0000,0.0000,0.9072,0
804,08:53:47.528,ROI,160,160,320,320,7.98,37.35,21.875,0.0,26.77,480.58,404.00,479.91,404.96,27.45,26.54,-152.60,-148.13,151.44,107.54,0.9384,16.1500,27.4500,0.0000,0.0000,0.8971,0
805,08:53:47.655,ROI,160,160,320,320,11.34,124.14,3.3,0.0,8.06,471.86,409.62,474.87,407.78,26.20,26.64,-150.74,-147.87,158.72,111.88,0.8100,17.4600,26.2000,0.0000,0.0000,0.8716,0
806,08:53:47.704,ROI,160,160,320,320,14.20,44.52,10.675,25.025,22.46,467.20,411.46,470.02,410.52,28.13,27.21,-150.54,-147.17,156.12,108.44,0.9122,16.6200,28.1300,0.0000,0.0000,0.8915,0
807,08:53:47.767,ROI,160,160,320,320,11.29,50.69,8.175,0.0,19.73,464.32,412.48,465.21,412.79,27.00,27.39,-154.77,-148.81,162.34,111.40,0.9361,17.0400,27.0000,0.0000,0.0000,0.8765,0
808,08:53:47.831,ROI,160,160,352,352,8.01,52.78,15.175,0.0,18.95,459.73,414.22,460.71,414.90,26.74,27.66,-154.82,-149.95,165.02,111.98,0.9172,18.2900,26.7400,0.0000,0.0000,0.9143,0
809,08:53:47.879,ROI,160,160,352,352,12.65,46.80,19.675,0.0,21.37,457.04,415.12,456.46,416.61,26.97,27.74,-158.09,-152.48,162.87,111.72,0.9525,17.9600,26.9700,0.0000,0.0000,0.9129,0
810,08:53:47.942,ROI,160,160,352,352,8.03,49.33,15.8,0.0,20.27,455.46,416.34,453.07,418.09,27.48,27.87,-156.52,-154.06,164.65,110.92,0.9598,18.1900,27.4800,0.0000,0.0000,0.9132,0
811,08:53:48.006,ROI,160,160,352,352,11.52,61.19,14.15,0.0,16.34,450.34,418.38,449.31,419.67,26.39,27.67,-157.12,-155.48,165.18,109.87,0.9067,21.0600,26.3900,0.0000,0.0000,0.9175,0
812,08:53:48.056,ROI,160,160,352,352,11.75,40.47,21.275,0.0,24.71,447.10,419.65,445.52,421.12,26.90,27.61,-159.07,-157.52,169.91,112.05,0.9404,18.9500,26.9000,0.0000,0.0000,0.9117,0
813,08:53:48.183,ROI,160,160,352,352,7.96,116.23,6.8,0.0,8.60,437.96,423.99,440.53,423.25,25.89,27.20,-156.94,-158.43,167.62,109.98,0.8328,18.8000,25.8900,0.0000,0.0000,0.9077,0
814,08:53:48.231,ROI,160,160,352,352,11.12,45.45,19.7,0.0,22.00,433.72,426.04,435.72,425.41,25.60,26.69,-155.74,-158.54,164.43,113.59,0.9172,18.4100,25.6000,0.0000,0.0000,0.9168,0
815,08:53:48.294,ROI,160,160,352,352,7.95,52.52,15.35,0.0,19.04,431.55,427.23,431.44,427.32,27.79,26.81,-155.95,-158.77,164.05,113.37,0.9538,17.9400,27.7900,0.0000,0.0000,0.9266,0
816,08:53:48.359,ROI,160,160,352,352,11.74,62.09,7.025,0.0,16.11,424.60,429.55,426.47,429.34,27.09,26.97,-157.91,-159.32,165.88,114.75,0.8839,18.7500,27.0900,0.0000,0.0000,0.9155,0
817,08:53:48.406,ROI,160,160,352,352,8.44,36.48,22.625,0.0,27.41,422.35,430.96,422.03,431.26,25.59,26.78,-156.61,-159.30,159.76,113.52,0.9399,17.9700,25.5900,0.0000,0.0000,0.8951,0
818,08:53:48.471,ROI,160,160,320,320,14.11,63.94,13.9,26.075,15.64,414.82,434.52,416.65,433.56,24.75,26.47,-156.87,-159.60,159.86,115.50,0.8574,15.9500,24.7500,0.0000,0.0000,0.8775,0
819,08:53:48.534,ROI,160,160,320,320,11.33,54.02,8.15,0.0,18.51,411.40,434.72,411.54,435.55,30.41,27.40,-158.71,-159.69,157.18,114.90,0.9528,15.1700,30.4100,0.0000,0.0000,0.8632,0
820,08:53:48.647,ROI,160,160,320,320,11.40,105.54,23.375,63.575,9.48,403.50,439.04,405.93,437.93,25.96,27.07,-157.03,-159.55,159.00,116.76,0.8426,16.0800,25.9600,0.0000,0.0000,0.8803,0
821,08:53:48.710,ROI,160,160,320,320,12.33,56.98,7.65,0.0,17.55,396.52,442.00,399.85,440.40,29.84,27.75,-157.87,-159.83,157.08,117.60,0.8722,15.1600,29.8400,0.0000,0.0000,0.8995,0
822,08:53:48.759,ROI,160,160,320,320,11.21,40.50,22.275,0.0,24.69,392.20,443.54,394.03,442.84,30.26,28.29,-157.29,-159.29,153.64,112.38,0.9046,15.6000,30.2600,0.0000,0.0000,0.8679,0
823,08:53:48.822,ROI,160,160,320,320,13.74,58.47,15.15,26.5,17.10,390.88,445.32,389.32,445.00,31.36,29.28,-155.32,-158.54,156.02,114.22,0.9528,15.3100,31.3600,0.0000,0.0000,0.8806,0
824,08:53:48.886,ROI,160,160,320,320,7.92,47.33,15.875,0.0,21.13,386.26,447.22,384.42,447.26,30.53,29.76,-155.29,-157.76,162.26,115.52,0.9135,15.8900,30.5300,0.0000,0.0000,0.8889,0
825,08:53:48.934,ROI,160,160,352,352,10.96,44.25,19.975,0.0,22.60,384.24,447.57,380.54,448.95,31.14,30.37,-156.45,-157.22,161.61,113.37,0.9574,14.4800,31.1400,0.0000,0.0000,0.8678,0
826,08:53:49.063,ROI,160,160,352,352,11.30,120.95,3.325,0.0,8.27,370.54,452.96,374.24,451.55,33.24,31.35,-157.56,-156.98,159.79,118.14,0.7734,13.9200,33.2400,0.0000,0.0000,0.8331,0
827,08:53:49.111,ROI,160,160,320,320,7.74,36.48,21.975,0.0,27.41,369.30,457.34,369.08,454.65,31.73,31.84,-148.97,-154.68,176.68,122.88,0.8423,14.1700,31.7300,0.0000,0.0000,0.8989,0
828,08:53:49.175,ROI,160,160,384,384,7.97,57.71,14.05,0.0,17.33,364.10,456.35,363.83,456.89,33.69,32.84,-156.90,-154.58,166.63,118.15,0.9051,15.7300,33.6900,0.0000,0.0000,0.8211,0
829,08:53:49.239,ROI,160,160,352,352,7.94,55.01,14.175,0.0,18.18,357.73,460.49,358.31,459.60,33.18,33.56,-153.90,-153.80,170.37,121.33,0.8671,15.4200,33.1800,0.0000,0.0000,0.8681,0
830,08:53:49.286,ROI,160,160,352,352,11.24,44.61,20.025,0.0,22.42,354.54,462.24,353.17,462.26,29.52,33.24,-152.63,-152.64,173.32,118.93,0.9364,15.3800,29.5200,0.0000,0.0000,0.8615,0
831,08:53:49.352,ROI,160,160,352,352,11.66,59.23,14.525,30.825,16.88,349.23,464.07,348.07,464.70,30.43,33.16,-154.41,-152.24,169.42,120.80,0.9127,15.8300,30.4300,0.0000,0.0000,0.8521,0
832,08:53:49.415,ROI,160,160,352,352,11.61,55.39,7.825,0.0,18.05,346.89,465.50,343.53,466.94,28.15,32.25,-153.72,-151.97,168.43,118.84,0.9500,16.6800,28.1500,0.0000,0.0000,0.8848,0
833,08:53:49.463,ROI,160,160,352,352,10.97,39.25,11.05,0.0,25.48,340.61,468.37,338.68,469.24,28.13,31.43,-154.68,-152.22,167.33,119.17,0.8857,16.2600,28.1300,0.0000,0.0000,0.8972,0
834,08:53:49.576,ROI,160,160,352,352,11.64,106.55,7.7,0.0,9.39,329.57,472.71,332.14,472.23,27.39,30.40,-155.44,-152.52,162.38,118.84,0.8165,16.4600,27.3900,0.0000,0.0000,0.8752,0
835,08:53:49.638,ROI,160,160,352,352,11.57,53.01,15.875,0.0,18.86,328.16,474.75,327.15,474.74,28.46,29.85,-153.26,-152.50,166.41,120.58,0.9433,16.0900,28.4600,0.0000,0.0000,0.8987,0
836,08:53:49.703,ROI,160,160,352,352,11.27,57.10,7.5,0.0,17.51,325.12,476.40,322.83,476.98,26.97,28.78,-152.56,-152.53,168.45,120.82,0.9387,17.0100,26.9700,0.0000,0.0000,0.9039,0
837,08:53:49.751,ROI,160,160,352,352,11.76,41.81,21.5,0.0,23.92,315.78,479.78,317.29,479.52,30.96,28.94,-155.42,-153.12,164.58,123.22,0.8482,16.8200,30.9600,0.0000,0.0000,0.8917,0
838,08:53:49.814,ROI,160,160,352,352,11.23,53.14,15.625,0.0,18.82,317.53,479.75,313.73,481.36,27.63,28.22,-152.69,-153.03,169.44,124.06,0.9648,17.1100,27.6300,0.0000,0.0000,0.9116,0
839,08:53:49.878,ROI,160,160,352,352,8.17,51.88,15.075,0.0,19.28,312.31,484.52,309.88,483.95,25.48,26.99,-146.08,-151.00,171.67,127.62,0.8736,15.8600,25.4800,0.0000,0.0000,0.8589,0
840,08:53:49.927,ROI,160,160,352,352,9.70,44.52,19.675,0.0,22.46,306.43,486.38,305.42,486.43,29.56,26.95,-150.92,-150.68,172.74,127.62,0.9081,15.0400,29.5600,0.0000,0.0000,0.9193,0
841,08:53:50.055,ROI,160,160,352,352,7.95,114.71,6.675,0.0,8.72,299.05,489.78,300.26,489.17,26.27,26.16,-151.99,-150.69,172.26,125.49,0.8716,14.1900,26.2700,0.0000,0.0000,0.8514,0
842,08:53:50.103,ROI,160,160,352,352,11.80,45.07,20.1,0.0,22.19,293.17,492.96,294.70,492.16,23.90,24.84,-151.71,-150.50,173.98,129.93,0.8903,14.4000,23.9000,0.0000,0.0000,0.8263,0
843,08:53:50.167,ROI,160,160,352,352,8.02,50.41,7.625,0.0,19.84,287.76,494.35,289.43,494.63,25.13,24.17,-154.91,-151.37,172.48,129.51,0.9201,15.5100,25.1300,0.0000,0.0000,0.9025,0
844,08:53:50.232,ROI,160,160,352,352,9.84,60.12,13.925,0.0,16.63,281.96,497.26,283.98,497.18,25.01,23.68,-154.91,-152.28,177.58,134.99,0.8964,15.0400,25.0100,0.0000,0.0000,0.8852,0
845,08:53:50.278,ROI,160,160,384,384,10.62,39.37,22.125,0.0,25.40,277.33,498.75,278.44,499.53,26.54,23.59,-157.03,-153.70,178.32,135.79,0.9290,13.9600,26.5400,0.0000,0.0000,0.8034,0
846,08:53:50.342,ROI,160,160,384,384,9.63,55.40,14.85,0.0,18.05,274.48,501.96,273.69,502.07,23.51,22.87,-151.92,-153.46,183.26,139.46,0.9252,12.9900,23.5100,0.0000,0.0000,0.7959,0
847,08:53:50.407,ROI,160,160,384,384,7.87,56.38,7.2,0.0,17.74,273.69,503.90,269.75,504.52,23.05,22.39,-148.00,-152.32,185.90,139.85,0.9589,13.2400,23.0500,0.0000,0.0000,0.7658,0
848,08:53:50.455,ROI,160,160,384,384,10.29,44.15,19.525,0.0,22.65,272.47,502.86,266.84,505.94,23.19,22.30,-154.05,-152.93,183.72,136.51,0.9634,13.6600,23.1900,0.0000,0.0000,0.8128,0
849,08:53:50.583,ROI,160,160,384,384,7.49,117.42,3.35,0.0,8.52,265.52,504.54,262.96,507.47,25.61,22.55,-158.52,-154.45,184.32,138.02,0.9055,11.4500,25.6100,0.0000,0.0000,0.7597,0
850,08:53:50.631,ROI,160,160,384,384,7.50,42.00,19.55,0.0,23.81,264.23,504.48,260.09,508.31,27.69,23.84,-163.72,-157.24,183.67,133.51,0.9540,11.4300,27.6900,0.0000,0.0000,0.7821,0
851,08:53:50.696,ROI,160,160,384,384,8.69,59.15,6.975,0.0,16.91,262.58,505.58,258.00,508.93,27.69,24.81,-163.37,-159.44,184.13,132.72,0.9662,11.6800,27.6900,0.2700,30.5300,0.7828,0
852,08:53:50.758,ROI,160,160,384,384,10.54,58.09,14.725,0.0,17.22,261.45,505.77,256.52,509.26,29.88,26.30,-167.61,-162.40,183.17,136.13,0.9632,12.6200,29.8800,0.9700,31.2500,0.7979,0
853,08:53:50.808,ROI,160,160,384,384,9.00,42.53,10.05,0.0,23.51,259.73,507.16,255.08,509.66,30.16,27.63,-164.41,-164.19,181.75,137.74,0.9618,12.1100,30.1600,0.6600,30.9600,0.7689,0
854,08:53:50.873,ROI,160,160,384,384,8.81,58.22,7.15,0.0,17.17,259.67,508.18,254.27,510.06,27.27,28.14,-153.64,-162.80,181.51,139.01,0.9841,10.6300,27.2700,0.2700,30.6800,0.7405,0
855,08:53:50.935,ROI,160,160,384,384,7.49,54.82,22.2,0.0,18.24,258.90,507.14,253.51,510.11,27.36,28.58,-176.06,-167.25,181.37,138.24,0.9769,11.2700,27.3600,0.0000,0.0000,0.7519,0
856,08:53:51.048,ROI,160,160,384,384,8.62,107.74,3.725,0.0,9.28,259.34,508.30,254.10,510.04,28.13,28.96,6.79,-217.46,186.48,141.67,0.9490,11.1400,28.1300,0.2900,31.2000,0.7744,0
857,08:53:51.111,ROI,160,160,384,384,7.48,55.32,14.6,0.0,18.08,259.60,507.26,254.83,509.31,26.90,29.01,44.99,-251.57,181.32,138.50,0.9506,11.3200,26.9000,0.0000,0.0000,0.7481,0
858,08:53:51.160,ROI,160,160,384,384,8.69,44.28,9.575,0.0,22.58,259.96,507.79,255.92,508.91,28.07,29.11,20.22,-286.46,184.82,140.52,0.9670,10.6700,28.0700,0.2900,31.1600,0.7499,0
859,08:53:51.223,ROI,160,160,384,384,8.90,56.91,14.55,0.0,17.57,259.86,507.79,257.28,508.29,27.90,29.03,24.63,-314.81,184.90,140.35,0.9978,10.6800,27.9000,0.2900,31.0200,0.7481,0
860,08:53:51.287,ROI,160,160,384,384,8.70,57.18,14.375,0.0,17.49,259.82,507.70,258.56,507.65,27.92,29.15,26.40,-337.72,185.11,140.64,0.9968,10.6400,27.9200,0.2900,31.2400,0.7436,0
861,08:53:51.336,ROI,160,160,384,384,8.63,42.65,19.9,0.0,23.44,259.62,507.62,259.81,507.06,27.98,29.12,25.24,-356.14,184.51,140.42,0.9952,10.6200,27.9800,0.2900,31.2600,0.7405,0
862,08:53:51.464,ROI,160,160,384,384,8.60,121.90,6.6,0.0,8.20,259.72,507.77,260.77,506.66,28.25,29.27,22.81,-370.92,184.92,140.71,0.9958,10.5800,28.2500,0.2800,31.3900,0.7420,0
863,08:53:51.511,ROI,160,160,384,384,8.55,40.59,20.8,0.0,24.64,259.60,507.96,261.65,506.36,28.02,29.29,18.97,-382.56,184.56,140.71,0.9953,10.5200,28.0200,0.2800,31.2000,0.7374,0
864,08:53:51.576,ROI,160,160,384,384,8.62,58.64,7.025,0.0,17.05,259.72,508.03,262.98,505.98,28.09,29.35,15.77,-391.14,184.92,141.00,0.9960,10.5100,28.0900,0.2800,31.2700,0.7336,0
865,08:53:51.639,ROI,160,160,384,384,7.40,54.84,7.3,0.0,18.23,259.79,507.81,263.90,505.65,27.77,29.17,19.76,-395.28,180.12,138.86,0.9593,10.7800,27.7700,0.0000,0.0000,0.7274,0
866,08:53:51.686,ROI,160,160,384,384,9.16,42.57,0.0,0.0,23.49,260.82,507.70,264.73,505.46,28.18,29.19,13.14,-398.22,183.07,140.64,0.9715,10.9500,28.1800,0.3200,31.1100,0.7824,0
867,08:53:51.751,ROI,160,160,384,384,20.73,70.50,14.15,18.15,14.19,264.46,505.90,266.68,504.81,27.96,28.71,18.28,-396.67,184.42,139.92,0.9373,11.8100,27.9600,0.3000,30.3500,0.7816,0
868,08:53:51.818,ROI,160,160,384,384,7.55,47.49,8.625,0.0,21.06,262.46,505.10,267.14,504.36,28.23,28.51,44.21,-386.21,179.88,131.40,0.9160,11.5000,28.2300,0.0000,0.0000,0.7794,0
869,08:53:51.864,ROI,160,160,384,384,9.08,41.14,10.425,0.0,24.31,265.41,504.09,268.04,503.65,31.33,29.28,38.48,-376.91,178.56,135.62,0.9381,12.7600,31.3300,0.9200,30.1500,0.8262,0
870,08:53:51.976,ROI,160,160,384,384,7.60,104.56,7.625,0.0,9.56,272.34,501.34,270.41,502.47,27.78,28.60,26.46,-369.58,181.42,135.22,0.8902,13.6900,27.7800,0.0000,0.0000,0.8591,0
871,08:53:52.038,ROI,160,160,384,384,7.43,55.40,14.625,0.0,18.05,274.14,503.42,272.87,502.03,29.34,28.58,10.16,-365.54,184.34,141.79,0.9352,10.6800,29.3400,0.0000,0.0000,0.8192,0
872,08:53:52.102,ROI,160,160,384,384,7.48,58.16,6.95,0.0,17.19,277.17,500.74,275.64,500.96,23.98,27.33,20.95,-357.56,181.82,135.65,0.9259,12.5900,23.9800,0.0000,0.0000,0.7968,0
873,08:53:52.153,ROI,160,160,384,384,7.41,43.99,9.325,47.375,22.73,281.39,497.00,279.00,499.21,26.88,26.93,27.50,-347.19,177.89,137.50,0.9044,11.5400,26.8800,0.0000,0.0000,0.7846,0
874,08:53:52.214,ROI,160,160,384,384,7.56,55.42,7.3,0.0,18.04,282.06,495.78,282.01,497.40,31.86,27.91,31.08,-336.06,175.15,134.26,0.9614,12.3000,31.8600,0.0000,0.0000,0.7839,0
875,08:53:52.279,ROI,160,160,352,352,7.81,58.92,6.9,0.0,16.97,290.84,495.18,286.80,495.80,27.58,27.52,18.46,-328.70,176.07,135.26,0.8970,15.0200,27.5800,0.0000,0.0000,0.8975,0
876,08:53:52.327,ROI,160,160,384,384,7.72,41.67,9.875,0.0,24.00,294.32,492.38,291.61,493.65,28.05,27.58,24.12,-320.88,171.19,132.65,0.9220,15.1700,28.0500,0.0000,0.0000,0.9049,0
877,08:53:52.454,ROI,160,160,352,352,7.56,120.04,6.6,0.0,8.33,302.18,487.89,297.37,490.62,32.26,28.88,27.71,-313.73,173.40,130.59,0.8549,12.9100,32.2600,0.0000,0.0000,0.8903,0
878,08:53:52.505,ROI,160,160,352,352,13.29,51.51,9.025,27.2,19.41,310.03,484.12,303.91,487.30,29.29,29.36,26.91,-308.00,174.50,127.29,0.8640,14.2900,29.2900,0.0000,0.0000,0.9262,0
879,08:53:52.567,ROI,160,160,352,352,7.53,49.61,0.0,0.0,20.16,313.65,480.70,310.50,483.64,29.79,29.80,29.09,-303.26,173.80,122.17,0.9090,14.6400,29.7900,0.0000,0.0000,0.8916,0
880,08:53:52.632,ROI,160,160,352,352,14.94,66.22,13.75,24.575,15.10,321.51,478.15,317.83,480.06,31.82,30.58,26.02,-301.13,172.17,126.52,0.8781,16.8100,31.8200,0.0000,0.0000,0.9433,0
881,08:53:52.679,ROI,160,160,352,352,10.98,34.01,25.5,0.0,29.40,319.44,478.44,323.16,477.25,29.67,30.70,27.79,-301.00,166.50,126.13,0.9627,15.8600,29.6700,0.0000,0.0000,0.8897,0
882,08:53:52.744,ROI,160,160,352,352,9.67,55.02,14.75,0.0,18.17,328.99,474.39,329.75,474.06,31.00,30.93,25.84,-303.81,168.45,124.96,0.8392,17.2100,31.0000,1.7200,42.7200,0.9328,0
883,08:53:52.807,ROI,160,160,352,352,11.95,59.51,14.8,0.0,16.80,331.72,473.03,335.66,471.16,27.69,30.14,26.12,-309.87,168.28,120.47,0.9338,16.3600,27.6900,0.0000,0.0000,0.9324,0
884,08:53:52.854,ROI,160,160,352,352,8.03,34.73,11.3,44.775,28.79,334.08,471.68,340.73,468.54,28.83,29.94,27.37,-320.12,167.68,119.22,0.9509,16.4000,28.8300,0.0000,0.0000,0.9245,0
885,08:53:52.984,ROI,160,160,352,352,15.09,129.22,3.225,48.6,7.74,343.79,467.48,347.01,465.60,30.04,30.06,25.04,27.16,169.51,123.66,0.8344,16.3100,30.0400,0.0000,0.0000,0.9261,0
886,08:53:53.031,ROI,160,160,352,352,8.09,31.04,0.0,0.0,32.22,346.85,464.89,352.47,462.66,30.32,30.17,28.34,29.22,161.02,120.45,0.9108,16.4700,30.3200,0.0000,0.0000,0.9090,0
887,08:53:53.095,ROI,160,160,352,352,11.45,62.12,13.95,0.0,16.10,350.69,463.93,357.39,460.33,29.74,30.21,25.32,27.00,166.76,120.65,0.9396,16.7000,29.7400,0.0000,0.0000,0.9107,0
888,08:53:53.158,ROI,160,160,352,352,11.34,53.84,15.6,0.0,18.58,353.78,460.78,361.60,457.86,32.44,30.85,30.44,28.10,164.85,118.16,0.9145,15.0000,32.4400,0.0000,0.0000,0.8708,0
889,08:53:53.206,ROI,160,160,352,352,11.36,40.45,21.7,0.0,24.72,359.67,460.00,365.94,455.93,30.85,30.98,23.96,26.98,170.83,119.26,0.9204,15.9300,30.8500,0.0000,0.0000,0.8767,0
890,08:53:53.271,ROI,160,160,352,352,11.35,56.74,14.9,0.0,17.62,365.23,456.66,370.31,453.81,33.14,31.69,25.87,26.22,170.98,118.40,0.8872,14.8600,33.1400,0.0000,0.0000,0.8569,0
891,08:53:53.335,ROI,160,160,352,352,8.07,51.55,15.2,0.0,19.40,368.52,456.20,374.15,452.27,35.81,32.98,21.79,24.45,168.15,122.56,0.9301,15.4300,35.8100,0.0000,0.0000,0.8877,0
892,08:53:53.447,ROI,160,160,352,352,11.22,109.63,7.525,32.05,9.12,378.98,449.93,379.41,449.69,32.55,33.19,26.16,24.18,162.07,116.47,0.7971,15.6400,32.5500,0.0000,0.0000,0.8682,0
893,08:53:53.511,ROI,160,160,352,352,11.50,57.02,15.1,0.0,17.54,384.75,446.82,384.73,447.00,33.99,33.73,26.84,24.49,159.52,114.38,0.8834,16.3300,33.9900,0.0000,0.0000,0.9012,0
894,08:53:53.559,ROI,160,160,320,320,7.88,34.86,22.225,45.8,28.69,387.24,446.66,389.27,444.97,32.41,33.74,24.10,24.49,162.86,115.14,0.9632,15.3600,32.4100,0.0000,0.0000,0.8857,0
895,08:53:53.624,ROI,160,160,352,352,13.06,63.80,6.95,0.0,15.67,390.67,445.01,393.44,443.12,34.35,34.25,23.90,24.32,155.89,112.29,0.9299,15.1400,34.3500,0.0000,0.0000,0.9023,0
896,08:53:53.687,ROI,160,160,320,320,11.10,55.00,0.0,0.0,18.18,391.12,442.42,396.50,441.13,30.80,33.69,33.00,27.42,149.66,111.20,0.9172,15.4200,30.8000,0.0000,0.0000,0.9088,0
897,08:53:53.735,ROI,160,160,320,320,11.71,40.25,10.75,0.0,24.85,397.80,441.14,400.05,439.49,34.34,34.13,24.87,27.94,150.80,111.80,0.8949,15.1800,34.3400,0.0000,0.0000,0.9060,0
898,08:53:53.848,ROI,160,160,320,320,13.70,106.09,11.675,53.15,9.43,405.46,436.52,404.85,437.16,34.23,34.42,25.84,26.38,150.34,110.68,0.8344,16.6200,34.2300,0.0000,0.0000,0.9148,0
899,08:53:53.910,ROI,160,160,320,320,17.41,57.11,8.225,84.975,17.51,413.54,433.22,410.57,434.58,33.37,34.12,24.31,24.56,153.84,116.38,0.8503,15.5900,33.3700,0.0000,0.0000,0.9142,0
900,08:53:53.975,ROI,160,160,320,320,11.95,50.68,8.4,0.0,19.73,419.06,433.06,416.07,432.74,30.41,33.28,18.51,22.16,156.40,114.82,0.9193,16.8200,30.4100,0.0000,0.0000,0.8947,0
901,08:53:54.039,ROI,160,160,320,320,12.14,56.70,15.15,0.0,17.64,422.98,430.04,421.37,430.34,29.37,32.10,24.37,23.14,155.14,113.82,0.9031,16.1700,29.3700,0.0000,0.0000,0.9256,0
902,08:53:54.086,ROI,160,160,320,320,7.91,35.33,23.425,0.0,28.30,427.68,430.08,426.67,428.57,27.02,30.94,18.44,21.90,161.48,114.16,0.9396,16.3100,27.0200,0.0000,0.0000,0.9206,0
903,08:53:54.151,ROI,160,160,352,352,11.11,62.45,13.75,32.5,16.01,434.61,426.17,432.49,426.43,28.33,30.14,20.22,20.86,160.01,111.50,0.8582,15.3700,28.3300,0.0000,0.0000,0.9176,0
904,08:53:54.198,ROI,160,160,352,352,7.95,36.01,11.25,0.0,27.77,437.06,424.61,437.96,424.36,28.73,29.15,20.67,19.71,162.05,112.55,0.9438,16.3700,28.7300,0.0000,0.0000,0.9398,0
905,08:53:54.329,ROI,160,160,352,352,12.77,129.04,3.2,0.0,7.75,443.93,421.36,443.65,421.81,29.70,28.90,24.18,20.77,165.24,112.77,0.8697,15.9900,29.7000,0.0000,0.0000,0.9389,0
906,08:53:54.376,ROI,160,160,352,352,11.27,36.94,11.75,0.0,27.07,447.14,419.64,448.96,419.38,28.40,28.39,24.62,21.58,164.93,112.62,0.9334,17.1600,28.4000,0.0000,0.0000,0.9392,0
907,08:53:54.439,ROI,160,160,352,352,10.87,55.65,15.175,0.0,17.97,453.69,417.59,454.44,417.13,26.15,27.04,22.25,21.45,168.89,111.98,0.8927,17.0500,26.1500,0.0000,0.0000,0.9331,0
908,08:53:54.503,ROI,160,160,352,352,11.20,56.09,15.1,0.0,17.83,453.53,416.27,458.21,415.24,26.98,26.33,26.69,22.62,160.25,111.14,0.9270,17.7600,26.9800,0.0000,0.0000,0.9297,0
909,08:53:54.550,ROI,160,160,352,352,11.29,39.61,22.4,0.0,25.25,459.49,415.08,462.42,413.68,27.09,25.78,20.26,21.76,162.38,111.06,0.9096,19.0700,27.0900,0.0000,0.0000,0.9413,0
910,08:53:54.614,ROI,160,160,352,352,11.23,56.62,15.05,0.0,17.66,461.66,413.90,465.62,412.39,28.31,25.50,22.02,21.75,159.83,112.05,0.9534,17.9700,28.3100,0.0000,0.0000,0.9284,0
911,08:53:54.680,ROI,160,160,320,320,8.05,55.04,14.525,0.0,18.17,465.56,411.92,469.28,410.83,30.13,25.96,23.06,21.89,155.92,111.64,0.9194,17.4400,30.1300,0.0000,0.0000,0.9344,0
912,08:53:54.726,ROI,160,160,320,320,11.40,43.59,20.675,0.0,22.94,469.54,410.78,472.46,409.59,30.68,26.48,21.22,21.72,153.52,111.56,0.9311,16.9500,30.6800,0.0000,0.0000,0.9148,0
913,08:53:54.855,ROI,160,160,320,320,7.96,116.85,3.375,45.5,8.56,477.68,406.40,476.86,407.57,29.13,26.90,24.76,22.52,150.66,107.78,0.8324,17.5500,29.1300,0.0000,0.0000,0.9168,0
914,08:53:54.919,ROI,160,160,320,320,11.74,60.66,7.05,0.0,16.49,482.74,404.50,481.62,405.46,30.13,27.59,23.86,22.91,150.16,110.20,0.9039,17.5600,30.1300,0.0000,0.0000,0.9011,0
915,08:53:54.967,ROI,160,160,320,320,11.89,41.00,22.2,0.0,24.39,485.12,403.32,485.36,403.72,29.83,28.14,24.98,23.76,149.46,109.72,0.9485,16.7400,29.8300,0.0000,0.0000,0.8999,0
916,08:53:55.031,ROI,160,160,320,320,11.03,56.72,15.125,0.0,17.63,491.62,399.88,489.80,401.59,28.78,28.43,25.55,24.37,151.16,109.76,0.8635,16.7300,28.7800,0.0000,0.0000,0.9031,0
917,08:53:55.094,ROI,160,160,320,320,11.65,56.52,15.225,0.0,17.69,495.66,399.44,494.20,399.77,28.37,28.74,22.49,24.33,152.72,112.46,0.9259,17.2300,28.3700,0.0000,0.0000,0.9121,0
918,08:53:55.143,ROI,160,160,320,320,11.69,41.40,32.675,0.0,24.15,500.58,396.34,498.91,397.69,28.55,28.93,23.92,24.17,152.66,108.74,0.8879,17.7900,28.5500,0.0000,0.0000,0.9099,0
919,08:53:55.207,ROI,160,160,320,320,11.35,57.23,15.1,0.0,17.47,501.18,394.76,502.56,395.55,27.82,29.10,30.34,26.19,147.48,108.60,0.9388,18.0600,27.8200,0.0000,0.0000,0.9365,0
920,08:53:55.271,ROI,160,160,320,320,11.79,56.26,7.625,0.0,17.78,507.48,392.10,506.80,393.28,27.38,29.01,28.10,27.19,151.40,109.14,0.8769,18.8100,27.3800,0.0000,0.0000,0.9412,0
921,08:53:55.319,ROI,160,160,320,320,11.30,39.00,22.05,0.0,25.64,509.88,390.86,510.77,391.02,26.41,28.42,29.74,28.84,154.04,107.08,0.9476,19.0900,26.4100,0.0000,0.0000,0.9189,0
922,08:53:55.448,ROI,160,160,320,320,13.61,122.18,6.675,0.0,8.18,515.80,388.66,514.78,389.01,27.17,28.34,26.60,29.09,153.34,108.18,0.8901,18.6900,27.1700,1.1800,23.6100,0.9244,0
923,08:53:55.495,ROI,160,160,320,320,15.00,41.85,23.85,24.85,23.90,517.44,387.32,517.98,387.28,28.62,28.51,28.42,29.62,148.92,107.94,0.9477,17.7600,28.6200,2.7900,14.4400,0.9169,0
924,08:53:55.559,ROI,160,160,320,320,10.53,53.53,8.05,34.975,18.68,525.36,383.96,522.44,384.99,25.37,27.91,27.16,29.89,153.52,105.90,0.8484,16.3600,25.3700,0.4800,16.3400,0.9210,0
925,08:53:55.623,ROI,160,160,320,320,11.65,58.20,7.425,0.0,17.18,528.82,382.10,526.81,382.69,26.06,27.37,27.70,30.23,154.94,104.86,0.9237,16.3000,26.0600,0.0000,0.0000,0.8950,0
926,08:53:55.687,ROI,160,160,320,320,10.95,56.35,7.6,0.0,17.75,534.12,379.64,531.95,380.31,29.02,27.93,24.91,28.83,152.80,107.76,0.8927,15.4300,29.0200,0.0000,0.0000,0.9191,0
927,08:53:55.734,ROI,160,160,320,320,9.86,37.27,11.0,0.0,26.83,532.78,379.22,535.56,378.27,28.06,27.83,29.52,29.23,154.46,109.16,0.9701,15.9400,28.0600,0.0000,0.0000,0.8579,0
928,08:53:55.863,ROI,160,160,320,320,11.35,124.29,3.3,0.0,8.05,541.54,374.46,540.36,375.68,25.63,26.99,28.31,29.01,151.88,105.18,0.8195,13.4400,25.6300,0.0000,0.0000,0.9058,0
929,08:53:55.911,ROI,160,160,320,320,11.58,40.44,21.675,0.0,24.73,548.20,371.64,545.55,373.08,29.52,27.22,26.62,28.34,152.04,106.56,0.8704,14.2800,29.5200,0.0000,0.0000,0.8886,0
930,08:53:55.974,ROI,160,160,320,320,11.19,55.14,15.575,0.0,18.13,549.36,371.46,549.75,370.91,27.24,26.98,27.29,28.37,147.94,105.98,0.9677,13.6000,27.2400,0.0000,0.0000,0.8281,0
931,08:53:56.038,ROI,160,160,320,320,7.92,50.96,15.125,0.0,19.62,554.74,368.30,554.32,368.56,30.56,27.70,27.16,27.84,143.36,106.54,0.8770,14.3400,30.5600,0.0000,0.0000,0.8852,0
932,08:53:56.086,ROI,160,160,288,288,11.28,45.34,19.675,0.0,22.06,559.06,368.74,558.90,366.74,24.76,27.01,21.77,26.42,143.24,99.50,0.8810,15.2100,24.7600,0.0000,0.0000,0.8577,0
933,08:53:56.150,ROI,160,160,288,288,10.83,56.19,22.675,0.0,17.80,564.17,367.21,563.44,365.17,26.53,26.80,19.01,24.37,143.35,99.22,0.9039,16.4600,26.5300,0.0000,0.0000,0.8823,0
934,08:53:56.214,ROI,160,160,288,288,10.68,52.99,15.0,0.0,18.87,566.25,364.84,567.52,363.44,24.72,26.12,23.01,23.68,139.18,98.42,0.9260,14.6400,24.7200,0.0000,0.0000,0.8738,0
935,08:53:56.262,ROI,160,160,288,288,10.61,40.22,21.575,33.35,24.86,571.31,362.92,571.61,361.83,30.51,26.96,21.50,22.43,138.67,102.42,0.8947,14.8500,30.5100,0.0000,0.0000,0.8544,0
936,08:53:56.391,ROI,160,160,288,288,7.84,117.86,0.0,0.0,8.48,575.95,361.12,575.86,360.25,27.52,27.02,20.34,20.98,137.41,101.32,0.9034,15.3100,27.5200,0.0000,0.0000,0.8886,0
937,08:53:56.439,ROI,160,160,288,288,10.89,44.99,29.425,0.0,22.23,579.19,360.68,579.58,359.09,29.06,27.70,17.34,19.15,139.88,103.28,0.9364,15.3700,29.0600,0.0000,0.0000,0.8761,0
938,08:53:56.502,ROI,160,160,288,288,10.41,54.16,15.275,0.0,18.47,582.56,359.51,583.47,358.03,26.75,27.70,15.31,16.68,142.13,101.25,0.9325,14.7500,26.7500,0.0000,0.0000,0.8481,0
939,08:53:56.567,ROI,160,160,288,288,11.04,58.13,21.95,0.0,17.20,587.26,357.45,587.39,356.77,26.69,27.74,17.73,15.77,138.31,100.26,0.8988,14.4100,26.6900,0.0000,0.0000,0.8656,0
940,08:53:56.614,ROI,160,160,288,288,7.93,36.22,22.375,0.0,27.61,590.24,356.23,591.22,355.54,27.38,27.91,17.90,15.06,137.79,101.20,0.9351,15.5600,27.3800,0.0000,0.0000,0.8846,0
941,08:53:56.678,ROI,160,160,288,288,10.87,60.48,14.2,0.0,16.54,595.78,354.51,595.55,354.22,29.33,28.43,16.85,14.26,138.55,103.77,0.8935,15.0500,29.3300,0.0000,0.0000,0.8743,0
942,08:53:56.743,ROI,160,160,288,288,11.11,56.55,14.65,0.0,17.68,597.77,351.53,599.42,352.41,29.16,28.74,25.07,16.09,134.14,99.76,0.9135,15.2400,29.1600,0.0000,0.0000,0.8928,0
943,08:53:56.791,ROI,160,160,288,288,13.95,43.59,22.025,26.125,22.94,603.68,349.61,603.52,350.73,34.61,30.52,22.35,16.89,136.67,103.55,0.8835,14.4200,34.6100,0.0000,0.0000,0.8763,0
944,08:53:56.921,ROI,160,160,288,288,7.96,116.32,3.4,0.0,8.60,610.22,346.25,608.18,348.59,34.42,31.89,24.62,18.41,138.38,105.10,0.8547,15.4300,34.4200,0.0000,0.0000,0.8805,0
945,08:53:56.966,ROI,160,160,288,288,7.89,38.87,10.525,0.0,25.72,612.39,344.16,612.41,346.33,32.63,32.54,28.16,20.74,136.96,100.98,0.9309,15.1600,32.6300,0.0000,0.0000,0.8768,0
946,08:53:57.030,ROI,160,160,288,288,11.45,60.26,0.0,0.0,16.60,617.13,341.98,616.59,344.12,35.06,33.74,27.83,22.76,135.04,104.02,0.8953,15.3400,35.0600,0.0000,0.0000,0.8706,0
947,08:53:57.095,ROI,160,160,288,288,10.92,56.93,14.875,0.0,17.57,618.44,342.40,619.99,342.40,35.48,34.85,26.84,24.66,132.17,105.80,0.9627,14.9200,35.4800,0.0000,0.0000,0.8371,0
948,08:53:57.143,ROI,160,160,288,288,11.04,40.26,21.975,0.0,24.84,620.99,340.52,622.96,340.70,38.49,36.49,29.76,27.14,132.28,107.30,0.9294,14.8200,38.4900,0.0000,0.0000,0.8041,0
949,08:53:57.207,ROI,160,160,288,288,8.55,54.43,14.925,0.0,18.37,623.74,339.84,626.01,339.23,39.03,38.01,25.86,27.78,134.96,110.20,0.9346,14.0800,39.0300,0.0000,0.0000,0.7997,0
950,08:53:57.271,ROI,160,160,288,288,12.76,59.26,14.2,0.0,16.88,628.67,335.94,629.27,337.18,34.24,38.01,32.07,30.09,136.24,107.57,0.8678,14.4100,34.2400,0.0000,0.0000,0.8434,0
951,08:53:57.319,ROI,160,160,288,288,11.09,38.25,22.975,0.0,26.14,629.42,334.60,631.95,335.20,37.67,38.89,36.52,33.04,135.76,108.76,0.9650,14.0400,37.6700,0.0000,0.0000,0.7709,0
952,08:53:57.447,ROI,160,160,288,288,7.82,116.33,6.75,0.0,8.60,636.90,331.88,635.62,332.97,34.53,38.67,31.26,34.37,137.99,103.23,0.8534,14.8900,34.5300,0.0000,0.0000,0.8545,0
953,08:53:57.496,ROI,160,160,288,288,10.41,45.22,19.275,0.0,22.11,639.44,329.87,639.25,330.63,35.27,38.42,32.80,35.65,136.48,103.68,0.9276,13.5800,35.2700,0.0000,0.0000,0.7728,0
954,08:53:57.558,ROI,160,160,288,288,9.93,54.60,7.65,36.675,18.32,642.71,327.31,642.50,328.24,35.48,38.42,36.34,37.63,133.52,101.63,0.9072,14.5600,35.4800,0.0000,0.0000,0.8215,0
955,08:53:57.622,ROI,160,160,288,288,11.25,59.20,7.3,0.0,16.89,645.19,325.96,645.55,326.01,32.43,37.51,36.12,39.06,133.74,100.57,0.9386,14.5300,32.4300,0.0000,0.0000,0.8445,0
956,08:53:57.671,ROI,160,160,288,288,10.94,38.57,10.65,0.0,25.93,651.61,323.06,649.31,323.59,32.66,36.43,32.80,39.45,135.16,99.34,0.8599,14.6000,32.6600,0.0000,0.0000,0.8592,0
957,08:53:57.735,ROI,160,160,288,288,8.37,52.12,7.55,0.0,19.19,653.83,323.31,653.22,321.64,33.85,35.76,26.48,37.50,129.20,97.29,0.9362,15.0300,33.8500,0.0000,0.0000,0.8257,0
958,08:53:57.847,ROI,160,160,288,288,10.93,108.61,7.575,0.0,9.21,659.98,320.32,657.49,319.65,32.72,35.03,25.07,35.18,127.22,96.71,0.8564,15.9000,32.7200,0.0000,0.0000,0.8665,0
959,08:53:57.910,ROI,160,160,256,256,10.85,55.56,15.25,0.0,18.00,664.26,316.80,661.64,317.38,32.93,34.06,28.64,33.94,126.59,94.42,0.8703,15.0700,32.9300,0.0000,0.0000,0.8583,0
960,08:53:57.975,ROI,160,160,256,256,10.92,56.99,7.425,0.0,17.55,666.61,316.14,665.64,315.41,31.77,33.02,26.18,31.85,127.38,92.83,0.9479,16.4400,31.7700,0.0000,0.0000,0.8691,0
961,08:53:58.024,ROI,160,160,256,256,13.18,42.75,21.1,0.0,23.39,671.60,314.50,669.88,313.70,29.46,31.16,21.95,28.62,125.50,93.18,0.8931,16.6600,29.4600,0.0000,0.0000,0.8862,0
962,08:53:58.087,ROI,160,160,256,256,10.90,54.51,7.875,0.0,18.34,672.76,313.34,673.38,312.05,30.09,30.15,25.28,26.89,124.34,91.34,0.9575,15.6200,30.0900,0.0000,0.0000,0.8675,0
963,08:53:58.151,ROI,160,160,256,256,7.93,53.33,14.975,0.0,18.75,677.42,310.89,677.07,310.22,30.39,29.30,26.30,25.82,123.50,91.87,0.8807,16.8700,30.3900,0.0000,0.0000,0.8836,0
964,08:53:58.198,ROI,160,160,256,256,7.96,40.26,20.3,0.0,24.84,678.10,310.48,680.15,308.86,30.86,28.95,23.88,23.86,123.44,90.96,0.9793,15.7500,30.8600,0.0000,0.0000,0.8399,0
965,08:53:58.327,ROI,160,160,256,256,7.89,122.22,6.475,0.0,8.18,685.81,307.38,684.30,307.17,29.23,27.82,22.12,21.74,122.45,88.03,0.8261,15.8200,29.2300,0.0000,0.0000,0.8550,0
966,08:53:58.375,ROI,160,160,256,256,10.91,44.29,10.0,0.0,22.58,686.63,306.41,687.60,305.75,28.25,26.89,23.29,20.29,123.26,88.62,0.9654,16.9900,28.2500,0.0000,0.0000,0.8738,0
967,08:53:58.440,ROI,160,160,256,256,11.76,58.00,14.75,0.0,17.24,691.76,304.10,691.39,304.08,29.07,26.29,23.78,19.51,120.43,87.95,0.8740,17.1900,29.0700,0.0000,0.0000,0.8629,0
968,08:53:58.502,ROI,160,160,256,256,7.96,49.89,15.725,0.0,20.04,692.87,303.73,694.58,302.72,30.15,26.40,23.12,19.06,120.85,89.92,0.9604,17.0500,30.1500,0.0000,0.0000,0.8654,0
969,08:53:58.550,ROI,160,160,256,256,11.45,44.90,19.825,0.0,22.27,697.04,302.20,697.92,301.39,28.74,26.37,21.72,18.40,121.09,89.50,0.9031,18.2300,28.7400,0.0000,0.0000,0.8854,0
970,08:53:58.614,ROI,160,160,256,256,7.98,51.48,15.125,0.0,19.43,699.11,301.14,701.00,300.12,29.80,26.82,22.45,18.31,118.42,87.95,0.9433,17.8000,29.8000,0.0000,0.0000,0.8778,0
971,08:53:58.679,ROI,160,160,256,256,11.65,62.52,13.8,0.0,16.00,705.06,298.02,704.66,298.37,30.70,27.54,25.53,19.51,121.49,87.97,0.8463,18.8400,30.7000,0.0000,0.0000,0.8725,0
972,08:53:58.728,ROI,160,160,256,256,10.41,40.05,21.875,0.0,24.97,707.61,297.81,708.22,297.08,29.75,28.18,19.94,18.72,122.74,88.72,0.9512,17.6700,29.7500,0.0000,0.0000,0.8950,0
973,08:53:58.855,ROI,160,160,256,256,11.49,121.16,3.35,0.0,8.25,714.57,295.58,712.54,295.58,28.05,28.01,19.20,18.31,122.11,88.50,0.8508,20.0800,28.0500,0.0000,0.0000,0.9105,0
974,08:53:58.903,ROI,160,160,256,256,7.99,34.70,33.125,0.0,28.82,719.97,294.10,716.96,294.23,26.81,27.65,16.97,17.47,125.15,90.72,0.8876,18.3900,26.8100,0.0000,0.0000,0.9104,0
975,08:53:58.967,ROI,160,160,256,256,11.65,60.78,14.25,0.0,16.45,720.66,292.56,720.56,292.91,30.78,28.65,20.08,17.50,124.51,91.26,0.9561,18.2200,30.7800,0.0000,0.0000,0.8824,0
976,08:53:59.031,ROI,160,160,256,256,11.39,55.52,7.525,0.0,18.01,725.52,291.44,724.32,291.75,30.93,29.49,17.14,16.98,123.57,90.64,0.9030,18.5200,30.9300,0.0000,0.0000,0.9010,0
977,08:53:59.079,ROI,160,160,256,256,11.07,40.38,22.025,0.0,24.76,726.89,291.16,727.58,290.70,32.11,30.56,17.81,17.01,124.22,89.84,0.9696,16.2600,32.1100,0.0000,0.0000,0.8564,0
978,08:53:59.142,ROI,160,160,256,256,11.39,55.90,15.3,0.0,17.89,731.82,288.07,731.30,289.15,30.63,30.85,22.61,18.28,124.00,90.64,0.8646,17.6100,30.6300,0.0000,0.0000,0.8807,0
979,08:53:59.207,ROI,160,160,256,256,7.96,53.99,14.825,0.0,18.52,729.80,287.79,733.61,287.77,30.61,30.95,30.86,22.10,123.17,90.54,0.9619,16.1700,30.6100,0.0000,0.0000,0.8696,0
980,08:53:59.255,ROI,160,160,256,256,11.66,44.98,19.875,0.0,22.23,735.43,286.47,736.53,286.53,33.14,32.04,23.04,23.05,122.22,89.46,0.8869,17.6300,33.1400,0.0000,0.0000,0.8632,0
981,08:53:59.383,ROI,160,160,256,256,7.98,116.33,3.375,0.0,8.60,742.06,283.15,740.63,284.69,31.10,32.12,24.22,23.79,122.66,89.20,0.8361,17.7100,31.1000,0.0000,0.0000,0.8805,0
982,08:53:59.431,ROI,160,160,256,256,11.26,45.52,19.65,0.0,21.97,743.73,282.04,743.90,283.01,32.03,32.59,27.15,25.58,119.49,88.90,0.9490,15.8900,32.0300,0.0000,0.0000,0.8774,0
983,08:53:59.495,ROI,160,160,256,256,13.39,58.98,15.1,26.875,16.95,745.50,280.70,746.84,281.38,33.56,33.27,29.12,27.48,116.66,88.27,0.9420,16.3900,33.5600,0.0000,0.0000,0.8467,0
984,08:53:59.559,ROI,160,160,256,256,18.40,62.61,7.9,20.175,15.97,748.02,278.38,749.65,279.58,34.68,34.02,32.58,29.59,114.10,88.42,0.9091,17.7500,34.6800,0.0000,0.0000,0.8732,0
985,08:53:59.607,ROI,160,160,256,256,12.34,33.67,13.7,0.0,29.70,750.38,277.09,752.42,277.81,34.18,34.70,32.52,31.12,112.64,87.18,0.9318,18.4300,34.1800,0.0000,0.0000,0.8755,0
986,08:53:59.671,ROI,160,160,256,256,11.44,55.24,7.775,0.0,18.10,750.46,275.42,754.22,276.12,33.50,35.03,43.33,35.25,110.34,86.82,0.9429,18.3300,33.5000,0.0000,0.0000,0.8870,0
987,08:53:59.734,ROI,160,160,224,224,11.06,56.17,7.575,0.0,17.80,755.40,274.55,756.79,274.42,36.80,35.97,33.40,36.53,118.69,89.66,0.8884,15.7600,36.8000,0.0000,0.0000,0.8226,0
988,08:53:59.847,ROI,160,160,256,256,11.98,106.33,7.775,0.0,9.40,759.46,271.90,759.47,272.51,32.45,35.61,35.43,38.14,112.22,80.99,0.8426,18.1600,32.4500,0.0000,0.0000,0.8591,0
989,08:53:59.910,ROI,160,160,256,256,11.53,53.42,15.675,0.0,18.72,762.46,270.17,762.09,270.74,32.91,35.26,34.01,38.66,112.72,83.63,0.9099,18.7400,32.9100,0.0000,0.0000,0.8636,0
990,08:53:59.958,ROI,160,160,256,256,11.48,40.57,21.975,0.0,24.65,766.08,269.57,764.98,269.19,31.88,34.64,28.23,37.51,113.34,83.33,0.9249,18.6600,31.8800,0.0000,0.0000,0.8865,0
991,08:54:00.023,ROI,160,160,256,256,11.47,57.38,7.425,0.0,17.43,769.28,266.81,767.79,267.33,32.09,34.26,33.65,38.09,112.59,83.63,0.8860,18.0100,32.0900,0.0000,0.0000,0.8779,0
992,08:54:00.087,ROI,160,160,256,256,11.92,57.17,15.25,0.0,17.49,773.11,265.04,771.01,265.40,31.76,33.74,30.81,37.42,111.12,84.27,0.8965,18.0400,31.7600,0.0000,0.0000,0.8817,0
993,08:54:00.135,ROI,160,160,224,224,7.95,37.92,21.7,0.0,26.37,775.10,264.19,773.85,263.79,31.92,33.24,29.57,36.16,111.30,82.03,0.9396,13.4800,31.9200,0.0000,0.0000,0.7384,0
994,08:54:00.263,ROI,160,160,224,224,11.59,124.72,6.575,31.275,8.02,784.70,260.81,778.73,261.61,32.67,32.89,24.06,33.57,115.36,85.50,0.7826,15.3300,32.6700,0.0000,0.0000,0.8356,0
995,08:54:00.310,ROI,160,160,256,256,11.07,38.87,11.225,0.0,25.72,787.10,259.74,782.89,259.78,32.09,32.51,23.75,31.21,114.86,87.82,0.9343,14.4400,32.0900,0.0000,0.0000,0.8222,0
996,08:54:00.374,ROI,160,160,256,256,7.91,51.42,7.55,0.0,19.45,789.85,258.36,787.05,258.02,32.02,32.24,23.00,28.73,112.54,86.24,0.9236,14.8400,32.0200,0.0000,0.0000,0.8318,0
997,08:54:00.439,ROI,160,160,256,256,10.98,61.54,13.925,0.0,16.25,795.51,256.56,791.63,256.32,32.04,31.96,20.33,25.69,119.20,87.31,0.8713,14.4700,32.0400,0.0000,0.0000,0.8518,0
998,08:54:00.487,ROI,160,160,256,256,12.12,40.81,21.325,0.0,24.50,797.29,255.44,795.88,254.70,33.15,31.90,20.82,23.12,110.74,86.11,0.9057,15.0500,33.1500,0.0000,0.0000,0.8218,0
999,08:54:00.550,ROI,160,160,224,224,8.04,52.04,15.625,0.0,19.22,801.45,253.43,800.26,253.00,32.71,31.86,21.29,21.08,111.96,84.67,0.8868,13.4900,32.7100,0.0000,0.0000,0.7877,0
1000,08:54:00.614,ROI,160,160,224,224,8.03,57.01,14.125,0.0,17.54,803.03,252.66,804.24,251.50,32.89,31.81,20.64,19.07,111.78,85.06,0.9550,13.4100,32.8900,0.0000,0.0000,0.7478,0
1001,08:54:00.663,ROI,160,160,224,224,8.11,42.41,19.475,44.65,23.58,805.80,251.09,807.86,250.15,33.33,31.80,20.42,16.98,113.67,86.42,0.9184,13.9600,33.3300,0.0000,0.0000,0.7900,0
1002,08:54:00.791,ROI,160,160,256,256,8.00,121.51,3.275,0.0,8.23,810.92,248.38,812.03,248.40,32.71,31.71,22.71,16.26,108.62,82.27,0.8565,18.3500,32.7100,0.0000,0.0000,0.8480,0
1003,08:54:00.839,ROI,160,160,224,224,9.00,41.75,19.975,39.825,23.95,814.28,247.71,815.81,247.00,34.02,32.18,20.32,15.25,108.32,82.66,0.9251,16.8900,34.0200,0.0000,0.0000,0.8441,0
1004,08:54:00.903,ROI,160,160,224,224,12.39,60.24,7.225,0.0,16.60,816.31,246.38,818.92,245.68,30.88,31.98,23.03,15.55,108.25,81.77,0.9333,16.6700,30.8800,0.0000,0.0000,0.8516,0
1005,08:54:00.968,ROI,160,160,224,224,10.94,57.01,14.975,0.0,17.54,819.72,245.05,822.19,244.43,33.84,32.37,21.00,15.33,108.04,82.67,0.9097,16.0200,33.8400,0.0000,0.0000,0.8302,0
1006,08:54:01.017,ROI,160,160,224,224,11.57,43.29,21.05,0.0,23.10,821.91,243.35,824.93,243.10,34.40,32.88,25.94,17.05,105.77,82.78,0.9220,15.8500,34.4000,0.0000,0.0000,0.7997,0
1007,08:54:01.079,ROI,160,160,224,224,11.70,55.06,15.8,0.0,18.16,826.36,240.80,828.08,241.37,38.05,34.22,28.68,19.67,104.90,83.58,0.8665,15.8100,38.0500,0.0000,0.0000,0.7453,0
1008,08:54:01.143,ROI,160,160,224,224,11.16,56.04,15.3,0.0,17.85,827.92,241.20,830.53,240.31,34.34,34.56,23.40,20.56,110.61,85.92,0.9226,15.4000,34.3400,0.0000,0.0000,0.8396,0
1009,08:54:01.190,ROI,160,160,224,224,11.00,40.08,22.05,0.0,24.95,831.56,239.32,833.55,238.99,35.06,35.11,23.57,20.91,109.69,85.43,0.8969,16.1400,35.0600,0.0000,0.0000,0.8261,0
1010,08:54:01.320,ROI,160,160,224,224,12.29,122.45,3.35,0.0,8.17,838.42,236.21,837.34,237.18,35.00,35.38,25.59,22.59,107.94,84.36,0.8226,17.6200,35.0000,0.0000,0.0000,0.8350,0
1011,08:54:01.366,ROI,160,160,224,224,11.26,34.22,35.125,32.025,29.23,838.45,236.27,839.82,235.94,35.57,35.94,26.47,24.51,111.01,85.86,0.9554,15.2700,35.5700,0.0000,0.0000,0.8148,0
1012,08:54:01.432,ROI,160,160,224,224,11.03,56.56,7.3,0.0,17.68,843.59,234.29,842.87,234.51,37.32,36.85,25.09,25.84,108.68,85.30,0.8713,16.2700,37.3200,0.0000,0.0000,0.8366,0
1013,08:54:01.494,ROI,160,160,224,224,7.89,51.25,15.6,0.0,19.51,844.78,234.08,845.41,233.39,33.30,36.44,23.96,26.74,110.24,84.25,0.9666,14.8900,33.3000,0.0000,0.0000,0.8249,0
1014,08:54:01.542,ROI,160,160,224,224,11.41,45.79,19.55,0.0,21.84,848.54,232.59,848.16,232.26,35.70,36.57,22.31,26.89,107.42,83.33,0.9014,16.6300,35.7000,0.0000,0.0000,0.8451,0
1015,08:54:01.607,ROI,160,160,224,224,11.13,55.96,22.3,0.0,17.87,848.42,232.32,850.11,231.37,34.78,36.40,24.35,27.58,106.43,82.84,0.9845,14.9700,34.7800,0.0000,0.0000,0.8379,0
1016,08:54:01.671,ROI,160,160,224,224,14.35,58.83,7.65,25.5,17.00,854.15,229.33,853.18,230.00,36.87,36.80,24.07,27.02,109.61,85.83,0.8401,16.4100,36.8700,0.0000,0.0000,0.8514,0
1017,08:54:01.718,ROI,160,160,224,224,7.87,33.07,0.0,0.0,30.24,854.91,228.12,855.58,228.59,35.25,36.33,30.55,28.78,111.40,85.83,0.9568,15.2200,35.2500,0.0000,0.0000,0.8379,0
1018,08:54:01.847,ROI,160,160,224,224,11.36,125.90,6.5,0.0,7.94,863.23,224.85,859.44,226.74,38.54,37.04,25.65,28.65,111.31,86.79,0.8023,17.4000,38.5400,0.0000,0.0000,0.8365,0
1019,08:54:01.894,ROI,160,160,224,224,11.34,39.85,22.5,0.0,25.09,865.41,225.65,863.04,225.52,34.96,36.62,18.64,26.54,112.92,84.25,0.9344,14.8600,34.9600,0.0000,0.0000,0.8443,0
1020,08:54:01.958,ROI,160,160,256,256,8.03,53.39,15.125,0.0,18.73,867.85,223.58,866.47,223.99,33.11,35.80,24.11,26.43,114.27,85.04,0.9130,16.3700,33.1100,0.0000,0.0000,0.8749,0
1021,08:54:02.006,ROI,160,160,256,256,7.91,40.99,19.925,0.0,24.39,868.41,222.58,869.29,222.64,36.33,35.89,25.59,26.08,111.10,86.91,0.9507,16.2800,36.3300,0.0000,0.0000,0.8351,0
1022,08:54:02.071,ROI,160,160,224,224,7.90,58.03,13.85,0.0,17.23,873.46,219.47,872.72,220.82,36.13,35.94,27.83,26.32,110.53,84.35,0.8512,15.8400,36.1300,0.0000,0.0000,0.8551,0
1023,08:54:02.135,ROI,160,160,224,224,8.31,57.29,7.1,0.0,17.45,875.18,219.01,876.00,219.22,33.33,35.22,25.99,25.89,117.04,87.00,0.9157,15.2600,33.3300,0.0000,0.0000,0.8478,0
1024,08:54:02.247,ROI,160,160,256,256,8.04,105.09,7.6,0.0,9.52,879.37,216.26,879.11,217.43,36.63,35.39,29.99,26.84,113.04,87.18,0.8748,15.5000,36.6300,0.0000,0.0000,0.8111,0
1025,08:54:02.311,ROI,160,160,256,256,11.37,61.06,14.125,0.0,16.38,884.28,214.75,882.76,215.63,29.75,33.78,26.24,26.61,118.88,86.96,0.8886,17.1800,29.7500,0.0000,0.0000,0.8971,0
1026,08:54:02.359,ROI,160,160,256,256,11.20,40.68,10.825,0.0,24.58,884.69,213.79,885.71,213.98,33.75,33.45,29.18,27.16,114.50,87.63,0.9427,16.9900,33.7500,0.0000,0.0000,0.8754,0
1027,08:54:02.425,ROI,160,160,256,256,10.75,58.25,14.65,0.0,17.17,886.82,212.78,888.21,212.51,29.85,32.17,30.61,28.20,117.22,85.71,0.9422,17.8900,29.8500,0.0000,0.0000,0.8979,0
1028,08:54:02.487,ROI,160,160,256,256,8.07,49.73,23.025,0.0,20.11,888.98,211.68,890.63,211.09,31.77,31.51,30.20,28.96,115.82,85.65,0.9397,17.6900,31.7700,0.0000,0.0000,0.8809,0
1029,08:54:02.535,ROI,160,160,256,256,7.93,41.72,19.775,0.0,23.97,892.16,209.96,893.08,209.65,33.11,31.37,30.51,29.67,120.29,85.94,0.9111,16.4000,33.1100,0.0000,0.0000,0.8616,0
1030,08:54:02.663,ROI,160,160,256,256,11.03,124.14,6.55,32.725,8.06,896.91,208.39,896.18,208.12,31.98,31.00,26.27,29.22,125.86,87.74,0.8936,15.4200,31.9800,0.0000,0.0000,0.8759,0
1031,08:54:02.710,ROI,160,160,256,256,7.87,35.67,0.0,0.0,28.04,900.18,206.30,899.41,206.43,37.57,32.18,27.66,29.23,116.32,87.49,0.8827,14.4200,37.5700,0.0000,0.0000,0.8028,0
1032,08:54:02.775,ROI,160,160,256,256,9.82,60.30,13.85,0.0,16.58,904.03,205.04,902.70,204.93,29.71,31.26,24.55,28.26,116.53,84.29,0.9027,15.6700,29.7100,0.0000,0.0000,0.8766,0
1033,08:54:02.839,ROI,160,160,256,256,11.07,57.29,14.7,32.65,17.46,905.73,203.32,905.56,203.32,33.28,31.36,29.27,28.88,112.34,85.89,0.9268,14.6700,33.2800,0.0000,0.0000,0.8513,0
1034,08:54:02.886,ROI,160,160,256,256,10.86,38.75,0.0,0.0,25.80,906.49,203.14,907.93,202.07,32.68,31.67,27.77,28.85,113.81,86.18,0.9826,14.6700,32.6800,0.0000,0.0000,0.8536,0
1035,08:54:02.950,ROI,160,160,256,256,11.67,56.07,14.95,0.0,17.84,910.21,202.12,910.57,200.91,33.49,32.03,23.90,28.02,113.15,85.65,0.9151,14.8100,33.4900,0.0000,0.0000,0.8427,0
1036,08:54:03.015,ROI,160,160,256,256,11.36,56.93,14.925,0.0,17.57,911.04,201.90,912.78,200.05,32.97,32.25,21.00,26.14,112.03,86.02,0.9804,14.7200,32.9700,0.0000,0.0000,0.8553,0
1037,08:54:03.064,ROI,160,160,256,256,11.11,40.80,21.65,0.0,24.51,911.64,201.03,914.39,199.40,31.99,31.90,22.24,24.51,112.99,84.14,0.9681,15.6400,31.9900,0.0000,0.0000,0.8512,0
1038,08:54:03.192,ROI,160,160,256,256,11.09,120.84,6.7,0.0,8.28,914.58,199.70,916.35,198.53,33.25,32.24,23.95,23.92,114.21,83.15,0.9206,14.4500,33.2500,0.0000,0.0000,0.8461,0
1039,08:54:03.238,ROI,160,160,256,256,11.27,37.24,23.075,0.0,26.85,915.55,199.75,917.95,197.99,33.65,32.63,18.40,21.99,112.72,86.46,0.9460,15.9400,33.6500,0.0000,0.0000,0.8420,0
1040,08:54:03.303,ROI,160,160,256,256,11.17,56.80,14.7,0.0,17.61,916.47,198.97,918.91,197.66,31.44,32.44,18.97,20.32,113.65,85.60,0.9663,16.0500,31.4400,0.0000,0.0000,0.8612,0
1041,08:54:03.367,ROI,160,160,256,256,11.08,55.65,15.275,32.7,17.97,916.85,198.10,919.73,197.22,34.32,33.02,28.17,21.23,114.85,88.40,0.9582,15.7100,34.3200,0.0000,0.0000,0.8594,0
1042,08:54:03.416,ROI,160,160,256,256,11.25,41.69,10.5,0.0,23.99,917.52,198.19,920.12,197.09,33.49,33.14,19.33,19.83,116.37,88.19,0.9846,16.3500,33.4900,0.0000,0.0000,0.8571,0
1043,08:54:03.479,ROI,160,160,256,256,19.66,63.71,7.7,37.85,15.70,917.42,197.78,920.27,196.91,32.51,33.34,49.12,26.61,114.61,87.10,0.9727,16.2100,32.5100,0.0000,0.0000,0.8761,0
1044,08:54:03.543,ROI,160,160,256,256,19.14,55.50,9.0,19.425,18.02,918.33,197.98,920.32,196.94,32.36,33.32,-28.54,12.33,113.95,87.12,0.9797,15.4000,32.3600,0.0000,0.0000,0.8655,0
1045,08:54:03.593,ROI,160,160,256,256,7.83,30.15,13.1,0.0,33.16,918.78,197.56,920.55,196.84,32.30,33.36,24.30,13.75,112.59,86.64,0.9787,16.2900,32.3000,0.0000,0.0000,0.8687,0
1046,08:54:03.718,ROI,160,160,256,256,7.88,119.01,3.325,0.0,8.40,919.07,197.59,920.45,196.95,32.08,33.16,-129.80,-25.36,112.99,86.80,0.9931,16.4900,32.0800,0.0000,0.0000,0.8766,0
1047,08:54:03.767,ROI,160,160,256,256,12.00,45.95,19.6,0.0,21.76,919.83,197.58,920.64,197.09,30.53,32.67,-37.16,-35.36,111.97,86.26,0.9804,16.6000,30.5300,0.0000,0.0000,0.8769,0
1048,08:54:03.832,ROI,160,160,224,224,10.85,58.03,14.8,0.0,17.23,919.14,197.66,920.06,197.47,32.15,32.34,-147.20,-72.18,114.42,85.82,0.9737,13.8400,32.1500,0.0000,0.0000,0.8365,0
1049,08:54:03.897,ROI,160,160,256,256,13.77,60.31,14.825,25.875,16.58,919.61,197.64,919.57,197.66,30.88,31.92,-158.80,-105.87,111.84,86.42,0.9708,16.5600,30.8800,0.0000,0.0000,0.8758,0
1050,08:54:03.943,ROI,160,160,224,224,10.90,32.62,12.475,0.0,30.66,919.21,197.69,918.96,197.89,32.26,32.08,-158.94,-134.43,114.34,85.90,0.9725,13.8900,32.2600,0.0000,0.0000,0.8403,0
1051,08:54:04.007,ROI,160,160,256,256,10.95,56.91,14.9,0.0,17.57,919.70,197.61,918.71,198.03,30.91,31.58,-151.64,-156.00,111.73,86.45,0.9712,16.5300,30.9100,0.0000,0.0000,0.8762,0
1052,08:54:04.054,ROI,160,160,224,224,10.63,39.01,22.425,0.0,25.64,919.13,197.70,918.16,198.30,32.44,31.48,-153.92,-173.83,114.39,86.06,0.9724,13.8100,32.4400,0.0000,0.0000,0.8355,0
1053,08:54:04.182,ROI,160,160,256,256,11.41,120.60,3.375,0.0,8.29,919.77,197.64,917.95,198.42,31.13,31.23,-148.69,-185.88,111.73,86.61,0.9706,16.4900,31.1300,0.0000,0.0000,0.8749,0
1054,08:54:04.247,ROI,160,160,224,224,12.33,58.52,14.9,0.0,17.09,919.42,197.85,917.61,198.67,32.05,30.93,-143.50,-193.24,114.60,85.58,0.9636,14.0500,32.0500,0.0000,0.0000,0.8409,0
1055,08:54:04.294,ROI,160,160,256,256,11.01,36.62,23.25,0.0,27.31,919.18,197.78,917.09,198.87,31.08,30.96,-159.25,-201.28,111.12,86.42,0.9605,16.4800,31.0800,0.0000,0.0000,0.8744,0
1056,08:54:04.358,ROI,160,160,224,224,10.75,56.49,7.475,0.0,17.70,918.23,198.82,916.61,199.26,30.75,30.62,-141.22,-201.49,114.49,83.96,0.9437,14.4500,30.7500,0.0000,0.0000,0.8111,0
1057,08:54:04.407,ROI,160,160,256,256,11.04,40.07,10.55,0.0,24.96,916.56,198.46,915.90,199.43,31.72,30.94,-166.60,-206.22,111.31,86.05,0.9479,16.2300,31.7200,0.0000,0.0000,0.8972,0
1058,08:54:04.471,ROI,160,160,224,224,11.11,56.80,14.925,0.0,17.60,914.54,199.95,914.94,199.88,34.75,31.95,-154.82,-205.00,115.25,88.09,0.9329,13.8700,34.7500,0.0000,0.0000,0.8023,0
1059,08:54:04.535,ROI,160,160,256,256,11.48,56.27,15.25,0.0,17.77,912.38,200.28,913.66,200.32,34.07,32.57,-160.92,-203.42,106.27,86.32,0.9036,15.8000,34.0700,0.0000,0.0000,0.8695,0
1060,08:54:04.647,ROI,160,160,224,224,10.96,104.42,11.775,0.0,9.58,909.41,202.07,911.74,201.13,34.74,33.41,-157.14,-198.57,112.84,87.18,0.9045,13.8300,34.7400,0.0000,0.0000,0.7835,0
1061,08:54:04.710,ROI,160,160,256,256,7.84,51.30,22.7,0.0,19.49,907.34,203.81,909.58,202.31,34.60,33.59,-151.45,-190.92,109.92,87.17,0.9265,14.8700,34.6000,0.0000,0.0000,0.8558,0
1062,08:54:04.759,ROI,160,160,224,224,10.93,45.27,19.425,0.0,22.09,905.60,204.27,907.23,203.41,32.79,33.88,-154.88,-183.05,114.63,86.35,0.9490,13.8200,32.7900,0.0000,0.0000,0.7815,0
1063,08:54:04.822,ROI,160,160,256,256,7.89,52.59,15.1,0.0,19.01,904.33,205.34,905.00,204.66,32.35,33.75,-150.81,-173.90,113.25,86.35,0.9542,15.6900,32.3500,0.0000,0.0000,0.8567,0
1064,08:54:04.888,ROI,160,160,256,256,11.30,62.77,6.825,0.0,15.93,901.57,206.17,902.59,205.83,32.13,33.62,-153.93,-165.39,114.70,85.10,0.9351,14.9400,32.1300,0.0000,0.0000,0.8474,0
1065,08:54:04.934,ROI,160,160,256,256,10.01,35.36,23.125,0.0,28.28,901.02,206.78,900.36,206.96,33.57,33.79,-153.29,-156.49,113.28,85.86,0.9736,14.9500,33.5700,0.0000,0.0000,0.8416,0
1066,08:54:05.063,ROI,160,160,256,256,7.89,118.90,3.325,0.0,8.41,894.71,210.05,897.01,208.64,32.62,33.70,-153.29,-147.76,118.43,85.94,0.8343,14.5200,32.6200,0.0000,0.0000,0.8714,0
1067,08:54:05.111,ROI,160,160,256,256,10.94,44.41,19.775,0.0,22.52,889.70,211.62,893.06,210.42,31.24,33.33,-155.73,-140.55,118.78,87.76,0.8875,15.7600,31.2400,0.0000,0.0000,0.8657,0
1068,08:54:05.175,ROI,160,160,256,256,10.95,57.09,14.85,0.0,17.51,886.68,212.31,888.94,212.09,35.21,33.94,-157.93,-135.12,115.49,88.29,0.9353,15.4200,35.2100,0.0000,0.0000,0.8440,0
1069,08:54:05.240,ROI,160,160,256,256,10.77,56.85,14.775,0.0,17.59,885.82,213.65,885.41,213.71,33.60,33.96,-155.36,-129.84,115.06,86.72,0.9558,15.7400,33.6000,0.0000,0.0000,0.8399,0
1070,08:54:05.287,ROI,160,160,256,256,10.88,39.31,22.175,0.0,25.44,884.47,214.76,882.27,215.29,32.91,33.96,-153.30,-125.75,113.50,87.20,0.9523,16.2400,32.9100,0.0000,0.0000,0.8692,0
1071,08:54:05.351,ROI,160,160,256,256,9.93,56.27,14.8,0.0,17.77,878.93,217.15,878.46,217.18,33.42,33.83,-153.70,-124.81,117.70,88.43,0.8622,15.1800,33.4200,0.0000,0.0000,0.8288,0
1072,08:54:05.415,ROI,160,160,256,256,7.98,54.08,14.75,0.0,18.49,879.44,216.98,875.64,218.57,34.48,33.98,-153.63,-125.66,115.47,89.26,0.9721,15.9500,34.4800,0.0000,0.0000,0.8657,0
1073,08:54:05.479,ROI,160,160,256,256,7.94,56.77,14.275,0.0,17.62,875.35,219.02,872.57,220.16,31.94,33.47,-152.69,-132.06,119.79,90.11,0.8925,14.4000,31.9400,0.0000,0.0000,0.8306,0
1074,08:54:05.526,ROI,160,160,256,256,10.76,43.68,20.125,0.0,22.90,873.53,220.47,869.83,221.68,31.81,32.96,-150.92,-134.22,115.55,86.88,0.9300,16.3700,31.8100,0.0000,0.0000,0.8549,0
1075,08:54:05.655,ROI,160,160,256,256,7.84,118.32,6.675,0.0,8.45,868.94,223.54,866.67,223.63,32.13,32.58,-148.35,-143.43,117.97,86.78,0.8635,14.5700,32.1300,0.0000,0.0000,0.8551,0
1076,08:54:05.702,ROI,160,160,256,256,7.90,40.36,10.125,0.0,24.78,864.61,225.13,863.24,225.52,34.05,32.74,-151.19,-142.12,111.65,86.54,0.8950,15.7500,34.0500,0.0000,0.0000,0.8687,0
1077,08:54:05.766,ROI,160,160,224,224,7.82,57.41,14.05,0.0,17.42,860.71,225.97,859.65,227.14,33.68,32.93,-155.63,-151.66,111.65,83.47,0.9005,14.9400,33.6800,0.0000,0.0000,0.8187,0
1078,08:54:05.831,ROI,160,160,224,224,11.01,61.64,13.875,0.0,16.22,857.52,228.46,856.24,228.96,34.16,33.09,-151.94,-151.92,112.53,82.66,0.8911,14.3700,34.1600,0.0000,0.0000,0.8040,0
1079,08:54:05.880,ROI,160,160,256,256,11.36,41.87,21.025,0.0,23.89,855.74,229.22,853.27,230.50,32.57,32.93,-152.71,-151.45,112.74,83.10,0.9515,17.4800,32.5700,0.0000,0.0000,0.8688,0
1080,08:54:05.942,ROI,160,160,256,256,11.26,55.28,7.825,0.0,18.09,852.50,229.80,850.37,231.73,31.48,32.39,-156.98,-152.00,111.95,83.79,0.9313,17.6900,31.4800,0.0000,0.0000,0.8787,0
1081,08:54:06.007,ROI,160,160,224,224,7.85,51.82,14.925,0.0,19.30,849.19,231.72,847.42,233.06,36.34,33.34,-155.61,-152.66,110.53,85.71,0.9017,14.3100,36.3400,0.0000,0.0000,0.7880,0
1082,08:54:06.056,ROI,160,160,224,224,11.20,46.00,19.25,0.0,21.74,846.13,233.37,844.57,234.42,35.31,33.79,-154.59,-152.80,106.27,83.09,0.9093,14.3900,35.3100,0.0000,0.0000,0.8211,0
1083,08:54:06.183,ROI,160,160,224,224,7.98,116.41,6.775,0.0,8.59,841.80,234.68,841.34,235.73,34.68,34.13,-157.97,-154.31,109.06,84.41,0.8951,15.1500,34.6800,0.0000,0.0000,0.7912,0
1084,08:54:06.231,ROI,160,160,224,224,8.34,42.04,19.675,0.0,23.79,839.45,236.44,838.33,237.10,34.17,34.25,-155.39,-155.64,112.60,84.39,0.9201,14.2500,34.1700,0.0000,0.0000,0.7733,0
1085,08:54:06.294,ROI,160,160,256,256,10.94,59.06,7.3,0.0,16.93,835.58,237.55,835.07,238.42,36.62,35.10,-158.01,-156.31,107.62,83.97,0.9084,16.3200,36.6200,0.0000,0.0000,0.8614,0
1086,08:54:06.359,ROI,160,160,224,224,11.18,56.16,14.725,0.0,17.81,833.15,239.39,831.99,239.80,36.87,35.99,-155.94,-157.98,110.22,83.26,0.9162,14.5300,36.8700,0.0000,0.0000,0.7614,0
1087,08:54:06.406,ROI,160,160,224,224,7.80,36.14,22.15,0.0,27.67,831.39,240.09,829.27,241.06,37.13,36.81,-155.06,-157.17,107.14,83.79,0.9524,14.3100,37.1300,0.0000,0.0000,0.7936,0
1088,08:54:06.471,ROI,160,160,224,224,11.18,61.99,13.825,0.0,16.13,828.07,240.99,826.48,242.15,34.80,36.64,-158.73,-158.19,109.91,85.64,0.9207,14.9700,34.8000,0.0000,0.0000,0.8439,0
1089,08:54:06.534,ROI,160,160,224,224,11.67,54.02,15.525,0.0,18.51,826.00,241.60,823.95,243.11,33.70,36.19,-159.22,-158.57,111.47,84.49,0.9500,14.7900,33.7000,0.0000,0.0000,0.8131,0
1090,08:54:06.646,ROI,160,160,224,224,8.14,100.94,11.75,0.0,9.91,819.61,244.18,820.57,244.37,32.29,35.31,-159.46,-159.06,109.75,85.11,0.8409,18.0700,32.2900,0.0000,0.0000,0.8436,0
1091,08:54:06.711,ROI,160,160,224,224,8.06,57.68,14.025,0.0,17.34,814.06,246.25,816.61,245.76,32.36,34.48,-160.70,-160.21,106.75,79.11,0.8410,16.5600,32.3600,0.0000,0.0000,0.8144,0
1092,08:54:06.758,ROI,160,160,224,224,7.89,40.64,20.1,0.0,24.61,813.94,247.39,813.52,247.12,31.79,33.72,-156.26,-159.72,105.83,81.96,0.9573,15.5600,31.7900,0.0000,0.0000,0.8472,0
1093,08:54:06.823,ROI,160,160,224,224,12.83,62.56,13.975,0.0,15.98,809.42,248.33,809.96,248.37,32.39,33.24,-160.63,-160.74,107.32,81.24,0.8984,15.9600,32.3900,0.0000,0.0000,0.8031,0
1094,08:54:06.887,ROI,160,160,224,224,11.07,56.49,7.65,0.0,17.70,809.43,249.36,807.28,249.59,34.68,33.47,-155.55,-160.02,106.65,82.14,0.9691,14.3800,34.6800,0.0000,0.0000,0.8013,0
1095,08:54:06.934,ROI,160,160,224,224,7.91,36.12,22.4,0.0,27.69,805.92,249.78,804.20,250.67,33.37,33.21,-160.67,-160.74,108.68,80.50,0.9189,13.8400,33.3700,0.0000,0.0000,0.7396,0
1096,08:54:07.062,ROI,160,160,224,224,7.99,121.21,6.525,0.0,8.25,801.02,253.03,800.90,252.14,30.63,32.34,-155.99,-160.09,113.44,83.29,0.8479,15.1900,30.6300,0.0000,0.0000,0.7731,0
1097,08:54:07.110,ROI,160,160,256,256,10.94,44.41,19.85,0.0,22.52,798.33,255.58,797.95,253.88,31.72,32.03,-149.42,-157.51,114.53,83.82,0.8986,14.6300,31.7200,0.0000,0.0000,0.8501,0
1098,08:54:07.174,ROI,160,160,256,256,7.86,52.88,14.975,0.0,18.91,793.49,256.49,794.64,255.51,32.37,31.63,-153.91,-156.11,113.55,85.78,0.8986,13.7400,32.3700,0.0000,0.0000,0.8136,0
1099,08:54:07.240,ROI,160,160,256,256,11.42,62.62,13.775,0.0,15.97,789.62,258.90,791.05,257.38,31.53,31.17,-152.37,-154.55,113.98,87.82,0.8854,13.8700,31.5300,0.0000,0.0000,0.7934,0
1100,08:54:07.286,ROI,160,160,256,256,10.84,38.40,11.5,0.0,26.04,786.84,260.05,787.50,259.17,32.93,31.22,-153.22,-153.52,111.82,87.57,0.9277,13.5500,32.9300,0.0000,0.0000,0.7703,0
1101,08:54:07.351,ROI,160,160,224,224,12.06,57.88,22.3,0.0,17.28,785.58,260.98,784.74,260.72,32.23,31.07,-150.77,-151.92,120.25,81.70,0.8718,14.0000,32.2300,0.0000,0.0000,0.7099,0
1102,08:54:07.415,ROI,160,160,256,256,10.64,54.12,22.85,0.0,18.48,780.52,262.90,781.16,262.53,32.09,30.83,-153.22,-151.17,113.94,86.51,0.8694,14.8400,32.0900,0.0000,0.0000,0.8113,0
1103,08:54:07.463,ROI,160,160,256,256,11.37,40.08,21.625,0.0,24.95,776.06,264.83,777.35,264.41,30.74,30.50,-153.72,-150.75,114.94,84.70,0.8857,15.0700,30.7400,0.0000,0.0000,0.8138,0
1104,08:54:07.592,ROI,160,160,256,256,8.04,117.96,3.35,0.0,8.48,767.79,268.61,772.13,266.88,29.26,29.93,-154.62,-150.86,113.87,80.91,0.7942,16.6800,29.2600,0.0000,0.0000,0.8534,0
1105,08:54:07.639,ROI,160,160,256,256,11.36,43.65,30.5,0.0,22.91,766.41,268.72,767.74,268.75,31.49,30.09,-157.01,-151.97,113.14,83.65,0.9445,17.4500,31.4900,0.0000,0.0000,0.8391,0
1106,08:54:07.704,ROI,160,160,256,256,11.36,57.71,7.4,0.0,17.33,760.86,271.30,763.00,270.81,32.14,30.33,-156.48,-152.79,114.37,83.52,0.8552,16.7600,32.1400,0.0000,0.0000,0.8348,0
1107,08:54:07.767,ROI,160,160,256,256,8.41,52.74,15.325,0.0,18.96,760.85,271.78,759.43,272.56,34.60,31.27,-153.94,-152.56,112.58,85.44,0.9626,17.3500,34.6000,0.0000,0.0000,0.8415,0
1108,08:54:07.815,ROI,160,160,256,256,11.68,44.86,20.1,0.0,22.29,759.98,271.82,756.62,273.76,35.21,32.25,-156.85,-153.54,115.81,86.26,0.9629,16.8700,35.2100,0.0000,0.0000,0.8043,0
1109,08:54:07.878,ROI,160,160,256,256,10.98,54.69,15.6,0.0,18.28,755.64,274.09,753.42,275.21,32.81,32.68,-155.64,-154.18,115.70,85.68,0.8815,16.5600,32.8100,0.0000,0.0000,0.8361,0
1110,08:54:07.943,ROI,160,160,256,256,11.11,56.82,14.8,0.0,17.60,753.85,274.98,750.66,276.54,32.67,33.20,-154.24,-154.11,113.18,84.10,0.9492,16.4000,32.6700,0.0000,0.0000,0.8023,0
1111,08:54:08.007,ROI,160,160,256,256,11.60,56.97,15.05,0.0,17.55,747.19,277.52,747.00,278.11,32.24,33.20,-156.81,-154.88,110.10,84.46,0.8383,17.9700,32.2400,0.0000,0.0000,0.8443,0
1112,08:54:08.055,ROI,160,160,224,224,11.31,38.73,21.85,0.0,25.82,750.71,278.54,745.21,279.49,32.21,33.24,-142.28,-151.90,120.37,86.73,0.8907,15.5500,32.2100,0.0000,0.0000,0.8290,0
1113,08:54:08.166,ROI,160,160,256,256,8.21,98.73,7.9,0.0,10.13,743.20,280.16,742.28,280.89,32.39,33.38,-154.51,-152.31,118.06,85.97,0.8508,17.7600,32.3900,0.0000,0.0000,0.8856,0
1114,08:54:08.230,ROI,160,160,256,256,11.39,59.97,21.325,0.0,16.67,739.75,282.26,739.24,282.39,31.12,33.21,-153.69,-152.73,119.86,87.62,0.9002,18.0100,31.1200,0.0000,0.0000,0.8867,0
1115,08:54:08.295,ROI,160,160,256,256,11.46,55.94,7.425,0.0,17.88,734.87,284.56,735.86,284.08,31.88,33.03,-153.36,-152.86,121.18,91.78,0.8775,15.9300,31.8800,0.0000,0.0000,0.8672,0
1116,08:54:08.359,ROI,160,160,256,256,11.15,55.32,7.575,0.0,18.08,733.50,285.71,732.99,285.58,32.29,32.88,-152.49,-152.97,127.41,90.42,0.9283,15.4300,32.2900,0.0000,0.0000,0.8459,0
1117,08:54:08.406,ROI,160,160,256,256,7.96,36.59,10.975,0.0,27.33,729.80,286.01,729.85,286.77,30.89,32.23,-159.20,-155.00,124.64,90.64,0.9369,16.3900,30.8900,0.0000,0.0000,0.8817,0
1118,08:54:08.471,ROI,160,160,256,256,11.35,61.15,14.025,31.5,16.35,727.64,287.95,726.97,288.14,32.08,32.08,-154.53,-155.28,122.91,88.77,0.9253,15.6700,32.0800,0.0000,0.0000,0.8444,0
1119,08:54:08.534,ROI,160,160,256,256,10.85,53.35,7.675,0.0,18.74,726.26,289.11,724.40,289.51,30.17,31.47,-151.93,-154.77,123.09,89.02,0.9530,16.4200,30.1700,0.0000,0.0000,0.8437,0
1120,08:54:08.646,ROI,160,160,256,256,12.31,105.68,7.8,0.0,9.46,719.87,291.82,721.15,291.13,27.12,30.24,-153.56,-154.66,124.16,88.16,0.8508,18.5500,27.1200,0.0000,0.0000,0.8732,0
1121,08:54:08.695,ROI,160,160,256,256,11.12,40.25,21.8,0.0,24.84,714.17,294.22,717.48,292.91,28.83,29.63,-154.13,-154.49,121.55,89.26,0.8654,16.8700,28.8300,0.0000,0.0000,0.8902,0
1122,08:54:08.759,ROI,160,160,256,256,11.08,54.16,7.65,0.0,18.46,713.14,294.96,714.25,294.46,26.94,28.67,-154.46,-154.72,122.27,89.42,0.9671,16.8800,26.9400,0.0000,0.0000,0.8649,0
1123,08:54:08.822,ROI,160,160,256,256,7.81,52.51,15.1,0.0,19.04,711.05,295.71,711.43,295.84,26.28,27.65,-153.84,-154.29,123.44,88.72,0.9507,16.5900,26.2800,0.0000,0.0000,0.8506,0
1124,08:54:08.887,ROI,160,160,256,256,8.41,58.81,13.85,0.0,17.01,707.00,297.13,708.05,297.27,26.98,26.76,-157.04,-155.07,123.78,87.90,0.9079,17.5700,26.9800,0.0000,0.0000,0.8745,0
1125,08:54:08.935,ROI,160,160,256,256,7.88,39.86,30.325,0.0,25.09,704.12,298.33,704.72,298.77,27.28,26.15,-155.78,-154.86,122.03,88.11,0.9291,16.3600,27.2800,0.0000,0.0000,0.8589,0
1126,08:54:09.064,ROI,160,160,256,256,11.19,126.50,3.225,0.0,7.91,696.10,300.51,700.19,300.36,30.04,26.63,-160.63,-156.17,119.90,86.98,0.8354,17.6200,30.0400,0.0000,0.0000,0.8795,0
1127,08:54:09.111,ROI,160,160,256,256,11.18,38.09,22.6,0.0,26.25,690.70,303.22,695.15,302.19,26.66,26.15,-160.08,-157.71,121.07,88.64,0.8618,16.0800,26.6600,0.0000,0.0000,0.8608,0
1128,08:54:09.175,ROI,160,160,256,256,11.55,56.68,15.05,0.0,17.64,688.98,303.88,690.81,303.82,27.76,26.03,-159.45,-158.55,123.78,88.18,0.9579,17.2700,27.7600,0.0000,0.0000,0.8596,0
1129,08:54:09.239,ROI,160,160,256,256,7.87,52.61,15.2,0.0,19.01,684.91,305.10,686.43,305.29,29.23,26.45,-161.43,-159.91,123.76,88.06,0.9117,15.8600,29.2300,0.0000,0.0000,0.8340,0
1130,08:54:09.286,ROI,160,160,256,256,10.79,43.73,20.25,0.0,22.87,684.64,306.52,682.93,306.77,28.99,26.69,-156.97,-159.83,126.06,88.46,0.9508,15.9500,28.9900,0.0000,0.0000,0.8081,0
1131,08:54:09.350,ROI,160,160,256,256,7.97,53.27,14.95,0.0,18.77,677.95,308.72,678.34,308.52,28.07,26.76,-159.20,-160.56,121.01,87.31,0.8554,16.4700,28.0700,0.0000,0.0000,0.8521,0
1132,08:54:09.415,ROI,160,160,256,256,12.60,62.46,13.95,0.0,16.01,677.96,309.54,674.86,310.05,30.22,27.45,-156.25,-160.24,126.38,90.32,0.9256,15.5000,30.2200,0.0000,0.0000,0.8477,0
1133,08:54:09.463,ROI,160,160,256,256,11.25,39.96,22.7,0.0,25.03,672.20,311.80,670.83,311.76,28.11,27.67,-156.97,-160.08,124.16,91.14,0.8696,16.0000,28.1100,0.0000,0.0000,0.8394,0
1134,08:54:09.592,ROI,160,160,256,256,11.38,121.87,3.35,0.0,8.21,667.44,315.03,667.00,313.70,29.15,28.39,-153.22,-158.84,125.94,93.65,0.8660,15.9600,29.1500,0.0000,0.0000,0.8642,0
1135,08:54:09.639,ROI,160,160,256,256,10.94,38.19,11.025,0.0,26.19,664.54,315.93,663.33,315.49,29.78,29.10,-153.95,-157.66,126.35,92.86,0.9372,15.8400,29.7800,0.0000,0.0000,0.8731,0
1136,08:54:09.703,ROI,160,160,256,256,11.69,56.84,7.55,0.0,17.59,663.34,316.38,660.63,316.84,27.50,29.13,-153.52,-156.43,129.73,93.25,0.9647,16.0200,27.5000,0.0000,0.0000,0.8612,0
1137,08:54:09.766,ROI,160,160,288,288,7.92,51.86,15.425,0.0,19.28,659.42,319.04,657.60,318.54,32.48,30.27,-150.62,-154.73,127.13,92.50,0.8896,16.5700,32.4800,0.0000,0.0000,0.8566,0
1138,08:54:09.814,ROI,160,160,256,256,11.67,44.50,29.65,0.0,22.47,656.66,319.91,654.58,320.16,31.11,30.78,-151.76,-153.24,127.02,93.52,0.9402,16.0000,31.1100,0.0000,0.0000,0.8686,0
1139,08:54:09.878,ROI,160,160,256,256,11.42,56.73,15.2,0.0,17.63,654.13,320.76,651.89,321.53,29.35,30.89,-152.98,-152.27,130.40,92.85,0.9444,16.2700,29.3500,0.0000,0.0000,0.8435,0
1140,08:54:09.927,ROI,160,160,288,288,11.26,40.56,21.625,0.0,24.66,651.23,324.10,649.16,323.46,29.68,31.03,-144.71,-149.33,134.24,95.60,0.8925,16.4000,29.6800,0.0000,0.0000,0.8514,0
1141,08:54:10.055,ROI,160,160,288,288,11.21,120.76,6.725,0.0,8.28,642.18,326.92,645.21,325.60,28.65,30.87,-151.60,-148.31,135.49,101.79,0.8240,15.9700,28.6500,0.0000,0.0000,0.8400,0
1142,08:54:10.119,ROI,160,160,288,288,8.39,53.20,15.075,0.0,18.80,637.21,329.55,640.38,327.98,34.24,32.15,-153.79,-149.37,137.48,105.95,0.8851,15.0500,34.2400,0.0000,0.0000,0.8745,0
1143,08:54:10.167,ROI,160,160,288,288,11.21,44.26,30.125,0.0,22.60,635.27,330.76,636.42,330.16,33.41,32.95,-151.16,-148.86,137.16,104.26,0.9502,14.2900,33.4100,0.0000,0.0000,0.8361,0
1144,08:54:10.230,ROI,160,160,288,288,11.31,55.43,15.225,0.0,18.04,630.09,332.11,632.12,332.14,33.88,33.79,-155.31,-149.65,141.26,106.13,0.9054,14.4000,33.8800,0.0000,0.0000,0.8315,0
1145,08:54:10.294,ROI,160,160,288,288,7.83,50.50,7.675,0.0,19.80,628.20,334.18,628.53,334.09,33.35,34.22,-151.45,-149.47,137.21,106.27,0.9347,13.9100,33.3500,0.0000,0.0000,0.8040,0
1146,08:54:10.342,ROI,160,160,288,288,10.72,45.02,19.625,0.0,22.21,622.53,337.08,624.29,336.31,30.47,33.67,-152.33,-149.76,138.19,104.45,0.8734,14.9400,30.4700,0.0000,0.0000,0.8476,0
1147,08:54:10.406,ROI,160,160,288,288,7.79,52.06,14.875,0.0,19.21,624.07,337.45,621.53,338.21,33.96,34.09,-145.55,-147.74,138.56,106.81,0.9566,14.2300,33.9600,0.0000,0.0000,0.8251,0
1148,08:54:10.454,ROI,160,160,288,288,11.20,44.39,19.925,0.0,22.53,618.47,338.06,618.04,339.74,31.82,33.64,-156.18,-149.19,135.36,101.74,0.8789,15.8900,31.8200,0.0000,0.0000,0.8784,0
1149,08:54:10.519,ROI,160,160,288,288,11.51,57.70,14.725,0.0,17.33,615.82,340.79,614.57,341.60,32.67,33.47,-151.95,-149.71,136.44,105.19,0.9131,14.5700,32.6700,0.0000,0.0000,0.8528,0
1150,08:54:10.647,ROI,160,160,288,288,11.35,121.22,6.75,0.0,8.25,610.36,342.63,610.76,343.35,29.62,32.68,-155.23,-151.07,139.63,104.26,0.8932,16.1800,29.6200,0.0000,0.0000,0.8682,0
1151,08:54:10.695,ROI,160,160,288,288,7.98,34.59,22.35,0.0,28.91,607.43,345.91,607.37,345.39,29.67,31.82,-149.05,-150.74,136.51,104.71,0.9013,14.8900,29.6700,0.0000,0.0000,0.8346,0
1152,08:54:10.759,ROI,160,160,288,288,11.37,61.21,14.1,0.0,16.34,602.36,347.14,603.37,347.26,28.08,30.76,-154.86,-152.10,133.72,102.49,0.9064,15.5400,28.0800,0.0000,0.0000,0.8720,0
1153,08:54:10.807,ROI,160,160,288,288,7.83,36.22,22.025,0.0,27.61,600.81,347.45,599.80,348.77,27.14,29.66,-157.09,-154.07,135.99,99.41,0.9486,15.1300,27.1400,0.0000,0.0000,0.8422,0
1154,08:54:10.871,ROI,160,160,288,288,10.90,60.70,13.95,0.0,16.47,595.84,351.09,595.84,350.80,25.26,28.18,-152.93,-154.55,135.14,99.76,0.8660,17.0000,25.2600,0.0000,0.0000,0.8563,0
1155,08:54:10.935,ROI,160,160,288,288,8.77,53.31,7.525,0.0,18.76,596.04,350.55,592.77,352.21,27.73,27.57,-155.27,-155.74,139.07,100.04,0.9615,15.2800,27.7300,0.0000,0.0000,0.8598,0
1156,08:54:11.047,ROI,160,160,288,288,8.00,104.96,7.575,0.0,9.53,584.62,356.70,587.90,354.77,26.59,26.53,-152.31,-155.60,132.55,99.86,0.7537,15.9400,26.5900,0.0000,0.0000,0.8511,0
1157,08:54:11.111,ROI,160,160,288,288,11.14,60.00,21.35,0.0,16.67,581.55,357.87,583.55,356.94,26.61,25.94,-153.47,-155.71,138.62,102.11,0.9337,15.3500,26.6100,0.0000,0.0000,0.7854,0
1158,08:54:11.159,ROI,160,160,288,288,11.41,40.80,21.525,0.0,24.51,577.51,359.79,579.12,359.13,26.24,25.34,-153.70,-155.80,136.49,102.06,0.9091,15.3800,26.2400,0.0000,0.0000,0.8117,0
1159,08:54:11.286,ROI,160,160,288,288,10.17,116.22,10.25,0.0,8.60,571.29,361.45,574.24,361.24,25.94,24.69,-156.63,-156.32,137.38,101.21,0.8851,16.8300,25.9400,0.0000,0.0000,0.8381,0
1160,08:54:11.335,ROI,160,160,288,288,8.93,39.49,20.5,0.0,25.32,565.71,362.76,568.78,363.18,25.57,24.11,-160.39,-157.95,139.34,101.79,0.8996,15.8200,25.5700,0.0000,0.0000,0.8211,0
1161,08:54:11.399,ROI,160,160,288,288,9.41,57.71,14.375,0.0,17.33,562.30,364.70,563.94,365.08,24.64,23.54,-158.62,-158.56,137.56,98.93,0.9166,15.0200,24.6400,0.0000,0.0000,0.8082,0
1162,08:54:11.463,ROI,160,160,288,288,8.42,56.66,14.4,0.0,17.65,559.80,365.71,559.33,366.81,25.54,23.19,-159.41,-159.35,137.41,99.90,0.9453,16.4500,25.5400,0.0000,0.0000,0.8468,0
1163,08:54:11.510,ROI,160,160,288,288,8.63,40.11,20.75,0.0,24.93,555.53,367.38,554.91,368.46,22.21,22.30,-159.48,-159.80,143.30,100.71,0.9108,16.0600,22.2100,0.0000,0.0000,0.8400,0
1164,08:54:11.641,ROI,160,160,288,288,10.82,126.76,6.425,0.0,7.89,549.60,369.48,550.22,370.05,22.48,21.65,-161.30,-160.81,147.15,100.19,0.8852,16.4300,22.4800,0.0000,0.0000,0.8558,0
1165,08:54:11.687,ROI,160,160,320,320,8.48,36.58,11.3,0.0,27.34,544.78,372.26,545.44,371.94,26.18,22.14,-158.39,-160.73,152.40,104.64,0.8890,14.0400,26.1800,0.0000,0.0000,0.8438,0
1166,08:54:11.751,ROI,160,160,320,320,9.00,56.94,14.475,0.0,17.56,537.84,374.66,539.86,374.07,25.44,22.73,-159.12,-160.72,149.68,104.30,0.8729,14.5700,25.4400,0.0000,0.0000,0.8512,0
1167,08:54:11.814,ROI,160,160,320,320,9.81,57.64,14.425,0.0,17.35,536.08,375.60,535.14,375.85,28.60,23.80,-159.34,-160.89,153.48,105.86,0.9580,15.9400,28.6000,0.0000,0.0000,0.8887,0
1168,08:54:11.863,ROI,160,160,320,320,8.87,41.39,20.35,0.0,24.16,531.28,378.54,530.28,378.00,26.04,24.23,-156.13,-160.03,155.02,106.06,0.8903,15.8700,26.0400,0.0000,0.0000,0.9017,0
1169,08:54:11.926,ROI,160,160,320,320,9.32,56.54,7.4,0.0,17.69,529.66,378.60,526.07,379.76,27.43,25.23,-157.31,-159.37,153.28,106.82,0.9723,15.1300,27.4300,0.0000,0.0000,0.8637,0
1170,08:54:11.991,ROI,160,160,320,320,10.44,59.57,0.0,0.0,16.79,523.80,381.74,521.31,381.78,25.14,25.60,-157.00,-159.40,149.06,105.04,0.8738,15.7700,25.1400,0.0000,0.0000,0.8739,0
1171,08:54:12.040,ROI,160,160,320,320,8.99,40.80,10.375,0.0,24.51,522.18,382.06,517.75,383.30,25.28,26.19,-156.92,-158.91,154.42,105.58,0.9595,15.6300,25.2800,0.0000,0.0000,0.8698,0
1172,08:54:12.168,ROI,160,160,320,320,10.57,122.92,3.3,0.0,8.14,513.42,386.14,513.15,385.35,24.16,26.00,-156.01,-157.99,155.86,106.36,0.8301,18.9900,24.1600,0.0000,0.0000,0.9131,0
1173,08:54:12.214,ROI,160,160,320,320,10.15,38.89,11.275,0.0,25.72,511.78,387.00,509.25,387.13,25.66,26.27,-155.44,-157.20,148.40,106.32,0.9372,16.6700,25.6600,1.1900,13.3500,0.8755,0
1174,08:54:12.278,ROI,160,160,320,320,10.07,57.10,7.35,0.0,17.51,507.24,388.90,505.49,388.96,24.51,26.12,-154.14,-155.78,150.14,105.06,0.9087,17.8800,24.5100,0.7800,18.6900,0.8877,0
1175,08:54:12.342,ROI,160,160,320,320,17.29,65.23,0.0,0.0,15.33,504.80,390.54,502.12,390.70,24.53,25.95,-152.68,-154.41,149.80,107.28,0.9390,18.1500,24.5300,0.9900,11.3400,0.9134,0
1176,08:54:12.392,ROI,160,160,320,320,8.12,29.34,0.0,0.0,34.08,499.78,391.70,498.73,392.15,24.34,25.96,-156.82,-154.25,152.42,105.80,0.9163,17.3000,24.3400,0.0000,0.0000,0.8756,0
1177,08:54:12.454,ROI,160,160,320,320,10.25,58.11,7.3,0.0,17.21,497.14,393.92,495.29,393.84,23.62,25.42,-153.75,-154.00,150.58,108.14,0.9272,18.4300,23.6200,0.0000,0.0000,0.9129,0
1178,08:54:12.568,ROI,160,160,320,320,10.04,107.40,3.8,0.0,9.31,489.36,398.32,490.98,396.35,24.52,25.25,-149.82,-151.98,151.66,107.06,0.8344,18.7500,24.5200,0.0000,0.0000,0.8676,0
1179,08:54:12.630,ROI,160,160,320,320,9.94,55.01,7.675,0.0,18.18,484.04,400.58,486.30,398.84,27.29,25.63,-151.95,-151.17,153.42,109.24,0.8956,17.9700,27.2900,0.0000,0.0000,0.9067,0
1180,08:54:12.694,ROI,160,160,320,320,8.82,56.48,0.0,0.0,17.71,479.54,402.64,481.75,401.33,26.59,25.93,-151.37,-150.10,150.84,108.28,0.9084,17.0400,26.5900,0.0000,0.0000,0.9137,0
1181,08:54:12.744,ROI,160,160,320,320,8.63,43.27,9.7,0.0,23.11,474.70,405.82,477.01,403.96,26.13,25.98,-150.96,-149.71,155.90,108.78,0.8868,17.1700,26.1300,0.0000,0.0000,0.8875,0
1182,08:54:12.806,ROI,160,160,320,320,8.91,55.57,14.8,0.0,18.00,471.72,407.04,472.76,406.36,27.86,26.53,-150.59,-148.99,150.04,108.46,0.9408,16.0300,27.8600,0.0000,0.0000,0.8932,0
1183,08:54:12.870,ROI,160,160,320,320,17.62,67.14,14.15,21.0,14.89,467.02,409.00,468.17,408.85,27.79,27.01,-151.53,-148.49,158.62,109.46,0.9084,16.5400,27.7900,0.0000,0.0000,0.8896,0
1184,08:54:12.919,ROI,160,160,320,320,11.74,33.47,13.275,0.0,29.88,463.94,410.34,463.94,410.98,26.92,27.35,-153.21,-148.95,159.90,108.82,0.9392,16.5600,26.9200,0.0000,0.0000,0.8787,0
1185,08:54:13.047,ROI,160,160,320,320,9.97,117.96,0.0,0.0,8.48,455.46,412.60,458.10,413.40,25.08,26.91,-157.47,-150.43,161.38,108.42,0.8648,18.9900,25.0800,0.0000,0.0000,0.9058,0
1186,08:54:13.096,ROI,160,160,352,352,8.29,39.13,20.4,0.0,25.56,453.81,414.66,453.64,415.45,26.01,26.81,-155.39,-151.61,162.89,112.38,0.9441,18.7800,26.0100,0.0000,0.0000,0.9349,0
1187,08:54:13.158,ROI,160,160,352,352,9.29,56.03,7.4,0.0,17.85,448.78,416.53,448.89,417.45,24.89,26.37,-157.08,-153.19,165.31,110.59,0.9104,19.4300,24.8900,0.0000,0.0000,0.9133,0
1188,08:54:13.223,ROI,160,160,352,352,9.48,59.23,7.025,0.0,16.88,444.24,417.45,444.08,419.12,25.12,26.03,-160.88,-155.76,166.28,108.44,0.9288,17.5100,25.1200,0.0000,0.0000,0.9086,0
1189,08:54:13.270,ROI,160,160,352,352,8.80,39.10,21.6,0.0,25.58,440.57,420.01,439.65,420.94,23.86,25.38,-157.65,-157.06,163.31,107.21,0.9129,19.3500,23.8600,0.0000,0.0000,0.9071,0
1190,08:54:13.334,ROI,160,160,352,352,9.80,58.49,14.375,0.0,17.10,438.31,420.13,435.92,422.30,24.77,25.06,-160.06,-158.54,164.93,109.67,0.9511,17.4100,24.7700,0.0000,0.0000,0.9259,0
1191,08:54:13.400,ROI,160,160,352,352,9.63,59.18,0.0,0.0,16.90,432.63,423.41,431.73,424.03,26.53,25.31,-157.49,-159.27,163.94,110.40,0.8810,19.0800,26.5300,0.0000,0.0000,0.9085,0
1192,08:54:13.448,ROI,160,160,352,352,17.82,50.98,10.325,0.0,19.62,430.42,424.08,427.93,425.51,26.90,25.56,-158.78,-160.14,162.45,111.96,0.9599,17.5500,26.9000,0.0000,0.0000,0.9161,0
1193,08:54:13.576,ROI,160,160,352,352,10.01,108.47,7.225,0.0,9.22,419.20,429.17,422.21,427.89,25.47,25.71,-157.39,-160.45,160.89,110.35,0.7985,17.8500,25.4700,0.0000,0.0000,0.9017,0
1194,08:54:13.622,ROI,160,160,352,352,9.83,37.67,22.15,0.0,26.55,415.26,430.08,416.89,429.93,25.78,26.00,-159.01,-160.86,157.54,110.97,0.9367,17.9900,25.7800,0.0000,0.0000,0.9039,0
1195,08:54:13.688,ROI,160,160,320,320,9.86,59.13,7.05,0.0,16.91,412.50,432.10,412.18,431.90,27.51,26.45,-157.33,-160.87,164.16,114.92,0.9259,14.6000,27.5100,0.0000,0.0000,0.8645,0
1196,08:54:13.735,ROI,160,160,352,352,8.90,38.63,0.0,0.0,25.89,404.70,434.77,406.92,433.98,24.02,25.99,-158.42,-160.98,160.75,110.66,0.8678,17.2300,24.0200,0.0000,0.0000,0.9022,0
1197,08:54:13.798,ROI,160,160,352,352,9.74,56.81,14.7,0.0,17.60,402.66,435.10,402.29,435.67,24.94,25.52,-159.96,-161.29,153.89,109.98,0.9514,16.8400,24.9400,0.0000,0.0000,0.8989,0
1198,08:54:13.863,ROI,160,160,320,320,9.82,56.82,7.125,0.0,17.60,397.96,438.70,397.75,437.71,26.52,25.68,-155.80,-160.58,155.92,115.74,0.8843,15.6500,26.5200,0.0000,0.0000,0.8866,0
1199,08:54:13.910,ROI,160,160,320,320,9.77,39.58,10.95,0.0,25.26,392.42,440.88,392.76,439.94,27.63,25.95,-155.89,-159.77,157.58,114.92,0.8983,15.7500,27.6300,0.0000,0.0000,0.8883,0
1200,08:54:14.039,ROI,160,160,320,320,9.88,123.46,3.275,0.0,8.10,387.14,444.38,387.79,442.45,25.11,25.67,-153.25,-158.25,161.66,113.66,0.8821,14.6400,25.1100,0.0000,0.0000,0.8812,0
1201,08:54:14.086,ROI,160,160,352,352,8.73,36.68,21.7,0.0,27.26,384.12,443.80,383.06,444.36,27.59,26.06,-158.00,-158.04,167.24,113.23,0.9544,16.1200,27.5900,0.0000,0.0000,0.8820,0
1202,08:54:14.150,ROI,160,160,352,352,9.92,58.72,7.175,0.0,17.03,373.66,449.86,377.21,447.18,29.27,26.95,-154.24,-156.82,168.10,118.21,0.7993,13.9900,29.2700,0.0000,0.0000,0.8723,0
1203,08:54:14.214,ROI,160,160,352,352,9.47,56.59,14.725,0.0,17.67,372.82,450.69,372.36,449.68,33.18,28.63,-152.80,-155.30,169.51,117.08,0.9764,13.9800,33.1800,0.0000,0.0000,0.8581,0
1204,08:54:14.262,ROI,160,160,352,352,8.96,41.27,20.55,0.0,24.23,367.23,452.88,367.34,452.17,29.11,29.11,-153.61,-154.23,166.89,116.07,0.9021,15.7700,29.1100,0.0000,0.0000,0.8626,0
1205,08:54:14.328,ROI,160,160,352,352,9.82,59.87,13.95,0.0,16.70,363.48,454.46,362.46,454.53,29.83,29.72,-154.20,-153.55,174.20,116.97,0.9318,15.6200,29.8300,0.0000,0.0000,0.8776,0
1206,08:54:14.391,ROI,160,160,352,352,9.70,57.13,7.375,0.0,17.51,356.11,458.16,356.93,457.39,30.84,30.54,-152.60,-152.16,168.70,117.66,0.8638,15.7200,30.8400,0.0000,0.0000,0.8447,0
1207,08:54:14.439,ROI,160,160,352,352,8.83,40.31,20.95,0.0,24.81,353.62,459.54,351.90,460.02,30.07,31.12,-152.42,-151.09,173.07,120.54,0.9481,15.1400,30.0700,0.0000,0.0000,0.8598,0
1208,08:54:14.567,ROI,160,160,352,352,10.01,123.34,6.575,0.0,8.11,344.62,462.04,346.04,462.51,28.65,31.21,-156.99,-151.76,164.36,115.57,0.8624,16.1800,28.6500,0.0000,0.0000,0.8630,0
1209,08:54:14.614,ROI,160,160,352,352,9.01,38.05,21.975,0.0,26.28,343.05,463.91,341.27,464.85,29.57,31.26,-153.84,-151.47,165.29,119.57,0.9486,15.4400,29.5700,0.0000,0.0000,0.8908,0
1210,08:54:14.678,ROI,160,160,352,352,8.72,56.93,7.225,0.0,17.57,335.94,466.54,335.96,467.26,26.15,30.39,-155.57,-151.85,165.37,114.82,0.8788,16.2900,26.1500,0.0000,0.0000,0.8848,0
1211,08:54:14.742,ROI,160,160,352,352,9.31,58.23,14.3,0.0,17.17,333.13,467.87,331.36,469.27,27.71,30.02,-156.41,-152.60,168.37,120.47,0.9219,15.8900,27.7100,0.0000,0.0000,0.9086,0
1212,08:54:14.791,ROI,160,160,352,352,8.27,41.64,9.95,0.0,24.02,326.53,469.79,326.21,471.23,27.70,29.49,-159.13,-154.20,166.50,119.66,0.8961,16.5700,27.7000,0.0000,0.0000,0.9071,0
1213,08:54:14.855,ROI,160,160,352,352,8.64,57.98,0.0,0.0,17.25,325.45,471.95,322.15,473.17,29.21,29.31,-154.53,-154.52,167.27,121.84,0.9527,16.0200,29.2100,0.0000,0.0000,0.9159,0
1214,08:54:14.966,ROI,160,160,352,352,11.92,107.46,7.7,0.0,9.31,313.32,475.31,315.99,475.45,30.12,29.38,-159.70,-156.22,162.82,122.67,0.8199,14.5800,30.1200,0.6900,29.5500,0.8631,0
1215,08:54:15.032,ROI,160,160,352,352,10.45,56.84,0.0,0.0,17.59,307.92,480.54,310.24,478.45,28.79,29.19,-152.39,-155.53,169.51,126.46,0.8632,15.1500,28.7900,1.8400,27.7800,0.8733,0
1216,08:54:15.096,ROI,160,160,352,352,11.81,58.42,14.875,0.0,17.12,307.62,480.00,305.68,480.57,26.33,28.26,-155.09,-155.87,174.94,124.30,0.9529,14.3500,26.3300,3.7800,24.6000,0.8647,0
1217,08:54:15.144,ROI,160,160,352,352,10.44,40.33,10.975,0.0,24.79,301.90,484.05,300.96,483.14,26.26,27.50,-151.46,-155.16,175.60,128.26,0.8803,13.9100,26.2600,4.0200,25.2600,0.8291,0
1218,08:54:15.208,ROI,160,160,352,352,11.01,57.66,14.825,0.0,17.34,296.20,485.34,296.08,485.46,25.35,26.58,-154.53,-155.03,174.04,124.28,0.9086,15.5800,25.3500,2.7500,23.7500,0.9155,0
1219,08:54:15.254,ROI,160,160,352,352,10.34,38.86,11.375,0.0,25.73,290.68,487.77,291.01,487.75,24.10,25.60,-155.72,-155.47,172.96,125.75,0.9036,14.0800,24.1000,2.8300,24.7900,0.8347,0
1220,08:54:15.318,ROI,160,160,352,352,12.01,57.90,7.4,0.0,17.27,287.43,490.45,286.21,490.29,20.41,23.76,-152.10,-154.69,175.16,128.06,0.9241,14.6600,20.4100,5.7300,24.2000,0.8287,0
1221,08:54:15.448,ROI,160,160,352,352,12.30,123.85,0.0,0.0,8.07,280.75,495.17,280.97,493.35,19.55,21.84,-149.68,-153.54,176.95,126.02,0.8629,12.7300,19.5500,3.1600,25.6400,0.7984,0
1222,08:54:15.494,ROI,160,160,384,384,9.61,35.06,11.875,0.0,28.52,275.68,495.00,275.46,495.80,19.75,20.23,-156.06,-154.10,176.64,130.15,0.9151,15.8100,19.7500,2.6300,26.6000,0.8637,0
1223,08:54:15.558,ROI,160,160,384,384,9.63,57.44,14.6,0.0,17.41,272.50,498.70,270.99,498.35,20.32,19.17,-150.36,-153.19,182.18,137.16,0.9134,13.5700,20.3200,4.6600,27.7900,0.8088,0
1224,08:54:15.622,ROI,160,160,384,384,11.54,58.31,7.275,0.0,17.15,271.52,499.27,267.50,500.47,19.78,18.20,-148.72,-151.80,184.18,135.02,0.9739,14.2200,19.7800,6.4200,27.5600,0.7936,0
1225,08:54:15.672,ROI,160,160,384,384,10.21,41.78,10.4,0.0,23.93,267.09,498.50,263.80,501.79,21.01,17.65,-160.26,-153.74,183.79,136.54,0.9424,13.0800,21.0100,6.3100,28.4400,0.7738,0
1226,08:54:15.734,ROI,160,160,384,384,10.67,55.25,7.675,0.0,18.10,264.38,500.40,260.80,503.08,22.61,18.03,-156.82,-154.40,181.58,133.37,0.9441,12.7000,22.6100,3.4000,30.0500,0.7585,0
1227,08:54:15.800,ROI,160,160,384,384,11.03,60.06,7.15,0.0,16.65,263.23,500.58,258.33,504.10,23.84,18.83,-157.55,-154.93,181.20,131.35,0.9725,12.4400,23.8400,1.2700,31.5800,0.7699,0
1228,08:54:15.846,ROI,160,160,384,384,10.23,38.86,11.3,0.0,25.73,261.82,502.21,256.38,505.03,23.69,19.55,-154.30,-154.79,182.54,132.12,0.9607,12.5400,23.6900,0.6100,34.3400,0.7754,0
1229,08:54:15.975,ROI,160,160,384,384,9.76,122.62,6.6,0.0,8.16,260.88,502.65,255.07,505.69,26.28,20.92,-153.40,-154.39,187.90,133.30,0.9629,12.2200,26.2800,0.0000,0.0000,0.7690,0
1230,08:54:16.022,ROI,160,160,384,384,18.22,46.80,21.95,0.0,21.37,260.43,503.39,254.39,506.08,25.13,22.20,-150.45,-153.48,189.41,134.06,0.9811,12.4000,25.1300,0.0000,0.0000,0.7725,0
1231,08:54:16.088,ROI,160,160,384,384,9.17,50.01,8.4,0.0,20.00,259.26,502.90,253.81,506.28,26.06,23.53,-160.44,-154.90,186.50,134.62,0.9776,12.4500,26.0600,0.0000,0.0000,0.7697,0
1232,08:54:16.150,ROI,160,160,384,384,9.05,55.03,7.5,0.0,18.17,258.71,503.99,254.11,506.21,25.10,24.40,13.84,-110.51,185.54,136.01,0.9784,13.5700,25.1000,0.0000,0.0000,0.7818,0
1233,08:54:16.198,ROI,160,160,384,384,8.99,40.95,0.0,0.0,24.42,258.74,504.32,254.51,506.11,24.78,24.74,14.57,-71.92,183.72,135.86,0.9854,12.3400,24.7800,0.0000,0.0000,0.8077,0
1234,08:54:16.262,ROI,160,160,384,384,10.23,58.55,14.425,0.0,17.08,258.50,503.35,255.21,505.57,27.35,26.02,37.49,-32.78,184.15,133.37,0.9791,11.7200,27.3500,0.0000,0.0000,0.7933,0
1235,08:54:16.326,ROI,160,160,384,384,8.90,54.56,14.775,0.0,18.33,259.08,504.30,256.16,505.25,24.20,26.24,18.57,-4.56,185.21,135.84,0.9757,12.8100,24.2000,0.0000,0.0000,0.8033,0
1236,08:54:16.374,ROI,160,160,384,384,9.65,42.64,10.225,0.0,23.45,259.79,503.33,257.61,504.46,24.61,26.41,28.46,21.15,185.33,132.17,0.9656,13.4200,24.6100,0.0000,0.0000,0.8036,0
1237,08:54:16.502,ROI,160,160,384,384,8.13,115.75,6.675,0.0,8.64,259.77,505.47,258.84,504.30,23.11,26.15,7.72,36.39,185.88,133.73,0.9654,12.6000,23.1100,0.0000,0.0000,0.7499,0
1238,08:54:16.552,ROI,160,160,384,384,9.04,44.38,9.525,0.0,22.53,258.06,502.36,259.93,503.24,28.11,27.28,44.26,57.81,182.50,130.44,0.9367,12.6400,28.1100,0.0000,0.0000,0.8281,0
1239,08:54:16.614,ROI,160,160,384,384,8.41,54.21,7.5,0.0,18.45,258.36,504.88,260.76,502.96,26.10,27.59,18.21,67.33,186.05,136.49,0.9374,11.9700,26.1000,0.0000,0.0000,0.7820,0
1240,08:54:16.678,ROI,160,160,384,384,8.93,58.43,14.15,0.0,17.11,258.41,503.30,261.68,502.27,27.70,28.50,37.07,78.48,184.37,133.61,0.9681,11.7700,27.7000,0.0000,0.0000,0.7997,0
1241,08:54:16.728,ROI,160,160,384,384,8.48,42.54,9.8,0.0,23.51,258.70,504.46,262.33,502.07,24.80,28.35,16.72,80.58,183.62,135.38,0.9790,12.3300,24.8000,0.0000,0.0000,0.8103,0
1242,08:54:16.790,ROI,160,160,384,384,8.27,55.56,7.35,0.0,18.00,258.53,503.23,262.87,501.69,27.96,28.97,35.21,85.18,184.49,133.37,0.9773,12.0200,27.9600,0.0000,0.0000,0.8017,0
1243,08:54:16.855,ROI,160,160,384,384,8.39,58.65,0.0,0.0,17.05,258.84,504.39,262.92,501.78,25.21,28.52,-64.92,60.09,184.34,135.55,0.9796,12.2600,25.2100,0.0000,0.0000,0.8143,0
1244,08:54:16.968,ROI,160,160,384,384,9.62,107.12,3.775,0.0,9.34,258.67,503.18,263.32,501.59,27.82,28.53,25.76,60.26,184.87,133.27,0.9794,12.1000,27.8200,0.0000,0.0000,0.8029,0
1245,08:54:17.030,ROI,160,160,384,384,9.10,54.28,0.0,0.0,18.42,258.91,504.46,263.70,501.59,24.47,27.54,-0.75,50.76,185.14,135.77,0.9786,12.5800,24.4700,0.0000,0.0000,0.8080,0
1246,08:54:17.080,ROI,160,160,384,384,8.93,43.47,0.0,0.0,23.00,258.82,503.21,263.47,501.58,27.58,27.51,177.52,87.62,185.09,133.32,0.9805,12.1000,27.5800,0.0000,0.0000,0.8030,0
1247,08:54:17.145,ROI,160,160,384,384,8.74,58.16,7.05,0.0,17.19,259.08,504.51,263.19,501.88,24.24,26.45,-133.31,130.40,185.02,135.34,0.9780,12.7900,24.2400,0.0000,0.0000,0.8081,0
1248,08:54:17.206,ROI,160,160,384,384,8.81,54.66,7.575,0.0,18.30,260.13,503.47,263.10,502.04,24.29,25.45,-119.44,169.35,185.11,131.59,0.9615,13.2600,24.2900,0.0000,0.0000,0.8096,0
1249,08:54:17.254,ROI,160,160,384,384,8.25,40.63,20.425,0.0,24.61,258.54,503.24,262.52,502.20,25.55,24.89,-164.56,189.12,187.49,134.14,0.9644,12.2700,25.5500,0.0000,0.0000,0.7617,0
1250,08:54:17.384,ROI,160,160,384,384,9.12,125.04,0.0,0.0,8.00,258.94,504.70,261.86,502.77,24.48,24.37,-139.25,210.15,184.73,136.06,0.9644,12.5700,24.4800,0.0000,0.0000,0.8095,0
1251,08:54:17.432,ROI,160,160,384,384,7.99,43.55,10.4,0.0,22.96,258.65,503.38,261.29,502.72,27.55,24.85,174.96,213.59,184.78,133.54,0.9775,11.7800,27.5500,0.0000,0.0000,0.8025,0
1252,08:54:17.497,ROI,160,160,384,384,16.49,67.42,0.0,0.0,14.83,258.86,504.51,260.91,503.14,24.16,24.44,-132.19,228.56,184.99,135.74,0.9810,12.8400,24.1600,0.0000,0.0000,0.8051,0
1253,08:54:17.560,ROI,160,160,384,384,8.21,47.45,8.625,0.0,21.08,258.70,503.38,260.50,503.03,27.68,25.05,164.51,222.26,185.02,133.30,0.9802,12.0500,27.6800,0.0000,0.0000,0.8017,0
1254,08:54:17.608,ROI,160,160,384,384,8.15,41.41,10.0,0.0,24.15,258.82,504.46,259.98,503.24,24.93,25.02,-157.32,224.63,184.51,135.58,0.9806,12.3300,24.9300,0.0000,0.0000,0.8100,0
1255,08:54:17.670,ROI,160,160,384,384,8.50,55.98,7.3,0.0,17.86,258.43,503.28,259.56,503.28,27.61,25.71,-174.86,221.60,184.46,133.15,0.9781,12.1300,27.6100,0.0000,0.0000,0.8014,0
1256,08:54:17.734,ROI,160,160,384,384,8.49,57.06,0.0,0.0,17.53,258.60,504.54,259.30,503.59,24.85,25.56,-130.02,229.70,184.49,135.70,0.9795,12.3000,24.8500,0.0000,0.0000,0.8076,0
1257,08:54:17.798,ROI,160,160,384,384,8.30,57.22,7.15,0.0,17.48,258.67,503.33,259.08,503.60,27.42,26.05,-176.09,224.46,184.54,133.15,0.9805,11.7900,27.4200,0.0000,0.0000,0.8025,0
1258,08:54:17.848,ROI,160,160,384,384,8.25,43.97,9.55,0.0,22.74,258.77,504.56,258.94,503.87,24.73,25.84,-118.17,235.27,184.03,135.36,0.9792,12.3100,24.7300,0.0000,0.0000,0.8068,0
1259,08:54:17.960,ROI,160,160,384,384,8.79,101.83,3.8,0.0,9.82,258.70,503.33,258.81,503.78,27.43,26.17,144.95,220.20,185.57,133.06,0.9738,12.0900,27.4300,0.0000,0.0000,0.7998,0
1260,08:54:18.022,ROI,160,160,384,384,8.26,54.91,7.475,0.0,18.21,258.91,504.51,258.74,503.97,24.45,25.76,-109.28,236.53,184.70,135.17,0.9780,12.5500,24.4500,0.0000,0.0000,0.8073,0
1261,08:54:18.086,ROI,160,160,384,384,8.41,56.98,14.25,0.0,17.55,259.22,503.40,258.83,503.91,27.29,26.07,34.13,292.33,186.48,132.70,0.9725,12.2800,27.2900,0.0000,0.0000,0.8043,0
1262,08:54:18.136,ROI,160,160,384,384,8.89,44.18,9.575,0.0,22.64,258.88,505.95,258.86,504.46,23.68,25.47,-86.84,295.66,185.26,132.31,0.9560,12.4200,23.6800,0.0000,0.0000,0.7327,0
1263,08:54:18.198,ROI,160,160,384,384,8.36,55.00,0.0,0.0,18.18,258.12,503.75,258.69,504.31,26.89,25.84,140.35,261.56,183.17,131.14,0.9564,12.5500,26.8900,0.0000,0.0000,0.7940,0
1264,08:54:18.264,ROI,160,160,384,384,8.24,59.35,6.875,0.0,16.85,259.49,504.68,258.93,504.51,24.12,25.21,-39.38,180.56,185.16,134.64,0.9597,12.7500,24.1200,0.0000,0.0000,0.8105,0
1265,08:54:18.326,ROI,160,160,384,384,8.36,55.43,7.35,0.0,18.04,260.34,503.95,259.32,504.41,23.95,24.88,14.31,124.22,186.67,130.78,0.9626,13.5900,23.9500,0.0000,0.0000,0.8027,0
1266,08:54:18.374,ROI,160,160,384,384,8.23,41.69,0.0,0.0,23.98,258.30,503.96,259.04,504.40,25.78,25.09,178.37,117.19,186.24,133.06,0.9617,12.5500,25.7800,0.0000,0.0000,0.7532,0
1267,08:54:18.488,ROI,160,160,384,384,7.87,106.41,3.725,0.0,9.40,259.78,504.61,259.16,504.37,24.49,25.14,16.98,70.87,185.52,135.62,0.9657,12.6700,24.4900,0.0000,0.0000,0.8164,0
1268,08:54:18.550,ROI,160,160,384,384,8.49,56.29,7.3,0.0,17.77,260.99,503.76,259.70,504.36,23.26,24.48,0.62,24.16,186.41,131.50,0.9572,13.9200,23.2600,0.0000,0.0000,0.8051,0
1269,08:54:18.678,ROI,160,160,384,384,8.59,121.16,3.3,0.0,8.25,258.56,504.22,259.53,504.27,25.85,24.74,153.83,27.62,187.39,133.56,0.9594,12.3400,25.8500,0.0000,0.0000,0.7393,0
1270,08:54:18.728,ROI,160,160,384,384,9.04,44.03,19.2,0.0,22.71,259.90,503.57,259.72,504.14,27.57,25.27,33.74,0.06,186.38,133.66,0.9762,12.0900,27.5700,0.0000,0.0000,0.8162,0
1271,08:54:18.792,ROI,160,160,384,384,9.21,57.46,7.25,0.0,17.40,259.55,506.10,259.78,504.59,23.45,24.89,-82.52,-49.64,186.48,134.11,0.9595,12.6600,23.4500,0.0000,0.0000,0.7457,0
1272,08:54:18.855,ROI,160,160,384,384,8.14,55.88,0.0,0.0,17.90,260.39,502.62,260.07,504.17,26.69,25.14,56.29,-53.65,189.60,134.04,0.9342,13.4100,26.6900,0.0000,0.0000,0.8322,0
1273,08:54:18.902,ROI,160,160,384,384,8.21,39.95,10.35,0.0,25.03,258.44,504.16,259.77,504.10,26.13,25.43,167.36,-12.90,188.33,135.22,0.9576,13.0800,26.1300,0.0000,0.0000,0.7757,0
1274,08:54:19.032,ROI,160,160,384,384,9.02,124.40,0.0,0.0,8.04,259.30,503.69,259.75,504.02,27.18,25.72,105.87,6.87,186.62,133.39,0.9775,11.9800,27.1800,0.0000,0.0000,0.8046,0
1275,08:54:19.080,ROI,160,160,384,384,8.12,40.12,10.275,0.0,24.92,259.26,506.43,259.70,504.56,24.05,25.41,-95.61,75.56,186.31,133.56,0.9581,12.0500,24.0500,0.0000,0.0000,0.7445,0
1276,08:54:19.144,ROI,160,160,384,384,8.32,57.88,7.075,0.0,17.28,260.15,502.74,259.89,504.16,26.99,25.65,64.56,-191.52,189.60,134.11,0.9302,13.3700,26.9900,0.0000,0.0000,0.8310,0
1277,08:54:19.206,ROI,160,160,384,384,8.20,55.25,14.75,0.0,18.10,258.39,503.90,259.56,504.01,25.34,25.68,155.48,-89.32,187.82,134.06,0.9648,13.3300,25.3400,0.0000,0.0000,0.7780,0
1278,08:54:19.254,ROI,160,160,384,384,8.17,41.41,10.05,0.0,24.15,259.39,504.68,259.41,504.17,24.36,25.49,-132.67,16.76,186.17,135.17,0.9780,12.7200,24.3600,0.0000,0.0000,0.8067,0
1279,08:54:19.318,ROI,160,160,384,384,15.78,65.21,14.125,0.0,15.33,260.03,504.10,259.56,504.19,25.29,25.50,-7.53,144.36,186.84,130.39,0.9582,13.9000,25.2900,0.0000,0.0000,0.8028,0
1280,08:54:19.383,ROI,160,160,384,384,8.85,50.05,0.0,0.0,19.98,260.34,503.11,259.73,503.83,26.89,26.05,64.72,630.06,189.67,130.97,0.9704,13.5900,26.8900,0.0000,0.0000,0.7799,0
1281,08:54:19.430,ROI,160,160,384,384,8.98,40.01,10.625,0.0,24.99,258.15,503.74,259.32,503.78,25.05,25.79,174.11,408.62,186.07,132.65,0.9649,12.6600,25.0500,0.0000,0.0000,0.7570,0
1282,08:54:19.560,ROI,160,160,384,384,8.27,122.21,0.0,0.0,8.18,259.22,504.56,259.22,503.87,24.37,25.67,-138.09,892.49,185.95,134.62,0.9742,12.7100,24.3700,0.0000,0.0000,0.8057,0
1283,08:54:19.606,ROI,160,160,384,384,8.19,39.48,0.0,0.0,25.33,260.01,503.88,259.35,503.87,24.85,25.40,1.23,675.80,185.98,130.01,0.9578,13.5100,24.8500,0.0000,0.0000,0.8027,0
1284,08:54:19.672,ROI,160,160,384,384,10.78,62.33,6.85,0.0,16.04,258.01,504.01,258.93,503.82,25.16,25.45,173.07,835.21,186.77,132.36,0.9615,12.5000,25.1600,0.0000,0.0000,0.7490,0
1285,08:54:19.734,ROI,160,160,384,384,8.31,49.43,0.0,0.0,20.23,259.58,503.33,259.01,503.70,27.42,25.86,54.59,934.77,187.01,132.41,0.9733,12.5100,27.4200,0.0000,0.0000,0.8075,0
1286,08:54:19.784,ROI,160,160,384,384,8.82,43.41,9.55,0.0,23.04,258.90,505.88,258.91,504.18,24.53,25.67,-102.46,964.74,185.93,132.43,0.9553,12.1600,24.5300,0.0000,0.0000,0.7422,0
1287,08:54:19.846,ROI,160,160,384,384,8.26,55.46,7.375,0.0,18.03,258.38,503.56,258.69,504.09,26.97,25.90,158.85,955.80,183.84,130.87,0.9546,12.6700,26.9700,0.0000,0.0000,0.7998,0
1288,08:54:19.958,ROI,160,160,384,384,8.29,104.88,3.8,0.0,9.54,259.15,504.49,258.70,504.17,24.83,25.75,-77.47,1322.21,186.12,134.57,0.9606,12.4800,24.8300,0.0000,0.0000,0.8066,0
