frame_id,timestamp,mode,input_width,input_height,roi_w,roi_h,inf_time_ms,end_to_end_time_ms,cpu_load_pct,end_to_end_cpu_load_pct,fps,x_center,y_center,smooth_x,smooth_y,smooth_x2,smooth_y2,raw_angle,raw_angle_smooth,smooth_angle,smooth_angle_smooth,smooth_angle2,smooth_angle2_smooth,width,height,iou_prev_bbox,group1_magnitude,group1_angle,group2_magnitude,group2_angle,best_conf,tracking_lost
106,09:29:14.121,ROI,160,160,224,224,10.230000,41.090000,0.000000,35.825000,24.340000,634.940000,72.180000,634.990000,72.150000,634.990000,72.150000,-3.960000,-3.960000,0.000000,0.000000,0.000000,0.000000,99.710000,63.270000,0.984000,12.930000,-3.960000,0.000000,0.000000,0.760400,0
107,09:29:14.188,ROI,160,160,224,224,9.610000,63.810000,0.000000,0.000000,15.670000,635.010000,72.160000,634.990000,72.160000,634.990000,72.160000,-3.980000,-3.980000,-90.000000,-90.000000,-90.000000,-90.000000,99.600000,63.270000,0.997700,12.890000,-3.980000,0.000000,0.000000,0.756500,0
108,09:29:14.248,ROI,160,160,224,224,9.690000,52.460000,0.000000,0.000000,19.060000,634.990000,72.170000,634.990000,72.160000,634.990000,72.160000,-4.490000,-4.490000,0.000000,0.000000,0.000000,0.000000,100.230000,64.090000,0.980900,13.010000,-4.490000,0.000000,0.000000,0.761600,0
109,09:29:14.296,ROI,160,160,224,224,18.680000,51.380000,0.000000,19.950000,19.460000,635.160000,72.170000,635.070000,72.160000,635.070000,72.160000,-3.940000,-3.940000,-0.000000,-0.000000,-0.000000,-0.000000,99.460000,63.450000,0.982300,12.780000,-3.940000,0.000000,0.000000,0.766700,0
110,09:29:14.423,ROI,160,160,224,224,8.440000,110.360000,3.650000,0.000000,9.060000,635.180000,72.160000,635.130000,72.160000,635.130000,72.160000,-4.240000,-4.240000,-0.000000,-0.000000,-0.000000,-0.000000,99.820000,64.150000,0.985500,12.750000,-4.240000,0.000000,0.000000,0.772200,0
111,09:29:14.471,ROI,160,160,224,224,8.510000,42.460000,19.850000,0.000000,23.550000,634.960000,72.180000,635.090000,72.170000,635.090000,72.170000,-4.480000,-4.480000,-165.963757,-165.963757,-165.963757,-165.963757,100.000000,64.090000,0.994700,12.840000,-4.480000,0.000000,0.000000,0.757500,0
112,09:29:14.536,ROI,160,160,224,224,8.560000,57.560000,14.200000,0.000000,17.370000,634.940000,72.210000,635.030000,72.190000,635.030000,72.190000,-3.960000,-3.960000,-161.565051,-161.565051,-161.565051,-161.565051,99.550000,63.390000,0.984600,12.760000,-3.960000,0.000000,0.000000,0.757700,0
113,09:29:14.602,ROI,160,160,224,224,15.700000,62.960000,13.650000,47.600000,15.880000,634.880000,72.200000,634.960000,72.200000,634.960000,72.200000,-3.860000,-3.860000,-171.869898,-171.869898,-171.869898,-171.869898,99.650000,63.320000,0.997800,12.820000,-3.860000,0.000000,0.000000,0.761800,0
114,09:29:14.648,ROI,160,160,224,224,11.440000,33.480000,0.000000,32.525000,29.870000,634.880000,72.210000,634.920000,72.220000,634.920000,72.220000,-4.160000,-4.160000,-153.434949,-153.434949,-153.434949,-153.434949,99.610000,63.280000,0.998900,12.840000,-4.160000,0.000000,0.000000,0.754300,0
115,09:29:14.712,ROI,160,160,224,224,11.240000,55.300000,0.000000,0.000000,18.080000,635.110000,72.180000,634.990000,72.210000,634.990000,72.210000,-4.020000,-4.020000,8.130102,8.130102,8.130102,8.130102,99.460000,63.340000,0.994600,12.650000,-4.020000,0.000000,0.000000,0.759800,0
116,09:29:14.824,ROI,160,160,224,224,10.900000,103.840000,0.000000,33.625000,9.630000,635.100000,72.160000,635.030000,72.190000,635.030000,72.190000,-4.420000,-4.420000,26.565051,26.565051,26.565051,26.565051,99.720000,64.050000,0.986200,12.560000,-4.420000,0.000000,0.000000,0.764000,0
117,09:29:14.889,ROI,160,160,224,224,7.810000,55.550000,7.300000,0.000000,18.000000,635.070000,72.180000,635.050000,72.190000,635.050000,72.190000,-4.340000,-4.340000,-0.000000,-0.000000,-0.000000,-0.000000,99.850000,64.060000,0.997900,12.590000,-4.340000,0.000000,0.000000,0.762500,0
118,09:29:14.951,ROI,160,160,224,224,7.750000,55.950000,0.000000,0.000000,17.870000,634.960000,72.210000,635.010000,72.200000,635.010000,72.200000,-4.570000,-4.570000,-165.963757,-165.963757,-165.963757,-165.963757,99.900000,63.950000,0.996000,12.740000,-4.570000,0.000000,0.000000,0.757300,0
119,09:29:15.001,ROI,160,160,224,224,8.220000,44.470000,9.425000,0.000000,22.480000,634.990000,72.210000,634.990000,72.210000,634.990000,72.210000,-3.850000,-3.850000,-153.434949,-153.434949,-153.434949,-153.434949,99.330000,63.220000,0.982900,12.810000,-3.850000,0.000000,0.000000,0.759300,0
120,09:29:15.065,ROI,160,160,224,224,7.840000,58.100000,7.025000,0.000000,17.210000,634.950000,72.210000,634.970000,72.220000,634.970000,72.220000,-3.760000,-3.760000,-153.434949,-153.434949,-153.434949,-153.434949,99.570000,63.310000,0.996300,12.770000,-3.760000,0.000000,0.000000,0.761500,0
121,09:29:15.128,ROI,160,160,224,224,8.690000,58.010000,7.175000,0.000000,17.240000,635.110000,72.230000,635.020000,72.230000,635.020000,72.230000,-3.670000,-3.670000,-11.309932,-11.309932,-11.309932,-11.309932,99.290000,63.310000,0.996500,12.640000,-3.670000,0.000000,0.000000,0.766600,0
122,09:29:15.176,ROI,160,160,224,224,8.350000,42.230000,9.975000,0.000000,23.680000,635.040000,72.180000,635.040000,72.210000,635.040000,72.210000,-4.100000,-4.100000,45.000000,45.000000,45.000000,45.000000,99.740000,64.080000,0.983500,12.820000,-4.100000,0.000000,0.000000,0.777300,0
123,09:29:15.305,ROI,160,160,224,224,7.710000,121.440000,0.000000,0.000000,8.230000,634.940000,72.180000,635.000000,72.200000,635.000000,72.200000,-4.170000,-4.170000,165.963757,165.963757,165.963757,165.963757,99.850000,64.010000,0.996900,12.870000,-4.170000,0.000000,0.000000,0.763600,0
124,09:29:15.354,ROI,160,160,224,224,8.400000,44.040000,9.550000,0.000000,22.710000,635.270000,72.280000,635.110000,72.230000,635.110000,72.230000,-4.210000,-4.210000,-15.255119,-15.255119,-15.255119,-15.255119,98.840000,63.310000,0.979100,12.890000,-4.210000,0.000000,0.000000,0.743500,0
125,09:29:15.415,ROI,160,160,224,224,14.050000,60.870000,0.000000,0.000000,16.430000,635.910000,72.320000,635.460000,72.280000,635.460000,72.280000,-3.970000,-3.970000,-8.130102,-8.130102,-8.130102,-8.130102,99.650000,63.900000,0.978200,13.330000,-3.970000,0.000000,0.000000,0.755900,0
126,09:29:15.479,ROI,160,160,224,224,8.440000,52.330000,0.000000,43.350000,19.110000,636.790000,72.670000,636.100000,72.450000,636.100000,72.450000,-3.750000,-3.750000,-14.875682,-14.875682,-14.875682,-14.875682,98.990000,63.780000,0.971800,12.840000,-3.750000,0.000000,0.000000,0.771700,0
127,09:29:15.528,ROI,160,160,224,224,8.610000,42.810000,0.000000,0.000000,23.360000,637.850000,72.880000,637.030000,72.670000,637.030000,72.670000,-3.180000,-3.180000,-13.309179,-13.309179,-13.309179,-13.309179,99.110000,63.850000,0.972500,12.090000,-3.180000,0.000000,0.000000,0.771100,0
128,09:29:15.593,ROI,160,160,224,224,8.330000,58.840000,7.000000,0.000000,16.990000,638.900000,72.860000,638.160000,72.820000,638.160000,72.820000,-3.770000,-3.770000,-7.561428,-7.561428,-7.561428,-7.561428,98.660000,62.970000,0.965500,11.660000,-3.770000,0.000000,0.000000,0.738600,0
129,09:29:15.657,ROI,160,160,224,224,9.110000,58.650000,0.000000,0.000000,17.050000,640.530000,73.300000,639.640000,73.110000,638.023573,72.808265,-3.780000,-3.598612,-11.086413,471.812428,175.083865,416.387489,98.660000,63.320000,0.954100,11.980000,-3.780000,0.000000,0.000000,0.760800,0
130,09:29:15.703,ROI,160,160,224,224,7.790000,39.020000,0.000000,0.000000,25.630000,641.180000,73.430000,640.960000,73.380000,639.376562,73.070123,-3.660000,-3.578519,-11.560131,484.105366,-10.953612,437.966446,100.060000,64.570000,0.967000,12.110000,-3.660000,0.000000,0.000000,0.750800,0
131,09:29:15.831,ROI,160,160,224,224,8.700000,123.540000,0.000000,0.000000,8.090000,645.160000,73.780000,643.530000,73.710000,641.282900,73.384650,-2.240000,-3.124973,-7.317007,495.038446,-9.368831,456.637639,98.910000,64.460000,0.913400,11.930000,-2.240000,0.000000,0.000000,0.813700,0
132,09:29:15.879,ROI,160,160,224,224,7.800000,40.510000,10.250000,0.000000,24.680000,645.630000,73.990000,645.570000,74.030000,643.462131,73.736977,-1.990000,-2.622096,-8.914927,484.967476,-9.183822,454.314347,100.000000,64.750000,0.982700,12.660000,-1.990000,0.000000,0.000000,0.791400,0
133,09:29:15.945,ROI,160,160,224,224,7.800000,59.880000,6.800000,0.000000,16.700000,649.890000,74.730000,648.710000,74.540000,646.181123,74.176908,-2.170000,-2.325477,-9.225442,463.739153,-9.190762,440.270425,97.340000,64.580000,0.897300,12.220000,-2.170000,0.000000,0.000000,0.816900,0
134,09:29:16.007,ROI,160,160,224,224,8.270000,57.640000,0.000000,43.600000,17.350000,650.330000,74.230000,651.060000,74.670000,649.063735,74.563796,-2.820000,-2.281692,-3.166327,434.750977,-7.644247,416.350842,99.790000,63.950000,0.960600,12.880000,-2.820000,0.000000,0.000000,0.806400,0
135,09:29:16.055,ROI,160,160,224,224,7.810000,40.440000,0.000000,0.000000,24.730000,654.840000,74.660000,654.440000,74.910000,652.378015,74.933819,-3.740000,-2.531523,-4.061523,417.563257,-6.370410,404.482497,97.100000,63.780000,0.900500,11.720000,-3.740000,0.000000,0.000000,0.767300,0
136,09:29:16.119,ROI,160,160,224,224,15.060000,65.990000,0.000000,0.000000,15.150000,655.120000,75.000000,656.770000,75.180000,655.677746,75.291992,-3.500000,-2.736923,-6.609944,398.411374,-6.194982,390.946993,99.760000,63.980000,0.963200,12.840000,-3.500000,0.000000,0.000000,0.804300,0
137,09:29:16.183,ROI,160,160,224,224,7.920000,45.870000,16.425000,0.000000,21.800000,659.160000,75.280000,659.840000,75.450000,659.155069,75.635181,-6.000000,-3.749538,-5.026110,382.415496,-5.636456,379.517733,99.930000,63.200000,0.911400,12.440000,-6.000000,0.000000,0.000000,0.753600,0
138,09:29:16.231,ROI,160,160,224,224,9.040000,43.830000,0.000000,0.000000,22.820000,659.350000,75.680000,661.800000,75.770000,662.378146,75.975054,-6.090000,-4.622412,-9.272602,366.434116,-6.019587,368.667172,98.910000,63.780000,0.977300,13.880000,-6.090000,0.000000,0.000000,0.797700,0
139,09:29:16.360,ROI,160,160,224,224,7.980000,121.260000,0.000000,0.000000,8.250000,665.650000,76.410000,665.460000,76.260000,665.870035,76.364527,-8.300000,-6.078019,-7.625403,335.966198,-6.364267,341.822923,101.260000,64.670000,0.862800,14.490000,-8.300000,0.000000,0.000000,0.713300,0
140,09:29:16.407,ROI,160,160,224,224,7.970000,40.980000,10.150000,0.000000,24.400000,667.940000,76.940000,668.720000,76.780000,669.416085,76.802838,-6.620000,-6.705973,-9.062856,303.309801,-7.046337,312.275699,99.570000,65.460000,0.940300,14.730000,-6.620000,0.000000,0.000000,0.784400,0
141,09:29:16.471,ROI,160,160,224,224,8.230000,58.550000,7.025000,0.000000,17.080000,668.850000,77.170000,671.020000,77.220000,672.657773,77.251158,-7.390000,-7.435785,-10.830080,274.646586,-7.873949,286.231243,99.400000,65.740000,0.975300,15.610000,-7.390000,0.000000,0.000000,0.779400,0
142,09:29:16.535,ROI,160,160,224,224,7.970000,56.810000,7.025000,0.000000,17.600000,671.390000,77.660000,673.240000,77.680000,675.585562,77.709250,-9.060000,-8.487050,-11.706437,270.088068,-8.892605,283.414711,99.270000,66.750000,0.936100,16.450000,-9.060000,0.000000,0.000000,0.830700,0
143,09:29:16.584,ROI,160,160,224,224,8.020000,42.860000,9.725000,0.000000,23.330000,674.850000,78.340000,675.790000,78.240000,678.325992,78.203885,-8.830000,-9.287888,-12.385985,275.412780,-10.231454,289.458605,100.270000,66.950000,0.914600,16.580000,-8.830000,0.000000,0.000000,0.831500,0
144,09:29:16.647,ROI,160,160,224,224,7.930000,56.650000,7.200000,0.000000,17.650000,676.100000,78.150000,677.660000,78.520000,680.676704,78.637169,-7.620000,-9.505181,-8.515782,295.149798,-10.443576,307.845895,100.480000,66.780000,0.969800,16.670000,-7.620000,0.000000,0.000000,0.815200,0
145,09:29:16.711,ROI,160,160,224,224,9.560000,59.920000,7.025000,0.000000,16.690000,679.190000,78.250000,679.830000,78.680000,682.784508,78.978988,-9.760000,-10.293108,-4.216943,313.394837,-9.211376,323.217963,100.230000,66.920000,0.937600,15.680000,-9.760000,0.440000,-0.410000,0.816300,0
146,09:29:16.823,ROI,160,160,224,224,7.950000,104.860000,3.825000,0.000000,9.540000,684.380000,80.290000,683.110000,79.580000,685.055758,79.484500,-12.570000,-11.706804,-15.343766,331.988501,-12.547781,341.030141,100.450000,67.790000,0.851100,16.020000,-12.570000,0.000000,0.000000,0.923500,0
147,09:29:16.888,ROI,160,160,224,224,8.730000,59.550000,7.000000,0.000000,16.790000,686.000000,80.990000,685.780000,80.480000,687.303435,80.130985,-13.300000,-12.987308,-18.627863,-14.908798,-16.046477,-7.536237,100.630000,68.120000,0.948700,16.730000,-13.300000,0.000000,0.000000,0.917100,0
148,09:29:16.935,ROI,160,160,224,224,7.970000,39.800000,0.000000,0.000000,25.130000,689.040000,81.690000,688.560000,81.390000,689.590685,80.898300,-13.270000,-13.887638,-18.125245,-16.831093,-18.545320,-12.881805,100.030000,67.910000,0.922600,17.490000,-13.270000,0.000000,0.000000,0.922100,0
149,09:29:16.999,ROI,160,160,224,224,23.680000,74.880000,6.950000,63.700000,13.360000,690.400000,82.220000,690.750000,82.210000,691.744881,81.738296,-19.210000,-16.381392,-20.527369,-19.750425,-21.302544,-19.967894,100.880000,67.800000,0.958300,18.110000,-19.210000,0.000000,0.000000,0.883900,0
150,09:29:17.063,ROI,160,160,224,224,19.850000,52.470000,9.875000,18.875000,19.060000,693.250000,82.820000,693.120000,82.970000,693.864188,82.607181,-16.640000,-17.486427,-17.779752,-20.461384,-22.292899,-26.650751,102.590000,67.280000,0.929300,16.400000,-16.640000,0.000000,0.000000,0.912400,0
151,09:29:17.111,ROI,160,160,224,224,11.620000,32.460000,14.500000,0.000000,30.810000,694.160000,82.500000,694.870000,83.310000,695.777758,83.356427,-19.730000,-19.253008,-10.994777,-18.637265,-21.382519,-33.092383,101.960000,67.610000,0.973000,18.170000,-19.730000,0.000000,0.000000,0.880300,0
152,09:29:17.240,ROI,160,160,224,224,18.660000,129.350000,3.350000,0.000000,7.730000,700.240000,84.490000,698.290000,84.270000,698.083631,84.206346,-20.630000,-20.748608,-15.679524,-18.886536,-20.233327,320.121893,97.570000,69.410000,0.838300,18.460000,-20.630000,0.000000,0.000000,0.901200,0
153,09:29:17.287,ROI,160,160,224,224,8.460000,28.530000,14.375000,0.000000,35.050000,704.070000,85.360000,702.050000,85.240000,700.844835,85.127335,-23.890000,-22.791181,-14.465685,-18.145325,-18.445914,-24.237696,97.520000,68.490000,0.902300,17.590000,-23.890000,0.000000,0.000000,0.882400,0
154,09:29:17.351,ROI,160,160,224,224,8.440000,57.960000,7.100000,0.000000,17.250000,704.170000,85.930000,704.490000,86.070000,703.635885,86.058954,-20.940000,-23.310865,-18.786452,-18.513444,-18.458395,-23.707737,99.500000,69.800000,0.961700,18.530000,-20.940000,0.000000,0.000000,0.905200,0
155,09:29:17.415,ROI,160,160,224,224,7.940000,56.950000,7.125000,0.000000,17.560000,706.240000,86.510000,706.750000,86.790000,706.302746,86.951069,-22.270000,-24.071277,-17.671050,-18.615237,-18.496058,-23.066621,98.130000,69.780000,0.943600,18.700000,-22.270000,0.000000,0.000000,0.888300,0
156,09:29:17.463,ROI,160,160,224,224,8.440000,42.730000,9.850000,0.000000,23.400000,709.860000,87.710000,709.510000,87.710000,709.094423,87.866646,-26.610000,-25.939585,-18.434949,-18.575642,-18.157765,-22.109789,96.750000,71.990000,0.898500,17.490000,-26.610000,0.000000,0.000000,0.856800,0
157,09:29:17.527,ROI,160,160,224,224,7.820000,56.870000,7.100000,0.000000,17.580000,710.540000,87.950000,711.450000,88.360000,711.629146,88.685231,-24.280000,-26.595358,-18.523505,-18.276205,-17.897776,-20.898415,98.690000,71.550000,0.974100,17.700000,-24.280000,0.000000,0.000000,0.882500,0
158,09:29:17.592,ROI,160,160,224,224,19.110000,70.620000,6.925000,0.000000,14.160000,714.350000,89.250000,714.030000,89.220000,714.228573,89.519496,-26.650000,-27.687792,-18.434949,-18.476220,-17.793620,-19.724205,97.970000,71.760000,0.893500,18.030000,-26.650000,0.000000,0.000000,0.865200,0
159,09:29:17.639,ROI,160,160,224,224,8.320000,25.560000,0.000000,0.000000,39.130000,715.160000,89.010000,715.880000,89.640000,716.543550,90.218369,-24.220000,-27.587746,-12.790879,-16.817803,-16.798647,-18.369837,97.550000,70.110000,0.961100,17.560000,-24.220000,0.000000,0.000000,0.881500,0
160,09:29:17.767,ROI,160,160,224,224,8.160000,120.920000,3.300000,0.000000,8.270000,719.420000,90.820000,718.470000,90.550000,718.951496,90.958727,-26.600000,-28.155831,-19.358994,-17.306254,-17.090799,-17.250439,97.440000,71.920000,0.872600,19.030000,-26.600000,0.000000,0.000000,0.898500,0
161,09:29:17.815,ROI,160,160,224,224,8.320000,42.320000,9.925000,0.000000,23.630000,722.430000,92.740000,721.440000,91.900000,721.488704,91.879115,-28.700000,-28.924146,-24.443955,-19.573282,-19.938567,-17.260592,96.260000,71.510000,0.892200,17.690000,-28.700000,0.000000,0.000000,0.878100,0
162,09:29:17.879,ROI,160,160,224,224,9.360000,59.530000,7.050000,0.000000,16.800000,725.580000,94.050000,724.420000,93.340000,724.256265,92.979681,-34.910000,-31.383400,-25.790831,-21.544628,-21.686038,-17.847050,93.420000,72.240000,0.903200,16.760000,-34.910000,0.000000,0.000000,0.832900,0
163,09:29:17.943,ROI,160,160,192,192,7.990000,56.090000,7.250000,0.000000,17.830000,727.420000,94.850000,727.200000,94.670000,726.980558,94.179246,-31.580000,-31.985677,-25.567257,-23.290644,-23.764941,-19.068573,93.880000,71.980000,0.940900,15.490000,-31.580000,0.000000,0.000000,0.842400,0
164,09:29:17.991,ROI,160,160,192,192,7.870000,38.260000,10.025000,0.000000,26.140000,728.370000,95.870000,729.090000,95.880000,729.376838,95.414208,-33.560000,-33.106931,-32.627845,-26.889389,-27.265037,-21.273853,94.010000,72.060000,0.953000,16.070000,-33.560000,0.000000,0.000000,0.835300,0
165,09:29:18.056,ROI,160,160,192,192,9.170000,60.420000,6.900000,0.000000,16.550000,730.630000,97.190000,731.230000,97.170000,731.653019,96.706788,-35.370000,-34.439877,-31.081730,-29.197614,-29.591057,-23.926910,94.010000,72.440000,0.919600,16.210000,-35.370000,0.000000,0.000000,0.832100,0
166,09:29:18.119,ROI,160,160,192,192,9.170000,56.920000,7.325000,0.000000,17.570000,732.320000,97.970000,732.930000,98.290000,733.707062,97.988669,-35.660000,-35.365508,-33.377832,-31.652573,-31.967343,-26.942882,94.960000,72.700000,0.944600,15.070000,-35.660000,0.000000,0.000000,0.833500,0
167,09:29:18.168,ROI,160,160,192,192,38.080000,72.090000,10.000000,0.000000,13.870000,735.710000,99.600000,735.330000,99.600000,735.774762,99.307677,-38.190000,-36.861185,-28.627183,-31.954770,-32.534234,-29.623308,95.720000,74.660000,0.892200,14.290000,-38.190000,0.670000,-36.110000,0.783800,0
168,09:29:18.279,ROI,160,160,192,192,9.440000,74.160000,5.425000,0.000000,13.480000,738.650000,101.180000,737.700000,101.050000,737.933592,100.731796,-38.780000,-38.410015,-31.458893,-33.395196,-33.411700,-32.213597,95.650000,75.910000,0.902800,14.370000,-38.780000,1.170000,-36.860000,0.782300,0
169,09:29:18.346,ROI,160,160,192,192,17.760000,69.890000,0.000000,0.000000,14.310000,742.320000,104.340000,740.950000,103.280000,740.456869,102.519835,-46.210000,-41.904619,-34.456116,-36.149356,-35.322058,-35.255021,97.520000,79.090000,0.856500,12.680000,-46.210000,0.880000,-51.780000,0.813700,0
170,09:29:18.408,ROI,160,160,224,224,9.910000,46.540000,9.175000,0.000000,21.490000,744.030000,103.540000,743.790000,104.450000,743.049238,104.204923,-33.840000,-40.593692,-22.390281,-33.589664,-33.024621,-36.872564,97.620000,75.250000,0.919400,17.480000,-33.840000,0.000000,0.000000,0.798700,0
171,09:29:18.472,ROI,160,160,224,224,12.390000,60.410000,7.250000,0.000000,16.550000,745.890000,104.310000,746.200000,105.390000,745.605169,105.711142,-34.500000,-39.566638,-21.307847,-30.500843,-30.510998,-37.064154,97.440000,75.210000,0.943400,16.420000,-34.500000,0.480000,-32.450000,0.768800,0
172,09:29:18.519,ROI,160,160,224,224,13.400000,39.980000,11.600000,0.000000,25.010000,746.890000,105.880000,747.990000,106.520000,747.913750,107.108308,-35.140000,-38.930165,-32.263600,-31.146920,-31.182550,-37.040644,97.020000,76.580000,0.940400,16.300000,-35.140000,0.600000,-32.480000,0.786000,0
173,09:29:18.583,ROI,160,160,224,224,14.820000,57.400000,7.850000,0.000000,17.420000,749.400000,108.850000,750.030000,108.400000,750.155996,108.647104,-37.280000,-38.465554,-42.662694,-34.444655,-34.460812,-37.521427,96.470000,78.580000,0.881100,15.240000,-37.280000,0.630000,-36.050000,0.761100,0
174,09:29:18.647,ROI,160,160,224,224,10.120000,51.370000,8.075000,0.000000,19.470000,750.920000,110.040000,751.630000,110.000000,752.203385,110.211269,-41.880000,-39.755492,-45.000000,-37.881638,-37.379131,-38.379434,95.610000,80.720000,0.940900,14.230000,-41.880000,0.000000,0.000000,0.795100,0
175,09:29:18.695,ROI,160,160,192,192,13.190000,45.460000,10.375000,0.000000,22.000000,754.030000,111.140000,753.670000,111.310000,754.323215,111.747477,-44.600000,-41.424735,-32.706827,-37.370446,-35.930247,-38.318133,92.320000,79.550000,0.911100,14.760000,-44.600000,0.000000,0.000000,0.837900,0
176,09:29:18.824,ROI,160,160,192,192,9.380000,117.000000,0.000000,0.000000,8.550000,758.060000,113.100000,756.740000,112.950000,756.683481,113.305285,-43.880000,-42.481400,-28.111220,-34.950825,-33.425361,-37.200903,91.670000,78.860000,0.873700,14.770000,-43.880000,0.000000,0.000000,0.817600,0
177,09:29:18.872,ROI,160,160,192,192,8.450000,40.710000,10.250000,0.000000,24.560000,758.910000,113.430000,759.000000,114.070000,758.912185,114.701150,-41.890000,-42.322869,-26.361876,-32.404120,-32.059434,-35.703617,91.520000,77.440000,0.963900,14.730000,-41.890000,0.000000,0.000000,0.815800,0
178,09:29:18.936,ROI,160,160,192,192,8.040000,57.630000,0.000000,0.000000,17.350000,761.550000,115.220000,761.480000,115.410000,761.200665,116.035642,-46.930000,-44.029996,-28.383354,-30.428691,-30.247941,-33.652905,89.640000,77.680000,0.902000,13.940000,-46.930000,0.000000,0.000000,0.800000,0
179,09:29:19.000,ROI,160,160,192,192,8.120000,58.300000,0.000000,0.000000,17.150000,761.830000,116.740000,762.970000,116.800000,763.247481,117.346046,-52.790000,-47.252835,-43.011362,-33.490786,-32.628020,-32.528703,88.840000,79.460000,0.953700,14.680000,-52.790000,0.000000,0.000000,0.818600,0
180,09:29:19.048,ROI,160,160,192,192,8.370000,42.180000,0.000000,0.000000,23.710000,763.640000,118.020000,764.440000,118.140000,765.034608,118.602758,-52.380000,-49.356208,-42.351194,-35.797288,-35.114970,-32.331422,89.240000,78.800000,0.930200,14.030000,-52.380000,0.000000,0.000000,0.800600,0
181,09:29:19.110,ROI,160,160,192,192,9.990000,57.890000,7.350000,0.000000,17.270000,765.960000,120.380000,765.870000,119.750000,766.680731,119.934146,-50.770000,-50.756481,-48.388557,-39.669534,-38.966019,-33.424009,87.730000,78.910000,0.895000,12.620000,-50.770000,0.450000,-45.860000,0.754300,0
182,09:29:19.224,ROI,160,160,192,192,9.470000,107.590000,0.000000,0.000000,9.290000,768.940000,122.830000,768.080000,121.840000,768.413419,121.473831,-57.610000,-53.836935,-43.401463,-41.387201,-41.624618,-35.280958,86.120000,79.210000,0.879400,14.390000,-57.610000,0.000000,0.000000,0.862100,0
183,09:29:19.288,ROI,160,160,192,192,9.510000,57.780000,7.275000,0.000000,17.310000,769.580000,123.150000,769.900000,123.330000,770.190081,123.062512,-52.090000,-54.905931,-39.306546,-42.308466,-41.802904,-37.168916,86.740000,78.050000,0.970800,14.220000,-52.090000,0.290000,-45.550000,0.826200,0
184,09:29:19.352,ROI,160,160,192,192,8.920000,57.540000,7.275000,0.000000,17.380000,771.520000,125.350000,771.590000,125.120000,771.915450,124.765315,-54.700000,-56.459454,-46.645977,-45.088588,-44.622865,-39.891411,86.590000,78.720000,0.905200,14.020000,-54.700000,0.000000,0.000000,0.841000,0
185,09:29:19.400,ROI,160,160,192,192,8.220000,41.180000,20.350000,0.000000,24.280000,772.340000,126.540000,772.840000,126.690000,773.417504,126.456642,-55.720000,-57.901008,-51.473956,-48.567544,-48.391978,-43.368603,86.470000,82.150000,0.940500,15.100000,-55.720000,0.000000,0.000000,0.833800,0
186,09:29:19.466,ROI,160,160,192,192,14.650000,66.320000,6.900000,25.350000,15.080000,774.400000,129.580000,774.450000,128.930000,774.829900,128.335708,-60.620000,-59.924688,-54.293309,-52.221163,-53.069711,-47.822566,84.770000,81.440000,0.886200,14.200000,-60.620000,0.000000,0.000000,0.863100,0
187,09:29:19.528,ROI,160,160,192,192,8.540000,50.460000,16.450000,42.200000,19.820000,775.980000,130.220000,775.850000,130.580000,776.104958,130.187181,-59.720000,-61.472904,-49.685900,-53.780369,-55.445903,-52.272891,84.350000,81.010000,0.948300,15.020000,-59.720000,0.000000,0.000000,0.856200,0
188,09:29:19.576,ROI,160,160,192,192,9.320000,42.470000,0.000000,0.000000,23.550000,777.470000,133.120000,777.330000,132.790000,777.387427,132.201992,-61.230000,-62.929485,-56.190442,-56.237217,-57.522403,-56.359630,85.280000,83.180000,0.900600,14.360000,-61.230000,0.000000,0.000000,0.860600,0
189,09:29:19.704,ROI,160,160,192,192,8.160000,120.370000,0.000000,0.000000,8.310000,780.060000,136.290000,779.040000,135.350000,778.753492,134.455854,-65.320000,-65.088350,-56.258315,-58.085338,-58.779948,-59.841651,84.040000,83.210000,0.873600,14.000000,-65.320000,0.000000,0.000000,0.833500,0
190,09:29:19.752,ROI,160,160,192,192,8.440000,42.730000,9.925000,0.000000,23.400000,781.260000,136.800000,780.660000,137.210000,780.239950,136.703277,-66.140000,-66.916958,-48.945186,-56.639973,-56.519136,-61.548410,82.700000,81.310000,0.949600,13.770000,-66.140000,0.000000,0.000000,0.852600,0
191,09:29:19.818,ROI,160,160,192,192,16.660000,67.830000,6.900000,22.425000,14.740000,782.370000,139.050000,782.150000,139.270000,781.748996,138.989035,-69.180000,-68.903846,-54.121748,-57.151777,-56.567401,-62.577794,81.890000,82.870000,0.922400,13.640000,-69.180000,0.000000,0.000000,0.829800,0
192,09:29:19.880,ROI,160,160,192,192,10.570000,50.280000,8.700000,0.000000,19.890000,783.090000,139.110000,783.430000,140.550000,783.227062,141.036465,-67.420000,-69.618069,-45.000000,-54.093119,-54.174020,-62.181700,83.290000,82.060000,0.973100,14.420000,-67.420000,1.490000,-69.070000,0.822800,0
193,09:29:19.928,ROI,160,160,192,192,9.010000,40.080000,21.200000,0.000000,24.950000,784.160000,141.600000,784.630000,142.200000,784.556962,142.893665,-69.570000,-69.638969,-53.972627,-53.674558,-54.394383,-61.246929,82.430000,83.200000,0.918100,14.480000,-69.570000,0.000000,0.000000,0.822400,0
194,09:29:19.992,ROI,160,160,192,192,9.200000,58.500000,7.150000,0.000000,17.090000,785.280000,142.090000,785.670000,143.280000,785.722046,144.487808,-71.310000,-71.011312,-46.080924,-51.864705,-53.838664,-60.043918,81.490000,82.180000,0.961200,14.360000,-71.310000,0.000000,0.000000,0.816000,0
195,09:29:20.054,ROI,160,160,192,192,8.530000,55.520000,7.475000,0.000000,18.010000,785.950000,143.250000,786.460000,144.250000,786.696354,145.858969,-71.110000,-71.981415,-50.839492,-52.294618,-54.603501,-59.215066,81.290000,82.190000,0.956700,13.610000,-71.110000,0.000000,0.000000,0.793200,0
196,09:29:20.105,ROI,160,160,192,192,12.070000,48.850000,9.300000,0.000000,20.470000,786.510000,146.050000,786.930000,145.760000,787.478708,147.216585,-71.350000,-72.820250,-72.710814,-58.801365,-60.046417,-59.994404,83.140000,84.360000,0.914600,14.450000,-71.350000,0.000000,0.000000,0.806200,0
197,09:29:20.231,ROI,160,160,192,192,8.290000,116.140000,3.450000,0.000000,8.610000,787.980000,151.460000,787.700000,148.860000,788.192173,148.999146,-74.180000,-74.268781,-76.050766,-64.077187,-68.186378,-62.697133,81.970000,88.520000,0.853400,14.860000,-74.180000,0.000000,0.000000,0.789900,0
198,09:29:20.280,ROI,160,160,192,192,8.700000,42.950000,9.825000,0.000000,23.280000,790.130000,152.310000,789.010000,151.280000,789.091819,150.938408,-73.720000,-74.876142,-61.572328,-63.013379,-65.112862,-63.346972,76.860000,85.840000,0.909200,14.550000,-73.720000,0.000000,0.000000,0.810300,0
199,09:29:20.344,ROI,160,160,192,192,11.570000,60.620000,0.000000,0.000000,16.500000,790.040000,154.640000,789.950000,153.990000,790.017035,153.128115,-77.460000,-76.198473,-70.870208,-65.811997,-67.094524,-64.275396,76.400000,87.120000,0.942100,14.020000,-77.460000,0.000000,0.000000,0.816200,0
200,09:29:20.407,ROI,160,160,192,192,8.120000,52.470000,7.725000,0.000000,19.060000,790.310000,156.450000,790.610000,156.330000,790.762792,155.373662,-77.030000,-77.154215,-74.248826,-69.692627,-71.628401,-66.489136,79.460000,88.970000,0.923100,14.890000,-77.030000,0.000000,0.000000,0.821200,0
201,09:29:20.455,ROI,160,160,192,192,8.250000,41.900000,9.925000,0.000000,23.860000,791.490000,157.760000,791.450000,158.210000,791.469950,157.569531,-78.230000,-78.599515,-65.924502,-70.721926,-72.149366,-68.549222,80.460000,87.050000,0.942900,15.760000,-78.230000,0.000000,0.000000,0.815900,0
202,09:29:20.518,ROI,160,160,192,192,8.650000,55.990000,14.300000,0.000000,17.860000,791.240000,158.970000,791.730000,159.730000,791.928385,159.597146,-79.190000,-79.723431,-79.562525,-76.114003,-77.259890,-72.149034,80.960000,86.390000,0.966700,16.100000,-79.190000,0.000000,0.000000,0.820900,0
203,09:29:20.584,ROI,160,160,192,192,9.690000,59.120000,6.950000,0.000000,16.910000,792.300000,161.490000,792.220000,161.700000,792.339765,161.630400,-80.450000,-80.407069,-76.032210,-78.176917,-78.561963,-75.509649,81.560000,87.020000,0.919900,17.030000,-80.450000,0.000000,0.000000,0.835000,0
204,09:29:20.633,ROI,160,160,192,192,8.050000,41.460000,10.100000,0.000000,24.120000,791.830000,163.090000,792.150000,163.510000,792.559154,163.636342,-82.500000,-81.509838,-92.214755,-84.903442,-83.758410,-79.876916,81.500000,87.700000,0.953400,16.520000,-82.500000,0.000000,0.000000,0.809600,0
205,09:29:20.761,ROI,160,160,192,192,8.510000,122.560000,3.275000,0.000000,8.160000,793.540000,165.120000,792.700000,165.380000,792.846596,165.624769,-84.510000,-83.184538,-73.610460,-83.671676,-81.774438,-82.596252,79.280000,86.590000,0.915300,17.150000,-84.510000,0.000000,0.000000,0.824200,0
206,09:29:20.809,ROI,160,160,192,192,8.970000,42.150000,10.075000,0.000000,23.720000,794.440000,166.660000,793.600000,167.160000,793.236796,167.519269,-87.910000,-84.893223,-63.178019,-79.388678,-78.361843,-83.498026,79.800000,86.360000,0.944100,16.260000,-87.910000,0.000000,0.000000,0.842500,0
207,09:29:20.873,ROI,160,160,192,192,7.910000,56.660000,7.175000,0.000000,17.650000,795.080000,167.520000,794.410000,168.430000,793.717523,169.231023,-87.870000,-86.762385,-57.470462,-74.291622,-74.313197,-82.926285,79.810000,87.040000,0.964700,17.250000,-87.870000,0.000000,0.000000,0.842200,0
208,09:29:20.937,ROI,160,160,192,192,7.830000,57.920000,0.000000,0.000000,17.260000,795.500000,170.320000,795.240000,170.230000,794.294388,170.939796,-87.800000,-88.105638,-65.245048,-71.788356,-71.345812,-81.241516,80.280000,86.520000,0.927900,15.610000,-87.800000,0.000000,0.000000,0.854700,0
209,09:29:20.985,ROI,160,160,192,192,7.990000,42.160000,0.000000,0.000000,23.720000,795.360000,171.150000,795.590000,171.600000,794.852600,172.543692,-88.830000,-89.509342,-75.668927,-72.407141,-70.810329,-79.267936,80.540000,87.420000,0.977600,17.000000,-88.830000,0.000000,0.000000,0.814600,0
210,09:29:21.113,ROI,160,160,192,192,7.820000,121.940000,3.275000,0.000000,8.200000,796.330000,175.580000,796.140000,174.090000,795.433581,174.355108,-89.290000,-90.339385,-77.544305,-73.006564,-72.217238,-77.491317,84.540000,87.070000,0.862700,16.210000,-89.290000,0.000000,0.000000,0.888400,0
211,09:29:21.161,ROI,160,160,192,192,8.020000,42.440000,9.775000,0.000000,23.560000,795.990000,176.860000,796.340000,176.250000,795.946315,176.295458,-89.940000,-91.288631,-84.709919,-76.083930,-75.198012,-76.526695,83.680000,85.990000,0.961100,18.140000,-89.940000,0.000000,0.000000,0.860200,0
212,09:29:21.225,ROI,160,160,192,192,7.810000,57.330000,7.050000,0.000000,17.440000,796.960000,179.520000,796.950000,178.760000,796.528492,178.401046,-89.880000,-91.941719,-76.340343,-75.195815,-74.544341,-75.075383,84.040000,86.810000,0.919500,16.450000,-89.880000,0.000000,0.000000,0.850900,0
213,09:29:21.289,ROI,160,160,192,192,10.210000,61.270000,6.925000,0.000000,16.320000,797.320000,180.850000,797.420000,180.780000,797.094423,180.427850,-90.940000,-92.392227,-76.901849,-74.306765,-74.399031,-73.428941,84.530000,87.140000,0.961600,18.910000,-90.940000,0.000000,0.000000,0.902700,0
214,09:29:21.337,ROI,160,160,192,192,7.920000,38.620000,0.000000,0.000000,25.890000,797.080000,182.660000,797.630000,182.740000,797.554935,182.412985,-91.740000,-92.857150,-83.884496,-76.432172,-76.939536,-72.906293,84.520000,87.200000,0.954000,19.310000,-91.740000,0.000000,0.000000,0.879300,0
215,09:29:21.401,ROI,160,160,192,192,8.580000,58.310000,7.075000,0.000000,17.150000,796.170000,183.020000,797.230000,183.940000,797.726688,184.086935,-94.600000,-93.739704,-108.434949,-85.618931,-84.141728,-74.722783,85.210000,85.730000,0.962400,20.740000,-94.600000,0.000000,0.000000,0.885900,0
216,09:29:21.463,ROI,160,160,192,192,7.960000,55.420000,7.350000,0.000000,18.050000,796.140000,184.690000,796.850000,185.280000,797.668904,185.621785,-96.120000,-95.039896,-105.832387,-93.639838,-92.156075,-79.142449,84.190000,84.910000,0.950200,19.460000,-96.120000,0.000000,0.000000,0.861700,0
217,09:29:21.513,ROI,160,160,192,192,8.390000,44.300000,9.425000,0.000000,22.570000,797.130000,185.980000,796.880000,186.380000,797.548985,186.945277,-94.770000,-95.442550,-88.437775,-94.226610,-95.177329,-84.029123,85.930000,85.610000,0.948300,19.700000,-94.770000,0.000000,0.000000,0.877600,0
218,09:29:21.640,ROI,160,160,192,192,10.230000,123.540000,3.300000,0.000000,8.090000,797.360000,193.650000,796.920000,190.180000,797.392165,189.038046,-95.680000,-95.814508,-89.396909,-96.124244,-94.285384,-88.211342,87.100000,95.210000,0.832600,20.350000,-95.680000,0.000000,0.000000,0.912500,0
219,09:29:21.687,ROI,160,160,192,192,8.620000,38.670000,10.975000,0.000000,25.860000,796.810000,195.590000,796.800000,193.770000,797.182104,191.774838,-93.400000,-95.360873,-91.914466,-98.646413,-94.389112,-92.067244,86.090000,92.410000,0.947400,19.900000,-93.400000,0.000000,0.000000,0.844200,0
220,09:29:21.751,ROI,160,160,192,192,8.070000,57.210000,7.125000,0.000000,17.480000,797.320000,196.840000,796.910000,196.650000,797.050081,194.815573,-96.500000,-95.963031,-87.812683,-97.388040,-92.486115,-94.491780,87.550000,93.040000,0.957400,19.840000,-96.500000,0.000000,0.000000,0.830900,0
221,09:29:21.817,ROI,160,160,192,192,8.570000,60.500000,6.800000,0.000000,16.530000,797.160000,198.700000,796.950000,199.350000,796.951492,197.883523,-97.300000,-96.477862,-89.151236,-95.897858,-91.840564,-95.583595,87.920000,91.550000,0.956500,19.810000,-97.300000,0.000000,0.000000,0.833100,0
222,09:29:21.865,ROI,160,160,192,192,8.030000,41.110000,10.100000,0.000000,24.320000,796.980000,199.260000,796.870000,201.120000,796.786069,200.697662,-100.000000,-97.864108,-92.587879,-96.926604,-93.364138,-97.268929,88.680000,91.940000,0.979500,21.000000,-100.000000,0.000000,0.000000,0.900500,0
223,09:29:21.929,ROI,160,160,192,192,8.210000,58.200000,7.050000,0.000000,17.180000,795.200000,201.200000,796.080000,202.920000,796.361042,203.236112,-100.910000,-98.992127,-113.696137,-103.586526,-99.505183,-100.522371,88.420000,92.360000,0.921800,19.680000,-100.910000,0.000000,0.000000,0.880400,0
224,09:29:22.041,ROI,160,160,192,192,7.910000,105.440000,0.000000,0.000000,9.480000,793.460000,203.720000,794.760000,204.770000,795.576377,205.550204,-102.660000,-100.554877,-125.508370,-112.296781,-108.730836,-105.716577,87.730000,92.880000,0.911300,20.970000,-102.660000,0.000000,0.000000,0.910300,0
225,09:29:22.103,ROI,160,160,192,192,7.990000,56.340000,7.250000,0.000000,17.750000,793.300000,205.940000,793.690000,206.490000,794.555508,207.653812,-102.220000,-101.666188,-121.885455,-119.010499,-115.887044,-112.154057,86.090000,94.120000,0.936300,21.560000,-102.220000,0.000000,0.000000,0.913500,0
226,09:29:22.169,ROI,160,160,192,192,9.360000,61.640000,6.800000,0.000000,16.220000,795.420000,207.590000,793.760000,207.970000,793.770250,209.536550,-102.490000,-102.656035,-87.292083,-111.827206,-112.640174,-115.691672,91.090000,92.740000,0.913500,20.800000,-102.490000,0.000000,0.000000,0.891700,0
227,09:29:22.217,ROI,160,160,192,192,7.940000,40.010000,10.425000,0.000000,24.990000,792.460000,209.780000,792.670000,209.880000,792.818246,211.326750,-104.680000,-104.138846,-119.712566,-115.739269,-118.003434,-119.684422,86.880000,91.640000,0.893100,20.870000,-104.680000,0.000000,0.000000,0.900100,0
228,09:29:22.280,ROI,160,160,192,192,8.030000,57.500000,0.000000,0.000000,17.390000,792.250000,210.730000,792.000000,211.250000,791.948635,212.879065,-108.110000,-106.335904,-116.060996,-115.256244,-119.257674,-122.138821,86.740000,91.760000,0.975100,20.790000,-108.110000,0.000000,0.000000,0.888700,0
229,09:29:22.342,ROI,160,160,192,192,8.230000,56.470000,0.000000,0.000000,17.710000,791.320000,213.580000,791.180000,213.170000,791.075665,214.402608,-106.760000,-107.559900,-113.126520,-114.666835,-119.812128,-123.607530,86.860000,93.560000,0.920900,20.390000,-106.760000,0.000000,0.000000,0.885900,0
230,09:29:22.393,ROI,160,160,192,192,19.060000,56.400000,9.275000,0.000000,17.730000,791.050000,213.800000,790.540000,214.400000,790.233296,215.697008,-105.580000,-107.780004,-117.489097,-116.265580,-123.055261,-125.313296,87.190000,93.720000,0.989000,19.920000,-105.580000,0.000000,0.000000,0.868500,0
231,09:29:22.521,ROI,160,160,192,192,7.930000,110.280000,7.225000,0.000000,9.070000,788.550000,217.620000,789.210000,216.560000,789.204404,217.170812,-108.140000,-108.630000,-121.622300,-119.729821,-124.919673,-127.009186,84.610000,94.730000,0.872100,19.100000,-108.140000,0.000000,0.000000,0.917100,0
232,09:29:22.569,ROI,160,160,192,192,10.000000,43.190000,10.050000,0.000000,23.160000,789.390000,221.400000,788.620000,219.410000,788.247835,218.995681,-111.120000,-110.183208,-101.696017,-115.924007,-117.662858,-125.888095,84.400000,95.090000,0.905800,18.270000,-111.120000,0.910000,-109.190000,0.880600,0
233,09:29:22.634,ROI,160,160,192,192,10.230000,58.590000,7.150000,0.000000,17.070000,788.450000,222.330000,787.970000,221.710000,787.382119,221.014038,-110.870000,-111.197138,-105.780753,-113.150851,-113.215495,-123.234740,85.360000,92.180000,0.948600,17.830000,-110.870000,1.730000,-108.780000,0.835100,0
234,09:29:22.694,ROI,160,160,192,192,10.410000,52.690000,7.950000,0.000000,18.980000,786.480000,225.230000,786.670000,224.330000,786.369546,223.201962,-112.070000,-112.266938,-116.389835,-114.068755,-114.834749,-121.172835,85.980000,93.500000,0.898400,19.250000,-112.070000,1.330000,-110.300000,0.896600,0
235,09:29:22.744,ROI,160,160,192,192,9.550000,42.710000,0.000000,0.000000,23.420000,784.810000,226.840000,785.200000,226.690000,785.216354,225.473885,-113.470000,-113.436227,-121.918009,-115.882275,-116.911631,-119.673679,86.780000,92.870000,0.930200,17.860000,-113.470000,0.000000,0.000000,0.866000,0
236,09:29:22.807,ROI,160,160,192,192,8.430000,50.800000,7.450000,0.000000,19.690000,783.930000,227.540000,783.920000,228.420000,783.964342,227.568569,-114.260000,-114.587642,-126.497161,-119.804333,-120.867135,-119.726615,89.880000,94.220000,0.951200,16.760000,-114.260000,0.000000,0.000000,0.881800,0
237,09:29:22.873,ROI,160,160,192,192,7.650000,58.830000,6.850000,0.000000,17.000000,781.500000,229.890000,782.130000,230.240000,782.468108,229.579069,-115.040000,-115.629573,-134.523869,-126.056150,-126.656999,-121.832657,91.310000,94.160000,0.902700,16.310000,-115.040000,0.000000,0.000000,0.897000,0
238,09:29:22.919,ROI,160,160,192,192,8.500000,40.710000,10.325000,0.000000,24.570000,780.440000,231.230000,780.550000,231.870000,780.851823,231.467304,-114.840000,-116.292619,-134.107615,-130.893669,-130.562751,-124.936460,91.240000,94.570000,0.949900,16.330000,-114.840000,0.000000,0.000000,0.898400,0
239,09:29:23.047,ROI,160,160,192,192,8.530000,121.320000,3.275000,0.000000,8.240000,777.680000,235.200000,778.360000,234.250000,779.012681,233.593977,-115.550000,-116.680585,-132.619271,-131.743173,-130.853180,-127.197650,93.360000,95.590000,0.868500,17.960000,-115.550000,0.000000,0.000000,0.942300,0
240,09:29:23.097,ROI,160,160,192,192,19.310000,54.860000,9.575000,0.000000,18.230000,776.170000,237.960000,776.360000,237.080000,777.073623,236.101538,-117.430000,-117.271327,-125.249375,-129.412479,-127.714214,-127.324225,93.180000,94.940000,0.914300,18.770000,-117.430000,0.000000,0.000000,0.963400,0
241,09:29:23.159,ROI,160,160,192,192,8.640000,42.100000,9.275000,0.000000,23.750000,775.160000,239.710000,774.620000,239.570000,775.113538,238.903450,-117.220000,-117.678646,-124.945664,-128.586240,-124.974814,-126.090997,91.980000,93.700000,0.943100,18.600000,-117.220000,0.000000,0.000000,0.958600,0
242,09:29:23.224,ROI,160,160,192,192,8.880000,59.310000,6.975000,0.000000,16.860000,774.060000,241.300000,773.200000,241.870000,773.244215,241.626615,-118.820000,-118.344100,-121.690821,-126.815633,-124.467740,-124.858088,89.950000,92.580000,0.943600,18.720000,-118.820000,0.000000,0.000000,0.963900,0
243,09:29:23.273,ROI,160,160,192,192,8.480000,42.390000,9.950000,0.000000,23.590000,772.800000,242.030000,771.940000,243.540000,771.523731,244.028681,-120.080000,-119.524285,-127.034225,-126.919675,-125.612215,-124.204438,90.960000,93.380000,0.957500,18.160000,-120.080000,0.000000,0.000000,0.951500,0
244,09:29:23.335,ROI,160,160,192,192,8.320000,55.490000,7.425000,0.000000,18.020000,770.340000,244.140000,770.260000,245.310000,769.768896,246.198135,-120.470000,-120.383596,-133.505666,-129.829457,-128.968811,-125.138285,93.820000,91.870000,0.907400,18.080000,-120.470000,0.000000,0.000000,0.951400,0
245,09:29:23.399,ROI,160,160,192,192,9.930000,59.760000,7.050000,0.000000,16.730000,769.450000,245.480000,768.810000,246.640000,768.049658,248.000823,-120.030000,-120.903108,-137.471665,-134.026730,-133.642664,-127.943084,95.700000,91.240000,0.952400,18.520000,-120.030000,1.130000,-114.160000,0.956500,0
246,09:29:23.447,ROI,160,160,192,192,9.220000,40.880000,10.500000,0.000000,24.460000,766.680000,247.320000,766.800000,247.880000,766.174208,249.533885,-121.990000,-121.693758,-148.328924,-141.361230,-140.736178,-133.040854,97.820000,90.380000,0.908000,17.300000,-121.990000,1.470000,-115.590000,0.946900,0
247,09:29:23.576,ROI,160,160,224,224,10.600000,124.870000,3.275000,0.000000,8.010000,762.600000,252.330000,763.920000,250.240000,763.954008,251.196900,-120.490000,-121.752988,-140.667286,-143.199792,-143.165374,-138.096002,99.130000,93.390000,0.828300,15.470000,-120.490000,0.950000,-119.840000,0.922500,0
248,09:29:23.623,ROI,160,160,224,224,8.680000,39.140000,10.875000,0.000000,25.550000,762.880000,252.530000,762.190000,252.180000,761.888573,252.834104,-124.110000,-122.734931,-131.725066,-140.066930,-141.597265,-141.257919,99.320000,90.930000,0.968200,16.240000,-124.110000,0.000000,0.000000,0.877800,0
249,09:29:23.687,ROI,160,160,224,224,7.930000,56.840000,0.000000,0.000000,17.590000,761.150000,254.060000,760.460000,254.000000,759.966254,254.430008,-122.000000,-122.902300,-133.547742,-137.423376,-140.300641,-142.752769,97.260000,91.310000,0.934100,16.190000,-122.000000,0.000000,0.000000,0.905000,0
250,09:29:23.750,ROI,160,160,224,224,8.000000,57.840000,7.075000,0.000000,17.290000,757.950000,256.630000,758.230000,256.130000,757.893150,256.131800,-120.580000,-122.596819,-136.313893,-139.514748,-140.617735,-144.303449,96.180000,91.310000,0.886200,16.030000,-120.580000,0.000000,0.000000,0.908700,0
251,09:29:23.800,ROI,160,160,224,224,8.450000,44.460000,9.425000,0.000000,22.490000,756.580000,256.950000,756.370000,257.590000,755.918273,257.684219,-120.640000,-122.189935,-141.869992,-140.137777,-141.829677,-145.326199,97.640000,90.230000,0.960900,15.640000,-120.640000,0.000000,0.000000,0.875000,0
252,09:29:23.864,ROI,160,160,224,224,7.700000,56.730000,7.150000,0.000000,17.630000,755.060000,258.770000,754.780000,259.030000,754.079450,259.180850,-121.400000,-121.728677,-137.834111,-139.344204,-140.857620,-145.467968,97.710000,89.610000,0.931500,15.130000,-121.400000,0.000000,0.000000,0.918900,0
253,09:29:23.929,ROI,160,160,224,224,7.920000,58.700000,6.950000,0.000000,17.040000,752.820000,260.370000,752.920000,260.450000,752.279696,260.599942,-121.980000,-121.637585,-142.640407,-140.306076,-141.744488,-145.501256,99.460000,90.520000,0.922900,16.150000,-121.980000,0.000000,0.000000,0.899000,0
254,09:29:24.040,ROI,160,160,224,224,7.870000,105.980000,0.000000,0.000000,9.440000,748.050000,262.180000,749.720000,262.020000,750.056196,262.108265,-130.890000,-124.626173,-153.866277,-144.107834,-145.848784,-146.130352,101.630000,87.610000,0.875000,16.500000,-130.890000,0.000000,0.000000,0.861800,0
255,09:29:24.104,ROI,160,160,224,224,7.880000,58.150000,7.025000,0.000000,17.200000,747.010000,263.750000,747.150000,263.620000,747.741904,263.649658,-130.770000,-126.987438,-148.094924,-144.710463,-146.335122,-146.113967,105.080000,87.790000,0.933700,15.820000,-130.770000,0.000000,0.000000,0.802200,0
256,09:29:24.168,ROI,160,160,224,224,7.770000,57.910000,7.025000,0.000000,17.270000,745.680000,263.640000,745.280000,264.490000,745.498142,264.918173,-129.210000,-128.210965,-155.050237,-149.455719,-150.518260,-147.758617,102.820000,85.900000,0.953900,15.930000,-129.210000,0.000000,0.000000,0.834200,0
257,09:29:24.217,ROI,160,160,224,224,14.170000,49.840000,9.600000,25.850000,20.070000,741.630000,266.010000,742.370000,265.910000,742.960458,266.179419,-137.090000,-131.759850,-153.988896,-153.321196,-153.572318,-150.506947,108.140000,85.720000,0.878000,14.960000,-137.090000,0.000000,0.000000,0.812600,0
258,09:29:24.278,ROI,160,160,224,224,7.840000,47.850000,0.000000,0.000000,20.900000,741.270000,266.500000,740.430000,266.830000,740.530904,267.241081,-137.530000,-134.748019,-154.628438,-156.131007,-156.395731,-153.671600,111.300000,85.200000,0.960600,16.890000,-137.530000,0.000000,0.000000,0.830600,0
259,09:29:24.343,ROI,160,160,224,224,8.520000,58.910000,0.000000,0.000000,16.980000,735.360000,267.050000,736.860000,267.560000,737.689104,268.092154,-141.200000,-138.210177,-168.443370,-162.448788,-163.327893,-158.448195,107.420000,82.780000,0.872800,16.420000,-141.200000,0.000000,0.000000,0.754900,0
260,09:29:24.392,ROI,160,160,224,224,8.630000,43.500000,9.675000,0.000000,22.990000,734.990000,267.800000,734.450000,267.950000,734.848862,268.733858,-145.380000,-142.235138,-170.807757,-167.945521,-167.268757,-163.362307,113.570000,82.950000,0.929400,15.320000,-145.380000,0.000000,0.000000,0.779800,0
261,09:29:24.521,ROI,160,160,256,256,7.710000,121.630000,3.275000,0.000000,8.220000,733.410000,270.900000,732.220000,269.390000,732.122658,269.557323,-149.900000,-146.788969,-147.148055,-163.764684,-163.192760,-165.442664,112.190000,80.180000,0.901800,13.820000,-149.900000,0.000000,0.000000,0.765400,0
262,09:29:24.569,ROI,160,160,256,256,17.840000,52.340000,9.825000,0.000000,19.110000,730.220000,271.940000,729.790000,270.900000,729.418450,270.612535,-148.310000,-149.898081,-148.143216,-159.909696,-158.683725,-164.946786,110.500000,78.500000,0.920500,14.980000,-148.310000,0.000000,0.000000,0.754100,0
263,09:29:24.632,ROI,160,160,224,224,7.920000,44.090000,8.800000,0.000000,22.680000,727.400000,273.450000,727.280000,272.430000,726.785327,271.818512,-151.150000,-153.086458,-148.635113,-156.367254,-155.392102,-162.934905,116.030000,82.850000,0.901400,13.950000,-151.150000,0.000000,0.000000,0.749300,0
264,09:29:24.697,ROI,160,160,256,256,8.020000,58.630000,6.950000,0.000000,17.060000,726.730000,272.940000,725.530000,273.290000,724.465523,272.880262,-153.500000,-156.003392,-153.829180,-155.459609,-155.406925,-161.158661,112.720000,79.360000,0.930500,14.760000,-153.500000,0.000000,0.000000,0.771300,0
265,09:29:24.745,ROI,160,160,256,256,8.460000,42.940000,0.000000,0.000000,23.290000,724.820000,274.370000,723.850000,274.380000,722.423935,273.902281,-155.410000,-158.708642,-147.024109,-152.562314,-153.407452,-159.145021,116.020000,78.060000,0.933300,15.350000,-155.410000,0.000000,0.000000,0.736800,0
266,09:29:24.809,ROI,160,160,256,256,8.480000,57.580000,7.175000,0.000000,17.370000,722.220000,274.620000,722.030000,275.020000,720.537900,274.747492,-153.140000,-159.690404,-160.625860,-155.028926,-155.860839,-158.355396,117.180000,78.270000,0.950400,14.560000,-153.140000,0.000000,0.000000,0.717000,0
267,09:29:24.872,ROI,160,160,256,256,7.760000,57.060000,7.125000,0.000000,17.530000,719.760000,276.480000,719.980000,276.090000,718.670815,275.640158,-155.640000,-160.713696,-152.437638,-154.340649,-154.447231,-157.351674,116.670000,75.340000,0.914300,15.150000,-155.640000,0.000000,0.000000,0.731300,0
268,09:29:24.919,ROI,160,160,256,256,8.240000,40.250000,10.400000,0.000000,24.850000,717.370000,275.780000,717.890000,276.300000,716.823250,276.298300,-155.140000,-160.881562,-174.262265,-160.290281,-160.393013,-158.352759,118.030000,81.310000,0.890500,15.070000,-155.140000,0.000000,0.000000,0.699900,0
269,09:29:25.049,ROI,160,160,256,256,7.990000,124.170000,3.200000,0.000000,8.050000,712.220000,277.940000,714.430000,277.320000,714.506312,277.078592,-157.910000,-161.487700,-163.574605,-161.521836,-161.387642,-159.280969,117.250000,80.290000,0.870100,16.380000,-157.910000,0.000000,0.000000,0.824400,0
270,09:29:25.097,ROI,160,160,256,256,9.000000,42.840000,9.950000,0.000000,23.340000,709.020000,277.960000,710.800000,278.070000,711.773358,277.918835,-159.190000,-161.763085,-168.326290,-162.653846,-162.910038,-159.884002,115.840000,81.980000,0.927700,15.650000,-159.190000,0.000000,0.000000,0.806500,0
271,09:29:25.161,ROI,160,160,256,256,7.810000,56.780000,7.175000,0.000000,17.610000,706.440000,279.750000,707.370000,279.280000,708.858031,278.854865,-158.010000,-161.356192,-160.568703,-161.430196,-162.199613,-159.776312,116.430000,82.220000,0.916500,15.690000,-158.010000,0.000000,0.000000,0.829400,0
272,09:29:25.225,ROI,160,160,256,256,7.880000,58.070000,7.025000,0.000000,17.220000,702.220000,281.080000,703.470000,280.650000,705.545954,279.948623,-160.570000,-161.084308,-160.644540,-161.297775,-161.725063,-159.558045,118.740000,81.420000,0.902100,16.120000,-160.570000,0.000000,0.000000,0.844900,0
273,09:29:25.271,ROI,160,160,256,256,8.250000,39.670000,10.425000,0.000000,25.210000,700.450000,281.640000,700.280000,281.680000,702.119208,281.069131,-159.090000,-160.241142,-162.105561,-161.782898,-161.892834,-159.560822,119.200000,82.560000,0.957400,16.680000,-159.090000,0.000000,0.000000,0.818000,0
274,09:29:25.337,ROI,160,160,256,256,11.170000,63.230000,6.775000,0.000000,15.810000,696.300000,282.060000,696.570000,282.470000,698.484708,282.083938,-162.160000,-160.493242,-167.979091,-164.136441,-164.399458,-160.449169,120.350000,82.620000,0.924100,16.790000,-162.160000,0.000000,0.000000,0.847700,0
275,09:29:25.399,ROI,160,160,256,256,7.830000,52.050000,15.675000,0.000000,19.210000,694.160000,283.090000,693.500000,283.230000,694.852065,283.047169,-160.680000,-160.243727,-166.095572,-165.228316,-165.149217,-161.490305,117.870000,83.150000,0.941400,16.130000,-160.680000,0.000000,0.000000,0.825900,0
276,09:29:25.448,ROI,160,160,256,256,7.890000,43.840000,9.450000,0.000000,22.810000,688.780000,283.400000,689.430000,283.660000,690.866515,283.859258,-161.190000,-160.274538,-173.969011,-169.366557,-168.483171,-163.784965,118.480000,84.130000,0.902800,17.210000,-161.190000,0.000000,0.000000,0.843900,0
277,09:29:25.576,ROI,160,160,256,256,8.270000,121.810000,3.275000,0.000000,8.210000,685.870000,283.940000,685.420000,284.330000,686.615623,284.617750,-163.510000,-161.282212,-170.514509,-171.676790,-169.883108,-166.438310,121.070000,84.160000,0.940600,17.360000,-163.510000,0.000000,0.000000,0.872600,0
278,09:29:25.623,ROI,160,160,256,256,8.240000,40.040000,0.000000,0.000000,24.970000,680.870000,284.180000,681.020000,284.700000,682.175346,285.211127,-165.880000,-162.249923,-175.193254,-174.077250,-172.388368,-169.398139,118.610000,84.690000,0.914400,17.140000,-165.880000,0.000000,0.000000,0.892400,0
279,09:29:25.687,ROI,160,160,256,256,14.310000,65.050000,0.000000,0.000000,15.370000,681.100000,283.650000,678.450000,284.580000,678.148962,285.489096,-167.290000,-163.679692,177.326652,-178.999227,-176.050742,-173.298647,118.530000,85.260000,0.983600,17.970000,-167.290000,0.000000,0.000000,0.888300,0
280,09:29:25.751,ROI,160,160,256,256,8.220000,47.380000,8.200000,0.000000,21.100000,676.230000,283.700000,675.020000,284.480000,674.147762,285.578792,-166.840000,-165.224088,178.330042,-182.068575,-178.715798,-177.250796,121.730000,85.790000,0.916500,17.090000,-166.840000,0.000000,0.000000,0.875600,0
281,09:29:25.799,ROI,160,160,256,256,8.390000,41.950000,10.000000,0.000000,23.840000,674.670000,283.980000,672.480000,284.310000,670.575504,285.440192,-168.940000,-166.742569,176.170954,-185.202988,177.778096,-181.471448,117.550000,86.590000,0.957100,17.670000,-168.940000,0.000000,0.000000,0.879200,0
282,09:29:25.863,ROI,160,160,256,256,7.880000,57.520000,7.075000,0.000000,17.390000,669.760000,284.550000,669.270000,284.340000,667.076342,285.228542,-168.700000,-168.138719,-179.464541,-186.141733,176.538629,-185.069617,119.260000,85.250000,0.906700,17.370000,-168.700000,0.000000,0.000000,0.880000,0
283,09:29:25.929,ROI,160,160,256,256,8.170000,59.950000,6.800000,0.000000,16.680000,667.400000,285.120000,666.590000,284.540000,663.999715,285.054196,-172.700000,-170.478150,-175.732107,-183.756904,176.756634,-186.999423,122.220000,86.750000,0.945100,18.070000,-172.700000,0.000000,0.000000,0.831700,0
284,09:29:26.041,ROI,160,160,256,256,10.310000,107.900000,0.000000,0.000000,9.270000,662.920000,284.920000,663.110000,284.610000,660.954838,284.945888,-176.310000,-173.336615,-178.847654,-181.401433,177.962821,-187.157913,123.410000,83.650000,0.897600,17.590000,-176.310000,0.000000,0.000000,0.810900,0
285,09:29:26.103,ROI,160,160,256,256,7.890000,53.630000,7.600000,0.000000,18.650000,658.740000,284.670000,659.440000,284.590000,657.866792,284.789719,-176.060000,-175.205992,179.687765,-181.572419,177.104894,-187.187388,122.450000,83.740000,0.928800,17.550000,-176.060000,0.000000,0.000000,0.791800,0
286,09:29:26.153,ROI,160,160,256,256,7.930000,44.180000,9.350000,0.000000,22.630000,656.460000,283.550000,656.460000,283.970000,654.987365,284.393154,-175.330000,-176.648223,168.247068,-185.269552,172.158344,-188.620584,121.620000,83.920000,0.938500,17.130000,-175.330000,0.000000,0.000000,0.784700,0
287,09:29:26.217,ROI,160,160,256,256,8.430000,58.180000,7.100000,0.000000,17.190000,652.430000,283.820000,653.010000,283.700000,652.149854,283.895781,-176.650000,-177.965592,175.525103,-186.076654,170.057914,-190.395246,120.460000,84.580000,0.928500,17.090000,-176.650000,0.000000,0.000000,0.771400,0
288,09:29:26.280,ROI,160,160,256,256,7.880000,56.140000,0.000000,0.000000,17.810000,648.800000,283.830000,649.710000,283.480000,649.305908,283.400485,-177.830000,-179.095988,176.185925,-186.044580,170.120567,-191.542321,124.260000,84.160000,0.937900,16.890000,-177.830000,0.000000,0.000000,0.764900,0
289,09:29:26.327,ROI,160,160,256,256,7.880000,41.110000,0.000000,0.000000,24.320000,647.780000,282.280000,647.030000,282.600000,646.601423,282.688531,178.620000,-180.792431,161.821981,-191.428459,165.251536,-194.021613,117.730000,83.900000,0.913900,15.720000,178.620000,0.000000,0.000000,0.754400,0
290,09:29:26.443,ROI,160,160,256,256,14.050000,117.030000,0.000000,0.000000,8.540000,642.970000,282.190000,643.660000,281.830000,643.749665,281.892865,176.530000,-182.943388,167.129615,-193.041416,164.410432,-195.950104,120.720000,82.530000,0.908100,14.890000,176.530000,0.000000,0.000000,0.686800,0
291,09:29:26.505,ROI,160,160,256,256,7.750000,48.750000,8.400000,0.000000,20.510000,639.940000,281.200000,640.450000,281.030000,640.784015,280.996465,172.070000,-185.789638,166.005762,-195.588158,163.181986,-197.951541,120.900000,83.940000,0.929200,15.140000,172.070000,0.000000,0.000000,0.650900,0
292,09:29:26.569,ROI,160,160,256,256,7.740000,57.570000,7.025000,0.000000,17.370000,637.830000,281.700000,637.580000,280.760000,637.766365,280.301058,172.810000,-187.831542,174.625623,-192.603094,167.022926,-197.634738,119.860000,83.500000,0.954300,13.930000,172.810000,0.000000,0.000000,0.678400,0
293,09:29:26.617,ROI,160,160,256,256,7.820000,42.020000,9.825000,0.000000,23.800000,633.100000,279.700000,633.830000,279.920000,634.515219,279.548373,168.870000,-190.335450,167.374163,-192.948502,166.964896,-196.987803,123.730000,82.880000,0.883400,15.520000,168.870000,0.000000,0.000000,0.684200,0
294,09:29:26.681,ROI,160,160,256,256,7.810000,57.580000,7.050000,0.000000,17.370000,631.320000,280.330000,630.870000,279.560000,631.329385,278.945500,172.590000,-190.851627,173.065651,-190.658592,169.284314,-195.269230,123.010000,83.230000,0.957300,14.720000,172.590000,0.000000,0.000000,0.684000,0
295,09:29:26.743,ROI,160,160,256,256,8.460000,56.700000,0.000000,0.000000,17.640000,627.340000,278.940000,627.550000,278.890000,628.059108,278.334927,170.460000,-191.823977,168.590538,-190.757983,169.424422,-193.635132,122.980000,82.080000,0.907300,15.940000,170.460000,0.000000,0.000000,0.650100,0
296,09:29:26.793,ROI,160,160,256,256,7.680000,43.370000,9.450000,0.000000,23.060000,625.850000,279.820000,624.990000,278.810000,625.008900,277.877150,171.020000,-191.971627,178.210089,-187.921257,171.464719,-191.592849,122.290000,83.980000,0.954200,15.160000,171.020000,0.000000,0.000000,0.695500,0
297,09:29:26.921,ROI,160,160,256,256,8.320000,122.410000,3.275000,0.000000,8.170000,619.080000,277.000000,620.840000,277.790000,621.565954,277.262838,170.330000,-192.246296,166.191378,-189.493304,169.883397,-190.451674,120.880000,80.700000,0.838000,15.120000,170.330000,0.000000,0.000000,0.723100,0
298,09:29:26.969,ROI,160,160,256,256,11.050000,44.440000,0.000000,0.000000,22.500000,614.440000,274.180000,616.420000,275.790000,617.752012,276.214600,168.940000,-192.434804,155.653786,-193.844527,164.632069,-191.103107,120.460000,79.680000,0.865300,16.470000,168.940000,0.960000,166.340000,0.766600,0
299,09:29:27.033,ROI,160,160,256,256,7.850000,54.210000,7.475000,0.000000,18.450000,611.280000,273.970000,612.180000,274.390000,613.618527,274.985546,168.210000,-192.817569,161.727362,-195.983948,163.440636,-192.205877,121.680000,76.110000,0.907900,15.320000,168.210000,0.000000,0.000000,0.756400,0
300,09:29:27.097,ROI,160,160,256,256,8.600000,58.760000,7.050000,0.000000,17.020000,605.290000,272.680000,607.010000,272.820000,609.030288,273.579862,166.140000,-193.705265,163.107773,-196.721252,162.966667,-193.234998,128.210000,78.130000,0.879400,15.790000,166.140000,0.000000,0.000000,0.799100,0
301,09:29:27.145,ROI,160,160,288,288,12.260000,46.160000,9.975000,0.000000,21.660000,602.890000,273.120000,602.760000,272.030000,604.393596,272.247169,165.150000,-194.518265,169.469907,-195.765057,163.964128,-193.925719,134.120000,82.660000,0.903600,17.080000,165.150000,0.630000,167.790000,0.858000,0
302,09:29:27.209,ROI,160,160,288,288,9.690000,49.880000,7.725000,0.000000,20.050000,601.910000,273.830000,599.680000,271.970000,600.195958,271.230558,162.710000,-195.693715,178.883990,168.315261,166.385869,-193.791735,131.540000,86.110000,0.942200,16.870000,162.710000,0.530000,163.140000,0.848400,0
303,09:29:27.272,ROI,160,160,288,288,7.860000,55.580000,7.325000,0.000000,17.990000,598.280000,273.380000,596.650000,271.940000,596.243750,270.541873,163.420000,-196.245358,179.432734,172.660930,170.115280,-192.398514,130.590000,86.740000,0.936600,17.860000,163.420000,0.000000,0.000000,0.874600,0
304,09:29:27.319,ROI,160,160,288,288,8.990000,41.500000,10.250000,0.000000,24.100000,596.850000,272.010000,594.390000,271.510000,592.838431,270.008485,163.580000,-196.682604,169.227352,173.030322,171.097870,169.123247,128.970000,87.440000,0.948300,17.370000,163.580000,0.350000,165.410000,0.853900,0
305,09:29:27.449,ROI,160,160,288,288,9.170000,124.060000,0.000000,0.000000,8.060000,591.550000,268.080000,591.290000,269.750000,589.541719,269.192954,165.580000,-196.239050,150.414605,-192.423893,166.105287,168.975515,127.870000,85.550000,0.843500,17.320000,165.580000,0.360000,169.120000,0.808400,0
306,09:29:27.497,ROI,160,160,256,256,8.330000,41.190000,10.225000,0.000000,24.280000,586.340000,266.910000,587.240000,268.080000,586.088100,268.147954,165.740000,-195.928258,157.591409,-195.195091,163.165176,167.891600,128.370000,82.130000,0.886400,17.690000,165.740000,0.000000,0.000000,0.830800,0
307,09:29:27.561,ROI,160,160,288,288,8.940000,55.040000,7.100000,0.000000,18.170000,584.580000,267.910000,584.080000,267.430000,582.723073,267.207612,164.940000,-195.642288,168.376598,-194.702790,164.387208,167.174875,127.550000,85.270000,0.937600,17.770000,164.940000,0.340000,161.560000,0.815800,0
308,09:29:27.625,ROI,160,160,256,256,7.920000,56.550000,0.000000,0.000000,17.680000,579.740000,265.640000,580.050000,266.210000,579.226235,266.169896,162.560000,-195.830131,163.157386,164.004376,163.471314,165.896070,129.920000,88.000000,0.881700,18.170000,162.560000,0.000000,0.000000,0.804500,0
309,09:29:27.673,ROI,160,160,288,288,8.260000,42.500000,0.000000,0.000000,23.530000,580.010000,264.300000,578.020000,264.830000,576.291681,264.990250,161.610000,-196.335442,145.792019,157.183785,158.100621,162.844889,127.420000,87.840000,0.951500,17.190000,161.610000,0.000000,0.000000,0.808900,0
310,09:29:27.735,ROI,160,160,256,256,8.190000,55.590000,7.400000,0.000000,17.990000,576.480000,262.960000,575.530000,263.360000,573.620015,263.717192,161.670000,-196.937765,149.444036,153.681481,154.522041,159.363327,126.610000,86.960000,0.918100,18.070000,161.670000,0.000000,0.000000,0.765800,0
311,09:29:27.801,ROI,160,160,256,256,8.230000,59.870000,6.825000,0.000000,16.700000,573.740000,261.540000,573.300000,261.810000,571.289181,262.307158,158.600000,-198.497062,145.198101,148.775620,148.828227,154.733142,125.040000,88.430000,0.927600,18.310000,158.600000,0.000000,0.000000,0.820300,0
312,09:29:27.849,ROI,160,160,256,256,7.920000,41.490000,9.975000,0.000000,24.100000,570.890000,260.490000,570.900000,260.410000,569.169600,260.814331,159.350000,160.312085,149.743563,145.955111,144.842852,149.542693,122.480000,89.680000,0.933300,18.460000,159.350000,0.000000,0.000000,0.834500,0
313,09:29:27.977,ROI,160,160,256,256,7.900000,121.960000,3.275000,0.000000,8.200000,567.500000,257.730000,568.350000,258.460000,567.086908,259.143685,154.040000,157.766492,142.594643,142.988504,141.264914,144.662656,122.320000,90.000000,0.891200,17.520000,154.040000,0.000000,0.000000,0.863200,0
314,09:29:28.023,ROI,160,160,256,256,7.770000,39.880000,10.375000,0.000000,25.070000,565.400000,257.340000,566.010000,257.050000,565.131781,257.502115,154.160000,155.746981,148.928342,142.562532,139.982413,140.606126,119.790000,90.210000,0.957600,16.990000,154.160000,0.000000,0.000000,0.851800,0
315,09:29:28.087,ROI,160,160,256,256,7.930000,57.950000,7.000000,0.000000,17.260000,563.510000,256.630000,563.830000,255.950000,563.289819,256.003923,152.750000,154.044750,153.225075,144.214095,140.876202,138.123894,120.450000,90.830000,0.954300,16.940000,152.750000,0.000000,0.000000,0.856700,0
316,09:29:28.151,ROI,160,160,256,256,7.850000,57.850000,7.050000,0.000000,17.290000,561.080000,254.850000,561.700000,254.540000,561.478242,254.478246,152.550000,152.561719,146.496563,142.960069,139.896530,135.893373,119.940000,90.160000,0.923900,16.440000,152.550000,0.000000,0.000000,0.854800,0
317,09:29:28.201,ROI,160,160,256,256,7.770000,43.440000,9.500000,0.000000,23.020000,559.050000,254.270000,559.580000,253.510000,559.741762,253.105588,149.610000,150.915804,154.087245,145.307990,141.674246,135.092932,118.300000,90.930000,0.954500,16.720000,149.610000,0.000000,0.000000,0.849500,0
318,09:29:28.265,ROI,160,160,256,256,12.910000,63.390000,6.950000,0.000000,15.780000,557.910000,252.540000,557.800000,252.340000,558.059081,251.767942,147.970000,148.797465,146.682947,144.643717,141.517075,134.613460,116.830000,91.630000,0.944800,16.160000,147.970000,0.000000,0.000000,0.851500,0
319,09:29:28.328,ROI,160,160,256,256,8.220000,52.180000,0.000000,0.000000,19.170000,556.470000,251.390000,556.400000,251.110000,556.522292,250.458950,148.370000,147.451308,138.698384,142.161599,139.576596,133.976942,116.990000,90.780000,0.951600,16.730000,148.370000,0.000000,0.000000,0.873500,0
320,09:29:28.440,ROI,160,160,256,256,7.920000,105.590000,3.775000,0.000000,9.470000,552.580000,251.370000,553.930000,250.450000,554.620223,249.273050,144.410000,145.120496,165.039711,147.539667,148.057332,136.257719,120.900000,95.460000,0.891400,16.490000,144.410000,0.000000,0.000000,0.827100,0
321,09:29:28.505,ROI,160,160,256,256,7.890000,58.130000,6.975000,0.000000,17.200000,548.240000,249.180000,550.530000,249.220000,552.213042,248.076877,142.330000,142.660488,160.111664,151.634978,153.576360,140.324146,117.200000,94.850000,0.889200,15.250000,142.330000,0.000000,0.000000,0.815200,0
322,09:29:28.553,ROI,160,160,256,256,8.180000,42.140000,9.850000,0.000000,23.730000,545.550000,247.530000,547.240000,247.930000,549.440112,246.969862,141.910000,140.722123,158.589990,156.036370,158.237021,146.045824,118.660000,95.870000,0.923600,17.040000,141.910000,0.000000,0.000000,0.831500,0
323,09:29:28.617,ROI,160,160,256,256,15.920000,65.390000,7.075000,0.000000,15.290000,543.480000,245.670000,544.090000,246.270000,546.402038,245.796623,139.010000,138.402038,152.211481,157.596579,158.884512,151.539226,118.020000,97.740000,0.929900,16.120000,139.010000,0.000000,0.000000,0.878700,0
324,09:29:28.681,ROI,160,160,256,256,8.240000,47.920000,16.400000,0.000000,20.870000,542.790000,245.720000,541.930000,245.390000,543.599023,244.862788,139.300000,136.961785,157.833654,160.830617,161.574321,157.355048,117.940000,97.710000,0.987400,15.920000,139.300000,0.000000,0.000000,0.830300,0
325,09:29:28.729,ROI,160,160,256,256,8.750000,42.710000,9.900000,0.000000,23.410000,539.360000,242.840000,539.270000,243.710000,540.814542,243.816458,139.990000,136.349223,147.724356,159.713949,159.405170,161.620837,115.390000,96.740000,0.890000,16.100000,139.990000,0.000000,0.000000,0.886600,0
326,09:29:28.857,ROI,160,160,256,256,7.820000,120.730000,3.300000,0.000000,8.280000,536.070000,240.130000,536.620000,241.760000,537.964365,242.494269,135.960000,135.140927,143.652542,156.044136,155.113557,163.550030,112.940000,98.320000,0.894400,14.550000,135.960000,0.000000,0.000000,0.930100,0
327,09:29:28.905,ROI,160,160,256,256,7.830000,41.400000,9.950000,0.000000,24.160000,534.000000,238.000000,534.010000,239.540000,535.072619,240.801862,133.460000,133.642612,139.616352,150.693490,149.661500,162.719244,111.540000,99.780000,0.924000,13.750000,133.460000,0.000000,0.000000,0.924800,0
328,09:29:28.969,ROI,160,160,224,224,7.770000,57.880000,0.000000,0.000000,17.280000,533.660000,239.040000,532.270000,238.320000,532.335635,239.109212,135.220000,133.280796,144.963804,148.051884,148.265859,160.857858,106.340000,97.940000,0.933700,14.800000,135.220000,0.000000,0.000000,0.854100,0
329,09:29:29.033,ROI,160,160,224,224,7.900000,53.580000,0.000000,0.000000,18.660000,530.520000,235.680000,530.130000,236.220000,529.671365,237.258385,133.100000,132.374665,135.540510,144.461004,145.212885,158.139365,105.210000,99.830000,0.882200,15.670000,133.100000,0.000000,0.000000,0.929600,0
330,09:29:29.081,ROI,160,160,224,224,7.870000,42.030000,9.850000,0.000000,23.790000,530.150000,234.640000,528.490000,234.300000,527.355000,235.348115,133.310000,131.818946,130.502848,139.222599,140.488147,154.045753,104.370000,99.330000,0.971500,14.430000,133.310000,0.000000,0.000000,0.884200,0
331,09:29:29.143,ROI,160,160,224,224,9.080000,57.280000,7.250000,0.000000,17.460000,527.490000,232.110000,526.520000,232.060000,525.182623,233.187142,128.910000,130.121450,131.330474,133.674973,135.150782,148.145809,102.760000,101.160000,0.904500,12.750000,128.910000,0.000000,0.000000,0.879500,0
332,09:29:29.207,ROI,160,160,224,224,8.250000,56.620000,7.225000,0.000000,17.660000,526.660000,231.150000,525.270000,230.380000,523.496038,231.038515,128.830000,128.994515,126.651004,127.483874,128.130470,140.313257,102.300000,100.440000,0.965400,13.230000,128.830000,0.000000,0.000000,0.843800,0
333,09:29:29.255,ROI,160,160,224,224,7.730000,41.000000,9.975000,0.000000,24.390000,524.140000,228.050000,523.660000,228.230000,521.935662,228.773015,129.440000,128.440204,126.827235,124.026849,124.557364,132.495480,101.700000,97.930000,0.895200,12.320000,129.440000,0.000000,0.000000,0.859000,0
334,09:29:29.385,ROI,160,160,224,224,7.700000,124.340000,3.200000,0.000000,8.040000,520.220000,224.820000,521.470000,225.660000,520.328785,226.297831,123.810000,126.219027,130.435647,122.316050,122.991423,125.374243,97.020000,98.760000,0.867700,10.630000,123.810000,0.000000,0.000000,0.796300,0
335,09:29:29.433,ROI,160,160,224,224,8.120000,42.010000,9.900000,0.000000,23.800000,518.570000,223.550000,519.410000,223.290000,518.689435,223.739192,125.610000,125.259623,130.997114,121.959444,122.648168,119.699841,96.520000,95.350000,0.933700,11.120000,125.610000,0.000000,0.000000,0.828000,0
336,09:29:29.495,ROI,160,160,224,224,7.780000,55.520000,7.325000,0.000000,18.010000,516.380000,220.890000,517.120000,220.670000,516.954558,221.039608,122.760000,123.484888,131.154946,121.796768,122.726660,115.517626,94.790000,95.720000,0.904400,10.380000,122.760000,0.000000,0.000000,0.808600,0
337,09:29:29.561,ROI,160,160,192,192,8.020000,59.950000,6.775000,0.000000,16.680000,514.920000,218.140000,515.210000,218.110000,515.272581,218.331850,122.400000,122.438442,126.726389,121.582775,121.847296,112.525877,92.110000,93.760000,0.915200,9.170000,122.400000,0.000000,0.000000,0.820800,0
338,09:29:29.607,ROI,160,160,192,192,7.730000,39.870000,0.000000,0.000000,25.080000,513.420000,216.210000,513.260000,215.710000,513.599562,215.658496,118.560000,120.422450,129.093859,122.245133,122.038862,110.883179,89.260000,94.150000,0.929300,10.570000,118.560000,0.000000,0.000000,0.830300,0
339,09:29:29.673,ROI,160,160,192,192,7.700000,59.680000,6.800000,0.000000,16.750000,511.480000,215.400000,511.550000,213.990000,511.983238,213.224358,118.410000,118.879073,134.832957,124.675277,123.585061,110.716012,89.180000,93.550000,0.941200,11.050000,118.410000,0.000000,0.000000,0.815400,0
340,09:29:29.738,ROI,160,160,192,192,10.430000,61.470000,6.900000,0.000000,16.270000,511.190000,213.800000,510.440000,212.470000,510.582431,211.106923,117.120000,117.220900,126.139279,125.101174,123.486983,111.548643,88.960000,93.460000,0.960300,10.740000,117.120000,0.000000,0.000000,0.827300,0
341,09:29:29.785,ROI,160,160,192,192,7.640000,38.480000,10.725000,0.000000,25.990000,510.520000,212.000000,509.660000,211.000000,509.443292,209.249158,117.300000,116.202535,117.950969,122.547205,121.515656,112.416935,86.680000,92.810000,0.937900,10.630000,117.300000,0.000000,0.000000,0.830400,0
342,09:29:29.913,ROI,160,160,192,192,7.920000,121.890000,3.275000,0.000000,8.200000,506.940000,208.080000,507.860000,208.700000,508.126546,207.360204,116.050000,115.177442,128.047043,124.764037,124.879463,115.232727,84.880000,91.680000,0.847400,11.540000,116.050000,0.000000,0.000000,0.797900,0
343,09:29:29.961,ROI,160,160,192,192,7.830000,41.640000,9.925000,0.000000,24.010000,504.930000,206.360000,505.820000,206.480000,506.481523,205.476677,113.560000,113.501969,132.580491,129.679664,131.133111,120.893149,83.000000,91.220000,0.918800,9.530000,113.560000,0.000000,0.000000,0.767100,0
344,09:29:30.025,ROI,160,160,192,192,7.720000,58.020000,7.000000,0.000000,17.240000,503.650000,204.270000,503.970000,204.350000,504.673185,203.553500,112.390000,112.133469,130.975772,131.056792,133.237262,126.459013,83.380000,91.640000,0.927100,9.480000,112.390000,0.000000,0.000000,0.780800,0
345,09:29:30.088,ROI,160,160,192,192,7.720000,57.620000,7.050000,0.000000,17.360000,502.950000,203.080000,502.550000,202.660000,502.955915,201.768377,111.180000,110.909904,130.038209,132.023567,133.890115,131.356023,82.700000,92.000000,0.958200,9.680000,111.180000,0.000000,0.000000,0.767100,0
346,09:29:30.137,ROI,160,160,192,192,7.890000,42.380000,9.775000,46.050000,23.600000,501.140000,200.820000,500.940000,200.760000,501.273508,200.022142,107.430000,108.837242,130.276888,132.644382,133.933516,135.185243,83.740000,91.660000,0.912300,11.680000,107.430000,0.000000,0.000000,0.811800,0
347,09:29:30.201,ROI,160,160,192,192,8.290000,58.200000,7.050000,0.000000,17.180000,499.900000,199.330000,499.460000,199.120000,499.681188,198.415854,107.210000,107.444158,132.064327,133.952872,134.749775,138.430329,85.630000,92.160000,0.940600,11.460000,107.210000,0.000000,0.000000,0.826500,0
348,09:29:30.262,ROI,160,160,192,192,8.340000,55.550000,0.000000,0.000000,18.000000,498.720000,197.630000,498.250000,197.470000,498.166635,196.819585,105.240000,105.768812,126.253838,132.079129,133.495295,140.013673,84.500000,91.360000,0.937900,10.170000,105.240000,0.000000,0.000000,0.754100,0
349,09:29:30.313,ROI,160,160,192,192,7.900000,43.250000,9.400000,0.000000,23.120000,499.180000,195.850000,498.010000,195.800000,497.079665,195.267119,104.400000,104.090638,98.178129,121.891964,124.998050,138.098518,82.670000,91.780000,0.941300,11.250000,104.400000,0.000000,0.000000,0.821000,0
350,09:29:30.440,ROI,160,160,192,192,7.900000,120.620000,3.300000,0.000000,8.290000,496.500000,192.400000,496.970000,193.550000,496.114908,193.577523,102.890000,102.671350,114.807429,118.642200,119.726323,134.401857,85.910000,92.260000,0.872500,10.970000,102.890000,0.000000,0.000000,0.858100,0
351,09:29:30.490,ROI,160,160,192,192,8.690000,43.980000,9.250000,0.000000,22.740000,496.340000,190.020000,496.230000,191.140000,495.364723,191.744954,103.060000,101.958658,107.069311,113.658394,112.262339,128.684834,82.460000,91.330000,0.912200,10.990000,103.060000,0.000000,0.000000,0.839900,0
352,09:29:30.551,ROI,160,160,192,192,10.070000,56.000000,7.575000,0.000000,17.860000,495.640000,187.550000,495.540000,188.590000,494.726912,189.629212,102.250000,101.071508,105.140984,108.075289,106.775955,121.543348,82.820000,91.740000,0.932100,10.950000,102.250000,0.000000,0.000000,0.823400,0
353,09:29:30.617,ROI,160,160,192,192,8.320000,56.620000,7.125000,0.000000,17.660000,496.200000,184.790000,495.440000,185.780000,494.399977,187.253427,99.210000,99.638919,92.038136,99.938063,97.835331,112.282158,83.820000,92.050000,0.929500,11.210000,99.210000,0.000000,0.000000,0.819600,0
354,09:29:30.663,ROI,160,160,192,192,7.820000,39.460000,10.500000,0.000000,25.340000,495.390000,182.960000,495.380000,183.400000,494.283735,184.771919,97.950000,98.054196,91.444126,93.596054,92.681970,102.747994,83.630000,93.660000,0.943100,11.480000,97.950000,0.000000,0.000000,0.826000,0
355,09:29:30.733,ROI,160,160,192,192,12.410000,68.820000,6.325000,29.575000,14.530000,495.260000,180.990000,495.360000,181.070000,494.367504,182.247923,96.170000,96.654950,90.491797,88.267113,88.099101,93.475663,86.560000,92.860000,0.927100,11.430000,96.170000,0.000000,0.000000,0.802600,0
356,09:29:30.844,ROI,160,160,192,192,17.280000,108.020000,7.950000,0.000000,9.260000,493.340000,178.730000,494.530000,178.600000,494.255519,179.582508,96.650000,95.754881,108.574016,90.575202,92.405807,87.779283,87.250000,91.990000,0.912000,10.740000,96.650000,0.000000,0.000000,0.834300,0
357,09:29:30.904,ROI,160,160,192,192,16.380000,51.280000,0.000000,0.000000,19.500000,495.660000,175.040000,494.880000,175.440000,494.342588,176.614704,94.990000,94.437577,83.679710,85.294727,88.319542,82.426458,84.850000,91.660000,0.876000,11.690000,94.990000,0.000000,0.000000,0.821700,0
358,09:29:30.969,ROI,160,160,192,192,15.340000,56.110000,8.150000,0.000000,17.820000,492.920000,173.210000,494.190000,172.900000,494.297473,173.646835,94.920000,93.928665,105.197842,88.020680,90.870902,79.501938,85.220000,90.040000,0.901800,11.330000,94.920000,0.000000,0.000000,0.904800,0
359,09:29:31.018,ROI,160,160,192,192,11.830000,38.800000,0.000000,0.000000,25.770000,492.610000,169.080000,493.450000,169.540000,494.100981,170.425069,95.240000,93.520108,102.420430,89.951536,93.490090,78.664320,85.690000,85.390000,0.903700,12.260000,95.240000,0.000000,0.000000,0.851900,0
360,09:29:31.080,ROI,160,160,192,192,12.240000,54.010000,7.875000,0.000000,18.510000,493.250000,169.230000,493.330000,167.570000,493.995731,167.491485,92.840000,92.726038,93.485791,89.200295,92.054754,78.321302,86.480000,88.960000,0.946000,11.750000,92.840000,0.000000,0.000000,0.836200,0
361,09:29:31.147,ROI,160,160,192,192,9.900000,56.010000,7.325000,0.000000,17.850000,493.190000,165.620000,493.220000,165.010000,493.935442,164.651577,92.890000,92.139112,92.460415,89.213220,91.216151,78.742675,87.020000,87.940000,0.916100,12.220000,92.890000,0.000000,0.000000,0.888300,0
362,09:29:31.194,ROI,160,160,192,192,11.930000,40.930000,10.625000,0.000000,24.430000,493.720000,164.600000,493.560000,163.260000,494.059250,162.175688,91.340000,91.580881,79.005223,85.263504,87.137288,78.722500,90.700000,88.580000,0.938100,13.250000,91.340000,0.000000,0.000000,0.930300,0
363,09:29:31.333,ROI,160,160,192,192,35.250000,155.000000,0.000000,0.000000,6.450000,494.100000,160.690000,494.060000,160.760000,494.363808,159.722992,90.870000,91.055627,78.690068,81.596663,82.921665,78.135723,86.900000,86.470000,0.877300,13.060000,90.870000,0.000000,0.000000,0.916200,0
364,09:29:31.496,ROI,160,160,192,192,12.940000,120.240000,6.175000,0.000000,8.320000,494.800000,158.330000,494.590000,158.240000,494.750158,157.259950,91.260000,90.905950,78.122801,79.530682,81.085290,77.970917,85.720000,86.420000,0.932100,13.430000,91.260000,0.000000,0.000000,0.921800,0
365,09:29:31.521,ROI,160,160,192,192,10.070000,15.570000,35.025000,0.000000,64.240000,494.960000,157.280000,495.050000,156.440000,495.104138,154.997765,89.200000,90.092204,75.664565,78.560947,81.106623,78.998144,83.560000,86.810000,0.951700,13.720000,89.200000,0.000000,0.000000,0.929400,0
366,09:29:31.544,ROI,160,160,192,192,9.840000,15.090000,32.725000,0.000000,66.250000,495.180000,155.160000,495.390000,154.620000,495.461165,152.978188,88.940000,89.368154,79.418364,78.654031,79.974660,80.097442,83.800000,87.710000,0.947800,12.710000,88.940000,0.000000,0.000000,0.915100,0
367,09:29:31.566,ROI,160,160,192,192,13.080000,18.910000,34.050000,0.000000,52.900000,495.600000,154.470000,495.770000,153.310000,495.862015,151.331185,86.310000,88.088658,73.823807,76.761741,76.321223,79.872857,84.610000,89.510000,0.970100,13.810000,86.310000,0.000000,0.000000,0.924000,0
368,09:29:31.609,ROI,160,160,192,192,11.230000,29.930000,13.600000,0.000000,33.410000,495.100000,151.650000,495.770000,151.510000,496.175538,149.838592,84.820000,86.585100,90.000000,80.517133,78.137328,80.355264,83.110000,90.500000,0.923100,15.900000,84.820000,0.000000,0.000000,0.920100,0
369,09:29:31.672,ROI,160,160,192,192,10.540000,55.830000,0.000000,0.000000,17.910000,495.300000,151.760000,495.720000,150.670000,496.367388,148.726358,83.550000,84.952558,93.406444,84.757291,80.213320,81.418964,84.730000,89.820000,0.973600,15.140000,83.550000,0.000000,0.000000,0.922100,0
370,09:29:31.719,ROI,160,160,192,192,10.670000,39.920000,10.925000,0.000000,25.050000,496.020000,150.690000,496.030000,150.040000,496.603977,147.995996,84.040000,84.078492,63.799885,78.510835,72.051132,79.529105,85.100000,89.060000,0.960200,14.600000,84.040000,0.000000,0.000000,0.926300,0
371,09:29:31.849,ROI,160,160,192,192,13.260000,126.130000,3.300000,0.000000,7.930000,495.480000,147.070000,496.150000,148.480000,496.830388,147.227473,81.270000,82.500315,85.601295,79.373615,73.584708,77.899297,84.380000,89.690000,0.911100,16.430000,81.270000,0.000000,0.000000,0.832300,0
372,09:29:31.895,ROI,160,160,192,192,8.840000,33.950000,12.150000,0.000000,29.450000,497.020000,144.790000,496.710000,146.470000,497.187204,146.230681,79.790000,80.911819,74.431793,76.315165,70.304480,74.902643,88.300000,91.730000,0.909400,17.450000,79.790000,0.000000,0.000000,0.876900,0
373,09:29:31.961,ROI,160,160,192,192,9.100000,59.340000,6.950000,0.000000,16.850000,496.390000,143.570000,496.760000,144.690000,497.396938,145.057823,79.950000,79.751108,88.390991,80.768792,79.861328,75.524051,85.420000,89.450000,0.941600,17.000000,79.950000,0.000000,0.000000,0.849000,0
374,09:29:32.024,ROI,160,160,192,192,8.760000,56.380000,0.000000,0.000000,17.740000,498.210000,140.780000,497.500000,142.380000,497.780658,143.576165,80.250000,79.073915,72.237331,77.738540,75.480556,74.513325,87.170000,90.340000,0.902000,17.620000,80.250000,0.000000,0.000000,0.868500,0
375,09:29:32.072,ROI,160,160,192,192,11.470000,43.590000,10.125000,0.000000,22.940000,497.800000,139.380000,497.890000,140.320000,498.187350,141.899673,78.600000,77.999162,79.279620,77.808423,76.364292,74.089482,84.500000,88.020000,0.939500,16.840000,78.600000,0.000000,0.000000,0.886700,0
376,09:29:32.142,ROI,160,160,192,192,11.490000,61.820000,13.550000,31.950000,16.180000,501.260000,137.600000,499.520000,138.220000,499.017373,140.040438,81.160000,77.984119,52.181726,69.144178,65.942455,70.482738,86.740000,88.720000,0.887100,16.270000,81.160000,0.000000,0.000000,0.908400,0
377,09:29:32.200,ROI,160,160,192,192,9.140000,47.310000,0.000000,0.000000,21.140000,501.770000,135.810000,500.890000,136.170000,500.062800,138.063288,81.600000,78.436000,56.245483,64.466070,62.132152,66.859464,81.070000,85.070000,0.896300,14.890000,81.600000,0.000000,0.000000,0.776000,0
378,09:29:32.264,ROI,160,160,192,192,13.100000,61.240000,7.225000,0.000000,16.330000,503.760000,132.640000,502.620000,133.610000,501.381062,135.777762,78.260000,77.944535,55.949910,60.928398,60.024223,63.688930,81.700000,84.590000,0.885000,17.180000,78.260000,0.000000,0.000000,0.837100,0
379,09:29:32.312,ROI,160,160,192,192,12.690000,38.740000,0.000000,0.000000,25.810000,504.900000,131.520000,504.440000,131.580000,502.928723,133.384896,77.330000,77.500519,48.122130,56.075894,57.105951,60.820524,81.840000,84.540000,0.947600,16.290000,77.330000,0.000000,0.000000,0.832200,0
380,09:29:32.428,ROI,160,160,192,192,14.240000,108.700000,3.800000,0.000000,9.200000,507.500000,127.760000,506.610000,128.690000,504.852077,130.635869,75.990000,76.734842,53.098395,51.922789,55.021481,57.619261,84.190000,85.660000,0.861700,16.570000,75.990000,0.000000,0.000000,0.873500,0
381,09:29:32.489,ROI,160,160,192,192,12.380000,51.510000,8.425000,0.000000,19.410000,507.790000,125.660000,508.190000,125.940000,506.770119,127.721192,73.770000,75.612850,60.120674,53.346968,56.652547,56.136507,81.290000,83.390000,0.919000,16.370000,73.770000,0.000000,0.000000,0.894600,0
382,09:29:32.553,ROI,160,160,192,192,9.390000,53.070000,7.800000,0.000000,18.840000,509.290000,124.600000,509.760000,123.750000,508.759477,124.820204,72.560000,74.360888,54.363451,50.887264,55.559554,54.608350,80.840000,83.220000,0.940100,17.400000,72.560000,0.000000,0.000000,0.860400,0
383,09:29:32.600,ROI,160,160,192,192,7.980000,38.160000,10.525000,0.000000,26.210000,510.330000,124.060000,511.250000,122.190000,510.797562,122.262046,73.630000,73.641654,46.314754,46.199805,51.455663,51.899620,80.960000,84.040000,0.962200,17.410000,73.630000,0.000000,0.000000,0.914600,0
384,09:29:32.662,ROI,160,160,192,192,9.380000,57.890000,7.225000,0.000000,17.270000,511.640000,122.020000,512.650000,120.580000,512.789723,119.883988,73.310000,73.197181,48.990913,43.810410,50.046205,49.350328,80.560000,83.390000,0.922700,16.260000,73.310000,0.000000,0.000000,0.886000,0
385,09:29:32.727,ROI,160,160,192,192,9.650000,58.070000,7.150000,0.000000,17.220000,513.460000,120.140000,514.260000,119.030000,514.801700,117.759812,71.170000,72.170542,43.912236,40.259433,46.553862,46.191230,80.650000,81.580000,0.914200,16.100000,71.170000,0.000000,0.000000,0.850900,0
386,09:29:32.839,ROI,160,160,192,192,8.170000,103.280000,3.825000,0.000000,9.680000,515.540000,117.360000,515.920000,117.160000,516.787677,115.688981,69.170000,70.841200,48.404518,40.287800,46.198247,43.882140,83.030000,79.680000,0.888700,16.020000,69.170000,0.000000,0.000000,0.837700,0
387,09:29:32.904,ROI,160,160,192,192,8.120000,57.980000,6.925000,0.000000,17.250000,518.660000,114.910000,518.450000,115.020000,518.985542,113.670127,67.280000,69.192304,40.226205,38.329537,42.569093,41.406377,82.250000,79.760000,0.874000,16.910000,67.280000,0.000000,0.000000,0.826800,0
388,09:29:32.951,ROI,160,160,192,192,8.250000,40.260000,10.325000,0.000000,24.840000,519.250000,114.440000,520.120000,113.660000,521.051000,111.989081,69.810000,68.558046,39.158381,37.006011,39.141645,38.731848,81.910000,81.830000,0.961100,17.420000,69.810000,0.000000,0.000000,0.905800,0
389,09:29:33.017,ROI,160,160,192,192,8.130000,59.250000,0.000000,0.000000,16.880000,520.930000,111.520000,521.670000,111.600000,522.939792,110.328665,68.350000,67.733812,53.041203,41.251158,41.318328,37.510729,83.480000,79.720000,0.894400,15.530000,68.350000,0.000000,0.000000,0.805000,0
390,09:29:33.081,ROI,160,160,192,192,9.040000,59.010000,7.000000,0.000000,16.950000,522.680000,110.800000,523.240000,110.320000,524.672012,108.948373,65.980000,66.280719,39.189901,40.667842,38.549051,36.034150,84.420000,81.640000,0.937100,17.250000,65.980000,0.000000,0.000000,0.850100,0
391,09:29:33.128,ROI,160,160,192,192,8.960000,40.810000,10.375000,0.000000,24.510000,523.480000,108.870000,524.360000,108.830000,526.105838,107.684788,63.580000,64.539631,53.068626,45.753584,41.388669,36.442770,86.870000,81.770000,0.927700,17.890000,63.580000,0.000000,0.000000,0.887500,0
392,09:29:33.192,ROI,160,160,192,192,8.990000,56.760000,7.175000,0.000000,17.620000,524.970000,107.390000,525.480000,107.560000,527.322104,106.629262,65.220000,63.798615,48.591259,47.277366,40.952837,36.846807,86.690000,81.900000,0.932300,17.940000,65.220000,0.000000,0.000000,0.888700,0
393,09:29:33.321,ROI,160,160,192,192,10.190000,123.940000,3.275000,0.000000,8.070000,527.970000,105.030000,527.250000,105.800000,528.585685,105.472912,60.310000,61.828123,44.837689,46.573510,42.462798,37.649980,92.350000,81.070000,0.884400,17.830000,60.310000,0.000000,0.000000,0.917000,0
394,09:29:33.367,ROI,160,160,192,192,10.350000,38.120000,11.250000,0.000000,26.230000,530.500000,103.100000,529.380000,103.860000,529.990050,104.088719,60.890000,60.390865,42.327199,48.065813,44.585516,40.022398,91.920000,78.720000,0.903000,17.400000,60.890000,0.000000,0.000000,0.890100,0
395,09:29:33.431,ROI,160,160,192,192,10.520000,56.810000,7.350000,0.000000,17.600000,531.810000,101.900000,531.260000,102.190000,531.476692,102.633123,56.170000,58.065135,41.614617,47.030311,44.395444,42.084925,95.420000,79.510000,0.934700,16.590000,56.170000,0.000000,0.000000,0.888800,0
396,09:29:33.496,ROI,160,160,192,192,9.720000,56.360000,7.300000,0.000000,17.740000,532.210000,101.220000,532.580000,100.850000,532.837188,101.239731,52.430000,55.270804,45.430787,48.114973,45.684385,44.753827,96.060000,79.920000,0.975000,17.130000,52.430000,0.000000,0.000000,0.870800,0
397,09:29:33.544,ROI,160,160,224,224,10.260000,41.450000,0.000000,0.000000,24.130000,534.730000,100.830000,534.400000,100.010000,534.338304,100.011669,48.450000,51.884642,24.775141,40.453953,39.286577,43.925098,96.250000,76.970000,0.914900,16.150000,48.450000,0.000000,0.000000,0.839800,0
398,09:29:33.608,ROI,160,160,224,224,10.480000,55.990000,7.400000,0.000000,17.860000,535.850000,100.370000,535.920000,99.310000,535.838896,98.999504,50.840000,50.016754,24.727314,34.792621,34.000081,41.552968,94.010000,77.780000,0.965400,15.770000,50.840000,0.000000,0.000000,0.803100,0
399,09:29:33.672,ROI,160,160,192,192,12.290000,58.370000,0.000000,0.000000,17.130000,537.990000,96.360000,537.690000,97.490000,537.498088,97.772046,49.330000,48.409219,45.797940,35.368992,36.493751,39.755747,96.840000,76.910000,0.864100,16.380000,49.330000,0.000000,0.000000,0.870600,0
400,09:29:33.720,ROI,160,160,224,224,10.320000,39.950000,10.925000,0.000000,25.030000,539.770000,96.850000,539.560000,96.690000,539.232350,96.671465,44.550000,45.525031,23.161602,30.948215,32.399645,37.520818,95.900000,76.300000,0.951600,17.700000,44.550000,0.000000,0.000000,0.834300,0
401,09:29:33.847,ROI,160,160,192,192,8.030000,117.690000,3.350000,0.000000,8.500000,543.220000,93.800000,542.060000,94.940000,541.265115,95.349723,46.000000,43.650654,34.992020,30.763869,33.032680,36.006647,98.220000,76.370000,0.862100,17.570000,46.000000,0.000000,0.000000,0.879200,0
402,09:29:33.894,ROI,160,160,224,224,8.780000,41.290000,10.125000,0.000000,24.220000,546.460000,93.700000,545.110000,93.730000,543.695181,94.056554,41.140000,41.012415,21.639283,26.438331,28.019858,33.190567,97.570000,75.630000,0.927200,17.790000,41.140000,0.000000,0.000000,0.821900,0
403,09:29:33.960,ROI,160,160,224,224,9.290000,60.080000,6.950000,0.000000,16.650000,546.640000,92.670000,547.060000,92.680000,546.090173,92.783838,38.130000,38.149823,28.300756,25.923111,27.986484,30.996154,98.140000,75.530000,0.967300,16.360000,38.130000,0.000000,0.000000,0.796700,0
404,09:29:34.023,ROI,160,160,224,224,8.380000,55.170000,7.450000,0.000000,18.120000,549.720000,91.810000,549.540000,91.670000,548.563954,91.634569,36.980000,35.759058,22.159007,23.368145,24.918642,28.347037,99.750000,74.800000,0.919200,18.150000,36.980000,0.000000,0.000000,0.794000,0
405,09:29:34.072,ROI,160,160,224,224,9.120000,43.750000,19.300000,0.000000,22.860000,550.270000,90.970000,551.090000,90.800000,550.841146,90.654700,33.680000,33.227585,29.305076,22.800426,23.282069,25.366981,99.720000,73.400000,0.967000,16.620000,33.680000,0.000000,0.000000,0.828900,0
406,09:29:34.134,ROI,160,160,224,224,11.930000,58.950000,7.450000,0.000000,16.960000,554.520000,89.490000,553.840000,89.760000,553.326454,89.733150,34.560000,31.873308,20.715707,20.026524,20.344738,21.886335,99.960000,74.550000,0.883700,17.150000,34.560000,0.000000,0.000000,0.792000,0
407,09:29:34.198,ROI,160,160,224,224,9.650000,55.450000,7.600000,0.000000,18.030000,554.360000,89.100000,555.410000,89.070000,555.611992,88.909612,34.120000,30.838527,23.725030,19.592129,19.815400,19.118256,99.990000,75.010000,0.986500,16.140000,34.120000,0.870000,53.170000,0.807700,0
408,09:29:34.246,ROI,160,160,224,224,10.040000,42.420000,0.000000,0.000000,23.570000,557.950000,87.370000,557.760000,87.940000,557.985527,88.017804,35.080000,30.577438,25.680624,19.855781,20.592696,17.198959,102.350000,74.800000,0.891100,16.070000,35.080000,0.530000,54.020000,0.799400,0
409,09:29:34.376,ROI,160,160,224,224,11.350000,125.220000,3.275000,0.000000,7.990000,561.030000,85.470000,560.430000,86.560000,560.513762,86.966638,32.450000,29.983508,27.332359,21.393725,22.576100,16.667393,103.870000,74.900000,0.896500,15.000000,32.450000,0.760000,42.800000,0.830100,0
410,09:29:34.422,ROI,160,160,224,224,10.040000,37.890000,11.650000,0.000000,26.390000,562.290000,84.710000,562.750000,85.200000,563.048288,85.811138,29.590000,29.042031,30.379126,23.481487,24.508414,17.037842,103.460000,72.690000,0.947500,15.130000,29.590000,0.000000,0.000000,0.825600,0
411,09:29:34.488,ROI,160,160,224,224,9.680000,59.460000,7.100000,0.000000,16.820000,563.930000,84.250000,564.730000,84.050000,565.361773,84.673065,30.930000,29.159088,30.148366,26.255035,26.193969,18.461746,104.660000,73.080000,0.956800,15.110000,30.930000,0.000000,0.000000,0.812200,0
412,09:29:34.550,ROI,160,160,224,224,10.310000,57.000000,7.500000,0.000000,17.540000,567.270000,83.020000,567.230000,82.840000,567.702862,83.458619,28.200000,28.337754,25.826982,27.791152,27.418153,20.740363,103.980000,70.940000,0.907300,15.110000,28.200000,0.000000,0.000000,0.794800,0
413,09:29:34.600,ROI,160,160,224,224,9.860000,43.140000,10.100000,0.000000,23.180000,568.320000,83.200000,569.110000,82.300000,569.869300,82.467504,25.330000,26.933931,16.025867,24.703811,24.583434,21.889093,103.780000,69.970000,0.966800,15.200000,25.330000,0.000000,0.000000,0.767800,0
414,09:29:34.662,ROI,160,160,224,224,10.000000,56.240000,7.550000,0.000000,17.780000,571.880000,82.350000,571.550000,81.750000,572.057996,81.591138,23.620000,25.479715,12.702732,22.431342,21.821422,22.565483,102.630000,69.170000,0.911300,16.670000,23.620000,0.000000,0.000000,0.796200,0
415,09:29:34.726,ROI,160,160,224,224,9.940000,57.140000,7.325000,0.000000,17.500000,573.520000,81.540000,573.650000,81.210000,574.208823,80.826238,25.740000,25.218823,14.420773,19.700362,19.576946,22.424317,103.910000,70.340000,0.946700,15.530000,25.740000,0.000000,0.000000,0.766900,0
416,09:29:34.840,ROI,160,160,224,224,9.930000,107.520000,7.600000,0.000000,9.300000,578.430000,79.730000,576.870000,80.170000,576.710050,79.963842,25.520000,24.722338,17.899490,18.619878,19.023643,22.353731,104.940000,69.090000,0.866200,17.890000,25.520000,0.000000,0.000000,0.874100,0
417,09:29:34.902,ROI,160,160,224,224,9.970000,55.690000,7.525000,0.000000,17.960000,581.610000,79.040000,580.400000,79.170000,579.555615,79.076923,22.160000,23.608204,15.816690,17.174632,17.311458,21.703480,105.560000,69.650000,0.923400,18.190000,22.160000,0.000000,0.000000,0.888300,0
418,09:29:34.950,ROI,160,160,224,224,9.180000,41.360000,0.000000,0.000000,24.180000,583.410000,79.000000,583.340000,78.670000,582.454608,78.364765,25.140000,23.431115,9.651833,14.048736,13.801806,19.768673,105.080000,70.950000,0.949100,16.080000,25.140000,0.000000,0.000000,0.856700,0
419,09:29:35.016,ROI,160,160,224,224,9.850000,60.080000,14.000000,0.000000,16.640000,586.290000,78.110000,586.340000,77.970000,585.422846,77.731181,24.480000,23.367165,13.134022,12.404644,12.049229,17.400582,106.090000,70.480000,0.923800,15.790000,24.480000,0.000000,0.000000,0.876400,0
420,09:29:35.078,ROI,160,160,224,224,9.830000,56.520000,15.075000,0.000000,17.690000,589.050000,77.340000,589.330000,77.350000,588.502558,77.166958,22.640000,23.003438,11.714713,9.834122,10.381825,14.422366,105.490000,70.780000,0.929200,13.920000,22.640000,0.000000,0.000000,0.854300,0
421,09:29:35.126,ROI,160,160,224,224,9.160000,40.240000,21.050000,0.000000,24.850000,590.620000,77.010000,591.690000,76.900000,591.433015,76.656677,19.500000,22.079396,10.795454,9.367639,9.877876,12.077082,108.230000,70.530000,0.962400,13.190000,19.500000,0.000000,0.000000,0.894300,0
422,09:29:35.256,ROI,160,160,224,224,9.810000,124.920000,3.250000,0.000000,8.010000,594.900000,76.960000,594.690000,76.700000,594.477804,76.229304,15.430000,19.711131,3.814075,7.240966,7.989961,9.931039,104.550000,70.590000,0.921300,15.410000,15.430000,0.000000,0.000000,0.907200,0
423,09:29:35.302,ROI,160,160,224,224,9.780000,40.160000,21.900000,0.000000,24.900000,596.380000,76.270000,597.180000,76.330000,597.445685,75.920212,19.420000,18.961988,8.451985,4.832389,5.945680,7.158960,106.390000,70.310000,0.953900,13.200000,19.420000,0.000000,0.000000,0.879800,0
424,09:29:35.366,ROI,160,160,224,224,9.930000,58.120000,7.275000,0.000000,17.210000,597.400000,75.980000,599.090000,75.950000,600.164219,75.603904,20.540000,19.041131,11.252233,5.853487,6.636653,5.363590,106.530000,70.700000,0.972900,13.280000,20.540000,0.000000,0.000000,0.871600,0
425,09:29:35.430,ROI,160,160,224,224,10.120000,57.860000,14.625000,0.000000,17.280000,600.700000,75.190000,601.450000,75.390000,602.752238,75.312231,17.860000,17.975769,13.348727,6.386867,6.430175,3.678014,106.120000,69.080000,0.918900,15.020000,17.860000,0.000000,0.000000,0.909700,0
426,09:29:35.478,ROI,160,160,224,224,10.470000,41.050000,21.075000,0.000000,24.360000,601.710000,75.180000,603.050000,75.050000,604.904185,75.067362,16.950000,17.108850,11.996899,7.852254,6.491745,2.779822,107.870000,68.430000,0.972300,14.080000,16.950000,0.000000,0.000000,0.879300,0
427,09:29:35.544,ROI,160,160,224,224,10.750000,59.040000,0.000000,0.000000,16.940000,604.070000,74.820000,604.820000,74.820000,606.834492,74.875362,15.670000,16.224919,7.403729,7.235960,5.680299,1.863200,106.970000,67.060000,0.938200,15.150000,15.670000,0.000000,0.000000,0.925600,0
428,09:29:35.607,ROI,160,160,224,224,11.510000,57.570000,7.625000,0.000000,17.370000,605.890000,74.770000,606.380000,74.850000,608.462215,74.796315,13.100000,14.774481,-1.101706,4.827690,2.780237,0.602488,106.330000,66.300000,0.955600,14.430000,13.100000,0.000000,0.000000,0.880500,0
429,09:29:35.654,ROI,160,160,224,224,8.870000,36.610000,0.000000,0.000000,27.310000,609.100000,74.070000,608.420000,74.420000,610.098004,74.636192,12.610000,13.783531,11.902812,6.435028,5.590724,0.828181,105.220000,65.730000,0.921800,14.600000,12.610000,0.000000,0.000000,0.930300,0
430,09:29:35.782,ROI,160,160,224,224,10.180000,122.770000,3.300000,0.000000,8.150000,614.880000,74.190000,611.900000,74.350000,612.100904,74.523627,6.890000,11.127788,1.152346,5.395177,3.216708,0.883120,103.770000,65.790000,0.892300,13.640000,6.890000,0.000000,0.000000,0.912700,0
431,09:29:35.830,ROI,160,160,224,224,8.470000,38.700000,10.675000,0.000000,25.840000,615.720000,73.710000,614.580000,73.960000,614.291808,74.295100,8.160000,9.383950,8.279699,6.797549,5.954825,2.269918,103.990000,63.760000,0.953800,13.350000,8.160000,0.000000,0.000000,0.862900,0
432,09:29:35.894,ROI,160,160,224,224,9.740000,59.220000,14.150000,0.000000,16.890000,619.660000,73.890000,618.020000,73.830000,616.835862,74.077242,4.350000,6.602023,2.164218,5.983000,4.894530,3.426209,102.720000,63.950000,0.921500,13.230000,4.350000,0.000000,0.000000,0.858800,0
433,09:29:35.958,ROI,160,160,224,224,9.630000,57.520000,7.275000,0.000000,17.390000,619.760000,73.500000,620.130000,73.600000,619.222638,73.863304,4.840000,4.662842,6.220950,6.415142,5.122012,4.582893,103.290000,62.750000,0.975800,12.060000,4.840000,0.000000,0.000000,0.843900,0
434,09:29:36.007,ROI,160,160,224,224,9.280000,40.090000,20.200000,0.000000,24.940000,623.970000,73.610000,623.180000,73.520000,621.810204,73.711573,4.850000,3.403488,1.502496,4.752946,3.355892,4.959090,104.120000,63.130000,0.916600,13.200000,4.850000,0.000000,0.000000,0.872400,0
435,09:29:36.070,ROI,160,160,224,224,9.730000,57.560000,14.725000,0.000000,17.370000,625.390000,73.260000,625.520000,73.380000,624.391954,73.585408,3.570000,1.895335,3.423871,3.566931,2.797714,4.918750,102.310000,61.540000,0.948500,12.870000,3.570000,0.000000,0.000000,0.833600,0
436,09:29:36.134,ROI,160,160,224,224,9.300000,57.250000,7.300000,0.000000,17.470000,627.250000,73.150000,627.870000,73.230000,626.936900,73.497519,1.740000,0.389965,3.652223,2.626274,1.977895,4.316542,101.110000,61.890000,0.958800,13.190000,1.740000,0.000000,0.000000,0.838000,0
437,09:29:36.182,ROI,160,160,224,224,9.860000,42.970000,10.125000,0.000000,23.270000,630.260000,72.320000,630.270000,72.890000,629.549369,73.318785,0.330000,-0.861512,8.063246,4.007694,3.913847,4.442424,100.270000,62.370000,0.918000,13.500000,0.330000,0.000000,0.000000,0.841500,0
438,09:29:36.310,ROI,160,160,224,224,9.890000,121.780000,0.000000,0.000000,8.210000,635.960000,72.700000,634.160000,72.790000,632.666935,73.129400,-0.300000,-1.668612,1.472575,3.469622,3.476309,4.444807,101.370000,64.230000,0.868300,12.680000,-0.300000,0.000000,0.000000,0.828200,0
439,09:29:36.359,ROI,160,160,224,224,12.280000,44.070000,10.125000,0.000000,22.690000,636.510000,73.120000,637.050000,72.820000,635.947404,72.960604,-1.780000,-2.775904,-0.594745,2.271208,2.945550,4.283144,100.830000,64.020000,0.976400,12.180000,-1.780000,0.000000,0.000000,0.784700,0
440,09:29:36.423,ROI,160,160,224,224,12.710000,57.730000,7.750000,0.000000,17.320000,641.100000,72.910000,640.650000,72.760000,639.482796,72.831769,-1.720000,-3.499250,0.954841,1.341826,2.087014,3.688511,99.610000,63.600000,0.906800,12.390000,-1.720000,0.000000,0.000000,0.811000,0
441,09:29:36.486,ROI,160,160,224,224,9.680000,53.750000,7.850000,0.000000,18.600000,641.920000,73.290000,643.180000,72.910000,642.819935,72.817323,-0.820000,-3.278504,-3.393011,-0.781666,0.248026,2.496230,98.990000,65.170000,0.960100,11.830000,-0.820000,0.000000,0.000000,0.801400,0
442,09:29:36.534,ROI,160,160,224,224,9.300000,41.020000,10.300000,0.000000,24.380000,646.070000,73.560000,646.400000,73.090000,646.224342,72.867985,-1.320000,-3.369996,-3.199540,-1.895462,-0.852565,1.265957,99.020000,64.260000,0.907300,12.250000,-1.320000,0.000000,0.000000,0.807800,0
443,09:29:36.598,ROI,160,160,224,224,7.800000,56.160000,14.500000,0.000000,17.810000,646.590000,73.860000,648.380000,73.460000,649.248581,73.055842,-1.230000,-3.312038,-10.584708,-5.459271,-3.554495,-0.600195,98.660000,64.250000,0.980100,13.130000,-1.230000,0.000000,0.000000,0.798300,0
444,09:29:36.664,ROI,160,160,224,224,9.820000,62.110000,6.800000,0.000000,16.100000,651.040000,74.190000,651.220000,73.910000,652.187077,73.383588,-2.460000,-3.458085,-9.003704,-7.803991,-6.364200,-2.992165,97.590000,63.630000,0.904400,12.350000,-2.460000,0.000000,0.000000,0.781100,0
445,09:29:36.710,ROI,160,160,224,224,11.650000,42.310000,10.950000,0.000000,23.630000,651.920000,74.260000,653.040000,74.310000,654.763819,73.797946,-3.600000,-3.577885,-12.395407,-10.694809,-9.135344,-5.889438,99.320000,64.180000,0.973800,13.190000,-3.600000,0.000000,0.000000,0.802800,0
446,09:29:36.838,ROI,160,160,224,224,10.160000,119.240000,0.000000,0.000000,8.390000,657.340000,74.690000,656.300000,74.700000,657.406385,74.248323,-5.060000,-3.568527,-6.821981,-10.380968,-9.672084,-8.305885,98.690000,64.020000,0.884800,13.390000,-5.060000,0.000000,0.000000,0.792600,0
447,09:29:36.886,ROI,160,160,224,224,9.600000,39.870000,21.100000,0.000000,25.080000,660.150000,75.050000,659.500000,75.100000,660.104831,74.736796,-6.370000,-4.239362,-7.125016,-10.290038,-10.260579,-10.207999,98.210000,63.030000,0.930200,13.170000,-6.370000,0.000000,0.000000,0.738900,0
448,09:29:36.950,ROI,160,160,224,224,9.970000,58.330000,0.000000,0.000000,17.140000,661.370000,75.360000,661.870000,75.540000,662.636992,75.263554,-4.690000,-4.448173,-10.517446,-11.387926,-11.751460,-12.180784,99.670000,63.500000,0.966200,13.950000,-4.690000,0.000000,0.000000,0.824500,0
449,09:29:36.998,ROI,160,160,224,224,9.240000,40.210000,10.450000,0.000000,24.870000,663.240000,75.640000,663.960000,75.920000,664.896665,75.819419,-5.460000,-4.733004,-10.304846,-12.431686,-13.820000,-14.308231,99.670000,64.120000,0.954100,13.280000,-5.460000,0.000000,0.000000,0.805900,0
450,09:29:37.062,ROI,160,160,224,224,10.040000,58.990000,14.425000,0.000000,16.950000,666.750000,75.950000,666.550000,76.240000,667.176012,76.358708,-6.610000,-5.385827,-7.043321,-12.196848,-13.311281,-15.756359,99.970000,65.300000,0.915800,13.580000,-6.610000,0.000000,0.000000,0.749500,0
451,09:29:37.126,ROI,160,160,224,224,10.750000,55.530000,14.725000,0.000000,18.010000,668.180000,76.590000,668.560000,76.690000,669.309796,76.908019,-5.110000,-5.508588,-12.619322,-13.303561,-14.436490,-17.043972,100.250000,64.780000,0.953000,14.380000,-5.110000,0.000000,0.000000,0.825500,0
452,09:29:37.238,ROI,160,160,224,224,8.070000,103.280000,0.000000,0.000000,9.680000,673.140000,77.710000,671.900000,77.460000,671.816627,77.527123,-10.180000,-7.152735,-12.982088,-13.198408,-13.872558,-17.356266,100.690000,66.280000,0.876900,16.220000,-10.180000,0.000000,0.000000,0.844300,0
453,09:29:37.304,ROI,160,160,224,224,14.630000,66.130000,6.875000,0.000000,15.120000,676.290000,78.040000,675.310000,78.090000,674.666869,78.194596,-8.900000,-8.265515,-10.467408,-13.370492,-13.180083,-17.356944,100.090000,66.510000,0.930300,16.420000,-8.900000,0.000000,0.000000,0.818800,0
454,09:29:37.351,ROI,160,160,224,224,18.570000,44.280000,0.000000,0.000000,22.580000,677.740000,77.950000,677.970000,78.460000,677.433419,78.776823,-7.230000,-8.205723,-7.918902,-11.537064,-11.884599,-16.418365,100.160000,65.900000,0.962700,16.420000,-7.230000,0.000000,0.000000,0.796400,0
455,09:29:37.415,ROI,160,160,224,224,14.430000,51.740000,8.750000,0.000000,19.330000,681.840000,78.610000,681.340000,78.870000,680.421588,79.324119,-9.780000,-9.133923,-6.936613,-10.221561,-10.378935,-15.157529,99.510000,66.370000,0.903500,16.100000,-9.780000,0.000000,0.000000,0.869300,0
456,09:29:37.479,ROI,160,160,224,224,20.100000,59.780000,8.100000,0.000000,16.730000,683.210000,79.690000,683.880000,79.550000,683.242373,79.900035,-10.620000,-9.841612,-14.987562,-11.020208,-11.539399,-14.196085,98.070000,67.960000,0.942500,17.500000,-10.620000,0.000000,0.000000,0.848100,0
457,09:29:37.527,ROI,160,160,224,224,13.180000,33.300000,14.250000,0.000000,30.030000,686.190000,80.050000,686.520000,80.110000,686.080215,80.467323,-11.080000,-10.617788,-11.976132,-11.070112,-11.304497,-13.209805,99.060000,67.240000,0.931600,16.930000,-11.080000,0.000000,0.000000,0.896200,0
458,09:29:37.655,ROI,160,160,224,224,11.020000,117.500000,0.000000,0.000000,8.510000,690.450000,81.440000,689.660000,81.040000,689.007854,81.127115,-14.890000,-12.523704,-16.498148,-12.062144,-12.700382,-12.554054,100.720000,67.370000,0.882600,17.860000,-14.890000,0.000000,0.000000,0.920800,0
459,09:29:37.703,ROI,160,160,224,224,9.170000,37.430000,0.000000,0.000000,26.720000,691.600000,81.900000,691.970000,81.800000,691.818496,81.812300,-16.580000,-14.584492,-18.211429,-13.575442,-13.700459,-12.173142,101.850000,67.900000,0.964500,17.230000,-16.580000,0.000000,0.000000,0.905700,0
460,09:29:37.767,ROI,160,160,224,224,9.610000,57.100000,7.225000,0.000000,17.510000,692.920000,82.100000,694.060000,82.360000,694.482008,82.455127,-15.340000,-15.733508,-14.999647,-13.884513,-13.568612,-11.660570,102.420000,67.610000,0.968900,16.830000,-15.340000,0.000000,0.000000,0.913600,0
461,09:29:37.832,ROI,160,160,224,224,14.280000,63.420000,7.100000,0.000000,15.770000,696.540000,83.090000,696.560000,83.050000,697.175119,83.129888,-18.070000,-17.358231,-15.429505,-14.933659,-14.065948,-11.598980,101.500000,68.240000,0.905500,17.270000,-18.070000,0.000000,0.000000,0.918800,0
462,09:29:37.879,ROI,160,160,224,224,14.540000,39.050000,12.150000,0.000000,25.610000,698.390000,82.840000,698.950000,83.390000,699.704315,83.707612,-21.350000,-19.598019,-8.096537,-13.098217,-12.866844,-11.262000,100.730000,68.540000,0.957000,18.860000,-21.350000,0.000000,0.000000,0.854300,0
463,09:29:37.943,ROI,160,160,224,224,13.900000,55.170000,7.975000,0.000000,18.130000,702.190000,84.410000,701.680000,84.180000,702.277350,84.340819,-18.740000,-20.342619,-16.139243,-14.056381,-13.825403,-11.440315,100.130000,68.110000,0.887100,17.340000,-18.740000,0.000000,0.000000,0.923200,0
464,09:29:38.007,ROI,160,160,224,224,10.930000,52.680000,7.975000,0.000000,18.980000,703.290000,85.250000,703.910000,85.050000,704.636842,85.064515,-25.850000,-23.042000,-21.312474,-16.878757,-17.051661,-12.807486,99.510000,69.480000,0.954900,16.910000,-25.850000,0.000000,0.000000,0.908100,0
465,09:29:38.056,ROI,160,160,224,224,9.420000,40.240000,10.525000,0.000000,24.850000,707.210000,85.880000,706.690000,85.850000,707.079838,85.830715,-22.820000,-24.263785,-16.054220,-17.353299,-17.413056,-14.188912,97.220000,69.400000,0.907200,17.180000,-22.820000,0.000000,0.000000,0.866800,0
466,09:29:38.184,ROI,160,160,224,224,14.580000,126.460000,3.300000,0.000000,7.910000,711.690000,88.020000,710.080000,87.260000,709.711277,86.829588,-26.590000,-26.288427,-22.583853,-19.992971,-20.786363,-16.618375,96.710000,71.920000,0.860400,17.500000,-26.590000,0.000000,0.000000,0.858800,0
467,09:29:38.232,ROI,160,160,224,224,11.360000,36.380000,12.025000,0.000000,27.490000,712.460000,88.000000,712.450000,88.110000,712.299081,87.827646,-24.130000,-27.070681,-19.730361,-20.573554,-21.090504,-18.764569,98.380000,71.250000,0.974000,18.060000,-24.130000,0.000000,0.000000,0.883700,0
468,09:29:38.295,ROI,160,160,224,224,10.940000,53.800000,0.000000,0.000000,18.590000,715.890000,88.860000,715.480000,88.980000,714.987942,88.816504,-26.440000,-28.195912,-16.020292,-19.871113,-20.191540,-20.183101,97.900000,71.710000,0.911100,17.350000,-26.440000,0.000000,0.000000,0.864900,0
469,09:29:38.360,ROI,160,160,224,224,11.560000,57.410000,0.000000,0.000000,17.420000,717.040000,89.080000,717.630000,89.610000,717.599108,89.718727,-27.660000,-29.245873,-16.331812,-18.838808,-19.061314,-20.807133,97.890000,71.360000,0.970700,17.290000,-27.660000,0.000000,0.000000,0.884700,0
470,09:29:38.407,ROI,160,160,224,224,9.670000,37.480000,11.100000,0.000000,26.680000,719.700000,90.750000,720.090000,90.590000,720.113312,90.656169,-26.900000,-29.532065,-21.721051,-20.091314,-20.448399,-21.720058,96.290000,72.350000,0.905000,17.720000,-26.900000,0.000000,0.000000,0.882300,0
471,09:29:38.472,ROI,160,160,224,224,7.840000,56.090000,7.225000,0.000000,17.830000,721.550000,91.200000,722.130000,91.380000,722.393485,91.558985,-28.830000,-30.004827,-21.169139,-20.955941,-21.600673,-22.784688,96.680000,72.550000,0.950800,16.860000,-28.830000,0.000000,0.000000,0.853200,0
472,09:29:38.535,ROI,160,160,224,224,8.900000,58.330000,7.150000,0.000000,17.150000,724.430000,93.020000,724.580000,92.580000,724.684742,92.556692,-28.780000,-30.337238,-26.095424,-22.867267,-23.530287,-24.093713,97.480000,72.270000,0.897400,18.350000,-28.780000,0.000000,0.000000,0.895000,0
473,09:29:38.584,ROI,160,160,224,224,10.390000,45.140000,9.700000,0.000000,22.150000,726.230000,94.010000,726.550000,93.770000,726.886969,93.635850,-34.290000,-32.152035,-31.134533,-25.972530,-26.106249,-25.664058,95.900000,73.120000,0.938100,16.910000,-34.290000,0.000000,0.000000,0.854300,0
474,09:29:38.711,ROI,160,160,192,192,7.430000,116.890000,6.750000,0.000000,8.550000,729.780000,95.940000,729.230000,95.320000,729.218592,94.906835,-32.800000,-32.943431,-30.043294,-28.503044,-28.595121,-27.617930,95.960000,73.920000,0.882700,15.760000,-32.800000,0.000000,0.000000,0.851200,0
475,09:29:38.759,ROI,160,160,192,192,7.530000,41.450000,0.000000,0.000000,24.130000,730.720000,96.660000,731.010000,96.620000,731.462096,96.248462,-34.090000,-34.071892,-36.142041,-31.914272,-30.879642,-29.623348,94.760000,72.100000,0.956400,15.340000,-34.090000,0.000000,0.000000,0.840700,0
476,09:29:38.824,ROI,160,160,192,192,7.380000,58.590000,0.000000,0.000000,17.070000,734.040000,98.110000,733.560000,98.030000,733.764312,97.643188,-35.390000,-34.812612,-28.940013,-32.163379,-31.208297,-31.162113,96.110000,73.570000,0.897200,15.410000,-35.390000,0.000000,0.000000,0.853800,0
477,09:29:38.889,ROI,160,160,224,224,16.430000,68.640000,0.000000,0.000000,14.570000,735.970000,98.980000,735.990000,99.270000,736.051435,99.026412,-34.580000,-35.127235,-27.034678,-31.751557,-31.165018,-32.200311,95.410000,73.320000,0.938500,15.510000,-34.580000,0.000000,0.000000,0.842400,0
478,09:29:38.936,ROI,160,160,192,192,19.350000,39.120000,26.200000,19.250000,25.560000,738.080000,100.200000,738.230000,100.510000,738.330281,100.419685,-35.520000,-35.813023,-28.967661,-32.168495,-31.441369,-33.011870,96.590000,75.340000,0.926700,14.820000,-35.520000,0.970000,-33.120000,0.831300,0
479,09:29:38.999,ROI,160,160,224,224,15.850000,49.510000,0.000000,0.000000,20.200000,740.250000,101.460000,740.330000,101.750000,740.477277,101.819808,-35.240000,-36.069885,-30.560839,-33.174622,-33.109623,-34.173403,97.430000,74.690000,0.925300,16.300000,-35.240000,0.000000,0.000000,0.774600,0
480,09:29:39.065,ROI,160,160,224,224,17.470000,59.870000,7.975000,0.000000,16.700000,742.620000,102.650000,742.540000,102.930000,742.618369,103.177446,-35.190000,-36.206358,-28.099393,-32.384894,-32.378246,-34.634712,97.400000,74.630000,0.923400,16.960000,-35.190000,0.000000,0.000000,0.769300,0
481,09:29:39.112,ROI,160,160,224,224,17.050000,38.060000,13.550000,0.000000,26.270000,744.880000,103.190000,744.570000,103.830000,744.693350,104.417400,-33.530000,-35.823538,-23.910092,-30.528766,-30.861427,-34.399048,98.140000,73.770000,0.941100,18.140000,-33.530000,0.280000,-32.470000,0.796300,0
482,09:29:39.240,ROI,160,160,224,224,18.730000,121.870000,0.000000,0.000000,8.210000,748.770000,106.890000,747.490000,105.880000,746.937323,105.880538,-35.360000,-35.778381,-35.070958,-31.948918,-33.105569,-34.630616,97.820000,77.380000,0.840500,15.480000,-35.360000,0.550000,-31.790000,0.731600,0
483,09:29:39.305,ROI,160,160,224,224,20.550000,57.700000,0.000000,128.550000,17.330000,751.330000,109.580000,750.460000,108.350000,749.414912,107.668827,-40.970000,-37.379346,-39.748598,-34.210511,-35.821221,-35.431229,96.210000,80.300000,0.887800,14.370000,-40.970000,0.580000,-49.920000,0.776000,0
484,09:29:39.351,ROI,160,160,224,224,8.350000,26.040000,0.000000,0.000000,38.400000,752.580000,110.450000,752.720000,110.290000,751.901904,109.574215,-41.170000,-38.985412,-40.643025,-36.481141,-37.457230,-36.494567,94.720000,81.000000,0.953700,13.840000,-41.170000,0.000000,0.000000,0.780100,0
485,09:29:39.415,ROI,160,160,192,192,8.130000,57.740000,7.100000,0.000000,17.320000,756.020000,111.250000,755.600000,111.800000,754.567881,111.421588,-43.580000,-40.937923,-27.668272,-34.047990,-34.719797,-36.352305,92.020000,79.620000,0.911000,13.850000,-43.580000,0.000000,0.000000,0.805400,0
486,09:29:39.464,ROI,160,160,192,192,8.300000,42.750000,0.000000,0.000000,23.390000,758.040000,111.180000,758.120000,112.650000,757.286777,113.045096,-39.680000,-41.020296,-18.639332,-29.899631,-30.842277,-35.068159,91.920000,77.440000,0.931300,14.210000,-39.680000,0.000000,0.000000,0.793000,0
487,09:29:39.527,ROI,160,160,192,192,9.590000,57.800000,0.000000,38.575000,17.300000,759.860000,112.460000,760.380000,113.500000,759.932854,114.441004,-40.710000,-41.711608,-20.611591,-26.434469,-27.813377,-32.973227,91.860000,77.500000,0.930400,14.350000,-40.710000,0.000000,0.000000,0.784200,0
488,09:29:39.640,ROI,160,160,192,192,16.580000,114.680000,0.000000,22.225000,8.720000,762.000000,114.050000,762.760000,114.600000,762.607035,115.715500,-47.050000,-43.610954,-24.805666,-24.335283,-25.482148,-30.195726,90.220000,77.870000,0.916700,14.560000,-47.050000,0.000000,0.000000,0.806400,0
489,09:29:39.703,ROI,160,160,192,192,7.820000,45.140000,0.000000,0.000000,22.160000,762.980000,116.940000,764.480000,116.390000,765.042208,117.117769,-53.010000,-47.333142,-46.142499,-29.962800,-29.935044,-29.303546,90.730000,80.760000,0.910300,14.310000,-53.010000,0.000000,0.000000,0.828800,0
490,09:29:39.768,ROI,160,160,192,192,7.890000,58.420000,13.925000,0.000000,17.120000,764.050000,117.690000,765.670000,117.770000,767.018312,118.428858,-50.850000,-49.330127,-49.228183,-35.131910,-33.563138,-29.442262,90.840000,79.580000,0.958800,13.550000,-50.850000,0.000000,0.000000,0.751600,0
491,09:29:39.832,ROI,160,160,192,192,8.650000,59.220000,0.000000,0.000000,16.890000,767.530000,120.110000,767.660000,119.590000,768.942346,119.847935,-54.500000,-52.311454,-42.445190,-37.562049,-36.410730,-30.470112,86.320000,79.400000,0.871800,13.450000,-54.500000,0.000000,0.000000,0.833600,0
492,09:29:39.879,ROI,160,160,192,192,9.040000,41.360000,20.750000,0.000000,24.180000,767.660000,121.610000,768.720000,121.230000,770.450200,121.303254,-49.930000,-53.060742,-57.123738,-44.774640,-43.984299,-33.932367,88.140000,80.560000,0.943500,14.280000,-49.930000,0.770000,-44.530000,0.803100,0
493,09:29:39.942,ROI,160,160,192,192,7.870000,55.500000,14.650000,0.000000,18.020000,769.870000,122.750000,770.130000,122.730000,771.799169,122.780669,-54.230000,-54.805862,-46.771470,-47.753970,-47.602039,-38.295362,86.700000,78.240000,0.923800,13.670000,-54.230000,0.000000,0.000000,0.821600,0
494,09:29:39.990,ROI,160,160,192,192,7.820000,42.150000,9.875000,0.000000,23.730000,771.200000,122.960000,771.190000,123.670000,772.883923,124.078254,-51.500000,-55.369446,-41.566370,-48.193611,-50.105076,-42.836497,86.920000,78.880000,0.962200,14.360000,-51.500000,0.000000,0.000000,0.825600,0
495,09:29:40.054,ROI,160,160,192,192,7.780000,56.550000,14.050000,0.000000,17.680000,773.270000,126.280000,772.560000,125.460000,773.903881,125.529792,-55.520000,-56.842850,-52.570889,-52.178357,-54.905301,-48.240935,87.020000,80.840000,0.878900,13.800000,-55.520000,0.000000,0.000000,0.852400,0
496,09:29:40.182,ROI,160,160,192,192,7.810000,121.910000,3.275000,0.000000,8.200000,776.060000,130.000000,774.670000,128.260000,775.087015,127.408069,-61.170000,-59.800431,-52.999365,-55.174084,-57.793000,-53.618590,85.120000,82.680000,0.858300,14.050000,-61.170000,0.000000,0.000000,0.860500,0
497,09:29:40.232,ROI,160,160,192,192,7.770000,42.770000,19.200000,0.000000,23.380000,777.370000,130.900000,776.420000,130.470000,776.364135,129.462831,-60.010000,-61.184962,-51.625875,-56.493452,-58.137340,-57.977591,84.660000,82.010000,0.949000,13.890000,-60.010000,0.000000,0.000000,0.853000,0
498,09:29:40.296,ROI,160,160,192,192,7.800000,58.600000,6.950000,0.000000,17.060000,779.660000,133.370000,778.550000,132.900000,777.789965,131.693254,-63.320000,-63.261538,-48.764035,-56.401956,-57.410654,-60.998060,84.430000,83.060000,0.893300,14.300000,-63.320000,0.000000,0.000000,0.862700,0
499,09:29:40.360,ROI,160,160,192,192,8.230000,58.400000,0.000000,0.000000,17.120000,781.020000,134.150000,780.390000,134.700000,779.357735,133.881762,-65.000000,-65.148327,-44.370401,-53.784600,-54.383532,-62.033709,82.340000,81.360000,0.948300,14.070000,-65.000000,0.000000,0.000000,0.851400,0
500,09:29:40.409,ROI,160,160,192,192,8.280000,42.920000,19.375000,0.000000,23.300000,781.440000,136.030000,781.720000,136.560000,780.830827,136.032119,-66.030000,-66.614735,-54.433194,-54.971230,-55.587092,-62.855748,81.180000,82.100000,0.942000,12.860000,-66.030000,0.000000,0.000000,0.818400,0
501,09:29:40.470,ROI,160,160,192,192,7.670000,54.630000,14.925000,0.000000,18.300000,782.200000,137.420000,782.720000,138.140000,782.137377,138.069069,-67.400000,-68.045927,-57.669814,-56.916629,-57.322886,-63.694668,80.990000,82.360000,0.949200,13.430000,-67.400000,0.000000,0.000000,0.827900,0
502,09:29:40.520,ROI,160,160,192,192,7.830000,44.030000,9.375000,0.000000,22.710000,783.070000,137.910000,783.630000,139.250000,783.308162,139.858700,-67.240000,-68.813904,-50.654421,-55.877156,-56.807105,-63.797309,82.680000,81.940000,0.967400,13.270000,-67.240000,0.000000,0.000000,0.817100,0
503,09:29:40.647,ROI,160,160,192,192,8.130000,121.510000,6.575000,0.000000,8.230000,784.550000,140.290000,784.640000,140.720000,784.435096,141.557635,-66.950000,-69.126715,-55.508022,-56.087136,-56.442951,-63.154560,82.380000,82.120000,0.911400,14.220000,-66.950000,0.000000,0.000000,0.826500,0
504,09:29:40.710,ROI,160,160,192,192,7.790000,56.280000,14.400000,0.000000,17.770000,786.270000,142.690000,786.020000,142.580000,785.660188,143.320231,-68.980000,-69.843704,-53.426969,-55.608112,-55.198771,-61.835663,82.750000,83.750000,0.906200,15.000000,-68.980000,0.000000,0.000000,0.835100,0
505,09:29:40.760,ROI,160,160,192,192,13.550000,49.440000,18.950000,0.000000,20.220000,787.800000,143.630000,787.390000,144.050000,787.012588,145.062531,-72.340000,-71.607962,-47.016624,-53.578952,-52.180837,-59.557320,80.590000,82.150000,0.941700,13.930000,-72.340000,0.000000,0.000000,0.789300,0
506,09:29:40.824,ROI,160,160,192,192,7.810000,50.230000,7.850000,0.000000,19.910000,787.740000,146.470000,788.270000,146.070000,788.239181,146.855758,-71.210000,-72.572227,-66.459961,-56.924528,-55.627326,-58.216874,82.980000,84.580000,0.907800,14.500000,-71.210000,0.000000,0.000000,0.807900,0
507,09:29:40.887,ROI,160,160,192,192,7.720000,57.270000,7.125000,0.000000,17.460000,788.900000,148.680000,789.190000,148.180000,789.348331,148.643138,-74.410000,-73.779781,-66.441886,-58.875448,-58.178542,-57.281886,80.570000,86.870000,0.923200,15.520000,-74.410000,0.000000,0.000000,0.822400,0
508,09:29:40.935,ROI,160,160,192,192,7.810000,41.780000,19.650000,0.000000,23.930000,790.140000,151.530000,790.180000,150.640000,790.441031,150.547927,-76.170000,-75.193835,-68.078221,-60.366683,-60.158853,-56.549827,79.280000,88.740000,0.909500,15.120000,-76.170000,0.000000,0.000000,0.825400,0
509,09:29:41.000,ROI,160,160,192,192,8.020000,59.520000,0.000000,0.000000,16.800000,790.500000,152.520000,790.830000,152.570000,791.338150,152.401800,-75.370000,-75.750446,-71.387115,-63.646465,-64.176908,-57.134070,78.320000,87.320000,0.965800,15.230000,-75.370000,0.000000,0.000000,0.843000,0
510,09:29:41.062,ROI,160,160,192,192,8.380000,55.520000,14.700000,0.000000,18.010000,792.270000,154.660000,791.820000,154.540000,792.187973,154.293850,-77.050000,-77.109165,-63.318730,-65.045395,-65.812545,-58.404135,77.230000,87.530000,0.911000,13.690000,-77.050000,0.000000,0.000000,0.777400,0
511,09:29:41.112,ROI,160,160,192,192,8.540000,42.930000,9.650000,0.000000,23.300000,792.430000,156.030000,792.370000,156.080000,792.865623,156.106735,-76.240000,-78.050208,-70.346176,-68.952917,-69.504431,-61.092415,77.590000,88.190000,0.965000,14.110000,-76.240000,0.000000,0.000000,0.818900,0
512,09:29:41.240,ROI,160,160,192,192,9.030000,120.120000,6.550000,0.000000,8.330000,794.020000,158.600000,793.380000,158.120000,793.513215,158.015188,-78.500000,-79.033581,-63.660078,-70.444158,-71.256474,-64.555730,78.200000,85.630000,0.906000,15.180000,-78.500000,0.000000,0.000000,0.808100,0
513,09:29:41.286,ROI,160,160,192,192,9.380000,39.970000,21.400000,0.000000,25.020000,794.280000,161.490000,794.120000,160.710000,794.102169,160.121388,-79.960000,-79.616546,-74.054604,-73.195621,-74.377486,-68.544511,78.940000,86.740000,0.926700,16.080000,-79.960000,0.510000,-81.930000,0.833500,0
514,09:29:41.352,ROI,160,160,192,192,7.920000,58.110000,7.000000,0.000000,17.210000,794.440000,162.910000,794.510000,162.980000,794.597400,162.334862,-80.960000,-80.473627,-80.251406,-76.902526,-77.388637,-72.961514,79.780000,88.060000,0.958000,16.060000,-80.960000,0.000000,0.000000,0.825500,0
515,09:29:41.398,ROI,160,160,192,192,8.100000,39.670000,20.925000,0.000000,25.210000,794.610000,163.940000,794.830000,164.830000,794.922588,164.463215,-83.060000,-81.367050,-80.186482,-80.461716,-81.313033,-78.063790,80.160000,87.180000,0.972000,16.800000,-83.060000,0.000000,0.000000,0.821900,0
516,09:29:41.464,ROI,160,160,192,192,8.930000,60.840000,13.650000,0.000000,16.440000,795.620000,165.280000,795.410000,166.320000,795.291469,166.418481,-86.210000,-83.519065,-68.730940,-77.952680,-79.316141,-81.221992,79.340000,86.080000,0.945700,16.020000,-86.210000,0.000000,0.000000,0.829200,0
517,09:29:41.526,ROI,160,160,192,192,8.780000,53.110000,7.475000,41.000000,18.830000,795.590000,165.940000,795.750000,167.310000,795.615531,168.089196,-87.860000,-85.470531,-71.045768,-77.052129,-79.022890,-83.448009,79.600000,84.820000,0.981700,16.750000,-87.860000,0.000000,0.000000,0.843500,0
518,09:29:41.640,ROI,160,160,192,192,8.060000,105.940000,3.750000,0.000000,9.440000,796.910000,168.070000,796.530000,168.560000,796.107285,169.689900,-88.240000,-87.576492,-58.035837,-72.568077,-72.922466,-83.036104,79.560000,87.530000,0.921300,15.100000,-88.240000,0.000000,0.000000,0.834000,0
519,09:29:41.702,ROI,160,160,192,192,8.000000,55.380000,7.325000,0.000000,18.060000,797.210000,171.120000,797.120000,170.560000,796.682738,171.421954,-88.170000,-89.068388,-73.563941,-72.555651,-71.621560,-81.569266,82.080000,86.500000,0.904800,16.710000,-88.170000,0.000000,0.000000,0.870600,0
520,09:29:41.767,ROI,160,160,192,192,8.080000,58.410000,13.975000,0.000000,17.120000,797.370000,172.250000,797.450000,172.160000,797.178292,173.028008,-89.020000,-90.019977,-78.346159,-73.721496,-72.852197,-80.057529,82.040000,85.720000,0.970400,16.720000,-89.020000,0.000000,0.000000,0.822700,0
521,09:29:41.815,ROI,160,160,192,192,10.170000,44.560000,19.475000,0.000000,22.440000,798.040000,175.670000,798.060000,174.570000,797.721023,174.817846,-89.420000,-90.994142,-75.796062,-73.766433,-73.131179,-78.399795,84.640000,85.780000,0.896000,16.540000,-89.420000,0.000000,0.000000,0.878700,0
522,09:29:41.879,ROI,160,160,192,192,8.180000,47.460000,14.925000,0.000000,21.070000,798.410000,176.320000,798.460000,176.360000,798.182181,176.520669,-88.740000,-91.220373,-77.403427,-74.487914,-74.846670,-77.217523,84.310000,85.340000,0.976600,18.350000,-88.740000,0.000000,0.000000,0.861800,0
523,09:29:41.943,ROI,160,160,192,192,8.290000,58.500000,14.050000,0.000000,17.090000,798.280000,178.950000,798.620000,178.450000,798.498600,178.289665,-90.140000,-91.581904,-85.622259,-78.308813,-79.858786,-77.846384,83.390000,85.940000,0.930400,18.300000,-90.140000,0.000000,0.000000,0.870100,0
524,09:29:41.990,ROI,160,160,192,192,8.010000,39.960000,20.625000,0.000000,25.030000,797.980000,180.630000,798.450000,180.200000,798.623419,179.994758,-91.170000,-91.999350,-95.548466,-83.822455,-85.813199,-79.983967,85.320000,87.860000,0.940500,19.470000,-91.170000,0.000000,0.000000,0.868700,0
525,09:29:42.120,ROI,160,160,192,192,8.040000,124.150000,6.425000,0.000000,8.050000,797.980000,183.710000,798.210000,182.520000,798.601377,181.855019,-94.650000,-93.213000,-95.906141,-88.068153,-90.678868,-82.954977,84.640000,87.530000,0.924900,19.520000,-94.650000,0.000000,0.000000,0.907000,0
526,09:29:42.166,ROI,160,160,192,192,7.940000,39.440000,20.975000,0.000000,25.350000,797.320000,184.870000,797.780000,184.620000,798.420042,183.842346,-97.610000,-95.108165,-101.572034,-94.029877,-95.213544,-86.727636,84.140000,85.960000,0.958600,18.500000,-97.610000,0.000000,0.000000,0.875300,0
527,09:29:42.230,ROI,160,160,192,192,7.870000,58.340000,14.000000,0.000000,17.140000,797.410000,186.000000,797.420000,186.330000,798.134904,185.803835,-95.660000,-96.091938,-101.888658,-98.649717,-98.271060,-90.723729,84.290000,85.810000,0.972100,19.290000,-95.660000,0.000000,0.000000,0.881700,0
528,09:29:42.278,ROI,160,160,192,192,8.040000,41.830000,19.850000,0.000000,23.910000,797.820000,188.420000,797.400000,188.420000,797.840973,187.838150,-93.310000,-95.977188,-90.548268,-99.062842,-98.221560,-94.064950,86.110000,88.340000,0.926100,19.000000,-93.310000,0.000000,0.000000,0.841700,0
529,09:29:42.342,ROI,160,160,192,192,8.010000,58.030000,14.100000,0.000000,17.230000,798.190000,193.140000,797.610000,191.630000,797.607835,190.342850,-93.600000,-95.591565,-86.257012,-98.912821,-95.317791,-96.276181,87.350000,93.460000,0.889000,19.460000,-93.600000,0.000000,0.000000,0.888400,0
530,09:29:42.406,ROI,160,160,192,192,8.570000,58.010000,14.150000,0.000000,17.240000,797.920000,194.870000,797.640000,194.520000,797.417331,193.096754,-92.810000,-95.095973,-89.405255,-97.963654,-93.957184,-97.479479,85.900000,93.920000,0.947900,19.220000,-92.810000,0.000000,0.000000,0.846100,0
531,09:29:42.470,ROI,160,160,192,192,7.970000,57.640000,14.175000,0.000000,17.350000,798.920000,197.300000,798.060000,197.380000,797.391350,196.030077,-95.500000,-95.227038,-81.645649,-94.378604,-90.507462,-97.219868,85.080000,92.820000,0.927800,20.400000,-95.500000,0.000000,0.000000,0.865000,0
532,09:29:42.518,ROI,160,160,192,192,7.860000,41.500000,19.850000,0.000000,24.090000,798.730000,197.300000,798.260000,199.030000,797.428265,198.665612,-97.080000,-95.625212,-83.088773,-91.379987,-89.197522,-96.476794,86.890000,90.720000,0.957400,18.920000,-97.080000,0.000000,0.000000,0.819100,0
533,09:29:42.647,ROI,160,160,192,192,8.000000,122.620000,6.525000,0.000000,8.160000,797.640000,200.840000,797.960000,201.360000,797.395208,201.290946,-99.570000,-96.828712,-97.336774,-92.759056,-90.721419,-96.012746,88.300000,92.930000,0.903600,21.230000,-99.570000,0.000000,0.000000,0.902600,0
534,09:29:42.694,ROI,160,160,192,192,14.540000,48.150000,19.950000,25.775000,20.770000,796.210000,202.860000,797.190000,203.590000,797.120588,203.856235,-103.520000,-98.975231,-109.049357,-98.309658,-96.110356,-97.229133,87.650000,92.570000,0.927400,22.740000,-103.520000,0.000000,0.000000,0.934700,0
535,09:29:42.760,ROI,160,160,192,192,8.260000,51.890000,7.825000,0.000000,19.270000,795.690000,204.560000,796.460000,205.430000,796.700262,206.283085,-102.680000,-100.668008,-111.640165,-103.046255,-99.826067,-99.090208,89.340000,92.460000,0.946000,19.820000,-102.680000,0.000000,0.000000,0.883100,0
536,09:29:42.822,ROI,160,160,192,192,7.940000,56.480000,7.250000,0.000000,17.710000,796.080000,206.920000,796.030000,207.410000,796.209219,208.584442,-98.850000,-100.748088,-102.252760,-104.623104,-102.044623,-101.135584,92.120000,94.260000,0.922400,19.860000,-98.850000,0.000000,0.000000,0.850200,0
537,09:29:42.870,ROI,160,160,192,192,7.780000,42.150000,9.850000,0.000000,23.730000,795.260000,207.640000,795.390000,208.770000,795.612077,210.498512,-100.990000,-101.430615,-115.201124,-108.944101,-107.326632,-104.101402,87.200000,93.780000,0.932300,20.030000,-100.990000,0.000000,0.000000,0.858300,0
538,09:29:42.934,ROI,160,160,192,192,8.040000,57.850000,14.125000,0.000000,17.280000,794.340000,210.230000,794.610000,210.560000,794.922015,212.217235,-105.070000,-103.299581,-113.545366,-110.932847,-111.875295,-107.484857,90.060000,92.800000,0.917000,20.820000,-105.070000,0.000000,0.000000,0.873900,0
539,09:29:42.998,ROI,160,160,192,192,8.570000,54.960000,14.175000,0.000000,18.200000,793.810000,210.980000,793.790000,211.760000,794.165115,213.605408,-104.890000,-104.686669,-124.346097,-115.340753,-118.601383,-111.634407,87.620000,91.780000,0.957200,20.610000,-104.890000,0.000000,0.000000,0.873600,0
540,09:29:43.047,ROI,160,160,192,192,8.010000,41.890000,19.675000,0.000000,23.870000,792.470000,213.380000,792.770000,213.290000,793.275585,214.859481,-109.760000,-107.088950,-123.690068,-119.504392,-125.348587,-116.920785,88.850000,93.670000,0.921800,20.760000,-109.760000,0.000000,0.000000,0.919500,0
541,09:29:43.174,ROI,160,160,192,192,8.270000,121.440000,6.575000,0.000000,8.230000,791.380000,215.400000,791.580000,214.860000,792.255373,216.095577,-106.970000,-107.954785,-127.160737,-123.680632,-129.534550,-122.184757,85.320000,93.650000,0.920600,20.360000,-106.970000,0.000000,0.000000,0.880400,0
542,09:29:43.222,ROI,160,160,192,192,8.480000,41.660000,20.025000,0.000000,24.000000,791.110000,218.840000,790.770000,217.200000,791.209135,217.585638,-109.850000,-109.421296,-109.093492,-122.855031,-125.074399,-125.365258,88.500000,93.840000,0.896900,18.550000,-109.850000,0.000000,0.000000,0.856600,0
543,09:29:43.286,ROI,160,160,192,192,8.030000,57.470000,14.250000,0.000000,17.400000,791.060000,219.840000,790.270000,219.200000,790.254592,219.137992,-108.410000,-110.074973,-104.036243,-119.289804,-121.587356,-126.844213,86.710000,93.360000,0.959300,19.480000,-108.410000,0.000000,0.000000,0.869400,0
544,09:29:43.350,ROI,160,160,192,192,7.910000,58.050000,7.025000,0.000000,17.230000,788.910000,221.830000,789.120000,221.290000,789.197396,220.833796,-110.830000,-111.192800,-118.821316,-120.494617,-121.940193,-127.964530,82.680000,93.100000,0.911600,19.080000,-110.830000,0.000000,0.000000,0.892700,0
545,09:29:43.398,ROI,160,160,192,192,9.790000,43.480000,19.825000,0.000000,23.000000,789.250000,223.240000,788.470000,223.150000,788.182577,222.512219,-113.060000,-112.687708,-109.262599,-118.776626,-121.158274,-128.607848,86.660000,92.750000,0.926200,18.390000,-113.060000,2.000000,-110.280000,0.898700,0
546,09:29:43.462,ROI,160,160,192,192,7.970000,55.810000,14.625000,0.000000,17.920000,786.790000,226.240000,787.150000,225.510000,787.000319,224.405454,-112.100000,-113.628815,-119.219247,-120.596219,-121.983312,-129.325516,86.930000,93.730000,0.887600,19.970000,-112.100000,0.000000,0.000000,0.927500,0
547,09:29:43.526,ROI,160,160,192,192,8.100000,57.620000,14.150000,44.950000,17.360000,785.440000,227.780000,785.660000,227.510000,785.642581,226.353015,-113.640000,-114.721577,-126.686111,-123.876718,-124.882200,-130.439639,90.020000,94.580000,0.935000,17.280000,-113.640000,0.000000,0.000000,0.870100,0
548,09:29:43.638,ROI,160,160,192,192,7.770000,106.100000,3.775000,0.000000,9.430000,781.100000,231.570000,782.950000,230.270000,783.789658,228.640550,-113.100000,-115.302335,-134.476287,-127.949291,-129.007776,-132.052732,90.220000,94.760000,0.841100,18.650000,-113.100000,0.000000,0.000000,0.928500,0
549,09:29:43.702,ROI,160,160,192,192,8.280000,58.160000,0.000000,0.000000,17.190000,779.690000,233.150000,780.490000,232.790000,781.628719,231.094608,-116.180000,-116.296492,-134.309723,-130.826431,-131.365768,-133.456490,93.470000,94.380000,0.934200,16.100000,-116.180000,0.000000,0.000000,0.913100,0
550,09:29:43.750,ROI,160,160,192,192,7.780000,41.580000,9.925000,0.000000,24.050000,779.620000,236.170000,778.820000,235.550000,779.514065,233.787173,-115.970000,-116.504085,-121.176977,-127.854523,-128.144946,-132.761670,94.100000,95.480000,0.932200,17.900000,-115.970000,0.000000,0.000000,0.947500,0
551,09:29:43.814,ROI,160,160,192,192,11.430000,61.610000,14.050000,0.000000,16.230000,777.320000,238.450000,776.920000,238.380000,777.400012,236.754292,-115.910000,-116.562081,-123.876546,-125.358311,-125.469634,-130.470426,93.680000,96.020000,0.908800,18.810000,-115.910000,0.000000,0.000000,0.963800,0
552,09:29:43.879,ROI,160,160,224,224,10.330000,56.690000,15.025000,0.000000,17.640000,777.320000,238.420000,775.810000,240.020000,775.536808,239.548492,-118.270000,-117.443842,-124.091292,-123.924176,-123.695800,-127.402864,91.490000,95.170000,0.967900,17.310000,-118.270000,1.090000,-109.660000,0.935000,0
553,09:29:43.927,ROI,160,160,192,192,9.240000,41.010000,20.850000,0.000000,24.390000,775.560000,241.070000,774.570000,242.020000,773.834269,242.175365,-117.770000,-117.955908,-121.798913,-122.398541,-122.948225,-124.442363,91.270000,91.550000,0.909900,18.490000,-117.770000,0.330000,-118.990000,0.961600,0
554,09:29:44.055,ROI,160,160,192,192,7.660000,120.100000,3.325000,0.000000,8.330000,772.070000,243.360000,772.470000,244.050000,772.014112,244.649923,-121.480000,-119.686173,-135.971022,-125.521678,-126.336292,-122.967893,95.330000,92.350000,0.884200,17.240000,-121.480000,0.000000,0.000000,0.940600,0
555,09:29:44.103,ROI,160,160,192,192,9.380000,41.990000,19.650000,0.000000,23.820000,770.180000,244.400000,770.400000,245.720000,770.057181,246.833154,-120.730000,-120.708085,-141.104685,-131.044655,-131.871343,-123.908624,96.580000,90.780000,0.940200,17.860000,-120.730000,0.660000,-112.180000,0.957200,0
556,09:29:44.166,ROI,160,160,224,224,9.230000,57.570000,14.525000,0.000000,17.370000,771.360000,246.490000,769.570000,247.380000,768.381015,248.861865,-121.220000,-121.597662,-116.565051,-128.576866,-129.564255,-124.469646,94.230000,92.410000,0.932700,15.300000,-121.220000,0.340000,-112.090000,0.901100,0
557,09:29:44.230,ROI,160,160,192,192,8.020000,56.400000,14.450000,44.975000,17.730000,766.820000,248.340000,767.340000,248.850000,766.530762,250.623569,-121.270000,-122.109069,-146.607416,-135.375537,-136.404370,-127.545448,96.650000,89.820000,0.875000,16.730000,-121.270000,0.000000,0.000000,0.931000,0
558,09:29:44.278,ROI,160,160,224,224,12.540000,46.520000,9.925000,0.000000,21.500000,766.390000,251.140000,765.780000,250.660000,764.797096,252.255042,-122.620000,-122.464938,-130.757343,-135.112357,-136.739420,-130.315295,98.980000,92.080000,0.918600,16.040000,-122.620000,1.200000,-119.330000,0.900500,0
559,09:29:44.342,ROI,160,160,224,224,7.900000,52.820000,15.425000,0.000000,18.930000,763.050000,253.510000,763.540000,252.840000,762.952835,253.921785,-120.920000,-122.146385,-135.777723,-136.132092,-137.894457,-133.192411,100.830000,92.620000,0.889800,16.770000,-120.920000,0.000000,0.000000,0.920800,0
560,09:29:44.406,ROI,160,160,224,224,7.970000,58.010000,7.050000,0.000000,17.240000,762.640000,254.020000,761.950000,254.340000,761.193288,255.382888,-122.490000,-122.765769,-136.668337,-138.332512,-140.294208,-136.708031,99.570000,90.870000,0.968800,15.970000,-122.490000,0.000000,0.000000,0.911100,0
561,09:29:44.454,ROI,160,160,224,224,8.040000,39.960000,19.800000,0.000000,25.020000,759.930000,256.550000,760.070000,256.260000,759.425996,256.874454,-121.310000,-122.841246,-134.396909,-138.335190,-139.836189,-139.500185,96.640000,91.070000,0.896500,16.250000,-121.310000,0.000000,0.000000,0.912200,0
562,09:29:44.582,ROI,160,160,224,224,8.470000,122.310000,3.275000,0.000000,8.180000,756.410000,259.420000,757.590000,258.380000,757.470012,258.432169,-122.230000,-122.866938,-139.474897,-140.042219,-141.466735,-142.286263,99.260000,90.610000,0.875600,15.680000,-122.230000,0.000000,0.000000,0.896000,0
563,09:29:44.630,ROI,160,160,224,224,8.130000,41.180000,20.200000,0.000000,24.280000,754.960000,259.480000,755.420000,259.790000,755.454254,259.903565,-123.800000,-123.449427,-146.985414,-142.546583,-143.872539,-144.899075,100.910000,90.760000,0.969900,15.550000,-123.800000,0.000000,0.000000,0.846200,0
564,09:29:44.694,ROI,160,160,224,224,7.960000,57.750000,14.100000,0.000000,17.320000,751.490000,262.040000,752.590000,261.640000,753.197208,261.449854,-126.690000,-124.369415,-146.826944,-144.109993,-145.585196,-146.833902,102.340000,90.290000,0.884200,16.090000,-126.690000,0.000000,0.000000,0.854900,0
565,09:29:44.758,ROI,160,160,224,224,8.140000,58.020000,7.050000,0.000000,17.230000,751.450000,262.980000,750.740000,263.120000,751.073846,262.974823,-127.780000,-125.737242,-141.340192,-142.639313,-144.314609,-147.197427,101.950000,89.040000,0.975500,16.850000,-127.780000,0.000000,0.000000,0.808400,0
566,09:29:44.808,ROI,160,160,224,224,16.290000,52.200000,18.975000,22.600000,19.160000,747.160000,263.900000,747.980000,264.410000,748.736350,264.367388,-132.920000,-128.255185,-154.949022,-147.152497,-149.215591,-149.015050,105.760000,86.940000,0.900300,16.330000,-132.920000,0.000000,0.000000,0.829400,0
567,09:29:44.870,ROI,160,160,224,224,7.720000,46.620000,8.725000,0.000000,21.450000,747.340000,264.150000,746.330000,265.110000,746.519581,265.506469,-130.060000,-129.608450,-157.011283,-152.407094,-152.803759,-151.725442,104.380000,86.970000,0.981500,14.820000,-130.060000,0.000000,0.000000,0.796300,0
568,09:29:44.934,ROI,160,160,224,224,7.790000,57.610000,14.075000,0.000000,17.360000,744.050000,264.070000,744.060000,265.400000,744.248835,266.315050,-136.120000,-132.454577,-172.719711,-160.544629,-160.399901,-156.171188,107.090000,84.340000,0.912400,17.910000,-136.120000,0.000000,0.000000,0.889200,0
569,09:29:44.982,ROI,160,160,224,224,7.850000,42.130000,19.600000,0.000000,23.730000,742.260000,266.460000,741.990000,266.260000,741.921119,267.081431,-137.680000,-135.051992,-157.439122,-163.518021,-161.776304,-160.219605,112.270000,85.640000,0.902400,16.040000,-137.680000,0.000000,0.000000,0.809000,0
570,09:29:45.110,ROI,160,160,256,256,7.850000,121.400000,6.550000,0.000000,8.240000,738.480000,266.980000,739.160000,266.900000,739.338831,267.723235,-142.320000,-138.707962,-167.257003,-168.279343,-166.042476,-164.698418,111.230000,81.840000,0.894200,16.680000,-142.320000,0.000000,0.000000,0.809700,0
571,09:29:45.160,ROI,160,160,224,224,15.030000,51.130000,9.500000,24.575000,19.560000,735.330000,268.170000,736.000000,267.650000,736.440062,268.358465,-148.360000,-143.446754,-166.648364,-171.088841,-167.639694,-168.397478,115.890000,81.260000,0.919500,13.480000,-148.360000,0.000000,0.000000,0.774000,0
572,09:29:45.223,ROI,160,160,256,256,8.210000,46.110000,8.275000,0.000000,21.690000,734.380000,270.350000,733.620000,269.110000,733.666327,269.158465,-147.260000,-146.990500,-148.473158,-166.222989,-163.911391,-169.435384,111.500000,82.030000,0.913100,14.470000,-147.260000,0.000000,0.000000,0.753100,0
573,09:29:45.286,ROI,160,160,224,224,9.650000,58.380000,14.350000,0.000000,17.130000,732.600000,271.120000,731.610000,270.300000,731.146242,270.034762,-149.170000,-150.059104,-149.372779,-161.551114,-160.826164,-168.432573,113.950000,81.170000,0.951300,14.390000,-149.170000,0.520000,-150.020000,0.748100,0
574,09:29:45.334,ROI,160,160,256,256,7.960000,40.360000,20.600000,0.000000,24.770000,728.670000,273.130000,728.810000,271.880000,728.542977,271.068042,-150.150000,-152.675565,-150.564584,-158.800588,-158.351021,-166.482226,110.350000,78.300000,0.887500,14.830000,-150.150000,0.000000,0.000000,0.783800,0
575,09:29:45.398,ROI,160,160,224,224,8.510000,58.050000,14.125000,0.000000,17.230000,728.180000,274.330000,727.130000,273.330000,726.267650,272.159331,-153.460000,-155.648069,-139.202680,-152.510576,-154.376771,-163.409780,114.440000,80.680000,0.935600,13.250000,-153.460000,0.000000,0.000000,0.734600,0
576,09:29:45.462,ROI,160,160,256,256,7.820000,57.010000,14.300000,0.000000,17.540000,724.910000,272.910000,724.940000,273.700000,724.030431,273.063708,-153.970000,-157.742069,-170.410448,-157.164217,-157.989396,-161.952671,111.680000,78.640000,0.911400,15.670000,-153.970000,0.000000,0.000000,0.791100,0
577,09:29:45.510,ROI,160,160,224,224,11.770000,46.230000,9.825000,0.000000,21.630000,722.330000,275.400000,722.750000,274.740000,721.815023,273.999269,-154.400000,-159.312904,-154.597619,-156.500516,-157.105779,-160.542174,120.410000,79.870000,0.872400,13.660000,-154.400000,0.460000,-156.560000,0.720600,0
578,09:29:45.638,ROI,160,160,256,256,7.810000,116.990000,3.375000,0.000000,8.550000,718.900000,275.380000,719.830000,275.490000,719.464669,274.864938,-157.270000,-160.747123,-165.595004,-158.106724,-159.780520,-160.003922,114.610000,76.940000,0.908700,15.420000,-157.270000,0.000000,0.000000,0.751600,0
579,09:29:45.687,ROI,160,160,256,256,7.880000,42.190000,0.000000,0.000000,23.700000,714.880000,276.890000,716.290000,276.490000,716.815365,275.790842,-154.520000,-160.652673,-164.225763,-158.153613,-160.736016,-159.377313,115.970000,78.540000,0.898300,14.850000,-154.520000,0.000000,0.000000,0.740400,0
580,09:29:45.751,ROI,160,160,256,256,8.560000,58.190000,14.125000,0.000000,17.180000,713.860000,277.010000,713.680000,277.280000,714.074146,276.713088,-158.610000,-161.366962,-163.159881,-160.427282,-161.405183,-159.408567,117.730000,83.250000,0.927200,15.580000,-158.610000,0.000000,0.000000,0.796300,0
581,09:29:45.815,ROI,160,160,256,256,8.090000,57.600000,14.200000,0.000000,17.360000,710.390000,277.460000,710.610000,278.020000,711.230950,277.650108,-159.810000,-161.919946,-166.447811,-160.619446,-161.759566,-159.022216,116.370000,81.890000,0.927500,15.100000,-159.810000,0.000000,0.000000,0.791500,0
582,09:29:45.862,ROI,160,160,256,256,8.330000,41.470000,20.100000,0.000000,24.110000,708.260000,279.460000,707.990000,279.120000,708.380331,278.691677,-159.250000,-161.666996,-157.225030,-159.283198,-159.928531,-158.164904,116.000000,81.870000,0.918700,16.170000,-159.250000,0.000000,0.000000,0.827100,0
583,09:29:45.927,ROI,160,160,256,256,8.110000,58.370000,14.025000,0.000000,17.130000,704.530000,280.150000,704.950000,280.160000,705.454627,279.754669,-161.100000,-161.881304,-161.113913,-159.183070,-160.032462,-157.530985,118.000000,82.110000,0.923100,15.710000,-161.100000,0.000000,0.000000,0.832300,0
584,09:29:46.038,ROI,160,160,256,256,7.910000,104.910000,7.625000,0.000000,9.530000,699.390000,281.650000,700.800000,281.460000,702.045015,280.974846,-160.430000,-161.462742,-162.606678,-159.768856,-160.309544,-157.057629,119.250000,82.880000,0.885600,16.500000,-160.430000,0.000000,0.000000,0.833200,0
585,09:29:46.102,ROI,160,160,256,256,8.660000,58.360000,14.075000,0.000000,17.130000,696.790000,281.850000,696.960000,282.290000,698.341919,282.126927,-162.680000,-161.812877,-167.803384,-162.600536,-162.718411,-157.756431,119.940000,82.380000,0.951900,16.890000,-162.680000,0.000000,0.000000,0.851000,0
586,09:29:46.167,ROI,160,160,256,256,8.080000,57.030000,14.175000,0.000000,17.530000,693.900000,282.680000,693.650000,283.070000,694.630196,283.154062,-162.220000,-161.880565,-166.740185,-164.682280,-164.531788,-159.145751,119.180000,83.380000,0.934400,16.670000,-162.220000,0.000000,0.000000,0.860200,0
587,09:29:46.214,ROI,160,160,256,256,8.340000,41.700000,20.125000,0.000000,23.980000,689.380000,283.170000,689.580000,283.620000,690.658381,284.046181,-164.440000,-162.585442,-172.303948,-167.803984,-167.340753,-161.374055,120.420000,82.300000,0.915800,17.820000,-164.440000,0.000000,0.000000,0.886900,0
588,09:29:46.278,ROI,160,160,256,256,7.940000,57.220000,14.175000,0.000000,17.480000,687.670000,283.670000,686.490000,284.120000,686.875212,284.742135,-164.330000,-162.994481,-170.808507,-170.186887,-169.576378,-164.190728,120.350000,84.800000,0.943700,17.960000,-164.330000,0.000000,0.000000,0.880100,0
589,09:29:46.342,ROI,160,160,256,256,8.150000,58.320000,14.075000,0.000000,17.150000,682.500000,283.860000,682.470000,284.470000,682.883262,285.231846,-165.160000,-163.678858,-175.024109,-174.499912,-173.006197,-168.254256,118.940000,84.060000,0.909500,17.600000,-165.160000,0.000000,0.000000,0.892100,0
590,09:29:46.390,ROI,160,160,256,256,8.090000,41.660000,19.850000,0.000000,24.000000,681.760000,283.850000,679.890000,284.420000,679.285465,285.420481,-166.540000,-164.365442,178.889756,-179.043721,-176.998696,-172.936291,117.250000,85.310000,0.971500,18.270000,-166.540000,0.000000,0.000000,0.906000,0
591,09:29:46.518,ROI,160,160,256,256,8.160000,121.420000,6.575000,0.000000,8.240000,674.810000,283.210000,675.680000,284.010000,675.406131,285.300135,-167.510000,-165.789492,174.437667,-184.007474,178.223119,-178.356923,119.250000,84.930000,0.876400,16.850000,-167.510000,0.000000,0.000000,0.840800,0
592,09:29:46.566,ROI,160,160,256,256,7.910000,41.440000,19.950000,0.000000,24.130000,671.120000,283.240000,671.460000,283.730000,671.343900,285.033915,-170.080000,-167.539131,176.203948,-185.487948,176.250470,-182.834017,117.550000,85.820000,0.930100,17.590000,-170.080000,0.000000,0.000000,0.864300,0
593,09:29:46.630,ROI,160,160,256,256,11.070000,61.430000,14.075000,0.000000,16.280000,669.100000,283.940000,668.110000,283.620000,667.390977,284.680515,-173.180000,-170.113054,178.119322,-186.885098,174.891214,-186.653867,117.600000,84.660000,0.950600,17.620000,-173.180000,0.000000,0.000000,0.826600,0
594,09:29:46.694,ROI,160,160,256,256,8.390000,49.380000,15.050000,0.000000,20.250000,666.020000,284.280000,664.810000,283.760000,663.637104,284.389000,-174.330000,-172.410573,-177.570727,-185.052126,175.559481,-188.772434,121.980000,84.720000,0.942700,17.860000,-174.330000,0.000000,0.000000,0.820900,0
595,09:29:46.742,ROI,160,160,256,256,8.100000,41.680000,19.950000,44.600000,23.990000,663.940000,283.890000,662.300000,283.700000,660.377081,284.115696,-177.470000,-174.781977,178.630641,-183.804473,175.207818,-189.802587,123.630000,82.690000,0.943900,17.810000,-177.470000,0.000000,0.000000,0.842000,0
596,09:29:46.807,ROI,160,160,256,256,8.040000,58.290000,6.925000,0.000000,17.160000,662.040000,284.020000,660.060000,283.750000,657.571227,283.844912,-174.570000,-175.911204,-178.721289,-183.147769,174.487626,-190.515998,121.200000,84.860000,0.945200,17.390000,-174.570000,0.000000,0.000000,0.790500,0
597,09:29:46.870,ROI,160,160,256,256,7.880000,56.990000,14.325000,0.000000,17.550000,657.920000,283.620000,657.510000,283.560000,655.003358,283.534588,-177.610000,-177.623604,175.738777,-184.230516,173.109308,-191.219557,124.060000,84.260000,0.926400,17.390000,-177.610000,0.000000,0.000000,0.806600,0
598,09:29:46.918,ROI,160,160,256,256,8.720000,42.160000,19.900000,0.000000,23.720000,656.660000,283.020000,655.630000,283.040000,652.916712,283.049404,-176.170000,-178.476619,164.538782,-188.611453,166.910241,-193.508471,118.380000,83.860000,0.940900,16.550000,-176.170000,0.000000,0.000000,0.785500,0
599,09:29:47.047,ROI,160,160,256,256,8.870000,122.040000,3.275000,0.000000,8.190000,649.730000,282.090000,651.980000,282.340000,650.532269,282.363215,179.900000,-180.036712,169.143587,-192.321163,163.945381,-196.413912,121.580000,85.140000,0.872200,15.640000,179.900000,0.000000,0.000000,0.758900,0
600,09:29:47.094,ROI,160,160,256,256,7.900000,40.410000,20.500000,0.000000,24.750000,646.100000,282.420000,648.130000,281.900000,647.826673,281.715462,178.600000,-181.577423,173.480198,-190.991970,166.536093,-197.353642,120.370000,83.820000,0.927700,15.760000,178.600000,0.000000,0.000000,0.717900,0
601,09:29:47.158,ROI,160,160,256,256,8.040000,57.740000,14.075000,0.000000,17.320000,645.440000,282.080000,645.340000,281.440000,645.137846,281.058885,175.870000,-183.578765,170.637612,-191.967705,166.277644,-197.949443,118.880000,83.580000,0.979800,14.900000,175.870000,0.000000,0.000000,0.683700,0
602,09:29:47.223,ROI,160,160,256,256,7.990000,58.230000,14.050000,0.000000,17.170000,640.420000,280.530000,641.740000,280.570000,642.236888,280.313008,171.410000,-186.232842,166.414009,-192.883206,165.580776,-198.054576,120.110000,83.540000,0.887200,14.100000,171.410000,0.000000,0.000000,0.616200,0
603,09:29:47.270,ROI,160,160,256,256,8.810000,42.380000,20.000000,0.000000,23.600000,639.280000,281.660000,639.110000,280.440000,639.517958,279.723804,174.490000,-187.604308,177.170192,-189.980943,167.772821,-196.960219,119.810000,83.520000,0.955000,14.160000,174.490000,0.000000,0.000000,0.711100,0
604,09:29:47.334,ROI,160,160,256,256,8.070000,55.580000,14.350000,0.000000,17.990000,635.000000,279.460000,635.700000,279.640000,636.594927,279.090235,169.220000,-189.892096,166.796947,-190.685090,167.770274,-195.611567,122.180000,82.930000,0.885300,15.340000,169.220000,0.000000,0.000000,0.680800,0
605,09:29:47.398,ROI,160,160,256,256,7.950000,57.640000,14.125000,0.000000,17.350000,632.650000,279.400000,632.800000,279.220000,633.673831,278.565150,171.100000,-190.857638,171.759288,-189.133317,169.809567,-193.491156,122.780000,83.250000,0.958700,14.560000,171.100000,0.000000,0.000000,0.694800,0
606,09:29:47.447,ROI,160,160,256,256,8.480000,42.450000,19.625000,42.950000,23.560000,628.320000,279.050000,629.290000,278.660000,630.478492,278.060358,170.930000,-191.548638,170.935191,-188.978049,171.022734,-191.346621,122.450000,82.100000,0.919300,15.740000,170.930000,0.000000,0.000000,0.632700,0
607,09:29:47.576,ROI,160,160,256,256,8.370000,123.100000,3.250000,0.000000,8.120000,622.690000,276.680000,624.810000,277.510000,626.741262,277.385146,168.450000,-192.525773,165.603222,-190.427269,169.758757,-189.971968,117.650000,81.330000,0.861100,14.620000,168.450000,0.000000,0.000000,0.695300,0
608,09:29:47.622,ROI,160,160,256,256,7.980000,39.390000,10.475000,0.000000,25.380000,619.180000,276.110000,620.420000,276.440000,622.682831,276.549308,171.710000,-192.184835,166.302053,-191.545597,168.362585,-189.429156,123.010000,80.060000,0.929500,15.910000,171.710000,0.000000,0.000000,0.711600,0
609,09:29:47.687,ROI,160,160,256,256,7.970000,58.080000,7.025000,0.000000,17.220000,617.400000,275.260000,616.730000,275.460000,618.575042,275.634065,168.010000,-192.694431,165.126584,-192.572508,167.439290,-189.333010,122.130000,79.180000,0.951100,15.370000,168.010000,0.000000,0.000000,0.682700,0
610,09:29:47.751,ROI,160,160,256,256,8.020000,57.780000,14.075000,0.000000,17.310000,613.130000,273.820000,612.880000,274.180000,614.338092,274.548769,168.610000,-192.845888,161.609709,-194.887265,165.632580,-190.015483,125.070000,78.930000,0.900700,15.760000,168.610000,0.000000,0.000000,0.726400,0
611,09:29:47.798,ROI,160,160,256,256,7.860000,41.370000,20.075000,0.000000,24.170000,609.940000,272.710000,609.190000,272.790000,610.143204,273.296581,167.040000,-193.158619,159.358921,-197.220496,163.379457,-191.442200,123.730000,77.680000,0.924200,15.070000,167.040000,0.000000,0.000000,0.769200,0
612,09:29:47.862,ROI,160,160,256,256,9.220000,59.010000,14.100000,0.000000,16.950000,604.630000,271.380000,604.940000,271.410000,605.734485,271.903454,167.220000,-193.307162,162.011081,-198.672763,162.463799,-193.142922,127.060000,75.970000,0.888800,15.270000,167.220000,0.360000,163.920000,0.793300,0
613,09:29:47.926,ROI,160,160,256,256,7.910000,56.400000,14.450000,0.000000,17.730000,603.920000,270.700000,602.100000,270.220000,601.714473,270.459250,164.840000,-194.113769,157.265630,158.803581,160.238989,-195.361087,125.730000,76.960000,0.971500,14.740000,164.840000,0.000000,0.000000,0.800000,0
614,09:29:48.038,ROI,160,160,256,256,8.330000,106.010000,3.775000,0.000000,9.430000,597.960000,270.400000,597.970000,269.450000,597.487558,269.147246,165.560000,-194.473000,169.438989,161.149158,162.756037,163.631594,129.650000,79.810000,0.879200,17.520000,165.560000,0.000000,0.000000,0.835100,0
615,09:29:48.104,ROI,160,160,288,288,11.050000,62.270000,6.900000,0.000000,16.060000,594.910000,268.040000,594.270000,268.060000,593.404708,267.802227,163.660000,-195.369327,159.410022,160.580691,161.766491,162.740403,128.770000,83.740000,0.901700,18.070000,163.660000,0.000000,0.000000,0.870800,0
616,09:29:48.151,ROI,160,160,288,288,8.460000,38.060000,22.175000,0.000000,26.270000,593.150000,267.800000,591.480000,267.130000,589.804185,266.586142,164.340000,-195.749250,161.565051,160.872033,161.337490,161.958398,127.580000,86.180000,0.945800,17.970000,164.340000,0.000000,0.000000,0.874200,0
617,09:29:48.214,ROI,160,160,256,256,7.990000,57.310000,14.275000,0.000000,17.450000,587.910000,266.890000,587.760000,266.290000,586.282335,265.504938,165.910000,-195.306400,167.275644,-197.102951,162.933575,161.892646,129.060000,82.610000,0.884900,17.600000,165.910000,0.000000,0.000000,0.797300,0
618,09:29:48.278,ROI,160,160,288,288,9.270000,58.490000,14.200000,0.000000,17.100000,586.390000,267.330000,585.160000,266.090000,583.210985,264.715919,163.240000,-195.692942,175.601295,166.758593,165.592465,162.542104,128.030000,86.800000,0.930100,17.830000,163.240000,0.500000,160.590000,0.836200,0
619,09:29:48.326,ROI,160,160,288,288,8.640000,41.060000,10.275000,0.000000,24.360000,582.760000,265.490000,582.210000,265.410000,580.338750,264.029246,161.740000,-196.181838,167.019569,-192.570215,166.554510,163.281429,128.560000,88.650000,0.907100,17.890000,161.740000,0.000000,0.000000,0.860700,0
620,09:29:48.454,ROI,160,160,288,288,16.440000,129.790000,3.275000,22.475000,7.700000,578.710000,263.160000,579.240000,264.130000,577.573865,263.209869,161.390000,-197.043623,156.685097,164.120505,163.492746,162.799119,128.950000,86.980000,0.892000,17.860000,161.390000,0.000000,0.000000,0.861700,0
621,09:29:48.503,ROI,160,160,288,288,7.910000,31.630000,12.525000,0.000000,31.620000,576.070000,261.690000,576.250000,262.640000,574.885619,262.215438,158.070000,-198.660423,153.511650,160.527511,159.699657,161.099941,125.420000,88.250000,0.928400,17.860000,158.070000,0.000000,0.000000,0.818200,0
622,09:29:48.566,ROI,160,160,256,256,7.970000,56.740000,14.300000,0.000000,17.630000,573.410000,260.380000,573.340000,261.100000,572.163323,261.081338,158.070000,159.669131,152.111776,158.216809,157.383544,159.468668,124.220000,88.530000,0.930800,18.220000,158.070000,0.000000,0.000000,0.848800,0
623,09:29:48.630,ROI,160,160,256,256,7.940000,58.040000,14.050000,0.000000,17.230000,570.780000,258.780000,570.630000,259.480000,569.606873,259.825454,157.930000,158.420512,149.129610,155.144027,153.836906,157.426213,122.800000,89.980000,0.925400,18.150000,157.930000,0.000000,0.000000,0.840600,0
624,09:29:48.678,ROI,160,160,256,256,9.250000,42.760000,19.825000,0.000000,23.380000,570.820000,257.380000,569.090000,257.900000,567.585573,258.456392,155.580000,156.625765,134.265479,147.478171,145.889534,153.142444,118.560000,90.000000,0.936200,17.270000,155.580000,0.440000,159.250000,0.855100,0
625,09:29:48.742,ROI,160,160,256,256,7.920000,56.440000,14.450000,0.000000,17.720000,567.330000,256.150000,567.040000,256.370000,565.725981,257.004919,152.970000,154.471165,143.264494,144.252382,142.026789,148.549074,119.780000,90.380000,0.918500,16.910000,152.970000,0.000000,0.000000,0.863000,0
626,09:29:48.806,ROI,160,160,256,256,8.520000,58.200000,14.075000,0.000000,17.180000,565.060000,255.330000,565.180000,255.120000,564.104758,255.617685,154.210000,153.557704,146.097202,143.165342,139.447334,144.243057,120.190000,89.650000,0.945800,16.920000,154.210000,0.000000,0.000000,0.845300,0
627,09:29:48.854,ROI,160,160,256,256,7.870000,41.070000,20.025000,0.000000,24.350000,561.620000,253.960000,562.740000,253.830000,562.355862,254.193196,151.870000,151.826873,152.135106,143.282034,140.836937,141.198326,121.330000,90.240000,0.917000,16.780000,151.870000,0.000000,0.000000,0.869100,0
628,09:29:48.982,ROI,160,160,256,256,7.970000,121.470000,6.550000,0.000000,8.230000,558.380000,251.820000,560.220000,252.160000,560.489654,252.668835,149.500000,150.245904,146.467627,142.687202,140.757257,138.959846,115.790000,90.260000,0.903900,15.860000,149.500000,0.000000,0.000000,0.858200,0
629,09:29:49.030,ROI,160,160,256,256,7.930000,42.230000,0.000000,0.000000,23.680000,557.310000,251.400000,557.980000,250.870000,558.506146,251.135269,148.430000,148.583315,150.062667,143.032309,142.290301,137.687270,115.950000,92.460000,0.958500,16.720000,148.430000,0.000000,0.000000,0.866100,0
630,09:29:49.094,ROI,160,160,256,256,9.150000,58.840000,14.125000,0.000000,17.000000,555.420000,250.180000,555.750000,249.670000,556.427638,249.617281,147.090000,146.914192,151.714568,143.956367,143.858368,137.229372,117.170000,92.510000,0.943300,16.870000,147.090000,0.320000,129.810000,0.861700,0
631,09:29:49.158,ROI,160,160,256,256,7.990000,56.810000,14.375000,0.000000,17.600000,553.940000,249.300000,554.010000,248.660000,554.500892,248.225331,146.850000,145.867715,149.866559,144.770036,144.154313,137.253791,119.440000,94.300000,0.956900,16.710000,146.850000,0.000000,0.000000,0.852400,0
632,09:29:49.207,ROI,160,160,256,256,9.810000,44.770000,19.275000,0.000000,22.340000,550.520000,248.920000,551.430000,247.870000,552.434196,247.006896,140.250000,142.718585,162.975331,149.724394,149.478239,139.310806,117.790000,95.820000,0.929400,16.310000,140.250000,0.000000,0.000000,0.862500,0
633,09:29:49.272,ROI,160,160,256,256,7.950000,54.760000,14.425000,0.000000,18.260000,546.560000,247.490000,548.350000,247.090000,550.018873,245.927077,139.990000,140.490038,165.788808,154.996947,155.911999,143.374058,116.500000,96.980000,0.908200,15.850000,139.990000,0.000000,0.000000,0.857000,0
634,09:29:49.334,ROI,160,160,256,256,7.850000,55.980000,7.300000,0.000000,17.860000,544.850000,245.660000,545.590000,245.840000,547.420315,244.843631,143.430000,139.864908,155.634297,156.632634,157.366726,147.594194,119.650000,95.500000,0.935800,16.790000,143.430000,0.000000,0.000000,0.791300,0
635,09:29:49.382,ROI,160,160,256,256,7.810000,41.720000,19.675000,0.000000,23.970000,544.060000,244.840000,543.700000,244.850000,544.931288,243.860677,139.660000,138.503854,152.354025,157.339400,158.450197,151.860481,116.780000,95.780000,0.959800,15.870000,139.660000,0.000000,0.000000,0.840200,0
636,09:29:49.512,ROI,160,160,256,256,7.790000,124.300000,3.200000,0.000000,8.050000,539.870000,241.580000,540.910000,243.050000,542.322485,242.717085,139.230000,137.416227,147.171458,156.136470,156.329331,154.985704,113.970000,96.510000,0.871000,14.740000,139.230000,0.000000,0.000000,0.912000,0
637,09:29:49.560,ROI,160,160,256,256,7.920000,41.700000,9.925000,0.000000,23.980000,538.870000,240.460000,538.570000,241.310000,539.625188,241.450127,134.680000,135.518365,143.365886,154.525654,154.839900,157.463444,114.610000,98.910000,0.958900,15.080000,134.680000,0.000000,0.000000,0.907800,0
638,09:29:49.624,ROI,160,160,256,256,8.310000,54.360000,7.050000,0.000000,18.400000,535.600000,237.870000,535.760000,239.170000,536.840523,239.909304,135.560000,134.379650,142.708340,151.727640,151.043178,158.108605,110.830000,98.640000,0.896700,14.300000,135.560000,0.000000,0.000000,0.932900,0
639,09:29:49.686,ROI,160,160,224,224,7.730000,55.200000,7.350000,0.000000,18.120000,534.480000,237.770000,533.700000,237.760000,534.221712,238.436419,135.480000,133.830658,145.609686,151.146459,150.645519,158.520438,106.010000,96.680000,0.937500,14.600000,135.480000,0.000000,0.000000,0.836200,0
640,09:29:49.736,ROI,160,160,224,224,7.950000,44.650000,9.300000,0.000000,22.400000,532.070000,235.890000,531.500000,236.120000,531.626850,236.913531,132.660000,132.640050,143.297145,149.743268,149.591915,158.435063,105.360000,100.760000,0.917600,14.790000,132.660000,0.000000,0.000000,0.902300,0
641,09:29:49.800,ROI,160,160,224,224,7.950000,57.450000,14.125000,0.000000,17.410000,531.160000,234.410000,529.940000,234.490000,529.369965,235.339023,134.200000,132.098669,133.742928,144.746325,145.098580,156.532099,105.840000,98.620000,0.954400,15.580000,134.200000,0.000000,0.000000,0.891300,0
642,09:29:49.864,ROI,160,160,224,224,8.260000,58.470000,7.050000,0.000000,17.100000,529.110000,231.370000,528.130000,232.160000,527.231054,233.409296,130.040000,130.653892,127.840920,137.194316,137.943209,151.955931,103.100000,101.090000,0.905900,13.180000,130.040000,0.000000,0.000000,0.889100,0
643,09:29:49.912,ROI,160,160,224,224,8.030000,41.340000,10.025000,0.000000,24.190000,527.880000,230.720000,526.930000,230.380000,525.424654,231.367285,130.730000,129.908312,123.986167,129.700144,131.496550,145.343965,102.510000,99.410000,0.960300,12.830000,130.730000,0.000000,0.000000,0.871800,0
644,09:29:50.040,ROI,160,160,224,224,7.810000,122.030000,3.275000,0.000000,8.190000,524.790000,226.720000,524.930000,227.690000,523.659612,228.987646,126.200000,127.950015,126.630597,124.916351,126.565329,137.874754,100.320000,98.980000,0.869900,11.610000,126.200000,0.000000,0.000000,0.816500,0
645,09:29:50.086,ROI,160,160,224,224,7.890000,39.590000,20.825000,0.000000,25.260000,521.910000,224.570000,522.570000,224.890000,521.834442,226.318735,127.360000,127.096173,130.126104,122.328712,124.366771,130.756585,96.700000,97.730000,0.903800,11.400000,127.360000,0.000000,0.000000,0.824600,0
646,09:29:50.152,ROI,160,160,224,224,7.610000,59.980000,6.775000,47.675000,16.670000,520.230000,222.600000,520.620000,222.280000,520.104035,223.493288,127.080000,126.409423,126.764381,119.357632,121.484843,123.711642,95.550000,95.000000,0.927300,10.850000,127.080000,0.000000,0.000000,0.783700,0
647,09:29:50.216,ROI,160,160,192,192,7.850000,58.330000,6.975000,0.000000,17.150000,518.190000,219.700000,518.480000,219.430000,518.394746,220.497715,123.290000,124.684646,126.902050,117.458560,119.709289,117.354001,91.550000,96.050000,0.902100,12.360000,123.290000,0.000000,0.000000,0.852900,0
648,09:29:50.264,ROI,160,160,224,224,7.990000,41.940000,0.000000,0.000000,23.840000,516.170000,218.850000,516.530000,217.480000,516.638477,217.678546,120.930000,122.738696,135.000000,120.669441,121.921834,113.602011,94.740000,96.140000,0.941100,9.890000,120.930000,0.000000,0.000000,0.812200,0
649,09:29:50.328,ROI,160,160,224,224,10.300000,60.430000,0.000000,0.000000,16.550000,515.270000,217.050000,515.030000,215.700000,515.005481,215.094896,121.260000,121.545985,130.120726,121.955133,122.294936,111.429497,93.490000,96.400000,0.945500,9.430000,121.260000,0.000000,0.000000,0.759200,0
650,09:29:50.440,ROI,160,160,224,224,9.870000,105.830000,7.725000,0.000000,9.450000,512.960000,214.240000,513.160000,213.560000,513.312342,212.595827,116.420000,118.930696,131.147994,123.867792,124.117940,111.181153,91.350000,94.740000,0.897900,10.940000,116.420000,0.000000,0.000000,0.785900,0
651,09:29:50.502,ROI,160,160,192,192,8.330000,52.420000,15.250000,0.000000,19.080000,511.520000,212.000000,511.430000,211.430000,511.648377,210.195042,117.050000,117.166027,129.083731,124.803449,124.725533,111.905248,86.590000,91.870000,0.903800,10.450000,117.050000,0.000000,0.000000,0.809300,0
652,09:29:50.566,ROI,160,160,192,192,9.280000,58.930000,14.150000,0.000000,16.970000,510.900000,210.750000,510.140000,209.750000,510.151892,208.086692,116.680000,115.852181,127.519114,126.193552,125.366731,113.649831,87.880000,92.260000,0.959200,11.700000,116.680000,0.000000,0.000000,0.821400,0
653,09:29:50.615,ROI,160,160,192,192,8.810000,42.320000,19.875000,0.000000,23.630000,509.150000,207.340000,508.650000,207.470000,508.695050,206.023569,116.040000,114.720800,123.164968,126.210737,125.227233,115.872070,83.870000,91.540000,0.887400,10.910000,116.040000,0.000000,0.000000,0.810700,0
654,09:29:50.681,ROI,160,160,192,192,10.380000,60.920000,13.950000,0.000000,16.420000,507.660000,206.200000,507.420000,205.660000,507.334423,204.152027,112.390000,112.795954,124.198382,126.826773,126.017465,118.750811,83.000000,89.590000,0.941200,9.940000,112.390000,0.000000,0.000000,0.784000,0
655,09:29:50.743,ROI,160,160,192,192,9.320000,55.640000,15.100000,0.000000,17.970000,504.790000,203.660000,505.540000,203.640000,505.765319,202.357112,111.270000,110.866769,132.944111,130.714608,131.159752,123.663017,84.200000,90.360000,0.884100,9.250000,111.270000,0.000000,0.000000,0.747200,0
656,09:29:50.792,ROI,160,160,192,192,8.110000,40.750000,20.250000,0.000000,24.540000,504.730000,202.030000,504.430000,201.880000,504.320304,200.671015,111.440000,110.074281,122.238885,129.313401,130.597183,127.811783,84.850000,92.830000,0.957700,10.680000,111.440000,0.000000,0.000000,0.800100,0
657,09:29:50.920,ROI,160,160,192,192,9.730000,123.570000,6.550000,0.000000,8.090000,503.200000,199.640000,503.150000,199.930000,502.982512,198.982415,106.850000,108.226542,123.281306,127.626284,128.388004,130.299855,84.500000,90.860000,0.916200,11.470000,106.850000,0.000000,0.000000,0.831000,0
658,09:29:50.966,ROI,160,160,192,192,8.200000,37.420000,10.900000,0.000000,26.720000,501.210000,196.410000,501.490000,197.360000,501.600165,197.108692,104.780000,105.804231,122.858999,126.483489,126.418189,131.611519,82.980000,91.360000,0.889900,11.380000,104.780000,0.000000,0.000000,0.874800,0
659,09:29:51.030,ROI,160,160,192,192,16.780000,66.720000,7.075000,22.375000,14.990000,500.050000,195.030000,500.070000,195.230000,500.164423,195.160685,105.150000,104.329796,123.690068,125.690150,126.391370,132.351685,86.170000,91.980000,0.934800,12.670000,105.150000,0.000000,0.000000,0.885300,0
660,09:29:51.094,ROI,160,160,192,192,8.100000,44.240000,8.375000,0.000000,22.610000,498.640000,193.220000,498.710000,193.180000,498.787177,193.229704,103.860000,102.839246,123.560878,125.139561,125.497855,132.483584,86.780000,92.960000,0.931500,11.000000,103.860000,0.000000,0.000000,0.843400,0
661,09:29:51.142,ROI,160,160,192,192,8.700000,42.780000,19.850000,0.000000,23.370000,498.780000,191.990000,498.140000,191.480000,497.678996,191.408231,102.440000,101.758077,108.535999,120.013976,121.316252,130.888161,86.270000,93.040000,0.968100,11.060000,102.440000,0.000000,0.000000,0.838700,0
662,09:29:51.208,ROI,160,160,192,192,9.680000,60.480000,13.800000,0.000000,16.540000,499.330000,190.290000,498.170000,189.930000,497.051046,189.760808,101.910000,100.811550,88.891188,109.294177,110.865399,126.014626,84.960000,92.120000,0.949500,11.270000,101.910000,0.000000,0.000000,0.848700,0
663,09:29:51.273,ROI,160,160,192,192,8.810000,57.530000,14.350000,0.000000,17.380000,497.810000,187.000000,497.640000,187.750000,496.586354,187.970335,102.820000,100.447327,103.664600,104.429334,104.549314,119.326043,82.850000,92.590000,0.899200,11.310000,102.820000,0.000000,0.000000,0.873400,0
664,09:29:51.320,ROI,160,160,192,192,9.790000,42.360000,20.625000,0.000000,23.610000,498.780000,185.480000,497.840000,185.790000,496.500723,186.116754,100.290000,99.737254,84.173658,94.050319,92.645040,109.314388,83.400000,92.840000,0.945800,11.240000,100.290000,0.000000,0.000000,0.850100,0
665,09:29:51.447,ROI,160,160,192,192,9.780000,120.280000,6.675000,37.525000,8.310000,496.680000,180.780000,497.440000,182.770000,496.461692,183.836615,95.760000,97.618162,97.544929,90.491034,90.980677,100.162121,81.350000,90.720000,0.859600,11.960000,95.760000,0.000000,0.000000,0.832100,0
666,09:29:51.494,ROI,160,160,192,192,8.170000,37.180000,10.800000,0.000000,26.890000,495.030000,179.240000,496.400000,180.040000,496.250312,181.339477,96.380000,96.495462,110.854458,92.730617,94.838507,94.010492,84.600000,91.870000,0.929600,11.690000,96.380000,0.000000,0.000000,0.832200,0
667,09:29:51.560,ROI,160,160,192,192,9.700000,60.660000,13.675000,0.000000,16.490000,496.630000,178.330000,496.470000,177.960000,496.146050,178.800915,95.240000,95.187858,88.072504,88.406195,92.351879,88.624280,83.500000,92.920000,0.944100,11.320000,95.240000,0.000000,0.000000,0.814900,0
668,09:29:51.622,ROI,160,160,192,192,10.490000,56.480000,14.925000,0.000000,17.710000,495.770000,173.810000,496.130000,174.720000,496.040481,175.944358,96.480000,95.009273,95.990595,87.774492,92.116505,84.754008,83.570000,93.370000,0.889900,12.020000,96.480000,0.000000,0.000000,0.814000,0
669,09:29:51.672,ROI,160,160,192,192,10.260000,41.750000,20.350000,0.000000,23.950000,495.550000,172.930000,495.890000,172.390000,495.991119,173.149165,94.870000,94.319585,95.880971,87.511434,91.011706,81.839886,82.570000,89.320000,0.945200,12.040000,94.870000,0.000000,0.000000,0.821800,0
670,09:29:51.736,ROI,160,160,192,192,9.620000,56.780000,14.775000,0.000000,17.610000,494.830000,170.210000,495.390000,169.890000,495.860000,170.367531,94.980000,93.770715,101.309932,89.988198,92.698781,80.870748,84.700000,89.590000,0.918100,11.950000,94.980000,0.000000,0.000000,0.866300,0
671,09:29:51.800,ROI,160,160,192,192,9.400000,56.160000,14.450000,0.000000,17.810000,494.480000,167.760000,494.990000,167.470000,495.704296,167.688208,92.610000,92.891162,99.385518,92.141546,93.325896,81.269076,85.370000,86.780000,0.938300,11.690000,92.610000,0.000000,0.000000,0.882200,0
672,09:29:51.848,ROI,160,160,192,192,9.310000,41.290000,20.700000,0.000000,24.220000,494.640000,164.940000,494.800000,164.800000,495.576700,164.958069,91.620000,92.094288,94.070366,91.892571,92.675837,82.056638,85.130000,85.540000,0.933300,11.540000,91.620000,0.000000,0.000000,0.899000,0
673,09:29:51.974,ROI,160,160,192,192,9.760000,121.020000,6.700000,0.000000,8.260000,494.830000,161.480000,494.910000,161.950000,495.514208,162.116288,90.660000,91.081596,87.789681,90.403842,91.259762,83.063150,86.170000,86.290000,0.911900,12.570000,90.660000,0.000000,0.000000,0.924900,0
674,09:29:52.024,ROI,160,160,192,192,8.040000,40.310000,20.000000,0.000000,24.810000,495.240000,160.110000,495.170000,159.540000,495.581565,159.365819,92.540000,91.329142,83.842528,88.047358,88.597134,83.656579,84.670000,85.540000,0.952000,12.720000,92.540000,0.000000,0.000000,0.885100,0
675,09:29:52.088,ROI,160,160,192,192,8.310000,58.240000,14.075000,0.000000,17.170000,495.620000,158.940000,495.470000,157.670000,495.757842,156.882519,90.360000,90.836231,80.885825,85.527925,85.939673,83.937489,84.850000,85.220000,0.964300,12.670000,90.360000,0.000000,0.000000,0.913200,0
676,09:29:52.153,ROI,160,160,192,192,11.670000,62.150000,13.925000,31.675000,16.090000,496.940000,156.730000,496.260000,155.800000,496.128588,154.585385,91.140000,90.668631,67.097892,79.384875,80.831805,83.098459,82.250000,86.170000,0.920900,13.820000,91.140000,0.000000,0.000000,0.906500,0
677,09:29:52.198,ROI,160,160,192,192,8.040000,35.230000,11.875000,0.000000,28.380000,496.950000,156.060000,496.820000,154.440000,496.594362,152.670273,86.710000,89.070250,67.619865,75.127982,76.330525,81.522842,84.060000,88.140000,0.956600,14.360000,86.710000,0.000000,0.000000,0.928900,0
678,09:29:52.263,ROI,160,160,192,192,9.310000,59.300000,13.950000,0.000000,16.860000,496.350000,153.680000,496.910000,152.950000,496.949727,150.991823,85.620000,87.641377,86.543381,77.865535,78.045738,81.146269,82.790000,88.670000,0.933700,15.430000,85.620000,0.000000,0.000000,0.917500,0
679,09:29:52.327,ROI,160,160,192,192,9.030000,57.960000,7.175000,0.000000,17.250000,496.720000,153.400000,497.140000,152.170000,497.319565,149.749042,86.450000,86.768154,73.570699,75.218696,73.427549,79.095959,83.020000,88.740000,0.984700,14.630000,86.450000,0.000000,0.000000,0.929600,0
680,09:29:52.440,ROI,160,160,192,192,10.120000,108.000000,7.525000,0.000000,9.260000,496.310000,149.810000,497.010000,150.420000,497.515588,148.519019,83.540000,84.995269,94.248455,80.532065,80.945181,79.805850,83.160000,89.260000,0.913800,16.680000,83.540000,0.000000,0.000000,0.886200,0
681,09:29:52.506,ROI,160,160,192,192,17.580000,66.500000,14.350000,21.175000,15.040000,497.540000,147.960000,497.350000,148.660000,497.727796,147.286292,84.240000,84.118712,79.066183,80.021596,80.232554,80.264805,87.310000,90.650000,0.914600,15.500000,84.240000,0.000000,0.000000,0.919800,0
682,09:29:52.550,ROI,160,160,192,192,8.860000,29.030000,14.950000,0.000000,34.450000,497.600000,147.320000,497.680000,147.480000,498.005377,146.285431,82.310000,83.024592,74.375765,77.860466,74.499080,78.776701,86.960000,90.600000,0.982200,15.400000,82.310000,0.000000,0.000000,0.893400,0
683,09:29:52.614,ROI,160,160,192,192,9.890000,58.590000,7.200000,0.000000,17.070000,497.790000,144.230000,497.980000,145.500000,498.335596,145.173688,81.550000,81.877754,81.384352,77.714363,73.457076,76.788005,86.880000,89.900000,0.929700,17.500000,81.550000,0.000000,0.000000,0.888400,0
684,09:29:52.680,ROI,160,160,192,192,10.210000,60.230000,14.000000,0.000000,16.600000,498.260000,142.440000,498.380000,143.610000,498.769292,143.966685,80.300000,80.667992,78.050243,75.819273,70.235810,73.568092,87.600000,89.220000,0.950800,17.870000,80.300000,0.000000,0.000000,0.891800,0
685,09:29:52.728,ROI,160,160,192,192,8.910000,40.330000,21.100000,0.000000,24.800000,499.310000,139.910000,498.940000,141.370000,499.284169,142.498665,80.330000,79.845896,75.963757,74.451808,70.672752,70.695025,86.870000,88.610000,0.922900,17.610000,80.330000,0.000000,0.000000,0.852900,0
686,09:29:52.857,ROI,160,160,192,192,8.040000,121.560000,6.550000,0.000000,8.230000,503.150000,135.650000,501.040000,138.200000,500.288488,140.448869,81.310000,79.567735,56.477097,69.176575,63.896969,66.584571,86.290000,88.690000,0.834300,17.070000,81.310000,0.000000,0.000000,0.896800,0
687,09:29:52.905,ROI,160,160,192,192,7.690000,40.980000,9.900000,0.000000,24.400000,503.840000,134.930000,502.860000,135.750000,501.655004,138.160700,80.080000,78.833758,53.392925,62.600984,59.153969,61.945706,82.020000,85.320000,0.914400,15.350000,80.080000,0.000000,0.000000,0.802300,0
688,09:29:52.968,ROI,160,160,192,192,7.790000,57.280000,7.100000,0.000000,17.460000,504.510000,133.480000,504.350000,133.450000,503.124285,135.670877,79.440000,78.210792,57.063781,60.607612,59.454528,59.405165,80.630000,84.460000,0.950300,15.650000,79.440000,0.000000,0.000000,0.801000,0
689,09:29:53.033,ROI,160,160,192,192,8.740000,59.360000,0.000000,0.000000,16.850000,506.100000,131.270000,505.950000,131.090000,504.740542,133.091477,79.840000,78.327654,55.864060,57.929990,57.928652,57.386459,82.820000,85.010000,0.913700,14.840000,79.840000,0.000000,0.000000,0.820500,0
690,09:29:53.079,ROI,160,160,192,192,8.990000,40.430000,20.975000,0.000000,24.730000,505.950000,129.720000,506.820000,128.960000,506.308365,130.502523,75.170000,77.004127,67.782406,58.182116,58.801670,55.982926,86.660000,86.390000,0.922000,15.760000,75.170000,0.000000,0.000000,0.888200,0
691,09:29:53.144,ROI,160,160,192,192,7.770000,57.340000,14.100000,0.000000,17.440000,509.330000,127.580000,508.710000,126.880000,508.043050,127.860554,75.570000,76.235008,47.740025,54.368757,56.711588,54.715748,82.070000,85.340000,0.879600,17.070000,75.570000,0.000000,0.000000,0.849300,0
692,09:29:53.208,ROI,160,160,192,192,8.900000,59.020000,14.075000,0.000000,16.940000,509.900000,125.930000,510.280000,125.060000,509.832231,125.389008,74.440000,75.178062,49.217717,51.307987,54.098787,53.207041,81.410000,84.220000,0.948700,16.700000,74.440000,0.000000,0.000000,0.919600,0
693,09:29:53.257,ROI,160,160,192,192,11.220000,44.750000,19.800000,0.000000,22.350000,510.910000,124.140000,511.590000,123.260000,511.559062,123.008850,74.200000,74.407165,53.953705,50.493022,54.038699,52.388411,79.300000,83.470000,0.933600,17.550000,74.200000,0.000000,0.000000,0.904400,0
694,09:29:53.384,ROI,160,160,192,192,8.670000,118.210000,6.775000,0.000000,8.460000,512.880000,121.590000,513.340000,121.330000,513.391835,120.696235,73.310000,73.492254,47.800279,47.336252,51.602789,51.054466,81.460000,83.170000,0.896900,16.250000,73.310000,0.000000,0.000000,0.902300,0
695,09:29:53.432,ROI,160,160,192,192,8.440000,41.350000,20.225000,0.000000,24.180000,514.840000,119.750000,515.150000,119.280000,515.326027,118.414892,71.610000,72.447715,48.557852,44.903848,49.707695,49.427869,82.300000,82.020000,0.912700,17.170000,71.610000,0.000000,0.000000,0.878200,0
696,09:29:53.496,ROI,160,160,192,192,8.730000,57.210000,14.200000,0.000000,17.480000,517.410000,117.340000,517.160000,117.140000,517.389519,116.184638,70.310000,71.328965,46.794221,42.647321,47.224149,47.396621,81.190000,79.980000,0.886400,16.270000,70.310000,0.000000,0.000000,0.830900,0
697,09:29:53.560,ROI,160,160,192,192,8.580000,57.800000,14.250000,0.000000,17.300000,518.930000,115.980000,519.200000,115.500000,519.534377,114.220788,68.740000,70.072996,38.796552,38.809028,42.477485,44.323038,81.710000,81.000000,0.931700,17.710000,68.740000,0.000000,0.000000,0.827900,0
698,09:29:53.624,ROI,160,160,192,192,11.180000,59.770000,7.150000,0.000000,16.730000,519.760000,114.450000,520.750000,113.840000,521.560508,112.478442,69.620000,69.144542,46.962639,38.738766,40.693478,41.437685,80.720000,80.860000,0.943700,16.840000,69.620000,0.000000,0.000000,0.869800,0
699,09:29:53.672,ROI,160,160,192,192,8.300000,38.860000,10.700000,0.000000,25.730000,521.880000,113.230000,522.500000,112.600000,523.528627,111.028592,70.470000,68.836000,35.320296,35.539190,36.377877,37.944927,80.160000,80.000000,0.921100,16.430000,70.470000,0.000000,0.000000,0.869400,0
700,09:29:53.736,ROI,160,160,192,192,8.430000,57.300000,14.250000,0.000000,17.450000,522.980000,111.220000,523.910000,111.200000,525.263923,109.784115,66.800000,67.290769,44.796101,37.883048,35.646402,35.441641,83.580000,80.690000,0.913100,17.320000,66.800000,0.000000,0.000000,0.822900,0
701,09:29:53.800,ROI,160,160,192,192,8.390000,57.410000,14.200000,0.000000,17.420000,524.390000,110.290000,525.160000,110.140000,526.742738,108.764354,66.510000,66.322069,40.297945,39.406667,34.589370,33.800157,83.480000,81.460000,0.945200,17.580000,66.510000,0.000000,0.000000,0.847800,0
702,09:29:53.848,ROI,160,160,192,192,8.350000,41.230000,20.200000,43.800000,24.260000,525.630000,108.130000,526.270000,108.720000,527.997746,107.809081,62.470000,64.415481,51.985611,43.099274,37.277270,33.499021,86.220000,79.550000,0.918700,17.730000,62.470000,0.000000,0.000000,0.891800,0
703,09:29:53.959,ROI,160,160,192,192,8.320000,105.550000,3.800000,0.000000,9.470000,527.480000,106.000000,527.520000,106.890000,529.103423,106.662312,61.570000,62.509412,55.664576,48.920971,46.045155,36.898738,89.200000,81.160000,0.909800,17.490000,61.570000,0.000000,0.000000,0.903100,0
704,09:29:54.024,ROI,160,160,192,192,8.510000,57.990000,14.000000,0.000000,17.240000,528.900000,104.560000,528.740000,105.150000,530.133542,105.430800,61.380000,61.222581,54.963804,51.462545,50.088618,40.545267,90.360000,80.890000,0.935700,17.700000,61.380000,0.000000,0.000000,0.882800,0
705,09:29:54.087,ROI,160,160,192,192,9.340000,57.870000,14.450000,0.000000,17.280000,529.980000,104.190000,529.820000,103.960000,531.042946,104.278023,61.330000,60.179023,47.774277,52.278261,51.730761,44.084211,91.990000,81.380000,0.967800,17.160000,61.330000,0.000000,0.000000,0.896400,0
706,09:29:54.152,ROI,160,160,192,192,8.370000,55.820000,14.225000,43.750000,17.920000,533.280000,101.500000,531.870000,102.120000,532.194112,102.882762,57.320000,58.334242,41.909911,51.311424,50.475546,47.043294,94.580000,79.080000,0.873500,17.200000,57.320000,0.000000,0.000000,0.903400,0
707,09:29:54.200,ROI,160,160,192,192,8.220000,41.970000,9.975000,0.000000,23.830000,533.640000,100.760000,533.360000,100.730000,533.416688,101.460019,53.790000,55.893873,43.011362,49.694696,49.327197,49.055530,95.520000,79.670000,0.971900,17.240000,53.790000,0.000000,0.000000,0.886900,0
708,09:29:54.264,ROI,160,160,192,192,7.880000,57.360000,7.075000,0.000000,17.430000,535.500000,99.120000,534.990000,99.170000,534.784377,99.921788,56.030000,54.877838,43.742928,48.140152,48.358717,50.460026,93.490000,77.580000,0.922700,17.310000,56.030000,0.000000,0.000000,0.903100,0
709,09:29:54.310,ROI,160,160,192,192,8.260000,39.940000,10.525000,0.000000,25.040000,537.120000,98.100000,536.700000,97.980000,536.337500,98.414800,53.850000,53.542900,34.834305,43.365610,44.136267,49.848694,94.670000,76.580000,0.941100,17.150000,53.850000,0.000000,0.000000,0.877200,0
710,09:29:54.440,ROI,160,160,192,192,8.280000,123.400000,6.450000,0.000000,8.100000,541.500000,95.830000,539.520000,96.260000,538.266438,96.867238,50.380000,51.378481,31.380229,39.702752,38.739606,47.867977,95.090000,76.570000,0.861500,16.870000,50.380000,0.000000,0.000000,0.875300,0
711,09:29:54.504,ROI,160,160,192,192,8.310000,57.800000,14.150000,0.000000,17.300000,543.980000,94.080000,542.520000,94.450000,540.577308,95.210292,46.860000,48.685350,31.103981,36.916456,35.641390,45.447883,98.380000,76.000000,0.908600,16.620000,46.860000,0.000000,0.000000,0.852400,0
712,09:29:54.550,ROI,160,160,224,224,8.680000,40.090000,21.000000,0.000000,24.950000,545.240000,94.770000,545.030000,93.770000,543.073400,93.816877,40.840000,44.707004,15.158499,29.207559,29.171946,41.138085,95.750000,75.320000,0.955900,17.740000,40.840000,0.000000,0.000000,0.830500,0
713,09:29:54.614,ROI,160,160,192,192,8.180000,57.480000,14.275000,0.000000,17.400000,547.520000,92.050000,547.500000,92.350000,545.689858,92.427269,45.070000,42.794338,29.894543,27.569080,27.972891,37.083277,101.140000,77.440000,0.882700,15.730000,45.070000,0.000000,0.000000,0.859100,0
714,09:29:54.680,ROI,160,160,224,224,8.010000,59.050000,13.750000,0.000000,16.930000,548.440000,92.150000,549.320000,91.630000,548.273942,91.251973,36.660000,39.165165,21.583969,22.128940,24.457041,32.252180,97.360000,74.470000,0.925700,16.100000,36.660000,0.000000,0.000000,0.791400,0
715,09:29:54.729,ROI,160,160,224,224,9.150000,44.620000,19.175000,0.000000,22.410000,552.240000,91.490000,551.820000,91.070000,550.944777,90.309615,36.510000,36.312381,12.625837,16.533851,19.434506,26.568551,99.810000,73.960000,0.910200,17.910000,36.510000,0.000000,0.000000,0.787100,0
716,09:29:54.840,ROI,160,160,224,224,9.140000,104.140000,7.750000,0.000000,9.600000,554.060000,90.060000,554.340000,90.050000,553.705831,89.389942,35.630000,34.038208,22.036227,15.043123,18.422282,21.590628,99.860000,75.600000,0.928700,15.910000,35.630000,0.360000,62.250000,0.790900,0
717,09:29:54.904,ROI,160,160,224,224,9.510000,58.250000,14.350000,0.000000,17.170000,557.190000,88.800000,557.180000,89.000000,556.662827,88.469312,35.160000,32.303123,20.290276,13.005916,17.293447,16.976228,99.820000,74.170000,0.909000,14.770000,35.160000,0.900000,54.090000,0.737100,0
718,09:29:54.968,ROI,160,160,224,224,9.360000,56.950000,7.250000,0.000000,17.560000,556.890000,87.700000,558.770000,87.970000,559.330715,87.562619,33.050000,30.550385,32.935116,16.169197,18.770530,13.777446,101.160000,74.890000,0.958000,15.940000,33.050000,1.170000,44.340000,0.826400,0
719,09:29:55.032,ROI,160,160,224,224,9.830000,58.370000,7.225000,0.000000,17.130000,559.920000,86.170000,560.860000,86.700000,561.883596,86.607650,33.940000,29.833596,31.285188,18.566499,20.509574,11.889053,103.530000,75.330000,0.905900,15.640000,33.940000,0.770000,46.270000,0.815900,0
720,09:29:55.082,ROI,160,160,224,224,11.870000,46.440000,19.700000,0.000000,21.530000,560.610000,85.360000,562.140000,85.610000,564.031212,85.693169,33.180000,29.443262,40.416470,23.949348,23.064895,11.503432,102.930000,74.860000,0.965700,14.820000,33.180000,0.000000,0.000000,0.820700,0
721,09:29:55.142,ROI,160,160,224,224,8.080000,44.950000,16.500000,0.000000,22.250000,564.790000,83.800000,564.590000,84.310000,566.171315,84.707027,33.450000,29.688412,27.950969,25.737423,24.739863,12.476153,103.220000,73.370000,0.885700,15.270000,33.450000,0.000000,0.000000,0.825800,0
722,09:29:55.192,ROI,160,160,224,224,7.860000,43.110000,18.900000,0.000000,23.200000,566.000000,83.640000,566.480000,83.460000,568.149850,83.807535,29.630000,28.864585,24.215139,25.641094,24.447756,13.819025,103.880000,71.740000,0.955300,14.860000,29.630000,0.000000,0.000000,0.821300,0
723,09:29:55.320,ROI,160,160,224,224,7.750000,121.390000,6.525000,0.000000,8.240000,571.350000,82.570000,569.650000,82.600000,570.363654,82.929904,25.780000,26.994850,15.178622,24.273368,21.625140,15.060070,104.760000,69.680000,0.877100,16.040000,25.780000,0.000000,0.000000,0.812500,0
724,09:29:55.383,ROI,160,160,224,224,7.780000,55.720000,14.475000,0.000000,17.950000,574.320000,81.660000,572.880000,81.700000,572.814427,82.059119,25.290000,25.729108,15.569845,22.851358,19.560644,16.250781,105.270000,70.040000,0.921300,15.820000,25.290000,0.000000,0.000000,0.769000,0
725,09:29:55.433,ROI,160,160,224,224,7.720000,43.450000,18.775000,0.000000,23.020000,574.360000,81.030000,574.910000,80.930000,575.095546,81.181823,27.120000,25.385127,20.772255,24.178871,21.036255,18.641110,100.900000,70.630000,0.942000,15.070000,27.120000,0.000000,0.000000,0.751000,0
726,09:29:55.496,ROI,160,160,224,224,8.430000,55.860000,7.125000,43.625000,17.900000,578.170000,79.700000,577.680000,79.880000,577.492619,80.222954,26.550000,25.422650,20.759783,24.365328,21.802234,21.439904,102.930000,69.540000,0.894700,18.130000,26.550000,0.000000,0.000000,0.878200,0
727,09:29:55.543,ROI,160,160,224,224,7.970000,40.470000,0.000000,0.000000,24.710000,580.090000,79.790000,580.190000,79.280000,579.907300,79.376619,24.980000,25.170246,13.443921,21.541205,19.315331,22.650285,103.950000,69.680000,0.961400,17.730000,24.980000,0.000000,0.000000,0.856500,0
728,09:29:55.607,ROI,160,160,224,224,7.980000,57.540000,14.025000,0.000000,17.380000,584.210000,79.200000,583.340000,78.740000,582.563838,78.644362,23.290000,24.480873,9.727579,17.517081,15.410526,22.130563,105.460000,70.140000,0.909300,17.550000,23.290000,0.000000,0.000000,0.893800,0
729,09:29:55.671,ROI,160,160,224,224,8.470000,57.370000,7.100000,0.000000,17.430000,585.150000,78.480000,585.760000,78.210000,585.235985,77.952273,21.400000,23.228531,12.353208,15.186199,14.520588,21.081888,105.560000,70.110000,0.962800,13.650000,21.400000,0.000000,0.000000,0.868200,0
730,09:29:55.721,ROI,160,160,224,224,8.520000,43.600000,9.550000,0.000000,22.940000,587.240000,77.900000,588.000000,77.690000,587.785312,77.358538,22.600000,22.847815,13.069318,13.750326,13.110397,19.548037,105.060000,70.310000,0.945400,14.230000,22.600000,0.000000,0.000000,0.872200,0
731,09:29:55.847,ROI,160,160,224,224,7.860000,119.190000,6.675000,0.000000,8.390000,592.030000,77.430000,591.270000,77.310000,590.626215,76.853308,20.910000,22.301315,6.628494,10.117658,10.084140,16.981231,104.450000,71.040000,0.901300,15.860000,20.910000,0.000000,0.000000,0.907900,0
732,09:29:55.911,ROI,160,160,224,224,7.850000,57.080000,14.125000,0.000000,17.520000,593.160000,76.780000,593.760000,76.860000,593.477735,76.417027,19.750000,21.132831,10.244087,7.722799,8.698763,13.942692,105.830000,70.030000,0.960800,13.230000,19.750000,0.000000,0.000000,0.869500,0
733,09:29:55.959,ROI,160,160,224,224,8.250000,42.060000,19.700000,0.000000,23.780000,595.550000,76.550000,596.220000,76.480000,596.347588,76.021627,20.160000,20.240065,8.781163,5.793189,7.844655,10.968832,105.310000,70.640000,0.947700,13.170000,20.160000,0.000000,0.000000,0.859200,0
734,09:29:56.023,ROI,160,160,224,224,8.010000,57.200000,14.200000,0.000000,17.480000,597.700000,76.050000,598.490000,76.070000,599.065408,75.705462,18.750000,19.130185,10.238198,4.882051,6.635424,8.154232,106.850000,70.200000,0.946900,14.770000,18.750000,0.000000,0.000000,0.910100,0
735,09:29:56.071,ROI,160,160,224,224,9.030000,42.750000,19.750000,0.000000,23.390000,599.910000,75.640000,600.590000,75.800000,601.551873,75.531973,19.990000,18.737358,7.326407,3.160919,3.991237,4.893593,106.720000,70.240000,0.948600,13.870000,19.990000,0.000000,0.000000,0.876800,0
736,09:29:56.136,ROI,160,160,224,224,8.190000,57.630000,14.125000,0.000000,17.350000,602.490000,74.910000,602.930000,75.290000,603.941719,75.292258,19.080000,18.642850,12.295266,5.183205,5.727939,3.143908,106.510000,68.990000,0.933600,14.700000,19.080000,0.000000,0.000000,0.889700,0
737,09:29:56.201,ROI,160,160,224,224,8.230000,58.410000,13.825000,0.000000,17.120000,602.900000,75.110000,604.280000,75.120000,605.924835,75.169369,17.570000,17.559158,7.177246,4.184013,3.545935,1.043120,107.310000,68.120000,0.980000,13.960000,17.570000,0.000000,0.000000,0.883300,0
738,09:29:56.247,ROI,160,160,224,224,8.600000,39.820000,10.550000,0.000000,25.110000,606.860000,74.440000,606.440000,74.780000,607.894012,75.016219,14.640000,16.439612,8.945382,4.907053,4.447148,-0.064172,104.240000,66.420000,0.905000,15.010000,14.640000,0.000000,0.000000,0.935900,0
739,09:29:56.376,ROI,160,160,224,224,8.340000,122.380000,6.500000,0.000000,8.170000,611.520000,73.780000,609.460000,74.350000,610.071058,74.764427,11.450000,14.552704,8.103540,6.753650,6.597389,0.408160,103.490000,64.970000,0.895100,15.490000,11.450000,0.000000,0.000000,0.941400,0
740,09:29:56.425,ROI,160,160,224,224,7.500000,40.860000,19.775000,0.000000,24.470000,612.540000,73.840000,611.930000,74.010000,612.239831,74.480273,10.810000,12.890912,7.837614,7.965116,7.464406,1.561140,106.540000,64.890000,0.969700,13.580000,10.810000,0.000000,0.000000,0.875900,0
741,09:29:56.488,ROI,160,160,224,224,7.510000,56.540000,14.225000,0.000000,17.690000,614.320000,73.930000,614.200000,73.740000,614.288254,74.184104,10.620000,11.518758,6.783049,9.304642,8.227042,3.321829,105.040000,65.140000,0.963200,13.510000,10.620000,0.000000,0.000000,0.873100,0
742,09:29:56.553,ROI,160,160,224,224,9.480000,60.810000,6.875000,38.200000,16.440000,618.580000,73.880000,617.240000,73.710000,616.607250,73.944373,6.330000,9.267250,0.565401,7.397538,5.902098,4.343139,102.120000,64.150000,0.907400,14.640000,6.330000,0.000000,0.000000,0.902000,0
743,09:29:56.601,ROI,160,160,224,224,7.330000,37.140000,10.375000,0.000000,26.920000,618.560000,73.510000,619.170000,73.420000,618.777092,73.692258,5.360000,7.034373,8.545282,8.324965,6.627516,5.592580,103.710000,63.080000,0.968500,12.070000,5.360000,0.000000,0.000000,0.845900,0
744,09:29:56.664,ROI,160,160,224,224,8.430000,58.430000,0.000000,0.000000,17.120000,622.510000,73.560000,621.740000,73.320000,621.143423,73.476962,3.850000,4.766569,2.228284,5.704856,5.198636,6.124226,104.690000,63.760000,0.917500,13.130000,3.850000,0.000000,0.000000,0.842900,0
745,09:29:56.728,ROI,160,160,224,224,7.390000,55.970000,14.350000,0.000000,17.870000,623.710000,73.280000,623.940000,73.230000,623.480658,73.325677,3.380000,2.666150,2.342612,4.165128,3.703477,5.946126,103.360000,61.400000,0.941300,12.230000,3.380000,0.000000,0.000000,0.828000,0
746,09:29:56.840,ROI,160,160,224,224,7.390000,105.590000,7.500000,0.000000,9.470000,629.400000,72.860000,627.610000,73.020000,626.343654,73.153331,4.920000,1.786223,3.274934,3.221147,3.444924,5.640944,102.630000,63.040000,0.873300,13.350000,4.920000,0.000000,0.000000,0.894000,0
747,09:29:56.905,ROI,160,160,224,224,7.420000,58.960000,13.575000,0.000000,16.960000,632.810000,72.730000,631.600000,72.850000,629.635142,72.976296,-0.160000,-0.023631,2.439698,2.974092,3.078720,5.434968,101.580000,63.940000,0.922700,12.750000,-0.160000,0.000000,0.000000,0.834300,0
748,09:29:56.953,ROI,160,160,224,224,7.400000,28.260000,0.000000,0.000000,35.380000,633.540000,72.810000,634.320000,72.800000,632.842296,72.840973,0.130000,-1.146523,1.053113,2.394312,2.416113,5.190207,101.670000,64.050000,0.983100,11.890000,0.130000,0.000000,0.000000,0.819500,0
749,09:29:57.015,ROI,160,160,224,224,7.810000,53.000000,7.175000,0.000000,18.870000,637.860000,72.520000,637.780000,72.640000,636.317854,72.697154,-0.550000,-2.277073,2.647630,1.838804,2.369558,4.706480,100.910000,64.180000,0.910200,12.620000,-0.550000,0.000000,0.000000,0.821000,0
750,09:29:57.080,ROI,160,160,224,224,7.400000,57.570000,13.875000,0.000000,17.370000,638.410000,73.330000,639.950000,72.910000,639.532127,72.721881,-0.970000,-3.166781,-7.092517,-2.001920,-0.440759,3.068746,99.540000,63.200000,0.961600,11.920000,-0.970000,0.000000,0.000000,0.781000,0
751,09:29:57.129,ROI,160,160,224,224,7.500000,39.370000,19.000000,0.000000,25.400000,642.940000,73.050000,643.060000,72.950000,642.834831,72.781562,-0.860000,-3.583312,-0.736883,-2.642584,-1.035238,1.434694,99.290000,63.770000,0.905000,12.480000,-0.860000,0.000000,0.000000,0.816100,0
