model,frames,avg_fps,avg_cpu,avg_inf_ms,avg_e2e_ms,lost_frames,avg_vector_mag,avg_best_conf
Baseline Full 640,467,36.23882226980729,9.645663811563168,21.043404710920772,27.77820128479657,0,2.3229134903640256,0.7857344753747323
ROI Tracking 160,506,153.4655928853755,5.953260869565217,5.174130434782608,6.740553359683795,0,2.4742330039525693,0.8263711462450593
