frame_id,timestamp,mode,input_width,input_height,roi_w,roi_h,inf_time_ms,end_to_end_time_ms,cpu_load_pct,end_to_end_cpu_load_pct,fps,x_center,y_center,smooth_x,smooth_y,raw_angle,raw_angle_smooth,smooth_angle,smooth_angle_smooth,width,height,iou_prev_bbox,group1_magnitude,group1_angle,group2_magnitude,group2_angle,best_conf,tracking_lost
131,06:55:51.712,ROI,160,160,352,352,7.93,40.30,0.0,0.0,24.81,680.37,609.03,680.37,609.07,94.14,94.40,-41.49,-19.86,103.38,166.87,0.9977,13.8200,94.1400,0.0000,0.0000,0.8212,0
132,06:55:51.775,ROI,160,160,352,352,7.94,60.18,0.0,0.0,16.62,680.22,609.34,680.35,609.16,94.55,94.40,-101.92,-49.08,103.27,165.97,0.9916,13.4600,94.5500,0.0000,0.0000,0.8198,0
133,06:55:51.825,ROI,160,160,352,352,7.86,42.70,19.2,0.0,23.42,680.26,609.19,680.34,609.20,94.56,94.40,-105.22,-76.62,103.25,166.01,0.9973,13.4200,94.5600,0.0000,0.0000,0.8203,0
134,06:55:51.887,ROI,160,160,352,352,8.32,56.08,0.0,0.0,17.83,680.31,609.30,680.34,609.25,94.47,94.38,-88.34,264.74,103.07,166.17,0.9970,13.4600,94.4700,0.0000,0.0000,0.8213,0
135,06:55:51.950,ROI,160,160,352,352,7.92,56.81,14.425,0.0,17.60,680.40,609.36,680.36,609.31,94.12,94.30,-72.31,-102.50,103.25,166.12,0.9975,13.8400,94.1200,0.0000,0.0000,0.8213,0
136,06:55:52.063,ROI,160,160,352,352,7.82,107.03,7.475,0.0,9.34,680.40,609.45,680.37,609.38,94.15,94.23,-79.49,-117.09,103.42,166.01,0.9972,13.8600,94.1500,0.0000,0.0000,0.8227,0
137,06:55:52.128,ROI,160,160,352,352,7.90,58.09,14.05,0.0,17.21,680.42,609.47,680.38,609.42,94.18,94.21,-81.33,229.65,103.44,166.01,0.9993,13.8900,94.1800,0.0000,0.0000,0.8242,0
138,06:55:52.176,ROI,160,160,352,352,8.38,42.62,19.825,0.0,23.47,680.31,609.54,680.36,609.49,94.46,94.24,-105.96,228.38,103.16,165.51,0.9942,13.5500,94.4600,0.0000,0.0000,0.8213,0
139,06:55:52.241,ROI,160,160,352,352,9.83,61.35,13.85,35.0,16.30,680.37,609.45,680.37,609.53,94.56,94.29,-82.82,232.92,103.07,165.79,0.9970,13.5700,94.5600,0.0000,0.0000,0.8220,0
140,06:55:52.288,ROI,160,160,352,352,12.02,41.61,11.125,0.0,24.03,680.37,609.47,680.37,609.55,94.53,94.32,-92.27,-116.08,103.00,165.29,0.9963,13.5600,94.5300,0.0000,0.0000,0.8232,0
141,06:55:52.352,ROI,160,160,352,352,9.85,54.24,0.0,0.0,18.44,680.44,609.58,680.38,609.58,94.06,94.25,-57.49,-98.67,103.20,165.57,0.9964,13.9900,94.0600,0.0000,0.0000,0.8272,0
142,06:55:52.464,ROI,160,160,352,352,8.74,105.72,0.0,40.925,9.46,680.46,609.65,680.40,609.63,94.08,94.20,-64.88,-85.70,103.29,165.31,0.9976,14.1500,94.0800,0.0000,0.0000,0.8293,0
143,06:55:52.529,ROI,160,160,352,352,7.96,57.74,0.0,0.0,17.32,680.44,609.56,680.42,609.64,94.09,94.17,-30.96,-55.60,103.25,165.26,0.9985,14.1000,94.0900,0.0000,0.0000,0.8269,0
144,06:55:52.591,ROI,160,160,352,352,7.87,55.99,14.625,0.0,17.86,680.37,609.63,680.42,609.66,94.19,94.16,-106.79,-60.63,103.25,165.44,0.9977,14.0700,94.1900,0.0000,0.0000,0.8267,0
145,06:55:52.640,ROI,160,160,352,352,7.95,41.74,19.675,0.0,23.96,680.33,609.47,680.40,609.64,93.97,94.09,136.55,-107.49,103.33,166.08,0.9953,14.1100,93.9700,0.0000,0.0000,0.8280,0
146,06:55:52.704,ROI,160,160,352,352,7.87,58.67,6.975,0.0,17.05,680.35,609.60,680.39,609.65,93.69,93.96,-140.40,-124.25,103.38,166.14,0.9980,14.1900,93.6900,0.0000,0.0000,0.8295,0
147,06:55:52.767,ROI,160,160,352,352,7.82,56.98,14.35,0.0,17.55,680.40,609.45,680.39,609.63,93.83,93.89,85.68,-181.59,103.53,166.06,0.9967,14.1100,93.8300,0.0000,0.0000,0.8303,0
148,06:55:52.817,ROI,160,160,352,352,11.15,46.99,19.0,0.0,21.28,680.42,609.32,680.40,609.56,93.49,93.74,85.10,-221.99,103.53,165.95,0.9980,14.6200,93.4900,0.0000,0.0000,0.8354,0
149,06:55:52.928,ROI,160,160,352,352,7.82,99.30,7.925,0.0,10.07,680.26,607.95,680.37,609.13,94.34,93.84,94.46,-248.92,101.11,164.16,0.9607,12.8000,94.3400,0.0000,0.0000,0.7923,0
150,06:55:52.992,ROI,160,160,352,352,9.44,60.40,13.9,37.525,16.56,680.81,606.85,680.48,608.48,93.75,93.78,79.87,-277.71,100.94,162.95,0.9760,13.3100,93.7500,0.0000,0.0000,0.7839,0
151,06:55:53.056,ROI,160,160,352,352,7.89,55.35,0.0,45.25,18.07,681.39,604.76,680.74,607.35,94.99,94.05,77.33,-297.06,100.83,162.34,0.9638,12.9700,94.9900,0.0000,0.0000,0.7907,0
152,06:55:53.104,ROI,160,160,352,352,9.29,42.92,10.075,0.0,23.30,683.02,604.32,681.39,606.28,96.65,94.72,58.91,-319.67,100.21,162.73,0.9628,12.3200,96.6500,0.0000,0.0000,0.7832,0
153,06:55:53.168,ROI,160,160,352,352,7.91,56.42,14.5,0.0,17.73,682.45,601.38,681.79,604.57,96.07,95.19,76.77,-327.28,106.77,162.10,0.9062,13.0600,96.0700,0.0000,0.0000,0.8492,0
154,06:55:53.231,ROI,160,160,352,352,7.89,57.20,14.25,0.0,17.48,683.67,596.40,682.45,601.81,96.05,95.60,76.56,-334.88,107.49,154.62,0.9187,13.8700,96.0500,0.0000,0.0000,0.8932,0
155,06:55:53.280,ROI,160,160,320,320,7.61,41.80,19.7,0.0,23.92,681.60,593.86,682.47,598.79,97.04,96.18,89.66,-328.14,101.48,146.26,0.8930,10.4100,97.0400,0.0000,0.0000,0.8141,0
156,06:55:53.408,ROI,160,160,320,320,8.33,122.62,6.525,0.0,8.16,681.00,590.66,682.30,595.40,95.88,96.36,92.79,-321.88,102.46,144.84,0.9461,11.0000,95.8800,0.0000,0.0000,0.8488,0
157,06:55:53.457,ROI,160,160,320,320,7.81,42.22,19.6,0.0,23.68,681.72,584.38,682.33,590.94,97.05,96.77,89.65,-327.02,102.72,148.26,0.9055,8.7400,97.0500,0.0000,0.0000,0.6902,0
158,06:55:53.520,ROI,160,160,320,320,10.14,59.40,14.35,0.0,16.84,681.16,582.80,682.19,586.78,97.17,97.14,91.96,-323.88,103.48,148.34,0.9684,8.5800,97.1700,0.0000,0.0000,0.6192,0
159,06:55:53.567,ROI,160,160,320,320,7.90,37.63,21.5,0.0,26.58,681.46,577.34,682.12,581.92,95.54,97.03,90.80,-315.95,104.26,145.60,0.9217,10.1000,95.5400,0.0000,0.0000,0.7682,0
160,06:55:53.632,ROI,160,160,320,320,9.15,60.41,6.875,0.0,16.55,680.46,571.80,681.77,576.49,95.84,97.00,93.64,-313.93,106.62,142.72,0.9064,10.7300,95.8400,0.0000,0.0000,0.7900,0
161,06:55:53.696,ROI,160,160,288,288,8.76,57.15,0.0,0.0,17.50,679.75,567.96,681.27,571.05,93.43,96.31,95.32,-307.01,110.74,146.34,0.9134,12.4200,93.4300,0.0000,0.0000,0.8095,0
162,06:55:53.743,ROI,160,160,320,320,7.91,40.48,20.5,44.775,24.70,681.02,564.66,681.16,565.78,93.98,95.80,91.15,-295.65,104.84,142.28,0.9049,13.0000,93.9800,0.0000,0.0000,0.8516,0
163,06:55:53.872,ROI,160,160,288,288,8.53,122.94,3.25,0.0,8.13,678.84,553.81,680.48,558.75,94.92,95.58,95.48,-282.07,107.35,144.94,0.8271,13.7000,94.9200,0.0000,0.0000,0.7822,0
164,06:55:53.920,ROI,160,160,320,320,11.11,44.15,20.25,0.0,22.65,679.00,547.90,679.93,551.53,94.33,95.21,94.37,-270.11,99.12,136.54,0.8496,13.3500,94.3300,0.0000,0.0000,0.8515,0
165,06:55:53.984,ROI,160,160,288,288,10.29,56.40,7.475,0.0,17.73,677.81,543.63,679.14,544.65,93.11,94.58,96.61,-259.53,111.71,145.51,0.8326,11.2200,93.1100,0.0000,0.0000,0.7739,0
166,06:55:54.047,ROI,160,160,320,320,8.53,55.26,7.525,0.0,18.10,679.04,539.64,678.77,538.20,96.22,94.84,93.21,-250.35,100.64,138.80,0.8520,13.4800,96.2200,0.0000,0.0000,0.8744,0
167,06:55:54.096,ROI,160,160,288,288,12.50,46.65,19.7,28.025,21.44,677.54,536.14,678.08,532.32,96.38,95.11,96.73,-241.35,109.42,144.86,0.8756,11.0600,96.3800,0.0000,0.0000,0.7811,0
168,06:55:54.159,ROI,160,160,320,320,7.80,51.42,15.95,0.0,19.45,676.42,532.40,677.22,526.92,94.44,94.80,99.11,-231.01,109.40,137.70,0.9297,14.9300,94.4400,0.0000,0.0000,0.9149,0
169,06:55:54.224,ROI,160,160,288,288,10.88,62.09,13.9,0.0,16.11,674.52,524.35,675.99,520.87,96.34,95.01,101.42,-223.94,108.07,134.80,0.8595,12.3100,96.3400,0.0000,0.0000,0.8315,0
170,06:55:54.272,ROI,160,160,288,288,10.29,40.71,21.55,0.0,24.57,677.10,521.41,675.65,515.62,95.10,94.86,93.70,-220.51,100.13,131.08,0.8869,11.5800,95.1000,0.0000,0.0000,0.7628,0
171,06:55:54.400,ROI,160,160,288,288,7.78,116.90,6.7,0.0,8.55,675.15,513.01,674.90,509.66,94.88,94.70,97.22,-222.03,105.82,137.36,0.8364,12.8800,94.8800,0.0000,0.0000,0.8178,0
172,06:55:54.447,ROI,160,160,288,288,12.12,46.22,19.85,0.0,21.63,678.26,510.30,675.12,504.61,98.03,95.40,87.45,-229.15,102.26,139.05,0.9069,11.2100,98.0300,0.0000,0.0000,0.7936,0
173,06:55:54.511,ROI,160,160,288,288,10.94,54.62,15.375,0.0,18.31,676.88,506.29,675.03,500.02,97.32,95.84,91.12,-242.34,100.30,132.12,0.9176,10.7600,97.3200,0.0000,0.0000,0.7878,0
174,06:55:54.575,ROI,160,160,288,288,8.54,54.18,15.125,0.0,18.46,678.83,500.26,675.55,495.30,93.48,95.20,83.76,105.03,102.06,132.80,0.8799,13.2900,93.4800,0.0000,0.0000,0.8487,0
175,06:55:54.624,ROI,160,160,288,288,10.42,45.13,19.7,0.0,22.16,676.33,498.07,675.43,491.48,96.35,95.44,91.83,-257.13,101.45,127.98,0.9182,11.2700,96.3500,0.0000,0.0000,0.8148,0
176,06:55:54.688,ROI,160,160,256,256,7.77,53.56,7.45,0.0,18.67,674.19,494.82,674.84,488.11,93.22,94.87,99.86,93.55,100.02,127.41,0.9117,10.3500,93.2200,0.0000,0.0000,0.7633,0
177,06:55:54.736,ROI,160,160,256,256,10.86,45.76,29.35,0.0,21.85,673.14,490.27,674.14,484.76,96.35,95.22,101.85,94.70,100.48,127.25,0.9123,12.1200,96.3500,0.0000,0.0000,0.8125,0
178,06:55:54.863,ROI,160,160,256,256,10.43,118.10,6.8,0.0,8.47,672.54,483.74,673.46,480.83,92.58,94.62,99.76,95.03,107.09,137.60,0.8506,13.0100,92.5800,0.0000,0.0000,0.8417,0
179,06:55:54.913,ROI,160,160,288,288,7.93,39.86,20.425,0.0,25.09,675.87,482.48,673.88,477.84,97.48,95.37,82.17,89.60,92.05,132.10,0.8252,14.5100,97.4800,0.0000,0.0000,0.9056,0
180,06:55:54.975,ROI,160,160,288,288,8.57,57.14,7.275,0.0,17.50,673.83,471.06,673.76,472.89,100.81,97.01,91.31,88.24,96.57,116.73,0.7982,14.2500,100.8100,0.0000,0.0000,0.9462,0
181,06:55:55.040,ROI,160,160,256,256,11.10,61.25,14.075,32.025,16.33,674.34,472.94,673.84,469.77,95.10,96.88,88.55,86.64,105.33,132.13,0.8100,13.3800,95.1000,0.0000,0.0000,0.8213,0
182,06:55:55.088,ROI,160,160,288,288,10.90,40.86,10.85,0.0,24.47,676.39,467.37,674.36,466.07,97.93,97.37,81.97,85.57,102.92,128.12,0.8837,14.7800,97.9300,0.0000,0.0000,0.9017,0
183,06:55:55.152,ROI,160,160,288,288,10.88,56.60,15.2,0.0,17.67,674.79,465.87,674.46,463.03,93.89,96.75,88.13,85.49,104.92,130.72,0.9475,15.6600,93.8900,0.0000,0.0000,0.9276,0
184,06:55:55.263,ROI,160,160,288,288,10.20,103.62,3.925,0.0,9.65,675.21,458.83,674.55,459.27,93.68,96.14,88.75,86.10,99.22,131.20,0.8516,15.7600,93.6800,0.0000,0.0000,0.8495,0
185,06:55:55.327,ROI,160,160,288,288,8.86,55.59,22.05,0.0,17.99,672.77,454.47,674.13,455.34,94.73,95.76,96.06,87.86,104.11,132.57,0.8932,14.1300,94.7300,0.0000,0.0000,0.8885,0
186,06:55:55.391,ROI,160,160,288,288,10.51,59.93,14.325,0.0,16.69,672.67,451.68,673.80,451.66,94.83,95.52,95.08,89.00,110.75,137.57,0.9020,14.5100,94.8300,0.0000,0.0000,0.8984,0
187,06:55:55.440,ROI,160,160,288,288,10.60,43.24,20.825,33.35,23.12,673.33,448.17,673.63,448.24,94.34,95.04,92.78,89.78,109.46,136.82,0.9390,14.5400,94.3400,0.0000,0.0000,0.9256,0
188,06:55:55.504,ROI,160,160,288,288,7.77,52.44,7.5,0.0,19.07,674.21,444.85,673.75,444.68,93.02,94.21,88.08,89.18,107.73,134.68,0.9372,13.6200,93.0200,0.0000,0.0000,0.9045,0
189,06:55:55.552,ROI,160,160,288,288,15.79,49.96,19.75,23.6,20.02,674.79,440.99,673.96,441.09,94.76,94.03,86.64,88.52,109.55,132.17,0.9287,14.4000,94.7600,0.0000,0.0000,0.9317,0
190,06:55:55.680,ROI,160,160,288,288,25.92,132.15,3.525,14.45,7.57,673.91,429.33,673.97,435.44,91.81,93.06,89.97,88.72,106.87,126.49,0.8153,14.0500,91.8100,0.0000,0.0000,0.8644,0
191,06:55:55.727,ROI,160,160,256,256,14.33,28.78,38.35,25.3,34.74,673.35,425.16,673.86,429.78,90.80,92.16,91.07,89.12,103.14,128.94,0.9054,12.4100,90.8000,0.0000,0.0000,0.9051,0
192,06:55:55.791,ROI,160,160,288,288,7.75,49.58,0.0,0.0,20.17,671.88,423.11,673.23,424.59,94.17,92.29,96.89,91.45,110.20,126.99,0.9078,13.7600,94.1700,0.0000,0.0000,0.8935,0
193,06:55:55.855,ROI,160,160,256,256,8.46,59.03,7.0,0.0,16.94,673.56,417.86,673.26,419.65,92.41,91.92,89.66,91.33,109.12,125.94,0.8937,12.7700,92.4100,0.0000,0.0000,0.8626,0
194,06:55:55.904,ROI,160,160,256,256,7.81,41.56,9.9,0.0,24.06,670.94,414.31,672.56,415.07,91.49,91.45,98.72,93.73,107.23,122.77,0.9007,12.0500,91.4900,0.0000,0.0000,0.8842,0
195,06:55:55.967,ROI,160,160,256,256,8.39,57.69,7.15,0.0,17.33,670.37,409.82,671.89,410.47,92.15,91.42,98.38,95.56,110.62,126.99,0.9026,12.7700,92.1500,0.0000,0.0000,0.8853,0
196,06:55:56.031,ROI,160,160,256,256,7.80,56.96,7.125,0.0,17.56,669.46,407.22,670.93,406.29,89.51,90.52,102.87,98.62,105.94,129.52,0.9207,12.9400,89.5100,0.0000,0.0000,0.8565,0
197,06:55:56.080,ROI,160,160,288,288,7.86,42.68,19.375,0.0,23.43,672.13,403.45,670.90,402.12,88.48,89.47,90.38,97.66,115.24,137.38,0.8667,14.6200,88.4800,0.0000,0.0000,0.8955,0
198,06:55:56.207,ROI,160,160,288,288,8.13,121.31,6.575,0.0,8.24,670.81,393.42,670.64,396.26,90.36,89.28,92.59,97.05,110.09,126.54,0.8216,13.5200,90.3600,0.0000,0.0000,0.8832,0
199,06:55:56.255,ROI,160,160,256,256,7.75,40.84,20.15,0.0,24.49,670.66,392.39,670.59,391.72,90.25,89.01,90.67,95.55,110.98,129.65,0.9682,11.1000,90.2500,0.0000,0.0000,0.8018,0
200,06:55:56.319,ROI,160,160,288,288,7.79,58.02,14.025,0.0,17.24,669.95,390.16,670.19,387.61,89.78,88.82,95.45,95.91,114.37,128.34,0.9380,13.4200,89.7800,0.0000,0.0000,0.9212,0
201,06:55:56.384,ROI,160,160,288,288,7.79,58.70,13.85,0.0,17.04,670.01,385.55,670.07,383.75,89.06,88.57,91.85,94.83,112.00,127.10,0.9116,13.3300,89.0600,0.0000,0.0000,0.9242,0
202,06:55:56.431,ROI,160,160,256,256,7.83,41.28,20.125,0.0,24.22,670.54,381.72,669.86,379.89,93.52,89.33,93.04,94.92,106.88,120.78,0.8973,11.6100,93.5200,0.0000,0.0000,0.8744,0
203,06:55:56.496,ROI,160,160,256,256,8.04,58.75,13.925,0.0,17.02,669.94,379.27,669.62,376.46,94.76,90.36,94.12,95.03,104.59,120.74,0.9401,12.2000,94.7600,0.0000,0.0000,0.8722,0
204,06:55:56.559,ROI,160,160,256,256,7.76,57.07,7.125,0.0,17.52,671.58,376.87,669.63,373.62,96.45,92.09,89.76,94.68,103.50,121.79,0.9320,11.5000,96.4500,0.0000,0.0000,0.8272,0
205,06:55:56.607,ROI,160,160,256,256,7.67,41.46,19.875,0.0,24.12,670.63,369.41,669.54,369.61,95.05,93.04,91.23,94.24,94.50,121.06,0.8111,8.7200,95.0500,0.0000,0.0000,0.7712,0
206,06:55:56.736,ROI,160,160,256,256,7.74,122.57,0.0,0.0,8.16,670.00,362.84,669.49,364.86,92.55,93.53,90.67,92.91,92.69,121.07,0.8808,8.9700,92.5500,0.0000,0.0000,0.8248,0
207,06:55:56.783,ROI,160,160,256,256,8.29,41.70,20.125,0.0,23.98,670.66,359.20,669.76,360.32,91.75,93.52,86.59,90.18,93.15,114.69,0.9274,10.6100,91.7500,0.0000,0.0000,0.8733,0
208,06:55:56.847,ROI,160,160,256,256,11.08,60.95,14.225,0.0,16.41,669.86,355.66,669.92,356.18,93.39,94.31,87.72,87.92,94.30,113.12,0.9243,11.8000,93.3900,0.0000,0.0000,0.8887,0
209,06:55:56.895,ROI,160,160,256,256,7.76,38.01,21.525,0.0,26.31,669.51,354.14,669.75,352.48,94.80,94.98,92.73,88.66,99.09,114.99,0.9269,13.2900,94.8000,0.0000,0.0000,0.8929,0
210,06:55:56.958,ROI,160,160,256,256,7.85,57.00,7.15,0.0,17.54,668.70,351.74,669.56,349.84,94.94,95.21,93.97,89.01,100.11,112.83,0.9437,13.1400,94.9400,0.0000,0.0000,0.8845,0
211,06:55:57.023,ROI,160,160,256,256,11.10,61.68,13.95,32.725,16.21,669.82,346.94,669.70,346.40,92.94,95.21,87.77,87.94,97.46,114.40,0.8955,12.1600,92.9400,0.0000,0.0000,0.8683,0
212,06:55:57.071,ROI,160,160,256,256,7.80,38.01,10.85,0.0,26.31,670.94,341.81,669.93,342.71,92.44,94.75,86.43,87.39,97.81,107.39,0.8921,13.7800,92.4400,0.0000,0.0000,0.8904,0
213,06:55:57.199,ROI,160,160,224,224,7.88,122.05,6.55,0.0,8.19,671.30,336.65,670.32,338.42,95.64,95.43,84.75,86.23,92.58,109.19,0.8629,11.7200,95.6400,0.0000,0.0000,0.7857,0
214,06:55:57.247,ROI,160,160,224,224,7.93,41.21,20.025,45.2,24.26,669.61,331.24,670.16,333.97,92.28,95.11,92.13,87.29,93.45,106.43,0.8738,12.3500,92.2800,0.0000,0.0000,0.8828,0
215,06:55:57.311,ROI,160,160,224,224,9.35,59.20,0.0,0.0,16.89,669.48,329.33,670.17,330.14,92.61,94.77,89.87,87.09,93.77,108.25,0.9618,12.8300,92.6100,0.0000,0.0000,0.8263,0
216,06:55:57.375,ROI,160,160,224,224,7.87,56.02,7.25,0.0,17.85,670.05,325.93,670.36,326.29,92.68,94.39,87.12,86.24,92.19,107.00,0.9233,13.2100,92.6800,0.0000,0.0000,0.8632,0
217,06:55:57.424,ROI,160,160,224,224,7.76,42.45,19.3,0.0,23.56,669.65,322.17,670.38,322.35,92.67,94.00,89.70,86.37,93.06,102.56,0.9225,13.2300,92.6700,0.0000,0.0000,0.9217,0
218,06:55:57.487,ROI,160,160,224,224,7.78,56.51,14.3,0.0,17.69,669.56,318.98,670.28,318.39,92.87,93.74,91.45,87.45,90.80,102.00,0.9173,13.3000,92.8700,0.0000,0.0000,0.8989,0
219,06:55:57.551,ROI,160,160,224,224,7.89,57.92,14.1,0.0,17.26,670.75,317.90,670.40,314.99,92.44,93.18,88.00,87.86,93.74,105.28,0.9385,12.7400,92.4400,0.0000,0.0000,0.8449,0
220,06:55:57.663,ROI,160,160,224,224,7.85,105.66,7.575,0.0,9.46,668.61,312.06,669.94,311.55,91.36,92.58,97.57,90.69,94.28,101.71,0.8555,11.9300,91.3600,0.0000,0.0000,0.8859,0
221,06:55:57.711,ROI,160,160,224,224,8.31,42.18,19.775,0.0,23.71,667.55,308.42,669.25,308.15,92.55,92.44,101.55,94.29,92.33,99.33,0.9096,12.5300,92.5500,0.0000,0.0000,0.8948,0
222,06:55:57.775,ROI,160,160,224,224,8.01,56.74,14.225,0.0,17.63,668.46,303.06,668.96,304.12,93.01,92.13,94.02,95.01,94.51,96.43,0.8768,12.2100,93.0100,0.0000,0.0000,0.8555,0
223,06:55:57.840,ROI,160,160,224,224,7.80,56.80,13.8,0.0,17.61,668.11,300.56,668.45,300.56,92.89,91.90,98.28,97.38,91.50,96.25,0.9200,12.7900,92.8900,0.0000,0.0000,0.8930,0
224,06:55:57.888,ROI,160,160,224,224,7.78,41.26,20.075,0.0,24.23,667.86,298.38,668.11,297.33,92.19,91.57,96.01,98.10,92.92,100.63,0.9419,13.0600,92.1900,0.0000,0.0000,0.8924,0
225,06:55:57.951,ROI,160,160,224,224,7.82,57.20,14.25,0.0,17.48,668.88,296.53,668.14,294.57,92.81,91.37,89.28,96.78,93.23,100.17,0.9434,12.1100,92.8100,0.0000,0.0000,0.8628,0
226,06:55:58.064,ROI,160,160,224,224,7.70,106.43,7.5,0.0,9.40,670.27,292.47,668.66,291.45,92.25,91.29,80.65,92.68,95.14,102.73,0.8970,11.2700,92.2500,0.0000,0.0000,0.8012,0
227,06:55:58.127,ROI,160,160,224,224,8.21,58.04,14.125,0.0,17.23,668.91,288.79,668.54,288.16,94.43,91.97,92.02,92.93,92.97,101.71,0.9048,12.5100,94.4300,0.0000,0.0000,0.8178,0
228,06:55:58.191,ROI,160,160,224,224,7.78,56.52,14.4,0.0,17.69,668.97,287.38,668.54,285.91,93.29,92.20,89.86,92.39,90.50,100.14,0.9467,12.0900,93.2900,0.0000,0.0000,0.8606,0
229,06:55:58.239,ROI,160,160,224,224,7.76,41.73,19.775,0.0,23.96,667.80,283.42,668.26,283.22,94.06,92.70,96.04,93.68,88.56,100.80,0.9013,12.1600,94.0600,0.0000,0.0000,0.8025,0
230,06:55:58.303,ROI,160,160,224,224,8.34,58.95,13.975,0.0,16.96,667.00,281.91,667.88,280.80,93.83,93.22,99.02,95.12,89.91,102.37,0.9535,13.8300,93.8300,0.0000,0.0000,0.8892,0
231,06:55:58.352,ROI,160,160,224,224,7.91,41.85,19.825,0.0,23.90,666.55,279.70,667.45,278.59,94.15,93.94,100.96,97.05,88.79,102.19,0.9460,14.2300,94.1500,0.0000,0.0000,0.8965,0
232,06:55:58.479,ROI,160,160,224,224,9.24,122.33,6.6,0.0,8.17,665.37,274.70,666.74,275.76,93.99,94.26,103.96,99.31,89.94,106.41,0.8857,15.0400,93.9900,0.0000,0.0000,0.8872,0
233,06:55:58.527,ROI,160,160,224,224,8.48,40.06,20.4,0.0,24.96,665.48,270.22,666.24,272.36,95.13,94.72,98.47,99.57,87.50,102.54,0.8934,14.1100,95.1300,0.0000,0.0000,0.8651,0
234,06:55:58.591,ROI,160,160,224,224,11.81,60.87,14.325,0.0,16.43,666.09,267.38,665.84,268.83,95.66,95.06,96.41,99.44,88.00,102.51,0.9333,15.0900,95.6600,0.6900,85.8200,0.8842,0
235,06:55:58.656,ROI,160,160,224,224,7.88,53.65,7.4,0.0,18.64,665.51,263.99,665.43,265.47,93.33,94.76,97.07,99.26,86.83,99.18,0.9226,13.6200,93.3300,0.0000,0.0000,0.8631,0
236,06:55:58.703,ROI,160,160,224,224,10.97,43.68,10.275,0.0,22.90,665.34,262.82,665.10,262.86,96.22,95.43,97.16,99.04,88.34,99.09,0.9601,14.4400,96.2200,0.0000,0.0000,0.9181,0
237,06:55:58.767,ROI,160,160,224,224,7.88,54.53,7.525,0.0,18.34,666.01,258.74,664.96,259.94,92.75,95.19,92.60,97.92,89.08,97.33,0.9070,13.3100,92.7500,0.0000,0.0000,0.8625,0
238,06:55:58.831,ROI,160,160,224,224,8.37,58.09,14.1,0.0,17.21,665.66,256.87,664.86,257.31,93.33,95.00,92.39,96.80,89.57,97.17,0.9550,12.9600,93.3300,0.0000,0.0000,0.9132,0
239,06:55:58.879,ROI,160,160,224,224,10.14,44.06,19.825,0.0,22.70,665.57,254.19,664.81,254.52,94.37,94.95,90.85,94.94,88.19,98.57,0.9327,13.9100,94.3700,0.0000,0.0000,0.8535,0
240,06:55:58.991,ROI,160,160,224,224,7.91,103.51,7.7,0.0,9.66,665.13,249.73,664.80,251.12,96.19,95.30,90.29,92.90,88.75,101.04,0.9055,14.2800,96.1900,0.0000,0.0000,0.8828,0
241,06:55:59.055,ROI,160,160,224,224,7.87,56.96,14.275,0.0,17.56,665.29,244.44,664.80,247.13,94.97,95.39,89.94,91.47,89.40,95.30,0.8916,12.2100,94.9700,0.0000,0.0000,0.7917,0
242,06:55:59.119,ROI,160,160,192,192,10.80,61.71,13.975,0.0,16.20,665.18,244.28,664.71,244.06,91.92,94.70,91.68,90.87,88.69,99.24,0.9529,12.9000,91.9200,0.0000,0.0000,0.8643,0
243,06:55:59.167,ROI,160,160,224,224,7.79,37.14,10.95,0.0,26.93,663.71,240.75,664.21,240.94,93.62,94.21,99.11,92.63,91.90,99.53,0.9001,11.7200,93.6200,0.0000,0.0000,0.8192,0
244,06:55:59.232,ROI,160,160,224,224,7.93,58.45,20.8,0.0,17.11,664.40,240.15,664.10,238.64,93.68,94.02,92.64,91.96,93.53,99.96,0.9708,13.4000,93.6800,0.0000,0.0000,0.8771,0
245,06:55:59.296,ROI,160,160,224,224,10.20,58.39,7.0,0.0,17.13,663.87,234.88,663.92,235.53,94.28,93.98,93.37,91.79,90.73,101.63,0.8750,13.0500,94.2800,0.0000,0.0000,0.8589,0
246,06:55:59.342,ROI,160,160,224,224,8.29,37.96,11.125,0.0,26.34,663.85,233.92,663.73,232.95,92.34,93.41,94.15,92.22,90.72,99.74,0.9807,13.1000,92.3400,0.0000,0.0000,0.8851,0
247,06:55:59.471,ROI,160,160,224,224,8.76,122.72,6.55,0.0,8.15,662.54,227.97,663.27,229.56,92.07,92.84,97.72,93.50,93.38,101.93,0.8645,11.6600,92.0700,0.0000,0.0000,0.8231,0
248,06:55:59.519,ROI,160,160,224,224,7.81,40.49,20.35,0.0,24.70,661.75,222.98,662.69,225.66,93.29,92.65,98.49,94.80,94.96,102.31,0.8924,11.7000,93.2900,0.0000,0.0000,0.8268,0
249,06:55:59.583,ROI,160,160,224,224,10.82,60.80,14.025,0.0,16.45,662.46,221.17,662.27,221.95,91.93,92.17,96.49,95.85,91.31,101.53,0.9285,13.6800,91.9300,0.0000,0.0000,0.9065,0
250,06:55:59.633,ROI,160,160,224,224,8.40,40.24,20.5,0.0,24.85,661.90,219.31,661.94,218.79,90.26,91.44,96.01,95.92,93.14,101.22,0.9452,13.4200,90.2600,0.0000,0.0000,0.9246,0
251,06:55:59.695,ROI,160,160,224,224,7.82,55.90,14.6,0.0,17.89,661.76,215.78,661.75,215.54,90.44,90.81,93.27,94.78,91.84,103.24,0.9208,13.3600,90.4400,0.0000,0.0000,0.8779,0
252,06:55:59.759,ROI,160,160,224,224,8.11,58.22,14.2,0.0,17.18,662.18,213.96,661.68,212.85,90.07,90.16,91.44,93.78,91.06,101.29,0.9564,13.8500,90.0700,0.0000,0.0000,0.9290,0
253,06:55:59.808,ROI,160,160,224,224,7.76,41.46,19.8,0.0,24.12,661.51,212.38,661.52,210.52,90.84,89.86,93.93,93.14,91.48,99.27,0.9552,14.4500,90.8400,0.0000,0.0000,0.9262,0
254,06:55:59.934,ROI,160,160,224,224,8.20,121.11,6.6,0.0,8.26,661.38,206.13,661.42,207.21,92.36,90.12,91.77,92.08,88.33,99.83,0.8533,12.7100,92.3600,0.0000,0.0000,0.8258,0
255,06:55:59.984,ROI,160,160,224,224,11.46,46.65,19.35,0.0,21.44,661.07,202.81,661.20,203.77,92.30,90.36,93.65,92.24,87.92,99.92,0.9292,13.4900,92.3000,0.0000,0.0000,0.8777,0
256,06:56:00.047,ROI,160,160,224,224,7.85,52.78,7.7,0.0,18.95,659.32,198.96,660.42,200.24,91.75,90.56,102.53,95.75,89.56,100.16,0.8914,13.5800,91.7500,0.0000,0.0000,0.8985,0
257,06:56:00.111,ROI,160,160,224,224,9.85,60.19,14.075,0.0,16.61,662.01,197.89,660.53,197.39,92.62,90.85,87.84,94.32,85.48,99.18,0.9207,13.0300,92.6200,0.0000,0.0000,0.8456,0
258,06:56:00.160,ROI,160,160,224,224,7.75,40.74,20.325,0.0,24.55,659.55,193.96,659.95,194.16,90.40,90.66,100.20,96.70,88.30,98.67,0.8747,12.2100,90.4000,0.0000,0.0000,0.8637,0
259,06:56:00.223,ROI,160,160,224,224,7.62,55.55,14.425,0.0,18.00,660.65,192.86,659.81,191.56,92.38,91.01,93.04,96.52,83.78,99.44,0.9286,12.9700,92.3800,0.0000,0.0000,0.8561,0
260,06:56:00.271,ROI,160,160,224,224,8.19,42.00,19.7,0.0,23.81,657.97,191.36,659.05,189.17,92.64,91.44,107.57,99.93,87.39,95.73,0.9059,12.4700,92.6400,0.0000,0.0000,0.9070,0
261,06:56:00.400,ROI,160,160,192,192,7.84,122.44,9.75,0.0,8.17,660.40,186.56,659.09,186.11,95.08,92.48,89.33,97.82,85.36,95.22,0.8571,14.4900,95.0800,0.0000,0.0000,0.8711,0
262,06:56:00.447,ROI,160,160,192,192,10.11,43.24,20.25,35.625,23.13,660.52,183.84,659.29,183.26,94.59,93.30,85.95,94.59,88.51,95.77,0.9117,12.1700,94.5900,0.0000,0.0000,0.8082,0
263,06:56:00.512,ROI,160,160,192,192,7.84,56.37,7.25,0.0,17.74,661.38,181.56,659.74,180.69,92.87,93.48,80.04,90.44,90.80,96.08,0.9300,12.6900,92.8700,0.0000,0.0000,0.8283,0
264,06:56:00.576,ROI,160,160,224,224,10.98,61.41,14.0,0.0,16.28,660.22,179.11,659.81,178.23,91.74,93.26,88.37,89.10,90.43,95.26,0.9265,13.8700,91.7400,0.0000,0.0000,0.9166,0
265,06:56:00.623,ROI,160,160,192,192,8.33,37.33,22.175,0.0,26.79,660.71,176.71,660.07,175.92,94.44,93.95,83.53,86.54,88.25,95.62,0.9286,13.5900,94.4400,0.0000,0.0000,0.8311,0
266,06:56:00.687,ROI,160,160,192,192,7.87,56.70,7.1,0.0,17.64,659.52,172.99,660.03,173.18,93.49,94.03,90.88,86.16,86.80,93.30,0.9002,12.2500,93.4900,0.0000,0.0000,0.8258,0
267,06:56:00.751,ROI,160,160,192,192,8.60,55.27,14.325,0.0,18.09,660.20,171.77,660.13,170.94,92.21,94.01,87.54,85.34,87.65,91.90,0.9593,13.1100,92.2100,0.0000,0.0000,0.8650,0
268,06:56:00.863,ROI,160,160,192,192,11.36,109.39,3.775,0.0,9.14,660.85,167.22,660.40,168.07,93.91,94.41,84.50,83.94,87.66,92.88,0.8933,15.1500,93.9100,0.0000,0.0000,0.8683,0
269,06:56:00.912,ROI,160,160,192,192,8.84,38.88,21.3,0.0,25.72,660.74,165.92,660.61,165.54,94.27,94.74,85.35,83.22,88.62,91.30,0.9619,12.8500,94.2700,0.0000,0.0000,0.8534,0
270,06:56:00.977,ROI,160,160,192,192,8.46,56.10,14.375,0.0,17.82,661.60,162.31,661.03,162.85,93.63,94.62,81.12,81.73,87.94,92.24,0.9074,13.0800,93.6300,0.0000,0.0000,0.8492,0
271,06:56:01.040,ROI,160,160,192,192,8.23,55.87,14.45,0.0,17.90,660.15,160.12,660.97,160.53,92.45,94.20,91.51,83.45,84.96,88.69,0.9205,11.6200,92.4500,0.0000,0.0000,0.8687,0
272,06:56:01.088,ROI,160,160,192,192,9.37,43.49,19.9,0.0,23.00,661.44,157.04,661.21,157.86,92.73,94.11,84.74,83.29,84.14,90.31,0.9063,12.4600,92.7300,0.0000,0.0000,0.8495,0
273,06:56:01.151,ROI,160,160,192,192,8.87,56.04,14.85,40.825,17.85,659.67,155.40,661.04,155.49,90.67,93.31,94.11,85.12,83.98,88.44,0.9250,11.3300,90.6700,0.0000,0.0000,0.8747,0
274,06:56:01.264,ROI,160,160,192,192,11.04,108.41,0.0,0.0,9.22,659.36,150.57,660.72,152.27,93.13,93.20,95.75,87.76,81.42,91.24,0.8723,14.5300,93.1300,0.0000,0.0000,0.8759,0
275,06:56:01.328,ROI,160,160,192,192,8.06,54.75,7.375,0.0,18.27,659.19,147.85,660.38,149.24,92.15,92.73,96.30,90.32,80.26,86.89,0.9274,12.3800,92.1500,0.0000,0.0000,0.8728,0
276,06:56:01.392,ROI,160,160,192,192,7.97,57.29,7.125,0.0,17.46,659.59,145.69,660.14,146.14,92.08,92.39,94.43,92.10,80.94,83.53,0.9416,11.9100,92.0800,0.0000,0.0000,0.8739,0
277,06:56:01.440,ROI,160,160,192,192,10.17,44.27,19.7,0.0,22.59,659.31,142.58,659.93,143.17,93.68,92.52,94.11,93.30,78.32,81.02,0.8977,11.1700,93.6800,0.0000,0.0000,0.8453,0
278,06:56:01.503,ROI,160,160,192,192,7.44,53.63,15.1,0.0,18.65,658.65,140.25,659.62,140.51,93.17,92.35,96.58,94.85,76.66,80.71,0.9244,12.6700,93.1700,0.0000,0.0000,0.8827,0
279,06:56:01.553,ROI,160,160,192,192,7.57,43.63,18.825,0.0,22.92,659.06,139.14,659.39,138.20,94.45,92.62,95.75,96.04,79.02,81.40,0.9441,12.7400,94.4500,0.0000,0.0000,0.8575,0
280,06:56:01.681,ROI,160,160,192,192,7.42,122.04,3.25,0.0,8.19,659.67,136.78,659.38,135.84,93.99,92.87,90.36,95.59,79.58,85.01,0.9306,12.3900,93.9900,0.0000,0.0000,0.8609,0
281,06:56:01.730,ROI,160,160,192,192,7.69,43.31,9.55,0.0,23.09,659.89,133.26,659.42,133.26,93.36,92.95,89.05,95.01,78.61,83.26,0.9089,13.4100,93.3600,0.0000,0.0000,0.8557,0
282,06:56:01.792,ROI,160,160,192,192,10.56,58.86,7.3,0.0,16.99,659.38,131.97,659.27,130.91,93.71,93.20,93.75,95.89,79.15,83.29,0.9572,13.2900,93.7100,0.0000,0.0000,0.8943,0
283,06:56:01.856,ROI,160,160,192,192,7.45,55.17,14.725,48.025,18.13,658.57,129.76,658.94,128.46,94.53,93.62,97.47,97.42,79.19,84.58,0.9299,12.5000,94.5300,0.0000,0.0000,0.8820,0
284,06:56:01.905,ROI,160,160,192,192,7.93,42.99,9.65,0.0,23.26,658.32,127.84,658.59,126.39,94.72,93.94,99.67,99.47,79.28,84.53,0.9497,13.4300,94.7200,0.0000,0.0000,0.8988,0
285,06:56:01.968,ROI,160,160,192,192,7.47,56.62,7.15,0.0,17.66,658.07,125.33,658.23,124.33,95.41,94.40,99.94,101.11,78.55,84.68,0.9341,14.4300,95.4100,0.0000,0.0000,0.8902,0
286,06:56:02.032,ROI,160,160,192,192,7.44,57.39,7.025,0.0,17.42,658.13,123.94,658.10,122.64,94.60,94.64,94.49,100.11,79.68,85.39,0.9543,13.7800,94.6000,0.0000,0.0000,0.8963,0
287,06:56:02.080,ROI,160,160,192,192,7.41,42.14,9.8,0.0,23.73,658.11,121.46,657.76,120.74,95.28,94.97,99.98,101.66,77.70,83.36,0.9199,12.1200,95.2800,0.0000,0.0000,0.8419,0
288,06:56:02.193,ROI,160,160,192,192,7.40,107.25,3.725,0.0,9.32,658.23,119.03,657.71,118.90,95.88,95.63,91.65,99.61,76.18,83.24,0.9253,13.1700,95.8800,0.0000,0.0000,0.8577,0
289,06:56:02.256,ROI,160,160,192,192,7.44,56.97,7.125,0.0,17.55,658.70,115.39,657.73,116.54,94.87,95.81,89.65,97.55,76.10,83.69,0.9056,14.5800,94.8700,0.0000,0.0000,0.8833,0
290,06:56:02.320,ROI,160,160,192,192,7.57,58.52,6.95,0.0,17.09,658.67,113.56,658.01,114.18,93.93,95.70,83.13,92.37,76.28,82.31,0.9547,15.9000,93.9300,0.0000,0.0000,0.9124,0
291,06:56:02.369,ROI,160,160,192,192,7.65,42.04,9.75,0.0,23.79,657.77,110.67,657.89,111.83,93.29,95.20,92.98,91.50,74.99,81.47,0.9106,15.8600,93.2900,0.0000,0.0000,0.8780,0
292,06:56:02.434,ROI,160,160,192,192,7.86,59.28,13.675,0.0,16.87,657.72,109.27,657.78,109.72,94.13,94.95,92.85,90.91,74.78,81.74,0.9636,16.5700,94.1300,0.0000,0.0000,0.8955,0
293,06:56:02.496,ROI,160,160,192,192,7.59,55.41,14.725,0.0,18.05,657.88,106.66,657.67,107.48,94.45,94.91,92.89,90.99,74.26,81.85,0.9318,15.3000,94.4500,0.0000,0.0000,0.8310,0
294,06:56:02.545,ROI,160,160,192,192,10.42,46.21,18.95,0.0,21.64,657.71,105.05,657.63,105.37,92.90,94.57,91.02,89.99,73.68,82.16,0.9542,15.6400,92.9000,0.0000,0.0000,0.8816,0
295,06:56:02.672,ROI,160,160,192,192,7.52,116.04,3.375,0.0,8.62,658.68,101.48,657.83,102.84,93.12,94.10,85.44,88.11,73.24,80.83,0.8931,14.2500,93.1200,0.0000,0.0000,0.8355,0
296,06:56:02.721,ROI,160,160,192,192,7.54,43.12,9.6,0.0,23.19,656.84,98.16,657.65,100.13,93.04,93.70,93.89,88.15,71.88,80.12,0.8766,13.5500,93.0400,0.0000,0.0000,0.8269,0
297,06:56:02.785,ROI,160,160,192,192,7.61,57.17,14.15,0.0,17.49,657.25,96.36,657.58,97.45,94.01,93.71,91.55,87.87,72.08,79.31,0.9452,14.2700,94.0100,0.0000,0.0000,0.8012,0
298,06:56:02.833,ROI,160,160,160,160,7.53,44.12,19.4,0.0,22.67,657.53,95.18,657.55,95.23,92.00,93.04,90.76,87.82,71.54,79.43,0.9633,11.7900,92.0000,0.0000,0.0000,0.8412,0
299,06:56:02.896,ROI,160,160,160,160,8.92,56.50,14.775,0.0,17.70,656.83,91.61,657.34,92.53,91.34,92.22,94.27,88.85,71.22,82.07,0.8983,13.3000,91.3400,0.0000,0.0000,0.8731,0
300,06:56:02.960,ROI,160,160,192,192,7.46,55.79,7.2,0.0,17.92,657.57,90.04,657.28,90.11,92.58,91.86,91.64,89.73,72.77,81.16,0.9422,14.4800,92.5800,0.0000,0.0000,0.8586,0
301,06:56:03.009,ROI,160,160,192,192,7.43,42.39,19.175,0.0,23.59,657.50,87.64,657.30,87.62,93.99,92.02,89.45,89.32,72.06,82.63,0.9342,14.6000,93.9900,0.0000,0.0000,0.8978,0
302,06:56:03.137,ROI,160,160,192,192,7.99,122.89,3.25,0.0,8.14,657.04,82.98,657.07,84.55,94.04,92.17,94.29,91.02,73.46,78.95,0.8753,16.1700,94.0400,0.0000,0.0000,0.8886,0
303,06:56:03.183,ROI,160,160,160,160,7.39,39.29,20.9,0.0,25.45,655.78,81.91,656.66,81.78,88.24,91.01,98.40,93.04,72.56,80.61,0.9411,9.8100,88.2400,0.0000,0.0000,0.8545,0
304,06:56:03.248,ROI,160,160,192,192,7.37,59.16,6.85,0.0,16.90,656.33,80.56,656.48,79.50,92.64,91.02,94.42,93.64,73.56,79.60,0.9526,14.4100,92.6400,0.0000,0.0000,0.8897,0
305,06:56:03.296,ROI,160,160,160,160,11.93,46.93,0.0,0.0,21.31,655.26,78.76,656.08,77.39,91.95,90.99,100.90,95.79,73.22,82.49,0.9297,10.9900,91.9500,0.0000,0.0000,0.8140,0
306,06:56:03.360,ROI,160,160,192,192,7.84,51.98,7.7,0.0,19.24,655.94,76.62,655.88,75.31,89.89,90.52,95.34,96.33,75.48,82.09,0.9216,12.2100,89.8900,0.0000,0.0000,0.8724,0
307,06:56:03.425,ROI,160,160,192,192,13.38,65.40,13.675,26.55,15.29,655.38,75.47,655.60,73.60,90.67,90.25,99.35,97.87,74.16,81.85,0.9555,12.4900,90.6700,0.0000,0.0000,0.8501,0
308,06:56:03.470,ROI,160,160,192,192,12.85,34.99,13.025,0.0,28.58,655.48,74.06,655.46,72.10,91.27,90.28,95.35,97.89,73.10,81.36,0.9526,11.8500,91.2700,0.0000,0.0000,0.8438,0
309,06:56:03.599,ROI,160,160,192,192,10.93,120.66,3.4,0.0,8.29,654.29,69.72,655.02,69.88,92.76,90.65,101.18,99.39,71.72,78.31,0.8690,11.9100,92.7600,0.0000,0.0000,0.8235,0
310,06:56:03.647,ROI,160,160,160,160,16.51,46.01,21.675,22.675,21.73,654.04,66.20,654.54,67.33,90.82,90.55,100.82,101.03,70.66,78.21,0.9009,10.7400,90.8200,0.0000,0.0000,0.8469,0
311,06:56:03.711,ROI,160,160,160,160,10.98,52.94,8.325,0.0,18.89,654.51,64.67,654.21,65.14,91.23,90.68,98.34,101.99,68.99,76.77,0.9388,10.4900,91.2300,0.0000,0.0000,0.8365,0
312,06:56:03.776,ROI,160,160,160,160,8.20,53.67,7.4,0.0,18.63,655.03,61.30,654.11,62.59,93.28,91.37,92.36,100.89,66.34,77.03,0.8823,9.9300,93.2800,0.0000,0.0000,0.7650,0
313,06:56:03.822,ROI,160,160,160,160,7.99,40.69,20.55,0.0,24.57,655.27,59.66,654.16,60.25,94.66,92.32,88.68,98.55,64.66,75.14,0.9338,10.3400,94.6600,0.0000,0.0000,0.8113,0
314,06:56:03.887,ROI,160,160,160,160,10.93,60.81,14.025,0.0,16.44,655.48,57.20,654.31,57.85,91.93,92.43,86.39,95.51,68.93,77.96,0.8804,9.5700,91.9300,0.0000,0.0000,0.7807,0
315,06:56:03.951,ROI,160,160,160,160,11.65,57.88,15.0,0.0,17.28,655.13,55.98,654.41,55.76,92.05,92.51,87.41,92.83,69.98,77.05,0.9548,10.0900,92.0500,0.0000,0.0000,0.7415,0
316,06:56:04.064,ROI,160,160,160,160,13.67,107.02,3.875,26.275,9.34,655.51,53.63,654.62,53.54,95.71,93.59,84.55,90.01,65.74,74.93,0.8839,11.4700,95.7100,0.0000,0.0000,0.8140,0
317,06:56:04.111,ROI,160,160,160,160,8.64,32.54,12.3,0.0,30.73,655.75,52.64,654.90,51.63,94.15,94.05,81.65,86.15,66.94,75.72,0.9567,11.1500,94.1500,0.0000,0.0000,0.7757,0
318,06:56:04.176,ROI,160,160,160,160,11.12,61.64,13.925,0.0,16.22,655.15,50.67,655.00,49.73,92.77,93.98,87.01,84.74,67.96,75.55,0.9329,11.0400,92.7700,0.0000,0.0000,0.7827,0
319,06:56:04.239,ROI,160,160,160,160,8.15,51.70,15.425,0.0,19.34,654.90,49.24,654.99,48.10,93.52,94.14,90.38,84.62,68.48,74.87,0.9555,10.1200,93.5200,0.0000,0.0000,0.7669,0
320,06:56:04.287,ROI,160,160,160,160,11.34,45.88,19.675,0.0,21.80,654.77,47.68,654.94,46.51,92.90,94.14,91.80,85.66,65.92,73.77,0.9235,11.1400,92.9000,0.0000,0.0000,0.8000,0
321,06:56:04.350,ROI,160,160,160,160,8.28,52.80,15.3,0.0,18.94,654.63,47.33,654.93,45.37,94.38,94.55,90.33,85.57,65.52,74.44,0.9846,11.8000,94.3800,0.0000,0.0000,0.7762,0
322,06:56:04.463,ROI,160,160,160,160,15.31,112.14,7.55,24.1,8.92,654.86,45.73,655.00,44.15,95.49,95.09,86.73,84.61,64.38,73.92,0.9414,11.0600,95.4900,0.0000,0.0000,0.8018,0
323,06:56:04.527,ROI,160,160,160,160,13.49,54.81,8.175,26.6,18.25,654.95,44.72,655.08,43.09,94.91,95.32,85.92,83.62,63.75,74.36,0.9638,11.2400,94.9100,0.0000,0.0000,0.8125,0
324,06:56:04.591,ROI,160,160,160,160,25.57,67.93,7.85,0.0,14.72,655.04,44.64,655.18,42.32,95.05,95.62,82.63,82.16,63.97,74.50,0.9944,11.2900,95.0500,0.0000,0.0000,0.8371,0
325,06:56:04.639,ROI,160,160,160,160,8.90,23.79,0.0,0.0,42.03,655.15,43.96,655.19,41.78,93.74,95.46,88.71,83.20,64.86,74.43,0.9686,11.9000,93.7400,0.0000,0.0000,0.8191,0
326,06:56:04.702,ROI,160,160,160,160,8.12,56.13,0.0,0.0,17.82,655.11,43.53,655.32,41.51,93.49,95.21,63.65,77.06,65.45,74.34,0.9797,11.5100,93.4900,0.0000,0.0000,0.8129,0
327,06:56:04.767,ROI,160,160,160,160,8.28,58.18,13.975,0.0,17.19,655.19,43.49,655.42,41.46,92.87,94.67,30.17,63.27,65.89,75.25,0.9813,11.5400,92.8700,0.0000,0.0000,0.8133,0
328,06:56:04.816,ROI,160,160,160,160,8.13,41.43,19.7,0.0,24.14,654.78,43.76,655.35,41.56,93.00,94.33,-121.76,11.63,66.10,75.52,0.9806,11.5900,93.0000,0.0000,0.0000,0.8192,0
329,06:56:04.943,ROI,160,160,160,160,10.35,123.11,6.6,0.0,8.12,654.85,44.00,655.35,41.98,94.16,94.38,-90.65,-24.91,63.99,75.12,0.9619,10.8700,94.1600,0.0000,0.0000,0.7928,0
330,06:56:04.991,ROI,160,160,160,160,8.06,37.12,21.075,0.0,26.94,654.81,43.89,655.24,42.40,94.54,94.40,-104.23,-59.12,63.78,75.21,0.9938,11.1400,94.5400,0.0000,0.0000,0.8211,0
331,06:56:05.055,ROI,160,160,160,160,8.19,58.19,14.1,0.0,17.19,654.82,43.73,655.11,42.83,94.32,94.18,-107.21,-88.08,63.77,74.90,0.9954,11.4900,94.3200,0.0000,0.0000,0.8202,0
332,06:56:05.104,ROI,160,160,160,160,8.29,43.09,19.575,0.0,23.21,654.81,43.72,654.98,43.53,94.21,93.85,-100.89,-110.27,63.77,74.97,0.9988,11.6200,94.2100,0.0000,0.0000,0.8186,0
333,06:56:05.167,ROI,160,160,160,160,8.11,54.62,14.5,0.0,18.31,654.78,43.98,654.92,44.22,93.91,93.95,-94.19,-126.27,64.32,75.78,0.9809,11.0500,93.9100,0.0000,0.0000,0.8011,0
334,06:56:05.231,ROI,160,160,160,160,8.29,57.61,14.1,0.0,17.36,654.80,43.99,654.82,44.82,93.97,93.72,-100.18,-139.35,64.07,75.49,0.9923,11.2700,93.9700,0.0000,0.0000,0.7892,0
335,06:56:05.279,ROI,160,160,160,160,8.11,42.10,9.95,0.0,23.75,654.76,44.03,654.78,45.33,93.90,93.53,-93.80,-147.35,64.19,75.51,0.9971,11.1600,93.9000,0.0000,0.0000,0.8094,0
336,06:56:05.407,ROI,160,160,160,160,8.19,119.76,6.575,0.0,8.35,654.77,43.89,654.69,45.71,94.21,93.63,-104.16,-154.28,64.07,75.34,0.9944,11.5500,94.2100,0.0000,0.0000,0.8158,0
337,06:56:05.457,ROI,160,160,160,160,11.09,46.40,19.2,0.0,21.55,654.76,43.97,654.63,45.91,94.15,93.71,-106.48,-158.86,64.16,75.41,0.9965,11.4800,94.1500,0.0000,0.0000,0.8134,0
338,06:56:05.520,ROI,160,160,160,160,8.03,53.61,15.15,0.0,18.65,654.89,44.06,654.59,45.92,94.32,93.81,-162.46,-174.84,64.11,75.80,0.9908,11.3500,94.3200,0.0000,0.0000,0.8104,0
339,06:56:05.584,ROI,160,160,160,160,10.86,59.80,14.125,0.0,16.72,654.99,44.69,654.68,46.15,93.92,93.70,-67.69,-161.89,64.27,76.03,0.9805,10.4000,93.9200,0.0000,0.0000,0.8148,0
340,06:56:05.631,ROI,160,160,160,160,8.35,35.41,21.95,0.0,28.24,654.95,44.61,654.80,46.35,94.25,93.88,-59.11,-146.03,64.03,75.48,0.9891,11.3600,94.2500,0.0000,0.0000,0.8161,0
341,06:56:05.695,ROI,160,160,160,160,11.73,61.20,14.3,0.0,16.34,654.95,45.41,654.90,46.61,94.19,94.06,-69.02,-132.56,64.77,73.79,0.9667,10.8500,94.1900,0.0000,0.0000,0.7842,0
342,06:56:05.759,ROI,160,160,160,160,8.28,53.02,15.075,43.825,18.86,655.02,45.84,654.98,46.97,95.39,94.40,-77.96,-120.77,64.74,74.80,0.9844,11.7900,95.3900,0.0000,0.0000,0.8205,0
343,06:56:05.808,ROI,160,160,160,160,8.32,43.17,9.675,0.0,23.16,654.71,46.77,654.95,47.43,93.32,94.03,-93.80,-112.60,68.08,75.47,0.9280,12.2600,93.3200,0.0000,0.0000,0.7554,0
344,06:56:05.937,ROI,160,160,160,160,10.83,124.19,6.55,0.0,8.05,654.51,49.69,654.85,48.58,94.18,94.17,-95.09,-104.04,67.38,75.18,0.9162,10.7900,94.1800,0.0000,0.0000,0.7757,0
345,06:56:05.983,ROI,160,160,160,160,8.17,36.85,11.15,0.0,27.14,654.83,50.68,654.87,49.71,95.10,94.58,-88.98,-93.75,66.52,74.95,0.9617,12.0200,95.1000,0.0000,0.0000,0.7826,0
346,06:56:06.048,ROI,160,160,160,160,10.78,60.93,6.95,0.0,16.41,655.37,52.95,654.99,51.26,95.16,94.65,-85.47,-82.62,65.33,75.35,0.9250,11.8400,95.1600,0.0000,0.0000,0.7949,0
347,06:56:06.111,ROI,160,160,160,160,10.89,56.13,15.2,0.0,17.82,655.44,54.23,655.08,52.81,95.48,94.89,-86.78,-72.33,67.30,75.57,0.9388,10.4700,95.4800,0.0000,0.0000,0.7724,0
348,06:56:06.159,ROI,160,160,160,160,10.96,38.86,21.9,0.0,25.73,655.30,55.63,655.15,54.45,91.44,94.15,-87.54,-63.78,70.09,75.95,0.9259,9.9000,91.4400,0.0000,0.0000,0.7645,0
349,06:56:06.223,ROI,160,160,160,160,8.18,53.78,14.85,0.0,18.59,655.14,56.79,655.18,56.09,92.22,93.68,-88.81,-57.34,69.81,77.37,0.9659,10.5000,92.2200,0.0000,0.0000,0.7248,0
350,06:56:06.272,ROI,160,160,160,160,8.42,42.41,9.9,0.0,23.58,655.38,58.20,655.28,57.81,92.49,93.42,-86.57,-52.31,67.93,77.09,0.9386,9.7900,92.4900,0.0000,0.0000,0.7580,0
351,06:56:06.401,ROI,160,160,160,160,10.60,124.29,6.525,0.0,8.05,654.93,62.54,655.27,60.26,92.75,93.16,-90.31,-50.44,66.28,76.93,0.8727,9.4500,92.7500,0.0000,0.0000,0.7571,0
352,06:56:06.447,ROI,160,160,160,160,8.64,37.57,22.1,0.0,26.61,654.62,65.47,655.16,63.08,91.22,92.43,-92.22,-51.23,69.91,78.33,0.8804,10.0100,91.2200,0.0000,0.0000,0.8157,0
353,06:56:06.511,ROI,160,160,160,160,9.11,58.29,14.325,0.0,17.16,655.20,66.94,655.21,65.80,90.61,91.65,-88.98,-53.81,72.14,78.41,0.9339,10.9700,90.6100,0.0000,0.0000,0.8276,0
354,06:56:06.577,ROI,160,160,160,160,12.22,62.14,6.925,0.0,16.09,656.11,70.47,655.48,68.87,93.72,91.76,-84.98,-58.17,72.71,80.07,0.8929,11.5000,93.7200,0.0000,0.0000,0.8388,0
355,06:56:06.623,ROI,160,160,192,192,8.27,33.82,12.225,0.0,29.57,655.27,72.49,655.48,71.89,92.62,91.69,-90.09,-68.07,72.49,78.73,0.9290,11.3300,92.6200,0.0000,0.0000,0.8243,0
356,06:56:06.687,ROI,160,160,160,160,10.72,59.46,7.075,0.0,16.82,656.41,74.36,655.76,74.79,91.53,91.38,-84.36,-77.85,74.56,81.42,0.9254,13.0400,91.5300,0.0000,0.0000,0.8841,0
357,06:56:06.750,ROI,160,160,192,192,11.41,57.42,15.075,0.0,17.42,655.70,76.39,655.80,77.58,91.55,91.22,-89.19,-89.36,73.76,80.56,0.9334,12.2600,91.5500,0.0000,0.0000,0.8729,0
358,06:56:06.863,ROI,160,160,192,192,8.22,101.86,7.775,0.0,9.82,655.91,79.96,655.91,80.62,91.40,91.09,-87.94,-88.43,74.00,80.82,0.9104,14.4000,91.4000,0.0000,0.0000,0.9066,0
359,06:56:06.928,ROI,160,160,192,192,12.71,61.66,14.05,28.15,16.22,656.68,81.08,656.19,83.21,93.04,91.37,-83.79,-88.95,73.44,79.42,0.9524,15.2200,93.0400,0.0000,0.0000,0.9006,0
360,06:56:06.977,ROI,160,160,160,160,15.76,41.45,0.0,23.375,24.12,655.53,82.74,656.13,85.56,91.91,91.31,-91.61,-90.49,72.62,80.23,0.9302,11.2400,91.9100,0.0000,0.0000,0.8847,0
361,06:56:07.040,ROI,160,160,192,192,15.81,53.55,0.0,23.15,18.67,656.52,83.89,656.32,87.55,93.45,91.70,-84.52,-89.55,74.56,81.32,0.9462,15.7900,93.4500,0.0000,0.0000,0.8886,0
362,06:56:07.103,ROI,160,160,192,192,8.19,45.78,8.475,0.0,21.84,657.82,86.52,656.81,89.60,92.53,91.83,-76.39,-86.93,72.67,81.68,0.9060,15.1200,92.5300,0.0000,0.0000,0.8607,0
363,06:56:07.151,ROI,160,160,192,192,8.24,40.96,20.0,0.0,24.42,657.44,88.18,657.14,91.42,94.54,92.52,-80.00,-86.15,72.97,82.54,0.9507,14.7800,94.5400,0.0000,0.0000,0.9110,0
364,06:56:07.264,ROI,160,160,192,192,10.69,108.88,11.35,0.0,9.18,657.61,92.84,657.44,93.85,93.75,92.94,-82.86,-85.75,71.04,80.29,0.8689,14.8400,93.7500,0.0000,0.0000,0.8509,0
365,06:56:07.329,ROI,160,160,192,192,16.26,63.05,7.275,22.6,15.86,657.53,95.87,657.67,96.37,93.69,93.32,-84.88,-86.46,73.78,80.78,0.8943,14.6100,93.6900,0.0000,0.0000,0.8649,0
366,06:56:07.392,ROI,160,160,192,192,8.12,46.80,0.0,0.0,21.37,657.35,97.43,657.79,98.63,93.66,93.62,-86.75,-86.63,72.04,81.29,0.9400,15.0500,93.6600,0.0000,0.0000,0.8676,0
367,06:56:07.439,ROI,160,160,192,192,8.63,40.29,20.75,0.0,24.82,657.82,99.88,658.01,100.87,94.31,94.07,-84.57,-85.64,73.61,80.29,0.9217,14.6500,94.3100,0.0000,0.0000,0.8876,0
368,06:56:07.504,ROI,160,160,192,192,8.15,58.41,14.05,0.0,17.12,657.62,101.59,658.11,102.93,94.55,94.51,-87.21,-79.38,73.32,80.00,0.9533,15.0300,94.5500,0.0000,0.0000,0.8815,0
369,06:56:07.567,ROI,160,160,192,192,8.22,56.92,14.275,0.0,17.57,657.88,104.44,658.22,105.11,92.03,94.24,-86.92,-80.58,72.29,80.33,0.9187,15.9300,92.0300,0.0000,0.0000,0.9004,0
370,06:56:07.615,ROI,160,160,192,192,8.23,41.72,19.975,0.0,23.97,657.98,105.42,658.33,106.97,94.12,94.52,-86.82,-82.96,72.90,80.81,0.9680,16.5300,94.1200,0.0000,0.0000,0.8890,0
371,06:56:07.744,ROI,160,160,192,192,8.72,122.03,6.525,0.0,8.19,658.86,109.99,658.62,109.48,93.46,94.58,-83.36,-84.05,74.35,79.78,0.8724,15.9600,93.4600,0.0000,0.0000,0.9086,0
372,06:56:07.791,ROI,160,160,160,160,8.15,40.36,10.35,0.0,24.78,658.48,109.94,658.74,111.39,91.52,93.97,-86.46,-85.61,73.92,79.77,0.9885,12.9200,91.5200,0.0000,0.0000,0.9010,0
373,06:56:07.855,ROI,160,160,160,160,10.91,59.62,14.325,33.125,16.77,659.38,113.74,659.08,113.78,90.65,93.33,-81.96,-84.63,73.72,81.51,0.8891,12.9100,90.6500,0.0000,0.0000,0.8637,0
374,06:56:07.919,ROI,160,160,192,192,8.08,54.39,7.4,0.0,18.39,658.35,115.34,659.10,115.86,93.66,93.48,-89.35,-85.45,75.23,80.38,0.9357,15.0500,93.6600,0.0000,0.0000,0.9322,0
375,06:56:07.968,ROI,160,160,192,192,9.23,43.46,9.875,0.0,23.01,658.16,118.61,659.03,118.26,95.05,93.85,-91.75,-87.21,77.74,82.60,0.8938,16.0600,95.0500,0.0000,0.0000,0.9410,0
376,06:56:08.032,ROI,160,160,192,192,8.12,56.09,14.475,0.0,17.83,658.23,119.79,658.91,120.29,95.05,94.08,-93.26,-89.45,77.47,82.76,0.9687,14.6100,95.0500,0.0000,0.0000,0.9264,0
377,06:56:08.095,ROI,160,160,192,192,8.19,57.26,14.375,0.0,17.46,658.08,123.15,658.73,122.66,96.13,94.44,-94.28,-91.62,77.92,84.60,0.9176,14.6900,96.1300,0.0000,0.0000,0.9215,0
378,06:56:08.143,ROI,160,160,192,192,8.14,40.99,19.8,0.0,24.40,658.11,123.68,658.57,124.62,94.18,94.51,-94.85,-93.59,77.94,83.76,0.9868,14.3000,94.1800,0.0000,0.0000,0.9063,0
379,06:56:08.257,ROI,160,160,192,192,11.40,110.02,7.5,31.85,9.09,658.36,128.89,658.48,127.48,96.18,95.02,-91.66,-94.31,77.69,84.85,0.8783,13.7100,96.1800,0.0000,0.0000,0.8605,0
380,06:56:08.320,ROI,160,160,192,192,8.08,53.36,7.675,0.0,18.74,658.79,130.14,658.49,130.11,94.86,95.07,-89.84,-94.57,79.79,85.19,0.9459,13.1800,94.8600,0.0000,0.0000,0.8673,0
381,06:56:08.384,ROI,160,160,192,192,8.27,57.61,14.075,0.0,17.36,658.84,133.26,658.54,132.79,94.95,95.08,-88.89,-94.14,81.50,84.64,0.9101,12.8100,94.9500,0.0000,0.0000,0.8279,0
382,06:56:08.431,ROI,160,160,192,192,8.19,40.56,20.75,0.0,24.65,658.60,133.59,658.57,134.83,95.12,95.24,-89.37,-93.52,78.29,82.34,0.9345,13.4100,95.1200,0.0000,0.0000,0.8789,0
383,06:56:08.494,ROI,160,160,192,192,11.43,59.78,14.325,0.0,16.73,658.94,137.88,658.65,137.49,95.09,95.45,-88.26,-92.73,78.40,84.41,0.8947,13.9200,95.0900,0.0000,0.0000,0.8382,0
384,06:56:08.560,ROI,160,160,192,192,11.78,60.12,14.6,30.7,16.63,659.60,138.02,658.82,139.41,93.67,94.99,-84.88,-91.37,79.28,83.06,0.9680,13.9000,93.6700,0.0000,0.0000,0.8936,0
385,06:56:08.609,ROI,160,160,192,192,12.01,41.25,10.775,0.0,24.24,659.38,141.14,658.99,141.58,93.82,94.67,-85.51,-89.80,79.21,82.21,0.9224,12.4200,93.8200,0.0000,0.0000,0.8763,0
386,06:56:08.736,ROI,160,160,192,192,8.07,116.24,3.425,0.0,8.60,659.76,146.48,659.15,144.57,93.20,94.32,-86.93,-89.16,78.90,86.00,0.8729,12.5500,93.2000,0.0000,0.0000,0.8567,0
387,06:56:08.783,ROI,160,160,192,192,14.68,48.09,20.15,24.25,20.80,659.83,147.69,659.37,147.18,91.76,93.65,-85.14,-87.64,80.02,86.26,0.9589,12.1700,91.7600,0.0000,0.0000,0.8986,0
388,06:56:08.847,ROI,160,160,192,192,8.88,48.87,8.25,0.0,20.46,660.34,152.36,659.70,150.23,93.43,93.57,-83.80,-85.91,82.27,90.56,0.8756,12.8500,93.4300,0.0000,0.0000,0.8169,0
389,06:56:08.896,ROI,160,160,192,192,11.00,44.71,19.825,0.0,22.37,659.44,152.20,659.70,152.58,91.23,92.81,-90.12,-86.35,82.04,88.72,0.9584,12.2500,91.2300,0.0000,0.0000,0.9089,0
390,06:56:08.960,ROI,160,160,192,192,11.06,57.01,15.0,32.375,17.54,660.79,155.68,660.16,155.25,93.50,92.86,-80.09,-83.33,81.98,89.36,0.8959,12.7200,93.5000,0.0000,0.0000,0.8548,0
391,06:56:09.024,ROI,160,160,192,192,10.92,55.20,7.55,0.0,18.12,660.28,156.79,660.38,157.64,91.80,92.37,-84.74,-82.36,83.46,89.22,0.9585,13.0600,91.8000,0.0000,0.0000,0.8923,0
392,06:56:09.071,ROI,160,160,192,192,8.14,35.41,11.025,0.0,28.24,660.29,158.65,660.47,159.90,92.75,92.30,-87.84,-83.16,85.39,89.81,0.9379,12.4300,92.7500,0.0000,0.0000,0.8678,0
393,06:56:09.199,ROI,160,160,192,192,8.10,122.74,3.25,0.0,8.15,660.29,163.72,660.56,162.97,94.26,92.49,-88.36,-83.95,85.27,90.68,0.8924,13.7400,94.2600,0.0000,0.0000,0.8483,0
394,06:56:09.247,ROI,160,160,192,192,8.20,42.06,19.95,0.0,23.77,660.82,166.65,660.75,165.91,95.42,93.03,-86.32,-84.06,87.10,91.38,0.9186,13.3200,95.4200,0.0000,0.0000,0.8233,0
395,06:56:09.312,ROI,160,160,192,192,8.19,57.51,7.05,0.0,17.39,660.73,168.06,660.89,168.43,95.33,93.49,-86.85,-84.26,86.29,92.83,0.9610,12.0100,95.3300,0.0000,0.0000,0.8132,0
396,06:56:09.375,ROI,160,160,192,192,8.14,57.17,7.15,0.0,17.49,660.66,171.34,661.00,171.18,94.66,93.72,-87.67,-84.57,87.13,93.52,0.9234,12.9800,94.6600,0.0000,0.0000,0.8128,0
397,06:56:09.424,ROI,160,160,192,192,8.13,40.14,19.65,0.0,24.91,660.36,172.99,660.97,173.64,94.23,93.75,-90.61,-85.90,86.41,93.11,0.9573,12.2700,94.2300,0.0000,0.0000,0.8420,0
398,06:56:09.487,ROI,160,160,192,192,11.15,59.76,14.5,0.0,16.73,660.80,176.79,661.07,176.47,94.43,93.78,-87.92,-86.22,86.81,93.53,0.9128,13.3900,94.4300,0.0000,0.0000,0.8137,0
399,06:56:09.536,ROI,160,160,192,192,11.28,41.90,21.125,0.0,23.86,660.26,178.65,661.00,179.02,94.46,94.03,-91.73,-87.58,87.24,95.04,0.9496,13.4400,94.4600,0.0000,0.0000,0.8336,0
400,06:56:09.663,ROI,160,160,192,192,8.42,115.76,6.8,42.6,8.64,661.99,183.28,661.37,182.22,92.64,93.63,-83.36,-86.64,86.59,95.06,0.8734,13.1300,92.6400,0.0000,0.0000,0.8095,0
401,06:56:09.711,ROI,160,160,192,192,8.41,41.61,9.975,0.0,24.03,661.20,184.84,661.40,184.87,95.71,94.13,-89.43,-87.83,86.42,96.91,0.9509,13.2700,95.7100,0.0000,0.0000,0.8301,0
402,06:56:09.775,ROI,160,160,224,224,9.68,58.21,7.125,36.975,17.18,659.24,188.14,660.90,187.88,91.60,93.70,-99.32,-91.37,91.41,95.41,0.8846,13.3200,91.6000,0.2800,76.8500,0.8759,0
403,06:56:09.839,ROI,160,160,192,192,8.31,55.78,7.4,0.0,17.93,661.34,189.31,660.92,190.32,96.47,94.78,-89.65,-92.47,82.76,97.25,0.8856,12.1500,96.4700,0.0000,0.0000,0.8041,0
404,06:56:09.889,ROI,160,160,224,224,10.37,44.83,28.25,0.0,22.31,658.72,192.35,660.29,192.94,91.43,94.23,-103.38,-96.57,85.48,98.11,0.8844,13.7900,91.4300,0.0000,0.0000,0.8852,0
405,06:56:09.952,ROI,160,160,224,224,11.09,56.07,7.6,0.0,17.84,660.80,193.32,660.31,195.04,92.08,93.82,-89.60,-96.28,85.53,98.87,0.9343,14.1800,92.0800,0.0000,0.0000,0.8715,0
406,06:56:10.065,ROI,160,160,224,224,11.47,104.99,7.725,0.0,9.52,660.81,198.17,660.32,197.87,92.54,93.58,-89.70,-95.78,85.36,98.34,0.9045,13.5500,92.5400,0.0000,0.0000,0.8525,0
407,06:56:10.126,ROI,160,160,224,224,10.99,53.68,16.0,0.0,18.63,660.39,201.98,660.25,200.89,93.00,93.37,-91.40,-95.50,90.27,99.93,0.8770,13.2200,93.0000,0.0000,0.0000,0.8190,0
408,06:56:10.175,ROI,160,160,224,224,8.29,39.08,10.55,0.0,25.59,660.46,203.87,660.22,203.83,93.41,93.44,-90.53,-94.72,91.03,99.23,0.9549,13.8000,93.4100,0.0000,0.0000,0.8491,0
409,06:56:10.240,ROI,160,160,224,224,8.20,55.76,14.225,0.0,17.94,661.05,208.68,660.36,207.07,93.02,93.20,-87.62,-93.28,92.22,99.02,0.8962,14.6000,93.0200,0.0000,0.0000,0.8582,0
410,06:56:10.303,ROI,160,160,224,224,8.51,56.11,14.4,0.0,17.82,660.68,210.38,660.36,210.04,91.92,92.78,-89.93,-92.59,93.18,101.46,0.9567,14.6100,91.9200,0.0000,0.0000,0.9221,0
411,06:56:10.350,ROI,160,160,224,224,8.19,40.60,20.275,0.0,24.63,661.90,212.23,660.70,212.66,91.12,92.16,-82.64,-90.00,91.25,102.47,0.9397,14.6600,91.1200,0.0000,0.0000,0.8872,0
412,06:56:10.480,ROI,160,160,224,224,8.74,124.48,3.225,0.0,8.03,661.10,217.68,660.83,216.18,92.27,91.88,-87.92,-88.96,92.54,103.25,0.8843,14.8900,92.2700,0.0000,0.0000,0.8919,0
413,06:56:10.527,ROI,160,160,224,224,8.10,39.43,20.8,0.0,25.36,661.76,219.35,661.11,219.17,90.98,91.26,-84.55,-87.13,93.67,102.31,0.9547,15.0200,90.9800,0.0000,0.0000,0.9090,0
414,06:56:10.591,ROI,160,160,224,224,11.10,60.78,14.3,0.0,16.45,662.36,221.10,661.48,222.07,93.13,91.38,-82.74,-85.30,93.63,102.94,0.9544,14.6300,93.1300,0.0000,0.0000,0.8724,0
415,06:56:10.655,ROI,160,160,224,224,8.20,52.49,14.95,0.0,19.05,662.01,226.18,661.74,225.55,93.73,91.64,-85.75,-84.48,94.64,100.48,0.8958,14.3600,93.7300,0.0000,0.0000,0.8811,0
416,06:56:10.705,ROI,160,160,224,224,10.21,45.61,9.6,0.0,21.92,662.53,227.78,662.08,228.39,94.93,92.24,-83.17,-82.99,92.05,101.23,0.9428,14.3500,94.9300,0.0000,0.0000,0.8790,0
417,06:56:10.769,ROI,160,160,224,224,11.07,58.25,14.8,0.0,17.17,661.86,231.90,662.19,231.64,94.21,92.74,-87.96,-83.15,95.20,99.54,0.8920,13.8200,94.2100,0.0000,0.0000,0.8683,0
418,06:56:10.816,ROI,160,160,224,224,11.45,38.89,22.45,0.0,25.71,662.06,233.48,662.30,234.27,92.47,92.61,-87.73,-83.46,92.93,99.97,0.9462,13.7200,92.4700,0.0000,0.0000,0.8762,0
419,06:56:10.943,ROI,160,160,224,224,8.13,116.12,6.825,0.0,8.61,664.76,240.80,663.17,238.28,93.36,92.96,-77.69,-80.62,91.50,101.50,0.8187,13.8200,93.3600,0.0000,0.0000,0.8546,0
420,06:56:10.992,ROI,160,160,224,224,13.47,49.56,19.1,26.525,20.18,664.38,242.18,663.72,241.65,94.11,93.34,-80.84,-79.94,90.36,98.15,0.9549,13.5600,94.1100,0.0000,0.0000,0.9033,0
421,06:56:11.055,ROI,160,160,224,224,8.17,51.11,8.1,0.0,19.57,664.81,244.59,664.32,244.94,94.26,93.90,-79.61,-78.91,90.97,98.32,0.9433,14.2400,94.2600,0.0000,0.0000,0.8852,0
422,06:56:11.119,ROI,160,160,224,224,8.70,58.42,14.2,0.0,17.12,664.92,246.03,664.85,247.86,94.33,94.38,-79.75,-77.97,89.60,99.69,0.9570,14.4400,94.3300,0.0000,0.0000,0.8754,0
423,06:56:11.167,ROI,160,160,224,224,8.25,40.25,20.2,43.7,24.85,665.39,250.73,665.40,251.05,93.79,94.57,-80.13,-77.36,90.75,100.93,0.8994,13.5800,93.7900,0.0000,0.0000,0.8828,0
424,06:56:11.231,ROI,160,160,224,224,11.53,61.67,7.1,0.0,16.22,664.78,251.54,665.64,253.56,96.94,95.44,-84.61,-78.36,87.91,97.47,0.9355,14.6600,96.9400,0.0000,0.0000,0.9232,0
425,06:56:11.294,ROI,160,160,224,224,12.46,56.78,7.725,0.0,17.61,665.46,256.08,665.98,256.61,97.52,96.30,-83.66,-79.17,90.02,99.71,0.8912,15.4300,97.5200,0.0000,0.0000,0.8847,0
426,06:56:11.344,ROI,160,160,224,224,10.59,39.54,0.0,0.0,25.29,664.87,258.30,666.07,259.38,96.10,96.67,-88.05,-81.19,89.40,97.89,0.9440,14.9800,96.1000,0.0000,0.0000,0.9235,0
427,06:56:11.455,ROI,160,160,224,224,7.92,101.86,7.825,0.0,9.82,665.33,263.91,666.25,262.93,95.82,96.90,-87.16,-82.61,89.98,99.61,0.8839,14.7000,95.8200,0.0000,0.0000,0.8618,0
428,06:56:11.520,ROI,160,160,224,224,9.92,58.70,14.05,0.0,17.04,665.21,264.05,666.28,265.56,97.38,97.43,-89.27,-84.77,86.23,98.70,0.9495,14.4600,97.3800,0.0000,0.0000,0.9190,0
429,06:56:11.583,ROI,160,160,224,224,10.37,55.74,14.9,0.0,17.94,664.86,269.98,666.21,269.05,96.22,97.51,-91.13,-86.93,88.73,104.05,0.8651,14.4300,96.2200,0.0000,0.0000,0.8645,0
430,06:56:11.632,ROI,160,160,224,224,10.58,40.71,20.9,0.0,24.56,664.98,271.37,665.98,271.87,97.16,97.92,-94.86,-90.64,87.50,104.68,0.9604,15.8300,97.1600,0.0000,0.0000,0.9209,0
431,06:56:11.694,ROI,160,160,224,224,10.02,55.25,15.2,0.0,18.10,665.36,275.45,665.85,275.03,95.76,97.57,-92.35,-92.90,88.45,104.79,0.9153,14.3900,95.7600,0.0000,0.0000,0.8200,0
432,06:56:11.760,ROI,160,160,224,224,10.80,59.02,14.375,33.35,16.94,666.47,276.96,666.15,277.69,95.43,97.44,-83.48,-91.61,90.08,106.13,0.9481,13.4100,95.4300,0.0000,0.0000,0.8433,0
433,06:56:11.806,ROI,160,160,224,224,8.83,36.89,11.1,0.0,27.11,666.77,281.71,666.29,280.96,94.58,96.62,-87.58,-92.20,89.60,104.38,0.9078,12.7000,94.5800,0.0000,0.0000,0.8444,0
434,06:56:11.918,ROI,160,160,224,224,8.63,105.54,7.65,0.0,9.48,668.42,285.93,667.04,284.50,91.55,95.42,-78.02,-88.79,90.30,100.84,0.8892,12.0500,91.5500,0.0000,0.0000,0.8884,0
435,06:56:11.983,ROI,160,160,224,224,9.84,59.30,7.075,0.0,16.86,668.34,287.13,667.49,287.67,93.51,94.84,-81.83,-87.65,91.11,98.67,0.9677,11.9700,93.5100,0.0000,0.0000,0.8503,0
436,06:56:12.047,ROI,160,160,224,224,8.62,55.99,7.375,0.0,17.86,668.01,290.46,667.77,290.78,95.06,94.69,-84.95,-87.37,86.81,97.68,0.8915,10.4500,95.0600,0.0000,0.0000,0.7653,0
437,06:56:12.095,ROI,160,160,224,224,12.97,47.35,20.1,0.0,21.12,668.22,292.55,668.07,293.54,93.44,94.08,-83.75,-86.53,89.78,97.51,0.9271,11.5000,93.4400,0.0000,0.0000,0.8265,0
438,06:56:12.159,ROI,160,160,224,224,11.36,52.35,7.9,31.8,19.10,667.30,293.90,668.07,295.98,93.37,93.47,-89.95,-87.32,88.79,97.31,0.9529,11.9200,93.3700,0.0000,0.0000,0.8677,0
439,06:56:12.225,ROI,160,160,224,224,15.87,62.01,7.325,0.0,16.13,667.77,298.45,668.14,298.73,91.28,92.39,-88.70,-87.78,96.96,101.42,0.8373,10.9500,91.2800,0.0000,0.0000,0.8964,0
440,06:56:12.272,ROI,160,160,224,224,12.95,37.73,12.775,0.0,26.50,668.79,299.41,668.48,301.05,92.92,92.00,-81.52,-85.94,95.12,97.89,0.9449,11.6100,92.9200,0.0000,0.0000,0.8306,0
441,06:56:12.384,ROI,160,160,224,224,14.62,104.49,8.0,24.875,9.57,667.89,307.57,668.43,304.93,88.87,90.72,-90.73,-87.26,97.89,104.23,0.8277,9.6200,88.8700,0.0000,0.0000,0.9015,0
442,06:56:12.449,ROI,160,160,224,224,19.12,62.11,7.9,19.025,16.10,668.53,314.14,668.61,309.44,90.19,89.94,-87.71,-87.13,98.18,108.67,0.8729,10.6500,90.1900,0.0000,0.0000,0.8903,0
443,06:56:12.511,ROI,160,160,224,224,16.47,47.78,18.75,0.0,20.93,668.48,313.73,668.71,312.94,90.90,89.66,-88.47,-87.38,93.77,105.08,0.9236,12.4700,90.9000,0.0000,0.0000,0.8887,0
444,06:56:12.561,ROI,160,160,224,224,11.26,36.11,12.125,0.0,27.69,669.65,317.09,669.04,316.59,89.93,89.11,-84.75,-86.75,95.79,103.92,0.9156,11.9700,89.9300,0.0000,0.0000,0.8900,0
445,06:56:12.623,ROI,160,160,224,224,11.34,54.08,7.8,0.0,18.49,670.57,319.16,669.60,319.73,92.65,89.37,-79.91,-84.63,94.61,104.27,0.9431,12.3100,92.6500,0.0000,0.0000,0.8299,0
446,06:56:12.687,ROI,160,160,224,224,15.37,58.06,7.5,24.25,17.22,670.00,322.35,669.90,323.01,92.73,89.59,-84.79,-84.24,94.63,103.39,0.9295,11.9400,92.7300,0.0000,0.0000,0.8201,0
447,06:56:12.735,ROI,160,160,224,224,16.42,42.89,12.425,22.475,23.32,670.10,323.83,670.26,325.76,92.23,89.77,-82.60,-82.87,94.46,103.73,0.9697,12.7300,92.2300,0.0000,0.0000,0.8569,0
448,06:56:12.865,ROI,160,160,224,224,13.13,119.08,3.45,26.85,8.40,669.65,330.53,670.47,329.63,92.29,90.18,-86.87,-82.68,92.96,106.61,0.8673,14.0700,92.2900,0.0000,0.0000,0.9162,0
449,06:56:12.912,ROI,160,160,224,224,11.14,36.47,12.2,0.0,27.42,669.77,333.82,670.46,333.07,92.16,90.56,-90.10,-84.22,93.53,110.75,0.9355,11.2400,92.1600,0.0000,0.0000,0.8437,0
450,06:56:12.976,ROI,160,160,224,224,11.48,55.40,15.175,0.0,18.05,670.83,337.52,670.74,336.68,92.00,90.88,-85.65,-84.29,95.93,107.67,0.9122,10.5100,92.0000,0.0000,0.0000,0.8331,0
451,06:56:13.024,ROI,160,160,224,224,11.05,38.68,21.975,0.0,25.85,670.21,339.31,670.75,339.86,90.00,90.72,-89.79,-85.70,95.03,109.06,0.9552,11.9300,90.0000,0.0000,0.0000,0.8399,0
452,06:56:13.089,ROI,160,160,224,224,10.50,56.20,7.325,0.0,17.80,669.38,344.75,670.50,343.75,92.52,91.33,-93.66,-88.12,95.47,109.63,0.8903,9.1700,92.5200,0.0000,0.0000,0.7932,0
453,06:56:13.151,ROI,160,160,224,224,12.63,57.19,15.35,28.25,17.49,671.06,347.91,670.65,347.39,93.26,92.20,-87.63,-88.82,93.80,110.54,0.9124,9.7900,93.2600,0.0000,0.0000,0.7624,0
454,06:56:13.265,ROI,160,160,224,224,11.95,104.99,3.925,58.525,9.52,669.35,356.30,670.36,352.50,91.33,92.24,-93.30,-90.69,94.30,115.65,0.8331,8.7000,91.3300,0.0000,0.0000,0.7615,0
455,06:56:13.328,ROI,160,160,256,256,12.33,55.33,0.0,0.0,18.07,670.52,359.39,670.33,357.21,89.43,91.71,-90.28,-91.70,94.34,118.75,0.9258,11.8000,89.4300,0.0000,0.0000,0.8459,0
456,06:56:13.376,ROI,160,160,256,256,9.36,37.69,0.0,0.0,26.53,669.47,358.86,670.07,360.79,89.36,91.33,-94.16,-93.26,87.47,111.98,0.8744,10.0500,89.3600,0.0000,0.0000,0.8349,0
457,06:56:13.439,ROI,160,160,224,224,10.91,57.86,14.675,0.0,17.28,671.84,365.48,670.43,364.93,97.60,93.19,-85.01,-92.24,85.83,116.82,0.8460,5.9500,97.6000,0.0000,0.0000,0.5933,0
458,06:56:13.504,ROI,160,160,256,256,13.80,59.56,14.8,0.0,16.79,669.27,369.99,670.09,369.47,86.12,91.63,-94.34,-93.57,93.26,121.34,0.8543,9.6500,86.1200,0.0000,0.0000,0.7462,0
459,06:56:13.551,ROI,160,160,256,256,11.04,35.91,12.35,0.0,27.85,671.13,372.20,670.33,373.26,90.03,91.33,-86.33,-92.31,95.82,121.66,0.9278,10.9600,90.0300,0.0000,0.0000,0.7827,0
460,06:56:13.664,ROI,160,160,256,256,10.95,105.89,7.725,32.825,9.44,671.30,380.37,670.63,378.32,89.87,90.88,-86.67,-90.72,102.13,124.18,0.8240,9.3500,89.8700,0.0000,0.0000,0.8082,0
461,06:56:13.729,ROI,160,160,256,256,28.71,75.22,7.4,39.2,13.29,669.75,386.11,670.50,383.61,90.22,90.62,-91.43,-90.47,108.13,125.66,0.8633,10.4600,90.2200,0.0000,0.0000,0.8535,0
462,06:56:13.792,ROI,160,160,256,256,11.09,37.31,0.0,0.0,26.80,670.81,386.86,670.61,388.01,92.28,90.90,-88.55,-90.07,111.49,124.58,0.9586,10.8500,92.2800,0.0000,0.0000,0.8203,0
463,06:56:13.840,ROI,160,160,256,256,11.00,40.49,10.775,0.0,24.70,671.22,392.77,670.82,392.69,90.98,90.81,-87.44,-89.01,114.77,130.50,0.8860,10.7600,90.9800,0.0000,0.0000,0.8943,0
464,06:56:13.904,ROI,160,160,288,288,11.13,56.10,14.975,0.0,17.82,670.51,394.00,670.68,396.37,89.83,90.68,-92.07,-90.12,115.18,130.01,0.9695,13.8200,89.8300,0.0000,0.0000,0.8969,0
465,06:56:13.968,ROI,160,160,288,288,13.07,56.35,7.575,0.0,17.74,669.69,400.02,670.34,400.70,89.26,90.26,-94.53,-91.56,114.93,132.55,0.8999,12.2400,89.2600,0.0000,0.0000,0.8289,0
466,06:56:14.016,ROI,160,160,288,288,12.13,38.07,11.45,0.0,26.27,671.72,404.14,670.60,404.93,88.79,89.59,-86.55,-90.51,118.12,137.27,0.9091,13.2000,88.7900,0.0000,0.0000,0.8586,0
467,06:56:14.144,ROI,160,160,288,288,12.21,119.72,6.825,0.0,8.35,671.11,410.16,670.64,409.70,89.40,89.24,-89.43,-90.48,112.75,129.69,0.8729,12.7900,89.4000,0.0000,0.0000,0.8302,0
468,06:56:14.191,ROI,160,160,288,288,12.13,39.20,23.075,0.0,25.51,672.03,412.41,671.02,414.04,89.34,88.89,-85.02,-88.74,117.45,133.04,0.9277,13.5800,89.3400,0.0000,0.0000,0.8509,0
469,06:56:14.255,ROI,160,160,288,288,10.59,54.21,7.75,0.0,18.45,674.48,416.37,671.99,418.21,92.49,89.58,-76.87,-85.06,108.92,123.55,0.8612,13.3100,92.4900,0.0000,0.0000,0.8730,0
470,06:56:14.305,ROI,160,160,256,256,14.02,45.92,20.45,25.8,21.78,671.95,419.49,672.11,422.33,89.13,89.15,-88.45,-85.53,98.58,121.79,0.8617,11.3900,89.1300,0.0000,0.0000,0.8279,0
471,06:56:14.368,ROI,160,160,256,256,11.38,52.86,8.175,30.95,18.92,673.24,426.06,672.63,426.70,91.81,89.85,-83.18,-83.84,101.12,126.11,0.8772,12.8700,91.8100,0.0000,0.0000,0.8861,0
472,06:56:14.432,ROI,160,160,256,256,11.25,55.25,7.55,0.0,18.10,672.70,430.08,672.91,430.61,91.52,90.35,-85.86,-83.26,105.60,132.88,0.9000,12.2400,91.5200,0.0000,0.0000,0.9023,0
473,06:56:14.479,ROI,160,160,288,288,11.50,38.92,11.25,0.0,25.70,673.94,432.99,673.51,434.39,93.69,91.36,-81.04,-81.40,105.66,129.76,0.9348,13.8600,93.6900,0.0000,0.0000,0.8512,0
474,06:56:14.609,ROI,160,160,288,288,8.88,119.54,6.675,0.0,8.37,673.81,440.62,673.90,439.05,94.91,92.69,-85.22,-81.24,109.15,130.16,0.8621,12.5000,94.9100,0.0000,0.0000,0.8258,0
475,06:56:14.654,ROI,160,160,288,288,8.64,39.43,10.8,0.0,25.36,671.92,442.90,673.63,443.21,94.70,93.59,-93.68,-83.94,108.74,130.99,0.9334,14.1500,94.7000,0.0000,0.0000,0.8738,0
476,06:56:14.719,ROI,160,160,288,288,8.66,57.45,7.1,0.0,17.41,671.70,447.80,673.34,447.55,93.33,93.97,-93.77,-86.16,112.14,133.60,0.9011,14.8300,93.3300,0.0000,0.0000,0.8884,0
477,06:56:14.783,ROI,160,160,288,288,8.79,57.37,14.45,0.0,17.43,672.01,454.69,673.14,452.76,92.89,94.17,-92.28,-88.09,110.90,135.72,0.8932,15.2800,92.8900,0.0000,0.0000,0.8824,0
478,06:56:14.832,ROI,160,160,288,288,10.56,44.17,19.55,0.0,22.64,672.32,458.18,673.05,457.42,93.30,94.40,-91.02,-89.27,109.31,134.93,0.9364,13.8400,93.3000,0.0000,0.0000,0.8353,0
479,06:56:14.895,ROI,160,160,288,288,8.73,52.04,15.3,0.0,19.21,673.58,460.56,673.29,461.53,94.50,94.86,-86.68,-88.95,108.25,132.79,0.9433,13.2700,94.5000,0.0000,0.0000,0.8346,0
480,06:56:14.959,ROI,160,160,288,288,8.96,58.73,14.15,0.0,17.03,673.52,462.12,673.37,464.94,94.73,95.28,-88.71,-89.64,106.45,131.42,0.9604,13.2000,94.7300,0.0000,0.0000,0.8636,0
481,06:56:15.008,ROI,160,160,288,288,11.39,43.70,20.0,0.0,22.88,675.63,469.00,674.00,469.33,94.94,95.82,-81.75,-88.17,102.47,128.11,0.8651,12.8800,94.9400,0.0000,0.0000,0.8456,0
482,06:56:15.135,ROI,160,160,288,288,9.03,115.04,3.425,0.0,8.69,673.94,472.35,674.17,473.37,98.31,96.92,-87.67,-88.08,101.30,121.91,0.9175,13.5600,98.3100,0.0000,0.0000,0.8873,0
483,06:56:15.182,ROI,160,160,256,256,12.92,45.51,10.3,0.0,21.97,672.97,477.14,673.89,477.69,96.34,97.18,-93.66,-90.07,102.62,129.31,0.9094,13.3900,96.3400,0.0000,0.0000,0.8157,0
484,06:56:15.248,ROI,160,160,288,288,14.76,59.87,15.05,0.0,16.70,675.02,484.33,674.31,482.39,93.32,96.64,-84.92,-89.02,99.56,132.88,0.8624,14.5200,93.3200,0.0000,0.0000,0.8845,0
485,06:56:15.295,ROI,160,160,288,288,10.46,35.26,0.0,0.0,28.36,673.31,485.10,674.12,486.12,96.97,97.23,-92.95,-90.39,98.05,126.11,0.9171,13.4400,96.9700,0.0000,0.0000,0.8858,0
486,06:56:15.360,ROI,160,160,256,256,25.02,70.97,7.375,0.0,14.09,671.35,490.31,673.52,490.56,92.20,96.48,-97.74,-92.42,107.98,133.68,0.8387,13.0700,92.2000,0.0000,0.0000,0.8907,0
487,06:56:15.423,ROI,160,160,288,288,27.30,57.00,21.025,0.0,17.54,676.90,494.82,674.24,494.89,95.68,95.89,-80.55,-90.35,94.03,127.82,0.8139,13.1600,95.6800,0.0000,0.0000,0.8628,0
488,06:56:15.472,ROI,160,160,256,256,14.46,26.86,19.65,25.1,37.22,675.47,495.71,674.69,498.31,93.65,95.67,-82.49,-88.23,100.45,131.07,0.9129,9.8300,93.6500,0.0000,0.0000,0.8037,0
489,06:56:15.599,ROI,160,160,288,288,17.20,121.99,3.5,21.35,8.20,678.38,503.33,675.69,502.93,94.78,95.48,-77.70,-85.69,95.51,126.16,0.8388,12.7800,94.7800,0.0000,0.0000,0.7857,0
490,06:56:15.647,ROI,160,160,256,256,11.29,34.53,13.2,0.0,28.96,675.20,509.21,675.69,507.64,93.90,95.06,-90.10,-86.77,97.82,128.48,0.8559,8.9300,93.9000,0.0000,0.0000,0.6845,0
491,06:56:15.711,ROI,160,160,288,288,12.48,55.17,15.175,0.0,18.13,676.12,513.18,676.03,512.01,95.12,94.96,-85.46,-86.09,97.49,135.88,0.9248,12.6000,95.1200,0.0000,0.0000,0.8656,0
492,06:56:15.776,ROI,160,160,288,288,14.05,59.30,15.15,25.625,16.86,674.74,515.32,675.89,516.05,96.60,95.04,-92.04,-87.42,101.75,130.75,0.9234,11.7400,96.6000,0.0000,0.0000,0.8101,0
493,06:56:15.823,ROI,160,160,288,288,17.19,41.14,11.975,0.0,24.30,675.26,518.55,675.85,519.69,96.11,95.01,-90.60,-88.29,103.66,131.33,0.9348,13.5000,96.1100,0.0000,0.0000,0.8180,0
494,06:56:15.888,ROI,160,160,288,288,23.38,63.45,0.0,0.0,15.76,674.41,527.38,675.65,524.86,96.74,95.23,-92.26,-89.04,101.30,135.14,0.8572,12.4600,96.7400,0.0000,0.0000,0.8493,0
495,06:56:15.951,ROI,160,160,288,288,13.51,45.74,10.175,26.5,21.86,677.73,531.19,676.44,529.68,96.75,95.48,-80.62,-86.21,104.85,136.91,0.8877,12.1400,96.7500,0.0000,0.0000,0.7982,0
496,06:56:16.063,ROI,160,160,288,288,10.15,100.35,0.0,0.0,9.96,676.87,541.17,676.77,535.95,94.89,95.29,-87.00,-85.93,102.19,147.69,0.8491,12.2900,94.8900,0.0000,0.0000,0.8049,0
497,06:56:16.129,ROI,160,160,320,320,13.80,60.98,14.4,26.15,16.40,677.34,544.62,677.24,541.56,96.05,95.44,-85.27,-84.93,105.10,143.06,0.9282,14.1600,96.0500,0.0000,0.0000,0.8257,0
498,06:56:16.176,ROI,160,160,288,288,8.16,34.69,12.025,0.0,28.82,674.59,546.97,676.85,546.61,94.37,95.21,-94.42,-86.80,111.98,139.45,0.9095,14.7300,94.3700,0.0000,0.0000,0.8389,0
499,06:56:16.239,ROI,160,160,288,288,10.71,58.90,14.325,0.0,16.98,675.49,552.12,676.50,551.79,94.42,94.80,-93.87,-89.14,112.72,145.30,0.9157,13.9200,94.4200,0.0000,0.0000,0.8079,0
500,06:56:16.304,ROI,160,160,320,320,10.62,56.22,14.75,0.0,17.79,678.86,560.90,677.24,558.14,92.87,94.37,-83.30,-87.60,108.48,149.00,0.8381,13.1700,92.8700,0.0000,0.0000,0.8877,0
501,06:56:16.351,ROI,160,160,320,320,9.44,38.44,21.725,0.0,26.02,677.58,561.72,677.43,563.10,94.79,94.37,-87.84,-87.92,104.34,140.94,0.9098,11.3000,94.7900,0.0000,0.0000,0.8142,0
502,06:56:16.464,ROI,160,160,288,288,11.19,108.30,7.625,31.975,9.23,680.02,573.80,678.25,569.97,94.78,94.47,-83.22,-86.89,107.46,148.70,0.8101,12.1600,94.7800,0.0000,0.0000,0.7099,0
503,06:56:16.529,ROI,160,160,320,320,12.60,58.05,7.375,28.55,17.23,680.00,577.72,678.80,576.48,97.20,95.07,-85.11,-87.06,104.14,149.12,0.9201,11.6500,97.2000,0.0000,0.0000,0.8094,0
504,06:56:16.590,ROI,160,160,320,320,9.87,50.13,0.0,0.0,19.95,678.54,580.40,678.84,581.90,97.82,95.66,-89.58,-88.26,105.36,150.48,0.9387,10.5400,97.8200,0.0000,0.0000,0.6893,0
505,06:56:16.639,ROI,160,160,320,320,10.08,40.75,20.725,0.0,24.54,679.60,584.76,679.27,587.22,97.56,96.11,-85.40,-87.53,104.80,151.76,0.9256,9.5100,97.5600,0.0000,0.0000,0.7517,0
506,06:56:16.702,ROI,160,160,320,320,9.79,55.88,7.4,0.0,17.89,677.98,586.98,679.23,591.67,97.15,96.51,-90.46,-88.09,104.02,149.06,0.9416,9.4300,97.1500,0.0000,0.0000,0.7817,0
507,06:56:16.766,ROI,160,160,320,320,10.71,56.90,14.775,0.0,17.57,679.72,593.12,679.64,596.18,95.89,96.59,-84.79,-87.06,104.38,148.00,0.8915,10.7500,95.8900,0.0000,0.0000,0.7552,0
508,06:56:16.815,ROI,160,160,320,320,10.20,40.97,20.75,0.0,24.41,678.90,593.26,679.77,599.39,97.49,97.10,-87.73,-86.92,102.22,145.22,0.9609,11.6600,97.4900,0.0000,0.0000,0.8285,0
509,06:56:16.945,ROI,160,160,320,320,10.79,122.58,6.625,0.0,8.16,677.62,598.02,679.44,602.81,97.91,97.59,-95.61,-89.20,102.10,149.78,0.9150,9.2900,97.9100,0.0000,0.0000,0.7358,0
510,06:56:16.991,ROI,160,160,320,320,9.05,35.54,22.75,0.0,28.14,679.80,598.32,679.70,605.41,98.89,98.25,-84.10,-87.98,101.68,149.32,0.9543,10.2200,98.8900,0.0000,0.0000,0.7491,0
511,06:56:17.055,ROI,160,160,320,320,11.45,59.78,14.45,0.0,16.73,678.40,600.88,679.35,607.46,99.34,98.92,-99.75,-91.68,98.80,156.14,0.9304,10.3900,99.3400,0.0000,0.0000,0.7783,0
512,06:56:17.119,ROI,160,160,320,320,9.62,54.94,15.15,0.0,18.20,678.72,603.44,679.22,609.33,99.21,99.11,-94.10,-93.03,96.10,158.22,0.9421,9.4500,99.2100,0.0000,0.0000,0.7958,0
513,06:56:17.166,ROI,160,160,320,320,10.38,42.54,20.9,34.15,23.51,678.42,604.98,679.10,610.70,97.64,98.92,-94.70,-93.75,94.26,160.56,0.9624,10.3000,97.6400,0.0000,0.0000,0.7985,0
514,06:56:17.232,ROI,160,160,352,352,11.74,58.96,7.175,0.0,16.96,678.53,607.32,678.86,611.63,93.62,97.90,-104.61,-97.60,100.52,163.79,0.9114,11.7100,93.6200,0.0000,0.0000,0.7432,0
515,06:56:17.294,ROI,160,160,352,352,10.85,50.26,0.0,32.95,19.90,679.06,607.76,678.93,612.24,94.53,96.91,-83.31,-94.57,101.38,167.18,0.9696,12.3600,94.5300,0.0000,0.0000,0.7698,0
516,06:56:17.343,ROI,160,160,352,352,11.21,42.15,0.0,0.0,23.73,679.97,608.26,679.48,612.33,96.00,96.80,-9.32,-71.68,101.42,165.53,0.9726,12.1300,96.0000,0.0000,0.0000,0.7966,0
517,06:56:17.455,ROI,160,160,352,352,10.09,104.03,7.775,0.0,9.61,680.25,608.42,679.61,611.97,95.93,96.43,70.33,-32.06,101.84,165.55,0.9925,12.4700,95.9300,0.0000,0.0000,0.8072,0
518,06:56:17.518,ROI,160,160,352,352,10.06,54.41,15.125,0.0,18.38,680.42,608.00,679.85,611.48,95.66,96.20,63.20,0.32,101.93,164.49,0.9904,13.6300,95.6600,0.0000,0.0000,0.8347,0
519,06:56:17.583,ROI,160,160,352,352,11.37,58.41,7.3,0.0,17.12,680.42,607.87,679.78,610.49,95.96,96.02,94.39,35.49,101.97,164.25,0.9980,13.6600,95.9600,0.0000,0.0000,0.8394,0
520,06:56:17.631,ROI,160,160,352,352,8.24,36.31,22.0,0.0,27.54,680.42,607.89,679.92,609.25,95.90,95.94,83.32,63.12,101.82,164.01,0.9970,13.6700,95.9000,0.0000,0.0000,0.8389,0
521,06:56:17.695,ROI,160,160,352,352,10.27,60.48,14.125,0.0,16.53,680.37,608.37,679.96,608.12,95.57,95.73,88.38,86.80,102.17,164.85,0.9907,13.6900,95.5700,0.0000,0.0000,0.8394,0
522,06:56:17.760,ROI,160,160,352,352,10.30,57.07,14.625,0.0,17.52,680.37,608.33,680.10,607.24,95.62,95.43,80.54,104.32,102.28,164.80,0.9984,13.7400,95.6200,0.0000,0.0000,0.8416,0
523,06:56:17.808,ROI,160,160,352,352,11.07,41.46,21.25,0.0,24.12,680.33,608.28,680.21,606.62,95.46,95.16,80.21,117.65,102.41,164.89,0.9982,13.7400,95.4600,0.0000,0.0000,0.8398,0
524,06:56:17.935,ROI,160,160,352,352,8.37,116.72,6.8,0.0,8.57,680.33,607.82,680.42,605.72,95.77,94.93,76.81,126.60,102.30,164.21,0.9933,13.8600,95.7700,0.0000,0.0000,0.8406,0
525,06:56:17.984,ROI,160,160,352,352,13.55,48.31,9.775,27.075,20.70,680.35,607.89,680.36,605.13,95.80,94.71,95.76,136.25,102.37,164.52,0.9975,13.9200,95.8000,0.0000,0.0000,0.8425,0
526,06:56:18.047,ROI,160,160,352,352,10.02,53.89,0.0,0.0,18.56,680.22,607.49,680.33,604.17,96.67,94.90,91.81,141.73,102.72,165.20,0.9918,13.3900,96.6700,0.0000,0.0000,0.8486,0
527,06:56:18.111,ROI,160,160,352,352,9.93,56.14,14.875,0.0,17.81,679.45,607.40,680.06,603.50,96.63,94.98,111.88,149.23,100.72,163.81,0.9723,12.0400,96.6300,0.0000,0.0000,0.8221,0
528,06:56:18.159,ROI,160,160,352,352,11.07,41.30,21.025,0.0,24.22,680.61,605.40,680.41,602.77,95.52,94.92,64.79,141.77,98.10,162.10,0.9505,12.1600,95.5200,0.0000,0.0000,0.7551,0
529,06:56:18.222,ROI,160,160,352,352,9.97,53.53,15.1,0.0,18.68,679.49,604.28,680.44,602.07,97.35,95.41,87.71,139.08,102.72,163.79,0.9420,13.4400,97.3500,0.0000,0.0000,0.8402,0
530,06:56:18.271,ROI,160,160,352,352,10.14,41.16,20.525,0.0,24.30,680.23,603.44,680.42,601.12,97.13,96.01,91.16,134.54,100.63,161.85,0.9681,12.4600,97.1300,0.0000,0.0000,0.7903,0
531,06:56:18.399,ROI,160,160,352,352,10.98,121.13,3.35,0.0,8.26,680.29,596.51,680.53,599.04,96.06,96.20,86.88,127.60,106.00,155.23,0.8726,12.6800,96.0600,0.0000,0.0000,0.8661,0
532,06:56:18.448,ROI,160,160,320,320,8.41,38.38,21.425,0.0,26.06,679.46,593.76,680.21,596.10,96.36,96.53,96.27,121.57,102.32,147.04,0.9144,12.0300,96.3600,0.0000,0.0000,0.8281,0
533,06:56:18.511,ROI,160,160,320,320,10.15,59.53,14.275,0.0,16.80,678.22,591.92,679.55,593.20,98.30,97.17,102.69,116.22,101.48,146.16,0.9520,11.0400,98.3000,0.0000,0.0000,0.8663,0
534,06:56:18.574,ROI,160,160,320,320,9.97,54.81,15.075,36.175,18.24,679.96,588.16,679.54,589.97,95.60,96.97,90.17,107.00,103.74,147.40,0.9190,10.3600,95.6000,0.0000,0.0000,0.8288,0
535,06:56:18.623,ROI,160,160,320,320,9.87,39.79,10.425,0.0,25.13,678.84,584.18,679.15,586.28,98.41,97.54,96.17,98.87,102.44,150.96,0.9283,8.7200,98.4100,0.0000,0.0000,0.6959,0
536,06:56:18.687,ROI,160,160,320,320,11.58,58.97,7.3,0.0,16.96,679.24,580.44,679.04,582.44,95.90,97.40,91.57,89.99,104.66,148.90,0.9318,10.0400,95.9000,0.0000,0.0000,0.7227,0
537,06:56:18.751,ROI,160,160,320,320,10.73,55.64,15.25,0.0,17.97,680.06,577.74,679.03,578.41,95.71,97.35,90.16,80.79,105.52,145.84,0.9494,10.5300,95.7100,0.0000,0.0000,0.7422,0
538,06:56:18.864,ROI,160,160,320,320,10.16,105.42,7.725,0.0,9.49,678.58,568.38,678.69,572.95,93.62,96.62,93.53,73.66,104.98,141.68,0.8548,12.9000,93.6200,0.0000,0.0000,0.8066,0
539,06:56:18.975,ROI,160,160,288,288,11.57,104.49,7.825,31.025,9.57,677.42,559.00,678.23,565.89,94.52,96.17,93.71,68.56,105.82,144.56,0.8590,13.4400,94.5200,0.0000,0.0000,0.8003,0
540,06:56:18.999,ROI,160,160,320,320,11.05,16.07,0.0,0.0,62.24,678.46,557.00,677.96,559.76,95.58,95.93,92.58,63.78,100.86,140.90,0.9268,12.2900,95.5800,0.0000,0.0000,0.8367,0
541,06:56:19.040,ROI,160,160,288,288,11.10,32.98,13.65,0.0,30.32,676.07,554.05,677.23,554.09,93.98,95.18,97.32,63.70,109.60,146.39,0.8833,11.6800,93.9800,0.0000,0.0000,0.7898,0
542,06:56:19.086,ROI,160,160,320,320,11.65,39.53,11.4,30.65,25.30,677.90,547.24,677.10,547.79,94.73,94.63,91.18,63.92,97.66,135.58,0.8098,13.2400,94.7300,0.0000,0.0000,0.8334,0
543,06:56:19.150,ROI,160,160,288,288,9.88,53.92,0.0,36.2,18.55,677.27,544.70,676.91,542.17,93.45,93.87,91.95,67.35,110.39,143.48,0.8360,11.4200,93.4500,0.0000,0.0000,0.7564,0
544,06:56:19.263,ROI,160,160,288,288,10.89,105.63,3.825,0.0,9.47,675.42,535.56,676.32,535.36,94.52,93.83,94.93,75.86,109.71,142.33,0.8523,11.9100,94.5200,0.0000,0.0000,0.8006,0
545,06:56:19.327,ROI,160,160,288,288,10.69,56.35,7.475,0.0,17.75,675.18,530.55,675.78,528.77,96.60,94.33,94.68,86.02,109.60,139.57,0.9276,13.2200,96.6000,0.0000,0.0000,0.8703,0
546,06:56:19.391,ROI,160,160,288,288,9.88,56.47,14.875,0.0,17.71,674.10,525.88,675.02,522.48,95.63,94.44,96.95,93.07,107.06,131.54,0.9118,12.6300,95.6300,0.0000,0.0000,0.8733,0
547,06:56:19.439,ROI,160,160,288,288,9.90,40.27,21.375,0.0,24.83,675.73,519.28,674.81,516.03,97.65,95.09,91.86,92.88,101.38,130.82,0.8582,10.2200,97.6500,0.0000,0.0000,0.7839,0
548,06:56:19.503,ROI,160,160,288,288,9.72,55.19,14.55,0.0,18.12,673.83,515.96,674.16,510.39,96.36,95.35,96.53,95.05,103.73,134.93,0.9172,10.4600,96.3600,0.0000,0.0000,0.7657,0
549,06:56:19.567,ROI,160,160,288,288,10.10,56.24,14.65,35.425,17.78,676.60,515.18,674.38,506.16,94.54,95.10,87.06,92.07,103.32,137.41,0.9312,12.6100,94.5400,0.0000,0.0000,0.8006,0
550,06:56:19.615,ROI,160,160,288,288,11.08,40.17,10.775,0.0,24.90,676.11,508.18,674.49,501.52,95.76,95.22,88.62,90.67,102.33,134.62,0.8938,12.0900,95.7600,0.0000,0.0000,0.7800,0
551,06:56:19.743,ROI,160,160,288,288,9.98,118.59,3.35,0.0,8.43,675.06,501.14,674.36,496.46,93.85,94.86,91.43,89.78,104.13,133.99,0.8833,13.4600,93.8500,0.0000,0.0000,0.8151,0
552,06:56:19.791,ROI,160,160,288,288,8.24,39.32,10.475,0.0,25.43,677.56,499.94,674.96,492.62,96.26,95.22,81.24,87.06,99.59,130.25,0.9257,12.2400,96.2600,0.0000,0.0000,0.8209,0
553,06:56:19.856,ROI,160,160,288,288,10.11,59.47,14.1,0.0,16.81,674.95,493.67,674.83,488.49,95.88,95.47,91.74,87.75,106.99,126.58,0.8478,15.1000,95.8800,0.0000,0.0000,0.8963,0
554,06:56:19.903,ROI,160,160,256,256,10.00,40.28,10.675,0.0,24.83,672.88,490.92,674.21,485.02,96.61,95.89,100.14,91.26,100.13,128.27,0.8979,11.2100,96.6100,0.0000,0.0000,0.7826,0
555,06:56:19.967,ROI,160,160,288,288,10.19,58.35,7.35,0.0,17.14,673.01,487.12,673.73,481.78,94.71,95.78,98.36,92.50,98.35,131.62,0.9271,15.1800,94.7100,0.0000,0.0000,0.8778,0
556,06:56:20.030,ROI,160,160,288,288,10.46,55.84,7.525,0.0,17.91,676.01,485.33,674.15,479.22,95.73,95.90,80.74,89.20,97.29,129.17,0.9156,15.8100,95.7300,0.0000,0.0000,0.8943,0
557,06:56:20.080,ROI,160,160,288,288,10.27,41.38,20.6,0.0,24.17,672.76,474.76,673.77,474.84,99.99,97.12,95.02,88.08,96.61,117.81,0.7916,16.1700,99.9900,0.0000,0.0000,0.9594,0
558,06:56:20.207,ROI,160,160,256,256,10.06,120.50,6.725,0.0,8.30,671.95,470.13,673.15,470.51,94.12,96.73,98.06,91.86,102.91,126.11,0.8703,13.8100,94.1200,0.0000,0.0000,0.8691,0
559,06:56:20.255,ROI,160,160,256,256,8.47,37.92,21.5,0.0,26.37,673.06,469.18,673.03,467.06,94.41,96.31,92.07,92.24,100.10,129.41,0.9485,14.8500,94.4100,0.0000,0.0000,0.8588,0
560,06:56:20.319,ROI,160,160,288,288,10.89,60.78,14.2,0.0,16.45,675.39,465.45,673.50,463.52,96.72,96.53,82.40,89.88,100.73,126.09,0.9017,15.3300,96.7200,0.0000,0.0000,0.9005,0
561,06:56:20.382,ROI,160,160,256,256,8.69,53.58,7.55,0.0,18.66,674.18,460.82,673.59,460.13,93.11,95.83,88.43,89.93,101.06,129.54,0.9088,15.0400,93.1100,0.0000,0.0000,0.8925,0
562,06:56:20.431,ROI,160,160,288,288,10.25,44.31,19.825,0.0,22.57,672.87,457.77,673.40,456.97,95.31,95.77,93.55,90.68,101.79,127.03,0.9296,15.7100,95.3100,0.0000,0.0000,0.9143,0
563,06:56:20.496,ROI,160,160,256,256,10.99,57.07,14.7,0.0,17.52,672.43,455.27,673.24,453.97,94.31,95.24,92.99,90.52,107.50,137.70,0.8735,13.8900,94.3100,0.0000,0.0000,0.8661,0
564,06:56:20.544,ROI,160,160,288,288,11.57,40.47,21.425,0.0,24.71,671.50,453.11,672.73,451.30,94.48,95.00,100.86,93.40,105.48,132.05,0.9409,13.2500,94.4800,0.0000,0.0000,0.8936,0
565,06:56:20.607,ROI,160,160,288,288,9.52,50.96,7.825,0.0,19.62,672.64,447.46,672.67,447.94,91.40,93.69,91.04,92.84,108.43,135.70,0.8946,16.3800,91.4000,0.0000,0.0000,0.9108,0
566,06:56:20.720,ROI,160,160,288,288,10.05,107.33,0.0,0.0,9.32,674.14,438.02,672.97,442.90,90.16,92.38,86.51,91.51,108.65,134.91,0.8473,14.5400,90.1600,0.0000,0.0000,0.8433,0
567,06:56:20.783,ROI,160,160,288,288,9.98,55.02,15.05,0.0,18.17,671.98,434.35,672.57,437.74,95.36,92.60,94.50,92.64,104.45,128.50,0.9084,12.6500,95.3600,0.0000,0.0000,0.8937,0
568,06:56:20.849,ROI,160,160,288,288,11.57,60.26,14.2,0.0,16.59,673.25,430.71,672.62,433.05,94.47,92.77,89.32,92.05,99.16,129.37,0.8986,14.7900,94.4700,0.0000,0.0000,0.9015,0
569,06:56:20.895,ROI,160,160,288,288,9.23,37.58,22.925,0.0,26.61,671.90,425.16,672.40,428.40,94.06,92.80,92.78,92.43,102.26,123.39,0.8899,13.2300,94.0600,0.0000,0.0000,0.8694,0
570,06:56:20.960,ROI,160,160,256,256,10.75,57.27,14.45,0.0,17.46,672.36,422.90,672.21,424.09,93.49,92.61,92.45,92.77,104.66,127.50,0.9426,12.4500,93.4900,0.0000,0.0000,0.8429,0
571,06:56:21.022,ROI,160,160,256,256,9.81,52.88,15.475,0.0,18.91,671.46,418.18,672.00,419.41,92.18,92.28,92.61,92.65,105.49,124.38,0.9125,11.9800,92.1800,0.0000,0.0000,0.9074,0
572,06:56:21.071,ROI,160,160,256,256,11.07,42.52,20.625,32.45,23.52,669.48,415.10,671.13,415.16,93.43,92.32,101.51,95.35,108.24,126.86,0.9183,12.6600,93.4300,0.0000,0.0000,0.8661,0
573,06:56:21.199,ROI,160,160,256,256,11.04,119.26,3.35,0.0,8.39,670.34,407.78,670.62,409.80,90.73,91.83,95.45,96.07,109.18,130.86,0.8791,13.5500,90.7300,0.0000,0.0000,0.8753,0
574,06:56:21.248,ROI,160,160,288,288,7.95,38.19,21.3,0.0,26.18,669.14,404.25,670.01,405.04,88.62,90.85,97.33,96.88,112.57,134.35,0.9199,15.3000,88.6200,0.0000,0.0000,0.9128,0
575,06:56:21.310,ROI,160,160,288,288,9.84,56.93,7.3,0.0,17.57,669.65,401.68,669.67,400.81,87.03,89.47,94.66,96.78,115.13,134.39,0.9415,14.4900,87.0300,0.0000,0.0000,0.9080,0
576,06:56:21.374,ROI,160,160,288,288,9.93,55.67,7.35,0.0,17.96,670.93,395.56,669.85,396.08,87.17,88.42,87.78,94.52,114.23,132.21,0.8930,14.6200,87.1700,0.0000,0.0000,0.9269,0
577,06:56:21.423,ROI,160,160,288,288,10.72,41.40,30.9,0.0,24.15,670.61,392.55,669.84,391.94,88.06,87.62,90.09,93.42,114.14,132.71,0.9504,14.2900,88.0600,0.0000,0.0000,0.9028,0
578,06:56:21.487,ROI,160,160,288,288,10.46,56.29,14.925,0.0,17.77,670.31,388.36,669.96,387.77,88.92,87.28,88.33,91.48,113.89,127.66,0.9328,13.6000,88.9200,0.0000,0.0000,0.9190,0
579,06:56:21.535,ROI,160,160,256,256,12.38,41.32,21.625,0.0,24.20,670.18,386.30,669.84,383.85,90.47,87.62,91.78,91.41,110.54,126.38,0.9400,12.1500,90.4700,0.0000,0.0000,0.8819,0
580,06:56:21.663,ROI,160,160,256,256,12.51,122.43,6.775,0.0,8.17,669.58,379.23,669.61,379.32,92.10,88.34,92.96,91.63,106.66,124.02,0.8630,10.3800,92.1000,0.0000,0.0000,0.7972,0
581,06:56:21.712,ROI,160,160,256,256,8.89,35.68,22.5,0.0,28.02,670.28,376.33,669.68,375.43,96.49,90.37,89.00,90.58,102.99,121.25,0.9214,11.2000,96.4900,0.0000,0.0000,0.8128,0
582,06:56:21.774,ROI,160,160,256,256,10.42,58.22,14.7,33.65,17.18,669.01,371.12,669.16,371.03,95.09,91.66,96.65,92.70,97.49,121.95,0.8708,9.9300,95.0900,0.0000,0.0000,0.8193,0
583,06:56:21.838,ROI,160,160,256,256,9.75,54.69,7.45,0.0,18.28,671.93,367.18,669.65,366.92,93.18,92.35,83.20,90.35,92.45,118.90,0.8818,10.1400,93.1800,0.0000,0.0000,0.7970,0
584,06:56:21.888,ROI,160,160,256,256,11.14,42.90,10.1,0.0,23.31,670.70,362.62,669.95,362.61,89.64,91.95,86.06,88.26,90.83,119.15,0.9025,10.6800,89.6400,0.0000,0.0000,0.8105,0
585,06:56:21.950,ROI,160,160,256,256,9.87,53.73,15.425,0.0,18.61,669.31,358.80,669.88,358.39,91.86,92.36,90.92,87.65,90.77,113.49,0.9092,10.1900,91.8600,0.0000,0.0000,0.8521,0
586,06:56:22.065,ROI,160,160,256,256,10.07,107.92,7.5,0.0,9.27,668.81,354.91,669.43,354.00,94.88,93.44,95.82,89.96,96.48,115.71,0.8803,12.3700,94.8800,0.0000,0.0000,0.9108,0
587,06:56:22.128,ROI,160,160,256,256,9.20,53.63,15.0,0.0,18.64,668.45,350.58,669.20,350.13,93.92,93.70,93.43,90.34,99.01,115.01,0.9048,12.6500,93.9200,0.0000,0.0000,0.8581,0
588,06:56:22.174,ROI,160,160,256,256,11.38,38.77,21.825,0.0,25.80,669.02,345.46,669.27,346.14,92.97,94.06,89.02,89.15,95.66,108.00,0.8818,12.6300,92.9700,0.0000,0.0000,0.8642,0
589,06:56:22.240,ROI,160,160,224,224,10.09,56.40,14.7,0.0,17.73,670.99,342.97,669.80,342.39,95.20,94.92,81.89,86.62,91.63,109.58,0.9162,11.7900,95.2000,0.0000,0.0000,0.7252,0
590,06:56:22.304,ROI,160,160,224,224,10.10,56.70,14.65,0.0,17.64,670.46,338.61,669.92,338.54,91.10,94.33,88.23,87.06,94.44,108.16,0.8967,12.6500,91.1000,0.0000,0.0000,0.8776,0
591,06:56:22.351,ROI,160,160,224,224,9.86,40.37,21.45,0.0,24.77,670.71,336.54,670.14,335.27,91.24,94.08,86.19,86.72,94.75,107.81,0.9574,12.4600,91.2400,0.0000,0.0000,0.8850,0
592,06:56:22.479,ROI,160,160,224,224,10.02,120.45,6.7,35.2,8.30,668.35,329.57,669.79,331.07,93.48,94.21,94.76,88.39,94.63,105.97,0.8373,12.1200,93.4800,0.0000,0.0000,0.7890,0
593,06:56:22.526,ROI,160,160,224,224,8.01,37.26,10.65,0.0,26.84,670.00,326.51,669.95,326.98,93.08,94.21,87.74,88.10,93.18,104.48,0.9115,12.7700,93.0800,0.0000,0.0000,0.8476,0
594,06:56:22.591,ROI,160,160,224,224,12.74,62.32,6.95,0.0,16.05,669.64,322.81,670.09,322.70,93.40,94.19,88.18,87.24,92.05,101.30,0.9195,12.6800,93.4000,0.0000,0.0000,0.8944,0
595,06:56:22.639,ROI,160,160,224,224,9.78,37.73,23.3,0.0,26.50,669.07,318.65,669.97,318.41,92.28,94.09,91.58,88.12,91.63,99.97,0.9099,13.1400,92.2800,0.0000,0.0000,0.9075,0
596,06:56:22.704,ROI,160,160,224,224,10.09,59.23,7.125,0.0,16.88,670.65,317.68,670.11,315.33,92.28,94.12,87.33,88.32,94.37,103.73,0.9317,12.7700,92.2800,0.0000,0.0000,0.8777,0
597,06:56:22.769,ROI,160,160,224,224,11.13,58.00,14.575,0.0,17.24,669.24,315.88,670.00,312.69,91.59,93.49,92.53,89.34,93.23,105.97,0.9383,12.5100,91.5900,0.0000,0.0000,0.8782,0
598,06:56:22.815,ROI,160,160,224,224,11.14,38.28,22.975,0.0,26.12,668.68,313.28,669.60,310.19,92.48,93.13,99.11,92.46,92.54,104.57,0.9405,12.7600,92.4800,0.0000,0.0000,0.8688,0
599,06:56:22.944,ROI,160,160,224,224,10.11,119.61,6.65,0.0,8.36,667.09,304.61,668.89,306.38,92.02,92.61,100.54,95.38,92.92,99.48,0.8173,11.9600,92.0200,0.0000,0.0000,0.8988,0
600,06:56:22.992,ROI,160,160,224,224,8.26,37.73,10.575,0.0,26.50,668.06,300.99,668.44,302.45,91.30,91.90,96.46,96.90,92.19,96.92,0.9101,12.9900,91.3000,0.0000,0.0000,0.8993,0
601,06:56:23.055,ROI,160,160,224,224,9.81,56.32,14.5,0.0,17.75,668.25,298.73,668.14,298.96,90.43,91.08,95.00,97.82,92.89,99.85,0.9479,13.0900,90.4300,0.0000,0.0000,0.9093,0
602,06:56:23.105,ROI,160,160,224,224,13.02,44.75,20.225,0.0,22.34,668.94,297.30,668.21,295.91,91.87,90.56,88.51,96.01,92.61,100.46,0.9579,12.5100,91.8700,0.0000,0.0000,0.8958,0
603,06:56:23.167,ROI,160,160,224,224,16.08,55.17,15.95,22.9,18.12,669.08,294.21,668.27,293.17,94.00,90.83,88.79,94.74,90.41,100.95,0.9189,11.9200,94.0000,0.0000,0.0000,0.7923,0
604,06:56:23.232,ROI,160,160,224,224,20.34,59.86,8.275,0.0,16.71,669.39,290.50,668.53,290.27,93.75,91.18,84.86,92.23,90.13,95.19,0.9207,12.4600,93.7500,0.0000,0.0000,0.8316,0
605,06:56:23.279,ROI,160,160,192,192,11.21,31.71,14.75,32.5,31.54,667.86,289.06,668.36,287.70,90.85,90.96,93.92,92.43,91.44,105.23,0.8753,11.2900,90.8500,0.0000,0.0000,0.8692,0
606,06:56:23.409,ROI,160,160,224,224,15.23,125.32,3.325,24.1,7.98,668.06,284.41,668.16,284.85,93.09,91.47,93.86,93.09,91.60,102.69,0.9104,11.6900,93.0900,0.0000,0.0000,0.8258,0
607,06:56:23.455,ROI,160,160,224,224,13.86,36.60,13.175,26.125,27.32,667.80,282.07,667.95,282.11,93.80,92.19,94.49,93.65,88.41,100.67,0.9221,13.5200,93.8000,0.0000,0.0000,0.8528,0
608,06:56:23.519,ROI,160,160,224,224,11.49,52.92,7.9,0.0,18.90,666.01,279.84,667.32,279.56,92.69,92.59,103.96,96.77,88.89,100.46,0.9195,13.3700,92.6900,0.0000,0.0000,0.8998,0
609,06:56:23.585,ROI,160,160,224,224,11.15,56.11,14.75,0.0,17.82,666.31,276.47,666.87,276.66,93.22,93.06,98.81,97.82,89.99,104.57,0.9248,15.1700,93.2200,0.0000,0.0000,0.8950,0
610,06:56:23.631,ROI,160,160,224,224,12.77,39.92,23.0,0.0,25.05,665.89,274.94,666.44,274.33,94.13,93.64,100.41,98.91,90.16,106.08,0.9625,14.8300,94.1300,0.0000,0.0000,0.8989,0
611,06:56:23.696,ROI,160,160,224,224,8.08,51.08,15.275,0.0,19.58,665.70,270.88,665.99,271.52,94.35,93.82,99.09,99.72,88.34,103.00,0.9070,14.7400,94.3500,0.0000,0.0000,0.8820,0
612,06:56:23.742,ROI,160,160,224,224,10.55,42.03,20.7,0.0,23.79,665.99,268.71,665.82,268.95,95.91,94.40,93.74,98.20,88.31,102.14,0.9524,14.9300,95.9100,0.7200,86.3600,0.9006,0
613,06:56:23.873,ROI,160,160,224,224,15.08,129.27,6.525,0.0,7.74,665.55,263.74,665.33,265.76,95.93,95.01,98.68,99.16,87.54,101.23,0.8980,15.0800,95.9300,0.0000,0.0000,0.8679,0
614,06:56:23.918,ROI,160,160,224,224,9.78,33.68,0.0,0.0,29.69,666.04,258.63,665.13,262.04,93.77,95.28,93.23,98.41,87.75,97.61,0.8927,13.2200,93.7700,0.0000,0.0000,0.8501,0
615,06:56:23.983,ROI,160,160,224,224,9.51,55.71,7.275,0.0,17.95,665.94,257.36,665.06,258.82,93.64,95.35,91.22,96.80,88.96,96.84,0.9611,13.3800,93.6400,0.0000,0.0000,0.9292,0
616,06:56:24.047,ROI,160,160,224,224,9.44,57.71,14.55,0.0,17.33,666.09,254.63,665.13,255.64,94.09,95.25,88.61,94.14,87.43,97.66,0.9298,13.4600,94.0900,0.0000,0.0000,0.8462,0
617,06:56:24.095,ROI,160,160,224,224,8.42,39.80,20.4,0.0,25.12,665.97,251.84,665.27,252.54,93.75,95.07,87.44,91.49,88.91,98.66,0.9293,12.9900,93.7500,0.0000,0.0000,0.8583,0
618,06:56:24.159,ROI,160,160,224,224,11.17,60.74,14.25,0.0,16.46,665.15,250.54,665.20,249.97,95.28,95.35,91.53,90.52,90.27,99.34,0.9565,14.7600,95.2800,0.0000,0.0000,0.9087,0
619,06:56:24.222,ROI,160,160,224,224,9.70,53.01,15.3,0.0,18.86,665.80,246.61,665.18,246.98,94.43,95.10,90.41,90.11,88.76,98.36,0.9086,13.5500,94.4300,0.0000,0.0000,0.8152,0
620,06:56:24.271,ROI,160,160,224,224,9.19,41.64,20.525,0.0,24.02,664.52,245.08,664.87,244.38,93.31,94.87,96.83,91.11,91.10,99.71,0.9426,13.6500,93.3100,0.0000,0.0000,0.8903,0
621,06:56:24.383,ROI,160,160,224,224,9.69,104.93,7.7,0.0,9.53,664.39,239.61,664.54,240.89,92.70,94.51,95.40,91.92,90.30,99.81,0.8887,12.9500,92.7000,0.0000,0.0000,0.8234,0
622,06:56:24.447,ROI,160,160,224,224,11.13,59.46,14.55,0.0,16.82,664.07,236.09,664.39,237.55,92.47,93.93,92.61,91.26,88.96,99.32,0.9182,12.0000,92.4700,0.0000,0.0000,0.8425,0
623,06:56:24.511,ROI,160,160,224,224,10.20,53.57,14.875,0.0,18.67,664.92,234.57,664.38,234.62,92.69,93.47,90.13,90.64,88.86,98.43,0.9516,12.0300,92.6900,0.0000,0.0000,0.8275,0
624,06:56:24.559,ROI,160,160,224,224,8.91,38.17,21.625,0.0,26.20,663.93,230.71,664.15,231.47,90.97,92.55,94.13,91.30,88.61,99.47,0.9051,11.7100,90.9700,0.0000,0.0000,0.8378,0
625,06:56:24.623,ROI,160,160,224,224,10.71,60.16,14.225,0.0,16.62,663.01,227.66,663.78,228.43,92.32,92.16,96.98,92.48,96.96,104.23,0.8612,12.8100,92.3200,0.0000,0.0000,0.8888,0
626,06:56:24.688,ROI,160,160,224,224,8.33,54.29,7.425,0.0,18.42,662.17,223.11,663.10,224.79,92.65,91.91,100.57,94.99,94.67,103.26,0.8950,11.9000,92.6500,0.0000,0.0000,0.8461,0
627,06:56:24.736,ROI,160,160,224,224,10.56,44.49,9.925,0.0,22.48,662.64,221.66,662.74,221.46,91.50,91.46,96.24,95.77,94.04,102.13,0.9626,13.4500,91.5000,0.0000,0.0000,0.9068,0
628,06:56:24.864,ROI,160,160,224,224,7.78,117.81,6.7,0.0,8.49,661.99,216.45,662.31,217.44,89.55,90.51,96.07,95.84,93.91,104.45,0.8921,12.6800,89.5500,0.0000,0.0000,0.8946,0
629,06:56:24.911,ROI,160,160,224,224,8.37,41.37,20.275,0.0,24.17,662.75,214.68,662.32,214.29,89.22,89.65,89.84,93.95,91.34,101.44,0.9398,13.6000,89.2200,0.0000,0.0000,0.9118,0
630,06:56:24.975,ROI,160,160,224,224,14.85,63.83,14.175,24.825,15.67,662.28,212.49,662.19,211.49,91.54,89.64,92.75,93.23,91.90,100.79,0.9479,14.2400,91.5400,0.0000,0.0000,0.9186,0
631,06:56:25.039,ROI,160,160,224,224,8.59,50.82,8.25,0.0,19.68,661.94,211.15,662.00,209.11,91.93,89.90,94.37,93.08,91.29,99.99,0.9666,14.1400,91.9300,0.0000,0.0000,0.9204,0
632,06:56:25.087,ROI,160,160,224,224,8.29,40.54,20.2,0.0,24.67,662.16,207.28,661.87,206.33,90.55,89.76,92.84,93.12,89.32,100.23,0.9063,12.7900,90.5500,0.0000,0.0000,0.8755,0
633,06:56:25.152,ROI,160,160,224,224,8.75,58.85,13.95,0.0,16.99,661.05,204.73,661.44,203.67,91.86,89.86,99.12,94.97,92.06,99.53,0.9228,13.3200,91.8600,0.0000,0.0000,0.8849,0
634,06:56:25.264,ROI,160,160,224,224,8.34,105.87,7.6,0.0,9.45,661.01,198.40,661.01,200.17,92.63,90.20,96.99,96.61,85.46,99.88,0.8210,12.6500,92.6300,0.0000,0.0000,0.8388,0
635,06:56:25.329,ROI,160,160,224,224,10.44,60.52,6.975,0.0,16.52,661.00,194.93,660.75,196.49,91.91,90.62,94.11,96.74,86.30,99.53,0.9240,12.5600,91.9100,0.0000,0.0000,0.8565,0
636,06:56:25.375,ROI,160,160,224,224,9.22,35.36,0.0,0.0,28.28,659.80,193.87,660.18,193.57,91.01,90.67,100.89,98.71,86.84,97.99,0.9522,14.9100,91.0100,0.0000,0.0000,0.9265,0
637,06:56:25.440,ROI,160,160,224,224,7.76,54.80,14.55,0.0,18.25,661.25,192.03,660.09,190.93,91.01,90.70,91.98,98.09,85.82,98.43,0.9318,13.0900,91.0100,0.0000,0.0000,0.8601,0
638,06:56:25.503,ROI,160,160,224,224,9.21,58.22,14.25,0.0,17.18,658.72,188.72,659.51,188.11,92.11,91.17,101.61,99.17,90.24,97.09,0.8841,12.0700,92.1100,0.0000,0.0000,0.8584,0
639,06:56:25.551,ROI,160,160,224,224,7.79,39.63,20.725,0.0,25.23,659.69,186.91,659.28,185.62,91.41,91.43,95.27,98.64,90.89,98.36,0.9433,12.8000,91.4100,0.0000,0.0000,0.8640,0
640,06:56:25.680,ROI,160,160,224,224,7.54,122.38,6.45,47.2,8.17,660.74,182.28,659.44,182.49,92.41,91.88,87.21,95.72,90.99,98.87,0.8906,11.4400,92.4100,0.0000,0.0000,0.8029,0
641,06:56:25.728,ROI,160,160,224,224,7.52,41.26,9.975,0.0,24.23,661.39,179.59,659.80,179.51,93.31,92.52,82.93,91.91,88.98,96.75,0.9261,13.2000,93.3100,0.0000,0.0000,0.8932,0
642,06:56:25.791,ROI,160,160,224,224,7.60,57.37,7.05,0.0,17.43,658.91,178.13,659.49,176.83,91.48,92.45,96.63,92.52,91.22,96.91,0.9192,14.7200,91.4800,0.0000,0.0000,0.9218,0
643,06:56:25.856,ROI,160,160,224,224,7.41,58.92,6.875,0.0,16.97,659.40,175.13,659.42,174.24,91.87,92.43,91.56,91.20,90.26,96.29,0.9300,13.1200,91.8700,0.0000,0.0000,0.8992,0
644,06:56:25.904,ROI,160,160,224,224,7.50,40.87,10.025,0.0,24.47,659.66,173.18,659.42,172.08,91.95,92.57,90.08,90.00,90.83,94.77,0.9541,13.1300,91.9500,0.0000,0.0000,0.8680,0
645,06:56:25.967,ROI,160,160,192,192,8.04,58.17,14.05,0.0,17.19,660.98,168.72,659.79,169.32,90.76,92.38,82.36,87.10,88.02,93.97,0.8826,15.9200,90.7600,0.0000,0.0000,0.9021,0
646,06:56:26.033,ROI,160,160,192,192,7.51,58.12,6.925,0.0,17.21,661.96,167.69,660.36,167.04,93.18,92.80,75.97,83.22,89.38,92.00,0.9572,13.1600,93.1800,0.0000,0.0000,0.8750,0
647,06:56:26.081,ROI,160,160,192,192,9.40,44.81,9.8,0.0,22.31,661.23,164.20,660.66,164.52,93.88,93.35,83.19,82.08,87.60,92.45,0.9095,12.9700,93.8800,0.0000,0.0000,0.8480,0
648,06:56:26.208,ROI,160,160,192,192,7.56,118.47,6.725,0.0,8.44,661.89,161.22,661.15,161.76,92.89,93.37,79.99,80.17,86.71,92.10,0.9236,13.4700,92.8900,0.0000,0.0000,0.8683,0
649,06:56:26.256,ROI,160,160,192,192,7.52,41.31,9.975,0.0,24.21,661.40,157.12,661.36,158.69,93.77,93.60,86.03,80.42,83.60,89.16,0.8817,13.2500,93.7700,0.0000,0.0000,0.8069,0
650,06:56:26.320,ROI,160,160,192,192,7.50,57.96,13.825,0.0,17.25,660.59,156.12,661.40,155.95,92.01,93.36,89.12,81.11,85.00,89.77,0.9596,11.9600,92.0100,0.0000,0.0000,0.8611,0
651,06:56:26.385,ROI,160,160,192,192,7.48,58.40,6.95,47.575,17.12,660.90,151.61,661.50,152.89,92.17,93.18,88.09,81.66,84.02,89.12,0.8940,12.0300,92.1700,0.0000,0.0000,0.8474,0
652,06:56:26.433,ROI,160,160,192,192,9.04,43.33,9.8,0.0,23.08,661.06,151.92,661.63,150.73,90.73,92.61,86.70,82.17,83.60,89.60,0.9880,12.3300,90.7300,0.0000,0.0000,0.9032,0
653,06:56:26.495,ROI,160,160,192,192,7.53,53.90,7.4,0.0,18.55,661.05,149.18,661.61,148.34,91.06,92.14,90.40,84.04,82.52,90.61,0.9291,12.0000,91.0600,0.0000,0.0000,0.8641,0
654,06:56:26.543,ROI,160,160,192,192,7.50,41.61,19.675,0.0,24.03,660.03,147.88,661.34,146.32,91.59,91.98,97.55,87.46,81.89,88.42,0.9480,11.6600,91.5900,0.0000,0.0000,0.8841,0
655,06:56:26.672,ROI,160,160,192,192,7.47,122.86,3.225,0.0,8.14,659.63,142.03,661.03,143.36,91.66,91.74,95.97,89.91,80.98,86.54,0.8654,12.4400,91.6600,0.0000,0.0000,0.8883,0
656,06:56:26.720,ROI,160,160,192,192,7.55,40.72,20.05,0.0,24.56,660.49,138.18,661.03,140.24,93.23,91.86,89.98,90.13,78.06,81.80,0.8802,12.0600,93.2300,0.0000,0.0000,0.8506,0
657,06:56:26.784,ROI,160,160,192,192,13.89,64.92,13.825,26.4,15.40,660.00,137.41,660.85,137.55,91.98,91.70,94.00,91.66,78.94,82.98,0.9693,12.6100,91.9800,0.0000,0.0000,0.8994,0
658,06:56:26.848,ROI,160,160,192,192,7.54,51.13,7.95,0.0,19.56,660.59,135.58,660.87,135.27,93.52,92.15,89.50,91.80,79.31,84.26,0.9434,12.6200,93.5200,0.0000,0.0000,0.8817,0
659,06:56:26.897,ROI,160,160,192,192,7.46,42.29,0.0,0.0,23.65,660.61,133.61,660.79,133.06,93.40,92.59,91.85,93.11,79.42,83.65,0.9527,12.8000,93.4000,0.0000,0.0000,0.8928,0
660,06:56:26.960,ROI,160,160,192,192,7.47,57.05,14.125,0.0,17.53,660.35,131.99,660.66,130.99,94.69,93.16,93.85,94.64,78.42,82.98,0.9501,12.5100,94.6900,0.0000,0.0000,0.8736,0
661,06:56:27.024,ROI,160,160,192,192,7.38,57.17,7.075,0.0,17.49,660.19,130.03,660.48,128.85,94.60,93.60,94.65,96.08,80.05,84.22,0.9349,12.8700,94.6000,0.0000,0.0000,0.8838,0
662,06:56:27.072,ROI,160,160,192,192,7.50,41.04,19.575,0.0,24.37,659.96,128.57,660.21,126.95,94.20,93.99,98.22,98.40,79.18,85.49,0.9559,12.0400,94.2000,0.0000,0.0000,0.8854,0
663,06:56:27.200,ROI,160,160,192,192,8.06,122.82,3.25,0.0,8.14,659.43,124.34,659.89,124.43,96.34,94.79,97.26,99.54,78.53,85.75,0.8942,14.2300,96.3400,0.0000,0.0000,0.8918,0
664,06:56:27.248,ROI,160,160,192,192,7.44,40.52,20.3,0.0,24.68,659.07,121.62,659.50,122.11,95.26,95.10,99.52,101.08,78.43,85.48,0.9302,12.9400,95.2600,0.0000,0.0000,0.8446,0
665,06:56:27.312,ROI,160,160,192,192,7.55,58.44,6.9,0.0,17.11,659.38,120.05,659.23,120.11,95.74,95.52,97.70,101.98,77.63,83.11,0.9536,13.9500,95.7400,0.0000,0.0000,0.8885,0
666,06:56:27.376,ROI,160,160,192,192,7.41,57.97,0.0,0.0,17.25,659.17,118.33,659.04,118.13,96.14,96.05,95.42,101.30,77.20,85.08,0.9547,12.8100,96.1400,0.0000,0.0000,0.8566,0
667,06:56:27.423,ROI,160,160,192,192,7.62,40.46,20.2,0.0,24.71,659.73,116.20,658.91,116.08,96.16,96.51,93.63,100.66,76.99,85.08,0.9376,14.3800,96.1600,0.0000,0.0000,0.8741,0
668,06:56:27.489,ROI,160,160,192,192,7.49,59.11,6.85,0.0,16.92,659.74,111.86,659.03,113.49,94.71,96.42,87.28,97.27,75.55,82.16,0.8850,15.9000,94.7100,0.0000,0.0000,0.9214,0
669,06:56:27.537,ROI,160,160,192,192,9.06,42.99,19.725,0.0,23.26,659.06,110.50,658.94,111.08,92.64,95.82,92.29,95.71,75.08,80.98,0.9499,15.4500,92.6400,0.0000,0.0000,0.8910,0
670,06:56:27.664,ROI,160,160,192,192,9.97,122.22,6.65,0.0,8.18,658.90,107.12,658.75,108.55,93.84,95.51,94.12,95.25,73.28,81.36,0.8990,14.8400,93.8400,0.0000,0.0000,0.8627,0
671,06:56:27.712,ROI,160,160,192,192,11.87,41.16,21.1,0.0,24.30,659.14,105.78,658.60,106.31,91.10,94.38,93.81,95.12,74.95,82.19,0.9464,15.0300,91.1000,0.0000,0.0000,0.8551,0
672,06:56:27.775,ROI,160,160,192,192,9.31,54.74,15.425,37.625,18.27,658.48,103.32,658.54,103.91,92.27,93.83,91.60,93.13,73.34,81.47,0.9220,13.7700,92.2700,0.0000,0.0000,0.8426,0
673,06:56:27.839,ROI,160,160,192,192,10.31,58.20,7.25,0.0,17.18,659.20,101.56,658.70,101.67,91.95,93.22,85.84,89.99,73.30,81.17,0.9395,14.8400,91.9500,0.0000,0.0000,0.8481,0
674,06:56:27.889,ROI,160,160,192,192,10.28,42.65,20.375,0.0,23.44,658.39,98.67,658.67,99.17,93.09,92.99,90.58,88.40,73.07,80.65,0.9113,13.9800,93.0900,0.0000,0.0000,0.8251,0
675,06:56:27.951,ROI,160,160,192,192,10.20,53.21,7.725,0.0,18.80,658.78,97.36,658.69,97.09,92.75,92.83,89.50,87.34,73.78,79.43,0.9578,13.8800,92.7500,0.0000,0.0000,0.8285,0
676,06:56:28.064,ROI,160,160,160,160,11.33,107.92,7.675,0.0,9.27,658.73,91.63,658.62,93.91,91.33,92.13,91.27,87.65,73.59,84.51,0.8673,15.0000,91.3300,0.0000,0.0000,0.8965,0
677,06:56:28.128,ROI,160,160,192,192,11.13,55.59,14.875,0.0,17.99,659.06,89.06,658.70,90.81,92.66,91.79,88.47,86.88,74.26,82.45,0.9323,14.5600,92.6600,0.0000,0.0000,0.8730,0
678,06:56:28.174,ROI,160,160,192,192,9.10,35.33,23.175,0.0,28.30,658.70,87.34,658.62,87.97,92.72,91.57,91.65,87.60,73.44,82.86,0.9487,15.0800,92.7200,0.0000,0.0000,0.8820,0
679,06:56:28.239,ROI,160,160,192,192,9.96,58.71,14.35,0.0,17.03,658.92,86.62,658.64,85.77,93.14,91.40,89.67,87.50,71.39,80.84,0.9484,15.6700,93.1400,0.0000,0.0000,0.8709,0
680,06:56:28.303,ROI,160,160,192,192,10.80,58.85,14.475,0.0,16.99,658.48,83.42,658.60,83.22,93.12,91.39,90.88,87.66,73.64,79.37,0.8964,16.0500,93.1200,0.0000,0.0000,0.8738,0
681,06:56:28.351,ROI,160,160,160,160,9.03,39.03,21.375,0.0,25.62,658.12,82.51,658.45,81.27,87.60,89.95,94.36,88.97,73.63,80.48,0.9680,10.0500,87.6000,0.0000,0.0000,0.8429,0
682,06:56:28.480,ROI,160,160,192,192,10.16,123.51,6.575,0.0,8.10,658.32,79.82,658.35,78.97,91.19,89.82,92.35,89.93,72.64,80.40,0.9231,14.8500,91.1900,0.0000,0.0000,0.8996,0
683,06:56:28.529,ROI,160,160,192,192,11.41,43.07,20.8,0.0,23.22,657.58,77.38,658.06,76.64,91.39,89.84,97.08,91.93,73.63,81.31,0.9227,12.4300,91.3900,0.0000,0.0000,0.8928,0
684,06:56:28.591,ROI,160,160,192,192,10.26,52.21,15.6,34.8,19.15,657.50,76.22,657.88,74.47,90.46,89.67,94.96,92.57,73.81,81.38,0.9697,12.3900,90.4600,0.0000,0.0000,0.8621,0
685,06:56:28.656,ROI,160,160,192,192,10.93,59.26,0.0,0.0,16.87,656.84,72.74,657.60,72.25,91.37,89.87,97.18,93.76,71.69,79.91,0.8917,11.5600,91.3700,0.0000,0.0000,0.8166,0
686,06:56:28.703,ROI,160,160,160,160,9.93,35.42,11.3,0.0,28.23,657.56,71.39,657.49,70.46,90.70,89.84,93.42,94.34,73.01,81.73,0.9482,11.7200,90.7000,0.0000,0.0000,0.8434,0
687,06:56:28.767,ROI,160,160,192,192,13.13,61.49,14.5,27.0,16.26,655.76,67.68,656.98,68.17,93.04,90.62,102.67,97.01,69.97,76.91,0.8669,13.6400,93.0400,0.0000,0.0000,0.8287,0
688,06:56:28.831,ROI,160,160,160,160,13.72,55.86,7.85,0.0,17.90,656.31,66.53,656.63,66.19,90.52,90.61,99.80,99.01,70.89,79.03,0.9560,11.3600,90.5200,0.0000,0.0000,0.8418,0
689,06:56:28.880,ROI,160,160,160,160,13.07,39.64,11.35,28.025,25.23,656.60,63.61,656.41,64.00,90.58,90.70,95.87,99.62,67.38,76.39,0.8825,10.4300,90.5800,0.0000,0.0000,0.8304,0
690,06:56:28.994,ROI,160,160,160,160,11.35,103.38,3.925,0.0,9.67,657.10,60.79,656.37,61.62,93.51,91.51,91.01,98.73,66.63,77.14,0.9159,10.1000,93.5100,0.0000,0.0000,0.8066,0
691,06:56:29.056,ROI,160,160,160,160,10.62,53.60,7.85,0.0,18.66,656.72,57.85,656.25,59.03,91.00,91.59,92.67,98.29,68.66,77.91,0.9004,9.5400,91.0000,0.0000,0.0000,0.7942,0
692,06:56:29.120,ROI,160,160,160,160,10.88,54.50,14.925,0.0,18.35,656.98,56.14,656.23,56.53,91.22,91.79,90.29,96.88,69.52,76.87,0.9453,9.6000,91.2200,0.0000,0.0000,0.7541,0
693,06:56:29.167,ROI,160,160,160,160,10.69,37.91,21.975,0.0,26.38,657.31,54.85,656.37,54.46,92.53,92.13,86.32,94.52,69.84,76.44,0.9579,9.5300,92.5300,0.0000,0.0000,0.7733,0
694,06:56:29.232,ROI,160,160,160,160,9.32,56.84,7.25,0.0,17.59,657.00,53.16,656.46,52.55,92.25,92.40,87.27,92.33,67.07,74.87,0.9188,10.5400,92.2500,0.0000,0.0000,0.8217,0
695,06:56:29.295,ROI,160,160,160,160,9.44,55.54,7.375,0.0,18.00,657.12,51.42,656.57,50.69,90.82,92.19,86.64,90.19,67.11,75.43,0.9514,11.7600,90.8200,0.0000,0.0000,0.8627,0
696,06:56:29.343,ROI,160,160,160,160,9.12,40.18,10.525,0.0,24.89,657.23,50.44,656.73,49.03,91.19,92.00,84.40,87.76,67.81,75.62,0.9644,11.0300,91.1900,0.0000,0.0000,0.8439,0
697,06:56:29.472,ROI,160,160,160,160,9.43,120.58,6.575,0.0,8.29,656.84,47.02,656.73,46.93,89.02,91.18,89.94,87.16,68.23,73.97,0.9027,10.7700,89.0200,0.0000,0.0000,0.7737,0
698,06:56:29.519,ROI,160,160,160,160,9.16,41.16,20.675,0.0,24.29,657.12,46.66,656.80,45.44,93.40,91.64,87.34,86.54,65.66,74.84,0.9516,11.1600,93.4000,0.0000,0.0000,0.7431,0
699,06:56:29.584,ROI,160,160,160,160,9.21,57.61,14.2,39.75,17.36,656.62,45.89,656.78,44.15,92.78,92.02,90.70,86.57,66.61,76.46,0.9641,10.5500,92.7800,0.0000,0.0000,0.7767,0
700,06:56:29.648,ROI,160,160,160,160,9.33,57.65,7.3,0.0,17.35,656.97,45.45,656.88,43.27,93.50,92.42,83.50,84.54,65.19,75.62,0.9674,10.9700,93.5000,0.0000,0.0000,0.7886,0
701,06:56:29.696,ROI,160,160,160,160,9.13,40.76,20.475,0.0,24.54,657.19,44.94,657.01,42.56,94.22,93.16,79.73,81.78,64.40,75.17,0.9747,10.8900,94.2200,0.0000,0.0000,0.8089,0
702,06:56:29.760,ROI,160,160,160,160,12.43,61.61,14.35,0.0,16.23,657.24,44.98,657.20,42.19,93.22,93.45,63.19,75.23,64.72,75.63,0.9890,10.9600,93.2200,0.0000,0.0000,0.7911,0
703,06:56:29.823,ROI,160,160,160,160,7.87,45.20,15.8,0.0,22.12,656.91,44.35,657.22,41.86,92.69,93.57,87.17,76.50,64.92,76.15,0.9736,11.4800,92.6900,0.0000,0.0000,0.8141,0
704,06:56:29.872,ROI,160,160,160,160,8.16,42.95,19.175,0.0,23.28,657.02,43.76,657.32,41.65,93.63,93.80,63.63,71.31,63.40,74.79,0.9591,12.0000,93.6300,0.0000,0.0000,0.8361,0
705,06:56:29.984,ROI,160,160,160,160,10.85,107.61,3.825,0.0,9.29,656.59,43.61,657.27,41.49,91.80,93.49,108.87,79.03,64.99,75.85,0.9619,11.6300,91.8000,0.0000,0.0000,0.8320,0
706,06:56:30.047,ROI,160,160,160,160,9.38,54.31,7.5,0.0,18.41,656.82,43.89,657.27,41.86,93.37,93.71,-89.36,128.48,64.28,75.71,0.9818,11.5100,93.3700,0.0000,0.0000,0.7964,0
707,06:56:30.111,ROI,160,160,160,160,14.29,62.36,21.7,25.75,16.04,656.86,43.81,657.24,42.39,93.69,93.85,-93.81,170.72,64.39,75.52,0.9958,11.6200,93.6900,0.0000,0.0000,0.8039,0
708,06:56:30.159,ROI,160,160,160,160,10.81,37.04,12.1,0.0,27.00,656.76,43.81,657.18,42.98,93.82,93.95,-95.49,206.48,64.70,75.64,0.9936,11.2900,93.8200,0.0000,0.0000,0.7998,0
709,06:56:30.223,ROI,160,160,160,160,8.67,50.40,15.0,0.0,19.84,656.73,43.80,657.07,43.49,93.38,93.80,-102.26,235.26,64.71,75.74,0.9978,11.4100,93.3800,0.0000,0.0000,0.8096,0
710,06:56:30.287,ROI,160,160,160,160,11.59,61.20,14.175,31.275,16.34,656.62,43.72,656.94,44.07,93.45,93.59,-102.26,259.17,64.40,75.68,0.9931,11.6600,93.4500,0.0000,0.0000,0.8036,0
711,06:56:30.336,ROI,160,160,160,160,11.11,39.07,10.75,0.0,25.60,656.52,43.81,656.81,44.54,93.48,93.87,-106.26,277.23,64.58,75.62,0.9945,11.1400,93.4800,0.0000,0.0000,0.8015,0
712,06:56:30.465,ROI,160,160,160,160,8.45,114.68,6.7,0.0,8.72,656.46,43.87,656.62,45.00,93.35,93.82,-111.51,290.05,64.98,76.23,0.9859,10.9800,93.3500,0.0000,0.0000,0.7989,0
713,06:56:30.510,ROI,160,160,160,160,8.96,38.93,21.425,0.0,25.68,656.53,43.82,656.51,45.41,93.46,93.77,-105.18,300.55,64.83,75.90,0.9934,10.9600,93.4600,0.0000,0.0000,0.7964,0
714,06:56:30.575,ROI,160,160,160,160,9.90,57.99,14.3,0.0,17.24,656.53,43.95,656.41,45.66,93.57,93.82,-113.17,305.63,64.91,76.03,0.9954,10.9400,93.5700,0.0000,0.0000,0.7956,0
715,06:56:30.624,ROI,160,160,160,160,9.23,41.92,20.275,0.0,23.85,656.57,44.02,656.37,45.93,93.15,93.68,-97.49,311.73,64.89,76.36,0.9945,11.1500,93.1500,0.0000,0.0000,0.7934,0
716,06:56:30.687,ROI,160,160,160,160,9.62,56.69,7.275,0.0,17.64,656.41,43.37,656.23,45.84,93.13,93.61,147.69,284.79,64.36,75.06,0.9749,12.5100,93.1300,0.0000,0.0000,0.8197,0
717,06:56:30.750,ROI,160,160,160,160,9.13,56.57,14.75,0.0,17.68,656.69,44.06,656.34,45.98,93.39,93.40,-52.35,300.28,63.88,75.05,0.9733,11.4100,93.3900,0.0000,0.0000,0.8106,0
718,06:56:30.864,ROI,160,160,160,160,9.52,106.59,11.325,0.0,9.38,656.29,45.33,656.31,46.26,94.35,93.65,-94.64,300.48,64.86,74.86,0.9523,10.2000,94.3500,0.0000,0.0000,0.8004,0
719,06:56:30.928,ROI,160,160,160,160,10.91,59.26,14.525,0.0,16.87,656.53,45.70,656.36,46.56,93.80,93.76,-81.90,301.93,65.06,75.00,0.9829,10.9900,93.8000,0.0000,0.0000,0.8043,0
720,06:56:30.976,ROI,160,160,160,160,9.31,36.44,21.675,0.0,27.44,656.45,46.78,656.34,47.07,93.80,93.59,-91.48,298.86,66.63,75.59,0.9491,10.8500,93.8000,0.0000,0.0000,0.7505,0
721,06:56:31.039,ROI,160,160,160,160,9.32,56.86,14.75,0.0,17.59,656.81,46.77,656.47,47.53,92.40,93.25,-74.67,298.37,66.62,74.76,0.9784,11.1300,92.4000,0.0000,0.0000,0.7634,0
722,06:56:31.102,ROI,160,160,160,160,9.40,56.43,14.6,0.0,17.72,656.60,48.49,656.51,48.30,92.31,92.93,-86.74,293.00,66.87,73.95,0.9489,10.9300,92.3100,0.0000,0.0000,0.8081,0
723,06:56:31.151,ROI,160,160,160,160,8.73,41.35,20.375,0.0,24.18,656.90,49.46,656.60,49.12,92.62,92.63,-83.59,287.79,67.31,74.37,0.9656,11.2700,92.6200,0.0000,0.0000,0.8299,0
724,06:56:31.263,ROI,160,160,160,160,9.28,107.00,7.55,0.0,9.35,657.51,53.16,656.87,50.72,92.85,92.44,-80.59,282.57,66.43,74.71,0.8898,12.2600,92.8500,0.0000,0.0000,0.8444,0
725,06:56:31.326,ROI,160,160,160,160,9.39,55.78,7.375,0.0,17.93,656.54,55.49,656.84,52.66,91.32,92.01,-91.00,274.21,70.02,76.48,0.8928,10.0000,91.3200,0.0000,0.0000,0.7861,0
726,06:56:31.391,ROI,160,160,160,160,11.07,59.98,14.375,0.0,16.67,656.80,56.38,656.86,54.44,90.99,91.58,-89.25,266.85,70.36,77.55,0.9700,9.6600,90.9900,0.0000,0.0000,0.7665,0
727,06:56:31.438,ROI,160,160,160,160,9.23,36.98,21.825,0.0,27.04,657.63,58.80,657.13,56.71,91.35,91.57,-83.29,261.18,68.16,78.17,0.9113,10.1000,91.3500,0.0000,0.0000,0.7701,0
728,06:56:31.504,ROI,160,160,160,160,9.36,59.51,14.0,0.0,16.80,656.93,60.17,657.15,58.91,92.38,91.55,-89.42,254.86,66.38,76.59,0.9402,9.9900,92.3800,0.0000,0.0000,0.8286,0
729,06:56:31.569,ROI,160,160,160,160,11.41,59.72,14.325,0.0,16.74,656.94,61.52,657.21,61.06,92.24,91.58,-88.39,249.84,67.16,77.33,0.9544,9.4200,92.2400,0.0000,0.0000,0.7816,0
730,06:56:31.615,ROI,160,160,160,160,9.14,36.39,22.6,0.0,27.48,656.41,64.65,657.09,63.60,89.90,90.95,-92.63,246.02,67.89,77.57,0.9085,10.2200,89.9000,0.0000,0.0000,0.8417,0
731,06:56:31.743,ROI,160,160,160,160,9.51,120.19,6.625,0.0,8.32,657.61,69.66,657.28,66.95,90.20,90.42,-86.83,246.40,72.81,80.30,0.8235,11.0500,90.2000,0.0000,0.0000,0.8208,0
732,06:56:31.792,ROI,160,160,192,192,9.22,42.31,10.15,38.425,23.63,656.66,71.88,657.17,70.21,92.89,90.77,-91.92,249.68,72.13,79.34,0.9221,10.8400,92.8900,0.0000,0.0000,0.7595,0
733,06:56:31.856,ROI,160,160,160,160,11.31,59.20,7.2,0.0,16.89,658.22,73.72,657.49,73.32,90.34,90.47,-84.03,256.19,74.55,81.64,0.9160,13.3000,90.3400,0.0000,0.0000,0.8837,0
734,06:56:31.903,ROI,160,160,192,192,9.42,38.49,11.325,0.0,25.98,657.64,75.72,657.60,76.32,90.85,90.31,-87.96,267.11,72.92,81.02,0.9316,12.8300,90.8500,0.0000,0.0000,0.8510,0
735,06:56:31.968,ROI,160,160,192,192,9.42,57.42,14.225,0.0,17.41,657.70,78.20,657.73,79.31,90.52,90.28,-87.51,-82.17,73.84,82.30,0.9296,13.4300,90.5200,0.0000,0.0000,0.8963,0
736,06:56:32.031,ROI,160,160,192,192,9.35,55.91,7.4,0.0,17.88,658.15,79.62,657.93,81.93,89.65,89.95,-85.59,-83.68,72.29,81.56,0.9460,14.7500,89.6500,0.0000,0.0000,0.8891,0
737,06:56:32.079,ROI,160,160,192,192,9.62,41.99,20.325,0.0,23.81,657.92,81.86,658.02,84.46,92.69,90.48,-87.92,-85.82,73.19,78.70,0.9344,16.3300,92.6900,0.0000,0.0000,0.9113,0
738,06:56:32.207,ROI,160,160,160,160,9.43,121.21,6.65,0.0,8.25,658.36,83.66,658.21,86.77,89.96,90.23,-85.42,-87.40,73.98,80.42,0.9445,11.3000,89.9600,0.0000,0.0000,0.8704,0
739,06:56:32.256,ROI,160,160,192,192,10.99,43.10,30.625,0.0,23.20,658.84,86.57,658.48,89.16,93.69,91.05,-83.58,-88.11,72.49,80.82,0.9123,15.8700,93.6900,0.0000,0.0000,0.8744,0
740,06:56:32.318,ROI,160,160,192,192,9.88,52.49,15.35,0.0,19.05,659.07,87.48,658.76,91.09,93.72,91.79,-81.70,-88.49,72.29,83.03,0.9674,15.0600,93.7200,0.0000,0.0000,0.8879,0
741,06:56:32.383,ROI,160,160,192,192,10.77,59.02,14.525,0.0,16.94,658.76,90.37,658.91,93.14,91.79,91.95,-85.71,-89.72,73.43,82.28,0.9185,14.1600,91.7900,0.0000,0.0000,0.8764,0
742,06:56:32.431,ROI,160,160,192,192,10.80,40.17,21.6,0.0,24.89,659.55,91.54,659.24,94.82,92.58,92.31,-79.03,-88.57,72.74,81.19,0.9514,14.3900,92.5800,0.0000,0.0000,0.8102,0
743,06:56:32.495,ROI,160,160,192,192,9.57,54.77,14.975,0.0,18.26,658.29,95.36,659.17,96.91,94.16,93.03,-91.99,-91.43,73.26,80.10,0.8800,14.1500,94.1600,0.0000,0.0000,0.8408,0
744,06:56:32.542,ROI,160,160,192,192,9.35,41.11,20.9,0.0,24.33,658.84,97.00,659.23,98.78,92.63,93.24,-88.21,-92.10,72.72,80.82,0.9462,15.2700,92.6300,0.0000,0.0000,0.8973,0
745,06:56:32.672,ROI,160,160,192,192,10.95,122.95,3.275,0.0,8.13,660.29,101.41,659.63,101.20,93.12,93.57,-80.44,268.19,74.69,80.56,0.8634,14.8200,93.1200,0.0000,0.0000,0.8869,0
746,06:56:32.720,ROI,160,160,192,192,11.00,37.92,21.175,0.0,26.37,658.72,103.84,659.57,103.68,91.40,93.39,-91.54,-83.09,74.30,80.89,0.9036,14.7200,91.4000,0.0000,0.0000,0.8845,0
747,06:56:32.782,ROI,160,160,192,192,12.29,55.14,15.575,29.375,18.13,659.20,104.99,659.59,105.79,93.16,93.66,-89.37,-86.54,72.90,81.34,0.9540,17.2200,93.1600,0.0000,0.0000,0.8950,0
748,06:56:32.847,ROI,160,160,192,192,11.37,55.64,7.65,0.0,17.97,659.01,106.24,659.57,107.57,91.43,93.30,-90.48,-86.77,73.32,80.92,0.9641,16.3800,91.4300,0.0000,0.0000,0.9098,0
749,06:56:32.895,ROI,160,160,192,192,9.74,39.08,21.625,0.0,25.59,659.42,108.94,659.64,109.54,91.64,93.02,-88.20,-87.32,74.20,80.15,0.9246,16.2400,91.6400,0.0000,0.0000,0.9214,0
750,06:56:32.959,ROI,160,160,192,192,11.66,58.90,14.575,0.0,16.98,658.89,110.33,659.55,111.29,91.83,92.76,-92.97,-88.23,74.60,81.20,0.9528,16.2200,91.8300,0.0000,0.0000,0.9307,0
751,06:56:33.009,ROI,160,160,192,192,11.20,39.43,21.475,0.0,25.36,659.22,113.35,659.51,113.43,92.96,92.89,-90.94,-89.93,75.72,81.05,0.9150,16.3000,92.9600,0.0000,0.0000,0.9162,0
752,06:56:33.136,ROI,160,160,192,192,11.38,120.78,6.725,0.0,8.28,659.42,118.87,659.54,116.45,95.20,93.57,-89.50,-90.22,76.91,83.86,0.8616,14.2800,95.2000,0.0000,0.0000,0.8989,0
753,06:56:33.183,ROI,160,160,192,192,8.84,36.91,22.55,0.0,27.09,658.70,118.80,659.34,118.87,94.79,93.98,-94.76,-92.13,78.14,84.18,0.9778,14.4000,94.7900,0.0000,0.0000,0.9232,0
754,06:56:33.247,ROI,160,160,192,192,9.32,58.13,14.375,0.0,17.20,659.20,122.27,659.22,121.45,96.29,94.66,-92.56,-93.60,77.99,85.46,0.9102,14.5900,96.2900,0.0000,0.0000,0.8937,0
755,06:56:33.311,ROI,160,160,192,192,9.42,55.38,7.35,0.0,18.06,658.57,122.67,659.02,123.45,94.15,94.76,-95.68,-94.87,79.18,83.80,0.9651,14.7500,94.1500,0.0000,0.0000,0.9308,0
756,06:56:33.361,ROI,160,160,192,192,13.18,47.84,9.775,54.05,20.90,659.25,125.62,659.01,125.76,96.02,95.34,-90.25,-94.54,77.74,83.46,0.9154,14.6400,96.0200,0.0000,0.0000,0.9034,0
757,06:56:33.424,ROI,160,160,192,192,12.26,53.56,7.975,0.0,18.67,659.92,127.63,659.11,127.97,93.36,95.09,-87.55,-94.00,79.42,84.88,0.9336,14.3300,93.3600,0.0000,0.0000,0.8966,0
758,06:56:33.473,ROI,160,160,192,192,10.80,40.18,22.15,0.0,24.89,659.98,128.93,659.26,130.02,93.65,94.80,-85.81,-92.55,79.21,85.06,0.9673,14.5400,93.6500,0.0000,0.0000,0.8919,0
759,06:56:33.600,ROI,160,160,192,192,9.50,116.66,6.75,0.0,8.57,660.24,133.52,659.46,132.84,94.31,94.67,-85.81,-91.26,80.71,83.90,0.8813,14.7800,94.3100,0.0000,0.0000,0.8637,0
760,06:56:33.647,ROI,160,160,192,192,11.80,42.89,32.175,0.0,23.32,660.35,136.64,659.74,135.80,94.71,94.83,-84.66,-89.32,78.12,84.24,0.8998,12.8400,94.7100,0.0000,0.0000,0.8766,0
761,06:56:33.712,ROI,160,160,192,192,9.14,55.19,14.925,0.0,18.12,660.43,137.97,659.92,138.20,93.01,94.50,-85.65,-88.24,78.84,84.95,0.9602,13.3900,93.0100,0.0000,0.0000,0.9036,0
762,06:56:33.777,ROI,160,160,192,192,9.51,58.01,14.175,38.2,17.24,660.41,140.31,660.17,140.55,93.86,94.19,-83.97,-86.31,78.89,82.39,0.9449,12.2100,93.8600,0.0000,0.0000,0.8597,0
763,06:56:33.823,ROI,160,160,192,192,8.87,39.23,10.9,0.0,25.49,659.84,141.45,660.12,142.58,93.83,94.10,-91.30,-87.13,77.32,81.35,0.9533,11.4700,93.8300,0.0000,0.0000,0.8657,0
764,06:56:33.887,ROI,160,160,192,192,9.26,57.37,14.325,0.0,17.43,660.38,146.33,660.27,145.31,94.14,94.07,-86.87,-86.35,79.00,86.06,0.8715,12.1600,94.1400,0.0000,0.0000,0.8971,0
765,06:56:33.952,ROI,160,160,192,192,11.21,60.85,14.2,0.0,16.44,660.83,145.90,660.53,147.20,90.88,93.23,-82.26,-84.45,80.20,84.61,0.9687,11.6000,90.8800,0.0000,0.0000,0.8871,0
766,06:56:34.063,ROI,160,160,192,192,9.21,101.14,7.875,0.0,9.89,661.28,151.98,660.85,150.17,91.76,92.85,-83.93,-83.37,82.79,90.22,0.8436,11.7900,91.7600,0.0000,0.0000,0.8710,0
767,06:56:34.112,ROI,160,160,192,192,9.07,40.42,20.7,0.0,24.74,661.32,153.52,661.16,152.83,91.85,92.34,-83.29,-82.07,84.07,90.68,0.9520,12.1200,91.8500,0.0000,0.0000,0.8991,0
768,06:56:34.175,ROI,160,160,192,192,8.90,55.56,14.75,0.0,18.00,661.02,156.04,661.32,155.51,93.50,92.59,-86.52,-82.02,83.56,88.27,0.9387,12.6200,93.5000,0.0000,0.0000,0.8854,0
769,06:56:34.239,ROI,160,160,192,192,9.15,56.28,14.325,0.0,17.77,660.70,157.13,661.33,157.74,92.86,92.38,-89.75,-83.09,85.16,89.02,0.9574,12.5400,92.8600,0.0000,0.0000,0.8845,0
770,06:56:34.286,ROI,160,160,192,192,9.38,40.33,21.025,0.0,24.79,661.51,160.92,661.52,160.48,93.20,92.25,-86.13,-83.41,86.58,87.77,0.9012,13.1500,93.2000,0.0000,0.0000,0.8534,0
771,06:56:34.352,ROI,160,160,192,192,9.27,58.89,7.075,0.0,16.98,661.58,161.58,661.70,162.66,94.33,92.61,-85.14,-83.28,85.78,89.40,0.9728,12.3000,94.3300,0.0000,0.0000,0.8521,0
772,06:56:34.463,ROI,160,160,192,192,10.10,105.70,7.7,0.0,9.46,661.04,167.37,661.63,165.89,93.07,92.56,-91.25,-85.57,86.89,94.55,0.8706,13.2400,93.0700,0.0000,0.0000,0.8500,0
773,06:56:34.528,ROI,160,160,192,192,11.54,59.84,14.525,0.0,16.71,660.74,170.92,661.58,169.20,94.26,92.70,-90.96,-86.60,88.38,93.26,0.9122,13.1500,94.2600,0.0000,0.0000,0.8076,0
774,06:56:34.592,ROI,160,160,192,192,9.28,54.32,22.85,0.0,18.41,661.27,172.28,661.62,172.17,94.62,93.03,-89.13,-87.34,87.07,94.01,0.9573,12.0900,94.6200,0.0000,0.0000,0.7966,0
775,06:56:34.639,ROI,160,160,192,192,9.12,39.63,10.5,0.0,25.23,661.44,175.96,661.55,175.21,95.02,93.39,-91.29,-89.39,86.99,94.22,0.9212,13.0900,95.0200,0.0000,0.0000,0.7996,0
776,06:56:34.704,ROI,160,160,192,192,11.43,61.16,7.1,0.0,16.35,660.16,177.34,661.25,177.80,96.03,94.15,-96.61,-91.82,88.26,95.88,0.9436,13.3100,96.0300,0.0000,0.0000,0.8096,0
777,06:56:34.766,ROI,160,160,192,192,9.57,50.49,15.675,0.0,19.81,661.18,179.41,661.21,180.31,94.69,94.34,-91.06,-92.65,87.68,95.15,0.9361,12.7900,94.6900,0.0000,0.0000,0.7920,0
778,06:56:34.815,ROI,160,160,192,192,9.38,40.67,20.5,0.0,24.59,662.19,182.41,661.44,183.01,95.27,94.84,-85.14,-91.72,87.18,96.16,0.9184,13.3100,95.2700,0.0000,0.0000,0.8054,0
779,06:56:34.944,ROI,160,160,224,224,11.02,123.75,6.55,0.0,8.08,660.78,187.98,661.22,186.45,91.88,94.43,-93.61,-93.33,88.96,96.21,0.8640,15.3400,91.8800,0.8200,79.7600,0.8791,0
780,06:56:34.992,ROI,160,160,224,224,9.02,39.43,21.825,39.95,25.36,659.57,188.64,660.74,189.35,93.50,94.55,-99.29,-95.80,89.73,97.27,0.9601,13.1200,93.5000,0.0000,0.0000,0.9139,0
781,06:56:35.056,ROI,160,160,224,224,9.29,57.21,7.225,0.0,17.48,660.50,191.93,660.55,192.36,92.51,94.36,-93.72,-96.54,88.56,98.17,0.9161,14.3000,92.5100,0.0000,0.0000,0.8644,0
782,06:56:35.103,ROI,160,160,224,224,9.02,40.09,21.075,0.0,24.94,658.91,193.09,659.94,194.62,91.32,93.70,-105.03,-100.18,90.30,98.13,0.9431,13.7900,91.3200,0.0000,0.0000,0.9240,0
783,06:56:35.168,ROI,160,160,224,224,8.95,56.58,14.225,0.0,17.67,660.90,194.69,660.01,196.78,91.93,93.30,-88.13,-98.28,85.48,99.97,0.9177,14.6500,91.9300,0.0000,0.0000,0.8573,0
784,06:56:35.232,ROI,160,160,224,224,11.16,60.33,14.25,0.0,16.58,660.91,197.36,660.07,198.87,93.11,93.10,-88.54,-96.64,85.33,98.94,0.9461,13.5400,93.1100,0.0000,0.0000,0.8400,0
785,06:56:35.279,ROI,160,160,224,224,8.30,33.24,22.75,0.0,30.08,660.41,200.96,660.07,201.41,93.39,93.14,-89.91,-94.99,90.96,99.51,0.8741,13.4700,93.3900,0.0000,0.0000,0.8440,0
786,06:56:35.408,ROI,160,160,224,224,9.56,123.91,6.5,0.0,8.07,662.44,208.99,660.60,205.32,91.82,92.57,-82.32,-91.70,90.33,100.38,0.8167,13.6600,91.8200,0.0000,0.0000,0.8315,0
787,06:56:35.456,ROI,160,160,224,224,9.21,40.36,20.975,0.0,24.78,661.66,210.73,660.83,208.86,92.53,92.44,-86.27,-89.92,92.12,101.19,0.9475,15.2200,92.5300,0.0000,0.0000,0.9260,0
788,06:56:35.519,ROI,160,160,224,224,8.09,56.42,14.475,0.0,17.72,661.70,211.86,661.05,211.97,92.55,92.32,-85.91,-88.34,92.02,101.37,0.9769,14.8100,92.5500,0.0000,0.0000,0.9231,0
789,06:56:35.583,ROI,160,160,224,224,8.65,57.63,14.275,0.0,17.35,662.11,214.47,661.35,214.83,91.93,92.00,-84.12,-86.47,91.41,103.10,0.9421,14.9600,91.9300,0.0000,0.0000,0.8904,0
790,06:56:35.632,ROI,160,160,224,224,10.03,44.28,19.65,0.0,22.59,662.10,216.17,661.60,217.30,92.77,91.88,-84.12,-84.95,92.86,102.58,0.9526,15.2600,92.7700,0.0000,0.0000,0.9098,0
791,06:56:35.696,ROI,160,160,224,224,11.50,59.20,22.15,0.0,16.89,662.50,218.45,661.92,219.73,92.43,91.81,-82.35,-83.13,92.86,101.93,0.9482,15.6900,92.4300,0.0000,0.0000,0.9033,0
792,06:56:35.760,ROI,160,160,224,224,11.00,54.19,15.225,0.0,18.45,662.41,219.92,662.19,221.85,92.76,91.78,-82.91,-81.93,93.73,101.46,0.9627,15.4100,92.7600,0.0000,0.0000,0.9084,0
793,06:56:35.808,ROI,160,160,224,224,11.15,39.36,10.8,0.0,25.40,662.41,224.59,662.48,224.67,94.63,92.24,-84.16,-80.64,96.29,104.36,0.8896,15.1900,94.6300,0.0000,0.0000,0.8754,0
794,06:56:35.936,ROI,160,160,224,224,9.39,119.16,3.375,0.0,8.39,663.04,231.56,662.87,228.41,95.68,92.88,-84.05,-79.84,91.98,100.24,0.8350,13.5500,95.6800,0.0000,0.0000,0.8016,0
795,06:56:35.985,ROI,160,160,224,224,11.26,42.93,10.1,0.0,23.29,663.84,232.74,663.38,231.86,92.61,92.92,-81.53,-79.03,91.07,100.06,0.9600,13.6500,92.6100,0.0000,0.0000,0.8961,0
796,06:56:36.048,ROI,160,160,224,224,10.91,55.91,15.375,0.0,17.89,663.03,236.73,663.56,235.26,92.10,92.82,-87.01,-79.88,94.42,98.83,0.8914,12.8700,92.1000,0.0000,0.0000,0.8738,0
797,06:56:36.112,ROI,160,160,224,224,11.00,55.69,14.775,0.0,17.96,665.60,239.72,664.36,238.67,93.76,93.22,-76.85,-78.27,88.98,97.01,0.8876,13.1700,93.7600,0.0000,0.0000,0.8341,0
798,06:56:36.160,ROI,160,160,224,224,11.06,38.46,21.95,0.0,26.00,664.61,242.01,664.78,241.85,93.70,93.47,-82.39,-78.32,90.66,97.02,0.9335,12.3600,93.7000,0.0000,0.0000,0.8834,0
799,06:56:36.223,ROI,160,160,224,224,9.55,52.08,15.45,0.0,19.20,664.42,244.18,665.10,244.92,94.86,94.06,-84.12,-78.74,91.70,97.82,0.9457,14.1000,94.8600,0.0000,0.0000,0.8954,0
800,06:56:36.271,ROI,160,160,224,224,9.27,41.95,30.325,0.0,23.84,664.95,245.61,665.41,247.51,95.12,94.65,-83.21,-79.38,90.13,98.81,0.9551,14.5500,95.1200,0.0000,0.0000,0.8886,0
801,06:56:36.399,ROI,160,160,224,224,9.69,120.20,6.625,0.0,8.32,665.61,251.71,665.78,251.17,94.17,94.83,-84.16,-80.56,89.11,99.72,0.8722,13.6500,94.1700,0.0000,0.0000,0.8402,0
802,06:56:36.447,ROI,160,160,224,224,9.51,41.55,20.9,0.0,24.07,665.24,254.61,665.99,254.49,95.70,95.49,-86.34,-81.89,90.50,99.29,0.9292,14.9700,95.7000,0.0000,0.0000,0.8942,0
803,06:56:36.512,ROI,160,160,224,224,10.04,57.46,7.275,0.0,17.40,665.20,256.46,666.14,257.36,95.21,95.83,-87.02,-83.38,90.05,97.96,0.9584,15.2300,95.2100,0.0000,0.0000,0.9146,0
804,06:56:36.575,ROI,160,160,224,224,9.53,56.35,14.875,0.0,17.75,664.89,261.61,666.09,260.88,95.91,96.24,-90.82,-85.98,89.60,99.15,0.8949,15.3600,95.9100,0.0000,0.0000,0.9059,0
805,06:56:36.623,ROI,160,160,224,224,9.25,40.89,20.475,0.0,24.46,664.88,262.40,665.96,263.63,96.10,96.56,-92.66,-88.69,86.58,97.79,0.9510,14.1800,96.1000,0.0000,0.0000,0.9038,0
806,06:56:36.688,ROI,160,160,224,224,10.85,59.07,7.175,0.0,16.93,665.36,266.40,666.03,266.75,96.61,96.79,-88.72,-89.54,87.57,99.68,0.9120,14.8900,96.6100,0.0000,0.0000,0.8832,0
807,06:56:36.751,ROI,160,160,224,224,11.50,53.91,15.55,0.0,18.55,664.94,268.24,665.86,269.59,96.64,96.99,-93.49,-91.92,85.46,101.04,0.9412,14.4200,96.6400,0.0000,0.0000,0.9011,0
808,06:56:36.864,ROI,160,160,224,224,9.50,105.14,7.7,0.0,9.51,664.50,274.36,665.44,273.25,95.25,96.65,-96.61,-95.40,87.82,104.65,0.8647,14.4500,95.2500,0.0000,0.0000,0.9102,0
809,06:56:36.928,ROI,160,160,224,224,11.30,59.03,14.6,0.0,16.94,665.39,278.02,665.35,276.72,96.24,96.81,-91.46,-96.40,89.61,103.63,0.9141,13.8400,96.2400,0.0000,0.0000,0.8047,0
810,06:56:36.975,ROI,160,160,224,224,9.15,37.18,22.25,0.0,26.90,665.56,279.26,665.40,279.76,93.84,96.14,-89.02,-95.91,89.43,102.75,0.9725,14.5700,93.8400,0.0000,0.0000,0.8787,0
811,06:56:37.040,ROI,160,160,224,224,9.19,58.37,14.3,0.0,17.13,666.22,281.66,665.54,282.55,94.05,95.64,-87.12,-95.12,89.75,104.82,0.9411,13.7500,94.0500,0.0000,0.0000,0.8193,0
812,06:56:37.104,ROI,160,160,224,224,10.77,57.86,14.4,0.0,17.28,668.31,285.40,666.36,285.65,92.73,94.94,-75.14,-89.89,90.06,100.90,0.8891,12.5400,92.7300,0.0000,0.0000,0.8395,0
813,06:56:37.152,ROI,160,160,224,224,10.68,41.17,21.725,0.0,24.29,667.65,286.33,666.77,288.31,94.04,94.64,-81.37,-87.93,90.05,100.28,0.9674,12.3900,94.0400,0.0000,0.0000,0.8705,0
814,06:56:37.279,ROI,160,160,224,224,9.00,117.07,6.725,0.0,8.54,668.30,291.68,667.28,291.70,90.66,93.38,-81.31,-86.02,90.03,99.50,0.8860,11.0300,90.6600,0.0000,0.0000,0.8516,0
815,06:56:37.327,ROI,160,160,224,224,9.26,40.28,10.25,0.0,24.83,667.19,296.46,667.49,295.50,91.67,92.50,-86.85,-85.51,91.46,101.22,0.8880,11.3900,91.6700,0.0000,0.0000,0.8748,0
816,06:56:37.392,ROI,160,160,224,224,10.99,60.24,7.1,0.0,16.60,668.97,298.45,667.97,298.46,90.56,91.58,-80.87,-84.04,98.56,103.40,0.8931,11.4100,90.5600,0.0000,0.0000,0.8569,0
817,06:56:37.457,ROI,160,160,224,224,10.30,55.27,14.95,0.0,18.09,668.21,300.42,668.22,301.14,91.72,91.06,-84.59,-83.38,95.35,98.13,0.9181,9.6000,91.7200,0.0000,0.0000,0.8763,0
818,06:56:37.504,ROI,160,160,224,224,10.67,41.67,21.55,0.0,24.00,667.31,302.06,668.20,303.56,88.81,89.89,-90.62,-84.36,96.98,99.25,0.9497,10.5800,88.8100,0.0000,0.0000,0.8782,0
819,06:56:37.567,ROI,160,160,224,224,9.33,53.63,15.1,0.0,18.65,667.77,306.98,668.25,306.54,91.34,89.66,-88.92,-84.87,97.22,100.31,0.8978,9.7900,91.3400,0.0000,0.0000,0.8788,0
820,06:56:37.615,ROI,160,160,224,224,9.22,40.33,21.175,0.0,24.79,668.19,311.25,668.41,309.95,89.74,89.05,-87.38,-84.89,94.86,102.59,0.8982,10.7200,89.7400,0.0000,0.0000,0.8746,0
821,06:56:37.743,ROI,160,160,224,224,9.66,121.83,6.575,0.0,8.21,668.92,317.03,668.70,314.11,90.37,88.81,-85.96,-84.69,97.09,105.62,0.8750,11.1600,90.3700,0.0000,0.0000,0.8650,0
822,06:56:37.790,ROI,160,160,224,224,9.00,40.04,10.7,0.0,24.97,670.86,318.50,669.48,317.91,92.18,89.15,-78.48,-82.55,93.35,106.22,0.9347,12.9500,92.1800,0.0000,0.0000,0.8500,0
823,06:56:37.855,ROI,160,160,224,224,9.21,58.33,14.1,0.0,17.14,669.73,321.68,669.87,321.58,92.11,89.35,-83.96,-82.06,95.37,106.50,0.9203,11.8000,92.1100,0.0000,0.0000,0.8296,0
824,06:56:37.919,ROI,160,160,224,224,8.90,56.22,7.325,0.0,17.79,670.37,323.28,670.33,324.46,91.17,89.23,-80.91,-80.89,95.03,105.95,0.9576,11.9800,91.1700,0.0000,0.0000,0.8212,0
825,06:56:37.967,ROI,160,160,224,224,11.10,42.76,20.325,0.0,23.39,668.84,328.66,670.24,328.06,93.57,90.06,-91.31,-82.91,93.28,108.25,0.8769,11.7900,93.5700,0.0000,0.0000,0.8373,0
826,06:56:38.031,ROI,160,160,224,224,9.13,52.16,7.525,0.0,19.17,670.44,329.57,670.65,330.90,91.69,90.46,-81.81,-81.79,93.62,106.82,0.9504,12.0900,91.6900,0.0000,0.0000,0.8738,0
827,06:56:38.095,ROI,160,160,224,224,11.28,60.24,14.375,0.0,16.60,668.91,336.60,670.37,334.76,90.06,90.35,-94.23,-85.08,93.95,113.93,0.8535,11.8900,90.0600,0.0000,0.0000,0.8678,0
828,06:56:38.143,ROI,160,160,256,256,8.39,36.32,22.125,0.0,27.53,669.97,336.51,670.43,337.70,93.25,91.19,-88.83,-86.32,97.39,111.57,0.9454,13.9000,93.2500,0.0000,0.0000,0.9017,0
829,06:56:38.273,ROI,160,160,224,224,11.13,127.00,6.45,0.0,7.87,668.90,342.02,670.19,341.33,91.77,91.50,-93.77,-88.72,94.93,107.45,0.8821,11.4800,91.7700,0.0000,0.0000,0.8516,0
830,06:56:38.320,ROI,160,160,224,224,8.71,34.74,22.675,0.0,28.79,668.94,350.62,669.92,346.49,92.64,92.03,-92.97,-90.80,97.92,116.10,0.8319,10.7400,92.6400,0.0000,0.0000,0.7870,0
831,06:56:38.384,ROI,160,160,256,256,9.15,58.12,14.3,0.0,17.21,668.13,351.55,669.38,350.56,93.52,92.85,-97.54,-93.88,96.56,110.45,0.9356,12.2600,93.5200,0.0000,0.0000,0.8834,0
832,06:56:38.431,ROI,160,160,224,224,9.22,40.20,21.1,0.0,24.87,670.20,355.47,669.45,354.67,94.84,93.81,-89.00,-94.21,91.45,111.93,0.8845,9.5000,94.8400,0.0000,0.0000,0.7919,0
833,06:56:38.495,ROI,160,160,224,224,9.29,57.61,14.3,38.875,17.36,670.18,357.45,669.50,358.39,92.32,94.02,-89.34,-94.56,87.65,112.07,0.9258,8.2600,92.3200,0.0000,0.0000,0.6921,0
834,06:56:38.559,ROI,160,160,256,256,15.80,63.85,0.0,46.45,15.66,667.14,359.66,668.75,361.56,87.08,92.74,-103.26,-98.15,92.66,117.30,0.8932,13.0300,87.0800,0.0000,0.0000,0.8508,0
835,06:56:38.608,ROI,160,160,256,256,8.62,33.87,12.15,0.0,29.53,671.96,367.66,669.38,366.11,92.67,93.04,-82.11,-95.38,93.62,126.77,0.7951,11.5800,92.6700,0.0000,0.0000,0.8655,0
836,06:56:38.734,ROI,160,160,256,256,9.21,119.45,6.675,0.0,8.37,671.00,374.84,669.66,371.42,88.09,91.99,-87.04,-94.40,100.05,121.87,0.8374,9.4800,88.0900,0.0000,0.0000,0.7628,0
837,06:56:38.783,ROI,160,160,256,256,10.76,43.77,20.325,0.0,22.85,669.94,373.46,669.67,375.31,93.20,92.32,-89.75,-93.66,99.06,122.19,0.9573,9.3500,93.2000,0.0000,0.0000,0.8345,0
838,06:56:38.846,ROI,160,160,256,256,10.55,53.44,15.1,0.0,18.71,671.85,381.64,670.27,380.09,90.49,91.93,-82.84,-90.58,106.50,123.09,0.8171,9.7200,90.4900,0.4900,78.0000,0.8192,0
839,06:56:38.911,ROI,160,160,256,256,11.68,59.28,7.375,0.0,16.87,666.92,382.92,669.48,383.95,90.28,91.35,-101.59,-92.90,104.72,122.27,0.8928,11.8100,90.2800,0.0000,0.0000,0.8693,0
840,06:56:38.961,ROI,160,160,256,256,10.94,39.92,20.95,0.0,25.05,668.74,390.37,669.30,388.85,92.61,91.57,-92.06,-92.34,106.69,128.32,0.8591,11.7000,92.6100,0.0000,0.0000,0.8862,0
841,06:56:39.023,ROI,160,160,288,288,10.83,53.85,15.525,0.0,18.57,668.77,392.38,669.16,393.14,90.66,91.16,-91.87,-91.73,116.33,126.34,0.8903,13.5400,90.6600,0.0000,0.0000,0.8861,0
842,06:56:39.073,ROI,160,160,256,256,11.40,41.17,20.55,0.0,24.29,670.00,393.26,669.22,396.50,90.60,90.85,-89.09,-91.45,112.53,128.69,0.9502,11.7500,90.6000,0.0000,0.0000,0.8517,0
843,06:56:39.200,ROI,160,160,288,288,9.48,116.43,6.8,38.075,8.59,668.47,399.39,668.92,400.68,88.68,89.89,-94.04,-92.15,115.96,130.84,0.8839,11.7100,88.6800,0.0000,0.0000,0.8443,0
844,06:56:39.249,ROI,160,160,288,288,11.18,43.87,10.175,0.0,22.79,671.28,408.40,669.36,405.98,88.46,89.25,-85.25,-90.51,118.78,132.23,0.8335,14.3200,88.4600,0.0000,0.0000,0.9026,0
845,06:56:39.313,ROI,160,160,288,288,9.60,53.39,7.425,0.0,18.73,668.39,407.24,669.11,409.56,91.00,89.29,-94.13,-90.97,113.08,127.66,0.9185,14.2200,91.0000,0.0000,0.0000,0.9384,0
846,06:56:39.376,ROI,160,160,256,256,9.49,54.66,7.525,0.0,18.29,670.29,413.35,669.25,413.76,90.88,89.41,-88.00,-90.29,107.06,131.01,0.8640,11.9200,90.8800,0.0000,0.0000,0.8952,0
847,06:56:39.424,ROI,160,160,288,288,9.09,40.34,20.725,0.0,24.79,671.62,415.38,669.80,417.47,91.40,89.57,-81.58,-87.80,111.71,130.30,0.9298,13.4900,91.4000,0.0000,0.0000,0.8884,0
848,06:56:39.487,ROI,160,160,288,288,9.71,57.08,14.6,0.0,17.52,671.38,420.53,670.33,421.65,91.18,89.94,-82.84,-85.42,103.32,123.50,0.8536,13.3400,91.1800,0.0000,0.0000,0.8361,0
849,06:56:39.552,ROI,160,160,256,256,9.33,55.94,14.575,0.0,17.88,671.37,424.93,670.79,425.80,92.51,90.48,-83.58,-83.60,102.10,128.48,0.9220,12.1700,92.5100,0.0000,0.0000,0.8832,0
850,06:56:39.665,ROI,160,160,288,288,9.74,107.07,7.575,0.0,9.34,672.91,432.66,671.61,430.80,93.27,91.32,-80.74,-81.38,108.63,128.34,0.8360,12.5600,93.2700,0.0000,0.0000,0.8764,0
851,06:56:39.726,ROI,160,160,288,288,8.71,53.74,15.4,0.0,18.61,671.82,435.80,671.99,435.17,94.27,92.34,-84.96,-80.72,108.22,125.44,0.9332,13.5200,94.2700,0.0000,0.0000,0.8919,0
852,06:56:39.774,ROI,160,160,256,256,9.21,42.07,20.25,38.975,23.77,670.92,441.75,671.91,440.06,93.27,92.85,-91.02,-82.61,106.99,132.74,0.8976,10.8100,93.2700,0.0000,0.0000,0.9045,0
853,06:56:39.839,ROI,160,160,288,288,9.28,57.42,7.15,0.0,17.41,671.46,444.20,672.02,444.37,95.27,93.81,-88.52,-83.46,109.30,133.20,0.9438,14.4500,95.2700,0.0000,0.0000,0.8778,0
854,06:56:39.903,ROI,160,160,288,288,9.90,58.47,14.475,36.1,17.10,669.20,449.26,671.43,449.02,94.37,94.48,-97.25,-87.06,107.86,132.61,0.8903,13.2300,94.3700,0.0000,0.0000,0.8556,0
855,06:56:39.950,ROI,160,160,288,288,9.29,38.29,21.5,0.0,26.12,671.00,454.31,671.48,453.68,94.60,94.90,-89.33,-87.46,111.29,133.61,0.8979,13.5300,94.6000,0.0000,0.0000,0.8467,0
856,06:56:40.064,ROI,160,160,288,288,9.26,107.14,7.575,0.0,9.33,671.46,460.16,671.49,458.93,91.42,94.53,-89.88,-88.93,109.12,132.61,0.8986,14.9400,91.4200,0.0000,0.0000,0.8798,0
857,06:56:40.128,ROI,160,160,288,288,10.96,58.13,14.425,0.0,17.20,671.02,463.62,671.48,463.56,94.34,95.10,-90.12,-89.42,108.25,132.64,0.9417,13.4400,94.3400,0.0000,0.0000,0.8333,0
858,06:56:40.192,ROI,160,160,288,288,11.09,54.70,15.15,0.0,18.28,672.60,466.35,671.78,468.05,93.88,95.20,-86.17,-89.28,102.56,130.41,0.9095,13.7300,93.8800,0.0000,0.0000,0.8297,0
859,06:56:40.239,ROI,160,160,288,288,8.97,36.73,22.05,0.0,27.23,670.78,469.89,671.63,472.23,95.30,95.71,-92.09,-90.35,106.49,127.01,0.9129,12.1300,95.3000,0.0000,0.0000,0.7997,0
860,06:56:40.303,ROI,160,160,256,256,9.69,57.77,14.55,0.0,17.31,671.52,473.82,671.69,475.87,95.21,96.01,-89.10,-90.53,102.67,128.75,0.9079,12.9300,95.2100,0.0000,0.0000,0.8394,0
861,06:56:40.368,ROI,160,160,288,288,11.03,59.37,14.325,0.0,16.84,674.26,479.03,672.54,479.99,94.31,95.86,-78.29,-87.34,101.20,129.37,0.8759,13.5700,94.3100,0.0000,0.0000,0.8426,0
862,06:56:40.415,ROI,160,160,288,288,8.80,35.11,11.075,0.0,28.48,671.16,479.38,672.30,483.05,94.40,95.49,-94.58,-89.47,100.51,129.28,0.9354,14.8400,94.4000,0.0000,0.0000,0.9116,0
863,06:56:40.543,ROI,160,160,288,288,9.26,122.58,6.575,0.0,8.16,674.76,490.09,672.99,488.11,93.03,94.87,-82.15,-88.08,97.45,132.48,0.7935,16.1900,93.0300,0.0000,0.0000,0.9174,0
864,06:56:40.591,ROI,160,160,288,288,9.18,40.36,20.85,0.0,24.77,672.96,492.21,673.39,492.72,95.66,95.44,-85.09,-86.31,99.09,127.40,0.9279,12.9600,95.6600,0.0000,0.0000,0.8611,0
865,06:56:40.655,ROI,160,160,256,256,9.16,57.33,7.2,0.0,17.44,674.08,499.20,673.62,497.72,93.68,94.94,-87.37,-87.01,102.48,132.50,0.8692,11.9600,93.6800,0.0000,0.0000,0.8215,0
866,06:56:40.703,ROI,160,160,288,288,10.84,40.75,10.45,0.0,24.54,674.70,498.03,673.98,500.86,96.00,95.46,-83.50,-86.37,101.50,126.67,0.9445,12.2900,96.0000,0.0000,0.0000,0.8390,0
867,06:56:40.767,ROI,160,160,256,256,12.75,56.56,14.85,0.0,17.68,673.41,507.01,673.98,505.78,94.91,95.18,-90.02,-87.39,96.00,131.26,0.8263,8.8100,94.9100,0.0000,0.0000,0.7068,0
868,06:56:40.832,ROI,160,160,288,288,9.18,53.04,15.25,0.0,18.85,675.65,507.16,674.33,509.19,96.28,95.45,-84.10,-87.44,99.59,128.47,0.9357,11.7100,96.2800,0.0000,0.0000,0.7305,0
869,06:56:40.879,ROI,160,160,288,288,9.27,40.19,21.05,0.0,24.88,672.73,511.61,674.24,512.95,94.16,95.12,-91.33,-87.80,101.66,128.47,0.8822,12.7000,94.1600,0.0000,0.0000,0.7839,0
870,06:56:41.008,ROI,160,160,288,288,9.22,121.72,6.6,0.0,8.22,674.36,520.70,674.47,517.73,96.76,95.28,-87.25,-87.59,99.92,127.82,0.8417,12.5000,96.7600,0.0000,0.0000,0.8613,0
871,06:56:41.055,ROI,160,160,256,256,10.65,40.79,20.925,0.0,24.52,671.79,522.75,674.00,521.99,96.70,95.51,-96.30,-89.69,98.51,127.58,0.9203,9.8700,96.7000,0.0000,0.0000,0.7415,0
872,06:56:41.119,ROI,160,160,256,256,9.16,55.76,7.45,0.0,17.94,673.16,525.57,673.85,526.16,96.04,95.52,-92.10,-90.57,102.11,125.26,0.9237,11.6100,96.0400,0.0000,0.0000,0.8249,0
873,06:56:41.182,ROI,160,160,256,256,8.08,51.66,14.9,0.0,19.36,671.70,536.47,673.47,532.01,95.16,95.49,-93.69,-91.20,101.44,136.34,0.8242,7.9700,95.1600,0.0000,0.0000,0.7481,0
874,06:56:41.231,ROI,160,160,288,288,9.59,43.71,19.675,0.0,22.88,674.96,540.79,673.77,537.23,95.82,95.72,-86.69,-90.51,113.15,151.72,0.8056,12.7000,95.8200,0.0000,0.0000,0.8301,0
875,06:56:41.296,ROI,160,160,320,320,9.60,58.11,14.275,0.0,17.21,675.42,544.04,674.41,542.46,95.11,95.59,-83.08,-88.10,104.18,143.20,0.8690,13.0100,95.1100,0.0000,0.0000,0.8006,0
876,06:56:41.343,ROI,160,160,288,288,9.29,40.44,10.55,0.0,24.73,673.22,546.52,674.26,546.96,96.18,95.81,-91.85,-88.63,108.65,139.18,0.9270,13.4400,96.1800,0.0000,0.0000,0.8021,0
877,06:56:41.471,ROI,160,160,288,288,9.39,120.67,6.625,0.0,8.29,674.76,555.92,674.42,552.97,95.24,95.75,-88.48,-88.76,118.60,146.59,0.8055,12.7400,95.2400,0.0000,0.0000,0.7947,0
878,06:56:41.519,ROI,160,160,320,320,9.09,40.87,20.775,39.75,24.47,675.34,564.78,674.71,559.95,94.19,95.48,-87.66,-88.69,102.80,141.16,0.7703,13.0400,94.1900,0.0000,0.0000,0.8530,0
879,06:56:41.583,ROI,160,160,288,288,9.40,57.07,7.225,0.0,17.52,676.62,567.04,675.27,566.07,96.26,95.74,-84.73,-87.92,107.53,147.62,0.9142,11.2600,96.2600,0.0000,0.0000,0.8199,0
880,06:56:41.647,ROI,160,160,320,320,9.21,57.20,14.575,0.0,17.48,676.56,573.16,675.57,572.11,95.79,95.79,-87.16,-88.31,105.58,141.44,0.9024,10.3700,95.7900,0.0000,0.0000,0.7933,0
881,06:56:41.695,ROI,160,160,288,288,9.09,40.03,20.625,0.0,24.98,677.64,575.18,676.14,577.32,92.76,94.96,-83.76,-87.61,104.85,144.23,0.9528,11.0300,92.7600,0.0000,0.0000,0.7109,0
882,06:56:41.760,ROI,160,160,320,320,9.23,58.18,14.35,0.0,17.19,676.46,579.58,676.37,582.19,96.78,95.37,-87.33,-87.51,103.98,147.94,0.9212,11.9200,96.7800,0.0000,0.0000,0.7755,0
883,06:56:41.823,ROI,160,160,320,320,9.56,56.77,14.6,0.0,17.61,677.08,583.72,676.66,586.98,98.00,95.89,-86.55,-87.42,100.66,149.88,0.9167,9.9300,98.0000,0.0000,0.0000,0.7578,0
884,06:56:41.872,ROI,160,160,320,320,8.54,40.80,20.425,0.0,24.51,676.56,585.58,676.96,590.88,96.53,95.99,-85.53,-86.24,103.08,148.70,0.9529,9.9800,96.5300,0.0000,0.0000,0.7755,0
885,06:56:41.984,ROI,160,160,320,320,8.74,102.37,3.825,0.0,9.77,678.52,593.04,677.62,595.47,98.63,96.59,-81.84,-84.74,103.78,148.02,0.8722,12.6100,98.6300,0.0000,0.0000,0.8777,0
886,06:56:42.048,ROI,160,160,320,320,10.41,59.35,14.325,0.0,16.85,675.94,596.54,677.47,599.50,98.48,97.36,-92.16,-86.08,101.32,147.80,0.9080,10.8400,98.4800,0.0000,0.0000,0.8316,0
887,06:56:42.112,ROI,160,160,320,320,8.03,54.95,14.825,0.0,18.20,675.66,596.84,677.30,602.38,95.95,97.17,-93.43,-87.51,103.20,148.16,0.9778,11.1400,95.9500,0.0000,0.0000,0.7343,0
888,06:56:42.161,ROI,160,160,320,320,9.67,44.13,19.225,0.0,22.66,676.70,598.02,677.28,604.60,98.40,97.68,-90.47,-88.29,100.54,148.46,0.9591,10.7500,98.4000,0.0000,0.0000,0.7790,0
889,06:56:42.224,ROI,160,160,320,320,12.06,57.53,14.9,0.0,17.38,676.42,599.10,677.34,606.19,99.19,98.20,-87.77,-87.72,98.60,150.66,0.9667,11.2000,99.1900,0.0000,0.0000,0.8149,0
890,06:56:42.289,ROI,160,160,320,320,8.34,52.28,14.9,0.0,19.13,676.66,603.48,677.43,608.12,99.24,98.63,-87.42,-87.25,96.84,156.38,0.9284,11.0000,99.2400,0.0000,0.0000,0.8457,0
891,06:56:42.335,ROI,160,160,320,320,8.76,38.63,21.15,0.0,25.89,676.50,605.70,677.22,609.72,99.29,99.07,-97.44,-90.48,95.90,161.60,0.9586,11.5700,99.2900,0.0000,0.0000,0.8513,0
892,06:56:42.464,ROI,160,160,352,352,11.33,124.76,6.575,0.0,8.02,676.59,608.59,677.31,611.68,95.26,98.37,-87.31,-89.32,99.26,160.82,0.9327,12.0500,95.2600,0.0000,0.0000,0.7702,0
893,06:56:42.511,ROI,160,160,352,352,12.36,40.47,22.2,0.0,24.71,676.57,608.79,677.08,612.42,96.03,98.08,-107.20,-94.52,100.06,162.43,0.9823,12.1500,96.0300,0.0000,0.0000,0.8050,0
894,06:56:42.575,ROI,160,160,352,352,7.88,53.28,7.65,0.0,18.77,677.06,608.55,677.13,612.64,96.36,97.70,-78.31,-91.31,100.21,162.40,0.9874,12.3700,96.3600,0.0000,0.0000,0.8196,0
895,06:56:42.624,ROI,160,160,352,352,7.60,39.40,9.825,0.0,25.38,677.33,608.22,677.13,612.04,96.70,97.62,89.51,-44.15,101.33,164.05,0.9790,11.8600,96.7000,0.0000,0.0000,0.8188,0
896,06:56:42.687,ROI,160,160,352,352,7.48,56.34,7.075,0.0,17.75,677.22,608.44,677.02,611.64,96.64,97.35,106.25,0.82,101.49,163.46,0.9942,12.0200,96.6400,0.0000,0.0000,0.8258,0
897,06:56:42.752,ROI,160,160,352,352,7.47,58.27,13.825,0.0,17.16,677.26,608.90,677.00,610.72,96.36,97.12,90.83,35.83,101.62,164.52,0.9923,12.0600,96.3600,0.0000,0.0000,0.8308,0
898,06:56:42.865,ROI,160,160,352,352,7.93,105.85,7.5,0.0,9.45,677.42,608.94,676.81,610.05,96.36,96.79,106.26,68.87,101.60,164.25,0.9954,12.1500,96.3600,0.0000,0.0000,0.8348,0
899,06:56:42.928,ROI,160,160,352,352,7.58,56.70,14.2,0.0,17.64,677.42,608.50,676.85,609.26,96.70,96.78,87.12,91.81,101.51,163.42,0.9938,12.1700,96.7000,0.0000,0.0000,0.8362,0
900,06:56:42.976,ROI,160,160,352,352,8.65,43.02,19.65,0.0,23.25,677.37,608.39,676.74,608.08,96.67,96.54,95.36,111.97,101.82,163.64,0.9956,12.2300,96.6700,0.0000,0.0000,0.8360,0
901,06:56:43.040,ROI,160,160,352,352,7.52,53.72,14.575,0.0,18.62,677.33,608.42,676.86,607.21,96.63,96.30,81.71,124.86,101.90,164.16,0.9959,12.1100,96.6300,0.0000,0.0000,0.8315,0
902,06:56:43.103,ROI,160,160,352,352,7.49,57.32,14.075,47.275,17.45,677.37,608.44,676.93,606.70,96.51,96.08,82.42,134.02,101.84,163.94,0.9978,12.2100,96.5100,0.0000,0.0000,0.8332,0
903,06:56:43.151,ROI,160,160,352,352,7.95,42.03,9.825,0.0,23.80,677.37,608.83,677.19,605.94,96.25,95.89,71.53,137.20,101.86,164.74,0.9950,12.2300,96.2500,0.0000,0.0000,0.8322,0
904,06:56:43.265,ROI,160,160,352,352,7.55,105.86,7.5,0.0,9.45,676.98,607.87,677.10,605.10,97.34,95.98,96.05,143.63,101.09,162.03,0.9759,11.9200,97.3400,0.0000,0.0000,0.8372,0
905,06:56:43.328,ROI,160,160,352,352,9.09,58.03,7.15,0.0,17.23,676.64,605.91,676.90,604.09,95.00,95.51,101.05,147.82,100.21,162.76,0.9678,12.9400,95.0000,0.0000,0.0000,0.7829,0
906,06:56:43.392,ROI,160,160,352,352,7.54,56.96,0.0,0.0,17.56,677.10,604.32,677.08,603.22,96.72,95.49,78.60,143.88,99.88,160.62,0.9716,12.1500,96.7200,0.0000,0.0000,0.7909,0
907,06:56:43.441,ROI,160,160,352,352,7.49,42.25,19.35,0.0,23.67,676.25,602.43,676.95,601.81,97.43,95.76,95.11,142.22,104.37,163.57,0.9350,13.2800,97.4300,0.0000,0.0000,0.8527,0
908,06:56:43.503,ROI,160,160,352,352,7.54,55.93,14.425,0.0,17.88,675.74,598.78,676.70,599.40,94.02,95.25,95.86,138.64,102.52,153.98,0.9247,12.1200,94.0200,0.0000,0.0000,0.7682,0
909,06:56:43.569,ROI,160,160,320,320,7.45,58.62,13.75,0.0,17.06,677.36,596.46,676.84,597.00,95.85,95.17,86.87,130.68,104.22,147.42,0.9287,11.5500,95.8500,0.0000,0.0000,0.7395,0
910,06:56:43.616,ROI,160,160,320,320,8.59,42.32,19.7,0.0,23.63,676.42,593.12,676.72,594.04,95.95,95.21,92.32,123.29,103.04,144.84,0.9384,11.3200,95.9500,0.0000,0.0000,0.8080,0
911,06:56:43.745,ROI,160,160,320,320,7.53,120.60,6.575,0.0,8.29,677.98,587.98,676.92,590.48,96.68,95.80,86.66,113.19,104.10,146.62,0.9051,11.5700,96.6800,0.0000,0.0000,0.8411,0
912,06:56:43.793,ROI,160,160,320,320,7.63,41.89,9.75,0.0,23.87,676.84,585.02,676.89,586.80,97.66,96.35,90.48,104.02,101.20,148.88,0.9347,9.5600,97.6600,0.0000,0.0000,0.7443,0
913,06:56:43.855,ROI,160,160,320,320,7.47,55.93,14.45,0.0,17.88,676.66,581.28,676.77,582.87,97.67,96.75,91.83,95.02,102.88,146.96,0.9356,10.3800,97.6700,0.0000,0.0000,0.7196,0
914,06:56:43.903,ROI,160,160,320,320,7.66,41.31,19.725,0.0,24.21,676.82,577.58,676.74,578.93,96.66,96.98,90.39,85.71,103.70,146.02,0.9434,10.9400,96.6600,0.0000,0.0000,0.7645,0
915,06:56:43.968,ROI,160,160,320,320,7.47,58.02,6.95,0.0,17.23,676.56,571.50,676.46,573.88,94.98,96.57,93.17,77.32,104.82,140.78,0.9094,11.5000,94.9800,0.0000,0.0000,0.8297,0
916,06:56:44.033,ROI,160,160,288,288,7.59,58.10,6.9,0.0,17.21,677.40,569.29,676.63,569.15,93.16,95.72,87.92,69.30,105.84,146.74,0.9443,12.0300,93.1600,0.0000,0.0000,0.7929,0
917,06:56:44.080,ROI,160,160,320,320,13.52,47.66,20.125,25.775,20.98,674.94,562.66,676.19,563.82,94.78,95.63,94.77,64.74,102.44,139.94,0.8706,10.9200,94.7800,0.0000,0.0000,0.7952,0
918,06:56:44.207,ROI,160,160,288,288,9.87,114.31,3.475,0.0,8.75,673.91,551.36,675.47,556.76,95.44,95.55,95.81,61.83,108.29,143.32,0.8090,13.5200,95.4400,0.0000,0.0000,0.7968,0
919,06:56:44.256,ROI,160,160,288,288,8.21,39.70,20.8,0.0,25.19,675.39,545.85,675.28,549.78,94.41,95.11,91.59,59.49,107.96,140.31,0.9010,10.9000,94.4100,0.0000,0.0000,0.7720,0
920,06:56:44.319,ROI,160,160,288,288,11.62,58.03,7.25,29.9,17.23,673.88,544.93,674.72,543.83,95.15,94.85,95.35,60.51,109.71,141.34,0.9601,12.5300,95.1500,0.0000,0.0000,0.7833,0
921,06:56:44.384,ROI,160,160,288,288,11.36,55.19,7.575,0.0,18.12,674.48,540.42,674.44,537.99,94.74,94.45,92.79,64.48,110.93,143.19,0.9284,12.7300,94.7400,0.0000,0.0000,0.7764,0
922,06:56:44.431,ROI,160,160,288,288,12.00,40.26,22.625,0.0,24.84,674.02,535.82,674.10,532.16,94.72,94.42,93.28,70.90,110.68,138.22,0.9293,11.5800,94.7200,0.0000,0.0000,0.7803,0
923,06:56:44.494,ROI,160,160,288,288,10.65,53.70,15.575,33.15,18.62,673.19,530.52,673.64,526.38,96.28,94.78,94.56,83.09,109.58,136.89,0.9124,13.3300,96.2800,0.0000,0.0000,0.8764,0
924,06:56:44.543,ROI,160,160,288,288,10.12,40.89,10.475,0.0,24.45,672.91,525.84,673.17,520.88,94.49,94.62,94.88,96.76,109.46,130.27,0.9277,12.7300,94.4900,0.0000,0.0000,0.8576,0
925,06:56:44.672,ROI,160,160,288,288,10.13,121.97,3.325,0.0,8.20,673.15,517.04,672.84,514.59,95.09,94.64,93.01,97.07,100.31,134.86,0.8077,11.7800,95.0900,0.0000,0.0000,0.8010,0
926,06:56:44.721,ROI,160,160,288,288,12.66,44.68,20.625,0.0,22.38,673.86,511.26,672.79,508.41,95.70,94.83,90.48,95.05,99.36,136.13,0.9057,11.0500,95.7000,0.0000,0.0000,0.7550,0
927,06:56:44.784,ROI,160,160,288,288,12.40,54.56,7.875,28.25,18.33,674.46,510.50,672.94,503.65,94.09,94.61,88.20,93.65,100.30,133.40,0.9685,10.7600,94.0900,0.0000,0.0000,0.7165,0
928,06:56:44.848,ROI,160,160,288,288,11.69,52.54,7.8,0.0,19.03,674.43,504.74,673.09,498.84,94.81,94.62,88.24,90.84,99.83,133.34,0.9132,13.1600,94.8100,0.0000,0.0000,0.8367,0
929,06:56:44.896,ROI,160,160,288,288,10.93,38.32,22.175,0.0,26.09,674.83,503.15,673.35,495.13,95.14,94.71,85.91,89.04,99.95,129.69,0.9650,11.3100,95.1400,0.0000,0.0000,0.7766,0
930,06:56:44.960,ROI,160,160,288,288,9.93,53.58,15.075,0.0,18.66,674.09,500.14,673.42,491.98,94.08,94.52,88.78,87.42,97.63,129.22,0.9327,12.4300,94.0800,0.0000,0.0000,0.8271,0
931,06:56:45.024,ROI,160,160,288,288,9.46,57.16,7.325,0.0,17.50,674.72,493.90,673.67,488.41,94.47,94.46,85.97,86.36,103.16,127.17,0.8611,14.8800,94.4700,0.0000,0.0000,0.8798,0
932,06:56:45.070,ROI,160,160,256,256,10.24,39.86,21.45,0.0,25.09,671.76,490.54,673.12,485.18,97.12,95.12,99.59,89.19,99.17,126.24,0.8956,10.8700,97.1200,0.0000,0.0000,0.8014,0
933,06:56:45.200,ROI,160,160,256,256,8.29,120.88,3.3,0.0,8.27,668.07,484.38,671.69,481.41,91.72,94.31,110.80,95.95,106.88,134.58,0.8451,13.3300,91.7200,0.0000,0.0000,0.8154,0
934,06:56:45.247,ROI,160,160,288,288,10.29,42.91,20.35,0.0,23.30,671.94,478.11,671.51,477.16,95.92,94.61,92.37,95.23,95.09,127.53,0.8103,15.7600,95.9200,0.0000,0.0000,0.8591,0
935,06:56:45.311,ROI,160,160,256,256,11.28,55.80,7.5,0.0,17.92,669.91,473.90,670.89,473.06,95.34,94.92,98.60,95.55,102.05,125.36,0.8742,13.0100,95.3400,0.0000,0.0000,0.8355,0
936,06:56:45.376,ROI,160,160,256,256,12.80,55.52,7.45,0.0,18.01,671.37,470.14,670.74,469.13,94.24,94.77,92.29,96.00,101.28,126.66,0.9161,15.3400,94.2400,0.0000,0.0000,0.8794,0
937,06:56:45.424,ROI,160,160,256,256,8.81,35.09,22.8,0.0,28.50,670.70,469.22,670.54,466.07,93.01,94.23,93.72,95.52,102.35,130.62,0.9569,14.0000,93.0100,0.0000,0.0000,0.8529,0
938,06:56:45.486,ROI,160,160,288,288,9.91,54.48,14.875,0.0,18.36,673.15,464.27,671.12,462.78,94.46,94.44,79.96,91.24,102.87,129.82,0.8850,16.0700,94.4600,0.0000,0.0000,0.9041,0
939,06:56:45.536,ROI,160,160,288,288,13.74,46.92,20.225,26.125,21.31,672.78,459.16,671.44,459.10,92.88,94.10,84.98,89.54,100.35,124.45,0.9005,16.3400,92.8800,0.0000,0.0000,0.9143,0
940,06:56:45.663,ROI,160,160,256,256,13.92,121.03,3.475,25.825,8.26,670.34,455.59,671.18,455.49,89.59,92.94,94.14,90.07,103.73,134.35,0.8834,14.6600,89.5900,0.0000,0.0000,0.8908,0
941,06:56:45.713,ROI,160,160,288,288,9.36,37.08,11.4,0.0,26.97,669.86,453.49,670.70,452.46,93.82,92.99,98.96,92.36,103.68,132.17,0.9601,14.1000,93.8200,0.0000,0.0000,0.8938,0
942,06:56:45.776,ROI,160,160,288,288,10.04,57.30,14.75,0.0,17.45,670.26,448.46,670.48,448.95,93.09,92.73,93.70,92.78,108.34,138.89,0.8890,15.6300,93.0900,0.0000,0.0000,0.9188,0
943,06:56:45.841,ROI,160,160,288,288,9.52,56.24,7.2,0.0,17.78,672.48,445.80,670.88,445.64,94.70,92.88,83.03,90.26,107.66,136.04,0.9239,14.8200,94.7000,0.0000,0.0000,0.9241,0
944,06:56:45.887,ROI,160,160,288,288,11.65,40.75,22.075,0.0,24.54,672.32,437.71,671.17,441.00,92.55,92.48,86.42,89.12,108.22,130.99,0.8815,13.2200,92.5500,0.0000,0.0000,0.8768,0
945,06:56:45.951,ROI,160,160,288,288,9.44,51.87,15.2,0.0,19.28,670.25,432.99,670.88,436.26,94.57,92.79,93.53,89.83,103.50,122.33,0.8878,14.2900,94.5700,0.0000,0.0000,0.8900,0
946,06:56:46.063,ROI,160,160,256,256,9.34,102.62,3.825,0.0,9.74,671.58,426.90,670.86,430.72,92.75,92.77,90.21,90.11,105.25,128.34,0.8852,13.5800,92.7500,0.0000,0.0000,0.8716,0
947,06:56:46.127,ROI,160,160,288,288,10.47,57.08,14.55,0.0,17.52,671.04,423.75,670.87,425.59,93.81,92.96,89.93,89.81,110.29,126.59,0.9096,13.4500,93.8100,0.0000,0.0000,0.9039,0
948,06:56:46.193,ROI,160,160,256,256,15.14,64.28,14.35,24.225,15.56,671.40,418.74,671.07,420.83,91.08,92.37,87.58,88.80,107.68,123.76,0.9019,11.8200,91.0800,0.0000,0.0000,0.9082,0
949,06:56:46.239,ROI,160,160,256,256,7.93,29.45,0.0,0.0,33.96,667.83,413.06,670.18,415.86,92.62,92.36,100.10,91.56,109.86,126.67,0.8573,11.6400,92.6200,0.0000,0.0000,0.8790,0
950,06:56:46.304,ROI,160,160,256,256,9.38,58.81,6.875,0.0,17.00,671.93,411.24,670.61,411.33,88.76,91.32,84.61,89.59,108.91,131.14,0.8975,12.5700,88.7600,0.0000,0.0000,0.8420,0
951,06:56:46.368,ROI,160,160,288,288,13.13,60.84,14.65,26.25,16.44,668.07,405.24,669.93,406.31,89.68,90.71,97.76,91.50,117.25,132.66,0.8503,11.9000,89.6800,0.0000,0.0000,0.8929,0
952,06:56:46.415,ROI,160,160,288,288,10.80,34.86,12.15,0.0,28.69,668.83,405.05,669.57,402.39,87.84,89.74,95.24,92.46,117.50,134.35,0.9747,15.2000,87.8400,0.0000,0.0000,0.8924,0
953,06:56:46.544,ROI,160,160,288,288,12.96,121.72,6.65,27.55,8.22,669.03,396.20,669.39,397.21,87.45,88.68,91.92,92.27,111.17,131.83,0.8304,13.3000,87.4500,0.0000,0.0000,0.8454,0
954,06:56:46.592,ROI,160,160,288,288,11.77,40.36,11.425,0.0,24.78,670.75,394.61,669.76,392.81,88.78,88.29,85.28,90.23,117.11,134.84,0.9270,15.0200,88.7800,0.0000,0.0000,0.9109,0
955,06:56:46.656,ROI,160,160,288,288,11.31,55.30,7.65,0.0,18.08,669.12,388.94,669.66,388.43,88.05,87.77,91.24,90.09,114.44,127.49,0.8921,12.5800,88.0500,0.0000,0.0000,0.9318,0
956,06:56:46.703,ROI,160,160,256,256,9.06,37.67,11.375,0.0,26.54,670.44,386.50,669.88,384.77,87.86,87.25,86.53,88.94,108.77,126.64,0.9152,11.7200,87.8600,0.0000,0.0000,0.8566,0
957,06:56:46.767,ROI,160,160,256,256,11.85,59.02,14.375,0.0,16.94,667.84,381.84,669.33,380.72,90.51,87.69,97.80,91.17,109.57,121.54,0.8861,11.6700,90.5100,0.0000,0.0000,0.8933,0
958,06:56:46.831,ROI,160,160,256,256,11.24,54.03,15.175,0.0,18.51,668.12,380.46,668.89,377.58,90.98,88.20,98.01,93.32,105.46,121.28,0.9411,12.4000,90.9800,0.0000,0.0000,0.8928,0
959,06:56:46.880,ROI,160,160,256,256,9.35,37.61,21.675,0.0,26.59,670.26,376.08,668.98,374.08,92.27,89.00,88.45,93.05,104.43,123.33,0.8951,10.6100,92.2700,0.0000,0.0000,0.8265,0
960,06:56:47.008,ROI,160,160,256,256,11.36,123.96,6.65,0.0,8.07,669.87,366.59,668.97,368.95,91.50,89.63,90.18,93.22,91.65,119.30,0.7556,9.0000,91.5000,0.0000,0.0000,0.7621,0
961,06:56:47.055,ROI,160,160,256,256,11.21,39.03,11.225,0.0,25.62,669.34,362.05,668.69,363.98,89.60,89.69,93.23,94.63,91.07,112.67,0.9141,8.0000,89.6000,0.0000,0.0000,0.7836,0
962,06:56:47.119,ROI,160,160,256,256,12.24,56.75,15.175,0.0,17.62,668.94,359.68,668.53,359.49,93.28,90.48,92.00,94.47,94.32,117.60,0.9251,9.9800,93.2800,0.0000,0.0000,0.8612,0
963,06:56:47.184,ROI,160,160,256,256,10.29,55.21,14.825,0.0,18.11,670.35,356.09,669.13,355.35,94.98,92.08,81.78,90.32,93.50,115.54,0.9130,14.0300,94.9800,0.0000,0.0000,0.8918,0
964,06:56:47.230,ROI,160,160,256,256,8.66,37.32,11.175,0.0,26.79,668.37,354.22,668.87,352.04,92.25,92.42,94.46,91.23,98.00,113.55,0.9246,12.8800,92.2500,0.0000,0.0000,0.9177,0
965,06:56:47.295,ROI,160,160,256,256,9.70,58.19,14.275,0.0,17.19,668.35,349.60,668.84,348.60,93.81,93.11,90.54,90.33,99.34,111.66,0.9092,12.9300,93.8100,0.0000,0.0000,0.8837,0
966,06:56:47.359,ROI,160,160,224,224,11.23,57.87,7.225,0.0,17.28,669.33,346.03,668.99,345.27,93.32,93.62,87.38,89.07,93.95,107.65,0.8868,11.5000,93.3200,0.0000,0.0000,0.8077,0
967,06:56:47.408,ROI,160,160,224,224,12.25,41.71,21.4,0.0,23.97,671.41,340.44,669.75,341.23,91.85,93.75,79.31,85.63,94.68,107.93,0.8644,12.2000,91.8500,0.0000,0.0000,0.8098,0
968,06:56:47.534,ROI,160,160,224,224,9.76,116.77,6.9,0.0,8.56,669.87,334.26,669.80,336.67,92.66,93.90,89.35,86.52,94.32,105.08,0.8632,11.4000,92.6600,0.0000,0.0000,0.8336,0
969,06:56:47.582,ROI,160,160,224,224,10.62,40.73,20.775,0.0,24.55,669.29,331.96,669.67,332.71,94.50,94.58,91.90,87.89,91.76,105.48,0.9318,12.9300,94.5000,0.0000,0.0000,0.8812,0
970,06:56:47.647,ROI,160,160,224,224,9.89,55.61,14.8,0.0,17.98,668.65,328.33,669.57,328.82,90.79,94.48,91.51,88.33,93.06,106.29,0.9210,13.4400,90.7900,0.0000,0.0000,0.9058,0
971,06:56:47.695,ROI,160,160,224,224,10.02,40.61,21.075,0.0,24.63,670.00,326.01,669.90,325.13,92.25,94.43,84.83,86.42,94.37,103.64,0.9304,12.8800,92.2500,0.0000,0.0000,0.8611,0
972,06:56:47.760,ROI,160,160,224,224,10.97,58.12,14.35,0.0,17.21,669.34,322.21,670.02,321.44,92.76,94.50,88.25,85.93,91.13,102.07,0.8976,12.5200,92.7600,0.0000,0.0000,0.8740,0
973,06:56:47.822,ROI,160,160,224,224,13.07,54.53,7.725,0.0,18.34,668.94,318.43,669.81,317.52,92.00,94.13,93.04,87.75,91.13,99.06,0.9198,12.3400,92.0000,0.0000,0.0000,0.9057,0
974,06:56:47.872,ROI,160,160,224,224,10.60,37.10,22.075,0.0,26.96,670.52,317.69,669.99,314.66,91.98,93.88,86.32,87.55,93.23,103.71,0.9233,12.0200,91.9800,0.0000,0.0000,0.8425,0
975,06:56:47.999,ROI,160,160,224,224,9.91,119.14,6.775,0.0,8.39,668.10,312.28,669.65,311.26,92.19,93.44,95.78,89.36,93.45,101.01,0.8563,12.3100,92.1900,0.0000,0.0000,0.8641,0
976,06:56:48.048,ROI,160,160,224,224,10.90,42.91,10.25,0.0,23.30,667.30,306.01,669.00,307.31,92.88,93.26,99.32,92.18,90.48,96.01,0.8533,13.3700,92.8800,0.0000,0.0000,0.8923,0
977,06:56:48.111,ROI,160,160,224,224,15.34,58.91,15.125,23.375,16.97,668.37,303.45,668.71,303.62,92.25,92.72,94.42,93.43,93.38,95.72,0.9194,12.3100,92.2500,0.0000,0.0000,0.8947,0
978,06:56:48.174,ROI,160,160,192,192,9.94,48.24,8.375,0.0,20.73,667.23,299.80,668.09,300.01,87.07,91.00,99.86,96.24,94.31,102.49,0.9070,11.8900,87.0700,0.0000,0.0000,0.8180,0
979,06:56:48.223,ROI,160,160,224,224,9.01,39.12,10.225,0.0,25.56,668.12,298.43,668.07,297.17,91.98,90.58,90.35,95.08,91.67,98.88,0.9378,11.8500,91.9800,0.0000,0.0000,0.8781,0
980,06:56:48.287,ROI,160,160,224,224,11.98,58.99,14.425,0.0,16.95,668.22,295.61,667.74,294.28,93.41,90.85,96.46,96.88,90.58,99.16,0.9337,12.6800,93.4100,0.0000,0.0000,0.8714,0
981,06:56:48.350,ROI,160,160,224,224,9.86,51.40,15.6,0.0,19.46,669.13,293.85,668.01,291.95,92.54,90.79,83.57,93.95,90.06,98.95,0.9463,12.0100,92.5400,0.0000,0.0000,0.8593,0
982,06:56:48.463,ROI,160,160,224,224,12.93,107.72,7.65,0.0,9.28,668.93,288.79,668.16,288.72,91.89,90.75,87.23,92.35,92.67,101.26,0.8792,11.5300,91.8900,0.0000,0.0000,0.8405,0
983,06:56:48.511,ROI,160,160,224,224,9.80,33.98,23.425,37.025,29.43,668.18,288.27,668.12,286.60,93.03,91.12,91.26,92.16,91.17,101.56,0.9739,12.6100,93.0300,0.0000,0.0000,0.8692,0
984,06:56:48.575,ROI,160,160,224,224,10.32,58.68,7.2,0.0,17.04,668.74,284.74,668.08,284.09,93.91,91.65,90.82,92.46,92.04,101.77,0.9220,11.4500,93.9100,0.0000,0.0000,0.7673,0
985,06:56:48.640,ROI,160,160,224,224,10.05,57.25,7.35,0.0,17.47,667.45,282.57,667.84,281.89,94.20,92.33,96.33,93.75,87.89,100.88,0.9157,13.9100,94.2000,0.0000,0.0000,0.8539,0
986,06:56:48.687,ROI,160,160,224,224,15.00,44.66,10.825,0.0,22.39,666.05,278.30,667.14,279.14,92.35,92.56,104.16,97.37,88.21,102.34,0.8916,12.8900,92.3500,0.0000,0.0000,0.8812,0
987,06:56:48.750,ROI,160,160,224,224,9.96,52.47,8.15,0.0,19.06,665.26,276.66,666.56,276.74,92.98,92.80,103.55,99.37,90.83,103.98,0.9409,14.3300,92.9800,0.0000,0.0000,0.9059,0
988,06:56:48.864,ROI,160,160,224,224,9.95,103.92,7.625,0.0,9.62,664.90,271.56,666.01,273.42,94.20,93.34,99.42,99.68,89.87,106.13,0.8984,14.8600,94.2000,0.0000,0.0000,0.8872,0
989,06:56:48.928,ROI,160,160,224,224,11.52,59.52,7.275,0.0,16.80,666.07,266.86,665.70,269.57,95.19,93.98,94.58,99.24,86.87,101.95,0.8837,14.9300,95.1900,0.0000,0.0000,0.8612,0
990,06:56:48.991,ROI,160,160,224,224,11.21,55.27,15.375,0.0,18.09,665.40,264.99,665.30,266.52,96.52,94.96,97.47,99.39,85.79,97.55,0.9421,13.8800,96.5200,0.0000,0.0000,0.9050,0
991,06:56:49.039,ROI,160,160,224,224,12.08,40.03,21.925,0.0,24.98,665.83,261.03,665.14,263.30,93.42,95.20,92.90,97.89,89.98,100.93,0.8812,13.9700,93.4200,0.4300,87.8900,0.8727,0
992,06:56:49.103,ROI,160,160,224,224,10.85,55.92,15.275,0.0,17.88,665.63,259.28,665.03,260.33,93.81,95.24,92.18,96.28,87.93,96.70,0.9363,13.7600,93.8100,0.0000,0.0000,0.8999,0
993,06:56:49.166,ROI,160,160,224,224,9.74,51.06,15.275,0.0,19.58,666.54,256.10,665.08,257.28,93.56,95.00,88.94,94.85,87.33,96.63,0.9177,13.8000,93.5600,0.0000,0.0000,0.8628,0
994,06:56:49.215,ROI,160,160,224,224,17.31,48.75,20.45,21.35,20.51,666.10,254.85,665.22,254.47,92.15,94.59,87.24,92.08,88.20,97.15,0.9649,12.9800,92.1500,0.0000,0.0000,0.8689,0
995,06:56:49.343,ROI,160,160,224,224,12.17,116.38,3.55,0.0,8.59,665.78,249.21,665.33,250.93,93.79,94.49,88.26,90.11,89.82,101.88,0.8771,13.4800,93.7900,0.0000,0.0000,0.8750,0
996,06:56:49.391,ROI,160,160,224,224,11.09,39.47,22.6,0.0,25.33,665.84,245.35,665.42,247.12,94.02,94.44,88.66,88.75,88.83,97.08,0.9151,12.4800,94.0200,0.0000,0.0000,0.8204,0
997,06:56:49.455,ROI,160,160,224,224,11.76,57.05,14.875,0.0,17.53,664.52,243.11,664.98,243.71,93.08,94.24,97.26,90.70,90.12,97.58,0.9280,11.9000,93.0800,0.0000,0.0000,0.8332,0
998,06:56:49.503,ROI,160,160,224,224,13.13,39.84,22.575,0.0,25.10,664.53,241.24,664.72,240.85,92.83,93.91,95.30,91.30,91.70,99.53,0.9462,12.7100,92.8300,0.0000,0.0000,0.8545,0
999,06:56:49.568,ROI,160,160,224,224,11.42,55.52,15.075,0.0,18.01,664.94,238.24,664.66,237.91,92.20,93.25,91.16,90.55,89.45,99.22,0.9190,12.1000,92.2000,0.0000,0.0000,0.8292,0
1000,06:56:49.632,ROI,160,160,224,224,11.79,53.48,15.425,0.0,18.70,664.13,236.29,664.48,235.27,92.47,93.00,93.86,90.65,88.38,97.65,0.9440,11.9600,92.4700,0.0000,0.0000,0.8421,0
1001,06:56:49.679,ROI,160,160,224,224,9.16,35.25,22.575,0.0,28.37,664.55,233.45,664.34,232.52,91.39,92.40,92.85,91.16,88.54,99.22,0.9352,11.6500,91.3900,0.0000,0.0000,0.8239,0
1002,06:56:49.808,ROI,160,160,224,224,11.88,124.94,6.575,30.4,8.00,662.94,224.43,663.85,228.16,91.22,91.76,96.38,92.48,92.33,104.57,0.8048,12.0300,91.2200,0.0000,0.0000,0.8665,0
1003,06:56:49.854,ROI,160,160,224,224,9.30,35.27,11.65,0.0,28.36,662.59,223.34,663.38,224.51,92.79,91.68,97.32,93.59,92.78,103.04,0.9720,13.9100,92.7900,0.0000,0.0000,0.8910,0
1004,06:56:49.920,ROI,160,160,224,224,11.78,60.25,14.225,0.0,16.60,662.62,222.12,662.84,221.17,91.28,91.22,99.17,95.75,93.56,102.19,0.9684,13.9400,91.2800,0.0000,0.0000,0.9209,0
1005,06:56:49.983,ROI,160,160,224,224,9.23,49.22,7.7,0.0,20.32,662.55,218.26,662.55,217.77,89.73,90.41,94.90,95.85,93.31,103.85,0.9255,12.6900,89.7300,0.0000,0.0000,0.8591,0
1006,06:56:50.031,ROI,160,160,224,224,10.00,40.05,10.375,0.0,24.97,661.41,216.11,662.12,214.93,91.83,90.21,98.75,96.54,94.26,101.09,0.9365,14.1300,91.8300,0.0000,0.0000,0.9237,0
1007,06:56:50.094,ROI,160,160,224,224,9.50,55.37,14.825,0.0,18.06,664.07,213.47,662.39,212.20,88.32,89.17,84.20,93.59,89.12,102.16,0.8974,14.6400,88.3200,0.0000,0.0000,0.8867,0
1008,06:56:50.143,ROI,160,160,224,224,9.48,39.36,20.625,0.0,25.41,661.89,212.36,662.20,210.07,89.36,89.09,95.15,93.33,92.85,97.87,0.9149,15.0800,89.3600,0.0000,0.0000,0.9396,0
1009,06:56:50.272,ROI,160,160,224,224,9.50,122.67,6.575,0.0,8.15,661.85,207.32,662.00,207.23,91.85,89.43,94.07,93.53,90.71,100.03,0.8836,12.3400,91.8500,0.0000,0.0000,0.8519,0
1010,06:56:50.319,ROI,160,160,224,224,12.13,41.41,21.2,0.0,24.15,661.45,202.76,661.73,203.97,92.40,89.81,94.66,93.34,90.82,100.90,0.9053,12.2400,92.4000,0.0000,0.0000,0.8330,0
1011,06:56:50.383,ROI,160,160,224,224,9.57,52.50,15.275,0.0,19.05,659.85,200.01,661.01,200.73,91.30,89.98,102.57,96.42,91.83,100.31,0.9152,13.6800,91.3000,0.0000,0.0000,0.9116,0
1012,06:56:50.449,ROI,160,160,224,224,11.82,57.42,14.35,0.0,17.41,661.80,196.32,660.89,197.53,90.48,90.04,92.11,96.35,86.41,100.30,0.8760,11.8300,90.4800,0.0000,0.0000,0.8201,0
1013,06:56:50.495,ROI,160,160,224,224,11.65,39.59,23.35,0.0,25.26,661.15,195.22,660.67,194.68,90.92,90.20,94.46,96.75,88.55,99.23,0.9549,14.0300,90.9200,0.0000,0.0000,0.9206,0
1014,06:56:50.560,ROI,160,160,224,224,10.03,54.29,14.775,0.0,18.42,660.75,194.47,660.30,192.42,90.70,90.26,99.27,98.54,88.30,98.48,0.9760,13.7600,90.7000,0.0000,0.0000,0.9125,0
1015,06:56:50.623,ROI,160,160,224,224,9.21,54.79,14.9,0.0,18.25,661.33,191.13,660.22,189.88,91.79,90.59,91.86,97.77,86.62,97.73,0.9169,12.6200,91.7900,0.0000,0.0000,0.8519,0
1016,06:56:50.672,ROI,160,160,224,224,17.22,48.90,10.25,21.05,20.45,658.19,188.86,659.45,187.54,91.78,91.08,108.15,100.57,91.88,96.33,0.8910,12.0800,91.7800,0.0000,0.0000,0.8776,0
1017,06:56:50.783,ROI,160,160,224,224,11.06,96.19,4.225,0.0,10.40,662.00,184.07,659.90,184.46,91.87,91.55,81.71,95.77,90.57,98.90,0.8369,12.0800,91.8700,0.0000,0.0000,0.8269,0
1018,06:56:50.847,ROI,160,160,224,224,10.91,53.97,14.975,0.0,18.53,661.08,180.89,660.14,181.46,92.22,91.97,85.34,92.57,92.62,96.53,0.9171,11.5700,92.2200,0.3300,75.9100,0.8590,0
1019,06:56:50.912,ROI,160,160,224,224,9.30,54.74,14.85,37.6,18.27,660.24,179.27,660.09,178.95,91.55,92.08,91.17,91.56,90.10,96.88,0.9412,14.4800,91.5500,0.0000,0.0000,0.9175,0
1020,06:56:50.960,ROI,160,160,224,224,8.79,37.86,10.275,0.0,26.41,660.13,176.09,660.11,176.24,92.56,92.25,89.66,89.93,90.23,95.28,0.9335,13.3100,92.5600,0.0000,0.0000,0.8664,0
1021,06:56:51.024,ROI,160,160,192,192,11.29,58.89,14.6,0.0,16.98,660.85,173.64,660.31,173.71,91.56,92.34,85.36,87.65,88.31,94.30,0.9297,12.8100,91.5600,0.0000,0.0000,0.8185,0
1022,06:56:51.087,ROI,160,160,192,192,10.21,52.88,15.125,0.0,18.91,661.52,170.67,660.71,171.01,91.48,92.34,81.66,84.77,87.56,93.10,0.9248,13.6600,91.4800,0.0000,0.0000,0.8549,0
1023,06:56:51.135,ROI,160,160,192,192,7.97,38.46,21.575,0.0,26.00,661.97,169.52,661.10,168.73,92.05,92.48,80.31,82.26,87.55,91.61,0.9655,12.9300,92.0500,0.0000,0.0000,0.8869,0
1024,06:56:51.265,ROI,160,160,192,192,12.80,128.60,6.425,0.0,7.78,662.25,165.27,661.52,165.81,93.12,92.98,81.73,80.84,88.52,92.68,0.9021,14.6500,93.1200,0.0000,0.0000,0.8630,0
1025,06:56:51.310,ROI,160,160,192,192,8.40,30.96,12.4,0.0,32.30,661.81,162.76,661.77,163.15,93.40,93.33,84.60,80.56,87.50,90.76,0.9360,12.2900,93.4000,0.0000,0.0000,0.8394,0
1026,06:56:51.375,ROI,160,160,192,192,10.27,57.30,0.0,0.0,17.45,661.90,158.95,661.97,160.29,93.01,93.44,86.08,81.01,85.50,88.49,0.8981,13.0200,93.0100,0.0000,0.0000,0.8394,0
1027,06:56:51.423,ROI,160,160,192,192,13.83,45.98,21.125,25.425,21.75,661.32,157.84,662.06,157.82,92.44,93.39,87.91,81.38,83.95,89.20,0.9580,12.5700,92.4400,0.0000,0.0000,0.9025,0
1028,06:56:51.488,ROI,160,160,192,192,9.41,52.95,7.875,0.0,18.89,660.83,154.25,661.98,154.99,92.49,93.32,91.62,82.93,84.90,90.50,0.9128,12.2300,92.4900,0.0000,0.0000,0.8759,0
1029,06:56:51.551,ROI,160,160,192,192,9.86,54.83,14.825,0.0,18.24,661.13,153.27,661.91,152.58,92.77,93.33,91.73,84.83,83.69,90.41,0.9647,13.2800,92.7700,0.0000,0.0000,0.8832,0
1030,06:56:51.664,ROI,160,160,192,192,12.87,109.12,7.675,0.0,9.16,660.54,148.78,661.70,149.52,91.95,93.04,93.79,87.01,80.71,89.63,0.8741,13.7700,91.9500,0.0000,0.0000,0.8992,0
1031,06:56:51.727,ROI,160,160,192,192,10.04,53.49,7.875,0.0,18.69,660.76,145.88,661.49,146.33,91.41,92.69,93.83,89.17,81.04,86.51,0.9316,11.8900,91.4100,0.0000,0.0000,0.8551,0
1032,06:56:51.775,ROI,160,160,192,192,16.07,47.41,21.2,46.0,21.09,661.26,143.43,661.52,143.76,92.77,92.73,89.32,89.68,79.96,82.69,0.9313,11.3800,92.7700,0.0000,0.0000,0.8599,0
1033,06:56:51.839,ROI,160,160,192,192,9.65,47.66,8.275,0.0,20.98,660.22,141.18,661.28,141.21,91.45,92.23,95.40,91.65,77.14,80.26,0.9132,12.3000,91.4500,0.0000,0.0000,0.8804,0
1034,06:56:51.903,ROI,160,160,192,192,9.25,57.43,14.475,0.0,17.41,661.26,139.14,661.32,138.68,94.05,92.55,89.14,91.51,79.19,83.33,0.9266,11.5100,94.0500,0.0000,0.0000,0.8602,0
1035,06:56:51.952,ROI,160,160,192,192,11.31,43.51,20.25,0.0,22.98,660.99,138.62,661.26,136.78,93.20,92.73,91.81,92.36,79.70,83.83,0.9808,12.0400,93.2000,0.0000,0.0000,0.8829,0
1036,06:56:52.065,ROI,160,160,192,192,9.64,102.45,7.775,0.0,9.76,661.09,133.80,661.31,134.16,92.93,92.63,88.77,91.91,79.43,84.19,0.8887,12.9300,92.9300,0.0000,0.0000,0.8466,0
1037,06:56:52.127,ROI,160,160,192,192,12.60,59.15,7.475,0.0,16.91,661.12,130.98,661.11,131.45,93.68,93.05,94.31,94.24,80.08,82.46,0.9274,12.2100,93.6800,0.0000,0.0000,0.8668,0
1038,06:56:52.192,ROI,160,160,192,192,10.91,52.77,23.1,0.0,18.95,661.97,129.60,661.28,128.88,93.18,93.26,86.30,93.40,79.34,84.25,0.9474,12.5400,93.1800,0.0000,0.0000,0.8532,0
1039,06:56:52.240,ROI,160,160,192,192,9.39,40.01,21.525,0.0,24.99,660.41,127.72,660.98,126.61,94.23,93.53,97.37,95.63,79.38,85.74,0.9204,12.0400,94.2300,0.0000,0.0000,0.8710,0
1040,06:56:52.303,ROI,160,160,192,192,14.45,59.97,14.825,0.0,16.68,660.04,125.68,660.64,124.60,94.69,93.80,99.80,98.13,78.32,84.32,0.9407,13.7600,94.6900,0.0000,0.0000,0.9048,0
1041,06:56:52.367,ROI,160,160,192,192,9.20,51.53,8.05,0.0,19.40,659.70,123.42,660.38,122.62,94.78,94.12,97.27,98.75,80.30,86.76,0.9253,11.7900,94.7800,0.0000,0.0000,0.8651,0
1042,06:56:52.414,ROI,160,160,192,192,8.19,40.49,20.575,41.075,24.70,659.89,122.16,660.06,121.04,96.96,95.04,101.51,101.01,77.84,85.12,0.9416,10.4600,96.9600,0.0000,0.0000,0.8352,0
1043,06:56:52.546,ROI,160,160,192,192,10.32,125.22,3.2,0.0,7.99,660.25,117.57,659.91,118.69,95.51,95.44,93.58,100.54,77.04,85.16,0.8889,14.4500,95.5100,0.0000,0.0000,0.8905,0
1044,06:56:52.594,ROI,160,160,192,192,10.47,39.86,21.25,0.0,25.09,660.64,116.34,659.93,116.46,93.79,95.35,89.65,98.37,77.14,84.20,0.9617,14.8900,93.7900,0.0000,0.0000,0.9080,0
1045,06:56:52.657,ROI,160,160,192,192,8.66,55.56,7.55,0.0,18.00,660.16,113.13,659.77,114.01,93.20,95.02,93.69,97.85,76.42,83.30,0.9151,14.7900,93.2000,0.0000,0.0000,0.8734,0
1046,06:56:52.703,ROI,160,160,192,192,10.01,38.71,11.025,0.0,25.84,659.80,111.12,659.84,111.57,92.77,94.59,88.23,94.12,76.14,81.71,0.9435,16.3800,92.7700,0.0000,0.0000,0.8955,0
1047,06:56:52.768,ROI,160,160,192,192,10.40,58.91,14.575,0.0,16.97,659.56,108.67,659.58,109.25,93.74,94.46,96.47,94.85,73.46,81.53,0.9096,14.9700,93.7400,0.0000,0.0000,0.8306,0
1048,06:56:52.831,ROI,160,160,192,192,13.08,54.99,15.225,0.0,18.19,659.76,107.41,659.48,107.27,91.67,93.75,92.91,94.27,75.98,82.86,0.9379,15.2700,91.6700,0.0000,0.0000,0.9062,0
1049,06:56:52.879,ROI,160,160,192,192,11.93,37.29,23.15,0.0,26.82,660.01,105.00,659.56,105.12,91.54,93.14,87.89,91.84,74.70,82.52,0.9277,13.8300,91.5400,0.0000,0.0000,0.8424,0
1050,06:56:53.007,ROI,160,160,192,192,12.37,122.88,6.725,0.0,8.14,659.54,101.35,659.57,102.63,91.76,92.59,89.79,90.15,74.26,81.62,0.9040,13.1100,91.7600,0.0000,0.0000,0.8547,0
1051,06:56:53.056,ROI,160,160,192,192,11.63,40.36,22.575,0.0,24.78,659.95,99.27,659.67,100.19,92.84,92.48,87.60,88.38,74.41,81.67,0.9404,13.7400,92.8400,0.0000,0.0000,0.8183,0
1052,06:56:53.118,ROI,160,160,192,192,9.78,52.30,15.7,35.225,19.12,659.54,98.27,659.62,98.12,92.12,92.23,91.30,88.20,73.87,80.52,0.9649,13.9500,92.1200,0.0000,0.0000,0.8498,0
1053,06:56:53.183,ROI,160,160,192,192,11.57,58.85,7.3,0.0,16.99,660.19,94.84,659.72,95.55,91.91,91.95,87.79,87.45,72.80,80.28,0.9028,13.5500,91.9100,0.0000,0.0000,0.7927,0
1054,06:56:53.233,ROI,160,160,192,192,11.84,41.22,10.4,0.0,24.26,659.88,92.20,659.69,93.02,92.70,91.83,90.62,87.70,72.40,80.84,0.9287,14.5600,92.7000,0.0000,0.0000,0.8326,0
1055,06:56:53.294,ROI,160,160,192,192,8.74,49.42,8.125,0.0,20.23,660.24,89.42,659.79,90.36,92.34,91.61,88.01,87.25,73.60,81.68,0.9192,13.9400,92.3400,0.0000,0.0000,0.8528,0
1056,06:56:53.346,ROI,160,160,192,192,14.82,50.62,9.275,0.0,19.75,659.92,87.66,659.76,87.99,92.77,91.56,90.60,87.64,73.33,83.03,0.9500,14.1400,92.7700,0.0000,0.0000,0.8769,0
1057,06:56:53.471,ROI,160,160,192,192,13.63,117.96,3.55,26.35,8.48,659.44,83.68,659.65,85.05,93.39,91.74,92.13,88.44,74.21,79.32,0.8957,15.7200,93.3900,0.0000,0.0000,0.8761,0
1058,06:56:53.520,ROI,160,160,160,160,12.85,39.56,11.45,0.0,25.28,658.67,81.80,659.40,82.37,88.02,90.50,95.44,89.83,72.77,80.78,0.9349,10.6600,88.0200,0.0000,0.0000,0.8521,0
1059,06:56:53.583,ROI,160,160,192,192,11.73,51.23,15.85,0.0,19.52,659.32,81.11,659.33,80.02,91.87,90.44,91.67,90.12,72.90,79.60,0.9657,15.4700,91.8700,0.0000,0.0000,0.9096,0
1060,06:56:53.630,ROI,160,160,160,160,15.30,43.04,11.2,23.8,23.24,658.26,79.42,659.05,77.99,89.61,89.91,97.80,91.85,72.93,82.73,0.9323,9.7800,89.6100,0.0000,0.0000,0.8166,0
1061,06:56:53.694,ROI,160,160,192,192,11.89,51.31,8.25,0.0,19.49,658.50,77.32,658.87,76.03,90.11,89.71,95.17,92.64,74.15,82.01,0.9350,13.4100,90.1100,0.0000,0.0000,0.8775,0
1062,06:56:53.760,ROI,160,160,192,192,13.29,57.86,14.875,26.9,17.28,658.53,76.40,658.69,74.43,90.09,89.49,96.44,94.08,73.14,80.96,0.9646,12.8000,90.0900,0.0000,0.0000,0.8462,0
1063,06:56:53.808,ROI,160,160,192,192,8.37,34.77,11.375,0.0,28.76,658.34,73.45,658.59,72.58,91.31,89.83,93.27,94.02,71.41,81.05,0.9085,11.8100,91.3100,0.0000,0.0000,0.8468,0
1064,06:56:53.935,ROI,160,160,192,192,9.97,121.67,3.35,0.0,8.22,656.79,67.82,658.02,69.78,92.50,90.29,101.47,96.65,69.97,76.78,0.8317,13.5600,92.5000,0.0000,0.0000,0.8430,0
1065,06:56:53.983,ROI,160,160,160,160,11.94,41.88,10.45,0.0,23.88,657.42,66.86,657.72,67.22,88.43,89.74,96.72,97.54,72.08,79.54,0.9370,11.9900,88.4300,0.0000,0.0000,0.8656,0
1066,06:56:54.048,ROI,160,160,160,160,11.66,53.92,7.575,0.0,18.54,658.06,63.77,657.62,64.67,89.08,89.52,92.13,97.42,67.97,76.24,0.8719,10.6500,89.0800,0.0000,0.0000,0.8336,0
1067,06:56:54.110,ROI,160,160,160,160,10.19,53.54,15.75,0.0,18.68,658.35,62.48,657.62,62.50,91.55,89.98,90.11,96.37,66.66,77.12,0.9487,8.1200,91.5500,0.0000,0.0000,0.7349,0
1068,06:56:54.158,ROI,160,160,160,160,10.34,38.26,21.15,0.0,26.14,658.26,58.89,657.51,59.93,91.76,90.54,92.52,96.83,65.27,76.54,0.8925,9.8200,91.7600,0.0000,0.0000,0.8094,0
1069,06:56:54.224,ROI,160,160,160,160,12.75,59.67,14.225,0.0,16.76,658.07,57.97,657.47,57.73,91.18,90.84,90.83,95.94,67.12,76.98,0.9496,9.3400,91.1800,0.0000,0.0000,0.7823,0
1070,06:56:54.272,ROI,160,160,160,160,10.89,37.67,22.6,0.0,26.55,657.37,56.23,657.31,55.65,92.28,91.37,94.50,95.75,69.20,77.22,0.9277,9.4800,92.2800,0.0000,0.0000,0.7565,0
1071,06:56:54.400,ROI,160,160,160,160,12.74,122.22,6.725,0.0,8.18,658.88,53.29,657.62,53.36,92.72,91.93,82.26,92.36,66.45,74.23,0.8857,11.2900,92.7200,0.0000,0.0000,0.7860,0
1072,06:56:54.448,ROI,160,160,160,160,10.16,38.00,23.05,0.0,26.32,658.66,51.46,657.85,51.07,90.27,91.54,84.27,89.34,66.28,74.55,0.9458,10.9700,90.2700,0.0000,0.0000,0.8419,0
1073,06:56:54.511,ROI,160,160,160,160,11.18,55.94,14.9,0.0,17.88,658.18,50.03,657.91,49.18,89.39,90.99,88.09,88.16,66.51,73.78,0.9486,10.5700,89.3900,0.0000,0.0000,0.8453,0
1074,06:56:54.574,ROI,160,160,160,160,11.16,55.04,15.15,0.0,18.17,657.77,47.50,657.83,47.09,90.29,90.83,92.26,88.56,67.29,73.10,0.9224,9.6600,90.2900,0.0000,0.0000,0.7724,0
1075,06:56:54.624,ROI,160,160,160,160,12.64,42.03,20.875,0.0,23.79,658.03,47.41,657.87,45.62,91.85,91.13,88.65,87.63,65.60,73.32,0.9720,11.7300,91.8500,0.0000,0.0000,0.8043,0
1076,06:56:54.686,ROI,160,160,160,160,13.32,54.00,7.975,0.0,18.52,657.45,46.84,657.78,44.47,92.70,91.64,94.15,88.76,67.59,76.37,0.9318,10.3300,92.7000,0.0000,0.0000,0.7712,0
1077,06:56:54.751,ROI,160,160,160,160,9.71,54.46,15.35,0.0,18.36,658.11,46.31,657.92,43.63,93.60,92.21,80.66,85.50,64.78,75.42,0.9452,10.7100,93.6000,0.0000,0.0000,0.7475,0
1078,06:56:54.864,ROI,160,160,160,160,10.18,103.75,7.7,0.0,9.64,658.65,44.25,658.18,42.54,92.70,92.61,76.46,81.76,64.50,76.40,0.9319,11.4600,92.7000,0.0000,0.0000,0.8463,0
1079,06:56:54.928,ROI,160,160,160,160,11.70,56.60,14.75,0.0,17.67,658.41,44.04,658.33,41.78,92.05,92.79,78.92,79.64,64.07,73.98,0.9611,11.2600,92.0500,0.0000,0.0000,0.8360,0
1080,06:56:54.974,ROI,160,160,160,160,9.86,36.33,22.875,0.0,27.52,658.10,43.43,658.42,41.30,92.04,92.93,79.40,77.93,64.81,74.63,0.9725,11.5300,92.0400,0.0000,0.0000,0.8392,0
1081,06:56:55.039,ROI,160,160,160,160,11.33,58.36,14.45,0.0,17.13,657.83,43.19,658.39,41.05,91.94,92.91,96.17,81.26,65.71,75.24,0.9783,11.4100,91.9400,0.0000,0.0000,0.8471,0
1082,06:56:55.104,ROI,160,160,160,160,12.97,57.58,7.45,27.9,17.37,657.96,43.86,658.43,41.09,93.41,93.29,-46.34,46.54,63.83,76.20,0.9548,11.7400,93.4100,0.0000,0.0000,0.8048,0
1083,06:56:55.151,ROI,160,160,160,160,10.51,36.24,23.375,0.0,27.60,657.87,43.90,658.37,41.39,92.52,93.37,-100.94,2.51,63.79,76.18,0.9961,11.7300,92.5200,0.0000,0.0000,0.8116,0
1084,06:56:55.263,ROI,160,160,160,160,10.60,104.15,7.775,0.0,9.60,657.79,43.73,658.30,41.80,92.60,93.35,-100.14,-35.17,63.71,75.89,0.9930,11.9000,92.6000,0.0000,0.0000,0.8133,0
1085,06:56:55.328,ROI,160,160,160,160,11.93,56.96,7.3,0.0,17.56,657.74,43.71,658.16,42.34,93.08,93.42,-104.59,-67.83,64.02,75.67,0.9923,11.7200,93.0800,0.0000,0.0000,0.8073,0
1086,06:56:55.390,ROI,160,160,160,160,13.84,56.81,7.9,26.45,17.60,657.75,43.57,658.02,42.85,92.74,93.27,-104.87,-95.04,63.82,75.27,0.9916,12.0500,92.7400,0.0000,0.0000,0.8041,0
1087,06:56:55.440,ROI,160,160,160,160,10.95,39.81,11.275,0.0,25.12,657.86,44.01,657.94,43.66,92.93,93.04,-96.07,-114.75,64.12,76.03,0.9838,11.6100,92.9300,0.0000,0.0000,0.8165,0
1088,06:56:55.504,ROI,160,160,160,160,10.01,55.66,14.9,0.0,17.97,657.85,43.90,657.90,44.43,92.97,93.26,-92.64,-129.30,64.03,75.83,0.9957,11.6400,92.9700,0.0000,0.0000,0.8102,0
1089,06:56:55.569,ROI,160,160,160,160,11.97,59.38,14.45,0.0,16.84,657.75,43.94,657.77,45.04,92.91,93.12,-102.34,-142.02,64.20,75.96,0.9952,11.6000,92.9100,0.0000,0.0000,0.8138,0
1090,06:56:55.616,ROI,160,160,160,160,11.18,37.02,22.725,32.225,27.01,657.81,43.98,657.74,45.52,92.92,93.16,-93.75,-149.02,64.11,75.94,0.9971,11.5000,92.9200,0.0000,0.0000,0.8153,0
1091,06:56:55.744,ROI,160,160,160,160,10.99,117.30,3.375,0.0,8.52,657.79,43.81,657.68,45.85,92.87,93.14,-100.62,-154.36,63.91,75.37,0.9894,11.6500,92.8700,0.0000,0.0000,0.8125,0
1092,06:56:55.792,ROI,160,160,160,160,11.37,40.33,10.8,0.0,24.79,657.80,43.84,657.61,45.93,92.95,93.15,-129.37,-164.26,63.87,75.48,0.9979,11.8700,92.9500,0.0000,0.0000,0.8160,0
1093,06:56:55.857,ROI,160,160,160,160,11.98,57.16,14.625,0.0,17.50,657.87,44.12,657.57,45.99,93.00,93.07,-120.13,-167.70,63.88,76.15,0.9890,11.6900,93.0000,0.0000,0.0000,0.8037,0
1094,06:56:55.920,ROI,160,160,160,160,10.29,53.70,15.7,0.0,18.62,657.85,44.22,657.68,46.25,92.80,92.79,-68.06,-155.24,64.23,76.22,0.9919,11.4800,92.8000,0.0000,0.0000,0.8103,0
1095,06:56:55.967,ROI,160,160,160,160,11.41,39.27,0.0,0.0,25.46,658.20,44.60,657.85,46.41,92.94,92.92,-43.11,-135.18,64.03,76.06,0.9794,10.9200,92.9400,0.0000,0.0000,0.8026,0
1096,06:56:56.031,ROI,160,160,160,160,11.85,55.89,7.55,0.0,17.89,657.91,44.11,657.88,46.41,92.61,92.96,2.82,-103.08,66.12,76.20,0.9562,10.8000,92.6100,0.0000,0.0000,0.8149,0
1097,06:56:56.096,ROI,160,160,160,160,11.23,53.75,15.3,0.0,18.60,658.02,45.59,657.92,46.64,93.47,93.05,-80.95,-95.11,64.98,74.10,0.9449,10.4600,93.4700,0.0000,0.0000,0.7531,0
1098,06:56:56.142,ROI,160,160,160,160,8.84,36.97,22.5,0.0,27.05,657.06,45.96,657.70,46.98,92.14,92.75,-122.53,-97.84,67.50,76.13,0.9370,10.6500,92.1400,0.0000,0.0000,0.7855,0
1099,06:56:56.271,ROI,160,160,160,160,11.43,124.66,6.575,0.0,8.02,657.65,47.97,657.69,47.64,92.57,92.64,-91.53,-90.69,66.48,75.75,0.9323,11.9600,92.5700,0.0000,0.0000,0.8214,0
1100,06:56:56.319,ROI,160,160,160,160,7.77,32.68,22.0,46.95,30.60,658.29,50.30,657.91,48.72,92.22,92.35,-78.07,-80.30,66.22,74.95,0.9226,11.5000,92.2200,0.0000,0.0000,0.8418,0
1101,06:56:56.383,ROI,160,160,160,160,10.42,58.64,7.025,0.0,17.05,658.23,51.17,657.98,49.89,90.52,91.59,-86.92,-71.88,67.86,75.47,0.9537,11.6500,90.5200,0.0000,0.0000,0.8616,0
1102,06:56:56.430,ROI,160,160,160,160,10.26,39.21,21.5,0.0,25.50,658.20,52.35,658.02,51.17,90.35,91.08,-88.01,-64.52,66.14,74.34,0.9446,11.0200,90.3500,0.0000,0.0000,0.8501,0
1103,06:56:56.495,ROI,160,160,160,160,11.84,57.69,14.75,0.0,17.33,657.58,54.46,657.92,52.75,91.57,91.11,-93.56,-59.96,68.37,75.36,0.9150,9.9300,91.5700,0.0000,0.0000,0.8134,0
1104,06:56:56.559,ROI,160,160,160,160,9.82,54.66,15.2,0.0,18.30,658.55,55.05,658.13,54.31,90.79,90.94,-82.58,-54.10,69.55,75.83,0.9574,9.9000,90.7900,0.0000,0.0000,0.7731,0
1105,06:56:56.607,ROI,160,160,160,160,10.37,37.84,20.825,0.0,26.43,657.67,58.35,658.05,56.38,91.34,90.88,-92.02,-52.43,68.19,78.24,0.8959,8.7700,91.3400,0.0000,0.0000,0.7648,0
1106,06:56:56.735,ROI,160,160,160,160,16.24,128.23,6.65,22.825,7.80,658.15,61.92,658.17,58.97,91.74,90.90,-87.40,-52.06,66.84,77.46,0.8949,10.4100,91.7400,0.0000,0.0000,0.7816,0
1107,06:56:56.783,ROI,160,160,160,160,15.11,36.68,12.9,24.5,27.27,658.10,63.73,658.21,61.54,89.73,90.31,-89.04,-53.43,68.80,76.66,0.9277,9.6600,89.7300,0.0000,0.0000,0.8139,0
1108,06:56:56.847,ROI,160,160,160,160,12.90,53.26,8.15,0.0,18.78,658.08,67.22,658.19,64.66,88.75,89.61,-90.48,-57.36,70.53,78.53,0.8922,10.4900,88.7500,0.0000,0.0000,0.8655,0
1109,06:56:56.911,ROI,160,160,160,160,11.77,56.36,15.525,0.0,17.74,658.45,68.11,658.26,67.42,89.74,89.36,-88.50,-63.80,70.73,78.50,0.9675,11.1900,89.7400,0.0000,0.0000,0.8676,0
1110,06:56:56.958,ROI,160,160,160,160,13.78,39.72,22.525,26.15,25.18,658.62,71.94,658.38,70.67,90.90,89.49,-87.93,-73.40,72.40,81.40,0.8882,11.5000,90.9000,0.0000,0.0000,0.8324,0
1111,06:56:57.023,ROI,160,160,192,192,12.54,54.42,7.825,0.0,18.38,658.32,73.37,658.41,73.66,90.83,89.66,-89.28,-88.67,71.58,80.77,0.9546,11.9800,90.8300,0.0000,0.0000,0.8576,0
1112,06:56:57.087,ROI,160,160,192,192,10.63,53.27,15.45,0.0,18.77,658.38,76.48,658.44,76.77,89.75,89.44,-89.44,-94.08,73.13,81.62,0.9073,13.3000,89.7500,0.0000,0.0000,0.8839,0
1113,06:56:57.135,ROI,160,160,192,192,10.79,38.46,10.825,0.0,26.00,658.36,77.76,658.46,79.50,90.43,89.53,-89.62,-95.11,74.35,82.73,0.9534,13.4300,90.4300,0.0000,0.0000,0.9039,0
1114,06:56:57.264,ROI,160,160,192,192,12.28,121.49,3.325,0.0,8.23,659.42,81.40,658.76,82.52,91.51,89.93,-84.45,-94.58,73.55,79.42,0.8893,16.0500,91.5100,0.0000,0.0000,0.9023,0
1115,06:56:57.312,ROI,160,160,160,160,15.73,42.57,11.275,0.0,23.49,658.86,81.60,658.86,84.85,88.02,89.36,-87.36,-94.27,73.42,81.59,0.9589,10.0000,88.0200,0.0000,0.0000,0.8368,0
1116,06:56:57.374,ROI,160,160,192,192,11.31,48.23,8.55,0.0,20.73,659.25,83.59,659.05,87.06,91.79,89.90,-85.12,-92.98,74.26,80.28,0.9416,15.3700,91.7900,0.0000,0.0000,0.8754,0
1117,06:56:57.423,ROI,160,160,192,192,10.25,39.16,21.425,0.0,25.53,659.46,85.20,659.25,88.98,94.22,91.04,-84.06,-91.97,74.18,80.17,0.9554,15.9800,94.2200,0.0000,0.0000,0.9061,0
1118,06:56:57.487,ROI,160,160,192,192,11.10,58.00,14.8,0.0,17.24,659.98,87.94,659.55,91.00,93.44,91.83,-81.48,-90.53,73.58,83.39,0.9225,14.6100,93.4400,0.0000,0.0000,0.8931,0
1119,06:56:57.551,ROI,160,160,192,192,9.77,52.71,15.15,0.0,18.97,660.21,89.14,659.87,92.67,92.94,92.40,-79.24,-87.59,74.26,82.40,0.9628,14.4900,92.9400,0.0000,0.0000,0.8895,0
1120,06:56:57.665,ROI,160,160,192,192,21.89,118.58,7.6,0.0,8.43,659.48,94.27,659.94,95.08,92.46,92.77,-88.45,-87.80,73.48,79.87,0.8646,14.2200,92.4600,0.0000,0.0000,0.8210,0
1121,06:56:57.728,ROI,160,160,160,160,17.30,47.32,9.8,21.4,21.13,660.32,96.88,660.20,97.49,90.57,92.58,-83.84,-85.82,72.44,79.94,0.9162,12.2300,90.5700,0.0000,0.0000,0.8809,0
1122,06:56:57.777,ROI,160,160,160,160,19.49,42.01,12.7,19.125,23.81,658.99,98.20,660.06,99.58,91.05,92.51,-93.88,-83.31,74.26,81.69,0.9337,10.5900,91.0500,0.0000,0.0000,0.8308,0
1123,06:56:57.841,ROI,160,160,192,192,22.52,58.23,8.925,16.625,17.17,659.69,100.32,660.09,101.57,94.23,93.25,-88.96,-78.98,72.78,79.97,0.9303,15.2900,94.2300,0.0000,0.0000,0.8698,0
1124,06:56:57.903,ROI,160,160,160,160,14.11,45.15,0.0,25.725,22.15,660.42,103.36,660.30,103.76,92.32,93.38,-84.64,-77.63,76.24,82.57,0.8865,12.1000,92.3200,0.0000,0.0000,0.8697,0
1125,06:56:57.952,ROI,160,160,192,192,14.42,41.73,11.4,0.0,23.96,659.10,104.46,660.08,105.62,91.91,93.32,-96.80,-82.32,73.27,81.98,0.9360,16.3100,91.9100,0.0000,0.0000,0.8833,0
1126,06:56:58.081,ROI,160,160,192,192,21.43,126.74,6.9,17.375,7.89,660.33,108.63,660.20,108.11,91.60,93.17,-87.05,-89.62,75.24,80.71,0.8746,16.6200,91.6000,0.0000,0.0000,0.9079,0
1127,06:56:58.127,ROI,160,160,192,192,13.72,30.04,32.375,25.425,33.29,659.95,111.31,660.19,110.63,92.43,93.11,-90.44,-91.65,75.82,82.01,0.9271,15.7400,92.4300,0.0000,0.0000,0.9275,0
1128,06:56:58.193,ROI,160,160,192,192,11.22,53.17,0.0,0.0,18.81,659.97,112.04,660.25,112.78,92.91,93.22,-88.38,-89.12,74.48,79.66,0.9543,17.0000,92.9100,0.0000,0.0000,0.9358,0
1129,06:56:58.255,ROI,160,160,160,160,9.91,49.50,15.7,0.0,20.20,661.24,114.90,660.59,115.06,93.12,93.28,-81.44,-86.99,72.91,79.36,0.9002,11.3200,93.1200,0.0000,0.0000,0.8195,0
1130,06:56:58.303,ROI,160,160,160,160,14.26,44.32,10.3,0.0,22.56,660.18,116.14,660.54,116.98,92.43,93.09,-91.42,-88.95,72.53,81.15,0.9422,10.7200,92.4300,0.0000,0.0000,0.8222,0
1131,06:56:58.368,ROI,160,160,192,192,11.35,54.41,8.025,0.0,18.38,659.96,119.89,660.42,119.38,94.85,93.67,-92.81,-90.49,77.51,84.35,0.8560,15.0200,94.8500,0.0000,0.0000,0.9138,0
1132,06:56:58.416,ROI,160,160,192,192,12.55,41.10,21.275,28.75,24.33,659.60,120.94,660.21,121.51,95.88,94.43,-95.82,-92.55,77.46,85.78,0.9665,13.7300,95.8800,0.0000,0.0000,0.8935,0
1133,06:56:58.544,ROI,160,160,192,192,12.26,119.74,0.0,0.0,8.35,660.07,125.12,660.18,124.16,95.96,94.98,-90.46,-92.38,77.66,85.76,0.8967,14.2400,95.9600,0.0000,0.0000,0.8658,0
1134,06:56:58.592,ROI,160,160,192,192,10.23,37.32,22.475,0.0,26.80,660.60,126.31,660.22,126.64,92.28,94.50,-89.20,-92.75,79.43,85.99,0.9515,13.8100,92.2800,0.0000,0.0000,0.9176,0
1135,06:56:58.655,ROI,160,160,192,192,10.23,54.07,7.4,0.0,18.49,661.62,129.59,660.59,129.32,95.22,94.75,-82.22,-90.44,78.79,83.77,0.9028,13.3600,95.2200,0.0000,0.0000,0.8813,0
1136,06:56:58.719,ROI,160,160,192,192,10.90,55.31,7.5,0.0,18.08,660.82,131.53,660.66,131.76,94.06,94.56,-88.27,-90.30,80.23,83.98,0.9361,13.2600,94.0600,0.0000,0.0000,0.9076,0
1137,06:56:58.767,ROI,160,160,192,192,16.00,44.78,21.5,0.0,22.33,661.01,134.00,660.78,134.26,94.09,94.52,-87.31,-89.75,79.49,83.45,0.9342,13.5800,94.0900,0.0000,0.0000,0.8740,0
1138,06:56:58.831,ROI,160,160,192,192,14.81,51.48,8.25,25.125,19.42,661.08,135.18,660.91,136.32,92.13,94.07,-86.41,-88.82,79.39,84.84,0.9706,13.4800,92.1300,0.0000,0.0000,0.9095,0
1139,06:56:58.896,ROI,160,160,192,192,10.22,53.41,8.0,0.0,18.72,661.11,138.92,661.00,138.88,93.69,94.02,-87.95,-88.48,79.99,84.44,0.9086,13.2300,93.6900,0.0000,0.0000,0.8812,0
1140,06:56:58.943,ROI,160,160,192,192,12.16,39.29,21.575,0.0,25.45,660.00,139.09,660.77,140.70,92.91,93.67,-97.11,-90.58,77.44,81.91,0.9390,13.1000,92.9100,0.0000,0.0000,0.9080,0
1141,06:56:59.056,ROI,160,160,192,192,10.05,101.09,7.85,0.0,9.89,660.92,145.95,660.84,143.81,93.17,93.43,-88.65,-90.00,80.95,88.74,0.8156,12.8100,93.1700,0.0000,0.0000,0.8723,0
1142,06:56:59.119,ROI,160,160,192,192,12.27,57.95,22.475,28.95,17.26,661.85,148.12,661.16,146.68,93.10,93.31,-83.69,-88.04,80.22,86.82,0.9306,12.0400,93.1000,0.0000,0.0000,0.8548,0
1143,06:56:59.183,ROI,160,160,192,192,10.89,52.19,7.725,0.0,19.16,660.81,149.06,661.18,149.15,90.30,92.45,-89.44,-87.69,81.53,87.79,0.9541,11.7200,90.3000,0.0000,0.0000,0.9149,0
1144,06:56:59.231,ROI,160,160,192,192,8.71,36.45,21.275,0.0,27.43,661.64,151.38,661.35,151.42,91.68,92.00,-85.96,-86.85,82.73,90.88,0.9305,12.6700,91.6800,0.0000,0.0000,0.8760,0
1145,06:56:59.296,ROI,160,160,192,192,10.59,59.07,14.275,0.0,16.93,662.88,154.16,661.86,153.94,92.29,92.12,-78.48,-83.90,84.83,90.31,0.9139,11.8600,92.2900,0.0000,0.0000,0.8326,0
1146,06:56:59.358,ROI,160,160,192,192,14.50,59.36,7.6,25.275,16.85,661.53,154.58,661.92,155.94,91.35,91.76,-88.13,-84.06,82.76,88.02,0.9438,12.2900,91.3500,0.0000,0.0000,0.8885,0
1147,06:56:59.407,ROI,160,160,192,192,9.00,34.50,11.775,0.0,28.98,662.16,159.82,662.13,158.82,92.42,91.53,-85.96,-83.80,85.52,90.82,0.8616,12.7900,92.4200,0.0000,0.0000,0.9161,0
1148,06:56:59.534,ROI,160,160,192,192,13.76,125.40,3.325,26.175,7.97,662.47,163.45,662.33,161.94,93.90,91.75,-86.36,-84.07,87.59,90.46,0.9021,13.3300,93.9000,0.0000,0.0000,0.8747,0
1149,06:56:59.583,ROI,160,160,192,192,8.33,32.89,11.75,0.0,30.41,661.52,164.24,662.20,164.68,93.54,91.88,-92.58,-86.40,88.33,90.52,0.9620,12.3300,93.5400,0.0000,0.0000,0.8886,0
1150,06:56:59.647,ROI,160,160,192,192,12.04,61.36,14.25,0.0,16.30,662.52,168.72,662.40,167.70,94.07,92.18,-86.29,-86.22,87.58,92.92,0.8874,13.9100,94.0700,0.0000,0.0000,0.8277,0
1151,06:56:59.711,ROI,160,160,192,192,11.37,54.30,15.225,0.0,18.42,661.36,168.58,662.18,169.91,93.21,92.40,-95.80,-89.08,85.39,90.58,0.9490,11.3100,93.2100,0.0000,0.0000,0.8468,0
1152,06:56:59.760,ROI,160,160,192,192,8.97,34.86,10.75,0.0,28.69,661.52,173.12,662.12,172.75,93.76,92.78,-91.16,-89.58,88.79,94.50,0.8725,13.3900,93.7600,0.0000,0.0000,0.8184,0
1153,06:56:59.823,ROI,160,160,192,192,11.54,58.90,14.65,63.5,16.98,661.70,174.66,662.06,175.31,94.88,93.17,-91.24,-90.36,85.75,94.80,0.9356,13.2100,94.8800,0.0000,0.0000,0.8363,0
1154,06:56:59.871,ROI,160,160,192,192,16.77,48.10,21.55,21.275,20.79,661.38,176.42,661.86,177.59,96.27,94.02,-95.13,-92.51,86.93,95.68,0.9507,13.2500,96.2700,0.0000,0.0000,0.8234,0
1155,06:56:59.999,ROI,160,160,192,192,10.55,113.68,3.55,0.0,8.80,662.06,181.32,661.96,180.63,92.53,93.85,-88.01,-91.45,87.40,96.01,0.8897,12.9100,92.5300,0.0000,0.0000,0.8064,0
1156,06:57:00.048,ROI,160,160,224,224,11.38,40.74,10.55,0.0,24.55,660.82,185.35,661.64,183.84,92.05,93.64,-95.83,-93.26,91.74,96.98,0.8776,13.8600,92.0500,0.0000,0.0000,0.8931,0
1157,06:57:00.111,ROI,160,160,224,224,13.20,56.14,15.35,0.0,17.81,660.87,186.20,661.39,186.44,92.94,93.68,-95.43,-94.42,90.92,96.80,0.9738,12.7700,92.9400,1.2300,77.8500,0.9054,0
1158,06:57:00.175,ROI,160,160,224,224,10.35,51.50,15.9,0.0,19.42,660.06,189.22,660.97,189.25,92.41,93.56,-98.55,-96.36,89.98,95.86,0.9230,13.7400,92.4100,0.0000,0.0000,0.8838,0
1159,06:57:00.223,ROI,160,160,192,192,11.90,41.41,21.1,0.0,24.15,661.87,191.27,660.97,191.82,96.04,94.43,-90.02,-96.44,83.82,98.27,0.8951,12.8000,96.0400,0.0000,0.0000,0.7816,0
1160,06:57:00.287,ROI,160,160,224,224,10.29,52.10,15.225,0.0,19.19,658.82,192.81,660.24,194.21,92.02,94.21,-106.91,-100.17,88.12,99.62,0.9035,13.3500,92.0200,0.0000,0.0000,0.8892,0
1161,06:57:00.352,ROI,160,160,224,224,11.40,57.95,14.6,0.0,17.25,661.54,194.32,660.36,196.21,91.25,93.63,-86.49,-97.74,85.75,98.94,0.9117,14.4100,91.2500,0.0000,0.0000,0.8857,0
1162,06:57:00.464,ROI,160,160,224,224,13.96,106.36,7.85,25.3,9.40,662.11,199.84,660.69,199.17,91.86,93.15,-83.71,-94.36,88.23,100.79,0.8713,13.5600,91.8600,0.0000,0.0000,0.8615,0
1163,06:57:00.527,ROI,160,160,224,224,10.25,49.91,8.075,35.05,20.03,661.43,205.22,660.80,202.65,89.67,92.06,-88.19,-92.77,92.58,100.79,0.8585,14.2200,89.6700,0.0000,0.0000,0.8943,0
1164,06:57:00.575,ROI,160,160,224,224,11.75,40.52,10.65,0.0,24.68,662.71,206.96,661.22,205.87,92.70,92.19,-82.55,-89.86,89.52,98.28,0.9337,14.0800,92.7000,0.0000,0.0000,0.9045,0
1165,06:57:00.640,ROI,160,160,224,224,12.69,56.53,7.55,0.0,17.69,661.38,209.46,661.16,208.89,91.98,91.87,-91.10,-90.16,93.45,99.27,0.9114,14.7600,91.9800,0.0000,0.0000,0.9185,0
1166,06:57:00.689,ROI,160,160,224,224,10.21,39.22,11.2,0.0,25.49,661.90,212.51,661.31,211.98,91.02,91.38,-87.18,-88.95,92.64,102.79,0.9314,14.7900,91.0200,0.0000,0.0000,0.8927,0
1167,06:57:00.751,ROI,160,160,224,224,11.67,57.81,15.15,0.0,17.30,662.68,213.93,661.65,214.66,91.22,90.98,-82.82,-86.81,90.01,100.63,0.9450,14.1000,91.2200,0.0000,0.0000,0.9041,0
1168,06:57:00.864,ROI,160,160,224,224,11.08,102.53,3.925,0.0,9.75,662.32,219.57,661.85,218.22,91.95,90.98,-86.73,-86.10,93.93,103.43,0.8594,14.0700,91.9500,0.0000,0.0000,0.8857,0
1169,06:57:00.926,ROI,160,160,224,224,11.82,52.49,7.825,0.0,19.05,662.42,220.82,662.06,221.18,92.38,90.99,-85.98,-85.21,94.74,101.85,0.9677,15.2000,92.3800,0.0000,0.0000,0.9105,0
1170,06:57:00.991,ROI,160,160,224,224,11.12,54.73,15.0,0.0,18.27,662.91,222.90,662.49,224.15,92.14,90.99,-81.81,-82.48,94.43,101.75,0.9503,14.0200,92.1400,0.0000,0.0000,0.8844,0
1171,06:57:01.041,ROI,160,160,224,224,11.39,40.18,20.675,0.0,24.89,663.18,228.02,662.89,227.36,93.40,91.31,-82.89,-80.95,94.86,100.24,0.8987,13.4900,93.4000,0.0000,0.0000,0.8799,0
1172,06:57:01.102,ROI,160,160,224,224,10.63,54.13,15.85,0.0,18.48,663.43,229.19,663.23,230.04,93.29,91.56,-82.71,-80.08,93.02,100.77,0.9582,13.4300,93.2900,0.0000,0.0000,0.8977,0
1173,06:57:01.166,ROI,160,160,224,224,9.96,52.85,15.025,0.0,18.92,663.21,233.87,663.56,233.31,92.30,91.79,-84.29,-79.41,94.78,100.65,0.8949,12.7900,92.3000,0.0000,0.0000,0.8604,0
1174,06:57:01.215,ROI,160,160,224,224,10.11,39.08,20.45,0.0,25.59,663.88,236.18,663.96,236.38,92.82,92.10,-82.65,-78.79,91.67,98.64,0.9238,13.5600,92.8200,0.0000,0.0000,0.8823,0
1175,06:57:01.344,ROI,160,160,224,224,10.77,119.82,3.35,0.0,8.35,665.73,242.33,664.65,240.26,92.58,92.30,-79.82,-78.44,91.14,99.72,0.8502,12.8600,92.5800,0.0000,0.0000,0.8537,0
1176,06:57:01.390,ROI,160,160,224,224,9.85,37.66,11.175,0.0,26.56,663.67,243.41,664.79,243.72,92.78,92.67,-87.79,-79.79,94.32,98.88,0.9364,13.3300,92.7800,0.0000,0.0000,0.9206,0
1177,06:57:01.455,ROI,160,160,224,224,12.55,58.02,7.275,0.0,17.23,665.10,247.27,665.19,247.15,94.72,93.47,-83.28,-80.21,92.37,101.74,0.8993,14.4400,94.7200,0.0000,0.0000,0.8809,0
1178,06:57:01.503,ROI,160,160,224,224,10.60,38.06,22.35,0.0,26.27,664.96,248.47,665.42,249.92,94.59,94.03,-85.21,-81.34,89.89,96.05,0.9188,14.0500,94.5900,0.0000,0.0000,0.8974,0
1179,06:57:01.566,ROI,160,160,224,224,10.00,53.14,15.1,0.0,18.82,665.37,252.12,665.76,252.99,93.03,94.13,-83.79,-81.64,90.43,98.45,0.9195,13.9600,93.0300,0.0000,0.0000,0.8974,0
1180,06:57:01.631,ROI,160,160,224,224,9.91,56.74,14.55,0.0,17.62,664.68,253.34,665.72,255.40,96.17,94.99,-90.83,-84.48,88.68,96.60,0.9563,14.4300,96.1700,0.0000,0.0000,0.9068,0
1181,06:57:01.679,ROI,160,160,224,224,9.97,38.59,21.35,0.0,25.92,665.16,257.48,665.85,258.37,94.87,95.44,-87.53,-85.45,89.82,96.96,0.9068,14.7500,94.8700,0.0000,0.0000,0.9150,0
1182,06:57:01.807,ROI,160,160,224,224,10.73,119.11,3.325,0.0,8.40,664.93,263.22,665.84,261.90,93.71,95.45,-90.18,-87.42,86.90,99.01,0.8623,13.8200,93.7100,0.0000,0.0000,0.8536,0
1183,06:57:01.856,ROI,160,160,224,224,10.40,38.61,20.8,0.0,25.90,664.83,263.94,665.73,264.83,97.23,96.24,-92.10,-89.72,86.49,97.16,0.9768,15.0200,97.2300,0.0000,0.0000,0.9176,0
1184,06:57:01.918,ROI,160,160,224,224,13.71,58.73,15.2,0.0,17.03,664.98,266.91,665.65,267.85,97.31,96.71,-91.54,-91.26,87.00,100.18,0.9362,14.8100,97.3100,0.0000,0.0000,0.8979,0
1185,06:57:01.983,ROI,160,160,224,224,10.36,52.57,15.6,0.0,19.02,664.57,271.39,665.36,271.07,97.26,97.31,-95.17,-94.16,86.38,102.51,0.9072,14.7700,97.2600,0.0000,0.0000,0.8502,0
1186,06:57:02.032,ROI,160,160,224,224,12.88,42.12,10.35,0.0,23.74,665.15,272.89,665.31,273.69,94.50,97.10,-91.08,-94.94,87.42,103.88,0.9587,14.7800,94.5000,0.0000,0.0000,0.8636,0
1187,06:57:02.094,ROI,160,160,224,224,10.17,51.01,16.225,0.0,19.61,664.97,277.07,665.19,276.76,96.01,97.20,-92.15,-95.74,88.09,103.26,0.9157,13.6200,96.0100,0.0000,0.0000,0.8217,0
1188,06:57:02.142,ROI,160,160,224,224,9.95,37.60,21.65,0.0,26.59,665.08,277.87,665.19,279.20,95.92,97.23,-90.18,-95.37,88.93,102.31,0.9754,14.5000,95.9200,0.0000,0.0000,0.8993,0
1189,06:57:02.271,ROI,160,160,224,224,12.58,124.78,6.6,0.0,8.01,666.62,284.29,665.43,282.64,90.86,95.52,-85.99,-94.40,89.95,104.87,0.8548,13.1600,90.8600,0.0000,0.0000,0.8967,0
1190,06:57:02.319,ROI,160,160,224,224,12.45,40.39,22.9,29.3,24.76,667.97,287.78,666.26,286.28,91.85,94.49,-77.05,-89.37,91.48,99.36,0.9079,12.1500,91.8500,0.0000,0.0000,0.8317,0
1191,06:57:02.383,ROI,160,160,224,224,9.94,54.38,7.75,0.0,18.39,667.76,288.62,666.75,289.44,93.02,93.94,-81.35,-87.37,89.74,98.20,0.9644,11.5000,93.0200,0.0000,0.0000,0.8425,0
1192,06:57:02.448,ROI,160,160,224,224,11.52,59.20,14.35,0.0,16.89,667.31,293.26,666.98,292.86,92.02,93.13,-86.01,-87.05,90.01,101.47,0.9025,10.5700,92.0200,0.0000,0.0000,0.8582,0
1193,06:57:02.496,ROI,160,160,224,224,11.49,37.24,33.35,0.0,26.85,667.25,294.04,667.22,295.40,91.72,92.55,-84.70,-86.02,92.36,99.34,0.9546,12.1300,91.7200,0.0000,0.0000,0.8913,0
1194,06:57:02.559,ROI,160,160,224,224,12.80,54.87,15.3,0.0,18.23,668.23,295.92,667.56,297.75,90.83,91.59,-81.78,-84.78,95.26,99.20,0.9340,12.3700,90.8300,0.0000,0.0000,0.8799,0
1195,06:57:02.622,ROI,160,160,224,224,10.14,52.60,15.775,33.125,19.01,668.45,299.90,668.01,300.46,90.21,90.66,-80.60,-82.63,97.41,100.23,0.9034,10.1600,90.2100,0.0000,0.0000,0.8730,0
1196,06:57:02.670,ROI,160,160,224,224,10.59,38.97,10.825,0.0,25.66,667.69,300.88,668.16,302.65,90.72,90.10,-85.96,-82.35,93.52,95.98,0.9194,9.9600,90.7200,0.0000,0.0000,0.8505,0
1197,06:57:02.785,ROI,160,160,192,192,10.23,104.88,7.6,0.0,9.54,667.58,308.24,668.19,306.25,89.21,89.28,-89.52,-83.40,94.78,103.04,0.8511,12.8100,89.2100,0.0000,0.0000,0.8625,0
1198,06:57:02.848,ROI,160,160,224,224,12.40,54.18,15.05,0.0,18.46,667.78,314.30,668.29,310.36,89.98,88.79,-88.60,-83.77,98.36,106.51,0.8595,11.0000,89.9800,0.0000,0.0000,0.8563,0
1199,06:57:02.910,ROI,160,160,224,224,10.40,50.61,16.0,0.0,19.76,669.23,315.12,668.76,313.89,92.04,88.95,-82.55,-82.52,95.63,105.35,0.9559,11.7100,92.0400,0.0000,0.0000,0.8426,0
1200,06:57:02.958,ROI,160,160,224,224,9.83,38.03,21.175,0.0,26.29,667.67,318.00,668.71,317.43,89.68,88.58,-90.76,-83.96,95.42,103.24,0.9168,11.2400,89.6800,0.0000,0.0000,0.8503,0
1201,06:57:03.023,ROI,160,160,224,224,10.59,56.94,14.5,34.0,17.56,669.70,320.32,669.17,320.55,89.07,88.07,-81.51,-82.81,98.52,104.29,0.9177,11.7200,89.0700,0.0000,0.0000,0.8599,0
1202,06:57:03.086,ROI,160,160,224,224,11.29,55.13,7.525,0.0,18.14,668.38,326.57,669.21,324.67,91.50,88.35,-89.57,-84.05,97.94,111.30,0.8683,12.4800,91.5000,0.0000,0.0000,0.8520,0
1203,06:57:03.135,ROI,160,160,224,224,10.94,40.38,21.525,0.0,24.77,669.57,326.62,669.56,327.75,93.43,89.28,-83.43,-83.48,92.46,105.17,0.8920,12.1800,93.4300,0.0000,0.0000,0.8091,0
1204,06:57:03.264,ROI,160,160,224,224,10.64,121.19,6.675,0.0,8.25,668.40,334.30,669.50,332.10,89.08,89.02,-90.74,-85.17,95.28,111.78,0.8429,13.1900,89.0800,0.0000,0.0000,0.9009,0
1205,06:57:03.311,ROI,160,160,224,224,9.43,36.61,11.025,0.0,27.32,669.75,334.56,669.62,335.25,91.58,89.57,-87.91,-86.34,93.49,104.61,0.9097,12.0500,91.5800,0.0000,0.0000,0.8786,0
1206,06:57:03.375,ROI,160,160,224,224,10.39,58.02,7.175,0.0,17.24,667.89,340.44,669.37,339.22,91.44,90.12,-93.65,-88.37,94.60,108.08,0.8622,9.9000,91.4400,0.0000,0.0000,0.8588,0
1207,06:57:03.422,ROI,160,160,224,224,9.89,38.36,21.9,0.0,26.07,669.84,341.54,669.52,342.41,93.13,90.97,-87.18,-88.88,94.99,108.21,0.9408,11.5800,93.1300,0.0000,0.0000,0.7762,0
1208,06:57:03.487,ROI,160,160,224,224,9.68,56.82,14.575,0.0,17.60,667.73,347.48,669.08,346.44,92.80,91.69,-96.25,-91.69,93.73,110.24,0.8595,9.4900,92.8000,0.0000,0.0000,0.8497,0
1209,06:57:03.551,ROI,160,160,224,224,12.48,59.83,14.4,0.0,16.71,669.63,351.51,669.13,350.50,94.86,93.05,-89.29,-92.56,93.91,110.68,0.8939,10.2500,94.8600,0.0000,0.0000,0.7714,0
1210,06:57:03.662,ROI,160,160,224,224,10.34,99.84,8.1,0.0,10.02,668.93,355.02,669.03,354.67,93.20,93.58,-91.45,-93.32,89.89,106.46,0.8977,8.1300,93.2000,0.0000,0.0000,0.6891,0
1211,06:57:03.727,ROI,160,160,224,224,10.85,55.39,14.575,33.025,18.05,670.13,362.24,669.20,359.68,92.75,94.01,-88.03,-93.32,85.02,116.16,0.8352,6.1200,92.7500,0.0000,0.0000,0.6793,0
1212,06:57:03.775,ROI,160,160,256,256,9.78,35.82,11.075,37.025,27.92,668.56,364.10,668.95,363.80,90.57,93.93,-93.50,-94.49,91.70,120.02,0.8974,10.0500,90.5700,0.0000,0.0000,0.8058,0
1213,06:57:03.839,ROI,160,160,256,256,10.17,58.17,0.0,0.0,17.19,669.23,366.27,668.92,367.62,88.90,93.09,-90.43,-94.42,92.40,120.16,0.9507,9.1900,88.9000,0.0000,0.0000,0.7555,0
1214,06:57:03.887,ROI,160,160,256,256,12.67,40.99,32.025,0.0,24.39,669.08,374.26,668.86,372.56,87.74,91.94,-90.72,-94.28,100.61,122.75,0.8085,10.7400,87.7400,0.0000,0.0000,0.8212,0
1215,06:57:03.950,ROI,160,160,256,256,11.77,53.82,15.8,0.0,18.58,668.79,373.47,668.79,376.00,93.89,92.44,-91.08,-93.68,100.30,121.55,0.9816,11.2300,93.8900,0.5500,80.7100,0.8555,0
1216,06:57:04.063,ROI,160,160,256,256,12.71,103.41,3.925,0.0,9.67,670.78,382.12,669.26,380.86,87.37,91.28,-84.55,-91.48,106.16,122.86,0.8227,10.3200,87.3700,0.4600,78.5700,0.8026,0
1217,06:57:04.128,ROI,160,160,256,256,12.67,55.81,15.075,0.0,17.92,666.74,387.34,668.66,385.83,88.15,90.26,-96.87,-92.44,109.71,121.73,0.8543,10.9700,88.1500,0.0000,0.0000,0.8551,0
1218,06:57:04.192,ROI,160,160,256,256,11.89,56.11,15.525,0.0,17.82,667.73,390.60,668.45,390.67,89.29,89.55,-92.44,-91.98,112.98,127.06,0.9217,10.4100,89.2900,0.0000,0.0000,0.8967,0
1219,06:57:04.239,ROI,160,160,256,256,14.96,41.99,0.0,24.875,23.82,668.12,395.68,668.30,395.38,88.31,89.04,-91.81,-91.56,109.31,129.58,0.8953,12.0100,88.3100,0.0000,0.0000,0.9051,0
1220,06:57:04.303,ROI,160,160,288,288,12.51,55.16,8.125,0.0,18.13,668.92,398.98,668.29,399.67,87.61,88.34,-90.18,-91.50,118.78,134.89,0.8758,14.7000,87.6100,0.0000,0.0000,0.8663,0
1221,06:57:04.367,ROI,160,160,288,288,11.62,55.12,7.7,0.0,18.14,668.68,404.95,668.24,404.53,88.99,87.98,-90.62,-91.33,121.57,134.77,0.8951,13.6300,88.9900,0.0000,0.0000,0.8687,0
1222,06:57:04.415,ROI,160,160,288,288,12.71,40.72,22.25,0.0,24.56,668.25,405.48,668.13,408.14,88.66,87.63,-91.66,-91.08,115.76,132.53,0.9364,14.8600,88.6600,0.0000,0.0000,0.9010,0
1223,06:57:04.528,ROI,160,160,288,288,11.45,104.60,7.875,30.95,9.56,670.23,413.14,668.60,412.86,89.00,87.45,-84.35,-89.01,111.28,126.94,0.8553,13.3600,89.0000,0.0000,0.0000,0.8770,0
1224,06:57:04.591,ROI,160,160,256,256,12.07,56.40,7.7,0.0,17.73,668.22,413.67,668.42,416.65,90.28,87.71,-92.72,-89.69,108.00,124.02,0.9419,11.8700,90.2800,0.0000,0.0000,0.8380,0
1225,06:57:04.654,ROI,160,160,256,256,13.64,56.59,7.775,0.0,17.67,673.66,420.66,669.68,421.17,89.48,87.82,-74.42,-85.73,103.63,125.04,0.8106,13.1500,89.4800,0.0000,0.0000,0.8611,0
1226,06:57:04.702,ROI,160,160,256,256,8.69,34.32,0.0,0.0,29.14,669.94,423.30,669.87,425.47,90.95,88.31,-87.43,-85.40,104.06,123.34,0.8935,12.1800,90.9500,0.0000,0.0000,0.8679,0
1227,06:57:04.767,ROI,160,160,256,256,12.64,60.59,14.15,0.0,16.50,669.86,428.30,670.05,429.65,91.38,89.03,-87.56,-84.88,102.51,128.18,0.9105,12.3000,91.3800,0.0000,0.0000,0.8958,0
1228,06:57:04.831,ROI,160,160,288,288,11.12,52.44,15.625,0.0,19.07,670.66,430.70,670.42,433.05,93.04,90.12,-83.77,-83.49,106.54,129.94,0.9274,14.2400,93.0400,0.0000,0.0000,0.8887,0
1229,06:57:04.879,ROI,160,160,288,288,14.06,41.20,21.725,25.6,24.27,672.21,434.25,671.04,436.49,93.66,91.08,-79.89,-81.89,103.93,125.46,0.9187,13.2600,93.6600,0.0000,0.0000,0.8623,0
1230,06:57:05.007,ROI,160,160,256,256,17.12,122.40,3.45,21.25,8.17,668.88,445.57,670.82,441.91,90.88,91.41,-92.29,-83.20,107.89,133.34,0.7910,12.9200,90.8800,0.0000,0.0000,0.9227,0
1231,06:57:05.056,ROI,160,160,288,288,11.86,34.99,12.65,0.0,28.58,669.80,449.18,670.69,447.10,95.98,93.16,-91.38,-85.03,108.63,135.32,0.9321,14.3000,95.9800,0.0000,0.0000,0.8487,0
1232,06:57:05.118,ROI,160,160,288,288,13.83,56.73,7.925,25.675,17.63,669.36,451.54,670.56,451.42,92.36,93.57,-91.82,-86.27,110.54,133.67,0.9492,14.9400,92.3600,0.0000,0.0000,0.9070,0
1233,06:57:05.184,ROI,160,160,288,288,13.02,54.99,7.75,0.0,18.18,669.05,456.04,670.24,456.06,90.20,93.16,-93.89,-88.56,108.97,131.38,0.9214,14.4000,90.2000,0.0000,0.0000,0.8823,0
1234,06:57:05.231,ROI,160,160,288,288,11.65,39.07,23.75,30.7,25.60,671.03,459.17,670.57,460.00,93.38,93.98,-85.27,-87.84,107.28,133.67,0.9205,14.0100,93.3800,0.0000,0.0000,0.8315,0
1235,06:57:05.294,ROI,160,160,288,288,10.36,53.06,7.7,0.0,18.85,668.26,460.48,669.99,463.44,91.61,94.04,-99.48,-91.27,109.39,130.95,0.9315,12.7100,91.6100,0.0000,0.0000,0.8974,0
1236,06:57:05.358,ROI,160,160,288,288,11.38,55.76,7.375,0.0,17.93,670.56,465.51,670.23,467.02,93.55,94.59,-86.11,-90.30,105.50,133.16,0.8895,14.1100,93.5500,0.0000,0.0000,0.8948,0
1237,06:57:05.408,ROI,160,160,288,288,8.27,36.44,21.125,0.0,27.44,670.61,468.96,670.29,470.72,93.28,94.80,-89.10,-90.78,105.16,126.47,0.9451,13.1200,93.2800,0.0000,0.0000,0.8357,0
1238,06:57:05.535,ROI,160,160,256,256,11.99,122.74,6.625,0.0,8.15,668.93,477.41,670.07,475.47,95.83,95.59,-92.71,-91.39,101.54,128.16,0.8474,14.4900,95.8300,0.0000,0.0000,0.8693,0
1239,06:57:05.583,ROI,160,160,288,288,11.26,39.34,21.85,0.0,25.42,671.35,480.65,670.35,479.91,92.06,94.97,-86.34,-90.73,101.70,135.49,0.9030,13.7100,92.0600,0.0000,0.0000,0.8566,0
1240,06:57:05.646,ROI,160,160,288,288,9.76,53.09,15.325,0.0,18.84,670.93,482.56,670.53,483.79,95.93,95.40,-87.39,-90.26,98.68,122.83,0.8796,13.7100,95.9300,0.0000,0.0000,0.8664,0
1241,06:57:05.694,ROI,160,160,256,256,13.72,42.30,21.0,26.45,23.64,667.50,486.50,669.65,487.36,92.79,94.83,-103.79,-94.46,107.74,126.82,0.8609,13.6800,92.7900,0.0000,0.0000,0.8224,0
1242,06:57:05.759,ROI,160,160,256,256,16.62,57.94,7.875,21.85,17.26,672.39,495.87,670.28,492.53,90.27,93.72,-83.09,-92.18,105.47,135.02,0.7955,16.6000,90.2700,0.0000,0.0000,0.9460,0
1243,06:57:05.822,ROI,160,160,288,288,11.00,48.07,17.075,0.0,20.80,671.08,496.91,670.42,496.95,96.00,94.33,-88.18,-91.69,96.79,121.84,0.8281,11.2800,96.0000,0.0000,0.0000,0.8226,0
1244,06:57:05.871,ROI,160,160,256,256,10.68,37.59,21.35,0.0,26.60,670.71,500.56,670.44,500.91,93.65,94.33,-89.70,-91.60,101.58,135.17,0.8588,9.9000,93.6500,0.0000,0.0000,0.8432,0
1245,06:57:05.999,ROI,160,160,288,288,9.80,115.89,3.375,0.0,8.63,674.73,505.76,671.53,505.62,93.32,93.64,-76.95,-88.06,99.85,130.84,0.8560,14.8100,93.3200,0.0000,0.0000,0.8764,0
1246,06:57:06.047,ROI,160,160,288,288,11.29,42.76,10.4,0.0,23.39,670.99,509.90,671.29,509.94,92.62,93.31,-93.18,-89.83,101.97,130.72,0.8735,12.9500,92.6200,0.0000,0.0000,0.8412,0
1247,06:57:06.111,ROI,160,160,288,288,13.45,55.65,7.575,25.975,17.97,671.82,515.08,671.61,514.41,93.78,93.27,-85.83,-88.40,102.76,136.89,0.9110,15.0200,93.7800,0.0000,0.0000,0.9211,0
1248,06:57:06.175,ROI,160,160,288,288,10.00,50.23,7.95,0.0,19.91,670.26,517.66,671.45,518.46,94.83,93.41,-92.31,-89.03,101.88,131.89,0.9339,13.9000,94.8300,0.0000,0.0000,0.8400,0
1249,06:57:06.223,ROI,160,160,288,288,9.88,37.66,21.325,0.0,26.55,672.14,520.71,671.80,522.14,93.59,93.30,-84.54,-87.46,99.85,131.96,0.9207,14.0700,93.5900,0.0000,0.0000,0.8587,0
1250,06:57:06.287,ROI,160,160,288,288,14.03,59.30,14.675,25.975,16.86,670.22,529.22,671.55,527.06,96.93,94.18,-92.87,-88.32,105.48,136.58,0.8357,12.1400,96.9300,0.0000,0.0000,0.8210,0
1251,06:57:06.352,ROI,160,160,288,288,9.13,54.04,7.7,0.0,18.51,671.69,532.37,671.76,531.43,96.02,94.65,-87.29,-87.47,105.32,136.22,0.9291,12.8900,96.0200,0.0000,0.0000,0.8380,0
1252,06:57:06.464,ROI,160,160,288,288,11.97,107.85,7.675,0.0,9.27,673.43,543.11,672.47,537.79,96.10,95.14,-83.64,-85.55,106.18,145.46,0.8322,12.2100,96.1000,0.0000,0.0000,0.7965,0
1253,06:57:06.527,ROI,160,160,320,320,12.43,54.31,15.85,29.3,18.41,673.56,545.58,672.97,543.12,95.82,95.53,-84.62,-84.70,101.38,138.32,0.9079,12.8000,95.8200,0.0000,0.0000,0.7941,0
1254,06:57:06.574,ROI,160,160,288,288,13.25,41.55,11.425,0.0,24.07,670.80,550.51,672.86,548.77,93.15,95.09,-91.13,-84.96,112.21,143.80,0.8437,13.7900,93.1500,0.0000,0.0000,0.8437,0
1255,06:57:06.638,ROI,160,160,288,288,8.49,50.65,15.625,0.0,19.74,672.07,556.12,672.60,554.35,92.30,94.59,-92.62,-87.23,109.01,147.04,0.9005,14.3400,92.3000,0.0000,0.0000,0.8899,0
1256,06:57:06.704,ROI,160,160,320,320,11.72,59.08,6.9,0.0,16.93,673.18,562.64,672.90,560.46,94.13,94.57,-87.23,-86.98,103.10,145.58,0.8669,13.3900,94.1300,0.0000,0.0000,0.8843,0
1257,06:57:06.751,ROI,160,160,320,320,14.89,41.84,23.05,24.55,23.90,675.62,566.14,673.79,566.02,94.27,94.59,-80.94,-85.15,103.12,146.40,0.9101,13.0800,94.2700,0.0000,0.0000,0.8675,0
1258,06:57:06.864,ROI,160,160,320,320,16.32,107.13,4.025,0.0,9.33,675.46,575.98,674.42,573.00,94.48,94.53,-84.84,-85.03,103.56,144.10,0.8697,12.3800,94.4800,0.0000,0.0000,0.8430,0
1259,06:57:06.927,ROI,160,160,320,320,9.85,46.43,8.525,36.85,21.54,675.68,581.46,674.81,580.02,95.67,94.71,-86.78,-86.06,104.02,148.04,0.9237,10.6800,95.6700,0.0000,0.0000,0.6857,0
1260,06:57:06.992,ROI,160,160,320,320,14.72,63.76,7.15,0.0,15.68,676.06,583.78,675.46,585.48,96.01,95.20,-83.18,-85.20,99.76,148.04,0.9300,10.8300,96.0100,0.0000,0.0000,0.7282,0
1261,06:57:07.038,ROI,160,160,320,320,8.23,32.71,12.875,0.0,30.57,675.14,586.40,675.69,590.14,97.58,95.59,-87.28,-85.61,104.10,148.20,0.9256,10.1300,97.5800,0.0000,0.0000,0.8051,0
1262,06:57:07.104,ROI,160,160,320,320,10.11,59.31,13.8,0.0,16.86,676.10,589.98,676.13,594.48,95.38,95.58,-84.15,-85.12,100.92,147.08,0.9241,11.7800,95.3800,0.0000,0.0000,0.8623,0
1263,06:57:07.167,ROI,160,160,320,320,9.03,54.74,14.925,0.0,18.27,674.62,592.66,676.13,598.15,97.64,96.39,-89.99,-86.02,102.18,146.78,0.9370,11.9000,97.6400,0.0000,0.0000,0.8610,0
1264,06:57:07.216,ROI,160,160,320,320,13.12,45.51,19.85,27.55,21.97,674.58,595.04,675.91,601.27,96.90,96.66,-94.03,-88.64,105.32,146.10,0.9397,12.3700,96.9000,0.0000,0.0000,0.8310,0
1265,06:57:07.342,ROI,160,160,320,320,7.98,109.96,0.0,0.0,9.09,674.12,599.18,675.80,604.60,99.92,97.85,-91.97,-89.16,105.02,150.68,0.9377,8.7300,99.9200,0.0000,0.0000,0.7242,0
1266,06:57:07.391,ROI,160,160,320,320,8.69,37.74,0.0,0.0,26.50,674.14,598.82,675.50,606.67,99.51,98.62,-98.07,-92.20,102.94,150.76,0.9756,10.3500,99.5100,0.0000,0.0000,0.8214,0
1267,06:57:07.455,ROI,160,160,320,320,8.00,49.78,14.375,0.0,20.09,674.28,602.58,675.24,608.90,99.84,99.37,-96.83,-94.33,98.18,155.84,0.9098,10.4100,99.8400,0.0000,0.0000,0.8579,0
1268,06:57:07.520,ROI,160,160,320,320,12.35,62.70,13.85,0.0,15.95,674.50,602.60,675.19,609.84,99.39,99.63,-92.64,-94.68,98.20,153.24,0.9790,10.6400,99.3900,0.0000,0.0000,0.8481,0
1269,06:57:07.567,ROI,160,160,320,320,8.64,34.86,22.725,0.0,28.69,674.18,606.32,674.86,611.05,99.36,100.09,-105.27,-98.75,96.76,161.18,0.9375,11.0700,99.3600,0.0000,0.0000,0.8609,0
1270,06:57:07.631,ROI,160,160,352,352,10.00,57.28,14.5,34.875,17.46,675.39,607.07,674.89,611.92,94.48,98.83,-88.02,-97.67,97.86,160.16,0.9665,11.5900,94.4800,0.0000,0.0000,0.7171,0
1271,06:57:07.695,ROI,160,160,352,352,10.05,54.15,7.425,0.0,18.47,674.56,608.88,675.02,612.69,97.11,98.60,-80.46,-93.05,98.96,159.06,0.9616,13.2300,97.1100,0.0000,0.0000,0.8633,0
1272,06:57:07.743,ROI,160,160,320,320,10.03,39.10,10.525,0.0,25.57,674.44,607.42,674.73,612.05,99.59,99.30,114.46,-133.90,96.16,162.02,0.9545,11.4800,99.5900,0.0000,0.0000,0.8731,0
1273,06:57:07.855,ROI,160,160,352,352,10.29,104.04,7.775,0.0,9.61,675.06,607.80,674.73,611.38,96.27,98.55,90.33,-175.30,99.35,160.07,0.9566,11.8800,96.2700,0.0000,0.0000,0.8007,0
1274,06:57:07.919,ROI,160,160,352,352,9.84,55.07,14.825,0.0,18.16,674.78,609.34,674.70,610.90,96.46,98.07,93.58,-209.75,99.70,159.48,0.9755,12.3400,96.4600,0.0000,0.0000,0.8409,0
1275,06:57:07.983,ROI,160,160,320,320,9.95,55.51,22.225,0.0,18.01,674.20,607.86,674.15,609.73,99.09,98.36,115.27,-234.26,95.74,162.24,0.9434,12.0400,99.0900,0.0000,0.0000,0.8794,0
1276,06:57:08.030,ROI,160,160,352,352,9.94,39.92,10.575,0.0,25.05,675.06,607.69,674.16,608.48,96.40,97.98,89.43,-259.88,99.55,160.20,0.9501,11.7600,96.4000,0.0000,0.0000,0.8022,0
1277,06:57:08.094,ROI,160,160,352,352,9.91,56.36,14.8,0.0,17.74,674.74,609.65,674.04,607.69,96.12,97.50,99.19,-278.63,100.21,160.05,0.9695,12.5500,96.1200,0.0000,0.0000,0.8409,0
1278,06:57:08.159,ROI,160,160,352,352,10.56,58.80,14.3,0.0,17.01,675.06,607.95,674.17,606.67,95.91,96.94,82.36,-297.01,100.03,160.60,0.9729,11.9600,95.9100,0.0000,0.0000,0.7929,0
1279,06:57:08.207,ROI,160,160,352,352,9.93,39.23,21.525,0.0,25.49,674.80,609.74,674.12,606.45,96.38,96.69,105.12,-305.62,100.19,159.43,0.9731,12.6600,96.3800,0.0000,0.0000,0.8481,0
1280,06:57:08.335,ROI,160,160,320,320,13.20,123.59,6.7,0.0,8.09,674.18,607.80,674.12,605.57,99.09,96.90,89.92,-314.21,96.08,161.48,0.9368,12.8000,99.0900,0.0000,0.0000,0.8892,0
1281,06:57:08.383,ROI,160,160,352,352,10.45,35.32,22.65,0.0,28.31,674.99,607.93,674.29,605.13,96.32,96.38,68.73,-325.35,100.12,159.96,0.9510,11.8500,96.3200,0.0000,0.0000,0.8047,0
1282,06:57:08.446,ROI,160,160,320,320,9.95,54.66,7.55,0.0,18.30,674.24,607.58,674.14,604.30,99.14,96.62,100.29,-324.71,96.36,161.24,0.9551,12.5700,99.1400,0.0000,0.0000,0.8897,0
1283,06:57:08.510,ROI,160,160,352,352,9.92,55.83,14.7,0.0,17.91,674.99,607.98,674.21,604.02,96.07,96.01,76.13,-328.12,100.21,159.90,0.9539,11.9200,96.0700,0.0000,0.0000,0.7989,0
1284,06:57:08.559,ROI,160,160,320,320,11.18,39.63,20.775,0.0,25.24,674.18,607.62,674.35,603.87,99.19,96.53,45.68,-336.17,96.36,161.18,0.9542,12.6100,99.1900,0.0000,0.0000,0.8943,0
1285,06:57:08.623,ROI,160,160,352,352,9.99,54.00,7.425,0.0,18.52,675.01,607.87,674.70,603.97,96.27,96.39,-15.97,-356.75,99.79,159.87,0.9581,11.9000,96.2700,0.0000,0.0000,0.8026,0
1286,06:57:08.672,ROI,160,160,320,320,11.20,41.09,10.375,0.0,24.34,674.68,606.48,674.90,603.75,97.59,96.56,46.84,-356.05,94.58,156.54,0.9280,13.0800,97.5900,0.0000,0.0000,0.8803,0
1287,06:57:08.799,ROI,160,160,320,320,10.20,117.07,6.8,0.0,8.54,674.04,607.82,674.74,604.23,99.01,97.14,-109.27,-394.69,96.36,161.70,0.9502,12.7800,99.0100,0.0000,0.0000,0.8883,0
1288,06:57:08.847,ROI,160,160,352,352,8.40,37.79,21.525,0.0,26.46,675.12,608.02,674.88,604.41,96.22,96.99,-51.73,-410.60,99.75,159.96,0.9560,12.2000,96.2200,0.0000,0.0000,0.8016,0
1289,06:57:08.910,ROI,160,160,320,320,9.90,56.64,14.325,0.0,17.66,674.62,606.16,674.84,604.01,97.76,97.24,96.00,-382.92,94.50,155.92,0.9234,13.0900,97.7600,0.0000,0.0000,0.8801,0
1290,06:57:08.974,ROI,160,160,320,320,10.56,56.00,14.65,0.0,17.86,674.10,607.52,674.60,604.19,99.28,97.90,-142.76,-324.90,96.10,160.94,0.9527,12.5500,99.2800,0.0000,0.0000,0.8944,0
1291,06:57:09.023,ROI,160,160,352,352,10.87,40.35,21.4,0.0,24.79,675.06,608.04,674.70,604.64,96.20,97.56,-77.87,-255.25,99.84,159.65,0.9552,12.3100,96.2000,0.0000,0.0000,0.8033,0
1292,06:57:09.087,ROI,160,160,320,320,10.16,54.54,14.775,0.0,18.33,674.70,606.58,674.58,604.69,97.68,97.89,-154.61,-214.27,94.54,156.92,0.9296,12.9500,97.6800,0.0000,0.0000,0.8775,0
1293,06:57:09.150,ROI,160,160,320,320,9.96,56.31,7.5,0.0,17.76,674.12,607.84,674.41,605.17,99.16,98.43,-108.90,-166.21,96.34,161.80,0.9517,12.7400,99.1600,0.0000,0.0000,0.8895,0
1294,06:57:09.263,ROI,160,160,352,352,10.16,103.87,7.7,0.0,9.63,675.21,608.04,674.56,605.74,96.28,98.24,-75.69,-116.12,99.70,159.92,0.9554,12.2600,96.2800,0.0000,0.0000,0.8052,0
1295,06:57:09.311,ROI,160,160,320,320,7.80,35.19,21.25,0.0,28.42,674.64,606.38,674.58,605.69,97.86,98.23,66.08,-37.12,94.58,156.64,0.9289,12.9900,97.8600,0.0000,0.0000,0.8778,0
1296,06:57:09.374,ROI,160,160,320,320,10.02,59.18,14.2,0.0,16.90,674.16,607.72,674.48,606.25,99.08,98.53,-99.77,-14.31,96.24,161.54,0.9529,12.6000,99.0800,0.0000,0.0000,0.8903,0
1297,06:57:09.439,ROI,160,160,352,352,11.17,56.76,14.425,0.0,17.62,675.03,608.06,674.63,606.72,96.32,97.96,-72.30,8.70,100.25,160.07,0.9516,12.3500,96.3200,0.0000,0.0000,0.8084,0
1298,06:57:09.489,ROI,160,160,352,352,14.27,44.86,20.7,25.2,22.29,674.96,609.87,674.73,607.76,96.32,97.43,-84.42,20.20,101.00,159.57,0.9705,12.5300,96.3200,0.0000,0.0000,0.8440,0
1299,06:57:09.551,ROI,160,160,320,320,17.47,56.08,8.3,21.2,17.83,674.12,608.28,674.64,608.06,98.73,97.53,-107.02,19.47,96.22,162.40,0.9349,12.9500,98.7300,0.0000,0.0000,0.8832,0
1300,06:57:09.664,ROI,160,160,352,352,11.02,95.79,4.175,0.0,10.44,675.06,607.98,674.71,608.23,96.19,97.35,-68.88,20.66,100.41,160.91,0.9499,12.2900,96.1900,0.0000,0.0000,0.8040,0
1301,06:57:09.727,ROI,160,160,352,352,10.13,54.13,15.125,0.0,18.47,675.00,607.56,674.81,608.13,96.45,97.09,45.05,402.90,101.33,165.13,0.9655,12.4000,96.4500,0.0000,0.0000,0.8279,0
1302,06:57:09.792,ROI,160,160,352,352,12.90,59.33,0.0,27.5,16.85,674.98,607.54,674.91,608.16,96.46,96.63,-14.96,413.56,101.46,165.20,0.9983,12.5100,96.4600,0.0000,0.0000,0.8315,0
1303,06:57:09.839,ROI,160,160,352,352,11.52,33.21,11.95,31.075,30.11,675.12,605.86,674.98,607.73,96.92,96.60,80.57,446.10,101.11,165.11,0.9766,12.0100,96.9200,0.0000,0.0000,0.7845,0
1304,06:57:09.904,ROI,160,160,352,352,12.13,56.50,7.45,0.0,17.70,675.07,607.40,675.04,607.62,96.65,96.52,60.00,464.97,101.44,165.11,0.9784,12.1800,96.6500,0.0000,0.0000,0.8233,0
1305,06:57:09.967,ROI,160,160,352,352,12.70,52.97,7.925,0.0,18.88,675.04,607.40,675.14,607.64,96.67,96.23,-11.58,456.25,101.60,165.18,0.9981,12.2200,96.6700,0.0000,0.0000,0.8242,0
1306,06:57:10.016,ROI,160,160,352,352,11.29,37.13,0.0,0.0,26.93,675.02,607.47,675.14,607.71,96.42,96.11,-83.63,427.13,101.40,165.55,0.9958,12.3000,96.4200,0.0000,0.0000,0.8211,0
1307,06:57:10.128,ROI,160,160,352,352,11.29,103.17,7.8,31.675,9.69,675.15,607.38,675.20,607.56,96.48,96.10,68.83,436.81,101.33,165.26,0.9957,12.4000,96.4800,0.0000,0.0000,0.8278,0
