frame_id,timestamp,mode,input_width,input_height,roi_w,roi_h,inf_time_ms,end_to_end_time_ms,cpu_load_pct,end_to_end_cpu_load_pct,fps,x_center,y_center,smooth_x,smooth_y,smooth_x2,smooth_y2,raw_angle,raw_angle_smooth,smooth_angle,smooth_angle_smooth,smooth_angle2,smooth_angle2_smooth,width,height,iou_prev_bbox,group1_magnitude,group1_angle,group2_magnitude,group2_angle,best_conf,tracking_lost
258,09:14:47.039,ROI,160,160,224,224,16.020000,63.280000,7.050000,23.350000,15.800000,640.990000,74.000000,640.970000,73.990000,640.970000,73.990000,-0.740000,-0.740000,0.000000,0.000000,0.000000,0.000000,99.810000,63.570000,0.998400,12.780000,-0.740000,0.000000,0.000000,0.830400,0
259,09:14:47.087,ROI,160,160,224,224,9.560000,39.520000,0.000000,38.600000,25.310000,640.940000,74.000000,640.950000,73.990000,640.950000,73.990000,-0.730000,-0.730000,-180.000000,-180.000000,-180.000000,-180.000000,99.710000,63.560000,0.998700,12.730000,-0.730000,0.000000,0.000000,0.825600,0
260,09:14:47.215,ROI,160,160,224,224,8.340000,120.820000,0.000000,0.000000,8.280000,641.060000,74.020000,641.000000,74.000000,641.000000,74.000000,-0.660000,-0.660000,-11.309932,-11.309932,-11.309932,-11.309932,99.580000,63.640000,0.996200,12.790000,-0.660000,0.000000,0.000000,0.831500,0
261,09:14:47.263,ROI,160,160,224,224,8.190000,40.280000,20.100000,0.000000,24.820000,640.890000,74.000000,640.960000,74.010000,640.960000,74.010000,-0.960000,-0.960000,-165.963757,-165.963757,-165.963757,-165.963757,100.200000,63.700000,0.993000,12.800000,-0.960000,0.000000,0.000000,0.810700,0
262,09:14:47.328,ROI,160,160,224,224,8.360000,58.350000,6.975000,0.000000,17.140000,641.020000,74.090000,640.990000,74.050000,640.990000,74.050000,-0.440000,-0.440000,-53.130102,-53.130102,-53.130102,-53.130102,99.610000,63.620000,0.991500,12.760000,-0.440000,0.000000,0.000000,0.834700,0
263,09:14:47.392,ROI,160,160,224,224,8.290000,55.700000,14.275000,0.000000,17.950000,640.940000,74.000000,640.970000,74.050000,640.970000,74.050000,-1.000000,-1.000000,-180.000000,-180.000000,-180.000000,-180.000000,100.100000,63.730000,0.992500,12.830000,-1.000000,0.000000,0.000000,0.813300,0
264,09:14:47.439,ROI,160,160,224,224,11.480000,45.290000,20.025000,0.000000,22.080000,641.050000,74.030000,641.000000,74.060000,641.000000,74.060000,-0.740000,-0.740000,-18.434949,-18.434949,-18.434949,-18.434949,99.610000,63.530000,0.992000,12.720000,-0.740000,0.000000,0.000000,0.829300,0
265,09:14:47.503,ROI,160,160,224,224,8.350000,53.310000,15.375000,0.000000,18.760000,641.100000,73.990000,641.050000,74.040000,641.050000,74.040000,-1.030000,-1.030000,21.801409,21.801409,21.801409,21.801409,99.780000,63.740000,0.995000,12.810000,-1.030000,0.000000,0.000000,0.813600,0
266,09:14:47.567,ROI,160,160,224,224,7.680000,56.910000,7.125000,0.000000,17.570000,641.130000,73.990000,641.100000,74.020000,641.100000,74.020000,-0.970000,-0.970000,21.801409,21.801409,21.801409,21.801409,99.690000,63.730000,0.998900,12.800000,-0.970000,0.000000,0.000000,0.812200,0
267,09:14:47.633,ROI,160,160,224,224,9.270000,62.240000,6.725000,38.975000,16.070000,641.030000,73.990000,641.090000,74.010000,641.090000,74.010000,-1.030000,-1.030000,135.000000,135.000000,135.000000,135.000000,99.830000,63.630000,0.996500,12.780000,-1.030000,0.000000,0.000000,0.810500,0
268,09:14:47.680,ROI,160,160,224,224,7.730000,38.480000,10.500000,0.000000,25.990000,640.970000,74.000000,641.060000,74.010000,641.060000,74.010000,-1.120000,-1.120000,-180.000000,-180.000000,-180.000000,-180.000000,100.000000,63.620000,0.997900,12.840000,-1.120000,0.000000,0.000000,0.812000,0
269,09:14:47.808,ROI,160,160,224,224,14.470000,128.890000,3.275000,0.000000,7.760000,640.990000,73.980000,641.030000,73.990000,641.030000,73.990000,-0.580000,-0.580000,146.309932,146.309932,146.309932,146.309932,99.550000,63.640000,0.994600,12.640000,-0.580000,0.000000,0.000000,0.831700,0
270,09:14:47.856,ROI,160,160,224,224,9.060000,34.100000,12.075000,0.000000,29.330000,641.010000,74.000000,641.020000,73.990000,641.020000,73.990000,-0.470000,-0.470000,-180.000000,-180.000000,-180.000000,-180.000000,99.430000,63.660000,0.997900,12.690000,-0.470000,0.000000,0.000000,0.827600,0
271,09:14:47.919,ROI,160,160,224,224,8.350000,56.270000,14.625000,0.000000,17.770000,641.000000,74.030000,641.010000,74.000000,641.010000,74.000000,-0.910000,-0.910000,-135.000000,-135.000000,-135.000000,-135.000000,100.000000,63.660000,0.993400,12.960000,-0.910000,0.000000,0.000000,0.816500,0
272,09:14:47.984,ROI,160,160,224,224,8.830000,59.770000,13.850000,0.000000,16.730000,641.000000,74.000000,641.000000,74.000000,641.000000,74.000000,-0.870000,-0.870000,-180.000000,-180.000000,-180.000000,-180.000000,99.960000,63.590000,0.998500,12.940000,-0.870000,0.000000,0.000000,0.815600,0
273,09:14:48.031,ROI,160,160,224,224,8.430000,40.130000,10.400000,0.000000,24.920000,640.900000,73.920000,640.960000,73.960000,640.960000,73.960000,-0.900000,-0.900000,135.000000,135.000000,135.000000,135.000000,100.130000,63.630000,0.995400,12.880000,-0.900000,0.000000,0.000000,0.811900,0
274,09:14:48.096,ROI,160,160,224,224,7.560000,57.760000,14.000000,0.000000,17.310000,640.940000,74.000000,640.930000,73.970000,640.930000,73.970000,-0.750000,-0.750000,-161.565051,-161.565051,-161.565051,-161.565051,99.860000,63.740000,0.994700,12.650000,-0.750000,0.000000,0.000000,0.831700,0
275,09:14:48.161,ROI,160,160,224,224,10.450000,61.820000,6.875000,34.600000,16.180000,641.200000,74.190000,641.020000,74.050000,641.020000,74.050000,-0.440000,-0.440000,-41.633539,-41.633539,-41.633539,-41.633539,100.020000,63.630000,0.989000,12.640000,-0.440000,0.000000,0.000000,0.835800,0
276,09:14:48.207,ROI,160,160,224,224,8.260000,36.210000,11.025000,0.000000,27.620000,642.010000,73.980000,641.440000,74.030000,641.440000,74.030000,-1.810000,-1.810000,2.726311,2.726311,2.726311,2.726311,99.610000,63.660000,0.977600,12.610000,-1.810000,0.000000,0.000000,0.796400,0
277,09:14:48.336,ROI,160,160,224,224,8.180000,122.740000,3.250000,44.075000,8.150000,643.360000,74.230000,642.320000,74.120000,642.320000,74.120000,-0.390000,-0.390000,-5.839492,-5.839492,-5.839492,-5.839492,99.670000,63.560000,0.965700,12.560000,-0.390000,0.000000,0.000000,0.835500,0
278,09:14:48.383,ROI,160,160,224,224,8.400000,40.050000,10.375000,0.000000,24.970000,644.400000,74.440000,643.420000,74.270000,643.420000,74.270000,0.270000,0.270000,-7.765166,-7.765166,-7.765166,-7.765166,98.390000,63.200000,0.972700,12.610000,0.270000,0.000000,0.000000,0.836200,0
279,09:14:48.448,ROI,160,160,224,224,8.090000,58.480000,13.975000,0.000000,17.100000,644.950000,74.630000,644.460000,74.470000,644.460000,74.470000,0.270000,0.270000,-10.885527,-10.885527,-10.885527,-10.885527,99.010000,63.910000,0.977900,12.620000,0.270000,0.000000,0.000000,0.853200,0
280,09:14:48.512,ROI,160,160,224,224,8.970000,58.910000,14.075000,0.000000,16.980000,647.430000,74.520000,646.240000,74.570000,646.240000,74.570000,-2.170000,-2.170000,-3.215484,-3.215484,-3.215484,-3.215484,98.100000,64.110000,0.947700,11.720000,-2.170000,0.000000,0.000000,0.815200,0
281,09:14:48.560,ROI,160,160,224,224,7.660000,39.440000,20.050000,0.000000,25.350000,647.670000,74.350000,647.610000,74.570000,647.610000,74.570000,-1.540000,-1.540000,-0.000000,-0.000000,-0.000000,-0.000000,99.020000,63.730000,0.984900,13.460000,-1.540000,0.000000,0.000000,0.801000,0
282,09:14:48.623,ROI,160,160,224,224,8.100000,56.560000,14.425000,0.000000,17.680000,651.790000,74.270000,650.270000,74.510000,650.270000,74.510000,-1.640000,-1.640000,1.292167,1.292167,1.292167,1.292167,97.650000,63.290000,0.913600,12.970000,-1.640000,0.000000,0.000000,0.819600,0
283,09:14:48.687,ROI,160,160,224,224,7.930000,57.720000,7.050000,0.000000,17.330000,651.770000,74.440000,652.140000,74.530000,652.140000,74.530000,-2.850000,-2.850000,-0.612766,-0.612766,-0.612766,-0.612766,98.500000,63.920000,0.981600,13.590000,-2.850000,0.000000,0.000000,0.789500,0
284,09:14:48.799,ROI,160,160,224,224,8.160000,106.210000,7.525000,0.000000,9.420000,657.360000,74.760000,655.700000,74.670000,655.700000,74.670000,-1.540000,-1.540000,-2.252044,-2.252044,-2.252044,-2.252044,99.550000,63.200000,0.883600,13.480000,-1.540000,0.000000,0.000000,0.862000,0
285,09:14:48.864,ROI,160,160,224,224,7.640000,58.240000,13.750000,0.000000,17.170000,657.920000,74.720000,658.410000,74.740000,658.410000,74.740000,-1.750000,-1.750000,-1.479636,-1.479636,-1.479636,-1.479636,99.020000,63.080000,0.986900,13.420000,-1.750000,0.000000,0.000000,0.809600,0
286,09:14:48.912,ROI,160,160,224,224,12.940000,46.700000,0.000000,28.950000,21.410000,661.900000,75.260000,661.810000,75.010000,661.810000,75.010000,-3.330000,-3.330000,-4.540431,-4.540431,-4.540431,-4.540431,97.690000,62.510000,0.906900,13.590000,-3.330000,0.000000,0.000000,0.788500,0
287,09:14:48.976,ROI,160,160,224,224,7.860000,52.980000,7.725000,0.000000,18.870000,663.200000,75.610000,664.580000,75.350000,661.438601,75.078500,-4.030000,-2.949343,-6.997693,387.465965,-169.549938,344.664910,98.710000,62.690000,0.963200,13.790000,-4.030000,0.000000,0.000000,0.821500,0
288,09:14:49.038,ROI,160,160,224,224,7.850000,56.460000,14.450000,0.000000,17.710000,667.260000,76.060000,667.950000,75.780000,665.175165,75.362488,-5.150000,-3.768790,-7.271446,363.489695,-4.346262,327.095752,98.920000,64.260000,0.899500,13.720000,-5.150000,0.000000,0.000000,0.800100,0
289,09:14:49.087,ROI,160,160,224,224,7.730000,42.060000,19.575000,47.150000,23.780000,667.590000,76.500000,670.170000,76.260000,668.799387,75.725569,-5.670000,-4.598734,-12.200469,354.897788,-5.720900,325.417686,100.760000,64.470000,0.968700,14.780000,-5.670000,0.000000,0.000000,0.807400,0
290,09:14:49.215,ROI,160,160,224,224,8.370000,122.920000,0.000000,0.000000,8.140000,672.920000,77.200000,673.580000,76.880000,672.595528,76.190569,-8.000000,-5.912875,-10.304846,334.145445,-6.983532,310.201071,101.080000,64.760000,0.881300,15.570000,-8.000000,0.000000,0.000000,0.770200,0
291,09:14:49.263,ROI,160,160,224,224,10.070000,43.160000,20.075000,0.000000,23.170000,676.210000,77.670000,676.980000,77.510000,676.509327,76.742940,-8.200000,-7.044339,-10.497511,329.662278,-8.033338,310.604002,99.830000,65.620000,0.923500,16.870000,-8.200000,0.000000,0.000000,0.802800,0
292,09:14:49.329,ROI,160,160,224,224,9.310000,54.770000,14.100000,0.000000,18.260000,677.720000,77.130000,679.630000,77.720000,680.285117,77.252794,-8.340000,-8.059448,-4.530952,321.046885,-7.690283,305.006481,101.360000,66.120000,0.954700,15.090000,-8.340000,0.500000,0.810000,0.767600,0
293,09:14:49.391,ROI,160,160,224,224,9.110000,55.410000,7.525000,0.000000,18.050000,680.810000,77.920000,682.300000,78.140000,683.913117,77.778169,-8.700000,-8.931290,-8.939565,327.458275,-8.239792,315.264328,100.030000,66.000000,0.918700,14.940000,-8.700000,0.000000,0.000000,0.796500,0
294,09:14:49.439,ROI,160,160,224,224,8.010000,40.520000,10.200000,0.000000,24.680000,683.040000,78.430000,684.650000,78.600000,687.289899,78.321431,-8.830000,-9.670298,-11.075307,324.902146,-9.139521,316.552369,98.380000,65.830000,0.941800,16.370000,-8.830000,0.000000,0.000000,0.781400,0
295,09:14:49.503,ROI,160,160,224,224,8.130000,58.120000,14.075000,0.000000,17.210000,685.270000,78.720000,686.760000,79.000000,690.351331,78.861819,-8.830000,-10.204968,-10.734378,323.138818,-10.010421,317.944941,98.200000,65.530000,0.947300,17.360000,-8.830000,0.000000,0.000000,0.795100,0
296,09:14:49.566,ROI,160,160,224,224,8.100000,57.800000,14.200000,0.000000,17.300000,686.250000,79.180000,688.170000,79.420000,692.926641,79.400395,-10.120000,-10.918790,-16.587339,324.251500,-11.812070,322.956997,99.670000,67.340000,0.954200,17.790000,-10.120000,0.000000,0.000000,0.802400,0
297,09:14:49.615,ROI,160,160,224,224,8.330000,42.270000,9.900000,0.000000,23.660000,687.880000,79.020000,689.340000,79.580000,695.000609,79.863653,-10.720000,-11.590625,-7.787018,-38.358188,-12.591352,-38.737979,99.330000,67.020000,0.963000,17.990000,-10.720000,0.000000,0.000000,0.800000,0
298,09:14:49.743,ROI,160,160,224,224,14.630000,123.060000,3.275000,0.000000,8.130000,692.540000,80.680000,691.650000,80.320000,696.929988,80.408907,-12.300000,-12.471605,-17.762669,314.607762,-15.780609,316.809116,102.830000,66.570000,0.869300,16.320000,-12.300000,0.650000,-2.790000,0.914200,0
299,09:14:49.791,ROI,160,160,224,224,12.540000,37.540000,12.075000,0.000000,26.640000,695.990000,81.340000,694.390000,81.070000,698.845948,81.026359,-13.990000,-13.616117,-15.308187,-46.086140,-17.862446,-42.863571,102.690000,66.440000,0.917400,16.170000,-13.990000,0.000000,0.000000,0.924200,0
300,09:14:49.854,ROI,160,160,224,224,10.550000,55.760000,0.000000,0.000000,17.930000,698.890000,81.820000,697.250000,81.750000,700.785839,81.682806,-12.180000,-14.037460,-13.374440,-46.203624,-18.695512,-42.892544,101.950000,67.860000,0.925800,16.640000,-12.180000,0.000000,0.000000,0.930000,0
301,09:14:49.920,ROI,160,160,224,224,9.510000,58.290000,14.475000,0.000000,17.160000,702.050000,82.010000,700.340000,82.260000,702.818883,82.323181,-14.040000,-14.739609,-9.372093,-46.867521,-17.483556,-44.316046,101.980000,66.050000,0.915700,17.370000,-14.040000,0.000000,0.000000,0.917700,0
302,09:14:49.967,ROI,160,160,224,224,8.610000,40.090000,10.600000,0.000000,24.950000,703.960000,82.070000,703.080000,82.550000,704.859395,82.888258,-18.240000,-16.334456,-6.041659,319.781107,-15.478944,321.196525,101.090000,66.010000,0.961400,19.030000,-18.240000,0.000000,0.000000,0.872900,0
303,09:14:50.030,ROI,160,160,224,224,8.320000,56.530000,0.000000,0.000000,17.690000,707.090000,83.480000,706.040000,83.250000,706.993161,83.496589,-17.470000,-17.388226,-13.305237,-27.748131,-15.912700,-25.668163,100.270000,67.660000,0.902000,17.330000,-17.470000,0.000000,0.000000,0.934500,0
304,09:14:50.095,ROI,160,160,224,224,7.890000,57.370000,0.000000,0.000000,17.430000,708.200000,84.180000,708.320000,83.970000,709.063681,84.142435,-21.250000,-19.177911,-17.525568,-17.733528,-17.324000,-14.502972,100.740000,69.240000,0.955900,16.820000,-21.250000,0.000000,0.000000,0.863800,0
305,09:14:50.159,ROI,160,160,224,224,8.960000,59.180000,7.025000,0.000000,16.900000,712.420000,84.900000,711.360000,84.730000,711.311988,84.822835,-17.850000,-19.735169,-14.036243,-14.858615,-16.837255,-11.624334,97.660000,67.700000,0.898500,17.170000,-17.850000,0.490000,-12.220000,0.931200,0
306,09:14:50.208,ROI,160,160,224,224,7.920000,41.530000,19.900000,0.000000,24.080000,713.110000,85.010000,713.540000,85.220000,713.506762,85.468435,-17.920000,-19.972907,-12.667875,-15.050293,-16.391438,-12.306938,98.810000,68.040000,0.981300,18.350000,-17.920000,0.000000,0.000000,0.910200,0
307,09:14:50.320,ROI,160,160,224,224,13.690000,112.160000,3.775000,0.000000,8.920000,717.590000,86.070000,716.690000,85.930000,715.912790,86.131222,-22.720000,-21.412883,-12.702023,-14.521869,-15.401233,-12.225113,98.700000,69.260000,0.886400,18.350000,-22.720000,0.000000,0.000000,0.873300,0
308,09:14:50.384,ROI,160,160,224,224,7.620000,50.860000,0.000000,0.000000,19.660000,720.360000,87.740000,719.830000,87.080000,718.518859,86.916665,-24.430000,-23.068153,-20.114854,-15.689012,-16.772293,-12.516439,99.470000,72.300000,0.903100,18.610000,-24.430000,0.000000,0.000000,0.890900,0
309,09:14:50.447,ROI,160,160,224,224,8.390000,58.090000,7.050000,0.000000,17.210000,722.240000,87.810000,722.480000,87.900000,721.214613,87.712935,-23.700000,-24.233004,-17.193843,-15.418368,-16.456054,-12.539209,99.620000,71.470000,0.952100,17.360000,-23.700000,0.000000,0.000000,0.884700,0
310,09:14:50.497,ROI,160,160,224,224,11.730000,48.230000,19.225000,27.975000,20.740000,723.710000,88.310000,724.720000,88.620000,723.853415,88.495931,-23.120000,-24.778044,-17.818889,-15.768344,-16.526886,-13.422980,99.060000,70.380000,0.956200,16.970000,-23.120000,0.000000,0.000000,0.890000,0
311,09:14:50.600,ROI,160,160,224,224,59.030000,142.730000,4.375000,0.000000,7.010000,726.570000,89.820000,726.960000,89.660000,726.509952,89.359440,-26.580000,-26.079504,-24.904769,-18.183643,-18.006771,-15.300021,98.450000,71.720000,0.905500,17.390000,-26.580000,0.000000,0.000000,0.883300,0
312,09:14:50.682,ROI,160,160,224,224,27.700000,44.250000,0.000000,0.000000,22.600000,727.230000,90.890000,728.630000,90.750000,728.950331,90.314887,-24.960000,-26.665298,-33.132268,-22.639232,-21.381141,-18.535330,98.210000,71.530000,0.957900,17.380000,-24.960000,0.000000,0.000000,0.908400,0
313,09:14:50.732,ROI,160,160,224,224,13.540000,22.880000,0.000000,0.000000,43.700000,730.280000,92.390000,730.440000,92.050000,731.323839,91.403742,-26.890000,-27.463246,-35.687119,-27.120004,-24.643450,-22.732327,96.750000,69.150000,0.901200,17.330000,-26.890000,0.000000,0.000000,0.866500,0
314,09:14:50.802,ROI,160,160,224,224,10.600000,47.110000,0.000000,0.000000,21.230000,734.060000,94.420000,733.220000,93.740000,733.763843,92.703839,-28.650000,-28.629448,-31.295990,-29.755254,-28.049836,-27.838936,96.540000,71.500000,0.874600,17.480000,-28.650000,0.000000,0.000000,0.863500,0
315,09:14:50.849,ROI,160,160,224,224,9.220000,39.350000,10.850000,0.000000,25.410000,736.560000,95.720000,735.790000,95.360000,736.269637,94.176851,-31.510000,-30.322782,-32.225289,-32.367735,-30.448817,-33.719092,97.020000,72.770000,0.916700,16.690000,-31.510000,0.000000,0.000000,0.857700,0
316,09:14:50.912,ROI,160,160,224,224,8.050000,53.860000,0.000000,0.000000,18.570000,739.630000,97.400000,738.710000,97.100000,738.861613,95.814839,-30.280000,-31.279387,-30.790309,-33.997862,-32.290662,-39.831530,97.450000,73.740000,0.898000,16.270000,-30.280000,0.000000,0.000000,0.861200,0
317,09:14:50.977,ROI,160,160,224,224,7.880000,58.630000,6.975000,0.000000,17.060000,741.380000,98.250000,741.100000,98.570000,741.430226,97.513976,-28.130000,-31.406899,-31.594125,-35.328237,-33.484631,-29.726336,98.500000,73.400000,0.943100,16.870000,-28.130000,0.000000,0.000000,0.884300,0
318,09:14:51.041,ROI,160,160,224,224,11.250000,61.820000,7.000000,0.000000,16.180000,744.190000,99.750000,743.780000,100.080000,743.992512,99.260581,-29.020000,-31.574597,-29.398338,-35.749033,-34.280640,-32.076278,98.990000,75.350000,0.908300,17.370000,-29.020000,0.630000,-28.850000,0.882500,0
319,09:14:51.086,ROI,160,160,224,224,11.600000,39.210000,0.000000,32.100000,25.500000,745.780000,100.090000,745.780000,101.110000,746.458794,100.906621,-32.290000,-32.457972,-27.248467,-34.925482,-33.719846,-33.827661,99.820000,74.520000,0.958200,16.740000,-32.290000,0.530000,-30.230000,0.832500,0
320,09:14:51.200,ROI,160,160,224,224,9.920000,103.610000,0.000000,36.900000,9.650000,749.230000,101.770000,748.500000,102.390000,748.925891,102.504810,-31.340000,-32.686181,-25.201124,-33.559006,-32.935235,-34.977078,100.620000,75.630000,0.893800,17.800000,-31.340000,0.700000,-29.090000,0.828300,0
321,09:14:51.263,ROI,160,160,224,224,9.310000,55.380000,0.000000,0.000000,18.060000,752.460000,103.960000,751.610000,104.060000,751.467609,104.146552,-32.600000,-33.080617,-28.234797,-32.928895,-32.859156,-35.783445,97.850000,75.240000,0.885400,17.370000,-32.600000,0.000000,0.000000,0.800200,0
322,09:14:51.326,ROI,160,160,224,224,10.760000,59.360000,0.000000,0.000000,16.850000,754.040000,104.720000,754.180000,105.300000,753.972222,105.737887,-33.660000,-33.592819,-25.756857,-32.119690,-32.430307,-36.321030,96.390000,77.040000,0.945700,17.050000,-33.660000,0.000000,0.000000,0.787700,0
323,09:14:51.374,ROI,160,160,224,224,11.750000,42.330000,0.000000,0.000000,23.630000,755.270000,104.920000,756.300000,106.080000,756.312198,107.141802,-33.550000,-33.901540,-20.199807,-29.558789,-30.962493,-36.300788,96.360000,76.440000,0.967300,16.380000,-33.550000,0.000000,0.000000,0.774800,0
324,09:14:51.439,ROI,160,160,224,224,9.810000,56.520000,7.500000,0.000000,17.690000,758.010000,106.500000,758.660000,107.070000,758.590613,108.427310,-33.160000,-34.001629,-22.757636,-27.731907,-29.432190,-35.757840,96.220000,76.610000,0.907500,15.850000,-33.160000,0.000000,0.000000,0.805000,0
325,09:14:51.503,ROI,160,160,224,224,9.910000,58.260000,0.000000,0.000000,17.160000,759.500000,107.530000,760.670000,107.980000,760.746020,109.589476,-33.040000,-34.037448,-24.357990,-26.513487,-28.332923,-34.884225,95.620000,77.590000,0.944200,16.570000,-33.040000,0.000000,0.000000,0.839500,0
326,09:14:51.552,ROI,160,160,192,192,10.570000,44.200000,0.000000,0.000000,22.630000,762.160000,109.220000,762.730000,109.110000,762.886645,110.699746,-47.850000,-37.864375,-28.746693,-25.995188,-27.414251,-33.690977,92.160000,77.450000,0.905700,14.730000,-47.850000,0.000000,0.000000,0.806300,0
327,09:14:51.680,ROI,160,160,192,192,8.740000,120.090000,0.000000,0.000000,8.330000,765.600000,111.640000,765.100000,110.650000,765.159302,111.900480,-52.110000,-42.275476,-33.015369,-27.334967,-27.849249,-32.659065,92.040000,79.070000,0.874100,15.060000,-52.110000,0.000000,0.000000,0.833800,0
328,09:14:51.729,ROI,160,160,192,192,14.930000,48.760000,0.000000,24.775000,20.510000,766.660000,111.940000,766.990000,111.790000,767.361548,113.030681,-48.810000,-45.095012,-31.097313,-27.129814,-27.167080,-31.249597,92.900000,77.950000,0.963800,14.490000,-48.810000,0.000000,0.000000,0.782500,0
329,09:14:51.793,ROI,160,160,192,192,9.330000,50.220000,8.175000,0.000000,19.910000,768.780000,114.480000,768.920000,113.520000,769.488504,114.248714,-48.760000,-47.324839,-41.872194,-29.824815,-29.798241,-30.417850,91.820000,77.780000,0.895800,14.740000,-48.760000,0.000000,0.000000,0.805300,0
330,09:14:51.857,ROI,160,160,192,192,12.910000,62.180000,0.000000,0.000000,16.080000,770.960000,115.220000,770.900000,114.940000,771.555593,115.464052,-48.060000,-49.175536,-35.647021,-30.608252,-30.453274,-29.646363,91.380000,78.620000,0.936000,14.540000,-48.060000,0.000000,0.000000,0.776200,0
331,09:14:51.904,ROI,160,160,192,192,8.320000,35.990000,11.800000,0.000000,27.790000,772.870000,118.130000,772.860000,117.000000,773.542343,116.860847,-51.790000,-51.587637,-46.424974,-34.483353,-35.109324,-30.172983,89.080000,79.910000,0.892300,13.470000,-51.790000,0.000000,0.000000,0.770000,0
332,09:14:51.968,ROI,160,160,192,192,10.250000,60.150000,7.050000,0.000000,16.620000,774.280000,118.460000,774.510000,118.400000,775.402907,118.269633,-43.180000,-50.972931,-40.314100,-36.710427,-37.132356,-31.277207,91.340000,80.750000,0.959100,13.410000,-43.180000,0.000000,0.000000,0.772800,0
333,09:14:52.031,ROI,160,160,192,192,9.070000,54.900000,7.550000,0.000000,18.210000,777.130000,121.310000,776.640000,120.490000,777.259956,119.845101,-47.030000,-51.375512,-44.456928,-39.302499,-40.310339,-33.036417,88.870000,78.800000,0.875300,13.950000,-47.030000,0.000000,0.000000,0.791900,0
334,09:14:52.080,ROI,160,160,192,192,9.920000,42.870000,0.000000,0.000000,23.330000,777.700000,121.830000,777.980000,122.060000,778.967238,121.430069,-46.620000,-51.155339,-49.519138,-42.543959,-42.872311,-35.112919,89.710000,79.520000,0.974700,14.530000,-46.620000,0.000000,0.000000,0.823200,0
335,09:14:52.208,ROI,160,160,192,192,10.160000,121.940000,0.000000,0.000000,8.200000,781.480000,125.300000,780.380000,124.480000,780.764891,123.246403,-55.230000,-53.381702,-45.237740,-44.523893,-45.296171,-37.584077,88.210000,80.300000,0.845000,14.400000,-55.230000,0.000000,0.000000,0.849900,0
336,09:14:52.255,ROI,160,160,192,192,10.980000,36.470000,0.000000,33.850000,27.420000,782.370000,125.470000,782.050000,126.070000,782.525468,125.075823,-54.690000,-55.138665,-43.594251,-46.027799,-46.098585,-39.998876,87.370000,79.510000,0.970300,14.730000,-54.690000,0.000000,0.000000,0.816800,0
337,09:14:52.320,ROI,160,160,192,192,12.320000,59.890000,0.000000,0.000000,16.700000,784.570000,127.700000,784.060000,127.930000,784.266476,126.979778,-58.710000,-57.246190,-42.780344,-47.289072,-47.559695,-42.626251,86.170000,81.640000,0.900700,13.580000,-58.710000,0.000000,0.000000,0.848000,0
338,09:14:52.384,ROI,160,160,192,192,8.520000,53.980000,0.000000,42.775000,18.530000,785.400000,129.480000,785.710000,129.890000,785.881258,128.940137,-55.810000,-58.002052,-49.908096,-49.750628,-50.521113,-45.659896,86.440000,83.120000,0.939600,14.310000,-55.810000,0.000000,0.000000,0.841400,0
339,09:14:52.432,ROI,160,160,192,192,8.000000,40.580000,0.000000,45.650000,24.640000,787.120000,132.080000,787.380000,132.100000,787.421657,131.042758,-61.700000,-60.093714,-52.923259,-52.985151,-53.773157,-49.271824,85.780000,83.110000,0.903600,14.060000,-61.700000,0.000000,0.000000,0.884100,0
340,09:14:52.495,ROI,160,160,192,192,8.670000,57.530000,0.000000,42.325000,17.380000,787.910000,133.860000,788.620000,134.130000,788.821976,133.238758,-59.520000,-61.259145,-58.581852,-57.364957,-57.475653,-53.505364,85.520000,83.380000,0.941100,13.120000,-59.520000,0.000000,0.000000,0.835600,0
341,09:14:52.559,ROI,160,160,192,192,9.860000,58.370000,0.000000,0.000000,17.130000,788.510000,135.640000,789.570000,136.060000,790.035895,135.469944,-59.170000,-61.743375,-63.792298,-61.985643,-61.450749,-58.236405,86.590000,83.690000,0.945300,13.060000,-59.170000,0.000000,0.000000,0.866500,0
342,09:14:52.607,ROI,160,160,192,192,8.590000,40.170000,0.000000,0.000000,24.900000,790.220000,136.360000,790.520000,137.420000,791.158496,137.579218,-62.480000,-63.014339,-55.064568,-62.781671,-61.977138,-62.273951,84.920000,83.030000,0.944800,12.510000,-62.480000,0.000000,0.000000,0.851900,0
343,09:14:52.735,ROI,160,160,192,192,8.350000,121.680000,6.575000,0.000000,8.220000,792.800000,138.870000,792.000000,139.110000,792.365520,139.650730,-68.390000,-65.394363,-48.790082,-61.134997,-59.771593,-64.892128,83.320000,82.900000,0.886800,13.980000,-68.390000,0.000000,0.000000,0.802200,0
344,09:14:52.784,ROI,160,160,192,192,7.730000,37.680000,19.800000,0.000000,26.540000,794.230000,140.110000,793.550000,140.600000,793.605145,141.594758,-65.770000,-66.475339,-43.869309,-58.292530,-57.476056,-66.126974,83.820000,82.990000,0.938100,14.580000,-65.770000,0.000000,0.000000,0.854800,0
345,09:14:52.849,ROI,160,160,192,192,9.590000,59.760000,13.775000,0.000000,16.730000,795.600000,140.730000,795.030000,141.630000,794.878560,143.296778,-66.970000,-67.282202,-34.835830,-52.949701,-53.196945,-65.619459,82.720000,82.450000,0.953600,14.480000,-66.970000,1.310000,-69.470000,0.855800,0
346,09:14:52.913,ROI,160,160,192,192,9.470000,57.930000,14.350000,0.000000,17.260000,797.520000,143.160000,796.780000,143.140000,796.225847,144.888129,-68.630000,-68.304492,-40.789502,-49.603777,-49.747727,-63.789621,81.100000,84.040000,0.901400,14.960000,-68.630000,1.750000,-68.150000,0.827100,0
347,09:14:52.961,ROI,160,160,192,192,10.920000,42.690000,0.000000,33.225000,23.420000,798.260000,144.980000,798.120000,144.710000,797.575444,146.407629,-70.570000,-69.753605,-49.519138,-48.597645,-48.389005,-61.370630,81.550000,84.650000,0.940700,15.350000,-70.570000,0.000000,0.000000,0.851000,0
348,09:14:53.023,ROI,160,160,192,192,8.620000,52.600000,7.875000,0.000000,19.010000,799.670000,147.700000,799.520000,146.780000,798.923081,147.983375,-70.550000,-70.874988,-55.928390,-49.316987,-49.461696,-59.093989,81.400000,85.270000,0.907100,15.260000,-70.550000,0.000000,0.000000,0.816700,0
349,09:14:53.087,ROI,160,160,192,192,8.300000,58.340000,14.050000,0.000000,17.140000,799.880000,148.370000,800.320000,148.250000,800.176024,149.487657,-71.120000,-71.649282,-61.444186,-51.392507,-50.208481,-56.981874,81.500000,84.410000,0.979300,14.880000,-71.120000,0.000000,0.000000,0.833500,0
350,09:14:53.201,ROI,160,160,192,192,8.350000,107.090000,7.475000,0.000000,9.340000,802.040000,153.000000,801.660000,151.030000,801.437484,151.257004,-75.340000,-73.439133,-64.265264,-54.022112,-54.512946,-56.012610,79.960000,88.180000,0.853800,16.340000,-75.340000,0.000000,0.000000,0.843800,0
351,09:14:53.264,ROI,160,160,192,192,8.470000,56.480000,21.500000,0.000000,17.710000,803.250000,154.280000,803.100000,153.510000,802.688089,153.139028,-73.890000,-74.487056,-59.858614,-54.818542,-56.395967,-55.381984,77.720000,89.450000,0.942800,17.720000,-73.890000,0.000000,0.000000,0.895700,0
352,09:14:53.312,ROI,160,160,192,192,8.620000,41.510000,10.100000,0.000000,24.090000,804.940000,156.520000,804.680000,156.040000,803.995685,155.158863,-77.800000,-76.330851,-58.014978,-55.161097,-57.081864,-54.790233,77.750000,87.480000,0.911100,15.630000,-77.800000,0.000000,0.000000,0.860200,0
353,09:14:53.377,ROI,160,160,192,192,7.600000,57.670000,7.025000,0.000000,17.340000,805.090000,157.810000,805.640000,158.100000,805.224722,157.218718,-76.680000,-77.683387,-65.013567,-57.877541,-59.177095,-54.747073,78.120000,87.060000,0.966300,15.960000,-76.680000,0.000000,0.000000,0.888200,0
354,09:14:53.440,ROI,160,160,192,192,7.830000,57.830000,7.050000,0.000000,17.290000,805.380000,159.540000,806.290000,160.050000,806.283387,159.279363,-78.390000,-79.448492,-71.565051,-62.004411,-62.807973,-55.678023,78.130000,86.900000,0.953900,14.070000,-78.390000,0.000000,0.000000,0.822400,0
355,09:14:53.489,ROI,160,160,192,192,7.800000,42.170000,9.800000,0.000000,23.710000,805.960000,161.260000,806.720000,161.850000,807.164786,161.321012,-78.650000,-81.255093,-76.564477,-67.025942,-66.649687,-57.565960,78.880000,87.890000,0.947800,14.480000,-78.650000,0.000000,0.000000,0.824400,0
356,09:14:53.616,ROI,160,160,192,192,9.070000,123.100000,3.275000,0.000000,8.120000,806.790000,164.540000,807.180000,164.220000,807.901065,163.492661,-83.130000,-82.806613,-79.015873,-71.876120,-71.271232,-60.560596,80.890000,87.440000,0.905500,14.240000,-83.130000,0.000000,0.000000,0.753400,0
357,09:14:53.664,ROI,160,160,192,192,12.710000,45.180000,10.225000,0.000000,22.140000,806.880000,165.400000,807.510000,166.130000,808.450722,165.629452,-84.760000,-83.962036,-80.197503,-76.139602,-75.574275,-64.383397,80.900000,86.880000,0.978300,16.710000,-84.760000,0.000000,0.000000,0.813800,0
358,09:14:53.729,ROI,160,160,192,192,7.920000,52.550000,7.625000,0.000000,19.030000,807.080000,166.570000,807.600000,167.580000,808.815577,167.655395,-87.010000,-85.545282,-86.448267,-81.720010,-79.790959,-69.051317,81.880000,87.130000,0.962100,17.310000,-87.010000,0.000000,0.000000,0.833400,0
359,09:14:53.792,ROI,160,160,192,192,8.120000,57.250000,7.125000,0.000000,17.470000,807.110000,168.420000,807.520000,169.160000,808.980476,169.577875,-87.280000,-86.782968,-92.898577,-87.328454,-85.097499,-74.487591,83.940000,87.290000,0.935300,15.440000,-87.280000,0.000000,0.000000,0.760800,0
360,09:14:53.841,ROI,160,160,192,192,8.070000,42.340000,9.850000,0.000000,23.620000,807.730000,169.440000,807.610000,170.330000,809.020024,171.332980,-86.090000,-87.424609,-85.601295,-90.654965,-88.709153,-80.297734,84.290000,88.920000,0.962900,17.010000,-86.090000,0.000000,0.000000,0.809800,0
361,09:14:53.904,ROI,160,160,192,192,7.980000,57.290000,14.250000,0.000000,17.450000,807.760000,171.500000,807.580000,171.830000,808.928230,172.978560,-87.000000,-87.717141,-91.145763,-93.897121,-93.192784,-86.280587,85.100000,89.740000,0.946000,15.710000,-87.000000,0.000000,0.000000,0.840900,0
362,09:14:53.968,ROI,160,160,192,192,8.770000,59.070000,0.000000,0.000000,16.930000,808.010000,172.750000,807.510000,173.040000,808.750032,174.510754,-88.190000,-88.917149,-93.310942,-97.484323,-96.633826,-92.266744,83.840000,88.490000,0.957900,15.380000,-88.190000,0.000000,0.000000,0.805100,0
363,09:14:54.015,ROI,160,160,192,192,9.080000,40.490000,0.000000,0.000000,24.700000,807.630000,173.660000,807.330000,174.100000,808.438315,175.853520,-89.680000,-90.109540,-99.637538,-101.659707,-103.069487,-98.874784,83.000000,86.620000,0.969000,15.890000,-89.680000,0.290000,-90.390000,0.825800,0
364,09:14:54.145,ROI,160,160,192,192,11.940000,126.360000,3.225000,0.000000,7.910000,809.100000,178.890000,807.630000,176.660000,808.216270,177.473286,-91.190000,-91.665302,-83.316136,-100.148519,-97.805694,-102.900543,85.680000,88.100000,0.857900,16.280000,-91.190000,0.000000,0.000000,0.856900,0
365,09:14:54.191,ROI,160,160,192,192,11.510000,35.720000,11.700000,0.000000,28.000000,808.690000,181.160000,807.850000,179.430000,807.973726,179.319141,-92.610000,-92.702944,-85.458965,-99.293468,-97.485749,-105.902530,85.870000,87.080000,0.940800,16.000000,-92.610000,1.050000,-93.000000,0.811400,0
366,09:14:54.257,ROI,160,160,192,192,9.960000,56.370000,7.275000,0.000000,17.740000,808.910000,183.170000,808.090000,181.940000,807.779161,181.357198,-92.230000,-93.481935,-84.538124,-98.128398,-95.453256,-107.651262,86.710000,88.910000,0.946100,17.310000,-92.230000,0.000000,0.000000,0.868800,0
367,09:14:54.325,ROI,160,160,192,192,20.120000,70.830000,0.000000,0.000000,14.120000,809.300000,184.390000,808.540000,184.060000,807.657835,183.440480,-94.930000,-94.459738,-78.016031,-95.250941,-93.333038,-108.212764,85.740000,86.220000,0.958900,17.230000,-94.930000,0.000000,0.000000,0.853400,0
368,09:14:54.370,ROI,160,160,192,192,11.800000,27.730000,16.300000,0.000000,36.070000,809.110000,185.080000,808.800000,185.600000,807.580742,185.397395,-94.840000,-95.472040,-80.417055,-92.546168,-92.256002,-107.847005,86.950000,85.680000,0.970600,17.530000,-94.840000,0.000000,0.000000,0.871300,0
369,09:14:54.433,ROI,160,160,192,192,13.870000,57.390000,7.825000,0.000000,17.430000,809.530000,187.280000,809.250000,187.430000,807.593669,187.288484,-93.120000,-95.361637,-76.184975,-88.482634,-89.608334,-106.164577,84.360000,87.170000,0.922900,19.130000,-93.120000,1.020000,-97.400000,0.888100,0
370,09:14:54.496,ROI,160,160,192,192,12.040000,53.260000,8.100000,61.100000,18.780000,808.680000,187.850000,809.220000,188.770000,807.601081,188.994552,-93.350000,-95.435310,-91.282527,-88.016070,-89.751104,-103.947206,85.220000,87.500000,0.967500,18.440000,-93.350000,0.000000,0.000000,0.902900,0
371,09:14:54.548,ROI,160,160,192,192,15.180000,48.740000,0.000000,0.000000,20.520000,810.220000,192.660000,809.730000,191.550000,807.787294,190.917460,-95.190000,-96.045613,-79.604496,-83.518433,-84.468743,-99.710911,84.260000,93.460000,0.868700,19.110000,-95.190000,0.000000,0.000000,0.918300,0
372,09:14:54.673,ROI,160,160,192,192,34.130000,128.230000,0.000000,0.000000,7.800000,809.180000,196.960000,809.640000,195.080000,807.993657,193.275637,-93.290000,-95.855210,-91.460483,-82.916630,-84.998816,-95.476681,83.920000,92.990000,0.890700,19.530000,-93.290000,0.000000,0.000000,0.906200,0
373,09:14:54.721,ROI,160,160,192,192,16.250000,21.280000,29.225000,0.000000,47.000000,810.320000,198.640000,810.100000,198.230000,808.331238,195.890395,-96.150000,-95.910528,-81.691724,-80.117378,-82.643471,-90.772400,83.320000,93.880000,0.939200,20.400000,-96.150000,0.000000,0.000000,0.900800,0
374,09:14:54.784,ROI,160,160,192,192,14.240000,52.290000,8.500000,0.000000,19.120000,809.700000,200.160000,810.160000,200.880000,808.672117,198.613484,-97.920000,-96.587988,-88.702959,-79.977641,-82.864772,-86.470526,86.560000,94.440000,0.932400,19.720000,-97.920000,0.340000,-100.830000,0.869700,0
375,09:14:54.851,ROI,160,160,192,192,16.010000,59.310000,30.575000,0.000000,16.860000,809.680000,202.760000,810.160000,203.450000,809.001907,201.458685,-98.800000,-97.333448,-90.000000,-81.354296,-83.388291,-82.946669,84.660000,96.000000,0.926800,17.800000,-98.800000,1.580000,-94.890000,0.840800,0
376,09:14:54.902,ROI,160,160,192,192,14.740000,42.500000,22.775000,0.000000,23.530000,808.960000,203.460000,809.890000,205.260000,809.217810,204.183718,-97.090000,-97.422278,-98.484322,-84.919621,-85.469941,-80.671568,82.520000,94.190000,0.956400,17.510000,-97.090000,0.320000,-94.630000,0.808400,0
377,09:14:54.961,ROI,160,160,192,192,9.640000,46.860000,8.975000,0.000000,21.340000,808.060000,205.360000,809.220000,206.910000,809.250210,206.763355,-99.370000,-97.957706,-112.100133,-91.410533,-89.280426,-79.969082,82.480000,93.280000,0.939800,19.630000,-99.370000,0.000000,0.000000,0.866000,0
378,09:14:55.008,ROI,160,160,192,192,8.020000,38.440000,0.000000,0.000000,26.010000,807.160000,206.100000,808.320000,208.050000,809.047629,209.040819,-100.420000,-98.740113,-128.290163,-101.155758,-95.083088,-81.095570,85.300000,93.610000,0.951900,19.340000,-100.420000,0.000000,0.000000,0.842100,0
379,09:14:55.137,ROI,160,160,192,192,19.120000,134.910000,3.225000,19.475000,7.410000,805.660000,209.230000,806.870000,209.580000,808.542710,211.211250,-102.620000,-100.035472,-133.462228,-110.742882,-103.096097,-84.519158,83.630000,92.460000,0.903200,21.620000,-102.620000,0.000000,0.000000,0.900000,0
380,09:14:55.182,ROI,160,160,192,192,9.430000,27.710000,15.450000,0.000000,36.080000,804.260000,210.900000,805.230000,211.220000,807.678802,213.205149,-107.780000,-102.227391,-135.000000,-119.308639,-113.425893,-90.288940,86.540000,92.030000,0.932600,20.260000,-107.780000,0.000000,0.000000,0.901700,0
381,09:14:55.248,ROI,160,160,192,192,9.690000,58.840000,7.075000,0.000000,17.000000,803.420000,212.260000,803.690000,212.590000,806.507734,214.976460,-108.240000,-104.421000,-138.343376,-128.070297,-123.469933,-98.209155,86.390000,91.300000,0.952500,20.510000,-108.240000,0.000000,0.000000,0.911800,0
382,09:14:55.311,ROI,160,160,192,192,7.750000,54.460000,0.000000,0.000000,18.360000,804.300000,215.720000,803.080000,214.750000,805.283819,216.738036,-110.440000,-106.625323,-105.770073,-127.454854,-124.790956,-105.824568,86.290000,93.850000,0.910000,20.920000,-110.440000,0.000000,0.000000,0.933600,0
383,09:14:55.358,ROI,160,160,192,192,9.370000,42.980000,0.000000,0.000000,23.270000,803.650000,219.160000,802.460000,217.440000,804.047992,218.655351,-108.120000,-108.045274,-102.979060,-125.755326,-122.804259,-112.195022,88.460000,97.450000,0.908000,21.350000,-108.120000,0.000000,0.000000,0.924300,0
384,09:14:55.422,ROI,160,160,224,224,9.080000,57.310000,7.225000,0.000000,17.450000,802.260000,219.200000,801.530000,219.130000,802.743129,220.448020,-111.080000,-109.963274,-118.823807,-127.935797,-126.050432,-118.696133,88.730000,96.880000,0.963400,18.850000,-111.080000,0.360000,-130.860000,0.958200,0
385,09:14:55.486,ROI,160,160,224,224,11.360000,60.320000,7.175000,0.000000,16.580000,802.290000,221.090000,801.010000,220.820000,801.508250,222.141754,-111.700000,-111.824798,-107.102729,-126.251232,-126.095297,-124.385905,88.510000,97.150000,0.959400,20.470000,-111.700000,0.460000,-127.580000,0.953400,0
386,09:14:55.600,ROI,160,160,224,224,12.520000,108.640000,3.825000,0.000000,9.200000,799.230000,224.420000,799.550000,223.330000,800.090185,223.909520,-114.170000,-113.732661,-120.185421,-127.860144,-128.735847,-129.896623,94.680000,97.060000,0.874700,19.460000,-114.170000,1.370000,-121.360000,0.969700,0
387,09:14:55.662,ROI,160,160,224,224,13.370000,56.200000,8.025000,0.000000,17.790000,798.730000,225.530000,798.420000,225.370000,798.616073,225.644254,-113.780000,-115.084173,-118.983014,-128.672785,-130.356657,-134.900650,93.180000,96.250000,0.961900,19.920000,-113.780000,0.870000,-124.130000,0.960100,0
388,09:14:55.711,ROI,160,160,224,224,13.500000,41.330000,0.000000,0.000000,24.200000,798.590000,227.930000,797.690000,227.580000,797.230520,227.435859,-115.920000,-116.517540,-108.279254,-125.774680,-127.716870,-138.233384,95.760000,96.100000,0.926300,18.200000,-115.920000,1.110000,-124.610000,0.957600,0
389,09:14:55.775,ROI,160,160,224,224,14.880000,58.650000,7.850000,0.000000,17.050000,797.720000,228.930000,796.970000,229.390000,795.957827,229.171391,-116.560000,-117.762036,-111.692171,-123.150951,-126.253191,-140.188687,95.380000,94.840000,0.961700,16.810000,-116.560000,0.960000,-124.280000,0.956700,0
390,09:14:55.839,ROI,160,160,192,192,11.700000,53.500000,8.075000,0.000000,18.690000,797.590000,231.050000,796.620000,231.250000,794.885468,230.922444,-114.010000,-118.152839,-100.656848,-118.131247,-121.483645,-140.076031,91.070000,96.250000,0.914600,18.830000,-114.010000,0.000000,0.000000,0.922900,0
391,09:14:55.887,ROI,160,160,224,224,16.150000,45.650000,22.025000,23.050000,21.900000,795.880000,231.390000,795.840000,232.480000,793.900766,232.516871,-115.860000,-118.816665,-122.380678,-118.665972,-121.699042,-139.275952,91.840000,96.640000,0.956600,16.930000,-115.860000,0.470000,-115.160000,0.955800,0
392,09:14:56.015,ROI,160,160,224,224,16.380000,121.490000,0.000000,0.000000,8.230000,793.770000,234.750000,794.550000,234.400000,792.879101,234.206815,-116.440000,-119.359770,-123.896167,-118.906013,-121.155307,-137.635726,91.530000,96.400000,0.892100,16.450000,-116.440000,0.550000,-123.090000,0.947100,0
393,09:14:56.065,ROI,160,160,224,224,14.960000,41.310000,11.950000,0.000000,24.210000,791.380000,238.480000,792.670000,236.890000,791.698992,236.181831,-119.320000,-120.365121,-127.053537,-118.822092,-120.859103,-134.908595,90.090000,90.090000,0.877000,15.660000,-119.320000,0.380000,-122.190000,0.950000,0
394,09:14:56.128,ROI,160,160,192,192,8.970000,49.680000,8.400000,0.000000,20.130000,789.700000,239.630000,790.830000,239.170000,790.366681,238.246633,-117.060000,-120.395956,-128.904138,-120.123834,-122.832066,-132.755618,97.520000,95.590000,0.870600,18.070000,-117.060000,0.000000,0.000000,0.968500,0
395,09:14:56.191,ROI,160,160,224,224,13.940000,62.470000,7.200000,0.000000,16.010000,786.060000,243.140000,788.060000,242.120000,788.671802,240.538101,-117.840000,-120.360887,-133.197581,-122.020330,-126.488399,-131.228943,96.260000,94.180000,0.863500,16.320000,-117.840000,0.000000,0.000000,0.943200,0
396,09:14:56.240,ROI,160,160,224,224,14.910000,43.280000,11.550000,0.000000,23.110000,784.500000,244.330000,785.520000,244.590000,786.729423,242.908093,-118.210000,-120.320423,-135.800488,-124.260546,-129.337086,-130.219085,97.870000,94.650000,0.944700,17.490000,-118.210000,0.550000,-112.020000,0.958600,0
397,09:14:56.303,ROI,160,160,224,224,10.460000,51.990000,8.275000,0.000000,19.240000,783.930000,246.250000,783.610000,246.900000,784.726415,245.329444,-119.180000,-120.172391,-129.585298,-125.112492,-129.598489,-129.065709,99.970000,93.950000,0.940300,17.780000,-119.180000,1.230000,-112.520000,0.956000,0
398,09:14:56.367,ROI,160,160,224,224,15.560000,63.320000,7.325000,0.000000,15.790000,782.410000,247.440000,781.770000,248.640000,782.709327,247.701565,-120.560000,-120.252810,-136.600025,-127.654571,-130.375555,-127.914238,100.620000,92.820000,0.946200,16.690000,-120.560000,1.760000,-116.630000,0.955600,0
399,09:14:56.416,ROI,160,160,224,224,11.580000,34.060000,12.275000,0.000000,29.360000,782.000000,248.570000,780.510000,249.980000,780.818710,249.916746,-121.760000,-120.680645,-133.237609,-129.616480,-130.480152,-126.818634,100.490000,93.370000,0.968200,16.930000,-121.760000,1.570000,-114.840000,0.950200,0
400,09:14:56.543,ROI,160,160,224,224,21.350000,128.780000,0.000000,17.575000,7.770000,777.160000,252.090000,777.720000,251.800000,778.677290,252.183778,-120.230000,-120.596698,-146.882394,-133.882449,-133.367875,-126.374221,98.500000,93.560000,0.844200,17.250000,-120.230000,2.690000,-119.790000,0.919600,0
401,09:14:56.600,ROI,160,160,224,224,27.950000,51.220000,11.375000,13.600000,19.520000,778.500000,254.590000,776.580000,253.930000,776.705105,254.468702,-121.900000,-120.787411,-118.156191,-131.225726,-130.798456,-125.665192,95.820000,91.710000,0.922000,17.130000,-121.900000,0.580000,-113.160000,0.922500,0
402,09:14:56.656,ROI,160,160,192,192,8.280000,26.600000,0.000000,0.000000,37.590000,774.780000,255.120000,774.410000,255.590000,774.653810,256.554234,-122.660000,-121.335976,-142.584844,-134.698541,-134.525810,-126.081641,97.400000,88.310000,0.893100,16.600000,-122.660000,0.000000,0.000000,0.915900,0
403,09:14:56.719,ROI,160,160,224,224,9.090000,57.710000,7.175000,0.000000,17.330000,774.040000,257.300000,772.900000,257.410000,772.652927,258.497609,-124.240000,-122.058831,-129.681487,-135.558253,-135.835325,-127.225950,99.200000,88.650000,0.935000,14.540000,-124.240000,0.000000,0.000000,0.890700,0
404,09:14:56.767,ROI,160,160,224,224,13.030000,45.950000,10.150000,0.000000,21.760000,772.750000,258.930000,771.590000,259.120000,770.764581,260.297456,-125.430000,-122.892903,-127.455071,-135.740794,-136.374576,-128.752864,100.020000,90.300000,0.939800,14.030000,-125.430000,0.000000,0.000000,0.840300,0
405,09:14:56.833,ROI,160,160,224,224,28.090000,73.580000,22.725000,0.000000,13.590000,770.770000,261.300000,770.190000,261.180000,768.939952,262.045560,-126.660000,-123.907415,-124.200484,-135.539885,-136.227028,-130.534153,103.450000,89.570000,0.913300,15.900000,-126.660000,0.600000,-118.180000,0.808800,0
406,09:14:56.895,ROI,160,160,224,224,14.100000,40.660000,11.650000,0.000000,24.600000,770.590000,262.430000,769.460000,262.820000,767.353242,263.686996,-128.560000,-125.527883,-113.994896,-132.564071,-134.028774,-131.973529,103.820000,90.960000,0.971900,15.750000,-128.560000,0.000000,0.000000,0.797600,0
407,09:14:56.944,ROI,160,160,224,224,10.140000,37.770000,11.325000,0.000000,26.470000,767.520000,263.580000,768.000000,264.220000,765.803935,265.187379,-131.090000,-127.555601,-136.201833,-135.038538,-135.919065,-134.103689,104.850000,88.790000,0.919800,15.600000,-131.090000,0.000000,0.000000,0.778800,0
408,09:14:57.071,ROI,160,160,224,224,9.750000,119.470000,3.375000,0.000000,8.370000,762.950000,266.810000,765.320000,266.160000,763.980206,266.764815,-129.730000,-129.006181,-144.099950,-137.848074,-139.141827,-137.010278,110.080000,88.020000,0.856400,14.220000,-129.730000,0.000000,0.000000,0.762800,0
409,09:14:57.120,ROI,160,160,224,224,10.070000,41.470000,10.175000,0.000000,24.120000,761.570000,267.130000,762.950000,267.520000,762.051734,268.246435,-128.060000,-129.767016,-150.151087,-140.965053,-142.465374,-140.331326,102.450000,87.990000,0.924000,16.170000,-128.060000,0.000000,0.000000,0.745600,0
410,09:14:57.183,ROI,160,160,224,224,14.450000,59.130000,7.450000,0.000000,16.910000,760.410000,267.760000,760.900000,268.450000,760.154690,269.538532,-132.460000,-131.200605,-155.598174,-144.282418,-145.740813,-143.589274,106.060000,87.320000,0.952700,16.640000,-132.460000,0.000000,0.000000,0.795600,0
411,09:14:57.249,ROI,160,160,224,224,13.000000,56.890000,7.700000,0.000000,17.580000,756.370000,268.970000,757.870000,269.220000,758.045895,270.668218,-138.920000,-134.084907,-165.741509,-148.661233,-151.821954,-147.250674,111.170000,85.710000,0.903800,18.330000,-138.920000,0.000000,0.000000,0.793600,0
412,09:14:57.297,ROI,160,160,224,224,8.600000,36.050000,0.000000,0.000000,27.740000,756.340000,269.670000,755.990000,269.900000,755.990593,271.586121,-138.550000,-136.261411,-160.114835,-153.144324,-155.934341,-151.264511,111.270000,86.380000,0.983200,17.280000,-138.550000,0.000000,0.000000,0.798300,0
413,09:14:57.360,ROI,160,160,224,224,9.200000,57.520000,0.000000,0.000000,17.380000,752.700000,271.390000,753.410000,271.050000,753.794024,272.397847,-144.740000,-139.927319,-155.975726,-156.236104,-159.718578,-155.755619,118.230000,84.320000,0.903000,14.920000,-144.740000,0.000000,0.000000,0.795200,0
414,09:14:57.424,ROI,160,160,256,256,8.780000,55.850000,7.225000,0.000000,17.910000,750.340000,271.240000,750.750000,271.500000,751.476653,273.020972,-139.950000,-141.565415,-170.398017,-161.285461,-164.949554,-160.564476,113.630000,82.740000,0.942000,17.450000,-139.950000,0.000000,0.000000,0.834700,0
415,09:14:57.472,ROI,160,160,256,256,8.770000,42.280000,10.050000,0.000000,23.650000,745.820000,272.950000,747.310000,272.320000,748.809452,273.601786,-144.430000,-144.014101,-166.592492,-165.447299,-167.714960,-165.171268,116.510000,82.240000,0.888400,16.330000,-144.430000,0.000000,0.000000,0.785900,0
416,09:14:57.600,ROI,160,160,256,256,9.500000,122.470000,3.300000,0.000000,8.170000,742.680000,273.900000,743.540000,273.300000,745.829859,274.133956,-148.260000,-146.804077,-165.428631,-167.475234,-169.873479,-169.138001,118.420000,79.250000,0.914500,14.060000,-148.260000,0.000000,0.000000,0.749100,0
417,09:14:57.646,ROI,160,160,256,256,8.080000,38.890000,10.875000,0.000000,25.710000,740.450000,275.050000,740.110000,274.330000,742.654544,274.682718,-146.290000,-148.563597,-163.285432,-168.362589,-170.194918,-172.023848,119.360000,81.180000,0.936500,15.460000,-146.290000,0.000000,0.000000,0.773500,0
418,09:14:57.710,ROI,160,160,256,256,8.330000,57.640000,0.000000,0.000000,17.350000,735.340000,275.420000,735.850000,275.190000,739.060145,275.198694,-151.460000,-151.066778,-168.586646,-171.216230,-171.831001,-174.630987,119.310000,80.000000,0.905100,15.010000,-151.460000,0.000000,0.000000,0.753800,0
419,09:14:57.774,ROI,160,160,256,256,8.920000,58.860000,7.100000,0.000000,16.990000,735.420000,276.120000,733.160000,275.940000,735.508056,275.704774,-156.940000,-154.376282,-164.420976,-172.313511,-171.891407,-176.518631,118.450000,78.130000,0.969500,15.050000,-156.940000,0.000000,0.000000,0.787900,0
420,09:14:57.823,ROI,160,160,256,256,8.280000,42.890000,0.000000,0.000000,23.310000,733.500000,277.340000,731.020000,276.900000,732.093282,276.274524,-155.540000,-156.864665,-155.839085,-172.114401,-170.527541,-177.766963,116.240000,78.720000,0.938600,15.780000,-155.540000,0.000000,0.000000,0.796900,0
421,09:14:57.888,ROI,160,160,256,256,9.930000,60.390000,7.025000,0.000000,16.560000,731.190000,277.240000,729.070000,277.240000,728.863444,276.820254,-155.380000,-158.614194,-170.109395,-174.048806,-170.409598,-178.467941,116.400000,78.240000,0.955400,15.730000,-155.380000,0.000000,0.000000,0.778500,0
422,09:14:58.000,ROI,160,160,256,256,9.810000,105.370000,7.700000,0.000000,9.490000,725.500000,279.400000,725.820000,278.290000,725.482734,277.508415,-159.130000,-160.822931,-162.095552,-173.325783,-168.494335,-178.321643,119.300000,77.700000,0.861100,16.080000,-159.130000,0.000000,0.000000,0.818400,0
423,09:14:58.063,ROI,160,160,256,256,10.090000,56.380000,14.700000,0.000000,17.740000,721.640000,279.130000,722.290000,278.990000,721.947802,278.194133,-160.390000,-162.539915,-168.783739,-173.987297,-169.021919,-178.125188,120.380000,81.200000,0.898200,15.760000,-160.390000,0.000000,0.000000,0.792400,0
424,09:14:58.128,ROI,160,160,256,256,10.140000,58.390000,14.550000,0.000000,17.130000,720.700000,280.390000,719.860000,279.850000,718.576645,278.940492,-160.800000,-164.023387,-160.510647,-171.988232,-167.516342,-177.201105,121.550000,78.910000,0.954300,16.350000,-160.800000,0.000000,0.000000,0.848200,0
425,09:14:58.176,ROI,160,160,256,256,9.810000,41.620000,10.450000,0.000000,24.020000,719.200000,280.140000,717.800000,280.440000,715.549540,279.605617,-159.170000,-164.559109,-164.017876,-170.509402,-167.607713,-175.899941,120.380000,79.140000,0.969600,16.020000,-159.170000,0.000000,0.000000,0.811500,0
426,09:14:58.238,ROI,160,160,256,256,9.040000,55.210000,7.575000,0.000000,18.110000,714.250000,281.780000,714.680000,281.450000,712.564218,280.333524,-161.510000,-165.357988,-162.062302,-168.112772,-166.297028,-173.925853,119.490000,78.190000,0.884700,16.830000,-161.510000,0.000000,0.000000,0.867200,0
427,09:14:58.302,ROI,160,160,256,256,9.100000,58.240000,7.175000,0.000000,17.170000,713.170000,281.610000,712.460000,282.060000,709.826742,281.013383,-162.130000,-165.899770,-164.635747,-166.935453,-166.052635,-171.873171,119.180000,81.200000,0.946000,16.620000,-162.130000,0.000000,0.000000,0.855600,0
428,09:14:58.350,ROI,160,160,256,256,9.600000,41.910000,10.225000,0.000000,23.860000,709.290000,282.820000,709.690000,282.850000,707.168746,281.743137,-162.930000,-166.231617,-164.081927,-164.955122,-164.647697,-169.460993,119.730000,79.150000,0.910000,17.460000,-162.930000,0.000000,0.000000,0.880500,0
429,09:14:58.478,ROI,160,160,256,256,9.850000,122.780000,6.625000,0.000000,8.140000,703.530000,284.060000,705.850000,283.730000,704.250585,282.585073,-161.530000,-165.815492,-167.092591,-164.056891,-163.906316,-167.033449,119.810000,83.570000,0.862300,17.760000,-161.530000,0.000000,0.000000,0.898500,0
430,09:14:58.526,ROI,160,160,256,256,8.510000,39.380000,20.800000,0.000000,25.390000,701.830000,284.300000,702.400000,284.470000,701.348302,283.458202,-164.240000,-166.109589,-167.893902,-161.996081,-163.256495,-164.428441,117.620000,83.650000,0.966400,17.810000,-164.240000,0.000000,0.000000,0.878800,0
431,09:14:58.590,ROI,160,160,256,256,8.940000,57.850000,7.150000,0.000000,17.280000,696.740000,284.770000,698.410000,285.180000,698.195827,284.319040,-163.920000,-166.021778,-169.910122,-163.018028,-164.726738,-162.765313,120.180000,82.450000,0.905400,17.700000,-163.920000,0.000000,0.000000,0.866200,0
432,09:14:58.654,ROI,160,160,256,256,9.790000,58.530000,7.150000,0.000000,17.090000,694.720000,284.960000,694.850000,285.560000,695.025306,285.113976,-165.140000,-166.105282,-173.907228,-163.042593,-165.924551,-161.418238,119.300000,84.240000,0.946600,18.270000,-165.140000,0.000000,0.000000,0.893800,0
433,09:14:58.718,ROI,160,160,256,256,10.050000,58.460000,0.000000,0.000000,17.110000,689.900000,285.120000,690.710000,285.780000,691.639875,285.791867,-165.420000,-166.053391,-176.958158,-164.889160,-168.676971,-160.969015,120.700000,83.010000,0.909900,17.880000,-165.420000,0.000000,0.000000,0.884000,0
434,09:14:58.766,ROI,160,160,256,256,9.830000,40.760000,10.575000,0.000000,24.530000,687.340000,284.490000,687.060000,285.520000,688.170681,286.243153,-167.390000,-166.385254,175.925539,-168.850814,-172.588360,-161.733898,120.930000,85.200000,0.934200,18.290000,-167.390000,0.000000,0.000000,0.887600,0
435,09:14:58.831,ROI,160,160,256,256,12.690000,62.680000,7.075000,0.000000,15.960000,683.940000,284.590000,683.430000,285.300000,684.626665,286.465452,-167.400000,-166.564790,176.531771,-172.902976,-176.410825,-163.674811,118.800000,84.910000,0.941800,17.770000,-167.400000,0.000000,0.000000,0.887800,0
436,09:14:58.895,ROI,160,160,256,256,10.010000,53.540000,7.775000,0.000000,18.680000,681.990000,285.440000,680.670000,285.350000,681.161488,286.579548,-170.220000,-167.317399,-178.962147,-176.933055,-178.114122,-166.383102,117.780000,84.900000,0.948700,17.830000,-170.220000,0.000000,0.000000,0.863700,0
437,09:14:58.942,ROI,160,160,256,256,9.550000,39.200000,21.550000,0.000000,25.510000,678.890000,284.660000,677.910000,284.930000,677.787778,286.490262,-172.870000,-168.470633,171.347458,-181.976942,178.484003,-169.975842,120.530000,84.100000,0.932500,18.350000,-172.870000,0.000000,0.000000,0.862000,0
438,09:14:59.070,ROI,160,160,256,256,9.990000,122.660000,0.000000,0.000000,8.150000,670.290000,285.810000,672.600000,285.210000,673.910480,286.351766,-173.190000,-169.726794,-176.981549,-183.062790,177.954281,-173.485658,118.780000,84.340000,0.844200,16.660000,-173.190000,0.000000,0.000000,0.836500,0
439,09:14:59.118,ROI,160,160,256,256,8.710000,39.010000,21.125000,0.000000,25.640000,668.690000,285.780000,668.510000,285.370000,669.891492,286.172444,-174.210000,-171.409431,-177.759743,-183.959895,177.445223,-176.887423,121.700000,84.610000,0.970600,17.220000,-174.210000,0.000000,0.000000,0.810100,0
440,09:14:59.182,ROI,160,160,256,256,10.330000,60.130000,7.150000,0.000000,16.630000,667.570000,284.970000,665.700000,285.080000,666.051903,285.874569,-178.220000,-173.794177,174.107772,-186.548242,175.563883,-180.530356,121.180000,84.910000,0.963200,16.760000,-178.220000,0.000000,0.000000,0.797900,0
441,09:14:59.246,ROI,160,160,256,256,10.600000,56.360000,7.375000,0.000000,17.740000,663.370000,285.120000,662.320000,284.930000,662.299573,285.533048,177.660000,-176.544435,177.458955,-186.967561,174.799526,-183.770837,126.820000,84.210000,0.927200,17.300000,177.660000,0.000000,0.000000,0.781000,0
442,09:14:59.294,ROI,160,160,256,256,8.820000,40.110000,10.600000,0.000000,24.930000,662.260000,284.570000,660.200000,284.550000,658.854734,285.115181,177.460000,-179.093722,169.837917,-189.599435,173.083680,-186.950850,122.480000,84.030000,0.953400,16.090000,177.460000,0.000000,0.000000,0.773100,0
443,09:14:59.358,ROI,160,160,256,256,10.130000,58.610000,0.000000,0.000000,17.060000,657.250000,283.340000,657.150000,283.830000,655.471903,284.511746,176.870000,-180.978879,166.717605,-193.024833,169.885857,-190.395092,126.350000,83.860000,0.897000,16.320000,176.870000,0.000000,0.000000,0.764000,0
444,09:14:59.422,ROI,160,160,256,256,10.030000,57.550000,7.300000,0.000000,17.380000,657.080000,284.010000,655.520000,283.480000,652.512198,283.914992,-179.000000,-181.963589,167.881240,-194.318814,168.600508,-193.309237,117.330000,84.210000,0.914700,16.530000,-179.000000,0.000000,0.000000,0.763100,0
445,09:14:59.470,ROI,160,160,256,256,9.000000,39.610000,20.925000,0.000000,25.250000,650.650000,282.190000,652.110000,282.560000,649.516028,283.164125,177.400000,-183.500440,164.901388,-196.138545,165.930922,-196.186035,124.620000,86.020000,0.862800,15.780000,177.400000,0.000000,0.000000,0.755700,0
446,09:14:59.598,ROI,160,160,256,256,9.940000,123.320000,3.300000,0.000000,8.110000,647.980000,281.570000,648.930000,281.660000,646.591984,282.283306,168.180000,-186.972492,164.197486,-197.659254,163.235967,-198.982243,119.950000,83.980000,0.934800,14.990000,168.180000,0.000000,0.000000,0.678500,0
447,09:14:59.646,ROI,160,160,256,256,9.070000,40.320000,10.425000,0.000000,24.800000,645.930000,281.130000,646.260000,280.920000,643.855980,281.336230,172.410000,-189.076665,164.509098,-198.774580,160.906540,-201.689297,118.850000,82.700000,0.951600,15.150000,172.410000,0.000000,0.000000,0.677200,0
448,09:14:59.712,ROI,160,160,256,256,9.980000,59.790000,7.000000,0.000000,16.730000,642.010000,280.330000,642.840000,280.100000,641.183895,280.334766,170.600000,-190.974677,166.516940,-198.420806,159.454634,-203.909818,118.700000,82.500000,0.918700,15.350000,170.600000,0.000000,0.000000,0.625000,0
449,09:14:59.774,ROI,160,160,256,256,11.430000,57.040000,7.550000,0.000000,17.530000,640.270000,279.810000,640.200000,279.360000,638.663427,279.330508,170.080000,-192.182944,164.341655,-198.643816,158.275628,-205.695210,120.580000,83.380000,0.959400,15.470000,170.080000,0.390000,169.520000,0.686800,0
450,09:14:59.824,ROI,160,160,256,256,10.510000,42.620000,20.850000,0.000000,23.460000,634.460000,278.890000,636.400000,278.590000,635.907589,278.310762,166.490000,-194.114855,168.545162,-198.287917,159.693960,-206.519453,125.040000,83.570000,0.890700,14.410000,166.490000,0.520000,165.940000,0.688800,0
451,09:14:59.886,ROI,160,160,256,256,12.330000,58.130000,7.650000,0.000000,17.200000,633.500000,278.100000,633.750000,277.720000,633.199762,277.320020,168.270000,-195.210585,161.824894,-198.374403,159.903394,-206.720793,123.120000,83.340000,0.966300,14.700000,168.270000,1.000000,166.260000,0.687100,0
452,09:14:59.998,ROI,160,160,256,256,11.670000,105.760000,3.925000,0.000000,9.460000,627.080000,276.720000,629.350000,276.750000,630.160613,276.285754,166.740000,-196.093085,167.567743,-197.320568,161.205823,-206.261512,121.940000,81.840000,0.872200,14.420000,166.740000,0.410000,164.940000,0.675800,0
453,09:15:00.062,ROI,160,160,256,256,8.840000,53.570000,15.125000,0.000000,18.670000,624.280000,276.590000,625.140000,276.050000,626.912444,275.321565,168.720000,-196.010605,170.559749,-194.843065,163.466958,-204.799337,124.130000,83.840000,0.933000,16.020000,168.720000,0.000000,0.000000,0.683500,0
454,09:15:00.126,ROI,160,160,256,256,10.180000,59.210000,7.200000,0.000000,16.890000,621.100000,273.820000,621.230000,274.570000,623.466839,274.209177,166.480000,-196.264254,159.267513,-196.191474,162.107724,-203.616734,123.650000,82.350000,0.890200,16.710000,166.480000,0.000000,0.000000,0.736800,0
455,09:15:00.174,ROI,160,160,256,256,9.890000,41.360000,10.525000,0.000000,24.180000,617.850000,272.890000,617.620000,273.120000,619.868222,273.006694,165.960000,-196.579165,158.116544,-197.381062,161.522863,-202.397295,123.180000,79.250000,0.913700,16.520000,165.960000,0.000000,0.000000,0.753600,0
456,09:15:00.238,ROI,160,160,256,256,9.840000,58.220000,14.525000,0.000000,17.180000,615.220000,271.200000,614.200000,271.560000,616.252117,271.667560,164.770000,-196.824754,155.480357,-199.299846,159.679163,-201.651289,119.920000,77.300000,0.917800,16.100000,164.770000,0.000000,0.000000,0.776900,0
457,09:15:00.302,ROI,160,160,256,256,9.870000,57.870000,7.300000,0.000000,17.280000,611.900000,270.550000,611.050000,270.200000,612.596754,270.297714,165.210000,-196.712480,156.647919,-200.528765,159.456520,-200.877378,125.500000,79.420000,0.921900,17.090000,165.210000,0.000000,0.000000,0.789800,0
458,09:15:00.350,ROI,160,160,256,256,8.900000,40.990000,10.425000,0.000000,24.400000,606.920000,269.500000,607.230000,268.960000,608.744661,268.922230,164.190000,-196.676012,162.016190,-200.334149,160.349652,-199.965008,128.940000,79.390000,0.901500,16.250000,164.190000,0.000000,0.000000,0.800400,0
459,09:15:00.478,ROI,160,160,288,288,9.090000,122.310000,0.000000,0.000000,8.180000,599.920000,267.940000,601.830000,267.660000,604.386310,267.515012,163.310000,-196.908319,166.464144,-198.880382,162.105848,-198.757339,131.450000,82.750000,0.863000,17.630000,163.310000,0.000000,0.000000,0.859700,0
460,09:15:00.528,ROI,160,160,288,288,8.960000,43.740000,9.725000,0.000000,22.860000,598.570000,268.350000,597.940000,267.080000,599.960077,266.274008,163.020000,-196.914952,171.519658,-196.373322,164.337847,-197.270536,129.110000,81.650000,0.966500,17.070000,163.020000,0.000000,0.000000,0.865800,0
461,09:15:00.591,ROI,160,160,288,288,11.400000,59.310000,7.325000,0.000000,16.860000,594.740000,265.390000,593.930000,265.680000,595.502573,264.954923,163.220000,-196.860786,160.754517,-197.065108,163.515223,-196.259588,130.180000,85.750000,0.879800,17.870000,163.220000,0.000000,0.000000,0.835200,0
462,09:15:00.656,ROI,160,160,288,288,11.660000,59.040000,14.775000,0.000000,16.940000,593.370000,266.350000,591.150000,265.260000,591.326085,263.843964,160.220000,-197.515605,171.408775,-194.733949,165.104072,-195.115647,130.840000,86.240000,0.957800,16.960000,160.220000,0.000000,0.000000,0.841300,0
463,09:15:00.703,ROI,160,160,288,288,12.250000,40.740000,0.000000,0.000000,24.550000,591.060000,264.020000,588.650000,264.230000,587.539968,262.761956,160.700000,-197.987835,157.608339,163.761002,164.050961,-194.467111,127.120000,88.130000,0.915600,17.460000,160.700000,0.000000,0.000000,0.841500,0
464,09:15:00.768,ROI,160,160,256,256,15.460000,60.680000,14.950000,0.000000,16.480000,588.340000,262.900000,586.390000,263.110000,584.142875,261.722315,161.260000,-198.166669,153.638124,161.942336,162.983873,-194.152626,125.630000,86.780000,0.934100,17.570000,161.260000,0.360000,155.580000,0.796500,0
465,09:15:00.831,ROI,160,160,256,256,10.650000,52.040000,8.325000,0.000000,19.220000,583.060000,261.580000,583.140000,261.880000,580.838931,260.694177,158.180000,-199.243431,159.270273,-198.163789,162.714651,-193.888041,130.670000,90.830000,0.880500,16.930000,158.180000,0.000000,0.000000,0.813000,0
466,09:15:00.879,ROI,160,160,288,288,10.860000,40.700000,10.800000,0.000000,24.570000,582.060000,260.480000,581.100000,260.740000,577.863153,259.677391,156.370000,-200.558863,150.802514,159.084155,161.135342,165.828504,128.110000,88.180000,0.951800,17.350000,156.370000,0.450000,151.570000,0.828700,0
467,09:15:01.007,ROI,160,160,288,288,11.910000,123.090000,3.350000,0.000000,8.120000,576.190000,258.310000,577.900000,259.070000,574.849875,258.570427,158.480000,-201.031657,152.441070,-202.090571,159.828590,165.295269,126.470000,87.640000,0.869600,17.090000,158.480000,0.000000,0.000000,0.825100,0
468,09:15:01.055,ROI,160,160,256,256,9.880000,37.940000,10.900000,0.000000,26.350000,576.610000,256.940000,575.750000,257.510000,572.312016,257.351383,154.430000,-202.588923,144.036060,-206.336347,154.342994,163.215992,122.670000,90.320000,0.941500,17.200000,154.430000,0.000000,0.000000,0.852500,0
469,09:15:01.119,ROI,160,160,256,256,10.980000,58.420000,7.275000,0.000000,17.120000,572.830000,255.280000,573.110000,255.870000,570.008512,256.005927,154.970000,-203.861145,148.150949,150.840475,149.711190,159.979699,121.410000,89.630000,0.906800,17.290000,154.970000,0.000000,0.000000,0.834600,0
470,09:15:01.184,ROI,160,160,256,256,9.490000,54.080000,7.425000,0.000000,18.490000,571.520000,253.980000,571.230000,254.260000,568.013310,254.583855,152.950000,154.718927,139.423813,146.592732,144.520768,155.702685,120.180000,89.380000,0.950700,16.600000,152.950000,0.000000,0.000000,0.847500,0
471,09:15:01.232,ROI,160,160,256,256,9.390000,41.310000,10.250000,0.000000,24.210000,570.140000,252.300000,569.590000,252.610000,566.391976,253.064472,150.480000,153.155202,134.825849,141.303071,136.859240,149.795217,117.980000,90.670000,0.941700,16.690000,150.480000,0.000000,0.000000,0.851700,0
472,09:15:01.296,ROI,160,160,256,256,9.310000,57.620000,0.000000,0.000000,17.350000,568.450000,251.360000,568.280000,251.210000,565.059032,251.535556,149.620000,151.613452,133.097887,136.827440,131.082667,143.071587,117.950000,89.860000,0.952100,16.190000,149.620000,0.000000,0.000000,0.846300,0
473,09:15:01.360,ROI,160,160,256,256,11.850000,59.200000,0.000000,0.000000,16.890000,565.170000,249.590000,566.160000,249.570000,563.807383,249.961109,148.820000,-209.871339,142.275005,135.757784,128.483883,136.684828,115.380000,90.420000,0.910000,16.290000,148.820000,0.000000,0.000000,0.858700,0
474,09:15:01.408,ROI,160,160,256,256,13.240000,41.030000,11.300000,0.000000,24.370000,563.940000,248.920000,564.730000,248.430000,562.643613,248.444016,148.820000,148.426315,141.438050,134.717151,127.492011,130.954768,114.830000,93.180000,0.950200,16.580000,148.820000,0.000000,0.000000,0.866400,0
475,09:15:01.535,ROI,160,160,256,256,10.920000,118.500000,3.425000,0.000000,8.440000,560.470000,245.950000,562.270000,246.480000,561.382722,246.807492,144.990000,146.107815,141.596738,134.331764,127.613136,126.296984,114.590000,94.430000,0.885100,16.860000,144.990000,0.000000,0.000000,0.833800,0
476,09:15:01.583,ROI,160,160,256,256,9.620000,37.090000,10.900000,0.000000,26.960000,557.460000,245.290000,559.440000,244.950000,559.894548,245.180823,140.770000,143.793310,151.602746,136.984974,132.454121,123.938594,113.940000,97.860000,0.916300,16.010000,140.770000,0.000000,0.000000,0.863700,0
477,09:15:01.648,ROI,160,160,256,256,9.560000,57.640000,7.150000,0.000000,17.350000,555.980000,244.820000,557.070000,243.880000,558.248286,243.672669,139.060000,141.117633,155.701928,140.644122,137.506964,123.723249,114.590000,98.060000,0.965300,15.370000,139.060000,0.000000,0.000000,0.852300,0
478,09:15:01.712,ROI,160,160,256,256,11.090000,57.960000,0.000000,0.000000,17.250000,554.330000,243.420000,554.840000,242.740000,556.526464,242.254790,137.410000,138.595456,152.923393,143.153054,140.529374,124.851407,113.440000,99.420000,0.944800,13.930000,137.410000,0.000000,0.000000,0.872200,0
479,09:15:01.759,ROI,160,160,256,256,10.890000,39.440000,10.850000,0.000000,25.360000,553.820000,242.330000,553.430000,241.710000,554.852762,240.934165,136.870000,136.426738,143.852004,143.299915,141.724990,126.700253,114.880000,99.120000,0.966000,14.200000,136.870000,0.000000,0.000000,0.889500,0
480,09:15:01.822,ROI,160,160,256,256,8.690000,52.020000,0.000000,0.000000,19.220000,551.270000,241.040000,551.420000,240.670000,553.124802,239.690653,134.820000,134.486117,152.642370,145.493243,144.259630,129.313436,113.060000,100.050000,0.932400,12.840000,134.820000,0.000000,0.000000,0.899000,0
481,09:15:01.888,ROI,160,160,256,256,7.730000,59.030000,6.900000,0.000000,16.940000,548.220000,238.780000,549.170000,239.220000,551.157218,238.406327,136.740000,133.378698,147.200469,146.623354,146.865798,132.672815,112.880000,99.550000,0.906300,13.320000,136.740000,0.000000,0.000000,0.895700,0
482,09:15:02.000,ROI,160,160,256,256,7.540000,105.900000,0.000000,0.000000,9.440000,543.820000,235.700000,545.690000,237.070000,548.776222,236.903153,128.590000,130.607617,148.291560,147.494189,147.734911,136.084815,110.740000,101.730000,0.871600,12.400000,128.590000,0.000000,0.000000,0.807400,0
483,09:15:02.064,ROI,160,160,224,224,7.510000,57.770000,7.025000,0.000000,17.310000,543.740000,234.940000,543.350000,235.510000,546.326685,235.331452,132.230000,129.184794,146.309932,147.356244,147.314458,139.023979,105.770000,98.670000,0.926500,13.700000,132.230000,0.000000,0.000000,0.816500,0
484,09:15:02.112,ROI,160,160,224,224,13.870000,49.080000,0.000000,0.000000,20.380000,540.760000,232.870000,540.680000,233.610000,543.712839,233.671859,131.460000,128.116810,144.563946,147.652629,147.587576,141.964035,105.740000,99.150000,0.907300,14.390000,131.460000,0.000000,0.000000,0.853800,0
485,09:15:02.176,ROI,160,160,224,224,7.590000,51.830000,7.875000,0.000000,19.290000,539.580000,233.230000,538.570000,232.590000,541.080726,232.175431,131.030000,127.332129,154.200305,150.669331,150.380598,145.484093,104.640000,99.510000,0.970700,12.940000,131.030000,0.000000,0.000000,0.868700,0
486,09:15:02.240,ROI,160,160,224,224,10.250000,60.820000,7.000000,0.000000,16.440000,537.250000,229.720000,536.530000,230.550000,538.433710,230.574806,125.460000,125.502081,135.000000,148.627886,148.839053,148.457682,103.590000,99.410000,0.892400,12.220000,125.460000,0.000000,0.000000,0.851800,0
487,09:15:02.287,ROI,160,160,224,224,7.940000,37.440000,11.025000,0.000000,26.710000,535.320000,228.720000,534.740000,228.840000,535.810242,228.966161,123.660000,123.609770,136.309390,147.274207,148.484410,151.113786,100.280000,100.700000,0.944200,11.910000,123.660000,0.000000,0.000000,0.883500,0
488,09:15:02.417,ROI,160,160,224,224,10.700000,127.110000,0.000000,0.000000,7.870000,531.810000,224.860000,532.320000,226.180000,533.098210,227.099069,122.150000,121.849367,132.295124,144.669641,145.454616,152.632633,96.880000,99.270000,0.864100,9.450000,122.150000,0.000000,0.000000,0.823900,0
489,09:15:02.464,ROI,160,160,224,224,8.770000,38.560000,21.925000,0.000000,25.930000,529.460000,222.360000,529.550000,223.300000,530.392105,224.962456,120.460000,120.154391,133.884648,142.341397,141.707041,152.798815,96.590000,97.330000,0.906400,9.410000,120.460000,0.000000,0.000000,0.784400,0
490,09:15:02.528,ROI,160,160,224,224,9.050000,58.730000,7.100000,0.000000,17.030000,528.640000,222.340000,527.600000,221.530000,527.841222,222.823762,118.420000,118.370242,137.770216,140.603455,140.023094,152.162723,95.090000,97.340000,0.982400,10.400000,118.420000,0.000000,0.000000,0.787800,0
491,09:15:02.590,ROI,160,160,224,224,8.170000,54.490000,0.000000,0.000000,18.350000,527.270000,219.420000,525.850000,219.120000,525.532504,220.583383,112.100000,115.312802,125.984943,136.580756,135.860660,150.336886,93.100000,99.130000,0.916400,10.430000,112.100000,0.000000,0.000000,0.748100,0
492,09:15:02.640,ROI,160,160,224,224,7.980000,44.470000,9.400000,0.000000,22.490000,525.940000,217.850000,524.500000,217.150000,523.470629,218.287040,113.980000,113.585266,124.422030,131.441423,131.920513,147.255237,93.090000,97.650000,0.941600,9.330000,113.980000,0.000000,0.000000,0.786100,0
493,09:15:02.703,ROI,160,160,224,224,8.030000,56.250000,0.000000,0.000000,17.780000,525.210000,216.480000,523.700000,215.390000,521.753714,216.036310,113.800000,112.206383,114.443955,125.124308,127.337331,143.052532,92.200000,97.360000,0.957400,9.960000,113.800000,0.000000,0.000000,0.731900,0
494,09:15:02.768,ROI,160,160,224,224,7.850000,59.230000,6.900000,0.000000,16.880000,524.260000,214.600000,523.200000,213.660000,520.394633,213.838710,110.660000,110.289395,106.120211,117.689408,121.734237,137.580828,90.400000,96.800000,0.942400,10.240000,110.660000,0.000000,0.000000,0.791000,0
495,09:15:02.816,ROI,160,160,224,224,7.690000,41.230000,9.950000,0.000000,24.260000,523.290000,213.330000,522.600000,212.210000,519.410770,211.769391,112.760000,109.577907,112.479434,112.346685,115.428873,130.723244,91.110000,97.870000,0.953800,9.900000,112.760000,0.000000,0.000000,0.752200,0
496,09:15:02.944,ROI,160,160,224,224,7.840000,122.510000,3.250000,0.000000,8.160000,521.570000,207.670000,521.920000,209.190000,518.637339,209.388290,112.000000,109.096508,102.689412,105.792259,107.994883,122.456052,88.280000,96.000000,0.857800,10.290000,112.000000,0.000000,0.000000,0.836300,0
497,09:15:02.990,ROI,160,160,192,192,8.610000,41.020000,10.375000,0.000000,24.380000,518.140000,205.370000,519.900000,206.250000,517.791677,206.803476,112.630000,108.800685,124.491978,105.797711,108.116294,114.944596,85.920000,94.200000,0.882000,11.250000,112.630000,0.000000,0.000000,0.806400,0
498,09:15:03.054,ROI,160,160,192,192,8.540000,57.620000,7.150000,0.000000,17.360000,517.720000,203.820000,518.620000,203.790000,516.996948,204.171452,109.860000,108.245444,117.489097,104.887392,106.801494,108.150971,82.670000,91.390000,0.930700,9.070000,109.860000,0.000000,0.000000,0.790200,0
499,09:15:03.118,ROI,160,160,192,192,7.810000,57.430000,0.000000,0.000000,17.410000,517.020000,200.940000,517.420000,201.110000,516.306149,201.461363,105.230000,106.590165,114.120983,103.169767,104.300108,101.760260,84.170000,92.500000,0.922800,10.760000,105.230000,0.000000,0.000000,0.808100,0
500,09:15:03.166,ROI,160,160,192,192,7.870000,41.910000,9.900000,0.000000,23.860000,516.090000,199.420000,516.360000,198.880000,515.674706,198.815649,105.730000,105.498375,115.423439,103.115915,103.423475,96.366556,83.240000,91.600000,0.946600,9.710000,105.730000,0.000000,0.000000,0.832100,0
501,09:15:03.230,ROI,160,160,192,192,12.160000,62.980000,7.025000,0.000000,15.880000,515.450000,196.830000,515.560000,196.500000,515.120073,196.207290,105.400000,104.731036,108.579270,102.279300,102.004398,92.146932,82.500000,93.220000,0.931300,10.630000,105.400000,0.000000,0.000000,0.852100,0
502,09:15:03.294,ROI,160,160,192,192,8.580000,51.320000,7.725000,0.000000,19.480000,514.280000,195.110000,514.730000,194.450000,514.560790,193.711637,102.250000,103.364609,112.041945,103.394389,102.631432,89.615716,84.300000,90.910000,0.937500,10.710000,102.250000,0.000000,0.000000,0.869100,0
503,09:15:03.342,ROI,160,160,192,192,7.720000,41.610000,9.950000,0.000000,24.030000,512.840000,193.330000,513.590000,192.560000,513.949891,191.388911,101.340000,102.023440,121.097313,106.714866,104.735616,88.901128,86.460000,92.030000,0.930300,10.810000,101.340000,0.000000,0.000000,0.854200,0
504,09:15:03.470,ROI,160,160,192,192,8.870000,122.740000,0.000000,0.000000,8.150000,512.860000,189.460000,513.010000,190.000000,513.352105,189.006125,101.290000,100.810669,102.765566,105.437635,104.083527,89.053470,86.170000,92.410000,0.916500,10.020000,101.290000,0.000000,0.000000,0.762400,0
505,09:15:03.518,ROI,160,160,192,192,8.310000,41.260000,10.150000,0.000000,24.240000,513.310000,187.150000,512.820000,187.340000,512.924149,186.621202,101.440000,100.067968,94.085617,102.619114,100.173008,89.103806,81.840000,90.550000,0.903700,11.300000,101.440000,0.000000,0.000000,0.847000,0
506,09:15:03.582,ROI,160,160,192,192,8.390000,57.860000,7.100000,0.000000,17.280000,512.600000,185.720000,512.390000,185.140000,512.605629,184.338024,97.980000,98.881609,101.059296,101.615206,97.941928,89.107644,81.770000,89.660000,0.952300,12.670000,97.980000,0.000000,0.000000,0.856800,0
507,09:15:03.646,ROI,160,160,192,192,8.510000,57.240000,7.075000,0.000000,17.470000,511.990000,182.670000,511.900000,182.680000,512.322992,182.038673,97.450000,97.913165,101.265135,100.638740,97.007667,89.282375,81.460000,91.610000,0.921500,12.420000,97.450000,0.000000,0.000000,0.837600,0
508,09:15:03.694,ROI,160,160,192,192,7.940000,40.350000,10.075000,0.000000,24.780000,511.310000,182.650000,511.350000,181.240000,512.029734,179.991056,94.750000,96.561500,110.904079,102.646459,98.150431,90.210358,83.260000,89.100000,0.952200,11.860000,94.750000,0.000000,0.000000,0.882300,0
509,09:15:03.758,ROI,160,160,192,192,9.090000,59.560000,7.000000,0.000000,16.790000,510.720000,179.820000,510.950000,179.450000,511.668903,178.047984,93.750000,95.215552,102.596573,103.169933,100.520052,92.198033,84.380000,91.130000,0.926200,11.910000,93.750000,0.000000,0.000000,0.877800,0
510,09:15:03.806,ROI,160,160,192,192,8.550000,41.450000,10.175000,0.000000,24.120000,510.980000,178.650000,510.900000,178.090000,511.355234,176.288339,93.800000,94.265399,92.105514,100.285509,100.107221,94.180393,82.550000,89.510000,0.953400,11.830000,93.800000,0.000000,0.000000,0.905500,0
511,09:15:03.934,ROI,160,160,192,192,8.390000,121.500000,3.300000,0.000000,8.230000,509.840000,175.660000,510.470000,176.190000,510.980629,174.559411,93.320000,93.138722,102.752120,101.035875,102.225246,96.682506,85.600000,91.040000,0.903300,11.610000,93.320000,0.000000,0.000000,0.871500,0
512,09:15:03.999,ROI,160,160,192,192,8.100000,58.520000,6.975000,0.000000,17.090000,509.850000,173.000000,509.990000,173.860000,510.646206,172.795117,92.420000,92.616327,101.640572,101.320924,100.733124,98.697783,84.680000,93.140000,0.934100,12.130000,92.420000,0.000000,0.000000,0.896700,0
513,09:15:04.046,ROI,160,160,192,192,8.090000,41.280000,0.000000,0.000000,24.220000,509.530000,171.270000,509.720000,171.770000,510.321685,171.008855,92.590000,91.954944,97.361078,100.534561,100.296936,100.572527,83.590000,91.580000,0.951000,12.570000,92.590000,0.000000,0.000000,0.933200,0
514,09:15:04.109,ROI,160,160,192,192,8.370000,57.640000,7.125000,0.000000,17.350000,509.730000,166.860000,509.580000,168.620000,510.072073,168.940815,90.350000,90.788250,92.544804,98.617372,96.882320,101.384357,82.750000,86.960000,0.897000,12.090000,90.350000,0.000000,0.000000,0.875000,0
515,09:15:04.158,ROI,160,160,192,192,8.220000,42.430000,9.875000,0.000000,23.570000,511.340000,164.730000,510.320000,165.910000,510.079032,166.648609,90.530000,89.737077,74.726993,91.121119,89.826037,99.938976,83.600000,84.480000,0.916300,11.630000,90.530000,0.000000,0.000000,0.896300,0
516,09:15:04.222,ROI,160,160,192,192,8.900000,58.170000,7.075000,0.000000,17.190000,510.210000,162.720000,510.470000,163.290000,510.146302,164.247206,86.070000,88.015653,86.723284,89.044033,88.395401,98.221498,80.930000,83.030000,0.923000,13.210000,86.070000,0.000000,0.000000,0.886900,0
517,09:15:04.286,ROI,160,160,192,192,9.030000,58.410000,7.125000,0.000000,17.120000,510.880000,161.120000,510.950000,161.130000,510.326262,161.833790,87.210000,86.938246,77.471192,84.659571,85.735552,95.756879,81.940000,83.460000,0.947100,13.700000,87.210000,0.000000,0.000000,0.906200,0
518,09:15:04.398,ROI,160,160,192,192,8.430000,104.980000,3.825000,0.000000,9.530000,511.090000,157.540000,511.290000,158.230000,510.622056,159.291944,84.630000,85.423859,83.313091,82.664158,83.362353,92.867638,80.650000,85.660000,0.905100,14.720000,84.630000,0.000000,0.000000,0.896400,0
519,09:15:04.463,ROI,160,160,192,192,9.140000,59.190000,7.000000,0.000000,16.900000,511.660000,156.520000,511.650000,155.850000,511.076649,156.813282,84.600000,84.216871,81.398615,80.237500,79.607307,89.295678,82.670000,85.250000,0.952800,15.020000,84.600000,0.000000,0.000000,0.894700,0
520,09:15:04.511,ROI,160,160,192,192,8.050000,39.860000,10.325000,0.000000,25.090000,512.490000,155.000000,512.250000,153.950000,511.687835,154.433052,84.530000,83.310758,72.474432,75.230906,75.598954,84.869681,81.740000,86.240000,0.946400,14.690000,84.530000,0.000000,0.000000,0.860700,0
521,09:15:04.574,ROI,160,160,192,192,8.190000,57.570000,7.125000,0.000000,17.370000,512.410000,154.520000,512.590000,152.620000,512.360581,152.340915,84.150000,83.034669,75.660071,72.503430,72.174327,80.048449,82.200000,87.620000,0.978800,15.010000,84.150000,0.000000,0.000000,0.846500,0
522,09:15:04.638,ROI,160,160,192,192,7.960000,58.240000,7.025000,0.000000,17.170000,512.530000,151.960000,512.810000,150.960000,513.025714,150.378044,82.950000,82.460641,82.450578,72.044044,71.280677,75.572463,81.770000,88.640000,0.938800,16.110000,82.950000,0.000000,0.000000,0.827300,0
523,09:15:04.689,ROI,160,160,192,192,11.000000,47.720000,0.000000,0.000000,20.960000,511.520000,151.460000,512.530000,149.960000,513.497056,148.671552,81.650000,81.705089,105.642246,78.716188,74.559546,72.608948,84.540000,89.230000,0.956400,16.390000,81.650000,0.000000,0.000000,0.843200,0
524,09:15:04.814,ROI,160,160,192,192,9.490000,116.180000,3.450000,0.000000,8.610000,512.680000,148.900000,512.790000,148.600000,513.893581,147.070298,79.910000,80.935323,79.176989,78.648094,76.091440,70.682222,82.380000,90.290000,0.919600,16.230000,79.910000,0.000000,0.000000,0.858600,0
525,09:15:04.862,ROI,160,160,192,192,8.380000,40.540000,10.275000,0.000000,24.670000,513.860000,145.780000,513.530000,146.840000,514.333040,145.400851,80.260000,80.254206,67.195460,75.299931,75.252221,69.223249,82.510000,88.910000,0.907200,16.660000,80.260000,0.000000,0.000000,0.845500,0
526,09:15:04.926,ROI,160,160,192,192,8.640000,58.320000,7.075000,0.000000,17.150000,514.610000,144.220000,514.390000,144.960000,514.823867,143.755895,80.270000,79.729887,65.418426,73.170591,73.385797,68.174221,82.010000,89.760000,0.948600,16.700000,80.270000,0.000000,0.000000,0.820700,0
527,09:15:04.991,ROI,160,160,192,192,8.990000,59.560000,6.975000,0.000000,16.790000,516.140000,141.240000,515.420000,142.580000,515.514262,142.007113,78.440000,78.692625,66.598337,70.102369,68.456576,66.148710,81.800000,89.140000,0.902300,17.610000,78.440000,0.000000,0.000000,0.861700,0
528,09:15:05.039,ROI,160,160,192,192,10.330000,42.670000,10.200000,0.000000,23.430000,515.480000,140.120000,515.880000,140.680000,516.181371,140.261798,77.670000,77.744754,76.390268,70.564705,69.081721,64.850861,80.220000,89.580000,0.956700,17.140000,77.670000,0.000000,0.000000,0.942500,0
529,09:15:05.102,ROI,160,160,192,192,8.210000,50.280000,7.550000,0.000000,19.890000,517.750000,138.030000,517.080000,138.620000,517.020089,138.500827,77.380000,77.227915,59.778162,66.966206,64.532418,62.969160,79.810000,87.980000,0.902600,17.540000,77.380000,0.000000,0.000000,0.881300,0
530,09:15:05.167,ROI,160,160,192,192,8.720000,59.390000,6.975000,0.000000,16.840000,518.030000,136.640000,518.010000,136.840000,517.929153,136.766282,77.990000,76.930726,62.414197,64.488100,62.341230,61.108300,80.160000,88.240000,0.962200,16.330000,77.990000,0.000000,0.000000,0.926700,0
531,09:15:05.215,ROI,160,160,192,192,7.960000,41.160000,0.000000,0.000000,24.300000,518.480000,136.120000,518.800000,135.550000,518.840121,135.195472,76.520000,76.298302,58.516568,61.990108,59.889060,59.272238,80.760000,87.860000,0.977300,16.090000,76.520000,0.000000,0.000000,0.926300,0
532,09:15:05.342,ROI,160,160,192,192,8.140000,121.020000,3.300000,0.000000,8.260000,521.020000,131.380000,520.310000,132.950000,519.942149,133.391536,76.450000,75.984839,59.853298,60.024696,58.579149,57.595956,80.510000,87.770000,0.845300,18.040000,76.450000,0.000000,0.000000,0.903100,0
533,09:15:05.390,ROI,160,160,192,192,8.140000,41.720000,0.000000,0.000000,23.970000,522.100000,129.860000,521.660000,130.720000,521.199698,131.456081,75.330000,75.515355,58.810077,57.169293,56.986493,55.801624,80.890000,86.320000,0.940600,15.690000,75.330000,0.000000,0.000000,0.919300,0
534,09:15:05.455,ROI,160,160,192,192,8.400000,59.360000,6.975000,0.000000,16.850000,522.890000,128.100000,522.850000,128.460000,522.508492,129.450319,74.460000,74.879984,62.231012,57.035320,56.874859,54.466945,80.500000,84.860000,0.941600,15.710000,74.460000,0.000000,0.000000,0.912800,0
535,09:15:05.518,ROI,160,160,192,192,8.150000,57.170000,14.375000,0.000000,17.490000,523.780000,126.620000,524.040000,126.370000,523.819504,127.448770,74.080000,74.166766,60.343766,57.488790,56.775243,53.845355,81.910000,85.000000,0.945200,15.600000,74.080000,0.000000,0.000000,0.888200,0
536,09:15:05.566,ROI,160,160,192,192,8.680000,41.810000,10.050000,0.000000,23.920000,524.490000,124.920000,525.070000,124.420000,525.098081,125.459347,72.490000,73.373315,62.156756,58.146354,57.271671,53.935047,81.960000,84.300000,0.944400,14.570000,72.490000,0.000000,0.000000,0.904400,0
537,09:15:05.630,ROI,160,160,192,192,9.050000,58.760000,7.075000,0.000000,17.020000,526.330000,123.020000,526.430000,122.330000,526.435113,123.472657,71.900000,72.559202,56.947234,57.524863,56.059641,54.109356,80.520000,82.960000,0.913900,13.280000,71.900000,0.000000,0.000000,0.868100,0
538,09:15:05.694,ROI,160,160,192,192,8.030000,56.210000,7.250000,0.000000,17.790000,527.620000,122.030000,527.800000,120.830000,527.830282,121.555593,71.290000,71.918907,47.593506,53.686716,53.954244,53.909494,81.840000,83.100000,0.946200,14.380000,71.290000,0.000000,0.000000,0.882900,0
539,09:15:05.742,ROI,160,160,192,192,8.790000,43.130000,9.875000,0.000000,23.190000,528.840000,119.730000,529.110000,119.040000,529.248770,119.634298,71.050000,71.419173,53.801708,52.510380,53.561620,53.624722,81.830000,81.970000,0.918900,14.640000,71.050000,0.000000,0.000000,0.861700,0
540,09:15:05.854,ROI,160,160,192,192,7.910000,105.040000,3.800000,0.000000,9.520000,531.830000,116.190000,531.210000,116.700000,530.861649,117.507427,69.000000,70.465246,48.094058,50.948153,52.825713,53.306254,82.800000,80.990000,0.855000,16.190000,69.000000,0.000000,0.000000,0.843300,0
541,09:15:05.920,ROI,160,160,192,192,14.880000,66.450000,0.000000,0.000000,15.050000,532.800000,115.470000,532.890000,114.990000,532.561411,115.389310,69.760000,69.874048,45.507029,48.078232,51.253397,52.422273,81.430000,82.270000,0.959800,16.200000,69.760000,0.000000,0.000000,0.893100,0
542,09:15:05.982,ROI,160,160,192,192,8.480000,44.490000,8.300000,0.000000,22.470000,534.180000,114.100000,534.480000,113.510000,534.323145,113.368069,67.950000,68.946915,42.947935,44.810016,48.924281,51.039063,81.190000,80.900000,0.935100,16.630000,67.950000,0.000000,0.000000,0.851700,0
543,09:15:06.031,ROI,160,160,192,192,8.130000,42.740000,0.000000,0.000000,23.400000,535.360000,112.150000,535.840000,112.070000,536.067742,111.418298,65.560000,67.462621,46.636577,43.107385,48.178760,49.484508,83.620000,79.860000,0.925900,15.940000,65.560000,0.000000,0.000000,0.827100,0
544,09:15:06.094,ROI,160,160,192,192,7.950000,56.950000,7.200000,0.000000,17.560000,536.600000,111.800000,537.070000,111.050000,537.757153,109.738786,64.410000,66.017823,39.667841,40.082053,44.831643,47.304090,83.540000,81.010000,0.957200,15.600000,64.410000,0.000000,0.000000,0.842500,0
545,09:15:06.158,ROI,160,160,192,192,12.340000,62.030000,7.075000,0.000000,16.120000,537.880000,109.380000,538.390000,109.580000,539.340698,108.163343,62.820000,64.297855,48.077455,41.347074,44.853073,45.848049,86.200000,79.980000,0.913700,16.050000,62.820000,0.000000,0.000000,0.856500,0
546,09:15:06.206,ROI,160,160,192,192,8.620000,38.240000,11.050000,0.000000,26.150000,539.040000,107.790000,539.480000,108.120000,540.807367,106.690444,61.600000,62.862335,53.255889,43.131832,45.121427,44.695248,86.990000,80.300000,0.936200,16.890000,61.600000,0.000000,0.000000,0.883700,0
547,09:15:06.334,ROI,160,160,192,192,9.420000,122.290000,3.275000,0.000000,8.180000,541.800000,104.780000,541.210000,106.080000,542.307601,105.126044,64.010000,62.208601,49.700748,44.718674,46.199447,44.118744,89.350000,80.480000,0.873500,17.460000,64.010000,0.630000,70.300000,0.885100,0
548,09:15:06.382,ROI,160,160,192,192,9.250000,41.770000,10.300000,0.000000,23.940000,544.520000,103.330000,543.390000,104.020000,543.959996,103.554133,59.800000,60.803238,43.378854,44.164267,43.570102,43.057709,92.870000,79.860000,0.909600,16.970000,59.800000,0.950000,68.710000,0.885400,0
549,09:15:06.446,ROI,160,160,192,192,8.410000,56.450000,7.250000,0.000000,17.710000,544.800000,101.730000,544.920000,102.050000,545.568040,101.981694,59.080000,59.475984,52.165309,46.234855,44.358613,42.622985,91.660000,80.230000,0.948500,15.590000,59.080000,0.000000,0.000000,0.848100,0
550,09:15:06.510,ROI,160,160,192,192,8.410000,58.020000,7.075000,0.000000,17.240000,547.190000,100.060000,546.880000,100.110000,547.223327,100.389065,53.970000,57.050605,44.706178,47.018044,43.894814,42.499497,92.280000,79.720000,0.911600,16.730000,53.970000,0.000000,0.000000,0.869500,0
551,09:15:06.558,ROI,160,160,192,192,9.430000,40.180000,10.075000,0.000000,24.890000,548.240000,99.230000,548.540000,98.680000,548.856488,98.861371,55.520000,55.439278,40.743116,46.653413,43.088930,42.587256,93.900000,81.290000,0.957900,16.830000,55.520000,0.000000,0.000000,0.866300,0
552,09:15:06.622,ROI,160,160,192,192,8.010000,56.690000,0.000000,0.000000,17.640000,551.400000,98.890000,550.850000,97.700000,550.654153,97.525464,53.230000,53.607351,22.988717,41.148365,36.617317,41.193746,94.300000,81.290000,0.927500,16.030000,53.230000,0.000000,0.000000,0.850300,0
553,09:15:06.686,ROI,160,160,192,192,7.950000,57.360000,7.075000,0.000000,17.430000,552.510000,97.510000,552.630000,96.820000,552.513468,96.309746,52.080000,51.917649,26.306964,34.781386,33.178773,38.889183,95.320000,79.080000,0.944100,15.390000,52.080000,0.000000,0.000000,0.838400,0
554,09:15:06.798,ROI,160,160,192,192,8.100000,106.430000,0.000000,0.000000,9.400000,556.060000,95.450000,555.150000,95.600000,554.597472,95.109637,50.950000,50.432948,25.832877,30.686177,29.936215,35.864606,96.170000,80.060000,0.883400,16.370000,50.950000,0.000000,0.000000,0.863100,0
555,09:15:06.862,ROI,160,160,224,224,9.550000,59.590000,7.025000,0.000000,16.780000,557.180000,96.180000,557.250000,95.160000,556.734327,94.140782,44.760000,47.636387,11.833645,24.392573,24.389648,31.739949,95.190000,79.600000,0.959400,18.080000,44.760000,1.950000,58.550000,0.844400,0
556,09:15:06.927,ROI,160,160,192,192,8.490000,57.110000,7.225000,0.000000,17.510000,560.220000,92.720000,559.760000,93.680000,559.013472,93.095165,42.850000,44.836153,30.525363,24.174971,24.644518,28.266430,98.540000,76.310000,0.862200,15.900000,42.850000,0.000000,0.000000,0.838600,0
557,09:15:06.974,ROI,160,160,224,224,9.810000,42.050000,10.275000,0.000000,23.780000,561.610000,92.970000,561.990000,92.770000,561.323093,92.168516,39.280000,41.773560,22.198984,21.909698,21.861282,24.887159,95.140000,74.830000,0.946800,16.810000,39.280000,0.000000,0.000000,0.816900,0
558,09:15:07.038,ROI,160,160,192,192,8.620000,56.010000,7.300000,0.000000,17.850000,564.710000,91.090000,564.480000,91.560000,563.776210,91.223431,41.450000,39.949569,25.917146,20.094899,21.069614,21.696543,100.190000,75.260000,0.893800,13.660000,41.450000,0.000000,0.000000,0.842200,0
559,09:15:07.102,ROI,160,160,224,224,8.600000,58.080000,7.125000,0.000000,17.220000,566.040000,91.220000,566.650000,90.870000,566.210238,90.403399,34.830000,36.867383,17.639225,17.741183,18.618843,18.692554,96.460000,73.770000,0.943600,17.120000,34.830000,0.000000,0.000000,0.858200,0
560,09:15:07.150,ROI,160,160,224,224,8.230000,41.540000,10.075000,0.000000,24.070000,568.950000,89.320000,569.070000,89.800000,568.709770,89.558419,37.200000,34.968153,23.852559,17.353375,18.678091,16.405873,96.360000,73.490000,0.895300,16.820000,37.200000,0.000000,0.000000,0.822700,0
561,09:15:07.279,ROI,160,160,224,224,12.550000,127.190000,0.000000,0.000000,7.860000,572.410000,87.490000,571.870000,88.610000,571.380883,88.594665,34.800000,33.020194,23.025492,17.362610,19.839757,15.114797,100.730000,72.420000,0.888300,17.050000,34.800000,0.000000,0.000000,0.846200,0
562,09:15:07.326,ROI,160,160,224,224,8.170000,36.630000,0.000000,0.000000,27.300000,573.190000,87.500000,574.020000,87.670000,573.965887,87.688681,29.890000,30.261528,23.615396,17.670071,19.314379,14.195858,101.180000,71.570000,0.973200,17.000000,29.890000,0.000000,0.000000,0.861400,0
563,09:15:07.390,ROI,160,160,224,224,8.170000,57.400000,0.000000,0.000000,17.420000,576.490000,85.780000,576.630000,86.410000,576.595375,86.724266,34.000000,29.260141,25.769328,18.799062,20.141485,14.004726,101.780000,73.260000,0.894800,16.160000,34.000000,0.000000,0.000000,0.827800,0
564,09:15:07.454,ROI,160,160,224,224,8.050000,58.310000,7.025000,0.000000,17.150000,578.130000,85.180000,578.860000,85.340000,579.168230,85.764399,31.740000,28.106278,25.632652,19.579207,20.459270,14.192448,101.080000,72.660000,0.952500,15.470000,31.740000,0.000000,0.000000,0.823500,0
565,09:15:07.502,ROI,160,160,224,224,7.980000,41.380000,10.000000,0.000000,24.160000,581.740000,83.850000,581.610000,84.150000,581.824157,84.766577,30.790000,27.113367,23.399451,19.839136,20.591023,14.626415,100.650000,71.190000,0.898200,15.920000,30.790000,0.000000,0.000000,0.806800,0
566,09:15:07.566,ROI,160,160,224,224,7.840000,57.850000,7.075000,0.000000,17.290000,582.480000,84.150000,583.480000,83.550000,584.334298,83.880415,28.110000,25.903508,17.789130,18.371968,19.444685,14.835077,101.570000,70.670000,0.976900,14.790000,28.110000,0.000000,0.000000,0.795600,0
567,09:15:07.630,ROI,160,160,224,224,9.730000,60.180000,7.000000,0.000000,16.620000,586.130000,83.520000,585.990000,82.980000,586.858810,83.113823,27.400000,24.942105,12.794399,16.115321,16.891425,14.572817,101.510000,70.060000,0.914700,15.460000,27.400000,0.000000,0.000000,0.830600,0
568,09:15:07.678,ROI,160,160,224,224,8.230000,39.870000,10.475000,0.000000,25.080000,587.670000,82.800000,588.060000,82.520000,589.276464,82.428065,26.380000,24.099903,12.528808,14.947023,15.835785,14.366859,101.710000,70.490000,0.950600,14.300000,26.380000,0.000000,0.000000,0.722600,0
569,09:15:07.806,ROI,160,160,224,224,8.040000,122.000000,3.275000,0.000000,8.200000,591.100000,81.050000,590.550000,81.580000,591.716790,81.701081,25.540000,23.348694,20.682025,15.689185,16.589022,14.534186,102.410000,69.330000,0.890700,15.780000,25.540000,0.000000,0.000000,0.840200,0
570,09:15:07.854,ROI,160,160,224,224,8.950000,43.170000,9.850000,0.000000,23.160000,591.810000,81.170000,592.450000,80.890000,593.946778,81.055250,26.140000,23.193415,19.958890,16.682553,16.151636,14.702788,103.700000,69.720000,0.980800,15.040000,26.140000,0.000000,0.000000,0.771300,0
571,09:15:07.918,ROI,160,160,224,224,8.720000,57.580000,0.000000,0.000000,17.370000,596.150000,80.230000,595.270000,80.150000,596.254460,80.423198,24.070000,22.590383,14.703552,16.527304,15.317143,14.811362,102.470000,69.220000,0.895600,16.090000,24.070000,0.000000,0.000000,0.853600,0
572,09:15:07.982,ROI,160,160,224,224,8.450000,57.390000,7.175000,0.000000,17.420000,596.170000,79.520000,597.020000,79.440000,598.349419,79.787415,26.480000,22.941968,22.083097,18.739770,16.882092,15.562951,102.980000,69.380000,0.974700,15.150000,26.480000,0.000000,0.000000,0.806100,0
573,09:15:08.030,ROI,160,160,224,224,7.930000,40.510000,0.000000,0.000000,24.680000,599.640000,79.030000,599.380000,78.800000,600.439323,79.154907,24.100000,22.915952,15.172915,18.680634,16.838411,16.309018,104.800000,69.360000,0.922600,16.670000,24.100000,0.000000,0.000000,0.866000,0
574,09:15:08.094,ROI,160,160,224,224,8.780000,58.390000,7.075000,0.000000,17.130000,601.070000,78.930000,601.350000,78.550000,602.443633,78.577028,23.370000,22.883391,7.232379,17.246704,16.083230,17.078534,106.250000,69.360000,0.970500,16.070000,23.370000,0.000000,0.000000,0.861500,0
575,09:15:08.158,ROI,160,160,224,224,9.000000,58.430000,7.125000,0.000000,17.110000,603.280000,78.320000,603.320000,78.240000,604.381399,78.050895,20.570000,22.314645,8.942754,15.833054,15.190463,17.547795,108.070000,68.770000,0.943000,16.050000,20.570000,0.000000,0.000000,0.910100,0
576,09:15:08.206,ROI,160,160,224,224,8.030000,40.770000,10.200000,0.000000,24.530000,605.160000,78.160000,605.130000,78.120000,606.260710,77.608698,19.560000,21.699419,3.793064,12.614776,13.240719,17.386245,105.910000,68.360000,0.959900,14.690000,19.560000,0.000000,0.000000,0.896800,0
577,09:15:08.334,ROI,160,160,224,224,8.070000,121.910000,3.275000,0.000000,8.200000,610.850000,76.870000,608.560000,77.500000,608.484133,77.155435,18.440000,20.627077,10.246036,11.486321,11.522306,16.574711,104.690000,68.110000,0.865700,14.830000,18.440000,0.000000,0.000000,0.931200,0
578,09:15:08.383,ROI,160,160,224,224,9.000000,44.030000,9.650000,0.000000,22.710000,613.750000,76.270000,612.140000,76.860000,611.014935,76.701504,16.190000,19.353968,10.135750,10.764468,10.168599,15.547455,107.370000,66.960000,0.930700,16.110000,16.190000,0.000000,0.000000,0.934100,0
579,09:15:08.446,ROI,160,160,224,224,8.340000,56.590000,7.300000,0.000000,17.670000,615.030000,76.310000,614.890000,76.440000,613.654956,76.313565,14.160000,17.683815,8.683527,8.672465,8.359540,13.887677,106.020000,66.840000,0.974500,15.720000,14.160000,0.000000,0.000000,0.935000,0
580,09:15:08.510,ROI,160,160,224,224,7.920000,56.810000,7.150000,0.000000,17.600000,618.850000,75.890000,618.200000,75.950000,616.512407,75.980831,8.130000,15.003444,8.420696,6.904634,6.641854,11.719710,104.710000,65.450000,0.911300,16.110000,8.130000,0.000000,0.000000,0.927700,0
581,09:15:08.558,ROI,160,160,224,224,7.750000,41.950000,9.875000,0.000000,23.840000,619.890000,75.980000,620.610000,75.680000,619.356020,75.725653,11.340000,13.330218,6.392374,4.760448,5.127819,9.130341,105.840000,65.270000,0.977800,14.700000,11.340000,0.000000,0.000000,0.905900,0
582,09:15:08.622,ROI,160,160,224,224,7.710000,58.180000,0.000000,0.000000,17.190000,623.070000,75.470000,623.400000,75.400000,622.238230,75.497956,7.610000,10.977056,5.730925,4.078399,4.517045,6.922170,104.090000,64.410000,0.926900,14.960000,7.610000,0.000000,0.000000,0.916400,0
583,09:15:08.686,ROI,160,160,224,224,8.670000,58.820000,7.000000,0.000000,17.000000,623.980000,75.290000,625.320000,75.190000,624.971899,75.294798,8.510000,9.148440,6.241914,3.471793,4.250220,4.994109,107.030000,63.410000,0.957700,14.490000,8.510000,0.000000,0.000000,0.887600,0
584,09:15:08.798,ROI,160,160,224,224,8.480000,105.590000,3.800000,0.000000,9.470000,629.500000,75.280000,628.740000,74.990000,627.911742,75.137847,3.290000,6.137423,3.346819,2.284874,3.055992,3.115639,102.340000,62.870000,0.892600,13.540000,3.290000,0.000000,0.000000,0.902300,0
585,09:15:08.862,ROI,160,160,224,224,7.820000,57.760000,7.075000,0.000000,17.310000,630.500000,75.030000,631.200000,74.980000,630.809907,74.993940,5.630000,4.562940,0.232908,1.884716,2.842665,1.842207,105.670000,64.300000,0.947000,13.300000,5.630000,0.000000,0.000000,0.842200,0
586,09:15:08.910,ROI,160,160,224,224,8.010000,41.070000,10.100000,0.000000,24.350000,634.050000,75.110000,634.140000,74.870000,633.760649,74.910895,2.760000,2.607669,2.142720,0.748921,1.612081,0.422159,103.840000,64.920000,0.926000,13.740000,2.760000,0.000000,0.000000,0.853300,0
587,09:15:08.974,ROI,160,160,224,224,7.810000,58.390000,7.000000,0.000000,17.130000,634.320000,74.490000,635.910000,74.690000,636.466266,74.814605,2.060000,1.078911,5.806727,1.469205,2.038242,-0.411807,103.770000,63.830000,0.975900,12.480000,2.060000,0.000000,0.000000,0.865700,0
588,09:15:09.038,ROI,160,160,224,224,8.270000,58.380000,7.025000,0.000000,17.130000,638.590000,74.630000,638.610000,74.570000,639.176665,74.742669,1.610000,-0.495931,2.544804,1.048067,1.520305,-1.096824,102.550000,64.190000,0.915500,13.130000,1.610000,0.000000,0.000000,0.867100,0
589,09:15:09.086,ROI,160,160,224,224,8.500000,42.110000,9.975000,0.000000,23.750000,640.170000,74.340000,640.730000,74.530000,641.762274,74.663089,-0.040000,-1.669262,1.080924,1.142664,1.762910,-1.268302,100.530000,63.640000,0.960600,12.540000,-0.040000,0.000000,0.000000,0.858900,0
590,09:15:09.216,ROI,160,160,224,224,8.010000,122.930000,3.250000,0.000000,8.130000,645.630000,74.750000,644.160000,74.670000,644.562964,74.646198,-0.410000,-2.855315,-2.337306,0.006544,0.345550,-1.598903,101.500000,63.830000,0.886700,12.910000,-0.410000,0.000000,0.000000,0.857500,0
591,09:15:09.262,ROI,160,160,224,224,8.610000,40.960000,10.225000,0.000000,24.410000,648.580000,74.550000,647.650000,74.630000,647.524492,74.646415,0.080000,-3.469278,0.656656,-0.043074,-0.004213,-1.904126,98.920000,63.910000,0.937100,13.240000,0.080000,0.000000,0.000000,0.851800,0
592,09:15:09.326,ROI,160,160,224,224,7.710000,56.390000,0.000000,0.000000,17.730000,650.100000,74.800000,650.310000,74.810000,650.451423,74.698262,-1.860000,-3.930871,-3.871256,-1.263727,-1.014814,-2.244080,99.090000,64.180000,0.962300,12.870000,-1.860000,0.000000,0.000000,0.798300,0
593,09:15:09.390,ROI,160,160,224,224,8.370000,58.600000,0.000000,0.000000,17.060000,653.860000,74.680000,653.470000,74.830000,653.434468,74.781440,-2.060000,-4.559956,-0.362627,-1.599050,-1.597187,-2.632663,98.180000,64.120000,0.923000,13.140000,-2.060000,0.000000,0.000000,0.805900,0
594,09:15:09.438,ROI,160,160,224,224,8.260000,42.020000,10.000000,0.000000,23.800000,654.950000,74.770000,655.750000,74.880000,656.256790,74.890742,-1.510000,-4.685194,-1.256285,-2.211805,-2.217833,-3.071156,99.620000,63.640000,0.971200,12.750000,-1.510000,0.000000,0.000000,0.801800,0
595,09:15:09.502,ROI,160,160,224,224,8.250000,57.690000,14.150000,0.000000,17.340000,659.180000,74.910000,658.870000,74.900000,659.105875,75.032802,-2.790000,-4.952887,-0.367276,-2.441120,-2.854507,-3.575682,98.810000,62.510000,0.902400,11.980000,-2.790000,0.000000,0.000000,0.797400,0
596,09:15:09.566,ROI,160,160,224,224,7.980000,57.730000,7.100000,0.000000,17.320000,659.850000,75.140000,660.870000,75.070000,661.750677,75.197044,-2.830000,-4.861669,-4.858463,-3.393332,-3.553498,-4.061884,98.740000,62.690000,0.979500,13.070000,-2.830000,0.000000,0.000000,0.811000,0
597,09:15:09.614,ROI,160,160,224,224,7.740000,41.620000,10.000000,0.000000,24.020000,662.220000,75.220000,662.990000,75.250000,664.196948,75.374040,-2.860000,-4.603060,-4.853096,-3.693421,-4.138333,-4.352457,97.260000,62.890000,0.950000,13.140000,-2.860000,0.000000,0.000000,0.818100,0
598,09:15:09.742,ROI,160,160,224,224,9.330000,123.630000,0.000000,0.000000,8.090000,667.240000,75.950000,666.150000,75.710000,666.780262,75.617887,-5.120000,-4.776250,-8.282349,-4.635608,-5.392342,-4.733558,98.530000,64.390000,0.882400,14.110000,-5.120000,0.460000,-3.170000,0.799300,0
599,09:15:09.790,ROI,160,160,224,224,8.340000,41.260000,10.200000,0.000000,24.240000,670.250000,76.220000,669.480000,76.050000,669.495625,75.925323,-5.170000,-4.773645,-5.829817,-5.422870,-6.459565,-5.308563,98.640000,64.230000,0.933200,14.600000,-5.170000,0.000000,0.000000,0.819900,0
600,09:15:09.855,ROI,160,160,224,224,18.510000,69.170000,7.000000,0.000000,14.460000,671.390000,76.200000,671.880000,76.330000,672.134867,76.254286,-5.260000,-4.789875,-6.654425,-6.367875,-7.104890,-5.872550,100.390000,64.650000,0.971100,15.320000,-5.260000,0.000000,0.000000,0.825400,0
601,09:15:09.918,ROI,160,160,224,224,8.160000,45.710000,0.000000,0.000000,21.880000,675.140000,77.410000,675.010000,76.990000,674.825077,76.706782,-7.850000,-5.290484,-11.907108,-8.189538,-9.547836,-6.871936,99.110000,65.000000,0.894800,16.280000,-7.850000,0.000000,0.000000,0.779000,0
602,09:15:09.966,ROI,160,160,224,224,8.640000,42.190000,10.000000,0.000000,23.700000,676.080000,76.720000,677.110000,77.140000,677.380875,77.132540,-6.080000,-5.495528,-4.085617,-8.444718,-9.457778,-7.820347,100.800000,65.280000,0.961200,15.550000,-6.080000,0.000000,0.000000,0.794800,0
603,09:15:10.030,ROI,160,160,224,224,9.410000,58.520000,0.000000,0.000000,17.090000,679.080000,77.430000,679.570000,77.480000,679.878835,77.581339,-7.020000,-5.827496,-7.869076,-9.275419,-10.185436,-8.865871,101.000000,66.110000,0.922500,15.860000,-7.020000,0.500000,1.120000,0.767500,0
604,09:15:10.095,ROI,160,160,224,224,10.500000,59.720000,14.300000,0.000000,16.740000,681.250000,77.730000,681.760000,77.850000,682.302125,78.022165,-8.540000,-6.575734,-9.589552,-9.778642,-10.310073,-9.805321,98.880000,66.120000,0.949100,15.260000,-8.540000,0.000000,0.000000,0.765900,0
605,09:15:10.159,ROI,160,160,224,224,11.690000,56.460000,14.700000,0.000000,17.710000,684.290000,78.650000,684.130000,78.460000,684.733032,78.515173,-8.990000,-7.242698,-14.433730,-11.523845,-11.464561,-10.926779,98.980000,66.220000,0.915300,16.790000,-8.990000,0.000000,0.000000,0.795300,0
606,09:15:10.207,ROI,160,160,224,224,9.730000,39.780000,22.200000,0.000000,25.140000,685.190000,78.620000,685.660000,78.910000,686.995472,78.984669,-8.720000,-7.794278,-16.389540,-12.974566,-11.723487,-11.878877,99.500000,65.900000,0.977300,16.760000,-8.720000,0.000000,0.000000,0.780600,0
607,09:15:10.318,ROI,160,160,224,224,9.050000,103.190000,0.000000,0.000000,9.690000,689.410000,79.530000,688.340000,79.500000,689.293403,79.505452,-10.490000,-8.799516,-12.415575,-13.576135,-12.769293,-12.886385,100.170000,66.470000,0.894900,17.210000,-10.490000,0.000000,0.000000,0.885800,0
608,09:15:10.382,ROI,160,160,224,224,10.710000,59.820000,7.150000,0.000000,16.720000,693.380000,80.360000,691.700000,80.170000,691.771782,80.097718,-11.580000,-9.933097,-11.277136,-13.763865,-13.440092,-13.856751,103.610000,66.290000,0.903100,15.280000,-11.580000,0.570000,-3.650000,0.908400,0
609,09:15:10.446,ROI,160,160,224,224,7.950000,55.100000,7.450000,0.000000,18.150000,695.090000,80.460000,694.450000,80.660000,694.304935,80.689387,-10.910000,-10.716065,-10.103037,-13.476494,-13.146898,-14.481393,101.850000,66.860000,0.959300,16.270000,-10.910000,0.000000,0.000000,0.907100,0
610,09:15:10.494,ROI,160,160,224,224,8.140000,41.750000,9.975000,0.000000,23.950000,697.180000,81.140000,697.140000,81.210000,696.815137,81.303778,-11.320000,-11.059625,-11.555484,-13.570956,-13.753202,-15.017372,102.440000,67.160000,0.940700,16.590000,-11.320000,0.000000,0.000000,0.917800,0
611,09:15:10.558,ROI,160,160,224,224,8.830000,59.000000,7.050000,0.000000,16.950000,700.650000,81.380000,700.090000,81.650000,699.442548,81.892008,-11.990000,-11.836952,-8.483272,-12.660056,-12.619394,-15.004877,101.850000,66.570000,0.926400,16.740000,-11.990000,0.000000,0.000000,0.923300,0
612,09:15:10.622,ROI,160,160,224,224,8.350000,53.010000,0.000000,0.000000,18.870000,702.380000,81.210000,702.680000,81.800000,702.049040,82.381032,-14.160000,-12.847823,-3.314586,-10.422934,-10.626173,-14.349310,100.830000,64.620000,0.938600,16.940000,-14.160000,0.000000,0.000000,0.922900,0
613,09:15:10.670,ROI,160,160,224,224,8.030000,41.550000,10.000000,0.000000,24.070000,706.090000,82.770000,705.550000,82.460000,704.793766,82.912198,-15.590000,-14.235919,-12.950868,-11.067236,-10.952615,-13.784988,100.350000,66.260000,0.887300,16.940000,-15.590000,0.000000,0.000000,0.924300,0
614,09:15:10.799,ROI,160,160,224,224,9.230000,124.090000,3.250000,0.000000,8.060000,710.980000,84.600000,709.610000,83.650000,707.850827,83.619492,-16.320000,-15.222456,-16.336043,-12.303659,-13.026978,-13.691732,98.990000,69.240000,0.860900,16.300000,-16.320000,0.520000,-12.700000,0.939500,0
615,09:15:10.846,ROI,160,160,224,224,8.600000,40.410000,21.000000,0.000000,24.740000,711.890000,84.740000,712.500000,84.520000,710.940859,84.378210,-17.740000,-16.633677,-16.753794,-13.175572,-13.795331,-13.751652,100.090000,69.010000,0.978000,17.920000,-17.740000,0.000000,0.000000,0.920100,0
616,09:15:10.910,ROI,160,160,224,224,8.650000,57.310000,7.150000,0.000000,17.450000,715.210000,84.760000,715.700000,85.110000,714.096831,85.112173,-15.610000,-17.064528,-10.446589,-12.359463,-13.092182,-13.475841,98.550000,67.470000,0.914900,18.310000,-15.610000,0.000000,0.000000,0.931800,0
617,09:15:10.974,ROI,160,160,224,224,8.530000,58.190000,7.100000,0.000000,17.190000,716.220000,85.500000,717.800000,85.710000,717.123177,85.832629,-18.930000,-18.213944,-15.945396,-13.441599,-13.390650,-13.319876,99.300000,68.700000,0.958900,19.470000,-18.930000,0.000000,0.000000,0.932800,0
618,09:15:11.022,ROI,160,160,224,224,8.610000,41.310000,0.000000,0.000000,24.210000,719.110000,86.460000,720.140000,86.460000,720.036028,86.577556,-22.910000,-20.184548,-17.771321,-14.691546,-14.345262,-13.392408,99.130000,70.560000,0.918300,19.480000,-22.910000,0.000000,0.000000,0.898800,0
619,09:15:11.086,ROI,160,160,224,224,8.750000,57.450000,7.150000,0.000000,17.410000,720.720000,87.440000,721.870000,87.290000,722.747044,87.359327,-23.600000,-21.882754,-25.630238,-17.773993,-16.085866,-13.961085,99.960000,71.790000,0.942100,17.680000,-23.600000,0.000000,0.000000,0.874000,0
620,09:15:11.198,ROI,160,160,224,224,8.470000,105.700000,3.800000,0.000000,9.460000,725.630000,88.370000,724.930000,88.230000,725.525097,88.185125,-24.520000,-23.480048,-17.076410,-17.902579,-16.555004,-14.503014,98.980000,72.270000,0.884100,18.650000,-24.520000,0.000000,0.000000,0.886300,0
621,09:15:11.262,ROI,160,160,224,224,7.920000,57.210000,7.125000,0.000000,17.480000,728.290000,90.060000,727.940000,89.500000,728.319980,89.149359,-26.500000,-25.347585,-22.876190,-19.760185,-19.034420,-15.637413,98.200000,71.710000,0.904900,17.800000,-26.500000,0.000000,0.000000,0.887400,0
622,09:15:11.327,ROI,160,160,224,224,14.750000,65.870000,0.000000,24.550000,15.180000,728.900000,90.500000,729.890000,90.540000,730.903988,90.153798,-25.140000,-26.355512,-28.072487,-22.341582,-21.241789,-17.165634,98.810000,70.870000,0.975900,17.320000,-25.140000,0.000000,0.000000,0.873900,0
623,09:15:11.374,ROI,160,160,224,224,7.940000,33.000000,0.000000,0.000000,30.310000,730.480000,91.840000,731.660000,91.720000,733.205335,91.240577,-25.480000,-27.176137,-33.690068,-26.311751,-25.278356,-19.547881,97.730000,71.320000,0.933000,16.880000,-25.480000,0.000000,0.000000,0.871500,0
624,09:15:11.438,ROI,160,160,224,224,8.230000,58.020000,7.075000,0.000000,17.230000,733.650000,93.030000,733.710000,92.960000,735.403262,92.412770,-28.300000,-28.567444,-31.168823,-29.031994,-28.071789,-22.338776,96.800000,71.270000,0.906900,17.840000,-28.300000,0.000000,0.000000,0.867300,0
625,09:15:11.502,ROI,160,160,224,224,8.600000,58.170000,7.075000,0.000000,17.190000,735.840000,94.640000,735.880000,94.390000,737.473081,93.713169,-30.750000,-30.212629,-33.384330,-32.059355,-32.139801,-25.807178,96.540000,72.520000,0.914800,17.240000,-30.750000,0.000000,0.000000,0.865500,0
626,09:15:11.550,ROI,160,160,224,224,7.910000,40.270000,9.975000,0.000000,24.830000,738.640000,96.100000,738.080000,95.910000,739.536101,95.136819,-29.970000,-31.321234,-34.640948,-34.609756,-34.608785,-29.420449,97.710000,72.700000,0.907900,16.680000,-29.970000,0.000000,0.000000,0.857600,0
627,09:15:11.678,ROI,160,160,224,224,10.570000,124.230000,3.275000,0.000000,8.050000,743.040000,98.410000,741.050000,97.800000,741.810427,96.762339,-29.750000,-32.124097,-32.471192,-36.137752,-35.554375,-32.744271,100.770000,75.460000,0.861500,17.080000,-29.750000,0.000000,0.000000,0.853400,0
628,09:15:11.726,ROI,160,160,224,224,9.660000,39.080000,10.700000,0.000000,25.590000,744.810000,99.270000,743.810000,99.420000,744.134730,98.462468,-30.490000,-32.712565,-30.411081,-36.464179,-36.183893,-35.643231,100.210000,75.120000,0.943800,17.310000,-30.490000,0.550000,-28.920000,0.885500,0
629,09:15:11.790,ROI,160,160,224,224,15.020000,63.510000,14.475000,0.000000,15.750000,747.000000,100.520000,746.510000,100.940000,746.456331,100.200290,-31.550000,-33.362125,-29.377900,-36.486236,-36.816505,-38.145970,99.260000,74.840000,0.926400,17.440000,-31.550000,0.590000,-29.670000,0.855300,0
630,09:15:11.854,ROI,160,160,224,224,9.300000,50.760000,16.350000,0.000000,19.700000,748.420000,100.930000,748.650000,101.980000,748.697786,101.841738,-32.790000,-34.129274,-25.918886,-35.381204,-36.215811,-39.982540,99.710000,75.290000,0.961400,17.280000,-32.790000,1.400000,-31.940000,0.805800,0
631,09:15:11.902,ROI,160,160,224,224,9.740000,42.100000,20.550000,0.000000,23.760000,751.280000,102.700000,751.210000,103.330000,750.915843,103.437327,-31.170000,-34.018819,-27.804643,-34.259736,-35.729860,-41.068774,98.740000,76.370000,0.902000,18.190000,-31.170000,0.920000,-30.350000,0.844700,0
632,09:15:11.966,ROI,160,160,224,224,8.450000,56.770000,7.275000,0.000000,17.620000,752.790000,103.170000,753.280000,104.210000,753.069710,104.902169,-31.460000,-34.014516,-23.031353,-32.513771,-34.219581,-41.400758,97.440000,75.990000,0.958000,17.090000,-31.460000,0.000000,0.000000,0.826700,0
633,09:15:12.031,ROI,160,160,224,224,9.610000,59.700000,0.000000,0.000000,16.750000,756.020000,105.340000,755.830000,105.520000,755.277427,106.349206,-31.890000,-33.964867,-27.190721,-31.734263,-33.242614,-41.144628,97.240000,76.580000,0.885700,17.310000,-31.890000,0.000000,0.000000,0.794700,0
634,09:15:12.078,ROI,160,160,224,224,8.200000,39.880000,21.025000,0.000000,25.070000,757.550000,104.850000,757.980000,106.030000,757.462331,107.565165,-32.830000,-33.958157,-13.344451,-27.182833,-29.097160,-39.591427,96.310000,75.570000,0.956100,16.380000,-32.830000,0.000000,0.000000,0.780200,0
635,09:15:12.206,ROI,160,160,224,224,10.570000,124.020000,3.275000,0.000000,8.060000,760.790000,107.720000,760.600000,107.390000,759.752851,108.779157,-34.360000,-34.235056,-27.433103,-26.377263,-27.923907,-37.607792,96.560000,77.940000,0.869600,15.910000,-34.360000,0.000000,0.000000,0.833300,0
636,09:15:12.254,ROI,160,160,224,224,8.040000,38.150000,10.650000,0.000000,26.210000,762.040000,108.630000,762.510000,108.510000,762.047694,109.937899,-37.270000,-35.215230,-30.386824,-26.068493,-26.790719,-35.342600,95.610000,77.550000,0.952000,14.180000,-37.270000,0.000000,0.000000,0.758600,0
637,09:15:12.318,ROI,160,160,192,192,8.170000,57.750000,0.000000,0.000000,17.320000,765.470000,110.570000,765.040000,109.960000,764.443565,111.122157,-52.580000,-39.916883,-29.817994,-25.795299,-26.302784,-32.952858,91.000000,78.600000,0.885900,14.730000,-52.580000,0.000000,0.000000,0.827600,0
638,09:15:12.382,ROI,160,160,192,192,8.890000,58.530000,7.100000,0.000000,17.090000,766.150000,111.010000,766.970000,111.070000,766.712524,112.228577,-45.720000,-42.051484,-29.904479,-25.597177,-25.995385,-30.543914,93.800000,77.650000,0.958700,14.810000,-45.720000,0.000000,0.000000,0.787900,0
639,09:15:12.431,ROI,160,160,192,192,11.110000,45.250000,9.825000,0.000000,22.100000,767.990000,112.200000,768.720000,112.150000,768.869177,113.272887,-51.460000,-45.407310,-31.680514,-25.984026,-25.837535,-28.272178,93.440000,78.460000,0.933100,14.640000,-51.460000,0.000000,0.000000,0.787500,0
640,09:15:12.494,ROI,160,160,192,192,7.880000,53.430000,7.675000,0.000000,18.720000,770.520000,113.570000,770.620000,113.350000,770.979121,114.292887,-49.410000,-47.712278,-32.275644,-26.388520,-25.800296,-26.117812,90.180000,78.540000,0.914800,14.790000,-49.410000,0.000000,0.000000,0.796500,0
641,09:15:12.558,ROI,160,160,192,192,7.930000,57.740000,7.050000,0.000000,17.320000,772.740000,116.290000,772.630000,115.160000,773.059750,115.467875,-49.240000,-49.577665,-42.002957,-29.653069,-29.454601,-25.238063,90.070000,79.460000,0.890100,14.040000,-49.240000,0.000000,0.000000,0.786000,0
642,09:15:12.606,ROI,160,160,192,192,8.150000,41.760000,9.825000,0.000000,23.940000,773.120000,116.850000,773.780000,116.460000,774.922935,116.683242,-43.200000,-49.373262,-48.503532,-34.921440,-33.116648,-25.647739,92.500000,79.440000,0.960200,13.520000,-43.200000,0.000000,0.000000,0.753500,0
643,09:15:12.734,ROI,160,160,192,192,8.010000,121.690000,3.275000,0.000000,8.220000,777.100000,120.390000,775.960000,118.750000,776.851415,118.167270,-51.240000,-51.108976,-46.409679,-38.425708,-37.579457,-27.284109,89.450000,80.100000,0.841300,14.270000,-51.240000,0.000000,0.000000,0.802500,0
644,09:15:12.783,ROI,160,160,192,192,15.330000,50.170000,9.700000,0.000000,19.930000,780.160000,123.280000,778.780000,121.610000,778.888391,119.990480,-54.030000,-53.215286,-45.403485,-40.992411,-41.830360,-29.798745,88.500000,79.610000,0.870600,13.990000,-54.030000,0.000000,0.000000,0.830100,0
645,09:15:12.846,ROI,160,160,192,192,7.950000,48.870000,0.000000,0.000000,20.460000,780.310000,122.380000,780.540000,123.180000,780.811149,121.788484,-47.680000,-53.172859,-41.734412,-42.232129,-43.079640,-32.384641,88.510000,77.720000,0.972900,14.160000,-47.680000,0.000000,0.000000,0.831100,0
646,09:15:12.910,ROI,160,160,192,192,7.950000,57.280000,0.000000,0.000000,17.460000,783.180000,124.690000,782.840000,125.020000,782.734718,123.660012,-55.790000,-55.403690,-38.659808,-43.148940,-44.214380,-35.153711,86.480000,78.840000,0.884500,14.670000,-55.790000,0.000000,0.000000,0.847000,0
647,09:15:12.958,ROI,160,160,192,192,7.700000,41.760000,9.900000,0.000000,23.950000,784.180000,125.360000,784.530000,126.410000,784.583319,125.484488,-51.930000,-56.045097,-39.436791,-43.896142,-44.623683,-37.852617,88.200000,78.650000,0.961200,13.480000,-51.930000,0.000000,0.000000,0.808200,0
648,09:15:13.022,ROI,160,160,192,192,7.680000,57.270000,7.000000,0.000000,17.460000,785.810000,128.600000,786.160000,128.520000,786.339718,127.453270,-58.160000,-57.817028,-52.313489,-47.914989,-48.263061,-41.307095,86.980000,82.520000,0.890300,13.980000,-58.160000,0.000000,0.000000,0.862300,0
649,09:15:13.086,ROI,160,160,192,192,7.740000,58.200000,7.025000,0.000000,17.180000,787.300000,129.670000,787.540000,130.260000,788.016714,129.450468,-58.490000,-59.242758,-51.581945,-50.572754,-49.980675,-44.844663,86.440000,82.010000,0.941800,14.530000,-58.490000,0.000000,0.000000,0.870000,0
650,09:15:13.200,ROI,160,160,192,192,7.830000,107.690000,7.400000,0.000000,9.290000,788.800000,133.800000,789.100000,132.970000,789.569306,131.723528,-60.000000,-60.651806,-60.073300,-55.831359,-55.665335,-49.600917,87.320000,84.880000,0.876200,12.770000,-60.000000,0.000000,0.000000,0.851000,0
651,09:15:13.262,ROI,160,160,192,192,7.980000,56.530000,21.675000,0.000000,17.690000,789.450000,135.150000,790.350000,135.330000,790.920206,134.115694,-58.850000,-61.232016,-62.091575,-60.529648,-60.545794,-55.022180,86.930000,83.140000,0.954200,12.890000,-58.850000,0.000000,0.000000,0.863300,0
652,09:15:13.312,ROI,160,160,192,192,8.050000,43.500000,9.525000,0.000000,22.990000,792.010000,136.750000,791.950000,137.350000,792.275919,136.536028,-64.070000,-63.054964,-51.617987,-61.305807,-60.745294,-59.748754,84.300000,83.270000,0.907300,12.660000,-64.070000,0.000000,0.000000,0.842000,0
653,09:15:13.376,ROI,160,160,192,192,7.710000,57.880000,0.000000,0.000000,17.280000,792.900000,138.150000,793.130000,139.080000,793.563879,138.889685,-63.050000,-64.226919,-55.702848,-62.259204,-61.311801,-63.714164,84.290000,83.270000,0.947200,12.470000,-63.050000,0.000000,0.000000,0.853400,0
654,09:15:13.438,ROI,160,160,192,192,7.680000,55.830000,7.275000,0.000000,17.910000,794.560000,138.950000,794.440000,140.300000,794.828839,141.040310,-66.510000,-65.784581,-42.962669,-59.534429,-59.536709,-66.381994,83.980000,82.780000,0.943400,14.650000,-66.510000,0.000000,0.000000,0.839500,0
655,09:15:13.486,ROI,160,160,192,192,7.780000,42.360000,9.800000,0.000000,23.610000,795.490000,139.090000,795.470000,140.880000,796.010673,142.821565,-64.520000,-66.212915,-29.384157,-52.988309,-56.436337,-67.337949,83.560000,81.320000,0.961000,13.630000,-64.520000,0.000000,0.000000,0.849000,0
656,09:15:13.615,ROI,160,160,192,192,9.360000,124.980000,0.000000,0.000000,8.000000,798.350000,142.100000,797.150000,142.180000,797.308254,144.452456,-67.770000,-67.297468,-37.733046,-48.927830,-51.493303,-66.322714,81.050000,82.820000,0.869200,15.200000,-67.770000,1.840000,-67.940000,0.829800,0
657,09:15:13.664,ROI,160,160,192,192,7.770000,41.100000,20.200000,0.000000,24.330000,799.630000,145.140000,798.890000,144.220000,798.665488,146.100254,-69.220000,-68.483798,-49.537773,-48.275564,-50.522911,-64.691332,81.660000,84.040000,0.901600,14.980000,-69.220000,0.000000,0.000000,0.835500,0
658,09:15:13.728,ROI,160,160,192,192,7.990000,57.820000,7.050000,0.000000,17.290000,800.430000,146.670000,800.290000,146.080000,799.995960,147.718335,-68.540000,-69.146669,-53.031656,-48.485116,-50.571143,-62.786911,81.980000,84.920000,0.946300,15.260000,-68.540000,0.000000,0.000000,0.832200,0
659,09:15:13.790,ROI,160,160,192,192,8.090000,56.460000,0.000000,0.000000,17.710000,801.820000,149.060000,801.730000,148.220000,801.313040,149.377706,-72.100000,-70.454560,-56.063501,-49.298550,-51.560166,-60.869118,82.210000,86.920000,0.915000,15.870000,-72.100000,0.000000,0.000000,0.840200,0
660,09:15:13.840,ROI,160,160,192,192,8.280000,43.550000,18.975000,0.000000,22.960000,803.560000,151.470000,803.220000,150.490000,802.680153,151.141234,-74.380000,-71.978347,-56.719599,-50.300033,-52.216633,-58.952103,80.510000,87.940000,0.908000,16.270000,-74.380000,0.000000,0.000000,0.871700,0
661,09:15:13.904,ROI,160,160,192,192,8.100000,57.810000,14.100000,0.000000,17.300000,804.980000,154.070000,804.770000,153.050000,804.075532,153.044044,-75.320000,-73.621887,-58.806405,-51.452115,-53.746462,-57.276817,79.320000,88.910000,0.910800,17.060000,-75.320000,0.000000,0.000000,0.885800,0
662,09:15:13.966,ROI,160,160,192,192,7.790000,55.360000,0.000000,0.000000,18.060000,805.480000,154.970000,805.830000,155.000000,805.409363,154.946710,-72.870000,-74.394633,-61.471951,-53.514157,-54.968287,-55.856343,78.730000,89.390000,0.967900,17.720000,-72.870000,0.000000,0.000000,0.884800,0
663,09:15:14.016,ROI,160,160,192,192,7.850000,44.060000,9.400000,0.000000,22.700000,806.020000,155.970000,806.690000,156.660000,806.598790,156.739782,-75.550000,-75.799835,-62.612578,-55.284622,-56.441855,-54.736564,76.660000,88.580000,0.952200,16.250000,-75.550000,0.000000,0.000000,0.874700,0
664,09:15:14.144,ROI,160,160,192,192,8.210000,122.210000,6.525000,0.000000,8.180000,807.430000,158.880000,807.630000,158.630000,807.715198,158.595915,-80.020000,-78.237266,-64.491514,-58.689085,-58.974378,-54.529103,76.420000,88.020000,0.903400,15.570000,-80.020000,0.000000,0.000000,0.836100,0
665,09:15:14.191,ROI,160,160,192,192,8.490000,42.060000,10.000000,0.000000,23.780000,807.070000,161.250000,808.080000,160.920000,808.597024,160.535996,-82.560000,-81.048504,-78.882658,-64.592179,-65.556736,-56.069017,78.020000,86.500000,0.928100,13.640000,-82.560000,0.000000,0.000000,0.760100,0
666,09:15:14.256,ROI,160,160,192,192,8.650000,58.390000,14.175000,0.000000,17.130000,807.100000,163.220000,808.140000,163.130000,809.229464,162.554500,-82.050000,-83.260040,-88.444840,-72.076395,-72.603135,-59.336742,81.420000,88.310000,0.916500,15.180000,-82.050000,0.000000,0.000000,0.799600,0
667,09:15:14.318,ROI,160,160,192,192,9.150000,52.640000,14.650000,0.000000,19.000000,807.650000,164.270000,808.370000,164.980000,809.639633,164.526020,-84.000000,-84.319375,-82.913105,-77.215574,-78.247421,-63.759331,81.060000,86.600000,0.963200,13.670000,-84.000000,0.310000,-89.620000,0.743300,0
668,09:15:14.368,ROI,160,160,192,192,8.080000,42.320000,19.700000,0.000000,23.630000,808.020000,165.140000,808.440000,166.330000,809.864133,166.361452,-83.940000,-85.541827,-87.031766,-82.808754,-83.026530,-69.000149,81.820000,86.600000,0.971200,16.240000,-83.940000,0.000000,0.000000,0.817800,0
669,09:15:14.432,ROI,160,160,192,192,9.750000,59.340000,14.150000,0.000000,16.850000,808.160000,166.280000,808.360000,167.430000,809.916593,168.033435,-86.380000,-86.568121,-94.159642,-89.441316,-88.202894,-75.095776,83.660000,87.160000,0.952700,16.490000,-86.380000,0.350000,-91.310000,0.817000,0
670,09:15:14.496,ROI,160,160,192,192,7.990000,56.200000,14.525000,0.000000,17.790000,808.070000,167.460000,808.170000,168.340000,809.794270,169.525339,-88.100000,-87.831992,-101.793430,-97.186727,-94.687251,-82.318105,84.170000,87.350000,0.967600,15.930000,-88.100000,0.000000,0.000000,0.816300,0
671,09:15:14.543,ROI,160,160,192,192,7.920000,40.710000,10.000000,0.000000,24.560000,808.310000,169.680000,808.040000,169.690000,809.539440,170.940944,-87.780000,-88.671956,-95.500411,-101.310638,-100.204827,-89.945259,83.720000,88.000000,0.945500,15.460000,-87.780000,0.000000,0.000000,0.818100,0
672,09:15:14.672,ROI,160,160,192,192,7.920000,122.380000,3.250000,0.000000,8.170000,809.880000,174.030000,808.330000,172.080000,809.377032,172.622431,-89.260000,-90.242452,-83.081614,-100.630120,-95.516826,-95.142515,84.240000,87.960000,0.874000,14.700000,-89.260000,0.000000,0.000000,0.830700,0
673,09:15:14.720,ROI,160,160,192,192,9.830000,44.380000,0.000000,0.000000,22.530000,811.030000,175.010000,809.110000,174.160000,809.364726,174.382690,-89.560000,-91.007028,-69.443955,-96.054437,-90.400564,-97.927737,83.030000,85.880000,0.950200,16.160000,-89.560000,1.620000,-88.670000,0.851000,0
674,09:15:14.782,ROI,160,160,192,192,9.250000,55.010000,15.175000,0.000000,18.180000,809.670000,176.220000,809.260000,176.130000,809.258988,176.116665,-90.620000,-91.565774,-85.645779,-95.928417,-93.489577,-100.670676,83.400000,85.840000,0.941200,16.650000,-90.620000,0.260000,-92.110000,0.846800,0
675,09:15:14.846,ROI,160,160,192,192,9.170000,57.810000,14.400000,0.000000,17.300000,810.560000,179.250000,809.610000,178.400000,809.207339,178.001944,-87.790000,-91.776927,-81.234872,-94.601452,-91.569286,-102.242184,85.800000,88.000000,0.907100,14.610000,-87.790000,0.630000,-90.740000,0.802800,0
676,09:15:14.894,ROI,160,160,192,192,7.940000,39.750000,20.475000,0.000000,25.160000,810.320000,181.930000,809.900000,180.960000,809.143875,180.078569,-90.850000,-92.081141,-83.537014,-94.110464,-91.750471,-103.345551,87.260000,89.110000,0.925900,16.560000,-90.850000,0.000000,0.000000,0.860600,0
677,09:15:14.958,ROI,160,160,192,192,7.930000,58.200000,7.025000,0.000000,17.180000,810.290000,183.900000,810.070000,183.270000,809.087198,182.300786,-92.510000,-93.072250,-85.791015,-94.136767,-91.461006,-103.991591,87.840000,89.920000,0.950600,16.470000,-92.510000,0.000000,0.000000,0.873100,0
678,09:15:15.006,ROI,160,160,192,192,10.960000,45.760000,19.425000,33.250000,21.850000,810.000000,184.370000,810.120000,184.950000,809.016758,184.427520,-92.710000,-93.469560,-88.295272,-93.528548,-91.896999,-104.143627,85.880000,86.930000,0.945200,16.220000,-92.710000,0.000000,0.000000,0.854500,0
679,09:15:15.134,ROI,160,160,192,192,7.970000,118.120000,3.375000,0.000000,8.470000,810.980000,186.620000,810.580000,186.710000,809.073206,186.518762,-94.230000,-94.124742,-75.352625,-89.253675,-88.453826,-102.957819,85.300000,86.900000,0.928500,17.930000,-94.230000,0.000000,0.000000,0.858000,0
680,09:15:15.182,ROI,160,160,192,192,7.790000,41.380000,19.825000,0.000000,24.170000,810.680000,188.640000,810.840000,188.760000,809.182621,188.561706,-93.880000,-94.435843,-82.771810,-86.291500,-86.934300,-100.707017,85.320000,88.900000,0.948400,18.160000,-93.880000,0.000000,0.000000,0.880200,0
681,09:15:15.246,ROI,160,160,192,192,8.400000,58.840000,7.000000,0.000000,16.990000,811.000000,190.080000,811.070000,190.610000,809.365282,190.511476,-94.080000,-94.858907,-82.913105,-82.944531,-84.647952,-97.253291,83.600000,90.260000,0.949400,18.820000,-94.080000,0.000000,0.000000,0.883800,0
682,09:15:15.310,ROI,160,160,192,192,7.980000,57.460000,14.200000,45.625000,17.400000,811.820000,194.390000,811.660000,193.540000,809.684577,192.673867,-93.710000,-94.697899,-78.614876,-79.281777,-81.600513,-92.880716,80.160000,94.450000,0.875600,18.390000,-93.710000,0.000000,0.000000,0.913500,0
683,09:15:15.359,ROI,160,160,192,192,9.950000,44.860000,0.000000,0.000000,22.290000,811.800000,196.230000,812.020000,196.240000,810.101968,194.975036,-94.790000,-94.907762,-82.405357,-76.438519,-79.719337,-88.008798,81.700000,92.200000,0.943800,18.760000,-94.790000,0.000000,0.000000,0.898000,0
684,09:15:15.422,ROI,160,160,192,192,8.150000,52.890000,14.775000,0.000000,18.910000,812.130000,198.770000,812.380000,198.940000,810.601258,197.440996,-95.230000,-94.920609,-82.405357,-74.916773,-78.553888,-83.152815,81.790000,92.480000,0.939200,20.080000,-95.230000,0.000000,0.000000,0.879700,0
685,09:15:15.486,ROI,160,160,192,192,10.600000,59.880000,14.200000,0.000000,16.700000,812.340000,201.260000,812.590000,201.430000,811.162746,200.070581,-95.890000,-95.298810,-85.179234,-75.913366,-77.946800,-78.715649,82.010000,94.910000,0.943500,18.920000,-95.890000,1.100000,-99.650000,0.850200,0
686,09:15:15.599,ROI,160,160,192,192,10.480000,106.820000,7.650000,0.000000,9.360000,811.350000,203.710000,812.370000,203.930000,811.610516,202.811335,-96.960000,-95.712694,-95.029074,-79.432449,-80.721287,-75.911361,82.240000,93.110000,0.927300,18.500000,-96.960000,0.770000,-103.430000,0.847100,0
687,09:15:15.662,ROI,160,160,192,192,8.080000,55.070000,14.875000,0.000000,18.160000,810.380000,204.330000,811.730000,205.710000,811.826770,205.401512,-99.930000,-96.784810,-109.776077,-85.973359,-85.227441,-74.873364,81.010000,92.570000,0.963500,17.160000,-99.930000,0.000000,0.000000,0.832300,0
688,09:15:15.710,ROI,160,160,192,192,11.380000,44.560000,20.175000,0.000000,22.440000,809.570000,205.520000,810.790000,207.040000,811.774492,207.750750,-99.800000,-97.830351,-125.251406,-95.858446,-91.274808,-75.833313,81.800000,92.320000,0.955600,18.610000,-99.800000,0.780000,-96.530000,0.816800,0
689,09:15:15.774,ROI,160,160,192,192,8.280000,54.450000,15.000000,0.000000,18.360000,808.060000,207.570000,809.380000,208.470000,811.348282,209.887230,-99.650000,-98.504020,-134.596515,-107.014425,-101.281918,-79.598774,84.910000,94.970000,0.922500,19.960000,-99.650000,0.000000,0.000000,0.854700,0
690,09:15:15.838,ROI,160,160,192,192,8.630000,58.030000,14.175000,0.000000,17.230000,807.470000,210.170000,808.090000,210.250000,810.607641,211.908198,-105.100000,-100.384690,-125.931561,-114.680004,-110.126797,-85.606498,83.100000,93.170000,0.926400,20.810000,-105.100000,0.000000,0.000000,0.908100,0
691,09:15:15.886,ROI,160,160,192,192,8.460000,41.650000,20.150000,0.000000,24.010000,805.700000,211.420000,806.460000,211.830000,809.478750,213.733157,-106.570000,-102.366113,-135.892385,-124.058278,-121.740278,-94.274727,84.650000,92.630000,0.933900,20.440000,-106.570000,0.000000,0.000000,0.898700,0
692,09:15:16.014,ROI,160,160,192,192,8.210000,121.860000,6.525000,0.000000,8.210000,804.510000,214.480000,804.780000,213.870000,808.023786,215.543859,-109.940000,-105.274274,-129.472460,-130.518489,-128.783126,-104.105334,86.510000,93.760000,0.911200,20.500000,-109.940000,0.000000,0.000000,0.917400,0
693,09:15:16.063,ROI,160,160,192,192,7.540000,42.190000,19.475000,0.000000,23.700000,805.000000,217.680000,803.820000,216.290000,806.486641,217.466802,-111.460000,-108.118423,-111.637941,-131.516846,-128.637824,-113.041784,87.950000,93.950000,0.919200,20.830000,-111.460000,0.000000,0.000000,0.913100,0
694,09:15:16.128,ROI,160,160,192,192,7.550000,58.900000,6.875000,0.000000,16.980000,804.300000,220.370000,803.060000,218.970000,804.920956,219.531379,-109.700000,-109.808782,-105.832387,-130.872938,-127.175104,-120.747127,87.660000,97.270000,0.930900,21.270000,-109.700000,0.000000,0.000000,0.945700,0
695,09:15:16.190,ROI,160,160,224,224,12.140000,60.640000,7.250000,0.000000,16.490000,802.500000,221.890000,801.890000,221.370000,803.264085,221.608310,-111.890000,-111.596488,-115.989234,-131.790224,-128.581096,-127.702656,89.320000,97.380000,0.931200,19.540000,-111.890000,0.700000,-123.740000,0.950100,0
696,09:15:16.238,ROI,160,160,224,224,13.870000,43.500000,11.100000,26.125000,22.990000,801.480000,223.460000,800.730000,223.590000,801.577407,223.637532,-113.470000,-113.544270,-117.588081,-131.857973,-129.733163,-133.713983,90.270000,97.540000,0.946800,20.010000,-113.470000,1.090000,-122.000000,0.956800,0
697,09:15:16.303,ROI,160,160,224,224,12.480000,54.810000,7.850000,29.625000,18.240000,800.230000,226.560000,799.550000,226.220000,799.864855,225.750859,-113.510000,-115.018141,-114.164305,-131.035691,-129.019877,-138.335433,93.530000,99.610000,0.907100,19.870000,-113.510000,0.720000,-123.860000,0.959300,0
698,09:15:16.366,ROI,160,160,224,224,10.970000,55.050000,7.775000,0.000000,18.170000,798.750000,226.600000,798.280000,227.830000,798.138774,227.712669,-113.100000,-116.112250,-128.267079,-133.293428,-131.342632,-142.447189,93.550000,96.680000,0.940900,19.250000,-113.100000,1.080000,-124.400000,0.961600,0
699,09:15:16.414,ROI,160,160,224,224,9.400000,39.840000,21.500000,0.000000,25.100000,799.120000,226.910000,797.690000,228.730000,796.617665,229.393815,-114.180000,-117.044185,-123.247068,-132.762783,-132.138959,-145.506094,93.370000,96.010000,0.985300,17.770000,-114.180000,0.000000,0.000000,0.960600,0
700,09:15:16.543,ROI,160,160,224,224,11.800000,124.610000,3.300000,0.000000,8.030000,798.030000,229.710000,796.980000,230.100000,795.282972,231.001444,-116.710000,-118.226113,-117.395367,-129.247446,-129.700300,-146.465767,97.940000,97.050000,0.900500,17.980000,-116.710000,2.300000,-122.170000,0.963500,0
701,09:15:16.591,ROI,160,160,224,224,11.360000,39.750000,22.200000,0.000000,25.160000,796.730000,232.280000,796.070000,231.790000,794.084044,232.628411,-116.670000,-119.109262,-118.300756,-125.983849,-126.386841,-145.198357,92.130000,95.120000,0.892600,17.130000,-116.670000,0.660000,-124.040000,0.966600,0
702,09:15:16.654,ROI,160,160,192,192,8.940000,54.650000,15.050000,0.000000,18.300000,796.800000,233.570000,795.740000,233.480000,793.143952,234.201790,-117.170000,-119.723145,-101.048906,-118.966109,-120.858284,-142.184275,95.500000,96.920000,0.939200,18.030000,-117.170000,0.000000,0.000000,0.937100,0
703,09:15:16.720,ROI,160,160,224,224,12.940000,63.000000,13.975000,0.000000,15.870000,793.200000,236.680000,794.350000,235.700000,792.114415,235.897052,-118.060000,-120.291165,-122.051758,-119.353527,-121.270399,-139.396047,89.100000,91.940000,0.866500,14.680000,-118.060000,0.000000,0.000000,0.944000,0
704,09:15:16.766,ROI,160,160,192,192,8.240000,33.410000,12.000000,0.000000,29.940000,795.900000,237.940000,794.520000,237.490000,791.471883,237.605105,-116.270000,-120.049327,-84.574774,-108.423875,-110.615211,-133.267886,96.420000,97.790000,0.868800,18.660000,-116.270000,0.000000,0.000000,0.943300,0
705,09:15:16.831,ROI,160,160,224,224,10.810000,60.960000,13.900000,0.000000,16.400000,790.590000,240.260000,792.720000,239.580000,790.638117,239.386101,-118.100000,-120.431976,-130.736479,-111.248591,-115.086456,-128.635627,92.290000,93.910000,0.852600,15.500000,-118.100000,0.000000,0.000000,0.943600,0
706,09:15:16.894,ROI,160,160,192,192,8.120000,52.780000,15.225000,0.000000,18.950000,789.510000,240.880000,791.040000,241.200000,789.674383,241.079940,-118.950000,-120.653359,-136.041627,-114.909476,-119.638334,-125.239384,98.100000,94.840000,0.928700,17.670000,-118.950000,0.000000,0.000000,0.950300,0
707,09:15:16.942,ROI,160,160,224,224,8.060000,41.900000,19.825000,0.000000,23.870000,787.390000,244.440000,789.030000,243.670000,788.522512,242.936536,-119.190000,-120.645524,-129.137496,-116.052986,-121.816319,-122.386052,98.730000,95.720000,0.890200,17.100000,-119.190000,0.000000,0.000000,0.950200,0
708,09:15:17.070,ROI,160,160,224,224,8.240000,122.070000,3.275000,0.000000,8.190000,782.940000,248.130000,785.740000,246.670000,786.884762,245.134629,-119.070000,-120.465173,-137.639748,-118.997799,-126.688975,-120.700779,99.920000,95.280000,0.848900,17.340000,-119.070000,0.000000,0.000000,0.953300,0
709,09:15:17.119,ROI,160,160,224,224,11.340000,46.030000,19.225000,0.000000,21.730000,782.630000,248.870000,783.340000,248.920000,785.024855,247.443125,-121.180000,-120.620270,-136.847610,-122.569265,-128.857672,-119.740488,100.230000,91.660000,0.956200,17.290000,-121.180000,2.600000,-121.690000,0.953400,0
710,09:15:17.182,ROI,160,160,224,224,17.240000,62.830000,15.375000,21.725000,15.920000,779.910000,250.790000,780.550000,251.030000,782.882302,249.797153,-122.080000,-120.919964,-142.900789,-126.994573,-132.307343,-119.733899,99.480000,91.760000,0.909200,16.210000,-122.080000,2.920000,-120.130000,0.902300,0
711,09:15:17.246,ROI,160,160,224,224,10.790000,49.770000,8.550000,0.000000,20.090000,781.230000,251.710000,779.200000,252.500000,780.874387,252.047548,-122.860000,-121.309815,-132.563352,-128.408367,-131.740941,-119.701286,97.400000,92.270000,0.954700,16.870000,-122.860000,0.450000,-119.490000,0.911500,0
712,09:15:17.294,ROI,160,160,224,224,10.460000,41.000000,31.975000,0.000000,24.390000,778.620000,253.600000,777.440000,254.180000,778.836964,254.168431,-122.170000,-121.484407,-136.332220,-131.444940,-133.850194,-120.593394,99.120000,93.020000,0.911200,15.910000,-122.170000,1.440000,-114.380000,0.913400,0
713,09:15:17.358,ROI,160,160,224,224,10.400000,57.950000,7.325000,0.000000,17.260000,777.760000,256.080000,776.050000,256.110000,776.872008,256.239536,-121.280000,-121.337581,-125.761707,-131.600097,-133.493457,-121.744734,99.510000,92.900000,0.932300,16.750000,-121.280000,0.690000,-113.580000,0.908100,0
714,09:15:17.422,ROI,160,160,224,224,9.800000,57.090000,14.800000,0.000000,17.520000,777.320000,257.460000,775.190000,257.840000,775.088992,258.193855,-123.610000,-121.841552,-116.432422,-129.964814,-132.375659,-123.049599,96.770000,90.610000,0.943800,14.600000,-123.610000,0.580000,-113.280000,0.878800,0
715,09:15:17.470,ROI,160,160,224,224,9.870000,41.430000,20.825000,0.000000,24.140000,774.900000,259.270000,773.970000,259.630000,773.356137,260.059222,-128.170000,-123.522750,-124.276944,-131.194604,-132.890915,-125.059401,99.340000,89.350000,0.915200,13.220000,-128.170000,1.300000,-118.500000,0.833600,0
716,09:15:17.598,ROI,160,160,224,224,8.240000,120.410000,3.325000,0.000000,8.300000,770.810000,262.070000,771.680000,261.940000,771.396613,261.963976,-129.780000,-125.445476,-134.750889,-134.999209,-135.812025,-128.175769,105.850000,89.330000,0.869200,14.780000,-129.780000,0.000000,0.000000,0.784700,0
717,09:15:17.646,ROI,160,160,224,224,8.420000,41.550000,19.925000,0.000000,24.070000,769.800000,263.370000,769.870000,263.830000,769.386032,263.842246,-130.530000,-127.174923,-133.761365,-137.331932,-136.948624,-131.693542,103.570000,89.460000,0.950600,16.360000,-130.530000,0.000000,0.000000,0.791900,0
718,09:15:17.710,ROI,160,160,224,224,8.140000,56.510000,14.275000,44.875000,17.690000,767.350000,264.500000,767.840000,265.300000,767.293714,265.633923,-130.490000,-128.776597,-144.090277,-140.833988,-139.426160,-135.767045,109.300000,88.020000,0.924900,16.400000,-130.490000,0.000000,0.000000,0.856700,0
719,09:15:17.774,ROI,160,160,224,224,8.260000,58.570000,7.025000,0.000000,17.070000,766.540000,265.650000,766.280000,266.490000,765.300669,267.287161,-130.250000,-130.266270,-142.662869,-142.313700,-140.324164,-139.446701,111.540000,89.290000,0.954800,15.640000,-130.250000,0.000000,0.000000,0.808800,0
720,09:15:17.823,ROI,160,160,224,224,8.220000,42.990000,9.700000,0.000000,23.260000,760.880000,266.620000,763.110000,267.460000,762.974867,268.748323,-131.780000,-131.624065,-162.986220,-149.145505,-147.861333,-144.404562,105.550000,87.360000,0.881700,15.950000,-131.780000,0.000000,0.000000,0.768300,0
721,09:15:17.886,ROI,160,160,224,224,8.360000,56.730000,14.350000,0.000000,17.630000,759.480000,267.950000,760.380000,268.260000,760.522484,270.030048,-129.240000,-132.044315,-163.667289,-153.829999,-152.406405,-149.165017,105.110000,87.390000,0.945200,15.130000,-129.240000,0.000000,0.000000,0.773800,0
722,09:15:18.002,ROI,160,160,224,224,9.300000,110.390000,7.300000,0.000000,9.060000,755.630000,269.840000,756.970000,269.350000,757.815520,271.209524,-138.220000,-134.474246,-162.273620,-157.253001,-156.456323,-153.673517,114.210000,86.130000,0.883000,17.880000,-138.220000,0.000000,0.000000,0.833100,0
723,09:15:18.064,ROI,160,160,256,256,10.700000,56.560000,15.200000,0.000000,17.680000,753.130000,270.390000,753.820000,270.200000,754.919137,272.208883,-139.820000,-136.802992,-164.898902,-161.884187,-160.963679,-158.508957,112.030000,85.630000,0.944800,17.680000,-139.820000,0.000000,0.000000,0.827100,0
724,09:15:18.127,ROI,160,160,256,256,7.930000,52.470000,15.125000,0.000000,19.060000,753.030000,271.140000,751.850000,270.990000,752.161653,273.006254,-140.370000,-139.044387,-158.148463,-164.487312,-163.871921,-163.285262,114.400000,84.060000,0.961700,16.940000,-140.370000,0.000000,0.000000,0.839700,0
725,09:15:18.174,ROI,160,160,256,256,7.820000,40.260000,20.175000,0.000000,24.840000,749.060000,272.220000,749.070000,271.830000,749.357911,273.654935,-141.720000,-141.097601,-163.187374,-167.061639,-166.973101,-167.768433,114.980000,82.720000,0.910100,17.750000,-141.720000,0.000000,0.000000,0.826700,0
726,09:15:18.238,ROI,160,160,256,256,7.820000,58.120000,13.950000,0.000000,17.210000,746.360000,273.230000,746.240000,272.690000,746.517097,274.192008,-145.430000,-143.603540,-163.096659,-168.780929,-169.294253,-171.708636,114.990000,80.800000,0.931200,16.360000,-145.430000,0.000000,0.000000,0.787800,0
727,09:15:18.303,ROI,160,160,256,256,7.750000,58.130000,13.900000,0.000000,17.200000,744.620000,274.330000,743.750000,273.830000,743.752315,274.664819,-150.180000,-146.880758,-155.400209,-168.201851,-170.295619,-174.912081,119.440000,80.060000,0.937500,13.360000,-150.180000,0.000000,0.000000,0.741800,0
728,09:15:18.350,ROI,160,160,256,256,7.790000,41.080000,20.000000,0.000000,24.340000,740.580000,273.860000,740.520000,274.260000,740.884657,274.980008,-147.540000,-148.927105,-172.416976,-170.525897,-173.727692,-177.778625,119.950000,78.780000,0.920100,15.170000,-147.540000,0.000000,0.000000,0.764700,0
729,09:15:18.480,ROI,160,160,256,256,7.900000,123.220000,6.450000,0.000000,8.120000,735.710000,277.100000,736.560000,275.630000,737.686194,275.495613,-153.330000,-151.989315,-160.916447,-169.285655,-170.842479,-178.701790,124.800000,80.720000,0.853600,14.760000,-153.330000,0.000000,0.000000,0.752700,0
730,09:15:18.526,ROI,160,160,256,256,7.890000,39.980000,10.300000,46.125000,25.010000,735.160000,276.540000,733.810000,276.330000,734.523621,276.011093,-156.640000,-155.110169,-165.718904,-169.474344,-170.742549,-178.903413,116.670000,78.370000,0.907600,15.880000,-156.640000,0.000000,0.000000,0.760800,0
731,09:15:18.590,ROI,160,160,256,256,7.820000,57.660000,7.025000,0.000000,17.340000,732.810000,278.030000,731.240000,277.410000,731.454774,276.629431,-155.120000,-157.173758,-157.206225,-166.970716,-168.608062,-178.079691,116.350000,78.660000,0.925200,15.500000,-155.120000,0.000000,0.000000,0.797700,0
732,09:15:18.657,ROI,160,160,256,256,17.670000,70.310000,13.425000,21.025000,14.220000,730.990000,277.900000,729.240000,277.960000,728.556984,277.223218,-155.890000,-158.863298,-164.623749,-168.154278,-168.419821,-177.206866,114.690000,79.040000,0.964400,15.850000,-155.890000,0.000000,0.000000,0.779600,0
733,09:15:18.718,ROI,160,160,256,256,7.670000,44.840000,0.000000,0.000000,22.300000,726.860000,279.220000,726.350000,278.900000,725.649073,277.871431,-158.610000,-160.691153,-161.982391,-166.817420,-167.433435,-175.715039,116.530000,76.740000,0.901300,16.400000,-158.610000,0.000000,0.000000,0.817600,0
734,09:15:18.766,ROI,160,160,256,256,7.810000,41.440000,19.550000,0.000000,24.130000,724.940000,278.300000,724.360000,279.050000,722.814032,278.408851,-160.420000,-162.646488,-175.689374,-172.790510,-169.266189,-175.572698,117.340000,80.830000,0.919200,16.370000,-160.420000,0.000000,0.000000,0.807000,0
735,09:15:18.830,ROI,160,160,256,256,8.680000,58.100000,14.175000,0.000000,17.210000,721.890000,279.600000,721.930000,279.600000,720.060532,278.946500,-161.330000,-164.195508,-167.246700,-172.449861,-168.951425,-175.006231,120.400000,78.450000,0.920400,16.630000,-161.330000,0.000000,0.000000,0.836600,0
736,09:15:18.894,ROI,160,160,256,256,7.770000,57.170000,14.200000,0.000000,17.490000,719.100000,281.130000,719.540000,280.370000,717.376371,279.600089,-161.500000,-165.251597,-162.142319,-170.045323,-166.314896,-173.410017,121.710000,79.020000,0.919300,16.190000,-161.500000,0.000000,0.000000,0.846700,0
737,09:15:18.942,ROI,160,160,256,256,7.950000,41.750000,19.700000,0.000000,23.950000,715.130000,281.320000,716.620000,280.990000,714.638508,280.257298,-160.610000,-165.655976,-168.012488,-169.801203,-166.501841,-171.847442,119.760000,80.420000,0.920800,16.080000,-160.610000,0.000000,0.000000,0.844400,0
738,09:15:19.071,ROI,160,160,256,256,8.130000,122.130000,3.250000,0.000000,8.190000,709.690000,283.130000,712.330000,282.310000,711.623190,281.043173,-162.500000,-166.287093,-162.897271,-167.311570,-165.392111,-169.739034,119.440000,80.400000,0.874500,17.770000,-162.500000,0.000000,0.000000,0.889200,0
739,09:15:19.118,ROI,160,160,256,256,8.210000,41.270000,20.150000,0.000000,24.230000,708.300000,282.740000,708.980000,282.990000,708.576605,281.816246,-161.520000,-166.187323,-168.525708,-166.371083,-165.761685,-167.747527,118.530000,80.480000,0.967700,16.490000,-161.520000,0.000000,0.000000,0.831900,0
740,09:15:19.182,ROI,160,160,256,256,7.730000,57.080000,14.150000,0.000000,17.520000,706.560000,283.460000,706.000000,283.730000,705.665278,282.596524,-163.240000,-166.255685,-166.054271,-164.038647,-164.996500,-165.455283,120.030000,83.460000,0.936900,17.020000,-163.240000,0.000000,0.000000,0.864900,0
741,09:15:19.246,ROI,160,160,256,256,7.710000,57.780000,13.975000,0.000000,17.310000,701.600000,283.640000,702.340000,284.160000,702.591581,283.354960,-163.020000,-165.991827,-173.299246,-164.505077,-166.139137,-163.778164,119.070000,82.080000,0.905700,17.250000,-163.020000,0.000000,0.000000,0.876000,0
742,09:15:19.294,ROI,160,160,256,256,7.830000,41.580000,9.875000,0.000000,24.050000,699.980000,284.540000,699.280000,284.710000,699.565952,284.115230,-164.370000,-166.026621,-169.810536,-163.595708,-165.894929,-162.124339,120.110000,82.770000,0.952500,17.740000,-164.370000,0.000000,0.000000,0.870000,0
743,09:15:19.358,ROI,160,160,256,256,7.660000,57.460000,14.000000,0.000000,17.400000,695.660000,284.080000,695.700000,284.850000,696.411044,284.745782,-165.190000,-166.292476,-177.760524,-165.862210,-168.697560,-161.566047,119.300000,82.080000,0.920400,17.970000,-165.190000,0.000000,0.000000,0.876900,0
744,09:15:19.424,ROI,160,160,256,256,8.130000,59.220000,13.725000,0.000000,16.890000,691.660000,285.040000,692.010000,285.180000,693.047331,285.323536,-164.670000,-166.194173,-174.889582,-168.395838,-170.253933,-161.827870,118.500000,85.390000,0.899900,17.150000,-164.670000,0.000000,0.000000,0.879700,0
745,09:15:19.470,ROI,160,160,256,256,7.940000,40.380000,20.450000,0.000000,24.770000,688.840000,284.680000,688.640000,285.150000,689.583226,285.749556,-167.050000,-166.318734,179.489962,-172.160200,-172.988895,-163.102685,120.160000,83.760000,0.936200,18.230000,-167.050000,0.000000,0.000000,0.884800,0
746,09:15:19.601,ROI,160,160,256,256,7.460000,123.370000,3.200000,0.000000,8.110000,682.530000,285.650000,683.840000,285.530000,685.729847,286.089766,-171.750000,-167.454601,-175.473525,-173.806819,-174.954515,-164.915562,120.210000,83.860000,0.880600,17.410000,-171.750000,0.000000,0.000000,0.868800,0
747,09:15:19.646,ROI,160,160,256,256,7.430000,39.440000,20.650000,0.000000,25.350000,680.320000,285.000000,679.950000,285.480000,681.732315,286.251605,-169.880000,-167.831706,179.263591,-177.211673,-177.681666,-167.582765,118.080000,85.980000,0.940400,18.060000,-169.880000,0.000000,0.000000,0.884600,0
748,09:15:19.710,ROI,160,160,256,256,7.560000,57.500000,13.975000,48.175000,17.390000,678.260000,284.360000,676.790000,285.100000,677.809351,286.190702,-175.310000,-169.581294,173.142928,-181.393910,179.110566,-171.051764,119.360000,81.840000,0.920300,18.300000,-175.310000,0.000000,0.000000,0.818700,0
749,09:15:19.775,ROI,160,160,256,256,9.710000,61.400000,6.850000,0.000000,16.290000,674.460000,284.800000,673.700000,284.920000,673.913065,286.006609,-177.160000,-171.672798,176.666149,-184.605773,177.294886,-175.020917,121.010000,83.460000,0.921100,17.800000,-177.160000,0.000000,0.000000,0.773700,0
750,09:15:19.823,ROI,160,160,256,256,7.550000,37.630000,10.600000,0.000000,26.580000,669.520000,285.490000,669.710000,285.000000,669.931323,285.805238,-177.310000,-173.514000,-178.851366,-184.664841,177.104814,-178.395731,120.240000,84.100000,0.906800,16.830000,-177.310000,0.000000,0.000000,0.756700,0
751,09:15:19.886,ROI,160,160,256,256,7.490000,57.220000,14.100000,0.000000,17.480000,668.410000,285.220000,666.960000,284.920000,666.180141,285.570810,-177.260000,-175.509129,178.333684,-185.169768,176.423992,-181.488981,119.100000,84.480000,0.975500,16.540000,-177.260000,0.000000,0.000000,0.772200,0
752,09:15:19.998,ROI,160,160,256,256,7.540000,105.330000,7.525000,0.000000,9.490000,663.980000,284.840000,663.550000,284.770000,662.531246,285.273387,176.480000,-178.326726,177.481282,-185.728074,175.340092,-184.386046,121.470000,83.540000,0.919100,16.370000,176.480000,0.000000,0.000000,0.781900,0
753,09:15:20.063,ROI,160,160,256,256,7.520000,57.830000,13.925000,0.000000,17.290000,660.570000,283.780000,660.120000,284.180000,658.971274,284.831774,176.530000,-180.691319,170.239970,-187.662798,172.928609,-187.311485,125.360000,84.320000,0.922900,16.490000,176.530000,0.000000,0.000000,0.765500,0
754,09:15:20.129,ROI,160,160,256,256,7.640000,60.350000,13.475000,0.000000,16.570000,655.980000,282.840000,656.470000,283.320000,655.336185,284.210492,174.320000,-183.354754,166.741983,-190.647828,170.301146,-190.338997,124.540000,84.110000,0.909500,15.780000,174.320000,0.000000,0.000000,0.688400,0
755,09:15:20.174,ROI,160,160,256,256,7.560000,38.000000,20.975000,0.000000,26.320000,655.400000,282.960000,654.030000,282.760000,652.014081,283.521153,178.440000,-184.567476,167.074001,-192.598792,168.277447,-193.176785,118.580000,83.980000,0.949400,16.570000,178.440000,0.000000,0.000000,0.766900,0
756,09:15:20.239,ROI,160,160,256,256,7.540000,57.770000,13.950000,0.000000,17.310000,649.690000,282.060000,650.440000,282.010000,648.671214,282.734331,172.940000,-186.825875,168.199848,-193.771894,166.755166,-195.672689,125.470000,84.560000,0.892100,15.910000,172.940000,0.000000,0.000000,0.656800,0
757,09:15:20.304,ROI,160,160,256,256,7.520000,58.820000,13.650000,0.000000,17.000000,650.200000,281.420000,648.680000,281.270000,645.761347,281.850508,175.310000,-187.747585,157.195460,-198.223016,163.104734,-198.456252,119.300000,83.710000,0.936500,15.390000,175.310000,0.000000,0.000000,0.726700,0
758,09:15:20.351,ROI,160,160,256,256,7.490000,40.630000,20.100000,0.000000,24.610000,646.990000,280.740000,646.560000,280.350000,643.195835,280.908323,169.810000,-190.187363,156.540976,-200.630525,159.834218,-201.080227,118.050000,83.730000,0.932500,15.590000,169.810000,0.000000,0.000000,0.680700,0
759,09:15:20.479,ROI,160,160,256,256,7.930000,122.830000,3.250000,0.000000,8.140000,639.870000,279.140000,642.260000,279.300000,640.438867,279.815351,168.210000,-192.222294,166.277703,-200.743812,158.374654,-203.551152,121.340000,82.910000,0.856000,13.810000,168.210000,0.000000,0.000000,0.668100,0
760,09:15:20.528,ROI,160,160,256,256,8.760000,43.200000,9.625000,40.575000,23.150000,638.630000,278.820000,639.100000,278.410000,637.731484,278.694056,168.690000,-193.433786,164.270361,-200.721884,157.502537,-205.512967,121.630000,84.380000,0.962900,13.840000,168.690000,0.350000,167.060000,0.680900,0
761,09:15:20.592,ROI,160,160,256,256,7.490000,55.410000,7.275000,0.000000,18.050000,634.240000,278.400000,635.400000,277.790000,634.903927,277.597730,168.380000,-194.521617,170.487462,-199.603304,158.807226,-206.630358,124.380000,83.340000,0.920100,15.200000,168.380000,0.000000,0.000000,0.721700,0
762,09:15:20.655,ROI,160,160,256,256,9.190000,58.250000,7.100000,0.000000,17.170000,632.780000,277.360000,632.630000,276.990000,632.147754,276.529798,169.490000,-194.981266,163.890824,-199.664772,158.820200,-207.213168,122.480000,82.990000,0.952800,15.970000,169.490000,0.860000,167.080000,0.680400,0
763,09:15:20.703,ROI,160,160,256,256,8.740000,41.050000,10.225000,0.000000,24.360000,627.840000,276.170000,628.880000,276.120000,629.248367,275.447145,167.030000,-195.649948,166.938449,-199.017739,159.523985,-207.230317,121.940000,81.540000,0.896900,14.850000,167.030000,0.390000,164.020000,0.636700,0
764,09:15:20.766,ROI,160,160,256,256,7.540000,56.320000,14.350000,0.000000,17.750000,625.740000,275.660000,625.780000,275.240000,626.296758,274.430093,168.020000,-195.624552,164.152295,-197.800768,160.987298,-206.315812,122.300000,83.870000,0.939600,15.910000,168.020000,0.000000,0.000000,0.680300,0
765,09:15:20.817,ROI,160,160,256,256,7.560000,44.150000,18.475000,0.000000,22.650000,621.800000,273.240000,622.350000,273.730000,623.212379,273.293798,165.650000,-195.936685,156.239311,-199.191069,159.776053,-205.458699,122.640000,80.770000,0.885700,15.970000,165.650000,0.000000,0.000000,0.713900,0
766,09:15:20.880,ROI,160,160,256,256,9.230000,58.870000,14.125000,0.000000,16.990000,618.820000,272.740000,619.120000,272.600000,620.026794,272.146806,167.210000,-195.583512,160.717856,-199.576156,160.198235,-204.487155,122.690000,79.580000,0.939000,15.550000,167.210000,0.000000,0.000000,0.704700,0
767,09:15:21.008,ROI,160,160,256,256,7.480000,120.290000,6.600000,0.000000,8.310000,613.950000,270.450000,615.150000,270.910000,616.571077,270.864145,165.450000,-195.661492,156.940900,-200.392949,159.636548,-203.523621,121.730000,77.810000,0.872800,16.650000,165.450000,0.000000,0.000000,0.802900,0
768,09:15:21.056,ROI,160,160,256,256,7.520000,41.250000,19.850000,0.000000,24.240000,609.400000,269.460000,610.520000,269.520000,612.819008,269.481746,162.430000,-196.249411,163.289403,-199.866303,159.774359,-202.556794,128.100000,79.580000,0.906800,15.370000,162.430000,0.000000,0.000000,0.781900,0
769,09:15:21.121,ROI,160,160,288,288,7.620000,58.420000,13.825000,0.000000,17.120000,605.310000,268.330000,605.920000,268.150000,608.751177,268.062690,161.400000,-197.025218,163.415096,-198.983172,160.768753,-201.314885,130.210000,82.870000,0.902200,17.830000,161.400000,0.000000,0.000000,0.862800,0
770,09:15:21.169,ROI,160,160,288,288,9.210000,43.340000,19.625000,0.000000,23.070000,604.210000,268.740000,602.730000,267.530000,604.742552,266.802629,162.360000,-197.255210,169.001267,-197.043046,162.550120,-199.799331,128.680000,84.400000,0.965500,17.880000,162.360000,0.390000,166.400000,0.859400,0
771,09:15:21.234,ROI,160,160,288,288,13.950000,64.560000,6.975000,26.150000,15.490000,599.930000,267.140000,599.030000,266.600000,600.706589,265.623423,164.160000,-196.975871,165.890908,-195.678201,163.712984,-198.131203,129.560000,85.270000,0.902200,17.240000,164.160000,0.000000,0.000000,0.859000,0
772,09:15:21.297,ROI,160,160,288,288,7.540000,49.350000,0.000000,0.000000,20.260000,598.060000,266.120000,596.280000,265.750000,596.847980,264.522629,161.550000,-197.328835,162.824096,-195.706002,164.077469,-196.735673,130.390000,83.740000,0.948900,17.410000,161.550000,0.000000,0.000000,0.859100,0
773,09:15:21.360,ROI,160,160,288,288,7.540000,57.240000,7.025000,0.000000,17.470000,594.000000,264.650000,593.150000,264.640000,593.084714,263.452665,162.470000,-197.378452,160.473835,-195.819545,164.128603,-195.470287,129.920000,84.870000,0.908300,17.480000,162.470000,0.000000,0.000000,0.843600,0
774,09:15:21.408,ROI,160,160,288,288,7.530000,41.870000,19.525000,0.000000,23.880000,592.580000,264.340000,590.830000,263.940000,589.634335,262.499141,157.310000,-198.939077,163.210170,164.469900,164.551678,-194.351724,128.610000,87.750000,0.946600,17.170000,157.310000,0.000000,0.000000,0.848200,0
775,09:15:21.521,ROI,160,160,288,288,7.440000,106.070000,7.475000,0.000000,9.430000,587.700000,261.170000,587.800000,262.240000,586.246819,261.409762,160.280000,-199.479714,150.705130,-198.214540,162.172917,-194.029158,124.830000,87.730000,0.863500,17.520000,160.280000,0.000000,0.000000,0.839900,0
776,09:15:21.584,ROI,160,160,256,256,7.550000,57.160000,14.100000,0.000000,17.490000,582.470000,260.220000,583.660000,260.840000,582.760944,260.239423,156.840000,-200.574383,161.316301,161.682619,161.441171,-194.043581,128.350000,90.430000,0.893900,17.430000,156.840000,0.000000,0.000000,0.826100,0
777,09:15:21.648,ROI,160,160,288,288,7.540000,57.770000,14.000000,0.000000,17.310000,581.510000,259.460000,580.770000,259.610000,579.478972,259.068440,155.240000,-202.220887,156.945128,160.690393,160.363966,165.616222,125.910000,88.070000,0.955400,16.760000,155.240000,0.000000,0.000000,0.835500,0
778,09:15:21.695,ROI,160,160,256,256,7.460000,40.590000,20.025000,0.000000,24.640000,578.200000,257.240000,577.950000,257.880000,576.344964,257.792323,156.810000,-202.910645,148.471918,158.055068,157.844649,164.678741,125.360000,88.480000,0.903200,17.720000,156.810000,0.000000,0.000000,0.801700,0
779,09:15:21.759,ROI,160,160,256,256,7.510000,57.600000,13.950000,0.000000,17.360000,578.100000,256.310000,576.370000,256.380000,573.657798,256.469274,152.910000,-204.426581,136.487868,-207.705386,153.786284,162.725405,120.800000,89.950000,0.944400,17.230000,152.910000,0.000000,0.000000,0.856700,0
780,09:15:21.824,ROI,160,160,256,256,7.570000,58.030000,6.950000,0.000000,17.230000,576.500000,255.250000,574.940000,255.100000,571.482230,255.133004,154.510000,-205.363734,138.168120,147.185919,148.441066,159.399533,120.580000,89.280000,0.951300,17.780000,154.510000,0.000000,0.000000,0.853100,0
781,09:15:21.888,ROI,160,160,256,256,7.520000,58.440000,13.800000,0.000000,17.110000,572.860000,253.590000,573.080000,253.690000,569.537363,253.750065,152.200000,153.116411,142.835525,143.990314,144.584451,155.285026,119.680000,88.270000,0.907800,17.590000,152.200000,0.000000,0.000000,0.871300,0
782,09:15:22.000,ROI,160,160,256,256,7.510000,104.480000,3.800000,0.000000,9.570000,569.060000,250.040000,570.490000,251.400000,567.641383,252.086423,151.300000,152.038117,138.517854,139.969851,138.734435,149.990832,117.340000,87.780000,0.867000,16.490000,151.300000,0.000000,0.000000,0.837100,0
783,09:15:22.047,ROI,160,160,256,256,8.330000,42.400000,9.850000,0.000000,23.590000,567.510000,250.130000,568.320000,249.890000,565.895419,250.411778,149.470000,150.656694,145.167775,138.751414,136.194425,144.687900,117.460000,92.640000,0.923500,16.500000,149.470000,0.000000,0.000000,0.859700,0
784,09:15:22.112,ROI,160,160,256,256,7.770000,58.090000,13.950000,0.000000,17.210000,564.790000,247.680000,565.760000,247.930000,564.194927,248.634952,148.170000,149.349097,142.561428,137.401151,133.742435,139.497514,115.710000,92.930000,0.906400,16.490000,148.170000,0.000000,0.000000,0.841700,0
785,09:15:22.176,ROI,160,160,256,256,7.520000,57.570000,14.075000,0.000000,17.370000,563.870000,247.930000,564.040000,246.860000,562.637972,246.981315,145.750000,147.234980,148.114545,137.814602,133.275158,134.960659,114.290000,95.700000,0.956100,16.900000,145.750000,0.000000,0.000000,0.847400,0
786,09:15:22.240,ROI,160,160,256,256,7.990000,58.660000,6.950000,0.000000,17.050000,561.830000,245.270000,561.990000,245.210000,561.192391,245.297355,142.820000,145.066931,141.170175,136.371830,130.644156,130.452191,113.310000,96.190000,0.913700,16.080000,142.820000,0.000000,0.000000,0.781800,0
787,09:15:22.287,ROI,160,160,256,256,7.590000,40.050000,20.400000,0.000000,24.970000,559.990000,243.960000,560.340000,243.690000,559.762810,243.620496,142.960000,143.043935,137.348353,135.281579,130.448749,126.886186,113.060000,96.430000,0.942400,16.090000,142.960000,0.000000,0.000000,0.807000,0
788,09:15:22.416,ROI,160,160,256,256,7.460000,123.020000,3.225000,49.300000,8.130000,556.040000,243.190000,557.910000,242.510000,558.104161,242.055875,140.170000,141.054762,154.098943,139.287728,136.670941,125.942624,112.780000,99.460000,0.905000,14.370000,140.170000,0.000000,0.000000,0.875800,0
789,09:15:22.464,ROI,160,160,256,256,7.350000,41.140000,9.900000,0.000000,24.300000,554.240000,241.620000,555.300000,241.160000,556.347919,240.560625,137.920000,139.025060,152.650124,141.955141,139.589199,126.373254,111.740000,99.300000,0.938800,13.690000,137.920000,0.000000,0.000000,0.910400,0
790,09:15:22.528,ROI,160,160,224,224,7.530000,58.260000,6.925000,48.875000,17.160000,552.350000,241.210000,552.990000,240.260000,554.481823,239.234855,138.320000,137.504149,158.713595,146.230307,144.608075,128.562207,109.840000,98.780000,0.958500,16.590000,138.320000,0.000000,0.000000,0.833000,0
791,09:15:22.591,ROI,160,160,224,224,7.440000,56.950000,7.050000,0.000000,17.560000,551.310000,239.220000,551.000000,239.080000,552.630460,237.955121,135.210000,135.559496,149.333550,147.038468,145.346267,130.975261,108.370000,100.170000,0.943200,16.130000,135.210000,0.000000,0.000000,0.855400,0
792,09:15:22.640,ROI,160,160,224,224,7.520000,42.920000,0.000000,0.000000,23.300000,550.710000,237.800000,549.750000,237.870000,550.886560,236.711528,135.780000,134.072685,135.931557,144.755622,144.506935,133.240949,111.750000,99.540000,0.943000,16.310000,135.780000,0.000000,0.000000,0.859900,0
793,09:15:22.705,ROI,160,160,224,224,10.990000,62.530000,0.000000,0.000000,15.990000,549.920000,237.180000,548.680000,236.960000,549.340190,235.574629,134.200000,132.719323,139.619923,143.509679,143.676500,135.294167,110.890000,99.880000,0.973900,14.970000,134.200000,0.000000,0.000000,0.851900,0
794,09:15:22.769,ROI,160,160,224,224,7.500000,51.580000,15.150000,0.000000,19.390000,546.190000,234.330000,546.770000,235.420000,547.671952,234.354677,129.950000,130.501690,141.121367,143.045265,143.822684,137.297888,107.510000,100.650000,0.883900,14.130000,129.950000,0.000000,0.000000,0.860500,0
795,09:15:22.816,ROI,160,160,224,224,7.750000,41.970000,9.800000,0.000000,23.830000,543.370000,233.440000,544.450000,234.020000,545.791431,233.148698,129.600000,128.838323,148.891191,145.490326,147.327898,140.329240,106.750000,101.010000,0.932600,13.460000,129.600000,0.000000,0.000000,0.846400,0
796,09:15:22.928,ROI,160,160,224,224,7.550000,105.570000,7.525000,0.000000,9.470000,539.420000,229.820000,541.460000,231.750000,543.511887,231.696847,126.570000,126.627105,142.794329,145.842854,147.506778,143.224135,102.830000,100.240000,0.865000,13.490000,126.570000,0.000000,0.000000,0.832200,0
797,09:15:22.993,ROI,160,160,224,224,7.520000,58.310000,13.825000,0.000000,17.150000,536.720000,227.780000,538.310000,229.270000,540.895173,230.027649,125.770000,124.779343,141.786585,146.349433,147.466260,145.980997,100.860000,99.960000,0.911400,12.100000,125.770000,0.000000,0.000000,0.855200,0
798,09:15:23.055,ROI,160,160,224,224,7.460000,56.230000,14.275000,0.000000,17.780000,534.960000,226.370000,535.430000,226.990000,538.133496,228.211020,125.770000,123.622907,141.632515,146.318572,146.663116,148.319382,98.360000,98.110000,0.938500,11.270000,125.770000,0.000000,0.000000,0.864800,0
799,09:15:23.121,ROI,160,160,224,224,7.470000,57.690000,13.650000,49.300000,17.330000,532.940000,223.480000,532.610000,224.240000,535.304089,226.152190,122.990000,122.224742,135.720017,144.667279,143.958326,149.652676,96.670000,98.900000,0.905700,9.600000,122.990000,0.000000,0.000000,0.826500,0
800,09:15:23.169,ROI,160,160,224,224,7.320000,41.840000,9.725000,0.000000,23.900000,531.990000,222.860000,530.630000,222.290000,532.552238,224.031774,124.110000,121.461815,135.437364,142.490005,142.384256,150.241606,95.470000,95.170000,0.943600,9.260000,124.110000,0.000000,0.000000,0.744300,0
801,09:15:23.232,ROI,160,160,192,192,7.540000,57.520000,0.000000,0.000000,17.380000,530.750000,220.030000,528.940000,219.900000,530.008484,221.760012,123.330000,120.608790,125.264626,137.862084,138.232769,149.444094,91.180000,95.680000,0.901400,12.980000,123.330000,0.000000,0.000000,0.835600,0
802,09:15:23.281,ROI,160,160,192,192,7.640000,42.390000,19.300000,0.000000,23.590000,529.860000,218.280000,527.840000,217.710000,527.741903,219.397234,120.400000,119.444040,116.669605,131.559949,133.809571,147.341731,90.800000,96.200000,0.945800,12.660000,120.400000,0.000000,0.000000,0.813100,0
803,09:15:23.344,ROI,160,160,224,224,7.410000,57.390000,7.000000,0.000000,17.420000,527.540000,217.570000,526.400000,216.080000,525.668774,217.120617,116.240000,117.377339,131.458524,129.964373,132.321567,144.831315,93.380000,98.340000,0.930600,9.750000,116.240000,0.000000,0.000000,0.816800,0
804,09:15:23.457,ROI,160,160,224,224,7.220000,105.780000,3.750000,0.000000,9.450000,525.630000,212.810000,525.140000,213.360000,523.748218,214.590472,110.500000,114.638214,114.855237,123.755685,127.201031,140.908440,90.870000,97.590000,0.872100,10.240000,110.500000,0.000000,0.000000,0.802200,0
805,09:15:23.520,ROI,160,160,224,224,7.390000,57.930000,6.950000,0.000000,17.260000,523.810000,212.410000,523.720000,211.360000,521.978093,212.110863,112.900000,112.795984,125.374752,122.046277,125.522004,136.861982,90.720000,97.970000,0.952900,11.130000,112.900000,0.000000,0.000000,0.806500,0
806,09:15:23.584,ROI,160,160,224,224,7.290000,57.380000,14.025000,0.000000,17.430000,523.460000,210.630000,522.600000,209.510000,520.543387,209.702536,107.920000,110.294202,121.190939,118.513477,120.783407,131.765944,89.740000,96.730000,0.953800,9.220000,107.920000,0.000000,0.000000,0.733700,0
807,09:15:23.631,ROI,160,160,224,224,7.390000,40.940000,0.000000,0.000000,24.430000,523.200000,207.610000,522.040000,207.320000,519.483036,207.256669,108.520000,108.584060,104.343621,111.141314,113.438063,125.077811,89.210000,96.520000,0.933900,11.170000,108.520000,0.000000,0.000000,0.832400,0
808,09:15:23.696,ROI,160,160,224,224,7.320000,58.790000,6.825000,0.000000,17.010000,521.360000,205.750000,521.020000,205.230000,518.639815,204.853790,109.930000,107.483694,116.014147,108.465054,109.337066,117.996597,89.170000,95.870000,0.924100,11.140000,109.930000,0.000000,0.000000,0.803600,0
809,09:15:23.760,ROI,160,160,192,192,7.470000,57.850000,6.950000,0.000000,17.290000,519.550000,203.300000,519.950000,203.080000,517.866294,202.466798,108.320000,106.561310,116.458355,107.587726,107.955252,111.504803,85.010000,93.940000,0.905900,11.040000,108.320000,0.000000,0.000000,0.859500,0
810,09:15:23.809,ROI,160,160,192,192,8.230000,43.800000,9.525000,0.000000,22.830000,518.720000,201.600000,519.200000,201.240000,517.194835,200.162435,106.040000,105.152456,112.176236,106.126851,106.245397,105.699592,84.260000,92.830000,0.945900,10.040000,106.040000,0.000000,0.000000,0.791000,0
811,09:15:23.937,ROI,160,160,192,192,7.380000,116.190000,0.000000,0.000000,8.610000,516.490000,197.350000,517.900000,198.530000,516.472778,197.714004,104.090000,103.682895,115.627258,105.884649,106.431090,101.036046,85.320000,91.260000,0.867000,9.550000,104.090000,0.000000,0.000000,0.802900,0
812,09:15:23.984,ROI,160,160,192,192,7.450000,40.870000,0.000000,0.000000,24.470000,516.650000,194.890000,517.050000,195.650000,515.872315,195.186516,103.880000,102.499294,106.443380,104.140251,103.364195,96.865092,86.400000,92.360000,0.936100,11.770000,103.880000,0.000000,0.000000,0.856400,0
813,09:15:24.048,ROI,160,160,192,192,7.360000,57.610000,0.000000,0.000000,17.360000,515.750000,193.330000,516.250000,193.330000,515.349673,192.697181,102.310000,101.270069,109.025606,103.270031,101.857152,93.446847,86.170000,92.090000,0.947100,11.330000,102.310000,0.000000,0.000000,0.890500,0
814,09:15:24.112,ROI,160,160,192,192,7.350000,57.660000,6.950000,0.000000,17.340000,515.490000,191.310000,515.630000,191.030000,514.967250,190.303286,99.990000,99.750802,105.086354,102.156648,99.076278,90.483599,84.730000,91.600000,0.941300,11.430000,99.990000,0.000000,0.000000,0.860700,0
815,09:15:24.159,ROI,160,160,192,192,8.040000,42.590000,9.750000,0.000000,23.480000,515.730000,189.800000,515.490000,189.220000,514.750016,188.061157,100.210000,98.741214,94.422911,98.344627,95.533962,87.666866,83.000000,91.510000,0.948200,11.810000,100.210000,0.000000,0.000000,0.862200,0
816,09:15:24.225,ROI,160,160,192,192,7.500000,57.780000,6.950000,0.000000,17.310000,516.080000,187.020000,515.700000,186.980000,514.771302,185.891234,99.830000,98.092004,84.644175,93.467587,89.437964,84.605625,79.310000,90.350000,0.899700,11.760000,99.830000,0.000000,0.000000,0.848300,0
817,09:15:24.288,ROI,160,160,192,192,7.430000,56.730000,7.075000,0.000000,17.630000,515.040000,184.970000,515.580000,184.790000,514.851956,183.797730,97.400000,96.953371,93.136358,92.434186,87.793744,82.431699,80.600000,89.460000,0.931500,12.390000,97.400000,0.000000,0.000000,0.856200,0
818,09:15:24.400,ROI,160,160,192,192,7.500000,106.690000,3.725000,0.000000,9.370000,513.800000,181.580000,514.860000,182.120000,514.865407,181.618028,95.630000,95.786077,105.091573,93.789196,89.646415,81.403064,81.980000,91.600000,0.900600,12.480000,95.630000,0.000000,0.000000,0.881700,0
819,09:15:24.464,ROI,160,160,192,192,7.490000,56.700000,7.075000,0.000000,17.640000,513.410000,179.660000,514.130000,179.630000,514.824460,179.420815,94.160000,94.656637,106.339696,95.597328,91.067649,81.425697,82.430000,89.460000,0.949600,12.890000,94.160000,0.000000,0.000000,0.896200,0
820,09:15:24.512,ROI,160,160,192,192,7.410000,41.580000,9.750000,0.000000,24.050000,513.910000,178.280000,513.750000,177.650000,514.797145,177.294806,94.070000,93.682657,100.864060,95.232244,90.736084,81.608611,84.240000,91.360000,0.949200,12.740000,94.070000,0.000000,0.000000,0.902500,0
821,09:15:24.575,ROI,160,160,192,192,7.370000,57.460000,6.975000,0.000000,17.400000,513.290000,176.630000,513.250000,175.840000,514.709653,175.280601,93.910000,93.101278,105.442447,96.825622,92.487218,82.712416,85.190000,92.440000,0.950800,12.310000,93.910000,0.000000,0.000000,0.894400,0
822,09:15:24.639,ROI,160,160,192,192,7.530000,57.620000,0.000000,0.000000,17.350000,512.200000,173.380000,512.590000,173.520000,514.435435,173.213899,92.520000,92.217226,105.880139,99.656052,97.558073,85.580578,84.320000,90.180000,0.908300,12.320000,92.520000,0.000000,0.000000,0.881800,0
823,09:15:24.688,ROI,160,160,192,192,7.440000,41.640000,0.000000,0.000000,24.020000,511.900000,172.990000,512.260000,172.120000,514.022419,171.291121,92.580000,91.577520,103.263329,101.452418,102.123023,89.818247,82.670000,91.810000,0.963300,11.660000,92.580000,0.000000,0.000000,0.918800,0
824,09:15:24.816,ROI,160,160,192,192,7.410000,122.480000,3.225000,0.000000,8.160000,512.000000,167.820000,512.100000,169.260000,513.563504,169.133133,90.700000,90.889823,93.202021,100.408200,102.005610,93.863338,81.830000,88.190000,0.882700,11.700000,90.700000,0.000000,0.000000,0.891500,0
825,09:15:24.864,ROI,160,160,192,192,7.410000,41.710000,9.725000,0.000000,23.980000,511.700000,163.660000,511.980000,165.860000,513.091633,166.591944,89.680000,90.081536,92.021365,98.471747,100.519384,96.936054,82.860000,84.820000,0.897600,11.140000,89.680000,0.000000,0.000000,0.910400,0
826,09:15:24.929,ROI,160,160,192,192,9.000000,60.350000,6.825000,0.000000,16.570000,511.950000,163.130000,511.930000,163.330000,512.686371,164.004274,90.360000,89.833552,91.132180,96.850293,98.900949,99.210989,81.590000,84.660000,0.972400,12.840000,90.360000,0.000000,0.000000,0.918300,0
827,09:15:24.992,ROI,160,160,192,192,7.570000,54.780000,7.375000,0.000000,18.260000,511.940000,160.420000,511.850000,160.660000,512.369250,161.363157,87.550000,88.978060,91.716214,95.496350,96.846771,100.552484,81.280000,84.060000,0.934200,13.860000,87.550000,0.000000,0.000000,0.915800,0
828,09:15:25.040,ROI,160,160,192,192,7.560000,41.530000,0.000000,0.000000,24.080000,512.840000,159.180000,512.180000,158.580000,512.245754,158.822589,85.590000,87.703956,80.984943,91.246754,92.782933,100.481928,81.200000,84.130000,0.950100,15.260000,85.590000,0.000000,0.000000,0.917800,0
829,09:15:25.104,ROI,160,160,192,192,7.650000,57.830000,6.975000,0.000000,17.290000,512.590000,156.610000,512.270000,156.240000,512.256222,156.353750,86.020000,86.909452,87.797402,89.571886,89.757070,99.522387,80.630000,82.820000,0.933700,14.030000,86.020000,0.000000,0.000000,0.877600,0
830,09:15:25.168,ROI,160,160,192,192,7.640000,58.540000,6.875000,0.000000,17.080000,512.470000,154.730000,512.330000,154.200000,512.331532,153.969823,87.280000,86.398915,88.315316,88.045435,88.190575,98.011149,80.920000,83.410000,0.952300,13.880000,87.280000,0.000000,0.000000,0.855500,0
831,09:15:25.215,ROI,160,160,192,192,7.600000,40.580000,10.075000,0.000000,24.640000,512.380000,154.550000,512.360000,152.920000,512.442794,151.898887,83.110000,84.785460,88.657376,87.502823,86.924711,96.270781,81.680000,87.040000,0.949400,16.070000,83.110000,0.000000,0.000000,0.883100,0
832,09:15:25.344,ROI,160,160,192,192,7.650000,122.730000,0.000000,0.000000,8.150000,513.550000,152.630000,512.960000,151.560000,512.686770,150.068665,81.960000,83.169750,66.194056,81.937130,82.407010,93.513995,80.980000,88.450000,0.930800,18.040000,81.960000,0.000000,0.000000,0.873800,0
833,09:15:25.392,ROI,160,160,192,192,7.570000,40.770000,10.000000,0.000000,24.530000,514.510000,150.980000,513.790000,150.400000,513.132173,148.444456,80.720000,81.685492,54.415626,72.750336,74.664897,88.765629,81.300000,89.440000,0.941300,17.470000,80.720000,0.000000,0.000000,0.849600,0
834,09:15:25.456,ROI,160,160,192,192,7.720000,58.650000,6.875000,0.000000,17.050000,514.820000,149.600000,514.490000,149.060000,513.705153,147.036786,81.720000,81.153347,62.417971,68.215096,67.851637,82.836751,83.030000,89.600000,0.949800,17.390000,81.720000,0.000000,0.000000,0.880400,0
835,09:15:25.520,ROI,160,160,192,192,7.630000,57.000000,7.025000,0.000000,17.540000,515.670000,147.220000,515.260000,147.520000,514.422960,145.705238,80.450000,80.203448,63.434949,63.775483,61.671936,75.802196,82.460000,90.980000,0.929800,17.350000,80.450000,0.000000,0.000000,0.847200,0
836,09:15:25.568,ROI,160,160,192,192,8.130000,41.500000,9.950000,0.000000,24.090000,516.560000,145.860000,516.230000,146.160000,515.296726,144.457585,80.120000,79.745383,54.502194,57.869541,54.995380,67.975066,81.970000,90.480000,0.949800,16.830000,80.120000,0.000000,0.000000,0.814300,0
837,09:15:25.631,ROI,160,160,192,192,7.600000,55.970000,7.175000,0.000000,17.870000,517.260000,143.640000,517.310000,144.470000,516.277625,143.207129,79.580000,79.240395,57.419256,55.176610,51.888177,60.780953,80.540000,89.960000,0.935800,17.670000,79.580000,0.000000,0.000000,0.876300,0
838,09:15:25.695,ROI,160,160,192,192,7.460000,56.560000,6.900000,0.000000,17.680000,516.510000,142.080000,517.730000,142.870000,517.202032,141.954968,79.150000,78.583641,75.291696,56.981914,53.563426,55.319340,79.210000,89.440000,0.947900,16.720000,79.150000,0.000000,0.000000,0.914600,0
839,09:15:25.744,ROI,160,160,192,192,7.470000,42.830000,9.475000,0.000000,23.350000,518.690000,138.680000,518.810000,140.530000,518.250952,140.494960,77.220000,77.602339,65.224859,56.035941,54.305251,50.996180,80.460000,87.790000,0.878700,18.160000,77.220000,0.000000,0.000000,0.891600,0
840,09:15:25.872,ROI,160,160,192,192,7.580000,120.810000,3.275000,0.000000,8.280000,520.390000,135.700000,520.250000,137.880000,519.470702,138.725383,78.320000,77.207726,61.480510,54.731604,55.421925,47.840465,81.170000,89.300000,0.897500,16.700000,78.320000,0.000000,0.000000,0.877700,0
841,09:15:25.920,ROI,160,160,192,192,7.520000,41.780000,9.625000,0.000000,23.930000,521.130000,135.480000,521.360000,135.900000,520.796512,136.922923,77.380000,76.787649,60.724746,53.219559,53.663427,44.802826,78.980000,87.080000,0.948900,14.830000,77.380000,0.000000,0.000000,0.899300,0
842,09:15:25.984,ROI,160,160,192,192,7.600000,57.900000,0.000000,0.000000,17.270000,522.030000,133.430000,522.440000,133.760000,522.172657,135.073306,76.890000,76.313629,63.221160,53.454555,53.350151,42.542779,78.320000,86.560000,0.932600,16.250000,76.890000,0.000000,0.000000,0.914600,0
843,09:15:26.047,ROI,160,160,192,192,7.360000,56.430000,0.000000,0.000000,17.720000,523.300000,130.400000,523.520000,131.160000,523.585597,133.021673,76.230000,75.845464,67.442753,54.753977,55.445198,41.522089,78.770000,85.260000,0.903300,15.540000,76.230000,0.000000,0.000000,0.908100,0
844,09:15:26.096,ROI,160,160,192,192,7.430000,42.180000,9.625000,0.000000,23.710000,523.520000,129.880000,524.210000,129.260000,524.908702,130.975593,74.860000,75.280194,70.041110,57.042391,57.111137,41.620558,81.400000,86.040000,0.956200,15.400000,74.860000,0.000000,0.000000,0.920100,0
845,09:15:26.160,ROI,160,160,192,192,7.440000,57.590000,6.975000,0.000000,17.360000,524.420000,127.960000,524.940000,127.410000,526.111234,128.899129,74.450000,74.671391,68.466076,59.821051,59.923791,43.136689,81.370000,84.820000,0.935500,14.910000,74.450000,0.000000,0.000000,0.922000,0
846,09:15:26.224,ROI,160,160,192,192,7.520000,58.560000,6.875000,0.000000,17.080000,524.970000,126.710000,525.630000,125.780000,527.143258,126.879536,73.640000,73.931609,67.056434,63.304185,62.932691,46.286795,81.260000,85.320000,0.958200,14.410000,73.640000,0.000000,0.000000,0.902600,0
847,09:15:26.271,ROI,160,160,192,192,7.570000,40.910000,9.975000,0.000000,24.440000,526.950000,124.760000,526.770000,124.090000,528.145968,124.885730,72.800000,73.243907,55.998122,63.373047,63.301617,49.911756,81.180000,84.230000,0.910600,14.140000,72.800000,0.000000,0.000000,0.862000,0
848,09:15:26.400,ROI,160,160,192,192,9.670000,124.670000,3.225000,0.000000,8.020000,529.600000,121.040000,528.500000,121.470000,529.318298,122.712569,71.330000,72.415440,56.563004,62.870659,61.654974,53.107372,82.660000,82.040000,0.859400,14.520000,71.330000,0.000000,0.000000,0.846000,0
849,09:15:26.448,ROI,160,160,192,192,7.490000,38.890000,10.500000,0.000000,25.710000,530.570000,119.430000,530.010000,119.120000,530.584472,120.450524,71.510000,71.897718,57.277098,62.504033,60.762194,56.075194,81.650000,82.970000,0.939800,15.140000,71.510000,0.000000,0.000000,0.898200,0
850,09:15:26.512,ROI,160,160,192,192,7.650000,58.470000,6.875000,0.000000,17.100000,532.380000,117.260000,531.810000,116.860000,531.979823,118.095766,69.800000,71.037794,51.464074,61.072099,59.350437,58.791699,80.620000,81.830000,0.908400,17.410000,69.800000,0.000000,0.000000,0.899400,0
851,09:15:26.575,ROI,160,160,192,192,7.500000,56.410000,7.125000,0.000000,17.730000,533.610000,116.450000,533.490000,115.300000,533.464157,115.823081,70.760000,70.561653,42.878904,57.083501,56.850673,60.758553,79.620000,82.280000,0.951000,17.560000,70.760000,0.000000,0.000000,0.903900,0
852,09:15:26.624,ROI,160,160,192,192,7.490000,42.580000,9.525000,0.000000,23.490000,535.760000,114.640000,535.380000,113.730000,535.099827,113.659081,67.760000,69.471508,39.716000,52.459991,52.916021,61.244183,80.290000,80.420000,0.907600,16.290000,67.760000,0.000000,0.000000,0.844700,0
853,09:15:26.687,ROI,160,160,192,192,7.550000,56.980000,0.000000,0.000000,17.550000,536.690000,113.810000,536.950000,112.880000,536.761871,111.693605,67.260000,68.373855,28.431171,45.340713,49.781493,60.443595,81.230000,80.360000,0.957300,16.670000,67.260000,0.000000,0.000000,0.862000,0
854,09:15:26.800,ROI,160,160,192,192,8.010000,106.560000,3.725000,0.000000,9.380000,539.240000,110.500000,538.960000,111.110000,538.549165,109.775472,64.900000,66.938815,41.367049,43.173048,47.022275,58.824733,84.280000,80.630000,0.868100,15.390000,64.900000,0.000000,0.000000,0.851700,0
855,09:15:26.863,ROI,160,160,192,192,7.470000,56.190000,7.150000,0.000000,17.800000,540.080000,108.930000,540.540000,109.250000,540.328694,107.950734,62.920000,65.259750,49.653352,43.504862,45.718645,56.900930,87.250000,80.440000,0.929500,16.450000,62.920000,0.000000,0.000000,0.863200,0
856,09:15:26.928,ROI,160,160,192,192,7.330000,58.190000,6.900000,0.000000,17.180000,541.120000,106.700000,541.890000,107.350000,542.035355,106.156863,61.360000,63.320218,54.605204,45.067639,46.427130,55.187917,88.250000,81.800000,0.924900,16.370000,61.360000,0.000000,0.000000,0.874800,0
857,09:15:26.976,ROI,160,160,192,192,8.580000,42.460000,9.800000,0.000000,23.550000,542.250000,105.860000,543.070000,105.800000,543.639444,104.517060,65.540000,62.963194,52.718333,45.679188,45.630774,53.239746,88.700000,82.320000,0.955000,17.000000,65.540000,0.360000,71.630000,0.867200,0
858,09:15:27.040,ROI,160,160,192,192,7.500000,56.600000,0.000000,0.000000,17.670000,544.280000,104.340000,544.610000,104.340000,545.216298,103.005815,62.160000,61.982177,43.472475,44.510088,43.782894,50.955343,89.900000,80.650000,0.921500,17.020000,62.160000,0.000000,0.000000,0.868900,0
859,09:15:27.088,ROI,160,160,192,192,8.730000,42.800000,9.775000,0.000000,23.360000,544.680000,103.180000,545.630000,102.960000,546.654024,101.663891,61.170000,60.890887,53.530766,45.407805,43.026045,48.583880,89.660000,80.950000,0.963200,16.360000,61.170000,0.710000,70.210000,0.845800,0
860,09:15:27.215,ROI,160,160,192,192,8.790000,121.430000,3.300000,0.000000,8.240000,548.660000,101.270000,547.750000,101.310000,548.272948,100.389085,60.970000,59.790331,37.893689,41.635808,38.218341,44.918348,91.070000,81.070000,0.875300,16.770000,60.970000,0.360000,74.530000,0.885900,0
861,09:15:27.280,ROI,160,160,192,192,7.630000,57.730000,6.975000,0.000000,17.320000,551.800000,99.790000,550.310000,99.820000,550.184117,99.149968,55.670000,57.804964,30.200743,35.763224,32.957575,39.922316,92.920000,81.040000,0.901300,17.590000,55.670000,0.000000,0.000000,0.878500,0
862,09:15:27.328,ROI,160,160,192,192,7.460000,41.480000,0.000000,0.000000,24.110000,552.730000,98.940000,552.390000,98.590000,552.186008,98.001069,53.800000,55.774286,30.597784,32.357026,29.851813,34.602742,94.490000,80.470000,0.960300,15.450000,53.800000,0.000000,0.000000,0.826100,0
863,09:15:27.392,ROI,160,160,192,192,7.450000,57.010000,7.050000,0.000000,17.540000,555.260000,97.320000,554.740000,97.260000,554.315613,96.866750,51.660000,53.675407,29.508014,30.405311,28.041672,29.738693,95.510000,80.240000,0.911400,16.040000,51.660000,0.000000,0.000000,0.856000,0
864,09:15:27.440,ROI,160,160,192,192,7.540000,41.440000,9.825000,0.000000,24.130000,556.490000,96.470000,556.690000,96.210000,556.457194,95.808000,51.450000,51.841944,28.300756,28.169050,26.306771,25.413705,96.000000,79.680000,0.954700,15.800000,51.450000,0.000000,0.000000,0.843200,0
865,09:15:27.506,ROI,160,160,224,224,9.150000,62.070000,6.650000,0.000000,16.110000,558.450000,96.610000,558.670000,95.700000,558.608524,94.950859,46.470000,49.167810,14.444036,22.801230,21.723509,20.956420,95.830000,78.950000,0.951200,18.040000,46.470000,1.960000,60.420000,0.839200,0
866,09:15:27.568,ROI,160,160,192,192,7.590000,53.830000,7.450000,0.000000,18.580000,560.570000,94.090000,560.740000,94.570000,560.769851,94.064952,44.350000,46.456504,28.629849,23.066090,22.288258,18.006679,98.480000,76.720000,0.898800,15.990000,44.350000,0.000000,0.000000,0.857300,0
867,09:15:27.615,ROI,160,160,224,224,8.080000,40.870000,10.075000,0.000000,24.470000,563.320000,93.440000,563.140000,93.680000,563.007770,93.216278,38.220000,42.686690,20.346459,21.502186,20.767944,15.730710,96.820000,74.800000,0.922100,18.530000,38.220000,0.000000,0.000000,0.811700,0
868,09:15:27.744,ROI,160,160,224,224,7.370000,120.660000,0.000000,0.000000,8.290000,566.910000,92.400000,565.920000,92.870000,565.466980,92.387367,35.660000,38.941762,16.244375,17.874749,18.627114,13.553846,98.080000,74.170000,0.904400,17.210000,35.660000,0.000000,0.000000,0.824000,0
869,09:15:27.809,ROI,160,160,224,224,7.400000,58.290000,6.875000,0.000000,17.160000,568.840000,90.200000,568.540000,91.440000,568.024508,91.455948,37.600000,36.573085,28.625779,18.924200,20.010982,12.465770,96.610000,73.930000,0.906600,17.740000,37.600000,0.000000,0.000000,0.848400,0
870,09:15:27.857,ROI,160,160,224,224,11.000000,46.100000,9.525000,0.000000,21.690000,569.460000,89.730000,570.470000,90.180000,570.441105,90.506952,36.220000,34.298331,33.138501,21.657800,21.439904,12.303289,96.490000,73.880000,0.974800,17.610000,36.220000,0.000000,0.000000,0.859200,0
871,09:15:27.921,ROI,160,160,224,224,8.060000,50.470000,22.675000,0.000000,19.810000,572.300000,88.470000,572.740000,88.980000,572.835468,89.502286,33.880000,32.008315,27.862469,23.065601,22.762731,13.178477,98.600000,72.440000,0.912400,17.560000,33.880000,0.000000,0.000000,0.832200,0
872,09:15:27.968,ROI,160,160,224,224,7.620000,40.070000,10.150000,0.000000,24.950000,572.840000,88.030000,574.290000,88.060000,575.014903,88.528218,32.650000,29.970831,30.691181,25.101737,24.081595,14.876763,100.560000,71.890000,0.969000,16.450000,32.650000,0.000000,0.000000,0.861600,0
873,09:15:28.033,ROI,160,160,224,224,7.570000,58.600000,0.000000,0.000000,17.060000,576.760000,86.160000,576.770000,86.610000,577.246254,87.483726,35.740000,29.307960,30.313862,26.520750,25.084223,16.974097,102.400000,72.970000,0.880400,16.760000,35.740000,0.000000,0.000000,0.825000,0
874,09:15:28.096,ROI,160,160,224,224,7.630000,56.640000,7.100000,0.000000,17.650000,577.750000,86.090000,578.600000,85.730000,579.388036,86.474137,34.190000,28.689645,25.681706,26.203195,25.238151,19.142080,100.390000,72.910000,0.978600,16.290000,34.190000,0.000000,0.000000,0.822200,0
875,09:15:28.160,ROI,160,160,224,224,7.610000,57.690000,6.975000,0.000000,17.330000,581.350000,85.150000,581.060000,84.850000,581.628226,85.484181,35.390000,28.751452,19.683328,24.225395,23.840976,20.748083,99.530000,72.970000,0.907600,15.010000,35.390000,0.000000,0.000000,0.758200,0
876,09:15:28.209,ROI,160,160,224,224,11.780000,47.210000,9.525000,0.000000,21.180000,582.860000,84.880000,583.030000,84.340000,583.847315,84.579778,31.890000,28.182810,14.514266,20.948396,22.173654,21.612955,100.550000,72.300000,0.961500,15.590000,31.890000,0.000000,0.000000,0.786800,0
877,09:15:28.336,ROI,160,160,224,224,7.990000,116.940000,3.400000,0.000000,8.550000,586.770000,83.570000,585.730000,83.640000,586.219540,83.690843,25.650000,26.328786,14.534455,18.820703,20.542297,21.917585,102.260000,69.890000,0.893500,14.780000,25.650000,0.000000,0.000000,0.825300,0
878,09:15:28.383,ROI,160,160,224,224,7.480000,40.040000,10.125000,0.000000,24.980000,590.070000,82.730000,588.840000,82.780000,588.786536,82.852585,26.430000,25.254681,15.457576,17.096487,18.084561,21.610815,100.550000,69.430000,0.915300,14.260000,26.430000,0.000000,0.000000,0.779200,0
879,09:15:28.448,ROI,160,160,224,224,7.500000,57.700000,0.000000,0.000000,17.330000,591.080000,82.100000,591.170000,82.010000,591.331302,82.077585,27.110000,24.684992,18.287280,16.132660,16.937939,21.003996,100.810000,70.310000,0.962900,14.200000,27.110000,0.000000,0.000000,0.733500,0
880,09:15:28.512,ROI,160,160,224,224,7.510000,57.660000,6.975000,0.000000,17.340000,593.840000,81.380000,593.690000,81.220000,593.876754,81.360919,27.720000,24.671536,17.405794,15.405322,15.724428,20.106373,103.400000,69.940000,0.928700,14.550000,27.720000,0.000000,0.000000,0.815700,0
881,09:15:28.560,ROI,160,160,224,224,7.470000,42.400000,9.550000,0.000000,23.590000,595.020000,80.560000,595.640000,80.480000,596.274274,80.656653,26.370000,24.364694,20.781112,16.414506,16.370032,19.506420,103.080000,69.080000,0.954800,14.690000,26.370000,0.000000,0.000000,0.819200,0
882,09:15:28.623,ROI,160,160,224,224,7.660000,56.950000,0.000000,0.000000,17.560000,595.180000,80.430000,596.830000,80.030000,598.316532,80.036210,24.840000,24.050270,20.714175,17.747456,16.898924,19.271062,104.500000,69.620000,0.978700,15.280000,24.840000,0.000000,0.000000,0.805900,0
883,09:15:28.687,ROI,160,160,224,224,7.580000,57.290000,0.000000,0.000000,17.450000,598.600000,79.350000,598.700000,79.510000,600.249839,79.395077,24.630000,23.866810,15.539912,18.910966,18.346820,19.563852,105.390000,68.990000,0.909200,16.580000,24.630000,0.000000,0.000000,0.857200,0
884,09:15:28.801,ROI,160,160,224,224,7.400000,106.780000,3.700000,0.000000,9.370000,603.100000,78.390000,601.750000,78.750000,602.359423,78.734085,21.570000,23.183544,13.992034,18.870156,17.397234,19.674052,103.710000,69.190000,0.893200,15.010000,21.570000,0.000000,0.000000,0.894000,0
885,09:15:28.863,ROI,160,160,224,224,7.490000,56.740000,7.100000,0.000000,17.620000,605.310000,78.290000,604.610000,78.270000,604.605117,78.140714,21.120000,22.730770,9.527283,17.015810,14.800790,19.063234,104.970000,68.240000,0.945600,15.320000,21.120000,0.000000,0.000000,0.889900,0
886,09:15:28.911,ROI,160,160,224,224,7.540000,41.450000,0.000000,0.000000,24.120000,609.070000,77.850000,607.940000,77.760000,607.120315,77.610468,21.760000,22.732835,8.707370,14.526877,11.904596,17.515212,104.690000,68.670000,0.919400,15.990000,21.760000,0.000000,0.000000,0.898200,0
887,09:15:28.975,ROI,160,160,224,224,7.470000,57.680000,6.950000,0.000000,17.340000,610.500000,77.740000,610.610000,77.490000,609.727093,77.175798,17.860000,21.354117,5.774326,11.350570,9.466734,15.320967,107.630000,68.150000,0.965500,14.090000,17.860000,0.000000,0.000000,0.908600,0
888,09:15:29.040,ROI,160,160,224,224,7.600000,58.010000,6.950000,0.000000,17.240000,613.910000,76.730000,613.620000,76.970000,612.489101,76.751585,15.970000,19.827395,9.801529,10.113336,8.731762,13.069520,106.510000,67.100000,0.911500,15.820000,15.970000,0.000000,0.000000,0.931600,0
889,09:15:29.088,ROI,160,160,224,224,7.560000,41.620000,9.775000,0.000000,24.020000,614.990000,76.660000,615.710000,76.670000,615.208145,76.386387,14.330000,18.036133,8.168479,7.398681,7.649674,10.560635,105.880000,66.750000,0.974800,15.810000,14.330000,0.000000,0.000000,0.934200,0
890,09:15:29.216,ROI,160,160,224,224,7.500000,122.430000,3.225000,0.000000,8.170000,619.730000,75.840000,618.910000,76.140000,618.106831,76.037480,9.650000,15.090173,9.404242,6.260697,6.863525,8.263706,103.330000,65.690000,0.891600,16.980000,9.650000,0.000000,0.000000,0.950200,0
891,09:15:29.264,ROI,160,160,224,224,7.470000,41.630000,0.000000,0.000000,24.020000,622.790000,75.500000,622.300000,75.640000,621.166798,75.704718,9.360000,12.728448,8.390213,5.581814,6.206352,6.338009,104.470000,64.690000,0.928900,15.060000,9.360000,0.000000,0.000000,0.919500,0
892,09:15:29.329,ROI,160,160,224,224,14.910000,65.690000,0.000000,0.000000,15.220000,624.420000,75.470000,625.020000,75.340000,624.219480,75.419806,9.920000,10.875129,6.293948,4.444326,5.332054,4.606208,106.150000,64.050000,0.960100,14.780000,9.920000,0.000000,0.000000,0.902800,0
893,09:15:29.392,ROI,160,160,224,224,7.740000,48.090000,0.000000,0.000000,20.790000,627.990000,75.700000,628.130000,75.220000,627.337706,75.233536,3.520000,7.660077,2.209673,2.491932,3.418555,2.721646,103.430000,64.580000,0.926800,13.540000,3.520000,0.000000,0.000000,0.811500,0
894,09:15:29.440,ROI,160,160,224,224,7.460000,40.740000,9.975000,0.000000,24.540000,628.930000,75.360000,630.320000,75.060000,630.297173,75.098984,7.130000,5.714681,4.178569,1.450976,2.603164,1.029571,105.690000,64.020000,0.968700,13.920000,7.130000,0.000000,0.000000,0.882500,0
895,09:15:29.504,ROI,160,160,224,224,7.530000,57.690000,6.975000,0.000000,17.330000,632.350000,75.190000,632.850000,75.080000,633.206105,74.997754,1.040000,2.745048,-0.452922,0.756322,1.993070,-0.107721,103.260000,64.400000,0.931300,13.500000,1.040000,0.000000,0.000000,0.855200,0
896,09:15:29.569,ROI,160,160,224,224,7.550000,58.520000,6.850000,0.000000,17.090000,632.900000,75.210000,634.430000,75.060000,635.814976,74.951141,3.810000,1.048419,0.725224,-0.397002,1.023599,-1.208012,104.890000,64.340000,0.983700,13.920000,3.810000,0.000000,0.000000,0.848400,0
897,09:15:29.616,ROI,160,160,224,224,7.470000,40.830000,9.925000,0.000000,24.490000,634.800000,74.690000,635.930000,74.930000,638.111069,74.894464,3.680000,0.129266,4.953257,0.604005,1.414018,-1.725462,103.850000,64.930000,0.949100,13.350000,3.680000,0.000000,0.000000,0.828900,0
898,09:15:29.744,ROI,160,160,224,224,7.480000,122.020000,0.000000,0.000000,8.200000,639.640000,75.080000,638.770000,75.080000,640.443831,74.881589,0.320000,-1.138923,-3.023376,0.138533,0.316224,-2.007055,102.300000,64.580000,0.899800,13.250000,0.320000,0.000000,0.000000,0.859900,0
899,09:15:29.792,ROI,160,160,224,224,7.390000,40.710000,9.975000,0.000000,24.570000,643.470000,74.260000,642.150000,74.780000,642.947976,74.833927,2.150000,-1.726645,5.072133,1.141567,1.090377,-1.858067,101.890000,64.020000,0.905100,12.650000,2.150000,0.000000,0.000000,0.848400,0
900,09:15:29.856,ROI,160,160,224,224,7.470000,58.430000,6.875000,0.000000,17.120000,644.160000,74.660000,644.450000,74.770000,645.370185,74.822278,0.790000,-2.326621,0.249111,0.359345,0.275552,-1.800867,99.060000,63.970000,0.960100,13.040000,0.790000,0.000000,0.000000,0.837100,0
901,09:15:29.920,ROI,160,160,224,224,7.400000,57.100000,14.075000,0.000000,17.510000,648.210000,74.620000,647.500000,74.740000,647.892782,74.834649,1.170000,-2.373395,0.563547,0.126773,-0.280980,-1.803602,100.690000,63.660000,0.917800,12.530000,1.170000,0.000000,0.000000,0.850800,0
902,09:15:29.968,ROI,160,160,224,224,7.940000,42.920000,0.000000,0.000000,23.300000,649.430000,74.870000,649.680000,74.880000,650.343496,74.888742,-1.410000,-2.781577,-3.674500,-1.506378,-1.264441,-2.035797,99.410000,63.850000,0.968400,13.100000,-1.410000,0.000000,0.000000,0.804900,0
903,09:15:30.032,ROI,160,160,224,224,7.370000,56.230000,0.000000,0.000000,17.780000,653.660000,74.720000,652.770000,74.820000,652.904065,74.975073,-2.100000,-3.430254,1.112400,-1.824252,-1.931020,-2.428782,99.970000,63.240000,0.910000,12.450000,-2.100000,0.000000,0.000000,0.787100,0
904,09:15:30.094,ROI,160,160,224,224,7.420000,56.580000,7.100000,0.000000,17.670000,653.980000,74.660000,654.640000,74.790000,655.299097,75.057468,-1.590000,-3.663944,0.919105,-1.938227,-1.970343,-2.786386,99.470000,63.830000,0.984500,12.590000,-1.590000,0.000000,0.000000,0.792300,0
905,09:15:30.143,ROI,160,160,224,224,7.530000,42.840000,0.000000,0.000000,23.340000,658.820000,75.110000,657.700000,74.940000,657.820081,75.183302,-3.300000,-4.396161,-2.806370,-2.574359,-2.857542,-3.233825,99.720000,63.250000,0.895100,12.510000,-3.300000,0.000000,0.000000,0.828800,0
906,09:15:30.273,ROI,160,160,224,224,7.510000,122.810000,3.225000,0.000000,8.140000,664.330000,75.100000,661.770000,75.100000,660.765665,75.313661,-3.990000,-4.932141,-2.251255,-2.454411,-2.534011,-3.413325,99.050000,62.240000,0.881500,12.710000,-3.990000,0.000000,0.000000,0.805500,0
907,09:15:30.320,ROI,160,160,224,224,7.600000,40.210000,10.025000,0.000000,24.870000,664.590000,75.530000,664.650000,75.360000,663.712056,75.481508,-3.230000,-4.579843,-5.158552,-2.940179,-3.260439,-3.626963,100.230000,63.590000,0.967400,13.870000,-3.230000,0.000000,0.000000,0.815200,0
908,09:15:30.384,ROI,160,160,224,224,8.130000,58.810000,6.900000,0.000000,17.000000,668.540000,76.020000,668.180000,75.740000,666.778605,75.724859,-4.650000,-4.552935,-6.144157,-3.549468,-4.537289,-3.919554,99.250000,63.970000,0.910300,14.420000,-4.650000,0.000000,0.000000,0.810900,0
909,09:15:30.448,ROI,160,160,224,224,7.470000,56.420000,0.000000,0.000000,17.720000,669.610000,76.150000,670.790000,76.070000,669.757512,76.013871,-4.400000,-4.430810,-7.206057,-4.522374,-5.541465,-4.290698,99.580000,64.330000,0.973100,14.730000,-4.400000,0.000000,0.000000,0.829600,0
910,09:15:30.495,ROI,160,160,224,224,7.570000,41.580000,9.775000,0.000000,24.050000,671.130000,76.080000,673.010000,76.260000,672.536411,76.307915,-5.170000,-4.563919,-4.891772,-4.678558,-6.040177,-4.581813,98.660000,64.430000,0.967800,15.650000,-5.170000,0.000000,0.000000,0.829500,0
911,09:15:30.560,ROI,160,160,224,224,7.550000,57.600000,6.975000,0.000000,17.360000,674.600000,76.830000,675.600000,76.670000,675.288234,76.661742,-7.620000,-5.251185,-8.995345,-6.242467,-7.326834,-5.182989,99.250000,65.000000,0.911400,15.100000,-7.620000,0.000000,0.000000,0.753000,0
912,09:15:30.624,ROI,160,160,224,224,7.630000,58.240000,6.925000,0.000000,17.170000,675.810000,76.410000,677.310000,76.820000,677.877052,76.972770,-4.830000,-5.041395,-5.013114,-6.730591,-6.850846,-5.634365,100.410000,64.480000,0.963700,15.350000,-4.830000,0.000000,0.000000,0.822700,0
913,09:15:30.671,ROI,160,160,224,224,7.710000,41.260000,0.000000,0.000000,24.240000,679.020000,77.250000,679.390000,77.220000,680.403492,77.312556,-6.450000,-5.353524,-10.885527,-8.423386,-7.659869,-6.444122,99.640000,65.620000,0.914600,16.130000,-6.450000,0.000000,0.000000,0.796000,0
914,09:15:30.801,ROI,160,160,224,224,10.040000,125.750000,3.200000,0.000000,7.950000,683.690000,78.430000,682.560000,77.910000,683.078427,77.774536,-9.300000,-6.224661,-12.279780,-10.219064,-9.798716,-7.779856,99.290000,65.660000,0.879600,15.590000,-9.300000,0.000000,0.000000,0.832600,0
915,09:15:30.848,ROI,160,160,224,224,7.620000,38.530000,10.650000,0.000000,25.960000,685.070000,78.360000,685.010000,78.390000,685.705323,78.266484,-8.500000,-6.839601,-11.084891,-11.109182,-10.607112,-9.080323,97.960000,65.180000,0.965400,16.370000,-8.500000,0.000000,0.000000,0.761300,0
916,09:15:30.911,ROI,160,160,224,224,7.620000,56.600000,7.100000,0.000000,17.670000,687.790000,79.020000,687.630000,78.960000,688.286097,78.809145,-8.740000,-7.659548,-12.273852,-12.065090,-11.874635,-10.396232,99.550000,66.740000,0.924900,17.850000,-8.740000,0.000000,0.000000,0.834500,0
917,09:15:30.976,ROI,160,160,224,224,9.010000,59.940000,6.875000,0.000000,16.680000,689.240000,78.810000,689.650000,79.290000,690.714073,79.308964,-7.860000,-8.003512,-9.278240,-11.752817,-11.632302,-11.308392,99.850000,65.770000,0.957400,17.330000,-7.860000,0.480000,-0.080000,0.774000,0
918,09:15:31.024,ROI,160,160,224,224,8.770000,40.990000,10.300000,0.000000,24.390000,693.200000,79.760000,692.420000,79.810000,693.174444,79.838911,-10.570000,-9.009125,-10.632143,-12.084135,-12.155421,-12.182072,102.470000,65.910000,0.899200,15.840000,-10.570000,0.630000,-3.220000,0.888400,0
919,09:15:31.089,ROI,160,160,224,224,7.570000,57.350000,7.000000,0.000000,17.440000,694.900000,80.250000,694.590000,80.360000,695.586847,80.383903,-9.500000,-9.615194,-14.222470,-13.169207,-12.730134,-13.001578,101.160000,66.600000,0.953200,16.780000,-9.500000,0.000000,0.000000,0.890700,0
920,09:15:31.200,ROI,160,160,224,224,8.000000,105.250000,3.775000,0.000000,9.500000,700.760000,81.380000,698.400000,81.130000,698.301790,81.019262,-12.960000,-10.758786,-11.425565,-13.487666,-13.171484,-13.755644,100.520000,65.420000,0.861700,16.160000,-12.960000,0.000000,0.000000,0.935000,0
921,09:15:31.264,ROI,160,160,224,224,7.500000,56.220000,14.300000,0.000000,17.790000,703.860000,81.590000,702.240000,81.680000,701.252504,81.678476,-11.870000,-11.488145,-8.150990,-12.862783,-12.593547,-14.194279,100.160000,65.210000,0.934200,15.980000,-11.870000,0.000000,0.000000,0.914500,0
922,09:15:31.329,ROI,160,160,224,224,7.690000,58.800000,0.000000,0.000000,17.010000,705.100000,81.720000,705.190000,82.040000,704.211262,82.295407,-16.960000,-13.591403,-6.957625,-11.863711,-11.778005,-14.276684,100.660000,66.560000,0.956200,18.180000,-16.960000,0.000000,0.000000,0.914100,0
923,09:15:31.375,ROI,160,160,224,224,7.660000,40.550000,0.000000,0.000000,24.660000,707.000000,82.470000,707.890000,82.570000,707.061915,82.904254,-16.660000,-14.834085,-11.105743,-11.718730,-12.056174,-14.230540,99.890000,67.520000,0.941700,18.110000,-16.660000,0.000000,0.000000,0.917200,0
924,09:15:31.440,ROI,160,160,224,224,8.760000,58.970000,6.950000,0.000000,16.960000,710.040000,83.430000,710.640000,83.260000,709.897375,83.549371,-15.820000,-15.974440,-14.085256,-12.502927,-12.817606,-14.268374,99.620000,67.560000,0.915500,16.210000,-15.820000,0.820000,-7.780000,0.928100,0
925,09:15:31.504,ROI,160,160,224,224,7.600000,56.230000,7.150000,0.000000,17.780000,711.530000,83.890000,712.990000,83.880000,712.587246,84.189347,-17.800000,-16.947968,-14.779560,-12.928887,-13.383030,-14.342857,100.070000,68.450000,0.957700,17.410000,-17.800000,0.000000,0.000000,0.919800,0
926,09:15:31.552,ROI,160,160,224,224,7.500000,40.610000,0.000000,0.000000,24.630000,714.950000,84.290000,715.530000,84.440000,715.291710,84.806899,-15.750000,-17.399992,-12.433235,-12.670180,-12.862705,-14.127906,98.660000,66.980000,0.913900,17.570000,-15.750000,0.000000,0.000000,0.938000,0
927,09:15:31.679,ROI,160,160,224,224,7.410000,120.540000,3.275000,0.000000,8.300000,718.940000,85.470000,718.480000,85.210000,718.159440,85.467161,-21.680000,-19.322254,-14.628780,-13.368350,-12.965748,-13.947671,99.710000,68.140000,0.892100,19.200000,-21.680000,0.000000,0.000000,0.923100,0
928,09:15:31.727,ROI,160,160,224,224,7.570000,41.610000,9.775000,0.000000,24.030000,720.800000,86.450000,721.130000,86.160000,720.999944,86.185093,-22.960000,-20.997823,-19.722278,-14.625484,-14.184330,-13.981559,98.420000,70.180000,0.935800,18.520000,-22.960000,0.000000,0.000000,0.896200,0
929,09:15:31.793,ROI,160,160,224,224,7.410000,58.740000,6.825000,0.000000,17.020000,724.100000,87.710000,724.160000,87.230000,723.860524,87.021202,-24.680000,-22.981585,-19.449925,-16.292936,-16.292924,-14.609514,98.180000,71.370000,0.903300,17.810000,-24.680000,0.000000,0.000000,0.889200,0
930,09:15:31.855,ROI,160,160,224,224,7.480000,56.810000,0.000000,0.000000,17.600000,725.410000,87.810000,726.340000,87.990000,726.599121,87.857839,-24.140000,-24.393984,-19.219773,-17.341991,-16.987831,-15.276498,99.370000,71.180000,0.971200,16.970000,-24.140000,0.000000,0.000000,0.882300,0
931,09:15:31.903,ROI,160,160,224,224,9.070000,42.720000,19.725000,0.000000,23.410000,728.430000,89.540000,728.860000,89.150000,729.260649,88.801331,-27.510000,-26.476270,-24.717441,-19.727524,-19.519038,-16.481771,98.150000,71.830000,0.897400,17.240000,-27.510000,0.000000,0.000000,0.877100,0
932,09:15:31.968,ROI,160,160,224,224,7.550000,57.170000,14.100000,0.000000,17.490000,728.850000,89.850000,730.290000,90.060000,731.644109,89.756052,-24.700000,-27.248415,-32.471192,-23.445049,-21.829130,-18.057088,98.840000,70.710000,0.976100,16.850000,-24.700000,0.000000,0.000000,0.887400,0
933,09:15:32.033,ROI,160,160,224,224,7.440000,58.260000,6.900000,0.000000,17.160000,731.920000,91.700000,732.260000,91.350000,733.858871,90.835944,-26.680000,-28.249343,-33.217675,-27.224722,-25.993301,-20.455625,97.310000,70.220000,0.892700,17.530000,-26.680000,0.000000,0.000000,0.868700,0
934,09:15:32.080,ROI,160,160,224,224,7.530000,41.550000,19.525000,0.000000,24.070000,733.550000,92.550000,733.680000,92.520000,735.896581,91.993827,-27.650000,-29.293601,-39.486600,-32.178323,-29.606438,-23.474874,96.530000,70.900000,0.944200,17.310000,-27.650000,0.000000,0.000000,0.881700,0
935,09:15:32.209,ROI,160,160,224,224,7.440000,121.780000,6.500000,0.000000,8.210000,738.080000,94.560000,736.290000,94.090000,738.014335,93.310552,-28.160000,-30.067149,-31.028279,-33.921690,-31.871522,-26.597300,98.420000,70.870000,0.863200,17.340000,-28.160000,0.000000,0.000000,0.878900,0
936,09:15:32.257,ROI,160,160,224,224,8.930000,44.840000,9.525000,0.000000,22.300000,739.930000,95.960000,738.940000,95.670000,740.111544,94.765185,-29.360000,-30.844395,-30.804514,-35.329729,-34.745332,-30.058533,98.620000,72.300000,0.926800,16.370000,-29.360000,0.000000,0.000000,0.858300,0
937,09:15:32.320,ROI,160,160,224,224,7.440000,50.730000,14.750000,0.000000,19.710000,742.930000,97.570000,741.680000,97.370000,742.292427,96.359012,-29.030000,-31.358181,-31.817035,-36.460705,-36.159973,-33.336557,99.620000,74.900000,0.901900,15.970000,-29.030000,0.000000,0.000000,0.849700,0
938,09:15:32.385,ROI,160,160,224,224,8.790000,59.430000,6.925000,0.000000,16.830000,744.880000,98.660000,744.380000,98.920000,744.467698,98.016347,-28.700000,-31.472714,-29.859016,-36.672054,-37.303715,-36.302140,99.950000,75.400000,0.934600,17.710000,-28.700000,0.290000,-26.710000,0.881400,0
939,09:15:32.432,ROI,160,160,224,224,9.100000,40.760000,20.750000,0.000000,24.540000,747.420000,99.720000,747.040000,100.320000,746.689399,99.683512,-30.370000,-31.908419,-27.758541,-36.014846,-36.884570,-38.564747,99.320000,75.070000,0.924600,17.900000,-30.370000,0.830000,-29.940000,0.861400,0
940,09:15:32.495,ROI,160,160,224,224,8.860000,57.420000,14.375000,0.000000,17.410000,748.530000,100.340000,749.040000,101.350000,748.816782,101.266754,-32.380000,-32.649851,-27.248467,-35.338711,-36.657376,-40.280149,99.320000,75.710000,0.962200,17.040000,-32.380000,0.920000,-31.580000,0.839100,0
941,09:15:32.561,ROI,160,160,224,224,8.830000,58.520000,14.025000,0.000000,17.090000,751.500000,101.650000,751.490000,102.470000,750.958419,102.776040,-30.580000,-32.488597,-24.567171,-33.549014,-35.173687,-41.096909,99.540000,76.590000,0.910800,18.270000,-30.580000,1.050000,-29.760000,0.858400,0
942,09:15:32.608,ROI,160,160,224,224,8.810000,41.280000,10.150000,0.000000,24.220000,752.740000,102.590000,753.310000,103.360000,753.037915,104.177976,-30.690000,-32.505625,-26.059141,-32.585340,-33.986699,-41.349389,98.310000,76.220000,0.951900,17.370000,-30.690000,0.320000,-30.900000,0.837100,0
943,09:15:32.736,ROI,160,160,224,224,7.660000,117.990000,6.600000,0.000000,8.480000,757.040000,104.900000,756.090000,104.750000,755.316806,105.596496,-31.470000,-32.550827,-26.565051,-31.285012,-31.900641,-40.781945,96.390000,75.740000,0.863400,18.110000,-31.470000,0.000000,0.000000,0.836100,0
944,09:15:32.784,ROI,160,160,224,224,7.540000,42.010000,19.325000,0.000000,23.800000,759.460000,105.380000,759.020000,105.820000,757.728734,106.913327,-33.810000,-32.895242,-20.061572,-28.123571,-28.633045,-39.056659,97.170000,76.270000,0.939600,15.480000,-33.810000,0.000000,0.000000,0.749300,0
945,09:15:32.848,ROI,160,160,224,224,7.530000,57.600000,13.950000,0.000000,17.360000,761.110000,106.850000,761.460000,106.970000,760.187903,108.171125,-34.660000,-33.407294,-25.235040,-26.655700,-27.088512,-36.867257,96.450000,77.640000,0.930900,15.360000,-34.660000,0.000000,0.000000,0.776000,0
946,09:15:32.912,ROI,160,160,224,224,7.520000,57.570000,13.950000,0.000000,17.370000,763.270000,108.990000,763.800000,108.520000,762.657298,109.470218,-36.600000,-34.310573,-33.520219,-27.329473,-27.747839,-34.818788,96.360000,79.160000,0.906500,14.870000,-36.600000,0.000000,0.000000,0.785000,0
947,09:15:32.961,ROI,160,160,224,224,7.440000,41.890000,19.425000,0.000000,23.870000,765.000000,109.840000,765.710000,109.740000,765.089073,110.736875,-38.940000,-35.801673,-32.568139,-27.841652,-27.514008,-32.804719,95.680000,79.460000,0.944300,13.710000,-38.940000,0.000000,0.000000,0.756600,0
948,09:15:33.024,ROI,160,160,192,192,7.430000,57.460000,14.000000,0.000000,17.400000,767.160000,110.490000,767.660000,110.720000,767.453964,111.897677,-50.110000,-39.844327,-26.682460,-26.611395,-26.144027,-30.495713,93.360000,77.760000,0.935100,14.860000,-50.110000,0.000000,0.000000,0.790300,0
949,09:15:33.087,ROI,160,160,192,192,7.490000,56.870000,14.175000,0.000000,17.580000,768.820000,111.460000,769.230000,111.620000,769.726157,112.942548,-51.240000,-43.778315,-29.823422,-26.007949,-24.695394,-27.931929,92.230000,78.040000,0.941300,14.650000,-51.240000,0.000000,0.000000,0.788800,0
950,09:15:33.201,ROI,160,160,192,192,7.390000,106.790000,3.725000,0.000000,9.360000,772.310000,115.080000,771.710000,113.660000,772.022512,114.166573,-51.500000,-46.989706,-39.440053,-28.205908,-28.058919,-26.457381,89.320000,77.690000,0.846600,15.380000,-51.500000,0.000000,0.000000,0.818900,0
951,09:15:33.263,ROI,160,160,192,192,7.460000,56.760000,14.200000,0.000000,17.620000,773.220000,116.030000,773.690000,115.400000,774.174536,115.485169,-42.940000,-47.596984,-41.308614,-30.983074,-31.496799,-26.089673,93.460000,79.390000,0.932900,13.620000,-42.940000,0.000000,0.000000,0.753100,0
952,09:15:33.313,ROI,160,160,192,192,7.550000,43.110000,0.000000,0.000000,23.200000,776.430000,117.990000,776.080000,117.270000,776.359230,116.942621,-46.680000,-48.623488,-38.040578,-32.855015,-33.708025,-26.455290,90.130000,79.270000,0.888900,14.200000,-46.680000,0.000000,0.000000,0.785400,0
953,09:15:33.376,ROI,160,160,192,192,7.490000,57.290000,7.025000,0.000000,17.450000,777.270000,118.520000,777.800000,118.690000,778.410222,118.397286,-41.880000,-48.161173,-39.542447,-34.754504,-35.346159,-27.276441,90.880000,78.940000,0.968600,14.060000,-41.880000,0.000000,0.000000,0.798700,0
954,09:15:33.438,ROI,160,160,192,192,7.570000,53.930000,14.400000,0.000000,18.540000,780.430000,121.360000,780.060000,120.750000,780.478298,120.009790,-46.940000,-49.094355,-42.349310,-37.045553,-37.943968,-28.737717,88.310000,77.940000,0.868700,14.130000,-46.940000,0.000000,0.000000,0.793900,0
955,09:15:33.489,ROI,160,160,192,192,7.430000,43.650000,18.525000,0.000000,22.910000,780.860000,121.900000,781.430000,122.280000,782.360726,121.631161,-46.210000,-49.513544,-48.157945,-40.630175,-40.738954,-30.847859,88.640000,78.850000,0.976800,14.450000,-46.210000,0.000000,0.000000,0.819900,0
956,09:15:33.616,ROI,160,160,192,192,7.400000,120.990000,6.525000,0.000000,8.270000,784.520000,125.340000,783.630000,124.580000,784.288855,123.476673,-56.210000,-52.683980,-46.273030,-43.624310,-43.745815,-33.710371,87.420000,80.590000,0.846900,14.670000,-56.210000,0.000000,0.000000,0.854700,0
957,09:15:33.664,ROI,160,160,192,192,7.480000,42.200000,9.650000,0.000000,23.700000,786.350000,126.580000,785.840000,126.590000,786.220464,125.432177,-55.560000,-54.766855,-42.286591,-45.213635,-45.352209,-36.858476,87.470000,81.120000,0.930600,14.660000,-55.560000,0.000000,0.000000,0.844700,0
958,09:15:33.729,ROI,160,160,192,192,14.460000,65.290000,6.950000,25.600000,15.320000,787.390000,127.930000,787.560000,128.400000,788.041065,127.418367,-56.760000,-56.665367,-46.460483,-47.406828,-47.490696,-40.324623,87.500000,82.510000,0.945200,14.020000,-56.760000,0.000000,0.000000,0.853100,0
959,09:15:33.792,ROI,160,160,192,192,7.410000,48.180000,8.050000,0.000000,20.760000,788.690000,130.720000,789.190000,130.680000,789.696734,129.543141,-58.780000,-58.545089,-54.438558,-51.521718,-52.073518,-44.623112,87.430000,82.420000,0.908100,12.790000,-58.780000,0.000000,0.000000,0.845500,0
960,09:15:33.841,ROI,160,160,192,192,7.460000,41.930000,9.700000,49.400000,23.850000,789.310000,132.700000,790.290000,132.840000,791.132133,131.784387,-58.020000,-59.853738,-63.012109,-57.495154,-57.362593,-49.935085,87.640000,83.720000,0.940400,12.840000,-58.020000,0.000000,0.000000,0.850300,0
961,09:15:33.904,ROI,160,160,192,192,7.420000,57.440000,6.975000,0.000000,17.410000,790.440000,134.620000,791.370000,134.990000,792.344702,134.092556,-58.700000,-60.688516,-63.328451,-62.359350,-62.285358,-55.851254,87.080000,84.230000,0.931500,12.340000,-58.700000,0.000000,0.000000,0.837700,0
962,09:15:33.968,ROI,160,160,192,192,7.820000,58.130000,0.000000,0.000000,17.200000,792.230000,135.880000,792.450000,136.690000,793.469887,136.360093,-62.790000,-62.523056,-57.572445,-64.225255,-63.608704,-61.291352,85.610000,82.560000,0.931000,12.250000,-62.790000,0.000000,0.000000,0.849300,0
963,09:15:34.016,ROI,160,160,192,192,7.380000,41.140000,9.875000,0.000000,24.310000,793.120000,137.160000,793.370000,138.180000,794.463234,138.503685,-64.130000,-64.147835,-58.306758,-65.579890,-65.136864,-66.104617,85.550000,83.780000,0.950200,13.400000,-64.130000,0.000000,0.000000,0.863700,0
964,09:15:34.144,ROI,160,160,192,192,7.360000,121.990000,3.250000,0.000000,8.200000,796.250000,138.910000,794.960000,139.590000,795.598738,140.523323,-65.320000,-65.603585,-41.566370,-61.275688,-60.653925,-68.687167,83.420000,82.210000,0.891200,13.250000,-65.320000,0.000000,0.000000,0.839200,0
965,09:15:34.192,ROI,160,160,192,192,7.350000,41.040000,9.900000,0.000000,24.370000,798.390000,140.400000,796.970000,140.960000,796.899411,142.383798,-64.070000,-66.303044,-34.278031,-55.743478,-55.042297,-69.017752,82.550000,82.380000,0.916800,13.660000,-64.070000,0.000000,0.000000,0.851500,0
966,09:15:34.256,ROI,160,160,192,192,8.910000,59.990000,0.000000,0.000000,16.670000,799.310000,141.730000,798.600000,142.210000,798.247690,144.059391,-67.520000,-67.520887,-37.483558,-51.398119,-51.177845,-67.694279,83.150000,83.720000,0.947500,14.340000,-67.520000,1.570000,-69.210000,0.832900,0
967,09:15:34.319,ROI,160,160,192,192,7.420000,55.280000,14.550000,0.000000,18.090000,800.740000,143.780000,800.270000,143.730000,799.642532,145.619569,-69.730000,-69.005407,-42.307824,-48.443374,-48.202385,-65.203304,82.150000,83.860000,0.920400,14.940000,-69.730000,0.000000,0.000000,0.828400,0
968,09:15:34.368,ROI,160,160,192,192,7.440000,42.700000,9.525000,0.000000,23.420000,801.430000,144.840000,801.570000,145.030000,800.982177,147.018653,-69.540000,-70.133484,-45.000000,-46.434948,-46.243313,-61.939343,81.910000,83.590000,0.959200,14.940000,-69.540000,0.000000,0.000000,0.829600,0
969,09:15:34.431,ROI,160,160,192,192,7.470000,56.880000,7.075000,0.000000,17.580000,802.760000,147.940000,802.920000,147.020000,802.287157,148.461714,-71.510000,-71.371020,-55.847347,-47.512717,-47.876519,-59.067254,82.070000,86.700000,0.900900,16.040000,-71.510000,0.000000,0.000000,0.860200,0
970,09:15:34.481,ROI,160,160,192,192,11.890000,48.630000,27.925000,0.000000,20.560000,804.570000,149.240000,804.350000,148.740000,803.644379,149.902484,-72.290000,-72.341609,-50.260022,-46.898861,-46.710351,-55.802952,81.670000,86.620000,0.929000,17.030000,-72.290000,0.000000,0.000000,0.870000,0
971,09:15:34.608,ROI,160,160,192,192,7.520000,115.600000,3.425000,0.000000,8.650000,805.700000,154.920000,805.710000,152.130000,805.001871,151.779613,-75.880000,-74.170165,-68.140334,-51.253229,-54.126504,-54.600333,81.660000,92.060000,0.857800,16.660000,-75.880000,0.000000,0.000000,0.848100,0
972,09:15:34.656,ROI,160,160,192,192,7.450000,41.540000,0.000000,0.000000,24.080000,807.540000,156.090000,807.130000,154.870000,806.439556,153.894036,-75.310000,-75.572758,-62.604633,-53.488455,-55.786566,-53.715493,78.350000,89.180000,0.925200,15.740000,-75.310000,0.000000,0.000000,0.850400,0
973,09:15:34.720,ROI,160,160,192,192,7.570000,58.180000,0.000000,0.000000,17.190000,808.140000,156.850000,808.360000,157.050000,807.824512,156.030440,-75.140000,-76.695968,-60.567432,-54.865631,-57.046067,-53.144146,77.900000,88.320000,0.968100,17.330000,-75.140000,0.000000,0.000000,0.875500,0
974,09:15:34.784,ROI,160,160,192,192,7.530000,57.810000,6.975000,0.000000,17.300000,807.960000,158.030000,809.050000,158.790000,808.993665,158.097351,-77.120000,-78.025629,-68.369113,-58.807607,-60.505227,-53.637740,78.520000,88.330000,0.966200,16.240000,-77.120000,0.000000,0.000000,0.876900,0
975,09:15:34.834,ROI,160,160,192,192,10.290000,46.030000,18.825000,0.000000,21.730000,808.620000,160.080000,809.580000,160.620000,809.959730,160.127960,-79.280000,-79.717133,-73.848059,-63.500941,-64.557177,-55.195119,79.060000,86.780000,0.938900,14.180000,-79.280000,0.000000,0.000000,0.804600,0
976,09:15:34.895,ROI,160,160,192,192,7.550000,48.550000,15.575000,0.000000,20.600000,808.410000,161.440000,809.700000,162.320000,810.644270,162.061694,-81.330000,-81.622996,-85.962289,-70.155464,-70.506076,-58.058983,81.790000,88.440000,0.937100,14.880000,-81.330000,0.000000,0.000000,0.793500,0
977,09:15:34.961,ROI,160,160,192,192,7.560000,59.040000,13.575000,0.000000,16.940000,808.410000,163.770000,809.540000,164.230000,811.049028,163.996060,-84.600000,-83.993258,-94.788467,-78.293245,-78.181617,-62.625518,82.120000,87.860000,0.944800,15.310000,-84.600000,0.000000,0.000000,0.744400,0
978,09:15:35.009,ROI,160,160,192,192,8.680000,42.750000,19.575000,0.000000,23.390000,809.250000,164.320000,809.580000,165.480000,811.271464,165.792028,-84.420000,-84.952911,-88.167160,-84.164453,-82.939716,-68.066230,81.890000,86.500000,0.964600,14.120000,-84.420000,0.380000,-89.530000,0.737500,0
979,09:15:35.137,ROI,160,160,192,192,8.810000,121.890000,6.575000,0.000000,8.200000,810.030000,167.190000,809.720000,167.160000,811.412565,167.612040,-86.280000,-85.853141,-85.236358,-88.345100,-85.566875,-73.800403,82.150000,85.520000,0.918200,13.950000,-86.280000,0.960000,-87.400000,0.737100,0
980,09:15:35.184,ROI,160,160,192,192,8.300000,40.490000,20.725000,0.000000,24.690000,810.140000,168.190000,809.860000,168.670000,811.420476,169.326254,-87.690000,-86.637972,-84.702952,-90.963405,-89.735575,-79.813507,82.670000,86.710000,0.971100,16.280000,-87.690000,0.000000,0.000000,0.854800,0
981,09:15:35.247,ROI,160,160,192,192,7.560000,55.010000,14.325000,48.725000,18.180000,810.400000,169.820000,809.860000,170.130000,811.321113,170.958472,-88.650000,-88.085956,-90.000000,-94.211417,-93.483639,-85.878714,84.250000,87.950000,0.945300,16.130000,-88.650000,0.000000,0.000000,0.838500,0
982,09:15:35.312,ROI,160,160,192,192,8.700000,59.570000,0.000000,0.000000,16.790000,811.180000,172.460000,810.210000,172.060000,811.191452,172.634823,-87.620000,-88.703690,-79.721280,-94.360943,-94.422871,-91.284762,83.770000,88.320000,0.925200,15.030000,-87.620000,0.230000,-90.790000,0.823700,0
983,09:15:35.361,ROI,160,160,192,192,7.560000,40.810000,10.000000,0.000000,24.500000,811.110000,173.580000,810.290000,173.550000,811.026508,174.279609,-88.520000,-89.884714,-86.926667,-96.077614,-95.726628,-96.220280,83.260000,87.110000,0.968600,16.920000,-88.520000,0.000000,0.000000,0.862100,0
984,09:15:35.424,ROI,160,160,192,192,8.630000,58.480000,14.025000,0.000000,17.100000,811.670000,175.830000,810.660000,175.390000,810.870290,175.943137,-88.360000,-90.539125,-78.630197,-94.944603,-95.364769,-100.185659,82.480000,84.610000,0.936300,15.050000,-88.360000,0.230000,-91.220000,0.801300,0
985,09:15:35.488,ROI,160,160,192,192,8.800000,57.240000,14.400000,0.000000,17.470000,812.070000,177.210000,810.940000,176.900000,810.782452,177.585153,-89.650000,-91.596718,-79.494936,-93.384737,-93.062086,-102.717391,83.380000,85.510000,0.957800,15.750000,-89.650000,0.260000,-91.980000,0.809400,0
986,09:15:35.600,ROI,160,160,192,192,7.350000,104.800000,7.550000,0.000000,9.540000,812.070000,182.900000,811.320000,180.250000,810.722952,179.631456,-90.040000,-91.805129,-83.528439,-92.894987,-91.665511,-104.156363,85.010000,89.260000,0.861400,16.330000,-90.040000,0.000000,0.000000,0.847700,0
987,09:15:35.664,ROI,160,160,192,192,7.420000,56.990000,7.025000,0.000000,17.550000,811.630000,183.880000,811.500000,182.880000,810.627673,181.856060,-92.090000,-92.482440,-86.084722,-93.268493,-92.452438,-105.293876,84.460000,87.840000,0.968000,15.440000,-92.090000,0.000000,0.000000,0.845600,0
988,09:15:35.727,ROI,160,160,192,192,7.490000,57.510000,7.000000,0.000000,17.390000,813.260000,183.970000,812.350000,184.500000,810.714585,183.982194,-92.760000,-93.094177,-62.314392,-86.846598,-87.659187,-104.635292,80.820000,85.120000,0.927300,15.670000,-92.760000,0.000000,0.000000,0.869900,0
989,09:15:35.776,ROI,160,160,192,192,7.490000,42.440000,9.600000,0.000000,23.560000,811.980000,184.960000,812.510000,185.880000,810.788875,185.910262,-94.310000,-93.809500,-83.386540,-85.861081,-87.793430,-103.439608,83.200000,86.480000,0.947500,18.110000,-94.310000,0.000000,0.000000,0.868900,0
990,09:15:35.841,ROI,160,160,192,192,7.500000,58.160000,6.925000,0.000000,17.190000,813.100000,187.620000,813.030000,187.750000,811.000702,187.787698,-94.670000,-94.559774,-74.460088,-81.448918,-83.562676,-100.444932,82.140000,87.740000,0.916200,17.460000,-94.670000,0.000000,0.000000,0.853900,0
991,09:15:35.904,ROI,160,160,192,192,8.730000,57.690000,14.200000,0.000000,17.330000,812.680000,188.380000,813.180000,189.220000,811.255238,189.500879,-90.910000,-94.194940,-84.173658,-79.490527,-81.549089,-96.353924,81.360000,86.930000,0.972700,16.860000,-90.910000,0.510000,-100.230000,0.866400,0
992,09:15:35.953,ROI,160,160,192,192,12.160000,47.620000,19.175000,29.700000,21.000000,812.860000,192.700000,813.320000,191.840000,811.562625,191.401855,-93.920000,-94.343310,-86.941302,-78.442308,-80.814797,-91.858982,80.210000,92.000000,0.895900,18.890000,-93.920000,0.380000,-106.420000,0.916600,0
993,09:15:36.081,ROI,160,160,192,192,8.810000,117.050000,3.425000,0.000000,8.540000,813.490000,197.580000,813.520000,195.550000,811.965907,193.773238,-95.190000,-94.676746,-86.914266,-77.013968,-80.348500,-87.040340,80.100000,94.500000,0.887400,17.980000,-95.190000,0.370000,-89.950000,0.914300,0
994,09:15:36.128,ROI,160,160,192,192,8.790000,40.920000,20.575000,0.000000,24.440000,813.670000,199.320000,813.800000,198.780000,812.430548,196.440726,-96.850000,-95.297077,-85.045569,-76.509253,-80.118970,-82.572874,81.530000,94.330000,0.947300,18.590000,-96.850000,0.350000,-102.010000,0.849300,0
995,09:15:36.193,ROI,160,160,192,192,10.110000,59.400000,14.050000,0.000000,16.840000,813.540000,203.020000,813.980000,202.390000,812.878101,199.475645,-96.300000,-95.840742,-87.145511,-77.582416,-81.611187,-79.177116,82.130000,96.590000,0.918700,19.410000,-96.300000,1.060000,-99.460000,0.879600,0
996,09:15:36.256,ROI,160,160,224,224,7.370000,54.010000,14.800000,0.000000,18.510000,811.570000,201.210000,813.200000,203.900000,813.073661,202.295847,-100.540000,-97.213879,-117.318900,-86.778915,-86.033304,-77.582124,82.850000,93.560000,0.918700,16.650000,-100.540000,0.000000,0.000000,0.866500,0
997,09:15:36.304,ROI,160,160,192,192,8.930000,43.590000,19.300000,0.000000,22.940000,811.540000,205.210000,812.550000,206.220000,813.066738,205.126839,-96.790000,-97.265585,-105.651406,-91.897430,-90.140121,-77.615926,83.050000,95.030000,0.916400,17.720000,-96.790000,0.730000,-91.520000,0.823700,0
998,09:15:36.369,ROI,160,160,192,192,8.790000,55.940000,14.250000,0.000000,17.870000,811.180000,206.070000,811.800000,207.730000,812.876879,207.782040,-99.720000,-98.134327,-116.413073,-99.497973,-94.089945,-79.140190,85.280000,94.720000,0.956700,17.210000,-99.720000,0.480000,-106.970000,0.834300,0
999,09:15:36.416,ROI,160,160,192,192,8.780000,40.570000,20.725000,0.000000,24.650000,811.080000,207.340000,811.130000,208.940000,812.537367,210.153536,-101.180000,-99.174899,-118.974133,-106.290801,-98.147314,-81.822146,83.280000,92.750000,0.950300,18.920000,-101.180000,0.530000,-107.010000,0.847000,0
1000,09:15:36.543,ROI,160,160,192,192,8.830000,121.320000,3.300000,42.075000,8.240000,809.930000,209.530000,810.170000,210.150000,811.972863,212.301423,-104.430000,-100.937000,-128.428077,-115.509557,-104.725364,-86.519060,82.240000,93.110000,0.928400,20.800000,-104.430000,0.450000,-110.310000,0.896600,0
1001,09:15:36.592,ROI,160,160,192,192,9.910000,43.540000,9.850000,0.000000,22.970000,807.610000,212.310000,808.500000,212.130000,811.016359,214.299940,-106.030000,-102.632161,-130.145433,-122.714007,-115.576108,-93.401065,84.000000,93.680000,0.892300,19.630000,-106.030000,0.540000,-98.790000,0.880600,0
1002,09:15:36.656,ROI,160,160,192,192,9.470000,56.950000,7.275000,0.000000,17.560000,807.800000,214.440000,807.490000,214.160000,809.870185,216.194915,-105.970000,-104.155964,-116.452042,-125.824618,-121.167586,-101.208278,82.250000,93.340000,0.936000,20.830000,-105.970000,0.000000,0.000000,0.913200,0
1003,09:15:36.720,ROI,160,160,192,192,7.580000,54.210000,7.300000,0.000000,18.450000,806.990000,217.440000,806.540000,216.540000,808.573145,218.114371,-108.210000,-106.151589,-111.759891,-127.604344,-124.048209,-109.154121,84.640000,94.930000,0.912200,22.000000,-108.210000,0.000000,0.000000,0.939100,0
1004,09:15:36.768,ROI,160,160,192,192,7.550000,42.510000,19.125000,0.000000,23.520000,806.070000,217.730000,805.530000,218.060000,807.165367,219.856609,-110.740000,-108.468919,-123.602992,-131.746982,-128.939206,-117.547393,84.020000,91.190000,0.940200,20.460000,-110.740000,0.000000,0.000000,0.924800,0
1005,09:15:36.832,ROI,160,160,192,192,7.880000,57.190000,14.175000,0.000000,17.490000,804.610000,220.660000,804.360000,220.110000,805.634270,221.574508,-112.110000,-110.712363,-119.714773,-133.833838,-131.709377,-125.646597,86.800000,94.720000,0.907700,20.750000,-112.110000,0.000000,0.000000,0.938800,0
1006,09:15:36.895,ROI,160,160,192,192,7.570000,57.210000,14.075000,0.000000,17.480000,803.900000,222.870000,803.300000,222.210000,804.069617,223.295415,-110.540000,-112.083331,-116.782905,-133.557996,-132.277190,-132.619486,85.880000,95.650000,0.939600,20.270000,-110.540000,0.000000,0.000000,0.915300,0
1007,09:15:36.944,ROI,160,160,192,192,7.510000,42.420000,19.050000,0.000000,23.570000,801.930000,226.800000,801.800000,225.190000,802.406690,225.233286,-112.280000,-113.399097,-116.718659,-131.884842,-130.633580,-137.673292,91.420000,99.120000,0.867700,19.070000,-112.280000,0.000000,0.000000,0.914100,0
1008,09:15:37.071,ROI,160,160,224,224,8.830000,121.670000,6.575000,0.000000,8.220000,800.920000,227.920000,800.460000,227.480000,800.710859,227.240556,-114.890000,-115.147903,-120.334158,-131.164618,-130.192603,-141.399875,95.410000,98.110000,0.937300,17.590000,-114.890000,0.400000,-128.950000,0.952800,0
1009,09:15:37.121,ROI,160,160,224,224,8.850000,43.020000,19.525000,0.000000,23.240000,799.010000,228.810000,798.900000,229.340000,798.944028,229.172238,-115.020000,-116.442694,-129.986886,-132.707628,-132.447890,-144.720526,96.040000,97.580000,0.943900,17.800000,-115.020000,0.430000,-127.810000,0.965400,0
1010,09:15:37.184,ROI,160,160,224,224,8.740000,57.490000,14.300000,0.000000,17.390000,798.540000,230.480000,797.740000,231.020000,797.243617,231.015081,-117.160000,-117.866637,-124.624155,-132.126217,-132.698068,-146.902394,97.450000,95.980000,0.952400,17.560000,-117.160000,0.570000,-125.310000,0.967600,0
1011,09:15:37.246,ROI,160,160,224,224,8.090000,54.600000,14.900000,45.375000,18.320000,798.500000,232.100000,797.080000,232.580000,795.770077,232.770625,-116.070000,-118.561601,-112.932100,-127.460743,-130.008880,-147.191854,95.420000,98.390000,0.947600,18.630000,-116.070000,0.000000,0.000000,0.964400,0
1012,09:15:37.296,ROI,160,160,224,224,8.790000,44.310000,9.400000,0.000000,22.570000,797.870000,230.730000,796.620000,232.900000,794.539520,234.099302,-117.750000,-119.528383,-145.175511,-132.186513,-132.804357,-147.397083,94.860000,94.510000,0.948100,15.520000,-117.750000,0.410000,-117.200000,0.954200,0
1013,09:15:37.361,ROI,160,160,192,192,8.640000,57.610000,7.100000,0.000000,17.360000,798.100000,233.400000,796.590000,233.820000,793.673323,235.268101,-115.290000,-119.507500,-91.867679,-121.222295,-126.542179,-145.049152,94.120000,99.100000,0.939200,18.510000,-115.290000,0.350000,-118.760000,0.946400,0
1014,09:15:37.424,ROI,160,160,224,224,12.580000,61.010000,14.400000,0.000000,16.390000,794.840000,235.880000,795.460000,235.250000,792.824423,236.428613,-117.790000,-120.033778,-128.316136,-121.546281,-126.184975,-142.130332,90.760000,94.190000,0.885700,14.860000,-117.790000,0.490000,-120.960000,0.957900,0
1015,09:15:37.473,ROI,160,160,192,192,7.540000,37.110000,21.975000,0.000000,26.940000,796.180000,238.910000,795.400000,237.210000,792.285577,237.777831,-115.920000,-119.782976,-91.753405,-111.978159,-111.770640,-135.217227,95.950000,97.600000,0.888600,18.860000,-115.920000,0.000000,0.000000,0.952700,0
1016,09:15:37.600,ROI,160,160,224,224,8.610000,122.490000,6.525000,0.000000,8.160000,790.850000,242.790000,793.310000,240.430000,791.476480,239.477270,-118.380000,-120.076101,-122.986325,-111.397845,-115.458944,-129.607180,93.140000,92.470000,0.826000,16.220000,-118.380000,0.360000,-114.310000,0.950200,0
1017,09:15:37.648,ROI,160,160,192,192,7.540000,40.430000,20.175000,48.950000,24.740000,787.850000,243.970000,790.540000,243.160000,790.269423,241.393391,-119.070000,-120.238694,-135.416689,-113.839772,-122.208792,-125.833824,96.500000,95.480000,0.909500,17.390000,-119.070000,0.000000,0.000000,0.952600,0
1018,09:15:37.712,ROI,160,160,224,224,8.850000,59.130000,6.950000,0.000000,16.910000,785.710000,246.860000,787.840000,246.050000,788.670940,243.628113,-118.760000,-120.125754,-133.053308,-117.623844,-125.575926,-123.358083,100.980000,94.530000,0.900500,17.530000,-118.760000,1.000000,-113.190000,0.956100,0
1019,09:15:37.777,ROI,160,160,224,224,10.570000,60.050000,14.125000,0.000000,16.650000,784.510000,247.190000,785.360000,247.930000,786.837391,245.919004,-120.620000,-120.268512,-142.835525,-122.258671,-128.672547,-121.682905,102.680000,94.400000,0.970000,16.780000,-120.620000,0.900000,-123.080000,0.957500,0
1020,09:15:37.824,ROI,160,160,224,224,9.960000,38.550000,10.850000,0.000000,25.940000,782.910000,250.000000,783.110000,250.150000,784.825794,248.329875,-122.360000,-120.702290,-135.384530,-125.466097,-129.841145,-120.702726,102.160000,92.880000,0.913600,15.800000,-122.360000,2.630000,-114.980000,0.931000,0
1021,09:15:37.889,ROI,160,160,224,224,10.130000,58.240000,21.625000,0.000000,17.170000,783.220000,250.830000,781.740000,251.560000,782.914726,250.687306,-122.280000,-121.343286,-134.175657,-127.634309,-129.030199,-119.825677,100.110000,91.290000,0.962300,17.360000,-122.280000,2.620000,-114.990000,0.945300,0
1022,09:15:38.000,ROI,160,160,224,224,8.900000,103.910000,3.850000,0.000000,9.620000,778.600000,254.240000,779.050000,253.720000,780.740935,253.112754,-120.370000,-121.188282,-141.236442,-131.549432,-131.868061,-120.057973,96.110000,91.880000,0.847700,16.530000,-120.370000,1.940000,-114.220000,0.918800,0
1023,09:15:38.063,ROI,160,160,224,224,9.290000,57.030000,7.275000,0.000000,17.530000,778.970000,257.400000,777.510000,256.540000,778.627508,255.654169,-122.800000,-121.605831,-118.638923,-129.466250,-129.746730,-120.083293,98.290000,91.850000,0.913400,15.840000,-122.800000,0.440000,-112.750000,0.901400,0
1024,09:15:38.127,ROI,160,160,224,224,10.550000,57.870000,14.650000,0.000000,17.280000,778.520000,257.950000,776.550000,258.560000,776.698310,258.080133,-125.010000,-122.435290,-115.419288,-127.565038,-128.492751,-120.294867,99.400000,91.010000,0.977200,14.200000,-125.010000,1.800000,-117.210000,0.864400,0
1025,09:15:38.176,ROI,160,160,224,224,8.830000,36.910000,20.225000,0.000000,27.090000,774.360000,259.840000,774.490000,260.780000,774.627169,260.374867,-127.910000,-124.015532,-132.859099,-131.112531,-132.068231,-121.941149,101.610000,88.820000,0.884300,14.130000,-127.910000,1.540000,-117.900000,0.840800,0
1026,09:15:38.241,ROI,160,160,224,224,7.560000,56.810000,14.150000,0.000000,17.600000,774.150000,260.820000,773.060000,262.190000,772.667657,262.485472,-128.460000,-125.219190,-135.403485,-132.781602,-132.874016,-123.934900,103.770000,88.350000,0.958100,14.480000,-128.460000,0.000000,0.000000,0.800400,0
1027,09:15:38.304,ROI,160,160,224,224,7.530000,57.260000,14.000000,0.000000,17.460000,772.800000,261.460000,771.770000,263.330000,770.833738,264.289714,-131.490000,-127.433500,-138.532295,-136.135484,-135.467366,-126.737995,103.770000,88.550000,0.960400,15.020000,-131.490000,0.000000,0.000000,0.809400,0
1028,09:15:38.353,ROI,160,160,224,224,7.570000,41.760000,19.500000,48.675000,23.940000,770.080000,263.930000,770.030000,264.780000,768.997504,265.968335,-127.340000,-128.147915,-140.194429,-138.774134,-137.567534,-130.134798,100.790000,89.240000,0.898400,15.120000,-127.340000,0.000000,0.000000,0.761500,0
1029,09:15:38.480,ROI,160,160,224,224,7.520000,121.550000,3.250000,0.000000,8.230000,766.980000,266.990000,767.830000,266.700000,767.027310,267.700980,-131.760000,-129.904230,-138.887910,-140.466882,-138.670669,-133.768656,108.400000,86.730000,0.870100,15.070000,-131.760000,0.000000,0.000000,0.792700,0
1030,09:15:38.529,ROI,160,160,224,224,9.670000,44.180000,19.325000,38.575000,22.630000,765.550000,267.190000,765.920000,267.840000,765.037883,269.299484,-134.160000,-131.856298,-149.168770,-143.602630,-141.218139,-137.712499,104.730000,86.380000,0.961700,15.760000,-134.160000,0.000000,0.000000,0.748000,0
1031,09:15:38.592,ROI,160,160,224,224,7.540000,54.810000,7.350000,0.000000,18.250000,760.770000,268.780000,762.670000,269.040000,762.751101,270.748339,-131.260000,-132.668153,-159.734303,-148.469658,-147.642554,-142.383488,107.520000,87.890000,0.882300,16.040000,-131.260000,0.000000,0.000000,0.766600,0
1032,09:15:38.656,ROI,160,160,224,224,7.550000,57.930000,0.000000,0.000000,17.260000,761.610000,269.340000,760.970000,269.820000,760.575673,271.955556,-133.900000,-134.083726,-155.353229,-152.304613,-150.972634,-147.063564,112.080000,87.790000,0.947300,16.900000,-133.900000,0.000000,0.000000,0.802700,0
1033,09:15:38.719,ROI,160,160,256,256,7.510000,56.750000,7.100000,0.000000,17.620000,757.450000,270.010000,758.340000,270.460000,758.253343,272.884577,-137.260000,-136.023464,-166.323134,-158.814339,-158.196721,-152.854004,112.220000,88.180000,0.915000,17.540000,-137.260000,0.000000,0.000000,0.850600,0
1034,09:15:38.768,ROI,160,160,256,256,8.820000,44.070000,9.500000,0.000000,22.690000,756.040000,270.290000,756.160000,270.600000,755.930524,273.518351,-138.530000,-137.790044,-176.325500,-165.909663,-164.738494,-159.109353,113.010000,86.100000,0.952700,17.390000,-138.530000,1.500000,-127.940000,0.837100,0
1035,09:15:38.832,ROI,160,160,256,256,8.760000,57.300000,14.350000,0.000000,17.450000,751.650000,271.120000,753.010000,270.820000,753.372294,273.889573,-141.080000,-139.785738,-176.004877,-171.903128,-171.743505,-165.879444,115.090000,83.700000,0.901200,17.930000,-141.080000,0.780000,-132.230000,0.816700,0
1036,09:15:38.895,ROI,160,160,256,256,11.700000,59.710000,14.475000,31.975000,16.750000,749.100000,272.330000,749.980000,271.280000,750.639141,274.101831,-147.270000,-143.195226,-171.367548,-175.780237,-175.559294,-172.302541,114.540000,80.160000,0.916900,15.880000,-147.270000,0.000000,0.000000,0.793100,0
1037,09:15:38.944,ROI,160,160,256,256,7.450000,37.430000,10.825000,0.000000,26.720000,746.810000,274.050000,747.040000,272.420000,747.827661,274.278266,-146.220000,-145.665440,-158.805944,-175.517676,-176.409091,-177.752562,115.330000,80.530000,0.921400,15.860000,-146.220000,0.000000,0.000000,0.777900,0
1038,09:15:39.072,ROI,160,160,256,256,7.490000,122.110000,6.475000,0.000000,8.190000,742.260000,275.140000,743.290000,273.680000,744.741738,274.501972,-149.160000,-148.225532,-161.427651,-175.292645,-175.853751,-181.839471,118.930000,78.380000,0.901500,14.380000,-149.160000,0.000000,0.000000,0.726500,0
1039,09:15:39.121,ROI,160,160,256,256,7.510000,41.970000,19.375000,0.000000,23.820000,738.030000,276.140000,738.960000,274.960000,741.304871,274.813645,-148.490000,-150.072089,-163.531688,-174.265752,-174.818287,-184.290148,119.180000,80.350000,0.909000,15.340000,-148.490000,0.000000,0.000000,0.767100,0
1040,09:15:39.184,ROI,160,160,256,256,7.570000,57.520000,14.000000,0.000000,17.380000,738.130000,276.030000,736.130000,275.860000,737.947169,275.131988,-152.730000,-152.385915,-162.358233,-172.836343,-174.583993,-185.585823,119.820000,80.860000,0.988400,15.610000,-152.730000,0.000000,0.000000,0.789500,0
1041,09:15:39.246,ROI,160,160,256,256,8.100000,55.900000,14.475000,0.000000,17.890000,735.570000,277.220000,733.470000,277.030000,734.670621,275.557504,-156.260000,-155.168286,-156.257724,-170.586740,-172.600571,-185.646969,118.720000,81.150000,0.931000,15.750000,-156.260000,0.000000,0.000000,0.778300,0
1042,09:15:39.296,ROI,160,160,256,256,7.550000,42.370000,9.400000,0.000000,23.600000,734.780000,277.560000,731.700000,277.650000,731.674629,276.078948,-157.060000,-157.400806,-160.695536,-166.487563,-170.126741,-184.018617,116.770000,79.330000,0.961500,15.860000,-157.060000,0.000000,0.000000,0.765400,0
1043,09:15:39.360,ROI,160,160,256,256,7.450000,57.220000,7.000000,0.000000,17.480000,730.690000,279.320000,729.420000,278.690000,728.726911,276.806766,-156.920000,-159.259899,-155.480357,-165.653611,-166.130552,-181.305200,116.500000,77.780000,0.892700,15.620000,-156.920000,0.000000,0.000000,0.782900,0
1044,09:15:39.408,ROI,160,160,256,256,7.560000,41.970000,19.400000,0.000000,23.830000,729.260000,278.860000,727.560000,279.120000,725.997008,277.559758,-159.060000,-160.997496,-166.982888,-165.098961,-164.579493,-177.935469,116.050000,78.820000,0.963100,16.910000,-159.060000,0.000000,0.000000,0.812900,0
1045,09:15:39.537,ROI,160,160,256,256,7.490000,121.920000,6.500000,0.000000,8.200000,723.960000,279.790000,724.890000,279.710000,723.122879,278.365702,-162.290000,-163.282806,-167.539374,-168.031335,-164.335806,-175.802197,119.380000,76.780000,0.891500,16.530000,-162.290000,0.000000,0.000000,0.857500,0
1046,09:15:39.599,ROI,160,160,256,256,11.560000,59.820000,14.375000,0.000000,16.720000,719.910000,281.020000,721.530000,280.710000,720.083085,279.223960,-161.840000,-164.733319,-163.425992,-167.443777,-164.233460,-173.590177,122.380000,78.700000,0.906800,16.780000,-161.840000,0.000000,0.000000,0.863000,0
1047,09:15:39.647,ROI,160,160,256,256,7.500000,37.560000,21.575000,0.000000,26.620000,718.740000,280.900000,718.910000,281.260000,717.168766,280.032956,-161.740000,-165.663798,-168.144410,-167.031437,-164.485690,-171.100962,119.230000,80.000000,0.958900,16.810000,-161.740000,0.000000,0.000000,0.875100,0
1048,09:15:39.712,ROI,160,160,256,256,7.440000,58.380000,13.700000,0.000000,17.130000,713.260000,282.610000,715.070000,282.380000,714.069310,280.918460,-162.500000,-166.473972,-163.739795,-165.468660,-164.055539,-168.408547,119.940000,78.910000,0.875700,17.610000,-162.500000,0.000000,0.000000,0.891800,0
1049,09:15:39.776,ROI,160,160,256,256,7.540000,57.690000,13.950000,0.000000,17.330000,712.820000,282.190000,712.470000,282.790000,711.147641,281.757919,-162.430000,-166.795968,-171.038690,-164.902212,-163.969481,-165.643845,120.190000,81.230000,0.964400,16.310000,-162.430000,0.000000,0.000000,0.846600,0
1050,09:15:39.824,ROI,160,160,256,256,7.500000,41.130000,9.900000,0.000000,24.320000,708.110000,283.060000,708.990000,283.380000,708.156496,282.575242,-163.340000,-166.942440,-170.377560,-164.515805,-164.717148,-163.219833,120.400000,80.880000,0.905800,17.850000,-163.340000,0.000000,0.000000,0.879200,0
1051,09:15:39.889,ROI,160,160,256,256,7.540000,58.440000,13.750000,0.000000,17.110000,707.220000,283.860000,706.670000,283.870000,705.345097,283.417629,-163.020000,-166.779355,-168.074008,-163.524837,-163.320065,-160.784820,119.020000,81.760000,0.966000,17.340000,-163.020000,0.000000,0.000000,0.880800,0
1052,09:15:40.000,ROI,160,160,256,256,7.450000,104.960000,3.775000,0.000000,9.530000,700.420000,284.090000,702.270000,284.290000,702.264137,284.205266,-163.690000,-166.846169,-174.547378,-163.594991,-165.659664,-159.097504,120.020000,82.060000,0.887800,17.150000,-163.690000,0.000000,0.000000,0.896000,0
1053,09:15:40.065,ROI,160,160,256,256,7.510000,58.120000,13.825000,0.000000,17.210000,698.340000,284.880000,698.650000,284.970000,699.074645,284.935448,-165.890000,-167.219935,-169.361233,-164.283722,-167.105287,-158.333184,119.700000,83.090000,0.947700,18.390000,-165.890000,0.000000,0.000000,0.886300,0
1054,09:15:40.127,ROI,160,160,256,256,7.450000,56.480000,14.225000,0.000000,17.710000,692.100000,284.190000,693.970000,285.020000,695.449992,285.487569,-165.880000,-167.289085,-179.387889,-168.489033,-171.339065,-159.212004,117.340000,82.240000,0.885800,17.580000,-165.880000,0.000000,0.000000,0.863400,0
1055,09:15:40.176,ROI,160,160,256,256,7.580000,42.640000,19.075000,0.000000,23.450000,690.610000,284.380000,690.110000,285.050000,691.744161,285.839819,-168.080000,-167.596714,-179.554705,-171.386472,-174.570183,-160.947875,120.380000,83.280000,0.962600,18.200000,-168.080000,0.000000,0.000000,0.889300,0
1056,09:15:40.240,ROI,160,160,256,256,7.540000,57.640000,13.950000,0.000000,17.350000,686.700000,284.080000,686.240000,284.800000,687.912044,285.994488,-169.040000,-167.982593,176.303858,-175.185249,-177.688720,-163.670191,120.610000,83.870000,0.930600,17.490000,-169.040000,0.000000,0.000000,0.876300,0
1057,09:15:40.304,ROI,160,160,256,256,7.550000,56.650000,14.150000,0.000000,17.650000,684.160000,284.110000,682.960000,284.390000,684.095976,285.957661,-170.600000,-168.390210,172.874984,-179.524168,179.447090,-167.089975,118.460000,83.460000,0.953600,18.020000,-170.600000,0.000000,0.000000,0.854800,0
1058,09:15:40.351,ROI,160,160,256,256,8.830000,42.460000,19.750000,42.000000,23.550000,680.830000,284.610000,679.720000,284.240000,680.323480,285.797181,-171.910000,-169.421262,177.349310,-182.366648,177.564139,-170.922284,118.590000,83.950000,0.934500,17.700000,-171.910000,0.000000,0.000000,0.859000,0
1059,09:15:40.479,ROI,160,160,256,256,7.460000,117.620000,0.000000,0.000000,8.500000,674.500000,284.910000,675.180000,284.400000,676.276464,285.557915,-177.350000,-171.446726,-177.981601,-184.168507,176.616519,-174.991947,119.900000,84.320000,0.892900,17.220000,-177.350000,0.000000,0.000000,0.795300,0
1060,09:15:40.529,ROI,160,160,256,256,7.560000,43.200000,18.825000,48.675000,23.150000,672.460000,285.250000,671.640000,284.580000,672.221367,285.307266,-179.230000,-173.518379,-177.089162,-185.046649,176.462996,-178.974570,120.030000,83.730000,0.959100,16.700000,-179.230000,0.000000,0.000000,0.793200,0
1061,09:15:40.591,ROI,160,160,256,256,7.460000,56.450000,0.000000,0.000000,17.710000,669.150000,284.790000,668.000000,284.610000,668.251113,284.999762,179.610000,-175.941427,-179.527793,-185.694151,175.571170,-182.695942,120.370000,82.060000,0.928100,16.230000,179.610000,0.000000,0.000000,0.767400,0
1062,09:15:40.656,ROI,160,160,256,256,7.570000,58.450000,0.000000,0.000000,17.110000,666.330000,284.880000,665.030000,284.660000,664.407133,284.684411,179.270000,-178.071440,-179.035516,-186.533013,175.310095,-186.188017,126.370000,85.200000,0.917500,17.320000,179.270000,0.000000,0.000000,0.785500,0
1063,09:15:40.704,ROI,160,160,256,256,7.560000,41.760000,9.750000,0.000000,23.950000,663.380000,283.570000,662.160000,284.160000,660.764754,284.239923,175.730000,-180.698129,170.117344,-189.183918,173.042465,-189.568908,124.260000,83.680000,0.925300,16.600000,175.730000,0.000000,0.000000,0.733600,0
1064,09:15:40.767,ROI,160,160,256,256,7.520000,54.280000,7.100000,0.000000,18.420000,660.900000,283.480000,659.810000,283.680000,657.389863,283.752306,178.040000,-182.375101,168.455826,-190.713486,171.778585,-192.445469,122.080000,82.430000,0.946500,16.560000,178.040000,0.000000,0.000000,0.754000,0
1065,09:15:40.833,ROI,160,160,256,256,7.510000,58.960000,13.625000,0.000000,16.960000,656.540000,282.390000,656.770000,282.830000,654.141617,283.156790,174.840000,-184.567282,164.378728,-192.521811,169.611068,-194.854645,123.940000,83.780000,0.908200,16.100000,174.840000,0.000000,0.000000,0.702700,0
1066,09:15:40.881,ROI,160,160,256,256,7.510000,41.680000,19.400000,0.000000,23.990000,656.320000,282.260000,655.040000,282.140000,651.345403,282.521673,177.480000,-185.283750,158.255715,-195.476840,167.203259,-196.970036,118.670000,84.160000,0.953300,16.570000,177.480000,0.000000,0.000000,0.742400,0
1067,09:15:41.009,ROI,160,160,256,256,7.410000,121.200000,6.525000,0.000000,8.250000,648.670000,280.830000,651.220000,281.140000,648.386065,281.733601,173.450000,-187.025435,165.330291,-196.842881,165.088186,-198.866785,123.120000,84.580000,0.853400,15.910000,173.450000,0.000000,0.000000,0.710000,0
1068,09:15:41.056,ROI,160,160,256,256,7.580000,41.680000,19.500000,48.625000,23.990000,648.320000,281.180000,648.580000,280.630000,645.672230,280.936746,173.640000,-188.240601,169.066183,-196.611442,163.636343,-200.450250,119.740000,83.360000,0.958600,14.510000,173.640000,0.000000,0.000000,0.671300,0
1069,09:15:41.121,ROI,160,160,256,256,7.540000,57.730000,6.975000,0.000000,17.320000,644.590000,280.090000,645.280000,279.930000,643.083254,280.081831,170.350000,-190.218581,168.023868,-196.226624,161.726068,-201.890441,118.000000,81.980000,0.915200,15.000000,170.350000,0.000000,0.000000,0.633800,0
1070,09:15:41.185,ROI,160,160,256,256,8.840000,59.070000,13.925000,0.000000,16.930000,643.040000,279.340000,642.790000,279.120000,640.717645,279.183145,170.320000,-191.588198,161.980231,-197.302101,159.198413,-203.271629,119.660000,83.470000,0.957000,14.720000,170.320000,0.800000,169.720000,0.645200,0
1071,09:15:41.232,ROI,160,160,256,256,7.470000,39.960000,20.275000,0.000000,25.030000,637.990000,278.580000,639.250000,278.340000,638.252440,278.236472,166.100000,-193.496230,167.574057,-197.144413,158.992513,-204.123078,122.530000,83.580000,0.904000,14.810000,166.100000,0.000000,0.000000,0.689600,0
1072,09:15:41.296,ROI,160,160,256,256,8.680000,58.290000,7.000000,0.000000,17.150000,637.850000,277.500000,637.200000,277.370000,635.994181,277.250210,167.720000,-194.515028,154.677858,-199.991580,156.407385,-205.217198,120.080000,84.020000,0.955400,13.830000,167.720000,0.390000,163.320000,0.678000,0
1073,09:15:41.361,ROI,160,160,256,256,7.500000,56.780000,7.050000,0.000000,17.610000,632.940000,276.220000,634.020000,276.340000,633.623141,276.186839,166.720000,-195.539875,162.052894,-200.982543,155.844583,-206.205201,122.300000,82.980000,0.895200,14.970000,166.720000,0.000000,0.000000,0.720300,0
1074,09:15:41.408,ROI,160,160,256,256,7.510000,39.940000,20.100000,0.000000,25.040000,630.910000,276.140000,631.440000,275.580000,631.233891,275.186766,167.540000,-195.903496,163.586416,-200.463946,157.287191,-206.465617,120.820000,82.340000,0.959900,15.620000,167.540000,0.000000,0.000000,0.695200,0
1075,09:15:41.535,ROI,160,160,256,256,7.520000,121.310000,6.525000,0.000000,8.240000,624.290000,273.470000,627.040000,274.040000,628.373343,274.039133,163.840000,-196.733552,160.709954,-200.533527,158.139670,-206.189812,118.190000,81.900000,0.841300,14.460000,163.840000,0.000000,0.000000,0.707400,0
1076,09:15:41.584,ROI,160,160,256,256,7.540000,42.500000,19.025000,0.000000,23.530000,620.370000,271.980000,622.390000,272.460000,625.072363,272.723448,165.040000,-196.963520,161.233012,-200.708384,158.269048,-205.666780,122.050000,80.510000,0.904200,16.170000,165.040000,0.000000,0.000000,0.737700,0
1077,09:15:41.648,ROI,160,160,256,256,8.000000,58.160000,6.975000,0.000000,17.190000,617.650000,270.440000,618.360000,270.710000,621.470883,271.257500,163.810000,-197.319746,156.527433,-201.670375,157.851694,-205.087804,121.680000,80.210000,0.921200,16.660000,163.810000,0.000000,0.000000,0.771700,0
1078,09:15:41.712,ROI,160,160,256,256,7.540000,56.390000,14.225000,0.000000,17.730000,612.420000,269.730000,613.410000,269.390000,617.456145,269.727371,164.660000,-197.195254,165.068583,-200.630163,159.136755,-204.127483,126.110000,76.960000,0.883900,16.440000,164.660000,0.000000,0.000000,0.790800,0
1079,09:15:41.760,ROI,160,160,256,256,7.450000,42.300000,19.175000,49.350000,23.640000,609.540000,269.160000,609.240000,268.290000,613.177556,268.257589,163.560000,-197.265810,165.222626,-199.106855,161.041361,-202.719874,128.000000,78.940000,0.931900,15.300000,163.560000,0.000000,0.000000,0.781200,0
1080,09:15:41.826,ROI,160,160,256,256,9.800000,61.900000,13.475000,0.000000,16.160000,606.020000,268.310000,605.110000,267.350000,608.740391,266.873657,161.920000,-197.605472,167.177747,-197.302088,162.677540,-200.994759,133.310000,81.500000,0.918100,15.390000,161.920000,0.000000,0.000000,0.786800,0
1081,09:15:41.889,ROI,160,160,288,288,7.560000,53.820000,14.975000,0.000000,18.580000,604.240000,267.210000,602.200000,266.460000,604.374782,265.586879,160.160000,-198.357048,162.994171,-197.129183,163.576938,-199.468599,129.290000,83.090000,0.944800,17.310000,160.160000,0.000000,0.000000,0.842000,0
1082,09:15:42.000,ROI,160,160,288,288,7.480000,105.190000,3.775000,0.000000,9.510000,596.870000,265.510000,597.370000,265.320000,599.734528,264.324327,162.470000,-198.367149,166.719815,-195.587520,164.779036,-197.821002,130.340000,84.440000,0.858900,17.600000,162.470000,0.000000,0.000000,0.805400,0
1083,09:15:42.065,ROI,160,160,288,288,7.520000,57.940000,13.825000,0.000000,17.260000,596.430000,265.290000,594.360000,264.680000,595.291262,263.185246,159.760000,-198.941621,167.996271,-194.508411,165.621248,-196.284175,130.160000,84.730000,0.988200,16.780000,159.760000,0.000000,0.000000,0.839800,0
1084,09:15:42.113,ROI,160,160,288,288,7.550000,41.220000,19.725000,0.000000,24.260000,594.020000,263.790000,591.530000,263.750000,591.184685,262.122677,159.310000,-199.623867,161.808344,-194.551862,165.492996,-194.886330,128.320000,85.720000,0.930800,17.030000,159.310000,0.000000,0.000000,0.831100,0
1085,09:15:42.175,ROI,160,160,288,288,10.020000,58.850000,14.275000,0.000000,16.990000,591.640000,262.550000,589.260000,262.750000,587.488899,261.110242,157.800000,-200.525899,156.225135,163.883051,164.680058,-193.849297,127.310000,87.430000,0.936700,17.610000,157.800000,0.000000,0.000000,0.846600,0
1086,09:15:42.240,ROI,160,160,256,256,7.510000,54.380000,14.325000,0.000000,18.390000,588.490000,260.160000,586.890000,261.140000,584.150371,260.006343,158.380000,-201.182452,145.810756,160.081719,161.703302,166.310785,125.780000,87.680000,0.902000,17.180000,158.380000,0.000000,0.000000,0.809000,0
1087,09:15:42.287,ROI,160,160,256,256,7.580000,40.580000,19.975000,0.000000,24.640000,584.830000,260.560000,584.370000,260.250000,581.049335,259.033883,155.670000,-202.463931,160.548073,161.014677,162.589001,166.727361,126.080000,90.380000,0.916100,16.470000,155.670000,0.000000,0.000000,0.831000,0
1088,09:15:42.417,ROI,160,160,256,256,7.530000,122.490000,3.225000,0.000000,8.160000,580.270000,258.080000,581.290000,258.740000,578.006069,257.997355,156.450000,-203.407851,153.883147,-200.227787,161.191296,166.702722,127.070000,89.660000,0.882200,18.060000,156.450000,0.000000,0.000000,0.804300,0
1089,09:15:42.463,ROI,160,160,256,256,7.550000,40.500000,20.075000,0.000000,24.690000,578.080000,254.960000,578.390000,256.500000,575.189617,256.681109,156.260000,-203.917863,142.317007,-204.864867,154.951343,164.931416,122.750000,87.790000,0.900700,18.040000,156.260000,0.000000,0.000000,0.820500,0
1090,09:15:42.529,ROI,160,160,256,256,7.590000,58.730000,13.675000,48.525000,17.030000,576.050000,254.130000,575.990000,254.700000,572.650911,255.221137,152.480000,154.787948,143.130102,-209.026084,150.097434,161.906816,118.560000,87.570000,0.948000,17.400000,152.480000,0.000000,0.000000,0.854600,0
1091,09:15:42.592,ROI,160,160,256,256,7.510000,57.180000,7.025000,0.000000,17.490000,573.760000,252.580000,573.740000,252.910000,570.418887,253.636597,150.490000,153.235290,141.495802,-213.154017,144.628608,157.669444,119.070000,88.110000,0.929400,17.580000,150.490000,0.000000,0.000000,0.863600,0
1092,09:15:42.640,ROI,160,160,256,256,7.520000,41.920000,0.000000,0.000000,23.860000,572.180000,251.140000,571.920000,251.250000,568.518883,251.960774,150.240000,151.842226,137.632435,141.910718,138.587384,152.165013,119.920000,89.540000,0.943200,16.850000,150.240000,0.000000,0.000000,0.856000,0
1093,09:15:42.703,ROI,160,160,256,256,7.540000,56.380000,7.125000,0.000000,17.740000,570.740000,250.040000,570.430000,249.730000,566.977508,250.277895,148.790000,150.571520,134.428965,137.518505,132.487051,145.732462,118.560000,89.360000,0.952600,16.970000,148.790000,0.000000,0.000000,0.850200,0
1094,09:15:42.768,ROI,160,160,256,256,7.530000,58.160000,6.925000,0.000000,17.190000,568.340000,248.850000,568.820000,248.370000,565.649177,248.626343,149.800000,149.569016,139.811535,135.315192,128.809447,139.105360,116.700000,90.830000,0.935500,16.170000,149.800000,0.000000,0.000000,0.838500,0
1095,09:15:42.816,ROI,160,160,256,256,7.520000,41.420000,19.600000,0.000000,24.140000,566.660000,248.210000,567.170000,247.290000,564.523895,247.106976,148.500000,148.628524,146.793430,135.747722,126.524600,132.819176,115.020000,91.950000,0.958200,17.160000,148.500000,0.000000,0.000000,0.861200,0
1096,09:15:42.945,ROI,160,160,256,256,8.520000,124.750000,6.400000,0.000000,8.020000,563.650000,245.500000,565.320000,245.640000,563.370222,245.541907,145.620000,146.820746,138.270488,134.743514,126.395383,127.514066,112.930000,93.520000,0.896300,16.600000,145.620000,0.000000,0.000000,0.819400,0
1097,09:15:42.992,ROI,160,160,256,256,7.470000,39.020000,20.775000,0.000000,25.630000,561.320000,244.010000,562.840000,243.920000,562.159427,243.947077,141.440000,144.449020,145.256820,135.484612,127.205744,123.387904,112.450000,97.220000,0.923800,15.780000,141.440000,0.000000,0.000000,0.839500,0
1098,09:15:43.056,ROI,160,160,256,256,7.880000,57.480000,14.050000,0.000000,17.400000,559.260000,243.250000,560.540000,242.660000,560.824601,242.406468,139.670000,141.910633,151.284922,137.587448,130.906572,121.079653,110.610000,96.160000,0.948800,15.130000,139.670000,0.000000,0.000000,0.856800,0
1099,09:15:43.120,ROI,160,160,224,224,7.560000,57.810000,13.900000,0.000000,17.300000,555.750000,243.550000,557.510000,242.080000,559.209230,241.099944,138.900000,139.808831,169.163576,144.304248,141.033807,122.160027,111.270000,100.110000,0.902700,16.880000,138.900000,0.000000,0.000000,0.867400,0
1100,09:15:43.168,ROI,160,160,224,224,7.450000,41.180000,19.700000,0.000000,24.280000,555.530000,241.460000,555.550000,241.070000,557.526786,239.886907,138.590000,137.981851,152.737672,146.473596,144.208520,124.492243,110.100000,96.990000,0.948500,16.890000,138.590000,0.000000,0.000000,0.849700,0
1101,09:15:43.232,ROI,160,160,224,224,7.390000,57.790000,13.850000,0.000000,17.300000,553.740000,240.860000,553.420000,240.340000,555.792778,238.817702,138.080000,136.744149,161.082233,150.181841,148.341627,128.009897,108.650000,99.710000,0.942000,16.850000,138.080000,0.000000,0.000000,0.852000,0
1102,09:15:43.297,ROI,160,160,224,224,9.140000,59.830000,6.875000,0.000000,16.710000,552.800000,239.610000,552.030000,239.530000,554.042383,237.858992,136.890000,135.395294,149.769199,151.649655,151.290020,132.470737,109.970000,99.920000,0.958900,16.640000,136.890000,0.000000,0.000000,0.850100,0
1103,09:15:43.344,ROI,160,160,224,224,7.400000,38.960000,10.375000,0.000000,25.670000,551.310000,236.860000,550.630000,238.000000,552.314028,236.803706,131.850000,133.126524,132.459533,147.982985,148.592900,136.129026,109.790000,99.670000,0.921700,14.320000,131.850000,0.000000,0.000000,0.829800,0
1104,09:15:43.457,ROI,160,160,224,224,7.520000,106.040000,7.475000,0.000000,9.430000,546.410000,233.350000,548.090000,235.730000,550.206444,235.433343,127.640000,130.112806,138.212816,146.238641,146.967861,139.164245,106.750000,100.880000,0.854300,13.720000,127.640000,0.000000,0.000000,0.786300,0
1105,09:15:43.520,ROI,160,160,224,224,7.470000,57.210000,14.025000,0.000000,17.480000,544.590000,232.660000,545.540000,233.830000,547.885532,233.944359,128.220000,128.121907,143.310277,146.386191,147.317742,142.159919,106.300000,100.940000,0.953500,12.730000,128.220000,0.000000,0.000000,0.844000,0
1106,09:15:43.584,ROI,160,160,224,224,7.370000,57.360000,13.975000,0.000000,17.430000,541.760000,231.690000,542.710000,232.180000,545.336500,232.431867,132.260000,127.569794,149.756153,148.287038,149.316832,145.567668,104.940000,99.300000,0.930000,14.380000,132.260000,0.000000,0.000000,0.879100,0
1107,09:15:43.631,ROI,160,160,224,224,7.460000,41.010000,9.925000,0.000000,24.390000,540.060000,228.380000,540.310000,229.690000,542.664391,230.708613,127.840000,126.229016,133.945595,146.331678,147.181863,148.259161,101.440000,98.290000,0.904800,12.240000,127.840000,0.000000,0.000000,0.856200,0
1108,09:15:43.697,ROI,160,160,224,224,7.880000,58.350000,13.625000,0.000000,17.140000,538.470000,228.100000,538.040000,227.900000,540.022016,228.966210,125.960000,124.679298,141.742587,146.058024,146.598822,150.539546,101.700000,100.490000,0.948300,11.540000,125.960000,0.000000,0.000000,0.881400,0
1109,09:15:43.760,ROI,160,160,224,224,7.440000,56.100000,14.150000,49.475000,17.830000,536.670000,225.310000,535.970000,225.650000,537.433137,227.074972,123.230000,122.862569,132.614056,143.311861,143.850980,151.742405,97.680000,98.770000,0.908900,10.380000,123.230000,0.000000,0.000000,0.827600,0
1110,09:15:43.808,ROI,160,160,224,224,7.440000,41.930000,9.675000,0.000000,23.850000,534.770000,224.430000,533.970000,223.840000,534.939625,225.157516,122.500000,121.404472,137.854905,141.962184,142.440512,152.267580,98.070000,97.860000,0.945000,10.730000,122.500000,0.000000,0.000000,0.847900,0
1111,09:15:43.936,ROI,160,160,224,224,7.250000,120.190000,6.500000,0.000000,8.320000,531.630000,221.020000,531.730000,221.340000,532.384500,223.028218,120.250000,119.903109,131.860340,139.366568,140.194064,151.940658,94.230000,97.410000,0.875500,8.320000,120.250000,0.000000,0.000000,0.781900,0
1112,09:15:43.983,ROI,160,160,224,224,7.410000,40.800000,0.000000,0.000000,24.510000,529.880000,218.470000,529.270000,218.610000,529.911181,220.673456,116.200000,117.521496,132.021979,136.611780,136.406650,150.339515,95.050000,97.340000,0.915200,9.260000,116.200000,0.000000,0.000000,0.734900,0
1113,09:15:44.047,ROI,160,160,224,224,7.280000,57.630000,13.900000,0.000000,17.350000,528.440000,217.260000,527.340000,216.450000,527.545097,218.226435,114.670000,115.425532,131.781378,133.672306,134.036625,147.926519,94.570000,97.960000,0.946700,8.720000,114.670000,0.000000,0.000000,0.742000,0
1114,09:15:44.111,ROI,160,160,224,224,7.220000,57.360000,13.900000,0.000000,17.430000,527.240000,214.520000,525.850000,214.040000,525.391407,215.647577,110.160000,112.634270,121.726730,128.615930,129.866363,144.327951,92.080000,97.830000,0.921400,10.500000,110.160000,0.000000,0.000000,0.820200,0
1115,09:15:44.161,ROI,160,160,224,224,7.290000,42.800000,9.450000,0.000000,23.360000,525.950000,213.610000,524.710000,212.250000,523.475851,213.117464,111.210000,110.794794,122.491899,124.666450,127.129478,140.073945,93.770000,97.820000,0.954800,9.450000,111.210000,0.000000,0.000000,0.747400,0
1116,09:15:44.224,ROI,160,160,224,224,7.690000,57.690000,13.975000,0.000000,17.330000,525.100000,211.100000,523.960000,210.170000,521.876810,210.608395,108.770000,108.682629,109.828134,118.807798,122.509540,134.929119,89.360000,95.930000,0.905500,10.250000,108.770000,0.000000,0.000000,0.791800,0
1117,09:15:44.287,ROI,160,160,192,192,8.740000,57.110000,14.225000,0.000000,17.510000,524.860000,208.620000,523.670000,208.190000,520.687435,208.086565,111.230000,107.892690,98.332560,109.472292,115.250046,127.973536,86.300000,96.020000,0.918100,12.190000,111.230000,0.000000,0.000000,0.865300,0
1118,09:15:44.401,ROI,160,160,224,224,8.330000,106.840000,7.475000,0.000000,9.360000,522.530000,205.030000,522.650000,205.600000,519.719726,205.442222,106.610000,106.096375,111.495631,105.238708,110.100337,120.140923,88.350000,95.700000,0.881300,11.420000,106.610000,0.000000,0.000000,0.832700,0
1119,09:15:44.464,ROI,160,160,192,192,10.380000,57.980000,14.450000,35.125000,17.250000,521.590000,203.140000,521.750000,203.130000,518.979754,202.803786,108.790000,105.231653,110.020348,102.332898,105.666606,112.223230,85.720000,93.400000,0.932300,10.760000,108.790000,0.000000,0.000000,0.849800,0
1120,09:15:44.512,ROI,160,160,192,192,8.850000,38.050000,10.725000,0.000000,26.280000,520.440000,200.910000,520.840000,200.780000,518.402710,200.195177,106.440000,104.293569,111.168099,100.471782,102.473403,104.620270,84.880000,94.220000,0.928700,11.190000,106.440000,0.000000,0.000000,0.856100,0
1121,09:15:44.575,ROI,160,160,192,192,7.790000,54.740000,7.300000,0.000000,18.270000,519.400000,199.230000,519.890000,198.720000,517.942359,197.712097,105.580000,103.578782,114.757500,100.417102,100.503101,97.852160,84.590000,91.620000,0.941500,11.150000,105.580000,0.000000,0.000000,0.870500,0
1122,09:15:44.639,ROI,160,160,192,192,9.690000,58.160000,20.900000,0.000000,17.190000,518.470000,196.880000,519.010000,196.580000,517.553952,195.329399,101.930000,102.167024,112.353198,100.666849,99.258440,92.280647,85.860000,92.690000,0.930100,10.990000,101.930000,0.000000,0.000000,0.830400,0
1123,09:15:44.687,ROI,160,160,192,192,7.650000,37.510000,10.575000,0.000000,26.660000,515.790000,194.490000,517.470000,194.390000,516.999621,193.027714,102.920000,101.442516,125.114747,105.277467,103.541060,89.477111,88.790000,92.340000,0.894500,10.260000,102.920000,0.000000,0.000000,0.839400,0
1124,09:15:44.817,ROI,160,160,192,192,10.120000,126.090000,6.400000,0.000000,7.930000,517.810000,191.410000,517.310000,191.860000,516.639911,190.706464,100.960000,100.288194,93.618629,101.326190,98.808706,86.755205,85.040000,90.970000,0.893600,11.320000,100.960000,0.000000,0.000000,0.790000,0
1125,09:15:44.862,ROI,160,160,192,192,9.240000,37.360000,22.450000,0.000000,26.770000,517.000000,187.630000,517.090000,188.850000,516.403347,188.222520,101.570000,99.561177,94.180298,98.028627,95.440297,84.535441,81.980000,91.440000,0.888600,9.470000,101.570000,0.000000,0.000000,0.812300,0
1126,09:15:44.928,ROI,160,160,192,192,10.370000,60.140000,14.025000,0.000000,16.630000,516.480000,186.390000,516.800000,186.330000,516.237855,185.780222,98.250000,98.298601,96.564684,97.122409,93.876478,83.192702,81.940000,90.140000,0.961000,11.380000,98.250000,0.000000,0.000000,0.854700,0
1127,09:15:44.991,ROI,160,160,192,192,10.130000,55.510000,14.900000,0.000000,18.020000,517.040000,184.260000,516.890000,183.870000,516.263323,183.414512,97.330000,97.357234,87.904747,94.179755,89.383214,81.856583,80.940000,89.940000,0.941100,12.950000,97.330000,0.000000,0.000000,0.866700,0
1128,09:15:45.039,ROI,160,160,192,192,10.360000,38.820000,21.250000,0.000000,25.760000,515.990000,182.040000,516.600000,181.470000,516.324750,181.105306,94.250000,95.971605,96.889837,93.978464,88.476228,81.251667,81.740000,91.420000,0.928500,13.260000,94.250000,0.000000,0.000000,0.903500,0
1129,09:15:45.103,ROI,160,160,192,192,10.430000,55.750000,14.850000,0.000000,17.940000,515.980000,180.560000,516.220000,179.600000,516.448210,178.918831,93.700000,94.771431,101.486589,93.595232,86.768217,80.384091,84.580000,90.980000,0.936100,13.000000,93.700000,0.000000,0.000000,0.895500,0
1130,09:15:45.169,ROI,160,160,192,192,13.090000,59.310000,14.225000,28.050000,16.860000,516.360000,179.270000,516.210000,178.020000,516.626907,176.930891,93.450000,93.737077,90.362627,91.590692,84.863439,79.609631,83.540000,90.920000,0.960300,12.350000,93.450000,0.000000,0.000000,0.896200,0
1131,09:15:45.216,ROI,160,160,192,192,10.280000,35.650000,11.825000,0.000000,28.050000,515.760000,178.340000,515.980000,176.980000,516.787597,175.210560,93.830000,92.979964,102.470462,92.278080,84.663703,79.156117,81.860000,91.810000,0.960500,12.260000,93.830000,0.000000,0.000000,0.893900,0
1132,09:15:45.344,ROI,160,160,192,192,13.570000,123.710000,3.325000,27.050000,8.080000,514.460000,175.060000,515.430000,175.340000,516.755649,173.535641,93.140000,92.195331,108.539694,95.272183,91.092733,80.668034,82.550000,93.190000,0.903400,11.820000,93.140000,0.000000,0.000000,0.846700,0
1133,09:15:45.391,ROI,160,160,192,192,7.960000,32.760000,12.150000,0.000000,30.520000,513.400000,171.530000,514.750000,172.970000,516.477294,171.735952,92.340000,91.704637,106.009235,98.871626,98.792170,84.617027,84.240000,92.040000,0.904300,12.060000,92.340000,0.000000,0.000000,0.895900,0
1134,09:15:45.455,ROI,160,160,192,192,10.130000,59.830000,14.000000,0.000000,16.720000,513.240000,169.760000,514.010000,170.620000,516.036653,169.883012,90.220000,91.146919,107.478882,102.274695,103.376843,89.756992,80.870000,88.880000,0.923200,11.910000,90.220000,0.000000,0.000000,0.924900,0
1135,09:15:45.520,ROI,160,160,192,192,10.210000,57.020000,14.525000,0.000000,17.540000,513.050000,165.270000,513.440000,167.350000,515.498359,167.706544,89.810000,90.595935,99.887989,102.908510,103.891889,94.601426,81.300000,83.740000,0.896600,10.440000,89.810000,0.000000,0.000000,0.860400,0
1136,09:15:45.568,ROI,160,160,192,192,15.310000,45.900000,20.650000,24.425000,21.790000,514.120000,164.590000,513.410000,165.030000,515.049460,165.462847,89.070000,89.542601,90.740852,100.298183,101.313853,98.056203,83.160000,84.280000,0.958900,12.010000,89.070000,0.000000,0.000000,0.905300,0
1137,09:15:45.630,ROI,160,160,192,192,7.880000,45.850000,8.575000,0.000000,21.810000,513.540000,162.690000,513.210000,162.690000,514.611548,163.219653,86.670000,88.239790,94.885203,100.232399,101.046230,101.093334,82.000000,85.090000,0.943100,14.200000,86.670000,0.000000,0.000000,0.922200,0
1138,09:15:45.694,ROI,160,160,192,192,10.480000,60.380000,14.000000,0.000000,16.560000,514.020000,160.610000,513.350000,160.560000,514.270948,160.972278,87.740000,87.457391,86.239489,97.128016,98.617877,102.956289,80.810000,83.170000,0.938000,14.120000,87.740000,0.000000,0.000000,0.909400,0
1139,09:15:45.743,ROI,160,160,192,192,10.920000,39.960000,20.900000,0.000000,25.020000,514.660000,158.440000,513.810000,158.350000,514.091004,158.730633,86.990000,86.729593,78.242064,92.868130,94.589462,103.446482,80.260000,84.670000,0.935100,15.770000,86.990000,0.000000,0.000000,0.922500,0
1140,09:15:45.871,ROI,160,160,192,192,12.100000,120.860000,10.025000,0.000000,8.270000,515.070000,155.620000,514.420000,156.010000,514.091903,156.415423,85.610000,85.709915,75.389094,87.771376,89.977747,102.390458,79.120000,84.620000,0.922700,15.160000,85.610000,0.000000,0.000000,0.862800,0
1141,09:15:45.920,ROI,160,160,192,192,9.680000,38.190000,10.800000,0.000000,26.180000,516.190000,154.980000,515.270000,154.250000,514.346621,154.240536,83.600000,84.378105,64.221569,80.626084,83.320082,99.430109,80.830000,85.570000,0.957800,15.150000,83.600000,0.000000,0.000000,0.857800,0
1142,09:15:45.984,ROI,160,160,192,192,10.990000,56.360000,7.350000,0.000000,17.740000,516.070000,152.910000,515.830000,152.350000,514.789714,152.180903,83.660000,83.512597,73.577813,76.636694,77.858897,95.217644,81.340000,88.820000,0.947800,16.010000,83.660000,0.000000,0.000000,0.832900,0
1143,09:15:46.047,ROI,160,160,192,192,9.560000,55.000000,7.500000,0.000000,18.180000,516.280000,151.950000,516.290000,150.950000,515.352730,150.312254,82.600000,82.595032,71.810954,72.449656,73.232667,90.003627,81.010000,88.580000,0.973800,16.990000,82.600000,0.000000,0.000000,0.852000,0
1144,09:15:46.096,ROI,160,160,192,192,10.250000,42.670000,20.150000,0.000000,23.440000,516.310000,151.060000,516.610000,149.810000,515.961565,148.698750,82.850000,82.278980,74.320476,70.122022,69.326656,84.261268,81.800000,88.970000,0.970700,16.820000,82.850000,0.000000,0.000000,0.859700,0
1145,09:15:46.160,ROI,160,160,192,192,7.450000,52.290000,14.875000,0.000000,19.120000,516.910000,148.910000,517.030000,148.530000,516.612625,147.211198,82.040000,81.772395,71.834043,67.307885,66.362337,78.215664,81.120000,90.970000,0.939800,16.650000,82.040000,0.000000,0.000000,0.828600,0
1146,09:15:46.224,ROI,160,160,192,192,11.830000,62.620000,13.850000,0.000000,15.970000,517.370000,147.640000,517.510000,147.390000,517.278935,145.876544,84.290000,82.175927,67.166346,64.746697,63.469857,72.125405,81.120000,90.010000,0.961600,16.220000,84.290000,0.000000,0.000000,0.865300,0
1147,09:15:46.271,ROI,160,160,192,192,8.400000,35.890000,34.300000,0.000000,27.860000,518.740000,145.260000,518.510000,145.880000,518.038641,144.552109,80.070000,81.222117,56.485417,61.124855,60.161110,66.241853,79.390000,88.850000,0.917000,17.850000,80.070000,0.000000,0.000000,0.827200,0
1148,09:15:46.400,ROI,160,160,192,192,7.480000,121.410000,6.525000,0.000000,8.240000,519.860000,142.360000,519.610000,143.700000,518.950875,143.099363,78.370000,80.315996,63.225075,59.144482,57.873742,60.806016,80.480000,91.360000,0.912300,17.480000,78.370000,0.000000,0.000000,0.864300,0
1149,09:15:46.448,ROI,160,160,192,192,7.620000,42.070000,9.700000,0.000000,23.770000,520.190000,140.620000,520.510000,141.620000,519.928750,141.549448,77.250000,79.045637,66.602236,58.726272,57.751289,56.417481,81.500000,91.210000,0.950800,16.470000,77.250000,0.000000,0.000000,0.898300,0
1150,09:15:46.510,ROI,160,160,192,192,7.570000,55.680000,14.525000,0.000000,17.960000,521.960000,138.130000,521.830000,139.280000,521.069742,139.832976,77.630000,78.184645,60.572544,56.954675,56.386783,52.638523,79.600000,90.460000,0.906900,16.340000,77.630000,0.000000,0.000000,0.889100,0
1151,09:15:46.576,ROI,160,160,192,192,7.530000,59.690000,6.750000,0.000000,16.750000,522.140000,135.960000,522.780000,136.950000,522.255637,137.941359,77.650000,77.473109,67.818034,57.172908,57.915520,50.141783,79.220000,87.840000,0.948100,16.360000,77.650000,0.000000,0.000000,0.911500,0
1152,09:15:46.622,ROI,160,160,192,192,7.620000,39.800000,0.000000,0.000000,25.130000,522.820000,134.280000,523.620000,134.830000,523.444040,135.947859,77.450000,77.095516,68.385221,57.776008,59.199179,48.695082,78.540000,86.700000,0.946100,15.340000,77.450000,0.000000,0.000000,0.906800,0
1153,09:15:46.688,ROI,160,160,192,192,8.070000,60.400000,0.000000,0.000000,16.560000,523.420000,133.090000,524.060000,133.080000,524.595036,133.959105,77.070000,76.585290,75.886746,59.020988,59.939789,47.504447,78.800000,85.940000,0.958200,15.430000,77.070000,0.000000,0.000000,0.904700,0
1154,09:15:46.799,ROI,160,160,192,192,7.460000,103.820000,7.625000,0.000000,9.630000,525.440000,128.790000,525.220000,130.240000,525.793984,131.714798,75.320000,75.814976,67.782406,60.546380,61.888091,47.572405,80.050000,85.540000,0.861700,16.800000,75.320000,0.000000,0.000000,0.893300,0
1155,09:15:46.862,ROI,160,160,192,192,7.420000,56.690000,7.100000,0.000000,17.640000,526.000000,127.740000,526.120000,127.780000,526.955613,129.403161,74.110000,74.728907,69.904769,62.833754,63.319851,48.593208,80.530000,85.680000,0.962400,15.460000,74.110000,0.000000,0.000000,0.925700,0
1156,09:15:46.926,ROI,160,160,192,192,7.560000,57.890000,13.925000,0.000000,17.270000,527.560000,126.280000,527.220000,125.660000,528.130000,127.103468,74.050000,73.997411,62.576649,63.072283,62.947911,49.874311,80.320000,84.260000,0.930100,14.580000,74.050000,0.000000,0.000000,0.864700,0
1157,09:15:46.975,ROI,160,160,192,192,10.260000,46.010000,9.450000,0.000000,21.740000,528.680000,124.690000,528.430000,123.690000,529.295653,124.864637,72.980000,73.146944,58.441205,63.350696,62.496139,51.676135,80.340000,84.540000,0.937000,14.850000,72.980000,0.000000,0.000000,0.886000,0
1158,09:15:47.040,ROI,160,160,192,192,9.870000,55.490000,14.575000,0.000000,18.020000,530.270000,122.320000,529.780000,121.500000,530.504161,122.632222,71.730000,72.358165,58.348727,63.267395,61.571299,53.584756,80.690000,82.060000,0.909100,14.250000,71.730000,0.000000,0.000000,0.883100,0
1159,09:15:47.103,ROI,160,160,192,192,10.140000,55.590000,14.850000,0.000000,17.990000,531.660000,121.280000,531.220000,119.780000,531.772157,120.493524,72.160000,71.894169,50.063617,60.815970,59.337048,55.336769,80.450000,83.300000,0.942500,15.210000,72.160000,0.000000,0.000000,0.900300,0
1160,09:15:47.151,ROI,160,160,192,192,24.930000,53.320000,21.375000,30.350000,18.750000,532.930000,118.910000,532.770000,117.950000,533.078048,118.377577,71.380000,71.360234,49.735583,59.754621,58.318522,57.339270,79.750000,82.310000,0.915500,16.290000,71.380000,0.000000,0.000000,0.883100,0
1161,09:15:47.279,ROI,160,160,192,192,11.110000,105.610000,0.000000,0.000000,9.470000,536.060000,115.970000,535.110000,115.910000,534.628597,116.158714,67.910000,69.975137,41.081751,55.762701,55.054029,58.859549,81.850000,79.720000,0.863300,16.640000,67.910000,0.000000,0.000000,0.812200,0
1162,09:15:47.328,ROI,160,160,192,192,13.530000,43.530000,20.775000,27.225000,22.970000,537.450000,114.680000,537.220000,114.230000,536.353419,113.968198,68.050000,68.862444,38.527103,50.955747,51.782940,59.297833,80.750000,80.170000,0.935900,16.860000,68.050000,0.000000,0.000000,0.880600,0
1163,09:15:47.390,ROI,160,160,192,192,8.030000,49.900000,8.150000,0.000000,20.040000,538.240000,113.040000,538.840000,112.630000,538.116089,111.877548,66.270000,67.488298,44.644130,48.285233,49.865073,58.771219,82.900000,79.520000,0.935600,16.310000,66.270000,0.000000,0.000000,0.855200,0
1164,09:15:47.455,ROI,160,160,192,192,10.260000,61.050000,13.800000,0.000000,16.380000,539.720000,111.930000,540.390000,111.430000,539.909476,109.983528,66.530000,66.553633,37.746805,43.636409,46.563272,57.015342,84.710000,79.000000,0.939200,15.850000,66.530000,0.000000,0.000000,0.837400,0
1165,09:15:47.502,ROI,160,160,192,192,13.010000,40.830000,22.100000,0.000000,24.490000,541.420000,109.060000,541.930000,109.480000,541.727863,108.161262,63.510000,65.016935,51.700311,43.483024,45.061047,54.808546,86.040000,79.850000,0.894800,16.780000,63.510000,1.120000,69.140000,0.872200,0
1166,09:15:47.567,ROI,160,160,192,192,11.160000,55.470000,15.125000,0.000000,18.030000,541.640000,107.810000,542.960000,107.910000,543.397456,106.448480,62.710000,63.563290,56.733084,45.203249,45.731570,52.956496,87.280000,80.750000,0.955900,16.800000,62.710000,0.000000,0.000000,0.867200,0
1167,09:15:47.631,ROI,160,160,192,192,7.580000,51.660000,15.000000,0.000000,19.360000,543.900000,106.460000,544.310000,106.520000,545.042008,104.892218,66.790000,63.637448,45.836375,43.237979,43.419971,50.367605,87.200000,81.730000,0.919000,17.960000,66.790000,0.000000,0.000000,0.839000,0
1168,09:15:47.679,ROI,160,160,192,192,11.380000,45.440000,0.000000,0.000000,22.010000,544.260000,105.240000,545.170000,105.280000,546.516423,103.504399,64.770000,63.153544,55.256820,44.418211,43.267047,47.801346,87.100000,81.440000,0.962800,17.630000,64.770000,0.000000,0.000000,0.862000,0
1169,09:15:47.807,ROI,160,160,192,192,7.600000,115.840000,6.700000,0.000000,8.630000,547.770000,103.250000,547.010000,103.780000,548.076008,102.209286,62.930000,62.343331,39.187518,41.765053,39.706975,44.472389,89.000000,81.440000,0.880800,17.630000,62.930000,0.000000,0.000000,0.893700,0
1170,09:15:47.855,ROI,160,160,192,192,7.540000,41.590000,19.550000,0.000000,24.040000,548.090000,101.620000,548.260000,102.100000,549.538887,100.970081,62.410000,61.654222,53.348996,43.425181,40.267954,41.639981,88.880000,80.920000,0.953800,15.950000,62.410000,0.000000,0.000000,0.847600,0
1171,09:15:47.920,ROI,160,160,192,192,7.450000,58.470000,6.875000,0.000000,17.100000,551.420000,100.520000,550.420000,100.670000,551.128516,99.803234,55.700000,59.524488,33.506035,40.780264,36.280053,38.299878,92.920000,81.900000,0.905200,16.760000,55.700000,0.000000,0.000000,0.875100,0
1172,09:15:47.982,ROI,160,160,192,192,7.440000,55.440000,7.250000,0.000000,18.040000,551.830000,100.060000,551.940000,99.560000,552.676766,98.793323,55.420000,57.677972,36.139279,38.627916,33.116094,34.759259,93.480000,81.500000,0.980200,15.960000,55.420000,0.000000,0.000000,0.864000,0
1173,09:15:48.030,ROI,160,160,192,192,7.630000,41.700000,0.000000,0.000000,23.980000,555.210000,97.650000,554.230000,97.980000,554.400089,97.746093,49.180000,54.609278,34.603981,36.588152,31.286242,31.441722,96.060000,80.320000,0.879100,17.190000,49.180000,0.000000,0.000000,0.875100,0
1174,09:15:48.094,ROI,160,160,224,224,9.390000,59.850000,6.950000,0.000000,16.710000,556.300000,97.690000,556.090000,97.120000,556.180782,96.809613,48.990000,51.967218,24.814197,32.083230,27.740212,27.915997,94.650000,80.140000,0.975200,17.660000,48.990000,1.760000,65.490000,0.845400,0
1175,09:15:48.158,ROI,160,160,192,192,7.650000,55.640000,14.500000,0.000000,17.970000,560.180000,95.430000,558.820000,95.750000,558.241657,95.816044,46.290000,49.129649,26.648940,28.873266,25.739183,24.633921,94.730000,77.770000,0.871900,17.390000,46.290000,0.000000,0.000000,0.880900,0
1176,09:15:48.206,ROI,160,160,192,192,7.590000,41.630000,19.575000,0.000000,24.020000,560.850000,94.820000,560.820000,94.780000,560.358589,94.831020,47.890000,46.969056,25.873385,26.389810,24.952915,21.970212,98.630000,77.930000,0.945900,16.790000,47.890000,0.000000,0.000000,0.873500,0
1177,09:15:48.334,ROI,160,160,224,224,7.640000,121.860000,3.250000,0.000000,8.210000,564.730000,94.140000,563.670000,94.010000,562.705899,93.900847,42.140000,44.011512,15.118944,22.662932,21.617036,19.315175,95.970000,76.170000,0.903000,18.440000,42.140000,0.000000,0.000000,0.818900,0
1178,09:15:48.382,ROI,160,160,192,192,7.610000,41.390000,0.000000,0.000000,24.160000,568.300000,91.460000,567.040000,92.460000,565.373190,92.846746,41.370000,41.551194,24.699624,21.870262,21.563703,17.554400,99.070000,75.440000,0.868400,15.170000,41.370000,0.000000,0.000000,0.843700,0
1179,09:15:48.447,ROI,160,160,224,224,8.320000,59.510000,6.900000,0.000000,16.800000,568.040000,91.140000,569.100000,91.390000,567.981327,91.790536,36.140000,38.349855,27.448153,21.959542,22.046327,16.595685,97.100000,74.750000,0.971100,17.400000,36.140000,0.000000,0.000000,0.848700,0
1180,09:15:48.510,ROI,160,160,224,224,7.540000,55.690000,14.400000,0.000000,17.960000,571.000000,90.090000,571.600000,90.300000,570.605129,90.740427,39.180000,36.570710,23.557202,21.863101,21.812476,16.287800,96.960000,74.100000,0.915500,17.450000,39.180000,0.000000,0.000000,0.802500,0
1181,09:15:48.558,ROI,160,160,224,224,7.490000,41.550000,9.800000,0.000000,24.070000,572.270000,89.630000,573.600000,89.460000,573.127149,89.758161,37.480000,34.803577,22.782406,21.285518,21.279716,16.234053,96.890000,73.740000,0.962100,16.660000,37.480000,0.000000,0.000000,0.805800,0
1182,09:15:48.622,ROI,160,160,224,224,7.680000,57.910000,7.000000,0.000000,17.270000,574.790000,88.310000,575.740000,88.480000,575.601722,88.776383,34.890000,32.817028,24.605124,21.343827,21.640534,16.603554,99.680000,72.390000,0.917500,17.220000,34.890000,0.000000,0.000000,0.844300,0
1183,09:15:48.687,ROI,160,160,224,224,7.600000,59.140000,0.000000,0.000000,16.910000,575.970000,87.650000,577.360000,87.760000,577.938500,87.819500,34.550000,31.235492,23.962489,20.526807,22.268520,17.401454,99.740000,72.950000,0.959100,16.340000,34.550000,0.000000,0.000000,0.838000,0
1184,09:15:48.798,ROI,160,160,224,224,7.830000,104.430000,7.625000,0.000000,9.580000,581.050000,86.210000,580.360000,86.570000,580.466395,86.849440,38.940000,31.377198,21.636577,19.692259,20.993924,17.889409,100.380000,73.490000,0.870200,15.270000,38.940000,0.000000,0.000000,0.792600,0
1185,09:15:48.862,ROI,160,160,224,224,7.620000,56.490000,14.125000,0.000000,17.700000,582.410000,85.830000,582.720000,85.690000,583.016383,85.933012,31.480000,29.875165,20.449548,18.302502,19.767676,18.049774,100.650000,73.120000,0.963300,15.980000,31.480000,0.000000,0.000000,0.807400,0
1186,09:15:48.911,ROI,160,160,224,224,7.690000,42.910000,9.500000,0.000000,23.300000,586.050000,84.880000,585.590000,84.810000,585.708855,85.042173,29.670000,28.318649,17.046598,16.612474,18.307458,17.924439,102.610000,71.760000,0.907800,14.760000,29.670000,0.000000,0.000000,0.827700,0
1187,09:15:48.974,ROI,160,160,224,224,7.470000,56.260000,7.175000,0.000000,17.770000,587.200000,84.340000,587.770000,84.110000,588.337331,84.209685,28.290000,26.900238,17.801872,15.605207,17.573977,17.685172,101.600000,70.450000,0.959800,13.760000,28.290000,0.000000,0.000000,0.748500,0
1188,09:15:49.038,ROI,160,160,224,224,7.490000,57.840000,6.950000,0.000000,17.290000,589.000000,83.400000,589.700000,83.310000,590.832843,83.423972,28.240000,25.974121,22.514387,15.907105,17.476644,17.493873,100.620000,70.520000,0.940100,13.080000,28.240000,0.000000,0.000000,0.782100,0
1189,09:15:49.087,ROI,160,160,224,224,7.470000,42.900000,0.000000,0.000000,23.310000,590.610000,82.990000,591.330000,82.780000,593.125270,82.713585,27.240000,25.066048,18.012109,15.668153,17.217384,17.375520,102.420000,71.080000,0.957900,13.290000,27.240000,0.000000,0.000000,0.758400,0
1190,09:15:49.214,ROI,160,160,224,224,7.580000,120.680000,3.275000,0.000000,8.290000,594.770000,81.350000,593.810000,81.850000,595.454544,81.969972,24.370000,23.740536,20.556045,16.245645,17.705507,17.383080,103.330000,69.290000,0.881800,15.960000,24.370000,0.000000,0.000000,0.835300,0
1191,09:15:49.262,ROI,160,160,224,224,7.360000,41.440000,9.825000,0.000000,24.130000,597.770000,80.260000,596.660000,80.730000,597.834278,81.168984,27.180000,23.791254,21.453956,17.894382,18.602573,17.773265,103.870000,69.660000,0.915400,14.960000,27.180000,0.000000,0.000000,0.839600,0
1192,09:15:49.326,ROI,160,160,224,224,7.560000,57.790000,6.975000,0.000000,17.300000,599.110000,79.910000,599.020000,79.890000,600.122298,80.367048,28.080000,24.251613,19.592282,19.411186,19.315216,18.469432,103.360000,69.510000,0.964700,15.850000,28.080000,0.000000,0.000000,0.846700,0
1193,09:15:49.390,ROI,160,160,224,224,7.480000,58.010000,0.000000,0.000000,17.240000,602.570000,79.460000,601.820000,79.220000,602.471262,79.602484,25.570000,24.298798,13.457030,18.894541,18.029558,18.796305,105.100000,69.610000,0.924200,16.200000,25.570000,0.000000,0.000000,0.865600,0
1194,09:15:49.438,ROI,160,160,224,224,7.680000,41.510000,19.725000,0.000000,24.090000,603.750000,79.160000,604.060000,78.810000,604.726411,78.899040,24.840000,24.249887,10.372359,18.465841,17.324148,19.073676,102.890000,68.740000,0.965400,16.460000,24.840000,0.000000,0.000000,0.873600,0
1195,09:15:49.502,ROI,160,160,224,224,7.530000,57.600000,13.950000,0.000000,17.360000,607.490000,78.270000,606.980000,78.170000,607.077093,78.248984,22.660000,23.987633,12.362492,17.598318,15.458228,18.861506,103.750000,68.670000,0.907300,15.900000,22.660000,0.000000,0.000000,0.887600,0
1196,09:15:49.566,ROI,160,160,224,224,7.520000,57.520000,7.000000,0.000000,17.380000,608.250000,78.320000,608.990000,77.850000,609.322065,77.705323,20.080000,23.254194,9.045801,15.302431,13.613151,17.992528,105.840000,67.610000,0.965400,14.670000,20.080000,0.000000,0.000000,0.889700,0
1197,09:15:49.614,ROI,160,160,224,224,7.550000,41.840000,19.525000,0.000000,23.900000,610.480000,77.840000,611.100000,77.540000,611.490524,77.241177,18.800000,21.931621,8.358068,13.769176,12.081500,16.834477,106.050000,68.220000,0.945700,14.730000,18.800000,0.000000,0.000000,0.894100,0
1198,09:15:49.744,ROI,160,160,224,224,7.610000,124.090000,3.200000,0.000000,8.060000,614.940000,76.970000,614.000000,77.100000,613.864601,76.793335,18.480000,20.735839,8.627353,11.427736,10.682670,15.254473,106.320000,68.290000,0.897100,16.130000,18.480000,0.000000,0.000000,0.927300,0
1199,09:15:49.790,ROI,160,160,224,224,7.590000,39.120000,20.800000,0.000000,25.560000,617.980000,76.220000,617.210000,76.510000,616.439819,76.337129,13.400000,18.361980,10.414759,10.898811,10.045853,13.783145,104.060000,66.110000,0.914300,16.820000,13.400000,0.000000,0.000000,0.948100,0
1200,09:15:49.855,ROI,160,160,224,224,7.670000,58.950000,6.850000,0.000000,16.960000,619.300000,75.940000,619.620000,76.000000,619.044504,75.913980,14.570000,16.454028,11.948553,9.351243,9.227482,12.008844,105.420000,65.370000,0.964400,16.620000,14.570000,0.000000,0.000000,0.944100,0
1201,09:15:49.919,ROI,160,160,224,224,7.530000,57.270000,7.025000,0.000000,17.460000,622.220000,75.600000,622.350000,75.560000,621.697617,75.523379,9.750000,13.926766,9.155748,8.569598,8.375126,10.331612,105.500000,65.160000,0.936600,15.170000,9.750000,0.000000,0.000000,0.922200,0
1202,09:15:49.966,ROI,160,160,224,224,7.550000,40.730000,10.025000,0.000000,24.550000,624.230000,75.560000,624.640000,75.380000,624.340762,75.201327,13.160000,12.548060,4.494358,6.339701,6.946926,8.587321,107.660000,64.570000,0.954600,15.230000,13.160000,0.000000,0.000000,0.923200,0
1203,09:15:50.030,ROI,160,160,224,224,7.370000,57.390000,6.975000,0.000000,17.420000,627.460000,75.570000,627.360000,75.230000,627.036544,74.986984,6.380000,10.027153,3.156496,3.998110,4.546047,6.461364,104.480000,64.710000,0.938900,14.210000,6.380000,0.000000,0.000000,0.849800,0
1204,09:15:50.095,ROI,160,160,224,224,7.360000,58.620000,6.850000,0.000000,17.060000,628.410000,75.220000,629.220000,75.170000,629.594673,74.829274,9.450000,8.663556,1.847610,2.400117,3.527843,4.567144,106.790000,64.080000,0.968000,14.540000,9.450000,0.000000,0.000000,0.894200,0
1205,09:15:50.142,ROI,160,160,224,224,8.080000,41.300000,9.975000,0.000000,24.210000,632.170000,75.380000,631.880000,75.160000,632.173734,74.770770,1.500000,5.618786,0.215397,0.532760,1.299488,2.504428,102.980000,64.550000,0.924300,12.930000,1.500000,0.000000,0.000000,0.822600,0
1206,09:15:50.271,ROI,160,160,224,224,10.310000,124.620000,3.250000,35.500000,8.020000,636.280000,74.980000,635.000000,75.100000,634.952593,74.749754,3.490000,3.345754,1.101706,-0.716837,0.433312,0.590508,104.380000,64.750000,0.913000,13.630000,3.490000,0.000000,0.000000,0.885700,0
1207,09:15:50.318,ROI,160,160,224,224,7.520000,37.710000,10.825000,0.000000,26.520000,636.940000,74.630000,637.320000,75.030000,637.623097,74.729194,2.700000,1.646867,1.728228,-0.483205,0.441117,-0.688476,103.210000,63.870000,0.974000,13.480000,2.700000,0.000000,0.000000,0.835400,0
1208,09:15:50.382,ROI,160,160,224,224,7.510000,57.710000,6.975000,0.000000,17.330000,640.540000,74.800000,640.330000,74.930000,640.310484,74.761810,0.870000,-0.163448,1.902814,-0.712987,-0.695367,-1.925695,101.930000,64.580000,0.922300,14.110000,0.870000,0.000000,0.000000,0.870000,0
1209,09:15:50.446,ROI,160,160,224,224,7.340000,57.190000,7.000000,0.000000,17.490000,639.750000,74.510000,641.670000,74.790000,642.663173,74.794274,2.620000,-0.692738,5.964487,0.020231,-0.790549,-2.902471,102.000000,64.230000,0.975800,12.160000,2.620000,0.000000,0.000000,0.856800,0
1210,09:15:50.494,ROI,160,160,224,224,7.370000,41.650000,19.150000,0.000000,24.010000,642.650000,74.520000,643.510000,74.680000,644.816952,74.833609,3.230000,-1.075544,3.421219,0.383535,-1.046283,-3.643461,102.090000,64.610000,0.939200,12.610000,3.230000,0.000000,0.000000,0.822200,0
1211,09:15:50.558,ROI,160,160,224,224,7.900000,57.690000,7.025000,0.000000,17.330000,643.570000,74.440000,644.760000,74.630000,646.684456,74.869089,1.230000,-1.692282,2.290610,0.582562,-1.088405,-4.093668,99.810000,63.900000,0.966800,12.790000,1.230000,0.000000,0.000000,0.854800,0
1212,09:15:50.622,ROI,160,160,224,224,10.650000,60.260000,14.125000,0.000000,16.590000,644.160000,74.560000,645.520000,74.610000,648.172685,74.914532,1.630000,-1.781270,1.507436,0.467649,-1.749001,-4.536175,99.580000,63.840000,0.984300,13.270000,1.630000,0.000000,0.000000,0.855600,0
1213,09:15:50.670,ROI,160,160,224,224,7.400000,35.960000,21.250000,0.000000,27.810000,645.390000,74.680000,646.040000,74.680000,649.332335,74.963722,1.100000,-1.832500,-7.666804,-1.985286,-2.428892,-5.034281,99.200000,64.540000,0.965200,12.630000,1.100000,0.000000,0.000000,0.866700,0
1214,09:15:50.798,ROI,160,160,224,224,7.390000,121.800000,0.000000,0.000000,8.210000,646.690000,74.630000,646.830000,74.660000,650.177343,75.028149,0.910000,-2.269351,1.450216,-1.503552,-4.360066,-5.766982,99.050000,64.580000,0.972700,13.530000,0.910000,0.000000,0.000000,0.856900,0
1215,09:15:50.846,ROI,160,160,224,224,7.400000,41.560000,9.775000,0.000000,24.060000,646.350000,74.610000,646.900000,74.660000,650.615782,75.087113,1.070000,-1.988806,-0.000000,-1.303359,-7.659489,-7.049316,98.730000,64.830000,0.989200,13.640000,1.070000,0.000000,0.000000,0.837900,0
1216,09:15:50.910,ROI,160,160,224,224,7.450000,57.560000,6.975000,0.000000,17.370000,646.730000,74.690000,647.000000,74.670000,650.675234,75.141944,0.610000,-1.608823,-5.710593,-2.244676,-42.684524,-17.116500,98.900000,64.710000,0.989800,14.190000,0.610000,0.000000,0.000000,0.835900,0
1217,09:15:50.974,ROI,160,160,224,224,7.390000,57.760000,6.950000,0.000000,17.310000,646.950000,74.700000,646.890000,74.720000,650.421266,75.185298,0.820000,-0.994633,-155.556045,-42.450344,-170.312421,-59.227174,98.420000,64.410000,0.990700,13.940000,0.820000,0.000000,0.000000,0.842500,0
1218,09:15:51.023,ROI,160,160,224,224,7.930000,43.540000,9.500000,0.000000,22.970000,647.250000,74.660000,646.700000,74.740000,649.929181,75.215165,0.090000,-0.557004,-173.990994,-82.583975,-176.526710,-97.154199,98.180000,64.200000,0.990800,14.510000,0.090000,0.000000,0.000000,0.837600,0
1219,09:15:51.086,ROI,160,160,224,224,8.160000,56.220000,7.200000,0.000000,17.790000,647.520000,74.440000,646.420000,74.720000,649.281258,75.195032,0.130000,-0.026968,175.914383,-119.359875,178.220208,-130.789088,98.430000,63.970000,0.987600,13.940000,0.130000,0.000000,0.000000,0.838700,0
1220,09:15:51.198,ROI,160,160,224,224,23.020000,120.420000,3.775000,16.450000,8.300000,647.600000,74.410000,646.300000,74.620000,648.517190,75.140927,0.130000,0.739609,140.194429,-160.159918,175.949561,-159.623566,98.410000,64.020000,0.997400,13.870000,0.130000,0.000000,0.000000,0.838700,0
1221,09:15:51.262,ROI,160,160,224,224,9.840000,41.980000,19.500000,0.000000,23.820000,647.430000,74.380000,646.190000,74.480000,647.653839,75.072536,-0.190000,1.109875,128.157227,-197.818110,175.470720,-183.561793,98.780000,64.050000,0.995300,13.830000,-0.190000,0.000000,0.000000,0.829900,0
1222,09:15:51.326,ROI,160,160,224,224,7.490000,52.080000,14.675000,0.000000,19.200000,647.430000,74.380000,646.050000,74.370000,646.768399,74.988940,-0.020000,1.293560,141.842773,-225.375878,174.606536,-203.100102,98.660000,64.050000,0.998700,13.870000,-0.020000,0.000000,0.000000,0.832500,0
1223,09:15:51.374,ROI,160,160,224,224,11.470000,46.030000,9.650000,0.000000,21.730000,647.490000,74.370000,646.130000,74.280000,645.918609,74.891294,0.130000,1.542097,48.366461,-271.559490,173.445175,-218.514874,98.560000,63.990000,0.998000,13.920000,0.130000,0.000000,0.000000,0.835800,0
1224,09:15:51.438,ROI,160,160,224,224,7.420000,53.550000,15.050000,0.000000,18.670000,647.520000,74.380000,646.180000,74.240000,645.172355,74.776048,0.150000,1.646173,38.659808,-311.696398,171.221015,-230.483244,98.630000,64.050000,0.998400,13.980000,0.150000,0.000000,0.000000,0.838200,0
1225,09:15:51.503,ROI,160,160,224,224,7.450000,57.780000,6.950000,0.000000,17.310000,647.530000,74.340000,646.460000,74.160000,644.551992,74.657677,0.040000,1.683415,15.945396,-349.958329,169.197290,-239.153522,98.590000,64.050000,0.998300,14.010000,0.040000,0.000000,0.000000,0.837800,0
1226,09:15:51.551,ROI,160,160,224,224,7.610000,42.330000,0.000000,0.000000,23.620000,647.560000,74.370000,646.620000,74.180000,644.116778,74.540589,0.180000,1.769944,-7.125016,-385.840793,164.941850,-245.412616,98.480000,63.970000,0.997600,14.080000,0.180000,0.000000,0.000000,0.840600,0
1227,09:15:51.679,ROI,160,160,224,224,8.120000,122.350000,3.250000,0.000000,8.170000,647.450000,74.380000,646.680000,74.240000,643.852560,74.433794,0.360000,1.802411,-45.000000,-423.337794,157.991899,-250.222018,98.770000,64.010000,0.996400,13.990000,0.360000,0.000000,0.000000,0.838300,0
1228,09:15:51.726,ROI,160,160,224,224,12.060000,39.170000,10.175000,0.000000,25.530000,647.450000,74.370000,646.940000,74.270000,643.752335,74.340915,0.230000,1.589863,-6.581945,-441.883840,137.178797,-257.385442,98.620000,64.010000,0.998000,14.030000,0.230000,0.000000,0.000000,0.836600,0
1229,09:15:51.791,ROI,160,160,224,224,7.590000,48.970000,0.000000,0.000000,20.420000,647.490000,74.350000,647.320000,74.270000,643.804577,74.272714,0.100000,1.583887,-0.000000,-452.185966,52.548150,-283.456449,98.600000,63.880000,0.997200,14.060000,0.100000,0.000000,0.000000,0.836000,0
1230,09:15:51.856,ROI,160,160,224,224,8.760000,59.270000,13.800000,0.000000,16.870000,647.530000,74.340000,647.590000,74.260000,644.030718,74.228077,0.180000,1.313589,2.121096,-456.424223,11.165851,-314.548884,98.550000,63.830000,0.998300,14.070000,0.180000,0.000000,0.000000,0.838200,0
