frame_id,timestamp,mode,input_width,input_height,roi_w,roi_h,inf_time_ms,end_to_end_time_ms,cpu_load_pct,end_to_end_cpu_load_pct,fps,x_center,y_center,width,height,iou_prev_bbox,group1_magnitude,group1_angle,group2_magnitude,group2_angle,best_conf,tracking_lost
174,11:37:31.789,ROI,160,160,192,192,15.91,16.42,0.0,23.8,60.90,636.50,62.03,94.13,58.88,0.9975,19.9400,-1.0200,2.2600,-9.0600,0.9320,0
175,11:37:31.837,ROI,160,160,192,192,14.98,15.43,0.0,25.325,64.83,636.49,62.04,94.08,58.81,0.9983,19.8600,-1.0700,2.2600,-10.2500,0.9305,0
176,11:37:31.901,ROI,160,160,192,192,13.39,13.90,7.95,28.1,71.92,636.48,62.00,94.10,58.79,0.9985,20.0700,-1.3000,2.2700,-9.8300,0.9314,0
177,11:37:31.965,ROI,160,160,192,192,14.54,14.98,0.0,26.075,66.75,636.47,62.05,94.07,58.67,0.9976,20.0900,-1.2400,2.2200,-9.9100,0.9326,0
178,11:37:32.014,ROI,160,160,192,192,13.09,13.79,0.0,0.0,72.50,636.42,62.02,94.07,58.62,0.9978,20.1600,-1.1600,2.2300,-9.0100,0.9319,0
179,11:37:32.143,ROI,160,160,192,192,12.97,13.37,3.425,29.25,74.81,636.40,62.05,94.19,58.56,0.9975,20.2600,-1.2300,2.2100,-8.9400,0.9319,0
180,11:37:32.190,ROI,160,160,192,192,12.31,12.82,22.925,0.0,78.01,636.44,62.03,94.03,58.61,0.9975,20.1200,-1.1400,2.2400,-9.2100,0.9322,0
181,11:37:32.254,ROI,160,160,192,192,14.45,14.99,7.625,0.0,66.72,636.38,62.05,94.16,58.75,0.9962,20.1500,-0.9100,2.2500,-9.2800,0.9308,0
182,11:37:32.317,ROI,160,160,192,192,11.87,12.31,0.0,31.75,81.23,636.41,62.00,94.18,58.78,0.9979,20.0500,-0.9100,2.2600,-8.7600,0.9304,0
183,11:37:32.365,ROI,160,160,192,192,11.13,11.63,0.0,33.6,85.99,636.38,62.02,94.19,58.76,0.9991,19.9800,-1.1800,2.2000,-9.1500,0.9322,0
184,11:37:32.429,ROI,160,160,192,192,15.07,15.54,0.0,0.0,64.37,636.40,62.00,94.14,58.80,0.9989,20.2600,-1.2800,2.3100,-8.1600,0.9333,0
185,11:37:32.494,ROI,160,160,192,192,17.23,17.67,7.95,22.125,56.61,636.41,61.99,94.15,58.82,0.9993,20.2300,-1.0900,2.2400,-8.8700,0.9323,0
186,11:37:32.542,ROI,160,160,192,192,17.23,17.86,0.0,43.75,55.98,636.43,61.98,94.16,58.74,0.9981,20.2300,-1.3200,2.2500,-8.9000,0.9324,0
187,11:37:32.670,ROI,160,160,192,192,14.60,15.07,0.0,25.95,66.35,636.78,61.99,94.28,58.37,0.9864,19.7000,-0.0300,2.3500,-8.0500,0.9292,0
188,11:37:32.717,ROI,160,160,192,192,11.33,11.77,0.0,0.0,85.00,637.68,61.54,94.39,59.17,0.9661,19.5900,1.9300,2.4400,-6.1900,0.9355,0
189,11:37:32.782,ROI,160,160,192,192,22.39,22.93,0.0,17.025,43.60,638.27,61.99,94.52,58.50,0.9725,19.3900,1.2900,2.4600,-8.3800,0.9356,0
190,11:37:32.846,ROI,160,160,192,192,18.36,18.84,0.0,20.725,53.07,639.54,62.10,94.40,59.08,0.9642,17.5900,1.8200,1.6800,-16.9600,0.9293,0
191,11:37:32.894,ROI,160,160,192,192,17.75,18.19,13.65,21.475,54.96,640.21,62.42,94.58,58.63,0.9751,17.5700,1.8300,1.5700,-16.0500,0.9280,0
192,11:37:32.958,ROI,160,160,192,192,10.51,10.91,0.0,0.0,91.68,641.14,62.26,94.51,59.33,0.9692,16.8000,1.9100,1.9400,-13.8700,0.9186,0
193,11:37:33.021,ROI,160,160,192,192,14.25,14.89,7.425,0.0,67.16,643.06,62.48,94.10,59.84,0.9519,15.5200,1.1200,1.5100,-18.2600,0.9178,0
194,11:37:33.070,ROI,160,160,192,192,11.71,12.12,0.0,32.225,82.48,644.15,62.80,94.70,60.54,0.9661,18.4900,2.7400,2.0900,-8.5400,0.9187,0
195,11:37:33.198,ROI,160,160,192,192,14.97,15.53,0.0,0.0,64.38,648.61,63.44,94.19,60.97,0.8916,13.2300,-0.6700,1.1600,-25.1000,0.8733,0
196,11:37:33.245,ROI,160,160,192,192,11.70,12.09,0.0,32.325,82.71,650.81,64.09,92.47,60.92,0.9343,14.8600,-1.9500,1.0900,-21.0000,0.8799,0
197,11:37:33.311,ROI,160,160,192,192,15.74,16.38,7.275,23.875,61.06,653.05,64.55,91.92,60.84,0.9387,12.4500,-6.3700,1.2100,-34.4700,0.8522,0
198,11:37:33.372,ROI,160,160,192,192,14.98,15.46,0.0,25.3,64.70,656.14,64.07,92.94,60.65,0.9210,15.7400,-2.2100,1.5300,-14.1000,0.8837,0
199,11:37:33.421,ROI,160,160,192,192,19.06,19.55,0.0,20.0,51.15,657.91,64.18,93.38,60.72,0.9595,17.3100,-1.4300,1.6700,-9.8700,0.9160,0
200,11:37:33.485,ROI,160,160,192,192,18.04,18.60,8.775,0.0,53.78,661.21,64.50,92.86,59.87,0.9188,16.0600,-1.4500,1.4100,-16.4500,0.8855,0
201,11:37:33.597,ROI,160,160,192,192,20.14,20.53,0.0,19.025,48.71,667.76,65.56,97.01,62.63,0.8343,14.7800,-4.3200,1.5700,-24.8700,0.8941,0
202,11:37:33.661,ROI,160,160,224,224,12.66,13.46,0.0,0.0,74.27,670.70,65.20,95.19,59.84,0.8995,16.1600,-3.9500,3.0000,-9.7200,0.8912,0
203,11:37:33.726,ROI,160,160,192,192,15.40,15.86,0.0,0.0,63.07,672.22,66.71,94.82,62.05,0.9224,14.5000,-8.8800,1.5400,-26.0900,0.8410,0
204,11:37:33.773,ROI,160,160,192,192,13.26,13.82,12.575,0.0,72.38,674.00,66.73,95.08,61.66,0.9571,14.8500,-8.2800,1.5900,-28.8500,0.8533,0
205,11:37:33.837,ROI,160,160,192,192,13.88,14.32,0.0,27.3,69.84,675.86,66.77,95.77,61.80,0.9596,15.7300,-6.5500,1.4600,-25.5400,0.8721,0
206,11:37:33.902,ROI,160,160,192,192,17.87,18.43,0.0,42.375,54.26,679.36,66.85,95.50,61.27,0.9218,14.9700,-5.2500,1.3500,-23.1400,0.8842,0
207,11:37:33.949,ROI,160,160,192,192,12.64,13.20,0.0,29.625,75.73,681.20,67.00,93.88,62.96,0.9367,14.4700,-7.7600,1.7800,-24.9500,0.8302,0
208,11:37:34.077,ROI,160,160,192,192,18.45,19.03,0.0,20.525,52.54,685.54,68.16,96.20,63.88,0.8810,15.2400,-8.2100,1.3000,-33.5100,0.7995,0
209,11:37:34.125,ROI,160,160,224,224,16.65,17.12,13.5,22.825,58.42,689.26,68.40,95.75,61.10,0.8864,19.4000,-6.2100,1.1700,-19.4700,0.8863,0
210,11:37:34.189,ROI,160,160,192,192,11.46,12.00,8.375,32.55,83.30,690.43,69.55,97.80,65.23,0.9143,14.3400,-7.8800,1.7700,-43.3400,0.8049,0
211,11:37:34.254,ROI,160,160,224,224,11.91,12.31,7.375,0.0,81.23,694.34,68.82,96.95,63.35,0.8970,19.5000,-8.4900,1.4500,-15.4200,0.8426,0
212,11:37:34.301,ROI,160,160,224,224,11.47,12.10,0.0,32.275,82.65,697.19,69.22,95.20,61.89,0.9211,19.2700,-5.4300,1.3700,-17.5100,0.8965,0
213,11:37:34.367,ROI,160,160,192,192,10.19,10.60,0.0,36.925,94.35,700.25,70.20,97.49,65.12,0.8927,16.3600,-7.1900,1.8800,-25.8600,0.7942,0
214,11:37:34.430,ROI,160,160,224,224,12.21,12.77,0.0,30.6,78.31,702.97,69.86,98.20,62.86,0.9141,19.3800,-8.2400,2.1500,-12.5700,0.8891,0
215,11:37:34.477,ROI,160,160,224,224,13.35,13.79,11.4,0.0,72.54,706.44,70.27,96.53,61.78,0.9156,19.2600,-6.3000,1.5800,-13.3500,0.8715,0
216,11:37:34.605,ROI,160,160,224,224,14.02,14.56,0.0,26.825,68.70,710.90,71.04,96.61,61.77,0.8902,19.7200,-7.0800,1.4400,-27.0600,0.8810,0
217,11:37:34.652,ROI,160,160,224,224,10.94,11.39,11.825,34.35,87.80,712.81,71.99,96.70,63.14,0.9328,20.1200,-5.6100,1.8100,-24.5200,0.8695,0
218,11:37:34.719,ROI,160,160,224,224,13.12,13.54,0.0,0.0,73.84,714.00,71.81,96.56,63.70,0.9672,19.5300,-6.9400,1.4500,-25.5000,0.8210,0
219,11:37:34.781,ROI,160,160,224,224,14.36,14.97,0.0,0.0,66.80,718.10,72.07,97.22,63.80,0.9115,20.0200,-8.7900,1.4200,-25.7200,0.8970,0
220,11:37:34.831,ROI,160,160,224,224,11.18,11.74,11.2,33.3,85.16,718.81,71.83,96.22,62.24,0.9615,20.4300,-14.7900,1.7900,-28.9400,0.8974,0
221,11:37:34.893,ROI,160,160,224,224,13.40,13.84,7.85,0.0,72.23,722.54,73.22,96.78,64.34,0.8873,19.6400,-11.4600,1.6300,-30.1700,0.8954,0
222,11:37:34.957,ROI,160,160,224,224,11.42,11.89,0.0,0.0,84.09,724.13,73.67,96.24,63.53,0.9543,20.9700,-11.8100,2.4700,-23.4500,0.8852,0
223,11:37:35.005,ROI,160,160,224,224,11.83,12.25,10.95,0.0,81.66,727.95,74.62,95.45,64.85,0.8974,20.0200,-13.3600,1.6700,-33.0400,0.8767,0
224,11:37:35.134,ROI,160,160,192,192,10.38,10.85,0.0,36.0,92.16,732.35,77.26,99.22,67.76,0.8457,10.4500,-19.7600,1.4000,-59.7600,0.6818,0
225,11:37:35.181,ROI,160,160,224,224,10.42,10.95,0.0,35.7,91.36,734.80,76.94,96.54,65.86,0.9247,19.2100,-17.8300,1.0800,-53.4600,0.8137,0
226,11:37:35.245,ROI,160,160,224,224,14.75,15.21,0.0,25.7,65.74,738.38,78.51,97.93,67.51,0.8876,18.6200,-24.6700,1.6400,-41.4000,0.8060,0
227,11:37:35.309,ROI,160,160,224,224,20.39,20.90,0.0,37.375,47.84,739.11,78.72,98.35,66.08,0.9647,18.7900,-21.2800,2.1100,-38.1600,0.7587,0
228,11:37:35.357,ROI,160,160,224,224,14.43,15.01,0.0,0.0,66.60,742.72,79.37,97.93,66.30,0.9116,17.7600,-20.9200,2.2200,-31.1600,0.7174,0
229,11:37:35.421,ROI,160,160,224,224,11.09,11.72,0.0,0.0,85.34,744.86,80.33,97.41,67.61,0.9307,17.7800,-20.3800,2.1000,-29.4300,0.7820,0
230,11:37:35.485,ROI,160,160,224,224,11.74,12.29,15.0,0.0,81.39,748.03,81.96,98.77,67.34,0.8946,15.3500,-16.5900,2.0100,-23.4100,0.6486,0
231,11:37:35.599,ROI,160,160,224,224,12.26,12.75,3.85,30.75,78.46,751.88,82.74,98.95,66.98,0.9045,15.8200,-18.7700,1.8500,-16.4300,0.7186,0
232,11:37:35.661,ROI,160,160,224,224,10.73,11.35,7.85,34.45,88.11,755.06,85.22,99.13,68.19,0.8733,14.7300,-20.8100,1.6100,-17.0900,0.6900,0
233,11:37:35.709,ROI,160,160,224,224,14.00,14.41,0.0,27.125,69.38,757.02,86.07,100.04,68.99,0.9382,16.2000,-19.5500,0.0000,0.0000,0.7554,0
234,11:37:35.774,ROI,160,160,224,224,10.81,11.29,0.0,34.625,88.60,760.85,87.16,98.15,68.66,0.8976,15.9500,-22.5200,0.0000,0.0000,0.7345,0
235,11:37:35.836,ROI,160,160,224,224,13.52,13.92,0.0,28.075,71.83,762.46,87.63,100.34,68.88,0.9552,16.8800,-22.9800,0.0000,0.0000,0.7897,0
236,11:37:35.886,ROI,160,160,224,224,11.04,11.65,0.0,33.55,85.83,765.01,88.16,99.32,67.35,0.9296,17.0100,-24.3100,0.0000,0.0000,0.8122,0
237,11:37:36.015,ROI,160,160,224,224,8.46,8.93,0.0,0.0,111.98,767.91,89.59,98.70,67.09,0.9049,17.0200,-28.0100,0.0000,0.0000,0.8720,0
238,11:37:36.061,ROI,160,160,224,224,9.98,10.74,0.0,0.0,93.07,770.05,89.77,95.82,66.75,0.9518,16.3600,-28.4500,0.0000,0.0000,0.8173,0
239,11:37:36.126,ROI,160,160,192,192,10.77,11.26,14.575,0.0,88.85,773.76,91.62,97.62,67.67,0.8782,17.4300,-30.6500,0.0000,0.0000,0.8656,0
240,11:37:36.174,ROI,160,160,224,224,11.49,12.01,20.925,0.0,83.24,775.65,91.52,95.72,65.35,0.9290,16.6000,-26.3400,0.0000,0.0000,0.8524,0
241,11:37:36.236,ROI,160,160,192,192,12.48,12.99,0.0,0.0,76.98,779.57,93.38,100.13,67.15,0.8737,14.9400,-28.6300,0.0000,0.0000,0.8260,0
242,11:37:36.301,ROI,160,160,224,224,8.61,9.22,7.575,42.375,108.40,781.74,94.72,97.15,65.94,0.9197,18.2600,-34.0700,0.0000,0.0000,0.7831,0
243,11:37:36.349,ROI,160,160,224,224,8.54,8.94,0.0,0.0,111.84,783.58,96.05,97.89,66.54,0.9258,19.6300,-32.2600,0.0000,0.0000,0.7844,0
244,11:37:36.478,ROI,160,160,224,224,13.57,14.00,3.25,27.9,71.45,787.65,98.67,97.41,67.73,0.8535,18.4400,-36.4500,0.0000,0.0000,0.7119,0
245,11:37:36.526,ROI,160,160,224,224,11.09,11.51,11.525,33.95,86.89,791.06,99.65,96.12,67.47,0.9061,19.4600,-33.2200,0.0000,0.0000,0.7347,0
246,11:37:36.589,ROI,160,160,224,224,10.07,10.42,0.0,37.5,95.99,793.41,100.62,99.50,69.37,0.9268,20.7600,-34.6400,0.0000,0.0000,0.8035,0
247,11:37:36.653,ROI,160,160,224,224,11.96,12.47,0.0,31.35,80.22,795.28,101.39,99.40,69.43,0.9423,21.5600,-36.5200,0.0000,0.0000,0.8077,0
248,11:37:36.702,ROI,160,160,224,224,9.58,9.93,0.0,0.0,100.67,797.42,102.52,101.46,70.83,0.9282,20.5800,-34.2400,0.0000,0.0000,0.8140,0
249,11:37:36.765,ROI,160,160,224,224,8.22,8.54,0.0,0.0,117.11,800.12,104.03,97.73,70.28,0.9083,17.8800,-41.5000,0.0000,0.0000,0.7063,0
250,11:37:36.831,ROI,160,160,224,224,8.49,8.81,6.75,0.0,113.54,801.67,104.99,97.43,69.48,0.9432,18.7100,-43.5300,0.0000,0.0000,0.7679,0
251,11:37:36.880,ROI,160,160,224,224,12.51,13.19,19.525,29.6,75.82,805.03,106.32,95.16,69.92,0.8987,18.1400,-47.7300,0.0000,0.0000,0.7706,0
252,11:37:37.007,ROI,160,160,192,192,12.72,13.24,0.0,0.0,75.53,809.14,107.86,96.41,69.16,0.8795,16.5700,-35.5200,0.0000,0.0000,0.8338,0
253,11:37:37.054,ROI,160,160,224,224,13.63,14.15,0.0,27.6,70.66,810.54,109.28,94.28,71.23,0.9333,17.5600,-45.7200,0.0000,0.0000,0.7898,0
254,11:37:37.118,ROI,160,160,192,192,8.08,8.45,0.0,46.25,118.34,811.86,109.10,95.99,67.57,0.9237,15.5200,-40.5700,0.0000,0.0000,0.7498,0
255,11:37:37.182,ROI,160,160,192,192,8.16,8.54,0.0,45.775,117.13,814.42,110.96,96.61,70.00,0.8994,16.3700,-40.5900,0.0000,0.0000,0.7584,0
256,11:37:37.231,ROI,160,160,224,224,8.51,8.88,0.0,0.0,112.57,817.25,111.66,96.12,69.82,0.9246,15.9600,-41.9200,0.0000,0.0000,0.7636,0
257,11:37:37.294,ROI,160,160,224,224,10.13,10.53,0.0,37.125,95.00,820.81,113.44,97.19,69.33,0.8843,16.3600,-39.9000,0.0000,0.0000,0.7439,0
258,11:37:37.358,ROI,160,160,224,224,11.08,11.49,0.0,0.0,87.00,822.87,114.05,97.69,69.55,0.9422,16.8400,-37.8800,1.2400,-61.9600,0.7871,0
259,11:37:37.407,ROI,160,160,224,224,13.06,13.54,10.325,0.0,73.86,825.23,115.65,96.07,70.04,0.9106,17.3200,-43.2700,0.0000,0.0000,0.7815,0
260,11:37:37.534,ROI,160,160,224,224,9.95,10.35,0.0,0.0,96.64,828.82,118.50,96.70,71.90,0.8589,19.0000,-46.1300,0.0000,0.0000,0.8064,0
261,11:37:37.582,ROI,160,160,224,224,8.14,8.53,0.0,0.0,117.27,831.81,119.44,98.34,71.51,0.9169,17.8500,-41.3700,0.0000,0.0000,0.8230,0
262,11:37:37.647,ROI,160,160,224,224,16.52,17.13,6.85,22.8,58.38,835.13,121.20,99.53,73.72,0.8921,17.7400,-44.2400,0.0000,0.0000,0.8124,0
263,11:37:37.710,ROI,160,160,224,224,16.50,17.12,0.0,22.825,58.42,837.11,122.23,96.74,72.52,0.9339,18.2000,-46.3200,0.0000,0.0000,0.7888,0
264,11:37:37.758,ROI,160,160,224,224,9.42,9.82,0.0,39.8,101.85,840.28,123.11,96.36,72.76,0.9150,18.2300,-44.5600,0.0000,0.0000,0.8093,0
265,11:37:37.822,ROI,160,160,224,224,9.97,10.35,0.0,37.75,96.65,841.61,123.97,95.90,72.07,0.9501,18.0400,-45.9000,0.0000,0.0000,0.7565,0
266,11:37:37.886,ROI,160,160,192,192,11.82,12.20,0.0,32.025,81.95,842.84,123.00,94.04,68.09,0.9208,14.6200,-44.3500,1.4500,-50.6900,0.6777,0
267,11:37:37.998,ROI,160,160,192,192,10.66,11.06,0.0,0.0,90.44,846.07,124.55,94.31,68.88,0.8937,15.9400,-43.5100,1.5100,-49.1500,0.7687,0
268,11:37:38.063,ROI,160,160,192,192,10.18,10.61,0.0,0.0,94.24,849.17,127.00,94.54,72.83,0.8756,14.8500,-48.6900,1.9200,-55.4400,0.6932,0
269,11:37:38.111,ROI,160,160,192,192,16.89,17.43,0.0,22.425,57.39,851.10,128.58,94.76,74.40,0.9203,16.4500,-50.0200,0.0000,0.0000,0.7522,0
270,11:37:38.174,ROI,160,160,192,192,12.04,12.52,0.0,31.225,79.90,853.83,131.40,95.62,74.04,0.8771,16.6400,-52.2600,0.0000,0.0000,0.7591,0
271,11:37:38.238,ROI,160,160,192,192,12.71,13.29,0.0,0.0,75.27,855.24,133.14,95.57,75.59,0.9274,17.0200,-55.3000,0.0000,0.0000,0.7195,0
272,11:37:38.286,ROI,160,160,192,192,16.08,16.52,0.0,0.0,60.52,858.42,134.31,95.89,73.20,0.9072,16.7000,-52.7500,0.0000,0.0000,0.7142,0
273,11:37:38.415,ROI,160,160,192,192,8.31,8.63,0.0,45.275,115.83,863.78,139.03,95.93,79.80,0.7950,14.8000,-59.0600,0.0000,0.0000,0.7128,0
274,11:37:38.462,ROI,160,160,192,192,8.87,9.40,0.0,41.6,106.40,865.54,139.84,94.27,78.73,0.9444,15.3700,-57.2700,0.0000,0.0000,0.7083,0
275,11:37:38.526,ROI,160,160,192,192,10.35,10.74,0.0,0.0,93.14,868.42,143.02,93.06,78.41,0.8692,15.2700,-58.2800,0.0000,0.0000,0.7103,0
276,11:37:38.574,ROI,160,160,192,192,9.55,9.90,0.0,0.0,101.03,871.12,143.10,91.27,81.73,0.9061,13.6700,-62.5100,0.0000,0.0000,0.5903,0
277,11:37:38.638,ROI,160,160,192,192,9.07,9.47,0.0,41.275,105.64,874.14,144.86,89.16,81.47,0.8968,14.1400,-61.4000,0.0000,0.0000,0.6292,0
278,11:37:38.702,ROI,160,160,192,192,8.12,8.57,0.0,0.0,116.75,873.93,145.70,92.26,79.87,0.9471,14.9500,-61.3600,0.0000,0.0000,0.6635,0
279,11:37:38.749,ROI,160,160,192,192,8.46,8.83,0.0,0.0,113.31,876.25,147.70,93.41,81.68,0.9062,14.6800,-61.6000,0.0000,0.0000,0.6562,0
280,11:37:38.880,ROI,160,160,192,192,11.42,11.99,6.425,32.6,83.38,880.09,151.32,93.56,84.22,0.8468,14.0000,-66.8600,0.0000,0.0000,0.6324,0
281,11:37:38.926,ROI,160,160,192,192,15.55,16.01,0.0,24.4,62.45,881.80,152.36,95.89,83.11,0.9415,16.1200,-61.7000,0.0000,0.0000,0.7127,0
282,11:37:38.990,ROI,160,160,192,192,12.95,13.34,8.225,0.0,74.95,882.45,152.58,94.46,80.41,0.9531,17.0200,-63.2100,0.0000,0.0000,0.6996,0
283,11:37:39.054,ROI,160,160,192,192,9.64,10.03,0.0,38.95,99.68,885.50,154.62,91.52,82.57,0.8924,15.4400,-69.9600,0.0000,0.0000,0.6760,0
284,11:37:39.102,ROI,160,160,192,192,7.99,8.39,0.0,46.575,119.18,886.14,155.03,96.13,84.18,0.9339,14.8100,-62.1900,0.0000,0.0000,0.6595,0
285,11:37:39.166,ROI,160,160,224,224,8.15,8.54,0.0,45.725,117.04,889.08,156.29,94.56,81.65,0.9125,14.7600,-68.4900,0.0000,0.0000,0.6108,0
286,11:37:39.231,ROI,160,160,192,192,16.21,16.84,6.9,0.0,59.40,890.88,157.94,92.83,84.02,0.9254,13.9600,-68.8300,0.0000,0.0000,0.5897,0
287,11:37:39.278,ROI,160,160,192,192,10.78,11.19,13.1,34.9,89.33,892.99,161.70,93.82,82.32,0.8750,15.0000,-73.8300,0.0000,0.0000,0.6688,0
288,11:37:39.405,ROI,160,160,192,192,10.78,11.18,0.0,0.0,89.46,895.79,165.48,94.50,81.97,0.8616,14.9300,-75.9900,0.0000,0.0000,0.6533,0
289,11:37:39.453,ROI,160,160,192,192,12.15,12.55,0.0,0.0,79.68,896.33,165.53,95.21,82.82,0.9785,14.3400,-72.5900,0.0000,0.0000,0.6596,0
290,11:37:39.517,ROI,160,160,192,192,9.67,10.15,15.175,0.0,98.50,897.85,166.76,95.64,82.50,0.9406,14.5500,-74.4500,1.4200,-71.2700,0.6354,0
291,11:37:39.582,ROI,160,160,192,192,9.89,10.28,14.3,38.0,97.26,900.30,169.47,93.44,80.52,0.8897,13.3800,-81.8200,1.5800,-99.5000,0.5594,0
292,11:37:39.629,ROI,160,160,192,192,11.10,11.50,10.6,33.975,86.94,901.62,169.83,92.88,80.95,0.9636,11.9500,-82.2900,1.2300,-97.4400,0.4501,0
293,11:37:39.694,ROI,160,160,192,192,10.68,11.08,7.3,35.25,90.23,907.48,174.21,91.90,82.75,0.7961,12.7100,-77.2000,1.4600,-91.0600,0.6280,0
294,11:37:39.759,ROI,160,160,192,192,10.43,10.80,0.0,0.0,92.63,907.79,175.96,93.08,85.24,0.9471,14.5200,-77.2600,0.0000,0.0000,0.6547,0
295,11:37:39.805,ROI,160,160,192,192,10.79,11.20,10.825,34.875,89.27,911.24,179.33,87.64,89.84,0.8614,14.3600,-75.0100,1.4500,-72.7700,0.6947,0
296,11:37:39.935,ROI,160,160,192,192,9.43,9.83,0.0,39.725,101.69,913.27,181.28,90.34,91.38,0.9158,15.3000,-74.3400,0.0000,0.0000,0.7163,0
297,11:37:39.984,ROI,160,160,192,192,8.26,8.70,0.0,0.0,114.96,914.64,182.34,89.83,89.27,0.9476,15.3200,-76.7700,0.0000,0.0000,0.7146,0
298,11:37:40.045,ROI,160,160,192,192,10.03,10.54,0.0,0.0,94.88,915.44,185.20,92.18,88.79,0.9146,15.5100,-77.2900,0.0000,0.0000,0.7237,0
299,11:37:40.112,ROI,160,160,192,192,14.03,14.61,0.0,26.75,68.46,916.92,186.20,91.75,90.42,0.9474,16.1500,-78.5900,0.0000,0.0000,0.7070,0
300,11:37:40.159,ROI,160,160,192,192,12.95,13.42,11.95,29.125,74.53,919.05,189.01,92.45,91.91,0.8989,17.2500,-75.1600,0.0000,0.0000,0.7419,0
301,11:37:40.222,ROI,160,160,192,192,12.33,12.97,7.875,30.125,77.10,920.26,190.56,91.94,92.47,0.9423,16.4700,-77.6900,0.0000,0.0000,0.7086,0
302,11:37:40.285,ROI,160,160,192,192,8.32,8.71,0.0,0.0,114.79,921.99,193.24,93.01,93.22,0.9101,16.3800,-77.9200,0.0000,0.0000,0.6795,0
303,11:37:40.397,ROI,160,160,192,192,8.59,8.97,0.0,43.575,111.48,924.06,195.34,92.50,92.30,0.9149,16.3100,-76.9700,0.0000,0.0000,0.6787,0
304,11:37:40.462,ROI,160,160,192,192,8.81,9.37,0.0,41.7,106.68,925.07,198.28,94.21,92.75,0.9190,17.1000,-78.8300,0.0000,0.0000,0.7195,0
305,11:37:40.509,ROI,160,160,192,192,9.45,9.83,0.0,0.0,101.71,926.57,199.43,92.18,90.76,0.9444,16.6900,-77.9300,0.0000,0.0000,0.7420,0
306,11:37:40.574,ROI,160,160,192,192,9.44,9.83,7.0,39.75,101.72,928.54,203.13,92.14,92.88,0.8853,17.3900,-76.8400,0.0000,0.0000,0.7552,0
307,11:37:40.639,ROI,160,160,192,192,9.77,10.17,0.0,0.0,98.34,928.50,205.06,94.39,91.36,0.9366,15.7900,-78.5100,0.0000,0.0000,0.7374,0
308,11:37:40.702,ROI,160,160,192,192,9.29,9.68,0.0,0.0,103.31,931.38,207.65,94.03,92.29,0.8906,16.4100,-76.4700,0.0000,0.0000,0.7794,0
309,11:37:40.752,ROI,160,160,192,192,10.96,11.48,0.0,0.0,87.11,931.19,209.18,95.29,92.09,0.9547,16.0100,-78.2000,0.0000,0.0000,0.7436,0
310,11:37:40.880,ROI,160,160,192,192,9.60,10.17,0.0,38.425,98.33,934.11,212.14,93.02,93.53,0.8836,16.6400,-81.5300,0.0000,0.0000,0.6782,0
311,11:37:40.927,ROI,160,160,192,192,10.70,11.20,0.0,0.0,89.29,936.29,215.76,95.35,94.26,0.8854,16.4100,-79.9900,1.2200,-70.5700,0.6857,0
312,11:37:40.992,ROI,160,160,192,192,12.04,12.46,14.725,31.35,80.25,937.04,216.90,94.74,92.51,0.9607,16.8900,-81.9600,0.0000,0.0000,0.7554,0
313,11:37:41.053,ROI,160,160,192,192,9.82,10.20,0.0,38.3,98.04,939.00,220.14,94.34,92.23,0.8955,17.2700,-83.1800,0.0000,0.0000,0.7637,0
314,11:37:41.101,ROI,160,160,192,192,8.46,8.89,0.0,43.975,112.54,940.09,222.50,96.14,93.31,0.9294,17.1000,-82.1200,0.0000,0.0000,0.7933,0
315,11:37:41.167,ROI,160,160,224,224,9.49,9.90,0.0,39.475,101.05,941.06,223.40,93.65,91.13,0.9512,17.1000,-85.4900,0.0000,0.0000,0.8272,0
316,11:37:41.230,ROI,160,160,192,192,8.50,9.02,0.0,0.0,110.91,942.37,227.10,93.70,93.85,0.8986,16.9600,-84.3400,0.0000,0.0000,0.8069,0
317,11:37:41.278,ROI,160,160,192,192,14.87,15.57,0.0,25.1,64.23,944.02,230.08,90.11,91.76,0.9026,16.6200,-84.6200,0.0000,0.0000,0.7681,0
318,11:37:41.405,ROI,160,160,192,192,9.31,9.69,0.0,0.0,103.16,946.94,233.53,88.18,91.54,0.8706,16.8800,-88.1100,0.0000,0.0000,0.7618,0
319,11:37:41.454,ROI,160,160,192,192,9.26,9.65,0.0,0.0,103.62,947.54,236.19,86.05,86.38,0.9192,15.7300,-89.0300,0.0000,0.0000,0.7813,0
320,11:37:41.518,ROI,160,160,192,192,9.54,9.98,7.1,0.0,100.17,947.64,235.77,86.84,89.12,0.9603,16.7000,-90.3100,0.0000,0.0000,0.7996,0
321,11:37:41.582,ROI,160,160,192,192,8.18,8.56,0.0,0.0,116.77,949.76,239.12,87.07,91.36,0.8857,17.1400,-90.9700,0.0000,0.0000,0.8226,0
322,11:37:41.629,ROI,160,160,192,192,8.62,9.05,19.85,0.0,110.55,949.86,240.75,86.76,89.81,0.9611,16.1400,-89.2900,0.0000,0.0000,0.8047,0
323,11:37:41.694,ROI,160,160,192,192,9.30,9.70,14.175,40.275,103.05,951.93,244.30,86.29,93.89,0.8842,16.7300,-90.1500,0.0000,0.0000,0.7969,0
324,11:37:41.757,ROI,160,160,192,192,9.71,10.18,0.0,0.0,98.26,952.24,245.68,85.56,92.78,0.9626,16.8000,-90.3400,0.0000,0.0000,0.8115,0
325,11:37:41.806,ROI,160,160,192,192,9.92,10.32,10.175,37.875,96.92,952.94,248.77,88.31,95.54,0.9078,17.4600,-91.1800,0.0000,0.0000,0.8161,0
326,11:37:41.934,ROI,160,160,192,192,8.20,8.61,0.0,45.4,116.20,954.92,253.48,87.82,94.02,0.8672,17.0900,-88.2600,0.0000,0.0000,0.8256,0
327,11:37:41.982,ROI,160,160,192,192,8.20,8.60,20.05,0.0,116.32,955.78,254.26,86.74,92.59,0.9644,16.1100,-88.0600,0.0000,0.0000,0.8065,0
328,11:37:42.047,ROI,160,160,192,192,9.05,9.47,0.0,0.0,105.56,956.52,255.90,87.28,91.69,0.9490,16.0400,-89.4300,0.0000,0.0000,0.7698,0
329,11:37:42.109,ROI,160,160,192,192,9.60,10.00,0.0,0.0,100.04,957.85,258.04,85.00,91.99,0.9262,16.3900,-90.5200,0.0000,0.0000,0.7531,0
330,11:37:42.157,ROI,160,160,192,192,9.01,9.40,20.425,0.0,106.37,958.70,261.20,86.14,91.51,0.9154,16.8500,-89.8400,0.0000,0.0000,0.7912,0
331,11:37:42.222,ROI,160,160,192,192,10.47,10.89,7.1,35.85,91.79,959.31,263.23,87.22,94.16,0.9441,16.5500,-89.3600,0.0000,0.0000,0.7985,0
332,11:37:42.286,ROI,160,160,192,192,10.04,10.53,0.0,0.0,94.98,960.49,268.64,86.00,97.25,0.8705,16.6600,-90.9400,0.0000,0.0000,0.8079,0
333,11:37:42.397,ROI,160,160,224,224,8.29,8.68,0.0,45.025,115.20,961.82,274.36,84.27,97.43,0.8632,16.7200,-91.4700,0.0000,0.0000,0.8361,0
334,11:37:42.462,ROI,160,160,224,224,8.99,9.54,0.0,0.0,104.83,962.60,275.44,82.50,99.55,0.9581,15.6800,-89.9700,0.0000,0.0000,0.8561,0
335,11:37:42.512,ROI,160,160,224,224,11.92,12.49,0.0,0.0,80.05,962.43,275.45,83.54,98.69,0.9791,16.3200,-90.1100,0.0000,0.0000,0.8489,0
336,11:37:42.575,ROI,160,160,224,224,12.04,12.55,0.0,0.0,79.70,963.30,277.14,82.99,96.68,0.9462,16.2100,-90.1800,0.0000,0.0000,0.8389,0
337,11:37:42.638,ROI,160,160,224,224,9.43,9.86,7.65,39.65,101.47,962.30,278.79,86.11,98.41,0.9320,17.0600,-90.5700,0.0000,0.0000,0.8239,0
338,11:37:42.702,ROI,160,160,224,224,8.71,9.09,0.0,0.0,109.99,963.12,283.70,87.15,100.84,0.8898,16.9300,-91.3800,0.0000,0.0000,0.8113,0
339,11:37:42.750,ROI,160,160,224,224,8.58,8.97,0.0,0.0,111.51,965.16,285.46,82.42,98.66,0.9131,15.6100,-91.7300,0.0000,0.0000,0.7750,0
340,11:37:42.862,ROI,160,160,224,224,8.19,8.74,3.775,0.0,114.37,964.44,290.42,85.18,99.25,0.8766,15.9000,-91.6800,0.0000,0.0000,0.7827,0
341,11:37:42.928,ROI,160,160,224,224,9.41,10.00,0.0,0.0,99.96,966.03,294.10,82.74,99.68,0.8953,15.0700,-93.5600,0.0000,0.0000,0.7361,0
342,11:37:42.991,ROI,160,160,224,224,10.45,10.84,0.0,36.05,92.23,963.40,295.43,88.55,97.78,0.9110,16.9600,-94.7500,0.0000,0.0000,0.7813,0
343,11:37:43.054,ROI,160,160,224,224,12.52,12.98,0.0,30.075,77.02,964.55,299.93,90.99,102.77,0.8901,16.3100,-93.6600,0.0000,0.0000,0.7459,0
344,11:37:43.101,ROI,160,160,224,224,8.57,8.96,0.0,43.575,111.55,964.28,302.54,93.62,101.44,0.9242,17.1400,-94.7900,0.0000,0.0000,0.7780,0
345,11:37:43.165,ROI,160,160,224,224,8.47,8.87,0.0,44.05,112.73,964.21,305.16,94.01,101.57,0.9458,16.2300,-96.1100,0.0000,0.0000,0.7773,0
346,11:37:43.214,ROI,160,160,224,224,8.65,9.04,0.0,43.25,110.68,964.49,306.39,92.64,100.79,0.9620,16.2000,-94.8300,0.0000,0.0000,0.7822,0
347,11:37:43.341,ROI,160,160,224,224,9.48,9.96,3.3,0.0,100.42,965.34,309.77,95.40,97.76,0.9084,16.4200,-96.2000,0.0000,0.0000,0.7521,0
348,11:37:43.389,ROI,160,160,224,224,9.59,10.00,10.45,0.0,100.05,964.94,310.78,94.57,95.68,0.9702,15.2200,-97.3100,0.0000,0.0000,0.7431,0
349,11:37:43.453,ROI,160,160,192,192,8.98,9.43,0.0,0.0,106.01,967.31,315.27,94.88,98.72,0.8691,18.7400,-93.4000,0.0000,0.0000,0.8278,0
350,11:37:43.517,ROI,160,160,224,224,9.41,10.01,7.125,0.0,99.95,966.85,317.09,92.60,94.02,0.9294,15.9900,-94.8100,0.0000,0.0000,0.7805,0
351,11:37:43.584,ROI,160,160,192,192,8.93,9.37,6.95,41.725,106.78,967.43,322.76,94.18,102.18,0.8759,18.8100,-93.4600,0.0000,0.0000,0.8334,0
352,11:37:43.631,ROI,160,160,224,224,8.33,8.92,0.0,0.0,112.11,965.52,323.88,97.41,101.54,0.9405,17.9700,-94.7400,0.0000,0.0000,0.8163,0
353,11:37:43.693,ROI,160,160,224,224,12.96,13.37,14.55,29.225,74.78,965.24,328.00,101.44,101.89,0.8868,17.5600,-94.9300,0.0000,0.0000,0.7740,0
354,11:37:43.744,ROI,160,160,224,224,14.84,15.39,0.0,0.0,65.00,966.20,329.65,100.11,102.14,0.9501,16.5400,-91.5200,0.0000,0.0000,0.8516,0
355,11:37:43.870,ROI,160,160,224,224,8.37,8.80,3.525,44.425,113.69,967.02,334.29,98.55,103.49,0.8993,17.6600,-92.7900,0.0000,0.0000,0.7930,0
356,11:37:43.934,ROI,160,160,224,224,8.54,8.97,0.0,43.6,111.51,965.99,336.59,98.91,104.33,0.9374,17.3000,-92.2400,0.0000,0.0000,0.8199,0
357,11:37:43.981,ROI,160,160,224,224,8.58,8.99,10.075,0.0,111.28,965.87,338.77,100.41,105.24,0.9451,17.9600,-93.6800,0.0000,0.0000,0.8187,0
358,11:37:44.048,ROI,160,160,224,224,8.27,8.65,0.0,0.0,115.65,965.76,342.35,100.25,107.79,0.9329,19.2000,-94.8600,0.0000,0.0000,0.8006,0
359,11:37:44.093,ROI,160,160,224,224,10.87,11.28,10.575,0.0,88.67,965.39,343.58,100.16,107.52,0.9704,18.0900,-96.4600,0.0000,0.0000,0.7953,0
360,11:37:44.157,ROI,160,160,224,224,10.38,10.78,14.975,0.0,92.74,964.47,345.13,100.51,106.06,0.9540,18.3400,-94.7700,0.0000,0.0000,0.8003,0
361,11:37:44.221,ROI,160,160,224,224,11.42,11.85,7.25,0.0,84.36,964.04,347.70,101.44,104.73,0.9438,18.0000,-94.2900,0.0000,0.0000,0.8046,0
362,11:37:44.269,ROI,160,160,224,224,11.06,11.46,10.95,0.0,87.25,963.44,349.25,101.64,103.68,0.9594,18.1900,-95.3200,1.5100,-99.9900,0.8096,0
363,11:37:44.397,ROI,160,160,224,224,10.27,10.86,0.0,35.975,92.05,964.09,355.38,99.51,102.51,0.8701,19.0700,-96.3300,0.0000,0.0000,0.7826,0
364,11:37:44.461,ROI,160,160,224,224,8.81,9.34,0.0,0.0,107.03,962.61,358.91,103.47,107.73,0.8996,19.2100,-97.1600,0.0000,0.0000,0.8167,0
365,11:37:44.509,ROI,160,160,224,224,9.58,9.98,0.0,0.0,100.18,962.03,360.90,105.38,108.71,0.9467,19.4300,-98.3900,0.0000,0.0000,0.8391,0
366,11:37:44.573,ROI,160,160,224,224,9.27,9.63,7.175,0.0,103.79,962.08,364.76,104.22,110.01,0.9219,19.5500,-102.6000,0.0000,0.0000,0.8414,0
367,11:37:44.622,ROI,160,160,224,224,11.01,11.45,10.0,0.0,87.34,960.80,367.44,106.12,109.23,0.9298,19.4300,-103.6600,0.0000,0.0000,0.8573,0
368,11:37:44.685,ROI,160,160,224,224,9.34,9.85,0.0,39.625,101.52,960.60,370.56,104.09,109.35,0.9271,18.2300,-106.9200,0.0000,0.0000,0.8362,0
369,11:37:44.814,ROI,160,160,224,224,8.31,8.75,6.525,0.0,114.35,958.94,376.62,102.23,111.86,0.8691,18.1300,-106.9500,0.0000,0.0000,0.8503,0
370,11:37:44.862,ROI,160,160,224,224,11.29,11.93,20.3,0.0,83.80,959.01,377.69,101.36,111.45,0.9727,17.8700,-106.1000,0.0000,0.0000,0.8203,0
371,11:37:44.927,ROI,160,160,224,224,14.18,14.62,7.375,0.0,68.39,957.98,380.74,104.51,113.30,0.9192,16.7600,-112.2200,0.0000,0.0000,0.8213,0
372,11:37:44.974,ROI,160,160,256,256,13.43,13.93,11.95,28.05,71.81,957.93,381.84,99.81,112.22,0.9367,14.0300,-113.2100,0.0000,0.0000,0.8493,0
373,11:37:45.037,ROI,160,160,256,256,8.92,9.32,0.0,41.925,107.30,956.09,385.13,103.47,113.01,0.9105,15.1200,-113.9900,0.0000,0.0000,0.8554,0
374,11:37:45.101,ROI,160,160,256,256,9.05,9.47,0.0,41.275,105.65,955.28,387.38,100.88,112.43,0.9371,14.4100,-115.6800,0.0000,0.0000,0.8720,0
375,11:37:45.150,ROI,160,160,256,256,8.12,8.53,0.0,0.0,117.20,954.74,389.24,102.00,111.78,0.9570,14.4900,-117.6600,0.0000,0.0000,0.8632,0
376,11:37:45.279,ROI,160,160,224,224,9.11,9.51,3.25,41.1,105.16,951.97,396.00,104.72,116.00,0.8436,17.2200,-118.4300,0.0000,0.0000,0.8906,0
377,11:37:45.325,ROI,160,160,256,256,9.32,9.72,0.0,0.0,102.92,950.52,401.02,102.86,119.06,0.8939,14.6800,-119.9100,0.0000,0.0000,0.8582,0
378,11:37:45.390,ROI,160,160,256,256,12.36,12.82,7.075,0.0,78.01,948.69,402.62,103.76,122.51,0.9383,14.0000,-118.9800,0.0000,0.0000,0.8385,0
379,11:37:45.455,ROI,160,160,256,256,10.76,11.15,0.0,0.0,89.65,946.98,408.43,105.04,127.25,0.8827,14.5300,-120.6600,0.0000,0.0000,0.8386,0
380,11:37:45.502,ROI,160,160,256,256,9.46,10.01,10.675,0.0,99.93,945.06,409.22,105.46,124.67,0.9450,14.7800,-122.7300,0.0000,0.0000,0.8430,0
381,11:37:45.567,ROI,160,160,256,256,8.41,8.82,0.0,44.3,113.38,943.69,412.26,104.99,122.59,0.9280,14.7400,-121.5700,0.0000,0.0000,0.8486,0
382,11:37:45.632,ROI,160,160,256,256,9.26,9.75,0.0,40.05,102.52,942.28,413.66,108.03,124.19,0.9502,15.5800,-121.9800,0.0000,0.0000,0.8341,0
383,11:37:45.677,ROI,160,160,256,256,9.85,10.25,0.0,38.1,97.52,941.25,417.77,107.34,123.02,0.9185,15.4300,-122.0500,0.0000,0.0000,0.8770,0
384,11:37:45.806,ROI,160,160,256,256,9.41,9.92,0.0,39.4,100.82,938.25,426.68,108.56,128.00,0.8233,15.8000,-122.0800,0.0000,0.0000,0.8749,0
385,11:37:45.853,ROI,160,160,256,256,9.31,9.72,0.0,40.2,102.88,937.70,426.99,107.52,128.78,0.9839,16.5300,-122.6800,0.0000,0.0000,0.8363,0
386,11:37:45.917,ROI,160,160,288,288,9.57,9.98,0.0,39.15,100.20,935.56,430.84,108.72,125.12,0.9058,14.3700,-124.4600,0.0000,0.0000,0.8317,0
387,11:37:45.981,ROI,160,160,256,256,8.70,9.11,7.15,0.0,109.71,933.30,431.44,109.81,125.95,0.9506,15.2800,-123.9200,0.0000,0.0000,0.8368,0
388,11:37:46.029,ROI,160,160,256,256,8.62,9.04,0.0,0.0,110.56,932.26,431.11,113.74,126.46,0.9604,16.6800,-125.6100,0.0000,0.0000,0.8382,0
389,11:37:46.094,ROI,160,160,256,256,9.67,10.07,7.025,0.0,99.29,929.98,432.79,114.91,121.90,0.9271,15.9400,-126.7600,0.0000,0.0000,0.8318,0
390,11:37:46.158,ROI,160,160,256,256,13.40,13.98,14.325,27.95,71.55,928.94,434.70,114.37,121.79,0.9518,17.8000,-125.8500,0.0000,0.0000,0.8675,0
391,11:37:46.206,ROI,160,160,256,256,13.99,14.57,0.0,0.0,68.64,926.86,437.49,114.90,121.25,0.9220,16.2800,-127.7000,0.0000,0.0000,0.8543,0
392,11:37:46.336,ROI,160,160,256,256,8.71,9.53,0.0,41.0,104.95,923.70,441.54,114.06,121.10,0.8864,16.7300,-127.6100,0.0000,0.0000,0.8492,0
393,11:37:46.416,ROI,160,160,256,256,9.21,9.65,5.55,40.5,103.64,922.62,442.33,116.58,121.26,0.9660,18.5200,-125.0200,0.0000,0.0000,0.8668,0
394,11:37:46.446,ROI,160,160,256,256,9.10,9.83,0.0,39.775,101.73,920.67,444.22,115.10,118.34,0.9372,17.4400,-126.6500,0.0000,0.0000,0.8473,0
395,11:37:46.510,ROI,160,160,256,256,10.05,10.49,7.2,0.0,95.37,920.85,445.52,113.98,117.50,0.9688,18.0200,-127.6100,0.0000,0.0000,0.8297,0
396,11:37:46.557,ROI,160,160,256,256,10.90,11.31,0.0,34.55,88.44,915.20,448.06,120.10,117.38,0.8713,15.8800,-127.9800,0.0000,0.0000,0.8575,0
397,11:37:46.622,ROI,160,160,256,256,9.32,9.73,0.0,0.0,102.81,915.35,452.05,120.13,116.40,0.9317,18.5000,-127.4700,0.0000,0.0000,0.8638,0
398,11:37:46.686,ROI,160,160,256,256,10.10,10.54,0.0,37.05,94.89,907.75,456.21,129.06,120.58,0.8273,15.9400,-129.0200,0.0000,0.0000,0.8535,0
399,11:37:46.798,ROI,160,160,288,288,10.45,10.86,3.825,0.0,92.06,906.44,457.62,127.39,116.84,0.9495,17.0400,-131.9400,0.0000,0.0000,0.8422,0
400,11:37:46.862,ROI,160,160,256,256,8.17,8.77,14.75,0.0,113.98,905.20,461.93,129.39,117.89,0.9119,17.0000,-130.7100,0.0000,0.0000,0.8730,0
401,11:37:46.910,ROI,160,160,288,288,16.30,16.81,19.95,23.25,59.47,903.47,462.73,126.43,116.23,0.9596,15.7300,-129.0000,0.0000,0.0000,0.8381,0
402,11:37:46.974,ROI,160,160,256,256,9.89,10.28,8.225,0.0,97.23,901.72,465.79,127.90,115.49,0.9234,15.9200,-129.5400,0.0000,0.0000,0.8419,0
403,11:37:47.038,ROI,160,160,256,256,8.94,9.34,0.0,41.85,107.11,900.60,467.59,125.86,117.26,0.9529,15.7300,-128.4300,0.0000,0.0000,0.8336,0
404,11:37:47.086,ROI,160,160,256,256,8.13,8.53,0.0,45.8,117.23,897.70,470.31,124.40,118.26,0.9125,15.5900,-127.8500,0.0000,0.0000,0.8282,0
405,11:37:47.214,ROI,160,160,256,256,8.67,9.09,0.0,0.0,110.04,895.54,475.10,119.94,117.02,0.8897,15.5200,-126.9400,0.0000,0.0000,0.8485,0
406,11:37:47.262,ROI,160,160,256,256,8.40,8.99,10.0,0.0,111.26,894.52,475.35,118.13,113.90,0.9568,15.6600,-128.1400,0.0000,0.0000,0.8017,0
407,11:37:47.326,ROI,160,160,256,256,19.38,19.93,0.0,19.6,50.17,891.55,477.74,119.39,114.74,0.9132,14.7200,-128.9900,0.0000,0.0000,0.8141,0
408,11:37:47.390,ROI,160,160,256,256,12.36,12.92,0.0,0.0,77.39,889.43,479.40,120.16,113.63,0.9380,15.2400,-128.7300,0.0000,0.0000,0.8100,0
409,11:37:47.439,ROI,160,160,256,256,10.63,11.15,10.8,0.0,89.65,884.62,481.90,123.70,113.20,0.8857,15.3000,-131.2900,0.0000,0.0000,0.8369,0
410,11:37:47.501,ROI,160,160,256,256,11.11,11.58,7.65,0.0,86.32,883.39,484.06,129.92,116.42,0.9171,17.2500,-129.8200,0.0000,0.0000,0.8663,0
411,11:37:47.550,ROI,160,160,288,288,9.39,9.82,21.2,0.0,101.84,882.89,485.01,125.06,115.16,0.9470,13.1700,-129.8300,0.0000,0.0000,0.7882,0
412,11:37:47.678,ROI,160,160,256,256,11.07,11.71,3.3,33.35,85.39,875.95,489.30,136.08,116.70,0.8374,16.4000,-131.8400,0.0000,0.0000,0.8732,0
413,11:37:47.726,ROI,160,160,288,288,10.10,10.52,10.675,37.15,95.05,875.52,491.84,126.32,113.33,0.8887,15.1300,-130.6200,0.0000,0.0000,0.8241,0
414,11:37:47.789,ROI,160,160,256,256,9.13,9.54,0.0,0.0,104.80,871.75,493.18,133.14,112.32,0.9223,14.8500,-133.1000,0.0000,0.0000,0.8383,0
415,11:37:47.853,ROI,160,160,288,288,10.00,10.40,0.0,37.55,96.11,870.41,496.29,129.11,114.88,0.9190,16.1200,-135.0900,0.0000,0.0000,0.7977,0
416,11:37:47.902,ROI,160,160,288,288,10.25,10.71,0.0,36.45,93.37,866.13,497.33,135.36,115.97,0.9210,15.3400,-135.0900,0.0000,0.0000,0.8267,0
417,11:37:47.967,ROI,160,160,288,288,9.66,10.13,0.0,38.55,98.68,859.74,500.10,138.98,116.80,0.8704,16.0100,-138.1400,0.0000,0.0000,0.8252,0
418,11:37:48.030,ROI,160,160,288,288,8.10,8.50,0.0,0.0,117.62,859.38,501.04,139.12,115.13,0.9788,16.8100,-140.2700,0.0000,0.0000,0.8644,0
419,11:37:48.079,ROI,160,160,288,288,8.16,8.63,9.6,0.0,115.94,854.81,503.63,140.90,115.24,0.8969,16.2500,-138.5300,0.0000,0.0000,0.8596,0
420,11:37:48.208,ROI,160,160,288,288,12.09,12.57,0.0,31.075,79.53,848.55,506.19,142.16,113.80,0.8770,16.9400,-141.5600,0.0000,0.0000,0.8230,0
421,11:37:48.254,ROI,160,160,288,288,9.86,10.26,11.5,0.0,97.45,847.59,507.94,138.73,116.77,0.9471,16.9700,-141.9400,0.0000,0.0000,0.8661,0
422,11:37:48.318,ROI,160,160,288,288,9.65,10.13,0.0,38.55,98.69,846.24,509.61,140.11,116.44,0.9536,17.6000,-141.6100,0.0000,0.0000,0.8752,0
423,11:37:48.382,ROI,160,160,288,288,9.18,9.63,0.0,40.55,103.86,839.25,511.14,147.29,116.53,0.8847,16.5600,-144.5100,0.0000,0.0000,0.8864,0
424,11:37:48.431,ROI,160,160,320,320,8.38,9.51,0.0,0.0,105.18,838.62,513.60,143.68,119.82,0.9365,17.5700,-143.0500,0.0000,0.0000,0.8904,0
425,11:37:48.493,ROI,160,160,288,288,13.11,13.55,0.0,28.85,73.82,835.80,512.80,144.74,116.78,0.9379,16.4700,-146.5300,0.0000,0.0000,0.8960,0
426,11:37:48.558,ROI,160,160,320,320,14.35,14.76,0.0,0.0,67.77,834.84,516.40,141.28,116.14,0.9182,18.7200,-148.5700,0.0000,0.0000,0.9346,0
427,11:37:48.605,ROI,160,160,288,288,9.91,10.34,0.0,37.8,96.73,830.90,518.75,142.25,117.29,0.9095,15.5200,-149.9700,0.0000,0.0000,0.8806,0
428,11:37:48.734,ROI,160,160,288,288,9.43,9.84,0.0,0.0,101.60,823.41,522.28,144.36,118.42,0.8507,16.4600,-150.1600,0.0000,0.0000,0.9002,0
429,11:37:48.782,ROI,160,160,320,320,11.95,12.51,0.0,0.0,79.96,822.72,524.32,139.76,113.48,0.9277,16.2900,-149.5200,0.0000,0.0000,0.8851,0
430,11:37:48.847,ROI,160,160,288,288,18.72,19.31,0.0,20.225,51.78,816.74,525.94,141.62,111.92,0.8935,15.7400,-153.7600,0.0000,0.0000,0.8874,0
431,11:37:48.910,ROI,160,160,288,288,12.41,12.98,8.95,30.1,77.06,813.61,527.27,137.16,110.86,0.9339,15.2300,-156.2000,0.0000,0.0000,0.8590,0
432,11:37:48.958,ROI,160,160,288,288,21.35,21.93,0.0,17.8,45.60,809.36,529.25,138.87,110.72,0.9083,14.6900,-156.7500,0.0000,0.0000,0.8763,0
433,11:37:49.023,ROI,160,160,288,288,12.71,13.86,0.0,0.0,72.17,807.54,529.59,136.04,108.04,0.9503,14.7900,-155.9400,0.0000,0.0000,0.8835,0
434,11:37:49.109,ROI,160,160,288,288,17.61,18.28,0.0,0.0,54.69,805.02,531.29,139.86,110.74,0.9349,15.6400,-154.6400,0.0000,0.0000,0.9008,0
435,11:37:49.198,ROI,160,160,288,288,8.30,8.72,0.0,44.8,114.65,798.39,532.94,136.91,112.03,0.8832,14.2400,-156.6900,0.0000,0.0000,0.8499,0
436,11:37:49.262,ROI,160,160,288,288,8.55,9.01,0.0,0.0,111.02,793.48,535.20,143.66,109.57,0.8967,13.7600,-158.3700,0.0000,0.0000,0.8706,0
437,11:37:49.310,ROI,160,160,288,288,9.41,9.82,10.15,0.0,101.81,791.20,533.69,142.20,110.20,0.9426,13.1900,-160.3400,0.0000,0.0000,0.8810,0
438,11:37:49.374,ROI,160,160,288,288,11.43,11.98,0.0,0.0,83.45,782.20,535.56,151.87,110.48,0.8567,13.6300,-158.7900,0.0000,0.0000,0.9020,0
439,11:37:49.439,ROI,160,160,320,320,13.86,14.36,7.325,27.2,69.64,780.12,534.04,152.86,109.78,0.9470,14.5600,-160.1700,0.0000,0.0000,0.8777,0
440,11:37:49.488,ROI,160,160,320,320,18.61,19.29,0.0,20.25,51.84,776.18,535.82,151.22,111.42,0.9202,13.4500,-158.7300,0.0000,0.0000,0.8479,0
441,11:37:49.615,ROI,160,160,320,320,10.58,10.96,0.0,0.0,91.20,767.28,536.94,156.62,107.18,0.8591,16.8800,-159.9400,0.0000,0.0000,0.9136,0
442,11:37:49.663,ROI,160,160,320,320,11.43,11.91,10.775,32.8,83.95,766.30,537.46,153.04,109.48,0.9571,16.6300,-161.6300,0.0000,0.0000,0.9015,0
443,11:37:49.726,ROI,160,160,320,320,14.10,14.64,7.6,26.675,68.31,761.74,539.32,151.98,108.66,0.9112,17.0100,-163.6200,0.0000,0.0000,0.9151,0
444,11:37:49.791,ROI,160,160,320,320,15.45,15.98,0.0,0.0,62.57,760.66,540.44,152.60,108.54,0.9659,15.5100,-162.4800,0.0000,0.0000,0.9207,0
445,11:37:49.839,ROI,160,160,320,320,18.12,18.51,0.0,21.1,54.01,756.54,540.08,150.98,110.40,0.9317,15.6100,-165.0000,0.0000,0.0000,0.9425,0
446,11:37:49.902,ROI,160,160,320,320,12.42,12.84,8.75,0.0,77.91,754.70,540.72,151.04,110.98,0.9648,15.8000,-168.4300,0.0000,0.0000,0.9534,0
447,11:37:49.966,ROI,160,160,320,320,9.91,10.31,0.0,37.9,97.01,751.66,541.82,149.46,111.40,0.9419,15.8100,-165.8100,0.0000,0.0000,0.9453,0
448,11:37:50.014,ROI,160,160,320,320,11.09,11.53,10.35,0.0,86.75,746.30,542.84,149.32,111.00,0.9144,14.5700,-168.8400,0.0000,0.0000,0.9449,0
449,11:37:50.144,ROI,160,160,320,320,9.73,10.12,6.6,0.0,98.86,735.82,543.52,155.72,111.48,0.8614,15.9500,-171.1600,0.0000,0.0000,0.9282,0
450,11:37:50.189,ROI,160,160,320,320,9.66,10.04,22.15,0.0,99.60,733.54,544.22,154.30,113.74,0.9521,14.1800,-167.1900,0.0000,0.0000,0.9328,0
451,11:37:50.256,ROI,160,160,320,320,17.47,18.01,6.925,21.7,55.53,728.34,543.62,155.90,113.82,0.9256,14.3000,-170.3600,0.0000,0.0000,0.9386,0
452,11:37:50.319,ROI,160,160,320,320,10.49,11.04,0.0,0.0,90.60,725.72,544.28,157.06,113.02,0.9561,14.4100,-170.0200,0.0000,0.0000,0.9201,0
453,11:37:50.367,ROI,160,160,320,320,8.30,8.68,0.0,45.025,115.25,720.70,543.82,158.76,114.28,0.9283,13.8600,-171.3300,0.0000,0.0000,0.8830,0
454,11:37:50.430,ROI,160,160,320,320,8.73,9.11,0.0,42.9,109.81,718.48,545.82,159.48,113.88,0.9394,13.6000,-171.8400,0.0000,0.0000,0.8673,0
455,11:37:50.494,ROI,160,160,320,320,8.84,9.38,7.05,41.675,106.67,711.66,544.98,160.18,112.86,0.9052,12.5900,-171.9000,0.0000,0.0000,0.8827,0
456,11:37:50.543,ROI,160,160,352,352,10.75,11.31,0.0,0.0,88.43,710.89,545.89,152.09,110.46,0.9293,11.5500,-173.2100,0.0000,0.0000,0.7517,0
457,11:37:50.671,ROI,160,160,320,320,9.45,9.86,3.35,0.0,101.42,705.42,545.28,150.66,111.98,0.9181,12.6900,-173.7500,0.0000,0.0000,0.8612,0
458,11:37:50.719,ROI,160,160,320,320,9.98,10.37,10.15,0.0,96.40,698.54,546.30,147.86,111.52,0.8961,14.8800,-173.0900,0.0000,0.0000,0.8771,0
459,11:37:50.782,ROI,160,160,320,320,8.88,9.31,0.0,0.0,107.39,696.84,546.20,150.48,109.72,0.9620,14.2000,-175.0600,0.0000,0.0000,0.8707,0
460,11:37:50.846,ROI,160,160,320,320,8.72,9.18,7.15,0.0,108.95,692.58,546.26,151.58,109.44,0.9428,15.0700,-176.9400,0.0000,0.0000,0.8731,0
461,11:37:50.895,ROI,160,160,320,320,13.74,14.31,19.85,0.0,69.90,690.50,545.50,153.46,108.84,0.9598,15.1900,-176.2900,0.0000,0.0000,0.8913,0
462,11:37:50.958,ROI,160,160,320,320,12.98,13.49,8.05,28.975,74.13,683.46,547.38,153.20,111.74,0.8829,15.0300,-177.9100,0.0000,0.0000,0.8783,0
463,11:37:51.023,ROI,160,160,320,320,9.71,10.10,0.0,0.0,98.98,680.46,546.40,155.26,110.64,0.9454,13.8700,-177.8700,0.0000,0.0000,0.8682,0
464,11:37:51.070,ROI,160,160,320,320,8.19,8.67,0.0,0.0,115.37,679.80,545.32,151.38,107.06,0.9435,13.5300,179.9500,0.0000,0.0000,0.8363,0
465,11:37:51.199,ROI,160,160,320,320,9.07,9.44,0.0,41.4,105.96,668.76,545.80,156.24,107.32,0.8588,16.0300,176.4500,0.0000,0.0000,0.8925,0
466,11:37:51.262,ROI,160,160,320,320,8.97,9.59,0.0,40.775,104.29,664.12,544.24,153.78,105.92,0.9154,13.2900,176.4500,0.0000,0.0000,0.8537,0
467,11:37:51.312,ROI,160,160,320,320,10.06,10.67,9.675,0.0,93.69,660.68,544.48,151.02,106.24,0.9517,12.4300,176.7900,0.0000,0.0000,0.8299,0
468,11:37:51.373,ROI,160,160,320,320,9.13,9.52,7.725,0.0,105.03,653.90,543.80,151.26,104.96,0.9029,12.6300,174.7900,0.0000,0.0000,0.8248,0
469,11:37:51.422,ROI,160,160,320,320,9.87,10.25,0.0,0.0,97.58,653.32,544.60,148.00,103.14,0.9615,13.1100,172.8500,0.0000,0.0000,0.8386,0
470,11:37:51.485,ROI,160,160,320,320,10.40,10.78,7.325,0.0,92.73,644.22,543.70,154.58,106.20,0.8619,13.7800,174.1200,0.0000,0.0000,0.8670,0
471,11:37:51.615,ROI,160,160,320,320,8.77,9.16,3.3,0.0,109.14,638.04,543.54,149.20,107.32,0.9127,13.4100,174.1800,0.0000,0.0000,0.8844,0
472,11:37:51.663,ROI,160,160,320,320,9.10,9.51,9.95,41.1,105.21,634.48,544.36,149.78,109.48,0.9351,12.5600,173.7100,0.0000,0.0000,0.8212,0
473,11:37:51.725,ROI,160,160,320,320,9.97,10.35,0.0,0.0,96.63,628.30,543.34,154.82,107.54,0.9058,12.1500,175.5700,0.0000,0.0000,0.8081,0
474,11:37:51.790,ROI,160,160,320,320,9.07,9.46,0.0,0.0,105.74,624.90,543.30,157.02,109.90,0.9371,13.1500,174.6300,0.0000,0.0000,0.8144,0
475,11:37:51.838,ROI,160,160,320,320,9.74,10.19,0.0,0.0,98.17,617.02,542.34,161.28,108.02,0.8908,13.7500,174.8600,0.0000,0.0000,0.8308,0
476,11:37:51.902,ROI,160,160,352,352,7.87,8.33,7.25,0.0,120.09,613.68,542.99,159.52,104.28,0.9265,11.5900,175.6400,0.0000,0.0000,0.7186,0
477,11:37:51.949,ROI,160,160,320,320,8.71,9.11,0.0,42.9,109.82,612.34,542.20,161.18,108.06,0.9492,14.4400,173.2900,0.0000,0.0000,0.8263,0
478,11:37:52.015,ROI,160,160,352,352,8.02,8.42,0.0,0.0,118.70,605.75,541.65,157.30,105.95,0.9031,14.1600,174.6100,0.0000,0.0000,0.8010,0
479,11:37:52.142,ROI,160,160,320,320,11.98,12.50,6.575,0.0,80.03,599.78,540.64,155.76,105.88,0.9097,14.7500,174.4300,0.0000,0.0000,0.8578,0
480,11:37:52.190,ROI,160,160,320,320,13.20,13.69,22.25,0.0,73.06,596.60,539.40,154.30,106.06,0.9380,14.9800,172.7900,0.0000,0.0000,0.8750,0
481,11:37:52.254,ROI,160,160,320,320,9.35,9.72,7.65,0.0,102.93,589.98,537.80,158.46,109.96,0.8871,15.7100,173.3900,0.0000,0.0000,0.8894,0
482,11:37:52.319,ROI,160,160,320,320,10.45,10.98,0.0,0.0,91.03,585.70,538.00,159.16,107.06,0.9232,15.3300,172.3700,0.0000,0.0000,0.8752,0
483,11:37:52.366,ROI,160,160,320,320,18.07,18.68,10.625,0.0,53.53,581.68,536.86,159.38,106.06,0.9311,15.7900,169.8300,0.0000,0.0000,0.8914,0
484,11:37:52.431,ROI,160,160,320,320,31.70,32.27,0.0,0.0,30.99,578.82,535.16,156.54,103.76,0.9340,16.1000,171.3500,0.0000,0.0000,0.9142,0
485,11:37:52.496,ROI,160,160,320,320,21.77,22.31,48.575,35.025,44.81,574.52,533.88,155.80,103.78,0.9239,16.2200,169.4700,0.0000,0.0000,0.9072,0
486,11:37:52.542,ROI,160,160,320,320,16.21,16.75,0.0,0.0,59.69,572.36,534.34,154.84,103.20,0.9641,15.9600,170.6700,0.0000,0.0000,0.8991,0
487,11:37:52.670,ROI,160,160,320,320,17.24,17.80,10.5,21.95,56.18,562.50,530.86,156.54,105.14,0.8270,16.8700,169.5800,0.0000,0.0000,0.8871,0
488,11:37:52.719,ROI,160,160,320,320,16.21,16.75,0.0,46.675,59.71,560.50,530.26,153.14,104.12,0.9634,15.7300,168.8300,0.0000,0.0000,0.9070,0
489,11:37:52.782,ROI,160,160,320,320,16.97,17.57,8.525,44.45,56.91,555.88,530.48,155.54,103.64,0.9377,15.4300,170.1700,0.0000,0.0000,0.8681,0
490,11:37:52.847,ROI,160,160,320,320,26.75,27.36,0.0,28.55,36.54,552.68,529.94,154.64,104.30,0.9499,15.4300,168.8100,0.0000,0.0000,0.8733,0
491,11:37:52.896,ROI,160,160,320,320,8.97,9.60,35.675,0.0,104.14,548.56,526.94,154.16,104.84,0.8964,14.9500,169.7900,0.0000,0.0000,0.8460,0
492,11:37:52.958,ROI,160,160,320,320,20.61,21.35,0.0,54.85,46.83,544.50,525.92,157.28,107.20,0.9286,15.4400,170.4500,0.0000,0.0000,0.8783,0
493,11:37:53.022,ROI,160,160,320,320,17.30,17.85,9.025,21.9,56.03,538.84,523.54,157.76,108.12,0.8917,14.4400,168.5500,0.0000,0.0000,0.8927,0
494,11:37:53.070,ROI,160,160,320,320,18.19,18.72,13.175,0.0,53.41,536.84,523.86,155.64,105.34,0.9499,13.6500,170.7500,0.0000,0.0000,0.9011,0
495,11:37:53.200,ROI,160,160,320,320,17.28,17.85,0.0,87.55,56.04,528.84,521.78,155.42,115.84,0.8241,14.6100,173.5600,0.0000,0.0000,0.8803,0
496,11:37:53.246,ROI,160,160,320,320,26.59,27.15,13.525,14.4,36.84,525.46,518.90,148.44,108.78,0.8969,14.5100,170.0000,0.0000,0.0000,0.8967,0
497,11:37:53.311,ROI,160,160,320,320,16.51,17.16,0.0,45.55,58.29,523.00,517.98,146.54,107.34,0.9510,12.8400,165.8000,0.0000,0.0000,0.9032,0
498,11:37:53.379,ROI,160,160,320,320,17.52,18.37,0.0,21.275,54.44,518.38,517.18,148.92,109.14,0.9242,12.2600,168.7300,0.0000,0.0000,0.8819,0
499,11:37:53.424,ROI,160,160,320,320,15.88,17.29,14.025,23.725,57.84,515.10,517.92,146.50,104.98,0.9206,14.5000,165.0600,0.0000,0.0000,0.8683,0
500,11:37:53.486,ROI,160,160,320,320,17.63,18.17,8.675,0.0,55.03,508.98,515.50,149.28,106.48,0.8808,15.2700,166.1400,0.0000,0.0000,0.7588,0
501,11:37:53.600,ROI,160,160,320,320,17.57,18.14,8.2,21.525,55.14,502.28,511.74,150.82,110.34,0.8555,16.8700,163.0300,0.0000,0.0000,0.7863,0
502,11:37:53.662,ROI,160,160,320,320,22.51,23.08,17.625,16.925,43.33,497.88,510.84,151.96,107.78,0.9223,17.4400,165.7000,0.0000,0.0000,0.8558,0
503,11:37:53.726,ROI,160,160,320,320,17.07,17.62,0.0,22.175,56.77,496.42,506.88,148.78,111.40,0.9118,17.3200,159.6700,0.0000,0.0000,0.8960,0
504,11:37:53.774,ROI,160,160,320,320,15.54,16.08,38.45,24.3,62.19,488.78,504.78,147.62,109.30,0.8698,17.9800,162.9500,0.0000,0.0000,0.8133,0
505,11:37:53.840,ROI,160,160,320,320,16.29,16.83,7.875,23.2,59.40,487.90,504.14,151.30,108.70,0.9645,16.3800,165.2500,0.0000,0.0000,0.8566,0
506,11:37:53.903,ROI,160,160,320,320,30.33,30.94,0.0,12.625,32.33,482.64,500.42,151.58,109.10,0.8732,17.5300,157.2000,0.0000,0.0000,0.9265,0
507,11:37:53.995,ROI,160,160,320,320,16.74,17.42,6.375,0.0,57.39,482.60,497.74,146.56,113.28,0.9227,15.7200,157.1300,0.0000,0.0000,0.9186,0
508,11:37:54.079,ROI,160,160,320,320,20.02,20.65,5.9,0.0,48.44,474.20,494.94,146.42,115.52,0.8511,14.4300,155.0300,0.0000,0.0000,0.8499,0
509,11:37:54.126,ROI,160,160,320,320,22.31,22.88,14.475,0.0,43.72,470.08,491.98,143.78,110.56,0.8975,14.6700,155.6500,0.0000,0.0000,0.8637,0
510,11:37:54.190,ROI,160,160,288,288,17.64,18.23,28.825,21.425,54.84,466.85,489.24,137.00,106.11,0.9060,13.1500,153.2800,0.0000,0.0000,0.8602,0
511,11:37:54.255,ROI,160,160,288,288,28.68,29.30,8.3,0.0,34.12,465.44,487.54,137.97,109.26,0.9496,16.2100,151.7100,0.0000,0.0000,0.9049,0
512,11:37:54.302,ROI,160,160,288,288,47.36,47.95,0.0,0.0,20.86,462.53,485.58,136.44,110.95,0.9256,16.5600,149.8400,0.0000,0.0000,0.9079,0
513,11:37:54.368,ROI,160,160,288,288,17.23,17.85,0.0,21.875,56.02,459.68,483.29,136.03,113.06,0.9213,16.3200,147.8100,0.0000,0.0000,0.8842,0
514,11:37:54.430,ROI,160,160,288,288,16.58,17.50,0.0,0.0,57.14,457.29,482.28,134.77,110.83,0.9465,16.8600,149.3400,0.0000,0.0000,0.9268,0
515,11:37:54.478,ROI,160,160,288,288,19.07,19.73,0.0,0.0,50.70,452.52,478.26,139.64,112.01,0.8696,15.8400,149.6100,0.0000,0.0000,0.8830,0
516,11:37:54.606,ROI,160,160,288,288,32.29,32.90,3.6,0.0,30.40,446.01,475.77,139.39,112.95,0.8731,16.2600,149.6300,0.0000,0.0000,0.8962,0
517,11:37:54.656,ROI,160,160,288,288,29.29,30.00,0.0,13.025,33.33,441.73,473.40,141.01,117.76,0.9033,14.6100,148.0100,0.0000,0.0000,0.8798,0
518,11:37:54.718,ROI,160,160,288,288,16.85,17.45,0.0,0.0,57.30,439.67,471.02,140.60,118.66,0.9333,16.1600,147.4100,0.0000,0.0000,0.8929,0
519,11:37:54.784,ROI,160,160,288,288,21.88,22.50,16.25,0.0,44.45,434.95,469.11,141.05,122.53,0.9065,14.5200,145.7600,0.0000,0.0000,0.8753,0
520,11:37:54.830,ROI,160,160,288,288,19.04,19.71,32.35,0.0,50.74,433.59,468.10,137.39,120.02,0.9542,14.2500,146.2000,0.0000,0.0000,0.8643,0
521,11:37:54.894,ROI,160,160,288,288,15.74,16.61,8.95,0.0,60.19,430.80,464.22,135.72,122.62,0.9018,13.7500,140.3900,0.0000,0.0000,0.7879,0
522,11:37:55.024,ROI,160,160,288,288,17.46,18.40,0.0,21.25,54.35,428.70,463.53,134.73,124.49,0.9551,16.8100,132.5500,0.0000,0.0000,0.8806,0
523,11:37:55.060,ROI,160,160,288,288,28.80,29.86,22.95,13.075,33.49,425.41,459.54,133.02,121.99,0.8935,15.9300,135.4900,0.0000,0.0000,0.8527,0
524,11:37:55.136,ROI,160,160,288,288,19.37,19.97,0.0,0.0,50.07,418.48,456.53,129.83,124.11,0.8592,16.7900,129.5700,0.0000,0.0000,0.8587,0
525,11:37:55.182,ROI,160,160,288,288,16.48,17.09,15.225,0.0,58.53,417.14,454.09,132.59,122.72,0.9417,16.0600,133.7900,0.0000,0.0000,0.8854,0
526,11:37:55.248,ROI,160,160,288,288,105.04,105.63,8.0,11.1,9.47,411.35,451.08,133.18,123.21,0.8745,16.9600,132.6700,0.0000,0.0000,0.8569,0
527,11:37:55.410,ROI,160,160,288,288,22.83,23.43,0.0,16.675,42.68,410.68,449.38,132.82,124.00,0.9632,18.1600,132.8700,0.0000,0.0000,0.9033,0
528,11:37:55.450,ROI,160,160,288,288,16.20,16.86,0.0,69.525,59.31,406.29,445.60,132.48,121.05,0.8816,18.3700,133.0000,0.0000,0.0000,0.8604,0
529,11:37:55.483,ROI,160,160,288,288,15.98,16.58,23.8,23.55,60.32,405.69,444.39,128.75,121.84,0.9531,18.3500,131.4700,0.0000,0.0000,0.9286,0
530,11:37:55.514,ROI,160,160,288,288,16.17,16.84,55.3,23.2,59.37,403.38,443.32,127.53,120.73,0.9479,18.3000,130.3500,0.0000,0.0000,0.9312,0
531,11:37:55.599,ROI,160,160,256,256,17.61,18.21,0.0,0.0,54.92,397.66,438.82,128.50,120.34,0.8513,17.8500,127.2500,0.0000,0.0000,0.8861,0
532,11:37:55.663,ROI,160,160,288,288,22.39,22.99,8.5,0.0,43.50,396.06,435.53,128.05,123.97,0.9250,19.1100,126.8500,0.0000,0.0000,0.9175,0
533,11:37:55.711,ROI,160,160,288,288,17.76,18.64,0.0,0.0,53.66,394.94,435.34,126.54,121.59,0.9637,18.6800,125.7400,0.0000,0.0000,0.9266,0
534,11:37:55.774,ROI,160,160,256,256,17.10,17.73,8.75,0.0,56.40,390.59,430.95,123.36,122.67,0.8702,17.1900,126.9600,0.0000,0.0000,0.8809,0
535,11:37:55.838,ROI,160,160,256,256,16.39,17.31,0.0,0.0,57.77,389.73,428.90,123.04,123.62,0.9539,16.6200,124.8300,0.0000,0.0000,0.9021,0
536,11:37:55.886,ROI,160,160,256,256,17.68,18.25,0.0,0.0,54.78,386.57,426.03,123.66,123.76,0.9081,16.4500,125.4000,0.0000,0.0000,0.8959,0
537,11:37:56.014,ROI,160,160,256,256,9.10,9.55,0.0,0.0,104.74,384.75,421.10,120.16,125.42,0.8979,16.4800,124.8600,0.0000,0.0000,0.8678,0
538,11:37:56.062,ROI,160,160,256,256,8.22,8.69,0.0,0.0,115.05,382.50,418.04,119.89,125.20,0.9179,16.9700,121.6500,0.0000,0.0000,0.8827,0
539,11:37:56.126,ROI,160,160,256,256,17.48,18.10,0.0,21.575,55.25,380.66,414.74,119.15,125.81,0.9207,18.1700,119.7600,0.0000,0.0000,0.8860,0
540,11:37:56.174,ROI,160,160,256,256,16.57,17.22,0.0,45.375,58.09,377.95,413.22,118.18,124.32,0.9330,17.8400,123.5000,0.0000,0.0000,0.8920,0
541,11:37:56.238,ROI,160,160,256,256,11.46,11.99,0.0,0.0,83.37,375.53,410.23,116.32,125.97,0.9158,18.8900,119.8000,0.0000,0.0000,0.8931,0
542,11:37:56.302,ROI,160,160,256,256,12.63,13.48,0.0,0.0,74.19,373.59,408.06,114.99,122.11,0.9342,19.0100,118.2100,0.0000,0.0000,0.9160,0
543,11:37:56.352,ROI,160,160,256,256,15.92,16.55,0.0,0.0,60.41,372.31,406.11,116.50,123.09,0.9477,18.9200,117.0900,0.0000,0.0000,0.9145,0
544,11:37:56.479,ROI,160,160,256,256,23.86,24.69,0.0,0.0,40.50,367.90,400.70,114.61,125.70,0.8520,19.2100,119.1800,0.0000,0.0000,0.8808,0
545,11:37:56.526,ROI,160,160,256,256,23.49,23.96,0.0,16.3,41.73,365.19,398.11,114.43,124.72,0.9159,20.3900,117.4300,0.0000,0.0000,0.9388,0
546,11:37:56.590,ROI,160,160,256,256,24.80,25.30,0.0,0.0,39.53,363.93,395.57,113.07,123.25,0.9390,19.5800,115.2000,0.0000,0.0000,0.9299,0
547,11:37:56.655,ROI,160,160,256,256,23.45,23.92,0.0,16.325,41.80,361.18,391.99,110.75,122.75,0.8994,17.8600,112.1900,0.0000,0.0000,0.9025,0
548,11:37:56.704,ROI,160,160,256,256,20.53,21.17,0.0,18.45,47.24,360.14,390.63,110.96,123.63,0.9602,17.8600,115.6400,0.0000,0.0000,0.9063,0
549,11:37:56.766,ROI,160,160,256,256,19.06,19.69,0.0,0.0,50.78,357.33,388.05,111.60,123.70,0.9128,16.8300,110.7800,0.0000,0.0000,0.9012,0
550,11:37:56.830,ROI,160,160,256,256,32.72,33.30,17.625,0.0,30.03,356.50,384.93,112.29,123.23,0.9372,18.2300,110.9100,0.0000,0.0000,0.9105,0
551,11:37:56.880,ROI,160,160,256,256,14.36,15.01,23.075,26.025,66.61,354.62,380.85,110.48,123.42,0.9059,17.0500,108.1400,0.0000,0.0000,0.9234,0
552,11:37:57.005,ROI,160,160,256,256,12.85,13.29,0.0,0.0,75.24,351.42,375.62,111.44,124.06,0.8693,15.7300,106.6900,0.0000,0.0000,0.8931,0
553,11:37:57.053,ROI,160,160,256,256,10.75,11.09,0.0,0.0,90.15,350.55,373.86,110.69,124.13,0.9572,18.5100,106.9400,0.0000,0.0000,0.9317,0
554,11:37:57.118,ROI,160,160,256,256,11.61,12.23,0.0,0.0,81.77,349.50,371.78,109.62,124.88,0.9492,18.6900,105.5700,0.0000,0.0000,0.9352,0
555,11:37:57.182,ROI,160,160,256,256,12.00,12.48,0.0,0.0,80.13,347.93,368.15,108.77,123.78,0.9171,18.3300,105.0600,0.0000,0.0000,0.9238,0
556,11:37:57.232,ROI,160,160,256,256,15.64,16.15,20.6,0.0,61.91,346.63,366.14,108.94,123.71,0.9456,18.5600,105.6400,0.0000,0.0000,0.9218,0
557,11:37:57.293,ROI,160,160,256,256,16.22,16.62,8.625,0.0,60.19,346.45,362.74,109.30,124.11,0.9434,17.2100,105.5700,0.0000,0.0000,0.9066,0
558,11:37:57.357,ROI,160,160,256,256,22.09,22.60,0.0,0.0,44.26,345.79,361.06,108.21,121.90,0.9615,18.2000,105.3000,0.0000,0.0000,0.9197,0
559,11:37:57.406,ROI,160,160,256,256,14.78,15.31,0.0,0.0,65.33,343.50,356.31,107.54,120.86,0.8876,15.7300,104.5100,0.0000,0.0000,0.8801,0
560,11:37:57.535,ROI,160,160,256,256,27.32,27.81,0.0,0.0,35.95,341.11,350.48,104.03,119.02,0.8688,14.1400,101.7100,0.0000,0.0000,0.8242,0
561,11:37:57.582,ROI,160,160,256,256,15.27,15.76,21.275,0.0,63.46,342.84,349.20,108.26,118.30,0.9410,15.8900,103.2300,0.0000,0.0000,0.8688,0
562,11:37:57.646,ROI,160,160,256,256,16.60,17.13,0.0,0.0,58.39,339.81,345.24,105.30,116.96,0.8847,15.7800,103.9300,0.0000,0.0000,0.8396,0
563,11:37:57.709,ROI,160,160,256,256,14.65,15.02,8.525,0.0,66.56,340.76,343.50,107.84,116.94,0.9480,14.1800,101.9300,0.0000,0.0000,0.8183,0
564,11:37:57.758,ROI,160,160,256,256,17.01,17.48,0.0,0.0,57.20,337.58,338.86,107.46,118.96,0.8732,13.0000,103.2800,0.0000,0.0000,0.7819,0
565,11:37:57.821,ROI,160,160,256,256,9.50,9.93,0.0,0.0,100.75,337.21,337.60,104.48,116.03,0.9484,13.2700,101.7900,0.0000,0.0000,0.8059,0
566,11:37:57.869,ROI,160,160,256,256,12.69,13.17,0.0,0.0,75.91,336.52,335.61,104.29,115.38,0.9537,12.7400,100.7500,0.0000,0.0000,0.8242,0
567,11:37:58.000,ROI,160,160,256,256,7.95,8.45,0.0,0.0,118.30,334.93,330.46,103.70,116.90,0.8886,13.4800,99.8900,0.0000,0.0000,0.8557,0
568,11:37:58.061,ROI,160,160,256,256,9.05,9.51,0.0,0.0,105.15,332.74,326.58,102.50,117.89,0.8983,13.0200,99.3700,0.0000,0.0000,0.8679,0
569,11:37:58.111,ROI,160,160,256,256,7.98,8.59,0.0,0.0,116.48,331.78,325.22,100.54,116.16,0.9585,12.8400,100.5600,0.0000,0.0000,0.8483,0
570,11:37:58.174,ROI,160,160,256,256,8.93,9.27,7.175,0.0,107.93,332.30,321.72,102.27,115.14,0.9259,12.5900,100.9500,0.0000,0.0000,0.7879,0
571,11:37:58.221,ROI,160,160,256,256,10.98,11.46,10.4,0.0,87.29,330.29,319.59,100.05,116.29,0.9271,13.9600,100.5200,0.0000,0.0000,0.8381,0
572,11:37:58.286,ROI,160,160,256,256,9.67,10.12,0.0,0.0,98.78,331.86,315.91,103.10,115.55,0.9109,13.5900,99.9600,0.0000,0.0000,0.8096,0
573,11:37:58.398,ROI,160,160,256,256,9.50,9.94,0.0,0.0,100.59,331.85,311.34,101.81,114.46,0.9122,16.2400,96.3000,0.0000,0.0000,0.9204,0
574,11:37:58.461,ROI,160,160,256,256,10.03,10.49,7.35,0.0,95.29,330.79,309.80,100.75,113.18,0.9535,17.1500,95.1500,0.0000,0.0000,0.9192,0
575,11:37:58.525,ROI,160,160,256,256,9.68,10.04,7.425,0.0,99.63,332.37,306.06,99.89,110.45,0.9071,16.6800,93.6900,0.0000,0.0000,0.9389,0
576,11:37:58.574,ROI,160,160,224,224,10.59,11.02,0.0,0.0,90.75,332.36,303.27,97.65,109.30,0.9297,15.5600,95.3700,0.0000,0.0000,0.9176,0
577,11:37:58.638,ROI,160,160,224,224,10.51,10.91,7.35,0.0,91.68,333.30,298.59,99.26,107.84,0.9008,13.4600,92.6700,0.0000,0.0000,0.8885,0
578,11:37:58.701,ROI,160,160,224,224,9.23,9.70,0.0,0.0,103.13,333.56,297.01,99.50,107.39,0.9660,14.4100,93.7300,0.0000,0.0000,0.8891,0
579,11:37:58.751,ROI,160,160,224,224,11.06,11.53,0.0,0.0,86.70,333.06,295.75,98.49,107.95,0.9673,14.5400,94.2400,0.0000,0.0000,0.8888,0
580,11:37:58.876,ROI,160,160,224,224,11.64,12.12,0.0,0.0,82.51,332.54,290.97,99.88,107.87,0.9029,13.8700,92.9600,0.0000,0.0000,0.9267,0
581,11:37:58.925,ROI,160,160,224,224,8.91,9.28,10.6,0.0,107.75,331.85,288.59,96.29,106.54,0.9227,14.6900,93.8900,0.0000,0.0000,0.9219,0
582,11:37:58.988,ROI,160,160,224,224,11.46,11.80,0.0,33.125,84.76,331.31,287.65,95.00,106.26,0.9695,14.7700,94.5600,0.0000,0.0000,0.9120,0
583,11:37:59.053,ROI,160,160,224,224,12.76,13.24,0.0,0.0,75.55,329.25,281.89,93.09,106.06,0.8605,16.1500,91.4300,0.0000,0.0000,0.9569,0
584,11:37:59.102,ROI,160,160,224,224,15.31,15.78,0.0,24.775,63.38,329.53,280.40,92.74,103.85,0.9661,13.0600,93.6100,0.0000,0.0000,0.8885,0
585,11:37:59.165,ROI,160,160,224,224,10.18,10.61,0.0,0.0,94.23,329.80,277.06,94.32,107.45,0.9232,13.5700,92.3600,0.0000,0.0000,0.9284,0
586,11:37:59.231,ROI,160,160,224,224,17.79,18.25,7.05,0.0,54.80,330.89,273.99,93.74,104.57,0.9226,13.3400,91.5700,0.0000,0.0000,0.9282,0
587,11:37:59.277,ROI,160,160,224,224,9.58,10.00,0.0,0.0,100.01,331.01,270.73,92.85,104.44,0.9308,13.5100,90.7500,0.0000,0.0000,0.9341,0
588,11:37:59.405,ROI,160,160,224,224,11.61,12.07,0.0,0.0,82.86,329.94,268.36,91.53,104.47,0.9341,14.1900,89.7600,0.0000,0.0000,0.9467,0
589,11:37:59.454,ROI,160,160,224,224,10.87,11.30,0.0,0.0,88.52,331.62,266.57,91.39,104.08,0.9319,13.3800,89.7700,0.0000,0.0000,0.9324,0
590,11:37:59.519,ROI,160,160,224,224,13.84,14.37,7.275,27.175,69.61,331.78,264.00,88.02,101.79,0.9166,13.3200,89.4800,0.0000,0.0000,0.9215,0
591,11:37:59.581,ROI,160,160,224,224,10.69,11.19,0.0,0.0,89.35,330.61,260.14,92.30,102.52,0.8856,13.8000,89.2500,0.0000,0.0000,0.9351,0
592,11:37:59.629,ROI,160,160,224,224,12.05,12.56,0.0,0.0,79.62,332.21,258.04,88.05,100.06,0.9154,12.9500,89.5600,0.0000,0.0000,0.9076,0
593,11:37:59.694,ROI,160,160,224,224,13.24,13.68,7.55,0.0,73.11,333.64,256.00,93.39,100.51,0.9060,13.6300,86.9100,0.0000,0.0000,0.9184,0
594,11:37:59.757,ROI,160,160,224,224,12.06,12.48,0.0,0.0,80.11,334.15,253.61,91.87,100.65,0.9385,13.3500,87.4600,0.0000,0.0000,0.9136,0
595,11:37:59.806,ROI,160,160,224,224,11.52,11.96,10.625,0.0,83.60,334.07,250.91,92.26,101.49,0.9440,13.3000,87.2100,0.0000,0.0000,0.9097,0
596,11:37:59.933,ROI,160,160,224,224,11.30,11.76,3.375,33.25,85.06,336.21,245.42,94.54,100.21,0.8586,12.1700,85.6600,0.0000,0.0000,0.8946,0
597,11:37:59.981,ROI,160,160,224,224,8.80,9.28,10.75,0.0,107.73,334.21,242.41,90.66,100.87,0.9032,13.1200,85.2800,0.0000,0.0000,0.8842,0
598,11:38:00.046,ROI,160,160,224,224,9.20,9.64,0.0,0.0,103.70,337.22,239.48,95.03,101.67,0.8859,12.2900,87.1400,0.0000,0.0000,0.8842,0
599,11:38:00.109,ROI,160,160,224,224,11.65,12.09,0.0,0.0,82.72,337.41,236.82,93.35,100.00,0.9320,11.5000,85.5700,0.0000,0.0000,0.8579,0
600,11:38:00.158,ROI,160,160,224,224,10.81,11.23,21.2,0.0,89.05,340.35,233.34,97.94,100.76,0.8790,9.6900,86.7000,0.0000,0.0000,0.8314,0
601,11:38:00.221,ROI,160,160,224,224,11.49,12.01,7.475,0.0,83.25,339.71,232.78,98.88,101.04,0.9762,11.2500,85.2400,0.0000,0.0000,0.7742,0
602,11:38:00.286,ROI,160,160,224,224,14.12,14.62,0.0,0.0,68.39,340.79,229.93,97.76,103.70,0.9259,12.3100,84.5200,0.0000,0.0000,0.8696,0
603,11:38:00.397,ROI,160,160,224,224,9.66,10.06,0.0,0.0,99.45,344.27,225.11,100.41,105.36,0.8524,12.9500,81.2500,0.0000,0.0000,0.8210,0
604,11:38:00.461,ROI,160,160,224,224,9.68,10.16,0.0,0.0,98.38,343.59,223.81,99.75,104.02,0.9625,12.1700,83.4200,0.0000,0.0000,0.7532,0
605,11:38:00.508,ROI,160,160,224,224,10.66,11.04,0.0,0.0,90.61,343.80,221.28,97.58,103.15,0.9320,12.3900,82.9400,0.0000,0.0000,0.7962,0
606,11:38:00.574,ROI,160,160,224,224,10.77,11.19,0.0,0.0,89.35,344.71,218.19,96.21,100.72,0.9240,13.6400,82.0900,0.0000,0.0000,0.8456,0
607,11:38:00.638,ROI,160,160,224,224,10.67,11.11,7.275,0.0,90.05,345.09,216.38,97.23,102.02,0.9549,11.9100,82.6100,0.0000,0.0000,0.7610,0
608,11:38:00.701,ROI,160,160,224,224,10.26,10.79,0.0,0.0,92.71,346.27,213.62,94.96,101.99,0.9249,12.7200,81.8600,0.0000,0.0000,0.8195,0
609,11:38:00.751,ROI,160,160,224,224,9.30,9.76,0.0,0.0,102.41,348.00,211.29,95.30,101.21,0.9219,11.4100,81.4300,0.0000,0.0000,0.8116,0
610,11:38:00.862,ROI,160,160,224,224,11.24,12.22,3.875,0.0,81.81,349.37,207.46,94.33,99.83,0.9010,14.5100,78.2700,0.0000,0.0000,0.8928,0
611,11:38:00.926,ROI,160,160,224,224,10.03,10.49,0.0,0.0,95.33,350.81,204.82,94.70,100.14,0.9209,14.9500,78.6000,0.0000,0.0000,0.8917,0
612,11:38:00.991,ROI,160,160,224,224,11.23,11.65,7.175,0.0,85.81,351.50,202.15,92.92,98.59,0.9303,14.6200,79.3000,0.0000,0.0000,0.8747,0
613,11:38:01.055,ROI,160,160,224,224,12.20,12.79,0.0,0.0,78.19,352.47,199.40,92.51,98.41,0.9265,15.0900,79.1600,0.0000,0.0000,0.8965,0
614,11:38:01.101,ROI,160,160,224,224,9.49,9.94,11.8,0.0,100.59,353.48,197.26,91.36,98.60,0.9372,14.2100,79.8300,0.0000,0.0000,0.8649,0
615,11:38:01.166,ROI,160,160,224,224,10.02,10.49,0.0,0.0,95.30,354.29,194.72,91.14,98.45,0.9334,14.4800,80.0400,0.0000,0.0000,0.8606,0
616,11:38:01.229,ROI,160,160,224,224,10.41,10.98,0.0,0.0,91.10,355.22,192.68,89.36,97.83,0.9402,14.2700,78.1000,0.0000,0.0000,0.8649,0
617,11:38:01.279,ROI,160,160,224,224,9.16,9.59,0.0,0.0,104.30,357.52,189.80,90.26,97.26,0.8968,14.0200,78.7800,0.0000,0.0000,0.8814,0
618,11:38:01.406,ROI,160,160,224,224,11.08,11.48,0.0,0.0,87.11,359.23,187.19,90.57,97.33,0.9136,15.7100,76.8200,0.0000,0.0000,0.9053,0
619,11:38:01.454,ROI,160,160,224,224,10.31,10.77,10.525,0.0,92.81,360.48,185.11,89.75,97.99,0.9324,16.4800,76.8200,0.0000,0.0000,0.9090,0
620,11:38:01.519,ROI,160,160,224,224,13.44,14.04,7.25,0.0,71.21,360.34,183.94,89.77,98.14,0.9732,15.2700,76.9800,0.0000,0.0000,0.8908,0
621,11:38:01.581,ROI,160,160,224,224,12.83,13.39,0.0,0.0,74.68,363.15,181.01,91.76,98.17,0.8870,16.0600,77.5600,0.0000,0.0000,0.9129,0
622,11:38:01.629,ROI,160,160,224,224,8.29,8.83,0.0,0.0,113.20,364.62,178.75,93.30,97.57,0.9255,15.1000,75.2800,0.0000,0.0000,0.8924,0
623,11:38:01.694,ROI,160,160,224,224,9.99,10.44,7.0,0.0,95.82,365.95,176.28,93.97,96.88,0.9247,14.6500,74.2000,0.0000,0.0000,0.8741,0
624,11:38:01.758,ROI,160,160,224,224,10.76,11.24,0.0,0.0,88.98,366.43,174.73,94.30,95.09,0.9585,13.9100,75.8600,0.0000,0.0000,0.8517,0
625,11:38:01.807,ROI,160,160,192,192,13.80,14.27,10.325,0.0,70.09,368.86,171.08,95.08,92.26,0.8806,10.2200,77.5800,0.0000,0.0000,0.8302,0
626,11:38:01.933,ROI,160,160,192,192,10.45,11.01,0.0,0.0,90.86,370.71,167.77,92.74,91.40,0.8954,10.9000,76.7500,0.0000,0.0000,0.8448,0
627,11:38:01.981,ROI,160,160,192,192,9.10,9.50,21.1,0.0,105.23,371.22,166.20,92.21,89.20,0.9552,11.2800,76.2800,0.0000,0.0000,0.8033,0
628,11:38:02.046,ROI,160,160,192,192,9.33,9.82,0.0,0.0,101.88,373.96,163.98,92.60,90.43,0.8983,12.1400,76.0800,0.0000,0.0000,0.8753,0
629,11:38:02.109,ROI,160,160,192,192,11.35,11.98,7.275,0.0,83.49,373.82,162.02,87.77,87.43,0.9070,13.2100,75.0900,0.0000,0.0000,0.8241,0
630,11:38:02.158,ROI,160,160,192,192,10.70,11.17,10.8,0.0,89.50,377.30,160.22,92.63,87.68,0.8898,11.9200,76.3300,0.0000,0.0000,0.8683,0
631,11:38:02.221,ROI,160,160,192,192,11.84,12.27,7.425,0.0,81.47,378.45,158.63,89.53,87.97,0.9328,12.3400,76.2300,0.0000,0.0000,0.8313,0
632,11:38:02.285,ROI,160,160,192,192,9.30,9.84,0.0,0.0,101.68,382.04,155.84,96.46,88.57,0.8706,10.0300,77.1300,0.0000,0.0000,0.7822,0
633,11:38:02.397,ROI,160,160,224,224,10.38,10.78,0.0,0.0,92.80,383.05,152.34,95.23,87.60,0.9050,14.3000,73.0700,0.0000,0.0000,0.8563,0
634,11:38:02.461,ROI,160,160,192,192,9.86,10.41,0.0,0.0,96.09,384.67,150.86,95.72,89.16,0.9353,11.4300,72.7800,0.0000,0.0000,0.8131,0
635,11:38:02.509,ROI,160,160,192,192,10.53,10.96,0.0,0.0,91.27,385.48,149.04,95.00,89.42,0.9442,12.6700,72.1100,0.0000,0.0000,0.8295,0
636,11:38:02.573,ROI,160,160,192,192,12.60,13.10,0.0,0.0,76.35,388.04,146.73,99.20,87.90,0.9020,12.0200,65.9900,0.0000,0.0000,0.7950,0
637,11:38:02.636,ROI,160,160,224,224,10.57,10.97,7.75,0.0,91.16,388.71,145.16,96.67,88.89,0.9410,14.9100,70.5500,0.0000,0.0000,0.8568,0
638,11:38:02.686,ROI,160,160,224,224,10.49,11.00,10.2,0.0,90.91,390.16,143.66,97.94,89.08,0.9390,14.2900,63.6900,0.0000,0.0000,0.8454,0
639,11:38:02.815,ROI,160,160,224,224,12.71,13.29,6.625,0.0,75.24,393.36,140.80,102.56,87.84,0.8814,14.6700,62.2300,0.0000,0.0000,0.8450,0
640,11:38:02.862,ROI,160,160,224,224,9.44,9.94,11.5,0.0,100.60,396.09,139.31,102.77,88.24,0.9174,14.7200,60.3400,0.0000,0.0000,0.8500,0
641,11:38:02.925,ROI,160,160,224,224,10.44,10.85,0.0,0.0,92.16,396.95,136.48,99.97,86.76,0.9123,16.7600,62.5100,0.0000,0.0000,0.8602,0
642,11:38:02.988,ROI,160,160,224,224,9.90,10.45,14.825,0.0,95.65,398.79,136.00,99.64,89.08,0.9392,15.1900,61.1900,0.0000,0.0000,0.8900,0
643,11:38:03.037,ROI,160,160,224,224,11.32,11.74,0.0,0.0,85.21,401.36,134.67,97.59,88.09,0.9216,15.8200,63.4000,0.0000,0.0000,0.8778,0
644,11:38:03.102,ROI,160,160,224,224,14.23,14.83,0.0,0.0,67.41,402.41,132.87,98.39,85.82,0.9394,14.7100,61.4600,0.0000,0.0000,0.8589,0
645,11:38:03.165,ROI,160,160,224,224,9.81,10.23,0.0,0.0,97.76,404.62,130.91,98.69,86.27,0.9146,12.7300,58.0100,0.0000,0.0000,0.8390,0
646,11:38:03.213,ROI,160,160,224,224,9.16,9.69,0.0,0.0,103.22,406.17,130.20,98.70,85.34,0.9533,11.6000,56.9000,0.0000,0.0000,0.8269,0
647,11:38:03.341,ROI,160,160,224,224,13.46,13.97,3.3,0.0,71.59,410.48,127.16,99.95,85.19,0.8562,12.2100,50.7000,0.0000,0.0000,0.8080,0
648,11:38:03.389,ROI,160,160,224,224,9.59,10.08,0.0,0.0,99.20,412.32,124.63,98.71,82.03,0.9078,11.8700,50.1500,0.0000,0.0000,0.8173,0
649,11:38:03.453,ROI,160,160,224,224,13.80,14.27,0.0,0.0,70.06,414.58,122.01,98.66,79.88,0.8967,11.2600,47.6500,0.0000,0.0000,0.7588,0
650,11:38:03.519,ROI,160,160,224,224,10.86,11.26,15.275,0.0,88.79,416.69,121.31,100.41,80.02,0.9422,11.7900,49.8300,0.0000,0.0000,0.7967,0
651,11:38:03.565,ROI,160,160,224,224,8.77,9.28,0.0,0.0,107.76,419.15,118.84,99.02,77.43,0.8950,13.5900,48.4600,0.0000,0.0000,0.8269,0
652,11:38:03.630,ROI,160,160,224,224,14.30,14.84,6.975,0.0,67.37,421.06,117.76,98.81,78.05,0.9362,14.8800,51.3500,1.0100,84.6400,0.8463,0
653,11:38:03.693,ROI,160,160,224,224,11.81,12.30,8.15,0.0,81.30,424.85,115.75,99.09,76.26,0.8809,13.3700,50.0100,0.0000,0.0000,0.8053,0
654,11:38:03.741,ROI,160,160,224,224,9.82,10.44,0.0,0.0,95.81,427.07,114.41,100.39,75.88,0.9241,15.7200,45.1600,0.0000,0.0000,0.8143,0
655,11:38:03.871,ROI,160,160,224,224,13.87,14.35,0.0,0.0,69.70,431.06,111.98,100.74,76.06,0.8684,16.0100,46.6400,0.0000,0.0000,0.8596,0
656,11:38:03.917,ROI,160,160,224,224,9.26,9.74,0.0,0.0,102.65,434.25,110.24,104.40,76.40,0.8987,18.3300,40.0300,0.0000,0.0000,0.8321,0
657,11:38:03.981,ROI,160,160,224,224,13.80,14.28,0.0,27.35,70.04,434.36,109.70,101.82,75.78,0.9619,19.2800,38.5700,0.0000,0.0000,0.8514,0
658,11:38:04.045,ROI,160,160,224,224,13.01,13.63,0.0,0.0,73.37,437.39,107.94,100.25,75.43,0.9001,15.4800,43.4400,0.0000,0.0000,0.8635,0
659,11:38:04.093,ROI,160,160,224,224,9.80,10.20,0.0,0.0,98.07,438.36,107.70,100.35,75.75,0.9747,18.0400,40.2300,0.0000,0.0000,0.8617,0
660,11:38:04.157,ROI,160,160,224,224,10.78,11.38,7.25,0.0,87.88,439.39,107.25,98.76,76.73,0.9673,14.5700,46.0800,0.0000,0.0000,0.8782,0
661,11:38:04.221,ROI,160,160,224,224,12.80,13.28,7.45,0.0,75.32,441.17,105.78,98.69,76.45,0.9288,13.6700,45.7500,0.0000,0.0000,0.8922,0
662,11:38:04.268,ROI,160,160,224,224,9.63,10.18,11.475,0.0,98.26,443.72,104.45,101.92,75.38,0.9187,16.4800,39.9700,0.0000,0.0000,0.8494,0
663,11:38:04.399,ROI,160,160,224,224,10.74,11.23,3.225,0.0,89.05,447.49,102.13,103.54,74.28,0.8751,16.5300,39.4700,0.0000,0.0000,0.8551,0
664,11:38:04.445,ROI,160,160,224,224,10.95,11.52,0.0,0.0,86.84,451.58,99.95,103.25,71.93,0.8723,17.7000,34.5800,0.0000,0.0000,0.8808,0
665,11:38:04.509,ROI,160,160,224,224,10.18,10.79,7.4,0.0,92.69,452.86,99.11,103.85,72.48,0.9533,21.2200,31.7100,0.0000,0.0000,0.9201,0
666,11:38:04.573,ROI,160,160,224,224,10.50,10.97,0.0,0.0,91.13,455.85,97.36,102.03,70.76,0.8996,18.8600,34.0900,0.0000,0.0000,0.9232,0
667,11:38:04.621,ROI,160,160,224,224,9.73,10.22,0.0,0.0,97.87,457.90,96.36,104.61,70.74,0.9350,19.4700,32.0300,0.0000,0.0000,0.9254,0
668,11:38:04.685,ROI,160,160,224,224,8.71,9.19,7.35,0.0,108.77,461.54,94.93,102.82,69.75,0.8962,17.7700,33.2500,0.0000,0.0000,0.9338,0
669,11:38:04.799,ROI,160,160,224,224,9.58,9.98,3.725,0.0,100.16,465.40,91.29,103.98,70.15,0.8392,19.1100,31.2300,0.0000,0.0000,0.9450,0
670,11:38:04.861,ROI,160,160,224,224,9.58,10.17,7.425,0.0,98.32,466.48,90.55,105.92,71.05,0.9592,18.7300,30.7900,0.0000,0.0000,0.9348,0
671,11:38:04.925,ROI,160,160,224,224,10.66,11.08,0.0,0.0,90.28,470.07,89.66,105.76,69.12,0.9098,17.1400,30.4100,0.0000,0.0000,0.9273,0
672,11:38:04.974,ROI,160,160,224,224,10.65,11.10,10.25,0.0,90.10,471.43,88.90,107.60,69.06,0.9541,17.0400,29.8900,0.0000,0.0000,0.9236,0
673,11:38:05.036,ROI,160,160,224,224,10.70,11.11,0.0,0.0,90.05,473.94,88.62,108.98,69.02,0.9471,16.6100,29.3000,0.0000,0.0000,0.9202,0
674,11:38:05.101,ROI,160,160,224,224,11.61,12.12,0.0,0.0,82.51,476.40,87.61,106.89,68.60,0.9284,16.1000,28.8900,0.0000,0.0000,0.9267,0
675,11:38:05.149,ROI,160,160,224,224,9.21,9.72,0.0,0.0,102.84,478.03,86.93,108.46,70.18,0.9485,16.6700,28.2800,0.0000,0.0000,0.9325,0
676,11:38:05.277,ROI,160,160,224,224,9.35,9.84,0.0,0.0,101.66,482.82,85.43,104.20,69.54,0.8769,17.6700,29.7400,0.0000,0.0000,0.9454,0
677,11:38:05.325,ROI,160,160,224,224,11.61,12.02,0.0,0.0,83.22,485.56,83.62,102.98,67.66,0.9009,18.3700,26.9700,0.0000,0.0000,0.9546,0
678,11:38:05.389,ROI,160,160,224,224,10.09,10.57,0.0,0.0,94.61,486.33,83.83,105.99,68.88,0.9544,19.3500,28.7900,0.0000,0.0000,0.9380,0
679,11:38:05.453,ROI,160,160,224,224,11.28,11.69,0.0,0.0,85.55,490.76,81.83,104.19,67.03,0.8683,20.6700,30.1300,0.0000,0.0000,0.9667,0
680,11:38:05.501,ROI,160,160,224,224,10.51,11.00,21.45,0.0,90.94,491.48,81.16,105.77,67.17,0.9656,20.8200,29.0500,0.0000,0.0000,0.9603,0
681,11:38:05.565,ROI,160,160,224,224,9.25,9.68,0.0,0.0,103.36,495.73,80.09,103.18,64.86,0.8910,19.5200,28.3200,0.0000,0.0000,0.9649,0
682,11:38:05.631,ROI,160,160,224,224,9.54,10.07,0.0,0.0,99.31,496.51,79.56,104.72,66.78,0.9568,18.8200,27.4700,0.0000,0.0000,0.9519,0
683,11:38:05.677,ROI,160,160,224,224,11.18,11.72,0.0,0.0,85.33,499.68,79.35,100.94,65.27,0.9192,18.1000,27.1900,0.0000,0.0000,0.9581,0
684,11:38:05.806,ROI,160,160,224,224,11.22,11.64,0.0,0.0,85.92,504.66,77.55,101.74,66.29,0.8601,20.3000,28.9500,0.0000,0.0000,0.9720,0
685,11:38:05.854,ROI,160,160,224,224,11.31,11.77,0.0,0.0,84.94,506.11,76.83,103.60,65.90,0.9516,20.2200,28.2400,0.0000,0.0000,0.9601,0
686,11:38:05.917,ROI,160,160,224,224,9.61,10.08,7.7,0.0,99.21,507.25,76.43,104.87,67.61,0.9539,20.6700,29.3700,0.0000,0.0000,0.9666,0
687,11:38:05.981,ROI,160,160,224,224,8.85,9.35,0.0,41.8,106.99,510.16,75.57,102.10,67.37,0.9221,20.0700,29.6800,0.0000,0.0000,0.9486,0
688,11:38:06.029,ROI,160,160,224,224,9.26,9.82,0.0,0.0,101.82,511.51,75.42,104.02,68.42,0.9593,18.4400,28.6500,0.0000,0.0000,0.9218,0
689,11:38:06.093,ROI,160,160,224,224,9.89,10.22,0.0,0.0,97.86,515.14,74.40,102.28,67.56,0.9052,17.5300,29.4700,0.0000,0.0000,0.9302,0
690,11:38:06.158,ROI,160,160,224,224,11.75,12.24,7.1,0.0,81.69,516.12,74.09,103.61,67.10,0.9724,16.7000,28.2200,0.0000,0.0000,0.9206,0
691,11:38:06.206,ROI,160,160,224,224,11.56,12.03,0.0,0.0,83.11,518.32,72.63,104.86,66.63,0.9186,16.1200,28.7600,0.0000,0.0000,0.9415,0
692,11:38:06.335,ROI,160,160,224,224,10.65,11.13,0.0,0.0,89.84,525.43,70.76,100.32,66.96,0.8258,17.1100,28.8000,0.0000,0.0000,0.9592,0
693,11:38:06.381,ROI,160,160,224,224,9.52,10.06,11.25,0.0,99.37,527.38,70.22,100.58,67.38,0.9471,19.4200,28.9200,0.0000,0.0000,0.9584,0
694,11:38:06.447,ROI,160,160,224,224,13.39,13.93,0.0,0.0,71.79,530.68,68.99,100.37,66.77,0.9036,18.6200,28.5400,0.0000,0.0000,0.9630,0
695,11:38:06.509,ROI,160,160,224,224,13.28,13.74,0.0,0.0,72.80,533.26,69.16,99.76,67.82,0.9354,18.8900,28.8800,0.0000,0.0000,0.9665,0
696,11:38:06.557,ROI,160,160,224,224,10.26,10.73,11.175,0.0,93.23,536.33,68.85,100.49,68.10,0.9323,18.1100,27.0000,0.0000,0.0000,0.9625,0
697,11:38:06.621,ROI,160,160,224,224,9.61,10.15,0.0,38.55,98.47,537.92,68.18,98.57,66.16,0.9413,18.3100,25.9400,0.0000,0.0000,0.9609,0
698,11:38:06.686,ROI,160,160,224,224,10.45,10.95,0.0,0.0,91.30,539.63,67.55,99.60,65.74,0.9480,18.4800,26.1200,0.0000,0.0000,0.9545,0
699,11:38:06.797,ROI,160,160,224,224,9.07,9.63,3.9,0.0,103.79,544.25,66.99,101.21,66.57,0.8973,16.1200,27.1400,0.0000,0.0000,0.9320,0
700,11:38:06.861,ROI,160,160,224,224,8.78,9.32,7.1,0.0,107.24,547.99,66.75,101.89,67.06,0.9224,15.7400,25.3100,0.0000,0.0000,0.9297,0
701,11:38:06.908,ROI,160,160,224,224,9.90,10.37,20.725,0.0,96.41,549.55,66.86,101.28,65.81,0.9520,15.3000,22.0000,0.0000,0.0000,0.8894,0
702,11:38:06.973,ROI,160,160,224,224,13.51,14.00,7.225,0.0,71.42,552.98,66.18,101.53,65.76,0.9159,15.2400,23.6600,0.0000,0.0000,0.9161,0
703,11:38:07.036,ROI,160,160,224,224,11.59,12.00,0.0,0.0,83.33,554.32,65.76,101.77,64.54,0.9560,15.4400,21.4400,0.0000,0.0000,0.8771,0
704,11:38:07.085,ROI,160,160,224,224,8.56,9.05,0.0,0.0,110.52,558.16,65.02,102.07,62.92,0.9050,15.0000,20.2300,0.0000,0.0000,0.8923,0
705,11:38:07.214,ROI,160,160,224,224,8.74,9.14,0.0,0.0,109.42,562.75,64.76,101.65,62.72,0.9068,14.2900,20.2100,0.0000,0.0000,0.9026,0
706,11:38:07.261,ROI,160,160,224,224,9.59,10.14,0.0,0.0,98.66,564.31,64.27,100.98,63.07,0.9548,14.7400,18.9900,0.0000,0.0000,0.8492,0
707,11:38:07.325,ROI,160,160,224,224,11.16,11.55,7.325,0.0,86.59,567.75,64.44,99.54,63.53,0.9271,14.2600,17.9900,0.0000,0.0000,0.8529,0
708,11:38:07.373,ROI,160,160,224,224,11.52,12.02,0.0,0.0,83.21,569.76,64.09,99.23,64.36,0.9484,13.7200,19.4100,0.0000,0.0000,0.8255,0
709,11:38:07.437,ROI,160,160,224,224,11.08,11.50,0.0,0.0,86.95,573.37,63.66,99.83,63.11,0.9127,14.6500,17.0900,0.0000,0.0000,0.8464,0
710,11:38:07.503,ROI,160,160,224,224,12.68,13.13,7.075,0.0,76.18,575.48,63.32,97.89,63.21,0.9483,12.2000,19.1800,0.0000,0.0000,0.8148,0
711,11:38:07.549,ROI,160,160,224,224,10.04,10.44,0.0,0.0,95.79,577.65,63.06,98.29,62.89,0.9489,13.0600,21.7300,0.0000,0.0000,0.8430,0
712,11:38:07.678,ROI,160,160,224,224,14.12,14.70,0.0,0.0,68.01,582.92,62.92,101.47,61.84,0.8856,16.1900,10.6300,1.1800,-19.6800,0.8609,0
713,11:38:07.726,ROI,160,160,224,224,13.79,14.18,0.0,0.0,70.50,586.63,62.52,100.49,62.45,0.9179,15.3900,14.6000,0.0000,0.0000,0.8567,0
714,11:38:07.790,ROI,160,160,224,224,11.86,12.28,0.0,0.0,81.41,588.73,62.61,99.78,61.88,0.9503,16.8800,11.4900,1.1900,-22.3200,0.8408,0
715,11:38:07.854,ROI,160,160,224,224,11.09,11.60,0.0,0.0,86.18,591.09,61.70,98.22,62.52,0.9266,14.2400,13.0800,0.0000,0.0000,0.7870,0
716,11:38:07.901,ROI,160,160,224,224,11.00,11.58,11.025,0.0,86.32,593.31,62.24,95.84,61.95,0.9390,15.5700,12.3200,0.0000,0.0000,0.8468,0
717,11:38:07.967,ROI,160,160,192,192,10.82,11.36,7.25,0.0,88.01,595.60,61.94,96.48,63.08,0.9366,19.1600,4.4400,1.5400,-52.2400,0.8327,0
718,11:38:08.029,ROI,160,160,224,224,10.48,11.09,0.0,0.0,90.20,597.37,62.23,97.83,62.43,0.9546,15.8200,15.5400,0.0000,0.0000,0.8899,0
719,11:38:08.077,ROI,160,160,224,224,10.77,11.19,0.0,0.0,89.37,600.16,62.17,99.26,61.85,0.9364,16.4700,13.0300,0.0000,0.0000,0.8806,0
720,11:38:08.207,ROI,160,160,224,224,11.39,11.89,0.0,0.0,84.08,606.29,61.38,97.34,62.05,0.8616,16.6100,9.0900,0.0000,0.0000,0.8450,0
721,11:38:08.253,ROI,160,160,224,224,11.27,11.67,22.475,0.0,85.70,608.62,60.96,97.02,61.05,0.9382,14.3300,13.7600,0.0000,0.0000,0.7938,0
722,11:38:08.317,ROI,160,160,224,224,9.90,10.41,0.0,0.0,96.07,610.62,60.90,97.43,61.70,0.9498,14.4800,12.7400,1.2000,-9.6200,0.7984,0
723,11:38:08.381,ROI,160,160,224,224,57.47,57.91,0.0,13.5,17.27,613.75,60.96,97.47,61.43,0.9338,13.7000,10.4100,1.4400,-3.9200,0.7909,0
724,11:38:08.450,ROI,160,160,224,224,36.61,37.09,105.55,0.0,26.96,614.83,60.83,97.43,60.86,0.9690,14.8100,9.8400,2.0800,0.1900,0.8850,0
725,11:38:08.501,ROI,160,160,224,224,16.34,16.80,59.25,46.5,59.51,617.98,60.63,99.50,61.45,0.9294,13.0200,9.7800,1.1900,-8.7100,0.7842,0
726,11:38:08.558,ROI,160,160,224,224,10.50,10.99,0.0,0.0,90.95,619.77,61.15,99.13,60.02,0.9424,15.2400,9.7800,1.6100,-3.5600,0.8684,0
727,11:38:08.606,ROI,160,160,224,224,11.31,11.70,0.0,0.0,85.44,623.35,61.07,98.01,61.78,0.9044,13.4500,8.3500,0.0000,0.0000,0.7684,0
728,11:38:08.734,ROI,160,160,224,224,11.48,12.01,0.0,0.0,83.30,629.17,61.63,97.41,60.10,0.8647,14.4000,3.1900,1.1600,-4.9400,0.7779,0
729,11:38:08.781,ROI,160,160,224,224,10.54,11.07,0.0,0.0,90.33,630.78,61.63,96.61,60.16,0.9666,15.9800,1.1300,1.7500,1.4700,0.9113,0
730,11:38:08.845,ROI,160,160,224,224,10.25,10.84,7.375,0.0,92.29,634.98,61.05,95.03,60.17,0.8993,13.4800,2.8700,0.0000,0.0000,0.8000,0
731,11:38:08.909,ROI,160,160,192,192,13.58,14.07,7.4,0.0,71.05,636.40,60.86,94.09,57.85,0.9334,17.5900,4.0200,1.9700,-15.3200,0.8996,0
732,11:38:08.957,ROI,160,160,192,192,17.98,18.55,11.375,0.0,53.92,639.89,60.83,94.42,57.94,0.9273,15.3800,4.6300,2.0800,-11.8900,0.8920,0
733,11:38:09.021,ROI,160,160,192,192,11.52,12.03,17.2,0.0,83.12,641.35,61.38,94.86,58.01,0.9515,16.7200,4.6200,1.8000,-9.8400,0.9143,0
734,11:38:09.069,ROI,160,160,192,192,11.60,12.11,0.0,0.0,82.57,642.94,61.20,93.86,59.04,0.9503,17.5400,3.7800,2.3600,-6.2400,0.9369,0
735,11:38:09.198,ROI,160,160,192,192,10.81,11.33,0.0,0.0,88.23,648.59,62.03,94.90,59.59,0.8640,15.6400,4.9700,2.5200,-8.8800,0.9114,0
736,11:38:09.262,ROI,160,160,192,192,10.35,10.94,0.0,0.0,91.39,651.59,62.81,91.03,59.48,0.9139,13.7400,-1.0300,0.0000,0.0000,0.8906,0
737,11:38:09.310,ROI,160,160,192,192,13.05,13.69,10.3,0.0,73.04,652.85,63.12,92.41,59.95,0.9629,15.6000,-0.4000,1.2100,-18.1700,0.9247,0
738,11:38:09.372,ROI,160,160,192,192,11.30,11.72,8.1,0.0,85.33,656.88,63.36,92.89,59.54,0.9095,14.0900,-2.0900,1.4500,-24.1200,0.8990,0
739,11:38:09.436,ROI,160,160,192,192,11.61,12.18,7.45,0.0,82.10,658.35,62.99,93.17,60.66,0.9514,13.2800,-1.6700,1.0800,-26.4400,0.8910,0
740,11:38:09.486,ROI,160,160,192,192,12.65,13.03,10.5,0.0,76.73,661.73,63.30,90.41,59.41,0.9102,12.6000,-5.0100,1.2900,-34.9300,0.8708,0
741,11:38:09.613,ROI,160,160,192,192,11.68,12.23,3.425,0.0,81.75,668.18,64.84,95.93,61.85,0.8293,14.5700,-3.4300,1.6900,-22.1800,0.8965,0
742,11:38:09.662,ROI,160,160,192,192,10.82,11.30,10.725,0.0,88.53,669.90,65.08,96.53,61.01,0.9520,13.8500,-10.0300,1.0800,-44.1500,0.8383,0
743,11:38:09.725,ROI,160,160,224,224,12.77,13.15,0.0,0.0,76.05,674.15,64.02,95.34,59.67,0.8848,15.0400,-4.9600,1.8200,-14.1200,0.8340,0
744,11:38:09.790,ROI,160,160,192,192,13.66,14.22,0.0,0.0,70.35,674.32,65.20,93.58,61.25,0.9447,15.4500,-12.2900,0.0000,0.0000,0.7696,0
745,11:38:09.838,ROI,160,160,192,192,12.24,12.70,0.0,0.0,78.72,678.38,65.51,92.12,59.46,0.8904,11.1900,-12.3200,0.0000,0.0000,0.7891,0
746,11:38:09.901,ROI,160,160,192,192,12.37,12.95,7.7,0.0,77.22,679.39,65.68,93.11,60.73,0.9580,15.2400,-8.6400,1.1500,-31.6700,0.8248,0
747,11:38:09.966,ROI,160,160,192,192,10.20,10.76,7.6,0.0,92.95,683.46,66.43,91.09,61.45,0.8940,11.9900,-9.4200,1.7800,-30.0600,0.7716,0
748,11:38:10.014,ROI,160,160,192,192,11.23,11.65,0.0,0.0,85.85,684.18,66.59,92.62,62.66,0.9645,14.3000,-8.2200,1.2900,-29.6100,0.7811,0
749,11:38:10.141,ROI,160,160,192,192,20.11,20.60,3.375,0.0,48.55,688.96,67.48,96.30,65.45,0.8663,14.6000,-8.9800,1.1700,-32.3900,0.7453,0
750,11:38:10.190,ROI,160,160,224,224,16.06,16.63,14.175,0.0,60.13,691.46,66.61,93.79,60.59,0.8791,18.4100,-8.1200,2.2600,-14.2100,0.8940,0
751,11:38:10.254,ROI,160,160,192,192,13.90,14.48,0.0,0.0,69.08,693.87,68.74,96.17,65.16,0.8846,15.5900,-8.8200,2.0800,-36.1100,0.7661,0
752,11:38:10.318,ROI,160,160,224,224,12.15,12.59,0.0,0.0,79.40,696.71,67.89,94.96,62.41,0.9034,19.6200,-5.6800,1.2100,-17.3700,0.8931,0
753,11:38:10.365,ROI,160,160,192,192,10.81,11.38,0.0,0.0,87.85,699.89,68.84,97.13,65.03,0.8991,16.2600,-7.7700,1.9200,-24.9800,0.7865,0
754,11:38:10.429,ROI,160,160,224,224,10.39,10.83,0.0,0.0,92.37,702.92,68.71,94.91,62.44,0.9021,19.3900,-8.1500,2.2600,-18.9200,0.8431,0
755,11:38:10.493,ROI,160,160,192,192,39.88,40.50,0.0,19.3,24.69,704.86,68.81,96.47,62.95,0.9526,15.9300,-4.9300,1.3700,-37.7300,0.8641,0
756,11:38:10.550,ROI,160,160,224,224,25.19,25.72,0.0,0.0,38.88,707.91,69.58,96.45,61.10,0.9118,19.2100,-3.3700,1.8600,-14.3600,0.8810,0
757,11:38:10.669,ROI,160,160,224,224,15.54,16.00,0.0,24.425,62.51,713.03,69.99,96.42,62.55,0.8791,18.2800,-3.6000,1.3100,-20.2300,0.8712,0
758,11:38:10.719,ROI,160,160,224,224,15.91,16.47,0.0,23.725,60.72,716.84,70.15,95.77,62.45,0.9191,18.0500,-3.7900,1.1700,-30.1600,0.8790,0
759,11:38:10.782,ROI,160,160,192,192,10.40,10.79,0.0,0.0,92.67,716.97,71.06,95.92,64.84,0.9606,17.7300,-10.1900,1.3900,-33.7800,0.8207,0
760,11:38:10.847,ROI,160,160,192,192,11.82,12.55,7.2,0.0,79.68,719.95,72.28,97.38,65.54,0.9068,16.6800,-10.0900,1.4800,-38.7700,0.8401,0
761,11:38:10.894,ROI,160,160,224,224,11.18,11.85,11.325,0.0,84.42,722.92,71.75,95.93,62.12,0.8922,19.2700,-11.3300,1.4700,-36.5200,0.8902,0
762,11:38:10.958,ROI,160,160,192,192,17.44,17.95,0.0,21.75,55.70,723.79,72.50,96.16,63.53,0.9590,15.3200,-6.5700,1.0900,-48.0100,0.7832,0
763,11:38:11.021,ROI,160,160,224,224,13.06,13.55,8.6,0.0,73.80,727.77,72.58,96.31,63.71,0.9179,20.6500,-17.6300,2.1300,-29.5300,0.9016,0
764,11:38:11.070,ROI,160,160,224,224,12.71,13.23,0.0,29.525,75.56,728.65,73.78,95.13,64.55,0.9460,20.9700,-12.4300,2.0600,-30.7400,0.8352,0
765,11:38:11.197,ROI,160,160,192,192,10.83,11.45,0.0,34.175,87.34,733.84,75.20,99.71,66.60,0.8619,12.5300,-14.6200,1.5300,-58.0700,0.7009,0
766,11:38:11.247,ROI,160,160,224,224,10.33,10.87,0.0,36.075,91.97,737.62,76.48,95.87,65.09,0.8913,16.9900,-15.3900,1.3300,-55.9600,0.7105,0
767,11:38:11.310,ROI,160,160,192,192,16.50,17.03,0.0,22.95,58.72,739.23,76.44,97.69,64.46,0.9582,14.0700,-22.1800,0.0000,0.0000,0.7631,0
768,11:38:11.374,ROI,160,160,224,224,16.32,16.98,0.0,23.025,58.90,742.96,76.87,98.70,65.21,0.9149,18.3800,-16.4100,1.7300,-30.4900,0.7557,0
769,11:38:11.422,ROI,160,160,224,224,17.48,17.92,0.0,21.825,55.80,744.81,77.99,98.57,65.83,0.9313,19.1000,-20.4800,1.6600,-33.5800,0.7810,0
770,11:38:11.486,ROI,160,160,224,224,11.99,12.35,0.0,0.0,80.97,747.81,79.45,100.41,68.68,0.9025,18.0600,-24.3000,2.1100,-32.4100,0.7850,0
771,11:38:11.598,ROI,160,160,224,224,10.79,11.33,0.0,0.0,88.24,754.77,81.51,102.13,69.37,0.8239,15.0400,-21.3300,1.1600,-26.4000,0.6545,0
772,11:38:11.662,ROI,160,160,224,224,10.06,10.49,7.425,0.0,95.37,756.18,83.13,103.54,70.62,0.9292,15.8700,-25.0000,1.2300,-35.3500,0.7424,0
773,11:38:11.724,ROI,160,160,224,224,10.64,11.19,0.0,0.0,89.40,759.01,84.87,99.61,70.21,0.9014,15.5900,-21.7100,0.0000,0.0000,0.7448,0
774,11:38:11.773,ROI,160,160,224,224,10.90,11.28,10.375,0.0,88.64,760.75,85.43,102.51,70.38,0.9511,15.3400,-19.6000,0.0000,0.0000,0.6494,0
775,11:38:11.839,ROI,160,160,224,224,15.41,15.93,0.0,24.525,62.77,763.64,86.02,99.23,71.22,0.9293,17.0400,-23.3200,0.0000,0.0000,0.7702,0
776,11:38:11.900,ROI,160,160,224,224,8.66,9.12,8.525,42.95,109.67,764.81,86.58,100.27,68.63,0.9419,17.9800,-23.7800,0.0000,0.0000,0.8221,0
777,11:38:11.950,ROI,160,160,224,224,9.84,10.36,9.7,0.0,96.49,765.44,87.21,99.43,69.05,0.9696,17.9000,-25.5000,0.0000,0.0000,0.8609,0
778,11:38:12.079,ROI,160,160,224,224,18.01,18.51,0.0,21.1,54.01,770.85,88.54,96.84,69.15,0.8634,15.5200,-29.9300,0.0000,0.0000,0.8250,0
779,11:38:12.143,ROI,160,160,224,224,13.17,13.63,8.675,28.725,73.38,772.94,89.04,95.61,67.89,0.9403,16.1800,-31.0200,0.0000,0.0000,0.8215,0
780,11:38:12.188,ROI,160,160,192,192,11.94,12.44,0.0,0.0,80.40,774.39,90.64,96.35,68.05,0.9264,17.2600,-34.3000,0.0000,0.0000,0.7787,0
781,11:38:12.252,ROI,160,160,224,224,10.72,11.11,7.525,0.0,90.01,778.33,90.71,97.38,65.53,0.8892,15.3200,-31.1600,0.0000,0.0000,0.8052,0
782,11:38:12.301,ROI,160,160,224,224,11.54,11.95,0.0,0.0,83.69,780.86,91.59,96.67,66.99,0.9249,16.9100,-29.7600,0.0000,0.0000,0.8307,0
783,11:38:12.365,ROI,160,160,224,224,9.52,10.03,0.0,38.95,99.69,784.17,92.83,96.04,66.81,0.9004,15.1200,-38.9100,0.0000,0.0000,0.7228,0
784,11:38:12.430,ROI,160,160,224,224,16.07,16.59,0.0,0.0,60.27,787.08,93.98,96.73,66.14,0.9104,17.7600,-29.6000,0.0000,0.0000,0.8335,0
785,11:38:12.493,ROI,160,160,224,224,9.95,10.43,0.0,37.45,95.87,790.11,96.28,97.34,66.04,0.8782,20.0100,-30.5900,0.0000,0.0000,0.8132,0
786,11:38:12.542,ROI,160,160,224,224,19.91,20.41,0.0,0.0,49.00,792.42,97.20,97.83,65.42,0.9279,19.7100,-32.0900,0.0000,0.0000,0.7960,0
787,11:38:12.670,ROI,160,160,224,224,14.54,15.19,3.65,0.0,65.84,795.25,99.47,97.13,68.31,0.8835,18.2100,-33.3500,0.0000,0.0000,0.7141,0
788,11:38:12.718,ROI,160,160,224,224,12.97,13.39,0.0,0.0,74.66,797.94,100.65,99.62,69.38,0.9156,19.9100,-29.5500,0.0000,0.0000,0.7512,0
789,11:38:12.781,ROI,160,160,224,224,9.65,10.19,7.825,0.0,98.15,799.80,101.37,98.46,70.17,0.9437,20.3400,-37.0300,0.0000,0.0000,0.7421,0
790,11:38:12.830,ROI,160,160,224,224,12.52,12.99,0.0,0.0,76.96,800.82,102.12,98.77,70.46,0.9593,20.9200,-38.9400,0.0000,0.0000,0.7782,0
791,11:38:12.895,ROI,160,160,224,224,12.02,12.55,7.475,0.0,79.69,804.96,103.78,96.84,70.22,0.8780,17.4300,-43.8000,0.0000,0.0000,0.7163,0
792,11:38:12.958,ROI,160,160,224,224,11.47,11.91,0.0,32.85,84.00,806.77,103.89,97.89,71.53,0.9461,17.8500,-41.5200,0.0000,0.0000,0.7085,0
793,11:38:13.021,ROI,160,160,224,224,14.38,14.92,7.625,0.0,67.04,809.60,105.06,96.07,71.02,0.9139,18.2400,-45.1100,0.0000,0.0000,0.7834,0
794,11:38:13.069,ROI,160,160,224,224,10.15,10.64,0.0,36.7,93.96,811.25,105.67,97.47,72.51,0.9468,18.3200,-42.5600,0.0000,0.0000,0.8105,0
795,11:38:13.184,ROI,160,160,224,224,13.53,13.91,0.0,0.0,71.88,815.16,108.36,94.54,70.84,0.8573,17.4100,-47.8400,0.0000,0.0000,0.7601,0
796,11:38:13.245,ROI,160,160,192,192,9.02,9.60,8.3,0.0,104.14,818.41,109.48,98.26,68.94,0.9068,16.2100,-38.3700,0.0000,0.0000,0.7591,0
797,11:38:13.309,ROI,160,160,224,224,11.17,11.56,0.0,33.8,86.50,820.87,111.03,98.24,68.92,0.9100,16.6200,-36.1600,0.0000,0.0000,0.7780,0
798,11:38:13.376,ROI,160,160,224,224,11.29,11.58,0.0,0.0,86.32,823.19,112.10,96.04,68.14,0.9247,16.1400,-38.1800,0.0000,0.0000,0.7630,0
799,11:38:13.423,ROI,160,160,224,224,13.11,13.73,10.975,0.0,72.85,825.65,112.99,96.33,69.57,0.9264,17.7600,-40.5900,0.0000,0.0000,0.7660,0
800,11:38:13.485,ROI,160,160,224,224,11.05,11.50,0.0,0.0,86.94,828.23,114.84,97.69,71.09,0.9006,18.4200,-45.9900,0.0000,0.0000,0.7943,0
801,11:38:13.598,ROI,160,160,224,224,15.99,16.56,3.85,23.6,60.40,832.49,116.81,97.76,70.38,0.8687,17.6000,-42.3200,0.0000,0.0000,0.8273,0
802,11:38:13.669,ROI,160,160,224,224,33.98,34.77,0.0,0.0,28.76,835.85,118.65,99.83,72.90,0.8888,17.9700,-41.9800,0.0000,0.0000,0.8562,0
803,11:38:13.717,ROI,160,160,224,224,14.64,15.09,0.0,0.0,66.28,837.66,120.14,97.83,73.26,0.9261,18.5100,-42.8800,0.0000,0.0000,0.8428,0
804,11:38:13.775,ROI,160,160,224,224,22.99,23.97,0.0,0.0,41.72,840.95,120.29,97.61,72.04,0.9198,17.3100,-41.3900,0.0000,0.0000,0.8093,0
805,11:38:13.840,ROI,160,160,224,224,18.41,19.11,0.0,20.45,52.33,842.45,120.63,97.86,71.25,0.9592,17.8300,-43.0000,0.0000,0.0000,0.7846,0
806,11:38:13.903,ROI,160,160,224,224,26.32,26.94,0.0,29.0,37.12,844.49,121.76,94.12,71.09,0.9288,18.8100,-45.2900,0.0000,0.0000,0.8008,0
807,11:38:13.953,ROI,160,160,192,192,19.29,19.76,0.0,19.775,50.61,845.14,122.42,93.76,70.14,0.9683,15.2700,-46.2200,0.0000,0.0000,0.6783,0
808,11:38:14.063,ROI,160,160,192,192,18.75,19.31,0.0,0.0,51.80,848.76,124.05,93.31,69.32,0.8846,14.8500,-44.9900,1.3400,-53.9000,0.7355,0
809,11:38:14.125,ROI,160,160,192,192,15.07,15.57,9.1,25.125,64.23,851.98,125.50,94.49,71.84,0.8970,14.9200,-47.7500,1.0400,-54.5300,0.7108,0
810,11:38:14.190,ROI,160,160,192,192,18.52,19.03,7.975,0.0,52.55,853.83,127.64,95.21,70.56,0.9067,15.6300,-49.8000,0.0000,0.0000,0.7607,0
811,11:38:14.253,ROI,160,160,192,192,15.65,16.24,0.0,0.0,61.59,857.21,130.13,95.38,72.80,0.8709,17.1600,-52.6600,0.0000,0.0000,0.7610,0
812,11:38:14.302,ROI,160,160,192,192,14.40,14.91,0.0,26.2,67.08,859.81,130.80,95.05,73.12,0.9301,17.3200,-53.4700,0.0000,0.0000,0.7313,0
813,11:38:14.367,ROI,160,160,192,192,14.52,14.94,0.0,26.15,66.94,862.84,134.24,95.36,75.26,0.8576,16.1600,-54.9600,0.0000,0.0000,0.7229,0
814,11:38:14.430,ROI,160,160,192,192,14.05,14.57,0.0,26.825,68.63,864.86,134.73,92.70,74.92,0.9456,17.1900,-53.0600,0.0000,0.0000,0.7374,0
815,11:38:14.480,ROI,160,160,192,192,17.07,17.64,11.1,22.15,56.69,868.56,137.44,90.89,74.64,0.8602,15.0800,-59.7300,0.0000,0.0000,0.6786,0
816,11:38:14.593,ROI,160,160,192,192,26.19,26.76,0.0,0.0,37.37,871.56,140.32,89.69,77.16,0.8694,13.9400,-61.7000,0.0000,0.0000,0.6221,0
817,11:38:14.659,ROI,160,160,192,192,29.46,31.37,0.0,12.45,31.88,874.67,141.96,90.12,79.48,0.8962,14.0500,-59.2900,0.0000,0.0000,0.6631,0
818,11:38:14.724,ROI,160,160,192,192,30.51,31.01,11.625,12.6,32.24,875.79,142.50,89.38,78.54,0.9622,14.4000,-60.5000,0.0000,0.0000,0.6447,0
819,11:38:14.786,ROI,160,160,192,192,46.67,47.12,24.55,8.3,21.22,879.15,145.62,88.80,81.16,0.8598,14.0000,-63.7900,0.0000,0.0000,0.6121,0
820,11:38:14.874,ROI,160,160,192,192,44.89,45.32,19.325,16.6,22.07,878.42,145.35,93.55,81.91,0.9404,14.8900,-64.6000,0.0000,0.0000,0.6701,0
821,11:38:14.942,ROI,160,160,192,192,16.29,16.75,57.025,23.325,59.70,880.98,148.06,94.37,83.18,0.8883,14.5700,-64.3400,0.0000,0.0000,0.6422,0
822,11:38:14.991,ROI,160,160,192,192,148.62,149.18,0.0,0.0,6.70,882.02,149.24,94.22,83.78,0.9513,14.9200,-64.2700,0.0000,0.0000,0.6454,0
823,11:38:15.269,ROI,160,160,192,192,27.73,28.90,3.025,0.0,34.60,884.26,150.49,95.76,81.46,0.9263,14.7300,-62.8200,0.0000,0.0000,0.6508,0
824,11:38:15.314,ROI,160,160,192,192,21.83,22.33,25.15,0.0,44.78,893.35,157.31,97.80,86.69,0.7127,15.8100,-76.4800,0.0000,0.0000,0.7958,0
825,11:38:15.358,ROI,160,160,224,224,28.02,28.56,0.0,13.675,35.02,894.34,159.07,96.95,78.04,0.8825,14.1000,-73.4400,0.0000,0.0000,0.6604,0
826,11:38:15.424,ROI,160,160,224,224,29.02,29.53,0.0,0.0,33.86,894.95,161.07,98.55,80.36,0.9355,14.2200,-73.8800,0.0000,0.0000,0.6430,0
827,11:38:15.470,ROI,160,160,224,224,28.59,29.23,23.125,0.0,34.21,897.43,162.97,99.50,78.29,0.9078,13.0200,-77.5900,0.0000,0.0000,0.6022,0
828,11:38:15.609,ROI,160,160,224,224,21.34,21.88,0.0,0.0,45.70,899.87,166.10,99.08,80.84,0.8817,14.7100,-77.4400,0.0000,0.0000,0.6428,0
829,11:38:15.671,ROI,160,160,224,224,18.36,18.84,0.0,20.75,53.08,903.72,167.58,96.22,81.07,0.8922,13.6100,-75.6300,0.0000,0.0000,0.6179,0
830,11:38:15.720,ROI,160,160,224,224,25.13,25.95,0.0,0.0,38.54,907.52,169.35,91.34,82.54,0.8848,13.6200,-77.0300,0.0000,0.0000,0.6132,0
831,11:38:15.782,ROI,160,160,192,192,25.41,25.96,0.0,15.05,38.51,910.04,173.04,91.72,84.71,0.8684,12.6300,-73.9200,0.0000,0.0000,0.5765,0
832,11:38:15.831,ROI,160,160,192,192,19.62,20.11,16.575,0.0,49.73,909.60,173.65,93.55,85.79,0.9666,14.3700,-71.2900,0.0000,0.0000,0.7105,0
833,11:38:15.893,ROI,160,160,192,192,20.75,21.22,0.0,0.0,47.12,913.14,177.73,90.37,89.14,0.8467,12.8900,-75.8900,1.4600,-72.7000,0.6418,0
834,11:38:16.016,ROI,160,160,192,192,16.63,17.25,3.85,0.0,57.99,915.83,179.81,91.31,91.44,0.9010,14.9800,-73.4000,0.0000,0.0000,0.7058,0
835,11:38:16.064,ROI,160,160,192,192,17.47,18.01,0.0,0.0,55.52,916.67,181.23,92.46,91.80,0.9522,15.2600,-74.1100,0.0000,0.0000,0.7159,0
836,11:38:16.142,ROI,160,160,192,192,11.06,11.59,0.0,0.0,86.29,918.28,184.14,92.24,90.44,0.9068,15.9600,-75.8100,0.0000,0.0000,0.7151,0
837,11:38:16.179,ROI,160,160,192,192,14.36,14.95,0.0,26.15,66.88,919.34,185.45,92.69,90.19,0.9497,14.9900,-76.5300,0.0000,0.0000,0.6723,0
838,11:38:16.245,ROI,160,160,192,192,12.22,12.67,0.0,0.0,78.93,922.05,188.23,91.58,90.08,0.8881,16.7800,-75.5400,0.0000,0.0000,0.7371,0
839,11:38:16.308,ROI,160,160,192,192,11.26,11.66,0.0,0.0,85.73,922.88,190.12,91.87,91.70,0.9423,15.5600,-77.5800,0.0000,0.0000,0.6826,0
840,11:38:16.356,ROI,160,160,192,192,13.35,13.89,0.0,28.125,72.00,924.10,190.34,91.58,91.46,0.9692,15.6100,-81.3100,0.0000,0.0000,0.6312,0
841,11:38:16.492,ROI,160,160,192,192,10.68,11.06,0.0,0.0,90.41,926.76,194.33,93.04,92.87,0.8675,16.3100,-79.1900,0.0000,0.0000,0.6460,0
842,11:38:16.527,ROI,160,160,192,192,14.79,15.34,0.0,0.0,65.20,928.81,197.18,92.54,92.51,0.9009,16.9900,-76.3900,0.0000,0.0000,0.7290,0
843,11:38:16.594,ROI,160,160,192,192,15.73,16.14,0.0,0.0,61.98,928.94,199.03,92.81,91.44,0.9579,16.7900,-77.2200,0.0000,0.0000,0.7488,0
844,11:38:16.663,ROI,160,160,192,192,9.07,9.42,0.0,41.525,106.11,931.90,201.24,90.68,91.02,0.8942,16.8000,-78.1800,0.0000,0.0000,0.7604,0
845,11:38:16.712,ROI,160,160,192,192,10.78,11.19,0.0,34.925,89.36,932.79,203.38,91.34,91.52,0.9363,15.8900,-78.8800,0.0000,0.0000,0.7237,0
846,11:38:16.773,ROI,160,160,192,192,18.05,18.75,0.0,41.65,53.32,933.56,206.19,94.24,93.82,0.9126,15.5300,-76.3400,0.0000,0.0000,0.7195,0
847,11:38:16.842,ROI,160,160,192,192,20.23,20.63,0.0,0.0,48.46,933.94,207.76,95.04,92.15,0.9588,15.8600,-78.8400,0.0000,0.0000,0.7223,0
848,11:38:16.877,ROI,160,160,192,192,14.36,14.92,0.0,0.0,67.05,936.79,210.62,92.86,93.13,0.8863,15.6800,-80.3100,0.0000,0.0000,0.7016,0
849,11:38:17.012,ROI,160,160,192,192,19.63,20.12,0.0,19.425,49.71,939.14,215.06,93.68,94.16,0.8666,16.9200,-85.3000,0.0000,0.0000,0.7012,0
850,11:38:17.066,ROI,160,160,192,192,33.57,34.07,0.0,0.0,29.35,940.48,216.82,93.74,93.42,0.9367,15.9300,-81.5500,0.0000,0.0000,0.7201,0
851,11:38:17.126,ROI,160,160,192,192,21.26,21.71,15.55,35.975,46.05,941.36,218.12,92.58,92.52,0.9544,16.4700,-81.9600,0.0000,0.0000,0.7634,0
852,11:38:17.189,ROI,160,160,192,192,14.07,14.43,0.0,0.0,69.30,943.06,220.53,91.61,91.40,0.9152,16.8200,-82.4800,0.0000,0.0000,0.7367,0
853,11:38:17.249,ROI,160,160,192,192,15.09,16.36,0.0,23.875,61.11,943.50,222.52,92.99,91.37,0.9435,16.9400,-84.0500,0.0000,0.0000,0.7895,0
854,11:38:17.299,ROI,160,160,192,192,10.36,10.69,0.0,0.0,93.58,945.35,224.95,90.25,91.24,0.9115,17.0800,-85.4400,0.0000,0.0000,0.7722,0
855,11:38:17.359,ROI,160,160,192,192,16.08,16.58,7.825,0.0,60.33,946.09,226.40,91.09,89.90,0.9532,16.6300,-85.4000,0.0000,0.0000,0.7969,0
856,11:38:17.406,ROI,160,160,192,192,11.08,11.43,0.0,0.0,87.51,948.38,229.80,89.05,91.80,0.8837,16.3000,-85.8400,0.0000,0.0000,0.7347,0
857,11:38:17.546,ROI,160,160,192,192,26.88,27.42,6.075,0.0,36.47,950.90,232.78,87.32,91.07,0.8862,16.9500,-88.6400,0.0000,0.0000,0.7812,0
858,11:38:17.609,ROI,160,160,192,192,29.59,30.17,11.05,12.95,33.15,951.30,235.44,86.33,88.72,0.9319,16.2200,-89.9400,0.0000,0.0000,0.7756,0
859,11:38:17.657,ROI,160,160,192,192,16.77,17.34,0.0,22.525,57.65,952.13,237.51,86.96,89.59,0.9370,16.6300,-91.5400,0.0000,0.0000,0.7726,0
860,11:38:17.697,ROI,160,160,192,192,14.13,15.34,0.0,0.0,65.19,953.13,238.92,86.17,90.02,0.9473,16.5600,-91.8600,0.0000,0.0000,0.7842,0
861,11:38:17.764,ROI,160,160,192,192,20.97,21.59,0.0,18.1,46.32,954.80,241.86,86.60,91.25,0.9025,16.2500,-90.5200,0.0000,0.0000,0.7970,0
862,11:38:17.826,ROI,160,160,192,192,16.00,18.41,0.0,0.0,54.31,954.29,242.40,87.79,89.38,0.9665,15.3700,-91.8500,0.0000,0.0000,0.7904,0
863,11:38:17.877,ROI,160,160,192,192,18.31,18.87,12.15,20.725,53.01,955.85,244.09,87.16,90.76,0.9302,14.7600,-91.7800,0.0000,0.0000,0.7823,0
864,11:38:18.013,ROI,160,160,192,192,15.87,16.57,0.0,0.0,60.36,957.66,249.51,87.47,92.87,0.8542,16.9200,-89.3300,0.0000,0.0000,0.7902,0
865,11:38:18.060,ROI,160,160,192,192,13.35,13.78,0.0,0.0,72.55,958.40,253.64,87.17,93.12,0.9001,16.2300,-89.3600,0.0000,0.0000,0.7538,0
866,11:38:18.125,ROI,160,160,192,192,16.90,17.48,7.7,0.0,57.20,958.85,254.61,87.67,93.28,0.9696,17.2800,-89.1800,0.0000,0.0000,0.7921,0
867,11:38:18.188,ROI,160,160,192,192,16.24,16.79,0.0,0.0,59.56,959.88,257.07,88.30,94.08,0.9273,15.9000,-90.5200,0.0000,0.0000,0.7214,0
868,11:38:18.236,ROI,160,160,192,192,20.34,20.82,50.425,18.775,48.02,961.03,258.13,86.17,93.02,0.9525,16.0300,-91.0400,0.0000,0.0000,0.7678,0
869,11:38:18.294,ROI,160,160,192,192,24.02,24.51,0.0,15.95,40.81,962.24,262.00,86.89,94.56,0.8964,16.7900,-90.5600,0.0000,0.0000,0.7874,0
870,11:38:18.409,ROI,160,160,192,192,16.36,16.93,12.975,23.1,59.06,964.28,268.07,86.29,97.24,0.8427,17.2600,-91.8800,0.0000,0.0000,0.7863,0
871,11:38:18.470,ROI,160,160,224,224,20.69,21.12,8.7,18.5,47.35,964.62,269.50,84.13,100.23,0.9465,15.9500,-89.8300,0.0000,0.0000,0.8509,0
872,11:38:18.528,ROI,160,160,224,224,12.99,13.62,10.825,28.7,73.44,963.72,273.97,87.68,102.21,0.8794,16.1400,-91.8200,0.0000,0.0000,0.8463,0
873,11:38:18.577,ROI,160,160,224,224,17.63,18.30,10.75,0.0,54.66,965.11,275.30,85.92,99.47,0.9425,15.5700,-90.2900,0.0000,0.0000,0.8538,0
874,11:38:18.641,ROI,160,160,224,224,15.52,16.00,0.0,0.0,62.50,965.53,276.51,85.13,100.56,0.9666,15.3900,-90.3700,0.0000,0.0000,0.8553,0
875,11:38:18.704,ROI,160,160,224,224,11.23,11.75,0.0,0.0,85.07,965.83,278.73,86.07,99.75,0.9465,16.0800,-90.9900,0.0000,0.0000,0.8441,0
876,11:38:18.762,ROI,160,160,224,224,11.26,11.71,0.0,0.0,85.41,965.70,280.42,85.85,99.48,0.9638,16.0000,-91.4700,0.0000,0.0000,0.8321,0
877,11:38:18.890,ROI,160,160,224,224,18.93,19.39,0.0,0.0,51.58,967.87,284.72,85.40,99.30,0.8736,15.7200,-91.7000,0.0000,0.0000,0.7813,0
878,11:38:18.937,ROI,160,160,224,224,9.50,9.98,0.0,0.0,100.22,970.00,286.66,82.56,97.16,0.9143,14.5600,-92.2500,0.0000,0.0000,0.8088,0
879,11:38:18.995,ROI,160,160,224,224,8.95,9.37,0.0,41.725,106.72,968.76,288.95,83.99,98.56,0.9268,15.5200,-92.5300,0.0000,0.0000,0.7978,0
880,11:38:19.061,ROI,160,160,224,224,9.11,9.75,0.0,0.0,102.55,969.79,291.02,83.51,96.49,0.9356,14.7200,-92.9400,0.0000,0.0000,0.8065,0
881,11:38:19.107,ROI,160,160,224,224,9.51,9.93,10.625,39.325,100.66,968.80,293.83,85.27,95.51,0.9221,14.8700,-94.3400,0.0000,0.0000,0.8265,0
882,11:38:19.171,ROI,160,160,192,192,20.06,20.62,7.25,18.975,48.50,969.07,302.42,91.13,104.83,0.7897,17.9900,-91.3200,0.0000,0.0000,0.8341,0
883,11:38:19.243,ROI,160,160,224,224,9.58,10.01,0.0,0.0,99.94,968.80,300.87,85.53,98.20,0.8791,15.0700,-93.8000,0.0000,0.0000,0.8758,0
884,11:38:19.292,ROI,160,160,224,224,9.86,10.36,0.0,0.0,96.51,969.40,303.54,89.22,98.52,0.9087,15.6400,-95.2600,0.0000,0.0000,0.7664,0
885,11:38:19.412,ROI,160,160,224,224,12.09,12.69,3.55,30.8,78.82,970.39,309.38,87.05,101.25,0.8693,16.2500,-95.2000,0.0000,0.0000,0.7400,0
886,11:38:19.462,ROI,160,160,224,224,12.86,13.57,0.0,0.0,73.71,969.86,310.34,89.88,101.84,0.9506,16.5200,-95.4000,0.0000,0.0000,0.7856,0
887,11:38:19.525,ROI,160,160,224,224,11.24,11.65,0.0,33.575,85.80,970.96,310.92,90.93,100.87,0.9650,17.2700,-94.5200,0.0000,0.0000,0.7950,0
888,11:38:19.588,ROI,160,160,224,224,12.11,12.67,0.0,30.9,78.95,970.03,313.40,94.53,96.91,0.9164,16.7100,-95.6400,0.0000,0.0000,0.7409,0
889,11:38:19.636,ROI,160,160,224,224,10.60,11.02,22.025,35.475,90.76,968.29,314.89,96.15,95.30,0.9355,15.8100,-95.6400,0.0000,0.0000,0.7506,0
890,11:38:19.698,ROI,160,160,224,224,13.70,14.19,7.7,27.575,70.48,969.20,318.55,94.75,94.18,0.9087,15.8600,-94.0700,0.0000,0.0000,0.7790,0
891,11:38:19.762,ROI,160,160,192,192,12.57,13.11,7.9,0.0,76.29,970.61,323.80,93.84,102.38,0.8739,18.9200,-95.1300,0.0000,0.0000,0.8206,0
892,11:38:19.810,ROI,160,160,224,224,12.28,12.75,0.0,0.0,78.42,967.16,324.93,102.54,103.53,0.8956,18.8000,-97.4800,0.0000,0.0000,0.8423,0
893,11:38:19.937,ROI,160,160,224,224,19.63,20.34,0.0,0.0,49.17,968.37,328.66,98.95,97.93,0.8964,16.0000,-94.6900,0.0000,0.0000,0.7511,0
894,11:38:19.995,ROI,160,160,224,224,9.68,10.24,0.0,38.175,97.61,968.60,332.76,101.21,100.73,0.9008,17.2300,-93.3300,0.0000,0.0000,0.7836,0
895,11:38:20.045,ROI,160,160,224,224,15.04,15.60,0.0,0.0,64.12,968.43,336.12,101.15,100.58,0.9325,16.6500,-92.6400,0.0000,0.0000,0.8120,0
896,11:38:20.111,ROI,160,160,224,224,11.22,11.76,0.0,0.0,85.02,968.63,336.88,98.98,103.71,0.9496,17.5300,-95.6600,0.0000,0.0000,0.8001,0
897,11:38:20.159,ROI,160,160,224,224,9.72,10.20,0.0,0.0,98.05,967.73,340.45,99.55,102.37,0.9169,18.8300,-94.0200,0.0000,0.0000,0.8235,0
898,11:38:20.222,ROI,160,160,224,224,12.34,12.77,0.0,0.0,78.32,967.24,342.34,100.97,107.27,0.9410,18.8900,-96.2200,0.0000,0.0000,0.8017,0
899,11:38:20.286,ROI,160,160,224,224,10.94,11.36,0.0,34.45,88.00,966.64,345.02,99.99,105.66,0.9397,18.5900,-95.5700,0.0000,0.0000,0.7948,0
900,11:38:20.399,ROI,160,160,224,224,12.25,12.82,0.0,30.475,78.02,965.59,349.91,101.71,104.72,0.8934,19.6900,-97.6500,0.0000,0.0000,0.8158,0
901,11:38:20.463,ROI,160,160,224,224,11.98,12.44,0.0,31.4,80.36,965.64,352.36,98.90,104.65,0.9285,18.8900,-98.9500,1.8600,-100.5800,0.8288,0
902,11:38:20.512,ROI,160,160,224,224,10.62,11.10,0.0,0.0,90.09,965.57,353.85,100.69,107.21,0.9550,18.6800,-98.7400,1.2100,-98.7200,0.8141,0
903,11:38:20.574,ROI,160,160,224,224,11.77,12.31,0.0,0.0,81.23,965.13,356.18,101.42,109.35,0.9495,20.0100,-98.8000,1.0100,-100.4700,0.8424,0
904,11:38:20.638,ROI,160,160,224,224,10.39,10.87,0.0,0.0,91.98,964.71,357.99,102.56,109.83,0.9568,19.6400,-99.2200,0.0000,0.0000,0.8393,0
905,11:38:20.697,ROI,160,160,224,224,9.46,10.15,8.0,0.0,98.51,964.10,364.03,104.19,110.92,0.8829,20.5800,-100.4200,0.0000,0.0000,0.8442,0
906,11:38:20.826,ROI,160,160,224,224,8.21,8.60,3.275,0.0,116.24,962.00,368.84,104.92,112.35,0.8826,16.5800,-110.2700,0.0000,0.0000,0.8382,0
907,11:38:20.876,ROI,160,160,256,256,8.50,8.85,9.6,0.0,113.06,964.28,371.14,102.80,110.34,0.9190,16.3900,-104.1200,0.0000,0.0000,0.8412,0
908,11:38:20.927,ROI,160,160,224,224,9.33,9.86,9.225,0.0,101.45,961.23,373.44,103.22,109.41,0.9049,16.7800,-110.6900,0.0000,0.0000,0.8289,0
909,11:38:21.003,ROI,160,160,224,224,17.32,18.33,0.0,0.0,54.57,961.17,376.28,103.64,111.31,0.9460,17.0100,-110.0100,0.0000,0.0000,0.8211,0
910,11:38:21.062,ROI,160,160,224,224,12.01,12.71,0.0,0.0,78.66,959.54,378.21,102.45,110.60,0.9362,16.5600,-113.0500,0.0000,0.0000,0.8057,0
911,11:38:21.112,ROI,160,160,224,224,9.14,10.03,0.0,39.1,99.66,958.76,380.46,104.29,112.81,0.9438,16.7800,-114.1500,0.0000,0.0000,0.8356,0
912,11:38:21.179,ROI,160,160,256,256,8.99,9.40,0.0,41.575,106.38,958.10,382.98,102.58,113.55,0.9413,15.9300,-113.5800,0.0000,0.0000,0.8546,0
913,11:38:21.214,ROI,160,160,256,256,13.10,13.80,0.0,28.3,72.45,957.33,384.74,102.58,112.62,0.9552,15.3900,-114.6800,0.0000,0.0000,0.8809,0
914,11:38:21.278,ROI,160,160,256,256,12.69,13.69,0.0,28.55,73.04,955.75,389.79,102.86,113.06,0.8877,15.9100,-117.2300,0.0000,0.0000,0.8795,0
915,11:38:21.393,ROI,160,160,256,256,10.53,11.15,0.0,0.0,89.73,953.88,394.38,103.23,114.32,0.8908,14.9300,-120.2600,0.0000,0.0000,0.8679,0
916,11:38:21.456,ROI,160,160,256,256,15.26,15.81,0.0,0.0,63.26,951.91,398.26,104.30,116.98,0.9013,14.3800,-121.5800,0.0000,0.0000,0.8684,0
917,11:38:21.525,ROI,160,160,256,256,14.23,14.57,0.0,26.8,68.61,950.30,399.06,103.06,116.26,0.9563,14.6100,-121.8400,0.0000,0.0000,0.8563,0
918,11:38:21.589,ROI,160,160,256,256,15.97,16.49,0.0,23.7,60.65,947.73,403.82,105.84,120.94,0.8797,14.8000,-121.9900,0.0000,0.0000,0.8532,0
919,11:38:21.646,ROI,160,160,256,256,9.89,10.33,9.65,0.0,96.83,946.87,406.78,104.67,122.94,0.9377,14.6300,-120.8000,0.0000,0.0000,0.8384,0
920,11:38:21.709,ROI,160,160,256,256,9.52,10.12,0.0,0.0,98.83,944.94,409.41,105.47,123.55,0.9243,14.4600,-123.4800,0.0000,0.0000,0.8354,0
921,11:38:21.763,ROI,160,160,256,256,8.32,8.70,8.85,0.0,114.92,943.31,411.00,106.38,122.35,0.9453,14.6400,-122.5100,0.0000,0.0000,0.8343,0
922,11:38:21.809,ROI,160,160,256,256,10.54,11.01,0.0,0.0,90.82,941.50,415.62,108.64,123.71,0.8977,14.7300,-123.8700,0.0000,0.0000,0.8579,0
923,11:38:21.948,ROI,160,160,256,256,9.27,9.63,0.0,40.6,103.89,939.13,422.36,109.89,129.31,0.8624,15.7800,-123.4400,0.0000,0.0000,0.8890,0
924,11:38:21.997,ROI,160,160,288,288,10.25,10.64,0.0,36.7,93.95,938.57,425.29,109.57,129.62,0.9462,14.6500,-123.6900,0.0000,0.0000,0.8288,0
925,11:38:22.046,ROI,160,160,288,288,9.14,9.79,0.0,0.0,102.10,937.62,427.79,109.57,127.53,0.9458,14.5300,-123.9700,0.0000,0.0000,0.8481,0
926,11:38:22.111,ROI,160,160,256,256,8.20,8.57,7.125,0.0,116.73,934.55,430.06,109.65,126.10,0.9132,15.2800,-122.3700,0.0000,0.0000,0.8343,0
927,11:38:22.157,ROI,160,160,256,256,9.76,10.21,0.0,0.0,97.95,931.33,430.56,112.05,124.22,0.9300,15.0100,-124.8100,0.0000,0.0000,0.8136,0
928,11:38:22.238,ROI,160,160,256,256,11.79,12.44,0.0,0.0,80.36,930.90,431.81,113.87,121.06,0.9593,15.9000,-125.7800,0.0000,0.0000,0.8228,0
929,11:38:22.286,ROI,160,160,256,256,14.67,15.16,0.0,0.0,65.94,928.59,433.51,115.63,121.49,0.9344,17.0900,-127.3800,0.0000,0.0000,0.8522,0
930,11:38:22.398,ROI,160,160,256,256,10.07,10.42,0.0,0.0,95.97,926.19,436.41,115.26,120.85,0.9153,16.2600,-128.2800,0.0000,0.0000,0.8390,0
931,11:38:22.462,ROI,160,160,256,256,20.76,21.20,0.0,18.4,47.16,923.50,439.92,116.00,120.85,0.9018,16.5400,-128.5500,0.0000,0.0000,0.8424,0
932,11:38:22.517,ROI,160,160,256,256,19.42,20.16,0.0,19.375,49.61,922.41,440.97,117.78,121.54,0.9647,17.7400,-126.7600,0.0000,0.0000,0.8661,0
933,11:38:22.581,ROI,160,160,256,256,16.69,17.30,0.0,0.0,57.80,920.24,442.77,117.57,119.15,0.9359,17.4700,-126.7300,0.0000,0.0000,0.8682,0
934,11:38:22.646,ROI,160,160,256,256,8.94,9.45,0.0,0.0,105.79,918.48,442.96,119.12,117.97,0.9612,18.0200,-128.1300,0.0000,0.0000,0.8553,0
935,11:38:22.696,ROI,160,160,256,256,10.12,10.51,0.0,37.175,95.12,917.26,445.66,118.00,116.99,0.9360,17.3300,-127.2700,0.0000,0.0000,0.8801,0
936,11:38:22.829,ROI,160,160,256,256,9.70,10.12,0.0,0.0,98.83,908.36,451.03,129.60,117.31,0.7945,16.7900,-128.3700,0.0000,0.0000,0.8467,0
937,11:38:22.862,ROI,160,160,288,288,9.91,10.31,0.0,0.0,96.98,907.21,452.53,127.87,115.74,0.9575,17.1700,-132.5400,0.0000,0.0000,0.8372,0
938,11:38:22.929,ROI,160,160,256,256,9.02,9.39,0.0,0.0,106.51,906.34,457.26,129.39,115.84,0.9096,17.9600,-130.2100,0.0000,0.0000,0.8821,0
939,11:38:22.996,ROI,160,160,288,288,10.82,11.25,0.0,34.725,88.89,904.69,457.40,127.10,112.97,0.9504,14.6900,-129.8700,0.0000,0.0000,0.8203,0
940,11:38:23.047,ROI,160,160,256,256,15.39,15.81,0.0,24.7,63.26,903.38,460.70,129.14,114.46,0.9249,17.0000,-130.0300,0.0000,0.0000,0.8596,0
941,11:38:23.113,ROI,160,160,288,288,8.64,9.05,0.0,0.0,110.50,901.56,462.39,126.52,115.99,0.9443,15.8800,-129.4900,0.0000,0.0000,0.8209,0
942,11:38:23.179,ROI,160,160,256,256,8.85,9.26,6.875,0.0,107.94,898.79,465.94,126.29,116.51,0.9017,15.4500,-128.2300,0.0000,0.0000,0.8332,0
943,11:38:23.214,ROI,160,160,256,256,8.39,8.79,0.0,0.0,113.81,897.95,467.14,124.72,116.67,0.9666,15.6800,-127.9000,0.0000,0.0000,0.8081,0
944,11:38:23.345,ROI,160,160,256,256,9.04,9.46,6.425,0.0,105.68,894.79,471.11,120.91,115.33,0.8883,14.9500,-128.6700,0.0000,0.0000,0.8032,0
945,11:38:23.394,ROI,160,160,256,256,12.06,12.62,0.0,30.975,79.23,894.35,472.31,118.34,116.10,0.9589,15.4900,-126.9500,0.0000,0.0000,0.7937,0
946,11:38:23.462,ROI,160,160,256,256,8.53,8.94,0.0,0.0,111.86,890.75,474.83,123.73,117.15,0.9033,14.4000,-127.8300,0.0000,0.0000,0.8122,0
947,11:38:23.530,ROI,160,160,256,256,9.54,10.06,0.0,0.0,99.37,888.34,475.74,124.14,113.26,0.9305,15.9200,-128.5900,0.0000,0.0000,0.8213,0
948,11:38:23.578,ROI,160,160,256,256,10.11,10.81,0.0,0.0,92.50,883.50,478.39,130.50,114.50,0.8860,15.6100,-132.8700,0.0000,0.0000,0.8315,0
949,11:38:23.645,ROI,160,160,288,288,15.71,16.35,6.9,0.0,61.16,884.93,479.19,120.40,112.99,0.9099,13.2700,-129.6700,0.0000,0.0000,0.7988,0
950,11:38:23.695,ROI,160,160,256,256,14.20,14.86,0.0,52.625,67.30,880.16,481.66,130.08,113.14,0.8874,15.4400,-135.1700,0.0000,0.0000,0.8494,0
951,11:38:23.746,ROI,160,160,288,288,11.38,11.83,0.0,0.0,84.51,878.63,483.05,126.97,112.34,0.9524,13.9900,-131.9200,0.0000,0.0000,0.7993,0
952,11:38:23.878,ROI,160,160,256,256,8.87,9.35,0.0,0.0,106.93,872.13,487.18,137.17,114.93,0.8448,17.2500,-131.5800,0.0000,0.0000,0.8757,0
953,11:38:23.928,ROI,160,160,288,288,9.59,10.22,0.0,0.0,97.86,871.39,490.26,129.28,114.08,0.8942,16.0200,-133.2000,0.0000,0.0000,0.8059,0
954,11:38:23.996,ROI,160,160,288,288,8.96,9.37,0.0,41.7,106.73,867.78,491.82,134.28,113.06,0.9218,15.6300,-132.6700,0.0000,0.0000,0.7878,0
955,11:38:24.048,ROI,160,160,288,288,10.50,10.86,0.0,0.0,92.06,862.68,494.13,137.30,112.91,0.8917,16.1300,-135.9200,0.0000,0.0000,0.7993,0
956,11:38:24.095,ROI,160,160,288,288,9.14,9.58,10.6,0.0,104.39,859.07,495.42,140.85,114.35,0.9284,16.2900,-141.0900,0.0000,0.0000,0.8599,0
957,11:38:24.162,ROI,160,160,288,288,8.83,9.24,0.0,42.275,108.22,857.42,497.34,139.09,113.04,0.9446,16.3800,-141.4100,0.0000,0.0000,0.8548,0
958,11:38:24.228,ROI,160,160,288,288,9.95,10.40,0.0,37.575,96.16,852.55,498.75,144.20,114.41,0.9114,17.0300,-141.3200,0.0000,0.0000,0.8741,0
959,11:38:24.278,ROI,160,160,320,320,8.97,9.43,0.0,41.475,106.04,853.66,499.06,141.32,113.06,0.9685,17.6600,-142.3400,0.0000,0.0000,0.8811,0
960,11:38:24.398,ROI,160,160,288,288,9.17,9.61,0.0,40.65,104.06,845.19,503.55,147.92,115.74,0.8251,17.7500,-143.9300,0.0000,0.0000,0.8770,0
961,11:38:24.461,ROI,160,160,320,320,8.83,9.24,0.0,42.35,108.28,843.16,504.52,143.96,116.32,0.9568,16.6000,-143.8400,0.0000,0.0000,0.8910,0
962,11:38:24.511,ROI,160,160,288,288,9.10,9.59,0.0,0.0,104.23,839.71,505.84,141.23,114.44,0.9316,16.3300,-142.4600,0.0000,0.0000,0.8424,0
963,11:38:24.579,ROI,160,160,288,288,11.77,12.44,0.0,0.0,80.40,836.23,507.92,146.66,115.34,0.9196,17.5800,-146.3100,0.0000,0.0000,0.9113,0
964,11:38:24.628,ROI,160,160,320,320,8.88,9.26,0.0,0.0,108.04,835.14,509.44,141.60,117.52,0.9412,17.5000,-145.7900,0.0000,0.0000,0.9093,0
965,11:38:24.695,ROI,160,160,288,288,9.88,10.20,0.0,38.3,98.06,831.24,511.47,137.30,113.29,0.9119,15.7200,-144.7400,0.0000,0.0000,0.8425,0
966,11:38:24.811,ROI,160,160,288,288,9.37,9.83,0.0,0.0,101.69,825.17,516.62,143.89,115.47,0.8408,17.0300,-147.8500,0.0000,0.0000,0.9127,0
967,11:38:24.862,ROI,160,160,288,288,9.82,10.28,0.0,0.0,97.30,821.99,517.80,142.81,115.24,0.9376,15.5800,-153.5700,0.0000,0.0000,0.8813,0
968,11:38:24.928,ROI,160,160,288,288,24.08,24.57,0.0,0.0,40.70,818.84,518.39,141.52,111.60,0.9269,15.8300,-154.0300,0.0000,0.0000,0.8722,0
969,11:38:24.979,ROI,160,160,288,288,12.89,13.64,0.0,0.0,73.33,815.68,520.56,138.76,111.35,0.9201,15.1800,-157.5800,0.0000,0.0000,0.8933,0
970,11:38:25.044,ROI,160,160,288,288,9.36,9.90,0.0,0.0,101.03,811.83,521.48,134.35,110.32,0.9299,15.8600,-155.4100,0.0000,0.0000,0.8328,0
971,11:38:25.111,ROI,160,160,288,288,9.01,9.62,0.0,0.0,103.98,808.91,522.87,136.12,109.64,0.9343,15.3900,-156.0300,0.0000,0.0000,0.8948,0
972,11:38:25.162,ROI,160,160,288,288,9.46,9.96,9.45,39.25,100.44,806.83,522.61,136.28,108.36,0.9588,15.1400,-158.5200,0.0000,0.0000,0.9168,0
973,11:38:25.295,ROI,160,160,288,288,8.79,9.12,0.0,0.0,109.69,800.40,526.64,134.77,110.70,0.8477,14.9300,-156.3300,0.0000,0.0000,0.8587,0
974,11:38:25.329,ROI,160,160,288,288,12.61,13.09,0.0,29.85,76.39,796.11,526.58,135.81,106.07,0.9006,14.2400,-157.7900,0.0000,0.0000,0.8677,0
975,11:38:25.395,ROI,160,160,288,288,10.70,11.27,0.0,0.0,88.76,792.38,527.96,139.63,107.10,0.9234,14.4700,-158.2900,0.0000,0.0000,0.8781,0
976,11:38:25.462,ROI,160,160,288,288,10.16,10.55,0.0,0.0,94.80,785.21,529.41,144.85,109.26,0.8809,15.3700,-159.1600,0.0000,0.0000,0.8968,0
977,11:38:25.514,ROI,160,160,320,320,9.70,10.00,0.0,0.0,100.05,780.38,529.90,151.36,109.48,0.9287,13.7700,-161.8700,0.0000,0.0000,0.8928,0
978,11:38:25.579,ROI,160,160,320,320,10.50,10.87,0.0,0.0,91.97,777.72,529.94,151.30,110.94,0.9530,13.2900,-161.4300,0.0000,0.0000,0.8892,0
979,11:38:25.645,ROI,160,160,320,320,11.29,11.82,7.075,0.0,84.58,773.74,530.14,155.20,111.76,0.9425,13.8400,-162.1900,0.0000,0.0000,0.9095,0
980,11:38:25.679,ROI,160,160,320,320,10.28,10.72,0.0,36.475,93.29,770.24,530.40,152.58,110.52,0.9451,13.2500,-162.7800,0.0000,0.0000,0.9032,0
981,11:38:25.812,ROI,160,160,320,320,10.47,11.00,0.0,0.0,90.88,763.82,532.78,150.82,109.14,0.8813,16.2000,-164.8200,0.0000,0.0000,0.8973,0
982,11:38:25.865,ROI,160,160,320,320,9.28,9.68,0.0,0.0,103.30,762.80,533.00,148.84,108.94,0.9825,15.5200,-164.5200,0.0000,0.0000,0.9208,0
983,11:38:25.929,ROI,160,160,320,320,10.05,10.39,0.0,37.6,96.24,760.00,532.42,152.60,110.76,0.9478,15.2500,-165.6600,0.0000,0.0000,0.9461,0
984,11:38:25.996,ROI,160,160,320,320,10.81,11.19,0.0,34.9,89.33,756.52,533.80,146.50,107.90,0.9299,14.2400,-168.6700,0.0000,0.0000,0.9138,0
985,11:38:26.046,ROI,160,160,320,320,8.73,9.09,0.0,0.0,109.97,752.94,534.82,148.98,107.88,0.9353,15.0700,-167.4900,0.0000,0.0000,0.9387,0
986,11:38:26.094,ROI,160,160,320,320,10.10,10.72,0.0,0.0,93.30,745.16,535.34,151.90,107.72,0.8934,14.6400,-167.6800,0.0000,0.0000,0.9374,0
987,11:38:26.163,ROI,160,160,320,320,14.31,14.86,6.625,26.3,67.31,742.50,535.72,147.28,108.36,0.9585,14.6200,-166.3900,0.0000,0.0000,0.9367,0
988,11:38:26.212,ROI,160,160,320,320,16.03,16.67,0.0,23.45,59.99,736.12,535.78,156.00,110.16,0.9044,14.4500,-167.7900,0.0000,0.0000,0.9469,0
989,11:38:26.345,ROI,160,160,320,320,9.13,9.52,3.35,0.0,105.03,727.88,536.00,154.96,109.00,0.8903,13.1900,-168.5100,0.0000,0.0000,0.9240,0
990,11:38:26.394,ROI,160,160,320,320,8.67,9.35,0.0,0.0,106.97,727.12,537.88,151.92,108.32,0.9473,14.0000,-166.4200,0.0000,0.0000,0.9180,0
991,11:38:26.446,ROI,160,160,320,320,9.69,10.08,0.0,38.75,99.21,722.16,536.80,151.78,107.44,0.9187,13.6400,-169.0900,0.0000,0.0000,0.9056,0
992,11:38:26.494,ROI,160,160,320,320,10.56,11.18,0.0,35.0,89.47,718.88,536.44,152.14,105.10,0.9373,12.7300,-169.2000,0.0000,0.0000,0.8615,0
993,11:38:26.562,ROI,160,160,320,320,8.99,9.37,0.0,0.0,106.74,714.52,536.26,153.86,106.04,0.9364,13.7300,-171.2000,0.0000,0.0000,0.8553,0
994,11:38:26.629,ROI,160,160,320,320,12.41,13.28,6.825,29.475,75.33,710.40,537.38,154.72,105.06,0.9286,13.0400,-170.6400,0.0000,0.0000,0.8450,0
995,11:38:26.678,ROI,160,160,320,320,12.71,13.48,0.0,28.975,74.17,708.66,536.54,155.94,104.98,0.9625,14.7200,-174.1500,0.0000,0.0000,0.7906,0
996,11:38:26.811,ROI,160,160,320,320,9.37,9.79,0.0,0.0,102.19,700.76,538.32,154.06,108.62,0.8743,14.7800,-173.8400,0.0000,0.0000,0.8490,0
997,11:38:26.863,ROI,160,160,320,320,8.21,8.61,9.25,0.0,116.17,697.42,538.72,149.54,105.70,0.9314,15.1200,-176.7000,0.0000,0.0000,0.8701,0
998,11:38:26.912,ROI,160,160,320,320,8.85,9.33,9.7,0.0,107.20,695.92,538.42,151.54,104.92,0.9732,15.5800,-177.3200,0.0000,0.0000,0.8701,0
999,11:38:26.984,ROI,160,160,320,320,20.51,21.21,0.0,18.425,47.15,691.50,538.66,150.98,108.14,0.9160,16.2900,-177.8100,0.0000,0.0000,0.8663,0
1000,11:38:27.029,ROI,160,160,320,320,11.11,11.58,0.0,0.0,86.34,688.18,538.86,153.38,108.40,0.9538,15.1100,-177.9900,0.0000,0.0000,0.8513,0
1001,11:38:27.096,ROI,160,160,320,320,14.75,15.29,0.0,0.0,65.42,678.62,539.08,156.06,109.44,0.8756,16.6600,-179.9100,0.0000,0.0000,0.8823,0
1002,11:38:27.212,ROI,160,160,320,320,10.68,11.33,0.0,0.0,88.26,672.96,538.62,157.82,111.66,0.9124,15.2000,179.3900,0.0000,0.0000,0.8595,0
1003,11:38:27.264,ROI,160,160,320,320,9.68,10.07,0.0,0.0,99.34,671.64,537.26,152.28,106.02,0.9162,14.6100,177.6200,0.0000,0.0000,0.8800,0
1004,11:38:27.329,ROI,160,160,320,320,20.56,21.11,0.0,18.5,47.38,664.74,536.58,152.02,104.58,0.9014,15.7800,177.6700,0.0000,0.0000,0.9096,0
1005,11:38:27.382,ROI,160,160,320,320,84.89,85.54,0.0,0.0,11.69,662.76,535.66,147.64,102.92,0.9541,13.6200,176.9600,0.0000,0.0000,0.8562,0
1006,11:38:27.520,ROI,160,160,320,320,47.53,48.17,7.45,0.0,20.76,660.50,535.38,145.44,103.42,0.9645,13.7300,176.9100,0.0000,0.0000,0.8874,0
1007,11:38:27.594,ROI,160,160,320,320,11.54,12.23,0.0,0.0,81.76,653.68,534.56,148.12,102.86,0.8975,15.1600,175.6600,0.0000,0.0000,0.9038,0
1008,11:38:27.630,ROI,160,160,320,320,8.87,9.28,16.55,0.0,107.70,652.18,535.56,145.22,103.78,0.9612,13.0800,174.9200,0.0000,0.0000,0.8776,0
1009,11:38:27.680,ROI,160,160,320,320,8.61,9.05,0.0,43.175,110.48,642.22,534.62,149.78,105.18,0.8587,16.1500,171.9400,0.0000,0.0000,0.9108,0
1010,11:38:27.729,ROI,160,160,320,320,8.80,9.19,0.0,42.5,108.76,637.06,533.86,145.40,102.78,0.9116,13.8300,173.0600,0.0000,0.0000,0.8839,0
1011,11:38:27.797,ROI,160,160,320,320,12.25,12.78,0.0,0.0,78.22,634.32,534.84,146.22,104.78,0.9450,13.1500,173.1900,0.0000,0.0000,0.8390,0
1012,11:38:27.862,ROI,160,160,320,320,8.09,8.65,0.0,0.0,115.65,627.06,532.94,151.26,104.64,0.8761,13.7300,174.2200,0.0000,0.0000,0.8667,0
1013,11:38:27.911,ROI,160,160,320,320,10.34,11.09,0.0,35.25,90.15,624.02,533.08,154.94,105.78,0.9508,13.0900,175.5700,0.0000,0.0000,0.8165,0
1014,11:38:27.973,ROI,160,160,320,320,11.14,11.64,0.0,0.0,85.88,615.64,532.64,155.64,104.96,0.8905,14.2900,176.0800,0.0000,0.0000,0.8383,0
1015,11:38:28.033,ROI,160,160,320,320,17.90,18.75,0.0,0.0,53.33,612.86,533.00,160.66,107.30,0.9444,15.9700,176.0400,0.0000,0.0000,0.8331,0
1016,11:38:28.079,ROI,160,160,352,352,8.71,9.17,0.0,0.0,109.08,606.57,533.29,151.82,102.12,0.8785,14.5000,176.0200,0.0000,0.0000,0.7822,0
1017,11:38:28.211,ROI,160,160,320,320,9.71,10.24,3.175,38.175,97.66,603.90,532.30,153.76,105.14,0.9383,15.4800,174.8800,0.0000,0.0000,0.8627,0
1018,11:38:28.256,ROI,160,160,320,320,19.23,19.65,11.4,19.875,50.88,598.58,530.92,153.90,105.76,0.9098,15.2600,174.2500,0.0000,0.0000,0.8716,0
1019,11:38:28.334,ROI,160,160,320,320,9.53,9.96,0.0,39.25,100.44,596.04,530.64,153.12,105.62,0.9624,15.2700,173.1200,0.0000,0.0000,0.8763,0
1020,11:38:28.398,ROI,160,160,320,320,9.24,9.76,0.0,0.0,102.43,589.40,529.82,158.42,108.50,0.8944,15.9300,173.9700,0.0000,0.0000,0.8794,0
1021,11:38:28.443,ROI,160,160,320,320,15.88,16.54,0.0,0.0,60.47,584.48,529.60,161.56,107.56,0.9325,15.7400,172.5800,0.0000,0.0000,0.8571,0
1022,11:38:28.496,ROI,160,160,352,352,10.03,10.47,0.0,37.325,95.52,580.92,526.54,153.89,103.11,0.8990,15.3400,169.9000,0.0000,0.0000,0.8822,0
1023,11:38:28.558,ROI,160,160,320,320,9.18,9.58,0.0,40.775,104.39,578.94,526.84,156.58,107.76,0.9329,16.1600,171.8700,0.0000,0.0000,0.8733,0
1024,11:38:28.606,ROI,160,160,320,320,16.64,17.08,0.0,0.0,58.55,573.92,525.22,157.48,107.30,0.9110,16.5800,169.5300,0.0000,0.0000,0.9086,0
1025,11:38:28.745,ROI,160,160,320,320,9.24,9.73,0.0,0.0,102.79,566.88,523.48,154.12,106.10,0.8853,16.1700,168.4300,0.0000,0.0000,0.9020,0
1026,11:38:28.796,ROI,160,160,320,320,8.72,9.19,0.0,42.525,108.84,566.56,522.80,150.62,107.06,0.9651,15.9300,169.1300,0.0000,0.0000,0.9005,0
1027,11:38:28.860,ROI,160,160,320,320,10.08,10.70,0.0,0.0,93.47,560.64,522.22,152.14,109.40,0.9056,17.1100,168.7000,0.0000,0.0000,0.8928,0
1028,11:38:28.922,ROI,160,160,320,320,22.55,23.52,15.2,16.625,42.52,558.28,522.04,152.96,106.98,0.9485,15.0200,167.1600,0.0000,0.0000,0.8820,0
1029,11:38:28.963,ROI,160,160,320,320,25.14,25.65,23.425,0.0,38.98,549.08,520.44,156.04,111.02,0.8568,15.7700,166.9500,0.0000,0.0000,0.8845,0
1030,11:38:29.031,ROI,160,160,320,320,15.30,15.77,0.0,0.0,63.39,547.22,520.20,153.04,105.42,0.9271,14.7800,167.5500,0.0000,0.0000,0.8675,0
1031,11:38:29.093,ROI,160,160,320,320,9.87,10.33,8.6,0.0,96.81,542.68,516.84,153.04,109.88,0.8869,14.4600,167.3500,0.0000,0.0000,0.8508,0
1032,11:38:29.213,ROI,160,160,320,320,8.40,8.82,0.0,44.3,113.39,539.84,514.70,145.56,104.10,0.9011,15.4100,168.2900,0.0000,0.0000,0.8469,0
1033,11:38:29.276,ROI,160,160,320,320,9.22,9.89,0.0,39.5,101.09,534.22,512.10,148.12,108.94,0.8834,15.8800,167.8300,0.0000,0.0000,0.8225,0
1034,11:38:29.323,ROI,160,160,320,320,10.10,10.50,0.0,37.225,95.25,530.78,511.42,146.94,106.32,0.9319,13.7000,166.9600,0.0000,0.0000,0.8585,0
1035,11:38:29.388,ROI,160,160,320,320,14.43,14.95,0.0,52.25,66.89,525.60,510.84,148.12,110.60,0.8971,14.3100,164.3700,0.0000,0.0000,0.8514,0
1036,11:38:29.448,ROI,160,160,320,320,14.58,15.35,0.0,25.475,65.14,524.30,509.10,142.16,102.96,0.8935,14.9000,160.7700,0.0000,0.0000,0.8312,0
1037,11:38:29.495,ROI,160,160,288,288,15.50,16.25,12.325,24.05,61.54,518.56,505.83,146.18,108.49,0.8695,13.3400,167.2400,0.0000,0.0000,0.8631,0
1038,11:38:29.630,ROI,160,160,320,320,8.88,9.28,0.0,0.0,107.71,511.50,502.32,145.04,105.40,0.8522,19.2300,164.3800,0.0000,0.0000,0.7820,0
1039,11:38:29.702,ROI,160,160,320,320,46.54,47.11,6.225,8.3,21.23,508.56,500.88,146.64,109.66,0.9237,18.4300,161.3000,0.0000,0.0000,0.9037,0
1040,11:38:29.821,ROI,160,160,320,320,63.65,65.06,0.0,6.0,15.37,502.48,498.54,147.96,113.46,0.8842,18.2500,160.5200,0.0000,0.0000,0.8408,0
1041,11:38:29.912,ROI,160,160,320,320,17.66,18.08,0.0,0.0,55.30,499.24,496.62,148.34,112.42,0.9259,19.2700,159.6200,0.0000,0.0000,0.9178,0
1042,11:38:29.947,ROI,160,160,320,320,24.08,24.58,23.1,15.9,40.69,493.68,494.58,147.98,113.62,0.8959,18.0700,159.3400,0.0000,0.0000,0.8599,0
1043,11:38:29.995,ROI,160,160,320,320,10.85,11.35,0.0,34.425,88.10,492.20,493.18,149.12,114.10,0.9567,18.0400,156.1700,0.0000,0.0000,0.9247,0
1044,11:38:30.030,ROI,160,160,320,320,10.00,10.56,0.0,0.0,94.69,487.62,490.74,147.40,116.90,0.9024,15.7400,155.8200,0.0000,0.0000,0.8601,0
1045,11:38:30.064,ROI,160,160,320,320,11.43,12.52,0.0,0.0,79.85,482.50,489.70,150.78,112.42,0.8993,14.8900,159.6600,0.0000,0.0000,0.8103,0
1046,11:38:30.147,ROI,160,160,320,320,17.07,17.48,0.0,0.0,57.22,478.00,484.78,144.44,114.74,0.8652,13.0900,152.7600,0.0000,0.0000,0.8364,0
1047,11:38:30.197,ROI,160,160,320,320,9.15,9.54,0.0,0.0,104.85,475.00,483.86,144.72,111.74,0.9348,11.7700,155.6600,0.0000,0.0000,0.7959,0
1048,11:38:30.264,ROI,160,160,320,320,11.33,11.86,0.0,32.95,84.29,471.54,480.34,140.52,112.86,0.8961,10.4600,154.7500,0.0000,0.0000,0.7812,0
1049,11:38:30.329,ROI,160,160,288,288,8.80,9.30,0.0,0.0,107.54,468.32,478.09,135.81,108.11,0.9145,14.3400,153.0400,0.0000,0.0000,0.8778,0
1050,11:38:30.378,ROI,160,160,288,288,9.68,10.33,0.0,0.0,96.77,465.01,476.88,135.61,109.13,0.9320,14.9100,153.0800,0.0000,0.0000,0.8989,0
1051,11:38:30.442,ROI,160,160,288,288,14.18,14.60,0.0,0.0,68.50,464.98,474.90,131.71,110.03,0.9373,14.5500,151.5500,0.0000,0.0000,0.9148,0
1052,11:38:30.508,ROI,160,160,288,288,10.08,10.53,0.0,0.0,94.95,460.54,473.59,134.71,114.05,0.9033,15.1400,149.1900,0.0000,0.0000,0.8868,0
1053,11:38:30.556,ROI,160,160,288,288,9.69,10.18,0.0,0.0,98.21,457.68,470.70,138.58,118.21,0.9128,16.9300,149.1200,0.0000,0.0000,0.9280,0
1054,11:38:30.671,ROI,160,160,288,288,9.80,10.25,0.0,0.0,97.57,450.27,467.16,142.40,117.00,0.8498,16.0800,149.5600,0.0000,0.0000,0.8997,0
1055,11:38:30.725,ROI,160,160,288,288,12.87,13.29,0.0,29.4,75.26,444.85,462.84,142.22,117.81,0.8632,15.4000,149.4900,0.0000,0.0000,0.8731,0
1056,11:38:30.792,ROI,160,160,288,288,9.98,10.46,0.0,37.375,95.63,442.07,463.31,140.87,119.00,0.9521,16.7200,147.5700,0.0000,0.0000,0.8990,0
1057,11:38:30.859,ROI,160,160,288,288,9.65,10.10,0.0,0.0,99.06,439.39,459.62,139.37,120.73,0.9059,15.1800,147.5700,0.0000,0.0000,0.9045,0
1058,11:38:30.907,ROI,160,160,288,288,9.67,10.07,10.3,0.0,99.26,436.84,458.28,137.65,121.63,0.9432,15.8300,139.6200,0.0000,0.0000,0.8260,0
1059,11:38:30.960,ROI,160,160,288,288,9.06,9.62,0.0,0.0,103.92,435.28,456.76,135.54,122.71,0.9537,14.9000,138.6600,0.0000,0.0000,0.8378,0
1060,11:38:31.045,ROI,160,160,288,288,27.45,28.16,20.475,13.875,35.51,431.35,452.63,135.61,123.23,0.8840,14.9000,137.8100,0.0000,0.0000,0.8436,0
1061,11:38:31.092,ROI,160,160,288,288,29.39,30.19,0.0,0.0,33.13,429.33,450.15,136.17,121.72,0.9326,15.8200,135.3200,0.0000,0.0000,0.8411,0
1062,11:38:31.207,ROI,160,160,288,288,9.49,9.91,0.0,0.0,100.91,423.28,445.81,134.01,121.07,0.8536,15.8400,134.5500,0.0000,0.0000,0.8768,0
1063,11:38:31.262,ROI,160,160,288,288,71.42,72.12,0.0,5.425,13.87,420.08,443.83,132.25,120.65,0.9232,15.5800,137.6500,0.0000,0.0000,0.8628,0
1064,11:38:31.372,ROI,160,160,288,288,28.39,29.01,20.8,13.475,34.48,418.85,442.32,129.91,121.30,0.9573,16.7400,132.8900,0.0000,0.0000,0.9113,0
1065,11:38:31.428,ROI,160,160,288,288,21.89,22.51,14.55,17.35,44.43,413.64,438.63,130.99,117.90,0.8702,16.4200,135.9800,0.0000,0.0000,0.8271,0
1066,11:38:31.475,ROI,160,160,288,288,64.86,65.55,0.0,0.0,15.26,411.63,437.84,131.51,121.30,0.9430,16.3000,129.9500,0.0000,0.0000,0.8804,0
1067,11:38:31.559,ROI,160,160,288,288,30.67,32.23,0.0,12.125,31.03,406.43,434.98,135.52,120.35,0.8839,18.1300,131.0300,0.0000,0.0000,0.8802,0
1068,11:38:31.624,ROI,160,160,288,288,27.74,29.00,0.0,13.475,34.48,404.00,430.35,128.36,120.47,0.8786,17.3000,127.3500,0.0000,0.0000,0.8716,0
1069,11:38:31.679,ROI,160,160,288,288,10.61,10.97,44.275,0.0,91.15,401.32,430.16,129.98,119.79,0.9540,18.3400,127.1400,0.0000,0.0000,0.8959,0
1070,11:38:31.731,ROI,160,160,288,288,18.11,19.80,0.0,0.0,50.50,398.25,427.25,124.69,121.88,0.9093,18.7600,125.7600,0.0000,0.0000,0.9100,0
1071,11:38:31.785,ROI,160,160,256,256,19.77,20.86,0.0,0.0,47.93,397.06,423.85,127.12,122.53,0.9282,18.3900,126.5200,0.0000,0.0000,0.8982,0
1072,11:38:31.844,ROI,160,160,256,256,20.11,21.85,0.0,0.0,45.76,394.58,421.02,123.73,120.35,0.9181,17.3800,127.1600,0.0000,0.0000,0.8872,0
1073,11:38:31.911,ROI,160,160,256,256,16.22,16.74,0.0,23.325,59.73,393.07,419.03,124.61,122.45,0.9449,16.2500,126.0100,0.0000,0.0000,0.8874,0
1074,11:38:31.961,ROI,160,160,256,256,10.45,11.16,0.0,0.0,89.63,391.91,416.73,124.06,122.21,0.9455,16.5500,124.6300,0.0000,0.0000,0.9010,0
1075,11:38:32.093,ROI,160,160,256,256,11.09,11.66,0.0,0.0,85.77,388.52,413.20,120.05,121.97,0.8941,17.4900,123.2600,0.0000,0.0000,0.8954,0
1076,11:38:32.127,ROI,160,160,256,256,9.63,10.18,0.0,0.0,98.27,386.22,409.24,119.65,121.54,0.9028,16.9800,123.4100,0.0000,0.0000,0.8863,0
1077,11:38:32.193,ROI,160,160,256,256,10.31,10.87,7.05,35.975,91.95,383.84,406.23,118.29,121.12,0.9151,17.6900,121.2200,0.0000,0.0000,0.9052,0
1078,11:38:32.260,ROI,160,160,256,256,18.40,18.94,0.0,20.625,52.80,381.13,402.10,119.02,124.58,0.8943,16.9900,119.7300,0.0000,0.0000,0.8932,0
1079,11:38:32.311,ROI,160,160,256,256,14.21,14.77,0.0,0.0,67.71,379.00,400.13,117.81,122.19,0.9348,16.9900,119.0200,0.0000,0.0000,0.8843,0
1080,11:38:32.378,ROI,160,160,256,256,8.58,9.08,0.0,0.0,110.19,377.22,397.12,115.42,123.41,0.9244,17.8900,119.3100,0.0000,0.0000,0.8926,0
1081,11:38:32.429,ROI,160,160,256,256,9.09,9.51,0.0,0.0,105.15,375.14,397.30,115.73,120.83,0.9449,17.9600,117.9900,0.0000,0.0000,0.8836,0
1082,11:38:32.495,ROI,160,160,256,256,9.10,9.54,7.0,40.975,104.86,373.75,392.86,115.71,123.70,0.9084,19.2500,118.1400,0.0000,0.0000,0.9113,0
1083,11:38:32.544,ROI,160,160,256,256,11.10,11.87,0.0,0.0,84.28,372.39,392.37,113.92,122.19,0.9648,18.6100,117.7800,0.0000,0.0000,0.9057,0
1084,11:38:32.661,ROI,160,160,256,256,10.18,10.63,3.725,36.775,94.11,368.61,385.50,113.36,124.29,0.8397,18.6000,114.8100,0.0000,0.0000,0.9009,0
1085,11:38:32.729,ROI,160,160,256,256,9.48,9.92,0.0,39.475,100.84,366.22,383.59,111.98,122.08,0.9297,18.5800,116.2700,0.0000,0.0000,0.9136,0
1086,11:38:32.794,ROI,160,160,256,256,10.86,11.63,0.0,0.0,85.96,365.12,381.54,113.82,122.99,0.9486,18.0700,112.4200,0.0000,0.0000,0.9119,0
1087,11:38:32.845,ROI,160,160,256,256,8.91,9.78,0.0,0.0,102.20,364.31,379.08,111.25,122.83,0.9394,18.7900,112.7700,0.0000,0.0000,0.9091,0
1088,11:38:32.893,ROI,160,160,256,256,12.58,13.29,0.0,0.0,75.22,361.71,375.40,109.84,120.43,0.8991,16.2200,110.2900,0.0000,0.0000,0.8748,0
1089,11:38:32.961,ROI,160,160,256,256,9.61,10.16,7.25,38.5,98.47,361.05,372.76,112.19,124.14,0.9378,15.6800,108.9400,0.0000,0.0000,0.8888,0
1090,11:38:33.028,ROI,160,160,256,256,9.43,9.98,0.0,39.175,100.18,359.42,368.98,109.73,121.49,0.9135,17.3900,107.7000,0.0000,0.0000,0.9124,0
1091,11:38:33.077,ROI,160,160,256,256,8.90,9.91,0.0,0.0,100.94,357.72,366.96,107.84,120.21,0.9379,17.5100,105.3400,0.0000,0.0000,0.9208,0
1092,11:38:33.194,ROI,160,160,256,256,9.03,9.53,3.675,0.0,104.92,355.80,362.30,106.42,120.78,0.8942,16.5000,105.2700,0.0000,0.0000,0.9007,0
1093,11:38:33.260,ROI,160,160,256,256,9.37,9.86,0.0,0.0,101.46,353.83,359.86,109.10,120.42,0.9265,16.7500,105.2800,0.0000,0.0000,0.9044,0
1094,11:38:33.312,ROI,160,160,256,256,10.34,11.18,0.0,0.0,89.41,354.50,357.18,107.70,117.89,0.9438,18.7700,105.0000,0.0000,0.0000,0.9163,0
1095,11:38:33.377,ROI,160,160,256,256,8.73,9.32,7.2,0.0,107.25,351.62,353.83,109.97,118.80,0.8974,15.9500,103.1300,0.0000,0.0000,0.8640,0
1096,11:38:33.427,ROI,160,160,256,256,13.06,13.71,9.6,28.525,72.96,351.29,352.02,105.31,117.30,0.9291,17.1500,103.8600,0.0000,0.0000,0.8991,0
1097,11:38:33.494,ROI,160,160,256,256,11.62,12.14,7.45,32.175,82.36,350.70,346.46,107.95,118.26,0.8885,14.0300,102.2500,0.0000,0.0000,0.8384,0
1098,11:38:33.610,ROI,160,160,256,256,9.54,10.09,0.0,0.0,99.07,347.89,341.63,108.98,118.74,0.8768,15.6200,102.5900,0.0000,0.0000,0.8487,0
1099,11:38:33.677,ROI,160,160,256,256,10.11,10.58,6.925,36.95,94.51,347.75,340.02,109.57,117.41,0.9680,13.3400,99.7100,0.0000,0.0000,0.8247,0
1100,11:38:33.712,ROI,160,160,256,256,9.89,10.33,0.0,0.0,96.84,346.95,338.37,108.19,116.80,0.9581,14.3900,99.9200,0.0000,0.0000,0.8557,0
1101,11:38:33.777,ROI,160,160,256,256,11.99,12.52,0.0,0.0,79.88,344.86,335.90,105.55,117.04,0.9227,14.7900,101.9100,0.0000,0.0000,0.8666,0
1102,11:38:33.844,ROI,160,160,256,256,8.62,9.11,0.0,0.0,109.79,344.16,334.06,105.36,115.98,0.9561,13.3000,100.9700,0.0000,0.0000,0.8344,0
1103,11:38:33.911,ROI,160,160,256,256,12.57,13.03,0.0,0.0,76.72,341.50,329.89,102.29,116.46,0.8859,14.0400,100.5000,0.0000,0.0000,0.8566,0
1104,11:38:33.963,ROI,160,160,256,256,10.24,10.78,0.0,36.25,92.73,341.50,327.96,103.87,117.62,0.9530,14.6900,101.2400,0.0000,0.0000,0.8538,0
1105,11:38:34.061,ROI,160,160,256,256,8.99,9.47,0.0,0.0,105.64,339.80,322.20,103.78,117.28,0.8787,12.6900,99.5700,0.0000,0.0000,0.8310,0
1106,11:38:34.127,ROI,160,160,256,256,9.35,10.37,0.0,0.0,96.44,339.93,318.90,102.93,114.93,0.9371,13.4600,98.7200,0.0000,0.0000,0.8418,0
1107,11:38:34.194,ROI,160,160,256,256,10.99,11.48,6.975,34.05,87.11,338.58,317.22,102.21,114.83,0.9464,14.2500,99.8700,0.0000,0.0000,0.8553,0
1108,11:38:34.262,ROI,160,160,256,256,10.06,10.51,0.0,0.0,95.10,339.36,313.70,105.89,114.48,0.9089,13.5100,96.7600,0.0000,0.0000,0.8616,0
1109,11:38:34.314,ROI,160,160,256,256,20.08,20.53,0.0,19.025,48.70,337.99,311.72,101.82,113.31,0.9291,15.9500,97.7900,0.0000,0.0000,0.8957,0
1110,11:38:34.381,ROI,160,160,256,256,9.96,10.54,0.0,0.0,94.89,339.37,307.78,105.06,112.32,0.9049,13.8000,97.2100,0.0000,0.0000,0.8611,0
1111,11:38:34.430,ROI,160,160,256,256,11.58,12.23,0.0,31.925,81.76,338.46,306.95,102.59,111.49,0.9622,15.4200,97.9100,1.0300,89.1400,0.9152,0
1112,11:38:34.478,ROI,160,160,224,224,8.76,9.34,11.025,41.85,107.03,338.57,302.37,98.64,107.63,0.8852,17.0600,95.7800,0.0000,0.0000,0.9455,0
1113,11:38:34.594,ROI,160,160,224,224,11.17,11.79,0.0,0.0,84.85,338.80,299.17,99.95,107.17,0.9302,15.5700,95.9300,0.0000,0.0000,0.9096,0
1114,11:38:34.662,ROI,160,160,224,224,22.63,23.08,7.025,16.925,43.33,339.22,295.02,101.56,107.04,0.9113,15.1900,93.3700,0.0000,0.0000,0.9237,0
1115,11:38:34.727,ROI,160,160,224,224,16.78,17.81,0.0,21.95,56.16,338.30,294.01,97.93,105.80,0.9461,14.4200,94.7000,0.0000,0.0000,0.9054,0
1116,11:38:34.794,ROI,160,160,224,224,12.72,13.17,8.0,29.675,75.93,338.74,289.56,97.89,105.83,0.9115,14.1600,93.9500,0.0000,0.0000,0.9285,0
1117,11:38:34.843,ROI,160,160,224,224,14.27,14.75,0.0,0.0,67.78,339.40,289.53,96.54,107.11,0.9746,14.6800,94.8500,0.0000,0.0000,0.8944,0
1118,11:38:34.894,ROI,160,160,224,224,10.79,11.53,0.0,0.0,86.74,337.89,284.42,94.57,104.45,0.8807,13.7600,93.7300,0.0000,0.0000,0.9203,0
1119,11:38:34.944,ROI,160,160,224,224,13.22,14.07,10.225,27.775,71.07,338.46,283.34,95.34,105.45,0.9682,13.3700,94.9500,0.0000,0.0000,0.8994,0
1120,11:38:35.077,ROI,160,160,224,224,13.51,13.99,0.0,0.0,71.47,336.29,276.94,89.10,102.72,0.8287,13.3500,93.8100,0.0000,0.0000,0.9409,0
1121,11:38:35.147,ROI,160,160,224,224,12.01,12.91,0.0,30.375,77.48,335.51,274.57,91.20,107.13,0.9339,15.6100,95.9600,0.0000,0.0000,0.9399,0
1122,11:38:35.194,ROI,160,160,224,224,9.69,10.28,0.0,38.125,97.26,336.89,273.17,96.53,106.55,0.9211,14.7600,93.4300,0.0000,0.0000,0.9201,0
1123,11:38:35.260,ROI,160,160,224,224,9.51,10.17,0.0,38.475,98.35,336.67,269.88,93.03,104.17,0.9059,12.0900,93.4000,0.0000,0.0000,0.9182,0
1124,11:38:35.311,ROI,160,160,224,224,9.63,10.37,0.0,0.0,96.40,337.37,268.09,92.90,102.52,0.9518,13.2800,92.5400,0.0000,0.0000,0.9238,0
1125,11:38:35.360,ROI,160,160,224,224,12.98,13.72,0.0,0.0,72.90,337.67,266.04,93.37,101.74,0.9546,12.3000,91.0900,0.0000,0.0000,0.9052,0
1126,11:38:35.427,ROI,160,160,224,224,9.38,9.91,0.0,0.0,100.96,337.50,263.82,91.59,101.12,0.9392,14.0400,90.7100,0.0000,0.0000,0.9297,0
1127,11:38:35.478,ROI,160,160,224,224,9.53,10.10,0.0,38.775,99.05,337.06,261.45,90.22,99.27,0.9397,13.2300,90.0100,0.0000,0.0000,0.9182,0
1128,11:38:35.610,ROI,160,160,224,224,9.37,9.91,0.0,0.0,100.89,338.89,255.92,88.37,95.72,0.8583,11.8400,88.5100,0.0000,0.0000,0.9124,0
1129,11:38:35.677,ROI,160,160,192,192,9.61,10.17,6.85,0.0,98.37,339.75,252.65,92.34,97.08,0.8952,11.7500,85.1800,0.0000,0.0000,0.8493,0
1130,11:38:35.711,ROI,160,160,224,224,8.77,9.35,0.0,0.0,106.96,339.00,250.39,90.65,98.78,0.9380,11.8200,88.4300,0.0000,0.0000,0.9045,0
1131,11:38:35.777,ROI,160,160,224,224,11.07,11.79,0.0,33.2,84.79,340.36,248.08,89.71,98.94,0.9267,12.4000,88.4800,0.0000,0.0000,0.9097,0
1132,11:38:35.828,ROI,160,160,224,224,14.42,15.08,0.0,25.9,66.29,338.95,246.05,87.15,99.02,0.9304,12.6200,88.7400,0.0000,0.0000,0.9044,0
1133,11:38:35.895,ROI,160,160,224,224,15.72,16.27,0.0,0.0,61.45,340.83,242.63,91.24,98.29,0.8925,12.2800,87.4400,0.0000,0.0000,0.9017,0
1134,11:38:36.028,ROI,160,160,224,224,12.11,12.71,0.0,30.75,78.68,342.24,237.63,94.39,100.91,0.8754,12.9300,86.6000,0.0000,0.0000,0.8976,0
1135,11:38:36.063,ROI,160,160,224,224,15.52,16.15,0.0,24.2,61.92,342.81,235.99,93.45,99.75,0.9562,10.7000,86.6900,0.0000,0.0000,0.8384,0
1136,11:38:36.128,ROI,160,160,224,224,19.75,20.66,0.0,18.925,48.41,344.56,232.37,96.49,102.59,0.8979,11.3100,86.0900,0.0000,0.0000,0.8481,0
1137,11:38:36.178,ROI,160,160,224,224,10.64,11.49,13.75,0.0,87.05,343.80,231.64,92.39,100.83,0.9410,12.6200,86.0400,0.0000,0.0000,0.8176,0
1138,11:38:36.244,ROI,160,160,224,224,12.35,13.22,7.175,29.575,75.66,345.95,228.09,99.08,106.18,0.8711,13.5700,83.1600,0.0000,0.0000,0.8511,0
1139,11:38:36.311,ROI,160,160,224,224,10.32,10.95,0.0,0.0,91.36,345.99,226.04,95.98,103.45,0.9318,11.4800,84.8600,0.0000,0.0000,0.8201,0
1140,11:38:36.360,ROI,160,160,224,224,9.30,10.32,10.225,0.0,96.90,346.82,224.50,96.42,103.22,0.9544,11.3000,84.1800,0.0000,0.0000,0.8154,0
1141,11:38:36.479,ROI,160,160,224,224,17.92,18.47,0.0,0.0,54.14,348.72,219.66,96.52,103.52,0.8769,13.0600,81.3600,0.0000,0.0000,0.8263,0
1142,11:38:36.531,ROI,160,160,224,224,12.24,13.54,0.0,0.0,73.85,349.53,216.55,93.28,100.37,0.9097,13.4000,81.6700,0.0000,0.0000,0.8158,0
1143,11:38:36.594,ROI,160,160,224,224,20.22,20.85,7.875,18.75,47.97,350.12,213.83,95.24,99.74,0.9281,11.2800,83.6600,0.0000,0.0000,0.7340,0
1144,11:38:36.664,ROI,160,160,224,224,14.86,15.50,0.0,25.225,64.52,350.80,210.49,93.21,98.31,0.9154,12.9300,81.4400,0.0000,0.0000,0.8147,0
1145,11:38:36.713,ROI,160,160,224,224,12.11,12.58,0.0,0.0,79.51,352.93,208.88,93.30,98.91,0.9253,11.7700,81.8800,0.0000,0.0000,0.8232,0
1146,11:38:36.778,ROI,160,160,224,224,17.28,17.77,0.0,21.975,56.27,352.77,206.45,91.41,99.54,0.9333,14.9600,82.1900,0.0000,0.0000,0.8612,0
1147,11:38:36.832,ROI,160,160,224,224,22.65,23.15,10.925,0.0,43.19,354.11,204.47,91.07,98.99,0.9337,13.6800,82.1200,0.0000,0.0000,0.8589,0
1148,11:38:36.879,ROI,160,160,224,224,18.48,19.09,0.0,20.45,52.37,354.80,201.77,90.52,97.66,0.9327,14.6100,80.2800,0.0000,0.0000,0.8663,0
1149,11:38:37.044,ROI,160,160,224,224,28.01,29.52,0.0,0.0,33.87,356.55,196.98,89.80,96.28,0.8728,14.1600,81.3900,0.0000,0.0000,0.8801,0
1150,11:38:37.099,ROI,160,160,224,224,49.62,50.70,0.0,7.7,19.73,357.90,194.95,89.74,98.88,0.9312,13.7300,80.1500,0.0000,0.0000,0.8502,0
1151,11:38:37.196,ROI,160,160,224,224,17.79,18.30,0.0,0.0,54.64,358.60,193.03,90.10,96.38,0.9471,13.3400,79.5300,0.0000,0.0000,0.8369,0
1152,11:38:37.228,ROI,160,160,224,224,17.94,18.54,0.0,21.075,53.95,359.71,191.29,88.19,96.88,0.9413,15.0900,79.5200,0.0000,0.0000,0.8658,0
1153,11:38:37.262,ROI,160,160,224,224,9.14,9.54,0.0,40.925,104.77,360.75,190.09,88.05,97.01,0.9530,15.7900,78.2800,0.0000,0.0000,0.8794,0
1154,11:38:37.294,ROI,160,160,224,224,9.63,10.16,0.0,38.5,98.47,361.93,186.96,88.84,96.29,0.9134,17.1600,77.8200,0.0000,0.0000,0.9246,0
1155,11:38:37.362,ROI,160,160,224,224,13.23,13.69,0.0,0.0,73.05,363.62,186.01,89.21,97.12,0.9445,15.6800,79.8800,0.0000,0.0000,0.8892,0
1156,11:38:37.430,ROI,160,160,224,224,29.31,29.85,0.0,13.1,33.50,363.46,183.21,88.35,97.30,0.9352,16.5200,77.6900,0.0000,0.0000,0.9227,0
1157,11:38:37.545,ROI,160,160,224,224,28.34,28.96,0.0,0.0,34.53,368.22,179.01,93.88,96.99,0.8295,14.5400,78.0900,0.0000,0.0000,0.9032,0
1158,11:38:37.595,ROI,160,160,224,224,11.63,12.31,0.0,31.75,81.20,368.25,176.42,93.14,95.63,0.9404,15.4100,75.2500,0.0000,0.0000,0.8902,0
1159,11:38:37.656,ROI,160,160,192,192,23.61,24.00,0.0,16.275,41.67,369.27,172.39,95.47,92.83,0.8967,11.2300,78.6400,0.0000,0.0000,0.8073,0
1160,11:38:37.719,ROI,160,160,192,192,15.90,16.35,0.0,0.0,61.18,370.15,171.64,93.06,90.18,0.9469,10.5400,79.2600,0.0000,0.0000,0.7438,0
1161,11:38:37.762,ROI,160,160,192,192,9.26,9.80,0.0,39.875,102.07,371.30,168.65,93.16,91.43,0.9142,11.3300,78.4100,0.0000,0.0000,0.8093,0
1162,11:38:37.829,ROI,160,160,192,192,9.15,9.58,0.0,0.0,104.41,371.10,167.90,90.40,89.16,0.9463,11.7800,78.2000,0.0000,0.0000,0.7783,0
1163,11:38:37.878,ROI,160,160,192,192,10.11,10.53,0.0,0.0,94.94,373.88,166.12,91.49,89.27,0.9048,12.2600,77.2900,0.0000,0.0000,0.8361,0
1164,11:38:38.002,ROI,160,160,192,192,11.56,11.95,0.0,0.0,83.66,376.19,163.32,90.52,89.26,0.8940,12.6500,76.9400,0.0000,0.0000,0.8917,0
1165,11:38:38.062,ROI,160,160,192,192,9.10,9.46,8.175,0.0,105.68,377.90,160.19,88.55,88.81,0.8983,11.2600,78.3900,0.0000,0.0000,0.8015,0
1166,11:38:38.113,ROI,160,160,192,192,10.86,11.27,0.0,0.0,88.75,380.08,159.05,89.00,87.61,0.9282,11.7700,75.7300,0.0000,0.0000,0.8314,0
1167,11:38:38.182,ROI,160,160,192,192,14.28,14.92,0.0,26.2,67.00,383.01,156.29,95.74,90.31,0.8746,10.0800,77.6200,0.0000,0.0000,0.7957,0
1168,11:38:38.246,ROI,160,160,192,192,10.80,11.17,0.0,0.0,89.50,381.74,154.79,92.88,89.05,0.9385,11.4600,76.5800,0.0000,0.0000,0.7876,0
1169,11:38:38.297,ROI,160,160,192,192,10.41,10.81,0.0,0.0,92.51,384.98,152.69,93.71,88.43,0.8912,11.2400,75.8000,0.0000,0.0000,0.8325,0
1170,11:38:38.428,ROI,160,160,192,192,19.33,19.86,0.0,19.675,50.35,387.17,148.94,96.78,89.20,0.8792,11.5200,71.4400,0.0000,0.0000,0.8582,0
1171,11:38:38.478,ROI,160,160,224,224,10.54,11.05,0.0,0.0,90.49,388.08,147.03,97.10,88.40,0.9405,13.4600,69.9600,0.0000,0.0000,0.7819,0
1172,11:38:38.526,ROI,160,160,224,224,15.05,15.83,10.6,0.0,63.16,389.64,144.70,98.14,89.29,0.9197,14.6700,67.2800,0.0000,0.0000,0.8313,0
1173,11:38:38.596,ROI,160,160,224,224,9.34,9.75,0.0,0.0,102.54,391.11,144.55,97.97,91.55,0.9468,14.4600,68.7300,0.0000,0.0000,0.8568,0
1174,11:38:38.647,ROI,160,160,224,224,10.41,10.95,0.0,0.0,91.31,392.79,141.62,98.85,88.05,0.9066,15.8600,64.9600,0.0000,0.0000,0.8340,0
1175,11:38:38.713,ROI,160,160,224,224,10.75,11.22,0.0,0.0,89.10,395.19,141.14,99.76,89.08,0.9419,14.2000,63.2200,0.0000,0.0000,0.8348,0
1176,11:38:38.778,ROI,160,160,224,224,9.22,9.63,0.0,40.55,103.80,396.26,138.10,98.83,86.81,0.9139,14.7600,62.9600,0.0000,0.0000,0.8334,0
1177,11:38:38.825,ROI,160,160,224,224,11.17,11.56,0.0,33.8,86.49,397.96,136.67,98.00,88.45,0.9356,16.5200,63.4200,0.0000,0.0000,0.8626,0
1178,11:38:38.944,ROI,160,160,224,224,12.32,12.92,0.0,30.275,77.40,402.43,134.10,96.91,88.84,0.8629,15.5600,64.5100,0.0000,0.0000,0.8565,0
1179,11:38:38.999,ROI,160,160,224,224,10.87,11.30,0.0,34.575,88.53,403.06,132.57,97.10,86.32,0.9535,15.5700,63.5300,0.0000,0.0000,0.8598,0
1180,11:38:39.064,ROI,160,160,224,224,10.01,10.42,0.0,0.0,95.97,405.46,130.50,98.01,85.89,0.9083,12.4100,56.1700,0.0000,0.0000,0.8441,0
1181,11:38:39.123,ROI,160,160,224,224,12.20,12.61,0.0,0.0,79.31,406.85,129.94,96.60,86.94,0.9597,12.0000,59.0100,0.0000,0.0000,0.8254,0
1182,11:38:39.166,ROI,160,160,224,224,11.50,11.95,0.0,32.675,83.66,409.04,128.45,96.53,86.20,0.9240,12.0100,57.8200,0.0000,0.0000,0.8385,0
1183,11:38:39.238,ROI,160,160,224,224,13.41,14.08,0.0,27.75,71.02,410.47,125.65,97.31,82.96,0.9095,12.7100,58.5200,0.0000,0.0000,0.8694,0
1184,11:38:39.295,ROI,160,160,224,224,9.23,9.67,0.0,40.425,103.44,412.97,123.17,96.57,82.60,0.8958,10.8700,57.8200,0.0000,0.0000,0.8109,0
1185,11:38:39.345,ROI,160,160,224,224,8.95,9.34,0.0,0.0,107.04,414.81,122.43,98.22,80.98,0.9444,10.8100,56.3300,0.0000,0.0000,0.8088,0
1186,11:38:39.480,ROI,160,160,224,224,43.49,44.45,3.125,26.375,22.50,418.51,119.55,97.27,81.98,0.8661,13.0200,56.7400,0.0000,0.0000,0.8742,0
1187,11:38:39.547,ROI,160,160,224,224,10.04,10.47,0.0,0.0,95.55,421.19,117.60,97.01,79.48,0.9027,14.0700,55.6000,0.0000,0.0000,0.8885,0
1188,11:38:39.597,ROI,160,160,224,224,16.93,17.63,0.0,0.0,56.71,424.49,115.84,98.52,76.65,0.8951,13.4600,51.6700,0.0000,0.0000,0.8199,0
1189,11:38:39.663,ROI,160,160,224,224,28.22,28.89,8.0,27.025,34.61,427.72,113.67,99.76,76.57,0.8867,14.9400,49.8600,0.0000,0.0000,0.8431,0
1190,11:38:39.714,ROI,160,160,224,224,19.06,19.56,17.825,19.975,51.14,428.99,112.20,98.70,75.54,0.9383,16.9800,42.3000,0.0000,0.0000,0.7840,0
1191,11:38:39.772,ROI,160,160,224,224,18.47,19.34,0.0,0.0,51.69,430.70,111.48,98.45,75.36,0.9479,15.0500,44.5800,0.0000,0.0000,0.7797,0
1192,11:38:39.831,ROI,160,160,224,224,10.01,10.50,0.0,0.0,95.28,433.89,109.76,101.29,75.29,0.8974,14.8300,46.3000,0.0000,0.0000,0.8490,0
1193,11:38:39.882,ROI,160,160,224,224,12.12,12.65,0.0,30.9,79.07,433.50,109.49,100.56,75.98,0.9834,18.1400,42.6900,0.0000,0.0000,0.8787,0
1194,11:38:40.015,ROI,160,160,224,224,24.16,25.04,0.0,0.0,39.94,437.03,107.14,98.73,75.88,0.8774,14.1400,47.8600,0.0000,0.0000,0.8867,0
1195,11:38:40.060,ROI,160,160,224,224,13.85,14.47,0.0,0.0,69.11,439.14,106.20,97.54,77.43,0.9353,14.5000,49.4300,0.0000,0.0000,0.9052,0
1196,11:38:40.122,ROI,160,160,224,224,12.35,12.73,8.2,30.525,78.54,441.09,105.41,98.91,76.66,0.9419,13.9100,46.2900,0.0000,0.0000,0.8716,0
1197,11:38:40.186,ROI,160,160,224,224,11.68,12.06,0.0,32.4,82.90,443.84,103.17,99.93,73.14,0.8927,14.4200,42.7200,0.0000,0.0000,0.8588,0
1198,11:38:40.228,ROI,160,160,224,224,10.53,11.07,0.0,35.3,90.33,445.07,102.21,101.71,74.76,0.9512,13.0200,43.4300,0.0000,0.0000,0.8228,0
1199,11:38:40.291,ROI,160,160,224,224,12.14,12.57,0.0,31.1,79.55,448.40,100.52,102.14,72.49,0.8959,16.1000,37.7600,0.0000,0.0000,0.7666,0
1200,11:38:40.408,ROI,160,160,224,224,10.38,10.78,0.0,0.0,92.76,453.17,98.25,101.23,72.45,0.8576,16.7800,35.9700,0.0000,0.0000,0.8764,0
1201,11:38:40.462,ROI,160,160,224,224,9.38,9.84,0.0,0.0,101.63,454.88,96.59,103.14,71.60,0.9241,20.2500,33.0500,0.0000,0.0000,0.9198,0
1202,11:38:40.534,ROI,160,160,224,224,11.53,12.07,0.0,32.375,82.83,458.37,94.61,102.94,70.87,0.8856,18.7300,32.6100,0.0000,0.0000,0.9371,0
1203,11:38:40.580,ROI,160,160,224,224,8.43,8.85,11.475,0.0,112.97,459.82,93.63,102.75,67.86,0.9314,18.2500,30.3500,0.0000,0.0000,0.9384,0
1204,11:38:40.647,ROI,160,160,224,224,10.53,11.08,0.0,35.275,90.25,461.16,92.36,103.67,69.05,0.9392,17.9000,30.8100,0.0000,0.0000,0.9351,0
1205,11:38:40.711,ROI,160,160,224,224,8.44,8.90,0.0,0.0,112.42,464.07,90.40,103.95,71.36,0.8954,18.5400,31.7900,0.0000,0.0000,0.9481,0
1206,11:38:40.763,ROI,160,160,224,224,18.65,19.31,0.0,0.0,51.80,464.80,89.77,103.78,70.38,0.9687,17.9700,31.6100,0.0000,0.0000,0.9227,0
1207,11:38:40.891,ROI,160,160,224,224,11.39,11.98,0.0,0.0,83.47,470.47,88.37,106.08,67.93,0.8639,15.8500,29.1100,0.0000,0.0000,0.9220,0
1208,11:38:40.926,ROI,160,160,224,224,13.54,14.11,17.2,27.7,70.89,474.48,87.19,106.71,69.72,0.8972,15.1900,29.9900,0.0000,0.0000,0.9144,0
1209,11:38:40.995,ROI,160,160,224,224,9.77,10.24,0.0,38.2,97.68,475.19,87.26,109.42,70.13,0.9695,17.9400,28.6200,0.0000,0.0000,0.9303,0
1210,11:38:41.060,ROI,160,160,224,224,8.85,9.45,7.125,0.0,105.86,478.32,86.13,107.53,70.27,0.9148,16.8300,29.3600,0.0000,0.0000,0.9274,0
1211,11:38:41.108,ROI,160,160,224,224,11.53,11.92,0.0,0.0,83.90,479.27,85.41,107.31,70.94,0.9629,17.1300,28.6900,0.0000,0.0000,0.9354,0
1212,11:38:41.176,ROI,160,160,224,224,9.02,9.97,6.85,0.0,100.30,482.56,83.73,103.35,70.01,0.8969,17.1100,29.0000,0.0000,0.0000,0.9401,0
1213,11:38:41.244,ROI,160,160,224,224,10.07,10.62,0.0,36.825,94.18,483.61,83.09,105.18,68.92,0.9623,19.4400,28.8300,0.0000,0.0000,0.9407,0
1214,11:38:41.293,ROI,160,160,224,224,12.70,13.53,0.0,0.0,73.90,486.72,81.38,102.05,67.79,0.8968,19.8600,29.5000,0.0000,0.0000,0.9528,0
1215,11:38:41.411,ROI,160,160,224,224,8.76,9.20,0.0,0.0,108.75,492.45,79.60,102.34,66.25,0.8500,21.3400,30.8600,0.0000,0.0000,0.9754,0
1216,11:38:41.458,ROI,160,160,224,224,11.24,11.63,0.0,0.0,85.97,493.33,79.13,105.41,65.65,0.9573,20.9000,28.5800,0.0000,0.0000,0.9568,0
1217,11:38:41.527,ROI,160,160,224,224,8.93,9.38,0.0,41.675,106.59,496.71,78.27,101.84,66.61,0.9139,18.1400,28.9800,0.0000,0.0000,0.9554,0
1218,11:38:41.594,ROI,160,160,224,224,9.33,9.76,0.0,0.0,102.42,498.45,77.46,102.33,66.18,0.9435,18.0100,29.2600,0.0000,0.0000,0.9467,0
1219,11:38:41.643,ROI,160,160,224,224,8.96,9.52,0.0,0.0,105.01,499.89,77.14,102.12,65.73,0.9629,19.0900,29.2200,0.0000,0.0000,0.9592,0
1220,11:38:41.693,ROI,160,160,224,224,8.51,9.12,0.0,42.875,109.63,502.93,76.15,100.66,66.58,0.9147,18.4700,29.5700,0.0000,0.0000,0.9502,0
1221,11:38:41.760,ROI,160,160,224,224,8.39,8.84,0.0,44.225,113.16,504.32,75.47,101.75,66.72,0.9537,19.2200,28.7200,0.0000,0.0000,0.9533,0
1222,11:38:41.809,ROI,160,160,224,224,11.89,12.54,0.0,0.0,79.73,506.62,74.62,101.72,66.32,0.9322,19.5600,28.2800,0.0000,0.0000,0.9479,0
1223,11:38:41.942,ROI,160,160,224,224,10.50,10.95,0.0,35.7,91.34,511.56,73.44,102.70,67.45,0.8778,19.4300,29.2300,0.0000,0.0000,0.9668,0
1224,11:38:41.995,ROI,160,160,224,224,10.48,11.07,0.0,35.3,90.31,512.69,73.42,101.81,67.90,0.9717,18.2800,29.9300,0.0000,0.0000,0.9538,0
1225,11:38:42.061,ROI,160,160,224,224,14.43,15.10,0.0,0.0,66.25,515.67,71.53,102.24,66.08,0.8930,16.7800,29.0900,0.0000,0.0000,0.9500,0
1226,11:38:42.111,ROI,160,160,224,224,9.51,9.98,0.0,0.0,100.20,516.74,70.67,102.97,66.82,0.9548,17.7800,28.6900,0.0000,0.0000,0.9432,0
1227,11:38:42.178,ROI,160,160,224,224,14.90,15.50,6.9,0.0,64.50,520.45,69.45,104.51,67.17,0.8987,18.0300,29.6000,0.0000,0.0000,0.9602,0
1228,11:38:42.225,ROI,160,160,224,224,13.96,14.60,0.0,26.75,68.48,523.40,68.43,101.63,65.69,0.9162,19.2400,27.8800,0.0000,0.0000,0.9538,0
1229,11:38:42.289,ROI,160,160,224,224,18.82,19.42,0.0,0.0,51.51,527.31,68.05,100.77,65.84,0.9154,19.4500,27.0400,0.0000,0.0000,0.9524,0
1230,11:38:42.409,ROI,160,160,224,224,16.30,16.94,0.0,23.075,59.04,532.10,67.28,100.17,67.23,0.8893,16.2600,28.4500,0.0000,0.0000,0.9358,0
1231,11:38:42.477,ROI,160,160,224,224,11.53,12.07,0.0,0.0,82.83,534.49,67.37,99.39,67.65,0.9473,15.4200,27.4500,0.0000,0.0000,0.9541,0
1232,11:38:42.511,ROI,160,160,224,224,10.44,11.19,0.0,0.0,89.33,535.30,66.43,100.16,66.35,0.9570,15.6700,26.5600,0.0000,0.0000,0.9338,0
1233,11:38:42.577,ROI,160,160,224,224,14.41,15.10,0.0,0.0,66.21,538.89,66.32,101.11,66.68,0.9266,16.2200,27.5500,0.0000,0.0000,0.9350,0
1234,11:38:42.640,ROI,160,160,224,224,11.48,11.93,0.0,0.0,83.83,540.79,65.83,100.48,65.62,0.9480,15.3800,27.6500,0.0000,0.0000,0.9176,0
1235,11:38:42.707,ROI,160,160,224,224,13.64,14.23,0.0,27.475,70.30,543.95,65.24,100.59,64.93,0.9228,15.0600,26.9800,0.0000,0.0000,0.9208,0
1236,11:38:42.754,ROI,160,160,224,224,16.56,17.11,0.0,0.0,58.44,545.60,65.76,100.51,66.25,0.9487,14.9700,26.6500,0.0000,0.0000,0.9186,0
1237,11:38:42.878,ROI,160,160,224,224,14.63,15.24,0.0,25.625,65.60,550.71,64.72,103.60,65.46,0.8781,15.1000,23.2700,0.0000,0.0000,0.9320,0
1238,11:38:42.927,ROI,160,160,224,224,16.84,17.46,0.0,0.0,57.27,553.95,64.04,101.85,63.94,0.9175,15.1000,21.2200,0.0000,0.0000,0.9098,0
1239,11:38:42.993,ROI,160,160,224,224,20.82,21.32,8.025,18.325,46.90,555.21,63.36,103.04,62.47,0.9536,14.7200,23.0500,0.0000,0.0000,0.8979,0
1240,11:38:43.061,ROI,160,160,224,224,20.72,21.56,0.0,0.0,46.39,558.63,62.96,101.19,62.22,0.9235,14.9400,20.7900,0.0000,0.0000,0.9052,0
1241,11:38:43.110,ROI,160,160,224,224,13.26,13.94,0.0,28.025,71.73,560.46,62.90,100.65,63.07,0.9514,15.0200,21.4200,0.0000,0.0000,0.8999,0
1242,11:38:43.176,ROI,160,160,224,224,12.16,12.71,0.0,0.0,78.69,564.03,62.64,100.16,62.43,0.9222,14.9600,19.4100,0.0000,0.0000,0.9064,0
1243,11:38:43.227,ROI,160,160,224,224,20.83,21.46,0.0,18.2,46.60,566.56,63.13,98.04,62.06,0.9357,14.0000,19.8900,0.0000,0.0000,0.8418,0
1244,11:38:43.342,ROI,160,160,224,224,17.01,17.51,4.175,0.0,57.10,570.44,61.82,98.59,62.99,0.8878,14.4100,19.7700,0.0000,0.0000,0.8753,0
1245,11:38:43.393,ROI,160,160,224,224,11.35,11.93,0.0,0.0,83.81,572.60,61.89,99.27,62.92,0.9551,14.1700,21.0900,0.0000,0.0000,0.8607,0
1246,11:38:43.460,ROI,160,160,224,224,10.64,11.17,0.0,35.025,89.49,575.99,61.57,101.14,63.63,0.9244,14.2500,20.4200,0.0000,0.0000,0.8704,0
1247,11:38:43.527,ROI,160,160,224,224,18.70,19.24,0.0,0.0,51.99,578.05,61.10,101.77,62.58,0.9447,13.6100,16.8900,0.0000,0.0000,0.8400,0
1248,11:38:43.593,ROI,160,160,224,224,13.60,14.18,0.0,0.0,70.52,581.02,60.80,101.49,62.34,0.9346,15.7800,11.7700,1.2200,-16.4800,0.8379,0
1249,11:38:43.629,ROI,160,160,224,224,11.75,12.19,17.725,32.075,82.00,584.51,60.49,101.40,62.73,0.9246,15.6000,14.4600,1.0100,-24.8000,0.8462,0
1250,11:38:43.693,ROI,160,160,224,224,11.13,11.99,0.0,32.625,83.37,588.48,60.05,100.94,62.50,0.9119,15.0200,11.4700,0.0000,0.0000,0.7684,0
1251,11:38:43.744,ROI,160,160,224,224,9.82,10.26,0.0,38.175,97.47,589.26,60.03,99.67,61.89,0.9751,16.7300,7.6500,0.0000,0.0000,0.8830,0
1252,11:38:43.876,ROI,160,160,224,224,11.99,12.52,0.0,0.0,79.89,593.05,59.57,97.78,61.87,0.9129,14.5200,9.1400,0.0000,0.0000,0.7667,0
1253,11:38:43.942,ROI,160,160,224,224,11.82,12.31,0.0,31.8,81.26,596.46,58.76,97.27,61.42,0.9089,14.5200,8.4800,0.0000,0.0000,0.7993,0
1254,11:38:43.992,ROI,160,160,224,224,11.58,12.03,0.0,0.0,83.13,598.37,59.11,98.42,61.38,0.9511,13.9600,13.3400,0.0000,0.0000,0.8076,0
1255,11:38:44.060,ROI,160,160,224,224,11.85,12.37,7.025,0.0,80.87,601.33,58.86,98.60,61.00,0.9340,14.3400,5.7300,0.0000,0.0000,0.7973,0
1256,11:38:44.111,ROI,160,160,224,224,12.12,12.95,10.175,30.2,77.24,603.38,58.44,96.57,60.09,0.9447,12.4100,4.4300,0.0000,0.0000,0.7725,0
1257,11:38:44.160,ROI,160,160,224,224,10.85,11.31,0.0,34.575,88.41,607.30,57.99,97.19,60.23,0.9091,12.8800,7.0800,0.0000,0.0000,0.7484,0
1258,11:38:44.226,ROI,160,160,224,224,12.58,13.06,0.0,29.925,76.58,609.37,57.89,96.15,60.51,0.9538,12.9800,2.4000,0.0000,0.0000,0.7981,0
1259,11:38:44.277,ROI,160,160,224,224,11.66,12.17,0.0,32.15,82.18,611.27,57.62,95.91,61.10,0.9521,11.5100,2.7100,0.0000,0.0000,0.7380,0
1260,11:38:44.410,ROI,160,160,192,192,10.94,11.44,3.25,0.0,87.40,614.92,57.17,97.43,61.80,0.9139,15.9700,6.9100,0.0000,0.0000,0.8857,0
1261,11:38:44.461,ROI,160,160,224,224,16.00,16.44,0.0,0.0,60.82,618.65,58.30,97.86,59.86,0.8940,12.8000,4.5900,1.0800,-9.9700,0.7911,0
1262,11:38:44.511,ROI,160,160,224,224,13.17,13.61,0.0,28.725,73.46,621.07,57.95,96.18,60.17,0.9406,13.7100,5.2100,1.3200,-3.8900,0.8542,0
1263,11:38:44.576,ROI,160,160,224,224,10.88,11.40,0.0,0.0,87.72,625.44,58.24,95.13,59.75,0.9040,13.2400,4.9800,0.0000,0.0000,0.8104,0
1264,11:38:44.643,ROI,160,160,192,192,11.75,12.18,7.125,0.0,82.08,625.61,57.76,95.15,59.11,0.9803,17.7500,7.3900,1.0300,-9.0900,0.8765,0
1265,11:38:44.692,ROI,160,160,192,192,11.04,11.47,0.0,0.0,87.21,629.22,57.16,94.60,59.20,0.9087,16.8400,6.5500,1.0300,-4.8300,0.8860,0
1266,11:38:44.814,ROI,160,160,192,192,12.04,12.57,0.0,0.0,79.55,635.16,57.80,94.24,58.15,0.8636,16.4400,4.4200,1.1500,-4.6700,0.8889,0
1267,11:38:44.861,ROI,160,160,192,192,9.74,10.33,0.0,0.0,96.84,636.62,58.80,93.68,57.11,0.9368,18.2000,2.9700,2.1500,-2.1300,0.9116,0
1268,11:38:44.926,ROI,160,160,192,192,10.26,10.84,0.0,0.0,92.27,639.44,58.36,94.25,58.07,0.9265,17.0400,2.2300,2.1800,-1.5900,0.8885,0
1269,11:38:44.993,ROI,160,160,192,192,12.57,12.97,7.0,30.125,77.09,641.62,58.43,94.13,57.92,0.9526,17.8400,2.7600,2.1600,0.8900,0.8960,0
1270,11:38:45.044,ROI,160,160,192,192,10.81,11.24,0.0,0.0,88.98,645.04,58.54,93.25,57.72,0.9260,16.0700,3.0900,2.5600,-0.5700,0.8929,0
1271,11:38:45.110,ROI,160,160,192,192,11.04,11.54,0.0,0.0,86.69,646.75,59.03,92.89,58.25,0.9480,17.6000,2.5300,1.9900,-1.3300,0.8902,0
1272,11:38:45.159,ROI,160,160,192,192,11.06,11.65,0.0,33.55,85.81,648.29,59.23,92.51,58.63,0.9607,17.2700,1.0900,1.1700,-6.7400,0.9104,0
1273,11:38:45.277,ROI,160,160,192,192,10.80,11.26,0.0,34.75,88.80,653.17,59.11,92.20,59.04,0.8937,16.1900,5.2400,0.0000,0.0000,0.8538,0
1274,11:38:45.342,ROI,160,160,192,192,11.46,11.99,0.0,0.0,83.38,657.37,59.24,92.05,57.52,0.8903,15.2800,-0.4700,1.7600,-10.5800,0.8849,0
1275,11:38:45.393,ROI,160,160,192,192,13.09,13.65,10.1,0.0,73.25,658.94,59.39,92.80,58.36,0.9527,17.2800,0.9900,1.7500,-10.8300,0.9000,0
1276,11:38:45.460,ROI,160,160,192,192,11.15,11.57,0.0,33.775,86.41,661.96,59.21,92.03,57.38,0.9216,15.2600,0.4000,1.3700,-17.1400,0.8984,0
1277,11:38:45.510,ROI,160,160,192,192,11.06,11.47,0.0,34.1,87.22,664.40,60.13,93.12,57.74,0.9195,15.8900,-2.5300,2.4200,-16.5700,0.9097,0
1278,11:38:45.576,ROI,160,160,192,192,10.26,10.72,0.0,0.0,93.28,668.79,60.52,93.13,58.01,0.8985,11.7100,-4.8900,1.2900,-35.3800,0.8647,0
1279,11:38:45.643,ROI,160,160,192,192,12.48,13.00,6.95,0.0,76.93,669.87,60.64,96.48,59.18,0.9461,16.5900,-2.4500,1.6200,-25.4600,0.9187,0
1280,11:38:45.693,ROI,160,160,224,224,14.48,15.01,0.0,26.025,66.61,675.29,61.56,93.84,57.88,0.8659,12.4300,-4.3500,2.2100,-9.2300,0.7774,0
1281,11:38:45.744,ROI,160,160,192,192,14.52,15.08,10.675,0.0,66.29,675.32,61.14,92.20,57.76,0.9685,17.4900,-4.3600,1.9100,-17.5100,0.8923,0
1282,11:38:45.860,ROI,160,160,192,192,11.41,11.85,0.0,0.0,84.40,679.85,62.32,93.74,58.22,0.8727,15.9500,-3.5600,1.8000,-18.0100,0.9116,0
1283,11:38:45.926,ROI,160,160,192,192,10.71,11.30,0.0,0.0,88.51,683.22,62.88,90.44,59.20,0.9125,15.2200,-6.8600,1.9800,-22.9100,0.8481,0
1284,11:38:45.982,ROI,160,160,192,192,13.38,13.77,8.675,0.0,72.62,684.33,62.92,91.80,60.88,0.9492,17.1200,-4.3900,1.5700,-21.1600,0.8770,0
1285,11:38:46.029,ROI,160,160,192,192,9.89,10.31,0.0,37.9,96.97,685.72,63.73,92.34,60.95,0.9451,15.1400,-6.2500,1.2300,-36.6900,0.8317,0
1286,11:38:46.094,ROI,160,160,192,192,10.04,10.43,0.0,0.0,95.85,688.77,64.70,94.61,62.15,0.9083,13.2600,-5.5800,1.3300,-33.1700,0.7911,0
1287,11:38:46.156,ROI,160,160,192,192,15.96,16.41,15.075,23.8,60.93,690.32,64.62,93.18,61.42,0.9563,13.3600,-6.1100,1.6600,-46.8500,0.7456,0
1288,11:38:46.204,ROI,160,160,192,192,11.54,11.93,0.0,0.0,83.81,693.66,65.21,95.27,63.40,0.9030,14.1000,-7.0800,2.0200,-34.6900,0.7431,0
1289,11:38:46.333,ROI,160,160,192,192,11.79,12.21,3.35,32.05,81.90,700.27,65.28,93.84,61.94,0.8505,13.1800,-3.6500,1.8800,-37.3300,0.7738,0
1290,11:38:46.381,ROI,160,160,192,192,9.65,10.09,0.0,38.75,99.12,701.39,65.26,93.22,60.59,0.9551,17.1500,-4.5400,1.9400,-21.4600,0.8321,0
1291,11:38:46.445,ROI,160,160,192,192,11.22,11.62,0.0,33.65,86.06,704.37,65.52,95.03,60.43,0.9307,16.6000,-5.9700,1.4000,-29.0000,0.8460,0
1292,11:38:46.511,ROI,160,160,192,192,10.70,11.18,0.0,34.975,89.48,706.20,66.14,94.90,61.34,0.9432,16.6700,-7.4000,1.5400,-33.5400,0.8401,0
1293,11:38:46.558,ROI,160,160,192,192,13.58,14.04,0.0,0.0,71.23,709.62,66.86,95.41,62.16,0.9097,14.9800,-9.2000,1.4600,-55.1200,0.7812,0
1294,11:38:46.621,ROI,160,160,192,192,10.68,11.21,0.0,34.875,89.22,711.59,68.02,95.11,63.78,0.9258,15.6100,-8.4500,1.8700,-49.2400,0.8116,0
1295,11:38:46.686,ROI,160,160,192,192,12.44,12.89,0.0,0.0,77.55,715.13,68.21,96.37,64.49,0.9189,15.4500,-8.9900,1.8500,-61.7200,0.8009,0
1296,11:38:46.797,ROI,160,160,224,224,10.84,11.28,4.0,0.0,88.64,721.26,68.35,97.08,64.30,0.8772,17.7500,-5.4100,1.9300,-34.1600,0.7565,0
1297,11:38:46.861,ROI,160,160,224,224,10.08,10.59,7.325,0.0,94.41,723.23,68.57,98.88,63.63,0.9509,19.4300,-7.9100,2.3800,-19.5700,0.8474,0
1298,11:38:46.909,ROI,160,160,224,224,13.01,13.46,10.525,29.05,74.31,725.17,68.75,97.37,63.60,0.9558,18.4000,-11.4500,2.0100,-24.8800,0.8352,0
1299,11:38:46.973,ROI,160,160,224,224,18.60,19.09,7.8,0.0,52.38,728.93,69.71,95.14,62.48,0.8981,18.8200,-10.7700,1.9500,-20.4700,0.8985,0
1300,11:38:47.037,ROI,160,160,192,192,11.13,11.56,0.0,33.85,86.50,729.03,70.58,96.48,63.80,0.9591,17.9100,-12.9700,0.0000,0.0000,0.8094,0
1301,11:38:47.084,ROI,160,160,224,224,11.30,11.76,0.0,33.225,85.04,734.24,70.62,93.86,61.84,0.8697,17.0600,-13.4800,1.1800,-39.8100,0.8710,0
1302,11:38:47.213,ROI,160,160,192,192,9.50,9.89,0.0,39.525,101.11,737.30,72.86,96.84,64.39,0.8746,15.6800,-13.3800,0.0000,0.0000,0.7973,0
1303,11:38:47.261,ROI,160,160,224,224,9.91,10.37,0.0,37.675,96.40,740.04,71.30,94.70,61.40,0.8994,18.1600,-20.3600,1.6800,-36.2400,0.8445,0
1304,11:38:47.326,ROI,160,160,192,192,11.49,11.98,0.0,0.0,83.45,742.35,73.51,97.10,62.82,0.8886,15.1000,-16.7800,0.0000,0.0000,0.7322,0
1305,11:38:47.388,ROI,160,160,224,224,11.40,11.82,0.0,0.0,84.63,744.86,72.98,96.84,63.21,0.9342,17.9400,-15.6600,1.3900,-28.8200,0.7767,0
1306,11:38:47.436,ROI,160,160,224,224,12.76,13.26,10.875,0.0,75.44,748.00,75.11,100.02,64.81,0.8791,16.5500,-15.8300,1.6200,-33.4600,0.7044,0
1307,11:38:47.501,ROI,160,160,224,224,11.43,11.76,15.175,0.0,85.03,750.03,76.51,97.30,65.23,0.9202,18.5600,-17.3500,1.0100,-24.8400,0.6938,0
1308,11:38:47.564,ROI,160,160,224,224,9.60,10.05,0.0,0.0,99.54,755.28,77.45,99.26,64.97,0.8744,16.3300,-15.9900,0.0000,0.0000,0.6923,0
1309,11:38:47.613,ROI,160,160,224,224,10.25,10.71,10.15,0.0,93.36,757.17,77.81,102.66,66.72,0.9380,18.7400,-25.4000,0.0000,0.0000,0.8147,0
1310,11:38:47.741,ROI,160,160,224,224,10.97,11.41,0.0,0.0,87.66,761.21,80.09,98.97,69.78,0.8660,17.4700,-29.7400,0.0000,0.0000,0.7905,0
1311,11:38:47.789,ROI,160,160,224,224,11.37,11.76,0.0,33.225,85.04,761.69,79.67,100.44,67.56,0.9546,20.9500,-26.3800,0.0000,0.0000,0.8490,0
1312,11:38:47.854,ROI,160,160,224,224,11.24,11.53,0.0,0.0,86.70,764.56,81.54,97.50,70.06,0.8957,18.2500,-24.8900,0.0000,0.0000,0.7755,0
1313,11:38:47.917,ROI,160,160,224,224,8.43,8.75,0.0,44.625,114.22,766.10,81.97,96.49,70.63,0.9570,20.3700,-28.1700,0.0000,0.0000,0.8658,0
1314,11:38:47.967,ROI,160,160,224,224,9.19,9.61,0.0,0.0,104.11,767.65,84.78,97.71,70.03,0.8951,16.7100,-30.9100,0.0000,0.0000,0.7672,0
1315,11:38:48.029,ROI,160,160,224,224,8.23,8.53,7.5,45.8,117.19,770.46,85.06,95.47,69.22,0.9328,18.1700,-29.4800,0.0000,0.0000,0.8324,0
1316,11:38:48.095,ROI,160,160,192,192,11.65,12.20,0.0,0.0,81.95,773.56,86.83,96.65,69.22,0.8921,17.4800,-35.7000,0.0000,0.0000,0.7907,0
1317,11:38:48.142,ROI,160,160,224,224,16.75,17.35,11.325,0.0,57.65,775.52,86.74,97.71,69.23,0.9581,16.1400,-26.0900,0.0000,0.0000,0.7978,0
1318,11:38:48.270,ROI,160,160,224,224,9.78,10.15,3.525,0.0,98.49,779.86,88.61,96.57,69.10,0.8685,13.5900,-31.9000,0.0000,0.0000,0.7270,0
1319,11:38:48.318,ROI,160,160,224,224,11.32,11.86,0.0,0.0,84.30,782.85,89.15,94.91,69.16,0.9251,14.3400,-36.0200,0.0000,0.0000,0.7610,0
1320,11:38:48.382,ROI,160,160,192,192,25.24,25.72,0.0,0.0,38.89,785.73,90.40,98.76,69.36,0.9098,16.1200,-31.7100,0.0000,0.0000,0.7984,0
1321,11:38:48.446,ROI,160,160,224,224,19.30,19.83,0.0,19.7,50.42,789.14,90.79,95.87,66.16,0.8901,14.9100,-34.1000,0.0000,0.0000,0.7763,0
1322,11:38:48.493,ROI,160,160,192,192,19.97,20.52,0.0,0.0,48.74,790.87,92.63,98.83,67.72,0.9141,16.4300,-29.4700,0.0000,0.0000,0.8297,0
1323,11:38:48.557,ROI,160,160,224,224,11.76,12.07,0.0,32.375,82.85,793.57,92.05,97.54,66.84,0.9307,16.7300,-33.7200,0.0000,0.0000,0.8612,0
1324,11:38:48.622,ROI,160,160,224,224,11.45,11.84,7.4,0.0,84.47,796.21,93.70,96.95,68.22,0.9032,19.1300,-40.1100,0.0000,0.0000,0.8180,0
1325,11:38:48.669,ROI,160,160,224,224,10.87,11.25,0.0,34.725,88.86,798.31,94.65,97.75,66.86,0.9317,19.5100,-31.6500,0.0000,0.0000,0.8475,0
1326,11:38:48.799,ROI,160,160,224,224,12.79,13.11,0.0,0.0,76.27,801.63,96.84,96.87,65.45,0.8762,17.3800,-34.8400,0.0000,0.0000,0.7208,0
1327,11:38:48.845,ROI,160,160,224,224,9.74,10.12,11.625,0.0,98.81,805.37,99.29,96.15,68.19,0.8623,18.1400,-47.3600,0.0000,0.0000,0.6171,0
1328,11:38:48.909,ROI,160,160,224,224,8.93,9.40,7.325,0.0,106.35,807.20,99.30,98.57,68.91,0.9532,19.8800,-37.4400,0.0000,0.0000,0.7600,0
1329,11:38:48.974,ROI,160,160,224,224,13.63,14.03,14.0,27.85,71.29,810.21,101.07,98.11,70.46,0.8956,20.3000,-36.5600,0.0000,0.0000,0.7509,0
1330,11:38:49.021,ROI,160,160,224,224,9.99,10.36,11.625,37.725,96.55,811.62,100.95,97.71,69.13,0.9533,19.0500,-34.6100,0.0000,0.0000,0.7527,0
1331,11:38:49.085,ROI,160,160,224,224,9.93,10.31,0.0,37.875,96.96,814.23,102.83,96.82,70.52,0.8994,18.5100,-43.3900,0.0000,0.0000,0.7401,0
1332,11:38:49.199,ROI,160,160,224,224,9.25,9.65,0.0,40.45,103.62,819.60,105.00,97.34,70.06,0.8443,18.4700,-44.0800,0.0000,0.0000,0.8016,0
1333,11:38:49.262,ROI,160,160,224,224,8.65,9.08,7.3,0.0,110.10,821.94,106.37,99.12,70.66,0.9177,18.9200,-39.3800,0.0000,0.0000,0.8016,0
1334,11:38:49.312,ROI,160,160,224,224,15.04,15.54,0.0,25.15,64.35,822.89,107.35,98.53,70.38,0.9543,16.8100,-41.0200,1.1200,-67.4600,0.7276,0
1335,11:38:49.375,ROI,160,160,224,224,13.70,14.23,0.0,27.475,70.28,825.58,109.09,96.75,69.83,0.9017,17.4500,-38.7900,0.0000,0.0000,0.7760,0
1336,11:38:49.438,ROI,160,160,224,224,8.66,9.05,0.0,0.0,110.55,827.38,110.45,96.75,67.55,0.9268,16.2100,-41.9500,0.0000,0.0000,0.7158,0
1337,11:38:49.487,ROI,160,160,224,224,13.26,13.75,19.475,28.4,72.74,830.28,111.55,97.19,66.75,0.9124,16.5500,-38.2700,0.0000,0.0000,0.7776,0
1338,11:38:49.549,ROI,160,160,224,224,12.87,13.37,8.125,29.2,74.77,832.76,112.10,99.27,68.21,0.9307,17.0400,-37.9000,0.0000,0.0000,0.8372,0
1339,11:38:49.661,ROI,160,160,224,224,11.51,11.93,0.0,32.75,83.85,836.77,114.93,97.64,70.52,0.8522,18.2500,-45.0100,0.0000,0.0000,0.8403,0
1340,11:38:49.727,ROI,160,160,224,224,10.91,11.53,0.0,33.9,86.71,840.37,116.45,96.49,71.25,0.8909,17.5500,-47.3700,2.2400,-64.0100,0.8118,0
1341,11:38:49.789,ROI,160,160,224,224,12.36,12.75,0.0,30.65,78.43,842.63,116.46,96.91,68.88,0.9233,17.9600,-44.1400,0.0000,0.0000,0.8283,0
1342,11:38:49.853,ROI,160,160,224,224,10.45,10.84,0.0,0.0,92.26,845.04,117.41,96.10,69.17,0.9261,18.8800,-43.3600,0.0000,0.0000,0.8240,0
1343,11:38:49.902,ROI,160,160,224,224,10.13,10.52,0.0,0.0,95.09,845.50,118.55,95.93,69.92,0.9586,19.5100,-42.7500,0.0000,0.0000,0.8247,0
1344,11:38:49.966,ROI,160,160,192,192,10.74,11.13,0.0,35.1,89.83,847.40,119.87,93.76,67.30,0.9249,17.8200,-42.9200,0.0000,0.0000,0.7968,0
1345,11:38:50.029,ROI,160,160,192,192,16.19,16.76,0.0,23.3,59.66,849.03,120.60,93.52,68.02,0.9457,16.9000,-44.5500,0.0000,0.0000,0.7216,0
1346,11:38:50.077,ROI,160,160,192,192,10.37,10.78,0.0,0.0,92.75,851.78,121.81,92.77,68.69,0.9105,15.8600,-49.2200,0.0000,0.0000,0.7056,0
1347,11:38:50.191,ROI,160,160,192,192,11.39,11.80,7.575,33.1,84.72,856.89,123.72,94.52,71.28,0.8509,14.8800,-50.8700,0.0000,0.0000,0.7354,0
1348,11:38:50.254,ROI,160,160,192,192,16.59,17.13,7.7,0.0,58.38,860.30,125.64,93.92,71.11,0.8831,14.5200,-51.1700,1.0200,-59.1400,0.6780,0
1349,11:38:50.318,ROI,160,160,192,192,11.39,11.85,0.0,32.975,84.41,862.59,127.51,90.13,73.85,0.9053,16.3900,-52.8700,1.2000,-58.7700,0.7054,0
1350,11:38:50.381,ROI,160,160,192,192,8.11,8.51,0.0,45.925,117.52,866.13,128.80,88.37,73.61,0.8931,17.1100,-53.1700,0.0000,0.0000,0.7416,0
1351,11:38:50.429,ROI,160,160,192,192,8.62,9.05,0.0,0.0,110.52,868.59,130.29,88.33,72.84,0.9089,19.6400,-53.1200,0.0000,0.0000,0.7649,0
1352,11:38:50.494,ROI,160,160,192,192,8.31,8.71,7.0,44.875,114.84,870.94,132.51,89.23,74.68,0.8944,18.0700,-56.2400,0.0000,0.0000,0.7277,0
1353,11:38:50.557,ROI,160,160,192,192,15.36,15.83,0.0,24.675,63.17,872.93,132.76,86.39,74.54,0.9495,16.7200,-60.1000,0.0000,0.0000,0.6961,0
1354,11:38:50.606,ROI,160,160,192,192,14.00,14.58,0.0,26.8,68.58,874.96,135.30,90.31,75.38,0.8934,16.0900,-57.3000,0.0000,0.0000,0.6713,0
1355,11:38:50.734,ROI,160,160,192,192,8.86,9.25,3.45,0.0,108.08,878.31,141.17,92.80,81.30,0.8032,13.8700,-63.0100,0.0000,0.0000,0.6303,0
1356,11:38:50.783,ROI,160,160,192,192,10.00,10.64,0.0,0.0,93.94,878.79,140.03,91.26,81.01,0.9564,14.6100,-61.7700,0.0000,0.0000,0.6356,0
1357,11:38:50.845,ROI,160,160,192,192,8.17,8.59,0.0,0.0,116.46,881.83,143.05,93.31,81.95,0.8713,14.6000,-63.4600,0.0000,0.0000,0.6440,0
1358,11:38:50.910,ROI,160,160,192,192,9.59,9.96,13.875,39.225,100.40,882.64,142.52,95.98,81.36,0.9600,14.6100,-61.0200,0.0000,0.0000,0.6607,0
1359,11:38:50.957,ROI,160,160,192,192,9.38,9.77,0.0,0.0,102.41,885.61,145.89,94.49,82.79,0.8677,14.2300,-62.9800,0.0000,0.0000,0.6477,0
1360,11:38:51.021,ROI,160,160,192,192,11.33,11.73,14.35,33.3,85.26,886.13,146.51,95.69,84.35,0.9692,14.1300,-64.1100,0.0000,0.0000,0.6210,0
1361,11:38:51.085,ROI,160,160,192,192,9.52,9.91,0.0,39.425,100.89,888.68,148.95,95.29,86.51,0.8967,14.5500,-65.6500,0.0000,0.0000,0.6338,0
1362,11:38:51.199,ROI,160,160,192,192,8.78,9.20,0.0,42.425,108.67,891.55,150.57,93.83,85.32,0.9071,14.6200,-69.8100,0.0000,0.0000,0.6552,0
1363,11:38:51.262,ROI,160,160,192,192,8.32,8.74,0.0,44.7,114.43,893.10,152.12,95.08,83.83,0.9334,15.0500,-70.9100,0.0000,0.0000,0.6557,0
1364,11:38:51.312,ROI,160,160,192,192,9.97,10.44,9.5,0.0,95.80,893.71,152.80,94.69,80.35,0.9465,13.7900,-70.6700,0.0000,0.0000,0.6294,0
1365,11:38:51.373,ROI,160,160,192,192,9.83,10.22,7.7,0.0,97.87,895.90,155.29,92.94,81.06,0.8986,14.0400,-76.4400,0.0000,0.0000,0.6288,0
1366,11:38:51.438,ROI,160,160,192,192,12.60,13.07,14.25,29.9,76.54,898.95,156.15,95.29,80.98,0.9182,14.0000,-66.0700,0.0000,0.0000,0.6021,0
1367,11:38:51.485,ROI,160,160,192,192,13.05,13.47,11.4,0.0,74.22,902.82,159.50,94.06,81.73,0.8511,14.3500,-67.9000,0.0000,0.0000,0.6236,0
1368,11:38:51.613,ROI,160,160,192,192,9.92,10.31,0.0,0.0,96.98,907.32,163.44,92.10,82.61,0.8285,13.2600,-68.7100,0.0000,0.0000,0.5745,0
1369,11:38:51.661,ROI,160,160,192,192,8.00,8.40,20.6,46.55,119.10,906.88,164.12,93.00,82.08,0.9743,11.2300,-72.7600,0.0000,0.0000,0.5898,0
1370,11:38:51.726,ROI,160,160,192,192,17.58,18.13,0.0,0.0,55.15,910.32,167.22,90.80,82.08,0.8626,12.9500,-72.2100,0.0000,0.0000,0.6055,0
1371,11:38:51.790,ROI,160,160,192,192,14.68,15.25,8.5,25.575,65.55,910.61,166.88,89.92,82.08,0.9822,12.8000,-74.9200,0.0000,0.0000,0.6245,0
1372,11:38:51.838,ROI,160,160,192,192,15.33,15.85,0.0,24.675,63.11,914.61,170.92,88.51,82.10,0.8318,12.4900,-73.3200,0.0000,0.0000,0.5739,0
1373,11:38:51.901,ROI,160,160,192,192,9.47,9.90,8.325,0.0,100.99,915.06,172.09,89.88,84.40,0.9575,13.0600,-72.6200,0.0000,0.0000,0.6058,0
1374,11:38:51.966,ROI,160,160,192,192,8.68,9.10,0.0,42.925,109.84,917.51,174.10,88.69,83.95,0.9034,14.1600,-75.6400,0.0000,0.0000,0.6365,0
1375,11:38:52.015,ROI,160,160,192,192,8.28,8.71,0.0,0.0,114.86,918.80,175.69,88.98,88.01,0.9271,14.9000,-73.3900,0.0000,0.0000,0.6709,0
1376,11:38:52.141,ROI,160,160,192,192,9.36,9.83,0.0,0.0,101.75,921.53,179.76,88.94,90.98,0.8609,15.1800,-74.9000,0.0000,0.0000,0.6940,0
1377,11:38:52.189,ROI,160,160,192,192,9.69,10.08,20.8,0.0,99.18,922.21,180.64,90.10,90.61,0.9661,15.0100,-75.3300,0.0000,0.0000,0.6746,0
1378,11:38:52.254,ROI,160,160,192,192,9.99,10.39,14.225,0.0,96.28,924.12,184.03,89.24,90.12,0.8903,15.3000,-77.1700,0.0000,0.0000,0.6671,0
1379,11:38:52.317,ROI,160,160,192,192,9.04,9.47,0.0,41.25,105.63,924.70,184.58,91.34,89.11,0.9655,15.5300,-74.6000,0.0000,0.0000,0.6736,0
1380,11:38:52.365,ROI,160,160,192,192,8.15,8.53,0.0,0.0,117.18,926.81,186.46,90.38,90.16,0.9162,15.5300,-81.1300,0.0000,0.0000,0.6512,0
1381,11:38:52.429,ROI,160,160,192,192,8.18,8.59,7.025,45.5,116.47,928.03,188.12,90.29,91.50,0.9388,15.7100,-84.0000,0.0000,0.0000,0.6316,0
1382,11:38:52.494,ROI,160,160,192,192,10.47,10.86,0.0,35.975,92.05,929.40,191.20,90.92,93.34,0.9083,14.3900,-83.3500,0.0000,0.0000,0.6177,0
1383,11:38:52.541,ROI,160,160,192,192,9.71,10.22,0.0,0.0,97.89,930.85,192.48,89.22,91.06,0.9423,15.0600,-83.6600,0.0000,0.0000,0.6572,0
1384,11:38:52.670,ROI,160,160,192,192,24.43,25.05,3.3,15.6,39.92,932.81,197.17,91.98,93.01,0.8662,15.3600,-77.9600,0.0000,0.0000,0.6635,0
1385,11:38:52.718,ROI,160,160,192,192,14.47,15.04,0.0,25.975,66.48,935.13,200.94,91.80,92.86,0.8783,15.4800,-76.8000,0.0000,0.0000,0.7067,0
1386,11:38:52.782,ROI,160,160,192,192,11.68,12.21,7.95,0.0,81.87,935.92,202.87,92.16,93.72,0.9433,16.0300,-78.6800,0.0000,0.0000,0.6830,0
1387,11:38:52.845,ROI,160,160,192,192,16.59,17.16,7.6,0.0,58.27,937.51,205.61,94.01,93.86,0.9124,15.7900,-78.3200,0.0000,0.0000,0.7152,0
1388,11:38:52.896,ROI,160,160,192,192,13.39,14.04,11.85,27.85,71.24,938.39,206.97,93.22,93.26,0.9535,15.7700,-81.9700,0.0000,0.0000,0.6884,0
1389,11:38:52.958,ROI,160,160,192,192,15.24,15.84,0.0,24.675,63.13,937.88,208.74,96.58,93.53,0.9299,15.0600,-79.7900,0.0000,0.0000,0.6699,0
1390,11:38:53.022,ROI,160,160,224,224,19.71,20.31,0.0,19.25,49.24,939.09,209.29,96.50,93.70,0.9640,18.1100,-84.9300,0.0000,0.0000,0.8149,0
1391,11:38:53.070,ROI,160,160,224,224,16.43,17.00,14.275,23.0,58.82,939.98,209.50,95.28,92.48,0.9688,18.4300,-84.9700,0.0000,0.0000,0.8379,0
1392,11:38:53.198,ROI,160,160,192,192,12.22,12.80,3.5,30.525,78.12,944.71,216.60,93.37,96.28,0.7835,16.5100,-85.8100,0.0000,0.0000,0.7760,0
1393,11:38:53.245,ROI,160,160,224,224,8.55,9.00,0.0,43.425,111.15,946.25,218.10,90.80,93.10,0.9352,17.4000,-87.7300,0.0000,0.0000,0.7610,0
1394,11:38:53.311,ROI,160,160,192,192,9.32,9.75,0.0,0.0,102.58,947.51,221.36,90.55,93.35,0.9077,16.0300,-85.7500,0.0000,0.0000,0.7511,0
1395,11:38:53.375,ROI,160,160,192,192,14.30,14.91,0.0,0.0,67.07,949.05,224.97,89.98,93.59,0.8957,15.4400,-86.6600,0.0000,0.0000,0.7447,0
1396,11:38:53.421,ROI,160,160,192,192,10.95,11.45,0.0,0.0,87.35,949.19,223.72,90.43,90.29,0.9600,16.8700,-85.9100,0.0000,0.0000,0.8117,0
1397,11:38:53.486,ROI,160,160,192,192,9.78,10.09,14.7,0.0,99.08,951.87,226.35,88.46,90.18,0.8901,16.7200,-87.8300,0.0000,0.0000,0.7539,0
1398,11:38:53.598,ROI,160,160,192,192,11.32,11.83,0.0,0.0,84.51,954.02,230.38,87.79,90.30,0.8726,16.5100,-91.3800,0.0000,0.0000,0.7587,0
1399,11:38:53.664,ROI,160,160,192,192,17.45,17.88,0.0,21.85,55.92,954.13,233.35,87.43,89.51,0.9324,16.3000,-91.2200,0.0000,0.0000,0.7819,0
1400,11:38:53.725,ROI,160,160,192,192,20.19,20.66,9.025,18.925,48.41,955.91,235.98,86.39,89.33,0.9062,15.4600,-92.1700,0.0000,0.0000,0.7273,0
1401,11:38:53.775,ROI,160,160,192,192,14.76,15.27,13.325,0.0,65.48,956.16,236.13,86.26,87.96,0.9789,15.1000,-92.6500,0.0000,0.0000,0.7651,0
1402,11:38:53.837,ROI,160,160,192,192,18.06,18.53,0.0,21.075,53.96,956.72,237.98,85.93,89.33,0.9470,16.0600,-92.7500,0.0000,0.0000,0.7772,0
1403,11:38:53.903,ROI,160,160,192,192,12.58,13.15,0.0,0.0,76.07,959.54,241.12,83.95,91.33,0.8750,15.8100,-90.2100,0.0000,0.0000,0.7510,0
1404,11:38:53.949,ROI,160,160,192,192,10.20,10.72,11.95,36.525,93.28,958.17,241.60,88.68,89.50,0.9286,16.6000,-91.5800,0.0000,0.0000,0.8063,0
1405,11:38:54.079,ROI,160,160,192,192,9.35,9.76,0.0,0.0,102.44,961.65,247.44,84.28,95.64,0.8181,17.0100,-90.9900,0.0000,0.0000,0.7996,0
1406,11:38:54.125,ROI,160,160,192,192,11.25,11.77,10.65,0.0,84.98,961.20,251.51,88.40,94.88,0.8771,17.3700,-90.9400,0.0000,0.0000,0.7920,0
1407,11:38:54.190,ROI,160,160,192,192,16.15,16.64,14.825,23.5,60.09,962.21,252.78,87.35,95.47,0.9520,17.0300,-90.9000,0.0000,0.0000,0.7572,0
1408,11:38:54.253,ROI,160,160,192,192,13.23,13.74,8.375,28.425,72.76,962.92,255.59,87.67,93.08,0.9273,16.4200,-93.0900,0.0000,0.0000,0.7483,0
1409,11:38:54.301,ROI,160,160,192,192,10.63,11.37,11.375,34.4,87.99,963.67,256.63,86.59,91.66,0.9612,15.4500,-93.4000,0.0000,0.0000,0.7836,0
1410,11:38:54.365,ROI,160,160,192,192,8.50,8.89,0.0,0.0,112.52,964.12,259.76,87.43,93.95,0.9255,16.0200,-92.9900,0.0000,0.0000,0.7330,0
1411,11:38:54.429,ROI,160,160,192,192,8.56,9.13,7.15,42.8,109.50,964.88,261.20,88.49,96.37,0.9537,16.2400,-90.2300,0.0000,0.0000,0.7408,0
1412,11:38:54.477,ROI,160,160,224,224,9.07,9.58,0.0,40.95,104.39,966.55,265.34,86.14,95.55,0.8840,16.2600,-90.4700,0.0000,0.0000,0.7799,0
1413,11:38:54.607,ROI,160,160,192,192,11.10,11.62,0.0,0.0,86.06,966.74,270.27,88.80,97.02,0.8767,16.8200,-92.5200,0.0000,0.0000,0.8155,0
1414,11:38:54.653,ROI,160,160,224,224,12.20,12.65,22.3,0.0,79.03,966.70,273.01,87.26,98.31,0.9296,15.4300,-90.6600,0.0000,0.0000,0.8321,0
1415,11:38:54.716,ROI,160,160,224,224,9.40,9.98,0.0,39.125,100.20,968.38,276.16,87.09,99.41,0.9038,14.8000,-90.8400,0.0000,0.0000,0.8434,0
1416,11:38:54.781,ROI,160,160,224,224,8.97,9.35,0.0,0.0,106.95,968.43,277.76,87.29,98.07,0.9660,15.2600,-91.0400,0.0000,0.0000,0.8305,0
1417,11:38:54.830,ROI,160,160,224,224,8.83,9.46,0.0,0.0,105.69,968.06,278.90,87.12,98.70,0.9688,15.2800,-90.4300,0.0000,0.0000,0.8408,0
1418,11:38:54.895,ROI,160,160,224,224,8.62,9.16,7.075,0.0,109.21,969.58,280.34,86.70,98.70,0.9383,15.4400,-91.4600,0.0000,0.0000,0.8503,0
1419,11:38:54.957,ROI,160,160,224,224,11.38,11.85,7.45,0.0,84.41,969.28,282.44,86.49,98.53,0.9518,15.4900,-92.3000,0.0000,0.0000,0.8450,0
1420,11:38:55.004,ROI,160,160,224,224,10.32,10.76,10.775,0.0,92.93,970.67,285.22,86.60,99.05,0.9162,15.5200,-92.1800,0.0000,0.0000,0.8228,0
1421,11:38:55.135,ROI,160,160,224,224,15.57,16.00,0.0,0.0,62.48,971.93,290.60,84.76,97.93,0.8715,15.4800,-92.7400,0.0000,0.0000,0.8060,0
1422,11:38:55.183,ROI,160,160,224,224,13.24,13.79,0.0,28.375,72.50,972.23,293.01,84.22,95.75,0.9448,15.2800,-92.4600,0.0000,0.0000,0.8312,0
1423,11:38:55.246,ROI,160,160,192,192,9.16,9.55,8.025,40.975,104.70,971.96,298.53,89.56,101.65,0.8420,17.1300,-91.3300,0.0000,0.0000,0.8265,0
1424,11:38:55.309,ROI,160,160,224,224,11.94,12.46,0.0,0.0,80.27,971.59,296.03,83.61,95.38,0.8760,16.6600,-93.7700,0.0000,0.0000,0.8744,0
1425,11:38:55.357,ROI,160,160,192,192,16.59,17.05,0.0,0.0,58.66,973.90,304.02,86.48,101.52,0.8073,16.7500,-92.3900,0.0000,0.0000,0.7956,0
1426,11:38:55.421,ROI,160,160,224,224,17.69,18.27,0.0,21.4,54.74,971.32,303.27,85.53,97.64,0.9065,15.2400,-94.9200,0.0000,0.0000,0.8492,0
1427,11:38:55.485,ROI,160,160,224,224,20.04,20.50,0.0,19.05,48.79,973.04,306.70,84.98,99.29,0.8970,16.2100,-94.6700,0.0000,0.0000,0.7781,0
1428,11:38:55.598,ROI,160,160,224,224,13.59,14.15,0.0,0.0,70.69,973.24,311.19,87.82,100.42,0.8853,15.9800,-95.2800,0.0000,0.0000,0.7451,0
1429,11:38:55.661,ROI,160,160,224,224,9.12,9.54,7.95,41.0,104.86,973.73,313.46,91.62,100.91,0.9171,18.2500,-94.3500,0.0000,0.0000,0.8014,0
1430,11:38:55.710,ROI,160,160,224,224,11.96,12.48,0.0,0.0,80.11,973.77,314.81,90.66,101.15,0.9638,17.9400,-93.6700,0.0000,0.0000,0.8026,0
1431,11:38:55.773,ROI,160,160,224,224,10.11,10.49,7.775,37.25,95.32,972.59,318.68,93.80,94.96,0.8952,16.7800,-94.4300,0.0000,0.0000,0.7856,0
1432,11:38:55.836,ROI,160,160,192,192,9.98,10.43,0.0,37.475,95.91,974.10,320.93,91.67,98.80,0.9251,17.5000,-93.6100,0.0000,0.0000,0.7990,0
1433,11:38:55.885,ROI,160,160,224,224,9.99,10.42,0.0,37.55,95.93,971.54,322.24,95.72,95.52,0.9168,16.8200,-96.5300,0.0000,0.0000,0.7881,0
1434,11:38:56.013,ROI,160,160,192,192,8.83,9.29,0.0,0.0,107.59,971.30,330.84,99.68,99.86,0.8067,18.6700,-95.2000,0.0000,0.0000,0.8399,0
1435,11:38:56.061,ROI,160,160,224,224,8.42,8.83,0.0,0.0,113.20,970.13,330.57,102.58,102.73,0.9447,16.8300,-94.2500,0.0000,0.0000,0.8099,0
1436,11:38:56.127,ROI,160,160,224,224,8.53,9.07,6.9,0.0,110.30,970.70,333.54,103.28,101.89,0.9336,16.4400,-92.3400,0.0000,0.0000,0.8170,0
1437,11:38:56.190,ROI,160,160,224,224,10.03,10.45,14.55,37.425,95.74,971.27,335.52,101.64,103.14,0.9473,16.6600,-91.8200,0.0000,0.0000,0.8426,0
1438,11:38:56.239,ROI,160,160,224,224,15.85,16.43,9.95,23.8,60.88,971.15,337.55,99.67,101.15,0.9426,17.5300,-93.8700,0.0000,0.0000,0.8347,0
1439,11:38:56.302,ROI,160,160,224,224,9.93,10.40,8.475,0.0,96.12,970.44,339.60,100.09,102.76,0.9471,18.1300,-94.2300,0.0000,0.0000,0.8333,0
1440,11:38:56.366,ROI,160,160,224,224,7.97,8.34,0.0,46.875,119.94,970.71,345.47,100.32,107.49,0.8897,20.1200,-96.6100,0.0000,0.0000,0.8250,0
1441,11:38:56.414,ROI,160,160,224,224,9.53,9.91,0.0,39.425,100.87,969.96,346.23,100.31,105.43,0.9663,18.3100,-96.8900,0.0000,0.0000,0.8070,0
1442,11:38:56.542,ROI,160,160,224,224,19.95,20.67,0.0,0.0,48.37,968.89,349.72,100.17,105.60,0.9168,19.7900,-99.2400,0.0000,0.0000,0.8437,0
1443,11:38:56.589,ROI,160,160,224,224,12.87,13.36,0.0,29.25,74.84,969.18,352.57,97.86,102.66,0.9252,18.9400,-100.2100,2.0300,-100.5500,0.8375,0
1444,11:38:56.653,ROI,160,160,224,224,21.90,22.43,7.675,34.825,44.59,969.55,355.21,98.38,106.29,0.9437,19.4000,-99.4700,0.0000,0.0000,0.8382,0
1445,11:38:56.702,ROI,160,160,224,224,20.99,21.43,0.0,0.0,46.66,968.89,356.53,98.92,104.09,0.9625,17.8700,-100.0700,0.0000,0.0000,0.8146,0
1446,11:38:56.766,ROI,160,160,224,224,14.69,15.20,0.0,0.0,65.81,967.37,360.23,101.60,108.35,0.9053,20.2600,-101.6800,0.0000,0.0000,0.8464,0
1447,11:38:56.829,ROI,160,160,224,224,12.30,12.85,8.1,30.45,77.80,966.40,361.86,102.19,106.05,0.9520,19.0400,-102.6000,0.0000,0.0000,0.8295,0
1448,11:38:56.893,ROI,160,160,224,224,16.43,17.31,7.65,0.0,57.76,967.06,367.01,100.18,112.01,0.8933,20.3800,-102.8300,0.0000,0.0000,0.8610,0
1449,11:38:56.942,ROI,160,160,256,256,14.18,14.69,12.45,26.6,68.07,965.82,369.08,102.75,110.93,0.9399,15.5000,-105.2000,0.0000,0.0000,0.8321,0
1450,11:38:57.054,ROI,160,160,224,224,9.91,10.37,4.025,37.825,96.47,965.80,375.71,102.76,110.36,0.8867,18.1000,-108.5900,0.0000,0.0000,0.8604,0
1451,11:38:57.118,ROI,160,160,224,224,10.25,10.89,0.0,35.9,91.81,964.65,377.53,103.00,110.24,0.9464,16.8000,-111.0200,0.0000,0.0000,0.8413,0
1452,11:38:57.181,ROI,160,160,224,224,8.14,8.90,0.0,43.975,112.32,963.43,379.44,105.20,112.17,0.9441,17.4100,-112.1600,0.0000,0.0000,0.8317,0
1453,11:38:57.232,ROI,160,160,256,256,15.30,15.82,0.0,0.0,63.19,963.24,381.72,101.74,109.58,0.9284,14.3100,-109.4900,0.0000,0.0000,0.8128,0
1454,11:38:57.295,ROI,160,160,224,224,9.89,10.30,0.0,38.025,97.05,960.93,383.18,103.18,112.59,0.9307,17.8300,-114.0300,0.0000,0.0000,0.8435,0
1455,11:38:57.356,ROI,160,160,256,256,10.22,10.62,0.0,0.0,94.14,961.44,385.40,101.89,113.23,0.9497,15.1900,-115.6900,0.0000,0.0000,0.8894,0
1456,11:38:57.405,ROI,160,160,256,256,9.93,10.55,10.25,0.0,94.77,959.53,389.10,101.82,110.69,0.9026,15.1900,-115.6800,0.0000,0.0000,0.8774,0
1457,11:38:57.533,ROI,160,160,224,224,10.11,10.70,6.625,0.0,93.45,956.33,395.31,104.19,112.81,0.8432,18.4300,-118.5900,0.0000,0.0000,0.8870,0
1458,11:38:57.581,ROI,160,160,256,256,8.22,8.92,0.0,0.0,112.13,956.14,398.54,103.60,108.43,0.9381,14.1900,-122.9800,0.0000,0.0000,0.8463,0
1459,11:38:57.645,ROI,160,160,224,224,13.44,13.96,7.05,28.0,71.65,953.94,401.78,105.94,115.05,0.9042,16.2600,-119.7400,0.0000,0.0000,0.8425,0
1460,11:38:57.710,ROI,160,160,256,256,9.78,10.53,0.0,0.0,94.99,951.90,405.50,106.64,119.44,0.9041,14.1000,-122.6600,0.0000,0.0000,0.8299,0
1461,11:38:57.759,ROI,160,160,256,256,13.61,14.39,0.0,0.0,69.50,950.10,409.30,104.93,123.49,0.9091,14.2500,-122.3700,0.0000,0.0000,0.8355,0
1462,11:38:57.821,ROI,160,160,256,256,10.94,11.65,0.0,0.0,85.84,948.06,409.96,106.61,123.44,0.9522,15.7400,-123.0200,0.0000,0.0000,0.8486,0
1463,11:38:57.887,ROI,160,160,256,256,16.44,16.99,0.0,23.025,58.86,946.98,414.73,105.63,124.40,0.9078,14.7900,-123.4700,0.0000,0.0000,0.8385,0
1464,11:38:57.999,ROI,160,160,256,256,9.21,9.86,4.125,0.0,101.39,944.30,417.98,108.51,120.19,0.9035,14.9500,-125.3700,0.0000,0.0000,0.8443,0
1465,11:38:58.061,ROI,160,160,256,256,8.49,8.91,0.0,0.0,112.20,942.91,420.41,109.02,122.40,0.9370,14.5200,-124.7500,0.0000,0.0000,0.8399,0
1466,11:38:58.109,ROI,160,160,256,256,9.14,9.88,0.0,0.0,101.23,942.21,424.78,110.82,127.06,0.9174,15.2500,-123.4200,0.0000,0.0000,0.8614,0
1467,11:38:58.173,ROI,160,160,256,256,9.82,10.40,7.25,0.0,96.14,940.26,428.98,108.64,129.47,0.9051,14.6500,-121.7300,0.0000,0.0000,0.8367,0
1468,11:38:58.239,ROI,160,160,288,288,9.85,10.23,14.125,0.0,97.73,939.37,430.61,111.73,127.37,0.9485,14.7600,-124.1900,0.0000,0.0000,0.8192,0
1469,11:38:58.287,ROI,160,160,256,256,11.91,12.59,10.3,0.0,79.44,936.07,431.58,111.01,125.50,0.9284,14.5300,-123.9000,0.0000,0.0000,0.8071,0
1470,11:38:58.414,ROI,160,160,256,256,8.39,8.97,0.0,43.6,111.54,930.86,433.59,116.59,121.18,0.8831,15.2400,-127.5300,0.0000,0.0000,0.8143,0
1471,11:38:58.462,ROI,160,160,256,256,8.44,8.88,0.0,44.125,112.57,930.77,434.94,117.31,119.23,0.9720,17.3700,-127.5400,0.0000,0.0000,0.8474,0
1472,11:38:58.527,ROI,160,160,256,256,10.70,11.22,0.0,34.825,89.10,928.56,438.00,117.79,119.65,0.9158,16.8400,-129.6800,0.0000,0.0000,0.8433,0
1473,11:38:58.589,ROI,160,160,256,256,10.03,10.42,0.0,37.625,95.98,927.57,439.87,117.49,122.18,0.9536,16.6600,-127.1000,0.0000,0.0000,0.8545,0
1474,11:38:58.636,ROI,160,160,256,256,9.67,10.23,0.0,38.175,97.73,925.66,442.15,117.86,120.93,0.9329,17.1400,-127.8900,0.0000,0.0000,0.8540,0
1475,11:38:58.701,ROI,160,160,256,256,11.44,11.99,0.0,0.0,83.41,925.00,441.87,116.98,120.42,0.9843,18.5200,-126.0800,0.0000,0.0000,0.8343,0
1476,11:38:58.766,ROI,160,160,256,256,9.12,9.73,0.0,0.0,102.75,921.66,444.28,119.28,118.37,0.9087,17.5900,-127.2100,0.0000,0.0000,0.8811,0
1477,11:38:58.813,ROI,160,160,256,256,9.23,9.65,0.0,0.0,103.65,921.82,445.70,119.28,116.64,0.9736,18.3300,-129.2900,0.0000,0.0000,0.8429,0
1478,11:38:58.942,ROI,160,160,256,256,11.01,11.47,3.3,0.0,87.21,915.51,450.87,121.49,116.32,0.8274,16.0700,-127.2800,0.0000,0.0000,0.8655,0
1479,11:38:58.990,ROI,160,160,256,256,11.36,11.88,0.0,32.9,84.18,913.50,454.75,127.49,118.67,0.8929,16.7500,-130.4500,0.0000,0.0000,0.8661,0
1480,11:38:59.055,ROI,160,160,256,256,17.33,17.94,0.0,0.0,55.75,908.60,457.65,132.69,118.66,0.8848,16.8000,-130.1900,0.0000,0.0000,0.8644,0
1481,11:38:59.118,ROI,160,160,288,288,20.63,21.09,0.0,18.525,47.42,907.33,458.42,127.37,114.07,0.9228,15.1200,-131.4800,0.0000,0.0000,0.8205,0
1482,11:38:59.167,ROI,160,160,256,256,18.95,19.48,41.65,0.0,51.34,906.09,461.47,130.26,114.90,0.9275,16.9100,-129.3100,0.0000,0.0000,0.8479,0
1483,11:38:59.232,ROI,160,160,288,288,20.32,20.90,8.575,0.0,47.86,904.24,462.44,127.15,115.06,0.9556,15.0700,-130.2600,0.0000,0.0000,0.8243,0
1484,11:38:59.295,ROI,160,160,256,256,16.85,17.33,27.625,0.0,57.69,902.77,466.19,129.55,116.16,0.9165,15.7100,-128.9200,0.0000,0.0000,0.8336,0
1485,11:38:59.343,ROI,160,160,288,288,11.82,12.28,0.0,0.0,81.41,901.01,467.80,126.52,116.05,0.9467,14.6200,-128.5400,0.0000,0.0000,0.7954,0
1486,11:38:59.470,ROI,160,160,256,256,10.94,11.32,6.8,0.0,88.36,896.68,471.21,123.86,113.68,0.8809,14.8100,-129.9400,0.0000,0.0000,0.8076,0
1487,11:38:59.517,ROI,160,160,256,256,10.00,10.54,22.0,0.0,94.87,896.85,473.18,120.86,115.34,0.9434,16.4800,-126.4200,0.0000,0.0000,0.8153,0
1488,11:38:59.581,ROI,160,160,256,256,11.05,11.70,7.175,33.4,85.48,895.46,475.00,120.96,115.54,0.9472,15.9300,-126.8600,0.0000,0.0000,0.8101,0
1489,11:38:59.630,ROI,160,160,256,256,8.47,9.03,10.75,0.0,110.77,891.46,477.11,123.36,114.45,0.9040,14.5600,-129.6500,0.0000,0.0000,0.8243,0
1490,11:38:59.694,ROI,160,160,256,256,9.18,9.70,14.05,40.3,103.13,888.86,478.60,123.20,113.17,0.9343,15.8300,-129.0000,0.0000,0.0000,0.8233,0
1491,11:38:59.758,ROI,160,160,256,256,9.82,10.26,0.0,0.0,97.44,887.52,479.89,127.30,114.61,0.9463,17.0600,-129.7100,0.0000,0.0000,0.8578,0
1492,11:38:59.821,ROI,160,160,256,256,12.63,12.93,7.375,0.0,77.31,883.32,482.42,126.48,111.31,0.8960,15.9700,-133.6500,0.0000,0.0000,0.8451,0
1493,11:38:59.869,ROI,160,160,256,256,11.63,12.00,11.225,0.0,83.35,883.18,483.84,128.51,114.50,0.9568,16.4700,-129.9700,0.0000,0.0000,0.8570,0
1494,11:39:00.000,ROI,160,160,288,288,14.53,15.19,0.0,0.0,65.85,878.75,486.47,126.92,113.69,0.8922,15.2900,-130.3300,0.0000,0.0000,0.7525,0
1495,11:39:00.047,ROI,160,160,256,256,8.42,8.95,0.0,0.0,111.76,872.72,490.13,135.34,114.10,0.8576,16.4000,-130.4800,0.0000,0.0000,0.8742,0
1496,11:39:00.112,ROI,160,160,288,288,10.31,10.78,6.9,0.0,92.77,872.97,491.60,129.11,112.01,0.9296,15.2300,-133.7600,0.0000,0.0000,0.8252,0
1497,11:39:00.174,ROI,160,160,288,288,18.06,18.57,7.725,21.025,53.84,868.38,493.77,135.18,113.54,0.8985,15.6100,-135.3700,0.0000,0.0000,0.7776,0
1498,11:39:00.223,ROI,160,160,288,288,15.56,16.20,12.825,0.0,61.72,864.65,495.81,138.29,114.16,0.9144,16.1900,-136.1800,0.0000,0.0000,0.8247,0
1499,11:39:00.286,ROI,160,160,288,288,18.49,19.07,0.0,20.475,52.44,858.76,498.64,142.54,115.38,0.8768,16.3200,-139.0800,0.0000,0.0000,0.8223,0
1500,11:39:00.399,ROI,160,160,288,288,18.17,18.66,4.2,20.925,53.59,853.18,500.57,143.84,113.94,0.8953,17.6700,-140.3500,0.0000,0.0000,0.8731,0
1501,11:39:00.462,ROI,160,160,288,288,18.06,18.55,0.0,0.0,53.90,851.74,502.93,147.92,114.07,0.9334,17.1400,-143.4900,0.0000,0.0000,0.8899,0
1502,11:39:00.525,ROI,160,160,320,320,14.79,15.33,8.65,25.475,65.22,849.96,502.82,142.08,114.78,0.9548,16.8300,-142.6600,0.0000,0.0000,0.8847,0
1503,11:39:00.575,ROI,160,160,288,288,18.07,18.61,0.0,21.0,53.75,847.11,505.35,147.96,116.19,0.9197,18.4000,-144.0200,0.0000,0.0000,0.9111,0
1504,11:39:00.638,ROI,160,160,320,320,16.54,17.20,0.0,22.75,58.12,845.36,505.26,144.22,116.10,0.9733,16.8000,-143.3900,0.0000,0.0000,0.8545,0
1505,11:39:00.701,ROI,160,160,320,320,10.70,11.27,8.475,0.0,88.71,841.58,508.22,144.22,116.96,0.9030,18.5700,-143.3600,0.0000,0.0000,0.8991,0
1506,11:39:00.750,ROI,160,160,320,320,11.59,11.97,0.0,0.0,83.53,839.30,509.96,142.22,115.60,0.9405,18.3300,-145.9400,0.0000,0.0000,0.9345,0
1507,11:39:00.879,ROI,160,160,288,288,21.02,21.92,0.0,0.0,45.63,831.98,511.75,144.11,113.78,0.8763,16.3200,-147.8500,0.0000,0.0000,0.9003,0
1508,11:39:00.927,ROI,160,160,320,320,14.79,15.27,14.95,25.6,65.51,829.12,516.08,142.52,113.02,0.8915,18.8100,-149.5900,0.0000,0.0000,0.9363,0
1509,11:39:00.989,ROI,160,160,288,288,21.20,21.91,8.3,17.875,45.65,826.77,516.68,142.87,114.16,0.9575,15.0400,-152.8600,0.0000,0.0000,0.8821,0
1510,11:39:01.053,ROI,160,160,288,288,23.46,24.02,0.0,0.0,41.63,821.34,520.03,142.51,115.85,0.8761,15.2800,-147.4700,0.0000,0.0000,0.8543,0
1511,11:39:01.102,ROI,160,160,288,288,19.71,20.20,0.0,38.675,49.50,820.06,520.32,142.70,110.84,0.9402,15.3200,-156.3500,0.0000,0.0000,0.8589,0
1512,11:39:01.165,ROI,160,160,288,288,8.91,9.35,0.0,41.825,107.01,813.56,521.78,137.95,112.27,0.8890,15.2800,-152.4100,0.0000,0.0000,0.8519,0
1513,11:39:01.230,ROI,160,160,288,288,15.86,16.34,0.0,0.0,61.19,814.30,522.62,134.21,111.24,0.9585,13.8600,-157.8300,0.0000,0.0000,0.8574,0
1514,11:39:01.278,ROI,160,160,288,288,12.33,12.81,0.0,30.525,78.05,808.96,523.04,135.20,108.58,0.9026,13.9300,-157.7700,0.0000,0.0000,0.8641,0
1515,11:39:01.405,ROI,160,160,288,288,9.78,10.42,0.0,0.0,95.98,802.49,527.45,135.76,110.05,0.8414,15.1700,-158.6100,0.0000,0.0000,0.8622,0
1516,11:39:01.453,ROI,160,160,288,288,10.12,10.74,20.7,0.0,93.14,800.20,527.47,139.79,109.31,0.9610,12.8900,-159.9600,0.0000,0.0000,0.8828,0
1517,11:39:01.517,ROI,160,160,288,288,10.34,10.95,14.7,0.0,91.32,798.11,528.48,139.50,107.05,0.9506,13.6800,-158.5600,0.0000,0.0000,0.8811,0
1518,11:39:01.582,ROI,160,160,288,288,14.35,15.01,0.0,0.0,66.63,791.68,530.09,136.96,109.01,0.8856,15.1600,-158.8700,0.0000,0.0000,0.8645,0
1519,11:39:01.631,ROI,160,160,288,288,15.43,16.22,0.0,24.1,61.65,786.57,530.45,147.28,107.60,0.9188,13.5700,-161.4800,0.0000,0.0000,0.9165,0
1520,11:39:01.692,ROI,160,160,320,320,9.52,10.01,8.625,39.075,99.93,780.66,531.14,149.22,109.50,0.9078,13.4200,-160.8000,0.0000,0.0000,0.8707,0
1521,11:39:01.757,ROI,160,160,320,320,10.42,10.81,0.0,0.0,92.52,778.62,530.00,154.16,111.30,0.9482,15.1300,-162.9000,0.0000,0.0000,0.8873,0
1522,11:39:01.806,ROI,160,160,320,320,9.93,10.44,10.35,37.425,95.78,773.48,531.26,154.10,110.96,0.9151,13.3700,-161.6200,0.0000,0.0000,0.9007,0
1523,11:39:01.934,ROI,160,160,320,320,10.65,11.18,0.0,34.925,89.41,766.34,532.14,153.04,110.72,0.8974,15.0700,-163.1600,0.0000,0.0000,0.9001,0
1524,11:39:01.981,ROI,160,160,320,320,9.61,10.01,10.65,0.0,99.85,765.98,532.38,150.16,109.46,0.9700,14.7800,-164.0100,0.0000,0.0000,0.9070,0
1525,11:39:02.045,ROI,160,160,320,320,9.81,10.37,0.0,0.0,96.43,762.12,533.54,152.32,111.44,0.9308,15.0500,-167.9900,0.0000,0.0000,0.9392,0
1526,11:39:02.111,ROI,160,160,320,320,9.29,9.68,0.0,0.0,103.32,759.38,534.04,150.84,108.70,0.9411,15.1900,-166.1700,0.0000,0.0000,0.9382,0
1527,11:39:02.157,ROI,160,160,320,320,10.91,11.38,21.55,0.0,87.87,754.12,535.06,148.60,108.22,0.9153,15.1700,-166.2800,0.0000,0.0000,0.9228,0
1528,11:39:02.221,ROI,160,160,320,320,11.30,11.79,14.85,33.225,84.84,750.66,535.46,151.48,108.94,0.9480,15.7500,-165.1200,0.0000,0.0000,0.9493,0
1529,11:39:02.287,ROI,160,160,320,320,11.42,11.95,0.0,0.0,83.65,744.78,535.40,154.94,110.28,0.9151,15.5300,-169.6200,0.0000,0.0000,0.9553,0
1530,11:39:02.399,ROI,160,160,320,320,12.37,12.91,3.875,0.0,77.47,734.78,536.44,154.66,107.60,0.8585,13.8300,-167.3400,0.0000,0.0000,0.9300,0
1531,11:39:02.461,ROI,160,160,320,320,8.81,9.34,0.0,41.825,107.03,734.30,537.62,151.48,108.76,0.9586,15.0500,-165.3500,0.0000,0.0000,0.9277,0
1532,11:39:02.511,ROI,160,160,320,320,8.97,9.55,0.0,0.0,104.69,730.12,536.96,155.36,111.00,0.9281,14.5800,-169.1000,0.0000,0.0000,0.9402,0
1533,11:39:02.573,ROI,160,160,320,320,10.28,10.65,0.0,36.7,93.94,726.20,537.38,153.24,107.38,0.9200,13.1700,-167.1000,0.0000,0.0000,0.9126,0
1534,11:39:02.637,ROI,160,160,320,320,12.51,12.90,0.0,30.3,77.51,723.78,537.54,148.96,106.44,0.9600,13.3800,-170.3600,0.0000,0.0000,0.8883,0
1535,11:39:02.684,ROI,160,160,320,320,9.65,10.15,0.0,38.5,98.51,717.38,537.38,153.68,106.42,0.9162,11.6600,-169.0000,0.0000,0.0000,0.8779,0
1536,11:39:02.815,ROI,160,160,320,320,15.10,15.53,6.475,0.0,64.40,710.26,536.22,153.28,108.06,0.8927,13.6600,-173.5000,0.0000,0.0000,0.8554,0
1537,11:39:02.861,ROI,160,160,320,320,11.45,12.11,12.65,32.3,82.59,708.32,537.30,155.88,106.16,0.9561,14.1000,-173.0900,0.0000,0.0000,0.8248,0
1538,11:39:02.927,ROI,160,160,320,320,8.39,9.04,0.0,43.25,110.66,702.64,538.70,155.78,106.80,0.9064,14.9200,-173.3300,0.0000,0.0000,0.8797,0
1539,11:39:02.989,ROI,160,160,320,320,9.88,10.24,0.0,0.0,97.62,700.92,538.62,150.24,107.08,0.9620,14.5200,-176.2600,0.0000,0.0000,0.8601,0
1540,11:39:03.037,ROI,160,160,320,320,9.64,10.15,10.275,0.0,98.55,696.46,538.50,151.50,106.34,0.9363,15.7000,-175.9700,0.0000,0.0000,0.8736,0
1541,11:39:03.101,ROI,160,160,320,320,33.84,34.27,7.225,11.4,29.18,695.72,538.44,152.86,105.18,0.9796,16.2600,-177.5600,0.0000,0.0000,0.8750,0
1542,11:39:03.167,ROI,160,160,320,320,40.90,41.64,12.2,9.375,24.02,689.88,539.20,152.60,109.20,0.8935,16.7000,-178.6400,0.0000,0.0000,0.8747,0
1543,11:39:03.222,ROI,160,160,320,320,20.91,21.33,30.825,18.325,46.89,686.20,539.60,154.58,111.20,0.9363,14.8700,-177.2000,0.0000,0.0000,0.8519,0
1544,11:39:03.341,ROI,160,160,320,320,8.96,9.50,3.975,0.0,105.28,674.92,538.66,159.44,111.66,0.8524,16.4100,178.8000,0.0000,0.0000,0.8853,0
1545,11:39:03.389,ROI,160,160,320,320,9.86,10.25,0.0,0.0,97.55,675.00,538.06,152.40,107.26,0.9182,14.3600,-179.4400,0.0000,0.0000,0.8278,0
1546,11:39:03.454,ROI,160,160,320,320,10.10,10.61,7.225,0.0,94.25,670.18,537.64,153.62,106.58,0.9318,15.5800,176.4600,0.0000,0.0000,0.8885,0
1547,11:39:03.518,ROI,160,160,320,320,9.41,9.78,7.225,0.0,102.20,668.22,536.68,150.84,106.38,0.9574,14.8700,177.7300,0.0000,0.0000,0.8713,0
1548,11:39:03.565,ROI,160,160,320,320,8.33,8.83,0.0,0.0,113.27,660.28,535.74,148.92,104.16,0.8814,15.9000,177.9100,0.0000,0.0000,0.8987,0
1549,11:39:03.629,ROI,160,160,320,320,8.75,9.19,0.0,0.0,108.76,658.54,535.08,146.22,102.72,0.9632,13.8100,175.1300,0.0000,0.0000,0.8734,0
1550,11:39:03.694,ROI,160,160,320,320,9.73,10.41,7.0,37.525,96.06,653.32,534.22,145.12,102.08,0.9158,14.3700,174.9200,0.0000,0.0000,0.9000,0
1551,11:39:03.741,ROI,160,160,320,320,9.83,10.31,0.0,38.0,96.96,651.16,534.86,143.88,104.04,0.9526,12.5200,175.2700,0.0000,0.0000,0.8660,0
1552,11:39:03.871,ROI,160,160,288,288,13.75,14.39,0.0,27.2,69.50,640.79,536.09,146.99,105.53,0.8480,15.2100,174.0100,0.0000,0.0000,0.8893,0
1553,11:39:03.919,ROI,160,160,320,320,15.95,16.47,0.0,0.0,60.70,635.06,534.34,147.40,105.70,0.8960,13.7900,173.0300,0.0000,0.0000,0.8498,0
1554,11:39:03.982,ROI,160,160,320,320,16.07,16.51,0.0,0.0,60.57,633.02,532.88,147.90,104.26,0.9464,13.1000,172.4300,0.0000,0.0000,0.8449,0
1555,11:39:04.046,ROI,160,160,320,320,14.42,14.88,0.0,26.275,67.22,625.94,532.92,150.14,103.80,0.9055,13.6700,174.3700,0.0000,0.0000,0.8409,0
1556,11:39:04.095,ROI,160,160,320,320,14.63,15.04,0.0,0.0,66.49,621.14,532.92,158.06,105.90,0.9210,13.9900,176.4000,0.0000,0.0000,0.8459,0
1557,11:39:04.223,ROI,160,160,320,320,15.57,16.13,6.9,0.0,61.99,611.34,532.42,157.46,106.32,0.8752,14.8200,175.1200,0.0000,0.0000,0.8614,0
1558,11:39:04.270,ROI,160,160,320,320,10.76,11.28,13.0,34.675,88.69,610.12,532.02,155.36,105.22,0.9743,15.1700,175.1300,0.0000,0.0000,0.8282,0
1559,11:39:04.333,ROI,160,160,320,320,17.60,18.07,0.0,0.0,55.33,604.28,531.48,154.62,104.24,0.9182,15.1200,174.8800,0.0000,0.0000,0.8308,0
1560,11:39:04.398,ROI,160,160,320,320,9.48,9.82,0.0,39.775,101.79,602.08,531.82,157.38,108.56,0.9337,15.3600,172.9400,0.0000,0.0000,0.8419,0
1561,11:39:04.447,ROI,160,160,320,320,16.19,16.68,0.0,23.425,59.95,597.90,530.66,154.88,106.16,0.9273,15.3200,173.4900,0.0000,0.0000,0.8629,0
1562,11:39:04.510,ROI,160,160,320,320,12.60,12.99,0.0,30.075,76.97,594.80,530.10,154.48,106.28,0.9508,15.0900,172.4700,0.0000,0.0000,0.8472,0
1563,11:39:04.574,ROI,160,160,320,320,10.58,10.93,7.7,35.75,91.50,587.94,529.20,159.36,106.68,0.9015,15.7800,173.2400,0.0000,0.0000,0.8550,0
1564,11:39:04.623,ROI,160,160,320,320,10.59,10.93,0.0,0.0,91.47,584.00,528.16,159.26,104.44,0.9322,16.1000,171.5300,0.0000,0.0000,0.8791,0
1565,11:39:04.749,ROI,160,160,320,320,9.49,9.93,0.0,0.0,100.75,577.70,525.50,157.42,106.44,0.8798,15.6100,169.7100,0.0000,0.0000,0.8775,0
1566,11:39:04.798,ROI,160,160,320,320,9.06,9.42,10.1,0.0,106.14,573.52,523.96,157.54,106.40,0.9219,16.1400,168.5100,0.0000,0.0000,0.9106,0
1567,11:39:04.862,ROI,160,160,320,320,9.00,9.43,7.1,0.0,106.04,570.64,523.78,158.10,109.66,0.9359,15.7600,169.6800,0.0000,0.0000,0.8705,0
1568,11:39:04.926,ROI,160,160,320,320,10.29,10.82,7.175,36.15,92.46,567.46,521.26,152.48,108.10,0.9170,16.1300,166.9800,0.0000,0.0000,0.9171,0
1569,11:39:04.974,ROI,160,160,320,320,12.71,13.10,10.5,29.825,76.35,566.36,521.70,150.94,107.80,0.9776,15.7800,169.0900,0.0000,0.0000,0.8836,0
1570,11:39:05.039,ROI,160,160,320,320,9.68,10.01,0.0,39.025,99.88,559.22,521.50,156.02,110.54,0.8891,16.7800,167.9800,0.0000,0.0000,0.8834,0
1571,11:39:05.151,ROI,160,160,320,320,10.56,10.94,0.0,35.725,91.45,552.26,519.88,154.38,109.44,0.8887,14.7800,166.5700,0.0000,0.0000,0.8733,0
1572,11:39:05.214,ROI,160,160,320,320,8.31,8.67,0.0,45.05,115.29,545.68,517.58,150.60,106.00,0.8801,14.7800,166.0800,0.0000,0.0000,0.8432,0
1573,11:39:05.277,ROI,160,160,320,320,19.54,20.08,0.0,19.45,49.80,545.22,515.62,146.58,105.58,0.9383,15.3100,165.1400,0.0000,0.0000,0.8895,0
1574,11:39:05.326,ROI,160,160,320,320,14.90,15.46,0.0,25.275,64.70,542.54,514.30,142.38,104.90,0.9400,14.6000,166.3500,0.0000,0.0000,0.8603,0
1575,11:39:05.389,ROI,160,160,288,288,10.82,11.22,0.0,0.0,89.16,538.72,512.20,145.64,107.33,0.9123,14.2500,170.1300,0.0000,0.0000,0.8904,0
1576,11:39:05.455,ROI,160,160,320,320,10.59,10.97,0.0,0.0,91.16,533.12,512.22,148.34,111.00,0.8968,14.2200,167.7200,0.0000,0.0000,0.8556,0
1577,11:39:05.502,ROI,160,160,320,320,15.08,15.71,10.55,0.0,63.67,530.08,510.04,146.50,108.54,0.9228,15.2700,164.8300,0.0000,0.0000,0.8460,0
1578,11:39:05.630,ROI,160,160,320,320,8.38,8.77,0.0,0.0,114.07,523.14,508.22,144.28,108.34,0.8802,17.8100,161.6800,0.0000,0.0000,0.8289,0
1579,11:39:05.678,ROI,160,160,320,320,8.72,9.10,9.925,0.0,109.88,519.90,505.40,141.34,106.74,0.9077,14.9900,158.6800,0.0000,0.0000,0.8334,0
1580,11:39:05.741,ROI,160,160,288,288,11.28,11.88,0.0,32.9,84.21,516.88,503.97,141.28,105.73,0.9332,13.0200,165.7900,0.0000,0.0000,0.8864,0
1581,11:39:05.805,ROI,160,160,288,288,9.35,9.75,0.0,40.075,102.53,511.32,502.21,143.68,108.58,0.8958,13.0500,164.2000,0.0000,0.0000,0.8863,0
1582,11:39:05.853,ROI,160,160,288,288,9.22,9.63,0.0,0.0,103.82,509.76,500.52,144.61,107.19,0.9488,14.2000,163.9900,0.0000,0.0000,0.8765,0
1583,11:39:05.919,ROI,160,160,320,320,9.89,10.26,0.0,38.075,97.43,504.90,497.74,146.78,111.12,0.8901,17.1700,159.4000,0.0000,0.0000,0.8846,0
1584,11:39:05.982,ROI,160,160,320,320,8.28,8.65,0.0,45.175,115.61,499.86,495.16,148.28,113.80,0.8933,17.9100,159.1200,0.0000,0.0000,0.8921,0
1585,11:39:06.031,ROI,160,160,320,320,8.62,9.10,0.0,0.0,109.84,495.58,493.78,149.52,114.02,0.9221,17.2800,159.9800,0.0000,0.0000,0.8677,0
1586,11:39:06.159,ROI,160,160,320,320,8.54,8.96,3.275,0.0,111.65,490.02,489.30,145.76,118.64,0.8614,15.7600,155.3600,0.0000,0.0000,0.8584,0
1587,11:39:06.206,ROI,160,160,320,320,9.79,10.16,10.175,0.0,98.38,483.92,486.78,146.04,115.66,0.8825,11.3900,157.1800,0.0000,0.0000,0.7324,0
1588,11:39:06.271,ROI,160,160,320,320,11.03,11.61,7.25,33.7,86.15,482.84,486.36,142.92,113.88,0.9636,12.3200,155.8600,0.0000,0.0000,0.8702,0
1589,11:39:06.334,ROI,160,160,288,288,11.88,12.38,7.475,31.55,80.78,477.16,483.25,138.60,109.42,0.8737,12.4000,153.7800,0.0000,0.0000,0.8716,0
1590,11:39:06.382,ROI,160,160,288,288,11.57,12.10,0.0,32.275,82.63,475.67,482.15,137.41,105.34,0.9423,13.1300,154.9600,0.0000,0.0000,0.8739,0
1591,11:39:06.446,ROI,160,160,288,288,17.79,18.33,0.0,21.325,54.57,471.90,478.81,136.48,108.95,0.8908,12.1700,153.3300,0.0000,0.0000,0.8743,0
1592,11:39:06.509,ROI,160,160,288,288,20.10,20.65,0.0,18.925,48.43,468.43,475.37,134.84,108.20,0.8930,14.2400,153.5700,0.0000,0.0000,0.8814,0
1593,11:39:06.557,ROI,160,160,288,288,18.38,18.94,0.0,0.0,52.81,466.00,474.98,135.29,112.25,0.9305,14.6000,150.7300,0.0000,0.0000,0.8907,0
1594,11:39:06.685,ROI,160,160,288,288,10.13,10.61,0.0,36.975,94.28,460.76,470.35,136.26,117.00,0.8561,17.7700,149.3700,0.0000,0.0000,0.9203,0
1595,11:39:06.734,ROI,160,160,288,288,9.45,10.09,0.0,0.0,99.10,457.03,468.85,139.00,118.13,0.9239,16.0100,148.7900,0.0000,0.0000,0.9153,0
1596,11:39:06.799,ROI,160,160,288,288,8.50,8.94,7.125,0.0,111.85,454.75,466.40,139.03,116.12,0.9287,15.4600,150.8500,0.0000,0.0000,0.9085,0
1597,11:39:06.861,ROI,160,160,288,288,10.42,11.03,7.275,0.0,90.69,449.36,463.88,144.32,122.36,0.8802,14.4700,147.5000,0.0000,0.0000,0.8607,0
1598,11:39:06.909,ROI,160,160,320,320,8.67,9.27,10.575,0.0,107.83,446.96,462.26,145.26,119.52,0.9424,14.8000,149.1600,0.0000,0.0000,0.8769,0
1599,11:39:06.974,ROI,160,160,320,320,9.62,10.17,7.075,38.4,98.30,442.78,459.00,143.78,119.12,0.8949,17.0600,149.1700,0.0000,0.0000,0.9088,0
1600,11:39:07.038,ROI,160,160,288,288,10.96,11.47,0.0,34.225,87.22,440.38,459.50,137.16,119.57,0.9462,16.5200,143.6700,0.0000,0.0000,0.8777,0
1601,11:39:07.149,ROI,160,160,288,288,9.19,9.80,0.0,39.875,102.07,436.92,453.28,135.74,121.95,0.8595,15.4700,139.6700,0.0000,0.0000,0.8459,0
1602,11:39:07.213,ROI,160,160,288,288,8.50,8.94,0.0,43.75,111.90,432.44,449.22,135.90,121.75,0.8776,14.9500,138.7900,0.0000,0.0000,0.8447,0
1603,11:39:07.261,ROI,160,160,288,288,8.83,9.45,0.0,41.375,105.85,431.14,447.65,133.20,121.16,0.9553,14.5600,132.4600,0.0000,0.0000,0.8464,0
1604,11:39:07.324,ROI,160,160,288,288,9.00,9.52,0.0,41.1,105.10,428.12,444.43,131.80,121.55,0.9071,13.9000,132.9500,0.0000,0.0000,0.8077,0
1605,11:39:07.388,ROI,160,160,288,288,9.45,9.88,0.0,0.0,101.26,425.82,443.89,129.35,122.54,0.9572,14.8400,131.1300,0.0000,0.0000,0.8324,0
1606,11:39:07.438,ROI,160,160,288,288,9.36,9.91,9.775,0.0,100.87,421.63,441.22,129.20,121.82,0.8983,16.4800,132.2300,0.0000,0.0000,0.8543,0
1607,11:39:07.567,ROI,160,160,288,288,11.13,11.80,3.275,0.0,84.74,413.64,435.42,130.99,116.53,0.8067,16.3900,134.0500,0.0000,0.0000,0.8226,0
1608,11:39:07.613,ROI,160,160,288,288,8.47,8.99,11.575,0.0,111.26,412.26,435.45,130.27,120.44,0.9478,15.3800,129.7300,0.0000,0.0000,0.8912,0
1609,11:39:07.678,ROI,160,160,288,288,10.32,10.86,0.0,35.975,92.07,410.58,434.15,130.84,119.07,0.9539,16.4800,130.2400,0.0000,0.0000,0.8901,0
1610,11:39:07.741,ROI,160,160,288,288,9.11,9.57,7.475,40.825,104.47,407.48,430.04,129.11,118.66,0.8910,17.3500,127.7600,0.0000,0.0000,0.8688,0
1611,11:39:07.790,ROI,160,160,288,288,12.36,12.78,0.0,30.575,78.23,405.22,430.67,129.20,119.74,0.9557,17.8600,127.4500,0.0000,0.0000,0.8982,0
1612,11:39:07.853,ROI,160,160,288,288,10.46,11.02,0.0,0.0,90.71,402.26,427.14,127.96,120.74,0.9018,18.5100,126.4100,0.0000,0.0000,0.8924,0
1613,11:39:07.917,ROI,160,160,256,256,9.48,10.05,0.0,38.875,99.50,400.43,425.16,128.70,120.94,0.9410,17.2300,125.0400,0.0000,0.0000,0.8866,0
1614,11:39:07.965,ROI,160,160,288,288,8.87,9.29,0.0,42.075,107.69,397.50,421.44,127.91,121.82,0.8996,17.5700,127.1500,0.0000,0.0000,0.8705,0
1615,11:39:08.093,ROI,160,160,256,256,9.92,10.45,3.275,0.0,95.68,393.88,416.07,123.01,122.35,0.8666,18.1600,125.4600,0.0000,0.0000,0.9089,0
1616,11:39:08.142,ROI,160,160,256,256,9.36,9.92,20.475,0.0,100.76,393.21,414.13,122.96,122.53,0.9584,16.8100,124.9700,0.0000,0.0000,0.8936,0
1617,11:39:08.205,ROI,160,160,256,256,9.84,10.39,0.0,0.0,96.26,390.18,410.66,121.06,123.31,0.9006,17.2500,123.9300,0.0000,0.0000,0.9059,0
1618,11:39:08.254,ROI,160,160,256,256,10.29,10.85,20.075,36.0,92.17,388.70,408.67,121.15,120.14,0.9449,16.7300,122.8800,0.0000,0.0000,0.8838,0
1619,11:39:08.318,ROI,160,160,256,256,10.83,11.17,0.0,0.0,89.56,385.49,404.51,120.02,122.42,0.8868,18.0000,121.7300,0.0000,0.0000,0.9077,0
1620,11:39:08.381,ROI,160,160,256,256,8.40,8.96,0.0,43.575,111.57,384.89,402.90,117.92,120.42,0.9568,15.1000,120.4500,0.0000,0.0000,0.8572,0
1621,11:39:08.429,ROI,160,160,256,256,9.31,9.63,0.0,40.575,103.82,382.82,400.80,117.55,120.82,0.9330,15.4700,120.0800,0.0000,0.0000,0.8567,0
1622,11:39:08.557,ROI,160,160,256,256,9.08,9.49,0.0,41.175,105.38,380.03,395.76,116.86,124.10,0.8799,16.9500,120.3300,0.0000,0.0000,0.8909,0
1623,11:39:08.605,ROI,160,160,256,256,9.59,9.93,0.0,39.35,100.73,377.30,392.42,117.04,124.93,0.9056,17.0100,116.6300,0.0000,0.0000,0.8550,0
1624,11:39:08.669,ROI,160,160,256,256,9.02,9.48,0.0,41.25,105.53,375.82,392.37,113.62,121.20,0.9418,18.2900,118.1400,0.0000,0.0000,0.8945,0
1625,11:39:08.733,ROI,160,160,256,256,9.09,9.42,0.0,0.0,106.20,374.68,388.58,115.02,123.09,0.9217,18.6200,116.4000,0.0000,0.0000,0.9083,0
1626,11:39:08.781,ROI,160,160,256,256,7.95,8.29,0.0,0.0,120.61,372.56,387.01,114.26,124.26,0.9400,18.1300,115.4300,0.0000,0.0000,0.9016,0
1627,11:39:08.848,ROI,160,160,256,256,12.11,12.59,0.0,31.075,79.45,370.53,383.80,111.44,122.16,0.9163,19.3400,113.4500,0.0000,0.0000,0.9164,0
1628,11:39:08.910,ROI,160,160,256,256,13.07,13.62,7.9,28.675,73.39,369.10,382.17,113.62,123.95,0.9497,19.1800,114.9600,0.0000,0.0000,0.9225,0
1629,11:39:08.957,ROI,160,160,256,256,9.99,10.39,0.0,0.0,96.25,367.05,377.90,113.18,122.96,0.9011,15.0800,111.4200,0.0000,0.0000,0.8790,0
1630,11:39:09.086,ROI,160,160,256,256,12.10,12.60,0.0,31.0,79.35,363.05,372.28,109.23,122.02,0.8513,16.1200,106.0800,0.0000,0.0000,0.8850,0
1631,11:39:09.134,ROI,160,160,256,256,9.37,9.75,0.0,40.075,102.60,363.06,370.10,109.18,121.52,0.9643,17.7400,108.6500,0.0000,0.0000,0.9195,0
1632,11:39:09.197,ROI,160,160,256,256,8.33,8.67,0.0,45.075,115.38,360.73,366.13,108.32,119.90,0.8981,16.1300,105.4400,0.0000,0.0000,0.8745,0
1633,11:39:09.261,ROI,160,160,256,256,8.15,8.45,0.0,46.25,118.35,360.43,364.21,107.73,120.46,0.9634,18.3200,105.1100,0.0000,0.0000,0.9275,0
1634,11:39:09.311,ROI,160,160,256,256,8.69,9.09,0.0,0.0,110.02,359.28,362.58,105.14,119.31,0.9499,17.7800,104.9300,0.0000,0.0000,0.9192,0
1635,11:39:09.374,ROI,160,160,256,256,10.66,11.18,0.0,0.0,89.47,357.35,360.05,106.11,119.12,0.9248,16.3000,103.3900,0.0000,0.0000,0.8925,0
1636,11:39:09.437,ROI,160,160,256,256,9.07,9.43,7.5,0.0,106.04,356.68,357.74,105.10,117.81,0.9499,17.4900,104.5200,0.0000,0.0000,0.8949,0
1637,11:39:09.552,ROI,160,160,256,256,10.92,11.34,3.7,0.0,88.17,356.46,352.39,109.01,119.39,0.8821,15.4000,102.1500,0.0000,0.0000,0.8589,0
1638,11:39:09.614,ROI,160,160,256,256,9.08,9.55,0.0,0.0,104.73,353.70,348.53,108.46,117.78,0.8917,14.6000,103.1600,0.0000,0.0000,0.8156,0
1639,11:39:09.662,ROI,160,160,256,256,8.08,8.46,20.55,0.0,118.23,354.06,346.10,109.26,118.05,0.9527,15.6900,103.5100,0.0000,0.0000,0.8610,0
1640,11:39:09.725,ROI,160,160,256,256,8.31,9.08,0.0,0.0,110.08,352.90,342.83,111.81,118.94,0.9253,14.2200,101.9800,0.0000,0.0000,0.7951,0
1641,11:39:09.792,ROI,160,160,256,256,8.80,9.25,0.0,42.275,108.16,351.26,340.66,110.45,119.09,0.9367,15.5300,101.0100,0.0000,0.0000,0.8509,0
1642,11:39:09.839,ROI,160,160,256,256,9.52,9.91,0.0,39.45,100.95,349.70,337.34,108.13,117.90,0.9196,14.7400,100.3300,0.0000,0.0000,0.8672,0
1643,11:39:09.967,ROI,160,160,256,256,9.57,10.04,0.0,38.925,99.60,346.02,332.49,105.04,117.12,0.8614,16.0600,101.3800,0.0000,0.0000,0.8724,0
1644,11:39:10.014,ROI,160,160,256,256,9.30,9.67,0.0,40.4,103.38,346.24,331.23,105.12,118.16,0.9749,15.7600,102.2900,0.0000,0.0000,0.8574,0
1645,11:39:10.078,ROI,160,160,256,256,12.06,12.67,0.0,0.0,78.91,343.62,327.35,101.01,116.77,0.8908,15.0400,99.8000,0.0000,0.0000,0.8889,0
1646,11:39:10.143,ROI,160,160,256,256,11.64,12.24,0.0,0.0,81.71,344.86,325.24,104.29,116.46,0.9347,13.8500,98.7100,0.0000,0.0000,0.8709,0
1647,11:39:10.190,ROI,160,160,256,256,9.69,10.09,22.4,38.725,99.10,344.02,323.21,103.60,116.51,0.9505,13.4500,99.1200,0.0000,0.0000,0.8598,0
1648,11:39:10.255,ROI,160,160,256,256,9.94,10.30,7.15,37.95,97.10,343.06,319.08,102.51,115.36,0.9146,13.6900,98.5900,0.0000,0.0000,0.8379,0
1649,11:39:10.318,ROI,160,160,256,256,9.23,9.63,0.0,0.0,103.84,342.58,317.82,102.34,114.61,0.9694,13.0200,99.7200,0.0000,0.0000,0.8253,0
1650,11:39:10.366,ROI,160,160,256,256,11.78,12.37,10.025,31.6,80.86,342.26,313.54,103.55,115.31,0.9178,15.0300,96.5700,0.0000,0.0000,0.8983,0
1651,11:39:10.494,ROI,160,160,256,256,11.25,11.64,0.0,33.575,85.93,342.50,309.30,104.06,113.55,0.9242,14.8600,96.5400,0.0000,0.0000,0.8976,0
1652,11:39:10.543,ROI,160,160,256,256,9.34,9.80,0.0,0.0,102.03,340.38,306.89,99.81,111.38,0.9192,17.3000,95.3600,0.0000,0.0000,0.9288,0
1653,11:39:10.605,ROI,160,160,224,224,9.44,9.82,0.0,39.8,101.84,341.57,303.35,96.77,105.56,0.9085,17.7800,97.1400,0.0000,0.0000,0.9384,0
1654,11:39:10.669,ROI,160,160,224,224,9.16,9.55,0.0,40.9,104.71,341.18,301.68,97.22,105.71,0.9613,16.4900,95.7600,0.0000,0.0000,0.9208,0
1655,11:39:10.733,ROI,160,160,224,224,9.65,10.07,0.0,0.0,99.33,341.92,297.61,99.40,105.18,0.9061,15.3400,96.0400,0.0000,0.0000,0.9154,0
1656,11:39:10.781,ROI,160,160,224,224,8.47,8.88,0.0,0.0,112.66,341.69,296.51,100.79,105.78,0.9660,14.2200,94.3900,0.0000,0.0000,0.8918,0
1657,11:39:10.846,ROI,160,160,224,224,8.00,8.39,7.075,0.0,119.21,340.40,293.45,97.41,108.15,0.9140,16.1400,95.3400,0.0000,0.0000,0.9453,0
1658,11:39:10.912,ROI,160,160,224,224,9.79,10.26,13.375,38.075,97.47,340.10,290.87,94.74,104.96,0.9268,15.8700,93.5200,0.0000,0.0000,0.9499,0
1659,11:39:10.957,ROI,160,160,224,224,9.65,10.15,0.0,0.0,98.56,340.32,287.89,95.13,105.85,0.9406,14.5500,93.1500,0.0000,0.0000,0.9373,0
1660,11:39:11.087,ROI,160,160,224,224,9.66,10.08,3.25,38.75,99.20,340.41,280.63,92.93,101.86,0.8502,14.4700,92.6900,0.0000,0.0000,0.9405,0
1661,11:39:11.135,ROI,160,160,224,224,12.56,12.98,10.45,30.1,77.03,341.27,279.55,95.66,104.82,0.9441,13.3700,94.6300,0.0000,0.0000,0.8978,0
1662,11:39:11.197,ROI,160,160,224,224,8.65,9.05,0.0,43.175,110.49,342.04,277.54,95.09,102.62,0.9470,13.6100,94.9000,0.0000,0.0000,0.8994,0
1663,11:39:11.262,ROI,160,160,224,224,8.76,9.28,0.0,42.1,107.71,338.57,273.57,87.15,103.64,0.8515,14.8400,93.7300,0.0000,0.0000,0.9362,0
1664,11:39:11.311,ROI,160,160,224,224,11.34,11.91,0.0,0.0,83.96,339.51,273.18,93.59,105.50,0.9148,16.8800,93.8500,0.0000,0.0000,0.9419,0
1665,11:39:11.374,ROI,160,160,224,224,12.23,12.83,0.0,0.0,77.94,341.02,270.77,93.55,104.41,0.9256,14.4200,94.0300,0.0000,0.0000,0.9296,0
1666,11:39:11.438,ROI,160,160,224,224,9.72,10.17,0.0,0.0,98.36,341.06,267.93,92.04,100.91,0.9309,13.8900,92.0000,0.0000,0.0000,0.9264,0
1667,11:39:11.549,ROI,160,160,224,224,8.21,8.64,7.725,0.0,115.68,341.17,264.48,91.85,100.79,0.9317,13.5100,89.9400,0.0000,0.0000,0.9265,0
1668,11:39:11.614,ROI,160,160,224,224,8.98,9.37,0.0,0.0,106.77,340.27,261.59,89.61,100.95,0.9219,13.4900,89.5700,0.0000,0.0000,0.9202,0
1669,11:39:11.662,ROI,160,160,224,224,9.52,10.01,10.075,39.05,99.95,341.47,258.98,89.56,97.72,0.9244,14.3500,89.6300,0.0000,0.0000,0.9274,0
1670,11:39:11.725,ROI,160,160,224,224,8.81,9.32,0.0,41.95,107.29,342.99,256.91,92.54,101.15,0.9278,14.2100,88.1500,0.0000,0.0000,0.9283,0
1671,11:39:11.792,ROI,160,160,224,224,8.15,8.82,0.0,44.375,113.44,341.22,254.45,89.04,99.55,0.9162,13.0600,87.9700,0.0000,0.0000,0.9110,0
1672,11:39:11.837,ROI,160,160,224,224,10.19,10.58,0.0,36.95,94.53,343.52,249.42,90.44,95.77,0.8593,11.6700,87.7400,0.0000,0.0000,0.9087,0
1673,11:39:11.965,ROI,160,160,192,192,12.15,12.58,0.0,0.0,79.50,344.28,244.10,92.04,96.40,0.8803,10.0800,88.1800,0.0000,0.0000,0.8606,0
1674,11:39:12.013,ROI,160,160,224,224,8.64,9.03,0.0,43.275,110.75,343.75,243.19,88.52,98.20,0.9445,12.9900,86.2600,0.0000,0.0000,0.8615,0
1675,11:39:12.077,ROI,160,160,224,224,8.65,9.13,0.0,0.0,109.57,344.64,241.64,90.76,98.13,0.9454,11.6200,87.2300,0.0000,0.0000,0.8889,0
1676,11:39:12.143,ROI,160,160,224,224,10.23,10.78,13.775,0.0,92.73,344.81,237.58,89.29,98.31,0.9063,12.5700,86.4600,0.0000,0.0000,0.8969,0
1677,11:39:12.189,ROI,160,160,224,224,12.32,12.74,11.15,30.675,78.51,346.11,236.52,91.46,98.31,0.9512,11.1300,86.6200,0.0000,0.0000,0.8409,0
1678,11:39:12.254,ROI,160,160,224,224,9.88,10.28,7.525,0.0,97.28,346.95,233.75,93.18,101.68,0.9286,12.2900,85.1200,0.0000,0.0000,0.8242,0
1679,11:39:12.317,ROI,160,160,224,224,9.42,9.95,7.325,0.0,100.55,348.56,231.00,96.39,101.30,0.9165,10.7600,85.9100,0.0000,0.0000,0.8360,0
1680,11:39:12.365,ROI,160,160,224,224,8.20,8.59,0.0,45.5,116.44,348.92,228.35,96.39,102.80,0.9425,11.2000,84.4900,0.0000,0.0000,0.8039,0
1681,11:39:12.494,ROI,160,160,224,224,9.95,10.53,0.0,37.125,94.95,349.22,222.19,94.22,105.06,0.8694,14.2800,80.5600,0.0000,0.0000,0.8305,0
1682,11:39:12.542,ROI,160,160,224,224,19.92,20.51,0.0,19.05,48.75,351.23,220.94,96.14,100.58,0.9190,10.2400,83.1100,0.0000,0.0000,0.7419,0
1683,11:39:12.606,ROI,160,160,224,224,21.02,21.57,9.1,18.125,46.35,351.38,218.43,94.12,99.16,0.9315,12.4000,82.3100,0.0000,0.0000,0.7686,0
1684,11:39:12.672,ROI,160,160,224,224,15.02,15.50,8.8,0.0,64.52,352.55,216.77,94.36,100.02,0.9437,10.2500,83.2400,0.0000,0.0000,0.7101,0
1685,11:39:12.719,ROI,160,160,224,224,16.01,16.46,0.0,23.75,60.76,353.16,213.82,91.81,99.54,0.9177,12.3100,81.3000,0.0000,0.0000,0.8026,0
1686,11:39:12.782,ROI,160,160,224,224,16.68,17.17,0.0,22.75,58.25,353.78,211.77,90.76,99.40,0.9469,12.2800,82.0900,0.0000,0.0000,0.7831,0
1687,11:39:12.846,ROI,160,160,224,224,16.16,16.61,0.0,23.525,60.21,355.46,209.49,91.83,99.46,0.9214,13.0600,81.7700,0.0000,0.0000,0.8588,0
1688,11:39:12.895,ROI,160,160,224,224,15.16,15.62,0.0,0.0,64.03,356.02,207.31,89.11,98.85,0.9291,15.5700,80.0700,0.0000,0.0000,0.8861,0
1689,11:39:13.021,ROI,160,160,224,224,13.44,13.89,3.525,28.125,72.01,358.38,202.45,91.10,99.02,0.8622,14.9400,78.9000,0.0000,0.0000,0.9052,0
1690,11:39:13.070,ROI,160,160,224,224,11.57,12.09,0.0,32.325,82.72,358.22,200.77,89.67,97.33,0.9513,15.2000,79.7800,0.0000,0.0000,0.8783,0
1691,11:39:13.134,ROI,160,160,224,224,11.67,12.08,7.475,32.35,82.80,359.67,197.69,90.31,97.26,0.9099,14.4400,80.0300,0.0000,0.0000,0.8698,0
1692,11:39:13.197,ROI,160,160,224,224,10.66,11.22,0.0,34.825,89.15,361.39,195.92,90.36,97.51,0.9288,13.7900,80.9900,0.0000,0.0000,0.8484,0
1693,11:39:13.247,ROI,160,160,224,224,14.10,14.75,0.0,26.5,67.81,361.92,193.50,90.06,97.72,0.9408,14.9700,78.6700,0.0000,0.0000,0.8742,0
1694,11:39:13.311,ROI,160,160,224,224,11.64,12.13,7.95,0.0,82.41,362.50,191.15,87.89,96.74,0.9303,15.0400,80.2300,0.0000,0.0000,0.8697,0
1695,11:39:13.373,ROI,160,160,224,224,11.08,11.47,0.0,0.0,87.22,363.78,189.46,88.24,97.01,0.9385,16.9100,78.5500,0.0000,0.0000,0.9056,0
1696,11:39:13.422,ROI,160,160,224,224,16.81,17.25,10.525,22.65,57.96,364.92,187.64,88.66,97.36,0.9392,15.6200,79.0400,0.0000,0.0000,0.8878,0
1697,11:39:13.550,ROI,160,160,224,224,13.16,13.63,3.525,0.0,73.37,366.72,183.89,90.73,96.91,0.8906,15.5300,77.9400,0.0000,0.0000,0.9042,0
1698,11:39:13.598,ROI,160,160,224,224,12.55,12.95,0.0,0.0,77.19,369.00,180.55,92.99,98.27,0.8898,15.3700,77.5000,0.0000,0.0000,0.9160,0
1699,11:39:13.664,ROI,160,160,224,224,13.43,13.84,7.425,28.225,72.26,369.75,178.89,92.16,98.35,0.9515,15.2800,77.4500,0.0000,0.0000,0.8933,0
1700,11:39:13.726,ROI,160,160,224,224,20.49,21.01,0.0,0.0,47.59,369.35,176.82,93.95,97.29,0.9407,14.8000,76.0500,0.0000,0.0000,0.8798,0
1701,11:39:13.775,ROI,160,160,224,224,17.67,18.36,0.0,21.4,54.45,371.07,175.54,92.92,94.37,0.9353,15.2200,77.6200,0.0000,0.0000,0.8909,0
1702,11:39:13.837,ROI,160,160,192,192,16.30,16.77,0.0,23.3,59.64,373.68,171.59,96.26,92.40,0.8719,11.0400,78.6200,0.0000,0.0000,0.8302,0
1703,11:39:13.950,ROI,160,160,224,224,10.10,10.51,4.1,0.0,95.17,374.15,169.03,90.24,91.49,0.8878,15.1600,76.6700,0.0000,0.0000,0.8674,0
1704,11:39:14.016,ROI,160,160,192,192,13.94,14.51,0.0,0.0,68.89,376.58,166.55,89.95,90.05,0.8984,12.4300,77.3300,0.0000,0.0000,0.8704,0
1705,11:39:14.077,ROI,160,160,192,192,8.74,9.20,0.0,0.0,108.65,377.19,165.08,87.78,89.62,0.9446,11.8200,77.8400,0.0000,0.0000,0.8223,0
1706,11:39:14.125,ROI,160,160,192,192,8.49,9.00,0.0,0.0,111.07,380.92,162.53,92.45,91.30,0.8715,12.5400,76.3800,0.0000,0.0000,0.8949,0
1707,11:39:14.192,ROI,160,160,192,192,10.36,10.94,13.475,0.0,91.42,381.85,160.78,90.72,88.86,0.9428,12.0600,77.3100,0.0000,0.0000,0.8152,0
1708,11:39:14.254,ROI,160,160,192,192,11.16,11.56,7.775,0.0,86.49,383.86,158.21,93.26,89.47,0.9048,10.2000,78.0900,0.0000,0.0000,0.7661,0
1709,11:39:14.302,ROI,160,160,192,192,9.06,9.46,21.125,41.3,105.71,384.43,156.80,96.07,88.66,0.9410,10.1500,76.8000,0.0000,0.0000,0.7468,0
1710,11:39:14.430,ROI,160,160,224,224,8.83,9.23,0.0,0.0,108.39,386.52,152.32,94.19,88.06,0.8663,12.9800,73.0100,0.0000,0.0000,0.8607,0
1711,11:39:14.478,ROI,160,160,192,192,9.05,9.45,10.125,41.35,105.82,387.91,150.69,96.79,88.87,0.9367,11.4200,72.6700,0.0000,0.0000,0.8146,0
1712,11:39:14.542,ROI,160,160,224,224,9.82,10.60,0.0,0.0,94.32,388.83,149.13,97.75,89.40,0.9477,13.0800,69.8700,0.0000,0.0000,0.8129,0
1713,11:39:14.605,ROI,160,160,224,224,12.03,12.43,0.0,31.45,80.47,390.67,146.97,96.52,87.51,0.9176,14.5700,67.4400,0.0000,0.0000,0.7978,0
1714,11:39:14.653,ROI,160,160,224,224,9.43,9.80,0.0,39.85,101.99,392.14,145.85,97.24,90.23,0.9413,14.0200,68.9500,0.0000,0.0000,0.8640,0
1715,11:39:14.716,ROI,160,160,224,224,10.92,11.32,0.0,0.0,88.35,394.35,143.73,97.72,88.86,0.9124,15.1700,65.0000,0.0000,0.0000,0.8327,0
1716,11:39:14.781,ROI,160,160,224,224,11.23,11.89,0.0,0.0,84.13,396.69,142.62,98.36,90.26,0.9307,15.2300,65.4900,0.0000,0.0000,0.8416,0
1717,11:39:14.829,ROI,160,160,224,224,8.48,8.87,10.725,0.0,112.75,397.62,140.94,97.09,88.96,0.9450,16.1300,64.5000,0.0000,0.0000,0.8579,0
1718,11:39:14.959,ROI,160,160,224,224,13.79,14.29,0.0,27.35,69.96,399.72,137.61,96.95,86.27,0.8890,15.3100,62.9300,0.0000,0.0000,0.8447,0
1719,11:39:15.006,ROI,160,160,224,224,21.70,22.26,0.0,17.55,44.92,403.03,136.12,96.70,87.77,0.9034,15.0200,64.5100,0.0000,0.0000,0.8378,0
1720,11:39:15.070,ROI,160,160,224,224,11.79,12.43,0.0,31.45,80.44,404.61,134.77,97.12,87.98,0.9391,15.7300,64.3700,0.0000,0.0000,0.8620,0
1721,11:39:15.132,ROI,160,160,224,224,11.70,12.25,0.0,31.875,81.61,406.94,132.29,97.05,85.96,0.9015,14.9400,61.4900,0.0000,0.0000,0.8611,0
1722,11:39:15.181,ROI,160,160,224,224,10.08,10.57,0.0,36.95,94.64,408.38,131.22,96.77,87.86,0.9473,13.3800,59.5100,0.0000,0.0000,0.8509,0
1723,11:39:15.247,ROI,160,160,224,224,9.43,9.94,0.0,39.275,100.60,410.67,129.50,97.08,86.21,0.9178,11.7400,55.7100,0.0000,0.0000,0.8340,0
1724,11:39:15.310,ROI,160,160,224,224,9.09,9.41,7.3,0.0,106.25,411.89,128.29,97.59,86.70,0.9486,12.1900,61.3000,0.0000,0.0000,0.8383,0
1725,11:39:15.357,ROI,160,160,224,224,9.69,10.19,0.0,38.35,98.18,414.54,125.75,96.66,83.72,0.8933,10.8600,58.9800,0.0000,0.0000,0.8307,0
1726,11:39:15.486,ROI,160,160,224,224,9.68,9.99,3.275,0.0,100.11,418.97,122.34,96.64,84.41,0.8442,12.0300,60.6900,0.0000,0.0000,0.8534,0
1727,11:39:15.534,ROI,160,160,224,224,10.39,10.68,10.525,0.0,93.63,420.76,120.43,98.55,78.60,0.8994,12.5000,52.9600,0.0000,0.0000,0.8342,0
1728,11:39:15.599,ROI,160,160,224,224,11.25,11.70,0.0,0.0,85.49,422.88,118.91,98.45,78.67,0.9221,15.1600,53.1700,0.0000,0.0000,0.8696,0
1729,11:39:15.661,ROI,160,160,224,224,9.08,9.39,0.0,41.6,106.50,424.79,117.71,99.02,78.12,0.9337,16.1000,48.1300,0.0000,0.0000,0.8313,0
1730,11:39:15.709,ROI,160,160,224,224,10.00,10.34,0.0,0.0,96.75,426.31,116.10,97.86,76.55,0.9306,14.1200,54.4200,0.0000,0.0000,0.8195,0
1731,11:39:15.774,ROI,160,160,224,224,12.04,12.61,7.175,30.975,79.28,429.91,114.56,100.34,76.94,0.8944,13.8300,51.4400,0.0000,0.0000,0.8305,0
1732,11:39:15.839,ROI,160,160,224,224,19.86,20.35,0.0,0.0,49.14,431.60,112.67,99.48,75.84,0.9206,15.8400,45.3400,0.0000,0.0000,0.7969,0
1733,11:39:15.951,ROI,160,160,224,224,10.97,11.37,0.0,0.0,87.96,434.60,110.43,99.06,76.43,0.8892,13.6200,50.4800,0.0000,0.0000,0.8229,0
1734,11:39:16.014,ROI,160,160,224,224,12.31,12.79,7.575,0.0,78.17,437.53,108.77,100.04,75.61,0.9035,15.1200,44.2600,0.0000,0.0000,0.8450,0
1735,11:39:16.062,ROI,160,160,224,224,12.98,13.43,11.3,0.0,74.48,438.19,108.04,99.27,75.84,0.9681,17.1400,43.5800,0.0000,0.0000,0.8929,0
1736,11:39:16.127,ROI,160,160,224,224,9.78,10.31,0.0,0.0,97.04,440.17,106.92,96.96,77.27,0.9335,14.4400,48.6000,0.0000,0.0000,0.8980,0
1737,11:39:16.191,ROI,160,160,224,224,15.11,15.71,14.45,24.875,63.66,441.40,106.37,98.91,77.90,0.9617,14.0800,47.1200,0.0000,0.0000,0.8838,0
1738,11:39:16.238,ROI,160,160,224,224,16.08,16.62,0.0,23.525,60.18,444.16,104.86,99.90,75.66,0.9104,16.0800,41.8500,0.0000,0.0000,0.9006,0
1739,11:39:16.368,ROI,160,160,224,224,9.24,9.65,0.0,40.5,103.60,448.44,102.58,100.38,74.07,0.8660,16.1700,42.4400,0.0000,0.0000,0.8910,0
1740,11:39:16.414,ROI,160,160,224,224,9.65,10.06,0.0,38.85,99.42,450.80,100.97,102.90,73.81,0.9148,14.3800,38.4300,0.0000,0.0000,0.7406,0
1741,11:39:16.477,ROI,160,160,224,224,9.87,10.27,0.0,38.025,97.33,452.60,99.97,102.49,73.68,0.9402,16.8900,36.1200,0.0000,0.0000,0.8299,0
1742,11:39:16.541,ROI,160,160,224,224,9.25,9.78,0.0,39.975,102.27,455.88,97.61,101.39,70.80,0.8798,18.5800,34.2700,0.0000,0.0000,0.8975,0
1743,11:39:16.589,ROI,160,160,224,224,9.95,10.45,0.0,0.0,95.66,457.72,96.94,102.80,71.30,0.9468,20.6400,32.7200,0.0000,0.0000,0.9234,0
1744,11:39:16.654,ROI,160,160,224,224,11.49,11.89,0.0,0.0,84.11,460.63,96.04,103.68,70.36,0.9222,18.3300,33.7000,0.0000,0.0000,0.9303,0
1745,11:39:16.718,ROI,160,160,224,224,11.51,11.91,7.575,0.0,83.96,461.71,94.29,103.60,69.47,0.9320,20.7200,31.7200,0.0000,0.0000,0.9432,0
1746,11:39:16.766,ROI,160,160,224,224,10.12,10.53,10.725,0.0,94.94,465.49,91.34,102.42,71.33,0.8568,19.8400,32.1000,0.0000,0.0000,0.9539,0
1747,11:39:16.893,ROI,160,160,224,224,8.25,8.64,0.0,0.0,115.78,468.67,89.88,103.39,69.76,0.9033,16.8500,31.4800,0.0000,0.0000,0.9331,0
1748,11:39:16.942,ROI,160,160,224,224,8.96,10.80,19.375,0.0,92.62,472.17,89.35,107.00,69.71,0.9218,17.2400,31.4900,0.0000,0.0000,0.9266,0
1749,11:39:17.006,ROI,160,160,224,224,11.40,11.81,0.0,33.1,84.71,474.67,88.14,107.67,68.73,0.9226,16.4800,29.0900,0.0000,0.0000,0.9208,0
1750,11:39:17.069,ROI,160,160,224,224,9.20,9.61,0.0,40.65,104.05,475.58,87.81,108.44,69.03,0.9739,17.4500,28.9500,0.0000,0.0000,0.9215,0
1751,11:39:17.119,ROI,160,160,224,224,11.43,12.09,0.0,32.325,82.74,478.71,86.95,107.17,70.06,0.9214,17.1900,29.7500,0.0000,0.0000,0.9202,0
1752,11:39:17.181,ROI,160,160,224,224,7.98,8.36,0.0,46.725,119.58,480.04,86.49,107.21,71.37,0.9576,17.3900,30.0300,0.0000,0.0000,0.9269,0
1753,11:39:17.245,ROI,160,160,224,224,8.59,8.98,0.0,43.5,111.30,482.94,83.93,103.25,68.82,0.8808,19.5600,29.4800,0.0000,0.0000,0.9509,0
1754,11:39:17.294,ROI,160,160,224,224,9.78,10.17,0.0,38.425,98.34,484.46,83.61,103.22,68.70,0.9620,19.1900,28.4400,0.0000,0.0000,0.9417,0
1755,11:39:17.422,ROI,160,160,224,224,11.92,12.37,0.0,0.0,80.84,488.45,81.90,100.90,67.90,0.8812,19.8100,30.0500,0.0000,0.0000,0.9586,0
1756,11:39:17.470,ROI,160,160,224,224,10.82,11.23,22.0,0.0,89.08,489.88,81.02,104.33,67.77,0.9427,21.5700,29.6500,0.0000,0.0000,0.9614,0
1757,11:39:17.534,ROI,160,160,224,224,10.88,11.31,14.875,0.0,88.39,493.89,79.90,102.07,66.46,0.8957,20.7200,30.4900,0.0000,0.0000,0.9707,0
1758,11:39:17.582,ROI,160,160,224,224,9.06,9.53,0.0,0.0,104.93,495.55,78.99,102.69,66.14,0.9423,19.7400,28.6500,0.0000,0.0000,0.9541,0
1759,11:39:17.646,ROI,160,160,224,224,9.07,9.61,0.0,40.65,104.01,498.50,78.50,100.87,66.01,0.9301,17.3700,28.5400,0.0000,0.0000,0.9571,0
1760,11:39:17.710,ROI,160,160,224,224,10.14,10.55,0.0,37.05,94.81,499.82,77.52,102.13,65.84,0.9462,18.9000,28.5700,0.0000,0.0000,0.9518,0
1761,11:39:17.774,ROI,160,160,224,224,9.00,9.45,7.3,0.0,105.79,503.23,76.69,99.90,65.55,0.9122,18.8200,29.3000,0.0000,0.0000,0.9607,0
1762,11:39:17.822,ROI,160,160,224,224,10.98,11.37,0.0,34.375,87.97,504.64,76.51,102.76,65.30,0.9669,20.2400,28.7700,0.0000,0.0000,0.9673,0
1763,11:39:17.935,ROI,160,160,224,224,10.95,11.33,0.0,34.475,88.25,508.26,74.87,101.84,66.70,0.8881,20.6000,29.7400,0.0000,0.0000,0.9608,0
1764,11:39:17.998,ROI,160,160,224,224,8.07,8.46,0.0,46.2,118.27,512.14,74.58,102.87,67.17,0.9190,20.3400,29.0000,0.0000,0.0000,0.9650,0
1765,11:39:18.061,ROI,160,160,224,224,7.97,8.35,0.0,0.0,119.69,513.05,74.33,103.14,68.46,0.9642,17.9400,29.2100,0.0000,0.0000,0.9332,0
1766,11:39:18.110,ROI,160,160,224,224,7.99,8.74,0.0,0.0,114.37,514.23,73.78,101.29,67.10,0.9578,17.3900,28.8900,0.0000,0.0000,0.9353,0
1767,11:39:18.174,ROI,160,160,224,224,9.69,10.23,7.075,0.0,97.78,517.21,71.92,102.48,66.26,0.8935,18.1500,29.3600,0.0000,0.0000,0.9540,0
1768,11:39:18.239,ROI,160,160,224,224,9.82,10.20,0.0,0.0,98.03,518.46,70.52,103.29,66.96,0.9362,17.0300,28.8100,0.0000,0.0000,0.9403,0
1769,11:39:18.351,ROI,160,160,224,224,10.00,10.42,0.0,0.0,95.93,525.56,69.29,100.14,66.61,0.8399,17.4300,29.0000,0.0000,0.0000,0.9644,0
1770,11:39:18.413,ROI,160,160,224,224,8.15,8.53,0.0,0.0,117.22,528.71,68.38,100.70,66.42,0.9146,19.4500,28.0900,0.0000,0.0000,0.9600,0
1771,11:39:18.462,ROI,160,160,224,224,8.68,9.06,0.0,0.0,110.43,531.00,68.08,100.58,67.05,0.9468,17.5200,27.8100,0.0000,0.0000,0.9618,0
1772,11:39:18.526,ROI,160,160,224,224,9.46,9.86,0.0,0.0,101.46,534.56,67.72,100.31,67.33,0.9217,16.3700,26.1600,0.0000,0.0000,0.9368,0
1773,11:39:18.592,ROI,160,160,224,224,11.26,11.84,7.025,0.0,84.48,536.00,66.92,99.43,66.58,0.9490,17.5700,27.1400,0.0000,0.0000,0.9524,0
1774,11:39:18.638,ROI,160,160,224,224,14.98,15.75,11.425,0.0,63.50,539.19,66.77,100.65,66.54,0.9340,16.1600,26.9900,0.0000,0.0000,0.9420,0
1775,11:39:18.767,ROI,160,160,224,224,9.61,10.03,0.0,0.0,99.67,543.83,65.58,100.70,65.20,0.8809,15.6800,27.8200,0.0000,0.0000,0.9213,0
1776,11:39:18.814,ROI,160,160,224,224,7.81,8.20,10.675,0.0,121.99,545.79,65.76,100.84,65.94,0.9513,14.7000,26.7300,0.0000,0.0000,0.9182,0
1777,11:39:18.878,ROI,160,160,224,224,7.71,8.06,0.0,0.0,124.08,549.17,65.20,102.02,65.39,0.9201,15.1400,24.7900,0.0000,0.0000,0.9302,0
1778,11:39:18.942,ROI,160,160,224,224,9.02,9.44,6.975,0.0,105.97,549.27,64.71,101.88,64.08,0.9781,15.2500,24.9600,0.0000,0.0000,0.9021,0
1779,11:39:18.990,ROI,160,160,224,224,10.17,10.90,10.075,0.0,91.77,552.04,64.29,102.06,63.71,0.9350,15.4000,24.0900,0.0000,0.0000,0.9153,0
1780,11:39:19.053,ROI,160,160,224,224,10.69,11.08,7.5,0.0,90.25,555.85,63.71,101.50,62.72,0.9117,14.8700,22.7000,0.0000,0.0000,0.9187,0
1781,11:39:19.119,ROI,160,160,224,224,8.88,9.25,0.0,0.0,108.08,556.67,63.69,103.14,63.04,0.9791,15.0000,22.4400,0.0000,0.0000,0.8883,0
1782,11:39:19.168,ROI,160,160,224,224,9.80,10.23,0.0,0.0,97.76,560.33,63.13,101.08,62.68,0.9149,14.8000,21.7400,0.0000,0.0000,0.9124,0
1783,11:39:19.294,ROI,160,160,224,224,8.63,9.02,0.0,0.0,110.91,566.26,62.58,98.48,62.37,0.8732,13.6300,22.6600,0.0000,0.0000,0.9072,0
1784,11:39:19.343,ROI,160,160,224,224,9.24,9.60,9.775,0.0,104.13,568.38,62.94,98.52,62.09,0.9469,14.3100,19.2600,0.0000,0.0000,0.8407,0
1785,11:39:19.406,ROI,160,160,224,224,12.76,13.16,0.0,0.0,76.01,570.80,62.34,98.94,62.73,0.9344,13.9100,21.6600,0.0000,0.0000,0.8649,0
1786,11:39:19.469,ROI,160,160,224,224,9.69,10.07,15.775,0.0,99.28,572.53,62.23,99.09,63.21,0.9584,14.3300,20.5100,0.0000,0.0000,0.8585,0
1787,11:39:19.518,ROI,160,160,224,224,9.72,10.11,10.05,0.0,98.89,576.45,61.64,101.01,63.39,0.9082,13.8200,22.0400,0.0000,0.0000,0.8790,0
1788,11:39:19.581,ROI,160,160,224,224,9.06,9.49,7.35,0.0,105.43,578.84,61.40,100.84,61.91,0.9319,13.8200,19.4400,0.0000,0.0000,0.8406,0
1789,11:39:19.646,ROI,160,160,224,224,9.22,9.63,0.0,0.0,103.86,581.02,61.18,100.69,62.23,0.9509,15.6400,15.2500,1.1300,-20.3500,0.8831,0
1790,11:39:19.696,ROI,160,160,224,224,13.16,13.63,0.0,0.0,73.36,584.50,60.73,101.05,62.86,0.9205,15.5400,15.4700,0.0000,0.0000,0.8435,0
1791,11:39:19.822,ROI,160,160,224,224,12.03,12.44,0.0,0.0,80.42,588.91,60.13,101.18,63.07,0.8997,16.1600,8.9300,0.0000,0.0000,0.8369,0
1792,11:39:19.870,ROI,160,160,224,224,13.34,13.76,0.0,0.0,72.69,590.87,59.57,97.90,61.91,0.9438,14.6100,11.2900,0.0000,0.0000,0.7792,0
1793,11:39:19.934,ROI,160,160,224,224,11.67,12.53,7.775,0.0,79.83,593.36,59.50,98.29,62.22,0.9459,15.3200,2.9100,1.0100,-26.5300,0.8555,0
1794,11:39:19.998,ROI,160,160,224,224,11.60,12.07,7.65,0.0,82.84,595.69,59.36,95.77,61.19,0.9376,15.0100,13.4300,0.0000,0.0000,0.8513,0
1795,11:39:20.046,ROI,160,160,192,192,9.75,10.16,0.0,0.0,98.40,597.69,59.18,98.21,61.26,0.9542,18.5200,8.2200,1.7100,-40.3300,0.8761,0
1796,11:39:20.112,ROI,160,160,224,224,9.31,9.66,0.0,0.0,103.49,599.67,58.80,99.15,61.50,0.9488,15.4700,7.7300,0.0000,0.0000,0.8290,0
1797,11:39:20.174,ROI,160,160,224,224,10.00,10.53,7.45,0.0,94.97,603.20,58.73,97.80,61.15,0.9257,14.3200,6.7500,0.0000,0.0000,0.7641,0
1798,11:39:20.222,ROI,160,160,224,224,9.96,10.44,10.3,0.0,95.75,605.52,58.28,96.77,60.70,0.9398,11.7000,7.6600,0.0000,0.0000,0.7280,0
1799,11:39:20.351,ROI,160,160,224,224,10.14,10.51,0.0,0.0,95.12,610.45,58.23,96.78,60.16,0.8954,14.0800,2.8700,0.0000,0.0000,0.8249,0
1800,11:39:20.398,ROI,160,160,224,224,9.85,10.25,0.0,0.0,97.53,614.97,58.24,97.59,60.49,0.9062,13.3300,7.6700,0.0000,0.0000,0.7970,0
1801,11:39:20.463,ROI,160,160,224,224,10.74,11.20,0.0,0.0,89.31,615.51,57.72,96.18,60.77,0.9690,13.5500,5.6800,1.4400,-9.5500,0.8435,0
1802,11:39:20.526,ROI,160,160,224,224,12.28,12.72,0.0,30.725,78.63,618.43,58.39,98.18,60.33,0.9217,12.6400,8.7800,0.0000,0.0000,0.7554,0
1803,11:39:20.574,ROI,160,160,224,224,12.49,13.03,11.025,0.0,76.77,620.67,58.06,97.13,60.62,0.9448,14.3100,6.8300,1.2000,-3.6900,0.8681,0
1804,11:39:20.639,ROI,160,160,224,224,13.99,14.54,0.0,0.0,68.76,624.47,57.93,96.40,59.98,0.9151,14.4400,6.4500,0.0000,0.0000,0.8072,0
1805,11:39:20.751,ROI,160,160,224,224,10.09,10.50,0.0,0.0,95.26,628.89,57.82,95.40,57.72,0.8789,13.3600,3.8600,1.0300,-0.2500,0.8186,0
1806,11:39:20.814,ROI,160,160,192,192,11.37,11.73,7.55,0.0,85.28,631.38,57.72,93.32,58.82,0.9313,16.6800,3.3500,0.0000,0.0000,0.8819,0
1807,11:39:20.879,ROI,160,160,192,192,9.83,10.21,7.3,0.0,97.96,633.16,57.96,92.92,56.74,0.9289,16.7300,5.2700,1.4600,-7.6400,0.8955,0
1808,11:39:20.927,ROI,160,160,192,192,9.50,9.94,0.0,0.0,100.58,636.40,58.38,92.59,56.69,0.9193,16.1800,1.6300,1.6600,-16.0900,0.8843,0
1809,11:39:20.993,ROI,160,160,192,192,12.08,12.58,0.0,0.0,79.50,637.87,58.45,93.41,57.42,0.9565,17.8200,4.8600,2.2700,-0.6900,0.8887,0
1810,11:39:21.055,ROI,160,160,192,192,15.18,15.73,7.875,0.0,63.57,641.01,57.88,94.36,59.05,0.9102,16.8700,3.9000,2.2100,1.2200,0.8846,0
1811,11:39:21.102,ROI,160,160,192,192,12.17,12.73,12.45,0.0,78.57,643.10,58.44,93.24,58.21,0.9385,18.3400,3.3700,2.3100,2.0800,0.9082,0
1812,11:39:21.232,ROI,160,160,192,192,12.28,13.12,3.35,0.0,76.23,648.45,58.97,93.59,58.01,0.8765,16.2800,6.3600,2.5700,-1.4000,0.8740,0
1813,11:39:21.277,ROI,160,160,192,192,9.10,9.46,0.0,0.0,105.68,651.78,59.29,91.44,58.68,0.9203,15.8000,0.8900,1.2600,-7.2100,0.8859,0
1814,11:39:21.342,ROI,160,160,192,192,10.50,10.91,7.0,0.0,91.69,653.15,59.44,92.10,58.52,0.9659,17.5700,0.0400,1.4200,-7.2800,0.9196,0
1815,11:39:21.406,ROI,160,160,192,192,12.62,12.97,7.4,0.0,77.13,656.84,59.14,92.53,57.79,0.9120,14.8600,-0.5600,1.6000,-11.0700,0.8845,0
1816,11:39:21.454,ROI,160,160,192,192,12.67,13.04,10.925,0.0,76.70,658.72,59.16,92.78,58.28,0.9522,16.7900,-0.6500,1.6400,-7.8300,0.8944,0
1817,11:39:21.518,ROI,160,160,192,192,14.44,14.90,15.425,0.0,67.09,662.01,58.96,92.02,58.14,0.9251,14.9500,0.1800,1.3000,-16.4900,0.8882,0
1818,11:39:21.582,ROI,160,160,192,192,10.60,10.97,8.0,0.0,91.19,664.03,59.51,93.55,58.20,0.9398,17.7500,-0.8500,2.0900,-16.3900,0.9211,0
1819,11:39:21.630,ROI,160,160,192,192,9.39,9.85,0.0,0.0,101.56,666.44,59.71,95.10,59.06,0.9365,16.3500,-1.9300,1.7900,-19.3900,0.9084,0
1820,11:39:21.760,ROI,160,160,192,192,11.65,12.10,0.0,0.0,82.65,671.22,60.20,94.10,59.18,0.8895,16.3300,-1.2500,1.4700,-18.8100,0.9258,0
1821,11:39:21.807,ROI,160,160,192,192,10.33,10.83,0.0,0.0,92.30,674.89,61.04,90.37,57.06,0.8910,14.6200,-5.6700,1.7100,-24.0700,0.8850,0
1822,11:39:21.870,ROI,160,160,192,192,10.89,11.33,7.45,0.0,88.26,676.14,61.00,93.92,58.80,0.9337,16.1200,-4.7000,1.5800,-31.3500,0.8917,0
1823,11:39:21.934,ROI,160,160,192,192,10.68,11.03,0.0,0.0,90.63,679.14,61.67,94.13,58.48,0.9174,16.4600,-3.8900,1.9500,-19.2200,0.8926,0
1824,11:39:21.982,ROI,160,160,192,192,12.16,12.58,0.0,0.0,79.46,681.76,61.91,91.30,59.89,0.9237,16.1600,-5.9600,2.3100,-16.2100,0.8582,0
1825,11:39:22.047,ROI,160,160,192,192,9.80,10.16,0.0,0.0,98.43,684.48,63.04,89.98,57.94,0.9071,15.0900,-6.0700,2.0600,-29.8900,0.8578,0
1826,11:39:22.110,ROI,160,160,192,192,11.03,11.41,0.0,0.0,87.67,685.74,62.86,92.35,61.33,0.9189,16.5300,-4.3500,1.3300,-23.5500,0.8691,0
1827,11:39:22.160,ROI,160,160,192,192,9.51,9.93,10.225,0.0,100.75,688.56,64.63,94.02,61.87,0.8898,12.5400,-5.3900,1.6000,-39.5000,0.7793,0
1828,11:39:22.287,ROI,160,160,192,192,14.70,15.11,0.0,0.0,66.18,694.58,64.64,93.37,63.67,0.8561,13.5000,-3.1400,1.6500,-40.0200,0.8245,0
1829,11:39:22.334,ROI,160,160,192,192,11.25,11.63,0.0,0.0,86.02,695.87,64.55,92.38,61.46,0.9390,16.3700,-3.6300,1.7600,-31.0400,0.8513,0
1830,11:39:22.399,ROI,160,160,192,192,11.93,12.32,7.3,0.0,81.19,698.97,64.58,94.49,62.34,0.9229,15.0400,-7.2500,1.3400,-33.2700,0.7630,0
1831,11:39:22.461,ROI,160,160,192,192,9.33,9.77,0.0,0.0,102.37,701.11,64.72,95.32,61.07,0.9370,15.7300,-3.3700,1.8600,-27.5200,0.8119,0
1832,11:39:22.512,ROI,160,160,192,192,9.90,10.34,0.0,0.0,96.71,702.62,64.66,93.10,59.71,0.9470,16.9000,-4.6700,1.2800,-36.7800,0.8395,0
1833,11:39:22.574,ROI,160,160,192,192,9.62,10.07,0.0,0.0,99.26,705.48,65.42,95.48,61.43,0.9153,16.6100,-5.5100,1.4800,-39.1900,0.8517,0
1834,11:39:22.637,ROI,160,160,192,192,10.34,10.77,0.0,36.3,92.87,707.72,65.62,94.52,61.12,0.9480,16.8800,-7.3400,1.5700,-35.7900,0.8365,0
1835,11:39:22.750,ROI,160,160,192,192,10.65,11.03,0.0,0.0,90.63,713.35,67.08,94.75,64.21,0.8473,14.4100,-8.0900,1.8000,-63.8200,0.7271,0
1836,11:39:22.813,ROI,160,160,192,192,9.84,10.24,7.525,0.0,97.61,716.12,67.80,96.60,63.12,0.9233,16.6200,-7.8200,1.5600,-53.4700,0.8405,0
1837,11:39:22.861,ROI,160,160,224,224,9.49,9.89,10.275,0.0,101.09,719.98,67.65,95.35,63.17,0.9185,19.4100,-4.7300,1.7500,-25.2400,0.8598,0
1838,11:39:22.925,ROI,160,160,192,192,9.39,9.78,0.0,0.0,102.24,721.78,68.53,95.99,62.83,0.9368,16.6600,-9.4900,1.6400,-47.7900,0.8109,0
1839,11:39:22.993,ROI,160,160,192,192,11.45,11.93,0.0,0.0,83.83,723.53,68.47,96.50,61.76,0.9483,16.6500,-6.9500,0.0000,0.0000,0.8514,0
1840,11:39:23.038,ROI,160,160,224,224,13.23,13.68,0.0,0.0,73.12,728.59,68.68,96.18,63.21,0.8808,17.7700,-14.4900,1.7700,-28.5500,0.8364,0
1841,11:39:23.167,ROI,160,160,224,224,13.11,13.55,3.375,0.0,73.80,733.14,69.94,96.14,62.16,0.8753,18.4100,-12.6100,1.8700,-23.3100,0.9043,0
1842,11:39:23.215,ROI,160,160,224,224,11.83,12.36,0.0,0.0,80.91,734.23,70.59,96.38,60.86,0.9573,16.9800,-9.0100,0.0000,0.0000,0.8100,0
1843,11:39:23.279,ROI,160,160,224,224,14.44,14.85,0.0,0.0,67.36,738.87,70.99,95.20,60.45,0.8960,16.8500,-12.8300,0.0000,0.0000,0.8581,0
1844,11:39:23.342,ROI,160,160,192,192,11.89,12.60,8.15,0.0,79.38,738.89,71.47,96.76,62.65,0.9494,17.2300,-18.1500,0.0000,0.0000,0.8096,0
1845,11:39:23.390,ROI,160,160,224,224,9.96,10.53,10.95,0.0,94.94,741.71,71.26,95.45,61.04,0.9192,17.8100,-14.1900,1.5400,-33.4300,0.8333,0
1846,11:39:23.455,ROI,160,160,192,192,13.32,13.72,7.225,0.0,72.89,743.75,73.28,97.90,63.74,0.8992,16.4000,-12.9600,0.0000,0.0000,0.7487,0
1847,11:39:23.518,ROI,160,160,224,224,17.19,17.63,15.675,0.0,56.73,746.14,72.87,97.87,63.71,0.9404,17.9200,-14.6800,1.4600,-35.4500,0.7387,0
1848,11:39:23.565,ROI,160,160,224,224,14.35,14.86,13.225,0.0,67.30,750.52,75.10,99.01,65.38,0.8560,17.7400,-16.8900,0.0000,0.0000,0.7508,0
1849,11:39:23.694,ROI,160,160,224,224,11.51,11.98,0.0,0.0,83.48,757.48,77.07,101.47,66.99,0.8227,16.4100,-20.3400,0.0000,0.0000,0.6898,0
1850,11:39:23.743,ROI,160,160,224,224,10.30,10.71,10.425,0.0,93.41,757.52,77.52,100.07,66.65,0.9731,21.1200,-26.6100,0.0000,0.0000,0.8440,0
1851,11:39:23.806,ROI,160,160,224,224,12.42,12.80,0.0,0.0,78.14,761.19,79.81,99.25,69.19,0.8704,15.7700,-23.7500,0.0000,0.0000,0.6471,0
1852,11:39:23.869,ROI,160,160,224,224,10.81,11.25,7.75,0.0,88.87,761.73,79.28,100.21,66.70,0.9539,20.2700,-20.3800,0.0000,0.0000,0.7901,0
1853,11:39:23.918,ROI,160,160,224,224,14.57,15.11,0.0,0.0,66.19,764.60,80.47,97.68,69.27,0.9099,18.6500,-27.3900,0.0000,0.0000,0.7782,0
1854,11:39:23.982,ROI,160,160,224,224,8.84,9.26,8.05,0.0,107.99,765.20,80.58,95.45,68.80,0.9705,20.6100,-26.7400,0.0000,0.0000,0.8368,0
1855,11:39:24.048,ROI,160,160,192,192,14.64,15.21,0.0,0.0,65.76,768.74,83.22,98.58,69.26,0.8634,13.7900,-32.7500,0.0000,0.0000,0.7102,0
1856,11:39:24.096,ROI,160,160,224,224,9.69,10.14,0.0,0.0,98.58,770.72,83.47,94.29,69.47,0.9499,17.6600,-32.7700,0.0000,0.0000,0.7555,0
1857,11:39:24.224,ROI,160,160,192,192,10.74,11.29,3.325,0.0,88.59,775.46,85.97,98.06,69.46,0.8458,17.3800,-35.1600,0.0000,0.0000,0.8026,0
1858,11:39:24.272,ROI,160,160,224,224,8.75,9.23,10.65,0.0,108.34,776.82,86.44,98.06,69.40,0.9598,16.0600,-29.0500,0.0000,0.0000,0.8068,0
1859,11:39:24.335,ROI,160,160,224,224,10.06,10.49,7.2,0.0,95.36,780.30,87.32,98.49,69.92,0.9091,15.1000,-27.7900,0.0000,0.0000,0.7680,0
1860,11:39:24.397,ROI,160,160,224,224,8.46,8.86,7.65,0.0,112.85,782.41,88.34,96.33,69.22,0.9303,15.2000,-30.8400,0.0000,0.0000,0.7570,0
1861,11:39:24.445,ROI,160,160,224,224,7.91,8.29,0.0,0.0,120.59,785.15,88.56,94.72,69.09,0.9383,14.8900,-35.8300,0.0000,0.0000,0.7381,0
1862,11:39:24.512,ROI,160,160,192,192,7.88,8.27,0.0,0.0,120.95,786.81,89.93,97.81,70.20,0.9293,17.9800,-31.3600,0.0000,0.0000,0.8172,0
1863,11:39:24.573,ROI,160,160,224,224,10.09,10.67,0.0,0.0,93.72,790.55,90.62,96.84,67.06,0.8859,15.2400,-34.2400,0.0000,0.0000,0.7976,0
1864,11:39:24.621,ROI,160,160,224,224,10.35,10.75,10.475,0.0,93.05,793.14,90.99,97.78,66.26,0.9373,16.9100,-29.9500,0.0000,0.0000,0.8655,0
1865,11:39:24.751,ROI,160,160,224,224,14.83,15.24,0.0,0.0,65.61,797.09,92.78,95.97,66.53,0.8750,16.0300,-39.3900,0.0000,0.0000,0.7199,0
1866,11:39:24.798,ROI,160,160,192,192,9.46,9.84,12.425,0.0,101.64,800.13,94.79,98.29,66.67,0.8858,15.0100,-32.9900,0.0000,0.0000,0.8205,0
1867,11:39:24.863,ROI,160,160,224,224,11.39,12.03,14.125,0.0,83.15,802.55,95.68,98.07,67.89,0.9278,20.1800,-37.1400,0.0000,0.0000,0.8095,0
1868,11:39:24.926,ROI,160,160,224,224,10.41,10.98,0.0,0.0,91.10,805.37,97.64,97.33,68.43,0.8924,18.1200,-41.7200,0.0000,0.0000,0.6561,0
1869,11:39:24.974,ROI,160,160,224,224,14.16,14.72,10.575,0.0,67.95,807.16,97.85,98.53,68.28,0.9585,20.0600,-37.0700,0.0000,0.0000,0.7841,0
1870,11:39:25.037,ROI,160,160,224,224,13.18,13.61,0.0,0.0,73.50,810.02,99.26,98.03,68.61,0.9062,20.1400,-37.5200,0.0000,0.0000,0.7620,0
1871,11:39:25.148,ROI,160,160,224,224,14.12,14.56,0.0,0.0,68.66,813.28,100.56,97.20,68.98,0.9019,21.0100,-39.7600,0.0000,0.0000,0.7815,0
1872,11:39:25.214,ROI,160,160,224,224,12.17,12.62,0.0,0.0,79.22,816.32,101.64,97.12,69.92,0.9114,20.6400,-41.9700,0.0000,0.0000,0.7830,0
1873,11:39:25.277,ROI,160,160,224,224,11.36,11.88,0.0,0.0,84.19,818.74,102.65,97.58,68.68,0.9248,20.1600,-36.4100,0.0000,0.0000,0.7850,0
1874,11:39:25.327,ROI,160,160,224,224,8.57,10.92,0.0,0.0,91.59,822.26,104.58,98.50,69.96,0.8819,19.1500,-38.8800,0.0000,0.0000,0.7833,0
1875,11:39:25.389,ROI,160,160,224,224,14.09,14.60,0.0,0.0,68.48,823.72,105.73,98.08,69.40,0.9396,18.4300,-42.3400,0.0000,0.0000,0.7873,0
1876,11:39:25.453,ROI,160,160,224,224,14.98,15.30,0.0,0.0,65.35,826.08,107.39,97.50,69.72,0.9093,16.5100,-44.0700,0.0000,0.0000,0.6998,0
1877,11:39:25.502,ROI,160,160,224,224,12.45,12.76,11.8,0.0,78.35,827.60,108.53,97.86,69.02,0.9387,16.9900,-44.5300,0.0000,0.0000,0.7585,0
1878,11:39:25.629,ROI,160,160,224,224,9.97,10.49,0.0,0.0,95.34,831.69,111.58,95.93,66.57,0.8424,16.1400,-42.4100,0.0000,0.0000,0.7744,0
1879,11:39:25.679,ROI,160,160,192,192,12.67,13.19,0.0,0.0,75.83,835.85,112.61,99.67,69.54,0.8801,15.6000,-39.2400,0.0000,0.0000,0.7409,0
1880,11:39:25.742,ROI,160,160,224,224,10.29,10.87,7.85,0.0,92.01,838.07,113.72,98.52,69.61,0.9267,17.3300,-40.7200,0.0000,0.0000,0.8119,0
1881,11:39:25.805,ROI,160,160,224,224,13.39,13.86,7.425,0.0,72.16,840.76,114.61,98.10,68.99,0.9233,17.6200,-39.5500,0.0000,0.0000,0.8244,0
1882,11:39:25.853,ROI,160,160,224,224,15.37,15.91,0.0,0.0,62.84,842.62,115.33,97.41,68.85,0.9431,17.8700,-42.7800,1.1200,-65.4200,0.8435,0
1883,11:39:25.918,ROI,160,160,224,224,11.46,12.03,8.05,0.0,83.16,843.71,115.42,96.42,69.12,0.9741,18.0900,-45.1100,0.0000,0.0000,0.8125,0
1884,11:39:25.981,ROI,160,160,224,224,8.16,8.75,0.0,44.65,114.32,846.28,116.64,95.87,69.51,0.9161,19.0600,-44.7600,0.0000,0.0000,0.8592,0
1885,11:39:26.029,ROI,160,160,192,192,9.16,9.47,0.0,0.0,105.59,847.14,118.05,94.60,70.12,0.9434,18.6500,-46.2900,0.0000,0.0000,0.7586,0
1886,11:39:26.157,ROI,160,160,192,192,9.60,10.16,3.3,0.0,98.43,850.89,119.36,93.31,66.43,0.8762,15.8500,-45.9800,0.0000,0.0000,0.7449,0
1887,11:39:26.206,ROI,160,160,192,192,10.09,10.41,0.0,0.0,96.09,854.00,120.63,93.78,68.33,0.9019,15.6800,-49.8700,0.0000,0.0000,0.7100,0
1888,11:39:26.270,ROI,160,160,192,192,10.48,11.02,7.35,0.0,90.76,857.06,122.29,94.12,68.65,0.8939,15.5000,-51.9400,0.0000,0.0000,0.6755,0
1889,11:39:26.333,ROI,160,160,192,192,10.59,10.94,14.875,0.0,91.38,860.74,124.35,92.27,71.64,0.8734,15.2800,-52.3700,0.0000,0.0000,0.6626,0
1890,11:39:26.383,ROI,160,160,192,192,12.29,12.91,0.0,0.0,77.47,863.80,126.09,88.25,73.85,0.8928,16.1100,-54.3900,1.7400,-61.4000,0.7057,0
1891,11:39:26.445,ROI,160,160,192,192,9.78,10.09,0.0,0.0,99.11,866.82,128.54,89.52,72.72,0.8758,16.9000,-53.9900,0.0000,0.0000,0.7228,0
1892,11:39:26.510,ROI,160,160,192,192,7.87,8.34,0.0,0.0,119.86,868.77,128.18,88.39,73.76,0.9438,19.3700,-51.4200,0.0000,0.0000,0.7733,0
1893,11:39:26.558,ROI,160,160,192,192,8.24,8.62,0.0,0.0,116.00,871.14,129.98,91.12,73.01,0.9043,18.2900,-52.2900,0.0000,0.0000,0.7232,0
1894,11:39:26.687,ROI,160,160,192,192,8.83,9.14,3.25,0.0,109.35,874.84,134.27,93.41,77.33,0.8262,15.2500,-57.7100,0.0000,0.0000,0.6719,0
1895,11:39:26.733,ROI,160,160,192,192,9.10,9.61,0.0,0.0,104.09,877.02,135.39,89.12,74.77,0.9218,15.5500,-61.7900,0.0000,0.0000,0.6244,0
1896,11:39:26.799,ROI,160,160,192,192,8.05,8.50,0.0,0.0,117.60,876.80,136.10,90.29,77.12,0.9570,15.1600,-61.7700,0.0000,0.0000,0.6367,0
1897,11:39:26.861,ROI,160,160,192,192,8.37,8.86,0.0,0.0,112.87,879.78,138.16,92.34,77.94,0.8897,14.5400,-59.8700,0.0000,0.0000,0.6703,0
1898,11:39:26.912,ROI,160,160,192,192,10.22,10.74,18.7,36.525,93.15,881.88,139.06,90.95,78.92,0.9342,14.5400,-61.3500,0.0000,0.0000,0.6435,0
1899,11:39:26.973,ROI,160,160,192,192,9.46,9.88,7.675,39.6,101.23,883.83,141.41,93.50,78.89,0.9041,14.9900,-61.1900,0.0000,0.0000,0.6703,0
1900,11:39:27.037,ROI,160,160,192,192,10.20,10.53,0.0,0.0,95.00,884.43,141.92,94.68,79.02,0.9748,14.3500,-60.1200,0.0000,0.0000,0.6709,0
1901,11:39:27.150,ROI,160,160,192,192,13.84,14.39,3.825,27.15,69.51,887.50,146.42,94.46,82.31,0.8408,14.1400,-60.9000,0.0000,0.0000,0.6502,0
1902,11:39:27.213,ROI,160,160,192,192,7.88,8.35,0.0,46.8,119.79,890.52,149.01,96.26,85.43,0.8839,14.3900,-66.3600,0.0000,0.0000,0.6510,0
1903,11:39:27.262,ROI,160,160,224,224,9.11,9.46,0.0,41.375,105.74,892.03,148.33,95.33,80.78,0.9167,14.5400,-60.5800,1.3400,-59.0300,0.6374,0
1904,11:39:27.326,ROI,160,160,192,192,8.04,8.58,0.0,0.0,116.60,892.94,151.06,95.48,84.49,0.9189,15.1000,-72.6500,0.0000,0.0000,0.6767,0
1905,11:39:27.390,ROI,160,160,192,192,8.45,8.87,0.0,0.0,112.76,893.64,151.84,95.00,83.45,0.9672,14.5000,-69.1300,0.0000,0.0000,0.6304,0
1906,11:39:27.439,ROI,160,160,192,192,10.47,11.08,9.725,0.0,90.26,895.64,154.14,92.10,81.77,0.9070,14.2800,-71.4900,0.0000,0.0000,0.6632,0
1907,11:39:27.550,ROI,160,160,192,192,10.48,11.03,3.9,0.0,90.62,901.73,156.92,98.06,82.06,0.8252,13.5900,-67.5500,0.0000,0.0000,0.6158,0
1908,11:39:27.613,ROI,160,160,224,224,7.94,8.34,0.0,47.0,119.89,902.19,158.25,97.79,77.59,0.9369,13.3200,-63.2200,0.0000,0.0000,0.6551,0
1909,11:39:27.678,ROI,160,160,224,224,8.36,8.85,0.0,0.0,112.93,903.34,158.35,97.83,77.92,0.9725,13.6000,-62.8800,0.0000,0.0000,0.7144,0
1910,11:39:27.742,ROI,160,160,224,224,8.95,9.57,7.05,0.0,104.49,907.83,160.56,92.37,79.10,0.8625,14.6200,-70.4800,0.0000,0.0000,0.6268,0
1911,11:39:27.790,ROI,160,160,192,192,9.00,9.61,10.075,0.0,104.02,909.62,163.59,93.22,82.96,0.8940,12.4300,-67.3700,0.0000,0.0000,0.5451,0
1912,11:39:27.854,ROI,160,160,192,192,9.05,9.43,7.125,0.0,106.06,911.71,164.78,91.62,82.69,0.9292,12.6300,-69.1400,0.0000,0.0000,0.5645,0
1913,11:39:27.901,ROI,160,160,192,192,8.57,9.11,0.0,0.0,109.83,913.08,166.36,90.89,82.90,0.9345,13.4900,-68.7000,0.0000,0.0000,0.5781,0
1914,11:39:28.031,ROI,160,160,192,192,7.87,8.30,0.0,0.0,120.43,917.28,170.18,88.09,81.28,0.8325,12.7900,-70.5200,0.0000,0.0000,0.5807,0
1915,11:39:28.093,ROI,160,160,192,192,8.09,8.61,0.0,0.0,116.13,919.62,172.71,87.79,83.69,0.8932,13.6800,-75.9200,0.0000,0.0000,0.5905,0
1916,11:39:28.142,ROI,160,160,192,192,10.47,10.98,9.7,0.0,91.04,922.31,173.91,85.07,82.46,0.9134,14.3000,-72.8600,0.0000,0.0000,0.6470,0
1917,11:39:28.206,ROI,160,160,192,192,10.65,10.94,7.375,0.0,91.38,923.46,176.52,87.52,86.92,0.9141,14.5900,-71.5800,0.0000,0.0000,0.6221,0
1918,11:39:28.254,ROI,160,160,192,192,11.04,11.61,20.675,0.0,86.12,924.63,178.14,87.12,87.91,0.9386,14.7800,-74.6100,0.0000,0.0000,0.6635,0
1919,11:39:28.318,ROI,160,160,192,192,9.88,10.21,7.475,0.0,97.95,925.34,180.88,90.37,89.68,0.9069,15.3100,-72.4900,0.0000,0.0000,0.6826,0
1920,11:39:28.381,ROI,160,160,192,192,11.72,12.30,7.4,31.775,81.31,925.77,183.01,90.42,90.34,0.9450,15.3500,-76.1500,0.0000,0.0000,0.6769,0
1921,11:39:28.429,ROI,160,160,192,192,9.18,9.73,0.0,0.0,102.80,926.96,182.87,90.11,87.36,0.9423,14.8700,-75.8700,0.0000,0.0000,0.6220,0
1922,11:39:28.559,ROI,160,160,192,192,8.06,8.52,3.25,45.875,117.38,930.93,187.56,89.23,92.21,0.8280,15.0400,-79.3200,0.0000,0.0000,0.6351,0
1923,11:39:28.607,ROI,160,160,192,192,12.41,12.93,0.0,0.0,77.33,931.49,190.76,91.07,94.63,0.9153,14.6900,-80.5800,0.0000,0.0000,0.6254,0
1924,11:39:28.671,ROI,160,160,192,192,10.08,10.43,7.525,0.0,95.83,932.68,192.17,90.20,93.38,0.9454,14.8300,-87.2900,0.0000,0.0000,0.6226,0
1925,11:39:28.734,ROI,160,160,192,192,10.22,10.81,7.45,0.0,92.50,933.92,196.63,91.64,94.93,0.8860,15.2700,-84.2200,0.0000,0.0000,0.6144,0
1926,11:39:28.782,ROI,160,160,192,192,8.02,8.40,0.0,0.0,118.99,935.36,196.66,91.50,92.56,0.9450,14.6400,-82.5000,0.0000,0.0000,0.5936,0
1927,11:39:28.845,ROI,160,160,192,192,7.92,8.40,0.0,0.0,118.99,937.35,200.22,90.23,93.42,0.8880,14.4900,-83.9700,0.0000,0.0000,0.5676,0
1928,11:39:28.911,ROI,160,160,192,192,8.02,8.37,6.7,46.85,119.48,937.54,202.72,93.92,94.19,0.9116,15.6200,-83.3900,0.0000,0.0000,0.6715,0
1929,11:39:28.959,ROI,160,160,192,192,8.00,8.61,0.0,0.0,116.19,939.87,205.47,93.85,95.02,0.8992,14.6300,-78.7300,0.0000,0.0000,0.6550,0
1930,11:39:29.086,ROI,160,160,192,192,8.84,9.14,0.0,0.0,109.36,943.10,208.12,91.32,93.11,0.8827,15.5200,-84.9000,0.0000,0.0000,0.6790,0
1931,11:39:29.133,ROI,160,160,192,192,9.05,9.56,0.0,40.875,104.60,942.51,209.78,95.05,94.81,0.9278,14.2600,-83.5200,0.0000,0.0000,0.6495,0
1932,11:39:29.199,ROI,160,160,192,192,10.91,11.28,0.0,34.725,88.68,945.90,212.32,91.00,94.38,0.8824,15.6000,-84.7300,0.0000,0.0000,0.6472,0
1933,11:39:29.261,ROI,160,160,192,192,10.21,10.79,0.0,0.0,92.70,946.48,212.97,91.27,96.67,0.9641,14.7300,-85.0300,0.0000,0.0000,0.6415,0
1934,11:39:29.310,ROI,160,160,224,224,7.90,8.26,0.0,47.525,121.02,946.73,213.83,92.25,94.53,0.9677,17.0000,-87.5900,0.0000,0.0000,0.7619,0
1935,11:39:29.374,ROI,160,160,192,192,9.41,10.00,0.0,0.0,100.01,948.94,217.66,91.04,93.67,0.8801,16.2600,-86.3600,0.0000,0.0000,0.6899,0
1936,11:39:29.438,ROI,160,160,192,192,9.08,9.44,0.0,0.0,105.91,950.64,219.40,89.53,90.74,0.9277,16.3000,-84.9900,0.0000,0.0000,0.7452,0
1937,11:39:29.551,ROI,160,160,192,192,9.62,10.13,7.525,0.0,98.75,952.99,223.67,88.55,92.38,0.8662,16.4100,-87.7300,0.0000,0.0000,0.7555,0
1938,11:39:29.613,ROI,160,160,192,192,9.27,9.77,0.0,40.025,102.35,954.04,226.77,89.47,92.41,0.9139,16.1200,-87.4000,0.0000,0.0000,0.7402,0
1939,11:39:29.662,ROI,160,160,192,192,7.86,8.37,0.0,46.7,119.50,953.86,228.10,88.98,90.82,0.9660,15.0600,-89.1100,0.0000,0.0000,0.7414,0
1940,11:39:29.725,ROI,160,160,192,192,8.47,8.79,0.0,44.45,113.75,956.02,229.57,88.63,89.88,0.9225,16.1300,-89.5600,0.0000,0.0000,0.7430,0
1941,11:39:29.790,ROI,160,160,192,192,10.23,10.77,0.0,36.275,92.83,955.83,232.19,87.58,89.58,0.9323,15.5700,-91.2500,0.0000,0.0000,0.7553,0
1942,11:39:29.838,ROI,160,160,192,192,9.47,9.82,0.0,0.0,101.85,958.55,234.00,86.46,89.56,0.9032,15.6300,-91.6700,0.0000,0.0000,0.7862,0
1943,11:39:29.966,ROI,160,160,192,192,8.83,9.36,0.0,0.0,106.85,960.62,238.40,85.63,91.57,0.8668,16.6000,-92.6800,0.0000,0.0000,0.7999,0
1944,11:39:30.015,ROI,160,160,192,192,10.43,10.96,0.0,0.0,91.25,960.53,240.69,85.18,91.88,0.9465,16.2900,-94.0800,0.0000,0.0000,0.7762,0
1945,11:39:30.077,ROI,160,160,192,192,8.08,8.55,7.65,0.0,116.92,961.12,241.75,86.78,92.59,0.9592,16.0900,-92.8500,0.0000,0.0000,0.7722,0
1946,11:39:30.142,ROI,160,160,192,192,7.78,8.25,6.85,0.0,121.17,963.28,246.21,85.82,95.71,0.8672,16.7400,-93.3400,0.0000,0.0000,0.7579,0
1947,11:39:30.192,ROI,160,160,192,192,8.13,8.76,9.5,0.0,114.12,962.70,246.86,88.44,93.02,0.9440,17.3700,-92.2100,0.0000,0.0000,0.7987,0
1948,11:39:30.255,ROI,160,160,192,192,9.25,9.57,14.4,0.0,104.46,964.60,251.76,88.18,98.22,0.8663,15.8500,-90.9600,0.0000,0.0000,0.7401,0
1949,11:39:30.319,ROI,160,160,224,224,8.67,9.19,7.175,0.0,108.84,965.39,251.49,87.08,96.53,0.9655,17.0200,-90.4700,0.0000,0.0000,0.8080,0
1950,11:39:30.366,ROI,160,160,224,224,8.50,8.84,0.0,0.0,113.10,966.34,254.67,87.49,94.95,0.9161,15.3700,-92.7500,0.0000,0.0000,0.7664,0
1951,11:39:30.494,ROI,160,160,192,192,8.11,8.59,0.0,0.0,116.46,967.28,259.80,86.10,96.01,0.8799,15.9400,-92.6700,0.0000,0.0000,0.7548,0
1952,11:39:30.543,ROI,160,160,224,224,9.35,9.98,0.0,0.0,100.24,968.06,259.95,86.39,97.61,0.9661,15.3200,-89.4900,0.0000,0.0000,0.8095,0
1953,11:39:30.605,ROI,160,160,224,224,12.01,12.44,7.4,0.0,80.37,970.69,263.65,83.38,94.36,0.8718,14.9100,-90.7700,0.0000,0.0000,0.8002,0
1954,11:39:30.669,ROI,160,160,192,192,8.37,8.68,7.6,45.05,115.21,969.53,266.52,89.72,97.94,0.8762,16.1000,-91.7700,0.0000,0.0000,0.7601,0
1955,11:39:30.718,ROI,160,160,224,224,9.01,9.43,0.0,0.0,105.99,969.35,268.80,88.58,98.20,0.9426,15.6900,-90.4900,0.0000,0.0000,0.8010,0
1956,11:39:30.782,ROI,160,160,224,224,11.60,11.96,0.0,0.0,83.61,969.06,270.98,89.24,96.96,0.9494,15.5700,-91.0800,0.0000,0.0000,0.8086,0
1957,11:39:30.845,ROI,160,160,224,224,10.36,10.81,0.0,0.0,92.53,969.52,273.29,89.77,96.15,0.9438,15.1400,-91.3700,0.0000,0.0000,0.8216,0
1958,11:39:30.894,ROI,160,160,224,224,8.08,8.54,10.45,0.0,117.11,970.32,276.08,89.38,97.65,0.9278,14.5700,-90.2700,0.0000,0.0000,0.8288,0
1959,11:39:31.022,ROI,160,160,224,224,8.98,9.43,0.0,41.45,106.05,972.44,279.01,88.54,96.70,0.8988,15.5900,-91.2100,0.0000,0.0000,0.8162,0
1960,11:39:31.071,ROI,160,160,224,224,10.77,11.44,0.0,0.0,87.43,972.18,281.80,87.51,96.64,0.9333,15.3100,-91.8600,0.0000,0.0000,0.8407,0
1961,11:39:31.133,ROI,160,160,224,224,9.20,9.52,0.0,0.0,105.05,973.53,284.12,86.76,98.55,0.9253,15.8300,-91.7500,0.0000,0.0000,0.8395,0
1962,11:39:31.198,ROI,160,160,224,224,7.92,8.40,0.0,46.5,119.02,974.08,287.23,86.24,99.79,0.9276,15.5500,-91.4200,0.0000,0.0000,0.8190,0
1963,11:39:31.246,ROI,160,160,224,224,7.96,8.35,0.0,46.875,119.69,975.51,289.55,85.65,98.00,0.9236,15.3500,-91.4600,0.0000,0.0000,0.7971,0
1964,11:39:31.311,ROI,160,160,224,224,7.87,8.39,0.0,0.0,119.22,975.31,290.68,86.76,96.24,0.9648,15.7500,-92.5400,0.0000,0.0000,0.7799,0
1965,11:39:31.373,ROI,160,160,224,224,8.81,9.43,0.0,0.0,106.07,977.13,295.32,82.21,99.62,0.8646,14.5200,-91.9700,0.0000,0.0000,0.7495,0
1966,11:39:31.422,ROI,160,160,224,224,8.95,9.29,0.0,0.0,107.58,976.05,296.32,89.01,95.49,0.8881,16.8500,-92.5800,0.0000,0.0000,0.7725,0
1967,11:39:31.549,ROI,160,160,192,192,8.65,9.12,6.6,0.0,109.70,976.72,303.06,87.56,97.96,0.8566,17.5400,-92.1600,0.0000,0.0000,0.8179,0
1968,11:39:31.597,ROI,160,160,224,224,9.04,9.57,0.0,0.0,104.47,977.22,305.95,85.51,99.90,0.9218,16.9200,-93.1500,0.0000,0.0000,0.8155,0
1969,11:39:31.661,ROI,160,160,224,224,7.95,8.43,0.0,0.0,118.64,976.57,306.50,86.70,98.28,0.9692,16.3000,-93.3600,0.0000,0.0000,0.8318,0
1970,11:39:31.726,ROI,160,160,224,224,8.27,8.88,6.925,0.0,112.63,977.11,311.77,89.49,101.14,0.8726,16.2900,-94.0600,0.0000,0.0000,0.7508,0
1971,11:39:31.773,ROI,160,160,224,224,9.65,10.30,20.45,0.0,97.08,977.42,312.18,89.18,102.09,0.9838,17.6300,-93.9200,0.0000,0.0000,0.8115,0
1972,11:39:31.839,ROI,160,160,224,224,10.12,10.58,0.0,0.0,94.49,977.01,316.63,91.22,99.81,0.8960,17.6000,-96.7300,0.0000,0.0000,0.7911,0
1973,11:39:31.951,ROI,160,160,224,224,8.76,9.26,0.0,0.0,107.99,977.10,319.04,92.48,100.81,0.9404,17.2000,-95.2100,0.0000,0.0000,0.7824,0
1974,11:39:32.014,ROI,160,160,224,224,10.66,11.40,0.0,0.0,87.69,975.95,322.36,96.94,100.77,0.8945,17.6200,-96.7900,0.0000,0.0000,0.8143,0
1975,11:39:32.077,ROI,160,160,224,224,11.61,12.25,7.5,0.0,81.64,976.61,323.37,96.85,101.99,0.9671,16.9300,-95.9500,0.0000,0.0000,0.7916,0
1976,11:39:32.125,ROI,160,160,224,224,7.96,8.47,22.35,0.0,118.12,975.19,327.19,99.90,99.34,0.9000,17.7700,-98.0700,0.0000,0.0000,0.7857,0
1977,11:39:32.190,ROI,160,160,224,224,8.42,8.88,6.9,0.0,112.66,976.01,327.50,97.29,98.14,0.9620,16.0700,-96.0100,0.0000,0.0000,0.7927,0
1978,11:39:32.254,ROI,160,160,224,224,8.66,9.12,7.0,0.0,109.67,975.03,329.84,98.78,97.82,0.9351,17.2400,-95.4000,0.0000,0.0000,0.7810,0
1979,11:39:32.301,ROI,160,160,224,224,8.53,8.90,10.25,0.0,112.39,974.03,333.31,101.29,99.37,0.9095,17.8300,-95.2700,0.0000,0.0000,0.7734,0
1980,11:39:32.430,ROI,160,160,224,224,8.03,8.54,0.0,0.0,117.15,974.31,338.26,99.69,103.35,0.8935,18.4500,-95.3500,0.0000,0.0000,0.7945,0
1981,11:39:32.479,ROI,160,160,224,224,8.06,8.43,0.0,0.0,118.57,974.00,342.24,99.97,105.38,0.9210,19.3200,-94.8100,0.0000,0.0000,0.8156,0
1982,11:39:32.541,ROI,160,160,224,224,7.82,8.40,0.0,0.0,119.02,974.11,343.29,99.29,105.76,0.9737,17.9000,-95.9600,0.0000,0.0000,0.8172,0
1983,11:39:32.606,ROI,160,160,224,224,9.89,10.31,0.0,0.0,96.97,972.78,346.50,100.24,102.72,0.9163,18.7900,-97.5900,0.0000,0.0000,0.8164,0
1984,11:39:32.653,ROI,160,160,224,224,10.30,10.76,10.65,0.0,92.90,972.91,348.73,99.61,106.36,0.9524,19.3900,-100.1500,0.0000,0.0000,0.8337,0
1985,11:39:32.719,ROI,160,160,224,224,10.51,10.83,7.125,0.0,92.34,972.71,352.10,98.83,104.87,0.9309,19.7700,-99.7000,1.4600,-101.1500,0.8342,0
1986,11:39:32.781,ROI,160,160,224,224,10.46,10.94,0.0,0.0,91.37,972.59,354.56,98.80,106.54,0.9521,19.1600,-99.9100,0.0000,0.0000,0.8241,0
1987,11:39:32.829,ROI,160,160,224,224,9.40,9.72,10.45,0.0,102.93,971.48,356.03,100.16,104.66,0.9516,18.1300,-100.3100,0.0000,0.0000,0.8217,0
1988,11:39:32.958,ROI,160,160,224,224,9.51,10.08,0.0,0.0,99.21,971.08,361.70,100.77,108.23,0.8921,19.6800,-102.8000,0.0000,0.0000,0.8272,0
1989,11:39:33.006,ROI,160,160,224,224,9.81,10.11,0.0,0.0,98.89,969.61,364.96,101.82,107.84,0.9152,19.3500,-104.0400,0.0000,0.0000,0.8264,0
1990,11:39:33.071,ROI,160,160,224,224,8.95,9.44,0.0,0.0,105.98,968.65,365.29,103.17,106.32,0.9677,19.1300,-105.3700,0.0000,0.0000,0.8354,0
1991,11:39:33.133,ROI,160,160,224,224,9.32,9.70,0.0,0.0,103.10,969.58,370.70,101.07,109.61,0.8873,19.7600,-105.0800,0.0000,0.0000,0.8552,0
1992,11:39:33.181,ROI,160,160,224,224,8.03,8.61,0.0,0.0,116.08,968.19,372.59,104.58,111.44,0.9341,18.8000,-106.2500,0.0000,0.0000,0.8598,0
1993,11:39:33.245,ROI,160,160,224,224,9.12,9.62,0.0,0.0,103.91,967.94,375.89,104.55,112.35,0.9384,17.5500,-109.1400,0.0000,0.0000,0.8510,0
1994,11:39:33.309,ROI,160,160,256,256,15.38,15.85,0.0,0.0,63.09,968.76,377.32,99.98,111.22,0.9325,15.1400,-107.6800,0.0000,0.0000,0.8387,0
1995,11:39:33.359,ROI,160,160,224,224,18.69,19.16,11.475,40.775,52.20,967.20,380.42,105.56,110.12,0.8971,17.1400,-111.8800,0.0000,0.0000,0.8540,0
1996,11:39:33.486,ROI,160,160,224,224,9.20,9.67,3.625,0.0,103.43,963.32,385.94,100.18,111.85,0.8426,18.2100,-111.1100,0.0000,0.0000,0.8530,0
1997,11:39:33.534,ROI,160,160,224,224,8.93,9.44,20.2,0.0,105.90,962.89,388.04,102.10,111.87,0.9453,17.3400,-116.4700,0.0000,0.0000,0.8598,0
1998,11:39:33.599,ROI,160,160,224,224,8.85,9.23,0.0,0.0,108.29,961.82,391.37,103.54,112.43,0.9233,17.3800,-116.6500,0.0000,0.0000,0.8737,0
1999,11:39:33.661,ROI,160,160,256,256,7.97,8.51,0.0,0.0,117.48,961.80,393.46,102.61,110.19,0.9545,15.9700,-118.2600,0.0000,0.0000,0.8775,0
2000,11:39:33.710,ROI,160,160,224,224,7.94,8.35,9.5,0.0,119.80,960.36,395.13,105.13,109.90,0.9440,17.9700,-120.2800,0.0000,0.0000,0.8495,0
2001,11:39:33.773,ROI,160,160,224,224,8.36,9.10,7.15,0.0,109.87,957.66,399.58,106.72,114.70,0.8793,17.3600,-120.6400,0.0000,0.0000,0.8721,0
2002,11:39:33.837,ROI,160,160,256,256,11.38,11.71,0.0,0.0,85.40,956.70,402.26,106.93,116.19,0.9378,14.5500,-122.6300,0.0000,0.0000,0.8478,0
2003,11:39:33.950,ROI,160,160,256,256,8.79,9.27,0.0,42.15,107.89,953.60,408.53,106.82,121.44,0.8516,15.5300,-121.4000,0.0000,0.0000,0.8706,0
2004,11:39:34.014,ROI,160,160,256,256,9.95,10.28,0.0,0.0,97.30,951.74,414.56,106.99,124.61,0.8768,15.0300,-123.3500,0.0000,0.0000,0.8424,0
2005,11:39:34.061,ROI,160,160,256,256,8.20,8.73,10.675,0.0,114.52,949.43,415.01,108.80,124.61,0.9515,16.6500,-124.4600,0.0000,0.0000,0.8338,0
2006,11:39:34.127,ROI,160,160,256,256,9.72,10.17,0.0,0.0,98.33,947.99,416.89,109.12,125.18,0.9454,15.3300,-123.6500,0.0000,0.0000,0.8202,0
2007,11:39:34.188,ROI,160,160,256,256,9.13,9.61,7.625,0.0,104.09,947.90,418.74,109.74,122.30,0.9652,16.2800,-123.6400,0.0000,0.0000,0.8305,0
2008,11:39:34.239,ROI,160,160,256,256,9.91,10.25,0.0,0.0,97.61,945.05,422.21,111.18,121.38,0.8984,15.2200,-126.0100,0.0000,0.0000,0.8405,0
2009,11:39:34.301,ROI,160,160,256,256,9.45,9.99,14.975,0.0,100.11,944.86,423.60,109.94,120.48,0.9664,15.5000,-125.1800,0.0000,0.0000,0.8123,0
2010,11:39:34.415,ROI,160,160,256,256,11.00,11.34,0.0,34.475,88.21,941.90,430.68,110.24,122.46,0.8458,15.8800,-125.0300,0.0000,0.0000,0.8739,0
2011,11:39:34.477,ROI,160,160,256,256,10.70,11.22,0.0,34.8,89.09,938.66,433.09,112.27,122.43,0.9080,14.0300,-126.5200,0.0000,0.0000,0.7799,0
2012,11:39:34.541,ROI,160,160,256,256,8.72,9.33,0.0,0.0,107.15,937.52,434.14,114.48,121.94,0.9636,14.6300,-126.8400,0.0000,0.0000,0.7818,0
2013,11:39:34.590,ROI,160,160,256,256,8.41,8.90,0.0,0.0,112.40,935.48,434.18,114.11,122.78,0.9584,14.6800,-126.7200,0.0000,0.0000,0.7954,0
2014,11:39:34.653,ROI,160,160,256,256,9.65,10.01,0.0,0.0,99.92,933.14,436.16,116.14,120.00,0.9301,15.8500,-127.6200,0.0000,0.0000,0.8271,0
2015,11:39:34.717,ROI,160,160,256,256,9.15,9.73,0.0,0.0,102.73,931.08,438.19,119.17,119.31,0.9339,16.1100,-128.5100,0.0000,0.0000,0.8366,0
2016,11:39:34.766,ROI,160,160,256,256,8.95,9.33,0.0,0.0,107.13,929.34,441.89,118.74,118.19,0.9133,17.3900,-129.0500,0.0000,0.0000,0.8666,0
2017,11:39:34.895,ROI,160,160,256,256,8.91,9.59,3.275,0.0,104.23,926.90,443.50,118.18,118.02,0.9345,17.8600,-128.9700,0.0000,0.0000,0.8406,0
2018,11:39:34.942,ROI,160,160,256,256,8.00,8.44,20.975,46.475,118.48,926.59,445.75,117.34,117.30,0.9557,19.0700,-128.3900,0.0000,0.0000,0.8561,0
2019,11:39:35.005,ROI,160,160,256,256,9.56,10.06,0.0,0.0,99.44,924.40,447.67,116.75,117.54,0.9328,17.8600,-128.8500,0.0000,0.0000,0.8553,0
2020,11:39:35.070,ROI,160,160,256,256,9.31,9.71,0.0,40.425,102.97,921.09,449.35,120.61,116.08,0.9198,16.5800,-128.8600,0.0000,0.0000,0.8397,0
2021,11:39:35.133,ROI,160,160,256,256,11.04,11.52,0.0,33.925,86.83,920.55,454.55,118.19,119.38,0.8981,16.8700,-127.5000,0.0000,0.0000,0.8607,0
2022,11:39:35.182,ROI,160,160,256,256,8.29,8.66,10.625,45.225,115.51,914.00,455.17,128.75,119.18,0.8905,17.5300,-128.1000,0.0000,0.0000,0.8568,0
2023,11:39:35.245,ROI,160,160,288,288,8.03,8.57,0.0,45.625,116.74,911.43,458.11,128.75,117.38,0.9150,15.7200,-131.9000,0.0000,0.0000,0.8393,0
2024,11:39:35.294,ROI,160,160,288,288,8.20,8.57,0.0,45.8,116.65,910.01,459.26,128.75,115.90,0.9594,16.2200,-130.2200,0.0000,0.0000,0.8467,0
2025,11:39:35.424,ROI,160,160,288,288,9.49,10.28,0.0,0.0,97.23,906.44,462.58,128.92,116.33,0.8947,16.5000,-130.0100,0.0000,0.0000,0.8479,0
2026,11:39:35.469,ROI,160,160,288,288,8.95,9.35,11.275,0.0,106.92,905.06,465.31,127.12,115.36,0.9341,15.7500,-130.8000,0.0000,0.0000,0.8445,0
2027,11:39:35.533,ROI,160,160,256,256,8.82,9.32,7.075,0.0,107.27,903.40,470.62,131.07,117.92,0.8863,15.3500,-128.6000,0.0000,0.0000,0.8445,0
2028,11:39:35.597,ROI,160,160,288,288,9.51,10.10,0.0,0.0,98.97,901.76,471.17,127.03,114.89,0.9443,14.1500,-130.1900,0.0000,0.0000,0.7935,0
2029,11:39:35.665,ROI,160,160,256,256,13.66,14.50,0.0,0.0,68.97,900.65,472.66,125.42,116.43,0.9578,15.6600,-127.6700,0.0000,0.0000,0.8091,0
2030,11:39:35.708,ROI,160,160,256,256,15.92,16.53,0.0,0.0,60.48,899.17,474.27,126.22,116.35,0.9504,16.4200,-128.2800,0.0000,0.0000,0.8189,0
2031,11:39:35.773,ROI,160,160,256,256,8.37,8.87,0.0,0.0,112.80,897.72,476.19,119.20,113.82,0.9136,15.1300,-126.9000,0.0000,0.0000,0.7923,0
2032,11:39:35.838,ROI,160,160,256,256,9.30,9.63,0.0,0.0,103.82,896.09,477.79,118.91,113.97,0.9464,15.7500,-126.6900,0.0000,0.0000,0.8050,0
2033,11:39:35.950,ROI,160,160,256,256,8.79,9.27,0.0,42.15,107.85,888.96,481.85,128.64,113.15,0.8330,15.2900,-130.6800,0.0000,0.0000,0.8475,0
2034,11:39:36.013,ROI,160,160,288,288,7.96,8.33,7.15,0.0,120.07,886.43,483.97,125.80,114.44,0.9266,14.4900,-129.9300,0.0000,0.0000,0.7906,0
2035,11:39:36.061,ROI,160,160,256,256,8.16,8.68,0.0,0.0,115.19,884.54,485.16,133.78,113.98,0.9217,18.0000,-132.9100,0.0000,0.0000,0.8781,0
2036,11:39:36.125,ROI,160,160,288,288,8.03,8.37,0.0,0.0,119.51,883.08,488.01,126.68,115.04,0.9024,15.5300,-131.2100,0.0000,0.0000,0.8078,0
2037,11:39:36.192,ROI,160,160,256,256,8.58,9.24,6.7,0.0,108.23,877.93,489.98,138.24,112.56,0.8872,14.8800,-133.0400,0.0000,0.0000,0.8485,0
2038,11:39:36.238,ROI,160,160,288,288,9.42,9.95,0.0,0.0,100.51,876.78,492.22,127.30,113.54,0.8867,16.2300,-132.7800,0.0000,0.0000,0.8402,0
2039,11:39:36.365,ROI,160,160,256,256,8.74,9.27,3.325,0.0,107.84,870.58,494.77,131.57,109.70,0.8702,15.6500,-137.3500,0.0000,0.0000,0.8289,0
2040,11:39:36.414,ROI,160,160,288,288,8.34,8.82,0.0,44.3,113.36,867.50,497.29,135.79,116.10,0.9027,16.3400,-137.6400,0.0000,0.0000,0.8299,0
2041,11:39:36.477,ROI,160,160,288,288,8.12,8.62,0.0,45.325,116.03,863.17,499.11,140.78,116.59,0.9112,15.6800,-141.3400,0.0000,0.0000,0.8379,0
2042,11:39:36.542,ROI,160,160,288,288,8.29,9.00,0.0,43.425,111.12,859.54,501.57,141.86,115.42,0.9114,16.1000,-142.4900,0.0000,0.0000,0.8506,0
2043,11:39:36.590,ROI,160,160,288,288,10.12,10.84,0.0,0.0,92.23,859.86,501.94,140.24,113.33,0.9707,17.9300,-144.0900,0.0000,0.0000,0.8822,0
2044,11:39:36.653,ROI,160,160,288,288,9.28,9.79,7.425,0.0,102.16,853.06,503.54,144.20,113.44,0.8845,17.0000,-142.2700,0.0000,0.0000,0.8342,0
2045,11:39:36.717,ROI,160,160,320,320,9.47,9.93,0.0,0.0,100.67,854.08,503.74,138.64,114.20,0.9553,17.6900,-141.2200,0.0000,0.0000,0.8878,0
2046,11:39:36.766,ROI,160,160,288,288,8.84,9.33,0.0,0.0,107.20,847.97,508.20,146.38,114.89,0.8515,17.4600,-143.1100,0.0000,0.0000,0.8576,0
2047,11:39:36.895,ROI,160,160,320,320,11.42,11.96,3.25,0.0,83.62,843.46,511.04,146.24,115.90,0.8963,19.0500,-144.2600,0.0000,0.0000,0.9227,0
2048,11:39:36.942,ROI,160,160,320,320,10.64,11.32,11.275,0.0,88.32,839.58,511.74,144.74,118.16,0.9305,16.5700,-144.9700,0.0000,0.0000,0.8566,0
2049,11:39:37.005,ROI,160,160,320,320,9.10,9.41,0.0,0.0,106.27,836.56,514.90,144.26,114.46,0.9093,18.9300,-145.9600,0.0000,0.0000,0.9059,0
2050,11:39:37.069,ROI,160,160,320,320,9.20,9.64,7.15,0.0,103.69,834.86,515.92,143.70,115.40,0.9597,16.4300,-148.4500,0.0000,0.0000,0.8804,0
2051,11:39:37.118,ROI,160,160,288,288,10.65,10.97,9.925,0.0,91.19,831.35,516.89,143.42,116.10,0.9369,15.2600,-150.5700,0.0000,0.0000,0.8921,0
2052,11:39:37.182,ROI,160,160,288,288,8.77,9.26,0.0,0.0,108.05,828.55,518.38,145.48,115.11,0.9380,14.9000,-156.0300,0.0000,0.0000,0.8755,0
2053,11:39:37.230,ROI,160,160,320,320,8.32,8.78,0.0,44.65,113.92,826.26,520.54,138.46,111.42,0.9162,16.6600,-150.9200,0.0000,0.0000,0.9090,0
2054,11:39:37.358,ROI,160,160,288,288,8.20,8.92,0.0,0.0,112.09,820.74,524.10,142.88,115.52,0.8698,15.2400,-156.5600,0.0000,0.0000,0.8723,0
2055,11:39:37.407,ROI,160,160,288,288,9.10,9.83,9.775,0.0,101.75,813.86,524.76,136.03,110.81,0.8698,15.2300,-155.0200,0.0000,0.0000,0.8659,0
2056,11:39:37.471,ROI,160,160,288,288,11.72,12.08,14.55,32.35,82.77,813.00,525.73,133.43,108.94,0.9637,13.6800,-159.6900,0.0000,0.0000,0.8967,0
2057,11:39:37.533,ROI,160,160,288,288,9.26,9.77,7.7,0.0,102.31,809.29,526.55,138.04,107.75,0.9331,14.8800,-159.2100,0.0000,0.0000,0.8993,0
2058,11:39:37.581,ROI,160,160,288,288,7.68,8.03,10.2,0.0,124.51,807.99,528.16,140.29,109.42,0.9529,14.5000,-159.4100,0.0000,0.0000,0.9164,0
2059,11:39:37.646,ROI,160,160,288,288,7.93,8.45,0.0,0.0,118.39,802.55,530.34,138.67,110.61,0.8904,14.1100,-157.5800,0.0000,0.0000,0.8839,0
2060,11:39:37.710,ROI,160,160,288,288,8.05,8.42,0.0,0.0,118.78,798.40,530.32,142.13,108.38,0.9243,13.5100,-158.2200,0.0000,0.0000,0.8786,0
2061,11:39:37.757,ROI,160,160,288,288,8.72,9.34,10.25,0.0,107.05,794.02,532.48,141.93,107.33,0.9043,14.4200,-160.1200,0.0000,0.0000,0.8833,0
2062,11:39:37.887,ROI,160,160,288,288,9.52,9.85,0.0,0.0,101.53,785.74,532.56,144.85,108.00,0.8855,13.1800,-164.1000,0.0000,0.0000,0.9153,0
2063,11:39:37.934,ROI,160,160,320,320,9.03,9.53,0.0,0.0,104.99,781.16,533.58,150.70,109.68,0.9227,13.3200,-161.3800,0.0000,0.0000,0.9044,0
2064,11:39:37.998,ROI,160,160,320,320,10.73,11.15,7.125,0.0,89.73,778.52,533.38,152.12,110.50,0.9586,14.0200,-161.3200,0.0000,0.0000,0.8920,0
2065,11:39:38.062,ROI,160,160,320,320,10.69,11.24,0.0,0.0,88.98,772.44,532.94,156.32,110.64,0.9171,13.8900,-160.6300,0.0000,0.0000,0.8989,0
2066,11:39:38.110,ROI,160,160,320,320,12.91,13.33,20.8,0.0,75.00,770.74,533.44,155.20,109.50,0.9684,15.2400,-163.1100,0.0000,0.0000,0.9180,0
2067,11:39:38.176,ROI,160,160,320,320,15.52,15.95,0.0,24.5,62.69,765.66,534.98,153.18,109.28,0.9110,14.9700,-165.3500,0.0000,0.0000,0.9097,0
2068,11:39:38.237,ROI,160,160,320,320,17.48,18.03,0.0,21.65,55.46,764.84,536.32,152.90,106.66,0.9652,15.9400,-161.2800,0.0000,0.0000,0.8899,0
2069,11:39:38.364,ROI,160,160,320,320,24.78,25.25,0.0,15.475,39.60,757.92,537.14,153.58,108.56,0.8982,15.6600,-166.7800,0.0000,0.0000,0.9283,0
2070,11:39:38.416,ROI,160,160,320,320,15.12,15.54,14.425,25.15,64.35,752.20,537.26,155.12,109.18,0.9234,16.6000,-168.3300,0.0000,0.0000,0.9518,0
2071,11:39:38.465,ROI,160,160,320,320,12.30,12.74,0.0,30.675,78.47,751.76,537.76,148.58,108.52,0.9491,14.9100,-167.8600,0.0000,0.0000,0.9440,0
2072,11:39:38.554,ROI,160,160,320,320,35.08,35.48,15.45,11.0,28.18,743.24,538.40,155.60,108.90,0.8839,14.6200,-169.4400,0.0000,0.0000,0.9382,0
2073,11:39:38.607,ROI,160,160,320,320,26.33,26.92,21.375,14.5,37.14,742.14,539.54,152.76,109.28,0.9617,14.5400,-168.5400,0.0000,0.0000,0.9427,0
2074,11:39:38.645,ROI,160,160,320,320,8.18,8.57,0.0,0.0,116.73,734.30,538.62,158.74,110.74,0.8896,15.2000,-170.1300,0.0000,0.0000,0.9476,0
2075,11:39:38.766,ROI,160,160,320,320,11.98,12.64,0.0,0.0,79.11,726.00,538.98,154.60,109.26,0.8878,15.1600,-171.1900,0.0000,0.0000,0.9301,0
2076,11:39:38.813,ROI,160,160,320,320,8.17,8.47,11.125,0.0,118.03,725.06,539.98,151.22,108.16,0.9604,13.7800,-170.1100,0.0000,0.0000,0.9114,0
2077,11:39:38.878,ROI,160,160,320,320,8.65,9.13,0.0,0.0,109.49,722.20,539.52,151.60,108.86,0.9549,14.4100,-171.7800,0.0000,0.0000,0.8850,0
2078,11:39:38.942,ROI,160,160,320,320,9.39,9.69,0.0,40.325,103.15,716.74,540.02,156.54,108.26,0.9234,13.1100,-169.9300,0.0000,0.0000,0.8871,0
2079,11:39:38.991,ROI,160,160,320,320,8.46,9.37,0.0,42.65,106.72,715.84,540.00,156.14,110.18,0.9714,15.6000,-172.9800,0.0000,0.0000,0.8498,0
2080,11:39:39.055,ROI,160,160,320,320,9.29,9.64,7.2,40.675,103.70,710.10,539.68,157.08,109.16,0.9210,14.6500,-173.9100,0.0000,0.0000,0.8707,0
2081,11:39:39.117,ROI,160,160,320,320,9.20,9.67,0.0,0.0,103.44,707.36,540.96,157.54,110.04,0.9438,14.4700,-173.1300,0.0000,0.0000,0.8744,0
2082,11:39:39.166,ROI,160,160,320,320,12.20,12.49,0.0,0.0,80.04,702.44,540.38,153.80,107.34,0.9161,14.8000,-174.9500,0.0000,0.0000,0.8864,0
2083,11:39:39.297,ROI,160,160,320,320,11.92,12.70,0.0,30.75,78.71,694.34,540.28,154.24,109.34,0.8844,16.1000,-177.2100,0.0000,0.0000,0.8552,0
2084,11:39:39.343,ROI,160,160,320,320,13.19,13.74,0.0,0.0,72.76,694.18,541.00,154.16,106.74,0.9742,15.2700,-178.6600,0.0000,0.0000,0.8573,0
2085,11:39:39.406,ROI,160,160,320,320,12.65,14.71,0.0,0.0,67.98,687.22,542.62,155.52,110.82,0.8816,15.9200,-177.9100,0.0000,0.0000,0.8468,0
2086,11:39:39.469,ROI,160,160,320,320,10.99,11.50,8.125,0.0,86.96,684.34,541.14,157.74,110.06,0.9389,13.7700,-176.8100,0.0000,0.0000,0.8236,0
2087,11:39:39.519,ROI,160,160,320,320,10.89,11.19,10.125,34.925,89.36,677.34,541.32,159.28,110.10,0.9125,15.3000,178.4000,0.0000,0.0000,0.8307,0
2088,11:39:39.581,ROI,160,160,320,320,10.73,11.25,7.625,0.0,88.85,677.16,540.32,152.82,108.52,0.9421,14.5200,177.1300,0.0000,0.0000,0.8384,0
2089,11:39:39.631,ROI,160,160,320,320,11.18,11.52,0.0,0.0,86.84,674.40,540.30,153.90,108.72,0.9629,14.5600,178.7800,0.0000,0.0000,0.8582,0
2090,11:39:39.758,ROI,160,160,320,320,8.31,8.78,0.0,0.0,113.86,666.20,538.80,153.82,106.06,0.8753,15.1500,175.7400,0.0000,0.0000,0.8936,0
2091,11:39:39.823,ROI,160,160,320,320,8.29,8.74,7.025,44.75,114.47,659.34,538.44,148.88,106.16,0.9074,15.1500,176.6400,0.0000,0.0000,0.8845,0
2092,11:39:39.870,ROI,160,160,320,320,9.00,9.41,0.0,0.0,106.28,657.94,538.88,148.44,105.80,0.9733,13.9800,174.5000,0.0000,0.0000,0.8677,0
2093,11:39:39.934,ROI,160,160,320,320,9.40,9.69,7.075,0.0,103.25,652.30,536.28,147.30,102.80,0.8829,14.5800,174.0100,0.0000,0.0000,0.8765,0
2094,11:39:39.982,ROI,160,160,320,320,9.84,10.36,0.0,0.0,96.56,650.30,537.68,144.72,105.76,0.9463,12.6200,174.7700,0.0000,0.0000,0.8644,0
2095,11:39:40.049,ROI,160,160,320,320,15.72,16.85,6.9,0.0,59.36,644.64,535.40,144.16,102.02,0.8863,14.2600,172.0900,0.0000,0.0000,0.9040,0
2096,11:39:40.110,ROI,160,160,320,320,8.05,8.37,0.0,0.0,119.44,641.62,536.76,145.76,104.82,0.9339,13.3900,172.8300,0.0000,0.0000,0.8857,0
2097,11:39:40.174,ROI,160,160,320,320,9.69,10.60,0.0,0.0,94.31,634.94,535.94,147.30,106.44,0.8993,13.9700,173.6700,0.0000,0.0000,0.8912,0
2098,11:39:40.221,ROI,160,160,320,320,13.29,13.66,10.6,0.0,73.21,632.34,535.20,148.30,106.12,0.9523,12.7800,173.5500,0.0000,0.0000,0.8472,0
2099,11:39:40.349,ROI,160,160,320,320,11.46,11.93,3.425,0.0,83.86,621.60,534.40,154.98,106.24,0.8556,14.6800,174.4200,0.0000,0.0000,0.8842,0
2100,11:39:40.398,ROI,160,160,320,320,10.86,11.23,0.0,0.0,89.01,613.44,534.34,159.86,106.00,0.8995,14.9600,173.8000,0.0000,0.0000,0.8329,0
2101,11:39:40.464,ROI,160,160,320,320,8.09,8.57,0.0,45.575,116.67,611.20,534.28,158.16,105.84,0.9708,15.5200,175.1900,0.0000,0.0000,0.8270,0
2102,11:39:40.511,ROI,160,160,320,320,8.06,8.40,0.0,46.75,119.07,608.70,533.92,156.22,105.46,0.9622,15.0900,175.3900,0.0000,0.0000,0.8534,0
2103,11:39:40.574,ROI,160,160,320,320,10.84,11.52,0.0,33.925,86.77,603.72,533.22,154.74,105.16,0.9259,15.0900,173.5900,0.0000,0.0000,0.8506,0
2104,11:39:40.637,ROI,160,160,320,320,12.07,12.57,0.0,0.0,79.57,601.00,533.42,156.04,104.68,0.9613,15.3200,173.2000,0.0000,0.0000,0.8624,0
2105,11:39:40.751,ROI,160,160,320,320,10.39,10.89,3.85,0.0,91.80,592.80,531.02,153.08,104.38,0.8608,17.2600,171.8300,0.0000,0.0000,0.8718,0
2106,11:39:40.815,ROI,160,160,320,320,10.84,11.28,7.3,0.0,88.63,586.74,529.60,159.74,106.50,0.9013,15.9100,171.5700,0.0000,0.0000,0.8547,0
2107,11:39:40.877,ROI,160,160,320,320,8.09,8.55,0.0,0.0,116.93,583.26,530.22,159.28,106.02,0.9464,15.7400,172.9900,0.0000,0.0000,0.8802,0
2108,11:39:40.925,ROI,160,160,320,320,9.06,9.53,0.0,0.0,104.89,579.16,527.04,154.80,104.54,0.8946,15.0900,169.9100,0.0000,0.0000,0.8738,0
2109,11:39:40.991,ROI,160,160,320,320,8.18,8.81,0.0,0.0,113.52,577.96,526.54,156.54,108.60,0.9480,16.0300,169.3000,0.0000,0.0000,0.8955,0
2110,11:39:41.053,ROI,160,160,320,320,9.87,10.19,7.35,38.35,98.13,573.00,525.56,158.18,106.50,0.9214,15.9000,168.0600,0.0000,0.0000,0.9042,0
2111,11:39:41.103,ROI,160,160,320,320,9.36,9.86,0.0,39.65,101.46,569.36,524.96,159.34,107.26,0.9447,15.9300,168.7000,0.0000,0.0000,0.8952,0
2112,11:39:41.230,ROI,160,160,320,320,7.91,8.21,0.0,0.0,121.80,564.86,522.64,152.48,109.54,0.9058,16.4700,167.4800,0.0000,0.0000,0.9124,0
2113,11:39:41.280,ROI,160,160,320,320,8.38,8.85,0.0,0.0,113.00,558.70,523.14,154.00,110.68,0.9135,15.9800,168.3100,0.0000,0.0000,0.8808,0
2114,11:39:41.343,ROI,160,160,320,320,8.63,9.10,0.0,0.0,109.83,555.60,521.76,153.92,109.34,0.9372,14.6600,166.0200,0.0000,0.0000,0.8846,0
2115,11:39:41.405,ROI,160,160,320,320,9.24,9.66,0.0,0.0,103.47,551.96,520.46,156.72,108.46,0.9323,13.9000,166.4400,0.0000,0.0000,0.8769,0
2116,11:39:41.453,ROI,160,160,320,320,11.82,12.26,0.0,0.0,81.54,543.98,519.36,153.02,106.18,0.8837,14.7500,167.2700,0.0000,0.0000,0.8333,0
2117,11:39:41.519,ROI,160,160,320,320,11.82,12.22,0.0,0.0,81.85,543.80,517.88,150.62,105.68,0.9574,14.5600,167.0000,0.0000,0.0000,0.8817,0
2118,11:39:41.581,ROI,160,160,320,320,10.00,10.45,7.7,37.35,95.65,540.54,516.24,146.52,102.98,0.9277,15.4900,167.6400,0.0000,0.0000,0.8464,0
2119,11:39:41.628,ROI,160,160,320,320,8.34,8.70,0.0,0.0,114.91,538.66,514.64,143.96,105.64,0.9456,16.4600,167.4100,0.0000,0.0000,0.8425,0
2120,11:39:41.759,ROI,160,160,288,288,8.53,9.04,3.2,0.0,110.60,528.69,509.88,150.73,107.12,0.8026,12.7800,167.3100,0.0000,0.0000,0.8592,0
2121,11:39:41.806,ROI,160,160,320,320,11.34,12.45,0.0,0.0,80.32,525.90,509.46,144.30,106.88,0.9500,14.6100,161.6200,0.0000,0.0000,0.7981,0
2122,11:39:41.871,ROI,160,160,320,320,22.47,23.25,0.0,0.0,43.01,522.12,508.18,143.74,104.32,0.9266,15.1900,160.4100,0.0000,0.0000,0.8364,0
2123,11:39:41.933,ROI,160,160,288,288,11.42,11.82,0.0,0.0,84.64,517.34,505.26,145.75,107.21,0.8872,13.7400,166.1200,0.0000,0.0000,0.8451,0
2124,11:39:41.981,ROI,160,160,320,320,11.29,11.81,10.775,0.0,84.66,514.04,504.16,146.72,106.98,0.9368,15.0800,161.8900,0.0000,0.0000,0.8079,0
2125,11:39:42.047,ROI,160,160,320,320,8.27,8.60,7.3,0.0,116.28,510.56,502.20,144.94,109.60,0.9204,17.5400,158.5500,0.0000,0.0000,0.9022,0
2126,11:39:42.111,ROI,160,160,320,320,14.33,14.91,0.0,0.0,67.05,507.68,500.86,145.34,108.42,0.9382,18.4900,160.5100,0.0000,0.0000,0.9182,0
2127,11:39:42.158,ROI,160,160,320,320,8.54,8.82,12.225,0.0,113.37,500.72,497.36,148.46,114.46,0.8560,17.8100,159.5000,0.0000,0.0000,0.8886,0
2128,11:39:42.287,ROI,160,160,320,320,14.96,15.48,0.0,0.0,64.59,495.08,494.28,147.36,112.76,0.8793,18.2800,157.3100,0.0000,0.0000,0.9112,0
2129,11:39:42.333,ROI,160,160,320,320,15.80,16.28,0.0,0.0,61.41,490.50,492.42,148.36,116.84,0.9079,16.2300,156.2600,0.0000,0.0000,0.8649,0
2130,11:39:42.398,ROI,160,160,320,320,13.27,13.83,0.0,28.275,72.33,488.76,489.60,144.70,113.84,0.9290,16.9100,154.0600,0.0000,0.0000,0.9307,0
2131,11:39:42.463,ROI,160,160,320,320,12.33,12.64,0.0,30.925,79.11,483.38,488.48,148.30,113.98,0.9117,13.6200,157.5000,0.0000,0.0000,0.8053,0
2132,11:39:42.509,ROI,160,160,320,320,15.81,16.48,0.0,23.725,60.69,481.70,486.42,144.46,114.72,0.9401,13.8200,153.6200,0.0000,0.0000,0.8791,0
2133,11:39:42.575,ROI,160,160,320,320,35.38,36.01,0.0,0.0,27.77,477.14,483.80,143.12,114.98,0.8979,12.6700,153.9900,0.0000,0.0000,0.8230,0
2134,11:39:42.639,ROI,160,160,288,288,10.44,10.91,0.0,0.0,91.67,473.87,482.78,138.17,104.45,0.8676,13.2000,155.0400,0.0000,0.0000,0.8670,0
2135,11:39:42.750,ROI,160,160,288,288,10.94,11.43,0.0,0.0,87.50,468.55,477.07,136.30,111.80,0.8360,14.7200,149.4300,0.0000,0.0000,0.9020,0
2136,11:39:42.814,ROI,160,160,288,288,9.45,10.01,7.4,0.0,99.94,466.00,476.19,132.08,110.70,0.9477,14.2200,150.7000,0.0000,0.0000,0.8952,0
2137,11:39:42.863,ROI,160,160,288,288,8.62,9.00,0.0,43.45,111.13,464.97,473.79,132.03,112.28,0.9433,16.3700,149.4200,0.0000,0.0000,0.9110,0
2138,11:39:42.926,ROI,160,160,288,288,11.29,11.87,0.0,0.0,84.25,458.89,471.02,138.24,116.12,0.8717,16.4200,149.4400,0.0000,0.0000,0.9014,0
2139,11:39:42.990,ROI,160,160,288,288,12.81,13.28,0.0,0.0,75.32,456.65,468.66,139.09,117.16,0.9304,16.4900,149.7100,0.0000,0.0000,0.9180,0
2140,11:39:43.037,ROI,160,160,288,288,14.45,15.00,11.6,0.0,66.66,451.55,465.89,142.07,119.57,0.8888,14.9100,149.2300,0.0000,0.0000,0.8859,0
2141,11:39:43.166,ROI,160,160,288,288,16.12,16.78,0.0,23.3,59.60,443.24,463.00,144.56,122.22,0.8508,16.6700,149.3800,0.0000,0.0000,0.8716,0
2142,11:39:43.214,ROI,160,160,320,320,15.01,15.30,0.0,0.0,65.37,442.04,460.44,141.76,117.38,0.9396,15.5400,142.5200,0.0000,0.0000,0.8285,0
2143,11:39:43.277,ROI,160,160,288,288,11.21,11.78,0.0,33.15,84.86,440.16,459.84,136.66,117.54,0.9544,17.4400,144.0900,0.0000,0.0000,0.8764,0
2144,11:39:43.341,ROI,160,160,288,288,9.87,10.27,0.0,0.0,97.34,437.55,456.77,136.67,122.35,0.9153,16.7100,141.1400,0.0000,0.0000,0.8577,0
2145,11:39:43.393,ROI,160,160,288,288,13.20,13.90,0.0,0.0,71.97,434.91,454.76,137.88,123.80,0.9319,16.7900,136.4900,0.0000,0.0000,0.8808,0
2146,11:39:43.459,ROI,160,160,288,288,13.97,15.00,0.0,0.0,66.67,432.18,450.58,134.50,121.75,0.8985,16.5200,136.6400,0.0000,0.0000,0.8705,0
2147,11:39:43.524,ROI,160,160,288,288,9.58,10.24,0.0,38.225,97.64,430.61,447.79,133.87,121.09,0.9334,15.1400,134.0600,0.0000,0.0000,0.8606,0
2148,11:39:43.573,ROI,160,160,288,288,8.71,9.47,0.0,41.35,105.58,428.36,445.27,130.36,121.75,0.9280,14.9600,132.4500,0.0000,0.0000,0.8368,0
2149,11:39:43.705,ROI,160,160,288,288,10.42,11.01,0.0,0.0,90.84,420.30,440.61,127.12,118.85,0.8196,16.2500,133.7000,0.0000,0.0000,0.8868,0
2150,11:39:43.742,ROI,160,160,256,256,9.41,9.83,15.35,39.875,101.72,418.94,438.96,126.32,117.02,0.9521,14.8200,132.2900,0.0000,0.0000,0.8455,0
2151,11:39:43.807,ROI,160,160,256,256,8.02,8.54,0.0,45.775,117.15,413.92,436.77,129.41,118.27,0.8917,15.6700,131.3700,0.0000,0.0000,0.8686,0
2152,11:39:43.874,ROI,160,160,288,288,8.22,8.79,0.0,0.0,113.76,412.91,435.77,128.72,120.67,0.9651,16.8300,129.4100,0.0000,0.0000,0.9114,0
2153,11:39:43.925,ROI,160,160,288,288,8.27,8.75,9.3,0.0,114.27,409.03,432.93,130.12,119.48,0.8996,18.5600,128.3300,0.0000,0.0000,0.8917,0
2154,11:39:43.992,ROI,160,160,288,288,7.95,8.50,0.0,45.975,117.65,406.89,432.27,130.37,118.24,0.9572,17.3800,129.2900,0.0000,0.0000,0.8818,0
2155,11:39:44.058,ROI,160,160,288,288,29.63,31.25,0.0,25.0,32.00,403.82,427.86,129.55,119.84,0.8872,17.3400,128.1400,0.0000,0.0000,0.8544,0
2156,11:39:44.107,ROI,160,160,288,288,25.12,25.71,0.0,0.0,38.90,402.17,427.43,126.65,122.54,0.9536,18.6300,126.4100,0.0000,0.0000,0.9265,0
2157,11:39:44.232,ROI,160,160,256,256,15.40,15.90,3.95,0.0,62.88,397.73,422.33,127.34,123.78,0.8605,18.1700,125.9400,0.0000,0.0000,0.8995,0
2158,11:39:44.275,ROI,160,160,256,256,18.63,19.32,14.6,20.225,51.77,396.20,420.61,123.02,118.66,0.9261,17.7400,127.3600,0.0000,0.0000,0.9037,0
2159,11:39:44.341,ROI,160,160,256,256,14.67,15.27,0.0,0.0,65.47,394.96,416.74,122.42,121.06,0.9193,16.9700,125.8900,0.0000,0.0000,0.8850,0
2160,11:39:44.408,ROI,160,160,256,256,8.93,9.81,0.0,0.0,101.91,392.83,414.03,124.21,122.06,0.9247,16.5700,124.2700,0.0000,0.0000,0.9022,0
2161,11:39:44.457,ROI,160,160,256,256,11.31,13.92,0.0,0.0,71.83,390.14,410.94,120.62,122.37,0.9109,17.1100,124.2000,0.0000,0.0000,0.9026,0
2162,11:39:44.523,ROI,160,160,256,256,8.67,9.26,0.0,0.0,107.98,388.58,408.70,119.70,120.34,0.9393,16.3700,121.7200,0.0000,0.0000,0.8789,0
2163,11:39:44.574,ROI,160,160,256,256,9.14,9.61,0.0,0.0,104.10,385.87,404.70,119.36,123.17,0.8962,17.8000,120.1500,0.0000,0.0000,0.9067,0
2164,11:39:44.623,ROI,160,160,256,256,8.66,9.32,0.0,0.0,107.34,385.19,403.49,116.45,120.16,0.9518,15.2300,119.8800,0.0000,0.0000,0.8613,0
2165,11:39:44.758,ROI,160,160,256,256,8.67,9.02,0.0,43.425,110.86,381.67,397.45,117.23,125.28,0.8554,17.7600,119.8600,0.0000,0.0000,0.8591,0
2166,11:39:44.808,ROI,160,160,256,256,7.84,8.40,0.0,0.0,119.00,378.44,394.10,114.93,123.15,0.8974,19.4000,116.5000,0.0000,0.0000,0.8956,0
2167,11:39:44.874,ROI,160,160,256,256,9.37,9.93,0.0,0.0,100.66,377.06,393.82,116.05,122.00,0.9673,19.2200,117.8400,0.0000,0.0000,0.8957,0
2168,11:39:44.941,ROI,160,160,256,256,9.46,9.99,0.0,0.0,100.12,376.14,390.49,114.16,123.65,0.9322,18.9700,116.5700,0.0000,0.0000,0.8937,0
2169,11:39:44.974,ROI,160,160,256,256,8.41,9.03,17.0,0.0,110.75,374.05,388.80,113.57,123.78,0.9385,18.7100,116.8000,0.0000,0.0000,0.9055,0
2170,11:39:45.041,ROI,160,160,256,256,8.85,9.26,6.75,0.0,108.04,372.98,387.66,113.17,123.78,0.9636,18.1700,115.7900,0.0000,0.0000,0.9042,0
2171,11:39:45.156,ROI,160,160,256,256,8.25,8.76,0.0,0.0,114.09,369.26,381.78,111.36,123.55,0.8535,19.0200,110.7200,0.0000,0.0000,0.9329,0
2172,11:39:45.224,ROI,160,160,256,256,8.68,9.25,0.0,0.0,108.05,367.29,378.31,110.10,121.92,0.9127,17.5800,113.0100,0.0000,0.0000,0.8899,0
2173,11:39:45.290,ROI,160,160,256,256,8.28,8.68,0.0,0.0,115.23,366.34,375.92,110.61,123.10,0.9457,17.9700,110.8600,0.0000,0.0000,0.9029,0
2174,11:39:45.341,ROI,160,160,256,256,7.62,8.15,0.0,0.0,122.63,363.97,371.93,109.14,122.32,0.8985,17.2600,108.1700,0.0000,0.0000,0.8944,0
2175,11:39:45.392,ROI,160,160,256,256,10.20,10.58,0.0,0.0,94.54,363.45,370.09,109.87,122.10,0.9613,18.0600,108.3000,0.0000,0.0000,0.9324,0
2176,11:39:45.459,ROI,160,160,256,256,11.74,12.21,13.825,0.0,81.93,360.95,366.56,107.97,120.77,0.9023,17.1300,104.8300,0.0000,0.0000,0.9011,0
2177,11:39:45.508,ROI,160,160,256,256,12.15,12.74,0.0,0.0,78.49,361.17,364.69,105.94,119.49,0.9512,18.6000,105.1900,0.0000,0.0000,0.9253,0
2178,11:39:45.640,ROI,160,160,256,256,7.77,8.35,0.0,0.0,119.71,359.10,359.41,107.20,119.98,0.8820,15.4000,99.9900,0.0000,0.0000,0.8691,0
2179,11:39:45.692,ROI,160,160,256,256,13.96,15.29,0.0,25.575,65.42,357.02,355.16,105.18,117.22,0.8961,15.6000,101.3900,0.0000,0.0000,0.8532,0
2180,11:39:45.745,ROI,160,160,256,256,7.98,8.30,0.0,0.0,120.42,356.57,354.25,108.96,118.50,0.9506,16.9000,103.1700,0.0000,0.0000,0.8943,0
2181,11:39:45.809,ROI,160,160,256,256,9.04,9.49,0.0,0.0,105.34,354.59,350.30,106.53,118.05,0.9028,15.4600,101.0300,0.0000,0.0000,0.8400,0
2182,11:39:45.857,ROI,160,160,256,256,8.25,8.80,0.0,0.0,113.58,356.43,348.64,110.06,118.22,0.9402,16.2800,102.3800,0.0000,0.0000,0.8768,0
2183,11:39:45.922,ROI,160,160,256,256,8.44,9.08,0.0,0.0,110.07,353.82,344.27,107.41,117.60,0.8865,13.5500,103.6400,0.0000,0.0000,0.7908,0
2184,11:39:45.992,ROI,160,160,256,256,8.50,8.82,0.0,0.0,113.32,353.40,342.54,108.75,118.24,0.9593,15.6200,100.5800,0.0000,0.0000,0.8594,0
2185,11:39:46.041,ROI,160,160,256,256,7.91,8.37,0.0,0.0,119.40,351.42,340.30,109.47,119.25,0.9292,15.8400,102.1600,0.0000,0.0000,0.8740,0
2186,11:39:46.174,ROI,160,160,256,256,8.01,8.36,0.0,0.0,119.55,349.43,335.23,106.50,119.31,0.8866,16.3200,102.0900,0.0000,0.0000,0.8710,0
2187,11:39:46.207,ROI,160,160,256,256,8.91,9.73,0.0,0.0,102.77,346.81,333.02,105.63,116.61,0.9174,14.1700,99.9500,0.0000,0.0000,0.8794,0
2188,11:39:46.274,ROI,160,160,256,256,10.08,10.56,0.0,0.0,94.69,347.86,331.56,105.81,117.33,0.9565,15.3900,101.6200,0.0000,0.0000,0.8586,0
2189,11:39:46.341,ROI,160,160,256,256,8.11,8.65,0.0,0.0,115.62,344.42,327.30,101.58,116.70,0.8721,15.2700,99.7100,0.0000,0.0000,0.9001,0
2190,11:39:46.391,ROI,160,160,256,256,7.82,8.24,0.0,0.0,121.32,345.38,325.22,103.12,116.88,0.9475,14.2800,99.3600,0.0000,0.0000,0.8821,0
2191,11:39:46.458,ROI,160,160,256,256,8.74,9.32,0.0,0.0,107.30,344.44,320.68,102.70,115.92,0.9088,13.3800,99.1500,0.0000,0.0000,0.8435,0
2192,11:39:46.511,ROI,160,160,256,256,7.67,7.99,0.0,0.0,125.18,343.17,319.30,100.00,114.96,0.9508,14.4400,99.9600,0.0000,0.0000,0.8697,0
2193,11:39:46.559,ROI,160,160,256,256,12.01,12.43,0.0,0.0,80.47,344.04,315.43,103.52,114.91,0.9042,12.3400,97.6800,0.0000,0.0000,0.8427,0
2194,11:39:46.691,ROI,160,160,256,256,11.72,12.38,0.0,31.575,80.75,343.34,310.78,102.45,111.79,0.9091,15.6400,94.8000,0.0000,0.0000,0.9245,0
2195,11:39:46.743,ROI,160,160,224,224,8.38,9.26,0.0,42.225,108.02,342.40,309.52,96.22,108.36,0.9104,15.2200,97.4800,0.0000,0.0000,0.8993,0
2196,11:39:46.808,ROI,160,160,224,224,7.96,8.43,0.0,46.325,118.56,342.24,305.28,96.18,107.73,0.9214,17.3000,95.9700,0.0000,0.0000,0.9431,0
2197,11:39:46.874,ROI,160,160,224,224,8.81,9.24,0.0,0.0,108.28,341.82,303.70,96.26,105.56,0.9625,15.9800,96.4500,0.0000,0.0000,0.9164,0
2198,11:39:46.910,ROI,160,160,224,224,7.76,8.22,0.0,0.0,121.58,342.32,301.63,96.21,105.03,0.9517,16.6000,96.0200,0.0000,0.0000,0.9271,0
2199,11:39:46.976,ROI,160,160,224,224,8.08,8.42,6.775,0.0,118.72,342.17,298.14,98.17,105.03,0.9177,15.5700,95.4500,0.0000,0.0000,0.9210,0
2200,11:39:47.042,ROI,160,160,224,224,9.22,9.56,0.0,0.0,104.56,340.84,296.12,95.17,104.72,0.9333,15.2600,95.2700,0.0000,0.0000,0.9271,0
2201,11:39:47.157,ROI,160,160,224,224,8.06,8.42,0.0,0.0,118.83,341.20,290.76,98.98,107.46,0.8702,15.4400,93.7600,0.0000,0.0000,0.9334,0
2202,11:39:47.225,ROI,160,160,224,224,9.16,9.71,0.0,0.0,103.02,341.85,288.14,96.31,106.16,0.9267,14.2800,93.4200,0.0000,0.0000,0.9273,0
2203,11:39:47.275,ROI,160,160,224,224,7.85,8.24,0.0,0.0,121.29,341.78,286.35,96.78,105.13,0.9620,14.0200,93.7700,0.0000,0.0000,0.9232,0
2204,11:39:47.342,ROI,160,160,224,224,10.77,11.16,6.575,0.0,89.59,341.22,281.03,92.75,102.33,0.8662,13.7700,93.4200,0.0000,0.0000,0.9282,0
2205,11:39:47.391,ROI,160,160,224,224,16.05,16.59,0.0,23.55,60.27,341.35,279.08,92.90,102.02,0.9600,13.7100,93.9800,0.0000,0.0000,0.9139,0
2206,11:39:47.441,ROI,160,160,224,224,20.49,21.09,0.0,0.0,47.42,341.71,276.10,94.50,102.27,0.9278,13.4000,95.1600,0.0000,0.0000,0.9202,0
2207,11:39:47.574,ROI,160,160,224,224,20.16,20.66,0.0,18.9,48.39,341.17,272.05,93.51,106.81,0.9153,14.8200,94.3100,0.0000,0.0000,0.9365,0
2208,11:39:47.622,ROI,160,160,224,224,30.94,31.53,0.0,0.0,31.72,342.79,269.94,93.17,102.42,0.9268,14.3000,92.0400,0.0000,0.0000,0.9323,0
2209,11:39:47.696,ROI,160,160,224,224,17.78,18.27,0.0,85.55,54.74,343.46,267.66,93.16,101.02,0.9428,12.4300,91.9900,0.0000,0.0000,0.8887,0
2210,11:39:47.812,ROI,160,160,224,224,14.51,14.99,8.05,26.05,66.69,341.64,265.77,88.51,100.28,0.9158,14.8100,88.7200,0.0000,0.0000,0.9332,0
2211,11:39:47.846,ROI,160,160,224,224,50.57,51.17,20.7,0.0,19.54,341.34,263.19,89.46,100.63,0.9402,14.4600,90.9400,0.0000,0.0000,0.9348,0
2212,11:39:47.926,ROI,160,160,224,224,48.42,48.89,13.4,0.0,20.45,342.25,259.67,89.96,98.06,0.9134,15.0000,89.7400,0.0000,0.0000,0.9397,0
2213,11:39:47.994,ROI,160,160,224,224,23.83,24.50,41.6,15.95,40.81,343.39,257.99,91.21,101.33,0.9431,12.7300,89.4700,0.0000,0.0000,0.8958,0
2214,11:39:48.043,ROI,160,160,224,224,18.71,19.23,0.0,40.65,52.01,343.20,255.80,89.07,99.90,0.9351,13.2500,88.7700,0.0000,0.0000,0.8922,0
2215,11:39:48.108,ROI,160,160,224,224,12.75,13.22,0.0,0.0,75.64,345.04,249.50,90.61,95.47,0.8458,11.5100,87.3200,0.0000,0.0000,0.9039,0
2216,11:39:48.156,ROI,160,160,192,192,20.46,21.00,11.325,0.0,47.63,345.30,246.91,89.89,96.06,0.9401,10.8800,87.7900,0.0000,0.0000,0.8859,0
2217,11:39:48.207,ROI,160,160,224,224,24.27,24.60,0.0,0.0,40.66,344.79,245.02,87.53,99.29,0.9376,11.9200,87.4200,0.0000,0.0000,0.8594,0
2218,11:39:48.282,ROI,160,160,224,224,10.99,11.48,0.0,0.0,87.11,345.71,243.74,91.43,99.47,0.9334,11.2800,88.0300,0.0000,0.0000,0.8787,0
2219,11:39:48.342,ROI,160,160,224,224,91.76,92.32,8.125,12.7,10.83,345.94,239.68,90.80,98.90,0.9153,13.7200,85.8100,0.0000,0.0000,0.8994,0
2220,11:39:48.479,ROI,160,160,224,224,61.63,62.16,0.0,12.575,16.09,347.00,238.41,92.16,99.09,0.9525,10.7200,87.1800,0.0000,0.0000,0.8457,0
2221,11:39:48.560,ROI,160,160,224,224,37.90,38.53,20.225,10.15,25.95,346.37,236.01,91.81,101.35,0.9406,13.2200,85.6000,0.0000,0.0000,0.8666,0
2222,11:39:48.615,ROI,160,160,224,224,30.17,30.71,23.425,0.0,32.56,349.60,231.53,94.43,100.49,0.8562,12.7800,84.0800,0.0000,0.0000,0.8612,0
2223,11:39:48.677,ROI,160,160,224,224,20.18,20.90,12.775,0.0,47.84,348.44,228.38,93.86,103.04,0.9178,13.7600,82.4800,0.0000,0.0000,0.8549,0
2224,11:39:48.721,ROI,160,160,224,224,16.05,16.57,0.0,0.0,60.34,350.65,225.70,95.72,102.73,0.9072,10.6500,84.2900,0.0000,0.0000,0.8190,0
2225,11:39:48.764,ROI,160,160,224,224,19.90,20.62,15.075,0.0,48.50,350.69,223.07,92.79,100.66,0.9209,11.7400,83.4300,0.0000,0.0000,0.7780,0
2226,11:39:48.808,ROI,160,160,224,224,10.20,10.65,0.0,0.0,93.87,352.79,220.66,93.76,101.84,0.9125,11.3400,82.6000,0.0000,0.0000,0.8036,0
2227,11:39:48.858,ROI,160,160,224,224,10.04,10.45,9.75,0.0,95.68,352.73,218.01,94.01,98.59,0.9460,11.2500,84.0100,0.0000,0.0000,0.7619,0
2228,11:39:48.911,ROI,160,160,224,224,15.06,15.62,0.0,0.0,64.00,354.44,216.96,92.61,99.55,0.9443,10.2500,84.4000,0.0000,0.0000,0.7330,0
2229,11:39:48.973,ROI,160,160,224,224,14.64,15.54,0.0,0.0,64.37,354.48,213.91,91.56,101.00,0.9307,12.8400,80.7900,0.0000,0.0000,0.8049,0
2230,11:39:49.091,ROI,160,160,224,224,11.40,11.96,0.0,0.0,83.63,356.95,208.86,90.48,99.61,0.8582,15.2100,79.1100,0.0000,0.0000,0.9229,0
2231,11:39:49.141,ROI,160,160,224,224,13.05,13.59,0.0,0.0,73.56,358.13,207.50,89.24,99.11,0.9482,13.2200,80.4700,0.0000,0.0000,0.8364,0
2232,11:39:49.207,ROI,160,160,224,224,12.53,13.16,0.0,29.725,75.98,358.28,204.40,90.06,98.21,0.9308,15.4600,80.5700,0.0000,0.0000,0.8871,0
2233,11:39:49.273,ROI,160,160,224,224,17.38,18.13,0.0,0.0,55.17,359.48,202.50,89.19,98.50,0.9372,14.6900,80.3900,0.0000,0.0000,0.8705,0
2234,11:39:49.312,ROI,160,160,224,224,8.28,8.95,0.0,0.0,111.76,360.11,200.43,88.77,97.48,0.9456,14.7900,79.9100,0.0000,0.0000,0.8725,0
2235,11:39:49.374,ROI,160,160,224,224,9.31,10.29,0.0,0.0,97.20,361.93,197.75,90.55,97.57,0.9096,14.2100,79.9800,0.0000,0.0000,0.8677,0
2236,11:39:49.452,ROI,160,160,224,224,8.93,9.25,0.0,0.0,108.16,362.05,195.88,89.80,98.52,0.9548,14.4400,80.0400,0.0000,0.0000,0.8648,0
2237,11:39:49.559,ROI,160,160,224,224,10.59,11.32,0.0,34.5,88.32,364.28,191.92,91.45,96.31,0.8794,15.2800,78.3100,0.0000,0.0000,0.9052,0
2238,11:39:49.624,ROI,160,160,224,224,8.69,9.13,0.0,0.0,109.49,364.85,189.15,88.55,96.49,0.9151,17.6400,77.8300,0.0000,0.0000,0.9158,0
2239,11:39:49.674,ROI,160,160,224,224,8.19,8.91,0.0,0.0,112.28,366.31,187.57,88.13,97.08,0.9370,16.0800,79.1500,0.0000,0.0000,0.9102,0
2240,11:39:49.740,ROI,160,160,224,224,8.95,9.32,6.775,0.0,107.33,367.12,184.73,90.62,97.68,0.9180,16.8300,77.3900,0.0000,0.0000,0.9203,0
2241,11:39:49.792,ROI,160,160,224,224,18.52,19.03,0.0,20.525,52.56,368.37,184.66,92.32,99.50,0.9553,16.1900,78.5900,0.0000,0.0000,0.8980,0
2242,11:39:49.840,ROI,160,160,224,224,8.35,9.04,0.0,0.0,110.64,369.61,181.37,94.23,99.22,0.9122,16.3200,76.5700,0.0000,0.0000,0.9340,0
2243,11:39:49.972,ROI,160,160,224,224,11.02,11.61,0.0,33.7,86.13,372.63,177.92,94.23,96.10,0.8759,14.9500,77.4900,0.0000,0.0000,0.8939,0
2244,11:39:50.025,ROI,160,160,224,224,10.46,10.99,0.0,35.575,91.01,372.25,175.56,91.59,94.01,0.9251,15.2100,76.4900,0.0000,0.0000,0.8645,0
2245,11:39:50.092,ROI,160,160,192,192,8.33,8.74,0.0,0.0,114.36,374.90,171.95,93.90,91.63,0.8758,10.8600,79.6500,0.0000,0.0000,0.8316,0
2246,11:39:50.157,ROI,160,160,192,192,8.10,8.60,0.0,0.0,116.30,375.51,170.20,91.90,89.24,0.9415,12.4100,78.9000,0.0000,0.0000,0.7950,0
2247,11:39:50.190,ROI,160,160,192,192,7.88,8.35,16.05,0.0,119.79,376.73,169.26,91.42,89.95,0.9539,10.5700,79.3400,0.0000,0.0000,0.7610,0
2248,11:39:50.256,ROI,160,160,192,192,8.14,8.72,0.0,0.0,114.69,378.64,166.77,89.18,90.01,0.9080,12.5800,76.8100,0.0000,0.0000,0.8715,0
2249,11:39:50.326,ROI,160,160,192,192,9.05,9.49,0.0,41.4,105.39,379.34,165.09,89.15,88.85,0.9483,12.5200,76.6200,0.0000,0.0000,0.8480,0
2250,11:39:50.390,ROI,160,160,192,192,7.76,8.31,0.0,0.0,120.39,382.50,162.29,92.06,91.49,0.8778,11.9300,76.8100,0.0000,0.0000,0.8625,0
2251,11:39:50.440,ROI,160,160,192,192,7.83,8.24,0.0,0.0,121.41,383.79,160.88,92.80,88.97,0.9433,12.4100,76.8700,0.0000,0.0000,0.8242,0
2252,11:39:50.556,ROI,160,160,192,192,11.74,12.23,3.625,63.925,81.79,386.78,156.76,95.68,90.40,0.8581,10.8300,76.2500,0.0000,0.0000,0.8165,0
2253,11:39:50.607,ROI,160,160,192,192,9.69,10.29,0.0,0.0,97.18,386.96,154.85,94.86,88.88,0.9502,10.3100,75.9600,0.0000,0.0000,0.7677,0
2254,11:39:50.674,ROI,160,160,192,192,9.31,9.88,6.975,0.0,101.18,387.52,153.14,95.64,88.67,0.9511,9.9100,75.8400,0.0000,0.0000,0.7633,0
2255,11:39:50.740,ROI,160,160,192,192,10.11,10.50,0.0,0.0,95.25,389.48,150.89,95.96,88.13,0.9132,10.9300,73.1000,0.0000,0.0000,0.8255,0
2256,11:39:50.794,ROI,160,160,192,192,8.24,8.82,0.0,0.0,113.33,390.76,149.23,96.19,88.06,0.9382,13.0200,69.1300,0.0000,0.0000,0.8202,0
2257,11:39:50.857,ROI,160,160,224,224,10.74,11.32,14.45,0.0,88.34,393.08,146.97,96.71,87.96,0.9064,14.3600,66.3200,0.0000,0.0000,0.7959,0
2258,11:39:50.924,ROI,160,160,224,224,16.17,16.63,0.0,23.5,60.15,394.78,146.08,96.70,89.84,0.9457,15.8100,67.4500,0.0000,0.0000,0.8586,0
2259,11:39:50.959,ROI,160,160,224,224,11.63,12.16,0.0,32.175,82.27,396.86,143.63,96.64,88.24,0.9076,14.6700,66.0700,0.0000,0.0000,0.8500,0
2260,11:39:51.091,ROI,160,160,224,224,10.10,10.63,0.0,0.0,94.06,399.51,140.48,95.91,87.16,0.8822,13.9100,64.1400,0.0000,0.0000,0.8311,0
2261,11:39:51.143,ROI,160,160,192,192,50.20,50.67,0.0,0.0,19.73,402.16,138.20,95.45,84.05,0.8983,11.4200,61.8200,0.0000,0.0000,0.8157,0
2262,11:39:51.242,ROI,160,160,192,192,14.70,15.14,0.0,25.8,66.03,403.14,137.34,91.75,84.30,0.9423,12.8000,63.9700,0.0000,0.0000,0.8270,0
2263,11:39:51.307,ROI,160,160,192,192,43.20,43.65,0.0,17.9,22.91,405.74,135.78,94.64,85.00,0.9123,13.2600,60.8200,0.0000,0.0000,0.8644,0
2264,11:39:51.375,ROI,160,160,192,192,15.02,15.99,0.0,0.0,62.56,406.79,134.18,94.33,86.06,0.9426,12.9300,61.6800,0.0000,0.0000,0.8707,0
2265,11:39:51.408,ROI,160,160,192,192,7.93,8.32,0.0,0.0,120.20,409.26,132.39,96.53,85.34,0.9116,11.9000,56.4500,0.0000,0.0000,0.8157,0
2266,11:39:51.443,ROI,160,160,224,224,10.18,10.62,14.55,36.825,94.19,410.58,130.89,98.27,85.58,0.9402,12.8500,58.1600,0.0000,0.0000,0.8610,0
2267,11:39:51.558,ROI,160,160,224,224,17.37,18.07,0.0,0.0,55.34,413.50,128.45,96.61,85.69,0.8909,10.9200,57.6900,0.0000,0.0000,0.8206,0
2268,11:39:51.623,ROI,160,160,224,224,60.16,60.92,0.0,6.425,16.41,415.72,126.39,96.61,84.88,0.9111,12.0800,57.3400,0.0000,0.0000,0.8404,0
2269,11:39:51.728,ROI,160,160,224,224,28.25,28.98,8.925,0.0,34.51,418.00,124.89,98.56,84.10,0.9219,11.6300,53.1400,0.0000,0.0000,0.8024,0
2270,11:39:51.773,ROI,160,160,224,224,26.63,27.30,0.0,0.0,36.63,420.44,121.70,95.62,79.95,0.8806,11.0100,56.0200,0.0000,0.0000,0.8165,0
2271,11:39:51.823,ROI,160,160,192,192,12.76,13.36,0.0,0.0,74.84,421.54,120.30,95.69,79.03,0.9440,11.1000,55.0100,0.0000,0.0000,0.8152,0
2272,11:39:51.858,ROI,160,160,192,192,25.72,26.20,17.7,0.0,38.17,424.35,119.16,97.64,78.11,0.9172,12.2600,48.6600,0.0000,0.0000,0.8028,0
2273,11:39:51.972,ROI,160,160,224,224,8.68,9.20,0.0,0.0,108.71,427.43,117.10,98.67,80.19,0.8926,14.2500,54.7500,0.0000,0.0000,0.8870,0
2274,11:39:52.024,ROI,160,160,224,224,14.25,14.80,0.0,26.4,67.57,430.30,114.84,99.26,76.48,0.8924,15.4300,51.4800,0.0000,0.0000,0.8543,0
2275,11:39:52.091,ROI,160,160,224,224,9.97,10.49,0.0,0.0,95.33,432.60,112.77,99.18,75.73,0.9051,16.4900,46.4800,1.1900,79.4100,0.8008,0
2276,11:39:52.158,ROI,160,160,224,224,10.55,11.26,6.85,0.0,88.79,435.60,111.37,99.33,76.89,0.9085,14.4000,49.1200,0.0000,0.0000,0.8063,0
2277,11:39:52.190,ROI,160,160,224,224,8.60,9.03,0.0,0.0,110.69,436.09,110.38,99.19,75.60,0.9647,15.6100,43.0600,0.0000,0.0000,0.8336,0
2278,11:39:52.258,ROI,160,160,224,224,12.57,13.27,0.0,29.425,75.35,438.65,108.84,99.69,75.14,0.9128,15.7100,44.3300,0.0000,0.0000,0.8576,0
2279,11:39:52.324,ROI,160,160,224,224,8.13,9.03,0.0,43.325,110.77,440.06,108.32,100.30,75.66,0.9590,16.7700,41.9200,0.0000,0.0000,0.8587,0
2280,11:39:52.374,ROI,160,160,224,224,10.91,11.53,0.0,0.0,86.73,442.03,107.03,98.80,77.03,0.9300,15.2800,45.8700,0.0000,0.0000,0.8921,0
2281,11:39:52.507,ROI,160,160,224,224,8.21,8.63,0.0,0.0,115.92,445.00,105.01,99.71,76.34,0.8951,15.5700,41.9800,0.0000,0.0000,0.9038,0
2282,11:39:52.556,ROI,160,160,224,224,8.34,9.00,0.0,43.425,111.17,446.56,104.44,99.32,75.59,0.9547,14.5700,43.8200,0.0000,0.0000,0.9051,0
2283,11:39:52.607,ROI,160,160,224,224,9.47,9.84,0.0,0.0,101.65,450.02,102.37,100.37,72.79,0.8842,16.4400,39.0800,0.0000,0.0000,0.8462,0
2284,11:39:52.675,ROI,160,160,224,224,8.42,9.12,0.0,0.0,109.66,452.63,101.26,102.62,73.72,0.9221,14.8100,38.0200,0.0000,0.0000,0.7484,0
2285,11:39:52.726,ROI,160,160,224,224,11.61,12.12,0.0,96.925,82.49,455.58,98.85,101.07,71.92,0.8847,17.4100,34.8000,0.0000,0.0000,0.8864,0
2286,11:39:52.790,ROI,160,160,224,224,8.31,8.75,0.0,0.0,114.34,457.93,97.38,102.27,70.41,0.9173,19.8400,31.5200,0.0000,0.0000,0.9172,0
2287,11:39:52.857,ROI,160,160,224,224,8.27,8.84,6.775,0.0,113.14,460.85,97.38,102.89,71.26,0.9335,18.2200,34.5100,0.0000,0.0000,0.9040,0
2288,11:39:52.897,ROI,160,160,224,224,55.36,55.89,0.0,0.0,17.89,461.93,95.90,103.33,69.40,0.9392,20.0000,31.7500,0.0000,0.0000,0.9328,0
2289,11:39:53.042,ROI,160,160,224,224,14.70,15.26,13.225,0.0,65.53,466.31,91.90,103.22,70.59,0.8229,18.8100,32.1100,0.0000,0.0000,0.9428,0
2290,11:39:53.092,ROI,160,160,224,224,18.66,19.91,11.1,19.625,50.22,468.02,90.76,102.19,70.81,0.9372,18.2500,31.9700,0.0000,0.0000,0.9240,0
2291,11:39:53.140,ROI,160,160,224,224,11.55,12.25,0.0,0.0,81.66,471.89,90.38,106.82,71.18,0.9189,18.6500,32.2200,0.0000,0.0000,0.9415,0
2292,11:39:53.206,ROI,160,160,224,224,8.23,8.94,7.3,0.0,111.86,472.34,89.49,107.04,70.27,0.9669,18.3200,31.2800,0.0000,0.0000,0.9300,0
2293,11:39:53.257,ROI,160,160,224,224,8.13,8.50,0.0,0.0,117.64,476.87,88.41,107.17,68.21,0.8918,15.3500,29.1300,0.0000,0.0000,0.9251,0
2294,11:39:53.324,ROI,160,160,224,224,11.42,12.05,0.0,0.0,82.97,477.33,87.89,108.00,68.03,0.9766,17.0400,27.4800,0.0000,0.0000,0.9266,0
2295,11:39:53.374,ROI,160,160,224,224,17.37,17.97,0.0,0.0,55.64,480.15,87.12,105.94,69.86,0.9246,18.0600,30.0100,0.0000,0.0000,0.9153,0
2296,11:39:53.424,ROI,160,160,224,224,10.54,11.26,0.0,0.0,88.83,480.87,85.93,105.32,69.86,0.9537,19.1600,30.2400,0.0000,0.0000,0.9319,0
2297,11:39:53.576,ROI,160,160,224,224,36.02,36.49,8.3,10.7,27.41,485.89,83.64,101.93,69.31,0.8519,18.3800,30.8100,0.0000,0.0000,0.9460,0
2298,11:39:53.625,ROI,160,160,224,224,8.27,8.67,0.0,0.0,115.31,488.71,82.92,102.73,69.43,0.9277,19.1100,29.8200,0.0000,0.0000,0.9562,0
2299,11:39:53.675,ROI,160,160,224,224,9.36,10.03,0.0,38.975,99.71,489.83,82.15,104.03,67.58,0.9529,20.1600,29.3500,0.0000,0.0000,0.9596,0
2300,11:39:53.725,ROI,160,160,224,224,8.21,8.62,0.0,45.575,116.06,493.87,80.92,102.63,66.32,0.8925,20.0700,29.9800,0.0000,0.0000,0.9663,0
2301,11:39:53.774,ROI,160,160,224,224,8.16,8.64,0.0,45.25,115.80,495.77,79.59,103.87,66.42,0.9266,20.3000,28.4900,0.0000,0.0000,0.9605,0
2302,11:39:53.841,ROI,160,160,224,224,7.84,8.29,6.7,0.0,120.60,497.13,78.89,102.94,66.29,0.9540,18.7000,28.7800,0.0000,0.0000,0.9543,0
2303,11:39:53.957,ROI,160,160,224,224,8.17,8.71,0.0,0.0,114.82,501.09,78.36,100.80,65.76,0.9108,19.2000,29.1400,0.0000,0.0000,0.9741,0
2304,11:39:54.023,ROI,160,160,224,224,9.51,10.16,0.0,38.475,98.45,505.12,77.34,100.70,65.67,0.8959,19.0500,29.5200,0.0000,0.0000,0.9664,0
2305,11:39:54.091,ROI,160,160,224,224,9.17,9.51,0.0,0.0,105.18,506.43,76.75,102.09,65.97,0.9574,19.7600,29.1800,0.0000,0.0000,0.9650,0
2306,11:39:54.137,ROI,160,160,224,224,10.53,11.03,0.0,35.425,90.67,508.49,75.38,102.68,67.55,0.9225,19.7900,29.8300,0.0000,0.0000,0.9427,0
2307,11:39:54.202,ROI,160,160,224,224,10.51,10.92,0.0,0.0,91.55,510.18,75.18,103.00,67.58,0.9621,18.2000,30.2300,0.0000,0.0000,0.9193,0
2308,11:39:54.257,ROI,160,160,224,224,11.08,11.71,0.0,0.0,85.41,512.83,75.35,103.32,67.66,0.9454,17.5700,28.7100,0.0000,0.0000,0.9349,0
2309,11:39:54.304,ROI,160,160,224,224,12.17,12.65,0.0,30.9,79.04,514.76,74.33,101.19,66.75,0.9345,15.8000,28.3300,0.0000,0.0000,0.9106,0
2310,11:39:54.442,ROI,160,160,224,224,8.85,9.57,0.0,40.875,104.51,518.77,73.29,103.50,66.86,0.8973,17.6400,30.5000,0.0000,0.0000,0.9658,0
2311,11:39:54.492,ROI,160,160,224,224,7.95,8.31,0.0,47.2,120.35,522.66,70.83,102.06,66.72,0.8634,16.3200,29.2100,0.0000,0.0000,0.9529,0
2312,11:39:54.544,ROI,160,160,224,224,8.28,8.85,0.0,0.0,112.96,524.69,69.43,101.75,66.05,0.9220,19.1300,27.8500,0.0000,0.0000,0.9491,0
2313,11:39:54.620,ROI,160,160,224,224,14.78,15.26,5.8,0.0,65.52,528.84,69.38,100.93,67.33,0.9045,19.1300,27.4700,0.0000,0.0000,0.9528,0
2314,11:39:54.659,ROI,160,160,224,224,8.69,9.32,0.0,0.0,107.35,530.76,68.89,100.56,67.72,0.9491,18.5200,29.1500,0.0000,0.0000,0.9664,0
2315,11:39:54.721,ROI,160,160,224,224,13.71,14.44,0.0,27.15,69.25,532.97,68.63,99.29,67.76,0.9494,18.0500,27.6900,0.0000,0.0000,0.9643,0
2316,11:39:54.790,ROI,160,160,224,224,8.37,8.93,7.175,44.0,111.97,536.38,68.43,100.35,68.63,0.9224,15.9500,27.3900,0.0000,0.0000,0.9513,0
2317,11:39:54.841,ROI,160,160,224,224,8.29,8.94,9.3,0.0,111.87,537.76,67.51,99.81,67.21,0.9469,17.7700,28.3800,0.0000,0.0000,0.9570,0
2318,11:39:54.959,ROI,160,160,224,224,16.08,16.77,3.6,23.325,59.64,542.11,66.12,100.09,65.52,0.8807,16.6000,27.7000,0.0000,0.0000,0.9298,0
2319,11:39:55.050,ROI,160,160,224,224,9.12,9.53,10.475,0.0,104.93,546.03,66.63,100.98,66.36,0.9113,14.8900,27.0700,0.0000,0.0000,0.9258,0
2320,11:39:55.074,ROI,160,160,224,224,8.08,8.69,0.0,0.0,115.09,546.50,65.74,100.70,65.34,0.9646,13.7400,24.2600,0.0000,0.0000,0.8870,0
2321,11:39:55.138,ROI,160,160,224,224,8.86,9.25,7.05,0.0,108.07,551.03,65.34,101.99,64.61,0.9038,14.7000,25.1100,0.0000,0.0000,0.9109,0
2322,11:39:55.188,ROI,160,160,224,224,20.60,21.23,0.0,18.4,47.10,551.20,64.74,102.37,63.62,0.9778,14.7900,23.7800,0.0000,0.0000,0.8906,0
2323,11:39:55.273,ROI,160,160,224,224,16.12,16.66,0.0,23.45,60.02,555.62,64.25,101.42,63.03,0.9032,14.5900,24.2500,0.0000,0.0000,0.9169,0
2324,11:39:55.325,ROI,160,160,224,224,26.87,27.33,0.0,14.3,36.59,556.71,64.48,102.65,63.35,0.9716,15.0800,20.6000,0.0000,0.0000,0.8747,0
2325,11:39:55.372,ROI,160,160,224,224,8.51,9.65,39.825,0.0,103.65,559.98,63.85,101.54,62.83,0.9199,15.1500,21.0600,0.0000,0.0000,0.9026,0
2326,11:39:55.489,ROI,160,160,224,224,20.99,21.89,0.0,17.875,45.69,566.22,63.28,99.47,61.89,0.8676,14.1000,23.8800,0.0000,0.0000,0.9295,0
2327,11:39:55.540,ROI,160,160,224,224,18.28,19.03,0.0,20.525,52.56,567.88,63.29,99.62,62.34,0.9605,14.7100,21.3100,0.0000,0.0000,0.8625,0
2328,11:39:55.607,ROI,160,160,224,224,12.36,12.87,0.0,30.35,77.70,569.17,63.31,98.80,63.07,0.9632,14.7000,18.7900,0.0000,0.0000,0.8657,0
2329,11:39:55.673,ROI,160,160,224,224,8.96,9.42,0.0,0.0,106.17,572.88,62.61,100.31,62.83,0.9085,14.1300,20.6500,0.0000,0.0000,0.8673,0
2330,11:39:55.723,ROI,160,160,224,224,15.50,16.02,0.0,24.375,62.43,574.17,62.52,99.78,63.00,0.9719,13.9100,21.9100,0.0000,0.0000,0.8583,0
2331,11:39:55.775,ROI,160,160,224,224,9.17,9.48,0.0,41.225,105.47,578.35,61.74,99.93,61.45,0.8976,13.5000,20.9100,0.0000,0.0000,0.8611,0
2332,11:39:55.838,ROI,160,160,224,224,12.67,13.80,0.0,0.0,72.48,580.24,61.95,100.73,62.48,0.9474,14.9200,17.3400,1.0600,-27.1100,0.8536,0
2333,11:39:55.957,ROI,160,160,224,224,11.98,12.56,0.0,0.0,79.62,585.88,60.96,101.18,62.09,0.8675,14.4700,17.2400,0.0000,0.0000,0.8537,0
2334,11:39:56.025,ROI,160,160,224,224,8.98,9.32,0.0,0.0,107.32,588.61,60.52,101.40,62.99,0.9343,15.9200,13.6700,0.0000,0.0000,0.8359,0
2335,11:39:56.076,ROI,160,160,224,224,9.42,9.94,9.45,39.3,100.62,590.95,60.16,98.27,63.06,0.9435,15.5400,13.7000,0.0000,0.0000,0.8429,0
2336,11:39:56.140,ROI,160,160,224,224,9.15,9.48,7.125,0.0,105.50,593.53,60.16,98.22,62.83,0.9457,14.8900,10.6300,0.0000,0.0000,0.7833,0
2337,11:39:56.190,ROI,160,160,224,224,9.16,9.74,9.8,0.0,102.63,595.42,59.84,96.05,61.38,0.9396,16.0800,16.7300,0.0000,0.0000,0.8802,0
2338,11:39:56.254,ROI,160,160,224,224,11.09,11.47,7.1,34.15,87.16,597.73,59.79,98.67,62.45,0.9374,16.0400,11.8000,0.0000,0.0000,0.8502,0
2339,11:39:56.373,ROI,160,160,224,224,9.19,9.82,0.0,0.0,101.80,602.39,59.16,97.72,62.62,0.8921,15.3300,10.4700,0.0000,0.0000,0.7655,0
2340,11:39:56.422,ROI,160,160,224,224,9.43,9.91,9.925,0.0,100.89,605.40,58.93,98.14,61.22,0.9200,14.1400,12.6400,0.0000,0.0000,0.7974,0
2341,11:39:56.488,ROI,160,160,224,224,11.45,12.03,0.0,32.5,83.14,607.23,58.53,96.64,61.36,0.9512,14.6100,11.4900,0.0000,0.0000,0.7997,0
2342,11:39:56.542,ROI,160,160,224,224,9.04,9.49,0.0,41.35,105.41,610.88,58.60,96.52,60.20,0.9102,12.6900,8.9600,0.0000,0.0000,0.7054,0
2343,11:39:56.592,ROI,160,160,224,224,9.30,9.82,0.0,0.0,101.84,612.80,58.16,97.06,61.18,0.9459,12.4900,7.5500,1.3400,-5.1500,0.7542,0
2344,11:39:56.657,ROI,160,160,224,224,9.64,10.02,0.0,0.0,99.81,615.88,58.45,98.35,60.38,0.9271,13.7000,5.9000,1.6300,-1.9300,0.8222,0
2345,11:39:56.705,ROI,160,160,224,224,12.98,13.78,0.0,0.0,72.59,616.90,58.41,97.44,60.83,0.9722,13.3400,7.4600,1.1500,-12.7400,0.8378,0
2346,11:39:56.839,ROI,160,160,224,224,10.10,10.82,0.0,36.125,92.40,621.89,58.73,96.49,60.26,0.8930,13.1400,4.4000,0.0000,0.0000,0.7799,0
2347,11:39:56.904,ROI,160,160,224,224,20.98,21.59,7.25,0.0,46.32,625.94,58.42,96.26,59.72,0.9104,12.7500,6.0000,0.0000,0.0000,0.7397,0
2348,11:39:56.957,ROI,160,160,224,224,12.90,13.39,0.0,0.0,74.69,628.84,58.60,93.97,57.57,0.9076,14.1200,2.2000,0.0000,0.0000,0.8486,0
2349,11:39:57.009,ROI,160,160,192,192,17.75,18.31,0.0,0.0,54.60,631.64,57.70,92.42,58.54,0.9136,15.7100,2.2000,0.0000,0.0000,0.8647,0
2350,11:39:57.056,ROI,160,160,192,192,16.87,17.45,0.0,22.45,57.31,633.27,58.12,92.84,57.01,0.9407,16.3800,4.9800,1.6000,-4.6800,0.8984,0
2351,11:39:57.126,ROI,160,160,192,192,16.27,18.12,0.0,0.0,55.19,636.22,58.33,93.54,57.79,0.9263,16.1000,2.3600,2.0000,-8.2600,0.8834,0
2352,11:39:57.188,ROI,160,160,192,192,14.66,15.14,0.0,0.0,66.06,637.93,58.52,93.26,57.46,0.9576,17.9900,4.1800,2.6700,0.5200,0.8957,0
2353,11:39:57.240,ROI,160,160,192,192,10.17,10.80,0.0,36.175,92.60,639.77,58.52,94.28,58.58,0.9433,16.9100,4.3800,2.7000,1.5800,0.8861,0
2354,11:39:57.373,ROI,160,160,192,192,9.39,10.05,0.0,0.0,99.49,645.06,58.64,95.38,58.27,0.8899,16.5200,6.0700,2.5400,3.2100,0.8818,0
2355,11:39:57.410,ROI,160,160,192,192,9.40,9.75,0.0,0.0,102.56,648.11,59.26,93.71,59.27,0.9189,16.8100,2.7800,1.4200,-4.5900,0.8906,0
2356,11:39:57.473,ROI,160,160,192,192,10.77,11.48,7.325,0.0,87.08,649.84,59.27,92.60,58.97,0.9588,17.2800,3.8600,1.5000,-2.4000,0.8749,0
2357,11:39:57.603,ROI,160,160,192,192,50.44,50.84,9.9,7.675,19.67,653.24,59.44,90.66,58.42,0.9200,16.5700,2.5000,1.6000,-5.7000,0.8863,0
2358,11:39:57.692,ROI,160,160,192,192,10.81,11.25,10.175,0.0,88.88,655.03,59.39,92.40,58.45,0.9600,17.0000,1.5300,1.6500,-5.5100,0.8918,0
2359,11:39:57.725,ROI,160,160,192,192,12.88,13.83,0.0,28.25,72.28,658.77,59.66,93.00,58.26,0.9141,15.9800,0.7400,1.9400,-6.9200,0.8969,0
2360,11:39:57.760,ROI,160,160,192,192,13.52,14.49,0.0,0.0,69.03,660.52,59.34,93.17,59.11,0.9494,16.2600,0.4500,1.5500,-10.9000,0.8873,0
2361,11:39:57.792,ROI,160,160,192,192,9.13,9.45,0.0,0.0,105.78,664.31,60.18,89.89,57.31,0.8931,15.2300,-0.2500,2.2400,-14.0000,0.9175,0
2362,11:39:57.888,ROI,160,160,192,192,10.36,11.03,0.0,0.0,90.65,670.12,60.30,94.70,59.18,0.8546,15.3900,0.7300,1.4300,-21.8500,0.9091,0
2363,11:39:57.938,ROI,160,160,192,192,18.97,20.32,0.0,0.0,49.21,670.97,60.80,94.64,58.84,0.9657,18.6800,-2.2800,2.3200,-12.6800,0.9340,0
2364,11:39:58.007,ROI,160,160,192,192,9.24,9.82,0.0,0.0,101.80,675.62,61.22,90.59,57.13,0.8790,15.5700,-3.6800,1.5100,-20.9900,0.9148,0
2365,11:39:58.075,ROI,160,160,192,192,10.51,10.92,0.0,35.95,91.58,676.10,61.31,93.60,58.75,0.9411,18.4200,-3.2600,2.1500,-14.2000,0.9165,0
2366,11:39:58.122,ROI,160,160,192,192,10.15,10.68,10.9,0.0,93.65,677.80,61.73,94.82,59.71,0.9493,17.4900,-3.3300,2.2000,-14.7500,0.9059,0
2367,11:39:58.188,ROI,160,160,192,192,9.86,10.47,0.0,0.0,95.49,680.86,62.68,92.45,58.24,0.9076,15.9600,-4.6400,1.0700,-35.6400,0.8866,0
2368,11:39:58.241,ROI,160,160,192,192,9.56,10.16,9.3,38.5,98.47,683.55,63.05,89.81,59.38,0.9254,14.5100,-7.0700,1.9800,-31.3800,0.8323,0
2369,11:39:58.354,ROI,160,160,192,192,12.17,12.77,0.0,30.6,78.32,686.79,63.71,92.81,60.64,0.9116,14.6800,-4.2200,1.3900,-24.2900,0.8566,0
2370,11:39:58.422,ROI,160,160,192,192,10.16,10.68,0.0,0.0,93.63,690.15,64.62,95.27,64.08,0.8820,14.0200,-5.1800,1.2300,-32.1100,0.7803,0
2371,11:39:58.473,ROI,160,160,192,192,10.20,10.87,9.6,0.0,91.98,692.35,65.74,92.53,62.16,0.9214,12.3800,-7.8200,1.8100,-41.4200,0.7445,0
2372,11:39:58.541,ROI,160,160,192,192,10.95,11.45,0.0,34.2,87.31,695.42,64.99,92.99,62.33,0.9145,14.4900,-6.3300,1.8900,-33.4600,0.7746,0
2373,11:39:58.603,ROI,160,160,192,192,10.72,11.19,0.0,34.9,89.35,697.96,65.52,93.74,62.96,0.9315,13.2500,-8.1200,1.3200,-42.8600,0.7174,0
2374,11:39:58.641,ROI,160,160,192,192,11.19,11.60,0.0,0.0,86.21,701.06,65.08,95.53,62.09,0.9240,15.2100,-6.2100,1.7500,-31.5000,0.7757,0
2375,11:39:58.772,ROI,160,160,192,192,9.72,10.61,3.25,37.25,94.22,705.67,65.15,95.93,60.86,0.8910,16.4000,-4.1300,1.4100,-29.1100,0.8607,0
2376,11:39:58.819,ROI,160,160,192,192,12.72,13.02,0.0,30.025,76.82,707.62,66.02,94.19,60.79,0.9331,16.9400,-6.5700,1.4900,-43.1100,0.8550,0
2377,11:39:58.888,ROI,160,160,192,192,10.70,11.21,0.0,0.0,89.19,709.58,66.46,94.27,61.68,0.9456,16.4800,-7.3600,1.4700,-57.8200,0.8459,0
2378,11:39:58.954,ROI,160,160,192,192,10.10,10.46,7.125,0.0,95.59,712.91,67.90,95.12,63.73,0.8914,15.4300,-6.7100,1.8800,-58.8200,0.8399,0
2379,11:39:58.991,ROI,160,160,192,192,9.04,9.56,14.875,0.0,104.65,714.65,67.85,95.65,63.26,0.9572,14.8100,-7.8900,1.6300,-65.8400,0.8300,0
2380,11:39:59.057,ROI,160,160,192,192,9.67,10.10,0.0,38.8,99.04,718.26,68.12,96.91,64.46,0.9110,16.8000,-12.0400,1.6600,-44.7500,0.8715,0
2381,11:39:59.108,ROI,160,160,224,224,9.56,10.15,0.0,38.5,98.51,721.43,67.54,96.42,62.59,0.9101,19.3700,-5.3800,1.9300,-13.9600,0.8146,0
2382,11:39:59.169,ROI,160,160,224,224,15.95,16.48,0.0,0.0,60.68,725.17,68.31,98.06,63.20,0.9042,19.8800,-9.0800,2.1900,-21.0900,0.8700,0
2383,11:39:59.307,ROI,160,160,224,224,9.36,9.93,0.0,39.325,100.66,730.25,69.80,94.92,62.86,0.8601,17.1400,-12.0600,1.5000,-27.2000,0.8609,0
2384,11:39:59.360,ROI,160,160,192,192,10.16,10.76,0.0,0.0,92.96,730.48,70.67,96.64,64.48,0.9560,16.8500,-13.0900,0.0000,0.0000,0.7524,0
2385,11:39:59.408,ROI,160,160,224,224,10.88,11.22,10.6,0.0,89.09,735.12,70.62,94.92,61.78,0.8710,17.2200,-13.6500,1.0200,-45.7600,0.8590,0
2386,11:39:59.475,ROI,160,160,192,192,10.55,11.19,0.0,0.0,89.33,735.19,71.41,97.34,64.43,0.9351,18.1200,-16.3800,0.0000,0.0000,0.8633,0
2387,11:39:59.524,ROI,160,160,224,224,13.91,14.30,0.0,27.35,69.94,741.76,71.75,91.88,60.76,0.8224,15.0300,-17.1100,0.0000,0.0000,0.8220,0
2388,11:39:59.591,ROI,160,160,192,192,10.78,12.31,0.0,0.0,81.26,740.71,72.46,97.84,64.30,0.8875,16.2600,-15.5500,0.0000,0.0000,0.7256,0
2389,11:39:59.658,ROI,160,160,224,224,9.47,9.76,0.0,0.0,102.43,744.40,73.08,95.66,62.78,0.9053,18.4600,-16.4300,1.7500,-30.4400,0.8282,0
2390,11:39:59.706,ROI,160,160,192,192,8.56,9.09,10.15,0.0,110.00,745.46,73.28,98.24,63.73,0.9591,16.3700,-14.2800,0.0000,0.0000,0.7178,0
2391,11:39:59.828,ROI,160,160,224,224,11.66,12.06,3.45,0.0,82.91,753.61,75.91,103.15,65.65,0.7881,16.6600,-21.7000,1.6200,-34.1700,0.7433,0
2392,11:39:59.874,ROI,160,160,224,224,11.61,12.31,11.35,0.0,81.22,756.22,76.89,104.68,65.59,0.9237,15.6000,-16.3100,0.0000,0.0000,0.7288,0
2393,11:39:59.940,ROI,160,160,224,224,8.85,9.91,0.0,0.0,100.91,757.60,77.69,99.72,65.38,0.9302,19.3400,-24.1300,0.0000,0.0000,0.7518,0
2394,11:40:00.009,ROI,160,160,224,224,12.28,12.84,0.0,30.45,77.89,759.95,78.95,100.32,67.40,0.9191,18.4300,-25.9800,0.0000,0.0000,0.7836,0
2395,11:40:00.060,ROI,160,160,224,224,8.23,8.62,0.0,0.0,115.98,762.43,80.71,100.42,70.76,0.9055,17.7700,-24.2900,0.0000,0.0000,0.7787,0
2396,11:40:00.128,ROI,160,160,224,224,19.16,19.78,0.0,0.0,50.55,762.95,79.86,99.02,68.00,0.9476,20.2900,-26.0900,0.0000,0.0000,0.8312,0
2397,11:40:00.174,ROI,160,160,224,224,8.02,8.34,0.0,0.0,119.95,765.51,80.67,95.93,68.04,0.9270,19.8300,-26.4300,0.0000,0.0000,0.8123,0
2398,11:40:00.225,ROI,160,160,192,192,8.08,8.63,9.225,0.0,115.93,767.10,82.63,97.88,69.17,0.9146,14.7500,-32.0200,0.0000,0.0000,0.7743,0
2399,11:40:00.358,ROI,160,160,224,224,10.09,10.57,0.0,0.0,94.62,772.03,84.66,96.52,68.64,0.8542,16.9400,-30.9400,0.0000,0.0000,0.8074,0
2400,11:40:00.404,ROI,160,160,224,224,12.06,12.71,21.75,0.0,78.69,775.21,86.35,96.73,68.33,0.8925,16.4600,-25.2700,0.0000,0.0000,0.8059,0
2401,11:40:00.473,ROI,160,160,224,224,120.07,120.60,0.0,6.475,8.29,776.79,86.55,98.17,69.09,0.9575,16.1700,-27.6900,0.0000,0.0000,0.8099,0
2402,11:40:00.635,ROI,160,160,224,224,77.55,78.08,9.475,0.0,12.81,780.12,87.02,98.28,70.08,0.9217,15.2500,-27.9200,0.0000,0.0000,0.7729,0
2403,11:40:00.726,ROI,160,160,224,224,11.72,12.29,0.0,0.0,81.37,782.51,88.17,96.31,69.08,0.9217,15.8000,-30.9000,0.0000,0.0000,0.7702,0
2404,11:40:00.759,ROI,160,160,224,224,59.93,60.47,0.0,25.85,16.54,784.16,88.61,96.64,69.59,0.9545,16.1800,-33.5300,0.0000,0.0000,0.8169,0
2405,11:40:00.865,ROI,160,160,224,224,103.00,104.95,0.0,7.45,9.53,788.87,89.87,97.44,67.90,0.8762,14.8900,-31.2700,0.0000,0.0000,0.7854,0
2406,11:40:00.993,ROI,160,160,224,224,30.89,31.33,17.2,12.475,31.91,792.23,91.34,96.04,66.50,0.8942,14.7600,-34.3900,0.0000,0.0000,0.7863,0
2407,11:40:01.048,ROI,160,160,224,224,84.75,85.21,0.0,9.175,11.74,794.59,91.83,98.07,66.96,0.9389,16.4000,-33.5600,0.0000,0.0000,0.8479,0
2408,11:40:01.154,ROI,160,160,224,224,40.84,41.41,19.2,9.425,24.15,803.72,96.14,95.37,66.26,0.7345,17.9800,-42.5500,0.0000,0.0000,0.8147,0
2409,11:40:01.244,ROI,160,160,192,192,114.86,115.31,16.025,0.0,8.67,808.92,98.65,98.22,68.11,0.8360,16.2200,-35.4600,0.0000,0.0000,0.8226,0
2410,11:40:01.419,ROI,160,160,224,224,62.82,63.30,6.5,6.175,15.80,811.47,99.99,98.69,69.31,0.9140,19.8400,-34.3100,0.0000,0.0000,0.7706,0
2411,11:40:01.504,ROI,160,160,224,224,24.86,25.36,0.0,0.0,39.42,813.73,100.18,97.99,68.96,0.9498,20.9800,-36.2600,0.0000,0.0000,0.7963,0
2412,11:40:01.558,ROI,160,160,224,224,16.50,17.05,0.0,0.0,58.66,816.36,101.60,97.26,69.99,0.9107,21.0600,-41.3900,0.0000,0.0000,0.8010,0
2413,11:40:01.592,ROI,160,160,224,224,19.28,19.77,23.525,19.75,50.57,818.80,102.82,97.59,68.71,0.9191,19.8000,-36.3500,0.0000,0.0000,0.7692,0
2414,11:40:01.641,ROI,160,160,224,224,24.16,24.98,13.3,15.65,40.03,822.21,104.57,98.38,69.36,0.8880,18.3700,-39.3100,0.0000,0.0000,0.7423,0
2415,11:40:01.690,ROI,160,160,224,224,17.71,19.96,16.475,0.0,50.10,823.61,105.85,98.08,69.33,0.9370,17.7100,-40.7500,0.0000,0.0000,0.7669,0
2416,11:40:01.747,ROI,160,160,224,224,21.41,21.92,10.6,71.3,45.62,824.85,106.34,98.46,69.47,0.9616,16.4900,-41.6600,0.0000,0.0000,0.7335,0
2417,11:40:01.792,ROI,160,160,224,224,11.21,11.75,0.0,0.0,85.08,828.62,109.65,97.01,68.92,0.8441,16.1700,-44.9500,0.0000,0.0000,0.7358,0
2418,11:40:01.826,ROI,160,160,224,224,24.57,25.13,0.0,0.0,39.80,831.64,111.37,97.01,67.02,0.8945,16.2400,-39.4600,1.1200,-65.9100,0.7400,0
2419,11:40:01.871,ROI,160,160,224,224,19.69,20.51,19.525,0.0,48.75,834.42,111.54,98.90,67.62,0.9366,17.1100,-39.7900,0.0000,0.0000,0.8053,0
2420,11:40:01.938,ROI,160,160,224,224,13.20,13.66,0.0,0.0,73.22,838.05,113.15,98.99,69.45,0.8880,17.0300,-38.8000,0.0000,0.0000,0.8486,0
2421,11:40:01.991,ROI,160,160,224,224,12.32,12.89,0.0,0.0,77.60,839.37,113.43,98.45,67.77,0.9502,18.1700,-37.8600,0.0000,0.0000,0.8511,0
2422,11:40:02.060,ROI,160,160,224,224,15.73,16.23,0.0,0.0,61.61,842.71,115.11,97.44,69.85,0.8911,17.8300,-40.3500,0.0000,0.0000,0.8240,0
2423,11:40:02.124,ROI,160,160,224,224,15.40,16.02,8.2,0.0,62.42,843.68,115.46,97.29,69.23,0.9706,18.3900,-42.9600,0.0000,0.0000,0.8220,0
2424,11:40:02.171,ROI,160,160,224,224,12.70,13.36,0.0,0.0,74.86,846.08,116.05,95.86,68.95,0.9358,18.7500,-43.8500,0.0000,0.0000,0.8571,0
2425,11:40:02.291,ROI,160,160,192,192,11.55,11.98,3.675,0.0,83.49,849.35,118.08,94.48,68.10,0.8816,15.9400,-44.9600,0.0000,0.0000,0.7207,0
2426,11:40:02.345,ROI,160,160,192,192,11.79,12.11,0.0,0.0,82.59,851.00,119.84,93.38,68.38,0.9176,17.2000,-46.8300,0.0000,0.0000,0.7262,0
2427,11:40:02.407,ROI,160,160,192,192,12.76,13.66,0.0,0.0,73.20,854.73,121.29,94.72,67.75,0.8865,15.2500,-48.6000,0.0000,0.0000,0.7225,0
2428,11:40:02.474,ROI,160,160,192,192,10.87,11.44,7.35,34.225,87.42,857.00,122.80,94.80,71.15,0.9087,15.5500,-51.3500,0.0000,0.0000,0.6862,0
2429,11:40:02.520,ROI,160,160,192,192,11.28,11.82,0.0,0.0,84.59,859.40,123.32,92.62,71.36,0.9367,15.2200,-52.3100,0.0000,0.0000,0.6535,0
2430,11:40:02.582,ROI,160,160,192,192,10.40,10.74,7.8,36.475,93.14,863.34,125.68,88.86,73.19,0.8615,16.2900,-55.1300,1.2400,-62.0400,0.7040,0
2431,11:40:02.641,ROI,160,160,192,192,9.38,9.98,0.0,0.0,100.22,866.36,128.12,88.61,72.29,0.8754,17.0200,-54.0200,0.0000,0.0000,0.7075,0
2432,11:40:02.759,ROI,160,160,192,192,9.30,9.77,3.6,0.0,102.36,870.58,129.27,87.85,72.64,0.8815,17.1200,-54.8700,0.0000,0.0000,0.7281,0
2433,11:40:02.821,ROI,160,160,192,192,8.32,8.96,0.0,0.0,111.63,873.04,130.40,90.25,76.14,0.9034,17.8200,-55.7400,0.0000,0.0000,0.7177,0
2434,11:40:02.870,ROI,160,160,192,192,11.72,12.33,0.0,0.0,81.11,874.99,132.39,88.36,76.08,0.9095,16.2500,-60.4000,0.0000,0.0000,0.7234,0
2435,11:40:02.932,ROI,160,160,192,192,10.67,11.20,0.0,34.875,89.26,877.31,135.17,89.58,76.44,0.8840,16.7000,-57.6000,0.0000,0.0000,0.6823,0
2436,11:40:02.992,ROI,160,160,192,192,9.21,9.91,0.0,0.0,100.95,875.90,136.62,92.76,77.34,0.9303,15.3200,-60.2100,0.0000,0.0000,0.6630,0
2437,11:40:03.042,ROI,160,160,192,192,8.09,8.40,0.0,0.0,119.03,878.74,137.01,91.43,76.78,0.9308,15.1300,-61.1700,0.0000,0.0000,0.6736,0
2438,11:40:03.208,ROI,160,160,192,192,13.27,14.03,4.975,0.0,71.26,883.52,140.19,94.69,77.83,0.8340,14.9500,-59.6300,0.0000,0.0000,0.7039,0
2439,11:40:03.335,ROI,160,160,192,192,33.69,34.55,0.0,11.3,28.95,885.05,143.41,94.72,81.14,0.8940,15.0800,-61.5800,0.0000,0.0000,0.6604,0
2440,11:40:03.395,ROI,160,160,192,192,21.91,22.23,0.0,0.0,44.98,887.27,145.24,95.64,83.87,0.9137,14.4600,-62.3700,0.0000,0.0000,0.6355,0
2441,11:40:03.442,ROI,160,160,192,192,8.96,9.35,0.0,41.975,106.97,887.32,145.55,94.87,82.12,0.9712,15.2100,-63.1900,0.0000,0.0000,0.6381,0
2442,11:40:03.475,ROI,160,160,192,192,10.68,11.28,0.0,0.0,88.65,890.01,147.41,95.72,84.14,0.9048,14.7700,-64.1300,0.0000,0.0000,0.6654,0
2443,11:40:03.510,ROI,160,160,192,192,18.43,19.08,0.0,0.0,52.40,891.87,149.66,94.01,83.82,0.9122,15.0000,-68.7800,0.0000,0.0000,0.6820,0
2444,11:40:03.557,ROI,160,160,192,192,10.34,10.97,14.1,0.0,91.18,892.60,150.44,96.32,84.52,0.9582,14.5300,-69.2700,0.0000,0.0000,0.6645,0
2445,11:40:03.590,ROI,160,160,224,224,10.18,10.85,0.0,36.075,92.13,897.50,152.04,91.39,76.69,0.8191,13.6300,-62.7900,0.0000,0.0000,0.6331,0
2446,11:40:03.707,ROI,160,160,192,192,7.99,8.57,0.0,0.0,116.71,899.63,154.24,97.66,83.56,0.8590,14.6900,-66.8200,0.0000,0.0000,0.6223,0
2447,11:40:03.759,ROI,160,160,224,224,8.87,9.41,0.0,0.0,106.25,899.52,155.34,97.47,79.62,0.9507,15.1600,-61.9300,0.0000,0.0000,0.7115,0
2448,11:40:03.807,ROI,160,160,224,224,9.65,10.22,10.125,0.0,97.87,903.61,159.02,96.24,78.33,0.8402,14.3700,-64.6000,0.0000,0.0000,0.5977,0
2449,11:40:03.871,ROI,160,160,224,224,8.76,9.22,0.0,42.55,108.45,903.78,158.61,97.47,78.76,0.9771,13.2200,-65.8600,0.0000,0.0000,0.6823,0
2450,11:40:03.918,ROI,160,160,224,224,8.63,9.14,0.0,42.725,109.37,908.15,160.60,93.23,79.69,0.8696,14.9500,-69.4200,0.0000,0.0000,0.6303,0
2451,11:40:03.982,ROI,160,160,192,192,8.96,9.32,0.0,42.1,107.31,909.12,163.10,94.43,82.06,0.9215,12.9500,-65.4900,0.0000,0.0000,0.6605,0
2452,11:40:04.057,ROI,160,160,192,192,9.27,9.80,0.0,39.85,102.01,911.75,164.39,92.70,81.25,0.9164,13.2900,-66.5000,0.0000,0.0000,0.5754,0
2453,11:40:04.106,ROI,160,160,192,192,10.21,10.72,0.0,36.525,93.31,913.20,165.78,92.08,83.06,0.9376,13.0900,-67.6000,0.0000,0.0000,0.5811,0
2454,11:40:04.222,ROI,160,160,192,192,9.53,9.97,0.0,0.0,100.34,918.69,171.38,88.24,82.50,0.7784,13.0200,-71.0100,0.0000,0.0000,0.6219,0
2455,11:40:04.270,ROI,160,160,192,192,10.16,10.91,0.0,35.875,91.70,919.90,171.76,88.07,81.30,0.9590,13.9000,-73.9100,0.0000,0.0000,0.6034,0
2456,11:40:04.348,ROI,160,160,192,192,9.04,9.34,0.0,0.0,107.05,921.94,173.06,86.26,82.50,0.9250,14.2200,-73.6800,0.0000,0.0000,0.6211,0
2457,11:40:04.412,ROI,160,160,192,192,7.85,8.36,0.0,0.0,119.58,922.79,174.91,88.19,85.39,0.9361,15.1500,-68.1700,0.0000,0.0000,0.6250,0
2458,11:40:04.474,ROI,160,160,192,192,8.02,8.57,0.0,0.0,116.63,924.40,178.46,88.86,87.89,0.8894,14.2700,-74.2700,0.0000,0.0000,0.6602,0
2459,11:40:04.523,ROI,160,160,192,192,9.28,10.11,0.0,0.0,98.94,924.42,179.21,91.25,87.90,0.9576,15.5800,-73.2900,0.0000,0.0000,0.6797,0
2460,11:40:04.588,ROI,160,160,192,192,8.29,8.80,14.225,44.45,113.66,926.09,183.03,91.68,90.23,0.8861,15.2900,-76.1100,0.0000,0.0000,0.6541,0
2461,11:40:04.636,ROI,160,160,192,192,19.55,20.00,0.0,0.0,50.01,926.84,182.71,92.20,87.76,0.9571,14.8700,-75.9300,0.0000,0.0000,0.6611,0
2462,11:40:04.758,ROI,160,160,192,192,20.93,21.36,0.0,18.275,46.81,931.44,187.35,89.34,91.57,0.8191,14.5100,-79.8800,0.0000,0.0000,0.6452,0
2463,11:40:04.823,ROI,160,160,192,192,8.29,8.87,0.0,0.0,112.78,932.10,190.31,91.69,96.12,0.9149,15.1700,-82.2300,0.0000,0.0000,0.6002,0
2464,11:40:04.870,ROI,160,160,224,224,9.99,10.34,0.0,0.0,96.70,933.55,190.32,88.86,91.39,0.9208,16.3600,-82.1800,0.0000,0.0000,0.6562,0
2465,11:40:04.940,ROI,160,160,192,192,7.94,8.45,0.0,0.0,118.35,934.36,195.06,92.80,93.55,0.8655,15.1600,-88.3800,0.0000,0.0000,0.6021,0
2466,11:40:04.990,ROI,160,160,192,192,7.75,8.13,0.0,0.0,123.03,935.78,197.00,91.32,92.59,0.9305,14.2000,-83.1700,0.0000,0.0000,0.5601,0
2467,11:40:05.041,ROI,160,160,192,192,18.93,19.68,0.0,19.875,50.82,937.53,200.70,93.02,94.60,0.8906,14.3600,-80.1700,0.0000,0.0000,0.6296,0
2468,11:40:05.157,ROI,160,160,192,192,8.64,9.04,0.0,0.0,110.66,941.73,204.96,91.28,94.07,0.8371,16.0000,-84.2900,0.0000,0.0000,0.6880,0
2469,11:40:05.222,ROI,160,160,192,192,9.27,9.66,6.95,0.0,103.48,940.36,205.85,94.93,94.42,0.9438,15.1600,-85.1000,0.0000,0.0000,0.6622,0
2470,11:40:05.289,ROI,160,160,192,192,11.13,11.63,0.0,0.0,85.96,942.08,206.28,93.79,93.73,0.9556,13.9400,-82.2900,0.0000,0.0000,0.5521,0
2471,11:40:05.341,ROI,160,160,192,192,24.17,24.60,9.75,15.875,40.65,944.78,208.84,92.21,93.43,0.8945,14.6000,-84.1000,0.0000,0.0000,0.5724,0
2472,11:40:05.403,ROI,160,160,192,192,8.60,9.05,0.0,0.0,110.55,944.22,209.97,94.04,93.06,0.9574,15.4000,-84.5600,0.0000,0.0000,0.7221,0
2473,11:40:05.460,ROI,160,160,192,192,39.35,39.89,0.0,0.0,25.07,947.85,213.06,90.16,93.50,0.8670,16.2900,-84.7000,0.0000,0.0000,0.6855,0
2474,11:40:05.524,ROI,160,160,192,192,68.00,68.44,16.65,5.7,14.61,948.25,215.10,91.00,92.23,0.9483,15.4600,-85.3100,0.0000,0.0000,0.7180,0
2475,11:40:05.641,ROI,160,160,192,192,8.40,8.81,0.0,0.0,113.49,950.83,218.30,89.65,92.02,0.8826,16.4800,-84.9400,0.0000,0.0000,0.7055,0
2476,11:40:05.706,ROI,160,160,192,192,8.31,8.90,0.0,0.0,112.37,953.17,221.80,87.85,91.72,0.8806,16.3700,-86.2900,0.0000,0.0000,0.7286,0
2477,11:40:05.745,ROI,160,160,192,192,13.26,13.78,0.0,28.4,72.58,953.10,224.01,88.94,92.46,0.9417,16.1900,-87.0600,0.0000,0.0000,0.7580,0
2478,11:40:05.808,ROI,160,160,192,192,8.86,9.56,0.0,41.0,104.65,954.55,225.74,89.56,90.02,0.9326,15.1800,-89.7300,0.0000,0.0000,0.7541,0
2479,11:40:05.854,ROI,160,160,192,192,9.73,10.26,0.0,38.2,97.51,954.89,227.80,89.72,89.84,0.9482,15.4100,-90.2200,0.0000,0.0000,0.7289,0
2480,11:40:05.925,ROI,160,160,192,192,9.31,9.86,0.0,0.0,101.39,957.18,230.37,88.20,91.84,0.8988,16.0000,-90.0800,0.0000,0.0000,0.7380,0
2481,11:40:05.990,ROI,160,160,192,192,12.37,13.02,0.0,0.0,76.79,956.27,231.51,89.22,89.84,0.9557,15.5900,-90.9600,0.0000,0.0000,0.7608,0
2482,11:40:06.032,ROI,160,160,192,192,9.46,9.84,13.825,0.0,101.65,958.92,233.14,86.24,90.11,0.9090,15.3500,-91.9200,0.0000,0.0000,0.7770,0
2483,11:40:06.158,ROI,160,160,192,192,9.39,10.00,0.0,0.0,100.04,961.50,237.51,85.72,92.18,0.8576,16.3000,-91.9500,0.0000,0.0000,0.7580,0
2484,11:40:06.207,ROI,160,160,192,192,8.00,8.37,0.0,0.0,119.43,962.14,240.74,85.09,91.87,0.9188,16.3300,-93.8800,0.0000,0.0000,0.7651,0
2485,11:40:06.274,ROI,160,160,192,192,8.34,9.03,6.625,43.3,110.76,962.78,242.12,84.59,91.90,0.9561,16.2900,-93.1600,0.0000,0.0000,0.7841,0
2486,11:40:06.340,ROI,160,160,192,192,8.20,8.68,0.0,0.0,115.21,963.76,246.40,87.26,96.19,0.8855,16.1700,-93.1400,0.0000,0.0000,0.7432,0
2487,11:40:06.387,ROI,160,160,224,224,9.49,10.00,0.0,39.075,100.01,964.75,246.27,86.72,96.57,0.9738,16.3800,-90.1600,0.0000,0.0000,0.7876,0
2488,11:40:06.450,ROI,160,160,224,224,9.73,10.08,0.0,0.0,99.21,966.28,249.51,86.70,94.33,0.9028,16.1200,-90.8900,0.0000,0.0000,0.7685,0
2489,11:40:06.521,ROI,160,160,192,192,20.45,20.96,0.0,55.925,47.72,966.35,251.83,86.04,93.91,0.9448,15.7500,-91.7100,0.0000,0.0000,0.7564,0
2490,11:40:06.564,ROI,160,160,192,192,26.34,26.86,0.0,14.55,37.23,967.22,255.36,85.50,94.88,0.9100,15.3800,-92.4300,0.0000,0.0000,0.7121,0
2491,11:40:06.688,ROI,160,160,192,192,8.96,9.50,0.0,0.0,105.29,969.08,259.46,86.10,95.93,0.8802,15.2700,-92.9300,0.0000,0.0000,0.7054,0
2492,11:40:06.735,ROI,160,160,192,192,12.98,13.38,0.0,0.0,74.74,969.01,261.22,89.22,98.88,0.9309,15.8300,-90.9200,0.0000,0.0000,0.7364,0
2493,11:40:06.805,ROI,160,160,224,224,11.26,11.90,0.0,0.0,84.07,970.23,262.51,85.93,97.76,0.9384,15.8400,-90.2100,0.0000,0.0000,0.8122,0
2494,11:40:06.874,ROI,160,160,224,224,15.44,16.08,0.0,24.3,62.19,971.60,265.44,85.39,96.49,0.9127,15.3600,-91.3000,0.0000,0.0000,0.8085,0
2495,11:40:06.919,ROI,160,160,224,224,13.28,13.82,0.0,0.0,72.34,971.53,266.96,85.11,97.90,0.9662,15.7400,-90.6100,0.0000,0.0000,0.7939,0
2496,11:40:06.975,ROI,160,160,224,224,9.32,9.72,0.0,0.0,102.85,971.98,270.06,87.18,95.79,0.9166,16.1100,-92.2700,0.0000,0.0000,0.7743,0
2497,11:40:07.040,ROI,160,160,192,192,10.93,11.74,0.0,0.0,85.21,970.80,273.10,90.85,96.78,0.9018,16.5500,-90.6600,0.0000,0.0000,0.7964,0
2498,11:40:07.156,ROI,160,160,224,224,11.40,12.10,0.0,0.0,82.62,972.70,275.83,88.61,95.59,0.9064,15.0500,-91.3800,0.0000,0.0000,0.8033,0
2499,11:40:07.219,ROI,160,160,192,192,11.97,12.40,0.0,31.6,80.68,973.61,280.14,89.10,98.83,0.8973,16.9900,-90.7900,0.0000,0.0000,0.8316,0
2500,11:40:07.275,ROI,160,160,224,224,8.32,8.85,0.0,44.175,113.02,973.35,282.28,87.37,98.73,0.9393,15.7600,-92.1300,0.0000,0.0000,0.8508,0
2501,11:40:07.338,ROI,160,160,224,224,8.24,9.15,0.0,44.475,109.34,974.47,283.82,86.86,98.03,0.9450,15.6300,-91.4900,0.0000,0.0000,0.8496,0
2502,11:40:07.392,ROI,160,160,224,224,8.84,9.52,0.0,0.0,105.04,975.23,286.02,88.31,99.11,0.9400,15.6700,-91.3300,0.0000,0.0000,0.8133,0
2503,11:40:07.441,ROI,160,160,224,224,7.73,8.10,0.0,0.0,123.51,976.16,288.97,87.61,98.59,0.9230,14.7500,-91.6700,0.0000,0.0000,0.7978,0
2504,11:40:07.555,ROI,160,160,224,224,8.60,9.21,0.0,42.475,108.64,977.93,295.36,86.44,99.30,0.8456,15.8200,-91.7500,0.0000,0.0000,0.7335,0
2505,11:40:07.622,ROI,160,160,224,224,9.32,9.96,0.0,0.0,100.42,978.09,296.88,89.03,97.62,0.9422,15.5900,-92.2200,0.0000,0.0000,0.7656,0
2506,11:40:07.689,ROI,160,160,224,224,8.10,8.79,0.0,0.0,113.71,978.41,298.10,87.61,96.46,0.9597,15.6600,-92.5200,0.0000,0.0000,0.7495,0
2507,11:40:07.752,ROI,160,160,224,224,27.10,27.72,7.1,0.0,36.08,978.13,300.87,90.29,95.54,0.9168,15.3900,-92.5200,0.0000,0.0000,0.7496,0
2508,11:40:07.802,ROI,160,160,192,192,32.29,33.05,18.075,23.65,30.25,978.50,303.56,90.72,102.85,0.9213,17.3700,-93.5800,0.0000,0.0000,0.7483,0
2509,11:40:07.860,ROI,160,160,224,224,26.05,26.56,0.0,0.0,37.65,978.90,306.50,87.47,97.73,0.9095,15.7500,-93.2300,0.0000,0.0000,0.8002,0
2510,11:40:07.927,ROI,160,160,224,224,55.49,56.64,9.65,20.7,17.65,979.04,308.53,88.49,97.89,0.9484,16.1700,-93.0500,0.0000,0.0000,0.7951,0
2511,11:40:08.036,ROI,160,160,224,224,19.42,19.95,0.0,19.6,50.12,979.55,313.36,91.77,101.50,0.8761,16.9700,-93.3000,0.0000,0.0000,0.7511,0
2512,11:40:08.091,ROI,160,160,224,224,10.21,10.65,11.05,0.0,93.92,979.43,317.68,92.53,99.09,0.9104,16.9600,-94.9300,0.0000,0.0000,0.7406,0
2513,11:40:08.152,ROI,160,160,224,224,8.59,9.13,0.0,42.8,109.50,978.34,317.66,93.70,101.74,0.9515,17.5200,-94.3800,0.0000,0.0000,0.7978,0
2514,11:40:08.207,ROI,160,160,224,224,8.45,8.83,0.0,0.0,113.31,978.25,322.68,95.90,100.11,0.8855,16.6200,-97.7000,0.0000,0.0000,0.7621,0
2515,11:40:08.254,ROI,160,160,224,224,8.82,9.28,0.0,0.0,107.75,978.08,323.99,97.52,102.72,0.9584,17.7800,-95.8700,0.0000,0.0000,0.8032,0
2516,11:40:08.320,ROI,160,160,224,224,9.68,10.03,0.0,0.0,99.71,976.75,327.48,100.11,100.81,0.9099,17.7900,-97.6700,0.0000,0.0000,0.7918,0
2517,11:40:08.386,ROI,160,160,224,224,13.07,13.67,0.0,0.0,73.16,977.51,327.63,97.13,99.46,0.9571,16.5100,-94.5000,0.0000,0.0000,0.8166,0
2518,11:40:08.435,ROI,160,160,224,224,10.91,11.24,0.0,0.0,88.96,978.53,328.39,95.69,98.45,0.9644,16.3500,-94.8400,0.0000,0.0000,0.7833,0
2519,11:40:08.573,ROI,160,160,224,224,8.09,8.73,0.0,0.0,114.54,974.74,332.96,99.76,98.63,0.8461,18.3300,-95.8300,0.0000,0.0000,0.7981,0
2520,11:40:08.607,ROI,160,160,224,224,8.39,8.81,0.0,0.0,113.49,975.41,336.38,98.45,98.77,0.9207,17.3200,-92.7700,0.0000,0.0000,0.8410,0
2521,11:40:08.670,ROI,160,160,224,224,8.75,9.33,0.0,0.0,107.15,975.21,339.77,100.94,105.45,0.9127,19.1800,-94.4600,0.0000,0.0000,0.8227,0
2522,11:40:08.761,ROI,160,160,224,224,8.67,9.08,0.0,43.025,110.10,974.92,343.47,100.59,106.06,0.9272,19.2300,-97.5800,0.0000,0.0000,0.8143,0
2523,11:40:08.787,ROI,160,160,224,224,11.90,12.39,0.0,31.525,80.70,975.55,345.30,98.69,102.44,0.9472,17.7600,-95.8700,0.0000,0.0000,0.8121,0
2524,11:40:08.852,ROI,160,160,224,224,13.45,13.76,0.0,28.4,72.68,974.45,348.50,100.35,101.71,0.9193,18.3100,-96.5400,0.0000,0.0000,0.8164,0
2525,11:40:08.926,ROI,160,160,224,224,21.22,21.88,0.0,17.875,45.71,974.52,351.32,99.47,100.87,0.9377,17.6300,-98.8500,0.0000,0.0000,0.8136,0
2526,11:40:08.978,ROI,160,160,224,224,18.39,19.15,13.075,20.4,52.21,973.01,354.21,101.49,105.36,0.9178,19.1000,-98.7300,1.6200,-102.5200,0.8312,0
2527,11:40:09.092,ROI,160,160,224,224,31.86,32.47,0.0,0.0,30.80,972.29,358.96,102.44,107.42,0.9022,20.1400,-101.3600,0.0000,0.0000,0.8283,0
2528,11:40:09.146,ROI,160,160,224,224,18.21,18.76,0.0,20.85,53.31,972.32,361.35,100.65,106.32,0.9398,20.1200,-103.2300,0.0000,0.0000,0.8460,0
2529,11:40:09.208,ROI,160,160,224,224,8.75,9.26,0.0,0.0,107.99,971.87,364.64,100.55,105.83,0.9317,19.1300,-104.3300,0.0000,0.0000,0.8266,0
2530,11:40:09.275,ROI,160,160,224,224,9.24,9.69,6.7,40.45,103.25,970.41,366.07,103.19,106.85,0.9461,19.4000,-106.0600,0.0000,0.0000,0.8411,0
2531,11:40:09.321,ROI,160,160,224,224,22.78,23.38,0.0,0.0,42.77,970.10,367.89,102.40,107.07,0.9592,17.8900,-107.1500,0.0000,0.0000,0.8086,0
2532,11:40:09.376,ROI,160,160,224,224,8.59,9.93,0.0,0.0,100.75,969.93,372.00,102.35,112.34,0.9249,19.4900,-106.6200,0.0000,0.0000,0.8503,0
2533,11:40:09.443,ROI,160,160,256,256,8.93,9.49,0.0,0.0,105.41,970.41,373.67,101.10,109.89,0.9585,16.3400,-105.6800,0.0000,0.0000,0.8408,0
2534,11:40:09.552,ROI,160,160,224,224,10.22,10.82,0.0,36.1,92.43,969.08,379.17,104.93,111.86,0.8737,18.2600,-110.1100,0.0000,0.0000,0.8401,0
2535,11:40:09.616,ROI,160,160,224,224,10.64,10.97,0.0,0.0,91.14,967.95,381.41,104.82,110.12,0.9405,17.6700,-111.7400,0.0000,0.0000,0.8452,0
2536,11:40:09.665,ROI,160,160,224,224,11.15,11.62,0.0,0.0,86.07,967.28,384.36,103.04,112.07,0.9327,17.4700,-113.5400,0.0000,0.0000,0.8593,0
2537,11:40:09.738,ROI,160,160,256,256,9.80,10.68,0.0,0.0,93.60,964.87,386.70,101.70,111.47,0.9157,16.0200,-111.8200,0.0000,0.0000,0.8755,0
2538,11:40:09.791,ROI,160,160,224,224,8.01,8.60,9.4,0.0,116.27,964.11,390.17,100.53,112.46,0.9264,17.5000,-116.7300,0.0000,0.0000,0.8693,0
2539,11:40:09.870,ROI,160,160,256,256,10.04,10.65,0.0,36.7,93.91,963.06,392.50,102.29,113.50,0.9402,15.1900,-116.4700,0.0000,0.0000,0.8903,0
2540,11:40:09.902,ROI,160,160,256,256,9.15,9.49,0.0,0.0,105.37,962.73,394.48,103.60,112.75,0.9535,15.6000,-117.9300,0.0000,0.0000,0.8602,0
2541,11:40:10.024,ROI,160,160,256,256,8.10,8.65,0.0,45.15,115.58,960.18,400.26,105.22,115.09,0.8622,16.2800,-120.9400,0.0000,0.0000,0.8800,0
2542,11:40:10.089,ROI,160,160,256,256,16.49,16.96,0.0,0.0,58.97,957.84,405.38,106.67,117.86,0.8777,15.1500,-121.7000,0.0000,0.0000,0.8533,0
2543,11:40:10.156,ROI,160,160,256,256,13.92,14.37,0.0,0.0,69.60,956.74,408.74,104.58,120.21,0.9263,15.0200,-123.1800,0.0000,0.0000,0.8494,0
2544,11:40:10.204,ROI,160,160,256,256,11.93,12.61,0.0,0.0,79.30,954.45,414.26,106.05,121.74,0.8754,14.6600,-124.2300,0.0000,0.0000,0.8474,0
2545,11:40:10.258,ROI,160,160,256,256,10.37,10.96,9.375,0.0,91.20,951.44,416.00,110.11,127.81,0.9013,16.3700,-123.6500,0.0000,0.0000,0.8323,0
2546,11:40:10.325,ROI,160,160,256,256,12.21,12.80,7.025,30.525,78.15,951.21,416.06,106.83,123.84,0.9401,17.2900,-123.7300,0.0000,0.0000,0.8438,0
2547,11:40:10.387,ROI,160,160,256,256,21.29,21.86,0.0,0.0,45.74,950.33,417.74,107.79,123.18,0.9576,15.7800,-124.0700,0.0000,0.0000,0.8342,0
2548,11:40:10.434,ROI,160,160,256,256,21.28,21.88,0.0,0.0,45.69,948.16,420.22,109.78,122.22,0.9237,14.8600,-125.5300,0.0000,0.0000,0.8136,0
2549,11:40:10.545,ROI,160,160,256,256,13.96,14.52,0.0,0.0,68.89,945.20,424.78,111.89,118.98,0.8807,16.0300,-124.8800,0.0000,0.0000,0.8780,0
2550,11:40:10.609,ROI,160,160,256,256,12.48,13.17,0.0,0.0,75.91,943.86,429.95,110.54,120.64,0.8965,15.4800,-126.5100,0.0000,0.0000,0.8686,0
2551,11:40:10.672,ROI,160,160,256,256,8.20,8.64,0.0,0.0,115.79,942.33,431.21,111.58,122.21,0.9530,13.8100,-126.6100,0.0000,0.0000,0.7872,0
2552,11:40:10.738,ROI,160,160,256,256,9.73,10.34,0.0,0.0,96.76,939.30,433.72,114.78,123.70,0.9107,14.1700,-127.1700,0.0000,0.0000,0.7869,0
2553,11:40:10.790,ROI,160,160,256,256,9.42,10.17,0.0,0.0,98.32,938.52,434.52,115.97,122.56,0.9740,15.5600,-128.6700,0.0000,0.0000,0.8173,0
2554,11:40:10.852,ROI,160,160,256,256,9.42,10.10,0.0,38.775,99.00,935.50,436.51,115.41,120.05,0.9192,16.2200,-127.8300,0.0000,0.0000,0.8269,0
2555,11:40:10.922,ROI,160,160,256,256,9.94,10.35,0.0,0.0,96.66,933.72,437.87,118.66,120.24,0.9486,15.6800,-128.8700,0.0000,0.0000,0.8356,0
2556,11:40:10.972,ROI,160,160,256,256,12.28,13.02,9.7,0.0,76.83,931.77,440.73,119.38,117.73,0.9231,16.5500,-129.8400,0.0000,0.0000,0.8648,0
2557,11:40:11.072,ROI,160,160,256,256,9.65,10.44,0.0,0.0,95.80,928.82,444.78,117.76,119.49,0.8901,18.0900,-128.1600,0.0000,0.0000,0.8689,0
2558,11:40:11.135,ROI,160,160,256,256,10.03,10.62,0.0,0.0,94.14,928.19,446.10,119.09,118.48,0.9674,18.6400,-128.0300,0.0000,0.0000,0.8394,0
2559,11:40:11.198,ROI,160,160,256,256,10.89,11.25,0.0,0.0,88.92,927.07,447.44,116.91,118.64,0.9594,16.9000,-127.8800,0.0000,0.0000,0.8314,0
2560,11:40:11.282,ROI,160,160,256,256,14.10,14.75,0.0,0.0,67.78,923.58,449.82,120.78,116.88,0.9068,16.3000,-131.7300,0.0000,0.0000,0.8183,0
2561,11:40:11.321,ROI,160,160,256,256,9.40,9.88,0.0,0.0,101.18,924.94,452.12,118.54,116.26,0.9400,17.5600,-129.9800,0.0000,0.0000,0.8124,0
2562,11:40:11.373,ROI,160,160,256,256,10.38,11.01,0.0,0.0,90.84,918.43,457.01,121.78,121.12,0.8293,15.6500,-127.2600,0.0000,0.0000,0.8741,0
2563,11:40:11.422,ROI,160,160,256,256,10.52,11.09,0.0,0.0,90.16,919.17,458.23,123.34,120.64,0.9676,20.0100,-127.2400,0.0000,0.0000,0.8839,0
2564,11:40:11.564,ROI,160,160,256,256,15.42,15.82,0.0,0.0,63.20,910.66,462.50,129.06,119.86,0.8175,15.9200,-130.3000,0.0000,0.0000,0.8533,0
2565,11:40:11.620,ROI,160,160,288,288,11.87,12.36,0.0,0.0,80.92,909.08,462.79,128.25,113.17,0.9217,15.0000,-130.6400,0.0000,0.0000,0.8285,0
2566,11:40:11.671,ROI,160,160,288,288,10.91,11.50,0.0,0.0,86.94,907.69,464.66,127.75,114.86,0.9472,14.9100,-131.2800,0.0000,0.0000,0.8217,0
2567,11:40:11.734,ROI,160,160,256,256,11.66,12.37,0.0,0.0,80.82,905.56,470.74,131.42,119.62,0.8733,15.8900,-128.9800,0.0000,0.0000,0.8632,0
2568,11:40:11.774,ROI,160,160,288,288,9.86,10.54,14.325,0.0,94.87,903.78,470.31,128.54,115.96,0.9432,15.1100,-129.3900,0.0000,0.0000,0.8156,0
2569,11:40:11.837,ROI,160,160,288,288,11.09,11.60,0.0,0.0,86.23,901.65,472.57,127.44,117.38,0.9311,14.3100,-130.6500,0.0000,0.0000,0.8042,0
2570,11:40:11.964,ROI,160,160,256,256,10.26,10.79,0.0,0.0,92.65,899.88,475.46,128.14,116.02,0.9264,16.0300,-129.2400,0.0000,0.0000,0.8317,0
2571,11:40:12.023,ROI,160,160,288,288,8.07,8.80,0.0,0.0,113.67,900.55,476.84,119.81,114.79,0.9132,14.7000,-129.0300,0.0000,0.0000,0.8137,0
2572,11:40:12.089,ROI,160,160,256,256,7.97,8.61,0.0,0.0,116.19,898.51,478.02,121.28,113.28,0.9474,14.4400,-129.3900,0.0000,0.0000,0.7903,0
2573,11:40:12.137,ROI,160,160,256,256,8.47,8.79,0.0,0.0,113.80,892.14,481.34,127.55,112.98,0.8535,15.5200,-131.8900,0.0000,0.0000,0.8551,0
2574,11:40:12.201,ROI,160,160,256,256,8.42,9.06,0.0,0.0,110.36,892.78,482.65,124.18,112.88,0.9516,16.8000,-128.5800,0.0000,0.0000,0.8245,0
2575,11:40:12.265,ROI,160,160,256,256,9.08,9.51,0.0,0.0,105.11,888.35,485.10,128.26,112.98,0.8937,16.6700,-132.1400,0.0000,0.0000,0.8709,0
2576,11:40:12.313,ROI,160,160,288,288,8.11,8.74,0.0,0.0,114.42,886.47,487.45,127.84,115.99,0.9326,14.0100,-131.0300,0.0000,0.0000,0.7782,0
2577,11:40:12.439,ROI,160,160,256,256,8.04,8.35,0.0,0.0,119.74,879.90,490.34,137.41,111.97,0.8638,16.7800,-133.9700,0.0000,0.0000,0.8657,0
2578,11:40:12.486,ROI,160,160,288,288,9.11,9.69,0.0,0.0,103.23,877.27,493.56,129.73,114.82,0.8939,15.9800,-133.1000,0.0000,0.0000,0.8112,0
2579,11:40:12.556,ROI,160,160,288,288,10.24,10.77,0.0,0.0,92.86,873.69,495.88,134.19,114.35,0.9106,14.6800,-133.1700,0.0000,0.0000,0.8050,0
2580,11:40:12.620,ROI,160,160,288,288,10.91,11.48,7.375,0.0,87.10,869.47,497.30,139.48,115.06,0.9177,15.2900,-135.3500,0.0000,0.0000,0.8225,0
2581,11:40:12.667,ROI,160,160,288,288,8.62,8.96,10.825,0.0,111.55,867.90,498.57,137.52,115.61,0.9567,16.4200,-140.6900,0.0000,0.0000,0.8618,0
2582,11:40:12.732,ROI,160,160,288,288,12.71,13.34,6.975,0.0,74.95,861.78,500.65,142.04,115.38,0.8850,16.1500,-139.4300,0.0000,0.0000,0.8418,0
2583,11:40:12.790,ROI,160,160,288,288,8.29,8.64,8.8,0.0,115.79,860.95,501.89,140.74,113.60,0.9671,16.4800,-142.4900,0.0000,0.0000,0.8573,0
2584,11:40:12.838,ROI,160,160,288,288,8.76,9.51,0.0,0.0,105.16,859.89,503.38,140.56,114.61,0.9600,16.3000,-143.7600,0.0000,0.0000,0.8532,0
2585,11:40:12.972,ROI,160,160,288,288,9.87,10.33,0.0,0.0,96.84,850.77,505.70,146.21,114.39,0.8474,16.8400,-144.7700,0.0000,0.0000,0.8553,0
2586,11:40:13.007,ROI,160,160,320,320,9.76,10.41,0.0,0.0,96.10,850.74,506.86,142.82,116.24,0.9577,18.7100,-145.3200,0.0000,0.0000,0.8877,0
2587,11:40:13.072,ROI,160,160,288,288,8.61,9.15,7.15,0.0,109.35,846.71,508.83,148.25,115.02,0.9154,18.6800,-144.2900,0.0000,0.0000,0.9024,0
2588,11:40:13.135,ROI,160,160,320,320,8.98,9.28,0.0,0.0,107.70,843.88,510.96,144.68,115.78,0.9279,18.1500,-146.9900,0.0000,0.0000,0.9396,0
2589,11:40:13.182,ROI,160,160,320,320,8.81,9.37,0.0,0.0,106.78,841.12,513.08,142.74,115.74,0.9283,18.3900,-147.4600,0.0000,0.0000,0.9244,0
2590,11:40:13.253,ROI,160,160,288,288,8.84,9.17,0.0,0.0,109.11,835.73,514.55,148.39,115.52,0.9061,15.7000,-149.4200,0.0000,0.0000,0.9041,0
2591,11:40:13.323,ROI,160,160,320,320,8.09,8.60,0.0,0.0,116.22,835.18,516.76,143.14,112.92,0.9282,17.1100,-147.7700,0.0000,0.0000,0.8750,0
2592,11:40:13.387,ROI,160,160,288,288,8.67,9.01,0.0,0.0,110.93,830.97,517.39,145.44,114.82,0.9280,16.3100,-151.1000,0.0000,0.0000,0.8989,0
2593,11:40:13.434,ROI,160,160,320,320,8.35,8.87,0.0,0.0,112.76,828.60,519.88,139.72,112.70,0.9199,15.4200,-149.7500,0.0000,0.0000,0.8688,0
2594,11:40:13.557,ROI,160,160,288,288,8.90,9.31,0.0,0.0,107.36,822.20,522.74,141.12,114.75,0.8698,15.1400,-152.3700,0.0000,0.0000,0.8726,0
2595,11:40:13.605,ROI,160,160,288,288,8.06,8.83,10.175,0.0,113.29,816.60,525.01,141.93,110.97,0.8889,16.9300,-153.7900,0.0000,0.0000,0.8989,0
2596,11:40:13.668,ROI,160,160,288,288,8.42,8.73,0.0,0.0,114.52,814.81,525.76,134.93,108.38,0.9285,15.0600,-157.4100,0.0000,0.0000,0.8690,0
2597,11:40:13.740,ROI,160,160,288,288,10.43,10.86,0.0,0.0,92.06,811.66,525.85,139.14,107.80,0.9501,15.2000,-162.1300,0.0000,0.0000,0.9374,0
2598,11:40:13.774,ROI,160,160,288,288,9.81,10.54,16.4,0.0,94.91,810.08,527.93,138.74,107.14,0.9407,15.2100,-160.5300,0.0000,0.0000,0.9292,0
2599,11:40:13.837,ROI,160,160,288,288,8.06,8.59,7.425,0.0,116.43,805.99,529.84,140.65,111.74,0.9050,14.4300,-159.9700,0.0000,0.0000,0.8987,0
2600,11:40:13.950,ROI,160,160,288,288,8.39,8.72,3.75,0.0,114.72,799.15,531.79,140.04,110.25,0.8772,14.8800,-157.1200,0.0000,0.0000,0.8690,0
2601,11:40:14.022,ROI,160,160,288,288,8.88,9.60,0.0,0.0,104.14,793.60,531.70,143.12,106.45,0.8942,13.2400,-161.2200,0.0000,0.0000,0.8917,0
2602,11:40:14.090,ROI,160,160,288,288,8.33,8.96,6.775,0.0,111.60,792.59,531.52,138.91,107.84,0.9585,12.2300,-161.7800,0.0000,0.0000,0.9017,0
2603,11:40:14.137,ROI,160,160,288,288,8.00,8.40,0.0,0.0,119.08,785.45,533.14,144.63,109.64,0.8785,13.8500,-162.2000,0.0000,0.0000,0.9181,0
2604,11:40:14.190,ROI,160,160,320,320,7.73,8.23,0.0,0.0,121.50,779.72,532.64,153.32,109.96,0.9178,13.2200,-164.2400,0.0000,0.0000,0.9172,0
2605,11:40:14.257,ROI,160,160,320,320,9.75,10.49,0.0,0.0,95.30,775.96,533.12,154.82,110.96,0.9439,13.4200,-164.0600,0.0000,0.0000,0.9098,0
2606,11:40:14.308,ROI,160,160,320,320,8.57,8.97,9.5,0.0,111.53,774.38,532.80,153.52,110.94,0.9741,14.4400,-164.4700,0.0000,0.0000,0.9176,0
2607,11:40:14.434,ROI,160,160,320,320,8.81,9.27,0.0,0.0,107.86,766.92,534.70,153.80,110.02,0.8781,15.6400,-166.8600,0.0000,0.0000,0.9185,0
2608,11:40:14.482,ROI,160,160,320,320,8.90,9.20,0.0,0.0,108.73,763.48,536.52,149.66,109.36,0.9251,15.6200,-165.5400,0.0000,0.0000,0.9193,0
2609,11:40:14.553,ROI,160,160,320,320,8.65,9.15,0.0,0.0,109.24,760.30,536.30,153.00,110.48,0.9492,15.7000,-166.1100,0.0000,0.0000,0.9416,0
2610,11:40:14.618,ROI,160,160,320,320,8.59,8.86,0.0,0.0,112.81,755.82,536.14,153.08,110.22,0.9405,16.1000,-168.7500,0.0000,0.0000,0.9519,0
2611,11:40:14.665,ROI,160,160,320,320,8.62,9.14,10.225,0.0,109.41,754.24,537.34,149.42,108.86,0.9550,13.9000,-167.1800,0.0000,0.0000,0.9386,0
2612,11:40:14.721,ROI,160,160,320,320,8.08,8.55,0.0,0.0,117.03,746.24,537.58,155.50,109.84,0.8925,14.7900,-168.9100,0.0000,0.0000,0.9405,0
2613,11:40:14.790,ROI,160,160,320,320,7.96,8.54,0.0,0.0,117.05,745.72,538.90,149.44,109.44,0.9385,14.2900,-168.4700,0.0000,0.0000,0.9370,0
2614,11:40:14.837,ROI,160,160,320,320,9.83,10.40,0.0,0.0,96.16,740.40,538.54,155.02,109.54,0.9265,14.8700,-169.7000,0.0000,0.0000,0.9554,0
2615,11:40:14.969,ROI,160,160,320,320,11.72,12.28,3.225,0.0,81.44,731.16,538.58,156.72,109.44,0.8873,14.1200,-169.5100,0.0000,0.0000,0.9391,0
2616,11:40:15.007,ROI,160,160,320,320,7.98,8.64,0.0,0.0,115.70,727.74,539.30,154.36,107.52,0.9404,15.0400,-170.9100,0.0000,0.0000,0.9207,0
2617,11:40:15.072,ROI,160,160,320,320,9.31,9.93,0.0,39.375,100.72,726.46,539.76,153.18,109.00,0.9703,15.3000,-171.4700,0.0000,0.0000,0.9221,0
2618,11:40:15.134,ROI,160,160,320,320,8.67,8.95,7.625,0.0,111.68,721.74,538.78,150.30,108.96,0.9234,14.0600,-171.5500,0.0000,0.0000,0.9004,0
2619,11:40:15.181,ROI,160,160,320,320,8.30,8.92,0.0,0.0,112.10,716.20,539.64,156.22,106.20,0.9079,12.9700,-170.5400,0.0000,0.0000,0.8677,0
2620,11:40:15.246,ROI,160,160,320,320,7.80,8.09,0.0,48.325,123.61,711.98,538.98,157.26,111.02,0.9073,13.7700,-172.6600,0.0000,0.0000,0.8528,0
2621,11:40:15.310,ROI,160,160,320,320,8.06,8.58,7.0,0.0,116.50,709.66,539.56,156.46,105.48,0.9230,14.8900,-175.0600,0.0000,0.0000,0.7882,0
2622,11:40:15.358,ROI,160,160,320,320,7.90,8.24,0.0,0.0,121.39,705.52,539.80,155.84,109.50,0.9145,14.9600,-173.2900,0.0000,0.0000,0.8929,0
2623,11:40:15.487,ROI,160,160,320,320,8.09,8.80,3.225,0.0,113.61,696.50,540.32,151.48,110.12,0.8813,15.5500,-175.7500,0.0000,0.0000,0.8546,0
2624,11:40:15.534,ROI,160,160,320,320,8.62,8.96,10.125,0.0,111.55,696.02,540.50,152.42,106.12,0.9578,15.0600,-178.4600,0.0000,0.0000,0.8560,0
2625,11:40:15.599,ROI,160,160,320,320,10.49,11.14,7.075,0.0,89.78,695.44,540.26,152.30,107.08,0.9836,15.2200,-178.8400,0.0000,0.0000,0.8635,0
2626,11:40:15.661,ROI,160,160,320,320,7.68,8.01,7.55,48.775,124.82,686.98,540.90,157.08,109.20,0.8795,16.8300,179.4900,0.0000,0.0000,0.8748,0
2627,11:40:15.710,ROI,160,160,320,320,7.78,8.32,0.0,46.95,120.16,685.50,540.10,155.62,110.02,0.9672,14.3400,-179.7800,0.0000,0.0000,0.8259,0
2628,11:40:15.774,ROI,160,160,320,320,7.95,8.28,7.0,47.3,120.71,676.66,540.36,160.18,110.38,0.8899,15.7200,177.1300,0.0000,0.0000,0.8585,0
2629,11:40:15.838,ROI,160,160,352,352,7.86,8.58,0.0,45.525,116.49,677.56,539.82,150.37,106.44,0.9052,12.7500,-179.0100,0.0000,0.0000,0.7878,0
2630,11:40:15.950,ROI,160,160,320,320,8.19,8.50,0.0,46.0,117.68,668.68,538.46,156.14,108.30,0.8690,15.3000,176.3700,0.0000,0.0000,0.9001,0
2631,11:40:16.013,ROI,160,160,320,320,26.42,26.85,0.0,14.55,37.25,663.48,536.84,146.72,105.00,0.9052,14.3500,175.8800,0.0000,0.0000,0.8861,0
2632,11:40:16.063,ROI,160,160,320,320,13.95,14.34,17.1,27.25,69.72,660.66,536.52,146.08,103.46,0.9483,13.6500,176.1700,0.0000,0.0000,0.8921,0
2633,11:40:16.127,ROI,160,160,320,320,21.25,21.84,7.875,35.775,45.79,654.38,535.52,147.46,103.18,0.9011,14.3000,174.5300,0.0000,0.0000,0.8975,0
2634,11:40:16.173,ROI,160,160,320,320,15.65,16.07,15.775,24.325,62.25,652.98,535.82,144.52,102.56,0.9742,12.9300,173.3300,0.0000,0.0000,0.8599,0
2635,11:40:16.237,ROI,160,160,320,320,11.99,12.52,8.25,0.0,79.85,648.40,534.70,143.70,102.18,0.9187,13.8900,171.5500,0.0000,0.0000,0.8773,0
2636,11:40:16.351,ROI,160,160,288,288,8.21,8.82,3.85,44.25,113.34,637.16,536.63,147.67,107.10,0.8197,15.0200,173.8900,0.0000,0.0000,0.8866,0
2637,11:40:16.414,ROI,160,160,320,320,8.38,8.68,7.15,45.05,115.27,633.90,534.80,148.96,106.76,0.9254,13.5200,172.4600,0.0000,0.0000,0.8627,0
2638,11:40:16.478,ROI,160,160,320,320,8.25,8.70,0.0,44.9,114.88,632.48,533.28,148.40,103.68,0.9530,13.2100,172.1200,0.0000,0.0000,0.8320,0
2639,11:40:16.527,ROI,160,160,320,320,8.49,8.83,0.0,44.4,113.19,624.22,533.28,151.82,103.38,0.8933,13.7900,173.9400,0.0000,0.0000,0.8317,0
2640,11:40:16.590,ROI,160,160,320,320,7.83,8.33,0.0,46.9,120.06,620.24,533.30,156.54,105.94,0.9270,13.8500,175.6900,0.0000,0.0000,0.8298,0
2641,11:40:16.655,ROI,160,160,320,320,8.99,9.56,0.0,40.925,104.61,614.08,533.36,160.04,105.32,0.9199,15.1200,174.4400,0.0000,0.0000,0.8317,0
2642,11:40:16.702,ROI,160,160,352,352,8.70,9.05,10.675,0.0,110.48,610.81,533.57,152.99,101.84,0.9243,12.7900,176.1300,0.0000,0.0000,0.7178,0
2643,11:40:16.831,ROI,160,160,320,320,9.59,10.02,6.45,0.0,99.78,604.02,531.50,154.30,104.52,0.8807,15.7400,174.2800,0.0000,0.0000,0.8631,0
2644,11:40:16.879,ROI,160,160,320,320,9.40,10.06,10.5,0.0,99.41,599.20,530.90,155.28,105.94,0.9273,15.2300,172.3200,0.0000,0.0000,0.8440,0
2645,11:40:16.943,ROI,160,160,320,320,8.28,8.62,0.0,45.375,116.02,596.84,530.54,152.84,105.14,0.9626,14.9300,171.9100,0.0000,0.0000,0.8530,0
2646,11:40:17.006,ROI,160,160,320,320,7.98,8.54,0.0,0.0,117.15,590.48,528.80,157.82,107.46,0.8925,15.3500,172.9500,0.0000,0.0000,0.8614,0
2647,11:40:17.055,ROI,160,160,320,320,8.74,9.29,9.8,42.175,107.65,585.10,529.50,162.68,108.62,0.9232,16.1500,172.7900,0.0000,0.0000,0.8633,0
2648,11:40:17.118,ROI,160,160,352,352,8.41,9.04,0.0,43.225,110.63,581.57,526.51,153.08,101.79,0.8818,16.0000,168.9600,0.0000,0.0000,0.8952,0
2649,11:40:17.181,ROI,160,160,320,320,8.42,8.90,0.0,0.0,112.33,579.90,526.82,156.80,106.20,0.9357,15.9900,171.0700,0.0000,0.0000,0.8777,0
2650,11:40:17.230,ROI,160,160,320,320,8.46,8.99,0.0,43.45,111.22,577.62,524.94,156.20,106.40,0.9380,16.3700,168.6900,0.0000,0.0000,0.9078,0
2651,11:40:17.359,ROI,160,160,320,320,9.13,9.68,0.0,0.0,103.30,572.10,522.96,151.96,106.66,0.8980,15.8900,169.2800,0.0000,0.0000,0.8941,0
2652,11:40:17.407,ROI,160,160,320,320,8.52,9.03,0.0,0.0,110.71,566.52,521.30,154.78,108.78,0.9024,15.9500,168.1600,0.0000,0.0000,0.8960,0
2653,11:40:17.470,ROI,160,160,320,320,8.52,8.93,7.175,0.0,112.01,565.98,520.70,151.86,109.40,0.9706,16.2200,168.3400,0.0000,0.0000,0.9089,0
2654,11:40:17.536,ROI,160,160,320,320,8.65,9.14,13.725,0.0,109.46,557.96,520.82,156.74,111.64,0.8837,16.8400,167.0200,0.0000,0.0000,0.9055,0
2655,11:40:17.582,ROI,160,160,320,320,9.52,9.94,21.2,0.0,100.59,555.30,520.04,153.92,109.08,0.9443,15.2900,165.2500,0.0000,0.0000,0.8814,0
2656,11:40:17.646,ROI,160,160,320,320,9.39,10.06,0.0,0.0,99.36,548.08,518.02,154.06,110.94,0.8790,13.4000,166.5900,0.0000,0.0000,0.8567,0
2657,11:40:17.710,ROI,160,160,320,320,8.36,8.71,7.225,0.0,114.81,547.26,517.10,149.34,106.34,0.9292,16.8200,164.3800,0.0000,0.0000,0.8560,0
2658,11:40:17.758,ROI,160,160,320,320,8.84,9.37,10.025,41.675,106.67,541.42,514.96,149.98,110.70,0.8897,16.2700,165.3000,0.0000,0.0000,0.8064,0
2659,11:40:17.887,ROI,160,160,320,320,9.86,10.38,0.0,37.725,96.31,537.60,509.42,140.92,109.04,0.8515,17.0700,164.3000,0.0000,0.0000,0.7632,0
2660,11:40:17.933,ROI,160,160,288,288,9.92,10.52,0.0,37.125,95.02,531.89,509.99,148.25,110.43,0.9125,13.6600,165.2700,0.0000,0.0000,0.9119,0
2661,11:40:17.997,ROI,160,160,320,320,10.37,10.76,7.25,0.0,92.93,530.66,508.26,146.16,105.88,0.9430,14.9100,163.4500,0.0000,0.0000,0.8462,0
2662,11:40:18.061,ROI,160,160,320,320,11.64,12.24,0.0,0.0,81.72,525.76,507.04,145.72,111.38,0.8904,14.6400,159.0300,0.0000,0.0000,0.8148,0
2663,11:40:18.109,ROI,160,160,320,320,8.99,9.52,10.925,0.0,105.09,523.72,505.08,141.54,105.94,0.9239,15.6200,156.6600,0.0000,0.0000,0.9074,0
2664,11:40:18.175,ROI,160,160,288,288,10.61,11.12,6.85,0.0,89.89,518.88,503.78,142.40,104.24,0.9119,11.8900,164.0700,0.0000,0.0000,0.8700,0
2665,11:40:18.237,ROI,160,160,288,288,12.76,13.18,0.0,0.0,75.88,517.26,502.68,141.37,105.50,0.9574,14.4500,162.0200,0.0000,0.0000,0.8710,0
2666,11:40:18.349,ROI,160,160,288,288,12.07,12.56,3.95,0.0,79.60,507.69,500.56,145.73,100.84,0.8392,16.1700,164.5200,0.0000,0.0000,0.7869,0
2667,11:40:18.415,ROI,160,160,320,320,12.96,13.63,7.425,0.0,73.36,501.50,493.90,147.24,112.74,0.8144,16.8600,156.9700,0.0000,0.0000,0.9113,0
2668,11:40:18.461,ROI,160,160,320,320,10.30,11.00,0.0,0.0,90.89,498.72,493.38,147.02,114.24,0.9505,17.9600,155.0000,0.0000,0.0000,0.9275,0
2669,11:40:18.527,ROI,160,160,320,320,25.83,26.22,0.0,0.0,38.15,495.32,491.00,146.74,117.80,0.9172,15.8200,155.0200,0.0000,0.0000,0.8839,0
2670,11:40:18.590,ROI,160,160,320,320,9.78,10.14,0.0,0.0,98.58,492.16,489.90,146.18,117.02,0.9403,14.9500,153.0200,0.0000,0.0000,0.8814,0
2671,11:40:18.637,ROI,160,160,320,320,12.08,12.46,0.0,0.0,80.28,488.02,486.40,143.28,116.28,0.8908,13.9000,154.5600,0.0000,0.0000,0.8411,0
2672,11:40:18.765,ROI,160,160,288,288,9.96,10.56,0.0,0.0,94.70,480.24,480.98,141.98,112.21,0.8190,15.0100,152.0700,0.0000,0.0000,0.8713,0
2673,11:40:18.814,ROI,160,160,288,288,10.46,10.90,10.3,0.0,91.71,478.13,481.12,134.46,108.95,0.9195,14.6700,153.9500,0.0000,0.0000,0.9004,0
2674,11:40:18.878,ROI,160,160,288,288,12.02,12.61,14.55,0.0,79.32,477.33,479.29,134.01,107.60,0.9556,13.0800,154.3000,0.0000,0.0000,0.8884,0
2675,11:40:18.942,ROI,160,160,288,288,10.59,11.14,7.65,0.0,89.74,471.20,474.77,136.03,108.47,0.8427,14.3500,151.9700,0.0000,0.0000,0.8596,0
2676,11:40:18.990,ROI,160,160,288,288,10.03,10.76,10.625,0.0,92.94,468.93,474.11,135.49,114.23,0.9191,13.8400,150.0500,0.0000,0.0000,0.8475,0
2677,11:40:19.054,ROI,160,160,288,288,11.22,11.68,7.3,0.0,85.61,466.85,472.70,135.32,114.84,0.9466,15.6300,149.4700,0.0000,0.0000,0.9162,0
2678,11:40:19.118,ROI,160,160,288,288,11.40,12.06,7.425,0.0,82.92,464.54,471.42,135.56,115.31,0.9456,16.1000,149.2000,0.0000,0.0000,0.9082,0
2679,11:40:19.165,ROI,160,160,288,288,10.22,10.65,0.0,0.0,93.94,458.94,467.71,138.40,117.76,0.8664,15.4300,145.5900,0.0000,0.0000,0.9019,0
2680,11:40:19.294,ROI,160,160,288,288,11.48,12.07,0.0,0.0,82.84,453.93,461.85,139.14,118.62,0.8453,16.8200,149.6400,0.0000,0.0000,0.9129,0
2681,11:40:19.341,ROI,160,160,288,288,9.23,9.72,11.125,0.0,102.91,451.13,461.68,139.48,120.91,0.9427,15.1400,144.1400,0.0000,0.0000,0.8679,0
2682,11:40:19.405,ROI,160,160,288,288,9.89,10.45,0.0,0.0,95.72,448.57,458.88,135.74,119.18,0.9200,14.8600,147.3500,0.0000,0.0000,0.8714,0
2683,11:40:19.471,ROI,160,160,288,288,10.47,10.95,6.95,0.0,91.34,446.07,457.41,135.70,121.07,0.9410,15.2200,145.8000,0.0000,0.0000,0.8960,0
2684,11:40:19.518,ROI,160,160,288,288,9.64,10.07,10.7,0.0,99.30,442.42,454.79,135.49,121.36,0.9084,14.9900,142.3700,0.0000,0.0000,0.8363,0
2685,11:40:19.581,ROI,160,160,288,288,11.41,12.02,7.475,32.525,83.22,440.79,452.85,134.89,122.08,0.9460,15.0500,140.1500,0.0000,0.0000,0.8209,0
2686,11:40:19.644,ROI,160,160,288,288,10.10,10.60,0.0,0.0,94.36,436.72,448.36,135.85,121.61,0.8766,17.2400,137.0600,0.0000,0.0000,0.8894,0
2687,11:40:19.695,ROI,160,160,288,288,18.97,19.53,19.55,0.0,51.21,434.94,447.10,131.26,122.06,0.9468,13.0100,133.5500,0.0000,0.0000,0.8282,0
2688,11:40:19.822,ROI,160,160,288,288,9.74,10.38,0.0,0.0,96.39,428.94,442.81,130.48,119.61,0.8523,15.1100,133.5900,0.0000,0.0000,0.8364,0
2689,11:40:19.869,ROI,160,160,288,288,10.60,11.14,0.0,0.0,89.74,427.68,441.82,126.16,120.85,0.9516,16.1500,130.7500,0.0000,0.0000,0.8949,0
2690,11:40:19.934,ROI,160,160,256,256,11.97,12.58,0.0,0.0,79.49,421.54,438.46,125.68,117.55,0.8595,15.4600,130.0900,0.0000,0.0000,0.8601,0
2691,11:40:19.998,ROI,160,160,256,256,12.02,12.46,7.575,0.0,80.27,420.33,435.86,124.32,116.83,0.9385,15.0200,130.5700,0.0000,0.0000,0.8298,0
2692,11:40:20.045,ROI,160,160,256,256,10.78,11.42,0.0,0.0,87.55,415.22,433.50,126.74,117.25,0.8866,15.5400,129.8600,0.0000,0.0000,0.8610,0
2693,11:40:20.109,ROI,160,160,256,256,9.73,10.29,0.0,0.0,97.18,412.49,431.21,128.72,115.36,0.9221,16.2500,135.6100,0.0000,0.0000,0.8639,0
2694,11:40:20.173,ROI,160,160,288,288,10.28,10.74,7.25,0.0,93.08,408.96,430.73,131.92,118.10,0.9256,17.8900,130.8600,0.0000,0.0000,0.8942,0
2695,11:40:20.222,ROI,160,160,288,288,11.50,12.17,20.4,0.0,82.20,408.97,429.06,129.20,117.45,0.9523,18.4400,128.6200,0.0000,0.0000,0.9204,0
2696,11:40:20.351,ROI,160,160,288,288,14.69,15.19,0.0,0.0,65.83,404.20,424.10,126.49,119.92,0.8562,17.9100,126.8600,0.0000,0.0000,0.8590,0
2697,11:40:20.397,ROI,160,160,256,256,15.53,16.07,0.0,0.0,62.22,402.35,421.17,123.28,119.78,0.9250,18.4500,126.4900,0.0000,0.0000,0.9119,0
2698,11:40:20.462,ROI,160,160,256,256,12.13,12.65,7.975,0.0,79.08,399.44,419.10,127.39,121.41,0.9228,17.9800,126.4200,0.0000,0.0000,0.9021,0
2699,11:40:20.527,ROI,160,160,256,256,10.30,10.77,7.6,0.0,92.82,397.43,415.37,123.09,121.74,0.9097,19.0100,126.4600,0.0000,0.0000,0.9163,0
2700,11:40:20.574,ROI,160,160,256,256,10.40,11.01,0.0,0.0,90.82,396.57,412.58,124.29,121.55,0.9423,16.5900,125.7500,0.0000,0.0000,0.8851,0
2701,11:40:20.636,ROI,160,160,256,256,10.73,11.15,7.575,0.0,89.69,393.17,409.23,121.10,120.14,0.8962,17.7900,123.8900,0.0000,0.0000,0.8952,0
2702,11:40:20.750,ROI,160,160,256,256,14.67,15.14,0.0,0.0,66.04,389.88,405.93,120.27,120.72,0.8977,17.4300,122.7400,0.0000,0.0000,0.8981,0
2703,11:40:20.813,ROI,160,160,256,256,11.00,11.41,8.175,0.0,87.61,387.62,400.63,119.07,124.48,0.8847,16.8300,120.3500,0.0000,0.0000,0.9003,0
2704,11:40:20.877,ROI,160,160,256,256,13.23,13.85,7.45,28.2,72.19,386.28,400.16,117.04,121.52,0.9543,16.6500,119.2400,0.0000,0.0000,0.8889,0
2705,11:40:20.927,ROI,160,160,256,256,14.04,14.50,0.0,0.0,68.96,383.18,396.00,118.69,124.22,0.8880,17.0800,117.3700,0.0000,0.0000,0.8927,0
2706,11:40:20.990,ROI,160,160,256,256,10.83,11.32,0.0,0.0,88.36,382.79,394.74,114.30,121.01,0.9381,18.0100,116.9400,0.0000,0.0000,0.8925,0
2707,11:40:21.053,ROI,160,160,256,256,12.31,12.83,7.575,0.0,77.95,381.23,391.39,114.83,122.69,0.9218,18.6200,115.9800,0.0000,0.0000,0.8993,0
2708,11:40:21.101,ROI,160,160,256,256,10.19,10.79,0.0,0.0,92.64,379.58,389.93,113.97,120.94,0.9487,17.4700,117.4700,0.0000,0.0000,0.8797,0
2709,11:40:21.230,ROI,160,160,256,256,12.21,12.66,0.0,0.0,78.97,376.55,385.69,113.38,123.63,0.8862,19.2600,115.0900,0.0000,0.0000,0.9018,0
2710,11:40:21.276,ROI,160,160,256,256,9.33,9.92,0.0,0.0,100.77,374.54,382.90,111.14,122.45,0.9228,18.9000,113.7600,0.0000,0.0000,0.9160,0
2711,11:40:21.341,ROI,160,160,256,256,10.44,11.47,7.1,0.0,87.19,373.63,381.30,112.75,123.31,0.9586,19.2400,114.4500,0.0000,0.0000,0.9169,0
2712,11:40:21.405,ROI,160,160,256,256,10.68,11.17,0.0,0.0,89.51,370.81,377.35,112.93,122.83,0.8935,16.4700,111.8000,0.0000,0.0000,0.8784,0
2713,11:40:21.454,ROI,160,160,256,256,11.32,11.79,0.0,0.0,84.85,370.05,373.91,110.78,122.86,0.9281,17.8700,111.7500,0.0000,0.0000,0.9145,0
2714,11:40:21.518,ROI,160,160,256,256,12.55,13.23,7.525,0.0,75.61,367.38,370.60,108.69,121.14,0.9031,17.8300,106.7200,0.0000,0.0000,0.9138,0
2715,11:40:21.581,ROI,160,160,256,256,10.84,11.29,7.725,34.675,88.58,366.62,368.34,109.23,123.17,0.9505,17.1300,106.2100,0.0000,0.0000,0.9216,0
2716,11:40:21.630,ROI,160,160,256,256,10.83,11.26,10.45,0.0,88.79,365.30,365.89,105.62,120.50,0.9291,18.0200,106.9400,0.0000,0.0000,0.9198,0
2717,11:40:21.759,ROI,160,160,256,256,11.91,12.62,0.0,0.0,79.25,362.90,359.99,104.21,119.76,0.8678,16.1100,103.1200,0.0000,0.0000,0.8870,0
2718,11:40:21.806,ROI,160,160,256,256,9.28,10.03,11.225,0.0,99.66,362.24,357.98,104.94,116.80,0.9546,16.9100,103.4300,0.0000,0.0000,0.8902,0
2719,11:40:21.870,ROI,160,160,256,256,22.51,22.96,7.3,17.025,43.55,360.80,355.91,105.44,116.64,0.9396,17.4800,103.5600,0.0000,0.0000,0.9047,0
2720,11:40:21.933,ROI,160,160,256,256,12.47,13.02,0.0,0.0,76.81,359.81,353.00,104.58,117.07,0.9340,16.1900,103.3800,0.0000,0.0000,0.8723,0
2721,11:40:21.982,ROI,160,160,256,256,11.76,12.25,10.8,0.0,81.62,359.51,351.21,104.77,118.08,0.9646,17.6900,103.4100,0.0000,0.0000,0.8966,0
2722,11:40:22.046,ROI,160,160,256,256,17.59,18.06,0.0,0.0,55.38,358.87,346.55,104.42,119.17,0.9137,15.1300,102.4400,0.0000,0.0000,0.8387,0
2723,11:40:22.112,ROI,160,160,256,256,23.87,24.38,0.0,0.0,41.03,358.19,344.85,106.13,117.49,0.9563,15.7700,101.7000,0.0000,0.0000,0.8626,0
2724,11:40:22.159,ROI,160,160,256,256,15.59,16.08,34.15,24.3,62.20,355.89,341.09,107.49,117.60,0.8996,15.2500,101.8400,0.0000,0.0000,0.8244,0
2725,11:40:22.288,ROI,160,160,256,256,19.11,19.85,0.0,0.0,50.38,353.70,335.70,106.29,118.24,0.8777,15.5300,101.1800,0.0000,0.0000,0.8538,0
2726,11:40:22.334,ROI,160,160,256,256,18.94,19.38,15.125,20.15,51.59,353.16,335.16,104.66,115.46,0.9615,16.3200,100.6500,0.0000,0.0000,0.8784,0
2727,11:40:22.398,ROI,160,160,256,256,16.25,16.85,8.675,0.0,59.36,351.74,331.90,105.60,117.33,0.9208,15.6700,100.5800,0.0000,0.0000,0.8786,0
2728,11:40:22.461,ROI,160,160,256,256,13.49,14.03,0.0,0.0,71.30,351.22,330.62,105.81,116.40,0.9690,17.2100,100.4300,0.0000,0.0000,0.9054,0
2729,11:40:22.511,ROI,160,160,256,256,14.54,15.05,0.0,0.0,66.46,348.87,328.48,105.44,116.45,0.9227,14.8800,100.0900,0.0000,0.0000,0.8811,0
2730,11:40:22.575,ROI,160,160,256,256,11.74,12.41,0.0,0.0,80.59,348.77,324.11,103.94,116.30,0.9149,15.1600,99.2000,0.0000,0.0000,0.8808,0
2731,11:40:22.636,ROI,160,160,256,256,11.91,12.46,0.0,0.0,80.24,348.74,322.05,103.42,117.22,0.9606,14.9900,99.8400,0.0000,0.0000,0.8860,0
2732,11:40:22.749,ROI,160,160,256,256,10.26,10.85,0.0,0.0,92.13,347.14,317.17,99.18,113.33,0.8820,15.1000,98.9000,0.0000,0.0000,0.8744,0
2733,11:40:22.814,ROI,160,160,256,256,12.09,12.61,0.0,0.0,79.31,347.80,312.94,102.69,114.42,0.8976,14.9200,96.3000,0.0000,0.0000,0.8997,0
2734,11:40:22.877,ROI,160,160,256,256,11.71,12.30,0.0,0.0,81.28,346.26,311.31,99.76,111.39,0.9426,16.6700,96.1900,0.0000,0.0000,0.9344,0
2735,11:40:22.925,ROI,160,160,224,224,8.93,9.35,0.0,0.0,106.90,345.75,307.92,94.98,107.44,0.8953,16.6900,95.4100,0.0000,0.0000,0.9458,0
2736,11:40:22.990,ROI,160,160,224,224,16.23,16.77,0.0,0.0,59.63,346.44,305.45,94.40,105.31,0.9409,16.6200,96.2100,0.0000,0.0000,0.9464,0
2737,11:40:23.053,ROI,160,160,224,224,17.81,18.27,8.35,0.0,54.74,345.19,301.77,96.29,106.74,0.9094,15.6000,95.3200,0.0000,0.0000,0.9388,0
2738,11:40:23.102,ROI,160,160,224,224,18.98,19.47,13.025,0.0,51.37,345.32,299.28,95.05,104.58,0.9418,15.8300,97.6200,0.0000,0.0000,0.9029,0
2739,11:40:23.230,ROI,160,160,224,224,14.09,14.68,0.0,0.0,68.13,343.82,294.56,95.75,106.27,0.8872,15.8900,95.3300,0.0000,0.0000,0.9462,0
2740,11:40:23.278,ROI,160,160,224,224,17.28,17.82,0.0,21.95,56.11,344.69,291.65,94.37,105.50,0.9297,15.4900,95.7900,0.0000,0.0000,0.9252,0
2741,11:40:23.342,ROI,160,160,224,224,9.87,10.46,0.0,0.0,95.57,345.62,290.13,95.70,105.62,0.9531,14.3700,96.4400,0.0000,0.0000,0.8985,0
2742,11:40:23.406,ROI,160,160,224,224,18.21,18.69,0.0,0.0,53.50,343.25,286.16,95.19,106.26,0.8843,15.8300,93.8800,0.0000,0.0000,0.9452,0
2743,11:40:23.455,ROI,160,160,224,224,14.64,15.10,0.0,0.0,66.21,344.82,283.34,96.36,103.19,0.9179,13.5200,95.3400,0.0000,0.0000,0.8858,0
2744,11:40:23.517,ROI,160,160,224,224,14.42,14.88,8.3,26.275,67.21,345.01,281.52,94.81,103.53,0.9500,14.2400,95.1900,0.0000,0.0000,0.9004,0
2745,11:40:23.582,ROI,160,160,224,224,18.88,19.39,0.0,20.15,51.58,343.67,278.52,94.77,101.29,0.9177,12.5400,95.0500,0.0000,0.0000,0.8999,0
2746,11:40:23.631,ROI,160,160,224,224,18.25,18.68,0.0,20.925,53.55,345.03,275.79,98.03,104.79,0.9170,15.2400,95.6200,0.0000,0.0000,0.9045,0
2747,11:40:23.759,ROI,160,160,224,224,11.87,12.49,0.0,0.0,80.03,344.80,271.88,91.64,101.98,0.8681,13.9100,92.7400,0.0000,0.0000,0.9278,0
2748,11:40:23.805,ROI,160,160,224,224,11.49,12.01,0.0,0.0,83.26,347.14,268.75,92.27,101.42,0.8951,13.0400,91.7800,0.0000,0.0000,0.9128,0
2749,11:40:23.869,ROI,160,160,224,224,19.28,19.81,0.0,0.0,50.47,346.27,266.43,89.04,100.42,0.9223,13.8300,90.3800,0.0000,0.0000,0.9168,0
2750,11:40:23.934,ROI,160,160,224,224,15.96,16.44,0.0,0.0,60.82,346.56,264.07,91.00,98.91,0.9337,12.4900,88.7600,0.0000,0.0000,0.9116,0
2751,11:40:23.982,ROI,160,160,224,224,16.75,17.24,12.125,0.0,58.00,345.90,262.22,88.24,98.57,0.9346,13.5200,89.0700,0.0000,0.0000,0.9234,0
2752,11:40:24.046,ROI,160,160,224,224,17.44,17.87,0.0,0.0,55.97,348.68,258.88,92.16,98.62,0.8802,12.7200,89.2700,0.0000,0.0000,0.9223,0
2753,11:40:24.112,ROI,160,160,224,224,16.18,16.63,8.175,0.0,60.12,347.76,257.10,88.94,100.34,0.9321,13.8900,88.9300,0.0000,0.0000,0.9294,0
2754,11:40:24.159,ROI,160,160,224,224,21.74,22.19,12.875,0.0,45.07,347.80,254.97,89.19,99.61,0.9556,13.5800,86.8700,0.0000,0.0000,0.9282,0
2755,11:40:24.285,ROI,160,160,224,224,11.13,11.67,0.0,0.0,85.68,349.44,249.23,89.99,97.71,0.8598,11.2800,87.3200,0.0000,0.0000,0.8960,0
2756,11:40:24.333,ROI,160,160,224,224,11.83,12.24,0.0,31.925,81.70,347.99,247.46,84.00,98.22,0.9016,13.1400,88.3800,0.0000,0.0000,0.8973,0
2757,11:40:24.396,ROI,160,160,224,224,9.45,10.00,0.0,0.0,99.98,348.46,245.42,89.59,100.14,0.9004,12.7500,87.0100,0.0000,0.0000,0.9092,0
2758,11:40:24.461,ROI,160,160,224,224,9.19,9.74,0.0,0.0,102.67,348.38,242.37,87.47,100.07,0.9193,13.4900,86.8500,0.0000,0.0000,0.9163,0
2759,11:40:24.510,ROI,160,160,224,224,9.23,9.77,0.0,0.0,102.31,349.82,240.59,91.71,100.74,0.9211,12.5900,86.8400,0.0000,0.0000,0.8908,0
2760,11:40:24.574,ROI,160,160,224,224,8.99,9.40,0.0,0.0,106.41,350.37,237.07,90.26,97.10,0.9169,11.7100,85.2600,0.0000,0.0000,0.8567,0
2761,11:40:24.622,ROI,160,160,224,224,11.64,12.18,0.0,0.0,82.11,350.56,235.08,91.22,98.34,0.9500,10.9000,86.0300,0.0000,0.0000,0.8372,0
2762,11:40:24.750,ROI,160,160,224,224,15.75,16.17,6.725,24.175,61.83,351.65,230.06,91.13,99.88,0.8831,13.6500,82.3800,0.0000,0.0000,0.8414,0
2763,11:40:24.814,ROI,160,160,224,224,16.13,16.74,8.175,0.0,59.75,353.60,226.68,93.74,104.71,0.8980,11.6700,85.0000,0.0000,0.0000,0.8634,0
2764,11:40:24.863,ROI,160,160,224,224,15.12,15.86,0.0,0.0,63.07,353.76,224.31,90.79,100.91,0.9249,12.1900,83.6100,0.0000,0.0000,0.7902,0
2765,11:40:24.927,ROI,160,160,224,224,14.28,14.74,0.0,0.0,67.85,354.85,221.91,92.37,103.43,0.9321,12.8900,82.9700,0.0000,0.0000,0.8329,0
2766,11:40:24.973,ROI,160,160,224,224,11.52,12.07,12.3,0.0,82.87,356.18,219.64,91.91,99.97,0.9295,11.5300,81.9900,0.0000,0.0000,0.8176,0
2767,11:40:25.039,ROI,160,160,224,224,13.82,14.42,0.0,0.0,69.35,356.17,217.56,91.36,101.50,0.9539,13.1600,81.0500,0.0000,0.0000,0.8079,0
2768,11:40:25.150,ROI,160,160,224,224,9.98,10.52,0.0,0.0,95.07,358.21,212.17,91.84,103.96,0.8629,14.2700,79.2100,0.0000,0.0000,0.8774,0
2769,11:40:25.213,ROI,160,160,224,224,11.30,11.75,0.0,0.0,85.12,358.49,211.16,90.15,100.04,0.9445,13.2800,81.7800,0.0000,0.0000,0.8188,0
2770,11:40:25.279,ROI,160,160,224,224,9.85,10.23,7.275,0.0,97.78,359.93,209.87,91.04,99.69,0.9443,12.8500,81.4800,0.0000,0.0000,0.8295,0
2771,11:40:25.325,ROI,160,160,224,224,9.96,10.47,0.0,0.0,95.52,360.88,206.73,90.40,98.64,0.9199,15.2000,80.6400,0.0000,0.0000,0.8874,0
2772,11:40:25.390,ROI,160,160,224,224,8.98,9.55,0.0,0.0,104.73,362.11,204.50,90.92,99.18,0.9307,13.7300,82.0100,0.0000,0.0000,0.8432,0
2773,11:40:25.453,ROI,160,160,224,224,9.87,10.39,0.0,0.0,96.24,361.76,201.48,90.38,98.53,0.9336,16.5200,81.3000,0.0000,0.0000,0.8911,0
2774,11:40:25.502,ROI,160,160,224,224,11.62,12.13,10.1,0.0,82.43,363.84,200.29,91.91,99.04,0.9330,12.5400,81.7900,0.0000,0.0000,0.8064,0
2775,11:40:25.630,ROI,160,160,224,224,10.07,10.52,3.375,0.0,95.06,364.83,195.88,88.79,96.28,0.8836,16.0800,79.9500,0.0000,0.0000,0.9060,0
2776,11:40:25.677,ROI,160,160,224,224,8.52,9.06,0.0,0.0,110.39,367.04,192.70,91.43,96.78,0.8928,13.6000,80.0300,0.0000,0.0000,0.8655,0
2777,11:40:25.742,ROI,160,160,224,224,9.79,10.18,6.975,0.0,98.22,366.80,190.77,89.61,98.55,0.9425,16.4100,78.7100,0.0000,0.0000,0.8987,0
2778,11:40:25.807,ROI,160,160,224,224,9.40,9.89,0.0,0.0,101.12,368.90,188.38,93.18,97.26,0.9108,15.4300,78.7900,0.0000,0.0000,0.9206,0
2779,11:40:25.854,ROI,160,160,224,224,14.05,14.50,0.0,26.95,68.96,368.62,187.16,91.06,98.18,0.9535,17.3000,78.0300,0.0000,0.0000,0.9302,0
2780,11:40:25.918,ROI,160,160,224,224,18.22,18.74,7.875,0.0,53.35,370.93,185.25,93.94,99.75,0.9159,15.7800,77.9100,0.0000,0.0000,0.9263,0
2781,11:40:25.982,ROI,160,160,224,224,20.15,20.60,0.0,18.975,48.54,370.64,183.19,91.81,99.27,0.9382,17.1100,77.1400,0.0000,0.0000,0.9271,0
2782,11:40:26.029,ROI,160,160,224,224,16.57,17.02,14.525,22.95,58.74,373.72,181.54,92.54,97.82,0.9055,15.2200,78.6200,0.0000,0.0000,0.9217,0
2783,11:40:26.160,ROI,160,160,224,224,18.77,19.27,13.7,20.275,51.88,375.53,177.37,92.67,94.44,0.8831,15.6200,79.1100,0.0000,0.0000,0.8928,0
2784,11:40:26.206,ROI,160,160,192,192,14.80,15.25,44.025,0.0,65.58,377.56,173.76,96.18,91.79,0.8883,11.0000,80.1600,0.0000,0.0000,0.7967,0
2785,11:40:26.270,ROI,160,160,224,224,17.92,18.40,24.225,42.45,54.34,378.61,172.15,93.21,92.25,0.9363,13.8500,77.3400,0.0000,0.0000,0.8674,0
2786,11:40:26.334,ROI,160,160,192,192,20.69,21.18,0.0,0.0,47.22,380.44,169.43,91.91,91.09,0.9070,11.1600,77.4200,0.0000,0.0000,0.8076,0
2787,11:40:26.384,ROI,160,160,192,192,14.68,15.11,13.925,25.85,66.16,380.24,167.75,89.45,90.31,0.9382,11.4700,78.0200,0.0000,0.0000,0.7743,0
2788,11:40:26.446,ROI,160,160,192,192,20.82,21.32,0.0,0.0,46.90,382.75,165.60,90.36,90.55,0.9028,12.0300,76.7700,0.0000,0.0000,0.8552,0
2789,11:40:26.510,ROI,160,160,192,192,16.84,17.43,9.125,0.0,57.37,382.94,164.35,89.62,90.13,0.9649,11.8300,77.0400,0.0000,0.0000,0.7868,0
2790,11:40:26.561,ROI,160,160,192,192,21.17,21.71,23.425,18.0,46.06,386.14,161.05,91.52,90.67,0.8680,12.0400,76.9500,0.0000,0.0000,0.8732,0
2791,11:40:26.672,ROI,160,160,192,192,33.86,34.61,0.0,56.425,28.89,388.57,156.84,93.78,90.08,0.8665,12.0600,74.7600,0.0000,0.0000,0.8651,0
2792,11:40:26.735,ROI,160,160,192,192,10.68,11.35,13.45,0.0,88.09,389.15,155.65,93.40,88.49,0.9619,10.9000,77.6100,0.0000,0.0000,0.8086,0
2793,11:40:26.797,ROI,160,160,192,192,14.56,14.98,7.75,0.0,66.74,390.03,154.64,94.45,89.17,0.9595,10.9700,74.8200,0.0000,0.0000,0.8182,0
2794,11:40:26.846,ROI,160,160,192,192,12.43,13.00,0.0,0.0,76.93,391.22,152.87,94.26,88.39,0.9374,10.8900,73.4500,0.0000,0.0000,0.7792,0
2795,11:40:26.911,ROI,160,160,192,192,13.02,13.85,0.0,0.0,72.19,392.51,151.56,93.80,88.27,0.9448,12.2700,71.9000,0.0000,0.0000,0.8355,0
2796,11:40:26.973,ROI,160,160,192,192,12.83,13.23,8.075,0.0,75.57,395.22,149.13,94.70,87.14,0.8948,12.1600,69.6100,0.0000,0.0000,0.8414,0
2797,11:40:27.023,ROI,160,160,192,192,14.02,14.60,10.875,0.0,68.50,396.78,147.68,92.76,86.39,0.9359,14.1800,67.5800,0.0000,0.0000,0.8276,0
2798,11:40:27.150,ROI,160,160,192,192,11.69,12.23,0.0,0.0,81.76,400.32,144.61,95.09,85.86,0.8657,11.4500,66.4100,0.0000,0.0000,0.8102,0
2799,11:40:27.198,ROI,160,160,192,192,13.65,14.04,10.625,0.0,71.23,403.20,140.69,94.36,82.68,0.8593,11.6200,61.6700,0.0000,0.0000,0.8215,0
2800,11:40:27.261,ROI,160,160,192,192,13.16,13.70,8.025,0.0,72.99,403.04,140.01,91.28,85.18,0.9400,12.9200,65.6400,0.0000,0.0000,0.8166,0
2801,11:40:27.325,ROI,160,160,192,192,15.82,16.36,0.0,23.9,61.13,405.89,137.30,94.63,83.39,0.8837,11.4400,62.0500,0.0000,0.0000,0.8097,0
2802,11:40:27.374,ROI,160,160,192,192,14.96,15.42,0.0,0.0,64.85,407.38,136.70,94.79,84.98,0.9512,11.5200,62.9900,0.0000,0.0000,0.8116,0
2803,11:40:27.438,ROI,160,160,192,192,8.85,9.42,0.0,0.0,106.11,409.74,134.57,94.15,85.32,0.9060,12.8400,60.0600,0.0000,0.0000,0.8619,0
2804,11:40:27.549,ROI,160,160,192,192,15.14,15.87,3.85,0.0,63.01,412.12,132.79,95.68,84.62,0.9129,13.0200,53.4200,0.0000,0.0000,0.8323,0
2805,11:40:27.614,ROI,160,160,192,192,16.58,17.10,8.05,0.0,58.47,413.90,130.72,96.49,84.78,0.9185,13.8000,52.5000,0.0000,0.0000,0.8029,0
2806,11:40:27.677,ROI,160,160,224,224,15.20,15.82,0.0,0.0,63.23,415.27,129.58,97.62,88.05,0.9363,11.6500,57.4800,0.0000,0.0000,0.7932,0
2807,11:40:27.727,ROI,160,160,224,224,14.58,15.02,11.475,0.0,66.60,417.90,128.02,97.50,87.15,0.9152,13.0000,60.7400,0.0000,0.0000,0.8407,0
2808,11:40:27.789,ROI,160,160,224,224,15.21,15.79,0.0,0.0,63.33,419.73,126.08,97.85,84.13,0.9214,13.0700,59.5100,0.0000,0.0000,0.8667,0
2809,11:40:27.854,ROI,160,160,224,224,12.56,12.98,8.025,0.0,77.02,422.35,123.84,97.58,82.70,0.8995,13.1100,54.4400,0.0000,0.0000,0.8622,0
2810,11:40:27.902,ROI,160,160,224,224,17.33,17.88,0.0,0.0,55.92,424.03,122.68,98.31,81.96,0.9397,12.2800,56.0000,0.0000,0.0000,0.7933,0
2811,11:40:28.030,ROI,160,160,224,224,14.21,14.73,0.0,0.0,67.89,427.05,120.10,98.95,79.41,0.8839,13.1000,54.5900,0.0000,0.0000,0.8627,0
2812,11:40:28.078,ROI,160,160,224,224,18.29,18.76,11.65,0.0,53.31,429.87,118.52,97.94,79.56,0.9085,14.2000,55.4800,0.0000,0.0000,0.8780,0
2813,11:40:28.141,ROI,160,160,224,224,15.43,15.89,8.75,0.0,62.94,432.08,116.63,99.46,78.08,0.9125,14.9700,54.1700,0.0000,0.0000,0.8489,0
2814,11:40:28.206,ROI,160,160,224,224,20.10,20.67,0.0,0.0,48.37,434.81,114.71,99.06,78.04,0.9022,14.5200,52.4400,0.0000,0.0000,0.8215,0
2815,11:40:28.256,ROI,160,160,224,224,12.97,13.57,13.3,0.0,73.70,436.81,112.71,99.25,76.19,0.9128,15.2800,45.0200,1.0600,75.7100,0.7921,0
2816,11:40:28.317,ROI,160,160,224,224,16.66,17.23,0.0,0.0,58.05,438.35,111.26,98.73,77.15,0.9339,14.2100,48.3300,0.0000,0.0000,0.8144,0
2817,11:40:28.381,ROI,160,160,224,224,11.35,11.81,8.3,0.0,84.70,439.90,110.50,98.56,76.65,0.9504,14.8600,46.4100,0.0000,0.0000,0.8286,0
2818,11:40:28.429,ROI,160,160,224,224,14.05,14.57,0.0,0.0,68.64,440.83,110.14,100.11,77.01,0.9722,15.1900,44.5300,0.0000,0.0000,0.8240,0
2819,11:40:28.558,ROI,160,160,224,224,20.49,20.95,3.425,0.0,47.74,443.86,107.65,99.09,77.13,0.8837,14.1400,46.4000,0.0000,0.0000,0.8819,0
2820,11:40:28.605,ROI,160,160,224,224,9.20,9.80,0.0,0.0,102.09,445.51,105.73,96.91,77.49,0.9210,12.2400,48.8900,0.0000,0.0000,0.8949,0
2821,11:40:28.669,ROI,160,160,224,224,9.99,10.53,0.0,0.0,94.93,447.48,105.55,97.80,76.99,0.9542,13.8000,45.7000,0.0000,0.0000,0.9010,0
2822,11:40:28.733,ROI,160,160,224,224,13.56,14.11,0.0,0.0,70.86,450.88,103.61,99.44,74.13,0.8885,16.2000,38.9900,0.0000,0.0000,0.8649,0
2823,11:40:28.782,ROI,160,160,224,224,12.70,13.28,11.35,0.0,75.31,452.98,102.45,99.90,73.67,0.9296,14.1000,41.7800,0.0000,0.0000,0.8374,0
2824,11:40:28.845,ROI,160,160,224,224,10.12,10.54,7.875,0.0,94.85,455.96,100.49,101.04,73.11,0.8947,16.1900,36.9300,0.0000,0.0000,0.8182,0
2825,11:40:28.909,ROI,160,160,224,224,14.25,14.91,0.0,0.0,67.07,458.33,98.97,101.96,72.10,0.9160,16.9100,35.4100,0.0000,0.0000,0.8439,0
2826,11:40:28.974,ROI,160,160,224,224,11.74,12.17,7.725,0.0,82.19,461.72,97.01,101.44,69.02,0.8863,18.6500,30.8700,0.0000,0.0000,0.9174,0
2827,11:40:29.022,ROI,160,160,224,224,17.90,18.41,10.925,0.0,54.32,463.11,96.64,103.61,70.32,0.9553,21.3300,31.6100,0.0000,0.0000,0.9343,0
2828,11:40:29.133,ROI,160,160,224,224,10.15,10.71,0.0,0.0,93.39,467.41,93.87,102.28,70.90,0.8530,19.7900,33.5900,0.0000,0.0000,0.9511,0
2829,11:40:29.199,ROI,160,160,224,224,12.13,12.72,0.0,0.0,78.60,471.63,91.36,105.13,71.67,0.8613,18.4600,33.3500,0.0000,0.0000,0.9454,0
2830,11:40:29.262,ROI,160,160,224,224,14.94,15.41,0.0,0.0,64.91,471.46,91.80,105.43,71.29,0.9847,18.8800,32.8900,0.0000,0.0000,0.9186,0
2831,11:40:29.312,ROI,160,160,224,224,12.57,13.21,0.0,0.0,75.69,475.27,90.36,106.53,70.84,0.8949,17.9500,32.0600,0.0000,0.0000,0.9432,0
2832,11:40:29.374,ROI,160,160,224,224,10.09,10.50,7.95,0.0,95.23,476.65,89.11,108.39,68.77,0.9411,17.9800,29.1100,0.0000,0.0000,0.9222,0
2833,11:40:29.438,ROI,160,160,224,224,9.75,10.37,0.0,0.0,96.44,478.32,88.70,106.60,68.36,0.9581,17.3900,28.2800,0.0000,0.0000,0.9320,0
2834,11:40:29.552,ROI,160,160,224,224,16.48,17.16,3.8,22.775,58.28,482.34,87.25,103.98,68.32,0.8892,17.1100,29.4100,0.0000,0.0000,0.9316,0
2835,11:40:29.614,ROI,160,160,224,224,15.63,16.04,8.55,0.0,62.34,485.47,85.65,102.79,67.59,0.8992,17.9300,27.8900,0.0000,0.0000,0.9434,0
2836,11:40:29.661,ROI,160,160,224,224,14.23,14.86,12.6,0.0,67.27,485.98,84.90,105.03,69.64,0.9499,18.0900,29.0500,0.0000,0.0000,0.9424,0
2837,11:40:29.727,ROI,160,160,224,224,18.64,19.23,0.0,0.0,52.00,489.77,83.29,102.68,69.09,0.8887,19.1100,29.7700,0.0000,0.0000,0.9588,0
2838,11:40:29.792,ROI,160,160,224,224,13.72,14.44,8.475,0.0,69.28,490.96,83.20,103.92,68.29,0.9662,18.7100,29.8000,0.0000,0.0000,0.9473,0
2839,11:40:29.853,ROI,160,160,224,224,10.37,10.94,0.0,0.0,91.42,494.52,81.23,102.09,66.49,0.8815,19.5200,30.1300,0.0000,0.0000,0.9589,0
2840,11:40:29.902,ROI,160,160,224,224,10.55,10.96,0.0,0.0,91.20,495.79,80.65,105.08,67.42,0.9550,20.5200,29.7100,0.0000,0.0000,0.9540,0
2841,11:40:30.029,ROI,160,160,224,224,12.11,12.68,0.0,0.0,78.90,500.53,79.31,100.53,66.86,0.8775,21.1700,30.2800,0.0000,0.0000,0.9751,0
2842,11:40:30.077,ROI,160,160,224,224,9.42,9.81,0.0,0.0,101.91,503.53,78.43,102.47,65.94,0.9187,20.3700,28.6800,0.0000,0.0000,0.9751,0
2843,11:40:30.141,ROI,160,160,224,224,11.44,11.86,7.175,0.0,84.30,504.89,77.63,103.66,65.27,0.9509,20.3100,28.4000,0.0000,0.0000,0.9615,0
2844,11:40:30.206,ROI,160,160,224,224,10.32,10.92,7.475,0.0,91.58,508.03,76.75,100.93,65.72,0.9162,20.4100,28.4800,0.0000,0.0000,0.9647,0
2845,11:40:30.255,ROI,160,160,224,224,15.02,15.83,0.0,24.675,63.17,508.87,76.57,103.14,67.26,0.9561,21.4000,29.9900,0.0000,0.0000,0.9648,0
2846,11:40:30.318,ROI,160,160,224,224,10.08,10.60,0.0,0.0,94.36,510.49,75.74,102.27,67.89,0.9459,18.1900,30.7800,0.0000,0.0000,0.9328,0
2847,11:40:30.382,ROI,160,160,224,224,9.08,9.67,14.6,0.0,103.46,513.12,75.38,103.33,67.13,0.9398,17.6200,28.5600,0.0000,0.0000,0.9245,0
2848,11:40:30.428,ROI,160,160,224,224,9.24,9.65,0.0,0.0,103.60,514.62,74.55,102.10,67.27,0.9479,16.5800,28.4300,0.0000,0.0000,0.9039,0
2849,11:40:30.541,ROI,160,160,224,224,9.61,10.19,3.8,0.0,98.15,519.01,73.39,103.85,67.35,0.8883,16.3300,30.7700,0.0000,0.0000,0.9450,0
2850,11:40:30.605,ROI,160,160,224,224,9.77,10.18,0.0,0.0,98.20,523.83,71.11,100.95,66.33,0.8524,17.8300,29.8400,0.0000,0.0000,0.9558,0
2851,11:40:30.669,ROI,160,160,224,224,15.53,16.19,0.0,24.125,61.77,525.20,70.66,100.53,67.31,0.9593,18.4100,28.1300,0.0000,0.0000,0.9339,0
2852,11:40:30.733,ROI,160,160,224,224,9.97,10.38,0.0,0.0,96.34,529.10,69.78,100.69,67.27,0.9022,19.2500,28.1300,0.0000,0.0000,0.9612,0
2853,11:40:30.781,ROI,160,160,224,224,10.67,11.22,0.0,0.0,89.10,530.69,69.33,100.73,68.42,0.9529,19.3300,29.2300,0.0000,0.0000,0.9670,0
2854,11:40:30.847,ROI,160,160,224,224,9.12,9.45,7.15,0.0,105.82,534.93,68.74,99.82,67.52,0.9038,18.8200,27.9500,0.0000,0.0000,0.9585,0
2855,11:40:30.911,ROI,160,160,224,224,13.00,13.71,0.0,0.0,72.93,536.56,68.07,99.20,67.17,0.9489,18.5300,28.5500,0.0000,0.0000,0.9641,0
2856,11:40:30.957,ROI,160,160,224,224,14.03,14.61,0.0,0.0,68.46,539.68,67.51,99.47,66.53,0.9240,17.2600,28.1700,0.0000,0.0000,0.9518,0
2857,11:40:31.086,ROI,160,160,224,224,10.02,10.53,0.0,0.0,94.96,544.07,66.42,100.55,66.63,0.8876,15.3600,27.8600,0.0000,0.0000,0.9296,0
2858,11:40:31.132,ROI,160,160,224,224,9.41,9.81,10.875,0.0,101.92,545.37,66.63,100.09,66.84,0.9683,15.1700,26.7900,0.0000,0.0000,0.9358,0
2859,11:40:31.196,ROI,160,160,224,224,10.05,10.58,0.0,0.0,94.49,547.65,66.04,101.22,66.00,0.9395,14.9600,25.5000,0.0000,0.0000,0.9173,0
2860,11:40:31.261,ROI,160,160,224,224,9.36,10.00,0.0,0.0,100.00,550.96,65.41,101.71,65.31,0.9195,15.6000,26.5100,0.0000,0.0000,0.9183,0
2861,11:40:31.311,ROI,160,160,224,224,10.78,11.20,0.0,0.0,89.28,552.23,65.07,101.70,64.48,0.9633,14.5900,24.5200,0.0000,0.0000,0.8985,0
2862,11:40:31.374,ROI,160,160,224,224,11.00,11.50,7.6,0.0,86.94,555.85,64.44,101.16,62.33,0.9008,15.4200,25.2600,0.0000,0.0000,0.9221,0
2863,11:40:31.422,ROI,160,160,224,224,9.11,9.71,0.0,0.0,103.03,557.06,64.65,102.66,63.62,0.9569,15.0100,23.6100,0.0000,0.0000,0.8959,0
2864,11:40:31.551,ROI,160,160,224,224,10.19,10.72,3.25,0.0,93.32,562.29,63.73,101.92,62.68,0.8778,14.7900,24.4400,0.0000,0.0000,0.9318,0
2865,11:40:31.614,ROI,160,160,224,224,10.87,11.26,7.475,34.675,88.78,565.51,63.17,100.18,62.24,0.9220,13.7300,23.3000,0.0000,0.0000,0.8918,0
2866,11:40:31.662,ROI,160,160,224,224,9.72,10.31,10.55,0.0,97.03,567.13,62.97,99.67,62.23,0.9622,13.9900,23.1400,0.0000,0.0000,0.8655,0
2867,11:40:31.726,ROI,160,160,224,224,9.92,10.34,0.0,0.0,96.68,570.75,62.68,99.09,63.10,0.9173,14.9000,18.8400,0.0000,0.0000,0.8887,0
2868,11:40:31.791,ROI,160,160,224,224,10.11,10.54,0.0,0.0,94.92,572.11,62.80,97.64,63.03,0.9689,14.1800,22.1200,0.0000,0.0000,0.8713,0
2869,11:40:31.840,ROI,160,160,224,224,11.31,11.84,0.0,0.0,84.49,576.07,62.24,100.17,62.65,0.9074,14.3600,22.3100,0.0000,0.0000,0.8928,0
2870,11:40:31.967,ROI,160,160,224,224,10.44,10.90,3.375,0.0,91.72,580.82,61.26,99.41,62.17,0.8824,14.4600,18.1000,0.0000,0.0000,0.8701,0
2871,11:40:32.013,ROI,160,160,224,224,11.52,11.95,22.1,0.0,83.71,584.37,61.28,100.41,61.56,0.9225,14.2500,19.4300,0.0000,0.0000,0.8691,0
2872,11:40:32.079,ROI,160,160,224,224,19.73,20.45,0.0,19.1,48.90,588.24,60.89,101.22,62.90,0.9068,14.9300,18.3100,0.0000,0.0000,0.8597,0
2873,11:40:32.141,ROI,160,160,224,224,16.26,16.77,9.25,0.0,59.62,589.20,60.82,100.16,63.28,0.9753,16.6300,14.3800,0.0000,0.0000,0.8811,0
2874,11:40:32.191,ROI,160,160,224,224,14.30,14.80,11.95,0.0,67.56,590.69,60.62,98.59,63.03,0.9645,15.9600,12.5600,1.0400,-16.2600,0.8630,0
2875,11:40:32.255,ROI,160,160,224,224,10.75,11.21,7.85,0.0,89.18,593.37,60.38,98.94,62.96,0.9402,15.4700,11.2900,0.0000,0.0000,0.8156,0
2876,11:40:32.318,ROI,160,160,224,224,10.66,11.05,0.0,0.0,90.46,595.46,60.02,95.90,61.67,0.9385,15.5500,17.6200,0.0000,0.0000,0.8620,0
2877,11:40:32.367,ROI,160,160,192,192,11.51,11.96,0.0,0.0,83.59,597.71,59.98,98.24,61.73,0.9535,19.6100,9.6500,1.7400,-34.6000,0.8908,0
2878,11:40:32.494,ROI,160,160,224,224,9.27,9.82,0.0,0.0,101.87,602.80,59.21,97.12,62.62,0.8801,14.6700,13.0300,0.0000,0.0000,0.7837,0
2879,11:40:32.541,ROI,160,160,224,224,9.49,10.02,0.0,0.0,99.81,605.42,58.72,97.69,60.94,0.9229,14.3600,13.3300,0.0000,0.0000,0.8139,0
2880,11:40:32.606,ROI,160,160,224,224,11.09,11.67,0.0,0.0,85.71,609.06,58.44,97.55,60.27,0.9182,13.9200,8.0700,0.0000,0.0000,0.7467,0
2881,11:40:32.669,ROI,160,160,224,224,10.80,11.20,0.0,34.9,89.32,610.30,58.34,97.23,61.26,0.9592,13.0200,7.6300,1.3600,-9.2000,0.7949,0
2882,11:40:32.717,ROI,160,160,224,224,10.80,11.19,0.0,0.0,89.36,614.70,58.39,97.31,60.65,0.9046,12.9800,9.5100,0.0000,0.0000,0.7286,0
2883,11:40:32.782,ROI,160,160,224,224,10.27,10.69,14.375,0.0,93.58,615.43,58.25,96.38,60.84,0.9807,12.7500,6.4800,1.2500,-12.0000,0.8230,0
2884,11:40:32.846,ROI,160,160,224,224,10.43,10.82,7.4,0.0,92.45,618.51,58.80,98.17,60.14,0.9223,13.6800,9.4900,0.0000,0.0000,0.7762,0
2885,11:40:32.893,ROI,160,160,224,224,9.62,10.02,10.6,0.0,99.83,620.69,58.63,97.80,60.76,0.9471,15.0800,8.6100,1.3000,-2.0100,0.8780,0
2886,11:40:33.022,ROI,160,160,224,224,10.40,10.81,3.275,0.0,92.50,625.89,58.16,95.24,59.93,0.8842,12.2400,4.5800,0.0000,0.0000,0.7609,0
2887,11:40:33.071,ROI,160,160,192,192,10.22,10.99,0.0,0.0,91.02,627.82,58.06,93.90,58.16,0.9321,16.7900,6.7000,1.3700,-6.9300,0.8700,0
2888,11:40:33.134,ROI,160,160,192,192,11.06,11.50,7.425,0.0,86.99,631.52,57.11,93.71,60.08,0.8956,15.4300,5.1400,1.1100,-1.9300,0.8552,0
2889,11:40:33.199,ROI,160,160,192,192,10.24,10.75,0.0,36.35,93.00,633.32,58.01,93.02,56.71,0.9091,16.1200,5.4400,1.4800,-6.5300,0.8866,0
2890,11:40:33.247,ROI,160,160,192,192,10.73,11.12,0.0,0.0,89.94,636.11,58.37,93.12,57.46,0.9299,16.0700,3.3700,1.7500,-12.3500,0.8711,0
2891,11:40:33.309,ROI,160,160,192,192,14.69,15.25,0.0,25.625,65.59,638.08,58.37,93.61,57.31,0.9564,16.9600,5.0600,2.3500,-1.0600,0.8733,0
2892,11:40:33.378,ROI,160,160,192,192,27.42,28.02,14.675,0.0,35.68,640.94,58.18,95.51,59.47,0.9077,16.6900,4.0300,1.7100,-1.6600,0.8703,0
2893,11:40:33.422,ROI,160,160,192,192,10.50,11.01,0.0,0.0,90.85,643.13,58.37,93.85,58.60,0.9409,17.1800,3.7000,2.1400,-0.7600,0.9008,0
2894,11:40:33.551,ROI,160,160,192,192,12.43,12.84,6.6,0.0,77.87,648.27,59.00,93.35,58.60,0.8777,16.6900,6.7800,2.5100,-0.8200,0.8888,0
2895,11:40:33.597,ROI,160,160,192,192,11.06,11.47,0.0,0.0,87.21,650.52,59.40,92.10,59.23,0.9402,17.2900,2.8300,0.0000,0.0000,0.8912,0
2896,11:40:33.661,ROI,160,160,192,192,10.33,10.76,7.35,0.0,92.97,652.08,59.30,91.60,58.78,0.9593,16.9100,2.4200,1.4900,-7.9900,0.8895,0
2897,11:40:33.727,ROI,160,160,192,192,11.84,12.23,7.075,0.0,81.79,654.02,59.00,92.00,58.81,0.9491,16.8500,1.5400,1.7800,-6.3500,0.8931,0
2898,11:40:33.774,ROI,160,160,192,192,10.23,10.62,22.3,0.0,94.19,655.18,58.92,92.41,59.54,0.9633,17.5900,2.3100,1.7100,-3.4800,0.8923,0
2899,11:40:33.837,ROI,160,160,192,192,11.62,12.05,0.0,0.0,83.01,656.62,58.61,92.33,59.10,0.9592,17.0000,2.0600,1.9100,-1.4500,0.8620,0
2900,11:40:33.949,ROI,160,160,192,192,11.66,12.07,0.0,0.0,82.82,657.87,58.88,92.76,59.38,0.9644,17.6300,1.2600,1.7900,-2.9000,0.8878,0
2901,11:40:34.014,ROI,160,160,192,192,13.67,14.04,0.0,0.0,71.21,658.99,58.80,92.63,58.92,0.9687,16.8600,1.8900,1.9000,-5.0700,0.8718,0
2902,11:40:34.078,ROI,160,160,192,192,11.53,11.94,0.0,0.0,83.76,659.40,58.64,93.06,59.48,0.9818,17.6000,1.6800,1.6900,-4.4300,0.8826,0
2903,11:40:34.125,ROI,160,160,192,192,13.70,14.11,11.0,0.0,70.87,660.26,58.87,93.18,59.30,0.9743,17.2700,1.0400,2.4500,-5.6700,0.8938,0
2904,11:40:34.190,ROI,160,160,192,192,15.47,16.00,15.3,0.0,62.49,660.50,59.09,92.34,57.88,0.9671,17.6400,0.8400,3.1400,-2.5200,0.8917,0
2905,11:40:34.254,ROI,160,160,192,192,14.45,14.99,8.225,0.0,66.69,660.84,59.29,91.94,58.18,0.9858,18.4600,0.6700,3.2800,-0.7500,0.9067,0
2906,11:40:34.302,ROI,160,160,192,192,16.01,16.42,11.9,0.0,60.90,660.85,59.27,92.03,58.31,0.9968,18.3600,0.7600,3.1000,-0.8300,0.9010,0
2907,11:40:34.430,ROI,160,160,192,192,12.76,13.14,0.0,29.725,76.09,660.91,59.30,92.17,58.38,0.9972,18.2400,0.6200,3.2600,-1.8100,0.9047,0
2908,11:40:34.477,ROI,160,160,192,192,9.90,10.32,0.0,0.0,96.89,661.00,59.36,92.18,58.43,0.9961,18.3600,1.0900,3.1500,-2.1200,0.9040,0
2909,11:40:34.542,ROI,160,160,192,192,14.86,15.36,0.0,0.0,65.10,661.03,59.33,92.14,58.24,0.9959,18.4500,1.0200,3.1100,-1.8900,0.9031,0
2910,11:40:34.605,ROI,160,160,192,192,10.99,11.38,0.0,0.0,87.89,660.95,59.38,92.56,57.70,0.9863,18.1100,0.7200,2.9100,-1.5400,0.9144,0
2911,11:40:34.654,ROI,160,160,192,192,12.78,13.44,0.0,0.0,74.39,661.00,59.34,92.27,58.22,0.9879,18.4300,1.1400,3.1500,-1.2100,0.9012,0
2912,11:40:34.718,ROI,160,160,192,192,10.77,11.15,0.0,0.0,89.69,661.00,59.34,92.22,58.36,0.9972,18.4200,0.8500,3.0700,-1.9300,0.9033,0
2913,11:40:34.782,ROI,160,160,192,192,10.60,10.98,0.0,0.0,91.04,660.97,59.29,92.21,58.46,0.9976,18.4300,1.1100,3.0000,-1.8400,0.9028,0
2914,11:40:34.831,ROI,160,160,192,192,11.18,11.59,10.325,0.0,86.30,660.95,59.36,92.23,58.44,0.9970,18.4200,1.1000,3.0000,-2.1200,0.9037,0
