frame_id,timestamp,mode,input_width,input_height,roi_w,roi_h,inf_time_ms,end_to_end_time_ms,cpu_load_pct,end_to_end_cpu_load_pct,fps,x_center,y_center,width,height,iou_prev_bbox,group1_magnitude,group1_angle,group2_magnitude,group2_angle,best_conf,tracking_lost,raw_angle,model_angle_smooth,trajectory_angle_smooth,estimated_speed,fused_angle,fused_weight_x,pid_mode,target_angle,angle_error,target_x,target_y,distance_error,ble_speed_left,ble_speed_right,post_ph4_spin_elapsed_s,post_ph4_re_rfb_elapsed_s
2318,10:10:25.760,ROI,160,160,384,384,15.91,17.04,3.325,22.925,58.68,927.33,485.79,184.54,142.46,0.9820,15.6500,147.1000,0.0000,0.0000,0.8055,0,147.1000,-212.5630,-162.0621,0.0610,-209.6575,0.9425,PHASE_1_ALIGNING,123.57,26.78,627.6,34.1,542.09,803,-803,,
2319,10:10:25.788,ROI,160,160,384,384,17.59,18.94,0.0,0.0,52.81,927.10,485.50,185.93,143.42,0.9859,15.9900,146.6800,0.0000,0.0000,0.8304,0,146.6800,-212.6284,-158.4942,0.0377,-210.6636,0.9637,PHASE_1_ALIGNING,123.56,25.77,627.6,34.1,541.72,773,-773,,
2320,10:10:25.822,ROI,160,160,384,384,16.91,18.61,0.0,20.975,53.72,927.10,485.65,185.90,143.28,0.9979,15.9300,146.7900,0.0000,0.0000,0.8292,0,146.7900,-212.6624,-155.5814,0.0346,-210.7512,0.9665,PHASE_1_ALIGNING,123.55,25.69,627.6,34.1,541.84,771,-771,,
2321,10:10:25.914,ROI,160,160,384,384,16.45,17.73,0.0,0.0,56.39,926.98,485.53,185.71,143.33,0.9970,15.9000,147.0100,0.0000,0.0000,0.8256,0,147.0100,-212.7140,-145.1177,0.0090,-212.1104,0.9911,PHASE_1_ALIGNING,123.55,24.34,627.6,34.1,541.68,730,-730,,
2322,10:10:25.977,ROI,160,160,384,384,11.06,12.48,0.0,0.0,80.12,928.42,486.20,184.56,141.43,0.9715,14.8300,147.8500,0.0000,0.0000,0.8136,0,147.8500,-212.5329,-147.1872,0.0328,-210.4555,0.9682,PHASE_1_ALIGNING,123.64,25.91,627.6,34.1,543.04,777,-777,,
2323,10:10:26.043,ROI,160,160,384,384,17.61,18.90,0.0,20.675,52.90,928.31,485.38,182.42,144.19,0.9697,16.1300,146.0100,0.0000,0.0000,0.8051,0,146.0100,-212.8302,-149.1488,0.0286,-211.0572,0.9722,PHASE_1_ALIGNING,123.68,25.26,627.6,34.1,542.29,758,-758,,
2324,10:10:26.089,ROI,160,160,384,384,17.08,18.29,0.0,0.0,54.69,927.59,486.06,184.90,142.82,0.9774,15.5400,146.3200,0.0000,0.0000,0.8074,0,146.3200,-212.9550,-157.2907,0.0424,-210.6926,0.9594,PHASE_1_ALIGNING,123.57,25.73,627.6,34.1,542.46,772,-772,,
2325,10:10:26.153,ROI,160,160,384,384,14.34,15.40,0.0,0.0,64.95,927.82,486.53,182.81,141.74,0.9812,15.8600,146.7600,0.0000,0.0000,0.8291,0,146.7600,-213.0910,-179.5024,0.0446,-211.6557,0.9573,PHASE_1_ALIGNING,123.57,24.78,627.6,34.1,542.97,743,-743,,
2326,10:10:26.218,ROI,160,160,384,384,16.14,17.19,0.0,0.0,58.18,928.80,486.29,182.16,143.06,0.9802,15.3200,146.2800,0.0000,0.0000,0.8293,0,146.2800,-213.2119,-191.0457,0.0749,-211.6681,0.9304,PHASE_1_ALIGNING,123.67,24.66,627.6,34.1,543.32,740,-740,,
2327,10:10:26.266,ROI,160,160,384,384,13.98,15.39,0.0,0.0,64.96,927.54,486.41,179.98,145.68,0.9687,14.5700,145.5100,0.0000,0.0000,0.8130,0,145.5100,-213.6042,-206.6042,0.0691,-213.1515,0.9353,PHASE_1_ALIGNING,123.55,23.30,627.6,34.1,542.72,699,-699,,
2328,10:10:26.395,ROI,160,160,384,384,18.35,19.65,3.45,19.875,50.88,926.88,486.77,182.86,148.22,0.9674,15.0600,143.5200,0.0000,0.0000,0.8391,0,143.5200,-214.2248,-218.8314,0.0780,-214.5581,0.9276,PHASE_1_ALIGNING,123.47,21.97,627.6,34.1,542.66,659,-659,,
2329,10:10:26.441,ROI,160,160,384,384,12.20,13.53,14.425,0.0,73.89,925.50,487.80,177.22,146.21,0.9557,14.6800,143.3600,0.0000,0.0000,0.8463,0,143.3600,-214.9664,-236.6085,0.0999,-216.9315,0.9092,PHASE_2_DRIVING,123.29,19.78,627.6,34.1,542.76,2000,1339,,
2330,10:10:26.506,ROI,160,160,384,384,13.93,15.34,7.675,25.475,65.19,925.62,489.40,176.95,148.37,0.9771,13.5400,140.9900,0.0000,0.0000,0.7958,0,140.9900,-215.9719,-253.6015,0.1530,-220.9642,0.8673,PHASE_2_DRIVING,123.21,15.83,627.6,34.1,544.17,2000,1999,,
2331,10:10:26.568,ROI,160,160,384,384,13.28,14.15,0.0,0.0,70.65,924.83,485.78,173.42,154.20,0.9351,13.4500,140.1700,0.0000,0.0000,0.7707,0,140.1700,-217.0390,-272.0338,0.1510,-224.2523,0.8688,PHASE_2_DRIVING,123.35,12.40,627.6,34.1,540.71,1948,2000,,
2332,10:10:26.617,ROI,160,160,352,352,16.32,17.37,0.0,22.5,57.57,924.90,486.56,178.60,159.13,0.9410,15.2500,134.6500,0.0000,0.0000,0.8160,0,134.6500,-219.2343,-254.1471,0.1753,-224.4421,0.8508,PHASE_2_DRIVING,123.31,12.25,627.6,34.1,541.40,2000,1583,,
2333,10:10:26.681,ROI,160,160,384,384,19.48,21.13,0.0,18.475,47.32,924.65,488.04,176.62,161.26,0.9710,13.5600,134.6000,0.0000,0.0000,0.8287,0,134.6000,-221.0989,-236.6935,0.2073,-223.7769,0.8283,PHASE_2_DRIVING,123.20,13.02,627.6,34.1,542.49,2000,1445,,
2334,10:10:26.731,ROI,160,160,384,384,19.28,20.67,13.725,18.9,48.38,925.94,488.70,172.97,160.22,0.9714,13.0400,135.0100,0.0000,0.0000,0.7840,0,135.0100,-222.7729,-219.7757,0.2353,-222.2020,0.8095,PHASE_2_DRIVING,123.28,14.52,627.6,34.1,543.75,2000,1319,,
2335,10:10:26.859,ROI,160,160,352,352,21.85,23.18,3.625,16.85,43.14,926.08,489.14,163.11,161.63,0.9352,10.4300,129.4300,0.0000,0.0000,0.7737,0,129.4300,-225.2208,-239.3105,0.2488,-228.0276,0.8008,PHASE_2_DRIVING,123.26,8.71,627.6,34.1,544.20,1492,2000,,
2336,10:10:26.906,ROI,160,160,352,352,19.07,20.53,0.0,19.025,48.70,926.44,488.49,160.89,161.96,0.9786,10.7200,128.9300,0.0000,0.0000,0.7889,0,128.9300,-227.5405,-256.3767,0.2539,-233.3793,0.7975,PHASE_2_DRIVING,123.33,3.29,627.6,34.1,543.86,1379,2000,,
2337,10:10:26.968,ROI,160,160,352,352,15.88,16.90,0.0,0.0,59.17,925.21,486.44,159.70,163.55,0.9604,9.7600,123.6000,0.0000,0.0000,0.8298,0,123.6000,-230.6790,-272.5045,0.2401,-238.7780,0.8064,PHASE_2_DRIVING,123.34,-2.12,627.6,34.1,541.46,1232,2000,,
2338,10:10:27.034,ROI,160,160,352,352,13.85,14.75,8.025,0.0,67.80,924.14,486.02,158.38,162.56,0.9807,9.1100,121.5800,0.0000,0.0000,0.8354,0,121.5800,-233.8139,-251.9260,0.2417,-237.3399,0.8053,PHASE_2_DRIVING,123.27,-0.61,627.6,34.1,540.53,2000,1794,,
2339,10:10:27.083,ROI,160,160,352,352,12.43,13.57,0.0,0.0,73.71,921.76,485.80,160.45,164.49,0.9592,9.3400,120.4000,0.0000,0.0000,0.8305,0,120.4000,-236.7235,-230.4670,0.2894,-235.3193,0.7756,PHASE_2_DRIVING,123.07,1.61,627.6,34.1,539.04,2000,1620,,
2340,10:10:27.146,ROI,160,160,352,352,17.27,18.41,0.0,0.0,54.32,919.94,483.83,155.94,163.09,0.9490,10.6200,120.1100,0.0000,0.0000,0.8295,0,120.1100,-239.1323,-217.5209,0.3439,-233.6020,0.7441,PHASE_2_DRIVING,123.03,3.37,627.6,34.1,536.40,2000,1622,,
2341,10:10:27.194,ROI,160,160,352,352,13.56,14.99,13.4,0.0,66.72,918.87,482.89,151.32,159.96,0.9518,10.0800,115.2600,0.0000,0.0000,0.7854,0,115.2600,-242.2516,-207.1824,0.4225,-231.8356,0.7030,PHASE_2_DRIVING,122.98,5.18,627.6,34.1,535.02,2000,1558,,
2342,10:10:27.323,ROI,160,160,320,320,10.84,11.90,0.0,0.0,84.02,916.98,479.44,148.72,161.40,0.9347,11.3200,110.1100,0.0000,0.0000,0.8030,0,110.1100,-245.8511,-200.8101,0.5593,-229.6953,0.6413,PHASE_2_DRIVING,123.02,7.29,627.6,34.1,531.10,2000,1457,,
2343,10:10:27.370,ROI,160,160,352,352,19.23,20.95,0.0,0.0,47.73,915.80,477.59,142.85,158.93,0.9387,14.0100,114.0400,0.0000,0.0000,0.8822,0,114.0400,-247.9620,-199.0574,0.7109,-227.6415,0.5845,PHASE_2_DRIVING,123.02,9.34,627.6,34.1,528.91,2000,1403,,
2344,10:10:27.434,ROI,160,160,320,320,14.40,15.34,0.0,0.0,65.20,915.84,475.82,143.90,160.70,0.9709,13.4100,107.5800,0.0000,0.0000,0.8588,0,107.5800,-250.8745,-197.8324,0.8478,-226.5382,0.5412,PHASE_2_DRIVING,123.13,10.34,627.6,34.1,527.45,2000,1499,,
2345,10:10:27.499,ROI,160,160,352,352,17.48,18.64,0.0,0.0,53.64,913.83,472.51,137.74,155.06,0.9181,16.1800,108.8300,2.4000,119.3500,0.8550,0,108.8300,-252.9377,-199.5288,1.0436,-225.6639,0.4893,PHASE_2_DRIVING,123.14,11.20,627.6,34.1,523.58,2000,1489,,
2346,10:10:27.546,ROI,160,160,320,320,14.41,15.63,13.825,25.0,63.98,913.96,469.76,137.08,153.52,0.9603,15.7000,105.5500,0.0000,0.0000,0.8916,0,105.5500,-255.2499,-203.2719,1.2448,-226.4269,0.4455,PHASE_2_DRIVING,123.32,10.26,627.6,34.1,521.35,2000,1756,,
2347,10:10:27.609,ROI,160,160,320,320,15.59,16.80,0.0,0.0,59.52,911.94,466.82,135.06,152.16,0.9346,15.3400,103.6200,0.0000,0.0000,0.9077,0,103.6200,-257.3087,-211.7318,1.4702,-230.1822,0.4048,PHASE_2_DRIVING,123.31,6.51,627.6,34.1,517.78,1687,2000,,
2348,10:10:27.674,ROI,160,160,320,320,11.63,12.74,8.075,0.0,78.50,910.96,461.86,132.58,150.32,0.9197,17.0100,98.4100,0.0000,0.0000,0.9026,0,98.4100,-260.0001,-221.9902,1.6999,-236.0684,0.3704,PHASE_2_DRIVING,123.52,0.41,627.6,34.1,513.10,1226,2000,,
2349,10:10:27.722,ROI,160,160,320,320,16.44,17.81,22.275,0.0,56.15,909.98,459.52,133.88,153.84,0.9556,15.7200,98.0300,0.0000,0.0000,0.9224,0,98.0300,-262.1133,-235.7763,1.9795,-244.6158,0.3356,PHASE_2_DRIVING,123.57,-8.19,627.6,34.1,510.61,805,2000,,
2350,10:10:27.834,ROI,160,160,320,320,14.28,15.24,4.15,25.625,65.61,907.88,452.32,134.24,153.74,0.8837,15.1400,96.7200,0.0000,0.0000,0.8857,0,96.7200,-264.3687,-233.0367,2.3136,-242.4921,0.3018,PHASE_2_DRIVING,123.83,-6.32,627.6,34.1,503.45,2000,1954,,
2351,10:10:27.897,ROI,160,160,320,320,16.60,17.59,0.0,0.0,56.86,906.98,447.74,134.90,152.00,0.9297,16.2400,97.0800,0.0000,0.0000,0.8878,0,97.0800,-265.8905,-228.9925,2.6273,-239.1649,0.2757,PHASE_2_DRIVING,124.04,-3.20,627.6,34.1,499.15,2000,1660,,
2352,10:10:27.962,ROI,160,160,320,320,13.78,14.65,0.0,26.675,68.24,907.04,444.02,134.88,151.66,0.9513,13.6000,100.5600,0.0000,0.0000,0.8887,0,100.5600,-265.9962,-223.4017,2.8884,-234.3559,0.2572,PHASE_2_DRIVING,124.28,1.36,627.6,34.1,496.11,2000,1344,,
2353,10:10:28.009,ROI,160,160,320,320,15.97,17.25,0.0,22.65,57.98,906.74,441.06,134.06,147.92,0.9554,13.5200,98.0000,0.0000,0.0000,0.8454,0,98.0000,-266.6415,-235.6392,3.0943,-243.2112,0.2442,PHASE_2_DRIVING,124.45,-7.66,627.6,34.1,493.49,783,2000,,
2354,10:10:28.074,ROI,160,160,320,320,12.70,13.64,0.0,0.0,73.30,906.32,438.32,134.70,149.74,0.9579,13.5800,98.4900,0.0000,0.0000,0.8291,0,98.4900,-266.6907,-249.1746,3.2545,-253.2917,0.2350,PHASE_2_DRIVING,124.59,-17.88,627.6,34.1,491.00,519,2000,,
2355,10:10:28.140,ROI,160,160,320,320,13.14,14.18,0.0,0.0,70.54,903.14,433.30,138.36,151.16,0.8940,12.8600,101.8300,0.0000,0.0000,0.8936,0,101.8300,-266.1144,-265.0509,3.4554,-265.2896,0.2244,PHASE_2_DRIVING,124.61,-29.90,627.6,34.1,485.06,247,2000,,
2356,10:10:28.187,ROI,160,160,320,320,15.59,16.82,0.0,23.225,59.47,902.58,429.10,136.52,149.16,0.9333,13.9900,98.0800,0.0000,0.0000,0.8628,0,98.0800,-266.1482,-263.8182,3.6279,-264.3217,0.2161,PHASE_2_DRIVING,124.84,-29.17,627.6,34.1,481.29,1169,2000,,
2357,10:10:28.315,ROI,160,160,320,320,12.93,13.88,3.525,0.0,72.04,900.18,422.30,134.18,150.58,0.8828,14.4800,96.2000,0.0000,0.0000,0.8407,0,96.2000,-266.2857,-262.6838,3.8211,-263.4309,0.2074,PHASE_2_DRIVING,125.08,-28.51,627.6,34.1,474.34,1178,2000,,
2358,10:10:28.360,ROI,160,160,320,320,11.58,13.14,0.0,0.0,76.09,901.40,419.84,132.34,148.68,0.9503,13.1400,96.5600,0.0000,0.0000,0.7799,0,96.5600,-265.9571,-261.7825,3.9593,-262.6243,0.2016,PHASE_2_DRIVING,125.37,-27.99,627.6,34.1,473.03,1176,2000,,
2359,10:10:28.425,ROI,160,160,320,320,9.81,11.04,7.6,0.0,90.57,899.02,415.44,138.48,149.74,0.9019,13.1700,99.8400,0.0000,0.0000,0.8801,0,99.8400,-265.0829,-261.1631,4.0697,-261.9362,0.1973,PHASE_2_DRIVING,125.44,-27.38,627.6,34.1,468.07,1202,2000,,
2360,10:10:28.488,ROI,160,160,320,320,13.74,14.82,0.0,0.0,67.48,898.50,413.42,139.00,147.56,0.9660,10.8900,99.2900,0.0000,0.0000,0.8461,0,99.2900,-264.6229,-260.8254,4.1466,-261.5633,0.1943,PHASE_2_DRIVING,125.53,-27.10,627.6,34.1,466.12,1175,2000,,
2361,10:10:28.536,ROI,160,160,320,320,16.41,17.56,0.0,22.25,56.95,897.60,408.58,137.80,148.52,0.9250,11.7800,100.4800,0.0000,0.0000,0.8834,0,100.4800,-263.2929,-260.5199,4.2091,-261.0522,0.1920,PHASE_2_DRIVING,125.79,-26.84,627.6,34.1,461.67,1179,2000,,
2362,10:10:28.601,ROI,160,160,320,320,18.39,19.64,8.225,0.0,50.93,896.66,405.64,136.72,145.78,0.9479,12.8900,101.5400,0.0000,0.0000,0.8605,0,101.5400,-262.2258,-260.3959,4.2119,-260.7470,0.1919,PHASE_2_DRIVING,125.91,-26.66,627.6,34.1,458.73,1177,2000,,
2363,10:10:28.714,ROI,160,160,320,320,15.03,16.05,0.0,24.325,62.30,891.00,397.72,135.88,145.46,0.8287,14.8400,103.7600,0.0000,0.0000,0.8787,0,103.7600,-260.4595,-260.1089,4.2968,-260.1751,0.1888,PHASE_2_DRIVING,125.92,-26.09,627.6,34.1,449.00,1230,2000,,
2364,10:10:28.776,ROI,160,160,320,320,10.44,11.30,0.0,0.0,88.46,891.36,393.08,137.46,142.92,0.9273,11.6600,108.1900,0.0000,0.0000,0.8572,0,108.1900,-258.0620,-259.8208,4.3492,-259.4920,0.1869,PHASE_2_DRIVING,126.31,-25.80,627.6,34.1,445.46,1210,2000,,
2365,10:10:28.827,ROI,160,160,288,288,12.42,14.32,9.85,27.275,69.84,890.12,389.89,134.33,137.36,0.9338,8.4600,105.9200,0.0000,0.0000,0.7595,0,105.9200,-256.3898,-259.2630,4.3627,-258.7272,0.1865,PHASE_2_DRIVING,126.42,-25.15,627.6,34.1,442.15,1264,2000,,
2366,10:10:28.888,ROI,160,160,288,288,16.69,17.99,0.0,0.0,55.59,888.47,385.53,138.35,139.18,0.9123,4.8600,105.1200,0.0000,0.0000,0.5980,0,105.1200,-255.5006,-258.4891,4.3918,-257.9348,0.1855,PHASE_2_DRIVING,126.59,-24.52,627.6,34.1,437.67,1278,2000,,
2367,10:10:28.952,ROI,160,160,288,288,16.72,18.08,0.0,0.0,55.32,887.08,382.82,133.49,136.13,0.9280,7.6400,105.7200,0.0000,0.0000,0.7438,0,105.7200,-254.6486,-257.5352,4.3589,-256.9965,0.1866,PHASE_2_DRIVING,126.65,-23.65,627.6,34.1,434.67,1329,2000,,
2368,10:10:29.002,ROI,160,160,288,288,13.73,15.04,0.0,0.0,66.49,886.95,380.94,132.88,135.86,0.9683,6.4400,105.6800,0.0000,0.0000,0.7153,0,105.6800,-254.0852,-256.4753,4.3407,-256.0278,0.1872,PHASE_2_DRIVING,126.79,-22.81,627.6,34.1,433.08,1348,2000,,
2369,10:10:29.131,ROI,160,160,288,288,14.29,15.57,0.0,0.0,64.21,886.11,376.42,128.59,133.36,0.9056,4.0900,107.7000,0.0000,0.0000,0.4678,0,107.7000,-253.2256,-255.3483,4.3402,-254.9508,0.1873,PHASE_2_DRIVING,127.06,-22.01,627.6,34.1,428.96,1367,2000,,
2370,10:10:29.177,ROI,160,160,288,288,12.02,13.50,0.0,0.0,74.06,880.51,371.93,132.61,134.86,0.8605,3.0000,107.0300,0.0000,0.0000,0.5365,0,107.0300,-252.3027,-254.1098,4.3615,-253.7727,0.1865,PHASE_2_DRIVING,126.82,-20.59,627.6,34.1,422.01,1481,2000,,
2371,10:10:29.242,ROI,160,160,288,288,14.27,16.07,0.0,0.0,62.21,880.59,371.41,133.25,133.72,0.9868,4.0600,108.9600,0.0000,0.0000,0.4378,0,108.9600,-251.3827,-252.8597,4.2902,-252.5805,0.1890,PHASE_2_DRIVING,126.87,-19.45,627.6,34.1,421.65,1482,2000,,
2372,10:10:29.305,ROI,160,160,288,288,15.39,16.68,8.4,0.0,59.93,876.44,365.38,135.00,134.21,0.8611,5.5900,110.9800,0.0000,0.0000,0.6791,0,110.9800,-250.1872,-251.6048,4.2441,-251.3345,0.1907,PHASE_2_DRIVING,126.91,-18.25,627.6,34.1,414.33,1527,2000,,
2373,10:10:29.354,ROI,160,160,288,288,13.76,14.65,0.0,0.0,68.28,875.77,365.31,134.10,133.51,0.9849,4.2000,110.6300,0.0000,0.0000,0.4878,0,110.6300,-248.9113,-250.2365,4.1570,-249.9796,0.1939,PHASE_2_DRIVING,126.84,-16.82,627.6,34.1,413.86,1599,2000,,
2374,10:10:29.417,ROI,160,160,288,288,13.89,15.05,0.0,25.95,66.45,872.19,359.60,135.40,135.16,0.8728,6.8500,112.4600,0.0000,0.0000,0.7121,0,112.4600,-247.8319,-248.7912,4.1184,-248.6038,0.1954,PHASE_2_DRIVING,126.92,-15.53,627.6,34.1,407.16,1625,2000,,
2375,10:10:29.482,ROI,160,160,288,288,13.91,14.99,0.0,26.05,66.72,870.29,359.99,140.26,133.61,0.9547,4.7700,110.7400,0.0000,0.0000,0.6417,0,110.7400,-247.5657,-247.1664,4.0752,-247.2450,0.1970,PHASE_2_DRIVING,126.68,-13.92,627.6,34.1,406.33,1721,2000,,
2376,10:10:29.530,ROI,160,160,288,288,15.49,16.39,0.0,0.0,61.02,866.60,353.94,140.76,135.05,0.8689,3.2800,110.2100,0.0000,0.0000,0.6116,0,110.2100,-247.6230,-245.5067,4.0497,-245.9258,0.1980,PHASE_2_DRIVING,126.77,-12.69,627.6,34.1,399.27,1711,2000,,
2377,10:10:29.643,ROI,160,160,288,288,11.42,13.02,0.0,30.0,76.83,862.27,349.26,139.27,135.68,0.8790,2.3000,109.2600,0.0000,0.0000,0.6184,0,109.2600,-247.7499,-243.7104,4.0800,-244.5056,0.1968,PHASE_2_DRIVING,126.67,-11.18,627.6,34.1,392.93,1805,2000,,
2378,10:10:29.705,ROI,160,160,288,288,10.46,11.17,0.0,0.0,89.49,0.00,0.00,0.00,0.00,0.0000,0.0000,0.0000,0.0000,0.0000,0.0000,1,0.0000,NaN,NaN,NaN,NaN,NaN,LOST_TRACKING,-178.51,178.51,627.6,34.1,0.00,0,0,,
2379,10:10:29.813,FULL,640,640,0,0,78.05,81.69,24.025,38.25,12.24,861.22,344.75,131.88,126.69,1.0000,8.1200,118.6600,0.0000,0.0000,0.8239,0,118.6600,-245.7667,-240.6063,3.9515,-241.6485,0.2020,PHASE_2_DRIVING,126.95,-8.59,627.6,34.1,388.70,2000,1931,,
2380,10:10:29.908,ROI,160,160,288,288,11.46,12.91,31.075,30.275,77.46,855.91,341.03,139.09,131.38,0.8737,4.3500,114.1900,0.0000,0.0000,0.7015,0,114.1900,-245.4763,-238.6812,3.8982,-240.0685,0.2042,PHASE_2_DRIVING,126.64,-6.71,627.6,34.1,382.53,2000,1968,,
2381,10:10:29.937,ROI,160,160,288,288,17.60,18.80,0.0,0.0,53.18,855.70,341.54,135.23,133.61,0.9565,4.3000,111.0000,0.0000,0.0000,0.7700,0,111.0000,-245.8758,-236.6032,3.8735,-238.5059,0.2052,PHASE_2_DRIVING,126.57,-5.08,627.6,34.1,382.82,2000,1943,,
2382,10:10:29.972,ROI,160,160,288,288,17.36,19.32,22.975,0.0,51.77,853.25,334.21,135.40,129.98,0.8645,6.3200,113.6300,0.0000,0.0000,0.7606,0,113.6300,-245.2529,-234.8065,3.9216,-236.9291,0.2032,PHASE_2_DRIVING,126.94,-3.87,627.6,34.1,375.48,2000,1961,,
2383,10:10:30.006,ROI,160,160,288,288,14.04,15.23,0.0,25.65,65.64,850.57,333.24,137.12,126.99,0.9398,3.6300,111.7100,0.0000,0.0000,0.7250,0,111.7100,-245.4159,-233.1673,3.9291,-235.6523,0.2029,PHASE_2_DRIVING,126.70,-2.35,627.6,34.1,373.10,2000,1857,,
2384,10:10:30.122,ROI,160,160,288,288,13.08,14.19,0.0,0.0,70.48,846.83,326.20,135.76,124.31,0.8484,6.0100,115.8500,0.0000,0.0000,0.7375,0,115.8500,-244.8530,-231.8184,4.0230,-234.4134,0.1991,PHASE_2_DRIVING,126.89,-1.30,627.6,34.1,365.22,2000,1888,,
2385,10:10:30.171,ROI,160,160,288,288,14.61,15.68,0.0,0.0,63.77,844.52,325.10,137.97,124.79,0.9502,7.5600,114.9400,0.0000,0.0000,0.7156,0,114.9400,-244.6110,-230.6663,4.0636,-233.4203,0.1975,PHASE_2_DRIVING,126.70,-0.12,627.6,34.1,362.96,2000,1824,,
2386,10:10:30.233,ROI,160,160,288,288,15.43,16.56,0.0,0.0,60.39,843.62,322.77,134.91,123.98,0.9422,7.3400,115.4800,0.0000,0.0000,0.6827,0,115.4800,-244.4174,-229.7971,4.0290,-232.7043,0.1988,PHASE_2_DRIVING,126.81,0.49,627.6,34.1,360.55,2000,1886,,
2387,10:10:30.296,ROI,160,160,288,288,12.74,13.65,0.0,0.0,73.28,840.88,318.51,131.29,122.99,0.8967,3.6600,113.9200,0.0000,0.0000,0.6445,0,113.9200,-244.4982,-229.3536,4.0138,-232.3741,0.1994,PHASE_2_DRIVING,126.87,0.76,627.6,34.1,355.49,2000,1927,,
2388,10:10:30.345,ROI,160,160,288,288,14.20,15.38,0.0,0.0,65.04,838.49,317.98,134.08,123.35,0.9566,5.3200,113.4000,0.0000,0.0000,0.7199,0,113.4000,-244.8620,-229.0700,4.0170,-232.2177,0.1993,PHASE_2_DRIVING,126.61,1.17,627.6,34.1,353.64,2000,1890,,
2389,10:10:30.409,ROI,160,160,288,288,13.76,15.23,8.125,0.0,65.65,836.33,315.56,132.66,120.78,0.9309,5.4000,115.0800,0.0000,0.0000,0.6622,0,115.0800,-244.7830,-228.9812,3.9420,-232.1786,0.2023,PHASE_2_DRIVING,126.56,1.26,627.6,34.1,350.41,2000,1937,,
2390,10:10:30.474,ROI,160,160,288,288,11.63,13.01,7.8,0.0,76.87,834.65,310.77,123.93,118.31,0.8638,4.4800,116.2600,0.0000,0.0000,0.5760,0,116.2600,-244.3493,-229.1675,3.9495,-232.2349,0.2020,PHASE_2_DRIVING,126.81,0.96,627.6,34.1,345.57,1989,2000,,
2391,10:10:30.521,ROI,160,160,256,256,24.33,25.37,0.0,0.0,39.41,831.10,307.97,128.21,116.99,0.9026,3.8000,111.4500,0.0000,0.0000,0.6662,0,111.4500,-245.0353,-229.4809,3.8971,-232.6572,0.2042,PHASE_2_DRIVING,126.62,0.73,627.6,34.1,341.20,1993,2000,,
2392,10:10:30.650,ROI,160,160,288,288,12.69,13.67,0.0,0.0,73.17,827.42,302.16,125.32,115.83,0.8560,4.4300,120.6600,0.0000,0.0000,0.4341,0,120.6600,-243.6308,-229.9807,3.9507,-232.7379,0.2020,PHASE_2_DRIVING,126.70,0.56,627.6,34.1,334.34,1996,2000,,
2393,10:10:30.698,ROI,160,160,256,256,12.80,13.86,0.0,28.2,72.16,821.80,297.23,126.74,116.19,0.8431,5.8300,115.5800,0.0000,0.0000,0.7041,0,115.5800,-243.6207,-230.4139,3.9952,-233.0578,0.2002,PHASE_2_DRIVING,126.43,0.51,627.6,34.1,327.04,2000,1987,,
2394,10:10:30.762,ROI,160,160,256,256,14.11,15.15,7.75,0.0,65.99,821.66,295.21,124.51,112.93,0.9484,6.1100,113.4900,0.0000,0.0000,0.7263,0,113.4900,-244.2262,-230.9236,4.0509,-233.5572,0.1980,PHASE_2_DRIVING,126.62,-0.18,627.6,34.1,325.32,1886,2000,,
2395,10:10:30.811,ROI,160,160,256,256,15.25,16.66,0.0,0.0,60.04,818.46,291.18,122.66,112.14,0.8853,7.5800,114.9200,0.0000,0.0000,0.7143,0,114.9200,-244.7675,-231.3888,4.1861,-233.9685,0.1928,PHASE_2_DRIVING,126.59,-0.56,627.6,34.1,320.18,1918,2000,,
2396,10:10:30.874,ROI,160,160,256,256,16.80,18.22,0.0,0.0,54.90,817.97,290.33,120.91,111.17,0.9710,9.1000,117.3700,0.0000,0.0000,0.7430,0,117.3700,-244.2789,-231.3405,4.1630,-233.8464,0.1937,PHASE_2_DRIVING,126.61,-0.46,627.6,34.1,319.21,1998,2000,,
2397,10:10:30.937,ROI,160,160,256,256,16.84,18.09,0.0,0.0,55.27,815.19,285.31,115.41,112.03,0.8739,8.9200,118.2600,0.0000,0.0000,0.7289,0,118.2600,-243.1627,-231.7853,4.1752,-233.9837,0.1932,PHASE_2_DRIVING,126.75,-0.73,627.6,34.1,313.53,1928,2000,,
2398,10:10:30.985,ROI,160,160,256,256,14.33,15.37,13.025,0.0,65.08,813.29,283.51,116.30,110.02,0.9373,8.6400,122.1100,0.0000,0.0000,0.8056,0,122.1100,-241.7481,-232.1006,4.1990,-233.9562,0.1923,PHASE_2_DRIVING,126.67,-0.62,627.6,34.1,310.94,1993,2000,,
2399,10:10:31.113,ROI,160,160,256,256,13.10,14.36,0.0,0.0,69.63,807.83,277.86,117.94,112.88,0.8265,7.7500,117.6700,0.0000,0.0000,0.7663,0,117.6700,-241.7357,-232.1551,4.2066,-233.9952,0.1921,PHASE_2_DRIVING,126.48,-0.47,627.6,34.1,303.16,2000,1995,,
2400,10:10:31.162,ROI,160,160,256,256,21.31,22.88,0.0,0.0,43.71,806.95,276.81,119.44,114.48,0.9672,8.5300,120.0100,0.0000,0.0000,0.7946,0,120.0100,-241.0692,-232.2151,4.2169,-233.9123,0.1917,PHASE_2_DRIVING,126.46,-0.38,627.6,34.1,301.79,2000,1999,,
2401,10:10:31.225,ROI,160,160,256,256,17.83,18.89,0.0,0.0,52.95,803.17,272.26,118.32,115.12,0.8688,7.5800,119.4700,0.0000,0.0000,0.7967,0,119.4700,-240.8384,-232.1513,4.2261,-233.8135,0.1913,PHASE_2_DRIVING,126.40,-0.21,627.6,34.1,295.88,2000,1982,,
2402,10:10:31.289,ROI,160,160,256,256,14.79,15.91,0.0,0.0,62.87,800.95,269.74,122.24,112.90,0.9233,7.9100,122.4800,0.0000,0.0000,0.7347,0,122.4800,-239.6677,-232.0903,4.2886,-233.5231,0.1891,PHASE_2_DRIVING,126.34,0.14,627.6,34.1,292.54,2000,1940,,
2403,10:10:31.336,ROI,160,160,256,256,13.56,14.69,0.0,0.0,68.08,798.24,267.56,120.08,114.61,0.9211,8.2900,121.0700,0.0000,0.0000,0.7375,0,121.0700,-239.0030,-231.9104,4.3054,-233.2473,0.1885,PHASE_2_DRIVING,126.16,0.59,627.6,34.1,289.17,2000,1906,,
2404,10:10:31.403,ROI,160,160,256,256,19.86,21.21,0.0,18.425,47.15,796.45,265.10,117.78,116.90,0.9306,6.6100,117.9200,0.0000,0.0000,0.7079,0,117.9200,-239.0306,-231.7056,4.2701,-233.0955,0.1897,PHASE_2_DRIVING,126.17,0.74,627.6,34.1,286.13,2000,1947,,
2405,10:10:31.516,ROI,160,160,256,256,13.80,14.71,0.0,26.575,67.98,792.45,259.42,114.03,115.79,0.8489,7.4500,119.9500,0.0000,0.0000,0.7407,0,119.9500,-238.8589,-231.6029,4.3016,-232.9715,0.1886,PHASE_2_DRIVING,126.19,0.84,627.6,34.1,279.18,2000,1951,,
2406,10:10:31.577,ROI,160,160,256,256,14.38,15.70,0.0,0.0,63.71,790.51,256.57,110.70,111.62,0.9192,4.9200,116.5100,0.0000,0.0000,0.4852,0,116.5100,-239.5548,-231.4521,4.2729,-232.9888,0.1896,PHASE_2_DRIVING,126.22,0.80,627.6,34.1,275.74,2000,1975,,
2407,10:10:31.641,ROI,160,160,224,224,17.56,18.68,0.0,0.0,53.54,786.93,255.90,114.49,116.30,0.9012,7.6400,116.3200,0.0000,0.0000,0.8291,0,116.3200,-240.1575,-231.1269,4.1959,-232.8650,0.1925,PHASE_2_DRIVING,125.69,1.44,627.6,34.1,273.10,2000,1845,,
2408,10:10:31.691,ROI,160,160,256,256,18.47,19.97,12.725,19.575,50.07,784.99,250.66,113.55,112.86,0.8832,8.7500,116.9800,0.0000,0.0000,0.7548,0,116.9800,-240.5157,-230.8840,4.1453,-232.7559,0.1944,PHASE_2_DRIVING,126.01,1.24,627.6,34.1,267.72,2000,1984,,
2409,10:10:31.754,ROI,160,160,256,256,15.19,16.22,8.95,24.1,61.65,782.69,250.03,117.12,113.66,0.9503,5.3100,112.6600,0.0000,0.0000,0.7141,0,112.6600,-242.3053,-230.5589,4.0549,-232.8827,0.1978,PHASE_2_DRIVING,125.69,1.43,627.6,34.1,265.86,2000,1914,,
2410,10:10:31.800,ROI,160,160,256,256,15.90,17.06,13.075,22.875,58.60,780.37,245.60,114.46,113.65,0.8899,6.9900,115.1000,0.0000,0.0000,0.7146,0,115.1000,-242.5933,-230.3048,4.0283,-232.7487,0.1989,PHASE_2_DRIVING,125.84,1.41,627.6,34.1,260.90,2000,1947,,
2411,10:10:31.930,ROI,160,160,256,256,12.53,13.56,0.0,28.825,73.76,776.61,244.42,113.30,113.10,0.9174,6.7200,113.6500,0.0000,0.0000,0.7477,0,113.6500,-243.6450,-229.8529,4.0535,-232.5821,0.1979,PHASE_2_DRIVING,125.32,2.10,627.6,34.1,257.76,2000,1814,,
2412,10:10:31.978,ROI,160,160,256,256,14.37,15.49,0.0,25.2,64.54,773.87,238.82,110.56,112.82,0.8641,7.3100,114.0300,0.0000,0.0000,0.7279,0,114.0300,-244.8173,-229.4171,4.0733,-232.4527,0.1971,PHASE_2_DRIVING,125.55,2.00,627.6,34.1,251.60,2000,1937,,
2413,10:10:32.041,ROI,160,160,256,256,5.54,6.10,0.0,0.0,163.97,0.00,0.00,0.00,0.00,0.0000,0.0000,0.0000,0.0000,0.0000,0.0000,1,0.0000,NaN,NaN,NaN,NaN,NaN,LOST_TRACKING,-178.51,178.51,627.6,34.1,0.00,0,0,,
2414,10:10:32.106,FULL,640,640,0,0,88.42,92.79,0.0,37.9,10.78,769.67,233.01,106.70,104.84,1.0000,5.3500,117.3500,0.0000,0.0000,0.8118,0,117.3500,-245.7877,-228.6796,4.0607,-232.0602,0.1976,PHASE_2_DRIVING,125.54,2.40,627.6,34.1,244.44,2000,1846,,
2415,10:10:32.212,ROI,160,160,224,224,19.67,21.44,29.65,0.0,46.64,766.49,231.35,113.75,109.58,0.8974,2.2600,111.9800,0.0000,0.0000,0.5601,0,111.9800,-246.9526,-228.4246,4.0355,-232.1041,0.1986,PHASE_2_DRIVING,125.15,2.74,627.6,34.1,241.24,2000,1842,,
2416,10:10:32.246,ROI,160,160,256,256,14.82,15.24,0.0,0.0,65.61,0.00,0.00,0.00,0.00,0.0000,0.0000,0.0000,0.0000,0.0000,0.0000,1,0.0000,NaN,NaN,NaN,NaN,NaN,LOST_TRACKING,-178.51,178.51,627.6,34.1,0.00,0,0,,
2417,10:10:32.280,FULL,640,640,0,0,96.89,100.73,21.0,73.675,9.93,763.75,226.45,106.25,101.14,1.0000,9.8300,113.0600,0.0000,0.0000,0.7980,0,113.0600,-247.9666,-228.0827,3.9509,-232.0989,0.2020,PHASE_2_DRIVING,125.29,2.61,627.6,34.1,235.66,2000,1919,,
2418,10:10:32.395,ROI,160,160,224,224,16.55,17.24,0.0,0.0,58.02,0.00,0.00,0.00,0.00,0.0000,0.0000,0.0000,0.0000,0.0000,0.0000,1,0.0000,NaN,NaN,NaN,NaN,NaN,LOST_TRACKING,-178.51,178.51,627.6,34.1,0.00,0,0,,
2419,10:10:32.458,FULL,640,640,0,0,130.60,135.14,0.0,28.9,7.40,757.84,218.26,106.59,99.29,1.0000,6.0300,111.4300,0.0000,0.0000,0.7205,0,111.4300,-249.1093,-228.1468,3.9289,-232.3998,0.2029,PHASE_2_DRIVING,125.27,2.33,627.6,34.1,225.56,2000,1952,,
2420,10:10:32.610,ROI,160,160,224,224,25.41,26.90,24.25,14.525,37.17,756.68,218.87,112.38,104.80,0.8985,5.0300,111.7400,0.0000,0.0000,0.5631,0,111.7400,-248.9437,-228.4452,3.8443,-232.6767,0.2064,PHASE_2_DRIVING,124.94,2.39,627.6,34.1,225.39,2000,1899,,
2421,10:10:32.654,ROI,160,160,256,256,20.26,20.90,23.05,37.375,47.84,0.00,0.00,0.00,0.00,0.0000,0.0000,0.0000,0.0000,0.0000,0.0000,1,0.0000,NaN,NaN,NaN,NaN,NaN,LOST_TRACKING,-178.51,178.51,627.6,34.1,0.00,0,0,,
2422,10:10:32.692,FULL,640,640,0,0,148.59,152.40,66.375,33.325,6.56,754.01,213.18,104.29,96.98,1.0000,9.5300,110.3500,0.0000,0.0000,0.7788,0,110.3500,-249.4900,-228.8412,3.6720,-233.2609,0.2140,PHASE_2_DRIVING,125.22,1.52,627.6,34.1,219.20,1924,2000,,
2423,10:10:32.860,ROI,160,160,224,224,16.08,17.51,0.0,0.0,57.13,750.98,212.62,112.20,100.55,0.8965,2.1600,108.7000,0.0000,0.0000,0.2908,0,108.7000,-249.9708,-229.2345,3.5883,-233.7540,0.2179,PHASE_2_DRIVING,124.65,1.60,627.6,34.1,217.01,2000,1925,,
2424,10:10:32.892,ROI,160,160,256,256,18.90,20.28,27.225,0.0,49.32,749.07,210.29,112.78,105.52,0.9218,4.3100,107.1700,0.0000,0.0000,0.5892,0,107.1700,-250.9848,-229.6054,3.5068,-234.3492,0.2219,PHASE_2_DRIVING,124.58,1.07,627.6,34.1,214.00,1958,2000,,
2425,10:10:32.929,ROI,160,160,256,256,18.03,19.14,0.0,0.0,52.25,746.50,207.63,113.02,104.62,0.9094,3.8500,107.5400,0.0000,0.0000,0.5292,0,107.5400,-251.6754,-229.7196,3.4234,-234.6831,0.2261,PHASE_2_DRIVING,124.42,0.90,627.6,34.1,210.36,2000,1991,,
2426,10:10:32.964,ROI,160,160,256,256,15.67,17.38,24.725,0.0,57.53,743.26,202.68,112.50,102.72,0.8602,6.8800,110.1400,0.0000,0.0000,0.6180,0,110.1400,-251.5189,-229.9188,3.4222,-234.8033,0.2261,PHASE_2_DRIVING,124.45,0.74,627.6,34.1,204.44,2000,1995,,
2427,10:10:32.997,ROI,160,160,256,256,14.94,16.59,26.075,23.55,60.28,740.58,199.71,110.48,104.46,0.9013,3.5500,107.0400,0.0000,0.0000,0.4841,0,107.0400,-252.4246,-230.0283,3.3916,-235.1281,0.2277,PHASE_2_DRIVING,124.30,0.57,627.6,34.1,200.48,1995,2000,,
2428,10:10:33.034,ROI,160,160,224,224,18.52,19.62,18.775,19.9,50.96,739.57,198.50,113.62,105.06,0.9502,7.6700,107.9200,0.0000,0.0000,0.8257,0,107.9200,-252.7765,-230.1979,3.3445,-235.3950,0.2302,PHASE_2_DRIVING,124.26,0.35,627.6,34.1,198.90,1978,2000,,
2429,10:10:33.098,ROI,160,160,256,256,14.17,15.42,0.0,0.0,64.87,736.70,196.10,110.11,105.12,0.9086,5.6600,107.8500,0.0000,0.0000,0.6085,0,107.8500,-253.2079,-230.0790,3.2887,-235.4720,0.2332,PHASE_2_DRIVING,123.96,0.57,627.6,34.1,195.31,2000,1942,,
2430,10:10:33.147,ROI,160,160,224,224,15.42,16.92,0.0,0.0,59.10,737.58,194.10,110.88,105.92,0.9477,10.3900,108.1400,0.0000,0.0000,0.7904,0,108.1400,-253.4500,-230.0162,3.2425,-235.5397,0.2357,PHASE_2_DRIVING,124.50,-0.04,627.6,34.1,194.15,1902,2000,,
2431,10:10:33.209,ROI,160,160,224,224,14.78,16.00,0.0,0.0,62.48,735.50,192.73,109.16,104.22,0.9384,8.1800,107.7600,0.0000,0.0000,0.7526,0,107.7600,-253.5765,-230.0042,3.2002,-235.6164,0.2381,PHASE_2_DRIVING,124.22,0.16,627.6,34.1,191.85,2000,1961,,
2432,10:10:33.273,ROI,160,160,224,224,19.38,20.81,0.0,0.0,48.05,732.19,189.23,106.92,101.63,0.8801,9.0500,108.6700,0.0000,0.0000,0.8503,0,108.6700,-252.9811,-229.9861,3.1910,-235.4728,0.2386,PHASE_2_DRIVING,123.99,0.54,627.6,34.1,187.09,2000,1919,,
2433,10:10:33.322,ROI,160,160,224,224,15.36,17.17,0.0,0.0,58.26,731.85,187.87,104.44,100.59,0.9510,8.2500,109.9400,0.0000,0.0000,0.7154,0,109.9400,-252.6011,-229.8828,3.1413,-235.3686,0.2415,PHASE_2_DRIVING,124.14,0.50,627.6,34.1,185.77,2000,1987,,
2434,10:10:33.433,ROI,160,160,224,224,15.62,16.62,0.0,0.0,60.17,727.09,182.48,102.49,100.16,0.8229,12.4700,111.7100,2.1900,116.1900,0.8096,0,111.7100,-251.8738,-229.9286,3.1897,-235.1665,0.2387,PHASE_2_DRIVING,123.84,0.99,627.6,34.1,178.65,2000,1885,,
2435,10:10:33.498,ROI,160,160,224,224,17.30,18.46,0.0,0.0,54.17,725.17,179.76,101.64,99.04,0.9126,11.3900,112.0100,2.5200,113.8500,0.7891,0,112.0100,-250.7910,-229.9449,3.2032,-234.9045,0.2379,PHASE_2_DRIVING,123.81,1.28,627.6,34.1,175.32,2000,1905,,
2436,10:10:33.562,ROI,160,160,224,224,17.23,18.18,0.0,0.0,55.00,724.03,176.41,102.19,99.95,0.9149,10.7700,109.2500,0.0000,0.0000,0.8523,0,109.2500,-250.7874,-230.1615,3.2383,-235.0280,0.2359,PHASE_2_DRIVING,124.12,0.85,627.6,34.1,171.91,1965,2000,,
2437,10:10:33.609,ROI,160,160,224,224,17.17,18.78,0.0,0.0,53.24,721.89,173.09,100.93,100.25,0.8982,10.0900,110.5300,0.0000,0.0000,0.8124,0,110.5300,-250.2371,-230.5632,3.3455,-235.0906,0.2301,PHASE_2_DRIVING,124.15,0.76,627.6,34.1,167.95,2000,1984,,
2438,10:10:33.674,ROI,160,160,224,224,13.61,15.46,8.425,0.0,64.70,720.90,173.21,103.28,100.69,0.9730,6.8200,107.7200,0.0000,0.0000,0.7425,0,107.7200,-250.1900,-231.0033,3.3367,-235.4276,0.2306,PHASE_2_DRIVING,123.85,0.72,627.6,34.1,167.50,2000,1977,,
2439,10:10:33.737,ROI,160,160,224,224,24.11,25.11,8.325,15.55,39.82,718.18,169.33,100.87,101.42,0.8797,11.5700,112.1800,0.0000,0.0000,0.7720,0,112.1800,-249.6211,-231.3772,3.3397,-235.5812,0.2304,PHASE_2_DRIVING,123.81,0.60,627.6,34.1,162.76,2000,1995,,
2440,10:10:33.785,ROI,160,160,224,224,13.83,14.70,0.0,26.575,68.05,715.90,167.94,105.45,102.42,0.9311,6.2800,104.1000,0.0000,0.0000,0.7865,0,104.1000,-250.5200,-231.8859,3.3334,-236.1860,0.2308,PHASE_2_DRIVING,123.42,0.40,627.6,34.1,160.34,1983,2000,,
2441,10:10:33.914,ROI,160,160,224,224,12.68,13.81,0.0,0.0,72.39,713.17,163.46,102.82,101.85,0.8709,11.1400,109.4800,0.0000,0.0000,0.7925,0,109.4800,-250.3914,-232.3537,3.3416,-236.5084,0.2303,PHASE_2_DRIVING,123.48,0.01,627.6,34.1,155.10,1939,2000,,
2442,10:10:33.960,ROI,160,160,224,224,11.19,12.54,0.0,31.125,79.73,710.75,162.26,104.26,100.94,0.9326,6.5600,105.3600,0.0000,0.0000,0.7388,0,105.3600,-251.2898,-232.7263,3.3231,-237.0203,0.2313,PHASE_2_DRIVING,122.97,0.01,627.6,34.1,152.77,2000,2000,,
2443,10:10:34.025,ROI,160,160,224,224,10.89,11.79,0.0,33.15,84.83,709.33,158.12,101.60,101.86,0.8976,7.5200,108.7800,0.0000,0.0000,0.7128,0,108.7800,-251.4153,-232.9916,3.3226,-237.2538,0.2313,PHASE_2_DRIVING,123.38,-0.64,627.6,34.1,148.53,1876,2000,,
2444,10:10:34.088,ROI,160,160,224,224,13.59,15.11,0.0,25.85,66.20,707.74,158.07,104.26,101.16,0.9631,3.5300,106.5200,0.0000,0.0000,0.4242,0,106.5200,-251.7362,-233.1883,3.3277,-237.4741,0.2311,PHASE_2_DRIVING,122.88,-0.35,627.6,34.1,147.62,2000,1969,,
2445,10:10:34.136,ROI,160,160,224,224,16.70,17.96,0.0,0.0,55.67,705.98,150.31,100.41,104.85,0.8309,7.4600,108.5500,0.0000,0.0000,0.7966,0,108.5500,-251.9226,-233.4588,3.4203,-237.6358,0.2262,PHASE_2_DRIVING,124.00,-1.63,627.6,34.1,140.17,1747,2000,,
2446,10:10:34.201,ROI,160,160,224,224,14.17,15.21,16.875,0.0,65.73,704.80,151.37,99.62,100.87,0.9400,2.3100,105.9900,0.0000,0.0000,0.3784,0,105.9900,-252.5616,-233.7168,3.4173,-237.9830,0.2264,PHASE_2_DRIVING,123.36,-1.34,627.6,34.1,140.40,1993,2000,,
2447,10:10:34.314,ROI,160,160,224,224,14.52,15.79,3.975,0.0,63.31,701.41,146.56,95.55,95.65,0.8475,8.6200,111.8700,0.0000,0.0000,0.6094,0,111.8700,-251.9711,-233.7903,3.4681,-237.8593,0.2238,PHASE_2_DRIVING,123.28,-1.14,627.6,34.1,134.52,1987,2000,,
2448,10:10:34.377,ROI,160,160,192,192,14.92,15.99,0.0,0.0,62.56,697.76,142.34,100.28,99.80,0.8530,8.3600,106.4800,0.0000,0.0000,0.8854,0,106.4800,-252.5221,-233.9010,3.5120,-238.0280,0.2216,PHASE_2_DRIVING,122.95,-0.98,627.6,34.1,128.99,1986,2000,,
2449,10:10:34.426,ROI,160,160,224,224,13.73,14.95,0.0,0.0,66.87,696.96,142.53,96.21,94.39,0.9073,7.7400,110.4100,0.0000,0.0000,0.6261,0,110.4100,-252.2818,-233.9331,3.4728,-238.0354,0.2236,PHASE_2_DRIVING,122.60,-0.64,627.6,34.1,128.72,2000,1972,,
2450,10:10:34.489,ROI,160,160,224,224,20.40,21.87,0.0,0.0,45.72,694.80,140.54,96.59,93.25,0.9173,9.6000,110.3600,0.0000,0.0000,0.6807,0,110.3600,-251.9971,-233.8396,3.4476,-237.9222,0.2248,PHASE_2_DRIVING,122.26,-0.19,627.6,34.1,125.88,2000,1936,,
2451,10:10:34.554,ROI,160,160,224,224,16.67,18.05,18.05,0.0,55.39,693.45,138.47,97.20,91.57,0.9307,9.5000,112.3100,0.0000,0.0000,0.6608,0,112.3100,-251.2019,-233.6334,3.3643,-237.6589,0.2291,PHASE_2_DRIVING,122.25,0.09,627.6,34.1,123.41,2000,1953,,
2452,10:10:34.602,ROI,160,160,224,224,14.73,15.63,0.0,25.0,63.98,692.68,137.12,96.60,92.68,0.9558,13.4500,110.2600,0.0000,0.0000,0.8098,0,110.2600,-250.6711,-233.3313,3.3196,-237.3454,0.2315,PHASE_2_DRIVING,122.28,0.37,627.6,34.1,121.85,2000,1941,,
2453,10:10:34.730,ROI,160,160,224,224,12.57,13.56,0.0,28.8,73.72,689.97,132.74,94.81,89.78,0.8604,7.8100,106.7000,0.0000,0.0000,0.6717,0,106.7000,-250.8102,-232.9995,3.3126,-237.1294,0.2319,PHASE_2_DRIVING,122.30,0.57,627.6,34.1,116.71,2000,1947,,
2454,10:10:34.778,ROI,160,160,192,192,15.96,17.12,0.0,0.0,58.42,687.02,129.11,98.92,89.04,0.8695,11.9000,109.6100,0.0000,0.0000,0.8256,0,109.6100,-250.5673,-232.7374,3.3320,-236.8533,0.2308,PHASE_2_DRIVING,122.02,1.12,627.6,34.1,112.06,2000,1870,,
2455,10:10:34.841,ROI,160,160,224,224,20.13,21.51,0.0,0.0,46.49,686.40,129.46,95.54,86.74,0.9409,12.9600,111.4700,0.0000,0.0000,0.8459,0,111.4700,-249.8077,-232.5892,3.3065,-236.5874,0.2322,PHASE_2_DRIVING,121.66,1.76,627.6,34.1,112.03,2000,1836,,
2456,10:10:34.904,ROI,160,160,192,192,14.63,15.66,0.0,0.0,63.87,685.17,126.26,96.60,87.38,0.9065,13.8100,110.4400,0.0000,0.0000,0.8371,0,110.4400,-249.5876,-232.5013,3.2324,-236.5383,0.2363,PHASE_2_DRIVING,121.99,1.47,627.6,34.1,108.67,2000,1987,,
2457,10:10:34.954,ROI,160,160,224,224,15.20,16.20,0.0,0.0,61.73,683.33,125.99,93.38,85.99,0.9467,14.3600,113.9400,0.0000,0.0000,0.8867,0,113.9400,-248.2033,-232.3874,3.1529,-236.1958,0.2408,PHASE_2_DRIVING,121.24,2.57,627.6,34.1,107.47,2000,1740,,
2458,10:10:35.016,ROI,160,160,192,192,12.54,13.44,16.875,29.075,74.43,682.11,122.19,92.93,86.98,0.8932,12.3500,111.5800,0.0000,0.0000,0.7447,0,111.5800,-248.2308,-232.3202,3.0734,-236.2261,0.2455,PHASE_2_DRIVING,121.75,2.02,627.6,34.1,103.59,1994,2000,,
2459,10:10:35.066,ROI,160,160,192,192,14.51,15.55,0.0,0.0,64.30,680.24,120.67,93.37,85.58,0.9278,10.6100,108.3900,0.0000,0.0000,0.7895,0,108.3900,-248.4446,-232.2568,3.0202,-236.2835,0.2487,PHASE_2_DRIVING,121.30,2.42,627.6,34.1,101.31,2000,1847,,
2460,10:10:35.194,ROI,160,160,192,192,14.38,15.48,3.45,25.25,64.61,678.12,115.30,89.05,88.82,0.8460,12.6000,108.4700,0.0000,0.0000,0.8529,0,108.4700,-249.0806,-232.1760,3.0004,-236.4018,0.2500,PHASE_2_DRIVING,121.89,1.71,627.6,34.1,95.63,1956,2000,,
2461,10:10:35.242,ROI,160,160,192,192,15.45,16.73,0.0,23.35,59.77,676.97,114.10,90.28,86.51,0.9490,11.5400,109.2200,0.0000,0.0000,0.8797,0,109.2200,-249.2378,-232.1803,2.9728,-236.4738,0.2517,PHASE_2_DRIVING,121.68,1.85,627.6,34.1,94.01,2000,1906,,
2462,10:10:35.306,ROI,160,160,192,192,13.92,15.17,0.0,0.0,65.94,674.92,111.73,87.30,86.29,0.9050,11.7000,110.0100,0.0000,0.0000,0.8676,0,110.0100,-249.4920,-232.1194,2.9072,-236.5657,0.2559,PHASE_2_DRIVING,121.36,2.07,627.6,34.1,90.92,2000,1885,,
2463,10:10:35.368,ROI,160,160,192,192,16.13,17.04,0.0,0.0,58.67,673.47,108.95,87.55,87.97,0.9084,12.6200,105.8900,0.0000,0.0000,0.9034,0,105.8900,-250.4253,-232.3761,2.9209,-236.9795,0.2550,PHASE_2_DRIVING,121.50,1.52,627.6,34.1,87.79,1973,2000,,
2464,10:10:35.419,ROI,160,160,192,192,13.72,14.70,11.8,0.0,68.04,672.15,107.65,85.61,86.27,0.9417,9.8500,105.7500,0.0000,0.0000,0.8906,0,105.7500,-251.6249,-232.7476,2.8558,-237.6434,0.2594,PHASE_2_DRIVING,121.20,1.15,627.6,34.1,85.99,1988,2000,,
2465,10:10:35.482,ROI,160,160,192,192,13.89,15.08,0.0,25.9,66.33,670.97,105.76,85.12,87.48,0.9319,10.0800,106.1000,0.0000,0.0000,0.8946,0,106.1000,-252.0954,-233.2258,2.8328,-238.1489,0.2609,PHASE_2_DRIVING,121.18,0.67,627.6,34.1,83.76,1950,2000,,
2466,10:10:35.530,ROI,160,160,192,192,14.87,16.01,0.0,0.0,62.47,669.87,103.82,84.94,87.31,0.9327,11.2500,108.3100,0.0000,0.0000,0.8766,0,108.3100,-252.6112,-233.8298,2.8530,-238.7043,0.2595,PHASE_2_DRIVING,121.23,0.07,627.6,34.1,81.54,1909,2000,,
2467,10:10:35.657,ROI,160,160,192,192,12.92,14.07,3.525,27.775,71.08,667.03,100.79,82.64,85.58,0.8729,11.8200,110.0000,0.0000,0.0000,0.8261,0,110.0000,-252.3765,-234.4060,2.8531,-239.0699,0.2595,PHASE_2_DRIVING,120.59,0.34,627.6,34.1,77.48,1964,1910,,
2468,10:10:35.707,ROI,160,160,192,192,21.33,22.69,0.0,0.0,44.07,666.41,99.34,83.66,85.44,0.9525,11.9500,108.1400,0.0000,0.0000,0.8386,0,108.1400,-252.5209,-234.8930,2.8305,-239.4950,0.2611,PHASE_2_DRIVING,120.75,-0.24,627.6,34.1,75.91,1849,1946,,
2469,10:10:35.770,ROI,160,160,192,192,21.17,22.72,0.0,17.2,44.02,664.57,95.81,83.92,85.93,0.8827,12.2200,107.5800,0.0000,0.0000,0.8343,0,107.5800,-252.5243,-235.3498,2.8223,-239.8430,0.2616,PHASE_2_DRIVING,120.93,-0.77,627.6,34.1,71.94,1747,1850,,
2470,10:10:35.835,ROI,160,160,192,192,20.99,22.35,9.375,17.475,44.74,663.24,94.00,84.00,88.36,0.9300,13.3800,108.1100,0.0000,0.0000,0.8557,0,108.1100,-252.5640,-235.7617,2.7778,-240.2094,0.2647,PHASE_2_DRIVING,120.76,-0.97,627.6,34.1,69.70,1712,1773,,
2471,10:10:35.882,ROI,160,160,192,192,19.58,21.24,0.0,0.0,47.08,662.62,92.78,83.87,88.42,0.9587,13.8000,105.7900,0.0000,0.0000,0.8801,0,105.7900,-253.4364,-236.1719,2.7502,-240.7755,0.2667,PHASE_2_DRIVING,120.82,-1.60,627.6,34.1,68.34,1638,1779,,
2472,10:10:35.947,ROI,160,160,192,192,21.26,22.55,0.0,34.65,44.34,660.18,90.18,85.22,86.92,0.8910,13.2900,106.3200,0.0000,0.0000,0.8408,0,106.3200,-253.8610,-236.5325,2.7759,-241.1217,0.2648,PHASE_2_DRIVING,120.15,-1.27,627.6,34.1,64.85,1622,1621,,
2473,10:10:36.011,ROI,160,160,192,192,21.51,22.87,0.0,17.075,43.72,659.39,88.80,83.72,85.30,0.9507,12.5000,107.6400,0.0000,0.0000,0.8458,0,107.6400,-253.7511,-236.7915,2.7327,-241.3350,0.2679,PHASE_2_DRIVING,120.16,-1.50,627.6,34.1,63.27,1544,1619,,
2474,10:10:36.057,ROI,160,160,192,192,21.78,23.25,0.0,33.6,43.01,657.81,86.90,84.08,86.32,0.9222,12.2200,111.0000,0.0000,0.0000,0.7909,0,111.0000,-253.0006,-237.0040,2.6974,-241.3305,0.2705,PHASE_2_DRIVING,119.78,-1.11,627.6,34.1,60.84,1528,1514,,
2475,10:10:36.171,ROI,160,160,192,192,20.33,21.67,0.0,0.0,46.15,656.20,83.30,83.48,84.84,0.8858,14.1700,108.7700,0.0000,0.0000,0.8951,0,108.7700,-252.3276,-237.0746,2.6560,-241.2467,0.2735,PHASE_2_DRIVING,120.16,-1.41,627.6,34.1,56.91,1385,1460,,
2476,10:10:36.234,ROI,160,160,192,192,19.73,20.97,0.0,18.625,47.68,655.94,81.80,83.02,84.19,0.9593,14.7900,109.2300,0.0000,0.0000,0.8674,0,109.2300,-251.7319,-237.1517,2.6097,-241.1909,0.2770,PHASE_2_DRIVING,120.71,-1.90,627.6,34.1,55.49,1333,1441,,
2477,10:10:36.297,ROI,160,160,192,192,20.39,21.83,0.0,0.0,45.80,653.08,80.57,83.45,82.15,0.9072,15.5400,109.3200,0.0000,0.0000,0.8771,0,109.3200,-251.4311,-237.0217,2.5554,-241.0745,0.2813,PHASE_2_DRIVING,118.74,0.19,627.6,34.1,53.00,1438,1211,,
2478,10:10:36.349,ROI,160,160,192,192,20.10,21.36,52.275,0.0,46.82,652.57,79.24,84.20,83.12,0.9567,14.2200,107.8100,0.0000,0.0000,0.9081,0,107.8100,-251.4467,-236.8415,2.5361,-240.9718,0.2828,PHASE_2_DRIVING,118.95,0.08,627.6,34.1,51.58,1285,1294,,
2479,10:10:36.410,ROI,160,160,192,192,14.96,16.43,9.675,23.775,60.86,651.89,77.28,84.55,84.53,0.9395,12.3000,108.1000,0.0000,0.0000,0.8659,0,108.1000,-251.3080,-236.6776,2.4927,-240.8665,0.2863,PHASE_2_DRIVING,119.36,-0.23,627.6,34.1,49.54,1221,1257,,
2480,10:10:36.475,ROI,160,160,192,192,13.12,14.45,8.1,27.025,69.19,651.17,75.65,84.76,83.96,0.9460,12.2900,108.4100,0.0000,0.0000,0.8463,0,108.4100,-250.9985,-236.4647,2.4492,-240.6784,0.2899,PHASE_2_DRIVING,119.56,-0.24,627.6,34.1,47.77,1191,1198,,
2481,10:10:36.520,ROI,160,160,192,192,16.14,18.03,12.6,21.65,55.45,650.83,75.05,85.32,83.02,0.9781,10.7400,109.3200,0.0000,0.0000,0.7798,0,109.3200,-250.9324,-236.3852,2.3897,-240.6768,0.2950,PHASE_2_DRIVING,119.57,-0.25,627.6,34.1,47.08,1174,1180,,
2482,10:10:36.650,ROI,160,160,192,192,12.85,13.71,0.0,0.0,72.92,648.21,71.15,83.26,82.58,0.8574,12.4200,107.9500,0.0000,0.0000,0.8422,0,107.9500,-251.2225,-236.3475,2.3641,-240.7692,0.2973,PHASE_2_DRIVING,119.09,0.14,627.6,34.1,42.40,1078,1042,,
2483,10:10:36.696,ROI,160,160,192,192,11.51,12.69,0.0,30.775,78.80,646.24,69.23,82.75,81.89,0.9109,12.2300,106.4700,0.0000,0.0000,0.8304,0,106.4700,-251.8151,-236.3260,2.3392,-240.9645,0.2995,PHASE_2_DRIVING,117.95,1.09,627.6,34.1,39.77,1043,946,,
2484,10:10:36.761,ROI,160,160,192,192,14.21,15.26,7.475,25.6,65.51,646.50,69.30,81.40,81.80,0.9819,11.4600,108.9100,0.0000,0.0000,0.8268,0,108.9100,-251.6694,-236.3610,2.2633,-241.0520,0.3064,PHASE_2_DRIVING,118.24,0.71,627.6,34.1,39.96,991,1007,,
2485,10:10:36.810,ROI,160,160,192,192,11.06,12.96,0.0,0.0,77.14,644.49,68.12,83.78,81.18,0.9260,10.2900,109.2700,0.0000,0.0000,0.7961,0,109.2700,-251.2726,-236.2464,2.2185,-240.9151,0.3107,PHASE_2_DRIVING,116.40,2.69,627.6,34.1,37.98,1050,849,,
2486,10:10:36.874,ROI,160,160,192,192,13.29,14.93,0.0,0.0,66.97,643.27,66.85,82.26,80.53,0.9413,11.5000,109.3600,0.0000,0.0000,0.8210,0,109.3600,-251.0513,-235.9850,2.1530,-240.7634,0.3172,PHASE_2_DRIVING,115.57,3.67,627.6,34.1,36.31,977,839,,
2487,10:10:36.936,ROI,160,160,192,192,13.43,14.39,0.0,0.0,69.51,642.46,64.57,82.63,80.64,0.9271,11.2100,107.4800,0.0000,0.0000,0.8508,0,107.4800,-251.2985,-235.7273,2.1237,-240.7121,0.3201,PHASE_2_DRIVING,116.00,3.29,627.6,34.1,33.90,863,833,,
2488,10:10:36.984,ROI,160,160,192,192,16.12,17.32,11.55,0.0,57.74,642.34,63.98,81.18,79.69,0.9681,10.1400,108.0500,0.0000,0.0000,0.7833,0,108.0500,-251.3683,-235.5005,2.0692,-240.6706,0.3258,PHASE_2_DRIVING,116.25,3.08,627.6,34.1,33.32,852,814,,
2489,10:10:37.114,ROI,160,160,192,192,13.46,14.51,0.0,0.0,68.92,641.18,61.68,81.76,80.80,0.9185,12.6400,108.1300,0.0000,0.0000,0.8592,0,108.1300,-251.6785,-235.3849,2.0103,-240.7974,0.3322,PHASE_2_DRIVING,116.22,2.98,627.6,34.1,30.74,788,749,,
2490,10:10:37.162,ROI,160,160,192,192,14.45,15.60,0.0,25.05,64.10,640.48,61.30,81.13,80.75,0.9737,11.6100,108.4900,0.0000,0.0000,0.8465,0,108.4900,-251.8971,-235.2451,1.9554,-240.8796,0.3384,PHASE_2_DRIVING,115.35,3.77,627.6,34.1,30.09,804,700,,
2491,10:10:37.225,ROI,160,160,192,192,14.57,16.47,8.25,23.7,60.71,639.16,60.70,82.52,80.44,0.9541,11.2700,108.9000,0.0000,0.0000,0.8530,0,108.9000,-251.9233,-234.9892,1.8814,-240.8663,0.3471,PHASE_2_DRIVING,113.49,5.64,627.6,34.1,29.00,820,630,,
2492,10:10:37.274,ROI,160,160,192,192,15.07,16.65,0.0,23.45,60.05,638.40,59.93,82.14,80.69,0.9633,12.0700,105.8700,0.0000,0.0000,0.8514,0,105.8700,-252.2184,-234.5961,1.8031,-240.8827,0.3567,PHASE_2_DRIVING,112.69,6.42,627.6,34.1,28.00,767,633,,
2493,10:10:37.337,ROI,160,160,192,192,15.25,16.22,0.0,0.0,61.64,637.62,58.87,80.17,78.84,0.9506,11.8000,105.3500,0.0000,0.0000,0.8281,0,105.3500,-252.7777,-234.1398,1.7552,-240.9044,0.3629,PHASE_2_DRIVING,112.01,7.08,627.6,34.1,26.72,733,603,,
2494,10:10:37.402,ROI,160,160,192,192,16.52,17.62,0.0,0.0,56.77,636.64,58.55,80.92,78.72,0.9682,11.4500,106.1200,0.0000,0.0000,0.8072,0,106.1200,-253.0682,-233.7147,1.6854,-240.9217,0.3724,PHASE_2_DRIVING,110.29,8.79,627.6,34.1,26.07,753,550,,
2495,10:10:37.514,ROI,160,160,192,192,13.49,14.64,4.1,0.0,68.33,636.29,57.13,80.95,78.42,0.9564,9.5800,109.6600,0.0000,0.0000,0.8375,0,109.6600,-252.5697,-233.0933,1.6302,-240.4984,0.3802,PHASE_2_DRIVING,110.67,8.83,627.6,34.1,24.62,671,560,,
2496,10:10:37.578,ROI,160,160,192,192,17.62,18.83,0.0,20.75,53.10,635.76,55.86,80.38,78.71,0.9558,10.1800,109.1800,0.0000,0.0000,0.8541,0,109.1800,-252.3432,-232.4316,1.5658,-240.1920,0.3897,PHASE_2_DRIVING,110.56,9.25,627.6,34.1,23.24,644,518,,
2497,10:10:37.625,ROI,160,160,192,192,17.19,18.55,0.0,21.075,53.92,635.40,55.26,80.22,79.08,0.9761,10.6900,108.9800,0.0000,0.0000,0.8617,0,108.9800,-252.1494,-231.8399,1.4926,-239.9877,0.4012,PHASE_2_DRIVING,110.23,9.79,627.6,34.1,22.55,631,497,,
2498,10:10:37.689,ROI,160,160,192,192,19.53,20.59,8.6,0.0,48.56,635.20,55.13,80.04,78.52,0.9881,11.3700,109.1100,0.0000,0.0000,0.8653,0,109.1100,-251.9099,-231.3668,1.4005,-239.9248,0.4166,PHASE_2_DRIVING,109.88,10.19,627.6,34.1,22.36,625,493,,
2499,10:10:37.753,ROI,160,160,192,192,13.31,14.18,0.0,0.0,70.51,635.08,54.50,78.59,78.94,0.9666,13.2000,106.5900,0.0000,0.0000,0.8480,0,106.5900,-252.0975,-231.0974,1.2778,-240.3167,0.4390,PHASE_2_DRIVING,110.14,9.54,627.6,34.1,21.73,581,506,,
2500,10:10:37.802,ROI,160,160,160,160,20.44,21.79,11.175,17.925,45.88,635.16,54.21,82.03,82.25,0.9194,14.0600,106.8300,0.0000,0.0000,0.8967,0,106.8300,-252.3402,-231.1276,1.1971,-240.7824,0.4551,PHASE_2_DRIVING,110.60,8.61,627.6,34.1,21.48,563,511,,
2501,10:10:37.930,ROI,160,160,192,192,14.22,15.40,3.7,0.0,64.92,634.36,52.61,77.82,79.66,0.9120,14.2900,104.4800,0.0000,0.0000,0.8790,0,104.4800,-253.2088,-231.4189,1.1569,-241.5215,0.4636,PHASE_2_DRIVING,110.08,8.40,627.6,34.1,19.71,530,455,,
2502,10:10:37.978,ROI,160,160,160,160,14.02,14.82,0.0,0.0,67.47,633.39,52.17,80.11,83.07,0.9315,10.5700,107.0400,0.0000,0.0000,0.8995,0,107.0400,-253.2473,-231.9242,1.0868,-242.1424,0.4792,PHASE_2_DRIVING,107.77,10.09,627.6,34.1,18.97,554,394,,
2503,10:10:38.041,ROI,160,160,192,192,12.00,13.07,8.15,0.0,76.48,633.12,51.79,77.22,79.72,0.9250,13.3600,106.8400,0.0000,0.0000,0.8784,0,106.8400,-253.2540,-232.3662,1.0222,-242.6956,0.4945,PHASE_2_DRIVING,107.33,9.98,627.6,34.1,18.53,507,419,,
2504,10:10:38.107,ROI,160,160,160,160,16.46,17.83,0.0,0.0,56.07,633.18,50.92,79.07,81.22,0.9557,10.0200,106.9700,0.0000,0.0000,0.8630,0,106.9700,-253.1814,-232.7839,0.9625,-243.1773,0.5095,PHASE_2_DRIVING,108.35,8.47,627.6,34.1,17.72,454,432,,
2505,10:10:38.154,ROI,160,160,192,192,13.18,14.03,0.0,0.0,71.27,632.39,50.36,77.38,80.40,0.9652,12.5700,108.8600,0.0000,0.0000,0.8836,0,108.8600,-252.8889,-233.2946,0.9257,-243.4698,0.5193,PHASE_2_DRIVING,106.40,10.13,627.6,34.1,16.95,495,353,,
2506,10:10:38.216,ROI,160,160,192,192,15.22,16.21,0.0,0.0,61.70,631.98,49.93,75.79,79.62,0.9690,12.7700,109.2800,0.0000,0.0000,0.8683,0,109.2800,-252.4714,-233.9519,0.8742,-243.8331,0.5336,PHASE_2_DRIVING,105.45,10.72,627.6,34.1,16.43,464,357,,
2507,10:10:38.282,ROI,160,160,160,160,14.46,15.63,0.0,25.0,64.00,632.22,48.68,79.42,84.71,0.8970,11.5500,107.1500,0.0000,0.0000,0.9035,0,107.1500,-252.5025,-235.1157,0.8534,-244.4967,0.5395,PHASE_2_DRIVING,107.58,7.92,627.6,34.1,15.29,370,395,,
2508,10:10:38.331,ROI,160,160,192,192,14.21,15.36,11.8,0.0,65.11,631.92,48.92,75.32,79.63,0.8916,13.3400,110.1800,0.0000,0.0000,0.8601,0,110.1800,-251.8563,-236.5460,0.8140,-244.9862,0.5513,PHASE_2_DRIVING,106.23,8.78,627.6,34.1,15.44,433,339,,
2509,10:10:38.442,ROI,160,160,160,160,14.94,16.18,4.075,0.0,61.82,631.32,47.64,78.09,84.31,0.9111,11.0500,108.1100,0.0000,0.0000,0.9191,0,108.1100,-251.6178,-238.0214,0.7920,-245.6088,0.5580,PHASE_2_DRIVING,105.36,9.03,627.6,34.1,14.04,386,316,,
2510,10:10:38.507,ROI,160,160,192,192,16.06,17.78,0.0,21.975,56.26,631.54,48.18,74.58,78.98,0.8947,12.3500,110.6800,0.0000,0.0000,0.8104,0,110.6800,-251.1761,-239.4119,0.7490,-246.1383,0.5718,PHASE_2_DRIVING,105.63,8.23,627.6,34.1,14.62,384,347,,
2511,10:10:38.568,ROI,160,160,160,160,18.07,19.27,8.925,20.275,51.88,630.52,47.32,79.39,84.37,0.8794,10.5100,107.5600,0.0000,0.0000,0.9238,0,107.5600,-251.5151,-240.5709,0.7253,-246.9144,0.5796,PHASE_2_DRIVING,102.46,10.63,627.6,34.1,13.54,407,270,,
2512,10:10:38.616,ROI,160,160,192,192,21.35,22.70,0.0,17.2,44.05,630.48,47.10,75.62,78.84,0.8901,12.2600,110.0200,0.0000,0.0000,0.8392,0,110.0200,-251.3039,-241.3146,0.6923,-247.2175,0.5909,PHASE_2_DRIVING,102.49,10.29,627.6,34.1,13.32,363,303,,
2513,10:10:38.682,ROI,160,160,160,160,20.70,21.88,0.0,17.85,45.70,630.15,46.09,81.27,85.29,0.8602,12.1500,106.0000,0.0000,0.0000,0.9447,0,106.0000,-251.5906,-241.7611,0.6784,-247.6177,0.5958,PHASE_2_DRIVING,102.01,10.38,627.6,34.1,12.26,339,274,,
2514,10:10:38.745,ROI,160,160,192,192,21.91,23.21,28.25,16.825,43.08,630.79,46.75,75.14,78.32,0.8491,12.2900,111.1000,0.0000,0.0000,0.8200,0,111.1000,-250.8225,-242.0632,0.6495,-247.3736,0.6063,PHASE_2_DRIVING,104.16,8.47,627.6,34.1,13.05,329,324,,
2515,10:10:38.794,ROI,160,160,160,160,13.71,14.95,0.0,26.15,66.91,629.58,45.78,80.59,84.72,0.8620,11.8500,106.2300,0.0000,0.0000,0.9457,0,106.2300,-251.1071,-242.0593,0.6384,-247.5818,0.6104,PHASE_2_DRIVING,99.62,12.80,627.6,34.1,11.85,385,207,,
2516,10:10:38.922,ROI,160,160,192,192,14.33,15.60,0.0,0.0,64.11,629.88,45.66,74.63,78.60,0.8591,11.9300,109.4700,0.0000,0.0000,0.8253,0,109.4700,-250.6659,-241.8517,0.6077,-247.3342,0.6220,PHASE_2_DRIVING,101.14,11.53,627.6,34.1,11.78,314,276,,
2517,10:10:38.969,ROI,160,160,160,160,18.41,19.33,0.0,20.225,51.74,629.25,44.73,81.32,86.02,0.8385,12.0000,105.2900,0.0000,0.0000,0.9518,0,105.2900,-251.3665,-241.5300,0.5859,-247.7323,0.6305,PHASE_2_DRIVING,98.82,13.44,627.6,34.1,10.76,326,212,,
2518,10:10:39.034,ROI,160,160,192,192,16.01,17.25,8.525,22.65,57.98,630.20,45.42,74.51,79.15,0.8431,12.6200,107.9700,0.0000,0.0000,0.8516,0,107.9700,-251.4692,-241.4341,0.5260,-248.0102,0.6553,PHASE_2_DRIVING,102.94,9.05,627.6,34.1,11.61,266,315,,
2519,10:10:39.082,ROI,160,160,160,160,13.66,14.52,0.0,0.0,68.88,628.79,44.74,79.55,85.37,0.8684,10.3200,106.4400,0.0000,0.0000,0.9405,0,106.4400,-252.1661,-241.2868,0.5031,-248.5249,0.6653,PHASE_2_DRIVING,96.38,15.09,627.6,34.1,10.71,373,163,,
2520,10:10:39.145,ROI,160,160,192,192,14.41,15.33,0.0,0.0,65.24,629.63,44.98,74.99,79.60,0.8789,13.4100,108.5300,0.0000,0.0000,0.8742,0,108.5300,-252.1851,-241.0855,0.4663,-248.6553,0.6820,PHASE_2_DRIVING,100.58,10.76,627.6,34.1,11.06,258,295,,
2521,10:10:39.208,ROI,160,160,160,160,15.69,16.92,0.0,0.0,59.12,628.59,44.44,81.01,84.90,0.8678,10.8000,104.6100,0.0000,0.0000,0.9383,0,104.6100,-253.0549,-240.4075,0.4395,-249.1937,0.6947,PHASE_2_DRIVING,95.47,15.34,627.6,34.1,10.39,347,172,,
2522,10:10:39.259,ROI,160,160,192,192,16.42,17.67,0.0,0.0,56.59,629.86,44.68,74.26,79.48,0.8581,13.2900,108.6900,0.0000,0.0000,0.8903,0,108.6900,-253.0360,-240.0334,0.3937,-249.3629,0.7175,PHASE_2_DRIVING,102.06,8.57,627.6,34.1,10.81,220,320,,
2523,10:10:39.386,ROI,160,160,160,160,13.93,15.04,0.0,0.0,66.50,628.21,43.01,79.71,83.45,0.8872,11.2700,105.8800,0.0000,0.0000,0.9392,0,105.8800,-253.4125,-239.4574,0.3907,-249.4917,0.7190,PHASE_3_FINAL_ALIGNING,-178.51,-70.98,627.6,34.1,8.93,-1420,1420,,
2524,10:10:39.433,ROI,160,160,192,192,15.39,16.26,12.55,24.025,61.48,629.63,44.42,75.68,79.87,0.9088,12.2900,108.2400,0.0000,0.0000,0.8679,0,108.2400,-253.2069,-238.8929,0.3476,-249.5145,0.7420,PHASE_3_FINAL_ALIGNING,-178.51,-71.00,627.6,34.1,10.52,-1420,1420,,
2525,10:10:39.497,ROI,160,160,160,160,15.12,16.22,0.0,24.1,61.67,628.30,42.40,79.76,82.32,0.9031,12.8200,105.4400,0.0000,0.0000,0.9464,0,105.4400,-253.7929,-238.9881,0.3535,-249.9259,0.7388,PHASE_3_FINAL_ALIGNING,-178.51,-71.42,627.6,34.1,8.33,-1428,1428,,
2526,10:10:39.561,ROI,160,160,192,192,16.34,17.43,0.0,0.0,57.39,629.51,43.82,75.67,80.50,0.9164,11.9800,108.8200,0.0000,0.0000,0.8677,0,108.8200,-253.3204,-239.7045,0.3112,-250.0886,0.7626,PHASE_3_FINAL_ALIGNING,-178.51,-71.58,627.6,34.1,9.91,-1432,1432,,
2527,10:10:39.608,ROI,160,160,192,192,14.26,15.63,0.0,0.0,63.97,628.96,43.26,74.34,78.55,0.9587,11.4300,107.5100,0.0000,0.0000,0.8189,0,107.5100,-253.3221,-240.8999,0.2987,-250.4651,0.7700,PHASE_3_FINAL_ALIGNING,-178.51,-71.96,627.6,34.1,9.26,-1439,1439,,
2528,10:10:39.674,ROI,160,160,160,160,12.71,14.20,7.725,0.0,70.43,628.06,41.47,77.52,80.65,0.9171,11.9900,106.6200,0.0000,0.0000,0.9341,0,106.6200,-253.2099,-242.4849,0.3000,-250.7348,0.7692,PHASE_3_FINAL_ALIGNING,-178.51,-72.22,627.6,34.1,7.38,-1444,1444,,
2529,10:10:39.739,ROI,160,160,192,192,16.36,17.67,7.725,22.125,56.61,629.06,43.02,75.37,79.87,0.9358,11.7300,109.2800,0.0000,0.0000,0.8403,0,109.2800,-252.8288,-244.1596,0.2775,-250.9458,0.7828,PHASE_3_FINAL_ALIGNING,-178.51,-72.44,627.6,34.1,9.04,-1449,1449,,
2530,10:10:39.785,ROI,160,160,160,160,19.88,21.15,13.925,36.925,47.28,628.01,41.60,79.21,81.66,0.9190,12.6700,105.8100,0.0000,0.0000,0.9412,0,105.8100,-252.9147,-245.5003,0.2798,-251.2935,0.7813,PHASE_3_FINAL_ALIGNING,-178.51,-72.78,627.6,34.1,7.51,-1456,1456,,
2531,10:10:39.914,ROI,160,160,192,192,19.42,20.78,3.625,75.2,48.11,627.54,42.14,78.52,79.03,0.9565,10.8500,111.6600,0.0000,0.0000,0.7443,0,111.6600,-252.1760,-246.2080,0.2850,-250.8523,0.7782,PHASE_3_FINAL_ALIGNING,-178.51,-72.34,627.6,34.1,8.04,-1447,1447,,
2532,10:10:39.962,ROI,160,160,160,160,15.00,16.11,14.35,24.25,62.06,627.95,40.66,81.28,80.66,0.9310,11.8900,108.3000,0.0000,0.0000,0.9129,0,108.3000,-251.6577,-247.4149,0.2849,-250.7170,0.7783,PHASE_3_FINAL_ALIGNING,-178.51,-72.21,627.6,34.1,6.57,-1444,1444,,
2533,10:10:40.025,ROI,160,160,192,192,13.83,15.40,0.0,25.375,64.94,626.88,41.15,83.00,77.47,0.9366,9.9900,115.5900,0.0000,0.0000,0.7155,0,115.5900,-250.1393,-247.5711,0.2974,-249.5506,0.7708,PHASE_3_FINAL_ALIGNING,-178.51,-71.04,627.6,34.1,7.08,-1421,1421,,
2534,10:10:40.074,ROI,160,160,192,192,16.27,17.71,0.0,0.0,56.46,626.74,40.39,82.45,75.84,0.9724,8.7400,116.9900,0.0000,0.0000,0.6925,0,116.9900,-248.1385,-247.2478,0.3123,-247.9266,0.7620,PHASE_3_FINAL_ALIGNING,-178.51,-69.42,627.6,34.1,6.35,-1388,1388,,
2535,10:10:40.138,ROI,160,160,192,192,15.02,16.26,8.45,0.0,61.51,626.26,39.24,86.10,74.98,0.9296,7.7000,118.9100,0.0000,0.0000,0.6823,0,118.9100,-246.3412,-246.5532,0.3584,-246.3971,0.7361,PHASE_3_FINAL_ALIGNING,-178.51,-67.89,627.6,34.1,5.31,-1358,1358,,
2536,10:10:40.200,ROI,160,160,192,192,14.52,15.40,8.6,0.0,64.95,626.88,38.80,88.27,74.36,0.9641,8.0300,119.8900,0.0000,0.0000,0.6127,0,119.8900,-244.2844,-246.4245,0.3730,-244.8658,0.7283,PHASE_3_FINAL_ALIGNING,-178.51,-66.36,627.6,34.1,4.75,-1327,1327,,
2537,10:10:40.314,ROI,160,160,192,192,16.13,17.29,0.0,0.0,57.85,627.24,37.37,91.80,72.55,0.9260,9.4200,127.3000,0.0000,0.0000,0.7586,0,127.3000,-241.0901,-246.5689,0.4166,-242.7013,0.7059,PHASE_3_FINAL_ALIGNING,-178.51,-64.19,627.6,34.1,3.29,-1284,1284,,
2538,10:10:40.378,ROI,160,160,192,192,16.59,17.68,0.0,0.0,56.55,625.79,34.36,97.04,67.13,0.8714,11.6300,141.0400,0.0000,0.0000,0.7914,0,141.0400,-235.2172,-247.0720,0.4931,-239.1325,0.6697,PHASE_3_FINAL_ALIGNING,-178.51,-60.62,627.6,34.1,1.83,-1212,1212,,
2539,10:10:40.426,ROI,160,160,224,224,15.19,16.52,0.0,0.0,60.53,624.68,34.73,102.84,65.60,0.9234,9.5700,148.3300,0.0000,0.0000,0.7612,0,148.3300,-228.8581,-246.8244,0.5658,-235.3504,0.6386,PHASE_3_FINAL_ALIGNING,-178.51,-56.84,627.6,34.1,2.99,-1137,1137,,
2540,10:10:40.490,ROI,160,160,224,224,11.64,12.73,8.2,30.7,78.54,624.74,34.06,103.88,65.52,0.9700,9.6800,152.2700,0.0000,0.0000,0.8067,0,152.2700,-222.0063,-246.7943,0.6131,-231.4275,0.6199,PHASE_3_FINAL_ALIGNING,-178.51,-52.92,627.6,34.1,2.86,-1058,1058,,
2541,10:10:40.553,ROI,160,160,224,224,14.00,14.86,0.0,26.275,67.27,625.90,34.40,104.68,65.84,0.9681,9.8100,153.9500,0.0000,0.0000,0.7911,0,153.9500,-215.8874,-246.7036,0.6655,-228.2009,0.6004,PHASE_3_FINAL_ALIGNING,-178.51,-49.69,627.6,34.1,1.72,-994,994,,
2542,10:10:40.601,ROI,160,160,224,224,14.81,15.84,0.0,0.0,63.12,625.84,34.17,104.57,64.09,0.9722,9.6800,158.6700,0.0000,0.0000,0.7924,0,158.6700,-209.3836,-246.8281,0.6677,-224.3759,0.5996,PHASE_3_FINAL_ALIGNING,-178.51,-45.87,627.6,34.1,1.76,-917,917,,
2543,10:10:40.731,ROI,160,160,224,224,16.01,17.32,0.0,0.0,57.74,626.18,33.47,101.77,63.22,0.9522,8.8800,165.0400,0.0000,0.0000,0.7750,0,165.0400,-202.7718,-247.3495,0.7038,-221.1863,0.5869,PHASE_3_FINAL_ALIGNING,-178.51,-42.68,627.6,34.1,1.56,-853,853,,
2544,10:10:40.777,ROI,160,160,224,224,12.74,13.95,0.0,0.0,71.68,627.64,35.32,104.13,66.36,0.9183,11.5300,166.5700,0.0000,0.0000,0.7890,0,166.5700,-196.5168,-248.7539,0.6496,-217.0869,0.6062,PHASE_3_FINAL_ALIGNING,-178.51,-38.58,627.6,34.1,1.22,-771,771,,
2545,10:10:40.841,ROI,160,160,224,224,15.43,16.89,7.85,23.125,59.20,628.12,35.24,105.95,66.96,0.9740,12.9500,167.9000,0.0000,0.0000,0.7980,0,167.9000,-191.1484,-251.1387,0.5936,-213.4945,0.6275,PHASE_3_FINAL_ALIGNING,-178.51,-34.98,627.6,34.1,1.25,-700,700,,
2546,10:10:40.904,ROI,160,160,224,224,17.18,18.42,0.0,21.2,54.28,628.53,35.36,103.14,65.76,0.9559,12.4300,169.4900,0.0000,0.0000,0.7966,0,169.4900,-186.6129,-254.4799,0.5594,-210.9591,0.6413,PHASE_3_FINAL_ALIGNING,-178.51,-32.45,627.6,34.1,1.57,-649,649,,
2547,10:10:40.954,ROI,160,160,224,224,13.40,14.39,0.0,0.0,69.47,628.07,35.83,99.76,65.60,0.9540,11.8800,170.8400,0.0000,0.0000,0.7728,0,170.8400,-182.6085,-258.9905,0.4785,-207.3303,0.6763,PHASE_3_FINAL_ALIGNING,-178.51,-28.82,627.6,34.1,1.79,-576,576,,
2548,10:10:41.019,ROI,160,160,224,224,15.45,16.59,0.0,0.0,60.27,628.35,35.92,100.45,66.00,0.9873,10.4300,174.4700,0.0000,0.0000,0.7589,0,174.4700,-179.3267,-227.6498,0.4156,-193.5126,0.7064,PHASE_3_FINAL_ALIGNING,-178.51,-15.00,627.6,34.1,1.97,-300,300,,
2549,10:10:41.082,ROI,160,160,224,224,16.61,17.61,8.325,0.0,56.78,626.42,36.18,98.17,66.42,0.9547,10.8200,175.5100,0.0000,0.0000,0.7314,0,175.5100,-176.3866,-199.3561,0.3243,-182.0112,0.7551,PHASE_3_FINAL_ALIGNING,-178.51,-3.50,627.6,34.1,2.39,-70,70,,
2550,10:10:41.130,ROI,160,160,224,224,14.06,15.06,0.0,0.0,66.40,628.98,36.47,99.48,64.85,0.9277,11.6500,176.4700,0.0000,0.0000,0.8061,0,176.4700,-174.7435,-177.2839,0.2663,-175.2778,0.7897,PHASE_3_FINAL_ALIGNING,-178.51,3.23,627.6,34.1,2.74,65,-65,,
2551,10:10:41.242,ROI,160,160,224,224,15.90,17.23,4.025,0.0,58.03,628.84,35.97,98.46,64.46,0.9745,11.8900,177.9200,0.0000,0.0000,0.8233,0,177.9200,-173.1896,-161.1594,0.2146,-171.0645,0.8233,PHASE_3_FINAL_ALIGNING,-178.51,7.45,627.6,34.1,2.24,149,-149,,
2552,10:10:41.307,ROI,160,160,224,224,13.36,14.93,0.0,0.0,66.99,629.25,36.62,99.33,64.78,0.9713,12.7500,179.0000,0.0000,0.0000,0.8251,0,179.0000,-172.3526,-152.6771,0.1992,-169.0840,0.8339,PHASE_3_FINAL_ALIGNING,-178.51,9.43,627.6,34.1,3.01,189,-189,,
2553,10:10:41.370,ROI,160,160,224,224,16.72,18.20,0.0,0.0,54.96,629.15,36.79,98.81,64.41,0.9892,11.7700,178.8300,0.0000,0.0000,0.7967,0,178.8300,-172.4249,-150.3270,0.2171,-168.4838,0.8217,PHASE_3_FINAL_ALIGNING,-178.51,10.03,627.6,34.1,3.11,201,-201,,
2554,10:10:41.417,ROI,160,160,224,224,17.94,19.13,0.0,0.0,52.28,629.36,37.17,100.07,64.78,0.9760,13.2800,177.6400,0.0000,0.0000,0.8029,0,177.6400,-173.6832,-152.7098,0.2752,-169.1566,0.7842,PHASE_3_FINAL_ALIGNING,-178.51,9.35,627.6,34.1,3.54,187,-187,,
2555,10:10:41.482,ROI,160,160,224,224,13.97,14.89,0.0,26.25,67.18,629.11,37.11,100.24,64.81,0.9933,12.0400,178.0000,0.0000,0.0000,0.7861,0,178.0000,-175.0575,-157.4626,0.3321,-170.6710,0.7507,PHASE_3_FINAL_ALIGNING,-178.51,7.84,627.6,34.1,3.37,157,-157,,
2556,10:10:41.546,ROI,160,160,224,224,14.82,15.91,7.85,24.575,62.85,628.96,36.93,100.81,64.89,0.9888,11.7300,178.8700,0.0000,0.0000,0.7737,0,178.8700,-175.6167,-163.2267,0.3271,-172.5629,0.7535,PHASE_3_FINAL_ALIGNING,-178.51,5.95,627.6,34.1,3.14,119,-119,,
2557,10:10:41.595,ROI,160,160,224,224,15.78,16.84,0.0,23.2,59.37,629.26,36.96,103.10,65.25,0.9724,12.5700,-179.9800,0.0000,0.0000,0.7906,0,-179.9800,-175.7941,-170.1723,0.3061,-174.4767,0.7657,PHASE_3_FINAL_ALIGNING,-178.51,4.03,627.6,34.1,3.31,81,-81,,
2558,10:10:41.723,ROI,160,160,224,224,18.68,19.70,3.525,0.0,50.75,629.62,37.07,102.14,65.66,0.9847,13.1300,-179.9400,0.0000,0.0000,0.7676,0,-179.9400,-176.0815,-178.2103,0.2744,-176.5399,0.7847,PHASE_3_FINAL_ALIGNING,-178.51,1.97,627.6,34.1,3.59,39,-39,,
2559,10:10:41.770,ROI,160,160,224,224,15.81,16.97,0.0,23.025,58.93,629.55,36.99,101.68,65.37,0.9910,12.6300,179.7900,0.0000,0.0000,0.7734,0,179.7900,-176.7251,-187.0155,0.2508,-178.7881,0.7995,PHASE_3_FINAL_ALIGNING,-178.51,-0.28,627.6,34.1,3.48,-6,6,,
2560,10:10:41.833,ROI,160,160,224,224,16.31,17.38,0.0,22.475,57.53,629.76,36.99,102.19,65.48,0.9934,13.3800,179.4600,0.0000,0.0000,0.7932,0,179.4600,-177.3651,-196.5923,0.2167,-180.7896,0.8219,PHASE_3_FINAL_ALIGNING,-178.51,-2.28,627.6,34.1,3.60,-46,46,,
2561,10:10:41.898,ROI,160,160,224,224,15.44,16.60,0.0,0.0,60.24,629.67,37.17,102.00,65.39,0.9927,13.4600,178.9600,0.0000,0.0000,0.7943,0,178.9600,-177.7644,-206.3892,0.1690,-181.9017,0.8555,PHASE_3_FINAL_ALIGNING,-178.51,-3.39,627.6,34.1,3.70,-68,68,,
2562,10:10:41.947,ROI,160,160,224,224,15.88,17.27,0.0,22.625,57.89,629.63,37.23,101.43,65.13,0.9903,13.3600,178.7500,0.0000,0.0000,0.7889,0,178.7500,-178.2809,-217.0814,0.1568,-183.5399,0.8645,PHASE_3_FINAL_ALIGNING,-178.51,-5.03,627.6,34.1,3.73,-101,101,,
2563,10:10:42.010,ROI,160,160,224,224,14.74,15.74,0.0,24.825,63.55,629.46,37.25,100.58,65.14,0.9907,13.1600,178.6600,0.0000,0.0000,0.7905,0,178.6600,-178.8817,-228.3830,0.1429,-185.0709,0.8750,PHASE_3_FINAL_ALIGNING,-178.51,-6.56,627.6,34.1,3.66,-131,131,,
2564,10:10:42.057,ROI,160,160,224,224,14.37,16.07,0.0,0.0,62.22,629.73,37.16,100.18,65.17,0.9917,13.0400,178.5600,0.0000,0.0000,0.7939,0,178.5600,-179.5151,-239.5598,0.1351,-186.6610,0.8810,PHASE_3_FINAL_ALIGNING,-178.51,-8.15,627.6,34.1,3.72,-163,163,,
2565,10:10:42.122,ROI,160,160,224,224,13.78,14.77,0.0,0.0,67.69,629.66,37.27,99.71,65.02,0.9918,12.9400,178.6000,0.0000,0.0000,0.7938,0,178.6000,-180.1494,-252.0706,0.1221,-187.9749,0.8912,PHASE_3_FINAL_ALIGNING,-178.51,-9.46,627.6,34.1,3.78,-189,189,,
2566,10:10:42.234,ROI,160,160,224,224,17.48,18.75,0.0,0.0,53.34,629.60,37.35,99.23,65.03,0.9927,12.6500,178.5300,0.0000,0.0000,0.7990,0,178.5300,-180.5309,-246.0028,0.1104,-187.0416,0.9006,PHASE_3_FINAL_ALIGNING,-178.51,-8.53,627.6,34.1,3.82,-171,171,,
2567,10:10:42.297,ROI,160,160,224,224,18.52,19.61,0.0,0.0,50.99,629.70,37.31,99.61,64.99,0.9949,13.1700,178.5200,0.0000,0.0000,0.7998,0,178.5200,-180.8701,-241.4369,0.0694,-184.8017,0.9351,PHASE_3_FINAL_ALIGNING,-178.51,-6.29,627.6,34.1,3.84,-126,126,,
2568,10:10:42.362,ROI,160,160,224,224,14.25,15.15,0.0,0.0,65.99,629.73,37.32,99.74,65.16,0.9962,13.2500,178.4500,0.0000,0.0000,0.7993,0,178.4500,-181.1697,-236.2954,0.0645,-184.5079,0.9394,PHASE_3_FINAL_ALIGNING,-178.51,-6.00,627.6,34.1,3.86,-120,120,,
2569,10:10:42.411,ROI,160,160,224,224,16.75,17.83,11.575,21.925,56.10,629.55,37.45,100.38,65.24,0.9898,13.4800,178.6900,0.0000,0.0000,0.7865,0,178.6900,-181.2939,-230.9882,0.0475,-183.5477,0.9546,PHASE_3_FINAL_ALIGNING,-178.51,-5.04,627.6,34.1,3.87,-101,101,,
2570,10:10:42.474,ROI,160,160,224,224,12.89,13.94,8.65,28.025,71.73,629.71,37.31,100.63,64.99,0.9924,13.2600,178.9200,0.0000,0.0000,0.7815,0,178.9200,-181.2644,-226.2679,0.0427,-183.1071,0.9591,PHASE_3_FINAL_ALIGNING,-178.51,-4.60,627.6,34.1,3.84,-92,92,,
2571,10:10:42.536,ROI,160,160,224,224,14.31,15.22,0.0,25.675,65.71,629.15,37.16,101.18,64.82,0.9843,12.4400,178.7200,0.0000,0.0000,0.7732,0,178.7200,-181.2935,-224.5432,0.0280,-182.4733,0.9727,PHASE_3_FINAL_ALIGNING,-178.51,-3.96,627.6,34.1,3.43,-79,79,,
2572,10:10:42.584,ROI,160,160,224,224,17.12,18.05,0.0,0.0,55.41,629.22,37.09,101.02,64.88,0.9963,12.3800,179.4100,0.0000,0.0000,0.7643,0,179.4100,-181.3115,-226.5733,0.0217,-182.2738,0.9787,PHASE_3_FINAL_ALIGNING,-178.51,-3.76,627.6,34.1,3.40,-75,75,,
2573,10:10:42.714,ROI,160,160,224,224,13.61,14.79,0.0,26.4,67.59,629.31,37.11,101.44,65.42,0.9875,12.6800,-179.4700,0.0000,0.0000,0.7376,0,-179.4700,-181.0914,-235.1788,0.0162,-181.9530,0.9841,PHASE_3_FINAL_ALIGNING,-178.51,-3.44,627.6,34.1,3.46,-69,69,,
2574,10:10:42.762,ROI,160,160,224,224,15.84,17.08,0.0,22.875,58.54,629.08,37.27,101.22,65.39,0.9909,12.3000,-179.2300,0.0000,0.0000,0.7322,0,-179.2300,-180.7699,-217.5169,0.0223,-181.5705,0.9782,PHASE_3_FINAL_ALIGNING,-178.51,-3.06,627.6,34.1,3.50,-61,61,,
2575,10:10:42.825,ROI,160,160,224,224,11.71,13.30,8.45,0.0,75.20,628.38,36.95,100.52,65.39,0.9766,11.2300,-178.5600,0.0000,0.0000,0.7055,0,-178.5600,-180.2168,-207.8289,0.0433,-181.3626,0.9585,PHASE_3_FINAL_ALIGNING,-178.51,-2.85,627.6,34.1,2.95,-57,57,,
2576,10:10:42.873,ROI,160,160,224,224,12.37,13.43,0.0,0.0,74.47,627.59,37.30,100.37,65.72,0.9740,12.3300,-178.6000,0.0000,0.0000,0.7491,0,-178.6000,-179.6923,-199.8194,0.0733,-181.0676,0.9317,PHASE_3_FINAL_ALIGNING,-178.51,-2.56,627.6,34.1,3.20,-51,51,,
2577,10:10:42.937,ROI,160,160,224,224,16.41,17.43,7.85,0.0,57.36,626.97,37.21,104.05,65.97,0.9609,12.1600,-177.0500,0.0000,0.0000,0.7493,0,-177.0500,-178.9042,-193.4178,0.1115,-180.3602,0.8997,PHASE_3_FINAL_ALIGNING,-178.51,-1.85,627.6,34.1,3.17,-37,37,,
2578,10:10:43.001,ROI,160,160,224,224,16.79,18.10,16.65,21.575,55.24,626.90,36.65,104.54,66.30,0.9786,12.0100,-176.3900,0.0000,0.0000,0.7802,0,-176.3900,-178.0730,-189.0813,0.1424,-179.4455,0.8753,PHASE_4_FWD_BWD,-178.51,-0.94,627.6,34.1,2.65,0,0,,
2579,10:10:43.114,ROI,160,160,224,224,13.49,14.65,4.125,0.0,68.24,626.66,36.88,104.92,66.68,0.9888,12.0900,-176.0300,0.0000,0.0000,0.7710,0,-176.0300,-177.2965,-185.4538,0.1730,-178.4998,0.8525,PHASE_4_FWD_BWD,-178.51,0.01,627.6,34.1,2.93,0,0,,
2580,10:10:43.177,ROI,160,160,224,224,12.21,13.22,0.0,0.0,75.67,626.41,36.88,104.59,66.61,0.9942,12.0400,-175.7900,0.0000,0.0000,0.7661,0,-175.7900,-176.5821,-182.5328,0.2025,-177.5841,0.8316,PHASE_4_FWD_BWD,-178.51,0.93,627.6,34.1,3.02,0,0,,
2581,10:10:43.224,ROI,160,160,224,224,11.12,11.98,11.6,0.0,83.50,626.50,36.86,104.86,66.63,0.9970,12.1700,-175.8400,0.0000,0.0000,0.7748,0,-175.8400,-175.9837,-180.0438,0.2268,-176.7342,0.8152,PHASE_4_FWD_BWD,-178.51,1.78,627.6,34.1,2.97,0,0,,
2582,10:10:43.291,ROI,160,160,224,224,20.53,22.03,0.0,0.0,45.39,626.62,36.83,105.34,66.53,0.9940,12.1400,-176.0000,0.0000,0.0000,0.7731,0,-176.0000,-175.5257,-177.6320,0.2381,-175.9308,0.8077,PHASE_4_FWD_BWD,-178.51,2.58,627.6,34.1,2.91,0,0,,
2583,10:10:43.354,ROI,160,160,224,224,11.17,12.14,0.0,0.0,82.36,626.73,36.92,106.01,66.54,0.9912,12.3400,-176.0600,0.0000,0.0000,0.7765,0,-176.0600,-175.1710,-175.5769,0.2419,-175.2501,0.8052,PHASE_4_FWD_BWD,-178.51,3.26,627.6,34.1,2.95,0,0,,
2584,10:10:43.400,ROI,160,160,224,224,11.13,12.16,0.0,0.0,82.27,626.80,37.16,106.32,66.53,0.9900,12.5000,-176.1000,0.0000,0.0000,0.7772,0,-176.1000,-174.9259,-173.5317,0.2387,-174.6572,0.8073,PHASE_4_FWD_BWD,-178.51,3.85,627.6,34.1,3.16,0,0,,
2585,10:10:43.529,ROI,160,160,224,224,11.32,12.23,0.0,0.0,81.79,627.23,37.34,104.97,65.70,0.9751,13.0700,-176.0700,0.0000,0.0000,0.7681,0,-176.0700,-174.7700,-173.3169,0.2201,-174.5079,0.8196,PHASE_4_FWD_BWD,-178.51,4.00,627.6,34.1,3.26,0,0,,
2586,10:10:43.576,ROI,160,160,224,224,11.49,12.39,11.35,0.0,80.73,625.66,38.07,103.15,66.28,0.9494,12.1000,-175.8100,0.0000,0.0000,0.6811,0,-175.8100,-174.6636,-172.6145,0.2234,-174.2893,0.8174,PHASE_4_FWD_BWD,-178.51,4.22,627.6,34.1,4.42,0,0,,
2587,10:10:43.642,ROI,160,160,224,224,10.75,11.59,0.0,0.0,86.25,625.78,37.73,105.24,67.28,0.9655,13.1900,-176.0700,0.0000,0.0000,0.7520,0,-176.0700,-174.6844,-171.6202,0.2213,-174.1291,0.8188,PHASE_4_FWD_BWD,-178.51,4.38,627.6,34.1,4.06,0,0,,
2588,10:10:43.704,ROI,160,160,224,224,10.95,11.86,0.0,0.0,84.30,623.28,38.78,102.31,66.15,0.9238,12.3200,-176.3300,0.0000,0.0000,0.6906,0,-176.3300,-174.8248,-169.5626,0.2556,-173.7536,0.7964,PHASE_4_FWD_BWD,-178.51,4.76,627.6,34.1,6.37,0,0,,
2589,10:10:43.754,ROI,160,160,224,224,10.93,11.79,10.35,0.0,84.81,620.77,38.11,99.83,66.04,0.9329,10.9600,-176.0300,0.0000,0.0000,0.6616,0,-176.0300,-175.0094,-169.0915,0.3286,-173.5457,0.7527,PHASE_4_FWD_BWD,-178.51,4.96,627.6,34.1,7.92,0,0,,
2590,10:10:43.816,ROI,160,160,224,224,13.97,15.18,0.0,0.0,65.89,620.21,38.71,102.93,67.21,0.9526,13.1000,-173.3700,0.0000,0.0000,0.6948,0,-173.3700,-174.6649,-170.6895,0.3945,-173.5402,0.7171,PHASE_4_FWD_BWD,-178.51,4.97,627.6,34.1,8.71,0,0,,
2591,10:10:43.864,ROI,160,160,224,224,11.02,12.35,0.0,0.0,80.95,617.98,38.29,99.09,67.13,0.9452,11.6800,-174.1500,0.0000,0.0000,0.6565,0,-174.1500,-174.4823,-177.0849,0.4767,-175.3225,0.6772,PHASE_4_FWD_BWD,-178.51,3.19,627.6,34.1,10.49,0,0,,
2592,10:10:43.994,ROI,160,160,224,224,11.13,11.97,3.325,0.0,83.53,614.33,39.65,99.36,65.91,0.8930,13.5300,-174.0500,0.0000,0.0000,0.7154,0,-174.0500,-174.3460,-171.2327,0.6082,-173.1685,0.6218,PHASE_4_FWD_BWD,-178.51,5.34,627.6,34.1,14.39,0,0,,
2593,10:10:44.042,ROI,160,160,224,224,12.80,14.02,0.0,0.0,71.34,612.36,39.80,100.83,66.22,0.9571,11.7600,-174.7800,0.0000,0.0000,0.7021,0,-174.7800,-174.3754,-168.4258,0.7553,-171.8154,0.5697,PHASE_4_FWD_BWD,-178.51,6.69,627.6,34.1,16.27,0,0,,
2594,10:10:44.104,ROI,160,160,224,224,11.13,12.01,0.0,0.0,83.23,610.56,40.43,100.86,64.47,0.9398,11.5200,-175.1300,0.0000,0.0000,0.6985,0,-175.1300,-174.5473,-165.9711,0.9186,-170.4411,0.5212,PHASE_4_FWD_BWD,-178.51,8.07,627.6,34.1,18.18,0,0,,
2595,10:10:44.168,ROI,160,160,224,224,12.68,13.53,0.0,0.0,73.88,607.58,40.15,101.77,66.57,0.9138,12.0300,-174.2300,0.0000,0.0000,0.6663,0,-174.2300,-174.4236,-164.1865,1.1079,-169.0431,0.4744,PHASE_4_FWD_BWD,-178.51,9.47,627.6,34.1,20.92,0,0,,
2596,10:10:44.216,ROI,160,160,224,224,11.14,12.11,0.0,0.0,82.60,602.07,42.03,103.22,67.96,0.8515,12.7100,-174.6900,0.0000,0.0000,0.6317,0,-174.6900,-174.3702,-163.3222,1.3573,-168.0088,0.4242,PHASE_4_FWD_BWD,-178.51,10.50,627.6,34.1,26.73,0,0,,
2597,10:10:44.281,ROI,160,160,224,224,11.88,12.84,0.0,0.0,77.87,599.98,42.28,99.71,69.45,0.9397,12.1200,-174.7800,0.0000,0.0000,0.6795,0,-174.7800,-174.3251,-162.9245,1.5967,-167.3150,0.3851,PHASE_4_FWD_BWD,-178.51,11.19,627.6,34.1,28.80,0,0,,
2598,10:10:44.344,ROI,160,160,224,224,12.37,13.20,7.65,0.0,75.73,597.77,42.77,101.54,72.13,0.9219,13.2700,-173.2900,0.0000,0.0000,0.6955,0,-173.2900,-173.9702,-162.9125,1.8245,-166.8275,0.3540,PHASE_4_FWD_BWD,-178.51,11.68,627.6,34.1,31.07,0,0,,
2599,10:10:44.393,ROI,160,160,224,224,22.82,24.48,10.925,0.0,40.85,594.07,43.02,102.94,71.16,0.9183,13.0500,-172.3100,0.0000,0.0000,0.6834,0,-172.3100,-173.4642,-163.3088,2.0546,-166.6335,0.3274,PHASE_4_FWD_BWD,-178.51,11.88,627.6,34.1,34.69,0,0,,
2600,10:10:44.506,ROI,160,160,224,224,12.42,13.26,4.425,0.0,75.40,587.39,43.16,102.42,69.48,0.8583,13.9500,-173.6700,0.0000,0.0000,0.7409,0,-173.6700,-173.3163,-164.2734,2.3303,-166.9887,0.3003,PHASE_4_FWD_BWD,-178.51,11.52,627.6,34.1,41.22,0,0,,
2601,10:10:44.568,ROI,160,160,224,224,11.36,12.40,0.0,0.0,80.64,583.58,45.36,101.29,69.48,0.8729,15.9500,-173.5600,0.0000,0.0000,0.7687,0,-173.5600,-173.1933,-165.5480,2.5946,-167.6749,0.2782,PHASE_4_FWD_BWD,-178.51,10.84,627.6,34.1,45.43,0,0,,
2602,10:10:44.634,ROI,160,160,224,224,12.42,13.28,0.0,0.0,75.30,581.87,45.25,100.23,70.59,0.9517,15.1200,-175.3500,0.0000,0.0000,0.7376,0,-175.3500,-173.4851,-167.0042,2.7970,-168.7110,0.2634,PHASE_4_FWD_BWD,-178.51,9.80,627.6,34.1,47.07,0,0,,
2603,10:10:44.680,ROI,160,160,224,224,11.29,12.26,0.0,0.0,81.57,579.43,46.06,98.95,71.65,0.9314,14.9500,-174.3000,0.0000,0.0000,0.7193,0,-174.3000,-173.5718,-168.5324,2.9419,-169.8108,0.2537,PHASE_4_FWD_BWD,-178.51,8.70,627.6,34.1,49.63,0,0,,
2604,10:10:44.744,ROI,160,160,224,224,11.25,12.12,0.0,0.0,82.49,576.14,46.51,101.36,72.98,0.9197,14.7700,-173.0200,0.0000,0.0000,0.7226,0,-173.0200,-173.3986,-169.6475,3.0776,-170.5675,0.2452,PHASE_4_FWD_BWD,-178.51,7.94,627.6,34.1,52.93,0,0,,
2605,10:10:44.809,ROI,160,160,224,224,18.99,20.31,0.0,38.45,49.23,574.29,46.61,99.23,73.42,0.9582,14.9100,-168.9700,0.0000,0.0000,0.7162,0,-168.9700,-172.4743,-170.4389,3.1383,-170.9308,0.2416,PHASE_4_FWD_BWD,-178.51,7.58,627.6,34.1,54.76,0,0,,
2606,10:10:44.857,ROI,160,160,224,224,18.57,19.98,13.875,0.0,50.05,569.39,47.05,99.51,71.79,0.8870,15.0300,-171.5300,0.0000,0.0000,0.7752,0,-171.5300,-172.2275,-170.5660,3.2292,-170.9588,0.2365,PHASE_4_FWD_BWD,-178.51,7.55,627.6,34.1,59.63,0,0,,
2607,10:10:44.986,ROI,160,160,224,224,11.66,12.51,3.6,0.0,79.91,563.11,48.29,103.05,72.02,0.8550,15.5900,-168.5700,0.0000,0.0000,0.7770,0,-168.5700,-171.4257,-170.7126,3.3660,-170.8759,0.2290,PHASE_4_FWD_BWD,-178.51,7.63,627.6,34.1,66.04,0,0,,
2608,10:10:45.034,ROI,160,160,224,224,11.07,11.93,11.125,0.0,83.81,560.58,48.86,104.71,70.69,0.9354,14.0100,-167.8100,0.0000,0.0000,0.7310,0,-167.8100,-170.3036,-170.6903,3.4403,-170.6032,0.2252,PHASE_4_FWD_BWD,-178.51,7.91,627.6,34.1,68.63,0,0,,
2609,10:10:45.098,ROI,160,160,224,224,11.50,12.60,0.0,0.0,79.38,555.74,47.95,104.22,71.82,0.8896,15.1300,-170.7800,0.0000,0.0000,0.7311,0,-170.7800,-169.9737,-170.8597,3.5124,-170.6633,0.2216,PHASE_4_FWD_BWD,-178.51,7.85,627.6,34.1,73.18,0,0,,
2610,10:10:45.144,ROI,160,160,224,224,12.82,13.96,11.7,0.0,71.65,554.01,48.94,103.63,71.62,0.9411,14.3900,-169.6400,0.0000,0.0000,0.7314,0,-169.6400,-169.4584,-170.9382,3.5627,-170.6139,0.2192,PHASE_4_FWD_BWD,-178.51,7.90,627.6,34.1,75.08,0,0,,
2611,10:10:45.209,ROI,160,160,224,224,10.58,11.43,0.0,0.0,87.51,549.83,48.59,104.10,71.81,0.9140,14.9400,-172.2200,0.0000,0.0000,0.6842,0,-172.2200,-169.6297,-171.1089,3.5971,-170.7871,0.2175,PHASE_4_FWD_BWD,-178.51,7.72,627.6,34.1,79.11,0,0,,
2612,10:10:45.274,ROI,160,160,224,224,11.02,11.89,7.3,0.0,84.09,548.13,48.61,103.04,69.75,0.9403,14.2000,-172.0000,0.0000,0.0000,0.7011,0,-172.0000,-169.8398,-171.2803,3.5678,-170.9649,0.2189,PHASE_4_FWD_BWD,-178.51,7.55,627.6,34.1,80.78,0,0,,
2613,10:10:45.320,ROI,160,160,224,224,13.14,14.43,0.0,0.0,69.31,546.49,49.29,102.02,70.41,0.9500,12.6100,-172.0000,0.0000,0.0000,0.7116,0,-172.0000,-170.0047,-171.5761,3.4961,-171.2266,0.2224,PHASE_4_FWD_BWD,-178.51,7.28,627.6,34.1,82.52,0,0,,
2614,10:10:45.450,ROI,160,160,224,224,11.44,12.31,3.375,0.0,81.22,536.20,49.41,105.49,67.91,0.7935,14.5400,-172.3100,0.0000,0.0000,0.7344,0,-172.3100,-170.3234,-171.9590,3.5883,-171.6025,0.2179,PHASE_4_FWD_BWD,-178.51,6.91,627.6,34.1,92.67,0,0,,
2615,10:10:45.496,ROI,160,160,224,224,13.29,14.14,0.0,0.0,70.73,530.51,50.60,111.78,70.90,0.8634,13.4000,-175.0300,0.0000,0.0000,0.7165,0,-175.0300,-171.2505,-172.3763,3.6868,-172.1361,0.2134,PHASE_4_FWD_BWD,-178.51,6.37,627.6,34.1,98.48,0,0,,
2616,10:10:45.561,ROI,160,160,224,224,12.24,13.26,7.775,0.0,75.39,530.20,50.95,108.57,70.25,0.9617,14.0400,-174.6100,0.0000,0.0000,0.7355,0,-174.6100,-171.9218,-172.7876,3.6915,-172.6030,0.2132,PHASE_4_FWD_BWD,-178.51,5.91,627.6,34.1,98.85,0,0,,
2617,10:10:45.624,ROI,160,160,224,224,10.66,11.49,0.0,0.0,87.03,524.62,50.13,108.51,69.87,0.8827,14.6700,-174.4900,0.0000,0.0000,0.7364,0,-174.4900,-172.4364,-173.3059,3.7241,-173.1218,0.2117,PHASE_4_FWD_BWD,-178.51,5.39,627.6,34.1,104.22,0,0,,
2618,10:10:45.674,ROI,160,160,224,224,10.96,11.82,10.275,0.0,84.57,524.77,53.12,105.36,73.23,0.8949,12.0900,-171.1400,0.0000,0.0000,0.6988,0,-171.1400,-172.3782,-173.8368,3.7462,-173.5295,0.2107,PHASE_4_FWD_BWD,-178.51,4.98,627.6,34.1,104.57,0,0,,
2619,10:10:45.738,ROI,160,160,224,224,11.59,12.57,7.425,0.0,79.52,521.42,53.97,105.08,75.15,0.9152,11.8600,-172.2400,0.0000,0.0000,0.7182,0,-172.2400,-172.5773,-174.1882,3.7762,-173.8509,0.2094,PHASE_4_FWD_BWD,-178.51,4.66,627.6,34.1,108.02,0,0,,
2620,10:10:45.786,ROI,160,160,224,224,12.04,13.05,10.975,0.0,76.65,519.35,54.05,104.05,75.15,0.9590,11.5300,-172.4800,0.0000,0.0000,0.7531,0,-172.4800,-173.0476,-174.4173,3.7466,-174.1288,0.2107,PHASE_4_FWD_BWD,-178.51,4.38,627.6,34.1,110.08,0,0,,
2621,10:10:45.914,ROI,160,160,224,224,11.26,12.24,3.4,0.0,81.73,512.38,54.03,103.26,73.64,0.8574,12.3500,-173.1100,0.0000,0.0000,0.7246,0,-173.1100,-173.5805,-174.5299,3.7574,-174.3303,0.2102,PHASE_4_FWD_BWD,-178.51,4.18,627.6,34.1,116.93,0,0,,
2622,10:10:45.960,ROI,160,160,224,224,10.63,11.65,0.0,0.0,85.86,510.95,54.07,105.57,73.54,0.9718,8.5900,-175.6100,0.0000,0.0000,0.6760,0,-175.6100,-174.5038,-174.5200,3.7190,-174.5166,0.2119,PHASE_4_FWD_BWD,-178.51,3.99,627.6,34.1,118.35,0,0,,
2623,10:10:46.026,ROI,160,160,224,224,11.01,12.32,7.225,0.0,81.20,505.25,55.79,102.90,77.66,0.8518,7.8100,-173.3300,0.0000,0.0000,0.6932,0,-173.3300,-174.4650,-174.3557,3.6844,-174.3790,0.2135,PHASE_4_FWD_BWD,-178.51,4.13,627.6,34.1,124.25,0,0,,
2624,10:10:46.088,ROI,160,160,224,224,11.32,12.54,0.0,0.0,79.73,503.52,54.66,104.13,73.30,0.9139,3.0200,-175.7600,0.0000,0.0000,0.4081,0,-175.7600,-175.1315,-174.1220,3.6302,-174.3400,0.2160,PHASE_4_FWD_BWD,-178.51,4.17,627.6,34.1,125.78,0,0,,
2625,10:10:46.136,ROI,160,160,224,224,11.21,12.07,0.0,0.0,82.86,499.09,56.21,103.80,75.82,0.8824,3.3900,-173.8000,0.0000,0.0000,0.4233,0,-173.8000,-174.9937,-173.7635,3.6452,-174.0283,0.2153,PHASE_4_FWD_BWD,-178.51,4.48,627.6,34.1,130.39,0,0,,
2626,10:10:46.201,ROI,160,160,224,224,10.99,11.97,7.45,0.0,83.55,497.14,55.15,103.26,70.90,0.9013,4.8400,-175.3000,0.0000,0.0000,0.5045,0,-175.3000,-174.9867,-173.3223,3.6092,-173.6834,0.2170,PHASE_4_FWD_BWD,-178.51,4.83,627.6,34.1,132.15,0,0,,
2627,10:10:46.314,ROI,160,160,224,224,10.76,11.58,3.85,0.0,86.33,488.08,55.78,104.27,70.83,0.8258,13.4200,-172.8500,0.0000,0.0000,0.7675,0,-172.8500,-174.6769,-173.0013,3.6920,-173.3584,0.2131,PHASE_4_FWD_BWD,-178.51,5.15,627.6,34.1,141.19,0,0,,
2628,10:10:46.377,ROI,160,160,224,224,11.63,12.46,7.65,0.0,80.23,482.65,55.13,102.44,72.16,0.8845,12.3100,-173.1000,0.0000,0.0000,0.7447,0,-173.1000,-174.2553,-172.7706,3.7638,-173.0822,0.2099,PHASE_4_FWD_BWD,-178.51,5.43,627.6,34.1,146.47,0,0,,
2629,10:10:46.426,ROI,160,160,224,224,11.61,12.59,10.625,0.0,79.40,480.63,56.63,100.90,74.47,0.9234,10.0400,-172.0600,0.0000,0.0000,0.7251,0,-172.0600,-173.8467,-172.6259,3.8069,-172.8798,0.2080,PHASE_4_FWD_BWD,-178.51,5.63,627.6,34.1,148.69,0,0,,
2630,10:10:46.489,ROI,160,160,224,224,11.91,13.13,7.8,0.0,76.13,477.93,56.15,102.00,73.64,0.9364,9.1200,-174.7100,0.0000,0.0000,0.6867,0,-174.7100,-173.9589,-172.6163,3.7855,-172.8968,0.2090,PHASE_4_FWD_BWD,-178.51,5.61,627.6,34.1,151.29,0,0,,
2631,10:10:46.553,ROI,160,160,224,224,10.77,11.59,7.6,0.0,86.26,477.29,55.75,103.04,72.60,0.9740,10.6700,-176.4200,0.0000,0.0000,0.7372,0,-176.4200,-174.3736,-172.7471,3.6625,-173.0960,0.2145,PHASE_4_FWD_BWD,-178.51,5.41,627.6,34.1,151.86,0,0,,
2632,10:10:46.603,ROI,160,160,224,224,17.95,19.43,10.225,0.0,51.45,476.51,55.68,101.88,72.56,0.9829,10.8600,-177.3900,0.0000,0.0000,0.7391,0,-177.3900,-174.9437,-173.0909,3.6111,-173.4927,0.2169,PHASE_4_FWD_BWD,-178.51,5.02,627.6,34.1,152.62,0,0,,
2633,10:10:46.731,ROI,160,160,224,224,10.87,11.84,0.0,0.0,84.47,474.38,55.96,101.92,72.94,0.9518,10.1100,-176.6000,0.0000,0.0000,0.7364,0,-176.6000,-175.5653,-173.5833,3.5873,-174.0154,0.2180,PHASE_4_FWD_BWD,-178.51,4.49,627.6,34.1,154.78,0,0,,
2634,10:10:46.776,ROI,160,160,224,224,12.19,13.09,0.0,0.0,76.38,471.65,55.89,97.83,71.04,0.9223,12.0200,-177.2300,0.0000,0.0000,0.7950,0,-177.2300,-176.2415,-174.2085,3.5021,-174.6601,0.2221,PHASE_4_FWD_BWD,-178.51,3.85,627.6,34.1,157.47,0,0,,
2635,10:10:46.842,ROI,160,160,224,224,11.34,12.42,0.0,0.0,80.54,472.37,57.89,104.02,72.90,0.8904,14.0800,-174.2700,0.0000,0.0000,0.7847,0,-174.2700,-176.2526,-174.9800,3.3936,-175.2696,0.2276,PHASE_4_FWD_BWD,-178.51,3.24,627.6,34.1,157.04,0,0,,
2636,10:10:46.888,ROI,160,160,224,224,11.55,12.49,0.0,0.0,80.10,471.31,56.97,101.40,71.95,0.9504,11.8600,-174.0700,0.0000,0.0000,0.7700,0,-174.0700,-175.8544,-175.7246,3.1947,-175.7555,0.2384,PHASE_4_FWD_BWD,-178.51,2.75,627.6,34.1,157.95,0,0,,
2637,10:10:46.953,ROI,160,160,224,224,10.88,11.73,0.0,0.0,85.22,470.76,57.95,102.30,72.87,0.9629,12.8900,-173.0500,0.0000,0.0000,0.7742,0,-173.0500,-175.3183,-176.2713,2.9623,-176.0308,0.2524,PHASE_4_FWD_BWD,-178.51,2.48,627.6,34.1,158.64,0,0,,
2638,10:10:47.017,ROI,160,160,224,224,11.46,12.43,7.475,0.0,80.45,470.76,57.69,101.98,72.04,0.9856,12.4600,-173.3800,0.0000,0.0000,0.7511,0,-173.3800,-174.8622,-176.6523,2.6658,-176.1639,0.2728,PHASE_4_FWD_BWD,-178.51,2.35,627.6,34.1,158.61,0,0,,
2639,10:10:47.064,ROI,160,160,224,224,10.75,11.67,0.0,0.0,85.69,470.39,57.71,102.24,72.23,0.9904,12.3400,-173.2800,0.0000,0.0000,0.7615,0,-173.2800,-174.4398,-176.9142,2.4114,-176.1888,0.2931,PHASE_4_FWD_BWD,-178.51,2.32,627.6,34.1,158.97,0,0,,
2640,10:10:47.194,ROI,160,160,224,224,11.00,11.91,3.3,0.0,83.96,469.90,57.96,102.56,72.24,0.9836,12.1800,-172.9800,0.0000,0.0000,0.7536,0,-172.9800,-174.2308,-177.0392,2.1071,-176.1353,0.3218,PHASE_4_FWD_BWD,-178.51,2.37,627.6,34.1,159.49,0,0,,
2641,10:10:47.240,ROI,160,160,224,224,11.02,12.01,11.425,0.0,83.26,469.95,57.62,104.61,71.20,0.9667,13.8400,-174.9300,0.0000,0.0000,0.7775,0,-174.9300,-174.2137,-176.8658,1.8305,-175.9288,0.3533,PHASE_4_FWD_BWD,-178.51,2.58,627.6,34.1,159.39,0,0,,
2642,10:10:47.304,ROI,160,160,224,224,12.00,13.21,0.0,0.0,75.68,470.32,57.78,104.73,71.36,0.9888,14.3700,-175.5700,0.0000,0.0000,0.7913,0,-175.5700,-174.5695,-176.5172,1.5073,-175.7404,0.3988,PHASE_4_FWD_BWD,-178.51,2.77,627.6,34.1,159.06,0,0,,
2643,10:10:47.368,ROI,160,160,224,224,11.71,12.73,0.0,0.0,78.58,470.60,58.14,102.63,72.00,0.9702,13.0400,-173.2100,0.0000,0.0000,0.7483,0,-173.2100,-174.2279,-175.6042,1.2015,-174.9790,0.4542,PHASE_4_FWD_BWD,-178.51,3.53,627.6,34.1,158.83,0,0,,
2644,10:10:47.417,ROI,160,160,224,224,12.39,13.38,0.0,0.0,74.74,471.15,57.74,103.22,71.37,0.9784,12.7200,-175.5000,0.0000,0.0000,0.7435,0,-175.5000,-174.5320,-174.1947,0.8633,-174.3757,0.5367,PHASE_4_FWD_BWD,-178.51,4.13,627.6,34.1,158.23,0,0,,
2645,10:10:47.480,ROI,160,160,224,224,12.88,13.93,0.0,0.0,71.78,472.64,58.00,103.11,73.08,0.9491,13.3900,-174.3900,0.0000,0.0000,0.7580,0,-174.3900,-174.3332,-172.0754,0.6259,-173.4640,0.6150,PHASE_4_FWD_BWD,-178.51,5.05,627.6,34.1,156.79,0,0,,
2646,10:10:47.545,ROI,160,160,224,224,12.07,13.06,15.475,0.0,76.59,473.79,56.48,103.25,71.89,0.9380,12.9300,-176.9200,0.0000,0.0000,0.7441,0,-176.9200,-174.6529,-170.0642,0.4318,-173.2691,0.6984,PHASE_4_FWD_BWD,-178.51,5.24,627.6,34.1,155.43,0,0,,
2647,10:10:47.592,ROI,160,160,224,224,11.08,11.94,0.0,0.0,83.78,474.36,55.94,103.12,71.55,0.9746,12.3600,-177.9900,0.0000,0.0000,0.7312,0,-177.9900,-175.0091,-167.4269,0.2539,-173.4740,0.7975,PHASE_4_FWD_BWD,-178.51,5.04,627.6,34.1,154.79,0,0,,
2648,10:10:47.721,ROI,160,160,224,224,10.74,11.76,3.35,0.0,85.06,477.23,55.15,104.29,72.48,0.9258,13.0500,-176.9900,0.0000,0.0000,0.7399,0,-176.9900,-175.3511,-162.7561,0.0611,-174.6261,0.9424,PHASE_4_FWD_BWD,-178.51,3.88,627.6,34.1,151.83,0,0,,
2649,10:10:47.769,ROI,160,160,224,224,15.35,16.38,10.65,0.0,61.06,480.75,55.12,105.87,72.53,0.9345,11.1800,-174.5700,0.0000,0.0000,0.6777,0,-174.5700,-175.3477,-163.0251,0.1873,-173.4041,0.8423,PHASE_4_FWD_BWD,-178.51,5.11,627.6,34.1,148.34,0,0,,
2650,10:10:47.834,ROI,160,160,224,224,10.91,11.83,0.0,0.0,84.50,481.20,55.50,103.38,72.72,0.9665,11.3600,-174.0200,0.0000,0.0000,0.7395,0,-174.0200,-175.3719,-162.9173,0.4162,-171.7114,0.7061,PHASE_4_FWD_BWD,-178.51,6.80,627.6,34.1,147.95,0,0,,
2651,10:10:47.880,ROI,160,160,224,224,14.86,15.99,11.35,0.0,62.53,487.09,55.27,103.98,72.31,0.8874,12.3700,-172.2500,0.0000,0.0000,0.6945,0,-172.2500,-175.0053,-163.0465,0.6958,-170.0983,0.5897,PHASE_4_FWD_BWD,-178.51,8.41,627.6,34.1,142.10,0,0,,
2652,10:10:47.944,ROI,160,160,224,224,10.55,11.38,8.05,0.0,87.89,489.87,55.34,103.70,70.14,0.9201,11.8300,-174.1600,0.0000,0.0000,0.7097,0,-174.1600,-175.1758,-163.3350,0.9448,-169.4235,0.5142,PHASE_4_FWD_BWD,-178.51,9.09,627.6,34.1,139.36,0,0,,
2653,10:10:48.009,ROI,160,160,224,224,10.61,11.45,0.0,0.0,87.35,493.69,54.63,103.22,67.41,0.8938,11.3900,-175.0700,0.0000,0.0000,0.6828,0,-175.0700,-175.2577,-164.1337,1.2318,-169.1179,0.4481,PHASE_4_FWD_BWD,-178.51,9.39,627.6,34.1,135.47,0,0,,
2654,10:10:48.057,ROI,160,160,224,224,13.84,15.12,0.0,0.0,66.16,497.91,55.97,104.64,72.53,0.8587,10.6500,-172.9000,0.0000,0.0000,0.6750,0,-172.9000,-174.8591,-165.3505,1.5270,-169.1133,0.3957,PHASE_4_FWD_BWD,-178.51,9.40,627.6,34.1,131.52,0,0,,
2655,10:10:48.184,ROI,160,160,224,224,11.34,12.21,0.0,0.0,81.90,504.22,53.87,101.61,70.87,0.8368,12.2600,-176.6500,0.0000,0.0000,0.7427,0,-176.6500,-175.1352,-166.7400,1.8694,-169.6658,0.3485,PHASE_4_FWD_BWD,-178.51,8.84,627.6,34.1,124.95,0,0,,
2656,10:10:48.232,ROI,160,160,224,224,10.50,11.35,10.975,0.0,88.13,505.81,56.52,100.86,76.15,0.9031,5.9300,-173.1200,0.0000,0.0000,0.5825,0,-173.1200,-174.6623,-168.4880,2.1655,-170.4385,0.3159,PHASE_4_FWD_BWD,-178.51,8.07,627.6,34.1,123.84,0,0,,
2657,10:10:48.296,ROI,160,160,224,224,12.50,13.75,0.0,0.0,72.74,511.65,54.88,103.01,74.37,0.8557,10.4400,-173.5600,0.0000,0.0000,0.7304,0,-173.5600,-174.2730,-170.3799,2.4881,-171.4960,0.2867,PHASE_4_FWD_BWD,-178.51,7.01,627.6,34.1,117.80,0,0,,
2658,10:10:48.360,ROI,160,160,224,224,10.95,11.84,7.775,0.0,84.45,513.59,53.42,103.82,72.41,0.9265,10.3200,-175.0600,0.0000,0.0000,0.7004,0,-175.0600,-174.1524,-172.2742,2.7514,-172.7749,0.2666,PHASE_4_FWD_BWD,-178.51,5.74,627.6,34.1,115.64,0,0,,
2659,10:10:48.409,ROI,160,160,224,224,11.25,12.69,10.7,0.0,78.80,518.15,54.29,103.99,74.86,0.8871,10.8900,-172.0100,0.0000,0.0000,0.7220,0,-172.0100,-173.5877,-174.1516,3.0043,-174.0108,0.2497,PHASE_4_FWD_BWD,-178.51,4.50,627.6,34.1,111.30,0,0,,
2660,10:10:48.473,ROI,160,160,224,224,11.36,12.24,0.0,0.0,81.70,519.82,53.31,104.05,72.62,0.9399,13.7600,-172.5800,0.0000,0.0000,0.7658,0,-172.5800,-173.2620,-175.9670,3.1950,-175.3222,0.2384,PHASE_4_FWD_BWD,-178.51,3.19,627.6,34.1,109.48,0,0,,
2661,10:10:48.536,ROI,160,160,224,224,10.65,11.53,0.0,0.0,86.72,523.62,51.90,103.43,71.11,0.8946,12.6100,-172.5300,0.0000,0.0000,0.7234,0,-172.5300,-172.7164,-177.4739,3.3563,-176.3818,0.2296,PHASE_4_FWD_BWD,-178.51,2.13,627.6,34.1,105.49,0,0,,
2662,10:10:48.585,ROI,160,160,224,224,11.33,12.21,0.0,0.0,81.93,525.49,50.95,105.64,69.22,0.9397,11.8900,-174.1500,0.0000,0.0000,0.7257,0,-174.1500,-172.7687,-178.5783,3.4529,-177.2736,0.2246,PHASE_4_FWD_BWD,-178.51,1.24,627.6,34.1,103.49,0,0,,
2663,10:10:48.696,ROI,160,160,224,224,10.69,11.53,0.0,0.0,86.72,531.03,50.18,106.86,71.30,0.8756,13.0700,-173.3400,0.0000,0.0000,0.7532,0,-173.3400,-172.5555,-179.0986,3.5633,-177.6648,0.2191,PHASE_4_FWD_BWD,-178.51,0.85,627.6,34.1,97.89,0,0,,
2664,10:10:48.760,ROI,160,160,224,224,10.85,11.81,0.0,0.0,84.67,533.84,50.29,107.93,70.64,0.9405,13.7900,-174.4000,0.0000,0.0000,0.7309,0,-174.4000,-172.8588,-179.3189,3.6262,-177.9225,0.2162,PHASE_4_FWD_BWD,-178.51,0.59,627.6,34.1,95.15,0,0,,
2665,10:10:48.825,ROI,160,160,224,224,10.59,11.43,7.4,0.0,87.52,539.22,49.91,105.25,70.92,0.8949,13.3900,-175.0000,0.0000,0.0000,0.7440,0,-175.0000,-173.4481,-178.8286,3.6712,-177.6767,0.2141,PHASE_4_FWD_BWD,-178.51,0.83,627.6,34.1,89.79,0,0,,
2666,10:10:48.874,ROI,160,160,224,224,10.79,11.63,10.45,0.0,85.98,541.49,48.73,103.21,68.39,0.9234,16.0000,-175.3200,0.0000,0.0000,0.7697,0,-175.3200,-174.0442,-176.6638,3.6816,-176.1043,0.2136,PHASE_4_FWD_BWD,-178.51,2.41,627.6,34.1,87.34,0,0,,
2667,10:10:48.936,ROI,160,160,224,224,10.78,11.64,0.0,0.0,85.90,547.37,48.92,101.57,68.74,0.8870,14.5300,-170.6600,0.0000,0.0000,0.7610,0,-170.6600,-173.4468,-176.3830,3.7302,-175.7623,0.2114,PHASE_4_FWD_BWD,-178.51,2.75,627.6,34.1,81.59,0,0,,
2668,10:10:49.001,ROI,160,160,224,224,11.04,11.94,7.325,0.0,83.72,548.30,48.69,101.98,69.93,0.9653,13.8200,-172.6100,0.0000,0.0000,0.7780,0,-172.6100,-173.2561,-175.6836,3.6657,-175.1633,0.2143,PHASE_4_FWD_BWD,-178.51,3.35,627.6,34.1,80.63,0,0,,
2669,10:10:49.114,ROI,160,160,224,224,11.01,11.84,3.875,0.0,84.42,554.93,48.69,103.32,71.44,0.8611,14.9200,-169.0500,0.0000,0.0000,0.7812,0,-169.0500,-172.1649,-174.9100,3.6926,-174.3250,0.2131,PHASE_4_FWD_BWD,-178.51,4.18,627.6,34.1,74.12,0,0,,
2670,10:10:49.177,ROI,160,160,224,224,16.06,16.89,0.0,0.0,59.20,558.91,49.03,104.78,73.60,0.8999,15.1800,-167.6400,0.0000,0.0000,0.7561,0,-167.6400,-171.0533,-174.0825,3.7013,-173.4382,0.2127,PHASE_4_FWD_BWD,-178.51,5.07,627.6,34.1,70.29,0,0,,
2671,10:10:49.225,ROI,160,160,224,224,11.84,13.00,12.55,0.0,76.92,561.35,48.83,105.24,72.42,0.9398,14.8500,-166.2600,0.0000,0.0000,0.7482,0,-166.2600,-169.8749,-173.3636,3.6858,-172.6190,0.2134,PHASE_4_FWD_BWD,-178.51,5.89,627.6,34.1,67.87,0,0,,
2672,10:10:49.288,ROI,160,160,224,224,10.90,11.82,0.0,0.0,84.58,563.45,48.64,105.06,72.83,0.9555,15.7400,-169.6700,0.0000,0.0000,0.7600,0,-169.6700,-169.3078,-172.8740,3.6462,-172.1065,0.2152,PHASE_4_FWD_BWD,-178.51,6.40,627.6,34.1,65.78,0,0,,
2673,10:10:49.352,ROI,160,160,224,224,10.88,11.75,0.0,0.0,85.14,568.08,47.82,100.34,71.18,0.8934,15.6800,-167.9400,0.0000,0.0000,0.7629,0,-167.9400,-168.8599,-172.4436,3.6809,-171.6780,0.2136,PHASE_4_FWD_BWD,-178.51,6.83,627.6,34.1,61.08,0,0,,
2674,10:10:49.400,ROI,160,160,224,224,11.95,12.95,0.0,0.0,77.22,568.95,47.78,97.78,71.30,0.9728,13.9900,-170.7200,0.0000,0.0000,0.6794,0,-170.7200,-168.7417,-172.3633,3.6232,-171.5799,0.2163,PHASE_4_FWD_BWD,-178.51,6.93,627.6,34.1,60.22,0,0,,
2675,10:10:49.513,ROI,160,160,224,224,10.80,11.76,0.0,0.0,85.05,575.83,46.77,100.17,70.90,0.8474,16.7700,-167.5900,0.0000,0.0000,0.8036,0,-167.5900,-168.0738,-172.4772,3.6737,-171.5350,0.2140,PHASE_4_FWD_BWD,-178.51,6.97,627.6,34.1,53.30,0,0,,
2676,10:10:49.576,ROI,160,160,224,224,10.56,11.41,7.55,0.0,87.61,580.11,45.43,97.62,70.98,0.8842,16.4500,-169.9700,0.0000,0.0000,0.7697,0,-169.9700,-168.1644,-172.6069,3.7088,-171.6635,0.2124,PHASE_4_FWD_BWD,-178.51,6.85,627.6,34.1,48.82,0,0,,
2677,10:10:49.640,ROI,160,160,224,224,11.82,12.89,0.0,0.0,77.55,581.47,45.43,101.61,72.69,0.9382,14.7100,-170.2000,0.0000,0.0000,0.6933,0,-170.2000,-168.0526,-172.8881,3.7166,-171.8629,0.2120,PHASE_4_FWD_BWD,-178.51,6.65,627.6,34.1,47.50,0,0,,
2678,10:10:49.688,ROI,160,160,224,224,11.40,12.27,11.025,0.0,81.48,584.81,44.46,102.19,71.19,0.9126,17.0700,-172.2700,0.0000,0.0000,0.7382,0,-172.2700,-168.4595,-173.2232,3.6870,-172.2068,0.2134,PHASE_4_FWD_BWD,-178.51,6.30,627.6,34.1,44.03,0,0,,
2679,10:10:49.752,ROI,160,160,224,224,13.33,14.66,7.55,0.0,68.22,588.14,44.09,103.21,69.92,0.9209,17.1600,-171.9100,0.0000,0.0000,0.7573,0,-171.9100,-168.7926,-173.5409,3.6579,-172.5215,0.2147,PHASE_4_FWD_BWD,-178.51,5.99,627.6,34.1,40.70,0,0,,
2680,10:10:49.817,ROI,160,160,224,224,12.94,14.56,0.0,0.0,68.68,591.72,42.88,103.49,68.24,0.9021,16.0800,-173.9400,0.0000,0.0000,0.7681,0,-173.9400,-169.7320,-173.7259,3.5978,-172.8573,0.2175,PHASE_4_FWD_BWD,-178.51,5.65,627.6,34.1,36.94,0,0,,
2681,10:10:49.864,ROI,160,160,224,224,11.15,12.00,12.025,0.0,83.31,594.19,43.46,105.20,71.22,0.9144,14.9000,-171.7300,0.0000,0.0000,0.6880,0,-171.7300,-170.1329,-173.8378,3.5519,-173.0239,0.2197,PHASE_4_FWD_BWD,-178.51,5.49,627.6,34.1,34.69,0,0,,
2682,10:10:49.994,ROI,160,160,224,224,12.41,13.33,0.0,0.0,75.03,599.94,42.18,105.66,70.10,0.8665,15.7400,-170.9300,0.0000,0.0000,0.7479,0,-170.9300,-170.5160,-173.8423,3.5323,-173.1084,0.2206,PHASE_4_FWD_BWD,-178.51,5.40,627.6,34.1,28.82,0,0,,
2683,10:10:50.040,ROI,160,160,224,224,12.23,13.14,11.875,0.0,76.11,602.63,42.46,102.98,72.53,0.9190,15.2900,-171.6400,0.0000,0.0000,0.7168,0,-171.6400,-171.1719,-173.7850,3.5271,-173.2078,0.2209,PHASE_4_FWD_BWD,-178.51,5.30,627.6,34.1,26.34,0,0,,
2684,10:10:50.105,ROI,160,160,224,224,10.55,11.46,0.0,0.0,87.26,606.48,41.78,105.25,68.39,0.8779,15.0900,-173.1900,0.0000,0.0000,0.7232,0,-173.1900,-172.2396,-173.5417,3.5061,-173.2527,0.2219,PHASE_4_FWD_BWD,-178.51,5.26,627.6,34.1,22.47,0,0,,
2685,10:10:50.169,ROI,160,160,224,224,10.94,11.82,7.475,0.0,84.60,609.43,40.63,104.40,69.59,0.9152,16.3600,-172.2800,0.0000,0.0000,0.7727,0,-172.2800,-172.6407,-173.1503,3.5184,-173.0375,0.2213,PHASE_4_FWD_BWD,-178.51,5.47,627.6,34.1,19.31,0,0,,
2686,10:10:50.216,ROI,160,160,224,224,11.65,12.51,0.0,0.0,79.94,613.38,39.47,103.57,66.16,0.8825,14.8800,-174.9500,0.0000,0.0000,0.7496,0,-174.9500,-173.7765,-172.5692,3.4923,-172.8380,0.2226,PHASE_4_FWD_BWD,-178.51,5.67,627.6,34.1,15.20,0,0,,
2687,10:10:50.281,ROI,160,160,224,224,11.31,12.34,7.425,0.0,81.06,614.34,39.49,105.17,66.35,0.9790,13.9400,-175.3000,0.0000,0.0000,0.7231,0,-175.3000,-174.5473,-171.9091,3.4758,-172.4985,0.2234,PHASE_4_FWD_BWD,-178.51,6.01,627.6,34.1,14.31,0,0,,
2688,10:10:50.344,ROI,160,160,224,224,10.83,11.68,7.7,0.0,85.62,617.68,38.91,104.31,66.30,0.9222,15.4000,-174.3000,0.0000,0.0000,0.7547,0,-174.3000,-174.8471,-171.2646,3.4707,-172.0659,0.2237,PHASE_4_FWD_BWD,-178.51,6.44,627.6,34.1,11.02,0,0,,
2689,10:10:50.392,ROI,160,160,224,224,10.97,11.81,10.775,0.0,84.66,618.16,38.56,104.73,67.89,0.9678,14.9400,-174.4000,0.0000,0.0000,0.7490,0,-174.4000,-174.8973,-170.6244,3.3996,-171.5956,0.2273,PHASE_4_FWD_BWD,-178.51,6.91,627.6,34.1,10.44,0,0,,
2690,10:10:50.504,ROI,160,160,224,224,10.83,11.78,0.0,0.0,84.89,621.04,38.08,103.47,67.06,0.9333,12.6600,-174.0900,0.0000,0.0000,0.7032,0,-174.0900,-175.1200,-170.0606,3.3017,-171.2367,0.2325,PHASE_4_FWD_BWD,-178.51,7.27,627.6,34.1,7.67,0,0,,
2691,10:10:50.568,ROI,160,160,224,224,10.73,11.56,0.0,0.0,86.48,622.92,37.87,103.05,66.71,0.9583,11.0400,-173.1900,0.0000,0.0000,0.7010,0,-173.1900,-174.8888,-169.5384,3.2082,-170.8098,0.2376,PHASE_4_FWD_BWD,-178.51,7.70,627.6,34.1,6.01,0,0,,
2692,10:10:50.634,ROI,160,160,224,224,13.24,14.41,7.225,0.0,69.40,623.64,37.90,104.47,66.32,0.9805,12.5900,-174.9800,0.0000,0.0000,0.7206,0,-174.9800,-175.2407,-169.1696,3.0291,-170.6764,0.2482,PHASE_4_FWD_BWD,-178.51,7.83,627.6,34.1,5.49,0,0,,
2693,10:10:50.681,ROI,160,160,224,224,17.42,18.68,11.775,20.9,53.52,623.35,38.00,104.09,65.79,0.9865,12.4500,-175.3500,0.0000,0.0000,0.7098,0,-175.3500,-175.2458,-168.9555,2.8661,-170.5825,0.2587,PHASE_4_FWD_BWD,-178.51,7.93,627.6,34.1,5.77,0,0,,
2694,10:10:50.744,ROI,160,160,224,224,11.22,12.09,0.0,0.0,82.70,625.30,38.02,105.81,65.69,0.9622,12.7400,-176.0000,0.0000,0.0000,0.7579,0,-176.0000,-175.5123,-168.8227,2.7242,-170.6189,0.2685,PHASE_4_FWD_BWD,-178.51,7.89,627.6,34.1,4.55,0,0,,
2695,10:10:50.809,ROI,160,160,224,224,11.20,12.47,0.0,0.0,80.16,625.55,37.07,106.02,66.29,0.9670,11.9100,-176.3200,0.0000,0.0000,0.7585,0,-176.3200,-175.7641,-168.7669,2.5214,-170.7539,0.2840,COMPLETED,-178.51,7.76,627.6,34.1,3.61,0,0,,
2696,10:10:50.858,ROI,160,160,224,224,11.07,12.09,0.0,0.0,82.69,626.29,37.00,105.87,66.05,0.9826,12.4200,-176.6000,0.0000,0.0000,0.7915,0,-176.6000,-176.1958,-168.7283,2.3068,-170.9866,0.3024,POST_PH4_SPIN,-178.51,7.52,627.6,34.1,0.00,0,0,0.044,
2697,10:10:50.987,ROI,160,160,224,224,11.80,12.70,3.35,0.0,78.73,626.60,37.28,105.11,66.32,0.9845,12.4400,-175.9800,0.0000,0.0000,0.7591,0,-175.9800,-176.3846,-168.7273,2.0754,-171.2171,0.3252,POST_PH4_SPIN,-178.51,7.29,627.6,34.1,0.00,0,0,0.173,
2698,10:10:51.034,ROI,160,160,224,224,14.19,15.30,22.25,25.55,65.36,626.62,37.25,105.42,66.22,0.9956,12.4500,-176.2300,0.0000,0.0000,0.7667,0,-176.2300,-176.7788,-168.6334,1.8372,-171.5043,0.3525,POST_PH4_SPIN,-178.51,7.01,627.6,34.1,0.00,0,0,0.224,
2699,10:10:51.097,ROI,160,160,224,224,16.11,17.35,8.325,0.0,57.64,626.78,37.25,105.90,66.26,0.9949,12.5000,-176.1800,0.0000,0.0000,0.7714,0,-176.1800,-176.8770,-168.5681,1.5744,-171.7955,0.3884,POST_PH4_SPIN,-178.51,6.71,627.6,34.1,0.00,0,0,0.288,
2700,10:10:51.160,ROI,160,160,224,224,11.91,12.91,8.425,30.275,77.46,626.80,37.16,105.94,66.46,0.9967,12.4500,-176.0000,0.0000,0.0000,0.7678,0,-176.0000,-176.7713,-168.4733,1.3591,-171.9908,0.4239,POST_PH4_SPIN,-178.51,6.52,627.6,34.1,0.00,0,0,0.347,
2701,10:10:51.209,ROI,160,160,224,224,12.30,13.23,0.0,29.55,75.59,626.70,37.11,105.71,66.25,0.9947,12.2700,-176.1100,0.0000,0.0000,0.7686,0,-176.1100,-176.6782,-168.4961,1.1364,-172.3260,0.4681,POST_PH4_SPIN,-178.51,6.18,627.6,34.1,0.00,0,0,0.396,
2702,10:10:51.274,ROI,160,160,224,224,10.40,11.23,7.525,34.775,89.04,626.69,37.06,105.76,66.26,0.9979,12.3400,-175.8500,0.0000,0.0000,0.7694,0,-175.8500,-176.6256,-168.6371,0.9396,-172.7558,0.5156,POST_PH4_SPIN,-178.51,5.75,627.6,34.1,0.00,0,0,0.459,
2703,10:10:51.320,ROI,160,160,224,224,10.97,12.16,0.0,32.125,82.21,626.95,36.99,106.09,66.51,0.9912,12.5000,-175.7300,0.0000,0.0000,0.7762,0,-175.7300,-176.4007,-168.7847,0.7659,-173.0976,0.5663,POST_PH4_SPIN,-178.51,5.41,627.6,34.1,0.00,0,0,0.506,
2704,10:10:51.387,ROI,160,160,224,224,20.92,22.12,7.2,0.0,45.21,626.73,36.88,105.78,66.32,0.9924,12.2900,-175.7500,0.0000,0.0000,0.7699,0,-175.7500,-176.4160,-168.7255,0.6321,-173.4374,0.6127,POST_PH4_SPIN,-178.51,5.07,627.6,34.1,0.00,0,0,0.583,
2705,10:10:51.498,ROI,160,160,224,224,16.48,17.49,0.0,22.35,57.18,626.78,36.81,106.22,66.35,0.9938,12.4300,-175.7500,0.0000,0.0000,0.7807,0,-175.7500,-176.4562,-168.4828,0.4901,-173.8339,0.6711,POST_PH4_SPIN,-178.51,4.68,627.6,34.1,0.00,0,0,0.690,
2706,10:10:51.561,ROI,160,160,224,224,12.06,13.44,0.0,0.0,74.41,626.97,36.86,106.71,66.30,0.9937,12.5700,-175.7100,0.0000,0.0000,0.7869,0,-175.7100,-176.3692,-168.1156,0.3911,-174.0486,0.7188,POST_PH4_SPIN,-178.51,4.46,627.6,34.1,0.00,0,0,0.748,
2707,10:10:51.625,ROI,160,160,224,224,10.47,11.30,0.0,0.0,88.52,626.80,36.83,106.27,66.44,0.9938,12.5600,-175.3800,0.0000,0.0000,0.7862,0,-175.3800,-176.2010,-167.2753,0.2808,-174.2441,0.7808,POST_PH4_SPIN,-178.51,4.27,627.6,34.1,0.00,0,0,0.810,
2708,10:10:51.673,ROI,160,160,224,224,11.12,11.97,21.325,0.0,83.52,626.94,36.97,106.67,66.37,0.9921,12.6300,-175.4600,0.0000,0.0000,0.7871,0,-175.4600,-175.9975,-166.0050,0.2115,-174.2530,0.8254,POST_PH4_SPIN,-178.51,4.26,627.6,34.1,0.00,0,0,0.858,
2709,10:10:51.736,ROI,160,160,224,224,11.16,12.00,15.15,0.0,83.30,626.91,36.82,106.15,66.25,0.9905,12.5300,-175.7000,0.0000,0.0000,0.7900,0,-175.7000,-175.7192,-164.2218,0.1671,-174.0726,0.8568,POST_PH4_SPIN,-178.51,4.44,627.6,34.1,0.00,0,0,0.922,
2710,10:10:51.801,ROI,160,160,224,224,11.13,12.00,14.875,32.575,83.35,626.94,36.72,106.04,66.11,0.9960,12.4600,-175.7000,0.0000,0.0000,0.7903,0,-175.7000,-175.5957,-161.8716,0.1290,-174.0280,0.8858,POST_PH4_SPIN,-178.51,4.48,627.6,34.1,0.00,0,0,0.987,
2711,10:10:51.914,ROI,160,160,224,224,11.69,12.52,3.875,31.2,79.85,626.62,36.85,105.92,66.28,0.9902,12.4300,-175.9700,0.0000,0.0000,0.7814,0,-175.9700,-175.5559,-157.7859,0.0730,-174.3471,0.9320,POST_PH4_SPIN,-178.51,4.16,627.6,34.1,0.00,0,0,1.100,
2712,10:10:51.976,ROI,160,160,224,224,11.69,12.66,7.775,30.875,79.00,626.24,36.79,104.83,66.12,0.9874,12.3600,-175.8000,0.0000,0.0000,0.7766,0,-175.8000,-175.5427,-152.2178,0.0388,-174.6725,0.9627,POST_PH4_SPIN,-178.51,3.84,627.6,34.1,0.00,0,0,1.163,
2713,10:10:52.024,ROI,160,160,224,224,10.73,11.59,0.0,33.7,86.28,626.31,36.75,104.44,66.07,0.9950,12.2400,-176.1000,0.0000,0.0000,0.7799,0,-176.1000,-175.6299,-137.7424,0.0292,-174.5535,0.9716,POST_PH4_SPIN,-178.51,3.96,627.6,34.1,0.00,0,0,1.210,
2714,10:10:52.088,ROI,160,160,224,224,11.11,11.94,0.0,32.725,83.73,626.04,36.82,103.95,65.94,0.9928,12.1600,-176.3700,0.0000,0.0000,0.7762,0,-176.3700,-175.8074,-154.8588,0.0369,-175.0622,0.9644,POST_PH4_SPIN,-178.51,3.45,627.6,34.1,0.00,0,0,1.274,
2715,10:10:52.155,ROI,160,160,224,224,16.90,18.28,0.0,21.375,54.70,626.00,36.82,103.46,65.95,0.9951,12.1000,-176.4100,0.0000,0.0000,0.7722,0,-176.4100,-175.9282,-166.9544,0.0432,-175.5568,0.9586,POST_PH4_SPIN,-178.51,2.95,627.6,34.1,0.00,0,0,1.347,
2716,10:10:52.200,ROI,160,160,224,224,12.85,13.70,14.85,0.0,73.00,626.32,36.88,104.30,66.22,0.9880,12.2500,-176.8700,0.0000,0.0000,0.7797,0,-176.8700,-176.1635,-175.9643,0.0457,-176.1547,0.9563,POST_PH4_SPIN,-178.51,2.36,627.6,34.1,0.00,0,0,1.387,
2717,10:10:52.315,ROI,160,160,224,224,12.83,14.00,7.725,0.0,71.41,626.18,36.81,103.52,66.16,0.9904,11.9400,-176.8100,0.0000,0.0000,0.7791,0,-176.8100,-176.3696,-182.6188,0.0484,-176.6583,0.9538,POST_PH4_SPIN,-178.51,1.85,627.6,34.1,0.00,0,0,1.502,
2718,10:10:52.377,ROI,160,160,224,224,11.20,12.06,8.075,0.0,82.92,626.70,36.97,104.16,66.33,0.9851,12.1500,-176.9500,0.0000,0.0000,0.7819,0,-176.9500,-176.5733,-187.3811,0.0412,-177.0012,0.9604,POST_PH4_SPIN,-178.51,1.51,627.6,34.1,0.00,0,0,1.563,
2719,10:10:52.441,ROI,160,160,224,224,10.87,12.30,15.2,31.775,81.31,626.67,36.96,104.29,66.19,0.9967,12.2300,-177.1700,0.0000,0.0000,0.7917,0,-177.1700,-176.8177,-190.0638,0.0370,-177.2902,0.9643,POST_PH4_SPIN,-178.51,1.22,627.6,34.1,0.00,0,0,1.627,
2720,10:10:52.488,ROI,160,160,224,224,15.12,16.26,0.0,24.025,61.51,627.44,36.97,105.17,66.43,0.9819,12.6800,-177.2500,0.0000,0.0000,0.7984,0,-177.2500,-177.0309,-190.2034,0.0204,-177.2944,0.9800,POST_PH4_SPIN,-178.51,1.22,627.6,34.1,0.00,0,0,1.678,
2721,10:10:52.554,ROI,160,160,224,224,13.81,15.06,7.925,25.925,66.39,628.26,37.55,105.95,66.33,0.9679,13.4000,-177.6400,0.0000,0.0000,0.7875,0,-177.6400,-177.2860,-201.4996,0.0218,-177.8020,0.9787,POST_PH4_SPIN,-178.51,0.71,627.6,34.1,0.00,0,0,1.743,
2722,10:10:52.617,ROI,160,160,224,224,14.32,15.37,0.0,25.425,65.07,629.19,37.14,103.29,65.30,0.9597,12.6900,-179.0100,0.0000,0.0000,0.7741,0,-179.0100,-177.7903,-205.5677,0.0615,-179.3988,0.9421,POST_PH4_SPIN,-178.51,-0.89,627.6,34.1,0.00,0,0,1.806,
2723,10:10:52.664,ROI,160,160,224,224,10.87,11.71,0.0,33.375,85.43,629.97,37.14,101.84,66.15,0.9724,13.2300,-178.7000,0.0000,0.0000,0.7505,0,-178.7000,-178.1739,-207.3606,0.1136,-181.1507,0.8980,POST_PH4_SPIN,-178.51,-2.64,627.6,34.1,0.00,0,0,1.850,
2724,10:10:52.795,ROI,160,160,224,224,12.38,13.46,0.0,0.0,74.27,629.78,37.24,102.05,66.15,0.9935,13.1800,-178.7100,0.0000,0.0000,0.7507,0,-178.7100,-178.5034,-208.2735,0.1607,-182.6257,0.8615,POST_PH4_SPIN,-178.51,-4.12,627.6,34.1,0.00,0,0,1.982,
2725,10:10:52.840,ROI,160,160,224,224,13.11,14.59,0.0,26.775,68.56,629.73,37.32,102.45,66.32,0.9935,13.3000,-178.7300,0.0000,0.0000,0.7509,0,-178.7300,-178.7477,-208.4049,0.1980,-183.6498,0.8347,POST_PH4_SPIN,-178.51,-5.14,627.6,34.1,0.00,0,0,2.029,
2726,10:10:52.906,ROI,160,160,224,224,11.06,12.00,7.625,0.0,83.35,630.01,37.20,102.37,66.23,0.9908,13.4700,-179.0000,0.0000,0.0000,0.7658,0,-179.0000,-178.9973,-207.7182,0.2369,-184.4973,0.8085,POST_PH4_SPIN,-178.51,-5.99,627.6,34.1,0.00,0,0,2.092,
2727,10:10:52.968,ROI,160,160,224,224,11.94,13.06,7.85,0.0,76.57,629.58,37.39,104.29,66.46,0.9758,14.3700,-178.2700,0.0000,0.0000,0.7798,0,-178.2700,-179.0621,-206.2298,0.2615,-184.6930,0.7927,POST_PH4_SPIN,-178.51,-6.18,627.6,34.1,0.00,0,0,2.155,
2728,10:10:53.017,ROI,160,160,224,224,11.01,11.88,21.9,0.0,84.16,629.90,37.20,102.51,65.90,0.9747,13.6500,-179.7700,0.0000,0.0000,0.7878,0,-179.7700,-179.3888,-203.5488,0.2857,-184.7578,0.7778,POST_PH4_SPIN,-178.51,-6.25,627.6,34.1,0.00,0,0,2.202,
2729,10:10:53.080,ROI,160,160,224,224,11.89,12.83,15.15,30.45,77.92,629.98,37.27,102.37,65.67,0.9950,13.6800,179.8400,0.0000,0.0000,0.7903,0,179.8400,-179.7540,-199.1494,0.2995,-184.2246,0.7695,POST_PH4_SPIN,-178.51,-5.71,627.6,34.1,0.00,0,0,2.267,
2730,10:10:53.145,ROI,160,160,224,224,16.28,17.63,0.0,0.0,56.73,629.55,37.24,101.56,65.51,0.9890,13.3900,179.6400,0.0000,0.0000,0.7866,0,179.6400,-180.0677,-192.9234,0.2913,-182.9676,0.7744,POST_PH4_SPIN,-178.51,-4.46,627.6,34.1,0.00,0,0,2.336,
2731,10:10:53.194,ROI,160,160,224,224,13.92,15.06,0.0,0.0,66.39,629.76,37.27,101.26,65.31,0.9929,13.4000,179.3900,0.0000,0.0000,0.7915,0,179.3900,-180.3858,-180.5597,0.2811,-180.4240,0.7806,POST_PH4_RE_RFB,-178.51,-1.91,627.6,34.1,0.00,0,0,,0.047
2732,10:10:53.307,ROI,160,160,224,224,13.06,14.53,0.0,0.0,68.80,629.92,37.25,100.91,65.27,0.9959,13.4700,178.8600,0.0000,0.0000,0.8000,0,178.8600,-180.7634,-182.8465,0.2616,-181.1954,0.7926,POST_PH4_RE_RFB,-178.51,-2.69,627.6,34.1,0.00,0,0,,0.159
2733,10:10:53.368,ROI,160,160,224,224,12.54,13.77,0.0,0.0,72.61,630.05,37.27,101.18,65.25,0.9969,13.6800,179.0000,0.0000,0.0000,0.8015,0,179.0000,-181.0330,-183.8919,0.2355,-181.5780,0.8094,POST_PH4_RE_RFB,-178.51,-3.07,627.6,34.1,0.00,0,0,,0.219
2734,10:10:53.432,ROI,160,160,224,224,12.89,14.16,0.0,0.0,70.63,629.96,37.03,103.42,65.77,0.9706,14.1000,-179.2600,0.0000,0.0000,0.7946,0,-179.2600,-180.9171,-184.0457,0.2055,-181.4504,0.8296,POST_PH4_RE_RFB,-178.51,-2.94,627.6,34.1,0.00,0,0,,0.284
2735,10:10:53.480,ROI,160,160,224,224,11.61,12.60,0.0,0.0,79.38,629.80,37.21,100.59,65.27,0.9652,13.2900,179.1300,0.0000,0.0000,0.7975,0,179.1300,-181.0822,-183.4581,0.1626,-181.4145,0.8601,POST_PH4_RE_RFB,-178.51,-2.90,627.6,34.1,0.00,0,0,,0.330
2736,10:10:53.545,ROI,160,160,224,224,10.13,10.95,0.0,0.0,91.30,630.01,36.92,101.15,65.93,0.9845,13.1800,179.5700,0.0000,0.0000,0.7922,0,179.5700,-181.1015,-181.7503,0.1263,-181.1742,0.8879,POST_PH4_RE_RFB,-178.51,-2.66,627.6,34.1,0.00,0,0,,0.394
2737,10:10:53.608,ROI,160,160,224,224,12.22,13.03,0.0,0.0,76.75,629.15,36.67,103.96,66.07,0.9656,12.3500,179.7500,0.0000,0.0000,0.7657,0,179.7500,-181.0473,-176.8665,0.0694,-180.7760,0.9351,POST_PH4_RE_RFB,-178.51,-2.27,627.6,34.1,0.00,0,0,,0.459
2738,10:10:53.656,ROI,160,160,224,224,10.00,10.83,11.225,0.0,92.30,627.78,36.22,103.05,64.74,0.9545,11.1400,-179.7800,0.0000,0.0000,0.7326,0,-179.7800,-180.8518,-190.5826,0.0371,-181.2001,0.9642,POST_PH4_RE_RFB,-178.51,-2.69,627.6,34.1,0.00,0,0,,0.504
2739,10:10:53.785,ROI,160,160,224,224,9.90,10.69,3.325,0.0,93.55,625.39,36.72,102.91,65.25,0.9402,9.6400,-178.6100,0.0000,0.0000,0.6707,0,-178.6100,-180.4158,-195.9371,0.1103,-181.9580,0.9006,POST_PH4_RE_RFB,-178.51,-3.45,627.6,34.1,0.00,0,0,,0.633
2740,10:10:53.834,ROI,160,160,224,224,9.71,10.49,10.2,0.0,95.32,625.08,36.68,103.42,65.59,0.9890,11.5500,-178.8200,0.0000,0.0000,0.7378,0,-178.8200,-180.1580,-197.2519,0.1895,-182.8811,0.8407,POST_PH4_RE_RFB,-178.51,-4.37,627.6,34.1,0.00,0,0,,0.681
2741,10:10:53.896,ROI,160,160,224,224,9.57,10.42,0.0,0.0,95.95,622.58,37.69,102.76,65.38,0.9243,11.8500,-179.3500,0.0000,0.0000,0.6635,0,-179.3500,-179.9775,-196.3758,0.2870,-183.6341,0.7770,POST_PH4_RE_RFB,-178.51,-5.12,627.6,34.1,0.00,0,0,,0.744
2742,10:10:53.946,ROI,160,160,224,224,11.17,11.94,9.825,0.0,83.75,621.51,36.57,101.98,65.66,0.9468,10.3200,-179.4100,0.0000,0.0000,0.7169,0,-179.4100,-179.7990,-195.2451,0.3949,-184.1715,0.7169,POST_PH4_RE_RFB,-178.51,-5.66,627.6,34.1,0.00,0,0,,0.796
2743,10:10:54.008,ROI,160,160,224,224,9.71,10.50,0.0,0.0,95.25,617.96,37.86,100.51,65.73,0.8976,11.2900,-177.6000,0.0000,0.0000,0.6173,0,-177.6000,-179.2400,-193.4156,0.5475,-184.2551,0.6462,POST_PH4_RE_RFB,-178.51,-5.75,627.6,34.1,0.00,0,0,,0.856
2744,10:10:54.073,ROI,160,160,224,224,8.80,9.70,0.0,0.0,103.14,617.15,37.59,99.08,67.33,0.9610,11.6300,-177.8700,0.0000,0.0000,0.7172,0,-177.8700,-178.7861,-191.3915,0.6857,-183.9134,0.5932,POST_PH4_RE_RFB,-178.51,-5.40,627.6,34.1,0.00,0,0,,0.920
2745,10:10:54.122,ROI,160,160,224,224,9.85,10.65,10.125,0.0,93.89,614.23,38.15,97.79,65.76,0.9208,11.5400,-177.6700,0.0000,0.0000,0.6311,0,-177.6700,-178.2299,-189.1657,0.8574,-183.2781,0.5384,POST_PH4_RE_RFB,-178.51,-4.77,627.6,34.1,0.00,0,0,,0.970
2746,10:10:54.248,ROI,160,160,224,224,9.46,10.23,3.375,0.0,97.77,607.32,39.26,101.30,67.00,0.8433,12.9200,-177.4200,0.0000,0.0000,0.6585,0,-177.4200,-177.7998,-186.6250,1.1135,-182.4494,0.4732,POST_PH4_RE_RFB,-178.51,-3.94,627.6,34.1,0.00,0,0,,1.095
2747,10:10:54.298,ROI,160,160,224,224,9.68,10.44,0.0,0.0,95.79,602.31,39.73,97.27,67.38,0.8919,12.0300,-177.8600,0.0000,0.0000,0.6856,0,-177.8600,-177.5443,-183.9874,1.4101,-181.3141,0.4149,POST_PH4_RE_RFB,-178.51,-2.80,627.6,34.1,0.00,0,0,,1.146
2748,10:10:54.360,ROI,160,160,224,224,8.45,9.33,7.525,0.0,107.15,601.19,39.48,101.02,69.40,0.9349,11.7000,-177.2400,0.0000,0.0000,0.7295,0,-177.2400,-177.2245,-181.4098,1.6775,-179.8467,0.3735,POST_PH4_RE_RFB,-178.51,-1.34,627.6,34.1,0.00,0,0,,1.207
2749,10:10:54.424,ROI,160,160,224,224,9.74,10.50,7.175,0.0,95.26,597.21,40.66,101.43,70.63,0.8949,13.3800,-176.6600,0.0000,0.0000,0.7228,0,-176.6600,-176.8685,-178.8033,1.9537,-178.1482,0.3386,POST_PH4_RE_RFB,-178.51,0.36,627.6,34.1,0.00,0,0,,1.272
2750,10:10:54.473,ROI,160,160,224,224,11.04,12.00,10.125,0.0,83.34,594.28,40.50,103.92,70.50,0.9407,11.7100,-176.1300,0.0000,0.0000,0.6881,0,-176.1300,-176.5322,-176.2776,2.2100,-176.3569,0.3115,POST_PH4_RE_RFB,-178.51,2.15,627.6,34.1,0.00,0,0,,1.322
2751,10:10:54.536,ROI,160,160,224,224,10.53,11.51,7.7,0.0,86.91,589.88,40.59,102.35,70.50,0.9161,12.4600,-175.3500,0.0000,0.0000,0.7190,0,-175.3500,-176.1085,-173.8700,2.4670,-174.5156,0.2884,POST_PH4_RE_RFB,-178.51,3.99,627.6,34.1,0.00,0,0,,1.385
2752,10:10:54.586,ROI,160,160,224,224,9.45,10.20,20.075,0.0,98.01,588.33,41.61,103.19,72.86,0.9392,13.2500,-176.3700,0.0000,0.0000,0.7391,0,-176.3700,-175.7995,-171.4085,2.6713,-172.6045,0.2724,POST_PH4_RE_RFB,-178.51,5.91,627.6,34.1,0.00,0,0,,1.434
2753,10:10:54.713,ROI,160,160,224,224,9.43,10.17,3.35,0.0,98.34,580.83,43.12,102.03,73.88,0.8313,14.7500,-176.5900,0.0000,0.0000,0.8260,0,-176.5900,-175.7650,-168.8478,2.9266,-170.6094,0.2547,POST_PH4_RE_RFB,-178.51,7.90,627.6,34.1,0.00,0,0,,1.561
2754,10:10:54.761,ROI,160,160,224,224,10.02,10.80,0.0,0.0,92.63,578.53,42.57,98.81,74.97,0.9418,13.2100,-175.3700,0.0000,0.0000,0.7712,0,-175.3700,-175.5071,-166.0253,3.1144,-168.3298,0.2430,POST_PH4_RE_RFB,-178.51,10.18,627.6,34.1,0.00,0,0,,1.609
2755,10:10:54.824,ROI,160,160,224,224,9.10,9.85,0.0,0.0,101.57,576.00,42.14,100.27,73.96,0.9380,13.5000,-175.0300,0.0000,0.0000,0.8122,0,-175.0300,-175.2483,-161.9716,3.2546,-165.0922,0.2350,POST_PH4_RE_RFB,-178.51,13.42,627.6,34.1,0.00,0,0,,1.671
2756,10:10:54.890,ROI,160,160,224,224,9.24,10.03,0.0,0.0,99.73,573.99,42.24,99.39,73.54,0.9552,13.5000,-174.4800,0.0000,0.0000,0.8073,0,-174.4800,-174.9163,-168.4789,3.3452,-169.9604,0.2301,POST_PH4_RE_RFB,-178.51,8.55,627.6,34.1,0.00,0,0,,1.737
2757,10:10:54.938,ROI,160,160,224,224,8.83,9.60,0.0,0.0,104.22,569.11,42.87,102.40,73.12,0.8930,14.3900,-175.5300,0.0000,0.0000,0.7878,0,-175.5300,-174.7622,-169.5789,3.4583,-170.7415,0.2243,POST_PH4_RE_RFB,-178.51,7.77,627.6,34.1,0.00,0,0,,1.785
2758,10:10:55.000,ROI,160,160,224,224,8.87,9.83,7.425,0.0,101.68,565.86,43.08,98.55,73.36,0.9323,13.0600,-173.1000,0.0000,0.0000,0.7718,0,-173.1000,-174.1881,-170.4989,3.5174,-171.3156,0.2214,POST_PH4_RE_RFB,-178.51,7.19,627.6,34.1,0.00,0,0,,1.847
2759,10:10:55.113,ROI,160,160,224,224,9.43,10.19,7.55,0.0,98.15,560.49,43.55,104.40,71.40,0.8772,15.8200,-173.6100,0.0000,0.0000,0.7647,0,-173.6100,-173.8777,-170.9998,3.5992,-171.6255,0.2174,POST_PH4_RE_RFB,-178.51,6.88,627.6,34.1,0.00,0,0,,1.961
2760,10:10:55.178,ROI,160,160,224,224,8.73,9.60,7.2,0.0,104.13,555.80,43.16,103.85,71.18,0.9042,16.0900,-174.6000,0.0000,0.0000,0.7542,0,-174.6000,-173.8772,-171.7718,3.6521,-172.2243,0.2150,POST_PH4_RE_RFB,-178.51,6.29,627.6,34.1,0.00,0,0,,2.025
2761,10:10:55.226,ROI,160,160,224,224,9.10,9.86,10.15,0.0,101.47,553.71,43.08,103.64,72.09,0.9487,13.0900,-174.2600,0.0000,0.0000,0.7181,0,-174.2600,-173.6904,-172.4367,3.6771,-172.7048,0.2138,POST_PH4_RE_RFB,-178.51,5.81,627.6,34.1,0.00,0,0,,2.073
2762,10:10:55.290,ROI,160,160,224,224,9.68,10.46,7.275,0.0,95.60,550.23,43.48,102.47,70.99,0.9208,13.8200,-176.2200,0.0000,0.0000,0.7028,0,-176.2200,-173.9934,-173.1840,3.6460,-173.3582,0.2152,POST_PH4_RE_RFB,-178.51,5.15,627.6,34.1,0.00,0,0,,2.137
2763,10:10:55.354,ROI,160,160,224,224,9.56,10.49,7.225,0.0,95.31,547.89,43.06,101.85,66.91,0.9012,12.5500,-179.4500,0.0000,0.0000,0.6967,0,-179.4500,-174.9642,-173.9563,3.5751,-174.1766,0.2186,POST_PH4_RE_RFB,-178.51,4.33,627.6,34.1,0.00,0,0,,2.202
2764,10:10:55.402,ROI,160,160,224,224,9.65,10.40,0.0,0.0,96.13,545.66,43.92,103.22,67.98,0.9339,12.7000,-178.8600,0.0000,0.0000,0.7252,0,-178.8600,-175.7553,-174.6397,3.5438,-174.8852,0.2201,POST_PH4_RE_RFB,-178.51,3.62,627.6,34.1,0.00,0,0,,2.250
2765,10:10:55.530,ROI,160,160,224,224,9.49,10.31,0.0,0.0,97.02,539.89,43.74,104.48,68.04,0.8903,15.5000,-179.3100,0.0000,0.0000,0.7015,0,-179.3100,-176.6620,-175.2850,3.5843,-175.5854,0.2181,POST_PH4_RE_RFB,-178.51,2.92,627.6,34.1,0.00,0,0,,2.377
2766,10:10:55.576,ROI,160,160,224,224,9.45,10.22,10.925,0.0,97.81,534.23,44.06,103.15,69.65,0.8770,12.9900,-177.2100,0.0000,0.0000,0.6818,0,-177.2100,-177.0447,-175.9609,3.6171,-176.1956,0.2166,POST_PH4_RE_RFB,-178.51,2.31,627.6,34.1,0.00,0,0,,2.423
2767,10:10:55.640,ROI,160,160,224,224,8.42,9.18,7.2,0.0,108.88,532.25,44.07,102.87,68.66,0.9489,10.2500,176.8800,0.0000,0.0000,0.7435,0,176.8800,-178.5730,-176.5638,3.6254,-176.9982,0.2162,POST_PH4_RE_RFB,-178.51,1.51,627.6,34.1,0.00,0,0,,2.487
2768,10:10:55.706,ROI,160,160,224,224,8.42,9.30,0.0,0.0,107.50,526.60,46.10,104.65,74.35,0.8307,7.4800,-178.6000,0.0000,0.0000,0.5403,0,-178.6000,-179.0040,-177.0422,3.6573,-177.4634,0.2147,POST_PH4_RE_RFB,-178.51,1.05,627.6,34.1,0.00,0,0,,2.552
2769,10:10:55.753,ROI,160,160,224,224,10.07,10.86,10.175,0.0,92.08,525.01,45.86,105.76,75.66,0.9537,7.4300,-178.2600,0.0000,0.0000,0.6110,0,-178.2600,-179.2354,-177.4554,3.6630,-177.8371,0.2145,POST_PH4_RE_RFB,-178.51,0.67,627.6,34.1,0.00,0,0,,2.602
2770,10:10:55.818,ROI,160,160,224,224,9.70,10.47,0.0,0.0,95.54,520.80,47.38,105.27,74.98,0.8883,7.4000,-178.6700,0.0000,0.0000,0.5656,0,-178.6700,-179.6130,-177.6551,3.6411,-178.0770,0.2155,POST_PH4_RE_RFB,-178.51,0.43,627.6,34.1,0.00,0,0,,2.665
2771,10:10:55.864,ROI,160,160,224,224,11.49,12.26,11.0,0.0,81.55,518.75,45.93,103.25,73.61,0.9254,9.8200,179.9100,0.0000,0.0000,0.6815,0,179.9100,-180.2654,-177.6506,3.6624,-178.2114,0.2145,POST_PH4_RE_RFB,-178.51,0.30,627.6,34.1,0.00,0,0,,2.713
2772,10:10:55.994,ROI,160,160,224,224,9.22,10.01,0.0,0.0,99.94,511.73,46.84,105.38,72.55,0.8537,15.0600,179.5900,0.0000,0.0000,0.7657,0,179.5900,-180.7863,-177.4989,3.7240,-178.1948,0.2117,POST_PH4_RE_RFB,-178.51,0.32,627.6,34.1,0.00,0,0,,2.841
2773,10:10:56.041,ROI,160,160,224,224,8.32,9.07,10.4,0.0,110.31,510.44,46.09,103.10,73.39,0.9559,11.0200,179.0100,0.0000,0.0000,0.7393,0,179.0100,-181.2996,-177.3229,3.7181,-178.1658,0.2120,POST_PH4_RE_RFB,-178.51,0.34,627.6,34.1,0.00,0,0,,2.888
2774,10:10:56.104,ROI,160,160,224,224,9.73,10.54,0.0,0.0,94.90,504.47,47.11,103.05,74.38,0.8675,13.6400,179.4800,0.0000,0.0000,0.8289,0,179.4800,-181.5512,-177.1111,3.7216,-178.0515,0.2118,POST_PH4_RE_RFB,-178.51,0.46,627.6,34.1,0.00,0,0,,2.952
2775,10:10:56.168,ROI,160,160,224,224,10.75,11.50,0.0,0.0,86.94,503.31,46.75,103.25,75.88,0.9587,4.6500,177.9600,0.0000,0.0000,0.5246,0,177.9600,-182.1245,-176.8647,3.6975,-177.9844,0.2129,POST_PH4_RE_RFB,-178.51,0.53,627.6,34.1,0.00,0,0,,3.017
2776,10:10:56.216,ROI,160,160,224,224,9.17,9.97,0.0,0.0,100.31,498.35,47.39,104.05,75.39,0.8940,8.3900,-179.0600,0.0000,0.0000,0.6893,0,-179.0600,-181.7037,-176.5739,3.6888,-177.6680,0.2133,POST_PH4_RE_RFB,-178.51,0.84,627.6,34.1,0.00,0,0,,3.063
2777,10:10:56.281,ROI,160,160,224,224,9.38,10.16,7.05,0.0,98.39,496.99,45.19,102.00,70.31,0.9085,12.9100,177.3200,0.0000,0.0000,0.7268,0,177.3200,-181.9759,-176.3419,3.6672,-177.5491,0.2143,POST_PH4_RE_RFB,-178.51,0.96,627.6,34.1,0.00,0,0,,3.129
2778,10:10:56.344,ROI,160,160,224,224,9.86,10.63,7.4,0.0,94.06,491.39,47.39,102.17,72.34,0.8451,12.2400,179.9000,0.0000,0.0000,0.6791,0,179.9000,-181.6709,-176.1542,3.7066,-177.3264,0.2125,POST_PH4_RE_RFB,-178.51,1.18,627.6,34.1,0.00,0,0,,3.192
2779,10:10:56.393,ROI,160,160,224,224,9.48,10.25,20.35,0.0,97.53,489.64,47.53,102.97,73.12,0.9562,11.8800,179.0400,0.0000,0.0000,0.6770,0,179.0400,-181.4077,-176.0091,3.6843,-177.1616,0.2135,POST_PH4_RE_RFB,-178.51,1.35,627.6,34.1,0.00,0,0,,3.241
2780,10:10:56.506,ROI,160,160,224,224,9.64,10.61,0.0,0.0,94.23,480.89,47.73,103.19,68.84,0.7978,14.7300,176.5800,0.0000,0.0000,0.7894,0,176.5800,-181.7482,-175.9305,3.7516,-177.1549,0.2105,POST_PH4_RE_RFB,-178.51,1.36,627.6,34.1,0.00,0,0,,3.354
2781,10:10:56.570,ROI,160,160,224,224,10.09,10.85,0.0,0.0,92.15,478.68,47.64,99.78,69.66,0.9464,13.2500,177.5900,0.0000,0.0000,0.7532,0,177.5900,-182.1146,-175.9805,3.7595,-177.2693,0.2101,POST_PH4_RE_RFB,-178.51,1.24,627.6,34.1,0.00,0,0,,3.418
2782,10:10:56.634,ROI,160,160,224,224,9.58,10.34,7.375,0.0,96.73,479.19,47.31,104.45,69.44,0.9463,14.6200,177.9600,0.0000,0.0000,0.7698,0,177.9600,-182.2878,-176.0998,3.6598,-177.4278,0.2146,POST_PH4_RE_RFB,-178.51,1.08,627.6,34.1,0.00,0,0,,3.481
2783,10:10:56.682,ROI,160,160,224,224,9.27,10.02,0.0,0.0,99.82,477.21,47.71,99.04,69.02,0.9372,14.7200,176.5900,0.0000,0.0000,0.7453,0,176.5900,-182.7356,-176.3182,3.5706,-177.7223,0.2188,POST_PH4_RE_RFB,-178.51,0.79,627.6,34.1,0.00,0,0,,3.529
2784,10:10:56.744,ROI,160,160,224,224,10.12,11.05,0.0,0.0,90.50,475.24,47.84,100.03,70.22,0.9449,15.6500,174.2400,0.0000,0.0000,0.7831,0,174.2400,-183.3591,-176.6524,3.4979,-178.1434,0.2223,POST_PH4_RE_RFB,-178.51,0.37,627.6,34.1,0.00,0,0,,3.592
2785,10:10:56.808,ROI,160,160,224,224,9.17,9.94,0.0,0.0,100.62,473.21,47.53,98.20,70.74,0.9518,14.6500,174.6200,0.0000,0.0000,0.7580,0,174.6200,-184.4115,-177.1193,3.3776,-178.7851,0.2284,POST_PH4_RE_RFB,-178.51,-0.28,627.6,34.1,0.00,0,0,,3.655
2786,10:10:56.856,ROI,160,160,224,224,9.13,9.90,0.0,0.0,100.99,472.37,48.24,99.67,70.55,0.9637,14.9400,175.0900,0.0000,0.0000,0.7749,0,175.0900,-184.8258,-177.5166,3.2624,-179.2314,0.2346,POST_PH4_RE_RFB,-178.51,-0.72,627.6,34.1,0.00,0,0,,3.704
2787,10:10:56.984,ROI,160,160,224,224,9.51,10.27,9.95,0.0,97.39,470.73,48.02,98.98,71.29,0.9576,14.2800,175.7300,0.0000,0.0000,0.7567,0,175.7300,-184.9606,-177.9067,3.0950,-179.6293,0.2442,POST_PH4_RE_RFB,-178.51,-1.12,627.6,34.1,0.00,0,0,,3.832
2788,10:10:57.033,ROI,160,160,224,224,9.32,10.10,9.975,0.0,99.01,469.82,47.87,99.85,71.01,0.9777,14.9300,176.1000,0.0000,0.0000,0.7484,0,176.1000,-184.9599,-178.1334,2.9147,-179.8772,0.2554,POST_PH4_RE_RFB,-178.51,-1.37,627.6,34.1,0.00,0,0,,3.881
2789,10:10:57.096,ROI,160,160,224,224,10.83,11.58,0.0,0.0,86.36,468.99,47.57,100.67,70.85,0.9755,15.0100,175.3300,0.0000,0.0000,0.7371,0,175.3300,-185.1827,-178.3413,2.6827,-180.1990,0.2715,POST_PH4_RE_RFB,-178.51,-1.69,627.6,34.1,0.00,0,0,,3.945
2790,10:10:57.160,ROI,160,160,224,224,8.52,9.26,14.925,0.0,107.97,469.06,47.77,100.83,72.03,0.9822,14.2200,178.3000,0.0000,0.0000,0.7261,0,178.3000,-184.7529,-178.4550,2.4851,-180.2621,0.2869,POST_PH4_RE_RFB,-178.51,-1.75,627.6,34.1,0.00,0,0,,4.006
2791,10:10:57.208,ROI,160,160,224,224,9.40,10.18,10.1,0.0,98.20,469.28,47.64,100.55,71.51,0.9886,15.6400,174.2000,0.0000,0.0000,0.7488,0,174.2000,-185.2041,-178.5977,2.2202,-180.6493,0.3105,POST_PH4_RE_RFB,-178.51,-2.14,627.6,34.1,0.00,0,0,,4.055
2792,10:10:57.273,ROI,160,160,224,224,8.76,9.52,7.1,0.0,105.06,469.22,47.78,100.32,71.67,0.9939,15.5900,174.2500,0.0000,0.0000,0.7494,0,174.2500,-185.5084,-178.6536,1.9890,-180.9470,0.3346,POST_PH4_RE_RFB,-178.51,-2.44,627.6,34.1,0.00,0,0,,4.120
2793,10:10:57.320,ROI,160,160,224,224,9.37,10.14,0.0,0.0,98.60,468.99,47.68,100.28,71.29,0.9900,15.4700,174.1300,0.0000,0.0000,0.7462,0,174.1300,-185.9144,-178.6764,1.7116,-181.3457,0.3688,POST_PH4_RE_RFB,-178.51,-2.84,627.6,34.1,0.00,0,0,,4.167
2794,10:10:57.448,ROI,160,160,224,224,9.17,10.03,3.3,0.0,99.70,469.08,48.44,100.55,70.81,0.9764,14.9900,177.0900,0.0000,0.0000,0.7540,0,177.0900,-185.3163,-178.4718,1.4600,-181.2541,0.4065,POST_PH4_RE_RFB,-178.51,-2.74,627.6,34.1,0.00,0,0,,4.295
2795,10:10:57.496,ROI,160,160,224,224,9.24,9.99,10.325,0.0,100.14,470.51,48.36,100.97,71.82,0.9585,14.4100,176.9100,0.0000,0.0000,0.7485,0,176.9100,-185.0897,-178.4817,1.1477,-181.5585,0.4656,POST_PH4_RE_RFB,-178.51,-3.05,627.6,34.1,0.00,0,0,,4.343
2796,10:10:57.560,ROI,160,160,224,224,8.68,9.43,7.25,0.0,106.09,470.95,48.43,99.75,71.36,0.9816,13.8500,177.1700,0.0000,0.0000,0.7512,0,177.1700,-184.5160,-178.3030,0.8841,-181.6005,0.5307,POST_PH4_RE_RFB,-178.51,-3.09,627.6,34.1,0.00,0,0,,4.406
2797,10:10:57.624,ROI,160,160,224,224,11.39,12.15,0.0,0.0,82.33,473.08,48.20,100.65,72.53,0.9431,14.4400,175.9800,0.0000,0.0000,0.7629,0,175.9800,-184.2336,-177.8293,0.5756,-181.8940,0.6347,POST_PH4_RE_RFB,-178.51,-3.38,627.6,34.1,0.00,0,0,,4.473
2798,10:10:57.673,ROI,160,160,224,224,9.39,10.17,10.625,0.0,98.34,473.20,48.31,100.20,70.21,0.9637,14.4200,175.5000,0.0000,0.0000,0.7693,0,175.5000,-184.2690,-176.8941,0.4029,-182.1508,0.7128,POST_PH4_RE_RFB,-178.51,-3.64,627.6,34.1,0.00,0,0,,4.520
2799,10:10:57.736,ROI,160,160,224,224,8.90,9.64,14.7,0.0,103.74,477.05,48.29,102.87,70.64,0.9214,15.6800,176.6900,0.0000,0.0000,0.7896,0,176.6900,-183.9297,-174.5388,0.1921,-182.4161,0.8388,POST_PH4_RE_RFB,-178.51,-3.91,627.6,34.1,0.00,0,0,,4.583
2800,10:10:57.800,ROI,160,160,224,224,9.55,10.32,7.175,0.0,96.93,477.41,47.15,103.46,68.39,0.9614,14.1500,177.1300,0.0000,0.0000,0.7466,0,177.1300,-183.4435,-179.6781,0.0503,-183.2630,0.9521,POST_PH4_RE_RFB,-178.51,-4.75,627.6,34.1,0.00,0,0,,4.648
2801,10:10:57.913,ROI,160,160,224,224,9.79,10.55,3.8,0.0,94.79,480.81,47.15,104.87,70.17,0.9136,16.1800,177.3600,0.0000,0.0000,0.8233,0,177.3600,-183.0478,-179.9514,0.3046,-182.3248,0.7665,POST_PH4_RE_RFB,-178.51,-3.81,627.6,34.1,0.00,0,0,,4.761
2802,10:10:57.960,ROI,160,160,224,224,9.25,10.09,0.0,0.0,99.10,482.97,47.88,103.12,72.65,0.9275,12.7500,179.2200,0.0000,0.0000,0.7747,0,179.2200,-182.5460,-180.1703,0.5543,-181.6987,0.6434,POST_PH4_RE_RFB,-178.51,-3.19,627.6,34.1,0.00,0,0,,4.808
2803,10:10:58.024,ROI,160,160,224,224,9.13,9.88,0.0,0.0,101.22,486.63,47.63,103.59,71.58,0.9183,13.8600,-179.5100,0.0000,0.0000,0.8214,0,-179.5100,-181.8295,-180.2473,0.8128,-181.1201,0.5516,POST_PH4_RE_RFB,-178.51,-2.61,627.6,34.1,0.00,0,0,,4.871
2804,10:10:58.088,ROI,160,160,224,224,9.13,9.88,7.225,0.0,101.18,490.14,46.65,104.48,73.46,0.9105,14.7000,179.7000,0.0000,0.0000,0.8469,0,179.7000,-181.3254,-180.1745,1.0888,-180.7255,0.4787,POST_PH4_RE_RFB,-178.51,-2.22,627.6,34.1,0.00,0,0,,4.935
2805,10:10:58.136,ROI,160,160,224,224,9.34,10.08,0.0,0.0,99.17,494.96,46.75,103.59,72.17,0.8962,15.1500,178.2000,0.0000,0.0000,0.8387,0,178.2000,-181.1381,-180.0392,1.3804,-180.5008,0.4201,POST_PH4_RE_RFB,-178.51,-1.99,627.6,34.1,0.00,0,0,,4.983
2806,10:10:58.200,ROI,160,160,224,224,9.24,10.04,7.25,0.0,99.58,497.51,46.14,104.27,69.15,0.9131,14.4100,178.7200,0.0000,0.0000,0.8056,0,178.7200,-180.8465,-179.7360,1.6495,-180.1552,0.3774,POST_PH4_RE_RFB,-178.51,-1.65,627.6,34.1,0.00,0,0,,5.047
2807,10:10:58.314,ROI,160,160,224,224,9.37,10.17,0.0,0.0,98.37,502.82,45.68,103.08,72.48,0.8632,15.1300,-179.5500,0.0000,0.0000,0.8264,0,-179.5500,-180.3325,-179.3171,1.9389,-179.6626,0.3403,POST_PH4_RE_RFB,-178.51,-1.15,627.6,34.1,0.00,0,0,,5.161
2808,10:10:58.376,ROI,160,160,224,224,9.76,10.74,14.875,0.0,93.10,506.49,45.79,101.93,72.20,0.9274,15.1800,-178.1800,0.0000,0.0000,0.7884,0,-178.1800,-179.2978,-178.8479,2.2241,-178.9875,0.3102,POST_PH4_RE_RFB,-178.51,-0.48,627.6,34.1,0.00,0,0,,5.224
2809,10:10:58.440,ROI,160,160,224,224,9.30,10.12,7.4,0.0,98.82,510.31,46.21,102.98,72.06,0.9178,14.9000,-178.9700,0.0000,0.0000,0.8168,0,-178.9700,-178.9421,-178.4292,2.5026,-178.5757,0.2855,POST_PH4_RE_RFB,-178.51,-0.07,627.6,34.1,0.00,0,0,,5.287
2810,10:10:58.488,ROI,160,160,224,224,9.02,9.79,10.375,0.0,102.19,514.14,46.47,103.53,72.67,0.9208,12.2000,179.6600,0.0000,0.0000,0.7865,0,179.6600,-178.9811,-178.0547,2.7621,-178.3010,0.2658,POST_PH4_RE_RFB,-178.51,0.21,627.6,34.1,0.00,0,0,,5.335
2811,10:10:58.552,ROI,160,160,224,224,9.47,10.24,7.225,0.0,97.68,516.95,46.13,105.15,75.14,0.9170,13.5900,-178.0000,0.0000,0.0000,0.7939,0,-178.0000,-178.6494,-177.7085,2.9739,-177.9452,0.2516,POST_PH4_RE_RFB,-178.51,0.56,627.6,34.1,0.00,0,0,,5.399
2812,10:10:58.600,ROI,160,160,224,224,8.86,9.64,0.0,0.0,103.75,520.21,46.12,106.02,72.66,0.9101,16.6800,-177.8200,0.0000,0.0000,0.8256,0,-177.8200,-178.0901,-177.3513,3.1447,-177.5295,0.2413,POST_PH4_RE_RFB,-178.51,0.98,627.6,34.1,0.00,0,0,,5.447
2813,10:10:58.728,ROI,160,160,224,224,12.81,14.05,3.3,0.0,71.16,523.42,45.54,105.94,72.27,0.9270,15.4600,-178.7800,0.0000,0.0000,0.8005,0,-178.7800,-177.8365,-177.1287,3.2948,-177.2935,0.2328,POST_PH4_RE_RFB,-178.51,1.22,627.6,34.1,0.00,0,0,,5.579
2814,10:10:58.776,ROI,160,160,224,224,9.10,9.88,11.6,0.0,101.26,528.50,44.41,104.82,71.90,0.8810,13.7200,-177.1600,0.0000,0.0000,0.8256,0,-177.1600,-177.2981,-176.8167,3.4341,-176.9253,0.2255,POST_PH4_RE_RFB,-178.51,1.58,627.6,34.1,0.00,0,0,,5.623
2815,10:10:58.840,ROI,160,160,224,224,9.17,9.95,7.2,0.0,100.51,532.66,42.99,105.71,69.12,0.8891,14.0600,179.1900,0.0000,0.0000,0.8751,0,179.1900,-177.7384,-176.2680,3.5707,-176.5897,0.2188,POST_PH4_RE_RFB,-178.51,1.92,627.6,34.1,0.00,0,0,,5.687
2816,10:10:58.905,ROI,160,160,224,224,9.09,9.85,0.0,0.0,101.55,537.31,44.65,108.07,72.83,0.8714,14.4600,-178.3700,0.0000,0.0000,0.8699,0,-178.3700,-177.7890,-175.4903,3.6656,-175.9830,0.2143,POST_PH4_RE_RFB,-178.51,2.53,627.6,34.1,0.00,0,0,,5.753
2817,10:10:58.952,ROI,160,160,224,224,10.68,11.47,0.0,0.0,87.21,540.50,44.18,105.41,71.76,0.9284,12.5500,-177.9200,0.0000,0.0000,0.8518,0,-177.9200,-177.7228,-173.8759,3.7598,-174.6841,0.2101,POST_PH4_RE_RFB,-178.51,3.83,627.6,34.1,0.00,0,0,,5.801
2818,10:10:59.016,ROI,160,160,224,224,8.75,9.52,7.4,0.0,105.09,544.03,43.58,105.15,67.28,0.8784,15.9100,-178.0100,0.0000,0.0000,0.8504,0,-178.0100,-177.7207,-175.9777,3.7936,-176.3413,0.2086,POST_PH4_RE_RFB,-178.51,2.17,627.6,34.1,0.00,0,0,,5.863
2819,10:10:59.080,ROI,160,160,224,224,9.94,10.97,7.15,0.0,91.15,547.09,43.53,103.59,68.61,0.9254,15.1000,-177.1000,0.0000,0.0000,0.8391,0,-177.1000,-177.5920,-176.0631,3.8100,-176.3810,0.2079,POST_PH4_RE_RFB,-178.51,2.13,627.6,34.1,0.00,0,0,,5.929
2820,10:10:59.128,ROI,160,160,224,224,9.38,10.14,21.275,0.0,98.62,551.17,43.78,103.99,70.34,0.9026,15.1000,-177.4400,0.0000,0.0000,0.8376,0,-177.4400,-177.4235,-176.2277,3.8020,-176.4767,0.2082,POST_PH4_RE_RFB,-178.51,2.03,627.6,34.1,0.00,0,0,,5.975
2821,10:10:59.256,ROI,160,160,224,224,8.84,9.59,0.0,0.0,104.23,556.12,43.53,106.36,71.68,0.8936,15.1800,-172.4000,0.0000,0.0000,0.7332,0,-172.4000,-176.1409,-176.3982,3.8119,-176.3447,0.2078,POST_PH4_RE_RFB,-178.51,2.17,627.6,34.1,0.00,0,0,,6.103
2822,10:10:59.304,ROI,160,160,224,224,8.93,9.70,0.0,0.0,103.06,558.31,44.13,105.38,72.00,0.9439,15.5600,-173.1000,0.0000,0.0000,0.7264,0,-173.1000,-175.2140,-176.5771,3.7858,-176.2923,0.2090,POST_PH4_RE_RFB,-178.51,2.22,627.6,34.1,0.00,0,0,,6.151
2823,10:10:59.368,ROI,160,160,224,224,9.82,10.59,0.0,0.0,94.46,561.39,44.02,105.14,73.07,0.9298,16.5900,-173.2600,0.0000,0.0000,0.7806,0,-173.2600,-174.6129,-176.8004,3.7671,-176.3416,0.2098,POST_PH4_RE_RFB,-178.51,2.17,627.6,34.1,0.00,0,0,,6.216
2824,10:10:59.434,ROI,160,160,224,224,10.43,11.21,7.1,0.0,89.17,565.38,43.74,104.37,73.64,0.9196,16.9600,-172.4300,0.0000,0.0000,0.7903,0,-172.4300,-173.9340,-176.9882,3.7321,-176.3428,0.2113,POST_PH4_RE_RFB,-178.51,2.17,627.6,34.1,0.00,0,0,,6.282
2825,10:10:59.480,ROI,160,160,224,224,9.47,10.27,0.0,0.0,97.42,566.65,43.09,100.20,73.58,0.9437,13.5900,-172.8000,0.0000,0.0000,0.7875,0,-172.8000,-173.2938,-177.0661,3.6841,-176.2607,0.2135,POST_PH4_RE_RFB,-178.51,2.25,627.6,34.1,0.00,0,0,,6.327
2826,10:10:59.545,ROI,160,160,224,224,9.50,10.25,7.15,0.0,97.56,571.11,42.31,100.07,71.48,0.8897,16.4400,-173.8000,0.0000,0.0000,0.8127,0,-173.8000,-172.8245,-177.0544,3.6549,-176.1457,0.2148,POST_PH4_RE_RFB,-178.51,2.36,627.6,34.1,0.00,0,0,,6.392
2827,10:10:59.594,ROI,160,160,224,224,11.46,12.40,10.15,0.0,80.62,573.72,41.38,99.47,72.46,0.9257,15.0800,-175.7700,0.0000,0.0000,0.8302,0,-175.7700,-172.9230,-176.9759,3.6131,-176.0974,0.2168,POST_PH4_RE_RFB,-178.51,2.41,627.6,34.1,0.00,0,0,,6.443
2828,10:10:59.722,ROI,160,160,224,224,9.66,10.56,6.75,0.0,94.72,579.41,42.55,99.44,71.72,0.8649,17.1100,-174.8900,0.0000,0.0000,0.8154,0,-174.8900,-173.0498,-176.9785,3.6134,-176.1269,0.2168,POST_PH4_RE_RFB,-178.51,2.38,627.6,34.1,0.00,0,0,,6.570
2829,10:10:59.770,ROI,160,160,224,224,10.27,11.13,10.45,0.0,89.89,582.67,43.15,100.53,73.67,0.9128,15.9200,-174.1500,0.0000,0.0000,0.7694,0,-174.1500,-172.8608,-177.0756,3.5908,-176.1575,0.2178,POST_PH4_RE_RFB,-178.51,2.35,627.6,34.1,0.00,0,0,,6.618
2830,10:10:59.833,ROI,160,160,224,224,18.71,19.75,7.45,0.0,50.65,585.99,42.29,102.83,74.21,0.9159,15.8700,-175.8000,0.0000,0.0000,0.7721,0,-175.8000,-173.0570,-177.2597,3.5554,-176.3371,0.2195,POST_PH4_RE_RFB,-178.51,2.17,627.6,34.1,0.00,0,0,,6.690
2831,10:10:59.896,ROI,160,160,224,224,11.36,12.13,0.0,0.0,82.42,589.61,41.06,102.34,70.18,0.8828,15.7400,-176.5300,0.0000,0.0000,0.7515,0,-176.5300,-173.5447,-177.4280,3.5115,-176.5673,0.2217,POST_PH4_RE_RFB,-178.51,1.94,627.6,34.1,0.00,0,0,,6.745
2832,10:10:59.946,ROI,160,160,224,224,10.28,11.04,20.65,0.0,90.59,592.60,41.16,102.55,71.08,0.9317,14.9600,-175.8100,0.0000,0.0000,0.7604,0,-175.8100,-173.7445,-177.5221,3.4837,-176.6796,0.2230,POST_PH4_RE_RFB,-178.51,1.83,627.6,34.1,0.00,0,0,,6.794
2833,10:11:00.010,ROI,160,160,224,224,14.33,15.31,0.0,0.0,65.30,596.48,40.60,103.60,70.76,0.9134,15.9900,-176.2200,0.0000,0.0000,0.7961,0,-176.2200,-174.4575,-177.4054,3.4749,-176.7466,0.2235,POST_PH4_RE_RFB,-178.51,1.76,627.6,34.1,0.00,0,0,,6.863
2834,10:11:00.074,ROI,160,160,224,224,11.39,12.33,0.0,0.0,81.13,599.50,39.86,103.49,70.01,0.9242,15.4500,-176.7100,0.0000,0.0000,0.7803,0,-176.7100,-175.0802,-177.2388,3.4774,-176.7567,0.2233,POST_PH4_RE_RFB,-178.51,1.75,627.6,34.1,0.00,0,0,,6.924
2835,10:11:00.120,ROI,160,160,224,224,9.69,10.83,0.0,0.0,92.36,601.93,39.90,103.60,69.71,0.9501,14.5000,-176.3700,0.0000,0.0000,0.7596,0,-176.3700,-175.6124,-177.0284,3.4568,-176.7107,0.2244,POST_PH4_RE_RFB,-178.51,1.80,627.6,34.1,0.00,0,0,,6.968
2836,10:11:00.250,ROI,160,160,224,224,9.24,10.69,3.275,0.0,93.58,607.73,39.49,102.03,67.98,0.8720,14.8600,-177.5300,0.0000,0.0000,0.7532,0,-177.5300,-176.4192,-176.7123,3.4813,-176.6469,0.2232,POST_PH4_RE_RFB,-178.51,1.86,627.6,34.1,0.00,0,0,,7.098
2837,10:11:00.296,ROI,160,160,224,224,9.97,10.72,0.0,0.0,93.26,612.78,38.14,100.17,66.67,0.8706,14.0300,-179.5600,0.0000,0.0000,0.7449,0,-179.5600,-177.5489,-176.2547,3.5244,-176.5407,0.2210,POST_PH4_RE_RFB,-178.51,1.97,627.6,34.1,0.00,0,0,,7.144
2838,10:11:00.360,ROI,160,160,224,224,9.58,10.53,14.6,0.0,94.95,615.47,38.42,100.31,66.58,0.9400,11.7200,-179.2500,0.0000,0.0000,0.7322,0,-179.2500,-178.6097,-175.7753,3.5577,-176.3972,0.2194,POST_PH4_RE_RFB,-178.51,2.11,627.6,34.1,0.00,0,0,,7.208
2839,10:11:00.426,ROI,160,160,224,224,8.93,9.69,7.05,0.0,103.25,618.07,38.01,102.02,67.26,0.9387,12.5100,-177.4500,0.0000,0.0000,0.7359,0,-177.4500,-178.7104,-175.2852,3.6010,-176.0296,0.2173,POST_PH4_RE_RFB,-178.51,2.48,627.6,34.1,0.00,0,0,,7.273
2840,10:11:00.474,ROI,160,160,224,224,9.71,10.62,10.25,0.0,94.17,618.78,37.63,101.11,66.74,0.9749,12.4500,-179.6200,0.0000,0.0000,0.7366,0,-179.6200,-179.2443,-174.8208,3.5707,-175.7886,0.2188,POST_PH4_RE_RFB,-178.51,2.72,627.6,34.1,0.00,0,0,,7.322
2841,10:11:00.536,ROI,160,160,224,224,9.43,10.23,7.55,0.0,97.74,621.89,37.83,103.71,67.16,0.9353,13.8900,-178.0500,0.0000,0.0000,0.8095,0,-178.0500,-179.3604,-174.4424,3.5290,-175.5282,0.2208,POST_PH4_RE_RFB,-178.51,2.98,627.6,34.1,0.00,0,0,,7.384
2842,10:11:00.586,ROI,160,160,224,224,9.29,10.04,19.75,0.0,99.55,622.13,37.32,102.00,66.29,0.9688,11.9300,-178.5700,0.0000,0.0000,0.7388,0,-178.5700,-179.4065,-174.1140,3.4454,-175.3045,0.2250,POST_PH4_RE_RFB,-178.51,3.21,627.6,34.1,0.00,0,0,,7.433
2843,10:11:00.713,ROI,160,160,224,224,8.85,9.73,0.0,0.0,102.77,624.66,37.44,103.39,66.32,0.9489,12.1700,-178.6200,0.0000,0.0000,0.7955,0,-178.6200,-179.3964,-173.8013,3.3139,-175.0983,0.2318,POST_PH4_RE_RFB,-178.51,3.41,627.6,34.1,0.00,0,0,,7.560
2844,10:11:00.760,ROI,160,160,224,224,9.15,10.19,0.0,0.0,98.13,625.67,37.53,104.24,67.44,0.9646,13.7900,179.9700,0.0000,0.0000,0.7858,0,179.9700,-179.6838,-173.4785,3.1680,-174.9673,0.2399,POST_PH4_RE_RFB,-178.51,3.54,627.6,34.1,0.00,0,0,,7.607
2845,10:11:00.824,ROI,160,160,224,224,9.38,10.13,7.275,0.0,98.73,626.96,36.92,103.56,67.34,0.9579,12.6800,179.7300,0.0000,0.0000,0.7951,0,179.7300,-180.1299,-173.0460,2.9859,-174.8233,0.2509,POST_PH4_RE_RFB,-178.51,3.69,627.6,34.1,0.00,0,0,,7.671
2846,10:11:00.888,ROI,160,160,224,224,9.36,10.15,14.45,38.475,98.50,627.83,37.13,102.52,67.28,0.9771,13.6800,-179.4700,0.0000,0.0000,0.7955,0,-179.4700,-180.2356,-172.7159,2.8167,-174.6862,0.2620,POST_PH4_RE_RFB,-178.51,3.82,627.6,34.1,0.00,0,0,,7.735
2847,10:11:00.936,ROI,160,160,224,224,14.51,15.50,0.0,0.0,64.50,628.55,37.24,101.47,67.09,0.9827,13.0200,-179.8000,0.0000,0.0000,0.7784,0,-179.8000,-180.2463,-172.6116,2.6212,-174.7199,0.2762,POST_PH4_SETTLING,-178.51,3.79,627.6,34.1,0.00,0,0,,7.789
2848,10:11:01.002,ROI,160,160,224,224,11.64,12.42,15.55,31.45,80.50,628.74,37.37,100.31,66.12,0.9743,13.2600,-179.4700,0.0000,0.0000,0.7809,0,-179.4700,-180.2736,-172.7085,2.4001,-174.9334,0.2941,POST_PH4_SETTLING,-178.51,3.58,627.6,34.1,0.00,0,0,,7.852
2849,10:11:01.113,ROI,160,160,224,224,9.51,10.28,3.95,0.0,97.24,629.15,37.51,100.46,65.88,0.9878,13.6800,180.0000,0.0000,0.0000,0.7989,0,180.0000,-180.4261,-172.9114,2.1702,-175.2819,0.3154,POST_PH4_SETTLING,-178.51,3.23,627.6,34.1,0.00,0,0,,7.961
2850,10:11:01.178,ROI,160,160,224,224,9.50,10.39,7.25,0.0,96.21,629.84,37.10,102.30,65.88,0.9701,13.6400,-179.4300,0.0000,0.0000,0.7866,0,-179.4300,-180.3211,-173.2137,1.9293,-175.6400,0.3414,POST_PH4_SETTLING,-178.51,2.87,627.6,34.1,0.00,0,0,,8.025
2851,10:11:01.240,ROI,160,160,224,224,9.27,10.17,15.1,0.0,98.37,629.80,37.18,101.72,65.66,0.9910,13.5600,-179.8200,0.0000,0.0000,0.7835,0,-179.8200,-180.2779,-173.5604,1.6871,-176.0603,0.3721,POST_PH4_SETTLING,-178.51,2.45,627.6,34.1,0.00,0,0,,8.087
2852,10:11:01.288,ROI,160,160,224,224,9.30,10.08,10.15,0.0,99.17,629.84,37.23,101.89,65.79,0.9964,13.6700,-179.5900,0.0000,0.0000,0.7845,0,-179.5900,-180.1789,-173.9424,1.4368,-176.5017,0.4104,POST_PH4_SETTLING,-178.51,2.01,627.6,34.1,0.00,0,0,,8.136
2853,10:11:01.352,ROI,160,160,224,224,9.47,10.23,7.3,0.0,97.79,629.76,37.24,101.86,65.91,0.9964,13.7300,-179.6500,0.0000,0.0000,0.7829,0,-179.6500,-180.0040,-174.4198,1.1695,-176.9937,0.4609,POST_PH4_SETTLING,-178.51,1.52,627.6,34.1,0.00,0,0,,8.199
2854,10:11:01.400,ROI,160,160,224,224,8.95,9.73,0.0,0.0,102.76,629.81,37.34,102.13,65.84,0.9944,13.8700,-179.6200,0.0000,0.0000,0.7860,0,-179.6200,-179.8942,-175.0629,0.9598,-177.5281,0.5103,POST_PH4_SETTLING,-178.51,0.98,627.6,34.1,0.00,0,0,,8.247
2855,10:11:01.530,ROI,160,160,224,224,9.45,10.23,0.0,0.0,97.74,629.74,37.34,102.06,65.77,0.9976,13.8100,-179.4700,0.0000,0.0000,0.7861,0,-179.4700,-179.9426,-175.6347,0.8036,-178.0232,0.5544,POST_PH4_SETTLING,-178.51,0.49,627.6,34.1,0.00,0,0,,8.377
2856,10:11:01.578,ROI,160,160,224,224,9.56,10.31,10.375,0.0,97.02,629.84,37.35,102.07,65.83,0.9972,13.8900,-179.4600,0.0000,0.0000,0.7872,0,-179.4600,-179.9561,-176.3182,0.6666,-178.5011,0.6000,POST_PH4_SETTLING,-178.51,0.01,627.6,34.1,0.00,0,0,,8.425
2857,10:11:01.640,ROI,160,160,224,224,9.24,10.11,7.525,0.0,98.92,629.90,37.32,102.05,65.79,0.9981,13.8800,-179.7300,0.0000,0.0000,0.7882,0,-179.7300,-179.8212,-177.0616,0.5520,-178.8396,0.6443,POST_PH4_SETTLING,-178.51,-0.33,627.6,34.1,0.00,0,0,,8.487
