frame_id,timestamp,mode,input_width,input_height,roi_w,roi_h,inf_time_ms,end_to_end_time_ms,cpu_load_pct,end_to_end_cpu_load_pct,fps,x_center,y_center,width,height,iou_prev_bbox,group1_magnitude,group1_angle,group2_magnitude,group2_angle,best_conf,tracking_lost,raw_angle,model_angle_smooth,trajectory_angle_smooth,estimated_speed,fused_angle,fused_weight_x,pid_mode,target_angle,angle_error,target_x,target_y,distance_error,ble_speed_left,ble_speed_right,post_ph4_spin_elapsed_s,post_ph4_re_rfb_elapsed_s
4997,09:47:39.155,ROI,160,160,192,192,9.33,10.21,5.0,0.0,97.92,680.72,110.20,80.53,84.58,0.9970,13.5000,-73.6500,0.0000,0.0000,0.8235,0,-73.6500,-73.7761,-127.2653,0.0107,-74.3427,0.9894,PHASE_2_DRIVING,-64.61,-9.73,727.7,209.2,109.58,1645,2000,,
4998,09:47:39.176,ROI,160,160,192,192,8.97,9.70,0.0,0.0,103.08,680.74,110.13,80.46,84.58,0.9974,13.4900,-73.5200,0.0000,0.0000,0.8217,0,-73.5200,-73.7718,-114.6096,0.0119,-74.2540,0.9882,PHASE_2_DRIVING,-64.64,-9.61,727.7,209.2,109.63,1665,2000,,
4999,09:47:39.224,ROI,160,160,192,192,8.53,9.21,10.2,0.0,108.60,680.79,110.17,80.38,84.56,0.9980,13.4700,-73.4100,0.0000,0.0000,0.8178,0,-73.4100,-73.7151,-103.3728,0.0124,-74.0794,0.9877,PHASE_2_DRIVING,-64.65,-9.42,727.7,209.2,109.58,1681,2000,,
5000,09:47:39.288,ROI,160,160,192,192,10.93,11.65,7.175,33.55,85.82,680.76,110.12,80.53,84.54,0.9969,13.4900,-73.4100,0.0000,0.0000,0.8168,0,-73.4100,-73.6741,-90.5368,0.0129,-73.8888,0.9873,PHASE_2_DRIVING,-64.65,-9.24,727.7,209.2,109.64,1687,2000,,
5001,09:47:39.352,ROI,160,160,192,192,10.99,11.83,0.0,0.0,84.52,680.80,110.11,80.40,84.49,0.9978,13.4500,-73.5400,0.0000,0.0000,0.8166,0,-73.5400,-73.6550,-77.5230,0.0134,-73.7060,0.9868,PHASE_2_DRIVING,-64.67,-9.03,727.7,209.2,109.63,1697,2000,,
5002,09:47:39.399,ROI,160,160,192,192,9.10,9.78,0.0,0.0,102.26,680.80,110.16,80.23,84.28,0.9954,13.3600,-73.6400,0.0000,0.0000,0.8154,0,-73.6400,-73.6521,-70.5090,0.0120,-73.6149,0.9882,PHASE_2_DRIVING,-64.66,-8.95,727.7,209.2,109.59,1682,2000,,
5003,09:47:39.528,ROI,160,160,192,192,11.25,12.08,0.0,0.0,82.77,680.70,110.08,80.42,84.54,0.9942,13.3800,-73.7200,0.0000,0.0000,0.8157,0,-73.7200,-73.6557,-67.2374,0.0132,-73.5722,0.9870,PHASE_2_DRIVING,-64.63,-8.94,727.7,209.2,109.70,1673,2000,,
5004,09:47:39.576,ROI,160,160,192,192,9.05,9.79,0.0,0.0,102.15,680.79,110.12,80.38,84.55,0.9968,13.4100,-73.6000,0.0000,0.0000,0.8171,0,-73.6000,-73.6558,-65.7657,0.0126,-73.5575,0.9875,PHASE_2_DRIVING,-64.67,-8.89,727.7,209.2,109.62,1680,2000,,
5005,09:47:39.640,ROI,160,160,192,192,9.11,9.89,0.0,0.0,101.13,681.02,110.96,81.68,84.43,0.9648,13.9900,-74.3400,0.0000,0.0000,0.8210,0,-74.3400,-73.8033,-71.4069,0.0030,-73.7960,0.9970,PHASE_2_DRIVING,-64.58,-9.21,727.7,209.2,108.77,1620,2000,,
5006,09:47:39.705,ROI,160,160,192,192,14.32,15.14,7.1,0.0,66.04,681.16,111.26,81.14,85.00,0.9864,13.6300,-72.7400,0.0000,0.0000,0.8347,0,-72.7400,-73.5940,-72.0489,0.0228,-73.5596,0.9777,PHASE_2_DRIVING,-64.58,-8.98,727.7,209.2,108.44,1702,2000,,
5007,09:47:39.752,ROI,160,160,192,192,11.77,12.52,12.275,0.0,79.84,681.56,111.84,81.24,85.76,0.9767,13.9100,-71.8000,0.0000,0.0000,0.8192,0,-71.8000,-73.1904,-71.6256,0.0510,-73.1145,0.9515,PHASE_2_DRIVING,-64.65,-8.47,727.7,209.2,107.74,1758,2000,,
5008,09:47:39.815,ROI,160,160,192,192,13.04,13.87,0.0,0.0,72.12,681.82,112.74,81.22,85.61,0.9732,14.2500,-73.2100,0.0000,0.0000,0.8204,0,-73.2100,-73.1204,-70.3795,0.0919,-72.8896,0.9158,PHASE_2_DRIVING,-64.56,-8.33,727.7,209.2,106.82,1712,2000,,
5009,09:47:39.863,ROI,160,160,192,192,10.38,11.10,0.0,0.0,90.09,682.87,113.50,82.22,86.02,0.9576,14.3700,-72.2200,0.0000,0.0000,0.8185,0,-72.2200,-72.8712,-65.7462,0.1494,-71.9453,0.8700,PHASE_2_DRIVING,-64.90,-7.04,727.7,209.2,105.68,1925,2000,,
5010,09:47:39.993,ROI,160,160,192,192,12.31,13.31,0.0,0.0,75.14,684.06,117.18,81.13,88.70,0.8940,15.4100,-76.9100,0.0000,0.0000,0.8427,0,-76.9100,-73.6330,-64.8380,0.2655,-71.7878,0.7902,PHASE_2_DRIVING,-64.63,-7.16,727.7,209.2,101.85,1717,2000,,
5011,09:47:40.040,ROI,160,160,192,192,8.43,9.24,11.725,0.0,108.25,684.72,118.18,80.10,87.47,0.9619,12.6500,-72.6500,0.0000,0.0000,0.7970,0,-72.6500,-73.4625,-61.0635,0.3868,-70.0041,0.7211,PHASE_2_DRIVING,-64.72,-5.28,727.7,209.2,100.66,2000,1913,,
5012,09:47:40.104,ROI,160,160,192,192,11.29,12.15,0.0,0.0,82.31,684.48,119.07,81.85,88.38,0.9590,13.5800,-73.5800,0.0000,0.0000,0.8076,0,-73.5800,-73.4937,-61.0783,0.5017,-69.3461,0.6659,PHASE_2_DRIVING,-64.38,-4.96,727.7,209.2,99.96,1857,2000,,
5013,09:47:40.168,ROI,160,160,192,192,10.46,11.20,0.0,0.0,89.31,686.39,120.54,82.48,88.13,0.9241,14.0100,-73.9400,0.0000,0.0000,0.8338,0,-73.9400,-73.5925,-61.1347,0.6341,-68.7582,0.6120,PHASE_2_DRIVING,-65.02,-3.74,727.7,209.2,97.82,2000,1954,,
5014,09:47:40.216,ROI,160,160,192,192,15.52,16.39,0.0,0.0,61.02,686.62,122.45,82.14,89.30,0.9525,14.7100,-74.0100,0.0000,0.0000,0.8355,0,-74.0100,-73.6995,-61.5230,0.7740,-68.3868,0.5637,PHASE_2_DRIVING,-64.66,-3.72,727.7,209.2,95.99,1859,2000,,
5015,09:47:40.281,ROI,160,160,192,192,15.26,16.18,0.0,0.0,61.79,687.52,125.94,84.44,91.62,0.9011,15.1700,-78.5000,0.0000,0.0000,0.8533,0,-78.5000,-74.7240,-61.5281,0.9471,-68.3054,0.5136,PHASE_2_DRIVING,-64.24,-4.06,727.7,209.2,92.45,1794,2000,,
5016,09:47:40.393,ROI,160,160,192,192,7.90,8.60,0.0,0.0,116.33,690.65,130.34,80.57,90.12,0.8439,13.4400,-75.0500,0.0000,0.0000,0.8609,0,-75.0500,-74.9427,-60.0545,1.1770,-66.8933,0.4593,PHASE_2_DRIVING,-64.83,-2.06,727.7,209.2,87.13,2000,1775,,
5017,09:47:40.456,ROI,160,160,192,192,10.64,11.56,7.225,0.0,86.49,690.24,131.03,86.56,89.77,0.9172,14.6100,-75.2800,0.0000,0.0000,0.8385,0,-75.2800,-75.1695,-59.6632,1.3695,-66.2073,0.4220,PHASE_2_DRIVING,-64.40,-1.81,727.7,209.2,86.68,1967,2000,,
5018,09:47:40.505,ROI,160,160,192,192,13.26,14.88,10.35,0.0,67.19,693.23,132.42,82.04,89.45,0.9041,14.6100,-76.0100,0.0000,0.0000,0.8275,0,-76.0100,-75.5129,-59.5601,1.5581,-65.7963,0.3909,PHASE_2_DRIVING,-65.82,0.03,727.7,209.2,84.17,2000,1725,,
5019,09:47:40.569,ROI,160,160,192,192,11.44,12.46,7.95,0.0,80.23,695.53,135.19,80.29,88.82,0.8891,14.9200,-73.8900,0.0000,0.0000,0.8693,0,-73.8900,-75.3912,-59.2452,1.7566,-65.1025,0.3628,PHASE_2_DRIVING,-66.51,1.41,727.7,209.2,80.70,2000,1741,,
5020,09:47:40.634,ROI,160,160,192,192,15.52,16.40,0.0,0.0,60.97,694.95,136.43,82.20,87.68,0.9503,14.5100,-74.8100,0.0000,0.0000,0.8600,0,-74.8100,-75.4628,-58.9291,1.9109,-64.6090,0.3435,PHASE_2_DRIVING,-65.77,1.16,727.7,209.2,79.80,1999,1991,,
5021,09:47:40.680,ROI,160,160,192,192,12.06,12.92,0.0,0.0,77.37,697.37,139.48,80.95,89.32,0.8814,13.9000,-75.4000,0.0000,0.0000,0.8611,0,-75.4000,-75.6435,-58.2369,2.0688,-63.9091,0.3259,PHASE_2_DRIVING,-66.49,2.58,727.7,209.2,76.03,2000,1695,,
5022,09:47:40.810,ROI,160,160,192,192,18.67,20.45,0.0,0.0,48.89,699.29,143.40,84.20,87.95,0.8756,14.7100,-73.3600,0.0000,0.0000,0.8769,0,-73.3600,-75.3639,-57.5673,2.2352,-63.0682,0.3091,PHASE_2_DRIVING,-66.65,3.58,727.7,209.2,71.67,1927,1656,,
5023,09:47:40.859,ROI,160,160,192,192,12.75,13.70,0.0,0.0,72.97,698.41,144.62,86.62,87.10,0.9460,14.6800,-74.6300,0.0000,0.0000,0.8634,0,-74.6300,-75.4306,-60.3976,2.3508,-64.8839,0.2984,PHASE_2_DRIVING,-65.60,0.72,727.7,209.2,70.91,1583,1963,,
5024,09:47:40.920,ROI,160,160,192,192,13.49,14.27,0.0,0.0,70.09,700.94,146.82,84.07,87.70,0.8975,15.4000,-75.0900,0.0000,0.0000,0.8892,0,-75.0900,-75.4086,-60.7007,2.4500,-64.9639,0.2899,PHASE_2_DRIVING,-66.78,1.82,727.7,209.2,67.88,1802,1592,,
5025,09:47:40.968,ROI,160,160,192,192,10.17,11.08,0.0,0.0,90.27,700.91,148.27,87.13,87.08,0.9341,14.6800,-75.4900,0.0000,0.0000,0.8775,0,-75.4900,-75.3228,-60.6986,2.5009,-64.8759,0.2856,PHASE_2_DRIVING,-66.27,1.39,727.7,209.2,66.56,1659,1669,,
5026,09:47:41.032,ROI,160,160,192,192,10.98,11.71,7.4,0.0,85.37,701.42,150.17,85.44,86.62,0.9389,14.9000,-77.2800,0.0000,0.0000,0.8749,0,-77.2800,-75.6953,-60.8365,2.5181,-65.0601,0.2842,PHASE_2_DRIVING,-66.00,0.94,727.7,209.2,64.62,1601,1630,,
5027,09:47:41.096,ROI,160,160,192,192,10.53,11.42,0.0,0.0,87.56,701.59,153.31,88.98,89.08,0.8947,14.9800,-77.7000,0.0000,0.0000,0.8752,0,-77.7000,-75.9724,-60.6492,2.5209,-65.0012,0.2840,PHASE_2_DRIVING,-64.96,-0.04,727.7,209.2,61.69,1481,1603,,
5028,09:47:41.145,ROI,160,160,192,192,14.46,15.50,0.0,0.0,64.51,701.38,155.74,90.20,91.07,0.9349,16.8000,-82.1800,0.0000,0.0000,0.8764,0,-82.1800,-77.5914,-60.7952,2.5440,-65.5345,0.2822,PHASE_2_DRIVING,-63.79,-1.74,727.7,209.2,59.59,1363,1617,,
5029,09:47:41.273,ROI,160,160,192,192,15.92,16.88,3.5,0.0,59.25,704.41,160.47,88.72,93.36,0.8462,17.7300,-78.6200,0.0000,0.0000,0.8921,0,-78.6200,-77.9160,-61.0983,2.6023,-65.7669,0.2776,PHASE_2_DRIVING,-64.45,-1.31,727.7,209.2,54.01,1356,1345,,
5030,09:47:41.322,ROI,160,160,192,192,13.75,14.85,0.0,0.0,67.33,707.55,163.83,86.45,95.72,0.8692,17.6900,-81.7800,0.0000,0.0000,0.8751,0,-81.7800,-78.8859,-61.6251,2.6555,-66.3469,0.2736,PHASE_2_DRIVING,-66.06,-0.29,727.7,209.2,49.64,1288,1194,,
5031,09:47:41.385,ROI,160,160,192,192,14.76,15.65,0.0,24.975,63.92,708.10,165.50,86.69,97.97,0.9541,15.6500,-79.2700,0.0000,0.0000,0.8670,0,-79.2700,-79.2382,-62.0877,2.6777,-66.7511,0.2719,PHASE_2_DRIVING,-65.85,-0.90,727.7,209.2,47.90,1157,1237,,
5032,09:47:41.448,ROI,160,160,224,224,10.88,11.82,8.25,0.0,84.63,708.69,169.90,88.49,101.67,0.8973,13.3600,-81.5000,0.0000,0.0000,0.8303,0,-81.5000,-79.9613,-62.7478,2.7071,-67.3913,0.2698,PHASE_2_DRIVING,-64.18,-3.21,727.7,209.2,43.66,956,1227,,
5033,09:47:41.496,ROI,160,160,224,224,11.69,12.50,0.0,0.0,79.99,708.77,172.42,89.74,107.00,0.9370,14.0500,-80.3800,0.0000,0.0000,0.8809,0,-80.3800,-80.8226,-63.8067,2.7400,-68.3564,0.2674,PHASE_2_DRIVING,-62.77,-5.59,727.7,209.2,41.37,878,1190,,
5034,09:47:41.560,ROI,160,160,224,224,12.71,13.70,0.0,0.0,73.02,710.77,173.61,88.63,107.23,0.9355,13.0700,-77.5100,0.0000,0.0000,0.8571,0,-77.5100,-80.6801,-64.9210,2.8052,-69.0624,0.2628,PHASE_2_DRIVING,-64.56,-4.50,727.7,209.2,39.41,984,987,,
5035,09:47:41.611,ROI,160,160,224,224,14.06,15.09,10.325,0.0,66.27,710.64,176.02,90.16,107.25,0.9401,13.3100,-77.8700,0.0000,0.0000,0.8677,0,-77.8700,-80.5937,-66.2818,2.8206,-70.0278,0.2617,PHASE_2_DRIVING,-62.79,-7.24,727.7,209.2,37.30,763,1102,,
5036,09:47:41.737,ROI,160,160,224,224,9.83,10.62,7.075,0.0,94.13,712.76,180.23,93.00,111.66,0.8852,13.5100,-77.8900,0.0000,0.0000,0.8545,0,-77.8900,-80.5471,-67.5126,2.8636,-70.8863,0.2588,PHASE_2_DRIVING,-62.72,-8.17,727.7,209.2,32.60,718,912,,
5037,09:47:41.785,ROI,160,160,224,224,10.35,11.14,0.0,0.0,89.80,713.60,179.66,91.10,107.02,0.9388,14.2700,-77.7500,0.0000,0.0000,0.8594,0,-77.7500,-80.2033,-68.4138,2.8632,-71.4656,0.2589,PHASE_2_DRIVING,-64.47,-6.99,727.7,209.2,32.73,800,837,,
5038,09:47:41.851,ROI,160,160,224,224,13.76,14.77,0.0,26.45,67.69,714.61,182.23,92.05,107.72,0.9328,14.6600,-78.7100,0.0000,0.0000,0.8875,0,-78.7100,-80.0905,-69.1559,2.8307,-72.0104,0.2610,PHASE_2_DRIVING,-64.11,-7.90,727.7,209.2,29.98,663,836,,
5039,09:47:41.913,ROI,160,160,224,224,13.16,14.31,0.0,0.0,69.87,715.36,182.43,90.22,106.81,0.9718,14.2700,-76.6100,0.0000,0.0000,0.8762,0,-76.6100,-79.5450,-69.5788,2.7766,-72.2178,0.2648,PHASE_2_DRIVING,-65.25,-6.97,727.7,209.2,29.47,713,761,,
5040,09:47:41.962,ROI,160,160,224,224,11.75,12.72,0.0,0.0,78.59,715.92,183.60,90.61,105.90,0.9664,15.1500,-76.3800,0.0000,0.0000,0.8939,0,-76.3800,-78.7046,-69.6699,2.7349,-72.0889,0.2677,PHASE_2_DRIVING,-65.30,-6.79,727.7,209.2,28.18,662,747,,
5041,09:47:42.023,ROI,160,160,224,224,8.97,9.78,16.2,0.0,102.21,716.30,183.91,91.69,104.73,0.9775,14.6200,-76.0100,0.0000,0.0000,0.8938,0,-76.0100,-77.8765,-69.5995,2.6267,-71.8817,0.2757,PHASE_2_DRIVING,-65.74,-6.14,727.7,209.2,27.74,669,718,,
5042,09:47:42.089,ROI,160,160,224,224,9.32,10.07,0.0,38.825,99.33,718.51,186.23,92.96,106.90,0.9132,14.9900,-75.2600,0.0000,0.0000,0.8908,0,-75.2600,-76.9218,-69.1014,2.5422,-71.3092,0.2823,PHASE_2_DRIVING,-68.18,-3.13,727.7,209.2,24.74,674,563,,
5043,09:47:42.136,ROI,160,160,224,224,10.55,11.39,10.45,34.325,87.80,719.18,185.09,91.67,102.77,0.9475,14.9200,-74.9000,0.0000,0.0000,0.8612,0,-74.9000,-75.9349,-68.1585,2.3829,-70.4572,0.2956,PHASE_2_DRIVING,-70.53,0.07,727.7,209.2,25.57,722,557,,
5044,09:47:42.249,ROI,160,160,224,224,12.25,13.14,0.0,0.0,76.11,721.16,187.87,93.17,104.47,0.9089,13.9000,-73.5000,0.0000,0.0000,0.8732,0,-73.5000,-74.8707,-66.7717,2.2385,-69.2726,0.3088,PHASE_2_DRIVING,-72.94,3.67,727.7,209.2,22.31,659,457,,
5045,09:47:42.313,ROI,160,160,224,224,11.48,12.37,0.0,0.0,80.87,721.49,188.29,91.90,103.99,0.9785,14.1700,-73.4800,0.0000,0.0000,0.8924,0,-73.4800,-73.9154,-65.0788,2.0736,-67.9538,0.3253,PHASE_2_DRIVING,-73.46,5.51,727.7,209.2,21.81,615,475,,
5046,09:47:42.376,ROI,160,160,224,224,10.61,11.61,7.65,0.0,86.13,721.95,189.32,92.50,104.10,0.9707,15.0400,-72.9700,0.0000,0.0000,0.8990,0,-72.9700,-73.4275,-63.3101,1.8859,-66.8159,0.3465,PHASE_2_DRIVING,-73.88,7.06,727.7,209.2,20.70,586,449,,
5047,09:47:42.423,ROI,160,160,224,224,8.61,9.53,11.025,0.0,104.94,722.39,189.70,93.52,103.92,0.9818,14.8400,-72.9000,0.0000,0.0000,0.8835,0,-72.9000,-72.6913,-61.3825,1.7379,-65.5130,0.3652,PHASE_2_DRIVING,-74.76,9.24,727.7,209.2,20.21,596,414,,
5048,09:47:42.488,ROI,160,160,224,224,14.55,15.96,0.0,0.0,62.65,724.31,192.21,94.42,106.89,0.9160,13.8100,-73.4300,0.0000,0.0000,0.8895,0,-73.4300,-72.5150,-59.1045,1.6655,-64.1356,0.3752,PHASE_2_DRIVING,-78.72,14.58,727.7,209.2,17.33,589,278,,
5049,09:47:42.553,ROI,160,160,224,224,15.44,16.38,8.075,23.875,61.07,724.97,192.59,96.64,107.44,0.9700,13.1400,-73.0900,0.0000,0.0000,0.8809,0,-73.0900,-72.1368,-56.4302,1.5742,-62.5318,0.3885,PHASE_2_DRIVING,-80.65,18.12,727.7,209.2,16.84,557,285,,
5050,09:47:42.603,ROI,160,160,224,224,21.79,22.89,0.0,0.0,43.68,725.86,193.48,95.97,107.24,0.9655,13.2200,-71.8800,0.0000,0.0000,0.8781,0,-71.8800,-71.8671,-53.7097,1.5170,-60.9236,0.3973,PHASE_2_DRIVING,-83.33,22.41,727.7,209.2,15.82,552,239,,
5051,09:47:42.730,ROI,160,160,224,224,16.76,17.96,0.0,0.0,55.67,725.59,195.41,92.99,108.19,0.9356,13.1600,-72.4100,0.0000,0.0000,0.8770,0,-72.4100,-71.7502,-51.4453,1.4619,-59.6929,0.4062,PHASE_2_DRIVING,-81.29,21.60,727.7,209.2,13.95,413,285,,
5052,09:47:42.776,ROI,160,160,224,224,14.72,15.76,0.0,0.0,63.46,725.94,194.62,92.11,105.28,0.9639,13.3800,-73.0100,0.0000,0.0000,0.8474,0,-73.0100,-71.5770,-49.2827,1.3852,-58.6296,0.4193,PHASE_2_DRIVING,-83.11,24.48,727.7,209.2,14.68,499,235,,
5053,09:47:42.840,ROI,160,160,224,224,14.93,16.00,0.0,24.425,62.52,726.23,195.62,92.13,104.90,0.9749,12.8500,-73.2800,0.0000,0.0000,0.8490,0,-73.2800,-71.5781,-47.6216,1.3060,-58.0104,0.4337,PHASE_2_DRIVING,-83.83,25.82,727.7,209.2,13.66,448,235,,
5054,09:47:42.888,ROI,160,160,224,224,15.67,16.96,0.0,0.0,58.96,725.94,196.25,93.93,106.67,0.9647,13.1400,-72.8300,0.0000,0.0000,0.8738,0,-72.8300,-71.5698,-46.6715,1.2697,-57.6415,0.4406,PHASE_2_DRIVING,-82.28,24.64,727.7,209.2,13.07,392,262,,
5055,09:47:42.952,ROI,160,160,224,224,13.09,13.97,0.0,0.0,71.58,725.52,196.46,93.20,106.74,0.9870,13.0500,-74.1000,0.0000,0.0000,0.8751,0,-74.1000,-71.8946,-46.2407,1.1914,-57.9472,0.4563,PHASE_2_DRIVING,-80.28,22.33,727.7,209.2,12.92,365,281,,
5056,09:47:43.016,ROI,160,160,224,224,14.68,15.37,0.0,0.0,65.05,726.32,197.08,93.10,105.99,0.9718,13.0100,-74.3400,0.0000,0.0000,0.8647,0,-74.3400,-72.4393,-46.4701,1.1405,-58.6026,0.4672,PHASE_2_DRIVING,-83.49,24.88,727.7,209.2,12.20,412,198,,
5057,09:47:43.065,ROI,160,160,224,224,12.99,13.74,11.8,0.0,72.76,725.96,197.08,93.46,105.87,0.9912,13.3700,-73.4100,0.0000,0.0000,0.8742,0,-73.4100,-72.6370,-47.2664,1.0598,-59.5834,0.4855,PHASE_2_DRIVING,-81.82,22.23,727.7,209.2,12.24,342,270,,
5058,09:47:43.193,ROI,160,160,224,224,15.09,16.06,0.0,0.0,62.25,726.97,198.39,93.06,106.50,0.9550,13.0000,-75.7900,0.0000,0.0000,0.8767,0,-75.7900,-73.3523,-48.6590,0.9971,-61.0237,0.5007,PHASE_2_DRIVING,-86.16,25.14,727.7,209.2,10.84,371,171,,
5059,09:47:43.240,ROI,160,160,224,224,9.64,10.46,25.15,0.0,95.60,727.05,198.08,92.88,105.04,0.9844,14.1300,-74.1900,0.0000,0.0000,0.8904,0,-74.1900,-73.7095,-50.6616,0.9033,-62.7707,0.5254,PHASE_2_DRIVING,-86.65,23.88,727.7,209.2,11.14,331,226,,
5060,09:47:43.305,ROI,160,160,224,224,11.49,12.59,7.175,31.025,79.40,727.57,198.38,93.21,104.54,0.9833,13.1800,-74.7500,0.0000,0.0000,0.8926,0,-74.7500,-74.1298,-52.9850,0.8447,-64.4475,0.5421,PHASE_2_DRIVING,-89.33,24.89,727.7,209.2,10.82,349,192,,
5061,09:47:43.353,ROI,160,160,224,224,11.96,12.71,0.0,0.0,78.66,728.32,199.39,93.74,104.93,0.9656,13.3400,-75.1400,0.0000,0.0000,0.8940,0,-75.1400,-74.5989,-55.2788,0.7640,-66.2312,0.5669,PHASE_3_FINAL_ALIGNING,16.17,-82.40,727.7,209.2,9.83,-1648,1648,,
5062,09:47:43.416,ROI,160,160,224,224,14.15,15.02,0.0,0.0,66.58,728.87,199.14,93.77,104.22,0.9816,13.9100,-75.1800,3.7200,-71.8900,0.9123,0,-75.1800,-74.9165,-57.2235,0.7157,-67.5357,0.5828,PHASE_3_FINAL_ALIGNING,16.17,-83.71,727.7,209.2,10.13,-1674,1674,,
5063,09:47:43.481,ROI,160,160,224,224,17.98,18.81,0.0,20.8,53.16,728.80,199.95,95.75,104.99,0.9644,14.1900,-76.1700,3.6500,-73.4200,0.9110,0,-76.1700,-75.4050,-58.9665,0.6616,-68.8594,0.6018,PHASE_3_FINAL_ALIGNING,16.17,-85.03,727.7,209.2,9.31,-1701,1701,,
5064,09:47:43.593,ROI,160,160,224,224,14.06,14.95,0.0,0.0,66.89,729.13,200.37,95.47,104.79,0.9851,14.1500,-76.1400,3.8100,-74.0600,0.9138,0,-76.1400,-75.7835,-60.5702,0.6105,-70.0166,0.6209,PHASE_3_FINAL_ALIGNING,16.17,-86.19,727.7,209.2,8.94,-1724,1724,,
5065,09:47:43.657,ROI,160,160,224,224,10.24,11.12,0.0,0.0,89.95,728.05,201.06,92.11,104.80,0.9524,13.6900,-78.1600,0.0000,0.0000,0.8989,0,-78.1600,-76.5120,-62.4137,0.5446,-71.5414,0.6474,PHASE_3_FINAL_ALIGNING,16.17,-87.71,727.7,209.2,8.14,-1754,1754,,
5066,09:47:43.705,ROI,160,160,224,224,10.51,11.41,10.65,0.0,87.67,729.32,201.38,94.33,104.87,0.9674,13.6600,-75.7800,3.0000,-71.9500,0.9030,0,-75.7800,-76.7200,-63.7554,0.5289,-72.2351,0.6541,PHASE_3_FINAL_ALIGNING,16.17,-88.41,727.7,209.2,7.99,-1768,1768,,
5067,09:47:43.768,ROI,160,160,224,224,16.30,17.12,7.575,0.0,58.40,728.43,201.81,92.88,105.08,0.9732,13.8000,-77.2400,0.0000,0.0000,0.9062,0,-77.2400,-77.1478,-64.7449,0.5038,-72.9926,0.6650,PHASE_3_FINAL_ALIGNING,16.17,-89.16,727.7,209.2,7.42,-1783,1783,,
5068,09:47:43.832,ROI,160,160,224,224,13.24,13.98,0.0,27.95,71.52,729.61,202.12,93.80,104.68,0.9693,13.8100,-76.5400,3.1900,-72.4300,0.9069,0,-76.5400,-77.2251,-64.8313,0.4969,-73.1107,0.6680,PHASE_3_FINAL_ALIGNING,16.17,-89.28,727.7,209.2,7.33,-1786,1786,,
5069,09:47:43.880,ROI,160,160,224,224,11.60,12.50,0.0,0.0,80.01,729.63,202.84,93.37,105.29,0.9819,13.7100,-74.7400,0.0000,0.0000,0.9003,0,-74.7400,-76.9112,-64.8650,0.5125,-72.8292,0.6611,PHASE_3_FINAL_ALIGNING,16.17,-89.00,727.7,209.2,6.65,-1780,1780,,
5070,09:47:44.008,ROI,160,160,224,224,15.65,16.44,0.0,0.0,60.84,729.77,203.11,93.03,103.73,0.9816,13.6500,-72.8900,0.0000,0.0000,0.8644,0,-72.8900,-76.2443,-64.3714,0.5059,-72.2557,0.6641,PHASE_3_FINAL_ALIGNING,16.17,-88.43,727.7,209.2,6.44,-1769,1769,,
5071,09:47:44.057,ROI,160,160,224,224,21.13,22.55,11.9,34.65,44.34,729.92,203.29,94.09,104.87,0.9779,13.0700,-73.3800,0.0000,0.0000,0.8555,0,-73.3800,-75.7099,-63.5492,0.5043,-71.6330,0.6647,PHASE_3_FINAL_ALIGNING,16.17,-87.80,727.7,209.2,6.31,-1756,1756,,
5072,09:47:44.120,ROI,160,160,224,224,19.38,20.53,0.0,0.0,48.70,730.64,203.63,97.30,103.64,0.9561,14.0600,-71.0000,0.0000,0.0000,0.8435,0,-71.0000,-74.6365,-62.6142,0.5044,-70.6057,0.6647,PHASE_3_FINAL_ALIGNING,16.17,-86.78,727.7,209.2,6.30,-1736,1736,,
5073,09:47:44.184,ROI,160,160,224,224,17.62,19.19,0.0,20.35,52.10,730.45,203.00,100.27,103.80,0.9588,15.1200,-68.4300,0.0000,0.0000,0.8165,0,-68.4300,-73.2104,-61.7211,0.4746,-69.5128,0.6782,PHASE_3_FINAL_ALIGNING,16.17,-85.68,727.7,209.2,6.78,-1714,1714,,
5074,09:47:44.232,ROI,160,160,224,224,13.73,14.53,0.0,0.0,68.80,731.36,203.53,100.80,102.91,0.9721,15.9000,-67.5800,2.0000,-65.0600,0.8193,0,-67.5800,-71.7364,-60.5921,0.4626,-68.2116,0.6837,PHASE_3_FINAL_ALIGNING,16.17,-84.38,727.7,209.2,6.75,-1688,1688,,
5075,09:47:44.295,ROI,160,160,224,224,12.64,13.74,0.0,0.0,72.77,731.36,204.01,103.92,100.94,0.9519,17.1700,-61.7500,2.0100,-60.1000,0.8397,0,-61.7500,-69.0844,-59.5859,0.4375,-66.1936,0.6957,PHASE_3_FINAL_ALIGNING,16.17,-82.36,727.7,209.2,6.35,-1647,1647,,
5076,09:47:44.360,ROI,160,160,224,224,11.91,12.68,0.0,0.0,78.87,730.80,203.93,104.86,100.51,0.9851,17.0200,-59.5200,3.3400,-59.4800,0.8393,0,-59.5200,-66.4450,-58.9534,0.4203,-64.2282,0.7041,PHASE_3_FINAL_ALIGNING,16.17,-80.40,727.7,209.2,6.12,-1608,1608,,
5077,09:47:44.408,ROI,160,160,224,224,10.78,11.50,11.025,0.0,86.97,731.12,204.97,108.56,98.36,0.9461,16.0800,-43.8000,0.0000,0.0000,0.8933,0,-43.8000,-60.6957,-58.7807,0.4035,-60.1452,0.7125,PHASE_3_FINAL_ALIGNING,16.17,-76.32,727.7,209.2,5.44,-1526,1526,,
5078,09:47:44.537,ROI,160,160,224,224,11.33,12.10,0.0,32.3,82.67,731.49,206.55,116.35,95.77,0.9050,15.1800,-38.2800,0.0000,0.0000,0.8408,0,-38.2800,-54.4120,-59.0954,0.4078,-55.7686,0.7103,PHASE_3_FINAL_ALIGNING,16.17,-71.94,727.7,209.2,4.63,-1439,1439,,
5079,09:47:44.583,ROI,160,160,256,256,11.65,12.41,0.0,31.55,80.61,730.49,206.72,120.50,95.01,0.9582,14.3100,-33.2200,0.0000,0.0000,0.8091,0,-33.2200,-47.7757,-60.1123,0.4127,-51.3798,0.7079,PHASE_3_FINAL_ALIGNING,16.17,-67.55,727.7,209.2,3.73,-1351,1351,,
5080,09:47:44.648,ROI,160,160,256,256,9.80,10.60,0.0,0.0,94.33,731.12,206.40,123.98,91.90,0.9410,15.4500,-29.5700,0.0000,0.0000,0.8389,0,-29.5700,-41.1323,-60.8796,0.4026,-46.8009,0.7129,PHASE_3_FINAL_ALIGNING,16.17,-62.97,727.7,209.2,4.42,-1259,1259,,
5081,09:47:44.696,ROI,160,160,256,256,11.89,12.63,0.0,0.0,79.18,731.29,205.89,125.65,89.47,0.9610,15.2500,-24.0000,0.0000,0.0000,0.8497,0,-24.0000,-34.2589,-61.4352,0.3840,-41.7993,0.7225,PHASE_3_FINAL_ALIGNING,16.17,-57.97,727.7,209.2,4.88,-1159,1159,,
5082,09:47:44.761,ROI,160,160,256,256,8.14,9.30,0.0,0.0,107.54,730.82,205.30,123.81,86.08,0.9480,16.7300,-20.1500,0.0000,0.0000,0.8821,0,-20.1500,-27.5095,-61.7731,0.3497,-36.3871,0.7409,PHASE_3_FINAL_ALIGNING,16.17,-52.56,727.7,209.2,4.99,-1051,1051,,
5083,09:47:44.824,ROI,160,160,256,256,9.84,10.71,0.0,36.525,93.40,730.38,205.54,124.14,84.83,0.9786,17.5900,-18.1400,0.0000,0.0000,0.8961,0,-18.1400,-21.5554,-63.3406,0.3085,-31.4064,0.7642,PHASE_3_FINAL_ALIGNING,16.17,-47.58,727.7,209.2,4.54,-951,951,,
5084,09:47:44.872,ROI,160,160,256,256,10.83,11.67,0.0,33.5,85.69,730.53,205.03,124.98,84.37,0.9814,18.0900,-16.1700,0.0000,0.0000,0.9031,0,-16.1700,-15.9867,-64.9781,0.2660,-26.2802,0.7899,PHASE_3_FINAL_ALIGNING,16.17,-42.45,727.7,209.2,5.04,-849,849,,
5085,09:47:44.999,ROI,160,160,256,256,14.17,14.92,0.0,0.0,67.01,730.29,204.89,123.44,83.39,0.9763,18.4600,-11.1800,0.0000,0.0000,0.8679,0,-11.1800,-10.6046,-68.0717,0.2152,-20.7801,0.8229,PHASE_3_FINAL_ALIGNING,16.17,-36.95,727.7,209.2,5.03,-739,739,,
5086,09:47:45.048,ROI,160,160,256,256,10.10,10.87,11.65,0.0,92.01,729.70,203.78,120.43,82.03,0.9499,18.8700,-6.8000,0.0000,0.0000,0.8534,0,-6.8000,-5.4071,-72.2774,0.1509,-14.1736,0.8689,PHASE_3_FINAL_ALIGNING,16.17,-30.34,727.7,209.2,5.78,-607,607,,
5087,09:47:45.113,ROI,160,160,256,256,11.14,11.88,0.0,0.0,84.18,729.29,203.42,121.58,82.58,0.9819,17.6300,-4.3300,0.0000,0.0000,0.8858,0,-4.3300,-0.7277,-43.7624,0.0994,-4.6186,0.9096,PHASE_3_FINAL_ALIGNING,16.17,-20.79,727.7,209.2,6.00,-416,416,,
5088,09:47:45.177,ROI,160,160,256,256,8.63,9.67,0.0,0.0,103.45,730.06,204.41,120.93,82.77,0.9641,14.7300,1.0600,0.0000,0.0000,0.7947,0,1.0600,4.0253,-22.5172,0.0820,2.0127,0.9242,PHASE_3_FINAL_ALIGNING,16.17,-14.16,727.7,209.2,5.34,-283,283,,
5089,09:47:45.225,ROI,160,160,256,256,8.11,8.92,0.0,0.0,112.12,729.82,204.83,120.74,84.51,0.9757,13.8500,2.0600,0.0000,0.0000,0.7799,0,2.0600,7.6312,-8.1316,0.0891,6.3417,0.9182,PHASE_3_FINAL_ALIGNING,16.17,-9.83,727.7,209.2,4.86,-197,197,,
5090,09:47:45.288,ROI,160,160,256,256,9.70,10.78,0.0,0.0,92.78,730.41,204.43,120.21,82.37,0.9653,11.4800,13.9700,0.0000,0.0000,0.8370,0,13.9700,12.6157,1.0182,0.0842,11.7147,0.9223,PHASE_3_FINAL_ALIGNING,16.17,-4.46,727.7,209.2,5.48,-89,89,,
5091,09:47:45.352,ROI,160,160,256,256,12.82,13.63,7.35,0.0,73.34,730.42,204.27,121.47,83.71,0.9737,12.1800,14.1100,0.0000,0.0000,0.8517,0,14.1100,16.4237,3.2299,0.0965,15.2622,0.9120,PHASE_3_FINAL_ALIGNING,16.17,-0.91,727.7,209.2,5.63,-18,18,,
5092,09:47:45.401,ROI,160,160,256,256,17.04,18.10,11.075,0.0,55.24,729.87,204.37,121.97,83.57,0.9888,11.9100,18.0900,0.0000,0.0000,0.8206,0,18.0900,19.6927,1.3523,0.1127,17.8351,0.8987,PHASE_3_FINAL_ALIGNING,16.17,1.67,727.7,209.2,5.30,33,-33,,
5093,09:47:45.528,ROI,160,160,256,256,10.28,11.17,0.0,0.0,89.49,730.55,203.94,123.82,83.38,0.9750,11.2300,18.5100,0.0000,0.0000,0.8199,0,18.5100,22.1925,-4.4616,0.1275,19.1778,0.8869,PHASE_3_FINAL_ALIGNING,16.17,3.01,727.7,209.2,5.99,60,-60,,
5094,09:47:45.577,ROI,160,160,256,256,12.96,13.64,0.0,0.0,73.31,730.56,203.27,125.17,84.78,0.9728,12.6300,20.0000,0.0000,0.0000,0.8379,0,20.0000,23.8369,24.0671,0.1669,23.8698,0.8569,PHASE_3_FINAL_ALIGNING,16.17,7.70,727.7,209.2,6.58,154,-154,,
5095,09:47:45.640,ROI,160,160,256,256,10.72,11.55,7.875,0.0,86.61,730.82,203.00,125.50,85.38,0.9890,12.8300,20.2000,0.0000,0.0000,0.8359,0,20.2000,25.8739,47.6453,0.1913,29.3697,0.8394,PHASE_3_FINAL_ALIGNING,16.17,13.20,727.7,209.2,6.94,264,-264,,
5096,09:47:45.688,ROI,160,160,256,256,11.08,11.90,0.0,0.0,84.07,731.12,202.90,126.16,85.52,0.9926,12.9800,20.0600,0.0000,0.0000,0.8434,0,20.0600,27.3727,66.1993,0.1850,33.4331,0.8439,PHASE_3_FINAL_ALIGNING,16.17,17.26,727.7,209.2,7.16,345,-345,,
5097,09:47:45.752,ROI,160,160,256,256,10.32,11.13,7.425,0.0,89.89,731.34,202.91,122.93,83.52,0.9516,12.3900,18.9500,0.0000,0.0000,0.8340,0,18.9500,28.1830,80.5372,0.1720,35.8677,0.8532,PHASE_3_FINAL_ALIGNING,16.17,19.70,727.7,209.2,7.26,394,-394,,
5098,09:47:45.816,ROI,160,160,256,256,10.36,11.15,0.0,35.05,89.70,731.30,202.99,123.18,83.42,0.9960,12.3500,18.9900,0.0000,0.0000,0.8347,0,18.9900,28.4919,90.1823,0.1599,36.9975,0.8621,PHASE_3_FINAL_ALIGNING,16.17,20.83,727.7,209.2,7.18,417,-417,,
5099,09:47:45.865,ROI,160,160,256,256,10.08,10.82,10.35,0.0,92.44,731.24,202.94,123.49,83.38,0.9964,12.2300,18.9600,0.0000,0.0000,0.8330,0,18.9600,28.5615,95.0793,0.1578,37.6264,0.8637,PHASE_3_FINAL_ALIGNING,16.17,21.46,727.7,209.2,7.19,429,-429,,
5100,09:47:45.994,ROI,160,160,256,256,7.98,8.90,0.0,0.0,112.35,731.11,202.99,123.30,83.34,0.9968,12.8200,19.0700,0.0000,0.0000,0.8375,0,19.0700,28.3278,96.3549,0.1596,37.6891,0.8624,PHASE_3_FINAL_ALIGNING,16.17,21.52,727.7,209.2,7.08,430,-430,,
5101,09:47:46.040,ROI,160,160,256,256,8.43,9.05,0.0,0.0,110.54,730.86,203.07,122.74,83.04,0.9918,12.4700,18.5300,0.0000,0.0000,0.8443,0,18.5300,27.5188,93.8863,0.1468,36.0119,0.8720,PHASE_3_FINAL_ALIGNING,16.17,19.84,727.7,209.2,6.89,397,-397,,
5102,09:47:46.105,ROI,160,160,256,256,10.73,11.54,0.0,0.0,86.67,730.56,202.84,124.64,84.98,0.9623,12.5700,20.2700,0.0000,0.0000,0.8445,0,20.2700,26.6415,88.6380,0.1400,34.2558,0.8772,PHASE_3_FINAL_ALIGNING,16.17,18.09,727.7,209.2,6.97,362,-362,,
5103,09:47:46.168,ROI,160,160,256,256,13.29,13.99,7.625,27.925,71.47,730.69,203.22,123.15,84.54,0.9794,12.3200,18.2700,0.0000,0.0000,0.8291,0,18.2700,25.2699,79.5438,0.1258,31.3331,0.8883,PHASE_3_FINAL_ALIGNING,16.17,15.16,727.7,209.2,6.69,303,-303,,
5104,09:47:46.217,ROI,160,160,256,256,13.49,14.14,0.0,0.0,70.73,730.45,203.48,125.47,84.85,0.9754,12.5500,18.7300,0.0000,0.0000,0.8515,0,18.7300,23.9626,68.5318,0.1110,28.4169,0.9001,PHASE_3_FINAL_ALIGNING,16.17,12.25,727.7,209.2,6.35,245,-245,,
5105,09:47:46.280,ROI,160,160,256,256,11.43,12.09,0.0,0.0,82.69,729.76,203.69,123.94,84.88,0.9830,12.9600,18.1000,0.0000,0.0000,0.8549,0,18.1000,22.3528,76.7397,0.0912,26.8980,0.9164,PHASE_3_FINAL_ALIGNING,16.17,10.73,727.7,209.2,5.88,215,-215,,
5106,09:47:46.394,ROI,160,160,256,256,8.71,9.75,3.825,0.0,102.53,729.64,203.82,121.58,82.27,0.9509,11.9100,16.6900,0.0000,0.0000,0.8325,0,16.6900,20.6598,85.8763,0.0645,24.6117,0.9394,PHASE_3_FINAL_ALIGNING,16.17,8.44,727.7,209.2,5.72,169,-169,,
5107,09:47:46.457,ROI,160,160,256,256,8.16,9.16,7.3,0.0,109.18,730.38,203.91,121.20,82.35,0.9857,11.7700,15.4200,0.0000,0.0000,0.8262,0,15.4200,18.5438,61.0112,0.0359,20.0174,0.9653,PHASE_3_FINAL_ALIGNING,16.17,3.85,727.7,209.2,5.93,77,-77,,
5108,09:47:46.506,ROI,160,160,256,256,10.46,11.28,9.825,0.0,88.65,730.62,204.18,122.14,84.72,0.9645,12.2500,14.0600,0.0000,0.0000,0.8449,0,14.0600,17.2384,48.4425,0.0220,17.9088,0.9785,PHASE_3_FINAL_ALIGNING,16.17,1.74,727.7,209.2,5.81,35,-35,,
5109,09:47:46.568,ROI,160,160,256,256,10.62,11.36,0.0,0.0,88.04,730.72,204.30,120.99,83.81,0.9799,11.8000,13.3500,0.0000,0.0000,0.8429,0,13.3500,15.8016,43.1305,0.0409,16.8766,0.9607,PHASE_3_FINAL_ALIGNING,16.17,0.71,727.7,209.2,5.75,14,-14,,
5110,09:47:46.633,ROI,160,160,256,256,15.44,16.25,7.4,0.0,61.54,730.99,204.56,120.98,83.92,0.9895,11.7700,13.0400,0.0000,0.0000,0.8378,0,13.0400,14.7569,36.8868,0.0784,16.3654,0.9273,PHASE_3_FINAL_ALIGNING,16.17,0.20,727.7,209.2,5.69,4,-4,,
5111,09:47:46.681,ROI,160,160,256,256,12.83,13.74,0.0,0.0,72.76,730.77,204.94,120.48,83.97,0.9869,11.4700,10.4600,0.0000,0.0000,0.8058,0,10.4600,13.3194,28.2891,0.1125,14.8331,0.8989,PHASE_3_FINAL_ALIGNING,16.17,-1.34,727.7,209.2,5.25,-27,27,,
5112,09:47:46.810,ROI,160,160,256,256,8.85,9.87,0.0,0.0,101.37,730.30,204.75,120.02,84.16,0.9878,11.9800,6.7900,0.0000,0.0000,0.7896,0,6.7900,11.4375,35.7676,0.1324,14.2815,0.8831,PHASE_3_FINAL_ALIGNING,16.17,-1.89,727.7,209.2,5.15,-38,38,,
5113,09:47:46.857,ROI,160,160,256,256,9.33,10.05,10.6,0.0,99.49,730.40,204.69,120.02,84.24,0.9969,12.5600,6.7700,0.0000,0.0000,0.7982,0,6.7700,9.8056,42.9760,0.1409,13.9013,0.8765,PHASE_3_FINAL_ALIGNING,16.17,-2.27,727.7,209.2,5.26,-45,45,,
5114,09:47:46.922,ROI,160,160,256,256,8.55,9.27,0.0,0.0,107.84,730.26,204.88,119.97,84.62,0.9931,11.8200,4.1300,0.0000,0.0000,0.7681,0,4.1300,7.8533,49.9361,0.1461,13.2162,0.8726,PHASE_3_FINAL_ALIGNING,16.17,-2.95,727.7,209.2,5.02,-59,59,,
5115,09:47:46.983,ROI,160,160,256,256,9.31,10.02,0.0,0.0,99.84,730.19,204.93,120.32,84.91,0.9937,12.4000,3.5000,0.0000,0.0000,0.7589,0,3.5000,5.9282,57.1977,0.1469,12.4952,0.8719,PHASE_4_FWD_BWD,16.17,-3.67,727.7,209.2,4.95,0,0,,
5116,09:47:47.031,ROI,160,160,256,256,9.13,9.83,10.3,0.0,101.68,730.08,204.86,120.00,84.56,0.9932,12.4700,3.3900,0.0000,0.0000,0.7613,0,3.3900,4.2561,64.0117,0.1445,11.8012,0.8737,PHASE_4_FWD_BWD,16.17,-4.37,727.7,209.2,4.95,0,0,,
5117,09:47:47.096,ROI,160,160,256,256,9.35,10.08,0.0,0.0,99.18,730.00,204.98,119.97,84.67,0.9960,12.4900,3.3400,0.0000,0.0000,0.7548,0,3.3400,2.8441,69.9752,0.1396,11.0665,0.8775,PHASE_4_FWD_BWD,16.17,-5.10,727.7,209.2,4.81,0,0,,
5118,09:47:47.145,ROI,160,160,256,256,9.01,9.81,0.0,0.0,101.89,729.90,204.98,119.92,84.56,0.9971,12.8400,2.9000,0.0000,0.0000,0.7634,0,2.9000,1.6283,75.1743,0.1319,10.1998,0.8835,PHASE_4_FWD_BWD,16.17,-5.97,727.7,209.2,4.76,0,0,,
5119,09:47:47.273,ROI,160,160,256,256,11.53,12.39,0.0,31.55,80.73,730.10,205.22,119.38,82.40,0.9700,11.3300,6.9800,0.0000,0.0000,0.7808,0,6.9800,1.4713,79.8206,0.1258,10.2267,0.8883,PHASE_4_FWD_BWD,16.17,-5.94,727.7,209.2,4.65,0,0,,
5120,09:47:47.321,ROI,160,160,256,256,8.53,9.21,11.1,0.0,108.52,729.06,205.35,120.08,83.70,0.9675,11.6000,3.0300,0.0000,0.0000,0.7439,0,3.0300,0.9018,81.7948,0.1186,9.4790,0.8940,PHASE_4_FWD_BWD,16.17,-6.69,727.7,209.2,4.08,0,0,,
5121,09:47:47.385,ROI,160,160,256,256,10.18,10.89,14.15,0.0,91.80,728.97,204.97,121.02,82.50,0.9781,10.0500,6.5900,0.0000,0.0000,0.7674,0,6.5900,1.1411,80.9643,0.1090,8.9855,0.9017,PHASE_4_FWD_BWD,16.17,-7.18,727.7,209.2,4.42,0,0,,
5122,09:47:47.448,ROI,160,160,256,256,8.04,8.75,14.85,0.0,114.25,730.18,204.26,121.14,82.96,0.9637,15.2400,2.6000,0.0000,0.0000,0.8004,0,2.6000,0.8198,79.4349,0.0822,6.7886,0.9241,PHASE_4_FWD_BWD,16.17,-9.38,727.7,209.2,5.53,0,0,,
5123,09:47:47.496,ROI,160,160,256,256,7.87,8.56,10.075,0.0,116.88,731.22,204.46,119.90,82.59,0.9780,11.7300,5.2000,0.0000,0.0000,0.8068,0,5.2000,1.2437,79.6393,0.0580,5.5388,0.9452,PHASE_4_FWD_BWD,16.17,-10.63,727.7,209.2,5.90,0,0,,
5124,09:47:47.561,ROI,160,160,256,256,8.04,8.75,13.775,0.0,114.22,732.60,204.43,120.59,82.34,0.9743,11.8100,7.5700,0.0000,0.0000,0.8022,0,7.5700,2.2223,88.0846,0.0265,4.4360,0.9742,PHASE_4_FWD_BWD,16.17,-11.73,727.7,209.2,6.84,0,0,,
5125,09:47:47.624,ROI,160,160,256,256,9.36,10.08,7.3,0.0,99.24,733.57,204.77,120.50,82.74,0.9762,11.9100,6.2700,0.0000,0.0000,0.7815,0,6.2700,2.9537,60.3101,0.0545,5.9171,0.9483,PHASE_4_FWD_BWD,16.17,-10.25,727.7,209.2,7.35,0,0,,
5126,09:47:47.672,ROI,160,160,256,256,8.07,8.78,0.0,0.0,113.91,735.72,205.39,120.91,83.95,0.9508,13.3100,5.8800,0.0000,0.0000,0.7905,0,5.8800,3.6147,40.3094,0.1458,8.2827,0.8728,PHASE_4_FWD_BWD,16.17,-7.89,727.7,209.2,8.88,0,0,,
5127,09:47:47.802,ROI,160,160,256,256,8.07,8.97,6.45,0.0,111.47,737.98,205.18,123.41,84.54,0.9570,11.5300,5.2700,0.0000,0.0000,0.7755,0,5.2700,4.2154,26.6541,0.2684,8.9638,0.7884,PHASE_4_FWD_BWD,16.17,-7.21,727.7,209.2,11.04,0,0,,
5128,09:47:47.848,ROI,160,160,256,256,11.19,12.06,20.825,0.0,82.92,740.14,203.69,120.80,83.47,0.9321,12.1800,4.9500,0.0000,0.0000,0.8250,0,4.9500,4.8580,16.1046,0.4200,8.1844,0.7042,PHASE_4_FWD_BWD,16.17,-7.99,727.7,209.2,13.60,0,0,,
5129,09:47:47.914,ROI,160,160,256,256,13.23,14.26,14.45,0.0,70.13,741.65,202.65,118.98,81.60,0.9510,14.3700,4.7800,0.0000,0.0000,0.8319,0,4.7800,5.3211,8.0027,0.5767,6.3019,0.6343,PHASE_4_FWD_BWD,16.17,-9.87,727.7,209.2,15.41,0,0,,
5130,09:47:47.975,ROI,160,160,256,256,9.97,11.16,8.375,35.0,89.60,746.73,201.28,121.10,80.91,0.8896,12.1800,10.3600,0.0000,0.0000,0.8514,0,10.3600,6.6181,1.4236,0.7943,4.3186,0.5573,PHASE_4_FWD_BWD,16.17,-11.85,727.7,209.2,20.61,0,0,,
5131,09:47:48.023,ROI,160,160,256,256,7.85,8.56,10.5,0.0,116.78,746.61,202.34,120.34,81.02,0.9680,12.0500,10.8100,0.0000,0.0000,0.8657,0,10.8100,7.9423,-3.9810,0.9753,2.0551,0.5062,PHASE_4_FWD_BWD,16.17,-14.11,727.7,209.2,20.11,0,0,,
5132,09:47:48.088,ROI,160,160,256,256,7.71,8.42,6.975,0.0,118.82,752.59,201.10,117.92,80.18,0.8781,10.1100,11.0600,0.0000,0.0000,0.7852,0,11.0600,8.9536,-8.0853,1.2264,-0.4321,0.4492,PHASE_4_FWD_BWD,16.17,-16.60,727.7,209.2,26.18,0,0,,
5133,09:47:48.153,ROI,160,160,256,256,10.02,10.74,13.75,0.0,93.08,753.44,200.98,116.46,79.97,0.9827,10.7000,9.3100,0.0000,0.0000,0.8537,0,9.3100,9.4150,-10.7653,1.4443,-2.5093,0.4091,PHASE_4_FWD_BWD,16.17,-18.68,727.7,209.2,27.02,0,0,,
5134,09:47:48.201,ROI,160,160,256,256,9.10,9.80,21.05,0.0,102.00,757.86,200.80,123.36,82.69,0.8985,9.4600,6.4500,0.0000,0.0000,0.5555,0,6.4500,9.1770,-12.1025,1.6888,-4.1883,0.3719,PHASE_4_FWD_BWD,16.17,-20.36,727.7,209.2,31.31,0,0,,
5135,09:47:48.329,ROI,160,160,256,256,7.97,8.68,3.3,0.0,115.19,765.67,200.11,122.78,81.54,0.8669,12.3500,8.3300,0.0000,0.0000,0.7266,0,8.3300,9.2644,-12.1425,2.0106,-5.0319,0.3322,PHASE_4_FWD_BWD,16.17,-21.20,727.7,209.2,39.04,0,0,,
5136,09:47:48.377,ROI,160,160,256,256,7.84,8.55,20.075,0.0,116.98,767.99,200.82,126.16,84.13,0.9339,8.2300,8.5900,0.0000,0.0000,0.6979,0,8.5900,9.2687,-11.0013,2.2947,-4.8490,0.3035,PHASE_4_FWD_BWD,16.17,-21.02,727.7,209.2,41.16,0,0,,
5137,09:47:48.439,ROI,160,160,256,256,7.78,8.49,14.5,0.0,117.77,771.56,200.78,128.62,83.38,0.9374,9.2600,11.7800,0.0000,0.0000,0.7327,0,11.7800,10.2794,-8.5877,2.5655,-3.2961,0.2805,PHASE_4_FWD_BWD,16.17,-19.47,727.7,209.2,44.66,0,0,,
5138,09:47:48.505,ROI,160,160,288,288,7.95,8.70,13.6,0.0,114.98,773.18,201.22,122.60,82.37,0.9416,9.6900,6.8900,0.0000,0.0000,0.8216,0,6.8900,9.7661,-6.1087,2.7572,-1.8835,0.2662,PHASE_4_FWD_BWD,16.17,-18.05,727.7,209.2,46.17,0,0,,
5139,09:47:48.553,ROI,160,160,256,256,8.46,9.36,19.925,0.0,106.82,775.18,199.74,126.56,82.03,0.9346,11.2300,13.1300,0.0000,0.0000,0.8707,0,13.1300,10.8579,-3.5881,2.8947,0.1211,0.2568,PHASE_4_FWD_BWD,16.17,-16.05,727.7,209.2,48.41,0,0,,
5140,09:47:48.617,ROI,160,160,256,256,7.82,8.51,14.25,0.0,117.47,780.44,199.59,127.17,81.01,0.9093,10.1200,11.6100,0.0000,0.0000,0.7476,0,11.6100,11.0805,-0.6811,3.0533,2.2206,0.2467,PHASE_4_FWD_BWD,16.17,-13.95,727.7,209.2,53.61,0,0,,
5141,09:47:48.665,ROI,160,160,256,256,7.92,8.64,19.9,0.0,115.73,782.21,199.85,131.60,85.34,0.9172,10.4600,10.8200,0.0000,0.0000,0.7372,0,10.8200,11.2722,2.8388,3.1580,4.8670,0.2405,PHASE_4_FWD_BWD,16.17,-11.30,727.7,209.2,55.30,0,0,,
5142,09:47:48.792,ROI,160,160,288,288,7.78,8.56,3.3,0.0,116.76,789.65,199.85,128.09,84.64,0.8845,10.6900,13.1100,0.0000,0.0000,0.8036,0,13.1100,12.0973,10.3507,3.3141,10.7555,0.2318,PHASE_4_FWD_BWD,16.17,-5.41,727.7,209.2,62.65,0,0,,
5143,09:47:48.839,ROI,160,160,288,288,8.50,9.23,20.325,0.0,108.36,793.61,199.32,128.93,83.00,0.9226,9.5700,11.5900,0.0000,0.0000,0.7642,0,11.5900,12.3697,8.4204,3.4406,9.3098,0.2252,PHASE_4_FWD_BWD,16.17,-6.86,727.7,209.2,66.64,0,0,,
5144,09:47:48.903,ROI,160,160,288,288,7.78,8.50,14.275,0.0,117.61,795.09,198.24,130.25,82.10,0.9525,9.3800,11.2800,0.0000,0.0000,0.7879,0,11.2800,12.4420,6.9570,3.5114,8.1728,0.2217,PHASE_4_FWD_BWD,16.17,-8.00,727.7,209.2,68.27,0,0,,
5145,09:47:48.969,ROI,160,160,288,288,7.73,8.45,13.6,0.0,118.31,799.25,197.23,131.15,84.31,0.9143,8.1500,12.2800,0.0000,0.0000,0.7534,0,12.2800,12.5564,5.5907,3.5777,7.1124,0.2185,PHASE_4_FWD_BWD,16.17,-9.06,727.7,209.2,72.54,0,0,,
5146,09:47:49.017,ROI,160,160,288,288,8.42,9.43,9.925,0.0,106.05,803.59,196.71,123.32,83.30,0.9227,6.9300,9.8900,0.0000,0.0000,0.6373,0,9.8900,12.0232,4.5982,3.6377,6.1992,0.2156,PHASE_4_FWD_BWD,16.17,-9.97,727.7,209.2,76.91,0,0,,
5147,09:47:49.081,ROI,160,160,256,256,9.64,10.66,14.2,0.0,93.77,808.49,196.90,134.10,82.66,0.9130,5.5000,10.5700,0.0000,0.0000,0.6511,0,10.5700,11.5235,3.9094,3.6825,5.5355,0.2136,PHASE_4_FWD_BWD,16.17,-10.63,727.7,209.2,81.72,0,0,,
5148,09:47:49.193,ROI,160,160,288,288,8.00,8.72,3.875,0.0,114.65,816.55,197.73,134.05,86.18,0.8523,10.2200,2.9700,0.0000,0.0000,0.7977,0,2.9700,9.9867,3.5408,3.8303,4.8753,0.2070,PHASE_4_FWD_BWD,16.17,-11.29,727.7,209.2,89.59,0,0,,
5149,09:47:49.257,ROI,160,160,288,288,7.82,8.55,14.0,0.0,117.01,819.67,197.56,129.26,84.74,0.9378,8.5200,8.4000,0.0000,0.0000,0.6948,0,8.4000,9.7410,3.2332,3.8847,4.5655,0.2047,PHASE_4_FWD_BWD,16.17,-11.60,727.7,209.2,92.71,0,0,,
5150,09:47:49.321,ROI,160,160,288,288,7.81,8.52,14.1,0.0,117.40,822.06,197.41,128.41,82.66,0.9402,9.1700,5.6800,0.0000,0.0000,0.6561,0,5.6800,9.0086,3.0457,3.9488,4.2506,0.2021,PHASE_4_FWD_BWD,16.17,-11.92,727.7,209.2,95.09,0,0,,
5151,09:47:49.370,ROI,160,160,288,288,21.27,22.37,19.5,17.45,44.70,826.99,197.02,126.70,85.73,0.8938,10.2400,5.1400,0.0000,0.0000,0.6677,0,5.1400,8.0656,2.9780,3.9728,4.0011,0.2011,PHASE_4_FWD_BWD,16.17,-12.17,727.7,209.2,100.03,0,0,,
5152,09:47:49.432,ROI,160,160,256,256,13.58,14.79,19.65,26.425,67.61,830.19,196.54,127.17,83.25,0.9239,5.6300,8.8200,0.0000,0.0000,0.6088,0,8.8200,7.6312,3.0097,3.9882,3.9362,0.2005,PHASE_4_FWD_BWD,16.17,-12.23,727.7,209.2,103.27,0,0,,
5153,09:47:49.496,ROI,160,160,256,256,15.77,16.75,0.0,23.325,59.70,835.65,196.05,128.43,85.74,0.8923,9.2700,6.1900,0.0000,0.0000,0.6272,0,6.1900,6.8258,3.1237,4.1039,3.8491,0.1959,PHASE_4_FWD_BWD,16.17,-12.32,727.7,209.2,108.75,0,0,,
5154,09:47:49.544,ROI,160,160,288,288,7.67,8.39,12.5,0.0,119.18,837.00,196.72,126.38,85.57,0.9639,8.8800,10.0700,0.0000,0.0000,0.7736,0,10.0700,6.8811,3.1935,4.1421,3.9106,0.1945,PHASE_4_FWD_BWD,16.17,-12.26,727.7,209.2,110.01,0,0,,
5155,09:47:49.658,ROI,160,160,256,256,8.79,9.77,3.7,0.0,102.36,844.80,196.88,127.68,85.94,0.8807,10.6600,6.1600,0.0000,0.0000,0.5970,0,6.1600,6.4644,3.1614,4.2440,3.7913,0.1907,PHASE_4_FWD_BWD,16.17,-12.38,727.7,209.2,117.75,0,0,,
5156,09:47:49.721,ROI,160,160,256,256,7.94,8.67,14.7,0.0,115.39,849.76,195.79,128.64,84.50,0.9030,11.9300,6.4800,0.0000,0.0000,0.6620,0,6.4800,5.6686,3.0295,4.3140,3.5261,0.1882,PHASE_4_FWD_BWD,16.17,-12.64,727.7,209.2,122.79,0,0,,
5157,09:47:49.784,ROI,160,160,288,288,9.34,10.09,14.475,0.0,99.12,850.58,194.62,125.24,80.19,0.9240,10.3600,8.8400,0.0000,0.0000,0.8249,0,8.8400,6.0563,2.9903,4.2818,3.5708,0.1893,PHASE_4_FWD_BWD,16.17,-12.60,727.7,209.2,123.75,0,0,,
5158,09:47:49.833,ROI,160,160,256,256,11.41,12.52,19.8,0.0,79.87,854.69,197.22,131.97,86.35,0.8716,8.6200,11.5900,0.0000,0.0000,0.7855,0,11.5900,6.9133,2.8973,4.2663,3.6599,0.1899,PHASE_4_FWD_BWD,16.17,-12.51,727.7,209.2,127.55,0,0,,
5159,09:47:49.896,ROI,160,160,288,288,11.33,12.25,15.45,0.0,81.63,857.49,194.97,126.63,85.81,0.9096,10.4400,10.9800,0.0000,0.0000,0.7957,0,10.9800,7.5580,2.8236,4.1831,3.7370,0.1929,PHASE_4_FWD_BWD,16.17,-12.43,727.7,209.2,130.57,0,0,,
5160,09:47:49.962,ROI,160,160,256,256,9.45,10.45,14.625,0.0,95.71,860.74,194.72,126.08,84.38,0.9344,10.9000,9.6400,0.0000,0.0000,0.7509,0,9.6400,8.1800,2.7174,4.1472,3.7787,0.1943,PHASE_4_FWD_BWD,16.17,-12.39,727.7,209.2,133.83,0,0,,
5161,09:47:50.009,ROI,160,160,256,256,8.35,9.23,21.125,0.0,108.33,862.69,194.82,128.38,85.63,0.9559,10.3400,10.5600,0.0000,0.0000,0.7804,0,10.5600,8.8823,2.5678,4.0763,3.8117,0.1970,PHASE_4_FWD_BWD,16.17,-12.36,727.7,209.2,135.75,0,0,,
5162,09:47:50.137,ROI,160,160,288,288,9.00,9.72,6.575,0.0,102.84,870.50,195.30,124.33,84.35,0.8709,11.2000,10.3200,0.0000,0.0000,0.7765,0,10.3200,9.5192,2.3789,4.0289,3.7987,0.1989,PHASE_4_FWD_BWD,16.17,-12.37,727.7,209.2,143.47,0,0,,
5163,09:47:50.183,ROI,160,160,256,256,8.16,9.13,21.6,0.0,109.52,873.47,194.38,129.36,88.51,0.9094,10.2200,9.9900,0.0000,0.0000,0.7663,0,9.9900,10.2164,2.2509,3.9609,3.8566,0.2016,PHASE_4_FWD_BWD,16.17,-12.31,727.7,209.2,146.52,0,0,,
5164,09:47:50.249,ROI,160,160,288,288,7.93,8.63,13.8,0.0,115.89,877.28,194.27,125.69,86.67,0.9226,9.4300,8.6300,0.0000,0.0000,0.7424,0,8.6300,10.4099,2.2335,3.8921,3.9049,0.2044,PHASE_4_FWD_BWD,16.17,-12.27,727.7,209.2,150.33,0,0,,
5165,09:47:50.296,ROI,160,160,256,256,12.44,13.52,10.15,0.0,73.95,879.32,194.38,128.29,87.02,0.9645,9.3500,11.3000,0.0000,0.0000,0.7979,0,11.3000,11.2476,2.3004,3.8025,4.1634,0.2082,PHASE_4_FWD_BWD,16.17,-12.01,727.7,209.2,152.34,0,0,,
5166,09:47:50.361,ROI,160,160,288,288,10.97,11.84,15.15,0.0,84.47,884.31,193.46,125.44,85.19,0.9052,9.6700,11.7100,0.0000,0.0000,0.8015,0,11.7100,11.3119,2.4043,3.8121,4.2554,0.2078,PHASE_4_FWD_BWD,16.17,-11.91,727.7,209.2,157.40,0,0,,
5167,09:47:50.426,ROI,160,160,256,256,9.08,9.86,14.85,0.0,101.39,885.30,195.18,130.88,90.99,0.8974,10.1500,13.0000,0.0000,0.0000,0.8328,0,13.0000,12.0903,2.4128,3.7585,4.4465,0.2102,PHASE_4_FWD_BWD,16.17,-11.72,727.7,209.2,158.22,0,0,,
5168,09:47:50.472,ROI,160,160,288,288,7.92,8.63,21.675,0.0,115.84,889.00,193.81,127.44,87.73,0.9110,9.4100,14.1800,0.0000,0.0000,0.8554,0,14.1800,12.7273,2.4249,3.6823,4.6252,0.2136,PHASE_4_FWD_BWD,16.17,-11.54,727.7,209.2,162.03,0,0,,
5169,09:47:50.601,ROI,160,160,256,256,9.57,10.45,6.45,0.0,95.69,890.59,192.98,130.93,88.69,0.9554,9.1500,12.8500,0.0000,0.0000,0.8398,0,12.8500,12.8829,2.4978,3.5934,4.7587,0.2177,PHASE_4_FWD_BWD,16.17,-11.41,727.7,209.2,163.70,0,0,,
5170,09:47:50.647,ROI,160,160,288,288,7.89,8.59,21.95,0.0,116.46,893.22,193.37,125.51,86.89,0.9392,10.7900,14.3100,0.0000,0.0000,0.8639,0,14.3100,13.6109,2.6222,3.4819,5.0740,0.2231,PHASE_4_FWD_BWD,16.17,-11.10,727.7,209.2,166.28,0,0,,
5171,09:47:50.713,ROI,160,160,256,256,7.99,8.67,13.725,0.0,115.35,891.30,195.98,132.83,95.04,0.8638,9.7200,15.6200,0.0000,0.0000,0.8684,0,15.6200,14.2186,2.6690,3.3116,5.3478,0.2319,PHASE_4_FWD_BWD,16.17,-10.82,727.7,209.2,164.14,0,0,,
5172,09:47:50.777,ROI,160,160,288,288,7.70,8.45,13.975,46.225,118.32,893.05,193.58,130.43,88.25,0.9045,9.3200,13.9500,0.0000,0.0000,0.8432,0,13.9500,14.7501,2.7107,3.0851,5.6579,0.2448,PHASE_4_FWD_BWD,16.17,-10.51,727.7,209.2,166.09,0,0,,
5173,09:47:50.825,ROI,160,160,288,288,8.39,9.29,9.9,0.0,107.70,894.30,193.79,128.00,86.71,0.9637,9.8600,14.1900,0.0000,0.0000,0.8341,0,14.1900,14.8282,2.6569,2.9170,5.7642,0.2553,PHASE_4_FWD_BWD,16.17,-10.41,727.7,209.2,167.31,0,0,,
5174,09:47:50.888,ROI,160,160,256,256,7.61,8.28,7.275,0.0,120.79,893.49,195.16,135.68,96.05,0.8516,9.6500,14.5400,0.0000,0.0000,0.8716,0,14.5400,14.8727,2.4695,2.7298,5.7950,0.2681,PHASE_4_FWD_BWD,16.17,-10.38,727.7,209.2,166.38,0,0,,
5175,09:47:50.937,ROI,160,160,288,288,8.18,9.02,9.7,0.0,110.90,893.59,193.38,130.00,88.70,0.8848,9.3000,14.7200,0.0000,0.0000,0.8141,0,14.7200,15.0748,2.4578,2.4721,6.0916,0.2880,PHASE_4_FWD_BWD,16.17,-10.08,727.7,209.2,166.65,0,0,,
5176,09:47:51.065,ROI,160,160,288,288,7.63,8.35,6.55,0.0,119.82,895.11,192.48,128.86,86.49,0.9527,9.2100,13.0900,0.0000,0.0000,0.8239,0,13.0900,15.1457,2.3612,2.2314,6.3176,0.3095,PHASE_4_FWD_BWD,16.17,-9.85,727.7,209.2,168.24,0,0,,
5177,09:47:51.115,ROI,160,160,288,288,14.05,15.11,9.45,25.875,66.19,896.01,194.18,128.66,89.66,0.9490,10.3600,14.6500,0.0000,0.0000,0.8202,0,14.6500,15.4418,2.2414,1.9782,6.6737,0.3358,PHASE_4_FWD_BWD,16.17,-9.50,727.7,209.2,168.98,0,0,,
5178,09:47:51.178,ROI,160,160,288,288,8.70,9.64,8.1,40.55,103.73,895.28,194.00,128.20,88.09,0.9715,9.5200,13.9400,0.0000,0.0000,0.8206,0,13.9400,15.3792,2.1287,1.6967,7.0423,0.3708,PHASE_4_FWD_BWD,16.17,-9.13,727.7,209.2,168.27,0,0,,
5179,09:47:51.244,ROI,160,160,288,288,9.54,10.64,6.95,0.0,93.96,896.33,192.97,127.78,87.21,0.9611,7.9300,14.4400,0.0000,0.0000,0.7725,0,14.4400,15.4458,2.1499,1.4012,7.6871,0.4165,PHASE_4_FWD_BWD,16.17,-8.48,727.7,209.2,169.41,0,0,,
5180,09:47:51.291,ROI,160,160,256,256,11.92,13.32,10.8,29.35,75.10,895.30,195.79,133.87,95.95,0.8675,10.0700,15.6400,0.0000,0.0000,0.8667,0,15.6400,15.6633,1.6993,1.1691,8.1370,0.4610,PHASE_4_FWD_BWD,16.17,-8.03,727.7,209.2,168.13,0,0,,
5181,09:47:51.353,ROI,160,160,288,288,7.77,8.49,8.0,0.0,117.77,893.09,192.97,129.04,88.18,0.8859,9.9600,14.4600,0.0000,0.0000,0.7961,0,14.4600,15.5093,1.5089,0.9073,8.8495,0.5243,PHASE_4_FWD_BWD,16.17,-7.32,727.7,209.2,166.19,0,0,,
5182,09:47:51.417,ROI,160,160,288,288,11.15,12.43,14.125,0.0,80.43,894.42,194.45,127.55,87.80,0.9473,11.0100,14.7800,0.0000,0.0000,0.8585,0,14.7800,15.1912,1.2377,0.7025,9.4335,0.5874,PHASE_4_FWD_BWD,16.17,-6.74,727.7,209.2,167.37,0,0,,
5183,09:47:51.465,ROI,160,160,256,256,10.35,11.45,10.95,0.0,87.36,890.72,195.02,132.98,96.45,0.8606,9.5900,15.1500,0.0000,0.0000,0.8600,0,15.1500,15.1377,0.4407,0.4378,10.6622,0.6955,PHASE_4_FWD_BWD,16.17,-5.51,727.7,209.2,163.64,0,0,,
5184,09:47:51.578,ROI,160,160,288,288,9.81,10.73,7.675,0.0,93.17,890.29,193.15,128.75,89.06,0.8941,9.1900,13.9500,0.0000,0.0000,0.7906,0,13.9500,14.8165,0.6992,0.2396,12.0875,0.8067,PHASE_4_FWD_BWD,16.17,-4.08,727.7,209.2,163.38,0,0,,
5185,09:47:51.639,ROI,160,160,288,288,7.96,8.71,7.7,0.0,114.76,887.59,193.49,126.99,87.89,0.9462,10.4000,14.6100,0.0000,0.0000,0.8475,0,14.6100,14.7344,-14.6145,0.0029,14.6484,0.9971,PHASE_4_FWD_BWD,16.17,-1.52,727.7,209.2,160.66,0,0,,
5186,09:47:51.703,ROI,160,160,256,256,7.68,8.40,14.1,0.0,119.02,887.42,193.50,132.10,89.36,0.9456,9.1700,12.8200,0.0000,0.0000,0.8135,0,12.8200,14.3889,-14.0371,0.1730,10.1959,0.8525,PHASE_4_FWD_BWD,16.17,-5.97,727.7,209.2,160.49,0,0,,
5187,09:47:51.751,ROI,160,160,288,288,8.11,8.79,19.825,0.0,113.78,882.97,193.90,126.54,86.94,0.9085,10.8200,13.9800,0.0000,0.0000,0.8509,0,13.9800,14.1568,-13.6375,0.3909,6.3454,0.7190,PHASE_4_FWD_BWD,16.17,-9.82,727.7,209.2,156.02,0,0,,
5188,09:47:51.815,ROI,160,160,256,256,8.41,9.13,14.125,0.0,109.54,881.89,194.25,131.57,90.18,0.9273,9.6300,12.7400,0.0000,0.0000,0.8415,0,12.7400,13.8134,-13.0141,0.5598,4.1847,0.6411,PHASE_4_FWD_BWD,16.17,-11.99,727.7,209.2,154.91,0,0,,
5189,09:47:51.882,ROI,160,160,288,288,8.86,9.85,13.675,0.0,101.48,878.62,193.71,124.94,84.91,0.8941,8.5300,12.5900,0.0000,0.0000,0.8354,0,12.5900,13.6123,-11.6513,0.7993,2.3892,0.5558,PHASE_4_FWD_BWD,16.17,-13.78,727.7,209.2,151.72,0,0,,
5190,09:47:51.993,ROI,160,160,256,256,7.67,8.38,0.0,0.0,119.39,873.84,193.70,124.30,89.26,0.8825,8.7900,11.8400,0.0000,0.0000,0.8607,0,11.8400,13.1254,-10.3561,1.0632,1.0251,0.4847,PHASE_4_FWD_BWD,16.17,-15.14,727.7,209.2,146.96,0,0,,
5191,09:47:52.040,ROI,160,160,256,256,11.95,13.41,20.55,0.0,74.59,868.33,194.28,125.31,88.27,0.9041,8.6500,12.6700,0.0000,0.0000,0.8596,0,12.6700,12.8720,-8.9879,1.3596,0.2762,0.4238,PHASE_4_FWD_BWD,16.17,-15.89,727.7,209.2,141.42,0,0,,
5192,09:47:52.104,ROI,160,160,256,256,7.56,8.28,15.45,0.0,120.72,863.81,194.90,125.07,85.49,0.9019,8.4700,10.0400,0.0000,0.0000,0.8278,0,10.0400,12.1458,-7.3511,1.6982,-0.1251,0.3706,PHASE_4_FWD_BWD,16.17,-16.30,727.7,209.2,136.86,0,0,,
5193,09:47:52.167,ROI,160,160,256,256,7.60,8.32,14.1,0.0,120.16,859.06,195.31,126.34,85.98,0.9186,8.6500,10.5800,0.0000,0.0000,0.8355,0,10.5800,11.6292,-5.6054,2.0563,0.0336,0.3272,PHASE_4_FWD_BWD,16.17,-16.14,727.7,209.2,132.10,0,0,,
5194,09:47:52.216,ROI,160,160,256,256,9.31,10.18,9.75,0.0,98.19,859.62,195.43,126.90,84.48,0.9740,8.7500,10.1100,0.0000,0.0000,0.7991,0,10.1100,10.9078,-3.9303,2.3033,0.5616,0.3027,PHASE_4_FWD_BWD,16.17,-15.61,727.7,209.2,132.64,0,0,,
5195,09:47:52.282,ROI,160,160,256,256,14.78,15.95,13.975,24.5,62.70,856.86,195.82,124.88,85.12,0.9486,8.0200,9.5500,0.0000,0.0000,0.8232,0,9.5500,10.2975,-2.1413,2.5089,1.4036,0.2850,PHASE_4_FWD_BWD,16.17,-14.77,727.7,209.2,129.85,0,0,,
5196,09:47:52.394,ROI,160,160,256,256,9.68,10.47,4.05,0.0,95.55,850.96,195.16,125.33,84.21,0.8966,8.8500,10.9600,0.0000,0.0000,0.8317,0,10.9600,9.9863,-0.3305,2.7508,2.4201,0.2666,PHASE_4_FWD_BWD,16.17,-13.75,727.7,209.2,124.06,0,0,,
5197,09:47:52.456,ROI,160,160,256,256,9.87,10.74,15.125,0.0,93.11,846.53,195.80,123.55,83.92,0.9176,7.9400,7.8500,0.0000,0.0000,0.7812,0,7.8500,9.1464,1.5319,2.9580,3.4557,0.2526,PHASE_4_FWD_BWD,16.17,-12.71,727.7,209.2,119.58,0,0,,
5198,09:47:52.520,ROI,160,160,256,256,9.01,9.87,14.825,0.0,101.29,843.76,195.74,125.84,86.24,0.9312,9.9300,6.4200,0.0000,0.0000,0.7300,0,6.4200,8.2628,3.3268,3.1332,4.5211,0.2419,PHASE_4_FWD_BWD,16.17,-11.65,727.7,209.2,116.84,0,0,,
5199,09:47:52.570,ROI,160,160,256,256,12.79,13.82,19.35,28.275,72.37,839.80,196.33,126.37,87.28,0.9267,5.9300,9.5800,0.0000,0.0000,0.7603,0,9.5800,8.0566,5.1768,3.3129,5.8445,0.2319,PHASE_4_FWD_BWD,16.17,-10.33,727.7,209.2,112.84,0,0,,
5200,09:47:52.633,ROI,160,160,256,256,10.90,11.98,8.0,0.0,83.47,838.01,197.06,123.81,86.02,0.9556,7.4800,6.2200,0.0000,0.0000,0.7029,0,6.2200,7.2839,7.0532,3.3898,7.1057,0.2278,PHASE_4_FWD_BWD,16.17,-9.06,727.7,209.2,110.97,0,0,,
5201,09:47:52.681,ROI,160,160,256,256,19.19,20.28,21.55,19.275,49.32,831.62,197.24,127.20,86.50,0.8982,7.1900,9.0000,0.0000,0.0000,0.7597,0,9.0000,7.2714,8.7005,3.5357,8.3855,0.2205,PHASE_4_FWD_BWD,16.17,-7.78,727.7,209.2,104.60,0,0,,
5202,09:47:52.810,ROI,160,160,256,256,11.96,12.98,3.575,0.0,77.04,823.59,196.82,132.98,88.30,0.8664,8.7200,3.9300,0.0000,0.0000,0.6268,0,3.9300,6.1958,10.7246,3.7059,9.7622,0.2125,PHASE_4_FWD_BWD,16.17,-6.41,727.7,209.2,96.69,0,0,,
5203,09:47:52.858,ROI,160,160,288,288,11.70,12.59,22.75,0.0,79.44,820.86,196.38,132.03,86.92,0.9448,7.8700,4.3300,0.0000,0.0000,0.5272,0,4.3300,5.4512,4.2401,3.8390,4.4904,0.2067,PHASE_4_FWD_BWD,16.17,-11.68,727.7,209.2,94.04,0,0,,
5204,09:47:52.920,ROI,160,160,288,288,9.20,10.04,0.0,0.0,99.58,816.98,197.31,136.31,86.11,0.9242,8.4000,3.0400,0.0000,0.0000,0.6306,0,3.0400,4.4240,4.3057,3.9066,4.3298,0.2038,PHASE_4_FWD_BWD,16.17,-11.84,727.7,209.2,90.06,0,0,,
5205,09:47:52.984,ROI,160,160,288,288,9.75,11.34,7.225,0.0,88.20,814.58,197.36,131.40,84.83,0.9496,5.9800,9.9400,0.0000,0.0000,0.6743,0,9.9400,5.1095,4.1159,3.9582,4.3163,0.2017,PHASE_4_FWD_BWD,16.17,-11.85,727.7,209.2,87.68,0,0,,
5206,09:47:53.033,ROI,160,160,288,288,8.67,9.66,20.75,0.0,103.57,812.07,197.76,133.90,85.50,0.9541,4.9600,10.5700,0.0000,0.0000,0.5984,0,10.5700,5.8571,3.8847,3.9341,4.2845,0.2027,PHASE_4_FWD_BWD,16.17,-11.89,727.7,209.2,85.15,0,0,,
5207,09:47:53.096,ROI,160,160,288,288,11.14,12.18,14.55,0.0,82.09,806.40,197.72,127.82,82.28,0.8830,5.7800,6.7700,0.0000,0.0000,0.4693,0,6.7700,5.8484,3.8836,3.9285,4.2823,0.2029,PHASE_4_FWD_BWD,16.17,-11.89,727.7,209.2,79.53,0,0,,
5208,09:47:53.162,ROI,160,160,256,256,9.08,9.86,14.6,0.0,101.44,800.03,197.69,134.50,82.48,0.9052,4.7800,10.5900,0.0000,0.0000,0.6885,0,10.5900,6.6402,3.7072,3.9789,4.2963,0.2008,PHASE_4_FWD_BWD,16.17,-11.87,727.7,209.2,73.24,0,0,,
5209,09:47:53.208,ROI,160,160,288,288,14.29,15.45,21.25,25.3,64.74,798.43,198.31,126.32,83.48,0.9259,8.5700,11.5400,0.0000,0.0000,0.7819,0,11.5400,7.7407,3.4874,4.0138,4.3357,0.1995,PHASE_4_FWD_BWD,16.17,-11.83,727.7,209.2,71.57,0,0,,
5210,09:47:53.336,ROI,160,160,256,256,10.51,11.38,3.475,0.0,87.87,789.90,198.90,133.31,84.91,0.8625,7.2000,12.5000,0.0000,0.0000,0.7179,0,12.5000,8.7653,3.3844,4.1432,4.4306,0.1944,PHASE_4_FWD_BWD,16.17,-11.74,727.7,209.2,63.05,0,0,,
5211,09:47:53.384,ROI,160,160,288,288,13.65,14.62,21.425,26.725,68.40,789.14,200.74,128.00,83.81,0.9197,9.7600,12.4600,0.0000,0.0000,0.8272,0,12.4600,9.7985,3.3787,4.2282,4.6066,0.1913,PHASE_4_FWD_BWD,16.17,-11.56,727.7,209.2,62.02,0,0,,
5212,09:47:53.448,ROI,160,160,256,256,14.88,16.10,7.825,24.275,62.12,783.21,199.42,129.98,82.67,0.8850,7.8600,14.2500,0.0000,0.0000,0.6586,0,14.2500,11.1129,3.3314,4.2605,4.8106,0.1901,PHASE_4_FWD_BWD,16.17,-11.36,727.7,209.2,56.36,0,0,,
5213,09:47:53.496,ROI,160,160,288,288,10.72,11.61,0.0,0.0,86.11,782.50,200.08,126.95,82.84,0.9615,9.9700,12.7300,0.0000,0.0000,0.8566,0,12.7300,11.9813,3.3747,4.2027,5.0290,0.1922,PHASE_4_FWD_BWD,16.17,-11.14,727.7,209.2,55.55,0,0,,
5214,09:47:53.560,ROI,160,160,256,256,9.10,9.90,15.0,0.0,101.00,778.14,199.12,123.97,81.58,0.9120,10.0200,12.1000,0.0000,0.0000,0.8179,0,12.1000,12.8216,3.3445,4.1810,5.1737,0.1930,PHASE_4_FWD_BWD,16.17,-11.00,727.7,209.2,51.44,0,0,,
5215,09:47:53.624,ROI,160,160,256,256,13.55,14.69,14.425,26.6,68.08,774.48,201.46,127.22,84.83,0.8926,9.4600,12.3100,0.0000,0.0000,0.7600,0,12.3100,13.3394,3.3505,4.1630,5.2852,0.1937,PHASE_4_FWD_BWD,16.17,-10.88,727.7,209.2,47.42,0,0,,
5216,09:47:53.672,ROI,160,160,256,256,11.70,12.64,11.525,0.0,79.11,770.82,201.34,122.83,82.67,0.9193,9.0800,11.1300,0.0000,0.0000,0.7601,0,11.1300,13.3785,3.4493,4.1140,5.3909,0.1955,PHASE_4_FWD_BWD,16.17,-10.78,727.7,209.2,43.83,0,0,,
5217,09:47:53.803,ROI,160,160,256,256,18.54,19.64,3.325,19.9,50.93,766.90,201.22,119.49,81.76,0.9272,10.9400,8.0400,0.0000,0.0000,0.7294,0,8.0400,13.0537,3.5514,4.0608,5.4290,0.1976,PHASE_4_FWD_BWD,16.17,-10.74,727.7,209.2,40.00,0,0,,
5218,09:47:53.849,ROI,160,160,256,256,10.49,11.32,14.8,0.0,88.32,760.30,201.16,123.26,82.16,0.8928,9.8700,8.1500,0.0000,0.0000,0.6920,0,8.1500,12.4050,3.7364,4.0082,5.4673,0.1997,PHASE_4_FWD_BWD,16.17,-10.70,727.7,209.2,33.58,0,0,,
5219,09:47:53.915,ROI,160,160,256,256,14.18,15.16,14.15,154.675,65.98,758.70,201.11,121.09,80.35,0.9528,9.6000,9.9000,0.0000,0.0000,0.7957,0,9.9000,12.3896,4.0024,3.9482,5.6974,0.2021,PHASE_4_FWD_BWD,16.17,-10.47,727.7,209.2,32.04,0,0,,
5220,09:47:53.978,ROI,160,160,256,256,15.23,16.32,0.0,23.925,61.26,754.85,201.61,117.78,81.41,0.9258,11.5000,11.4200,0.0000,0.0000,0.8220,0,11.4200,12.1061,4.2265,3.9620,5.8145,0.2015,PHASE_4_FWD_BWD,16.17,-10.36,727.7,209.2,28.19,0,0,,
5221,09:47:54.025,ROI,160,160,256,256,15.32,16.42,12.65,23.8,60.91,752.64,201.43,117.68,80.82,0.9563,11.6800,11.9800,0.0000,0.0000,0.8461,0,11.9800,11.8504,4.3433,3.9247,5.8676,0.2031,PHASE_4_FWD_BWD,16.17,-10.30,727.7,209.2,26.12,0,0,,
5222,09:47:54.089,ROI,160,160,256,256,23.25,24.35,8.15,16.05,41.07,749.02,201.02,118.72,79.87,0.9300,13.5100,4.2600,0.0000,0.0000,0.7846,0,4.2600,9.7369,4.3789,3.8863,5.4755,0.2047,PHASE_4_FWD_BWD,16.17,-10.69,727.7,209.2,22.84,0,0,,
5223,09:47:54.152,ROI,160,160,256,256,25.11,26.40,20.125,0.0,37.88,747.46,201.42,117.84,80.88,0.9620,13.8000,3.2600,0.0000,0.0000,0.7652,0,3.2600,8.1640,4.3530,3.7823,5.1499,0.2091,PHASE_4_FWD_BWD,16.17,-11.02,727.7,209.2,21.24,0,0,,
5224,09:47:54.201,ROI,160,160,256,256,25.55,26.54,34.4,0.0,37.69,743.24,202.41,121.82,83.46,0.9036,12.6100,5.0400,0.0000,0.0000,0.6943,0,5.0400,7.1427,4.3403,3.6641,4.9411,0.2144,PHASE_4_FWD_BWD,16.17,-11.23,727.7,209.2,16.96,0,0,,
5225,09:47:54.328,ROI,160,160,256,256,12.41,13.24,0.0,0.0,75.54,739.85,203.92,121.47,84.38,0.9132,11.9200,8.1600,0.0000,0.0000,0.7573,0,8.1600,6.4347,4.3585,3.5756,4.8123,0.2186,PHASE_4_FWD_BWD,16.17,-11.36,727.7,209.2,13.25,0,0,,
5226,09:47:54.376,ROI,160,160,256,256,11.70,12.91,22.65,0.0,77.43,737.93,203.59,120.38,83.74,0.9613,13.3400,4.8900,0.0000,0.0000,0.8053,0,4.8900,5.4575,4.3146,3.5070,4.5682,0.2219,PHASE_4_FWD_BWD,16.17,-11.60,727.7,209.2,11.66,0,0,,
5227,09:47:54.440,ROI,160,160,256,256,15.36,16.74,7.625,23.35,59.74,735.54,204.39,119.68,83.58,0.9432,16.3800,1.6300,3.0100,1.7100,0.8404,0,1.6300,4.0187,4.2895,3.3845,4.2278,0.2281,PHASE_4_FWD_BWD,16.17,-11.94,727.7,209.2,9.20,0,0,,
5228,09:47:54.505,ROI,160,160,256,256,12.26,13.18,8.1,0.0,75.87,733.37,205.09,120.58,85.39,0.9443,12.1500,2.7300,0.0000,0.0000,0.7226,0,2.7300,3.0854,4.3141,3.3383,4.0309,0.2305,PHASE_4_FWD_BWD,16.17,-12.14,727.7,209.2,7.00,0,0,,
5229,09:47:54.552,ROI,160,160,256,256,13.00,14.21,23.45,27.5,70.38,733.40,205.34,121.30,84.24,0.9807,11.1500,5.7600,0.0000,0.0000,0.7519,0,5.7600,2.9394,4.5697,3.1928,4.1808,0.2385,PHASE_4_FWD_BWD,16.17,-11.99,727.7,209.2,6.89,0,0,,
5230,09:47:54.617,ROI,160,160,256,256,15.03,16.14,7.575,24.2,61.95,731.35,205.35,121.58,84.64,0.9623,11.3300,4.1900,0.0000,0.0000,0.7029,0,4.1900,2.7884,4.8733,3.0817,4.3625,0.2450,PHASE_4_FWD_BWD,16.17,-11.81,727.7,209.2,5.31,0,0,,
5231,09:47:54.682,ROI,160,160,256,256,17.20,18.93,8.025,20.625,52.81,731.24,205.45,120.69,84.22,0.9878,12.5200,3.4800,0.0000,0.0000,0.7520,0,3.4800,2.4996,5.3007,2.8804,4.5789,0.2577,PHASE_4_FWD_BWD,16.17,-11.59,727.7,209.2,5.16,0,0,,
5232,09:47:54.795,ROI,160,160,256,256,11.35,12.21,0.0,0.0,81.90,729.53,205.26,121.86,85.46,0.9583,13.3800,1.8400,0.0000,0.0000,0.7917,0,1.8400,1.9675,5.6549,2.6851,4.6543,0.2714,COMPLETED,16.17,-11.52,727.7,209.2,4.35,0,0,,
5233,09:47:54.858,ROI,160,160,256,256,15.13,16.30,0.0,23.975,61.34,729.77,204.73,122.30,82.51,0.9619,9.0200,9.2900,0.0000,0.0000,0.7782,0,9.2900,3.1636,6.1333,2.4602,5.2751,0.2890,POST_PH4_SPIN,16.17,-10.89,727.7,209.2,0.00,0,0,0.067,
5234,09:47:54.905,ROI,160,160,256,256,18.88,19.84,0.0,0.0,50.40,730.20,204.83,120.38,83.33,0.9748,10.9700,7.0000,0.0000,0.0000,0.7732,0,7.0000,3.8129,6.7211,2.2069,5.8142,0.3118,POST_PH4_SPIN,16.17,-10.36,727.7,209.2,0.00,0,0,0.117,
5235,09:47:54.968,ROI,160,160,256,256,11.25,12.04,0.0,0.0,83.07,729.73,205.09,120.70,85.36,0.9686,13.5900,1.4400,0.0000,0.0000,0.8185,0,1.4400,3.0532,7.4155,1.9547,5.9391,0.3384,POST_PH4_SPIN,16.17,-10.23,727.7,209.2,0.00,0,0,0.172,
5236,09:47:55.031,ROI,160,160,256,256,10.76,11.64,0.0,0.0,85.94,729.50,204.84,122.43,83.15,0.9607,10.3600,6.8300,0.0000,0.0000,0.7622,0,6.8300,3.5248,8.1044,1.7565,6.4430,0.3628,POST_PH4_SPIN,16.17,-9.73,727.7,209.2,0.00,0,0,0.235,
5237,09:47:55.080,ROI,160,160,256,256,10.06,11.29,20.85,0.0,88.59,730.33,204.88,120.22,83.78,0.9748,11.4000,4.6800,0.0000,0.0000,0.7596,0,4.6800,3.7739,8.7927,1.5108,6.7939,0.3983,POST_PH4_SPIN,16.17,-9.38,727.7,209.2,0.00,0,0,0.284,
5238,09:47:55.193,ROI,160,160,256,256,8.33,9.15,3.85,0.0,109.35,729.81,204.90,120.72,85.28,0.9740,14.3600,1.0600,0.0000,0.0000,0.8357,0,1.0600,3.5426,9.4612,1.2915,6.8783,0.4364,POST_PH4_SPIN,16.17,-9.29,727.7,209.2,0.00,0,0,0.394,
5239,09:47:55.256,ROI,160,160,256,256,9.24,9.99,14.45,0.0,100.08,730.14,204.75,120.16,83.97,0.9793,12.6600,2.9300,0.0000,0.0000,0.7651,0,2.9300,3.9380,9.9915,1.0560,7.0471,0.4864,POST_PH4_SPIN,16.17,-9.12,727.7,209.2,0.00,0,0,0.458,
5240,09:47:55.320,ROI,160,160,256,256,12.51,13.55,14.35,28.825,73.77,729.86,204.96,120.56,85.18,0.9812,14.4400,1.0300,0.0000,0.0000,0.8423,0,1.0300,3.2454,10.1500,0.8477,6.4132,0.5412,POST_PH4_SPIN,16.17,-9.76,727.7,209.2,0.00,0,0,0.526,
5241,09:47:55.369,ROI,160,160,256,256,10.40,11.44,0.0,0.0,87.38,730.06,204.69,119.98,84.00,0.9814,13.1900,2.9100,0.0000,0.0000,0.7812,0,2.9100,2.8833,9.7338,0.6271,5.5236,0.6146,POST_PH4_SPIN,16.17,-10.65,727.7,209.2,0.00,0,0,0.573,
5242,09:47:55.432,ROI,160,160,256,256,8.62,10.01,22.625,0.0,99.93,729.90,204.83,120.34,84.94,0.9860,14.5000,0.9800,0.0000,0.0000,0.8465,0,0.9800,2.3300,8.6603,0.4587,4.3207,0.6855,POST_PH4_SPIN,16.17,-11.85,727.7,209.2,0.00,0,0,0.635,
5243,09:47:55.496,ROI,160,160,256,256,10.16,11.21,7.275,0.0,89.18,730.15,204.74,120.16,84.19,0.9871,12.1500,3.7300,0.0000,0.0000,0.7520,0,3.7300,2.7575,7.1959,0.3273,3.8519,0.7534,POST_PH4_SPIN,16.17,-12.32,727.7,209.2,0.00,0,0,0.699,
5244,09:47:55.545,ROI,160,160,256,256,12.87,13.83,20.6,28.25,72.32,730.11,204.88,120.37,85.15,0.9870,14.0000,2.6600,0.0000,0.0000,0.7984,0,2.6600,2.6804,4.5355,0.2156,3.0094,0.8226,POST_PH4_SPIN,16.17,-13.16,727.7,209.2,0.00,0,0,0.751,
5245,09:47:55.674,ROI,160,160,256,256,12.22,13.49,0.0,28.95,74.13,730.32,204.77,120.45,85.12,0.9939,13.8600,3.0200,0.0000,0.0000,0.7946,0,3.0200,2.3538,0.1848,0.1333,2.0986,0.8823,POST_PH4_SPIN,16.17,-14.07,727.7,209.2,0.00,0,0,0.879,
5246,09:47:55.722,ROI,160,160,256,256,16.95,17.95,22.35,21.775,55.72,730.50,204.83,120.45,84.98,0.9954,13.2700,3.7400,0.0000,0.0000,0.7773,0,3.7400,2.2725,-5.8377,0.0795,1.6749,0.9263,POST_PH4_SPIN,16.17,-14.50,727.7,209.2,0.00,0,0,0.932,
5247,09:47:55.784,ROI,160,160,256,256,15.69,16.57,17.725,23.575,60.35,730.45,204.82,120.48,84.91,0.9985,13.3500,3.5400,0.0000,0.0000,0.7725,0,3.5400,2.4691,-20.5180,0.0291,1.8201,0.9718,POST_PH4_SPIN,16.17,-14.35,727.7,209.2,0.00,0,0,0.993,
5248,09:47:55.848,ROI,160,160,256,256,11.29,12.21,8.325,0.0,81.87,730.56,204.70,120.35,84.80,0.9955,12.5800,4.5000,0.0000,0.0000,0.7837,0,4.5000,2.7268,-9.7467,0.0302,2.3615,0.9707,POST_PH4_SPIN,16.17,-13.81,727.7,209.2,0.00,0,0,1.052,
5249,09:47:55.897,ROI,160,160,256,256,13.76,14.84,10.475,0.0,67.37,730.56,204.69,120.21,84.75,0.9982,12.4000,4.6900,0.0000,0.0000,0.7858,0,4.6900,2.9390,-6.1186,0.0520,2.4915,0.9506,POST_PH4_SPIN,16.17,-13.68,727.7,209.2,0.00,0,0,1.104,
5250,09:47:55.959,ROI,160,160,256,256,11.13,12.12,8.225,0.0,82.50,730.64,204.78,120.46,84.91,0.9956,12.5200,6.4200,0.0000,0.0000,0.7961,0,6.4200,3.3019,-4.2035,0.0494,2.9487,0.9529,POST_PH4_SPIN,16.17,-13.22,727.7,209.2,0.00,0,0,1.164,
5251,09:47:56.008,ROI,160,160,256,256,11.21,12.09,21.1,0.0,82.74,730.56,204.82,120.62,84.86,0.9979,12.3900,7.1500,0.0000,0.0000,0.8027,0,7.1500,4.5616,-1.8464,0.0497,4.2584,0.9527,POST_PH4_SPIN,16.17,-11.91,727.7,209.2,0.00,0,0,1.213,
5252,09:47:56.073,ROI,160,160,256,256,9.31,10.10,7.45,0.0,99.01,730.48,204.86,120.53,84.91,0.9975,12.7500,7.0700,0.0000,0.0000,0.7955,0,7.0700,5.5880,0.1009,0.0548,5.3028,0.9480,POST_PH4_SPIN,16.17,-10.87,727.7,209.2,0.00,0,0,1.275,
5253,09:47:56.185,ROI,160,160,256,256,16.81,17.85,11.475,21.875,56.02,730.48,204.99,120.67,85.09,0.9958,12.5900,7.3300,0.0000,0.0000,0.7892,0,7.3300,6.0487,0.3792,0.0497,5.7802,0.9527,POST_PH4_SPIN,16.17,-10.39,727.7,209.2,0.00,0,0,1.395,
5254,09:47:56.249,ROI,160,160,256,256,9.54,10.26,0.0,0.0,97.45,730.45,204.99,120.77,84.96,0.9977,12.4200,8.5200,0.0000,0.0000,0.7949,0,8.5200,7.2484,-0.1842,0.0387,6.9714,0.9627,POST_PH4_SPIN,16.17,-9.20,727.7,209.2,0.00,0,0,1.452,
5255,09:47:56.313,ROI,160,160,256,256,13.76,14.61,7.35,26.75,68.44,730.43,204.99,120.75,84.94,0.9995,12.3900,8.8900,0.0000,0.0000,0.8016,0,8.8900,8.2554,-1.5126,0.0421,7.8604,0.9596,POST_PH4_SPIN,16.17,-8.31,727.7,209.2,0.00,0,0,1.520,
5256,09:47:56.360,ROI,160,160,256,256,11.17,12.08,12.1,0.0,82.79,730.50,204.86,120.72,84.64,0.9954,11.8500,10.0200,0.0000,0.0000,0.8096,0,10.0200,9.0175,-3.3731,0.0363,8.5834,0.9650,POST_PH4_SPIN,16.17,-7.59,727.7,209.2,0.00,0,0,1.564,
5257,09:47:56.425,ROI,160,160,256,256,9.31,10.13,7.375,0.0,98.69,730.48,204.90,120.70,84.72,0.9988,11.5000,10.5500,0.0000,0.0000,0.8059,0,10.5500,9.9388,-4.8196,0.0347,9.4441,0.9665,POST_PH4_SPIN,16.17,-6.73,727.7,209.2,0.00,0,0,1.627,
5258,09:47:56.487,ROI,160,160,256,256,12.44,13.53,15.025,0.0,73.89,730.48,204.82,120.70,84.69,0.9981,11.6000,11.1100,0.0000,0.0000,0.8127,0,11.1100,10.6298,-7.5711,0.0278,10.1368,0.9729,POST_PH4_SPIN,16.17,-6.03,727.7,209.2,0.00,0,0,1.693,
5259,09:47:56.537,ROI,160,160,256,256,14.53,16.69,21.325,23.45,59.93,730.37,204.77,120.77,84.70,0.9970,11.7000,11.3700,0.0000,0.0000,0.8200,0,11.3700,11.4061,-9.4300,0.0198,11.0011,0.9806,POST_PH4_SPIN,16.17,-5.17,727.7,209.2,0.00,0,0,1.746,
5260,09:47:56.664,ROI,160,160,256,256,9.77,10.59,3.55,0.0,94.43,730.43,204.69,120.85,84.62,0.9971,11.8100,12.0600,0.0000,0.0000,0.8281,0,12.0600,11.9608,-11.7892,0.0099,11.7285,0.9902,POST_PH4_SPIN,16.17,-4.44,727.7,209.2,0.00,0,0,1.867,
5261,09:47:56.713,ROI,160,160,256,256,10.92,11.99,20.7,0.0,83.44,730.50,204.59,120.96,84.54,0.9967,11.8500,12.1100,0.0000,0.0000,0.8335,0,12.1100,12.6369,-3.9565,0.0051,12.5533,0.9950,POST_PH4_SPIN,16.17,-3.62,727.7,209.2,0.00,0,0,1.917,
5262,09:47:56.776,ROI,160,160,256,256,10.18,11.30,15.225,0.0,88.49,730.59,204.42,120.91,84.40,0.9943,11.7500,12.8100,0.0000,0.0000,0.8468,0,12.8100,13.1904,15.5651,0.0082,13.2098,0.9918,POST_PH4_SPIN,16.17,-2.96,727.7,209.2,0.00,0,0,1.979,
5263,09:47:56.824,ROI,160,160,256,256,12.53,13.44,10.5,29.075,74.39,730.53,204.35,121.02,84.19,0.9965,11.7400,12.8000,0.0000,0.0000,0.8471,0,12.8000,13.6037,34.1795,0.0167,13.9416,0.9836,POST_PH4_SPIN,16.17,-2.23,727.7,209.2,0.00,0,0,2.030,
5264,09:47:56.888,ROI,160,160,256,256,7.91,8.78,15.55,0.0,113.92,730.32,204.30,121.07,84.11,0.9954,11.8600,13.1700,0.0000,0.0000,0.8501,0,13.1700,14.0012,50.7095,0.0242,14.8679,0.9764,POST_PH4_SPIN,16.17,-1.30,727.7,209.2,0.00,0,0,2.089,
5265,09:47:56.952,ROI,160,160,256,256,8.76,9.45,7.0,0.0,105.85,730.48,204.14,121.06,83.94,0.9936,12.0000,13.3100,0.0000,0.0000,0.8549,0,13.3100,14.2396,59.5299,0.0332,15.6944,0.9679,POST_PH4_SPIN,16.17,-0.48,727.7,209.2,0.00,0,0,2.154,
5266,09:47:57.000,ROI,160,160,256,256,8.67,9.36,10.25,0.0,106.79,730.46,204.26,121.47,84.05,0.9939,12.2100,13.5700,0.0000,0.0000,0.8592,0,13.5700,14.4666,77.7183,0.0408,16.9447,0.9608,POST_PH4_SPIN,16.17,0.77,727.7,209.2,0.00,0,0,2.202,
5267,09:47:57.129,ROI,160,160,256,256,8.78,9.69,6.525,0.0,103.15,730.29,204.24,121.76,84.11,0.9964,12.3300,13.8500,0.0000,0.0000,0.8596,0,13.8500,14.6129,91.7351,0.0485,18.1818,0.9537,POST_PH4_SPIN,16.17,2.01,727.7,209.2,0.00,0,0,2.331,
5268,09:47:57.177,ROI,160,160,256,256,9.19,9.91,20.575,0.0,100.89,730.37,204.24,121.71,84.08,0.9983,12.3400,13.9100,0.0000,0.0000,0.8575,0,13.9100,14.8029,102.9634,0.0530,19.2389,0.9497,POST_PH4_SPIN,16.17,3.07,727.7,209.2,0.00,0,0,2.379,
5269,09:47:57.239,ROI,160,160,256,256,9.69,10.49,14.925,0.0,95.31,730.32,204.26,121.63,84.22,0.9975,12.7900,14.4000,0.0000,0.0000,0.8580,0,14.4000,15.0430,112.8760,0.0557,20.2041,0.9472,POST_PH4_SPIN,16.17,4.03,727.7,209.2,0.00,0,0,2.442,
5270,09:47:57.303,ROI,160,160,256,256,9.16,9.86,14.55,0.0,101.39,730.13,204.19,121.87,84.10,0.9953,12.9000,14.5900,0.0000,0.0000,0.8612,0,14.5900,15.1858,121.9697,0.0581,21.0530,0.9451,POST_PH4_SPIN,16.17,4.88,727.7,209.2,0.00,0,0,2.506,
5271,09:47:57.352,ROI,160,160,256,256,9.02,9.86,20.25,0.0,101.39,730.10,204.24,121.66,84.27,0.9962,12.9800,14.4500,0.0000,0.0000,0.8616,0,14.4500,15.1970,92.7252,0.0563,19.3295,0.9467,POST_PH4_SPIN,16.17,3.16,727.7,209.2,0.00,0,0,2.554,
5272,09:47:57.416,ROI,160,160,256,256,13.61,14.88,7.175,26.25,67.21,729.97,204.22,121.36,84.18,0.9964,12.8800,14.7200,0.0000,0.0000,0.8572,0,14.7200,15.2708,65.8732,0.0546,17.8912,0.9482,POST_PH4_SPIN,16.17,1.72,727.7,209.2,0.00,0,0,2.623,
5273,09:47:57.480,ROI,160,160,256,256,18.26,19.23,7.975,20.3,52.00,728.98,203.78,120.54,82.96,0.9697,11.8200,16.9900,0.0000,0.0000,0.8254,0,16.9900,15.7415,43.0375,0.0691,17.5061,0.9354,POST_PH4_SPIN,16.17,1.34,727.7,209.2,0.00,0,0,2.691,
5274,09:47:57.591,ROI,160,160,256,256,7.84,8.55,4.225,0.0,116.97,728.96,204.07,122.13,82.32,0.9795,11.8500,15.4300,0.0000,0.0000,0.8455,0,15.4300,15.8763,22.8192,0.0813,16.3986,0.9248,POST_PH4_SPIN,16.17,0.23,727.7,209.2,0.00,0,0,2.792,
5275,09:47:57.655,ROI,160,160,256,256,7.85,8.47,7.05,0.0,118.05,729.26,204.16,121.76,82.42,0.9929,11.7400,15.3800,0.0000,0.0000,0.8525,0,15.3800,15.9649,4.6741,0.0871,15.0605,0.9199,POST_PH4_SPIN,16.17,-1.11,727.7,209.2,0.00,0,0,2.856,
5276,09:47:57.705,ROI,160,160,256,256,7.92,8.53,18.95,0.0,117.30,728.76,203.92,120.50,82.62,0.9839,11.1500,17.5300,0.0000,0.0000,0.7987,0,17.5300,16.4711,-12.8255,0.1018,13.7644,0.9076,POST_PH4_SPIN,16.17,-2.41,727.7,209.2,0.00,0,0,2.906,
5277,09:47:57.767,ROI,160,160,256,256,8.39,9.10,14.575,0.0,109.91,728.99,204.09,122.90,82.66,0.9765,12.0100,15.3600,0.0000,0.0000,0.8473,0,15.3600,16.4493,-28.8349,0.1110,11.9235,0.9001,POST_PH4_SPIN,16.17,-4.25,727.7,209.2,0.00,0,0,2.969,
5278,09:47:57.817,ROI,160,160,256,256,7.80,8.41,19.2,0.0,118.88,729.36,204.21,122.08,82.51,0.9905,11.6600,15.6000,0.0000,0.0000,0.8492,0,15.6000,16.4833,-44.2760,0.1104,10.4404,0.9005,POST_PH4_SPIN,16.17,-5.73,727.7,209.2,0.00,0,0,3.018,
5279,09:47:57.879,ROI,160,160,256,256,8.05,8.68,14.475,45.025,115.25,729.00,203.95,121.09,82.62,0.9858,10.8300,17.7900,0.0000,0.0000,0.7886,0,17.7900,16.9091,-54.0323,0.1142,9.6388,0.8975,POST_PH4_SPIN,16.17,-6.53,727.7,209.2,0.00,0,0,3.080,
5280,09:47:57.991,ROI,160,160,256,256,8.60,9.33,0.0,0.0,107.17,728.87,203.77,121.50,82.99,0.9922,11.9500,17.8100,0.0000,0.0000,0.8246,0,17.8100,17.3170,-56.3479,0.1163,9.6431,0.8958,POST_PH4_SPIN,16.17,-6.53,727.7,209.2,0.00,0,0,3.193,
5281,09:47:58.055,ROI,160,160,256,256,7.80,8.42,14.275,0.0,118.76,728.91,203.70,123.12,83.04,0.9854,12.4400,16.1400,0.0000,0.0000,0.8599,0,16.1400,17.2943,-56.2639,0.1157,9.6652,0.8963,POST_PH4_SPIN,16.17,-6.50,727.7,209.2,0.00,0,0,3.256,
5282,09:47:58.120,ROI,160,160,256,256,7.87,8.49,13.85,0.0,117.78,728.96,203.59,122.93,82.86,0.9957,12.2500,16.3000,0.0000,0.0000,0.8575,0,16.3000,17.2869,-54.1801,0.1156,9.8838,0.8964,POST_PH4_SPIN,16.17,-6.29,727.7,209.2,0.00,0,0,3.321,
5283,09:47:58.169,ROI,160,160,256,256,7.81,8.55,19.3,0.0,116.94,728.90,203.54,122.99,82.85,0.9978,12.3200,16.4400,0.0000,0.0000,0.8605,0,16.4400,17.2688,-51.1520,0.1119,10.3854,0.8994,POST_PH4_SPIN,16.17,-5.78,727.7,209.2,0.00,0,0,3.370,
5284,09:47:58.233,ROI,160,160,256,256,7.99,8.60,14.025,0.0,116.27,728.94,203.54,122.94,82.88,0.9988,12.2200,16.5500,0.0000,0.0000,0.8570,0,16.5500,17.2471,-47.1708,0.1040,11.1784,0.9058,POST_PH4_SPIN,16.17,-4.99,727.7,209.2,0.00,0,0,3.434,
5285,09:47:58.297,ROI,160,160,256,256,7.92,8.53,7.1,0.0,117.27,729.06,203.43,122.86,82.75,0.9955,12.2100,16.5200,0.0000,0.0000,0.8587,0,16.5200,17.1982,-42.0334,0.0956,12.0276,0.9127,POST_PH4_SPIN,16.17,-4.14,727.7,209.2,0.00,0,0,3.498,
5286,09:47:58.345,ROI,160,160,256,256,8.00,8.72,9.9,0.0,114.72,729.16,203.69,122.42,83.52,0.9872,12.2100,18.5600,0.0000,0.0000,0.8275,0,18.5600,17.5266,-35.9828,0.0799,13.5681,0.9260,POST_PH4_SPIN,16.17,-2.60,727.7,209.2,0.00,0,0,3.546,
5287,09:47:58.457,ROI,160,160,256,256,7.79,8.42,11.35,0.0,118.78,729.21,203.61,122.45,83.26,0.9962,11.8800,18.8500,0.0000,0.0000,0.8248,0,18.8500,17.8873,-29.4892,0.0633,15.0665,0.9405,POST_PH4_SPIN,16.17,-1.10,727.7,209.2,0.00,0,0,3.658,
5288,09:47:58.521,ROI,160,160,256,256,7.91,8.52,14.0,0.0,117.33,729.35,203.50,122.82,83.23,0.9943,11.9000,18.8900,0.0000,0.0000,0.8259,0,18.8900,18.1991,-23.5060,0.0504,16.1967,0.9520,POST_PH4_SPIN,16.17,0.03,727.7,209.2,0.00,0,0,3.722,
5289,09:47:58.585,ROI,160,160,256,256,12.14,13.06,14.075,0.0,76.57,729.24,203.50,122.93,83.18,0.9976,11.7000,18.7100,0.0000,0.0000,0.8245,0,18.7100,18.3832,-1.9645,0.0421,17.5619,0.9596,POST_PH4_SPIN,16.17,1.39,727.7,209.2,0.00,0,0,3.791,
5290,09:47:58.634,ROI,160,160,256,256,14.74,15.53,21.9,0.0,64.38,729.43,203.38,123.31,83.15,0.9942,11.9100,18.9200,0.0000,0.0000,0.8279,0,18.9200,18.5654,11.2560,0.0442,18.2563,0.9577,POST_PH4_SPIN,16.17,2.09,727.7,209.2,0.00,0,0,3.842,
5291,09:47:58.695,ROI,160,160,256,256,9.11,9.80,0.0,0.0,102.09,729.35,203.37,123.09,83.12,0.9978,11.8800,19.0100,0.0000,0.0000,0.8252,0,19.0100,18.9447,23.9727,0.0509,19.1884,0.9515,POST_PH4_SPIN,16.17,3.02,727.7,209.2,0.00,0,0,3.897,
5292,09:47:58.759,ROI,160,160,256,256,7.84,8.53,14.4,0.0,117.27,729.38,203.35,123.39,83.25,0.9960,11.8700,18.7400,0.0000,0.0000,0.8302,0,18.7400,19.0599,35.4692,0.0517,19.8663,0.9509,POST_PH4_SPIN,16.17,3.70,727.7,209.2,0.00,0,0,3.960,
5293,09:47:58.807,ROI,160,160,256,256,7.88,8.51,19.775,0.0,117.51,729.37,203.21,123.62,83.23,0.9947,11.8100,18.5700,0.0000,0.0000,0.8329,0,18.5700,19.0767,44.6280,0.0545,20.3962,0.9484,POST_PH4_SPIN,16.17,4.23,727.7,209.2,0.00,0,0,4.008,
5294,09:47:58.937,ROI,160,160,256,256,7.99,8.70,6.45,0.0,114.95,729.61,203.16,124.22,83.25,0.9940,12.2800,18.2400,0.0000,0.0000,0.8460,0,18.2400,19.2088,53.0496,0.0573,21.0440,0.9458,POST_PH4_SPIN,16.17,4.87,727.7,209.2,0.00,0,0,4.138,
5295,09:47:58.985,ROI,160,160,256,256,7.91,8.64,9.925,0.0,115.74,729.50,203.08,124.32,83.25,0.9963,11.8600,18.3200,0.0000,0.0000,0.8451,0,18.3200,19.1038,60.2427,0.0578,21.3533,0.9453,POST_PH4_SPIN,16.17,5.18,727.7,209.2,0.00,0,0,4.186,
5296,09:47:59.049,ROI,160,160,256,256,7.97,8.59,14.1,0.0,116.37,729.56,203.02,124.69,83.30,0.9955,11.9400,18.2500,0.0000,0.0000,0.8493,0,18.2500,18.9592,64.7293,0.0608,21.5833,0.9427,POST_PH4_SPIN,16.17,5.41,727.7,209.2,0.00,0,0,4.250,
5297,09:47:59.114,ROI,160,160,256,256,8.53,9.39,13.95,0.0,106.49,729.70,203.08,124.54,83.46,0.9958,12.0700,18.4200,0.0000,0.0000,0.8480,0,18.4200,19.0462,67.4770,0.0623,21.8867,0.9413,POST_PH4_SPIN,16.17,5.72,727.7,209.2,0.00,0,0,4.315,
5298,09:47:59.161,ROI,160,160,256,256,8.44,9.29,20.575,42.075,107.69,729.62,203.11,124.46,83.55,0.9976,11.9500,18.9400,0.0000,0.0000,0.8351,0,18.9400,19.2308,69.1267,0.0607,22.0856,0.9428,POST_PH4_SPIN,16.17,5.92,727.7,209.2,0.00,0,0,4.363,
5299,09:47:59.226,ROI,160,160,256,256,8.36,9.08,7.05,0.0,110.17,729.77,203.11,124.42,83.44,0.9964,12.0300,18.9100,0.0000,0.0000,0.8386,0,18.9100,19.2039,69.3506,0.0604,22.0600,0.9430,POST_PH4_SPIN,16.17,5.89,727.7,209.2,0.00,0,0,4.427,
5300,09:47:59.273,ROI,160,160,256,256,8.17,9.04,20.275,0.0,110.65,729.67,203.05,124.06,83.60,0.9953,12.0100,19.3000,0.0000,0.0000,0.8356,0,19.3000,19.2260,68.6852,0.0594,22.0008,0.9439,POST_PH4_SPIN,16.17,5.83,727.7,209.2,0.00,0,0,4.475,
5301,09:47:59.402,ROI,160,160,256,256,8.28,9.04,3.275,0.0,110.59,729.74,203.03,123.82,83.82,0.9954,12.1400,19.7700,0.0000,0.0000,0.8278,0,19.7700,19.3073,67.0798,0.0574,21.8991,0.9457,POST_PH4_SPIN,16.17,5.73,727.7,209.2,0.00,0,0,4.603,
5302,09:47:59.447,ROI,160,160,256,256,9.03,9.78,21.225,0.0,102.27,729.66,203.02,123.60,83.68,0.9965,11.8700,19.7800,0.0000,0.0000,0.8199,0,19.7800,19.3443,64.7278,0.0533,21.6410,0.9494,POST_PH4_SPIN,16.17,5.47,727.7,209.2,0.00,0,0,4.650,
5303,09:47:59.513,ROI,160,160,256,256,8.46,9.26,13.95,0.0,107.94,729.80,203.10,123.58,83.86,0.9956,11.8400,19.8000,0.0000,0.0000,0.8204,0,19.8000,19.3255,60.8421,0.0515,21.3574,0.9511,POST_PH4_SPIN,16.17,5.19,727.7,209.2,0.00,0,0,4.715,
5304,09:47:59.577,ROI,160,160,256,256,8.00,9.46,7.15,0.0,105.73,729.78,203.02,123.44,83.66,0.9965,11.9100,20.0500,0.0000,0.0000,0.8168,0,20.0500,19.5270,54.5768,0.0467,21.0907,0.9554,POST_PH4_SPIN,16.17,4.92,727.7,209.2,0.00,0,0,4.779,
5305,09:47:59.625,ROI,160,160,256,256,8.43,9.24,0.0,0.0,108.27,729.88,203.02,123.44,83.70,0.9981,11.7900,19.8700,0.0000,0.0000,0.8188,0,19.8700,19.6977,45.1427,0.0432,20.7504,0.9586,POST_PH4_RE_RFB,16.17,4.58,727.7,209.2,0.00,0,0,,0.048
5306,09:47:59.689,ROI,160,160,256,256,8.70,9.40,0.0,0.0,106.34,729.83,202.98,123.50,83.55,0.9975,11.6200,20.0800,0.0000,0.0000,0.8101,0,20.0800,19.8979,31.6946,0.0412,20.3651,0.9604,POST_PH4_RE_RFB,16.17,4.20,727.7,209.2,0.00,0,0,,0.112
5307,09:47:59.754,ROI,160,160,256,256,13.72,14.82,7.05,26.35,67.48,730.36,202.94,125.18,84.08,0.9804,12.1800,19.1700,0.0000,0.0000,0.8313,0,19.1700,19.8710,32.2996,0.0445,20.4003,0.9574,POST_PH4_RE_RFB,16.17,4.23,727.7,209.2,0.00,0,0,,0.182
5308,09:47:59.801,ROI,160,160,256,256,13.59,14.45,12.05,0.0,69.21,730.66,202.78,124.88,85.94,0.9739,12.9300,19.6000,0.0000,0.0000,0.8496,0,19.6000,19.9474,29.5183,0.0561,20.4561,0.9468,POST_PH4_RE_RFB,16.17,4.29,727.7,209.2,0.00,0,0,,0.229
5309,09:47:59.929,ROI,160,160,256,256,9.32,10.02,3.425,0.0,99.85,730.67,202.80,124.62,85.38,0.9914,12.5300,20.0100,0.0000,0.0000,0.8253,0,20.0100,20.1057,26.6874,0.0642,20.5027,0.9397,POST_PH4_RE_RFB,16.17,4.33,727.7,209.2,0.00,0,0,,0.352
5310,09:47:59.977,ROI,160,160,256,256,10.14,10.85,20.45,0.0,92.13,730.32,202.78,125.41,85.01,0.9895,12.2200,20.2500,0.0000,0.0000,0.8017,0,20.2500,20.2657,24.1218,0.0644,20.4988,0.9395,POST_PH4_RE_RFB,16.17,4.33,727.7,209.2,0.00,0,0,,0.401
5311,09:48:00.039,ROI,160,160,256,256,10.19,10.91,15.3,0.0,91.69,732.10,202.78,124.48,83.87,0.9591,11.7300,17.9600,0.0000,0.0000,0.8189,0,17.9600,19.9115,20.4384,0.0930,19.9563,0.9149,POST_PH4_RE_RFB,16.17,3.79,727.7,209.2,0.00,0,0,,0.463
5312,09:48:00.090,ROI,160,160,256,256,8.90,9.76,19.575,0.0,102.43,732.94,202.32,122.75,83.38,0.9753,13.2600,18.3900,0.0000,0.0000,0.8640,0,18.3900,19.6194,17.4683,0.1373,19.3597,0.8793,POST_PH4_RE_RFB,16.17,3.19,727.7,209.2,0.00,0,0,,0.513
5313,09:48:00.153,ROI,160,160,256,256,10.61,11.36,7.275,0.0,88.00,733.18,201.98,123.38,82.91,0.9870,12.7300,17.8400,0.0000,0.0000,0.8681,0,17.8400,19.2210,15.4154,0.1781,18.6456,0.8488,POST_PH4_RE_RFB,16.17,2.48,727.7,209.2,0.00,0,0,,0.578
5314,09:48:00.217,ROI,160,160,256,256,8.56,9.37,22.4,0.0,106.75,735.35,201.93,124.32,84.32,0.9497,13.6800,16.4100,0.0000,0.0000,0.8712,0,16.4100,18.5305,12.8608,0.2498,17.3972,0.8001,POST_PH4_RE_RFB,16.17,1.23,727.7,209.2,0.00,0,0,,0.640
5315,09:48:00.329,ROI,160,160,256,256,8.40,9.23,3.8,0.0,108.29,737.34,202.28,124.66,85.33,0.9573,10.7400,15.9900,0.0000,0.0000,0.8133,0,15.9900,17.8053,9.7388,0.3448,15.7372,0.7436,POST_PH4_RE_RFB,16.17,-0.43,727.7,209.2,0.00,0,0,,0.752
5316,09:48:00.392,ROI,160,160,256,256,7.79,8.48,14.6,0.0,117.92,738.38,201.90,120.88,81.86,0.9303,10.8600,16.0800,0.0000,0.0000,0.8419,0,16.0800,17.1988,6.8458,0.4418,14.0265,0.6936,POST_PH4_RE_RFB,16.17,-2.14,727.7,209.2,0.00,0,0,,0.814
5317,09:48:00.440,ROI,160,160,256,256,9.28,10.21,19.55,0.0,97.98,740.51,200.39,122.21,82.11,0.9311,9.8000,18.0000,0.0000,0.0000,0.8286,0,18.0000,17.0322,4.5716,0.5648,12.5347,0.6391,POST_PH4_RE_RFB,16.17,-3.64,727.7,209.2,0.00,0,0,,0.864
5318,09:48:00.505,ROI,160,160,256,256,8.03,8.74,14.325,0.0,114.41,742.30,200.40,122.77,82.80,0.9632,10.5600,17.0900,0.0000,0.0000,0.8372,0,17.0900,16.7387,3.0010,0.6944,11.1087,0.5902,POST_PH4_RE_RFB,16.17,-5.06,727.7,209.2,0.00,0,0,,0.927
5319,09:48:00.553,ROI,160,160,256,256,7.87,8.70,19.975,0.0,114.98,744.46,199.81,124.26,82.78,0.9521,10.7300,19.5100,0.0000,0.0000,0.8253,0,19.5100,17.0314,2.2894,0.8379,10.3107,0.5441,POST_PH4_RE_RFB,16.17,-5.86,727.7,209.2,0.00,0,0,,0.975
5320,09:48:00.615,ROI,160,160,256,256,7.93,8.61,14.55,0.0,116.16,747.84,199.27,124.42,83.22,0.9353,11.8700,17.8000,0.0000,0.0000,0.8803,0,17.8000,16.9798,2.5523,1.0087,9.7349,0.4978,POST_PH4_RE_RFB,16.17,-6.44,727.7,209.2,0.00,0,0,,1.037
5321,09:48:00.681,ROI,160,160,256,256,7.70,8.38,13.55,0.0,119.40,751.70,198.42,124.24,83.17,0.9213,12.2600,18.3800,0.0000,0.0000,0.8925,0,18.3800,17.0839,3.5652,1.2130,9.6739,0.4519,POST_PH4_RE_RFB,16.17,-6.50,727.7,209.2,0.00,0,0,,1.103
5322,09:48:00.792,ROI,160,160,256,256,9.82,10.68,7.625,0.0,93.67,755.66,196.99,124.48,80.94,0.9072,13.4700,19.6400,0.0000,0.0000,0.8943,0,19.6400,17.4986,5.0369,1.4442,10.1353,0.4091,POST_PH4_RE_RFB,16.17,-6.03,727.7,209.2,0.00,0,0,,1.216
5323,09:48:00.857,ROI,160,160,256,256,7.78,8.48,14.45,46.05,117.89,758.89,195.01,125.38,81.44,0.9053,11.9600,18.0500,0.0000,0.0000,0.8942,0,18.0500,17.5750,6.8643,1.6855,10.8527,0.3724,POST_PH4_RE_RFB,16.17,-5.32,727.7,209.2,0.00,0,0,,1.279
5324,09:48:00.903,ROI,160,160,256,256,7.78,8.48,10.35,0.0,117.91,760.82,194.68,123.87,81.87,0.9619,12.9500,19.3400,0.0000,0.0000,0.8749,0,19.3400,17.9708,8.9505,1.8986,12.0624,0.3450,POST_PH4_RE_RFB,16.17,-4.11,727.7,209.2,0.00,0,0,,1.325
5325,09:48:00.970,ROI,160,160,256,256,10.25,11.17,13.45,0.0,89.51,764.85,192.99,123.62,81.20,0.9000,11.5400,17.1900,0.0000,0.0000,0.8823,0,17.1900,17.8383,10.6869,2.1319,12.9703,0.3193,POST_PH4_RE_RFB,16.17,-3.20,727.7,209.2,0.00,0,0,,1.394
5326,09:48:01.016,ROI,160,160,256,256,15.03,16.08,22.075,0.0,62.20,768.03,193.33,125.47,81.34,0.9425,13.6800,18.5200,0.0000,0.0000,0.8599,0,18.5200,18.0606,12.0489,2.3502,13.8433,0.2985,POST_PH4_RE_RFB,16.17,-2.33,727.7,209.2,0.00,0,0,,1.446
5327,09:48:01.079,ROI,160,160,256,256,7.90,8.59,8.325,0.0,116.44,770.78,192.74,127.76,83.68,0.9310,12.8300,17.0100,0.0000,0.0000,0.8869,0,17.0100,18.0383,13.1547,2.5385,14.5348,0.2826,POST_PH4_RE_RFB,16.17,-1.64,727.7,209.2,0.00,0,0,,1.501
5328,09:48:01.192,ROI,160,160,256,256,7.70,8.39,7.475,0.0,119.21,776.19,191.84,125.89,84.91,0.8996,13.7100,18.5100,0.0000,0.0000,0.8753,0,18.5100,18.4023,14.1784,2.7306,15.3107,0.2681,POST_PH4_RE_RFB,16.17,-0.86,727.7,209.2,0.00,0,0,,1.614
5329,09:48:01.257,ROI,160,160,256,256,7.84,8.54,13.8,0.0,117.07,778.98,189.66,125.15,81.79,0.9087,12.8900,15.2600,0.0000,0.0000,0.8890,0,15.2600,17.8773,14.7162,2.9162,15.5234,0.2554,POST_PH4_RE_RFB,16.17,-0.65,727.7,209.2,0.00,0,0,,1.679
5330,09:48:01.321,ROI,160,160,256,256,7.70,8.42,14.25,0.0,118.78,782.51,188.17,128.37,81.79,0.9128,12.3800,17.3900,0.0000,0.0000,0.8466,0,17.3900,17.8833,15.2602,3.0866,15.9021,0.2447,POST_PH4_RE_RFB,16.17,-0.27,727.7,209.2,0.00,0,0,,1.743
5331,09:48:01.369,ROI,160,160,288,288,7.63,8.32,19.8,0.0,120.25,783.30,188.65,130.97,82.89,0.9672,10.9900,17.6900,0.0000,0.0000,0.8321,0,17.6900,17.9071,16.0191,3.1680,16.4721,0.2399,POST_PH4_RE_RFB,16.17,0.30,727.7,209.2,0.00,0,0,,1.790
5332,09:48:01.431,ROI,160,160,288,288,8.03,8.72,14.5,0.0,114.68,786.19,187.37,128.56,82.94,0.9280,10.9500,16.4500,0.0000,0.0000,0.8423,0,16.4500,17.5209,16.7237,3.2386,16.9118,0.2359,POST_PH4_RE_RFB,16.17,0.74,727.7,209.2,0.00,0,0,,1.853
5333,09:48:01.495,ROI,160,160,288,288,8.13,8.86,14.075,0.0,112.85,791.63,187.27,127.64,82.57,0.9144,13.1000,16.2200,0.0000,0.0000,0.8763,0,16.2200,17.0403,16.9606,3.3278,16.9790,0.2311,POST_PH4_RE_RFB,16.17,0.81,727.7,209.2,0.00,0,0,,1.917
5334,09:48:01.543,ROI,160,160,256,256,8.15,9.02,19.975,0.0,110.81,795.24,185.54,127.02,83.58,0.9075,10.8600,16.6600,0.0000,0.0000,0.8418,0,16.6600,16.6557,16.9390,3.3916,16.8745,0.2277,POST_PH4_RE_RFB,16.17,0.70,727.7,209.2,0.00,0,0,,1.966
5335,09:48:01.656,ROI,160,160,256,256,7.80,8.51,7.5,0.0,117.52,801.99,183.64,126.05,83.86,0.8607,9.7500,16.1500,0.0000,0.0000,0.7711,0,16.1500,16.3698,16.9750,3.5048,16.8407,0.2220,POST_PH4_RE_RFB,16.17,0.67,727.7,209.2,0.00,0,0,,2.078
5336,09:48:01.721,ROI,160,160,256,256,7.64,8.35,13.975,0.0,119.74,807.16,183.48,126.56,84.14,0.9180,8.5100,15.4600,0.0000,0.0000,0.7205,0,15.4600,15.8741,16.8825,3.6082,16.6637,0.2170,POST_PH4_RE_RFB,16.17,0.49,727.7,209.2,0.00,0,0,,2.143
5337,09:48:01.785,ROI,160,160,256,256,8.15,8.85,14.125,0.0,113.02,808.44,182.70,127.82,83.12,0.9621,10.0300,16.9500,0.0000,0.0000,0.8097,0,16.9500,15.9808,16.7138,3.6427,16.5559,0.2154,POST_PH4_RE_RFB,16.17,0.39,727.7,209.2,0.00,0,0,,2.207
5338,09:48:01.831,ROI,160,160,256,256,8.15,8.88,20.675,0.0,112.67,815.04,181.86,124.83,82.19,0.8833,9.4300,14.7100,0.0000,0.0000,0.7515,0,14.7100,15.4840,16.3796,3.7229,16.1899,0.2117,POST_PH4_RE_RFB,16.17,0.02,727.7,209.2,0.00,0,0,,2.253
5339,09:48:01.896,ROI,160,160,256,256,7.59,8.29,13.85,0.0,120.57,815.29,180.84,125.42,81.14,0.9709,6.6900,17.3900,0.0000,0.0000,0.6887,0,17.3900,15.6543,15.9261,3.7463,15.8688,0.2107,POST_PH4_RE_RFB,16.17,-0.30,727.7,209.2,0.00,0,0,,2.318
5340,09:48:01.959,ROI,160,160,256,256,8.63,9.40,14.275,0.0,106.33,820.18,179.47,122.43,80.22,0.8942,7.9000,18.2800,0.0000,0.0000,0.7379,0,18.2800,16.1642,15.4349,3.8048,15.5867,0.2081,POST_PH4_RE_RFB,16.17,-0.58,727.7,209.2,0.00,0,0,,2.382
5341,09:48:02.009,ROI,160,160,256,256,7.57,8.27,9.675,0.0,120.89,820.86,179.94,127.82,80.93,0.9467,7.4700,18.2600,0.0000,0.0000,0.6734,0,18.2600,16.5172,15.0094,3.8059,15.3232,0.2081,POST_PH4_RE_RFB,16.17,-0.85,727.7,209.2,0.00,0,0,,2.431
5342,09:48:02.138,ROI,160,160,256,256,13.97,15.45,6.5,25.3,64.74,829.87,178.15,128.99,79.12,0.8333,8.3200,17.6300,0.0000,0.0000,0.7421,0,17.6300,16.8809,14.5995,3.8746,15.0675,0.2051,POST_PH4_RE_RFB,16.17,-1.10,727.7,209.2,0.00,0,0,,2.567
5343,09:48:02.184,ROI,160,160,288,288,9.95,10.73,12.7,36.425,93.23,831.39,177.68,122.60,77.94,0.9363,10.2400,19.0000,0.0000,0.0000,0.8134,0,19.0000,17.3161,14.2803,3.9094,14.8987,0.2037,POST_PH4_RE_RFB,16.17,-1.27,727.7,209.2,0.00,0,0,,2.608
5344,09:48:02.247,ROI,160,160,256,256,7.80,8.48,7.45,0.0,117.93,836.01,176.63,125.14,79.04,0.9045,8.3500,15.6000,0.0000,0.0000,0.7618,0,15.6000,17.1714,13.9328,3.9453,14.5877,0.2022,POST_PH4_RE_RFB,16.17,-1.58,727.7,209.2,0.00,0,0,,2.669
5345,09:48:02.296,ROI,160,160,256,256,7.97,8.69,19.55,0.0,115.13,837.87,176.24,127.09,79.65,0.9614,9.8700,17.4800,0.0000,0.0000,0.8236,0,17.4800,17.2950,13.5479,3.9255,14.3087,0.2030,POST_PH4_RE_RFB,16.17,-1.86,727.7,209.2,0.00,0,0,,2.718
5346,09:48:02.359,ROI,160,160,256,256,7.79,8.54,7.075,0.0,117.06,841.08,175.71,123.68,78.80,0.9377,10.7000,16.1900,0.0000,0.0000,0.8516,0,16.1900,17.3129,13.0816,3.9275,13.9403,0.2029,POST_PH4_RE_RFB,16.17,-2.23,727.7,209.2,0.00,0,0,,2.781
5347,09:48:02.423,ROI,160,160,256,256,7.92,8.60,14.125,0.0,116.24,843.83,174.86,125.81,78.29,0.9367,11.3100,16.3700,0.0000,0.0000,0.8655,0,16.3700,17.0473,12.6740,3.9047,13.5657,0.2039,POST_PH4_RE_RFB,16.17,-2.60,727.7,209.2,0.00,0,0,,2.845
5348,09:48:02.471,ROI,160,160,256,256,8.03,8.71,19.8,0.0,114.80,846.95,174.10,124.58,77.63,0.9334,11.4500,16.1400,0.0000,0.0000,0.8555,0,16.1400,16.9518,12.3955,3.8749,13.3301,0.2051,POST_PH4_RE_RFB,16.17,-2.84,727.7,209.2,0.00,0,0,,2.893
5349,09:48:02.601,ROI,160,160,256,256,8.03,9.33,3.225,0.0,107.14,854.42,172.64,126.02,75.98,0.8564,11.2300,13.9300,0.0000,0.0000,0.8252,0,13.9300,16.4592,12.1871,3.8554,13.0670,0.2060,POST_PH4_RE_RFB,16.17,-3.10,727.7,209.2,0.00,0,0,,3.024
5350,09:48:02.647,ROI,160,160,256,256,7.87,8.58,21.175,0.0,116.53,856.64,172.19,127.33,75.97,0.9544,12.1900,15.1200,0.0000,0.0000,0.8673,0,15.1200,16.1384,12.0864,3.7859,12.9331,0.2089,POST_PH4_RE_RFB,16.17,-3.24,727.7,209.2,0.00,0,0,,3.069
5351,09:48:02.711,ROI,160,160,256,256,7.91,8.62,14.075,0.0,116.00,857.97,171.42,126.06,75.52,0.9598,12.8800,15.0000,0.0000,0.0000,0.8900,0,15.0000,15.7908,11.9774,3.6981,12.7891,0.2129,POST_PH4_RE_RFB,16.17,-3.38,727.7,209.2,0.00,0,0,,3.133
5352,09:48:02.777,ROI,160,160,256,256,8.14,8.84,13.675,0.0,113.06,861.64,169.19,122.72,73.17,0.8888,11.1900,14.6900,0.0000,0.0000,0.8631,0,14.6900,15.4501,12.0112,3.6173,12.7560,0.2166,POST_PH4_RE_RFB,16.17,-3.41,727.7,209.2,0.00,0,0,,3.199
5353,09:48:02.825,ROI,160,160,256,256,8.49,9.32,19.925,0.0,107.26,865.22,168.12,122.37,73.65,0.9168,11.6400,14.7400,0.0000,0.0000,0.8733,0,14.7400,15.0974,12.2385,3.5987,12.8602,0.2175,POST_PH4_RE_RFB,16.17,-3.31,727.7,209.2,0.00,0,0,,3.248
5354,09:48:02.889,ROI,160,160,256,256,8.25,9.08,7.15,0.0,110.16,870.06,167.82,122.93,75.47,0.9026,11.7300,14.8200,0.0000,0.0000,0.8773,0,14.8200,14.7092,12.4783,3.6288,12.9603,0.2160,POST_PH4_RE_RFB,16.17,-3.21,727.7,209.2,0.00,0,0,,3.312
5355,09:48:02.951,ROI,160,160,256,256,8.18,8.87,7.35,0.0,112.74,871.15,167.05,123.60,77.36,0.9585,12.0500,16.2100,0.0000,0.0000,0.8679,0,16.2100,14.7823,12.7960,3.5751,13.2302,0.2186,POST_PH4_RE_RFB,16.17,-2.94,727.7,209.2,0.00,0,0,,3.373
5356,09:48:03.002,ROI,160,160,256,256,7.70,8.65,9.4,0.0,115.58,873.34,166.87,122.90,76.13,0.9500,11.8400,15.5300,0.0000,0.0000,0.8874,0,15.5300,14.4804,13.0733,3.5555,13.3822,0.2195,POST_PH4_RE_RFB,16.17,-2.79,727.7,209.2,0.00,0,0,,3.424
5357,09:48:03.129,ROI,160,160,256,256,10.95,11.86,6.55,0.0,84.33,876.78,166.03,120.94,77.25,0.9253,13.2200,17.7300,0.0000,0.0000,0.8867,0,17.7300,14.9120,13.3820,3.4834,13.7233,0.2230,POST_PH4_RE_RFB,16.17,-2.45,727.7,209.2,0.00,0,0,,3.555
5358,09:48:03.175,ROI,160,160,256,256,7.80,8.52,22.95,0.0,117.44,877.12,164.94,126.06,79.06,0.9331,12.1900,16.7200,0.0000,0.0000,0.8911,0,16.7200,15.2299,13.7994,3.3912,14.1252,0.2277,POST_PH4_RE_RFB,16.17,-2.04,727.7,209.2,0.00,0,0,,3.597
5359,09:48:03.241,ROI,160,160,256,256,11.95,12.83,13.625,0.0,77.92,879.77,164.46,121.34,77.63,0.9409,13.4100,16.4200,0.0000,0.0000,0.8951,0,16.4200,15.5116,14.2814,3.2357,14.5718,0.2361,POST_PH4_RE_RFB,16.17,-1.60,727.7,209.2,0.00,0,0,,3.667
5360,09:48:03.288,ROI,160,160,256,256,8.59,9.35,22.7,41.775,106.90,880.74,164.32,124.05,78.93,0.9621,13.2200,16.7100,0.0000,0.0000,0.8871,0,16.7100,15.8149,14.7586,3.1514,15.0130,0.2409,POST_PH4_RE_RFB,16.17,-1.16,727.7,209.2,0.00,0,0,,3.711
5361,09:48:03.353,ROI,160,160,256,256,12.13,13.30,7.05,0.0,75.16,881.30,164.50,124.22,79.33,0.9862,13.3000,17.1900,0.0000,0.0000,0.8851,0,17.1900,16.3847,15.2380,2.9980,15.5248,0.2501,POST_PH4_RE_RFB,16.17,-0.65,727.7,209.2,0.00,0,0,,3.780
5362,09:48:03.416,ROI,160,160,256,256,9.18,10.02,15.625,39.0,99.80,881.70,163.97,124.72,80.11,0.9804,12.7500,17.9400,0.0000,0.0000,0.8769,0,17.9400,16.7621,15.7031,2.8403,15.9788,0.2604,POST_PH4_RE_RFB,16.17,-0.19,727.7,209.2,0.00,0,0,,3.840
5363,09:48:03.464,ROI,160,160,256,256,8.05,8.76,10.35,0.0,114.10,881.56,163.64,124.85,79.26,0.9872,13.4700,18.7200,0.0000,0.0000,0.8820,0,18.7200,17.4670,16.1666,2.6211,16.5257,0.2762,POST_PH4_RE_RFB,16.17,0.36,727.7,209.2,0.00,0,0,,3.886
5364,09:48:03.593,ROI,160,160,256,256,8.10,8.80,6.525,0.0,113.59,882.49,163.56,124.45,79.23,0.9832,13.9500,18.1400,0.0000,0.0000,0.8941,0,18.1400,17.8880,16.5593,2.3875,16.9515,0.2952,POST_PH4_RE_RFB,16.17,0.78,727.7,209.2,0.00,0,0,,4.015
5365,09:48:03.641,ROI,160,160,256,256,7.87,8.59,9.975,0.0,116.37,882.90,163.32,123.52,79.36,0.9866,13.6600,18.2600,0.0000,0.0000,0.8891,0,18.2600,18.3194,16.9453,2.1295,17.3844,0.3195,POST_PH4_RE_RFB,16.17,1.21,727.7,209.2,0.00,0,0,,4.063
5366,09:48:03.703,ROI,160,160,256,256,7.73,8.43,14.525,0.0,118.60,882.99,163.34,123.52,79.25,0.9970,13.7100,18.1900,0.0000,0.0000,0.8907,0,18.1900,18.6778,17.3382,1.8518,17.8079,0.3507,POST_PH4_RE_RFB,16.17,1.64,727.7,209.2,0.00,0,0,,4.125
5367,09:48:03.767,ROI,160,160,256,256,8.48,9.20,14.1,0.0,108.74,882.99,163.35,123.94,79.39,0.9948,13.8000,18.2800,0.0000,0.0000,0.8906,0,18.2800,18.7730,17.6178,1.6447,18.0546,0.3781,POST_PH4_RE_RFB,16.17,1.88,727.7,209.2,0.00,0,0,,4.190
5368,09:48:03.818,ROI,160,160,256,256,8.01,8.88,18.875,0.0,112.63,883.01,163.37,124.16,79.20,0.9958,13.7900,18.2200,0.0000,0.0000,0.8918,0,18.2200,18.9119,17.7494,1.4200,18.2298,0.4132,POST_PH4_RE_RFB,16.17,2.06,727.7,209.2,0.00,0,0,,4.240
5369,09:48:03.881,ROI,160,160,256,256,7.95,8.65,14.375,0.0,115.57,882.92,163.30,124.34,80.03,0.9882,12.5200,19.1000,0.0000,0.0000,0.8588,0,19.1000,19.1632,17.7592,1.1661,18.4073,0.4616,POST_PH4_RE_RFB,16.17,2.24,727.7,209.2,0.00,0,0,,4.303
5370,09:48:03.993,ROI,160,160,256,256,8.05,8.78,7.525,0.0,113.86,880.34,164.38,122.37,77.92,0.9336,12.0700,16.9900,0.0000,0.0000,0.8370,0,16.9900,18.8763,17.8967,0.8910,18.4147,0.5288,POST_PH4_RE_RFB,16.17,2.24,727.7,209.2,0.00,0,0,,4.415
5371,09:48:04.057,ROI,160,160,256,256,8.57,9.36,14.125,0.0,106.84,880.82,164.64,124.90,78.29,0.9732,13.2600,16.5600,0.0000,0.0000,0.8855,0,16.5600,18.4665,18.1849,0.6561,18.3549,0.6038,POST_PH4_RE_RFB,16.17,2.18,727.7,209.2,0.00,0,0,,4.480
5372,09:48:04.105,ROI,160,160,256,256,8.84,9.54,10.1,0.0,104.79,879.12,165.01,123.71,78.62,0.9641,12.6500,16.8000,0.0000,0.0000,0.8542,0,16.8000,18.0828,18.2514,0.4501,18.1351,0.6896,POST_PH4_RE_RFB,16.17,1.97,727.7,209.2,0.00,0,0,,4.528
5373,09:48:04.167,ROI,160,160,256,256,8.36,9.09,14.85,0.0,110.00,877.32,166.12,125.52,77.33,0.9447,12.0900,16.7500,0.0000,0.0000,0.8387,0,16.7500,17.8086,17.7880,0.2138,17.8050,0.8239,POST_PH4_RE_RFB,16.17,1.63,727.7,209.2,0.00,0,0,,4.590
5374,09:48:04.232,ROI,160,160,256,256,8.15,8.88,14.075,0.0,112.67,875.82,165.47,123.60,77.09,0.9601,11.9400,16.8200,0.0000,0.0000,0.8503,0,16.8200,17.4637,22.7897,0.0170,17.5526,0.9833,POST_PH4_RE_RFB,16.17,1.38,727.7,209.2,0.00,0,0,,4.654
5375,09:48:04.282,ROI,160,160,256,256,8.83,9.53,19.275,0.0,104.93,871.78,166.12,121.28,76.66,0.9210,10.9600,16.8200,0.0000,0.0000,0.7877,0,16.8200,17.3406,22.3580,0.2519,18.3501,0.7988,POST_PH4_RE_RFB,16.17,2.18,727.7,209.2,0.00,0,0,,4.704
5376,09:48:04.408,ROI,160,160,256,256,8.39,9.12,6.675,0.0,109.61,868.34,167.50,120.62,75.14,0.9117,11.5800,15.8900,0.0000,0.0000,0.8506,0,15.8900,16.9309,21.5520,0.5306,18.5329,0.6533,POST_PH4_RE_RFB,16.17,2.36,727.7,209.2,0.00,0,0,,4.830
5377,09:48:04.457,ROI,160,160,256,256,8.02,8.75,9.75,0.0,114.27,866.50,167.78,120.18,74.13,0.9569,11.0900,16.6700,0.0000,0.0000,0.8673,0,16.6700,16.6620,20.6662,0.7707,18.4049,0.5647,POST_PH4_RE_RFB,16.17,2.23,727.7,209.2,0.00,0,0,,4.879
5378,09:48:04.520,ROI,160,160,256,256,9.04,10.03,14.475,0.0,99.69,863.04,169.19,122.43,73.82,0.9103,12.6900,14.6800,0.0000,0.0000,0.8693,0,14.6800,16.0137,19.8723,1.0284,17.9701,0.4930,POST_PH4_RE_RFB,16.17,1.80,727.7,209.2,0.00,0,0,,4.943
5379,09:48:04.585,ROI,160,160,256,256,10.90,11.95,14.075,32.7,83.71,859.58,170.41,121.73,74.16,0.9151,12.3000,13.9100,0.0000,0.0000,0.8523,0,13.9100,15.2968,19.2317,1.3031,17.5232,0.4342,POST_PH4_RE_RFB,16.17,1.35,727.7,209.2,0.00,0,0,,5.011
5380,09:48:04.632,ROI,160,160,256,256,18.01,19.14,11.1,20.4,52.24,856.17,172.21,123.84,74.54,0.9024,11.8800,12.4900,0.0000,0.0000,0.8605,0,12.4900,14.4301,18.7494,1.5871,17.0799,0.3865,POST_PH4_RE_RFB,16.17,0.91,727.7,209.2,0.00,0,0,,5.065
5381,09:48:04.695,ROI,160,160,256,256,8.17,8.88,8.9,0.0,112.58,854.11,172.90,123.95,75.87,0.9501,11.5900,14.6100,0.0000,0.0000,0.8200,0,14.6100,14.1795,18.3499,1.8547,16.8890,0.3503,POST_PH4_RE_RFB,16.17,0.72,727.7,209.2,0.00,0,0,,5.118
5382,09:48:04.760,ROI,160,160,256,256,8.27,8.98,14.05,0.0,111.33,848.74,173.89,124.29,74.42,0.8941,12.7900,13.9700,0.0000,0.0000,0.8664,0,13.9700,13.8057,17.9540,2.1400,16.6328,0.3185,POST_PH4_RE_RFB,16.17,0.46,727.7,209.2,0.00,0,0,,5.182
5383,09:48:04.807,ROI,160,160,256,256,8.35,9.03,10.15,0.0,110.74,846.58,174.95,123.66,78.06,0.9215,11.6100,16.0700,0.0000,0.0000,0.8187,0,16.0700,13.9481,17.6067,2.3851,16.5259,0.2954,POST_PH4_RE_RFB,16.17,0.36,727.7,209.2,0.00,0,0,,5.230
5384,09:48:04.937,ROI,160,160,256,256,8.43,9.27,6.475,0.0,107.90,841.54,175.94,123.36,75.78,0.8956,11.9600,15.6500,0.0000,0.0000,0.8054,0,15.6500,14.0353,17.2672,2.6394,16.3792,0.2748,POST_PH4_RE_RFB,16.17,0.21,727.7,209.2,0.00,0,0,,5.360
5385,09:48:04.986,ROI,160,160,256,256,7.80,8.65,9.925,0.0,115.64,839.11,176.47,123.38,77.54,0.9400,9.7300,15.8800,0.0000,0.0000,0.7574,0,15.8800,14.2240,16.8877,2.8477,16.1954,0.2599,POST_PH4_RE_RFB,16.17,0.03,727.7,209.2,0.00,0,0,,5.408
5386,09:48:05.048,ROI,160,160,256,256,8.22,8.94,14.625,0.0,111.87,835.08,177.65,122.72,76.78,0.9093,9.1500,16.4500,0.0000,0.0000,0.7335,0,16.4500,14.5649,16.4462,3.0351,15.9799,0.2478,POST_PH4_RE_RFB,16.17,-0.19,727.7,209.2,0.00,0,0,,5.470
5387,09:48:05.112,ROI,160,160,256,256,7.73,8.42,13.975,0.0,118.71,832.76,177.64,125.20,77.46,0.9550,7.6300,17.1200,0.0000,0.0000,0.7271,0,17.1200,15.1718,15.9147,3.1595,15.7361,0.2404,POST_PH4_RE_RFB,16.17,-0.43,727.7,209.2,0.00,0,0,,5.534
5388,09:48:05.160,ROI,160,160,256,256,8.66,9.55,19.825,0.0,104.76,828.37,178.36,124.62,76.53,0.9153,8.7800,15.0800,0.0000,0.0000,0.7206,0,15.0800,15.1613,15.3916,3.3085,15.3382,0.2321,POST_PH4_RE_RFB,16.17,-0.83,727.7,209.2,0.00,0,0,,5.583
5389,09:48:05.223,ROI,160,160,256,256,7.93,8.66,14.575,0.0,115.48,825.47,178.40,123.71,77.94,0.9376,7.8700,16.8200,0.0000,0.0000,0.7289,0,16.8200,15.4928,14.8938,3.3880,15.0303,0.2279,POST_PH4_RE_RFB,16.17,-1.14,727.7,209.2,0.00,0,0,,5.645
5390,09:48:05.287,ROI,160,160,256,256,7.79,8.87,14.15,44.025,112.73,822.06,180.18,122.96,77.89,0.9050,8.8300,14.5500,0.0000,0.0000,0.7057,0,14.5500,15.3818,14.3318,3.4499,14.5677,0.2247,POST_PH4_RE_RFB,16.17,-1.60,727.7,209.2,0.00,0,0,,5.709
5391,09:48:05.336,ROI,160,160,256,256,7.65,8.35,9.75,0.0,119.78,819.30,179.71,127.60,80.64,0.9243,7.1400,17.6000,0.0000,0.0000,0.6846,0,17.6000,15.9289,13.4786,3.4745,14.0262,0.2235,POST_PH4_RE_RFB,16.17,-2.14,727.7,209.2,0.00,0,0,,5.758
5392,09:48:05.447,ROI,160,160,256,256,8.40,9.13,7.6,0.0,109.56,812.50,180.73,123.66,81.39,0.8764,8.4500,18.6600,0.0000,0.0000,0.6463,0,18.6600,16.6858,15.4480,3.5214,15.7218,0.2212,POST_PH4_RE_RFB,16.17,-0.45,727.7,209.2,0.00,0,0,,5.870
5393,09:48:05.511,ROI,160,160,256,256,8.84,9.79,14.35,0.0,102.16,810.58,182.10,125.07,81.22,0.9379,9.5200,15.7800,0.0000,0.0000,0.7471,0,15.7800,16.8211,15.0805,3.5528,15.4628,0.2196,POST_PH4_RE_RFB,16.17,-0.71,727.7,209.2,0.00,0,0,,5.934
5394,09:48:05.577,ROI,160,160,256,256,8.93,9.70,13.85,0.0,103.11,806.18,182.51,126.14,81.30,0.9231,10.0000,15.7600,0.0000,0.0000,0.7569,0,15.7600,16.8671,14.4437,3.6029,14.9702,0.2173,POST_PH4_RE_RFB,16.17,-1.20,727.7,209.2,0.00,0,0,,6.000
5395,09:48:05.623,ROI,160,160,256,256,7.79,8.49,10.7,0.0,117.73,803.46,183.38,126.27,82.19,0.9382,9.8800,17.4300,0.0000,0.0000,0.7709,0,17.4300,17.3439,13.6658,3.6078,14.4641,0.2170,POST_PH4_RE_RFB,16.17,-1.71,727.7,209.2,0.00,0,0,,6.045
5396,09:48:05.689,ROI,160,160,256,256,7.87,8.60,6.8,0.0,116.28,799.18,184.76,126.85,81.46,0.9045,11.7800,14.9500,0.0000,0.0000,0.7778,0,14.9500,17.0786,12.8993,3.6296,13.8020,0.2160,POST_PH4_RE_RFB,16.17,-2.37,727.7,209.2,0.00,0,0,,6.111
5397,09:48:05.752,ROI,160,160,256,256,10.61,11.48,14.3,0.0,87.12,795.69,185.12,128.64,84.03,0.9184,12.1400,16.1700,0.0000,0.0000,0.7976,0,16.1700,16.9727,12.1900,3.6486,13.2189,0.2151,POST_PH4_RE_RFB,16.17,-2.95,727.7,209.2,0.00,0,0,,6.177
5398,09:48:05.801,ROI,160,160,288,288,9.89,10.67,21.075,0.0,93.74,792.80,186.48,125.84,80.66,0.9177,10.6300,20.3200,0.0000,0.0000,0.7638,0,20.3200,17.5189,11.6577,3.6593,12.9157,0.2146,POST_PH4_RE_RFB,16.17,-3.25,727.7,209.2,0.00,0,0,,6.225
5399,09:48:05.928,ROI,160,160,256,256,8.04,8.75,6.7,0.0,114.30,786.24,188.51,127.86,81.76,0.8595,10.4800,17.8600,0.0000,0.0000,0.7270,0,17.8600,17.6597,11.3121,3.6981,12.6632,0.2128,POST_PH4_RE_RFB,16.17,-3.51,727.7,209.2,0.00,0,0,,6.350
5400,09:48:05.975,ROI,160,160,256,256,8.04,8.75,20.425,0.0,114.23,782.35,188.21,128.82,81.84,0.9344,11.2500,17.1700,0.0000,0.0000,0.7961,0,17.1700,17.5312,11.0395,3.7661,12.4015,0.2098,POST_PH4_RE_RFB,16.17,-3.77,727.7,209.2,0.00,0,0,,6.397
5401,09:48:06.040,ROI,160,160,288,288,8.01,8.74,14.025,0.0,114.38,777.14,190.02,123.07,80.33,0.8815,12.5400,21.2500,0.0000,0.0000,0.7755,0,21.2500,18.4149,10.9251,3.8358,12.4740,0.2068,POST_PH4_RE_RFB,16.17,-3.70,727.7,209.2,0.00,0,0,,6.462
5402,09:48:06.104,ROI,160,160,256,256,8.85,9.53,6.975,0.0,104.96,776.10,190.53,124.64,80.24,0.9711,13.3300,17.8100,0.0000,0.0000,0.8362,0,17.8100,18.4570,10.9474,3.8792,12.4865,0.2050,POST_PH4_RE_RFB,16.17,-3.68,727.7,209.2,0.00,0,0,,6.527
5403,09:48:06.152,ROI,160,160,256,256,7.71,8.38,20.675,0.0,119.38,772.22,191.01,126.85,79.55,0.9293,12.8000,17.3500,0.0000,0.0000,0.8413,0,17.3500,18.3926,11.0728,3.9013,12.5663,0.2040,POST_PH4_RE_RFB,16.17,-3.60,727.7,209.2,0.00,0,0,,6.573
5404,09:48:06.216,ROI,160,160,256,256,8.06,8.77,13.875,0.0,114.03,769.10,191.94,130.11,82.32,0.9209,12.1600,19.4800,0.0000,0.0000,0.8185,0,19.4800,18.8018,11.3269,3.9215,12.8458,0.2032,POST_PH4_RE_RFB,16.17,-3.32,727.7,209.2,0.00,0,0,,6.638
5405,09:48:06.329,ROI,160,160,288,288,7.74,8.46,3.75,0.0,118.26,764.34,193.41,122.11,78.70,0.8866,10.3100,20.8400,0.0000,0.0000,0.7672,0,20.8400,19.5105,11.6682,3.9340,13.2576,0.2027,POST_PH4_RE_RFB,16.17,-2.91,727.7,209.2,0.00,0,0,,6.751
5406,09:48:06.393,ROI,160,160,256,256,7.93,8.80,14.0,0.0,113.68,762.82,193.37,122.48,79.31,0.9679,14.3000,18.6800,0.0000,0.0000,0.8883,0,18.6800,19.4853,12.0459,3.9145,13.5597,0.2035,POST_PH4_RE_RFB,16.17,-2.61,727.7,209.2,0.00,0,0,,6.816
5407,09:48:06.440,ROI,160,160,256,256,7.73,8.44,20.9,0.0,118.47,758.03,194.68,123.20,79.65,0.8961,13.3200,18.7700,0.0000,0.0000,0.8349,0,18.7700,19.6086,12.4212,3.8986,13.8884,0.2041,POST_PH4_RE_RFB,16.17,-2.28,727.7,209.2,0.00,0,0,,6.861
5408,09:48:06.504,ROI,160,160,256,256,12.35,13.42,13.975,0.0,74.52,757.57,194.86,120.26,79.79,0.9717,14.4300,19.8300,0.0000,0.0000,0.8703,0,19.8300,19.6625,12.8755,3.8216,14.2831,0.2074,POST_PH4_RE_RFB,16.17,-1.89,727.7,209.2,0.00,0,0,,6.931
5409,09:48:06.570,ROI,160,160,256,256,16.36,17.58,14.825,22.225,56.89,752.87,197.15,119.25,81.15,0.8753,15.4900,21.9900,0.0000,0.0000,0.8349,0,21.9900,20.4047,13.3880,3.7481,14.8658,0.2106,POST_PH4_RE_RFB,16.17,-1.30,727.7,209.2,0.00,0,0,,7.001
5410,09:48:06.617,ROI,160,160,256,256,13.85,15.01,26.95,26.025,66.63,750.94,197.22,120.18,82.21,0.9560,13.5400,18.8100,0.0000,0.0000,0.8883,0,18.8100,20.5368,13.8281,3.7001,15.2555,0.2128,POST_PH4_RE_RFB,16.17,-0.91,727.7,209.2,0.00,0,0,,7.045
5411,09:48:06.680,ROI,160,160,256,256,9.57,10.51,8.075,0.0,95.15,747.02,198.10,119.36,78.93,0.9003,14.7500,19.2900,0.0000,0.0000,0.8808,0,19.2900,20.4445,14.2428,3.6342,15.5811,0.2158,POST_PH4_RE_RFB,16.17,-0.59,727.7,209.2,0.00,0,0,,7.104
5412,09:48:06.794,ROI,160,160,256,256,21.80,22.91,3.775,0.0,43.65,742.46,200.03,126.08,82.80,0.8852,13.0300,18.9000,0.0000,0.0000,0.8035,0,18.9000,20.2086,14.6147,3.6048,15.8295,0.2172,POST_PH4_RE_RFB,16.17,-0.34,727.7,209.2,0.00,0,0,,7.230
5413,09:48:06.857,ROI,160,160,256,256,18.71,19.88,9.8,0.0,50.30,739.74,199.86,124.94,82.94,0.9537,9.6900,19.0600,0.0000,0.0000,0.7723,0,19.0600,20.1359,14.8850,3.5401,16.0416,0.2203,POST_PH4_RE_RFB,16.17,-0.13,727.7,209.2,0.00,0,0,,7.290
5414,09:48:06.907,ROI,160,160,256,256,17.16,18.34,52.0,85.2,54.52,739.37,200.31,124.19,84.56,0.9751,11.4900,18.1200,0.0000,0.0000,0.8426,0,18.1200,19.5667,15.1112,3.4361,16.1156,0.2254,POST_PH4_RE_RFB,16.17,-0.05,727.7,209.2,0.00,0,0,,7.338
5415,09:48:06.970,ROI,160,160,256,256,14.82,15.93,8.65,24.525,62.79,737.06,201.41,124.83,84.10,0.9394,11.2800,19.0200,0.0000,0.0000,0.7788,0,19.0200,19.2616,15.2778,3.3164,16.2007,0.2317,POST_PH4_RE_RFB,16.17,0.03,727.7,209.2,0.00,0,0,,7.399
5416,09:48:07.032,ROI,160,160,256,256,19.92,21.01,8.5,18.6,47.60,736.26,200.87,121.57,82.66,0.9572,11.4400,17.3700,0.0000,0.0000,0.8381,0,17.3700,19.0299,15.4222,3.1439,16.2928,0.2413,POST_PH4_RE_RFB,16.17,0.12,727.7,209.2,0.00,0,0,,7.466
5417,09:48:07.080,ROI,160,160,256,256,25.26,26.38,43.475,14.8,37.91,734.75,201.12,125.31,83.68,0.9583,11.6800,19.0700,0.0000,0.0000,0.8266,0,19.0700,18.9246,15.5866,3.0124,16.4185,0.2492,POST_PH4_RE_RFB,16.17,0.25,727.7,209.2,0.00,0,0,,7.520
5418,09:48:07.208,ROI,160,160,256,256,13.15,14.45,7.65,27.05,69.21,733.38,202.63,124.98,84.40,0.9440,11.8900,18.2900,0.0000,0.0000,0.8031,0,18.2900,18.5617,15.7193,2.8738,16.4530,0.2581,POST_PH4_RE_RFB,16.17,0.28,727.7,209.2,0.00,0,0,,7.636
5419,09:48:07.258,ROI,160,160,256,256,14.16,15.37,0.0,25.425,65.06,732.46,202.30,122.72,84.21,0.9744,11.8300,17.9200,0.0000,0.0000,0.8386,0,17.9200,18.5568,15.8381,2.7518,16.5627,0.2665,POST_PH4_RE_RFB,16.17,0.39,727.7,209.2,0.00,0,0,,7.687
5420,09:48:07.320,ROI,160,160,256,256,14.96,16.30,16.8,23.975,61.36,731.17,202.42,121.84,84.10,0.9766,11.9200,18.1400,0.0000,0.0000,0.8324,0,18.1400,18.2731,15.9546,2.5787,16.6025,0.2794,POST_PH4_RE_RFB,16.17,0.43,727.7,209.2,0.00,0,0,,7.749
5421,09:48:07.385,ROI,160,160,256,256,13.84,14.98,0.0,0.0,66.77,730.94,202.67,123.65,83.66,0.9795,12.0400,18.3700,0.0000,0.0000,0.8346,0,18.3700,17.9796,16.0312,2.3906,16.6058,0.2949,POST_PH4_SETTLING,16.17,0.44,727.7,209.2,0.00,0,0,,7.813
5422,09:48:07.432,ROI,160,160,256,256,17.11,18.18,0.0,21.5,55.00,729.81,202.74,124.93,85.07,0.9658,11.9800,19.0700,0.0000,0.0000,0.8314,0,19.0700,18.0481,16.0699,2.1972,16.6886,0.3128,POST_PH4_SETTLING,16.17,0.52,727.7,209.2,0.00,0,0,,7.864
5423,09:48:07.496,ROI,160,160,256,256,17.21,18.34,8.55,21.3,54.52,729.37,202.45,125.25,83.82,0.9785,10.9200,20.4100,0.0000,0.0000,0.7745,0,20.4100,18.5492,16.0476,2.0235,16.8750,0.3307,POST_PH4_SETTLING,16.17,0.70,727.7,209.2,0.00,0,0,,7.928
5424,09:48:07.562,ROI,160,160,256,256,17.11,18.17,8.25,21.5,55.04,729.08,202.37,125.28,83.81,0.9935,10.5700,20.5000,0.0000,0.0000,0.7718,0,20.5000,18.8363,15.8773,1.8084,16.9309,0.3561,POST_PH4_SETTLING,16.17,0.76,727.7,209.2,0.00,0,0,,7.993
5425,09:48:07.608,ROI,160,160,256,256,16.90,17.96,13.65,21.75,55.67,728.78,202.48,125.04,83.92,0.9925,10.6500,20.7300,0.0000,0.0000,0.7675,0,20.7300,19.1485,15.5368,1.6245,16.9130,0.3810,POST_PH4_SETTLING,16.17,0.74,727.7,209.2,0.00,0,0,,8.040
5426,09:48:07.743,ROI,160,160,256,256,17.18,18.35,3.35,21.3,54.50,729.06,202.91,124.85,82.91,0.9836,11.3500,17.3500,0.0000,0.0000,0.8232,0,17.3500,18.8523,15.1008,1.3851,16.6737,0.4193,POST_PH4_SETTLING,16.17,0.50,727.7,209.2,0.00,0,0,,8.175
5427,09:48:07.785,ROI,160,160,256,256,18.13,19.22,0.0,0.0,52.04,728.44,202.40,124.61,83.82,0.9782,10.8800,21.0300,0.0000,0.0000,0.7636,0,21.0300,19.5929,14.6256,1.1931,16.8905,0.4560,POST_PH4_SETTLING,16.17,0.72,727.7,209.2,0.00,0,0,,8.217
5428,09:48:07.852,ROI,160,160,256,256,13.65,14.71,16.075,26.575,68.00,729.14,202.93,124.83,83.02,0.9765,11.5500,17.3000,0.0000,0.0000,0.8271,0,17.3000,19.2335,14.1181,0.9769,16.7056,0.5058,POST_PH4_SETTLING,16.17,0.54,727.7,209.2,0.00,0,0,,8.280
5429,09:48:07.903,ROI,160,160,256,256,17.52,19.69,33.025,0.0,50.79,728.38,202.42,124.61,83.86,0.9759,10.9000,20.8900,0.0000,0.0000,0.7683,0,20.8900,19.6887,13.3840,0.8043,16.8783,0.5542,POST_PH4_SETTLING,16.17,0.71,727.7,209.2,0.00,0,0,,8.336
5430,09:48:07.960,ROI,160,160,256,256,13.81,14.90,20.65,0.0,67.13,728.91,202.90,124.43,82.93,0.9801,11.4500,17.4100,0.0000,0.0000,0.8232,0,17.4100,19.3602,12.8192,0.6802,16.7123,0.5952,POST_PH4_SETTLING,16.17,0.54,727.7,209.2,0.00,0,0,,8.388
5431,09:48:08.025,ROI,160,160,256,256,8.26,9.02,0.0,0.0,110.84,728.94,202.93,124.32,82.86,0.9983,11.4800,17.4100,0.0000,0.0000,0.8229,0,17.4100,19.0756,12.1536,0.5784,16.5390,0.6335,POST_PH4_SETTLING,16.17,0.37,727.7,209.2,0.00,0,0,,8.447
5432,09:48:08.072,ROI,160,160,256,256,8.28,9.12,20.225,0.0,109.66,728.99,202.88,124.38,82.83,0.9981,11.6600,17.3600,0.0000,0.0000,0.8303,0,17.3600,18.7053,11.4712,0.4617,16.4204,0.6841,POST_PH4_SETTLING,16.17,0.25,727.7,209.2,0.00,0,0,,8.495
