frame_id,timestamp,mode,input_width,input_height,roi_w,roi_h,inf_time_ms,end_to_end_time_ms,cpu_load_pct,end_to_end_cpu_load_pct,fps,x_center,y_center,width,height,iou_prev_bbox,group1_magnitude,group1_angle,group2_magnitude,group2_angle,best_conf,tracking_lost,raw_angle,model_angle_smooth,trajectory_angle_smooth,estimated_speed,fused_angle,fused_weight_x,pid_mode,target_angle,angle_error,target_x,target_y,distance_error,ble_speed_left,ble_speed_right,post_ph4_spin_elapsed_s,post_ph4_re_rfb_elapsed_s
667,09:42:50.157,ROI,160,160,256,256,14.20,14.83,15.4,0.0,67.42,555.46,205.65,124.45,88.50,0.9551,16.5200,-30.8100,0.0000,0.0000,0.9000,0,-30.8100,-390.7479,-364.2133,0.1657,-386.9767,0.8579,PHASE_2_DRIVING,-16.25,-10.72,700.4,247.9,150.98,1613,2000,,
668,09:42:50.185,ROI,160,160,256,256,11.25,12.07,0.0,0.0,82.85,555.02,204.79,125.66,91.84,0.9543,16.5400,-30.6100,0.0000,0.0000,0.9035,0,-30.6100,-390.7679,-364.5663,0.1754,-386.8578,0.8508,PHASE_2_DRIVING,-16.52,-10.34,700.4,247.9,151.64,1676,2000,,
669,09:42:50.249,ROI,160,160,256,256,11.99,12.74,0.0,0.0,78.51,555.18,205.26,124.50,90.00,0.9709,16.3300,-29.6000,0.0000,0.0000,0.8965,0,-29.6000,-390.4684,-364.6208,0.1742,-386.6337,0.8516,PHASE_2_DRIVING,-16.36,-10.27,700.4,247.9,151.35,1637,2000,,
670,09:42:50.360,ROI,160,160,256,256,11.23,12.01,0.0,0.0,83.28,554.97,204.81,125.55,91.66,0.9736,16.5400,-30.7100,0.0000,0.0000,0.9033,0,-30.7100,-390.5274,-366.5588,0.1738,-386.9791,0.8520,PHASE_2_DRIVING,-16.50,-10.47,700.4,247.9,151.68,1594,2000,,
671,09:42:50.426,ROI,160,160,256,256,9.25,10.40,0.0,0.0,96.20,555.38,205.65,124.46,88.61,0.9583,16.6000,-30.6900,0.0000,0.0000,0.9009,0,-30.6900,-390.5346,-381.0744,0.1822,-389.0767,0.8459,PHASE_2_DRIVING,-16.24,-12.83,700.4,247.9,151.05,1271,2000,,
672,09:42:50.491,ROI,160,160,256,256,8.75,9.36,0.0,0.0,106.82,554.76,204.76,125.74,91.89,0.9545,16.5500,-30.7600,0.0000,0.0000,0.9031,0,-30.7600,-390.6044,-380.0803,0.1604,-389.1496,0.8618,PHASE_2_DRIVING,-16.50,-12.65,700.4,247.9,151.89,1574,2000,,
673,09:42:50.538,ROI,160,160,256,256,7.94,8.67,10.175,0.0,115.30,555.46,205.68,124.53,88.51,0.9526,16.7100,-30.8600,0.0000,0.0000,0.9041,0,-30.8600,-390.7885,-379.4484,0.1449,-389.3532,0.8734,PHASE_2_DRIVING,-16.24,-13.11,700.4,247.9,150.97,1479,2000,,
674,09:42:50.602,ROI,160,160,256,256,9.41,10.31,0.0,0.0,97.01,555.10,204.81,125.89,91.71,0.9547,16.2300,-30.4200,0.0000,0.0000,0.9102,0,-30.4200,-390.5795,-378.8944,0.1022,-389.4965,0.9073,PHASE_2_DRIVING,-16.52,-12.98,700.4,247.9,151.56,1558,2000,,
675,09:42:50.649,ROI,160,160,256,256,13.06,14.20,10.4,27.5,70.43,556.14,205.71,124.88,90.64,0.9643,16.3500,-31.9500,0.0000,0.0000,0.8964,0,-31.9500,-390.9110,-383.7177,0.0508,-390.5631,0.9516,PHASE_2_DRIVING,-16.30,-14.26,700.4,247.9,150.31,1350,2000,,
676,09:42:50.778,ROI,160,160,256,256,11.37,12.05,0.0,0.0,82.98,556.98,206.34,126.03,91.54,0.9731,16.7900,-31.5900,0.0000,0.0000,0.9071,0,-31.5900,-390.8768,-395.5867,0.0622,-391.1526,0.9415,PHASE_2_DRIVING,-16.16,-14.99,700.4,247.9,149.32,1392,2000,,
677,09:42:50.825,ROI,160,160,256,256,7.94,8.62,11.1,0.0,115.98,557.52,206.21,127.70,90.93,0.9805,17.0200,-30.3400,0.0000,0.0000,0.9149,0,-30.3400,-390.8548,-395.6053,0.0919,-391.2546,0.9158,PHASE_2_DRIVING,-16.27,-14.99,700.4,247.9,148.84,1479,2000,,
678,09:42:50.889,ROI,160,160,256,256,10.10,10.97,0.0,0.0,91.19,560.18,207.74,127.97,90.03,0.9278,16.3800,-29.7100,0.0000,0.0000,0.9042,0,-29.7100,-390.7727,-393.5913,0.1788,-391.2003,0.8483,PHASE_2_DRIVING,-15.98,-15.22,700.4,247.9,145.85,1444,2000,,
679,09:42:50.954,ROI,160,160,256,256,9.83,10.73,0.0,0.0,93.20,561.94,208.02,130.32,91.02,0.9627,15.7600,-29.2700,0.0000,0.0000,0.8942,0,-29.2700,-390.3891,-391.5390,0.2841,-390.6435,0.7788,PHASE_2_DRIVING,-16.07,-14.58,700.4,247.9,144.09,1571,2000,,
680,09:42:51.002,ROI,160,160,288,288,9.39,10.41,10.375,0.0,96.07,562.17,207.91,129.55,87.52,0.9558,15.1600,-28.5900,0.0000,0.0000,0.8208,0,-28.5900,-389.9538,-389.2963,0.3699,-389.7762,0.7300,PHASE_2_DRIVING,-16.14,-13.64,700.4,247.9,143.90,1640,2000,,
681,09:42:51.066,ROI,160,160,288,288,11.15,11.94,7.325,32.725,83.78,565.01,207.99,129.02,88.07,0.9511,16.4500,-26.2600,0.0000,0.0000,0.8238,0,-26.2600,-389.1579,-387.2798,0.5024,-388.5299,0.6656,PHASE_2_DRIVING,-16.42,-12.11,700.4,247.9,141.15,1775,2000,,
682,09:42:51.114,ROI,160,160,288,288,12.02,12.82,10.8,30.475,78.02,569.73,210.01,132.34,89.98,0.8901,16.3000,-28.6000,0.0000,0.0000,0.8448,0,-28.6000,-388.8746,-385.6276,0.6898,-387.5491,0.5918,PHASE_2_DRIVING,-16.17,-11.38,700.4,247.9,136.05,1688,2000,,
683,09:42:51.242,ROI,160,160,288,288,11.66,12.55,0.0,0.0,79.69,570.94,210.94,131.42,88.09,0.9613,15.3100,-28.6300,0.0000,0.0000,0.8028,0,-28.6300,-388.6595,-384.6320,0.8870,-386.7663,0.5299,PHASE_2_DRIVING,-15.94,-10.83,700.4,247.9,134.63,1682,2000,,
684,09:42:51.291,ROI,160,160,288,288,12.76,14.12,0.0,27.675,70.83,576.12,212.81,129.69,87.84,0.8866,17.9400,-27.8600,0.0000,0.0000,0.8742,0,-27.8600,-388.2909,-383.8263,1.1320,-385.9204,0.4690,PHASE_2_DRIVING,-15.77,-10.15,700.4,247.9,129.14,1723,2000,,
685,09:42:51.354,ROI,160,160,288,288,8.16,8.87,7.95,0.0,112.76,577.93,212.47,128.20,85.99,0.9520,18.1200,-26.0300,0.0000,0.0000,0.8746,0,-26.0300,-387.6164,-383.0768,1.3721,-384.9906,0.4216,PHASE_2_DRIVING,-16.14,-8.86,700.4,247.9,127.50,1859,2000,,
686,09:42:51.418,ROI,160,160,288,288,10.35,11.26,0.0,34.7,88.81,582.33,214.23,129.47,86.62,0.8977,18.4000,-25.1500,0.0000,0.0000,0.8613,0,-25.1500,-386.8235,-382.2555,1.6333,-383.9902,0.3797,PHASE_2_DRIVING,-15.92,-8.07,700.4,247.9,122.78,1811,2000,,
687,09:42:51.466,ROI,160,160,288,288,10.92,11.71,0.0,0.0,85.42,583.48,214.94,127.28,84.56,0.9590,16.2400,-25.3300,0.0000,0.0000,0.7904,0,-25.3300,-386.0509,-381.2281,1.8639,-382.9120,0.3492,PHASE_2_DRIVING,-15.74,-7.17,700.4,247.9,121.48,1863,2000,,
688,09:42:51.529,ROI,160,160,256,256,10.66,11.36,7.65,0.0,88.03,586.90,216.58,124.67,84.24,0.9118,17.6900,-23.8000,0.0000,0.0000,0.8655,0,-23.8000,-385.1634,-380.1116,2.0923,-381.7453,0.3234,PHASE_2_DRIVING,-15.43,-6.32,700.4,247.9,117.74,1887,2000,,
689,09:42:51.594,ROI,160,160,256,256,10.30,11.07,0.0,0.0,90.34,588.56,217.49,122.66,82.75,0.9527,18.0400,-23.4200,0.0000,0.0000,0.8628,0,-23.4200,-384.3171,-379.3938,2.2960,-380.8876,0.3034,PHASE_2_DRIVING,-15.21,-5.68,700.4,247.9,115.90,1879,2000,,
690,09:42:51.641,ROI,160,160,256,256,8.54,9.23,10.925,0.0,108.34,591.49,218.17,122.06,82.85,0.9381,17.5200,-24.7100,0.0000,0.0000,0.8659,0,-24.7100,-383.8702,-378.3808,2.4623,-379.9663,0.2888,PHASE_2_DRIVING,-15.27,-4.70,700.4,247.9,112.90,1969,2000,,
691,09:42:51.754,ROI,160,160,256,256,7.72,8.42,3.75,0.0,118.74,598.68,221.12,126.96,83.04,0.8326,18.2400,-22.7000,0.0000,0.0000,0.8767,0,-22.7000,-383.1292,-377.2993,2.7030,-378.8737,0.2700,PHASE_2_DRIVING,-14.75,-4.12,700.4,247.9,105.19,1928,2000,,
692,09:42:51.818,ROI,160,160,256,256,9.75,10.93,7.075,35.775,91.47,601.86,223.05,126.08,84.21,0.9092,16.0400,-22.2500,0.0000,0.0000,0.8657,0,-22.2500,-382.3903,-375.8724,2.9005,-377.5434,0.2564,PHASE_2_DRIVING,-14.15,-3.39,700.4,247.9,101.63,1982,2000,,
693,09:42:51.882,ROI,160,160,256,256,10.59,11.31,7.35,34.55,88.44,604.22,224.46,128.21,84.06,0.9324,16.5900,-21.2800,0.0000,0.0000,0.8550,0,-21.2800,-381.7662,-376.1050,3.0671,-377.4970,0.2459,PHASE_2_DRIVING,-13.70,-3.80,700.4,247.9,99.00,1794,2000,,
694,09:42:51.929,ROI,160,160,288,288,14.84,15.57,0.0,0.0,64.24,608.77,226.59,130.59,85.50,0.8876,17.5200,-21.6600,0.0000,0.0000,0.8646,0,-21.6600,-381.3671,-377.2262,3.2352,-378.2039,0.2361,PHASE_2_DRIVING,-13.09,-5.11,700.4,247.9,94.07,1624,2000,,
695,09:42:51.993,ROI,160,160,288,288,14.83,15.58,0.0,25.075,64.20,611.40,226.40,131.04,87.82,0.9356,17.3200,-21.7000,2.7400,-17.2700,0.8745,0,-21.7000,-381.0115,-378.6216,3.3397,-379.1723,0.2304,PHASE_2_DRIVING,-13.58,-5.59,700.4,247.9,91.56,1721,2000,,
696,09:42:52.057,ROI,160,160,288,288,13.28,14.00,0.0,0.0,71.42,614.85,228.00,129.33,86.45,0.9149,17.0800,-21.7600,0.0000,0.0000,0.8549,0,-21.7600,-380.7497,-379.5139,3.4516,-379.7915,0.2246,PHASE_2_DRIVING,-13.10,-6.70,700.4,247.9,87.83,1600,2000,,
697,09:42:52.106,ROI,160,160,288,288,11.61,12.84,0.0,0.0,77.87,616.63,228.80,128.29,85.99,0.9551,17.1600,-21.7600,0.0000,0.0000,0.8710,0,-21.7600,-380.5785,-380.3533,3.5116,-380.4032,0.2217,PHASE_2_DRIVING,-12.84,-7.56,700.4,247.9,85.92,1603,2000,,
698,09:42:52.233,ROI,160,160,288,288,23.28,24.23,0.0,0.0,41.27,623.67,231.82,129.96,87.26,0.8391,17.5900,-19.8700,0.0000,0.0000,0.8964,0,-19.8700,-380.0767,-381.0988,3.5887,-380.8761,0.2179,PHASE_2_DRIVING,-11.84,-9.04,700.4,247.9,78.40,1480,2000,,
699,09:42:52.282,ROI,160,160,288,288,12.93,13.65,0.0,0.0,73.27,627.21,231.29,125.75,85.63,0.9285,18.9200,-18.6900,2.8800,-15.8900,0.9183,0,-18.6900,-379.2275,-381.5548,3.6360,-381.0528,0.2157,PHASE_2_DRIVING,-12.79,-8.26,700.4,247.9,75.05,1779,1973,,
700,09:42:52.347,ROI,160,160,256,256,12.83,13.71,7.55,0.0,72.92,630.25,231.83,128.38,89.76,0.9100,18.3900,-21.5900,0.0000,0.0000,0.8904,0,-21.5900,-379.3646,-381.7228,3.7002,-381.2210,0.2128,PHASE_2_DRIVING,-12.90,-8.32,700.4,247.9,71.97,1646,1953,,
701,09:42:52.395,ROI,160,160,288,288,13.51,14.22,11.625,0.0,70.32,634.70,233.23,127.33,87.01,0.9045,19.6000,-19.9200,0.0000,0.0000,0.9107,0,-19.9200,-379.2863,-381.8318,3.7423,-381.2950,0.2109,PHASE_2_DRIVING,-12.58,-8.71,700.4,247.9,67.32,1510,1856,,
702,09:42:52.459,ROI,160,160,256,256,10.88,11.80,0.0,0.0,84.71,635.66,233.53,125.42,87.06,0.9782,19.2700,-22.6200,0.0000,0.0000,0.8917,0,-22.6200,-379.8278,-381.8164,3.7709,-381.3996,0.2096,PHASE_2_DRIVING,-12.52,-8.88,700.4,247.9,66.31,1499,1816,,
703,09:42:52.521,ROI,160,160,256,256,8.58,9.30,7.7,0.0,107.53,637.64,234.34,126.02,87.38,0.9514,19.2300,-21.3500,0.0000,0.0000,0.9010,0,-21.3500,-379.9980,-381.6167,3.7380,-381.2750,0.2111,PHASE_2_DRIVING,-12.19,-9.09,700.4,247.9,64.21,1446,1764,,
704,09:42:52.572,ROI,160,160,256,256,12.35,13.91,0.0,0.0,71.87,642.42,235.41,126.94,85.78,0.9055,18.1500,-22.4900,0.0000,0.0000,0.8530,0,-22.4900,-380.3858,-381.1956,3.7525,-381.0252,0.2104,PHASE_2_DRIVING,-12.16,-8.87,700.4,247.9,59.31,1364,1601,,
705,09:42:52.699,ROI,160,160,256,256,13.48,14.19,6.925,0.0,70.46,648.59,236.98,125.87,88.22,0.8762,17.0800,-21.9800,0.0000,0.0000,0.8722,0,-21.9800,-380.7359,-380.6035,3.7734,-380.6312,0.2095,PHASE_2_DRIVING,-11.90,-8.73,700.4,247.9,52.95,1215,1432,,
706,09:42:52.745,ROI,160,160,256,256,10.12,10.85,0.0,0.0,92.20,648.70,237.49,121.65,89.14,0.9559,19.1500,-24.5900,0.0000,0.0000,0.8791,0,-24.5900,-381.5090,-379.9062,3.7314,-380.2450,0.2114,PHASE_2_DRIVING,-11.39,-8.86,700.4,247.9,52.73,1195,1442,,
707,09:42:52.810,ROI,160,160,256,256,10.58,11.30,0.0,0.0,88.46,652.10,239.91,123.65,92.43,0.8980,17.5100,-23.6600,0.0000,0.0000,0.8678,0,-23.6600,-382.0357,-379.2445,3.6609,-379.8433,0.2145,PHASE_2_DRIVING,-9.39,-10.45,700.4,247.9,48.96,1018,1430,,
708,09:42:52.874,ROI,160,160,256,256,8.81,9.76,0.0,0.0,102.49,655.22,238.79,124.69,87.98,0.9065,17.8800,-21.7700,0.0000,0.0000,0.8699,0,-21.7700,-382.3146,-378.4248,3.5569,-379.2784,0.2194,PHASE_2_DRIVING,-11.40,-7.88,700.4,247.9,46.09,1180,1125,,
709,09:42:52.921,ROI,160,160,256,256,8.70,9.44,10.5,0.0,105.95,659.13,239.06,126.96,88.45,0.9342,18.6400,-21.4300,0.0000,0.0000,0.8769,0,-21.4300,-382.3522,-377.4896,3.5344,-378.5620,0.2205,PHASE_2_DRIVING,-12.09,-6.47,700.4,247.9,42.21,1047,1064,,
710,09:42:52.986,ROI,160,160,256,256,9.82,10.67,7.0,0.0,93.73,660.87,239.93,123.49,89.89,0.9542,17.5400,-20.6500,0.0000,0.0000,0.8563,0,-20.6500,-382.2025,-376.5312,3.4862,-377.7954,0.2229,PHASE_2_DRIVING,-11.40,-6.39,700.4,247.9,40.32,947,1070,,
711,09:42:53.048,ROI,160,160,256,256,11.30,12.04,15.225,0.0,83.05,663.30,240.50,124.13,89.33,0.9496,19.3400,-19.2600,0.0000,0.0000,0.8971,0,-19.2600,-381.6885,-375.6294,3.4072,-377.0042,0.2269,PHASE_2_DRIVING,-11.27,-5.73,700.4,247.9,37.83,917,975,,
712,09:42:53.162,ROI,160,160,256,256,10.43,11.14,0.0,35.075,89.77,666.95,240.88,126.70,89.09,0.9357,18.3500,-19.0300,0.0000,0.0000,0.8864,0,-19.0300,-381.2051,-374.8378,3.3626,-376.2973,0.2292,PHASE_2_DRIVING,-11.85,-4.44,700.4,247.9,34.18,860,848,,
713,09:42:53.225,ROI,160,160,256,256,8.55,9.52,0.0,0.0,105.00,669.60,241.10,128.27,90.00,0.9497,18.4600,-20.1200,0.0000,0.0000,0.8780,0,-20.1200,-380.9954,-374.0324,3.2897,-375.6556,0.2331,PHASE_2_DRIVING,-12.44,-3.21,700.4,247.9,31.54,802,775,,
714,09:42:53.276,ROI,160,160,288,288,11.27,12.14,0.0,0.0,82.36,670.39,239.13,126.54,86.27,0.9432,19.1400,-19.3500,0.0000,0.0000,0.9005,0,-19.3500,-380.6625,-373.1593,3.1721,-374.9577,0.2397,PHASE_2_DRIVING,-16.29,1.33,700.4,247.9,31.27,934,629,,
715,09:42:53.338,ROI,160,160,256,256,8.33,9.15,7.8,0.0,109.30,673.23,241.96,129.49,88.96,0.8975,18.4000,-19.3600,0.0000,0.0000,0.8861,0,-19.3600,-380.3739,-372.4033,3.0354,-374.3784,0.2478,PHASE_2_DRIVING,-12.33,-2.05,700.4,247.9,27.81,587,803,,
716,09:42:53.388,ROI,160,160,288,288,9.73,10.61,0.0,0.0,94.22,675.02,241.20,125.30,86.58,0.9418,19.6700,-20.0400,0.0000,0.0000,0.9123,0,-20.0400,-380.0565,-371.8005,2.9541,-373.8884,0.2529,PHASE_2_DRIVING,-14.79,0.90,700.4,247.9,26.25,740,573,,
717,09:42:53.449,ROI,160,160,256,256,11.76,12.82,7.725,0.0,78.01,677.02,242.54,128.29,89.02,0.9400,17.7000,-18.2100,0.0000,0.0000,0.8883,0,-18.2100,-379.2306,-371.2469,2.8702,-373.3098,0.2584,PHASE_2_DRIVING,-12.92,-0.39,700.4,247.9,23.99,566,633,,
718,09:42:53.562,ROI,160,160,288,288,10.49,11.21,0.0,0.0,89.20,679.92,242.31,127.91,84.46,0.9076,21.1200,-18.5300,0.0000,0.0000,0.9222,0,-18.5300,-378.8008,-370.6542,2.7907,-372.8033,0.2638,PHASE_2_DRIVING,-15.27,2.47,700.4,247.9,21.23,605,457,,
719,09:42:53.626,ROI,160,160,256,256,8.76,10.05,0.0,0.0,99.50,680.63,244.34,130.34,90.70,0.9138,16.9300,-18.2600,0.0000,0.0000,0.8791,0,-18.2600,-378.1838,-370.2082,2.7166,-372.3541,0.2691,PHASE_2_DRIVING,-10.22,-2.13,700.4,247.9,20.09,399,605,,
720,09:42:53.690,ROI,160,160,288,288,8.92,9.63,0.0,0.0,103.85,682.25,245.01,125.14,85.66,0.9067,19.2400,-19.6300,0.0000,0.0000,0.9069,0,-19.6300,-378.1764,-369.9206,2.5949,-372.2171,0.2782,PHASE_2_DRIVING,-9.05,-3.16,700.4,247.9,18.38,426,493,,
721,09:42:53.738,ROI,160,160,256,256,9.52,10.42,10.325,0.0,95.98,685.01,246.44,125.90,89.44,0.9173,17.5300,-20.9000,0.0000,0.0000,0.8850,0,-20.9000,-378.3402,-369.8498,2.4678,-372.2982,0.2884,PHASE_2_DRIVING,-5.42,-6.88,700.4,247.9,15.46,302,471,,
722,09:42:53.802,ROI,160,160,256,256,12.58,13.77,7.225,0.0,72.62,686.39,245.47,126.02,85.47,0.9353,18.4700,-19.4700,0.0000,0.0000,0.9093,0,-19.4700,-378.3460,-369.8495,2.3565,-372.3808,0.2979,PHASE_2_DRIVING,-9.83,-2.55,700.4,247.9,14.22,408,303,,
723,09:42:53.866,ROI,160,160,256,256,14.44,15.34,7.775,25.475,65.19,686.61,246.62,125.39,85.12,0.9688,18.2500,-18.9000,0.0000,0.0000,0.8973,0,-18.9000,-378.2313,-370.0171,2.2847,-372.5178,0.3044,PHASE_2_DRIVING,-5.32,-7.20,700.4,247.9,13.85,257,436,,
724,09:42:53.913,ROI,160,160,256,256,10.84,11.79,0.0,0.0,84.85,688.00,245.89,125.89,84.18,0.9616,18.5900,-18.5800,0.0000,0.0000,0.9210,0,-18.5800,-378.3953,-370.3050,2.1576,-372.8671,0.3167,PHASE_2_DRIVING,-9.22,-3.65,700.4,247.9,12.56,347,281,,
725,09:42:54.042,ROI,160,160,256,256,8.10,9.58,0.0,0.0,104.36,688.42,246.74,124.21,85.02,0.9671,18.0600,-18.8300,0.0000,0.0000,0.9058,0,-18.8300,-378.6125,-371.0154,2.0341,-373.5193,0.3296,PHASE_2_DRIVING,-5.51,-8.01,700.4,247.9,12.04,224,378,,
726,09:42:54.089,ROI,160,160,256,256,8.30,9.03,0.0,43.3,110.78,690.26,246.46,122.77,84.42,0.9638,17.6600,-19.4700,0.0000,0.0000,0.9003,0,-19.4700,-378.8354,-371.8084,1.9195,-374.2153,0.3425,PHASE_2_DRIVING,-8.06,-6.16,700.4,247.9,10.25,259,253,,
727,09:42:54.154,ROI,160,160,256,256,8.65,9.36,0.0,0.0,106.89,689.58,245.44,121.86,81.10,0.9503,17.8900,-17.8300,0.0000,0.0000,0.9102,0,-17.8300,-378.7252,-372.4966,1.7906,-374.7286,0.3584,PHASE_2_DRIVING,-12.81,-1.92,700.4,247.9,11.09,319,236,,
728,09:42:54.218,ROI,160,160,256,256,9.87,10.90,0.0,0.0,91.73,690.78,246.50,124.62,85.52,0.9273,18.0800,-18.0400,0.0000,0.0000,0.9088,0,-18.0400,-378.6345,-373.2712,1.6599,-375.2875,0.3760,PHASE_3_FINAL_ALIGNING,61.20,-76.49,700.4,247.9,9.72,-1530,1530,,
729,09:42:54.264,ROI,160,160,256,256,11.71,12.44,0.0,0.0,80.42,691.42,246.56,123.65,82.93,0.9597,18.3700,-17.4300,0.0000,0.0000,0.8991,0,-17.4300,-378.3103,-374.1487,1.5265,-375.7959,0.3958,PHASE_3_FINAL_ALIGNING,61.20,-77.00,700.4,247.9,9.08,-1540,1540,,
730,09:42:54.329,ROI,160,160,256,256,10.06,10.77,0.0,0.0,92.87,692.28,246.59,124.40,82.43,0.9804,18.8300,-17.0800,0.0000,0.0000,0.8946,0,-17.0800,-377.9210,-375.0442,1.4194,-376.2332,0.4133,PHASE_3_FINAL_ALIGNING,61.20,-77.43,700.4,247.9,8.22,-1549,1549,,
731,09:42:54.393,ROI,160,160,256,256,10.52,11.28,0.0,0.0,88.64,692.83,246.48,123.54,81.41,0.9788,18.5000,-17.0000,0.0000,0.0000,0.8989,0,-17.0000,-377.6706,-375.8087,1.3187,-376.6117,0.4313,PHASE_3_FINAL_ALIGNING,61.20,-77.81,700.4,247.9,7.70,-1556,1556,,
732,09:42:54.442,ROI,160,160,256,256,8.51,9.55,0.0,0.0,104.75,693.14,246.74,123.78,82.05,0.9873,18.6700,-16.0400,0.0000,0.0000,0.8961,0,-16.0400,-377.1930,-376.0191,1.1798,-376.5576,0.4588,PHASE_3_FINAL_ALIGNING,61.20,-77.76,700.4,247.9,7.36,-1555,1555,,
733,09:42:54.555,ROI,160,160,256,256,8.93,10.06,3.8,0.0,99.41,694.62,247.26,124.64,83.66,0.9577,17.9900,-16.5500,0.0000,0.0000,0.8811,0,-16.5500,-376.8789,-376.1151,1.0876,-376.4810,0.4790,PHASE_3_FINAL_ALIGNING,61.20,-77.68,700.4,247.9,5.82,-1554,1554,,
734,09:42:54.617,ROI,160,160,256,256,11.45,12.35,0.0,31.65,81.00,695.78,247.03,124.83,82.90,0.9727,18.8100,-14.6300,0.0000,0.0000,0.9059,0,-14.6300,-376.2967,-375.7254,0.9994,-376.0111,0.5001,PHASE_3_FINAL_ALIGNING,61.20,-77.21,700.4,247.9,4.70,-1544,1544,,
735,09:42:54.681,ROI,160,160,256,256,10.48,11.19,0.0,0.0,89.36,695.67,246.23,124.21,81.07,0.9731,18.8600,-16.6700,0.0000,0.0000,0.9163,0,-16.6700,-376.0236,-374.8004,0.9074,-375.4417,0.5243,PHASE_3_FINAL_ALIGNING,61.20,-76.64,700.4,247.9,5.01,-1533,1533,,
736,09:42:54.728,ROI,160,160,256,256,9.97,10.73,0.0,0.0,93.19,696.78,246.88,125.52,82.51,0.9654,18.9200,-16.0500,0.0000,0.0000,0.8998,0,-16.0500,-375.6861,-373.1503,0.8548,-374.5175,0.5392,PHASE_3_FINAL_ALIGNING,61.20,-75.72,700.4,247.9,3.76,-1514,1514,,
737,09:42:54.794,ROI,160,160,256,256,10.35,11.10,0.0,35.175,90.07,696.22,246.83,125.76,83.44,0.9803,20.4200,-13.7000,0.0000,0.0000,0.9132,0,-13.7000,-374.8812,-371.2936,0.7769,-373.3126,0.5628,PHASE_3_FINAL_ALIGNING,61.20,-74.51,700.4,247.9,4.31,-1490,1490,,
738,09:42:54.859,ROI,160,160,256,256,8.09,9.10,0.0,0.0,109.90,698.10,246.48,125.70,83.66,0.9626,20.0800,-10.6600,0.0000,0.0000,0.8846,0,-10.6600,-373.6863,-369.1999,0.7321,-371.7901,0.5773,PHASE_3_FINAL_ALIGNING,61.20,-72.99,700.4,247.9,2.71,-1460,1460,,
739,09:42:54.907,ROI,160,160,256,256,10.76,11.83,0.0,0.0,84.54,697.73,247.38,127.17,83.95,0.9676,21.0600,-8.6500,0.0000,0.0000,0.8854,0,-8.6500,-372.3785,-367.5776,0.7052,-370.3931,0.5865,PHASE_3_FINAL_ALIGNING,61.20,-71.59,700.4,247.9,2.72,-1432,1432,,
740,09:42:55.035,ROI,160,160,256,256,13.40,14.39,3.375,0.0,69.50,698.92,246.68,127.89,84.59,0.9655,14.1400,6.5500,0.0000,0.0000,0.8733,0,6.5500,-368.0156,-365.7808,0.6976,-367.0972,0.5891,PHASE_3_FINAL_ALIGNING,61.20,-68.30,700.4,247.9,1.92,-1366,1366,,
741,09:42:55.082,ROI,160,160,256,256,15.92,17.04,0.0,22.925,58.69,700.11,246.74,130.77,85.60,0.9665,14.5300,13.5200,0.0000,0.0000,0.9058,0,13.5200,-362.6192,-364.2484,0.6908,-363.2848,0.5915,PHASE_3_FINAL_ALIGNING,61.20,-64.48,700.4,247.9,1.20,-1290,1290,,
742,09:42:55.145,ROI,160,160,288,288,11.04,11.80,0.0,0.0,84.74,701.57,248.12,129.02,85.25,0.9469,14.9900,9.4900,0.0000,0.0000,0.9199,0,9.4900,-358.5809,-363.0946,0.7095,-360.4543,0.5850,PHASE_3_FINAL_ALIGNING,61.20,-61.65,700.4,247.9,1.19,-1233,1233,,
743,09:42:55.209,ROI,160,160,288,288,10.34,11.34,0.0,0.0,88.18,700.32,247.03,129.58,84.26,0.9561,11.9600,15.8700,0.0000,0.0000,0.9157,0,15.8700,-353.7570,-362.3954,0.6862,-357.2725,0.5930,PHASE_3_FINAL_ALIGNING,61.20,-58.47,700.4,247.9,0.88,-1169,1169,,
744,09:42:55.257,ROI,160,160,288,288,8.43,9.14,0.0,0.0,109.38,701.40,247.13,130.50,84.46,0.9811,11.8500,17.9300,0.0000,0.0000,0.8936,0,17.9300,-349.1913,-361.9295,0.6931,-354.4058,0.5906,PHASE_3_FINAL_ALIGNING,61.20,-55.61,700.4,247.9,1.27,-1112,1112,,
745,09:42:55.321,ROI,160,160,288,288,7.99,8.69,0.0,0.0,115.08,700.62,246.17,129.58,84.06,0.9660,11.8400,23.0900,0.0000,0.0000,0.7984,0,23.0900,-344.0434,-361.0171,0.6476,-350.7150,0.6069,PHASE_3_FINAL_ALIGNING,61.20,-51.91,700.4,247.9,1.74,-1038,1038,,
746,09:42:55.386,ROI,160,160,288,288,7.96,9.38,0.0,0.0,106.58,701.44,246.76,127.08,86.09,0.9580,13.9100,24.1900,0.0000,0.0000,0.7986,0,24.1900,-339.4116,-360.2733,0.6191,-347.3889,0.6176,PHASE_3_FINAL_ALIGNING,61.20,-48.59,700.4,247.9,1.55,-972,972,,
747,09:42:55.433,ROI,160,160,256,256,10.84,11.57,0.0,0.0,86.43,701.26,246.03,129.68,85.98,0.9638,12.4300,24.4800,0.0000,0.0000,0.7511,0,24.4800,-335.3935,-359.4769,0.5781,-344.2163,0.6337,PHASE_3_FINAL_ALIGNING,61.20,-45.42,700.4,247.9,2.05,-908,908,,
748,09:42:55.546,ROI,160,160,288,288,9.72,10.45,3.875,0.0,95.69,704.49,244.54,127.21,89.60,0.9137,13.3100,34.1000,0.0000,0.0000,0.8381,0,34.1000,-330.1028,-358.1327,0.5924,-340.5305,0.6280,PHASE_3_FINAL_ALIGNING,61.20,-41.73,700.4,247.9,5.29,-835,835,,
749,09:42:55.609,ROI,160,160,256,256,9.49,10.59,0.0,0.0,94.43,700.93,245.63,121.22,92.11,0.9198,12.5300,35.8500,0.0000,0.0000,0.7758,0,35.8500,-325.3429,-356.5307,0.5307,-336.1557,0.6533,PHASE_3_FINAL_ALIGNING,61.20,-37.36,700.4,247.9,2.33,-747,747,,
750,09:42:55.675,ROI,160,160,256,256,7.87,8.73,0.0,0.0,114.59,701.62,244.46,117.39,91.78,0.9443,13.9000,36.1000,0.0000,0.0000,0.8053,0,36.1000,-321.3524,-354.0382,0.4750,-331.8778,0.6780,PHASE_3_FINAL_ALIGNING,61.20,-33.08,700.4,247.9,3.65,-662,662,,
751,09:42:55.723,ROI,160,160,256,256,8.68,9.37,9.95,0.0,106.68,701.03,245.52,114.61,93.70,0.9546,12.7900,43.4500,0.0000,0.0000,0.7912,0,43.4500,-316.8289,-351.5341,0.4157,-327.0195,0.7064,PHASE_3_FINAL_ALIGNING,61.20,-28.22,700.4,247.9,2.46,-564,564,,
752,09:42:55.787,ROI,160,160,256,256,8.48,9.24,7.175,0.0,108.26,700.60,246.50,113.20,94.26,0.9674,13.1500,44.4200,0.0000,0.0000,0.7910,0,44.4200,-312.9461,-349.2273,0.3544,-322.4405,0.7383,PHASE_3_FINAL_ALIGNING,61.20,-23.64,700.4,247.9,1.41,-473,473,,
753,09:42:55.849,ROI,160,160,256,256,15.34,16.25,0.0,24.025,61.54,700.08,247.98,111.46,94.77,0.9545,16.1700,48.4100,0.0000,0.0000,0.8525,0,48.4100,-309.5094,-347.2365,0.2698,-317.5257,0.7875,PHASE_3_FINAL_ALIGNING,61.20,-18.73,700.4,247.9,0.33,-374,374,,
754,09:42:55.963,ROI,160,160,224,224,17.23,18.35,4.0,21.3,54.49,699.05,248.22,108.53,103.04,0.8975,15.4100,55.0500,0.0000,0.0000,0.8464,0,55.0500,-305.7864,-346.2578,0.1770,-311.8720,0.8496,PHASE_3_FINAL_ALIGNING,61.20,-13.07,700.4,247.9,1.39,-261,261,,
755,09:42:56.025,ROI,160,160,224,224,13.65,14.58,8.875,0.0,68.61,699.67,249.40,110.35,104.99,0.9614,16.4900,56.3900,0.0000,0.0000,0.8809,0,56.3900,-302.7754,-350.7117,0.0860,-306.5731,0.9208,PHASE_3_FINAL_ALIGNING,61.20,-7.77,700.4,247.9,1.67,-155,155,,
756,09:42:56.074,ROI,160,160,224,224,8.66,9.50,0.0,41.125,105.23,699.60,250.23,110.15,104.71,0.9825,16.4900,57.9200,0.0000,0.0000,0.8703,0,57.9200,-300.3431,-330.3266,0.0827,-302.6326,0.9236,PHASE_3_FINAL_ALIGNING,61.20,-3.83,700.4,247.9,2.46,-77,77,,
757,09:42:56.138,ROI,160,160,224,224,8.97,9.75,7.125,0.0,102.54,698.52,250.52,106.19,104.94,0.9589,17.4300,59.5400,0.0000,0.0000,0.8662,0,59.5400,-298.5591,-320.0389,0.1684,-301.6546,0.8559,PHASE_3_FINAL_ALIGNING,61.20,-2.85,700.4,247.9,3.22,-57,57,,
758,09:42:56.202,ROI,160,160,224,224,10.01,10.89,0.0,0.0,91.84,699.57,249.19,103.56,102.83,0.9506,17.8200,59.3800,0.0000,0.0000,0.8726,0,59.3800,-296.3152,-312.6778,0.2192,-299.2574,0.8202,PHASE_3_FINAL_ALIGNING,61.20,-0.46,700.4,247.9,1.53,-9,9,,
759,09:42:56.249,ROI,160,160,224,224,12.82,13.64,0.0,0.0,73.32,699.94,249.80,102.28,104.78,0.9696,18.7500,60.3700,0.0000,0.0000,0.8758,0,60.3700,-294.0211,-306.3539,0.2616,-296.5783,0.7926,PHASE_3_FINAL_ALIGNING,61.20,2.22,700.4,247.9,1.95,44,-44,,
760,09:42:56.378,ROI,160,160,224,224,10.84,11.75,0.0,0.0,85.12,699.97,249.85,100.09,104.23,0.9734,19.3800,61.7700,0.0000,0.0000,0.8656,0,61.7700,-292.7102,-299.7578,0.3078,-294.3688,0.7647,PHASE_3_FINAL_ALIGNING,61.20,4.43,700.4,247.9,2.00,89,-89,,
761,09:42:56.426,ROI,160,160,224,224,10.74,11.54,0.0,0.0,86.64,699.87,250.16,100.65,104.66,0.9886,19.5400,61.6000,0.0000,0.0000,0.8672,0,61.6000,-291.6423,-294.3380,0.3489,-292.3396,0.7413,PHASE_3_FINAL_ALIGNING,61.20,6.46,700.4,247.9,2.32,129,-129,,
762,09:42:56.489,ROI,160,160,224,224,8.85,9.71,0.0,0.0,103.00,699.32,250.41,102.45,104.50,0.9779,19.6400,62.7300,0.0000,0.0000,0.8496,0,62.7300,-290.9166,-289.7207,0.3843,-290.5846,0.7224,PHASE_3_FINAL_ALIGNING,61.20,8.22,700.4,247.9,2.73,164,-164,,
763,09:42:56.537,ROI,160,160,224,224,8.17,8.94,10.2,0.0,111.87,699.28,250.49,102.69,104.83,0.9945,19.7200,62.7200,0.0000,0.0000,0.8524,0,62.7200,-290.4056,-286.2708,0.4032,-289.2175,0.7127,PHASE_3_FINAL_ALIGNING,61.20,9.58,700.4,247.9,2.82,192,-192,,
764,09:42:56.602,ROI,160,160,224,224,8.73,9.66,0.0,0.0,103.49,699.48,250.46,102.52,104.66,0.9946,19.7600,63.0400,0.0000,0.0000,0.8492,0,63.0400,-290.4020,-283.5650,0.4144,-288.3989,0.7070,PHASE_3_FINAL_ALIGNING,61.20,10.40,700.4,247.9,2.72,208,-208,,
765,09:42:56.664,ROI,160,160,224,224,11.87,12.58,7.475,0.0,79.51,699.46,250.43,102.45,104.68,0.9988,19.8600,63.0700,0.0000,0.0000,0.8499,0,63.0700,-291.0418,-281.7508,0.4053,-288.3619,0.7116,PHASE_3_FINAL_ALIGNING,61.20,10.44,700.4,247.9,2.70,209,-209,,
766,09:42:56.714,ROI,160,160,224,224,11.33,12.06,0.0,0.0,82.93,699.43,250.46,102.44,104.72,0.9989,19.7200,63.0100,0.0000,0.0000,0.8474,0,63.0100,-291.3019,-278.9351,0.3380,-288.1778,0.7474,PHASE_3_FINAL_ALIGNING,61.20,10.62,700.4,247.9,2.74,212,-212,,
767,09:42:56.843,ROI,160,160,224,224,9.31,10.27,0.0,0.0,97.41,699.52,250.42,102.47,104.66,0.9976,19.8000,63.1200,0.0000,0.0000,0.8482,0,63.1200,-291.8522,-276.8329,0.2989,-288.3962,0.7699,PHASE_3_FINAL_ALIGNING,61.20,10.40,700.4,247.9,2.67,208,-208,,
768,09:42:56.890,ROI,160,160,224,224,7.88,8.55,0.0,0.0,116.96,699.87,250.28,101.89,104.12,0.9880,19.8500,62.6800,0.0000,0.0000,0.8614,0,62.6800,-292.9433,-274.3794,0.2204,-289.5901,0.8194,PHASE_3_FINAL_ALIGNING,61.20,9.21,700.4,247.9,2.44,184,-184,,
769,09:42:56.953,ROI,160,160,224,224,7.96,8.66,7.175,0.0,115.46,699.70,250.07,102.14,103.89,0.9927,19.4000,62.1200,0.0000,0.0000,0.8611,0,62.1200,-293.7986,-271.7348,0.1507,-290.9093,0.8690,PHASE_3_FINAL_ALIGNING,61.20,7.89,700.4,247.9,2.28,158,-158,,
770,09:42:57.019,ROI,160,160,224,224,8.97,9.82,6.875,0.0,101.87,699.84,249.71,101.01,103.49,0.9820,18.9900,61.5800,0.0000,0.0000,0.8625,0,61.5800,-294.9842,-267.8586,0.0875,-292.8007,0.9195,PHASE_3_FINAL_ALIGNING,61.20,6.00,700.4,247.9,1.89,120,-120,,
771,09:42:57.065,ROI,160,160,224,224,11.04,11.71,10.75,0.0,85.40,699.73,249.74,100.98,103.91,0.9938,18.9800,60.3200,0.0000,0.0000,0.8707,0,60.3200,-296.2854,-261.4436,0.0522,-294.5554,0.9503,PHASE_3_FINAL_ALIGNING,61.20,4.24,700.4,247.9,1.96,85,-85,,
772,09:42:57.130,ROI,160,160,224,224,12.79,13.82,7.3,28.3,72.38,699.78,249.90,102.65,104.96,0.9739,18.5000,60.5200,0.0000,0.0000,0.8683,0,60.5200,-297.0169,-250.5423,0.0204,-296.0865,0.9800,PHASE_3_FINAL_ALIGNING,61.20,2.71,700.4,247.9,2.09,54,-54,,
773,09:42:57.194,ROI,160,160,224,224,10.59,11.39,0.0,0.0,87.76,699.59,249.83,102.86,104.73,0.9941,17.9400,60.1500,0.0000,0.0000,0.8597,0,60.1500,-297.7712,-271.1507,0.0207,-297.2308,0.9797,PHASE_3_FINAL_ALIGNING,61.20,1.57,700.4,247.9,2.09,31,-31,,
774,09:42:57.241,ROI,160,160,224,224,8.22,9.21,0.0,0.0,108.56,699.62,250.48,104.38,105.28,0.9732,17.5600,59.5000,0.0000,0.0000,0.8580,0,59.5000,-298.5544,-284.3442,0.0204,-298.2709,0.9800,PHASE_3_FINAL_ALIGNING,61.20,0.53,700.4,247.9,2.70,11,-11,,
775,09:42:57.353,ROI,160,160,224,224,11.48,12.71,0.0,0.0,78.67,699.08,250.01,105.95,103.68,0.9705,17.5300,58.9300,0.0000,0.0000,0.8738,0,58.9300,-299.3021,-291.2535,0.0118,-299.2086,0.9884,PHASE_3_FINAL_ALIGNING,61.20,-0.41,700.4,247.9,2.49,-8,8,,
776,09:42:57.418,ROI,160,160,224,224,9.83,10.80,0.0,0.0,92.56,699.06,250.17,106.34,103.98,0.9934,17.4500,58.8000,0.0000,0.0000,0.8738,0,58.8000,-300.0835,-311.6816,0.0218,-300.3314,0.9786,PHASE_3_FINAL_ALIGNING,61.20,-1.53,700.4,247.9,2.64,-31,31,,
777,09:42:57.482,ROI,160,160,224,224,14.16,15.01,7.35,0.0,66.63,699.10,250.04,106.36,103.87,0.9968,17.4100,58.6600,0.0000,0.0000,0.8739,0,58.6600,-300.7733,-296.9300,0.0279,-300.6688,0.9728,PHASE_3_FINAL_ALIGNING,61.20,-1.87,700.4,247.9,2.51,-37,37,,
778,09:42:57.530,ROI,160,160,224,224,15.12,16.05,11.575,0.0,62.30,699.04,250.11,107.04,104.19,0.9905,17.0500,58.0200,0.0000,0.0000,0.8683,0,58.0200,-301.4085,-284.7155,0.0330,-300.8752,0.9680,PHASE_3_FINAL_ALIGNING,61.20,-2.08,700.4,247.9,2.60,-42,42,,
779,09:42:57.594,ROI,160,160,224,224,12.27,13.13,0.0,29.75,76.14,698.94,250.13,107.42,104.31,0.9953,17.0100,58.0100,0.0000,0.0000,0.8695,0,58.0100,-301.9989,-273.4096,0.0352,-301.0256,0.9660,PHASE_4_FWD_BWD,61.20,-2.23,700.4,247.9,2.66,0,0,,
780,09:42:57.658,ROI,160,160,224,224,8.26,9.25,7.6,0.0,108.10,699.71,249.20,105.43,103.07,0.9642,17.4300,58.0600,0.0000,0.0000,0.8735,0,58.0600,-302.3906,-265.8927,0.0440,-300.8532,0.9579,PHASE_4_FWD_BWD,61.20,-2.05,700.4,247.9,1.47,0,0,,
781,09:42:57.705,ROI,160,160,224,224,8.09,9.01,0.0,0.0,110.93,699.87,250.25,107.59,104.27,0.9605,16.8900,57.9100,0.0000,0.0000,0.8647,0,57.9100,-302.7321,-258.9274,0.0335,-301.3117,0.9676,PHASE_4_FWD_BWD,61.20,-2.51,700.4,247.9,2.41,0,0,,
782,09:42:57.834,ROI,160,160,224,224,7.95,8.82,0.0,0.0,113.32,699.00,250.24,108.16,104.69,0.9801,16.8000,57.8400,0.0000,0.0000,0.8693,0,57.8400,-302.9680,-248.0875,0.0324,-301.2447,0.9686,PHASE_4_FWD_BWD,61.20,-2.44,700.4,247.9,2.73,0,0,,
783,09:42:57.882,ROI,160,160,224,224,8.96,9.67,10.0,0.0,103.38,698.97,250.18,108.47,104.71,0.9961,16.7900,57.7600,0.0000,0.0000,0.8688,0,57.7600,-303.1257,-271.4750,0.0365,-302.0117,0.9648,PHASE_4_FWD_BWD,61.20,-3.21,700.4,247.9,2.69,0,0,,
784,09:42:57.944,ROI,160,160,224,224,8.50,9.20,14.925,0.0,108.68,699.53,249.31,106.27,103.46,0.9636,17.3600,58.0400,0.0000,0.0000,0.8702,0,58.0400,-303.1396,-294.3266,0.0370,-302.8255,0.9643,PHASE_4_FWD_BWD,61.20,-4.03,700.4,247.9,1.66,0,0,,
785,09:42:57.992,ROI,160,160,224,224,7.98,8.69,20.15,0.0,115.07,699.83,250.30,107.91,104.72,0.9664,16.6200,57.7500,0.0000,0.0000,0.8603,0,57.7500,-303.1135,-311.2614,0.0253,-303.3149,0.9753,PHASE_4_FWD_BWD,61.20,-4.51,700.4,247.9,2.47,0,0,,
786,09:42:58.058,ROI,160,160,224,224,7.91,8.60,13.65,0.0,116.29,699.57,249.34,107.97,104.37,0.9773,16.6800,58.3800,0.0000,0.0000,0.8754,0,58.3800,-302.9131,-331.0478,0.0172,-303.3901,0.9830,PHASE_4_FWD_BWD,61.20,-4.59,700.4,247.9,1.66,0,0,,
787,09:42:58.122,ROI,160,160,224,224,7.96,8.66,14.225,0.0,115.50,699.94,249.31,107.56,105.42,0.9834,17.3200,58.7000,0.0000,0.0000,0.8759,0,58.7000,-302.6340,-323.1426,0.0170,-302.9762,0.9833,PHASE_4_FWD_BWD,61.20,-4.18,700.4,247.9,1.48,0,0,,
788,09:42:58.170,ROI,160,160,224,224,8.01,8.72,19.6,0.0,114.71,701.21,247.96,107.67,104.99,0.9522,17.5800,58.2400,0.0000,0.0000,0.8853,0,58.2400,-302.4490,-322.0426,0.0661,-303.6635,0.9380,PHASE_4_FWD_BWD,61.20,-4.86,700.4,247.9,0.81,0,0,,
789,09:42:58.297,ROI,160,160,224,224,7.94,8.63,3.3,0.0,115.83,702.55,245.22,103.52,103.28,0.9127,17.1600,58.3000,0.0000,0.0000,0.8704,0,58.3000,-302.3332,-318.1551,0.1656,-304.5811,0.8579,PHASE_4_FWD_BWD,61.20,-5.78,700.4,247.9,3.44,0,0,,
790,09:42:58.344,ROI,160,160,224,224,9.21,9.90,20.275,0.0,100.99,704.28,244.75,103.66,103.61,0.9585,16.6300,57.9900,0.0000,0.0000,0.8527,0,57.9900,-302.2231,-310.5386,0.2774,-304.0286,0.7829,PHASE_4_FWD_BWD,61.20,-5.23,700.4,247.9,5.00,0,0,,
791,09:42:58.408,ROI,160,160,224,224,7.83,8.58,7.225,0.0,116.61,704.04,243.99,103.89,104.44,0.9809,17.4200,58.9900,0.0000,0.0000,0.8712,0,58.9900,-301.9051,-315.3594,0.3819,-305.6231,0.7237,PHASE_4_FWD_BWD,61.20,-6.82,700.4,247.9,5.35,0,0,,
792,09:42:58.474,ROI,160,160,224,224,7.94,8.65,13.675,0.0,115.58,705.68,242.33,103.68,103.46,0.9390,17.3600,58.3200,0.0000,0.0000,0.8586,0,58.3200,-301.7761,-323.8055,0.5024,-309.1430,0.6656,PHASE_4_FWD_BWD,61.20,-10.34,700.4,247.9,7.68,0,0,,
793,09:42:58.522,ROI,160,160,224,224,8.02,8.72,19.85,0.0,114.67,709.87,239.72,102.83,101.85,0.8779,17.3200,57.5300,0.0000,0.0000,0.8719,0,57.5300,-301.8514,-328.8227,0.6854,-312.8195,0.5933,PHASE_4_FWD_BWD,61.20,-14.02,700.4,247.9,12.52,0,0,,
794,09:42:58.585,ROI,160,160,224,224,11.63,12.30,14.5,0.0,81.27,711.38,237.47,99.64,98.91,0.9268,17.8700,56.0700,0.0000,0.0000,0.8782,0,56.0700,-302.2154,-341.1539,0.8822,-320.4664,0.5313,PHASE_4_FWD_BWD,61.20,-21.67,700.4,247.9,15.14,0,0,,
795,09:42:58.634,ROI,160,160,224,224,7.93,8.61,21.05,0.0,116.08,714.37,234.47,98.88,96.81,0.8868,17.1000,56.1000,0.0000,0.0000,0.8680,0,56.1000,-302.5410,-336.4977,1.1194,-320.4760,0.4718,PHASE_4_FWD_BWD,61.20,-21.68,700.4,247.9,19.38,0,0,,
796,09:42:58.762,ROI,160,160,224,224,15.23,16.43,6.55,0.0,60.87,716.24,231.83,96.81,95.47,0.9120,17.5600,56.9000,0.0000,0.0000,0.8637,0,56.9000,-302.7290,-331.1664,1.3659,-319.1469,0.4227,PHASE_4_FWD_BWD,61.20,-20.35,700.4,247.9,22.56,0,0,,
797,09:42:58.809,ROI,160,160,224,224,9.52,10.16,0.0,0.0,98.41,719.64,228.20,98.32,95.58,0.8665,16.4300,55.4300,0.0000,0.0000,0.8593,0,55.4300,-303.1994,-324.1859,1.6464,-316.2557,0.3779,PHASE_4_FWD_BWD,61.20,-17.46,700.4,247.9,27.54,0,0,,
798,09:42:58.873,ROI,160,160,224,224,7.99,8.68,7.15,0.0,115.18,720.64,226.46,98.48,95.21,0.9452,17.7100,54.6200,0.0000,0.0000,0.8811,0,54.6200,-303.7847,-317.1357,1.9224,-312.5672,0.3422,PHASE_4_FWD_BWD,61.20,-13.77,700.4,247.9,29.48,0,0,,
799,09:42:58.936,ROI,160,160,224,224,10.00,10.69,7.25,0.0,93.58,722.34,223.23,96.67,94.54,0.9031,17.2900,54.7500,2.0300,49.6300,0.8670,0,54.7500,-304.2997,-308.4757,2.1837,-307.1640,0.3141,PHASE_4_FWD_BWD,61.20,-8.36,700.4,247.9,33.01,0,0,,
800,09:42:58.985,ROI,160,160,224,224,9.54,10.22,0.0,0.0,97.88,724.23,222.34,97.41,97.30,0.9350,17.7500,56.0000,0.0000,0.0000,0.8599,0,56.0000,-304.5112,-295.9398,2.3949,-298.4646,0.2946,PHASE_4_FWD_BWD,61.20,0.34,700.4,247.9,34.94,0,0,,
801,09:42:59.048,ROI,160,160,224,224,9.27,9.95,14.7,0.0,100.52,725.82,218.58,95.06,95.28,0.8956,17.8000,57.5200,0.0000,0.0000,0.8493,0,57.5200,-304.3882,-299.4236,2.5968,-300.8039,0.2780,PHASE_4_FWD_BWD,61.20,-2.00,700.4,247.9,38.80,0,0,,
802,09:42:59.163,ROI,160,160,192,192,7.97,8.76,3.725,44.575,114.10,729.31,214.11,92.90,93.43,0.8470,19.3200,54.2200,0.0000,0.0000,0.9117,0,54.2200,-304.9054,-304.8788,2.8326,-304.8857,0.2609,PHASE_4_FWD_BWD,61.20,-6.09,700.4,247.9,44.47,0,0,,
803,09:42:59.226,ROI,160,160,192,192,7.82,8.50,7.1,0.0,117.65,731.66,213.60,92.62,94.67,0.9384,17.5200,53.8300,0.0000,0.0000,0.8906,0,53.8300,-305.4675,-309.4620,2.9966,-308.4625,0.2502,PHASE_4_FWD_BWD,61.20,-9.66,700.4,247.9,46.41,0,0,,
804,09:42:59.274,ROI,160,160,192,192,8.22,8.92,19.975,0.0,112.08,733.74,210.48,94.32,94.49,0.8967,17.7500,53.7800,0.0000,0.0000,0.8938,0,53.7800,-305.9012,-317.5261,3.1365,-314.7157,0.2418,PHASE_4_FWD_BWD,61.20,-15.92,700.4,247.9,50.12,0,0,,
805,09:42:59.337,ROI,160,160,192,192,7.78,8.46,14.4,0.0,118.25,734.04,210.18,96.40,96.07,0.9623,17.8700,53.0700,0.0000,0.0000,0.8702,0,53.0700,-306.3639,-313.2396,3.1822,-311.5956,0.2391,PHASE_4_FWD_BWD,61.20,-12.80,700.4,247.9,50.54,0,0,,
806,09:42:59.402,ROI,160,160,224,224,8.40,9.23,13.875,42.325,108.35,735.54,208.53,97.41,96.45,0.9374,18.1800,54.2300,0.0000,0.0000,0.8669,0,54.2300,-306.5415,-312.4430,3.1962,-311.0366,0.2383,PHASE_4_FWD_BWD,61.20,-12.24,700.4,247.9,52.77,0,0,,
807,09:42:59.451,ROI,160,160,224,224,11.46,12.43,9.9,0.0,80.44,738.63,206.40,95.09,97.89,0.8991,19.3400,53.5200,0.0000,0.0000,0.8735,0,53.5200,-306.7874,-311.5690,3.2239,-310.4369,0.2368,PHASE_4_FWD_BWD,61.20,-11.64,700.4,247.9,56.42,0,0,,
808,09:42:59.578,ROI,160,160,224,224,8.53,9.24,3.4,0.0,108.18,741.68,203.13,93.27,99.11,0.8787,18.3300,54.5900,0.0000,0.0000,0.8940,0,54.5900,-306.7649,-311.1889,3.2499,-310.1480,0.2353,PHASE_4_FWD_BWD,61.20,-11.35,700.4,247.9,60.90,0,0,,
809,09:42:59.626,ROI,160,160,224,224,7.97,8.64,10.15,0.0,115.71,743.37,202.10,95.24,100.73,0.9455,19.6200,54.7200,0.0000,0.0000,0.9146,0,54.7200,-306.5450,-310.7892,3.2016,-309.7791,0.2380,PHASE_4_FWD_BWD,61.20,-10.98,700.4,247.9,62.80,0,0,,
810,09:42:59.689,ROI,160,160,224,224,8.36,9.05,14.45,0.0,110.45,744.61,199.61,95.54,100.90,0.9277,19.4000,53.5900,0.0000,0.0000,0.8949,0,53.5900,-306.5559,-310.4886,3.1278,-309.5359,0.2423,PHASE_4_FWD_BWD,61.20,-10.74,700.4,247.9,65.47,0,0,,
811,09:42:59.753,ROI,160,160,224,224,8.04,8.76,14.125,0.0,114.18,746.83,198.54,97.06,101.71,0.9354,20.7300,54.0000,0.0000,0.0000,0.9036,0,54.0000,-306.4877,-310.5354,3.0673,-309.5402,0.2459,PHASE_4_FWD_BWD,61.20,-10.74,700.4,247.9,67.77,0,0,,
812,09:42:59.800,ROI,160,160,224,224,7.84,8.55,20.275,0.0,117.00,748.52,195.77,96.52,101.92,0.9154,18.5000,53.7000,0.0000,0.0000,0.8808,0,53.7000,-306.5812,-310.7429,3.0014,-309.7028,0.2499,PHASE_4_FWD_BWD,61.20,-10.90,700.4,247.9,70.94,0,0,,
813,09:42:59.864,ROI,160,160,224,224,8.00,8.68,14.075,0.0,115.25,749.85,194.89,98.81,101.99,0.9566,20.4300,54.3900,0.0000,0.0000,0.9037,0,54.3900,-306.4886,-311.1430,2.9308,-309.9589,0.2544,PHASE_4_FWD_BWD,61.20,-11.16,700.4,247.9,72.49,0,0,,
814,09:42:59.914,ROI,160,160,224,224,11.37,12.50,9.55,0.0,79.98,751.62,191.77,98.66,100.74,0.9082,18.4100,53.6200,0.0000,0.0000,0.8745,0,53.6200,-306.4347,-311.5963,2.8746,-310.2641,0.2581,PHASE_4_FWD_BWD,61.20,-11.46,700.4,247.9,75.98,0,0,,
815,09:43:00.041,ROI,160,160,224,224,7.95,8.65,6.85,0.0,115.64,753.81,189.21,96.15,101.82,0.9098,17.7000,55.7200,0.0000,0.0000,0.8829,0,55.7200,-306.0567,-312.0980,2.8650,-310.5349,0.2587,PHASE_4_FWD_BWD,61.20,-11.73,700.4,247.9,79.36,0,0,,
816,09:43:00.089,ROI,160,160,224,224,8.37,9.09,19.75,0.0,110.04,756.28,185.39,94.00,102.98,0.8829,16.5200,56.5500,0.0000,0.0000,0.8581,0,56.5500,-305.6040,-312.5314,2.8651,-310.7391,0.2587,PHASE_4_FWD_BWD,61.20,-11.94,700.4,247.9,83.84,0,0,,
817,09:43:00.154,ROI,160,160,224,224,10.07,10.80,14.0,0.0,92.62,757.76,183.39,93.93,103.98,0.9327,19.1900,56.5200,0.0000,0.0000,0.8917,0,56.5200,-305.1768,-312.8211,2.8655,-310.8435,0.2587,PHASE_4_FWD_BWD,61.20,-12.04,700.4,247.9,86.33,0,0,,
818,09:43:00.217,ROI,160,160,224,224,7.95,8.65,7.4,0.0,115.61,760.23,180.79,94.64,102.19,0.9034,18.3000,55.7000,0.0000,0.0000,0.8901,0,55.7000,-304.8096,-313.0647,2.8569,-310.9244,0.2593,PHASE_4_FWD_BWD,61.20,-12.12,700.4,247.9,89.91,0,0,,
819,09:43:00.265,ROI,160,160,224,224,8.08,8.78,9.9,0.0,113.92,760.85,178.42,94.82,98.71,0.9418,19.6200,55.3100,0.0000,0.0000,0.8934,0,55.3100,-304.3481,-313.0244,2.8486,-310.7700,0.2598,PHASE_4_FWD_BWD,61.20,-11.97,700.4,247.9,92.10,0,0,,
820,09:43:00.328,ROI,160,160,224,224,8.47,9.18,14.45,0.0,108.99,762.70,175.87,94.32,96.61,0.9136,19.5700,54.1500,0.0000,0.0000,0.8929,0,54.1500,-304.4519,-312.6563,2.8973,-310.5512,0.2566,PHASE_4_FWD_BWD,61.20,-11.75,700.4,247.9,95.23,0,0,,
821,09:43:00.376,ROI,160,160,224,224,8.07,8.77,10.025,0.0,114.03,763.61,173.29,94.16,94.68,0.9298,19.6500,54.1100,0.0000,0.0000,0.8787,0,54.1100,-304.6060,-312.1205,2.9247,-310.2058,0.2548,PHASE_4_FWD_BWD,61.20,-11.41,700.4,247.9,97.78,0,0,,
822,09:43:00.506,ROI,160,160,192,192,9.21,9.91,6.45,0.0,100.92,766.89,169.08,92.87,91.08,0.8536,20.0500,54.7200,0.0000,0.0000,0.9129,0,54.7200,-304.6457,-311.3622,3.0136,-309.6888,0.2492,PHASE_4_FWD_BWD,61.20,-10.89,700.4,247.9,103.12,0,0,,
823,09:43:00.553,ROI,160,160,192,192,7.67,8.31,20.9,0.0,120.27,770.01,165.77,91.64,89.59,0.8705,20.6500,55.4600,0.0000,0.0000,0.9113,0,55.4600,-304.6293,-310.4484,3.0819,-309.0228,0.2450,PHASE_4_FWD_BWD,61.20,-10.22,700.4,247.9,107.66,0,0,,
824,09:43:00.617,ROI,160,160,192,192,7.55,8.24,13.975,0.0,121.37,770.53,163.87,92.24,89.92,0.9480,21.6300,57.0800,0.0000,0.0000,0.9174,0,57.0800,-304.1944,-309.3554,3.1087,-308.0993,0.2434,PHASE_4_FWD_BWD,61.20,-9.30,700.4,247.9,109.45,0,0,,
825,09:43:00.683,ROI,160,160,192,192,7.54,8.23,13.725,0.0,121.47,772.00,162.59,91.28,89.30,0.9415,21.2300,57.1800,0.0000,0.0000,0.9207,0,57.1800,-303.8679,-308.2115,3.1221,-307.1578,0.2426,PHASE_4_FWD_BWD,61.20,-8.36,700.4,247.9,111.38,0,0,,
826,09:43:00.729,ROI,160,160,192,192,8.86,9.55,20.25,0.0,104.76,775.48,159.78,93.91,90.31,0.8731,22.2800,55.0300,0.0000,0.0000,0.9389,0,55.0300,-303.9268,-307.1712,3.1848,-306.3959,0.2390,PHASE_4_FWD_BWD,61.20,-7.60,700.4,247.9,115.77,0,0,,
827,09:43:00.795,ROI,160,160,192,192,11.56,12.58,7.025,31.05,79.48,775.32,157.57,92.63,88.93,0.9391,20.6500,52.6600,0.0000,0.0000,0.8949,0,52.6600,-304.4640,-306.1789,3.1996,-305.7705,0.2381,PHASE_4_FWD_BWD,61.20,-6.97,700.4,247.9,117.36,0,0,,
828,09:43:00.858,ROI,160,160,192,192,7.62,8.74,7.65,0.0,114.44,777.93,154.98,92.96,89.87,0.8936,20.5000,53.9200,0.0000,0.0000,0.9190,0,53.9200,-304.8328,-305.2232,3.2190,-305.1307,0.2370,PHASE_4_FWD_BWD,61.20,-6.33,700.4,247.9,121.01,0,0,,
829,09:43:00.906,ROI,160,160,192,192,7.54,8.19,9.9,0.0,122.15,780.14,153.20,93.98,88.00,0.9170,18.6300,51.4400,0.0000,0.0000,0.8792,0,51.4400,-305.6694,-304.5204,3.2137,-304.7931,0.2373,PHASE_4_FWD_BWD,61.20,-5.99,700.4,247.9,123.81,0,0,,
830,09:43:01.018,ROI,160,160,192,192,8.96,10.05,7.475,0.0,99.51,781.50,150.52,93.07,89.66,0.9154,20.7900,53.3900,0.0000,0.0000,0.9132,0,53.3900,-306.0953,-303.9921,3.2078,-304.4919,0.2377,PHASE_4_FWD_BWD,61.20,-5.69,700.4,247.9,126.73,0,0,,
831,09:43:01.082,ROI,160,160,192,192,9.01,9.71,14.525,0.0,102.98,783.24,149.22,92.32,86.82,0.9329,20.8100,52.2600,0.0000,0.0000,0.8847,0,52.2600,-306.6704,-303.7523,3.1520,-304.4551,0.2409,PHASE_4_FWD_BWD,61.20,-5.66,700.4,247.9,128.84,0,0,,
832,09:43:01.146,ROI,160,160,192,192,8.16,8.89,14.45,0.0,112.46,783.79,148.40,90.66,84.54,0.9563,20.9000,52.1100,0.0000,0.0000,0.8951,0,52.1100,-307.3244,-303.7320,3.0666,-304.6154,0.2459,PHASE_4_FWD_BWD,61.20,-5.82,700.4,247.9,129.82,0,0,,
833,09:43:01.194,ROI,160,160,192,192,10.58,11.33,20.175,0.0,88.28,784.69,147.93,90.66,84.68,0.9696,19.4400,50.7900,0.0000,0.0000,0.8796,0,50.7900,-307.9887,-303.9852,2.9521,-304.9982,0.2530,PHASE_4_FWD_BWD,61.20,-6.20,700.4,247.9,130.77,0,0,,
834,09:43:01.257,ROI,160,160,192,192,8.95,9.69,15.05,0.0,103.22,785.26,147.24,91.19,85.36,0.9718,19.7700,50.7200,0.0000,0.0000,0.8783,0,50.7200,-308.4887,-304.4500,2.8360,-305.5028,0.2607,PHASE_4_FWD_BWD,61.20,-6.70,700.4,247.9,131.66,0,0,,
835,09:43:01.322,ROI,160,160,192,192,9.39,10.05,14.15,0.0,99.51,785.29,146.78,91.10,84.83,0.9884,20.3700,50.8800,0.0000,0.0000,0.9066,0,50.8800,-308.8569,-305.0618,2.6767,-306.0940,0.2720,PHASE_4_FWD_BWD,61.20,-7.29,700.4,247.9,132.02,0,0,,
836,09:43:01.370,ROI,160,160,192,192,9.16,9.84,20.4,0.0,101.60,786.32,146.10,91.16,84.92,0.9621,20.4900,51.2400,0.0000,0.0000,0.8811,0,51.2400,-309.1436,-305.9283,2.5140,-306.8433,0.2846,PHASE_4_FWD_BWD,61.20,-8.04,700.4,247.9,133.22,0,0,,
837,09:43:01.498,ROI,160,160,192,192,10.18,10.88,6.6,0.0,91.90,786.54,145.44,90.43,85.68,0.9768,21.5300,52.4100,0.0000,0.0000,0.8933,0,52.4100,-309.1560,-306.8560,2.3174,-307.5493,0.3014,PHASE_4_FWD_BWD,61.20,-8.75,700.4,247.9,133.86,0,0,,
838,09:43:01.546,ROI,160,160,192,192,9.04,9.69,10.55,0.0,103.17,786.76,145.53,89.63,85.69,0.9890,21.1100,52.2400,0.0000,0.0000,0.8818,0,52.2400,-309.2811,-307.8290,2.0975,-308.2978,0.3228,PHASE_4_FWD_BWD,61.20,-9.50,700.4,247.9,133.93,0,0,,
839,09:43:01.611,ROI,160,160,192,192,9.04,9.74,7.1,0.0,102.68,786.90,145.52,89.45,85.58,0.9955,21.6100,53.0100,0.0000,0.0000,0.8949,0,53.0100,-309.2196,-308.7805,1.8500,-308.9346,0.3509,PHASE_4_FWD_BWD,61.20,-10.13,700.4,247.9,134.03,0,0,,
840,09:43:01.657,ROI,160,160,192,192,8.81,9.55,21.325,0.0,104.76,786.98,145.49,89.33,85.54,0.9976,21.4400,52.7900,0.0000,0.0000,0.8885,0,52.7900,-309.1160,-309.6731,1.6336,-309.4616,0.3797,PHASE_4_FWD_BWD,61.20,-10.66,700.4,247.9,134.11,0,0,,
841,09:43:01.722,ROI,160,160,192,192,8.96,9.62,14.15,0.0,104.00,787.10,145.38,89.15,85.56,0.9948,21.6900,53.0400,0.0000,0.0000,0.8930,0,53.0400,-308.8452,-310.5630,1.4452,-309.8605,0.4090,PHASE_4_FWD_BWD,61.20,-11.06,700.4,247.9,134.27,0,0,,
842,09:43:01.785,ROI,160,160,192,192,8.74,9.41,14.575,0.0,106.32,787.07,145.24,89.45,85.87,0.9930,21.4000,52.8500,0.0000,0.0000,0.8943,0,52.8500,-308.3908,-311.2769,1.2383,-309.9875,0.4468,PHASE_4_FWD_BWD,61.20,-11.19,700.4,247.9,134.35,0,0,,
843,09:43:01.833,ROI,160,160,192,192,9.20,10.10,20.3,0.0,99.02,787.12,145.19,89.30,85.92,0.9973,21.4200,52.8400,0.0000,0.0000,0.8940,0,52.8400,-307.8532,-311.9183,1.0191,-309.9050,0.4953,PHASE_4_FWD_BWD,61.20,-11.10,700.4,247.9,134.42,0,0,,
844,09:43:01.961,ROI,160,160,192,192,8.79,9.46,6.625,0.0,105.70,786.48,145.30,89.35,86.46,0.9797,21.0300,53.1600,0.0000,0.0000,0.9017,0,53.1600,-307.4127,-312.6776,0.8303,-309.8010,0.5464,PHASE_4_FWD_BWD,61.20,-11.00,700.4,247.9,133.93,0,0,,
845,09:43:02.009,ROI,160,160,192,192,8.78,9.43,20.175,0.0,106.00,786.12,145.85,89.00,86.23,0.9793,19.7700,52.4500,0.0000,0.0000,0.8774,0,52.4500,-307.3482,-313.1645,0.6224,-309.5794,0.6164,PHASE_4_FWD_BWD,61.20,-10.78,700.4,247.9,133.27,0,0,,
846,09:43:02.074,ROI,160,160,192,192,7.46,8.13,7.025,0.0,122.97,785.99,145.98,88.91,86.39,0.9940,19.2400,53.1500,0.0000,0.0000,0.8624,0,53.1500,-306.9967,-313.3770,0.4503,-308.9777,0.6895,PHASE_4_FWD_BWD,61.20,-10.18,700.4,247.9,133.09,0,0,,
847,09:43:02.137,ROI,160,160,192,192,7.97,8.65,14.275,0.0,115.67,785.43,146.33,89.81,86.29,0.9798,19.8900,52.8800,0.0000,0.0000,0.8741,0,52.8800,-306.9625,-313.4861,0.2974,-308.4578,0.7708,PHASE_4_FWD_BWD,61.20,-9.66,700.4,247.9,132.46,0,0,,
848,09:43:02.186,ROI,160,160,192,192,8.97,9.63,19.4,0.0,103.81,785.08,146.49,90.01,85.34,0.9814,19.7300,52.3500,0.0000,0.0000,0.8644,0,52.3500,-306.8453,-312.3453,0.1782,-307.6771,0.8488,PHASE_4_FWD_BWD,61.20,-8.88,700.4,247.9,132.12,0,0,,
849,09:43:02.250,ROI,160,160,192,192,7.60,8.33,7.25,0.0,120.03,783.97,147.33,90.22,86.16,0.9568,19.9200,51.9500,0.0000,0.0000,0.8676,0,51.9500,-306.9174,-307.0979,0.0710,-306.9293,0.9337,PHASE_4_FWD_BWD,61.20,-8.13,700.4,247.9,130.76,0,0,,
850,09:43:02.362,ROI,160,160,192,192,9.62,10.38,7.5,0.0,96.29,781.48,150.35,92.14,86.94,0.8845,19.1900,51.2100,0.0000,0.0000,0.8910,0,51.2100,-307.1521,-312.1565,0.1115,-307.6542,0.8997,PHASE_4_FWD_BWD,61.20,-8.85,700.4,247.9,126.85,0,0,,
851,09:43:02.425,ROI,160,160,192,192,9.00,9.68,14.925,0.0,103.32,780.87,151.09,91.74,87.01,0.9702,19.5700,52.3200,0.0000,0.0000,0.8762,0,52.3200,-307.2905,-314.2060,0.2658,-308.7425,0.7900,PHASE_4_FWD_BWD,61.20,-9.94,700.4,247.9,125.88,0,0,,
852,09:43:02.474,ROI,160,160,192,192,7.60,8.25,19.7,0.0,121.16,778.50,153.51,92.84,89.60,0.9004,19.1600,52.7400,0.0000,0.0000,0.8835,0,52.7400,-307.3776,-315.3257,0.4551,-309.8634,0.6872,PHASE_4_FWD_BWD,61.20,-11.06,700.4,247.9,122.51,0,0,,
853,09:43:02.538,ROI,160,160,192,192,10.02,10.70,14.05,0.0,93.44,778.02,154.32,92.14,89.15,0.9720,18.6000,53.2300,0.0000,0.0000,0.8614,0,53.2300,-307.3820,-316.0331,0.6354,-310.7433,0.6115,PHASE_4_FWD_BWD,61.20,-11.94,700.4,247.9,121.58,0,0,,
854,09:43:02.602,ROI,160,160,192,192,7.56,8.29,14.7,47.1,120.57,776.92,155.76,93.11,92.41,0.9422,19.2100,52.9100,0.0000,0.0000,0.8543,0,52.9100,-307.4532,-316.4055,0.8019,-311.4373,0.5550,PHASE_4_FWD_BWD,61.20,-12.64,700.4,247.9,119.77,0,0,,
855,09:43:02.651,ROI,160,160,192,192,8.37,9.08,9.65,43.05,110.18,774.60,159.56,92.77,90.62,0.8771,19.9500,53.5800,0.0000,0.0000,0.9070,0,53.5800,-307.2865,-316.3968,1.0047,-311.8524,0.4988,PHASE_4_FWD_BWD,61.20,-13.05,700.4,247.9,115.36,0,0,,
856,09:43:02.778,ROI,160,160,192,192,7.67,8.31,3.3,0.0,120.30,770.69,164.59,91.81,89.36,0.8249,19.5700,53.2100,0.0000,0.0000,0.8767,0,53.2100,-307.2350,-316.0507,1.2796,-312.1835,0.4387,PHASE_4_FWD_BWD,61.20,-13.38,700.4,247.9,109.00,0,0,,
857,09:43:02.825,ROI,160,160,192,192,7.61,8.29,10.05,0.0,120.56,769.00,165.45,91.64,90.61,0.9460,19.7300,55.8800,0.0000,0.0000,0.8711,0,55.8800,-306.5685,-315.5784,1.5326,-312.0209,0.3948,PHASE_4_FWD_BWD,61.20,-13.22,700.4,247.9,107.26,0,0,,
858,09:43:02.890,ROI,160,160,192,192,7.49,8.13,6.9,0.0,123.00,766.79,169.02,92.17,92.54,0.8830,19.5600,55.4600,0.0000,0.0000,0.8783,0,55.4600,-306.0627,-314.9427,1.8016,-311.7731,0.3569,PHASE_4_FWD_BWD,61.20,-12.97,700.4,247.9,103.10,0,0,,
859,09:43:02.953,ROI,160,160,192,192,7.62,8.31,7.125,0.0,120.38,765.95,170.24,91.04,90.16,0.9561,19.2500,53.4000,0.0000,0.0000,0.8608,0,53.4000,-305.9976,-314.2269,2.0296,-311.5106,0.3301,PHASE_4_FWD_BWD,61.20,-12.71,700.4,247.9,101.63,0,0,,
860,09:43:03.002,ROI,160,160,192,192,7.46,8.14,19.25,0.0,122.82,763.43,173.37,91.67,93.30,0.8851,17.1800,54.0200,0.0000,0.0000,0.8313,0,54.0200,-305.8330,-313.4217,2.2593,-311.0934,0.3068,PHASE_4_FWD_BWD,61.20,-12.29,700.4,247.9,97.61,0,0,,
861,09:43:03.065,ROI,160,160,192,192,7.98,8.61,14.2,0.0,116.10,762.68,175.63,93.47,95.75,0.9352,17.2700,53.6500,0.0000,0.0000,0.8430,0,53.6500,-305.7658,-312.5204,2.4511,-310.5632,0.2898,PHASE_4_FWD_BWD,61.20,-11.76,700.4,247.9,95.40,0,0,,
862,09:43:03.130,ROI,160,160,192,192,7.57,8.26,13.875,0.0,121.11,760.52,178.60,96.67,99.54,0.8999,16.6400,53.2300,0.0000,0.0000,0.8437,0,53.2300,-305.7633,-311.6738,2.6365,-310.0485,0.2750,PHASE_4_FWD_BWD,61.20,-11.25,700.4,247.9,91.75,0,0,,
863,09:43:03.178,ROI,160,160,224,224,7.58,8.27,19.975,0.0,120.89,759.72,179.33,95.94,100.16,0.9693,17.8800,55.4900,0.0000,0.0000,0.8399,0,55.4900,-305.3782,-310.7533,2.7666,-309.3263,0.2655,PHASE_4_FWD_BWD,61.20,-10.53,700.4,247.9,90.67,0,0,,
864,09:43:03.290,ROI,160,160,224,224,7.44,8.12,7.525,0.0,123.10,756.06,185.15,95.52,105.66,0.8306,16.0600,55.6400,0.0000,0.0000,0.8105,0,55.6400,-304.9381,-309.7141,2.9327,-308.4997,0.2543,PHASE_4_FWD_BWD,61.20,-9.70,700.4,247.9,83.88,0,0,,
865,09:43:03.353,ROI,160,160,224,224,7.44,8.15,14.2,0.0,122.67,755.09,187.23,95.07,103.80,0.9420,17.8200,56.7800,0.0000,0.0000,0.8502,0,56.7800,-304.3382,-308.6080,3.0488,-307.5534,0.2470,PHASE_4_FWD_BWD,61.20,-8.75,700.4,247.9,81.68,0,0,,
866,09:43:03.417,ROI,160,160,224,224,7.53,8.21,6.95,0.0,121.74,753.71,188.96,95.62,101.08,0.9397,17.8900,54.8800,0.0000,0.0000,0.8401,0,54.8800,-304.2546,-306.8605,3.1056,-306.2258,0.2436,PHASE_4_FWD_BWD,61.20,-7.43,700.4,247.9,79.47,0,0,,
867,09:43:03.466,ROI,160,160,224,224,7.48,8.24,19.25,0.0,121.38,752.29,190.28,96.82,100.87,0.9461,17.3500,55.3700,0.0000,0.0000,0.8218,0,55.3700,-304.1595,-302.8089,3.1133,-303.1373,0.2431,PHASE_4_FWD_BWD,61.20,-4.34,700.4,247.9,77.54,0,0,,
868,09:43:03.529,ROI,160,160,224,224,10.85,11.83,7.225,0.0,84.54,749.38,194.34,95.77,101.75,0.8709,17.9000,54.5500,0.0000,0.0000,0.8299,0,54.5500,-304.3745,-303.7532,3.1749,-303.9020,0.2395,PHASE_4_FWD_BWD,61.20,-5.10,700.4,247.9,72.58,0,0,,
869,09:43:03.594,ROI,160,160,224,224,7.72,8.41,14.5,0.0,118.91,748.83,195.58,95.86,99.64,0.9646,19.9700,55.3600,0.0000,0.0000,0.8793,0,55.3600,-304.3589,-303.7453,3.1664,-303.8926,0.2400,PHASE_4_FWD_BWD,61.20,-5.09,700.4,247.9,71.29,0,0,,
870,09:43:03.642,ROI,160,160,224,224,7.62,8.30,9.9,0.0,120.43,746.77,198.26,97.41,103.32,0.9096,18.8100,54.8500,0.0000,0.0000,0.8612,0,54.8500,-304.4544,-303.6208,3.1696,-303.8208,0.2398,PHASE_4_FWD_BWD,61.20,-5.02,700.4,247.9,67.93,0,0,,
871,09:43:03.770,ROI,160,160,224,224,7.41,8.10,6.5,0.0,123.39,742.71,201.44,94.05,101.23,0.8651,18.0900,55.1900,0.0000,0.0000,0.8552,0,55.1900,-304.4629,-303.6539,3.1646,-303.8481,0.2401,PHASE_4_FWD_BWD,61.20,-5.05,700.4,247.9,62.84,0,0,,
872,09:43:03.818,ROI,160,160,224,224,8.12,8.82,19.775,0.0,113.35,741.50,202.30,95.24,98.38,0.9477,17.8300,53.5400,0.0000,0.0000,0.8541,0,53.5400,-304.8791,-303.8423,3.0984,-304.0953,0.2440,PHASE_4_FWD_BWD,61.20,-5.30,700.4,247.9,61.38,0,0,,
873,09:43:03.882,ROI,160,160,224,224,8.04,8.70,7.1,0.0,114.89,739.01,204.32,94.56,97.47,0.9115,17.8500,53.0900,0.0000,0.0000,0.8418,0,53.0900,-305.3239,-304.1535,3.0532,-304.4423,0.2467,PHASE_4_FWD_BWD,61.20,-5.64,700.4,247.9,58.22,0,0,,
874,09:43:03.946,ROI,160,160,224,224,7.56,8.20,14.125,0.0,121.90,737.78,205.81,94.51,97.03,0.9454,16.9700,53.6700,0.0000,0.0000,0.8342,0,53.6700,-305.6826,-304.5485,3.0490,-304.8286,0.2470,PHASE_4_FWD_BWD,61.20,-6.03,700.4,247.9,56.30,0,0,,
875,09:43:03.993,ROI,160,160,224,224,7.65,8.32,20.1,0.0,120.19,736.89,206.55,94.86,95.54,0.9663,17.1100,53.8800,0.0000,0.0000,0.8293,0,53.8800,-305.7096,-305.1719,2.9898,-305.3067,0.2506,PHASE_4_FWD_BWD,61.20,-6.51,700.4,247.9,55.14,0,0,,
876,09:43:04.057,ROI,160,160,192,192,7.56,8.24,6.975,0.0,121.36,733.66,210.03,97.50,96.12,0.8715,17.5000,52.1100,0.0000,0.0000,0.8660,0,52.1100,-306.1106,-305.9628,2.9887,-305.9999,0.2507,PHASE_4_FWD_BWD,61.20,-7.20,700.4,247.9,50.40,0,0,,
877,09:43:04.122,ROI,160,160,224,224,7.73,8.41,6.9,0.0,118.93,732.85,210.57,96.45,95.33,0.9723,16.7500,54.8000,0.0000,0.0000,0.8395,0,54.8000,-306.1311,-306.9211,2.9248,-306.7198,0.2548,PHASE_4_FWD_BWD,61.20,-7.92,700.4,247.9,49.46,0,0,,
878,09:43:04.234,ROI,160,160,224,224,7.42,8.07,7.525,0.0,123.99,730.29,214.52,98.00,95.41,0.8751,16.1100,52.0900,0.0000,0.0000,0.8444,0,52.0900,-306.6619,-307.9956,2.9149,-307.6549,0.2554,PHASE_4_FWD_BWD,61.20,-8.85,700.4,247.9,44.81,0,0,,
879,09:43:04.297,ROI,160,160,224,224,7.58,8.26,7.1,0.0,121.07,727.10,216.53,95.41,94.78,0.8985,16.9000,52.6500,0.0000,0.0000,0.8090,0,52.6500,-307.0853,-309.1543,2.9031,-308.6242,0.2562,PHASE_4_FWD_BWD,61.20,-9.82,700.4,247.9,41.19,0,0,,
880,09:43:04.346,ROI,160,160,192,192,7.69,8.37,19.475,0.0,119.41,725.32,219.22,96.30,96.02,0.9117,15.5100,51.9200,0.0000,0.0000,0.8121,0,51.9200,-307.6873,-310.3361,2.9075,-309.6582,0.2559,PHASE_4_FWD_BWD,61.20,-10.86,700.4,247.9,38.00,0,0,,
881,09:43:04.410,ROI,160,160,224,224,7.59,8.29,13.95,0.0,120.64,723.96,222.35,99.41,98.91,0.9089,16.2900,55.4600,0.0000,0.0000,0.8049,0,55.4600,-307.2906,-311.4740,2.8791,-310.3956,0.2578,PHASE_4_FWD_BWD,61.20,-11.60,700.4,247.9,34.76,0,0,,
882,09:43:04.457,ROI,160,160,224,224,10.34,11.03,10.25,0.0,90.67,722.27,223.29,98.41,98.22,0.9483,16.9600,55.4100,2.5600,89.8100,0.8507,0,55.4100,-306.8870,-312.4985,2.9001,-311.0597,0.2564,PHASE_4_FWD_BWD,61.20,-12.26,700.4,247.9,32.93,0,0,,
883,09:43:04.586,ROI,160,160,224,224,9.23,9.93,6.6,0.0,100.71,719.41,230.52,100.98,101.64,0.8195,16.4200,55.6200,2.2200,91.1900,0.8395,0,55.6200,-306.3097,-313.1492,2.9860,-311.4333,0.2509,PHASE_4_FWD_BWD,61.20,-12.63,700.4,247.9,25.76,0,0,,
884,09:43:04.634,ROI,160,160,224,224,7.60,8.29,20.25,0.0,120.56,715.60,232.25,99.11,98.07,0.8949,17.0600,56.7600,0.0000,0.0000,0.8274,0,56.7600,-305.6898,-313.5766,3.0676,-311.6377,0.2458,PHASE_4_FWD_BWD,61.20,-12.84,700.4,247.9,21.81,0,0,,
885,09:43:04.698,ROI,160,160,224,224,11.84,12.70,14.125,30.75,78.72,714.38,232.45,95.48,95.31,0.9363,16.3800,58.0000,0.0000,0.0000,0.8460,0,58.0000,-304.7947,-313.8770,3.0849,-311.6536,0.2448,PHASE_4_FWD_BWD,61.20,-12.85,700.4,247.9,20.84,0,0,,
886,09:43:04.761,ROI,160,160,192,192,9.61,10.28,7.675,0.0,97.27,713.81,235.36,99.12,97.15,0.9074,16.9000,56.5400,0.0000,0.0000,0.8451,0,56.5400,-304.3356,-313.9114,3.1273,-311.5913,0.2423,PHASE_4_FWD_BWD,61.20,-12.79,700.4,247.9,18.36,0,0,,
887,09:43:04.810,ROI,160,160,224,224,7.63,8.29,20.375,47.1,120.56,711.88,237.06,99.97,101.02,0.9257,17.3000,58.4600,0.0000,0.0000,0.8479,0,58.4600,-303.4285,-313.6741,3.1282,-311.1923,0.2422,PHASE_4_FWD_BWD,61.20,-12.39,700.4,247.9,15.79,0,0,,
888,09:43:04.874,ROI,160,160,224,224,7.65,8.33,0.0,0.0,120.03,709.74,238.58,98.97,99.05,0.9296,16.9300,57.3700,0.0000,0.0000,0.8506,0,57.3700,-302.8555,-313.2159,3.1258,-310.7047,0.2424,PHASE_4_FWD_BWD,61.20,-11.90,700.4,247.9,13.19,0,0,,
889,09:43:04.938,ROI,160,160,224,224,9.06,9.71,6.925,0.0,103.01,706.69,240.41,99.69,101.98,0.9077,16.2500,57.8900,0.0000,0.0000,0.8247,0,57.8900,-302.1825,-312.7281,3.1686,-310.1983,0.2399,PHASE_4_FWD_BWD,61.20,-11.40,700.4,247.9,9.78,0,0,,
890,09:43:04.985,ROI,160,160,224,224,7.55,8.24,10.575,0.0,121.38,706.22,242.28,100.32,102.00,0.9551,15.4500,56.7300,0.0000,0.0000,0.8275,0,56.7300,-301.9777,-312.1836,3.1606,-309.7306,0.2403,PHASE_4_FWD_BWD,61.20,-10.93,700.4,247.9,8.09,0,0,,
891,09:43:05.114,ROI,160,160,224,224,7.55,8.66,6.475,0.0,115.43,703.93,244.55,102.90,102.48,0.9152,15.9400,57.6500,0.0000,0.0000,0.8373,0,57.6500,-301.6905,-311.6583,3.1607,-309.2626,0.2403,PHASE_4_FWD_BWD,61.20,-10.46,700.4,247.9,4.87,0,0,,
892,09:43:05.162,ROI,160,160,224,224,9.16,9.86,19.875,0.0,101.44,702.15,246.67,104.61,103.78,0.9277,14.9700,57.4400,0.0000,0.0000,0.8397,0,57.4400,-301.4618,-311.1548,3.1371,-308.8118,0.2417,PHASE_4_FWD_BWD,61.20,-10.01,700.4,247.9,2.13,0,0,,
893,09:43:05.227,ROI,160,160,224,224,7.53,8.20,7.15,0.0,121.93,701.61,247.27,105.41,104.78,0.9785,16.3600,57.8300,0.0000,0.0000,0.8659,0,57.8300,-301.1961,-310.7334,3.0382,-308.3717,0.2476,PHASE_4_FWD_BWD,61.20,-9.57,700.4,247.9,1.36,0,0,,
894,09:43:05.290,ROI,160,160,224,224,7.49,8.16,14.225,0.0,122.53,699.74,247.17,103.99,103.33,0.9518,16.1500,57.6400,0.0000,0.0000,0.8591,0,57.6400,-301.2353,-310.5252,2.9413,-308.1681,0.2537,PHASE_4_FWD_BWD,61.20,-9.37,700.4,247.9,0.99,0,0,,
895,09:43:05.338,ROI,160,160,224,224,7.55,8.26,19.725,0.0,121.11,700.13,247.81,109.14,104.66,0.9407,16.7200,56.1900,0.0000,0.0000,0.8690,0,56.1900,-301.3694,-310.5168,2.7635,-308.0862,0.2657,PHASE_4_FWD_BWD,61.20,-9.29,700.4,247.9,0.28,0,0,,
896,09:43:05.402,ROI,160,160,224,224,7.87,8.68,6.95,45.025,115.26,699.23,247.55,105.88,103.43,0.9587,16.7300,57.0900,0.0000,0.0000,0.8690,0,57.0900,-301.6448,-310.7198,2.5819,-308.1862,0.2792,COMPLETED,61.20,-9.39,700.4,247.9,1.22,0,0,,
897,09:43:05.514,ROI,160,160,224,224,9.08,9.77,0.0,0.0,102.37,699.45,248.30,106.90,103.60,0.9761,17.1500,56.5200,0.0000,0.0000,0.8710,0,56.5200,-302.0623,-311.2042,2.3859,-308.5042,0.2953,POST_PH4_SPIN,61.20,-9.70,700.4,247.9,0.00,0,0,0.113,
898,09:43:05.577,ROI,160,160,224,224,7.61,8.29,0.0,0.0,120.58,699.32,248.76,107.41,103.80,0.9866,16.4700,56.4900,0.0000,0.0000,0.8674,0,56.4900,-302.6350,-311.9186,2.1731,-308.9929,0.3151,POST_PH4_SPIN,61.20,-10.19,700.4,247.9,0.00,0,0,0.174,
899,09:43:05.625,ROI,160,160,224,224,7.99,8.66,9.775,0.0,115.51,699.24,248.77,107.37,103.78,0.9982,16.5600,56.5800,0.0000,0.0000,0.8684,0,56.5800,-302.8761,-312.7570,1.9433,-309.3999,0.3398,POST_PH4_SPIN,61.20,-10.60,700.4,247.9,0.00,0,0,0.223,
900,09:43:05.690,ROI,160,160,224,224,7.52,8.18,13.95,0.0,122.20,699.15,249.01,107.59,104.20,0.9934,16.6100,56.6800,0.0000,0.0000,0.8693,0,56.6800,-303.1220,-313.8093,1.6797,-309.8211,0.3732,POST_PH4_SPIN,61.20,-11.02,700.4,247.9,0.00,0,0,0.287,
901,09:43:05.754,ROI,160,160,224,224,7.43,8.10,13.925,0.0,123.44,697.73,249.57,107.17,104.62,0.9634,16.1800,57.9900,0.0000,0.0000,0.8630,0,57.9900,-303.0987,-314.6201,1.5090,-310.0280,0.3986,POST_PH4_SPIN,61.20,-11.23,700.4,247.9,0.00,0,0,0.351,
902,09:43:05.802,ROI,160,160,224,224,7.57,8.26,19.875,0.0,121.12,698.81,249.20,106.43,104.55,0.9730,16.8300,57.9400,0.0000,0.0000,0.8709,0,57.9400,-303.0005,-315.3727,1.3378,-310.0805,0.4277,POST_PH4_SPIN,61.20,-11.28,700.4,247.9,0.00,0,0,0.399,
903,09:43:05.930,ROI,160,160,224,224,10.72,11.57,6.475,33.75,86.40,698.18,250.32,107.02,104.10,0.9675,17.0300,58.0900,0.0000,0.0000,0.8672,0,58.0900,-302.7545,-316.1929,1.1589,-309.9681,0.4632,POST_PH4_SPIN,61.20,-11.17,700.4,247.9,0.00,0,0,0.531,
904,09:43:05.978,ROI,160,160,224,224,8.93,9.62,10.975,0.0,103.96,698.24,249.34,107.70,103.66,0.9752,17.3900,57.1500,0.0000,0.0000,0.8713,0,57.1500,-302.8647,-316.8242,0.9653,-309.7213,0.5088,POST_PH4_SPIN,61.20,-10.92,700.4,247.9,0.00,0,0,0.576,
905,09:43:06.042,ROI,160,160,224,224,7.56,8.29,7.2,0.0,120.56,698.10,250.40,107.35,104.36,0.9767,16.9900,58.0200,0.0000,0.0000,0.8668,0,58.0200,-302.5943,-317.0757,0.7937,-309.0020,0.5575,POST_PH4_SPIN,61.20,-10.20,700.4,247.9,0.00,0,0,0.639,
906,09:43:06.106,ROI,160,160,224,224,7.57,8.25,13.85,0.0,121.17,698.08,249.51,107.55,104.16,0.9813,17.5900,57.5000,0.0000,0.0000,0.8739,0,57.5000,-302.5436,-317.2054,0.6226,-308.1696,0.6163,POST_PH4_SPIN,61.20,-9.37,700.4,247.9,0.00,0,0,0.703,
907,09:43:06.154,ROI,160,160,224,224,7.48,8.18,29.425,0.0,122.22,697.97,250.43,106.86,104.66,0.9764,16.7800,57.9100,0.0000,0.0000,0.8672,0,57.9100,-302.3536,-317.4168,0.4991,-307.3688,0.6671,POST_PH4_SPIN,61.20,-8.57,700.4,247.9,0.00,0,0,0.751,
908,09:43:06.219,ROI,160,160,224,224,7.60,8.44,6.925,0.0,118.42,698.81,248.77,104.50,103.73,0.9474,17.4200,57.9600,0.0000,0.0000,0.8756,0,57.9600,-302.2825,-317.5715,0.3497,-306.2437,0.7409,POST_PH4_SPIN,61.20,-7.44,700.4,247.9,0.00,0,0,0.816,
909,09:43:06.265,ROI,160,160,224,224,8.10,8.80,10.275,0.0,113.67,698.78,249.34,106.64,104.90,0.9689,17.7600,57.9000,0.0000,0.0000,0.8755,0,57.9000,-302.1431,-317.3217,0.2505,-305.1836,0.7997,POST_PH4_SPIN,61.20,-6.38,700.4,247.9,0.00,0,0,0.863,
910,09:43:06.394,ROI,160,160,224,224,7.48,8.15,6.525,0.0,122.77,698.27,250.06,105.73,104.08,0.9768,17.6200,58.8400,0.0000,0.0000,0.8724,0,58.8400,-301.8390,-316.0352,0.2071,-304.2750,0.8284,POST_PH4_SPIN,61.20,-5.48,700.4,247.9,0.00,0,0,0.991,
911,09:43:06.442,ROI,160,160,224,224,8.11,8.83,19.525,0.0,113.26,697.92,249.54,105.90,103.82,0.9834,17.9400,58.8700,0.0000,0.0000,0.8767,0,58.8700,-301.5100,-313.9902,0.1672,-303.2980,0.8567,POST_PH4_SPIN,61.20,-4.50,700.4,247.9,0.00,0,0,1.040,
912,09:43:06.506,ROI,160,160,224,224,7.59,8.26,14.1,0.0,121.09,698.95,249.69,104.85,104.75,0.9721,17.3200,59.0600,0.0000,0.0000,0.8640,0,59.0600,-301.1815,-311.8773,0.1310,-302.4200,0.8842,POST_PH4_SPIN,61.20,-3.62,700.4,247.9,0.00,0,0,1.103,
913,09:43:06.569,ROI,160,160,224,224,7.58,8.28,14.3,0.0,120.74,698.71,249.99,104.78,104.47,0.9897,17.5500,59.5100,0.0000,0.0000,0.8643,0,59.5100,-300.9468,-308.2353,0.1032,-301.6286,0.9065,POST_PH4_SPIN,61.20,-2.83,700.4,247.9,0.00,0,0,1.166,
914,09:43:06.619,ROI,160,160,224,224,7.63,8.35,19.0,0.0,119.69,698.59,249.87,104.58,104.47,0.9952,17.5700,59.6000,0.0000,0.0000,0.8594,0,59.6000,-300.6520,-305.1973,0.0740,-300.9650,0.9311,POST_PH4_SPIN,61.20,-2.17,700.4,247.9,0.00,0,0,1.216,
915,09:43:06.682,ROI,160,160,224,224,7.56,8.25,14.3,0.0,121.26,698.74,249.70,104.64,104.85,0.9935,17.5700,59.5400,0.0000,0.0000,0.8566,0,59.5400,-300.4769,-300.4580,0.0478,-300.4760,0.9544,POST_PH4_SPIN,61.20,-1.68,700.4,247.9,0.00,0,0,1.279,
916,09:43:06.746,ROI,160,160,224,224,8.11,8.92,13.825,0.0,112.09,698.73,249.74,103.98,104.89,0.9929,17.6700,59.9200,0.0000,0.0000,0.8536,0,59.9200,-300.2803,-291.1089,0.0326,-299.9907,0.9684,POST_PH4_SPIN,61.20,-1.19,700.4,247.9,0.00,0,0,1.344,
917,09:43:06.794,ROI,160,160,224,224,7.63,8.33,20.15,0.0,119.99,698.73,249.70,103.66,104.76,0.9957,17.5600,60.0500,0.0000,0.0000,0.8490,0,60.0500,-300.1073,-273.2935,0.0280,-299.3759,0.9727,POST_PH4_SPIN,61.20,-0.58,700.4,247.9,0.00,0,0,1.391,
918,09:43:06.922,ROI,160,160,224,224,7.60,8.27,3.25,0.0,120.89,698.53,249.91,103.56,105.10,0.9923,17.9300,60.5800,0.0000,0.0000,0.8533,0,60.5800,-299.8755,-289.0438,0.0377,-299.4824,0.9637,POST_PH4_SPIN,61.20,-0.68,700.4,247.9,0.00,0,0,1.519,
919,09:43:06.969,ROI,160,160,224,224,7.64,8.33,10.075,0.0,120.06,698.36,249.77,103.29,105.17,0.9941,18.0200,60.4400,0.0000,0.0000,0.8531,0,60.4400,-299.5953,-304.2982,0.0223,-299.6981,0.9781,POST_PH4_SPIN,61.20,-0.90,700.4,247.9,0.00,0,0,1.566,
920,09:43:07.034,ROI,160,160,224,224,7.54,8.23,13.975,0.0,121.57,698.46,249.56,102.91,104.79,0.9924,18.1600,60.4700,0.0000,0.0000,0.8530,0,60.4700,-299.3574,-312.2398,0.0291,-299.7221,0.9717,POST_PH4_SPIN,61.20,-0.92,700.4,247.9,0.00,0,0,1.631,
921,09:43:07.083,ROI,160,160,224,224,11.22,12.25,19.175,0.0,81.60,698.36,249.35,102.24,104.12,0.9871,18.5500,60.4100,0.0000,0.0000,0.8598,0,60.4100,-299.1596,-320.7127,0.0216,-299.6143,0.9789,POST_PH4_SPIN,61.20,-0.81,700.4,247.9,0.00,0,0,1.684,
922,09:43:07.146,ROI,160,160,224,224,11.43,12.38,15.3,0.0,80.79,698.25,249.42,102.61,104.27,0.9950,18.4400,60.4200,0.0000,0.0000,0.8592,0,60.4200,-299.1049,-320.4036,0.0209,-299.5408,0.9795,POST_PH4_SPIN,61.20,-0.74,700.4,247.9,0.00,0,0,1.747,
923,09:43:07.210,ROI,160,160,224,224,7.65,8.32,15.125,0.0,120.25,698.21,249.56,102.75,104.31,0.9960,18.5400,60.5600,0.0000,0.0000,0.8613,0,60.5600,-298.9822,-315.1990,0.0056,-299.0720,0.9945,POST_PH4_SPIN,61.20,-0.27,700.4,247.9,0.00,0,0,1.807,
924,09:43:07.257,ROI,160,160,224,224,7.66,8.54,20.0,0.0,117.08,698.31,249.45,102.86,104.43,0.9960,18.7700,60.8400,0.0000,0.0000,0.8650,0,60.8400,-298.9045,-300.0770,0.0151,-298.9219,0.9851,POST_PH4_SPIN,61.20,-0.12,700.4,247.9,0.00,0,0,1.855,
925,09:43:07.385,ROI,160,160,224,224,7.62,8.28,3.275,0.0,120.81,698.22,249.66,103.38,104.44,0.9910,18.7900,60.6600,0.0000,0.0000,0.8626,0,60.6600,-298.8767,-310.9336,0.0237,-299.1563,0.9768,POST_PH4_SPIN,61.20,-0.36,700.4,247.9,0.00,0,0,1.982,
926,09:43:07.434,ROI,160,160,224,224,7.60,8.44,9.625,0.0,118.49,698.10,249.76,102.89,104.27,0.9934,19.0400,60.7700,0.0000,0.0000,0.8657,0,60.7700,-298.8691,-327.6817,0.0269,-299.6239,0.9738,POST_PH4_SPIN,61.20,-0.82,700.4,247.9,0.00,0,0,2.031,
927,09:43:07.498,ROI,160,160,224,224,7.56,8.23,13.925,0.0,121.58,698.15,249.76,102.77,104.30,0.9986,19.0700,60.7900,0.0000,0.0000,0.8639,0,60.7900,-298.9134,-308.2678,0.0284,-299.1715,0.9724,POST_PH4_SPIN,61.20,-0.37,700.4,247.9,0.00,0,0,2.095,
928,09:43:07.562,ROI,160,160,224,224,7.63,8.33,7.05,0.0,120.11,698.21,249.90,102.89,104.61,0.9960,18.8900,60.8500,0.0000,0.0000,0.8623,0,60.8500,-298.8916,-321.8927,0.0306,-299.5747,0.9703,POST_PH4_SPIN,61.20,-0.77,700.4,247.9,0.00,0,0,2.159,
929,09:43:07.609,ROI,160,160,224,224,7.64,8.32,9.95,0.0,120.23,698.41,249.69,101.98,104.10,0.9864,19.1500,60.9700,0.0000,0.0000,0.8680,0,60.9700,-298.8773,-334.3509,0.0410,-300.2757,0.9606,POST_PH4_SPIN,61.20,-1.48,700.4,247.9,0.00,0,0,2.207,
930,09:43:07.673,ROI,160,160,224,224,7.94,8.65,14.1,0.0,115.61,698.36,249.77,101.98,104.19,0.9976,19.1200,61.0900,0.0000,0.0000,0.8678,0,61.0900,-298.8540,-345.7068,0.0326,-300.3332,0.9684,POST_PH4_SPIN,61.20,-1.53,700.4,247.9,0.00,0,0,2.271,
931,09:43:07.721,ROI,160,160,224,224,8.13,8.84,19.675,0.0,113.12,698.55,249.80,101.68,104.17,0.9959,19.2400,61.0900,0.0000,0.0000,0.8704,0,61.0900,-298.8164,-352.1164,0.0237,-300.0493,0.9769,POST_PH4_SPIN,61.20,-1.25,700.4,247.9,0.00,0,0,2.319,
932,09:43:07.850,ROI,160,160,224,224,7.57,8.29,6.5,0.0,120.67,698.67,249.66,101.00,104.13,0.9906,19.2800,61.2500,0.0000,0.0000,0.8659,0,61.2500,-298.7638,-355.1085,0.0158,-299.6425,0.9844,POST_PH4_SPIN,61.20,-0.84,700.4,247.9,0.00,0,0,2.447,
933,09:43:07.897,ROI,160,160,224,224,7.61,8.28,20.2,0.0,120.83,698.73,249.78,101.00,104.15,0.9965,19.3000,61.2900,0.0000,0.0000,0.8657,0,61.2900,-298.7386,-346.2086,0.0071,-299.0709,0.9930,POST_PH4_SPIN,61.20,-0.27,700.4,247.9,0.00,0,0,2.494,
934,09:43:07.962,ROI,160,160,224,224,7.57,8.23,13.825,0.0,121.46,698.70,249.69,100.70,103.98,0.9952,19.4100,61.6700,0.0000,0.0000,0.8663,0,61.6700,-298.6241,-319.1334,0.0111,-298.8501,0.9890,POST_PH4_SPIN,61.20,-0.05,700.4,247.9,0.00,0,0,2.559,
935,09:43:08.026,ROI,160,160,224,224,7.62,8.32,14.025,0.0,120.24,698.73,249.66,100.63,103.99,0.9988,19.4000,61.7900,0.0000,0.0000,0.8638,0,61.7900,-298.5013,-319.9952,0.0215,-298.9541,0.9789,POST_PH4_SPIN,61.20,-0.15,700.4,247.9,0.00,0,0,2.623,
936,09:43:08.074,ROI,160,160,224,224,7.94,8.63,19.725,0.0,115.84,698.83,249.59,100.63,103.92,0.9967,19.5800,61.6500,0.0000,0.0000,0.8674,0,61.6500,-298.3788,-334.9732,0.0318,-299.5069,0.9692,POST_PH4_SPIN,61.20,-0.71,700.4,247.9,0.00,0,0,2.671,
937,09:43:08.137,ROI,160,160,224,224,7.57,8.22,7.15,0.0,121.61,699.01,249.46,100.34,103.59,0.9932,19.7400,61.8700,0.0000,0.0000,0.8689,0,61.8700,-298.2456,-348.8702,0.0402,-300.2012,0.9614,POST_PH4_SPIN,61.20,-1.40,700.4,247.9,0.00,0,0,2.734,
938,09:43:08.202,ROI,160,160,224,224,7.58,8.27,13.725,0.0,120.93,698.40,250.01,100.23,103.98,0.9776,18.6600,61.4500,0.0000,0.0000,0.8470,0,61.4500,-298.2201,-360.8146,0.0407,-300.6690,0.9609,POST_PH4_SPIN,61.20,-1.87,700.4,247.9,0.00,0,0,2.799,
939,09:43:08.314,ROI,160,160,224,224,9.45,10.23,3.8,0.0,97.72,698.74,249.44,102.58,103.15,0.9666,19.5400,62.1700,0.0000,0.0000,0.8520,0,62.1700,-298.0711,-369.6040,0.0415,-300.9195,0.9602,POST_PH4_SPIN,61.20,-2.12,700.4,247.9,0.00,0,0,2.913,
940,09:43:08.361,ROI,160,160,224,224,8.33,9.06,21.25,0.0,110.36,699.12,249.67,101.89,104.43,0.9806,19.8300,62.0100,0.0000,0.0000,0.8692,0,62.0100,-297.9846,-372.2737,0.0481,-301.3943,0.9541,POST_PH4_SPIN,61.20,-2.59,700.4,247.9,0.00,0,0,2.958,
941,09:43:08.426,ROI,160,160,224,224,7.61,8.28,13.825,0.0,120.83,698.75,249.83,99.92,103.89,0.9756,19.1000,62.3100,0.0000,0.0000,0.8488,0,62.3100,-297.8490,-371.4037,0.0459,-301.0742,0.9562,POST_PH4_SPIN,61.20,-2.27,700.4,247.9,0.00,0,0,3.023,
942,09:43:08.489,ROI,160,160,224,224,7.99,8.70,14.225,0.0,114.99,699.29,249.66,101.63,104.48,0.9777,19.7000,62.2600,0.0000,0.0000,0.8642,0,62.2600,-297.7233,-362.3210,0.0542,-301.0438,0.9486,POST_PH4_SPIN,61.20,-2.24,700.4,247.9,0.00,0,0,3.087,
943,09:43:08.538,ROI,160,160,224,224,7.60,8.27,19.65,0.0,120.93,698.86,249.80,99.93,103.70,0.9760,19.3500,62.6200,0.0000,0.0000,0.8508,0,62.6200,-297.5688,-364.4484,0.0510,-300.8145,0.9515,POST_PH4_SPIN,61.20,-2.01,700.4,247.9,0.00,0,0,3.135,
944,09:43:08.601,ROI,160,160,224,224,7.59,8.27,14.225,0.0,120.90,699.18,249.94,102.14,104.93,0.9669,19.6200,62.3800,0.0000,0.0000,0.8602,0,62.3800,-297.4856,-371.1471,0.0494,-300.9514,0.9529,POST_PH4_SPIN,61.20,-2.15,700.4,247.9,0.00,0,0,3.198,
945,09:43:08.714,ROI,160,160,224,224,7.58,8.26,7.475,0.0,121.02,699.07,249.99,99.54,103.92,0.9651,19.4300,62.4500,0.0000,0.0000,0.8443,0,62.4500,-297.4140,-360.7495,0.0453,-300.1567,0.9567,POST_PH4_SPIN,61.20,-1.36,700.4,247.9,0.00,0,0,3.311,
946,09:43:08.778,ROI,160,160,224,224,7.65,8.32,13.95,0.0,120.18,699.28,250.06,99.74,103.84,0.9945,19.3800,62.6000,0.0000,0.0000,0.8412,0,62.6000,-297.3343,-367.2455,0.0456,-300.3831,0.9564,POST_PH4_SPIN,61.20,-1.58,700.4,247.9,0.00,0,0,3.375,
947,09:43:08.842,ROI,160,160,224,224,7.55,8.25,7.0,0.0,121.15,698.52,249.72,102.10,104.45,0.9704,18.9900,63.3300,0.0000,0.0000,0.8375,0,63.3300,-297.1225,-374.5748,0.0326,-299.5708,0.9684,POST_PH4_SPIN,61.20,-0.77,700.4,247.9,0.00,0,0,3.439,
948,09:43:08.891,ROI,160,160,224,224,9.10,9.78,9.65,0.0,102.30,699.40,250.09,101.33,104.22,0.9760,19.7900,63.0700,0.0000,0.0000,0.8561,0,63.0700,-296.9919,-346.7420,0.0365,-298.7426,0.9648,POST_PH4_SPIN,61.20,0.06,700.4,247.9,0.00,0,0,3.490,
949,09:43:08.954,ROI,160,160,224,224,7.58,8.25,0.0,0.0,121.18,698.57,250.06,102.10,104.69,0.9793,19.6300,64.0800,0.0000,0.0000,0.8542,0,64.0800,-296.6894,-324.4186,0.0308,-297.5186,0.9701,POST_PH4_SPIN,61.20,1.28,700.4,247.9,0.00,0,0,3.551,
950,09:43:09.002,ROI,160,160,224,224,8.07,8.76,19.55,0.0,114.16,698.73,249.75,101.35,102.98,0.9764,20.3900,64.0800,0.0000,0.0000,0.8538,0,64.0800,-296.4216,-304.5429,0.0244,-296.6148,0.9762,POST_PH4_SPIN,61.20,2.19,700.4,247.9,0.00,0,0,3.600,
951,09:43:09.065,ROI,160,160,224,224,7.55,8.26,14.325,0.0,121.10,699.27,250.29,100.88,103.73,0.9790,20.0600,63.8500,0.0000,0.0000,0.8522,0,63.8500,-296.2460,-281.6293,0.0338,-295.7682,0.9673,POST_PH4_SPIN,61.20,3.03,700.4,247.9,0.00,0,0,3.662,
952,09:43:09.178,ROI,160,160,224,224,7.59,8.27,3.725,47.275,120.98,698.51,250.18,101.71,104.64,0.9765,19.7600,64.8500,0.0000,0.0000,0.8659,0,64.8500,-295.8685,-255.6121,0.0337,-294.5571,0.9674,POST_PH4_SPIN,61.20,4.24,700.4,247.9,0.00,0,0,3.776,
953,09:43:09.242,ROI,160,160,224,224,8.92,9.62,7.05,0.0,104.00,698.95,249.52,100.51,101.81,0.9615,20.9000,64.4500,0.0000,0.0000,0.8627,0,64.4500,-295.6153,-246.9937,0.0241,-294.4692,0.9764,POST_PH4_SPIN,61.20,4.33,700.4,247.9,0.00,0,0,3.841,
954,09:43:09.305,ROI,160,160,224,224,7.90,8.60,14.625,0.0,116.23,699.41,250.15,100.00,102.10,0.9788,21.6200,64.7300,0.0000,0.0000,0.8654,0,64.7300,-295.3670,-237.2383,0.0265,-293.8673,0.9742,POST_PH4_SPIN,61.20,4.93,700.4,247.9,0.00,0,0,3.903,
955,09:43:09.353,ROI,160,160,224,224,7.60,8.31,0.0,0.0,120.38,698.66,250.14,101.42,104.62,0.9615,20.0400,65.2200,0.0000,0.0000,0.8732,0,65.2200,-295.0480,-230.3616,0.0222,-293.6407,0.9782,POST_PH4_RE_RFB,61.20,5.16,700.4,247.9,0.00,0,0,,0.048
956,09:43:09.419,ROI,160,160,224,224,7.88,8.74,0.0,0.0,114.39,698.84,249.54,100.30,101.37,0.9583,21.2800,65.4300,0.0000,0.0000,0.8801,0,65.4300,-294.7914,-233.5405,0.0179,-293.7129,0.9824,POST_PH4_RE_RFB,61.20,5.09,700.4,247.9,0.00,0,0,,0.114
957,09:43:09.482,ROI,160,160,224,224,10.87,11.88,7.2,0.0,84.16,699.51,250.11,99.95,102.28,0.9758,21.8700,65.8600,0.0000,0.0000,0.8849,0,65.8600,-294.4367,-232.9705,0.0123,-293.6890,0.9878,POST_PH4_RE_RFB,61.20,5.11,700.4,247.9,0.00,0,0,,0.180
958,09:43:09.529,ROI,160,160,224,224,10.54,11.39,11.0,0.0,87.81,698.58,250.13,101.46,104.47,0.9612,20.6300,65.6400,0.0000,0.0000,0.8856,0,65.6400,-294.2095,-238.1320,0.0123,-293.5290,0.9879,POST_PH4_RE_RFB,61.20,5.27,700.4,247.9,0.00,0,0,,0.227
959,09:43:09.642,ROI,160,160,224,224,7.65,8.33,3.875,0.0,120.06,699.20,249.24,99.99,101.28,0.9554,21.7700,66.6400,0.0000,0.0000,0.9001,0,66.6400,-293.8080,-227.7868,0.0061,-293.4081,0.9939,POST_PH4_RE_RFB,61.20,5.39,700.4,247.9,0.00,0,0,,0.336
960,09:43:09.705,ROI,160,160,224,224,7.54,8.23,14.25,0.0,121.51,699.83,249.73,99.74,103.54,0.9661,21.1100,65.9600,0.0000,0.0000,0.9025,0,65.9600,-293.6271,-242.0187,0.0191,-292.6595,0.9813,POST_PH4_RE_RFB,61.20,6.14,700.4,247.9,0.00,0,0,,0.399
961,09:43:09.770,ROI,160,160,224,224,7.61,8.26,13.65,0.0,121.12,700.23,248.44,98.39,102.70,0.9623,21.9000,65.8300,0.0000,0.0000,0.9057,0,65.8300,-293.4978,-254.1269,0.0517,-291.5611,0.9508,POST_PH4_RE_RFB,61.20,7.24,700.4,247.9,0.00,0,0,,0.465
962,09:43:09.817,ROI,160,160,224,224,8.01,8.70,20.2,0.0,114.99,700.71,247.58,98.42,101.58,0.9738,20.9900,64.2400,0.0000,0.0000,0.8896,0,64.2400,-293.7770,-267.4136,0.0998,-291.3847,0.9093,POST_PH4_RE_RFB,61.20,7.42,700.4,247.9,0.00,0,0,,0.512
963,09:43:09.882,ROI,160,160,224,224,7.59,8.30,13.9,0.0,120.46,701.47,246.36,96.29,100.73,0.9551,21.0600,63.4200,0.0000,0.0000,0.8836,0,63.4200,-294.2488,-282.0018,0.1650,-292.5143,0.8584,POST_PH4_RE_RFB,61.20,6.29,700.4,247.9,0.00,0,0,,0.577
964,09:43:09.946,ROI,160,160,224,224,7.65,8.30,14.175,0.0,120.51,701.55,245.69,98.85,101.99,0.9614,20.4300,65.3000,0.0000,0.0000,0.8886,0,65.3000,-294.3361,-298.6557,0.2327,-295.1517,0.8112,POST_PH4_RE_RFB,61.20,3.65,700.4,247.9,0.00,0,0,,0.640
965,09:43:09.994,ROI,160,160,224,224,9.98,10.65,19.3,36.675,93.87,702.20,244.68,96.98,101.16,0.9617,21.7300,65.2800,0.0000,0.0000,0.8848,0,65.2800,-294.3939,-316.2776,0.3087,-299.5560,0.7641,POST_PH4_RE_RFB,61.20,-0.76,700.4,247.9,0.00,0,0,,0.691
966,09:43:10.106,ROI,160,160,224,224,7.71,8.39,3.85,0.0,119.21,703.18,242.47,94.65,100.84,0.9348,19.4200,66.6800,0.0000,0.0000,0.8690,0,66.6800,-294.2281,-316.1330,0.4173,-300.6774,0.7056,POST_PH4_RE_RFB,61.20,-1.88,700.4,247.9,0.00,0,0,,0.801
967,09:43:10.169,ROI,160,160,224,224,7.56,8.26,14.25,0.0,121.08,704.25,239.94,94.49,97.76,0.9295,18.7500,66.0200,0.0000,0.0000,0.8853,0,66.0200,-294.1486,-316.1510,0.5481,-301.9382,0.6460,POST_PH4_RE_RFB,61.20,-3.14,700.4,247.9,0.00,0,0,,0.864
968,09:43:10.233,ROI,160,160,224,224,8.28,8.96,14.05,0.0,111.61,705.58,239.07,95.72,99.55,0.9549,19.3700,65.4200,0.0000,0.0000,0.8691,0,65.4200,-294.2259,-315.7019,0.6872,-302.9733,0.5927,POST_PH4_RE_RFB,61.20,-4.17,700.4,247.9,0.00,0,0,,0.928
969,09:43:10.281,ROI,160,160,224,224,7.53,8.22,9.975,0.0,121.66,706.96,236.00,95.87,97.86,0.9139,17.2000,64.3700,0.0000,0.0000,0.8357,0,64.3700,-294.5672,-314.4616,0.8551,-303.7376,0.5390,POST_PH4_RE_RFB,61.20,-4.94,700.4,247.9,0.00,0,0,,0.976
970,09:43:10.346,ROI,160,160,224,224,7.83,8.57,13.75,0.0,116.72,708.93,234.19,95.26,97.40,0.9254,18.8000,64.5600,0.0000,0.0000,0.8500,0,64.5600,-294.7676,-314.4656,1.0286,-304.7556,0.4929,POST_PH4_RE_RFB,61.20,-5.96,700.4,247.9,0.00,0,0,,1.041
971,09:43:10.409,ROI,160,160,224,224,7.64,8.33,14.375,0.0,120.02,710.49,230.49,94.33,98.64,0.8981,18.1600,62.8100,0.0000,0.0000,0.8270,0,62.8100,-295.3656,-313.9692,1.2483,-305.6946,0.4448,POST_PH4_RE_RFB,61.20,-6.89,700.4,247.9,0.00,0,0,,1.104
972,09:43:10.457,ROI,160,160,224,224,7.68,8.39,19.625,0.0,119.22,712.83,228.84,95.06,100.53,0.9215,17.3800,62.0900,0.0000,0.0000,0.8245,0,62.0900,-296.0510,-311.3705,1.4620,-305.1480,0.4062,POST_PH4_RE_RFB,61.20,-6.35,700.4,247.9,0.00,0,0,,1.152
973,09:43:10.586,ROI,160,160,224,224,7.60,8.30,6.475,0.0,120.46,715.88,223.73,93.49,98.06,0.8480,17.8700,60.7600,0.0000,0.0000,0.8646,0,60.7600,-296.9079,-308.5686,1.7207,-304.2828,0.3675,POST_PH4_RE_RFB,61.20,-5.48,700.4,247.9,0.00,0,0,,1.281
974,09:43:10.634,ROI,160,160,224,224,7.67,8.38,19.975,0.0,119.37,716.64,223.07,93.30,99.02,0.9709,17.6700,62.7400,0.0000,0.0000,0.8316,0,62.7400,-297.2580,-308.8686,1.9432,-304.9238,0.3398,POST_PH4_RE_RFB,61.20,-6.12,700.4,247.9,0.00,0,0,,1.328
975,09:43:10.697,ROI,160,160,224,224,8.34,9.25,14.2,0.0,108.12,719.25,218.44,93.11,98.59,0.8629,17.8400,61.0700,0.0000,0.0000,0.8524,0,61.0700,-297.8549,-307.0155,2.1908,-304.1445,0.3134,POST_PH4_RE_RFB,61.20,-5.34,700.4,247.9,0.00,0,0,,1.393
976,09:43:10.746,ROI,160,160,224,224,9.66,10.72,19.825,0.0,93.31,719.76,216.64,92.11,96.63,0.9535,16.8200,61.1700,0.0000,0.0000,0.8014,0,61.1700,-298.3717,-307.1693,2.3826,-304.5684,0.2956,POST_PH4_RE_RFB,61.20,-5.77,700.4,247.9,0.00,0,0,,1.443
977,09:43:10.809,ROI,160,160,224,224,7.65,8.34,14.975,0.0,119.85,721.70,213.98,92.57,96.70,0.9084,17.6700,62.4200,0.0000,0.0000,0.8305,0,62.4200,-298.4432,-298.1213,2.5715,-298.2114,0.2800,POST_PH4_RE_RFB,61.20,0.59,700.4,247.9,0.00,0,0,,1.503
978,09:43:10.874,ROI,160,160,224,224,7.67,8.33,6.9,0.0,120.02,722.40,211.49,92.64,95.09,0.9354,17.3500,59.2900,0.0000,0.0000,0.8412,0,59.2900,-299.1568,-299.7989,2.7160,-299.6261,0.2691,POST_PH4_RE_RFB,61.20,-0.83,700.4,247.9,0.00,0,0,,1.568
979,09:43:10.921,ROI,160,160,192,192,7.53,8.18,9.9,0.0,122.22,723.49,209.10,88.52,94.85,0.9097,18.1500,61.0300,0.0000,0.0000,0.8805,0,61.0300,-299.4117,-300.3452,2.8402,-300.1021,0.2604,POST_PH4_RE_RFB,61.20,-1.30,700.4,247.9,0.00,0,0,,1.616
980,09:43:11.050,ROI,160,160,192,192,8.16,9.00,6.475,0.0,111.16,725.59,205.11,84.17,97.51,0.8773,17.7100,60.2100,0.0000,0.0000,0.8837,0,60.2100,-299.9269,-300.8853,2.9684,-300.6438,0.2520,POST_PH4_RE_RFB,61.20,-1.84,700.4,247.9,0.00,0,0,,1.746
981,09:43:11.098,ROI,160,160,224,224,9.23,10.23,19.95,0.0,97.78,727.27,202.52,84.17,94.70,0.9115,17.1700,62.0100,0.0000,0.0000,0.8313,0,62.0100,-300.0941,-301.3508,3.0774,-301.0426,0.2453,POST_PH4_RE_RFB,61.20,-2.24,700.4,247.9,0.00,0,0,,1.795
982,09:43:11.162,ROI,160,160,192,192,7.80,8.44,14.525,0.0,118.45,728.28,201.89,84.94,97.67,0.9468,16.9800,63.5100,0.0000,0.0000,0.8797,0,63.5100,-299.7206,-301.8037,3.1121,-301.2971,0.2432,POST_PH4_RE_RFB,61.20,-2.50,700.4,247.9,0.00,0,0,,1.857
983,09:43:11.226,ROI,160,160,224,224,10.22,10.89,14.175,35.875,91.85,729.18,200.22,86.39,96.78,0.9466,18.9200,63.1600,0.0000,0.0000,0.8711,0,63.1600,-299.3896,-301.9504,3.0978,-301.3255,0.2440,POST_PH4_RE_RFB,61.20,-2.53,700.4,247.9,0.00,0,0,,1.923
984,09:43:11.274,ROI,160,160,224,224,9.05,9.75,10.475,0.0,102.52,729.76,199.20,85.25,97.37,0.9663,18.8200,64.2700,0.0000,0.0000,0.8703,0,64.2700,-298.6387,-302.0385,3.0435,-301.1977,0.2473,POST_PH4_RE_RFB,61.20,-2.40,700.4,247.9,0.00,0,0,,1.970
985,09:43:11.338,ROI,160,160,224,224,7.60,8.29,7.3,0.0,120.58,732.12,195.82,82.17,97.05,0.8831,18.1100,63.8100,0.0000,0.0000,0.8400,0,63.8100,-298.0130,-301.8319,3.0100,-300.8795,0.2494,POST_PH4_RE_RFB,61.20,-2.08,700.4,247.9,0.00,0,0,,2.032
986,09:43:11.385,ROI,160,160,224,224,7.46,8.18,19.925,0.0,122.32,731.80,194.82,84.38,97.99,0.9541,18.6400,62.8200,0.0000,0.0000,0.8695,0,62.8200,-297.6178,-301.5008,2.9093,-300.5075,0.2558,POST_PH4_RE_RFB,61.20,-1.71,700.4,247.9,0.00,0,0,,2.079
987,09:43:11.514,ROI,160,160,224,224,7.49,8.17,6.475,0.0,122.36,734.07,188.71,85.58,96.98,0.8389,17.7500,62.5900,0.0000,0.0000,0.8525,0,62.5900,-297.3407,-300.9990,2.8809,-300.0564,0.2577,POST_PH4_RE_RFB,61.20,-1.26,700.4,247.9,0.00,0,0,,2.208
988,09:43:11.561,ROI,160,160,224,224,8.08,8.75,9.925,0.0,114.28,736.07,186.11,84.98,97.34,0.9054,19.2600,64.1300,0.0000,0.0000,0.8799,0,64.1300,-296.6961,-300.4374,2.8474,-299.4650,0.2599,POST_PH4_RE_RFB,61.20,-0.66,700.4,247.9,0.00,0,0,,2.256
989,09:43:11.625,ROI,160,160,224,224,7.71,8.37,7.1,0.0,119.42,736.57,184.15,85.64,96.29,0.9494,20.6000,65.8800,0.0000,0.0000,0.8965,0,65.8800,-295.8802,-299.6899,2.8131,-298.6908,0.2623,POST_PH4_RE_RFB,61.20,0.11,700.4,247.9,0.00,0,0,,2.320
990,09:43:11.689,ROI,160,160,224,224,7.62,8.31,14.125,0.0,120.32,738.52,180.53,86.60,94.96,0.8875,19.1000,61.5900,0.0000,0.0000,0.8904,0,61.5900,-296.0762,-299.0178,2.7917,-298.2420,0.2637,POST_PH4_RE_RFB,61.20,0.56,700.4,247.9,0.00,0,0,,2.383
991,09:43:11.738,ROI,160,160,192,192,7.53,8.19,9.55,0.0,122.03,739.93,179.70,88.60,99.77,0.9218,19.0600,64.3800,0.0000,0.0000,0.8675,0,64.3800,-295.8402,-298.4478,2.7984,-297.7613,0.2633,POST_PH4_RE_RFB,61.20,1.04,700.4,247.9,0.00,0,0,,2.433
992,09:43:11.802,ROI,160,160,224,224,7.59,8.24,14.125,0.0,121.31,740.89,175.19,87.56,93.74,0.8919,19.0900,62.6800,0.0000,0.0000,0.8790,0,62.6800,-295.7956,-297.9092,2.7978,-297.3527,0.2633,POST_PH4_RE_RFB,61.20,1.45,700.4,247.9,0.00,0,0,,2.496
993,09:43:11.914,ROI,160,160,192,192,9.12,9.88,7.525,0.0,101.20,742.41,173.06,87.17,95.89,0.9239,19.7400,61.2800,0.0000,0.0000,0.8840,0,61.2800,-296.2221,-297.4833,2.8362,-297.1545,0.2607,POST_PH4_RE_RFB,61.20,1.65,700.4,247.9,0.00,0,0,,2.610
994,09:43:11.978,ROI,160,160,192,192,7.68,8.36,14.475,0.0,119.62,743.67,169.22,85.20,91.91,0.8956,19.0700,63.2100,0.0000,0.0000,0.8752,0,63.2100,-296.2461,-297.0330,2.8753,-296.8300,0.2580,POST_PH4_RE_RFB,61.20,1.97,700.4,247.9,0.00,0,0,,2.672
995,09:43:12.025,ROI,160,160,192,192,7.74,8.45,19.8,46.25,118.40,745.10,167.50,86.36,91.13,0.9321,20.5700,61.5600,0.0000,0.0000,0.8940,0,61.5600,-296.5048,-296.6594,2.9069,-296.6198,0.2560,POST_PH4_RE_RFB,61.20,2.18,700.4,247.9,0.00,0,0,,2.720
996,09:43:12.089,ROI,160,160,192,192,7.63,8.29,7.075,0.0,120.57,746.43,165.25,85.93,91.51,0.9236,21.3300,62.2600,0.0000,0.0000,0.8862,0,62.2600,-296.9529,-296.3409,2.9267,-296.4967,0.2547,POST_PH4_RE_RFB,61.20,2.30,700.4,247.9,0.00,0,0,,2.784
997,09:43:12.154,ROI,160,160,192,192,8.13,8.82,13.825,0.0,113.38,747.51,162.82,85.81,89.76,0.9247,22.2200,62.6200,0.0000,0.0000,0.9018,0,62.6200,-297.1860,-296.0361,2.9371,-296.3282,0.2540,POST_PH4_RE_RFB,61.20,2.47,700.4,247.9,0.00,0,0,,2.849
998,09:43:12.203,ROI,160,160,192,192,7.74,8.41,19.425,0.0,118.96,749.26,159.20,84.83,88.02,0.8863,22.3500,61.4600,0.0000,0.0000,0.9078,0,61.4600,-297.7756,-295.7380,2.9987,-296.2476,0.2501,POST_PH4_RE_RFB,61.20,2.55,700.4,247.9,0.00,0,0,,2.898
999,09:43:12.330,ROI,160,160,192,192,7.60,8.31,6.575,0.0,120.35,752.35,153.65,87.82,86.20,0.8229,20.7800,59.1900,0.0000,0.0000,0.9192,0,59.1900,-298.6518,-295.5005,3.1252,-296.2644,0.2424,POST_PH4_RE_RFB,61.20,2.54,700.4,247.9,0.00,0,0,,3.025
1000,09:43:12.377,ROI,160,160,192,192,9.89,10.59,20.275,0.0,94.44,753.72,153.08,86.57,85.78,0.9566,20.3900,59.4200,0.0000,0.0000,0.8798,0,59.4200,-299.2647,-295.4371,3.1777,-296.3533,0.2394,POST_PH4_RE_RFB,61.20,2.45,700.4,247.9,0.00,0,0,,3.074
1001,09:43:12.442,ROI,160,160,192,192,9.36,10.05,14.3,0.0,99.50,754.64,149.98,86.69,86.76,0.9114,21.5100,59.5900,0.0000,0.0000,0.9056,0,59.5900,-299.8099,-295.4948,3.2101,-296.5198,0.2375,POST_PH4_RE_RFB,61.20,2.28,700.4,247.9,0.00,0,0,,3.138
1002,09:43:12.506,ROI,160,160,192,192,9.92,10.61,14.525,0.0,94.25,755.30,148.57,85.38,84.61,0.9531,20.8300,58.5300,2.3600,41.1300,0.8912,0,58.5300,-300.3862,-295.6542,3.1763,-296.7873,0.2394,POST_PH4_RE_RFB,61.20,2.01,700.4,247.9,0.00,0,0,,3.203
1003,09:43:12.553,ROI,160,160,192,192,10.33,11.01,21.35,0.0,90.81,756.09,147.50,85.14,84.47,0.9571,21.2000,58.9400,2.3000,40.6000,0.8916,0,58.9400,-300.8289,-295.9590,3.1288,-297.1385,0.2422,POST_PH4_RE_RFB,61.20,1.66,700.4,247.9,0.00,0,0,,3.250
1004,09:43:12.618,ROI,160,160,192,192,9.08,9.75,14.525,0.0,102.57,758.14,145.03,86.22,85.72,0.9008,21.3800,58.2800,2.5100,42.8600,0.9048,0,58.2800,-301.4313,-296.3894,3.0398,-297.6375,0.2475,POST_PH4_RE_RFB,61.20,1.16,700.4,247.9,0.00,0,0,,3.314
1005,09:43:12.682,ROI,160,160,192,192,9.10,9.79,14.375,0.0,102.12,758.67,144.30,84.53,84.77,0.9638,20.0500,58.4200,0.0000,0.0000,0.8848,0,58.4200,-301.9510,-296.8154,2.9769,-298.1067,0.2514,POST_PH4_RE_RFB,61.20,0.69,700.4,247.9,0.00,0,0,,3.378
1006,09:43:12.730,ROI,160,160,192,192,10.28,10.95,20.325,35.675,91.31,759.55,143.15,83.54,86.17,0.9536,20.8900,59.2600,0.0000,0.0000,0.8943,0,59.2600,-302.0544,-297.3221,2.8981,-298.5361,0.2565,POST_PH4_RE_RFB,61.20,0.26,700.4,247.9,0.00,0,0,,3.427
1007,09:43:12.858,ROI,160,160,192,192,10.32,10.99,3.325,0.0,91.00,760.14,141.00,82.74,83.80,0.9374,20.9600,58.5100,0.0000,0.0000,0.8915,0,58.5100,-302.0315,-297.7780,2.7949,-298.8988,0.2635,POST_PH4_RE_RFB,61.20,-0.10,700.4,247.9,0.00,0,0,,3.556
1008,09:43:12.906,ROI,160,160,192,192,8.86,9.57,10.8,0.0,104.45,760.38,140.29,83.03,84.13,0.9775,20.3000,60.5900,0.0000,0.0000,0.8686,0,60.5900,-301.9302,-298.2060,2.6838,-299.2170,0.2715,POST_PH4_RE_RFB,61.20,-0.42,700.4,247.9,0.00,0,0,,3.601
1009,09:43:12.969,ROI,160,160,192,192,8.89,9.57,7.225,0.0,104.47,760.72,139.70,82.79,84.86,0.9783,19.6800,59.4000,0.0000,0.0000,0.8674,0,59.4000,-301.7450,-298.7284,2.5178,-299.5859,0.2843,POST_PH4_RE_RFB,61.20,-0.79,700.4,247.9,0.00,0,0,,3.665
1010,09:43:13.017,ROI,160,160,192,192,10.18,10.86,20.25,0.0,92.06,760.70,139.04,82.93,85.51,0.9828,20.6900,60.2800,0.0000,0.0000,0.8712,0,60.2800,-301.4811,-299.1650,2.3550,-299.8554,0.2981,POST_PH4_RE_RFB,61.20,-1.06,700.4,247.9,0.00,0,0,,3.714
1011,09:43:13.081,ROI,160,160,192,192,12.33,13.11,14.8,0.0,76.27,760.94,138.36,82.55,84.95,0.9787,21.3600,59.9800,0.0000,0.0000,0.8765,0,59.9800,-301.3921,-299.5580,2.1706,-300.1365,0.3154,POST_PH4_RE_RFB,61.20,-1.34,700.4,247.9,0.00,0,0,,3.780
1012,09:43:13.145,ROI,160,160,192,192,9.04,9.69,15.45,0.0,103.16,761.21,138.12,82.28,85.04,0.9877,20.2700,60.3300,0.0000,0.0000,0.8654,0,60.3300,-300.9942,-299.7985,1.9888,-300.1986,0.3346,POST_PH4_RE_RFB,61.20,-1.40,700.4,247.9,0.00,0,0,,3.841
1013,09:43:13.194,ROI,160,160,192,192,9.18,9.82,19.65,0.0,101.85,761.52,137.86,82.14,85.88,0.9830,19.5500,59.9700,2.2600,52.2400,0.8645,0,59.9700,-300.8028,-299.9810,1.7831,-300.2763,0.3593,POST_PH4_RE_RFB,61.20,-1.48,700.4,247.9,0.00,0,0,,3.890
1014,09:43:13.323,ROI,160,160,192,192,9.17,9.85,6.6,0.0,101.56,761.59,137.44,82.82,85.00,0.9816,19.3500,59.9200,2.1300,50.9400,0.8523,0,59.9200,-300.5160,-300.0809,1.5657,-300.2505,0.3898,POST_PH4_RE_RFB,61.20,-1.45,700.4,247.9,0.00,0,0,,4.019
1015,09:43:13.370,ROI,160,160,192,192,9.10,9.78,20.7,39.95,102.28,761.61,137.42,82.67,85.03,0.9976,19.5400,59.8600,2.1400,51.0700,0.8582,0,59.8600,-300.1604,-300.0438,1.3354,-300.0937,0.4282,POST_PH4_RE_RFB,61.20,-1.29,700.4,247.9,0.00,0,0,,4.066
1016,09:43:13.433,ROI,160,160,192,192,8.90,9.54,7.3,0.0,104.77,761.62,137.43,82.44,85.02,0.9970,19.4500,59.9700,2.1100,50.8700,0.8549,0,59.9700,-299.8627,-299.8015,1.1238,-299.8303,0.4709,POST_PH4_RE_RFB,61.20,-1.03,700.4,247.9,0.00,0,0,,4.129
1017,09:43:13.498,ROI,160,160,192,192,9.19,9.88,7.05,0.0,101.19,761.66,137.35,82.52,85.01,0.9970,19.4500,59.8700,2.1200,50.5900,0.8565,0,59.8700,-299.8116,-299.3446,0.9870,-299.5796,0.5033,POST_PH4_RE_RFB,61.20,-0.78,700.4,247.9,0.00,0,0,,4.194
1018,09:43:13.545,ROI,160,160,192,192,9.01,9.84,10.55,0.0,101.60,761.76,137.30,82.42,85.13,0.9963,19.4300,59.9800,2.0600,50.5600,0.8558,0,59.9800,-299.7243,-298.9392,0.8352,-299.3670,0.5449,POST_PH4_RE_RFB,61.20,-0.57,700.4,247.9,0.00,0,0,,4.241
1019,09:43:13.610,ROI,160,160,192,192,9.65,10.35,7.175,0.0,96.65,761.44,137.74,82.51,84.89,0.9822,19.6400,60.5200,2.0500,50.8200,0.8542,0,60.5200,-299.5175,-298.3621,0.7000,-299.0417,0.5882,POST_PH4_RE_RFB,61.20,-0.24,700.4,247.9,0.00,0,0,,4.306
1020,09:43:13.673,ROI,160,160,192,192,8.97,9.71,14.65,0.0,102.96,761.32,137.97,82.79,84.77,0.9913,20.0700,60.5200,2.0100,50.4600,0.8516,0,60.5200,-299.4447,-297.4983,0.5621,-298.7443,0.6402,POST_PH4_RE_RFB,61.20,0.06,700.4,247.9,0.00,0,0,,4.369
1021,09:43:13.722,ROI,160,160,192,192,9.02,9.88,20.225,0.0,101.25,761.11,138.76,82.74,84.24,0.9764,20.9600,60.0900,2.1600,51.1300,0.8667,0,60.0900,-299.4494,-296.3532,0.4110,-298.5474,0.7087,POST_PH4_RE_RFB,61.20,0.25,700.4,247.9,0.00,0,0,,4.418
1022,09:43:13.850,ROI,160,160,192,192,10.21,10.88,6.575,0.0,91.91,760.30,139.91,82.42,84.00,0.9546,19.6600,59.8200,2.3000,52.4300,0.8735,0,59.8200,-299.6027,-295.0227,0.2759,-298.6123,0.7837,POST_PH4_RE_RFB,61.20,0.19,700.4,247.9,0.00,0,0,,4.547
1023,09:43:13.897,ROI,160,160,192,192,10.19,10.85,21.625,0.0,92.19,760.18,140.48,83.02,83.83,0.9795,20.1300,59.1600,0.0000,0.0000,0.8533,0,59.1600,-299.9027,-293.3862,0.1367,-299.1192,0.8798,POST_PH4_RE_RFB,61.20,-0.32,700.4,247.9,0.00,0,0,,4.594
1024,09:43:13.962,ROI,160,160,192,192,9.07,9.72,14.55,0.0,102.83,760.16,141.81,83.57,83.15,0.9622,19.9300,58.8200,0.0000,0.0000,0.8694,0,58.8200,-300.1919,-283.4925,0.0080,-300.0595,0.9921,POST_PH4_RE_RFB,61.20,-1.26,700.4,247.9,0.00,0,0,,4.658
1025,09:43:14.026,ROI,160,160,192,192,10.77,11.73,14.35,0.0,85.27,760.14,142.61,84.20,84.42,0.9738,20.1800,58.1600,0.0000,0.0000,0.8676,0,58.1600,-300.6918,-281.8595,0.1218,-298.6468,0.8914,POST_PH4_RE_RFB,61.20,0.15,700.4,247.9,0.00,0,0,,4.724
1026,09:43:14.073,ROI,160,160,192,192,10.30,11.00,11.025,0.0,90.92,759.21,143.50,84.85,85.03,0.9579,21.6700,58.7000,0.0000,0.0000,0.8946,0,58.7000,-300.8439,-281.3077,0.2390,-297.0749,0.8071,POST_PH4_RE_RFB,61.20,1.73,700.4,247.9,0.00,0,0,,4.770
1027,09:43:14.137,ROI,160,160,192,192,10.18,10.84,14.875,0.0,92.26,757.87,145.20,83.89,85.82,0.9317,19.8100,59.3500,0.0000,0.0000,0.8782,0,59.3500,-300.9620,-281.5950,0.3725,-295.7058,0.7286,POST_PH4_RE_RFB,61.20,3.09,700.4,247.9,0.00,0,0,,4.834
1028,09:43:14.186,ROI,160,160,192,192,9.02,9.70,20.325,0.0,103.12,757.55,145.53,84.85,85.44,0.9811,20.4600,59.0400,0.0000,0.0000,0.8751,0,59.0400,-301.0449,-282.4743,0.4894,-294.9432,0.6714,POST_PH4_RE_RFB,61.20,3.86,700.4,247.9,0.00,0,0,,4.882
1029,09:43:14.315,ROI,160,160,192,192,11.63,12.32,3.275,0.0,81.15,755.34,149.57,86.48,87.53,0.8667,19.1900,58.6500,0.0000,0.0000,0.8842,0,58.6500,-301.2192,-283.8652,0.6585,-294.3292,0.6030,POST_PH4_RE_RFB,61.20,4.47,700.4,247.9,0.00,0,0,,5.013
1030,09:43:14.362,ROI,160,160,192,192,9.07,9.75,22.325,0.0,102.58,753.79,152.24,88.40,85.96,0.9086,17.2400,58.5600,0.0000,0.0000,0.8530,0,58.5600,-301.3498,-285.5494,0.8495,-294.0923,0.5407,POST_PH4_RE_RFB,61.20,4.71,700.4,247.9,0.00,0,0,,5.058
1031,09:43:14.425,ROI,160,160,192,192,9.62,10.44,14.65,37.4,95.75,752.93,153.54,85.97,85.30,0.9437,19.0500,59.9800,4.2300,50.3500,0.8622,0,59.9800,-301.1986,-287.4352,1.0277,-294.2229,0.4932,POST_PH4_RE_RFB,61.20,4.58,700.4,247.9,0.00,0,0,,5.122
1032,09:43:14.489,ROI,160,160,192,192,9.03,9.69,7.3,0.0,103.25,750.74,157.21,87.02,87.28,0.8746,18.5200,60.7700,0.0000,0.0000,0.8737,0,60.7700,-300.8915,-289.5146,1.2362,-294.6021,0.4472,POST_PH4_RE_RFB,61.20,4.20,700.4,247.9,0.00,0,0,,5.185
1033,09:43:14.537,ROI,160,160,192,192,8.91,9.71,20.225,0.0,102.96,750.46,159.42,88.09,89.59,0.9398,19.7500,61.2000,0.0000,0.0000,0.8741,0,61.2000,-300.5179,-291.5824,1.4343,-295.2530,0.4108,POST_PH4_RE_RFB,61.20,3.55,700.4,247.9,0.00,0,0,,5.233
1034,09:43:14.602,ROI,160,160,192,192,8.88,9.57,7.125,0.0,104.48,748.02,162.00,87.90,89.99,0.8947,18.4400,59.7800,0.0000,0.0000,0.8754,0,59.7800,-300.4463,-293.7202,1.6416,-296.2664,0.3786,POST_PH4_RE_RFB,61.20,2.53,700.4,247.9,0.00,0,0,,5.298
1035,09:43:14.713,ROI,160,160,192,192,7.53,8.17,3.85,0.0,122.35,746.61,165.02,86.39,89.63,0.9059,18.9200,61.1300,0.0000,0.0000,0.8760,0,61.1300,-300.1061,-295.8333,1.8477,-297.3337,0.3512,POST_PH4_RE_RFB,61.20,1.47,700.4,247.9,0.00,0,0,,5.407
1036,09:43:14.778,ROI,160,160,192,192,8.33,9.56,13.825,0.0,104.64,744.10,168.77,86.16,92.05,0.8709,18.5600,63.1900,0.0000,0.0000,0.8460,0,63.1900,-299.3542,-298.0276,2.0659,-298.4603,0.3262,POST_PH4_RE_RFB,61.20,0.34,700.4,247.9,0.00,0,0,,5.474
1037,09:43:14.842,ROI,160,160,192,192,8.14,8.82,14.375,0.0,113.35,744.05,171.40,86.71,92.34,0.9387,18.6200,61.5800,0.0000,0.0000,0.8317,0,61.5800,-298.9281,-300.0626,2.2610,-299.7147,0.3067,POST_PH4_RE_RFB,61.20,-0.91,700.4,247.9,0.00,0,0,,5.537
1038,09:43:14.890,ROI,160,160,192,192,7.54,8.22,9.85,0.0,121.68,741.56,174.89,87.89,94.81,0.8783,20.0200,61.0100,0.0000,0.0000,0.8726,0,61.0100,-298.6373,-301.9089,2.4577,-300.9627,0.2892,POST_PH4_RE_RFB,61.20,-2.16,700.4,247.9,0.00,0,0,,5.585
1039,09:43:14.954,ROI,160,160,192,192,7.57,8.23,7.0,0.0,121.49,741.24,176.38,87.66,94.25,0.9620,18.8200,60.0400,0.0000,0.0000,0.8400,0,60.0400,-298.6013,-303.4577,2.6092,-302.1121,0.2771,POST_PH4_RE_RFB,61.20,-3.31,700.4,247.9,0.00,0,0,,5.649
1040,09:43:15.017,ROI,160,160,192,192,7.98,8.61,14.225,0.0,116.08,739.34,180.03,87.80,95.98,0.8882,19.0700,61.1500,0.0000,0.0000,0.8742,0,61.1500,-298.3674,-304.7234,2.7724,-303.0385,0.2651,POST_PH4_RE_RFB,61.20,-4.24,700.4,247.9,0.00,0,0,,5.712
1041,09:43:15.066,ROI,160,160,192,192,7.59,8.30,19.45,0.0,120.48,738.58,181.92,90.66,101.99,0.9114,19.1400,61.7200,0.0000,0.0000,0.8812,0,61.7200,-298.1134,-305.5892,2.8886,-303.6667,0.2572,POST_PH4_RE_RFB,61.20,-4.87,700.4,247.9,0.00,0,0,,5.761
1042,09:43:15.178,ROI,160,160,224,224,7.58,8.27,7.525,0.0,120.89,735.34,184.99,86.18,97.08,0.8745,18.8100,62.9700,0.0000,0.0000,0.8384,0,62.9700,-297.6863,-301.7201,3.0062,-300.7132,0.2496,POST_PH4_RE_RFB,61.20,-1.91,700.4,247.9,0.00,0,0,,5.873
1043,09:43:15.242,ROI,160,160,224,224,7.62,8.28,14.1,0.0,120.75,733.71,187.58,84.99,95.93,0.9131,19.1200,62.4900,0.0000,0.0000,0.8655,0,62.4900,-297.5035,-300.9521,3.0884,-300.1086,0.2446,POST_PH4_RE_RFB,61.20,-1.31,700.4,247.9,0.00,0,0,,5.936
1044,09:43:15.306,ROI,160,160,192,192,9.14,9.85,13.975,0.0,101.51,733.70,191.10,84.95,96.00,0.9287,17.7300,61.6500,0.0000,0.0000,0.8301,0,61.6500,-297.5087,-300.2675,3.1415,-299.6013,0.2415,POST_PH4_RE_RFB,61.20,-0.80,700.4,247.9,0.00,0,0,,6.002
1045,09:43:15.353,ROI,160,160,192,192,8.02,8.69,20.95,0.0,115.10,732.88,192.32,83.76,97.58,0.9568,18.6800,63.2800,0.0000,0.0000,0.8643,0,63.2800,-297.1597,-299.6622,3.1505,-299.0592,0.2409,POST_PH4_RE_RFB,61.20,-0.26,700.4,247.9,0.00,0,0,,6.048
1046,09:43:15.418,ROI,160,160,224,224,9.38,10.14,13.875,0.0,98.66,731.09,194.48,85.97,99.48,0.9182,18.9400,62.7100,0.0000,0.0000,0.8413,0,62.7100,-297.0308,-299.1646,3.1064,-298.6450,0.2435,POST_PH4_RE_RFB,61.20,0.16,700.4,247.9,0.00,0,0,,6.115
1047,09:43:15.482,ROI,160,160,224,224,11.31,12.49,14.6,31.3,80.07,730.57,196.13,85.71,98.78,0.9557,18.8900,62.6900,0.0000,0.0000,0.8496,0,62.6900,-297.0137,-298.7652,3.0676,-298.3346,0.2458,POST_PH4_RE_RFB,61.20,0.47,700.4,247.9,0.00,0,0,,6.181
1048,09:43:15.529,ROI,160,160,224,224,7.62,8.30,11.375,0.0,120.43,728.53,199.21,86.37,98.57,0.8973,18.6300,63.2000,0.0000,0.0000,0.8468,0,63.2000,-296.9732,-298.4524,3.0450,-298.0867,0.2472,POST_PH4_RE_RFB,61.20,0.71,700.4,247.9,0.00,0,0,,6.223
1049,09:43:15.658,ROI,160,160,224,224,10.46,11.10,6.45,0.0,90.08,726.95,202.61,86.65,95.93,0.9000,16.2800,60.0100,0.0000,0.0000,0.8088,0,60.0100,-297.5091,-298.1915,3.0084,-298.0213,0.2495,POST_PH4_RE_RFB,61.20,0.78,700.4,247.9,0.00,0,0,,6.355
1050,09:43:15.705,ROI,160,160,192,192,7.56,8.24,21.7,0.0,121.29,725.44,205.54,87.48,95.36,0.9094,19.6900,59.5600,0.0000,0.0000,0.8954,0,59.5600,-298.0499,-298.0165,2.9988,-298.0249,0.2501,POST_PH4_RE_RFB,61.20,0.78,700.4,247.9,0.00,0,0,,6.400
1051,09:43:15.769,ROI,160,160,192,192,7.44,8.12,13.975,0.0,123.18,723.40,208.30,87.18,95.46,0.9020,19.1100,60.2300,0.0000,0.0000,0.8689,0,60.2300,-298.3846,-297.8264,2.9770,-297.9667,0.2514,POST_PH4_RE_RFB,61.20,0.83,700.4,247.9,0.00,0,0,,6.464
1052,09:43:15.834,ROI,160,160,192,192,7.55,8.21,13.825,0.0,121.78,723.02,209.81,89.40,96.53,0.9452,18.8700,58.2100,0.0000,0.0000,0.8919,0,58.2100,-299.2735,-297.7283,2.9335,-298.1211,0.2542,POST_PH4_RE_RFB,61.20,0.68,700.4,247.9,0.00,0,0,,6.529
1053,09:43:15.882,ROI,160,160,224,224,9.07,9.76,19.625,0.0,102.45,721.71,211.49,92.36,96.96,0.9354,17.6800,59.6300,0.0000,0.0000,0.8302,0,59.6300,-299.6942,-297.7188,2.8808,-298.2278,0.2577,POST_PH4_RE_RFB,61.20,0.57,700.4,247.9,0.00,0,0,,6.578
1054,09:43:15.945,ROI,160,160,224,224,8.94,9.62,7.3,0.0,103.91,720.93,212.95,93.88,98.21,0.9546,17.8900,60.0100,0.0000,0.0000,0.8433,0,60.0100,-299.7819,-297.8481,2.8363,-298.3522,0.2607,POST_PH4_RE_RFB,61.20,0.45,700.4,247.9,0.00,0,0,,6.641
1055,09:43:15.994,ROI,160,160,224,224,7.63,8.32,19.875,0.0,120.20,719.75,216.54,95.26,98.74,0.9075,16.8300,58.8200,0.0000,0.0000,0.8552,0,58.8200,-300.2363,-297.9094,2.8000,-298.5218,0.2632,POST_PH4_RE_RFB,61.20,0.28,700.4,247.9,0.00,0,0,,6.689
1056,09:43:16.122,ROI,160,160,224,224,7.48,8.13,6.525,0.0,122.99,717.49,221.01,95.13,101.37,0.8737,15.9900,59.8700,0.0000,0.0000,0.8367,0,59.8700,-300.4907,-297.9685,2.8292,-298.6272,0.2612,POST_PH4_RE_RFB,61.20,0.17,700.4,247.9,0.00,0,0,,6.817
1057,09:43:16.169,ROI,160,160,224,224,7.95,8.65,10.0,0.0,115.67,716.08,223.16,96.66,98.38,0.9309,16.4600,60.0800,0.0000,0.0000,0.8165,0,60.0800,-300.7899,-297.9908,2.8245,-298.7227,0.2615,POST_PH4_RE_RFB,61.20,0.08,700.4,247.9,0.00,0,0,,6.864
1058,09:43:16.234,ROI,160,160,224,224,7.54,8.21,13.975,0.0,121.76,715.24,225.04,96.71,99.20,0.9464,16.4800,60.6900,0.0000,0.0000,0.8219,0,60.6900,-300.8416,-297.9682,2.8272,-298.7190,0.2613,POST_PH4_RE_RFB,61.20,0.08,700.4,247.9,0.00,0,0,,6.928
1059,09:43:16.297,ROI,160,160,224,224,7.52,8.21,7.075,0.0,121.74,712.21,228.54,93.46,99.18,0.8762,15.7700,61.9000,0.0000,0.0000,0.7889,0,61.9000,-300.5742,-297.9497,2.8433,-298.6326,0.2602,POST_PH4_RE_RFB,61.20,0.17,700.4,247.9,0.00,0,0,,6.992
1060,09:43:16.346,ROI,160,160,224,224,7.56,8.25,19.4,0.0,121.15,711.36,229.90,93.16,98.43,0.9553,18.2400,62.8000,0.0000,0.0000,0.8550,0,62.8000,-299.9869,-298.0736,2.8601,-298.5693,0.2591,POST_PH4_RE_RFB,61.20,0.23,700.4,247.9,0.00,0,0,,7.040
1061,09:43:16.409,ROI,160,160,224,224,7.65,8.36,14.275,0.0,119.66,709.54,233.89,95.10,99.22,0.8889,17.4700,64.2500,0.0000,0.0000,0.8438,0,64.2500,-299.1532,-298.3125,2.9085,-298.5276,0.2559,POST_PH4_RE_RFB,61.20,0.27,700.4,247.9,0.00,0,0,,7.103
1062,09:43:16.473,ROI,160,160,224,224,7.46,8.62,14.0,0.0,116.06,706.66,235.65,94.89,99.71,0.9093,17.2200,63.7400,0.0000,0.0000,0.8202,0,63.7400,-298.5480,-298.5978,2.9615,-298.5852,0.2524,POST_PH4_RE_RFB,61.20,0.21,700.4,247.9,0.00,0,0,,7.168
1063,09:43:16.521,ROI,160,160,224,224,7.96,8.64,19.575,0.0,115.73,705.97,237.79,95.79,100.81,0.9447,18.3400,64.1600,0.0000,0.0000,0.8219,0,64.1600,-297.7125,-298.8959,2.9744,-298.5981,0.2516,POST_PH4_RE_RFB,61.20,0.20,700.4,247.9,0.00,0,0,,7.216
1064,09:43:16.650,ROI,160,160,224,224,9.22,10.14,3.25,0.0,98.59,703.84,242.26,96.70,103.29,0.8777,16.7300,63.3100,0.0000,0.0000,0.8315,0,63.3100,-297.1296,-299.2260,3.0192,-298.7044,0.2488,POST_PH4_RE_RFB,61.20,0.10,700.4,247.9,0.00,0,0,,7.346
1065,09:43:16.697,ROI,160,160,224,224,9.02,10.00,20.875,0.0,100.05,701.38,243.23,96.67,101.04,0.9301,19.3400,64.4700,0.0000,0.0000,0.8431,0,64.4700,-296.3222,-299.6563,3.0204,-298.8270,0.2487,POST_PH4_RE_RFB,61.20,-0.03,700.4,247.9,0.00,0,0,,7.394
1066,09:43:16.762,ROI,160,160,224,224,9.71,10.41,14.3,0.0,96.02,701.94,243.85,96.87,101.85,0.9765,20.3900,66.8100,0.0000,0.0000,0.8864,0,66.8100,-295.0103,-300.1407,2.9841,-298.8530,0.2510,POST_PH4_RE_RFB,61.20,-0.05,700.4,247.9,0.00,0,0,,7.459
1067,09:43:16.809,ROI,160,160,224,224,7.65,8.36,10.575,0.0,119.66,701.34,244.85,96.46,102.06,0.9687,19.6700,64.6700,0.0000,0.0000,0.8398,0,64.6700,-294.5542,-300.6422,2.9343,-299.0948,0.2542,POST_PH4_RE_RFB,61.20,-0.29,700.4,247.9,0.00,0,0,,7.504
1068,09:43:16.874,ROI,160,160,224,224,7.56,8.26,6.975,0.0,121.11,700.75,245.95,98.08,102.26,0.9627,20.2400,64.6700,0.0000,0.0000,0.8525,0,64.6700,-294.2299,-301.1426,2.8690,-299.3559,0.2585,POST_PH4_RE_RFB,61.20,-0.56,700.4,247.9,0.00,0,0,,7.568
1069,09:43:16.938,ROI,160,160,224,224,7.59,8.24,6.975,0.0,121.38,700.67,246.75,97.87,103.04,0.9824,20.1500,64.0200,0.0000,0.0000,0.8586,0,64.0200,-294.0538,-301.6271,2.7856,-299.6266,0.2642,POST_PH4_RE_RFB,61.20,-0.83,700.4,247.9,0.00,0,0,,7.633
1070,09:43:16.986,ROI,160,160,224,224,8.10,8.87,9.775,0.0,112.76,699.66,247.41,98.35,103.04,0.9672,19.2600,64.6100,0.0000,0.0000,0.8477,0,64.6100,-294.0479,-302.1243,2.6586,-299.9168,0.2733,POST_PH4_RE_RFB,61.20,-1.12,700.4,247.9,0.00,0,0,,7.681
1071,09:43:17.114,ROI,160,160,224,224,9.05,9.71,6.55,0.0,103.00,698.64,249.11,99.50,104.23,0.9481,19.8200,63.0700,0.0000,0.0000,0.8542,0,63.0700,-294.3117,-302.6670,2.5167,-300.2911,0.2844,POST_PH4_RE_RFB,61.20,-1.49,700.4,247.9,0.00,0,0,,7.810
1072,09:43:17.162,ROI,160,160,224,224,9.08,9.77,0.0,0.0,102.31,698.77,249.32,101.95,104.02,0.9721,20.0100,64.2200,0.0000,0.0000,0.8594,0,64.2200,-294.3582,-303.2645,2.3181,-300.5803,0.3014,POST_PH4_SETTLING,61.20,-1.78,700.4,247.9,0.00,0,0,,7.858
1073,09:43:17.225,ROI,160,160,224,224,8.28,8.94,0.0,0.0,111.92,698.60,249.24,101.75,103.80,0.9946,20.0700,64.3600,0.0000,0.0000,0.8631,0,64.3600,-294.5822,-303.7863,2.1035,-300.8206,0.3222,POST_PH4_SETTLING,61.20,-2.02,700.4,247.9,0.00,0,0,,7.920
1074,09:43:17.290,ROI,160,160,224,224,7.58,8.28,0.0,0.0,120.81,698.56,249.46,102.05,103.98,0.9928,20.1700,64.4900,0.0000,0.0000,0.8645,0,64.4900,-294.7601,-304.1756,1.9099,-300.9399,0.3437,POST_PH4_SETTLING,61.20,-2.14,700.4,247.9,0.00,0,0,,7.985
1075,09:43:17.338,ROI,160,160,224,224,7.75,8.40,9.875,0.0,119.08,698.63,249.50,102.24,104.20,0.9959,20.0100,64.4200,0.0000,0.0000,0.8643,0,64.4200,-295.0101,-304.4087,1.6960,-300.9225,0.3709,POST_PH4_SETTLING,61.20,-2.12,700.4,247.9,0.00,0,0,,8.033
1076,09:43:17.402,ROI,160,160,224,224,7.78,8.44,7.0,0.0,118.51,698.49,249.69,102.84,104.52,0.9907,20.1500,64.3000,0.0000,0.0000,0.8648,0,64.3000,-295.2929,-304.4115,1.4608,-300.7060,0.4064,POST_PH4_SETTLING,61.20,-1.91,700.4,247.9,0.00,0,0,,8.097
1077,09:43:17.514,ROI,160,160,224,224,7.69,8.36,3.775,0.0,119.59,698.53,249.70,102.56,104.55,0.9970,20.1100,64.4000,0.0000,0.0000,0.8653,0,64.4000,-295.4842,-304.2796,1.2540,-300.3774,0.4437,POST_PH4_SETTLING,61.20,-1.58,700.4,247.9,0.00,0,0,,8.209
1078,09:43:17.578,ROI,160,160,224,224,7.71,8.41,0.0,0.0,118.97,698.43,249.74,102.70,104.62,0.9973,20.1200,64.4200,0.0000,0.0000,0.8661,0,64.4200,-295.6153,-304.0647,1.0282,-299.8988,0.4930,POST_PH4_SETTLING,61.20,-1.10,700.4,247.9,0.00,0,0,,8.273
1079,09:43:17.626,ROI,160,160,224,224,7.66,8.33,0.0,0.0,119.99,698.34,249.77,103.01,104.65,0.9965,20.0700,64.4800,0.0000,0.0000,0.8659,0,64.4800,-295.6013,-303.5924,0.8401,-299.2497,0.5434,POST_PH4_SETTLING,61.20,-0.45,700.4,247.9,0.00,0,0,,8.321
1080,09:43:17.690,ROI,160,160,224,224,7.69,8.39,7.0,0.0,119.20,698.52,249.70,102.61,104.55,0.9947,20.2000,64.6100,0.0000,0.0000,0.8695,0,64.6100,-295.6215,-303.2045,0.6683,-298.6592,0.5994,POST_PH4_SETTLING,61.20,0.14,700.4,247.9,0.00,0,0,,8.385
1081,09:43:17.754,ROI,160,160,224,224,7.65,8.32,7.05,0.0,120.17,698.53,249.71,102.58,104.48,0.9991,20.0900,64.5800,0.0000,0.0000,0.8679,0,64.5800,-295.6164,-302.6994,0.5059,-297.9960,0.6640,POST_PH4_SETTLING,61.20,0.80,700.4,247.9,0.00,0,0,,8.449
1082,09:43:17.802,ROI,160,160,224,224,7.84,8.68,9.775,0.0,115.19,698.55,249.69,102.42,104.38,0.9976,20.1900,64.4000,0.0000,0.0000,0.8665,0,64.4000,-295.7500,-301.7435,0.4112,-297.4963,0.7086,POST_PH4_SETTLING,61.20,1.30,700.4,247.9,0.00,0,0,,8.497
