frame_id,timestamp,mode,input_width,input_height,roi_w,roi_h,inf_time_ms,end_to_end_time_ms,cpu_load_pct,end_to_end_cpu_load_pct,fps,x_center,y_center,width,height,iou_prev_bbox,group1_magnitude,group1_angle,group2_magnitude,group2_angle,best_conf,tracking_lost,raw_angle,model_angle_smooth,trajectory_angle_smooth,estimated_speed,fused_angle,fused_weight_x,pid_mode,target_angle,angle_error,target_x,target_y,distance_error,ble_speed_left,ble_speed_right,post_ph4_spin_elapsed_s,post_ph4_re_rfb_elapsed_s
2582,09:32:00.869,ROI,160,160,224,224,8.57,9.20,10.3,0.0,108.73,412.15,163.57,104.68,97.47,0.9976,16.4600,-60.6100,0.0000,0.0000,0.8146,0,-60.6100,299.4509,253.7001,0.1116,294.8585,0.8996,PHASE_1_ALIGNING,-42.58,-22.56,536.8,278.1,169.27,-677,677,,
2583,09:32:00.909,ROI,160,160,224,224,9.30,10.21,0.0,0.0,97.91,412.15,163.63,104.48,97.61,0.9967,16.5000,-60.6600,0.0000,0.0000,0.8146,0,-60.6600,299.1313,258.8162,0.1258,294.6262,0.8883,PHASE_1_ALIGNING,-42.56,-22.81,536.8,278.1,169.23,-684,684,,
2584,09:32:00.958,ROI,160,160,224,224,10.77,11.43,0.0,0.0,87.47,412.15,163.57,104.76,97.47,0.9959,16.5300,-60.6900,0.0000,0.0000,0.8162,0,-60.6900,299.2899,266.4572,0.1075,296.1034,0.9029,PHASE_1_ALIGNING,-42.58,-21.32,536.8,278.1,169.27,-640,640,,
2585,09:32:01.021,ROI,160,160,224,224,8.54,9.18,0.0,42.575,108.97,412.15,163.62,104.64,97.55,0.9979,16.5400,-60.4100,0.0000,0.0000,0.8146,0,-60.4100,299.0744,274.7951,0.0906,297.0580,0.9170,PHASE_1_ALIGNING,-42.57,-20.38,536.8,278.1,169.24,-611,611,,
2586,09:32:01.151,ROI,160,160,224,224,9.02,9.97,0.0,39.225,100.34,412.17,163.63,104.57,97.58,0.9990,16.5300,-60.5000,0.0000,0.0000,0.8168,0,-60.5000,299.0115,286.2650,0.0725,298.1494,0.9324,PHASE_2_DRIVING,-42.57,-19.28,536.8,278.1,169.22,1353,2000,,
2587,09:32:01.199,ROI,160,160,224,224,9.81,10.46,10.4,0.0,95.58,412.21,163.57,104.52,97.57,0.9981,16.6100,-60.5100,0.0000,0.0000,0.8182,0,-60.5100,298.7680,298.0964,0.0429,298.7403,0.9589,PHASE_2_DRIVING,-42.59,-18.67,536.8,278.1,169.23,1442,2000,,
2588,09:32:01.260,ROI,160,160,224,224,10.71,11.37,0.0,0.0,87.97,411.96,163.38,104.51,97.20,0.9912,16.5600,-60.5900,0.0000,0.0000,0.8154,0,-60.5900,299.1871,302.9258,0.0119,299.2310,0.9883,PHASE_2_DRIVING,-42.58,-18.19,536.8,278.1,169.55,1441,2000,,
2589,09:32:01.326,ROI,160,160,224,224,9.97,10.77,0.0,0.0,92.85,412.23,163.14,104.66,96.35,0.9861,16.2700,-61.4200,0.0000,0.0000,0.8131,0,-61.4200,299.4152,312.7769,0.0126,299.5820,0.9875,PHASE_2_DRIVING,-42.70,-17.71,536.8,278.1,169.51,1454,2000,,
2590,09:32:01.374,ROI,160,160,224,224,8.35,9.15,0.0,0.0,109.29,412.39,162.62,105.57,95.76,0.9808,16.5600,-58.7300,0.0000,0.0000,0.8600,0,-58.7300,299.5820,302.8128,0.0282,299.6708,0.9725,PHASE_2_DRIVING,-42.87,-17.46,536.8,278.1,169.74,1435,2000,,
2591,09:32:01.439,ROI,160,160,224,224,9.63,10.73,0.0,0.0,93.19,411.96,163.60,106.26,97.22,0.9720,16.4100,-61.5600,0.0000,0.0000,0.8458,0,-61.5600,299.4469,297.0847,0.0258,299.3875,0.9749,PHASE_2_DRIVING,-42.53,-18.09,536.8,278.1,169.40,1317,2000,,
2592,09:32:01.502,ROI,160,160,224,224,8.25,8.98,7.5,0.0,111.35,413.21,163.18,109.03,95.94,0.9621,16.2100,-56.7300,0.0000,0.0000,0.8746,0,-56.7300,300.1522,284.9712,0.0340,299.6524,0.9671,PHASE_2_DRIVING,-42.92,-17.43,536.8,278.1,168.76,1484,2000,,
2593,09:32:01.549,ROI,160,160,224,224,12.36,13.16,10.125,0.0,76.00,412.62,163.55,108.25,95.84,0.9818,17.1500,-57.1500,0.0000,0.0000,0.8762,0,-57.1500,300.8209,271.8983,0.0348,299.8486,0.9664,PHASE_2_DRIVING,-42.69,-17.46,536.8,278.1,168.95,1402,2000,,
2594,09:32:01.677,ROI,160,160,224,224,11.15,11.83,0.0,33.025,84.53,414.41,163.27,112.04,95.24,0.9603,16.6300,-49.0600,0.0000,0.0000,0.8949,0,-49.0600,303.0226,291.1887,0.0625,302.3269,0.9412,PHASE_2_DRIVING,-43.18,-14.50,536.8,278.1,167.83,1897,2000,,
2595,09:32:01.725,ROI,160,160,256,256,13.14,13.84,0.0,0.0,72.26,413.23,164.25,114.13,94.58,0.9596,18.4600,-55.9000,0.0000,0.0000,0.8451,0,-55.9000,303.6905,305.5328,0.0690,303.8094,0.9355,PHASE_2_DRIVING,-42.66,-13.53,536.8,278.1,168.02,1647,2000,,
2596,09:32:01.789,ROI,160,160,256,256,10.09,10.88,0.0,35.9,91.92,414.63,164.96,115.39,95.46,0.9615,19.1900,-47.2600,0.0000,0.0000,0.8778,0,-47.2600,306.0264,315.0545,0.1046,306.8813,0.9053,PHASE_2_DRIVING,-42.80,-10.32,536.8,278.1,166.51,2000,1900,,
2597,09:32:01.837,ROI,160,160,256,256,8.20,8.92,10.5,43.8,112.15,414.66,164.88,117.06,94.67,0.9778,19.5700,-43.4100,0.0000,0.0000,0.8789,0,-43.4100,308.9087,322.5174,0.1399,310.5792,0.8772,PHASE_2_DRIVING,-42.83,-6.59,536.8,278.1,166.55,2000,1693,,
2598,09:32:01.901,ROI,160,160,256,256,11.62,12.66,7.075,30.85,78.96,416.67,166.83,119.86,95.95,0.9282,18.6900,-41.7200,0.0000,0.0000,0.8364,0,-41.7200,311.8202,327.3841,0.2158,314.5823,0.8225,PHASE_2_DRIVING,-42.81,-2.61,536.8,278.1,163.74,2000,1530,,
2599,09:32:01.966,ROI,160,160,256,256,14.13,15.24,7.5,0.0,65.63,416.82,167.92,120.32,96.22,0.9739,17.1900,-37.4200,0.0000,0.0000,0.8846,0,-37.4200,315.2648,330.7045,0.2950,318.7824,0.7722,PHASE_2_DRIVING,-42.56,1.34,536.8,278.1,162.90,2000,1414,,
2600,09:32:02.028,ROI,160,160,256,256,11.27,12.24,0.0,0.0,81.69,419.04,169.06,122.99,94.67,0.9418,18.1600,-32.6000,0.0000,0.0000,0.9355,0,-32.6000,319.3022,333.0165,0.4067,323.2675,0.7109,PHASE_2_DRIVING,-42.80,6.06,536.8,278.1,160.49,2000,1201,,
2601,09:32:02.077,ROI,160,160,256,256,10.36,11.11,0.0,0.0,89.98,419.38,170.02,120.83,92.56,0.9605,18.5700,-34.9500,0.0000,0.0000,0.9309,0,-34.9500,322.3617,334.5484,0.5167,326.5133,0.6593,PHASE_2_DRIVING,-42.63,9.14,536.8,278.1,159.58,2000,1294,,
2602,09:32:02.190,ROI,160,160,256,256,8.07,8.76,0.0,0.0,114.12,422.41,172.37,123.89,90.42,0.9056,20.2200,-30.4100,0.0000,0.0000,0.9228,0,-30.4100,325.8960,336.2616,0.6738,330.0687,0.5974,PHASE_2_DRIVING,-42.75,12.82,536.8,278.1,155.77,2000,1137,,
2603,09:32:02.253,ROI,160,160,256,256,8.49,9.21,0.0,0.0,108.58,425.86,173.41,126.70,91.55,0.9255,19.3400,-27.8100,0.0000,0.0000,0.9371,0,-27.8100,329.4624,337.6467,0.8616,333.2503,0.5372,PHASE_2_DRIVING,-43.34,16.59,536.8,278.1,152.54,2000,1038,,
2604,09:32:02.317,ROI,160,160,256,256,9.04,9.91,7.15,0.0,100.94,427.29,172.04,124.74,93.39,0.9494,19.0300,-28.2500,0.0000,0.0000,0.9475,0,-28.2500,332.3568,340.3789,1.0200,336.4076,0.4950,PHASE_2_DRIVING,-44.08,20.49,536.8,278.1,152.45,2000,939,,
2605,09:32:02.364,ROI,160,160,256,256,11.85,12.61,0.0,30.975,79.29,429.66,175.17,124.38,90.64,0.9005,19.8000,-29.0400,0.0000,0.0000,0.9237,0,-29.0400,334.5226,342.7557,1.2102,339.0307,0.4524,PHASE_2_DRIVING,-43.85,22.88,536.8,278.1,148.58,2000,1020,,
2606,09:32:02.429,ROI,160,160,256,256,9.52,10.25,0.0,0.0,97.52,432.07,175.83,123.02,93.09,0.9370,19.3400,-32.4900,0.0000,0.0000,0.9464,0,-32.4900,335.4212,340.7895,1.3922,338.5454,0.4180,PHASE_2_DRIVING,-44.32,22.86,536.8,278.1,146.38,2000,1257,,
2607,09:32:02.494,ROI,160,160,256,256,9.63,10.38,0.0,0.0,96.34,434.69,176.94,124.16,96.94,0.9210,18.2800,-32.6300,0.0000,0.0000,0.9247,0,-32.6300,335.7060,339.6312,1.5763,338.1076,0.3881,PHASE_2_DRIVING,-44.73,22.84,536.8,278.1,143.74,2000,1259,,
2608,09:32:02.541,ROI,160,160,256,256,8.13,9.19,0.0,0.0,108.80,438.66,180.85,124.43,99.04,0.8681,17.5600,-37.7900,0.0000,0.0000,0.8933,0,-37.7900,334.7285,335.8270,1.7997,335.4346,0.3572,PHASE_2_DRIVING,-44.74,20.17,536.8,278.1,138.17,2000,1653,,
2609,09:32:02.671,ROI,160,160,256,256,8.70,9.47,0.0,0.0,105.60,444.42,182.24,123.15,102.45,0.8822,14.3700,-40.9300,0.0000,0.0000,0.8341,0,-40.9300,332.4264,332.5705,2.0586,332.5234,0.3269,PHASE_2_DRIVING,-46.06,18.58,536.8,278.1,133.13,2000,1565,,
2610,09:32:02.718,ROI,160,160,256,256,8.24,8.91,0.0,0.0,112.21,445.97,185.58,121.71,99.20,0.9129,15.8900,-39.9000,0.0000,0.0000,0.8142,0,-39.9000,330.5099,324.5303,2.3116,326.3360,0.3020,PHASE_2_DRIVING,-45.53,11.86,536.8,278.1,129.65,1478,2000,,
2611,09:32:02.782,ROI,160,160,256,256,11.40,12.11,0.0,0.0,82.59,449.26,186.70,121.22,102.99,0.9134,15.2600,-48.2200,0.0000,0.0000,0.8422,0,-48.2200,326.5486,314.0309,2.5361,317.5709,0.2828,PHASE_2_DRIVING,-46.24,3.81,536.8,278.1,126.56,1115,2000,,
2612,09:32:02.846,ROI,160,160,256,256,9.32,10.05,0.0,0.0,99.49,450.09,187.26,117.14,102.03,0.9557,15.8900,-46.8300,0.0000,0.0000,0.8535,0,-46.8300,323.6140,319.0210,2.7158,320.2571,0.2691,PHASE_2_DRIVING,-46.33,6.59,536.8,278.1,125.58,2000,1398,,
2613,09:32:02.894,ROI,160,160,256,256,10.69,11.43,10.325,34.175,87.48,454.10,188.92,119.07,101.34,0.9054,14.7100,-45.1500,0.0000,0.0000,0.8186,0,-45.1500,320.2241,323.2037,2.8727,322.4343,0.2582,PHASE_2_DRIVING,-47.16,9.59,536.8,278.1,121.63,2000,1289,,
2614,09:32:02.957,ROI,160,160,256,256,9.21,10.33,0.0,0.0,96.84,455.76,190.88,117.94,101.76,0.9360,15.4600,-44.2500,0.0000,0.0000,0.8448,0,-44.2500,317.7898,326.1025,3.0046,324.0267,0.2497,PHASE_2_DRIVING,-47.10,11.13,536.8,278.1,119.06,2000,1411,,
2615,09:32:03.022,ROI,160,160,256,256,9.21,9.97,0.0,39.2,100.30,458.60,193.09,117.76,102.03,0.9134,13.4100,-47.4100,0.0000,0.0000,0.7752,0,-47.4100,315.0837,328.5504,3.0984,325.2646,0.2440,PHASE_2_DRIVING,-47.39,12.65,536.8,278.1,115.51,2000,1368,,
2616,09:32:03.134,ROI,160,160,256,256,8.61,9.52,0.0,41.05,105.00,462.34,195.22,117.33,99.41,0.9005,14.9900,-44.8500,0.0000,0.0000,0.8274,0,-44.8500,313.1596,330.1545,3.2135,326.1211,0.2373,PHASE_2_DRIVING,-48.06,14.18,536.8,278.1,111.42,2000,1325,,
2617,09:32:03.198,ROI,160,160,256,256,13.61,14.64,0.0,0.0,68.32,463.60,196.15,117.87,94.99,0.9358,15.4900,-39.0500,0.0000,0.0000,0.8560,0,-39.0500,312.9553,330.9389,3.2583,326.7157,0.2348,PHASE_2_DRIVING,-48.23,14.94,536.8,278.1,109.88,2000,1390,,
2618,09:32:03.245,ROI,160,160,256,256,16.16,17.25,0.0,0.0,57.98,465.16,195.95,119.09,96.56,0.9583,14.9200,-37.6500,0.0000,0.0000,0.8704,0,-37.6500,313.6016,331.3720,3.2611,327.2016,0.2347,PHASE_2_DRIVING,-48.91,16.11,536.8,278.1,109.00,2000,1312,,
2619,09:32:03.310,ROI,160,160,256,256,13.72,14.87,8.175,0.0,67.23,468.79,199.48,118.54,99.36,0.8771,14.2900,-39.6100,0.0000,0.0000,0.7671,0,-39.6100,313.6743,331.2869,3.2557,327.1483,0.2350,PHASE_2_DRIVING,-49.14,16.29,536.8,278.1,103.95,2000,1419,,
2620,09:32:03.374,ROI,160,160,256,256,9.40,10.38,0.0,0.0,96.30,468.53,201.46,111.78,98.43,0.9066,13.7600,-44.9500,0.0000,0.0000,0.7444,0,-44.9500,313.2402,330.6437,3.2213,326.5209,0.2369,PHASE_2_DRIVING,-48.30,14.82,536.8,278.1,102.64,2000,1671,,
2621,09:32:03.422,ROI,160,160,224,224,8.57,9.27,10.625,0.0,107.91,474.34,203.28,115.63,100.18,0.8715,12.1400,-45.7800,0.0000,0.0000,0.8473,0,-45.7800,313.1802,329.8538,3.2463,325.9272,0.2355,PHASE_2_DRIVING,-50.14,16.07,536.8,278.1,97.46,2000,1304,,
2622,09:32:03.550,ROI,160,160,256,256,7.95,8.62,0.0,0.0,116.03,477.34,206.07,110.61,97.26,0.8969,15.8400,-46.7000,0.0000,0.0000,0.8171,0,-46.7000,313.1983,329.1903,3.2337,325.4130,0.2362,PHASE_2_DRIVING,-50.46,15.87,536.8,278.1,93.40,2000,1476,,
2623,09:32:03.598,ROI,160,160,224,224,10.95,11.67,9.975,33.475,85.72,479.67,206.32,111.57,97.57,0.9541,13.8300,-48.4600,0.0000,0.0000,0.8669,0,-48.4600,313.0920,328.4857,3.2052,324.8251,0.2378,PHASE_2_DRIVING,-51.48,16.31,536.8,278.1,91.74,2000,1388,,
2624,09:32:03.662,ROI,160,160,224,224,9.11,9.89,0.0,0.0,101.10,482.50,209.12,111.09,97.64,0.8987,12.4100,-52.1500,0.0000,0.0000,0.7842,0,-52.1500,312.1879,327.7918,3.1703,324.0501,0.2398,PHASE_2_DRIVING,-51.79,15.84,536.8,278.1,87.79,2000,1510,,
2625,09:32:03.726,ROI,160,160,224,224,10.58,11.32,7.2,0.0,88.30,482.95,210.40,106.75,98.60,0.9369,13.6700,-55.6900,0.0000,0.0000,0.8056,0,-55.6900,310.8885,327.1445,3.0845,323.1645,0.2448,PHASE_2_DRIVING,-51.50,14.67,536.8,278.1,86.50,2000,1637,,
2626,09:32:03.774,ROI,160,160,224,224,8.74,10.09,0.0,0.0,99.08,487.66,213.30,112.31,99.44,0.8672,12.9300,-54.0300,0.0000,0.0000,0.8118,0,-54.0300,309.7602,326.4473,3.0820,322.3593,0.2450,PHASE_2_DRIVING,-52.82,15.18,536.8,278.1,81.32,2000,1412,,
2627,09:32:03.837,ROI,160,160,256,256,8.58,9.30,0.0,42.0,107.50,488.41,214.01,108.35,96.58,0.9370,12.9600,-57.5300,0.0000,0.0000,0.8065,0,-57.5300,307.8515,325.8948,3.0847,321.4775,0.2448,PHASE_2_DRIVING,-52.95,14.42,536.8,278.1,80.31,2000,1591,,
2628,09:32:03.903,ROI,160,160,224,224,8.70,9.41,0.0,0.0,106.24,491.09,217.63,109.23,99.32,0.8854,13.0900,-58.7800,0.0000,0.0000,0.8073,0,-58.7800,306.0926,325.2024,3.1130,320.5562,0.2431,PHASE_2_DRIVING,-52.92,13.47,536.8,278.1,75.80,2000,1647,,
2629,09:32:03.950,ROI,160,160,224,224,9.09,10.03,0.0,0.0,99.69,494.02,217.35,109.16,97.50,0.9308,14.3900,-58.8200,0.0000,0.0000,0.8512,0,-58.8200,303.7323,324.6020,3.1316,319.5508,0.2420,PHASE_2_DRIVING,-54.85,14.40,536.8,278.1,74.30,2000,1387,,
2630,09:32:04.078,ROI,160,160,224,224,10.16,10.87,6.625,0.0,91.97,497.14,221.19,110.92,97.94,0.8754,12.6300,-58.7900,0.0000,0.0000,0.7945,0,-58.7900,301.7185,324.0555,3.1418,318.6624,0.2414,PHASE_2_DRIVING,-55.13,13.79,536.8,278.1,69.37,1931,1538,,
2631,09:32:04.125,ROI,160,160,224,224,12.49,13.28,0.0,0.0,75.29,497.71,223.46,108.78,100.80,0.9374,14.8700,-58.0800,0.0000,0.0000,0.7856,0,-58.0800,300.2466,323.5218,3.1468,317.9090,0.2411,PHASE_2_DRIVING,-54.42,12.33,536.8,278.1,67.18,1788,1570,,
2632,09:32:04.190,ROI,160,160,224,224,7.98,8.84,0.0,0.0,113.08,500.04,225.60,108.47,100.83,0.9191,14.1000,-59.1800,0.0000,0.0000,0.7831,0,-59.1800,298.8764,322.9382,3.1419,317.1288,0.2414,PHASE_2_DRIVING,-55.00,12.13,536.8,278.1,64.09,1783,1421,,
2633,09:32:04.255,ROI,160,160,224,224,9.36,10.03,7.025,0.0,99.69,501.95,227.23,109.69,102.54,0.9357,15.1400,-58.4300,0.0000,0.0000,0.7846,0,-58.4300,297.5705,322.3082,3.1359,316.3270,0.2418,PHASE_2_DRIVING,-55.58,11.91,536.8,278.1,61.67,1712,1371,,
2634,09:32:04.301,ROI,160,160,224,224,9.04,10.00,10.675,0.0,99.95,502.30,229.07,104.24,100.93,0.9169,14.6300,-61.2700,0.0000,0.0000,0.7679,0,-61.2700,296.1611,321.5975,3.1254,315.4317,0.2424,PHASE_2_DRIVING,-54.87,10.30,536.8,278.1,59.95,1556,1441,,
2635,09:32:04.367,ROI,160,160,224,224,9.62,10.49,7.025,0.0,95.35,503.18,230.40,101.54,101.68,0.9493,16.2000,-59.4500,0.0000,0.0000,0.8106,0,-59.4500,296.0567,320.7666,3.0653,314.6884,0.2460,PHASE_2_DRIVING,-54.82,9.51,536.8,278.1,58.36,1552,1366,,
2636,09:32:04.430,ROI,160,160,224,224,11.11,11.82,0.0,0.0,84.63,504.95,232.24,101.44,100.69,0.9318,14.7500,-61.6000,0.0000,0.0000,0.8030,0,-61.6000,296.0257,319.9334,2.9635,313.9014,0.2523,PHASE_2_DRIVING,-55.22,9.12,536.8,278.1,55.84,1501,1290,,
2637,09:32:04.478,ROI,160,160,224,224,12.20,13.35,0.0,0.0,74.93,505.34,234.32,101.05,102.45,0.9525,14.7000,-60.4200,0.0000,0.0000,0.8079,0,-60.4200,296.4386,318.9305,2.8804,313.1341,0.2577,PHASE_2_DRIVING,-54.30,7.43,536.8,278.1,53.91,1357,1338,,
2638,09:32:04.606,ROI,160,160,224,224,8.38,9.27,3.4,0.0,107.88,509.00,238.06,101.75,103.22,0.8672,14.2700,-57.7000,0.0000,0.0000,0.8145,0,-57.7000,297.1800,317.5277,2.8105,312.1877,0.2624,PHASE_2_DRIVING,-55.23,7.42,536.8,278.1,48.74,1308,1129,,
2639,09:32:04.655,ROI,160,160,224,224,8.46,9.16,9.9,0.0,109.12,510.78,241.40,100.34,105.53,0.9067,13.6200,-61.0600,0.0000,0.0000,0.8114,0,-61.0600,297.3651,315.9467,2.8006,311.0576,0.2631,PHASE_2_DRIVING,-54.66,5.72,536.8,278.1,44.99,1112,1137,,
2640,09:32:04.718,ROI,160,160,224,224,10.10,11.17,0.0,0.0,89.50,511.76,242.82,100.37,108.11,0.9551,14.2600,-61.5700,0.0000,0.0000,0.7720,0,-61.5700,297.6118,314.2508,2.7945,309.8657,0.2635,PHASE_2_DRIVING,-54.64,4.50,536.8,278.1,43.26,1078,1085,,
2641,09:32:04.782,ROI,160,160,224,224,12.20,13.05,0.0,0.0,76.63,513.09,245.18,99.68,107.34,0.9327,13.7500,-63.6300,0.0000,0.0000,0.8048,0,-63.6300,297.5020,312.5296,2.7667,308.5400,0.2655,PHASE_2_DRIVING,-54.23,2.77,536.8,278.1,40.57,972,1056,,
2642,09:32:04.829,ROI,160,160,224,224,10.60,11.52,11.6,33.9,86.79,513.97,247.18,99.96,109.63,0.9471,14.8200,-63.3200,0.0000,0.0000,0.7740,0,-63.3200,297.3119,310.7735,2.7493,307.1831,0.2667,PHASE_2_DRIVING,-53.55,0.73,536.8,278.1,38.43,889,1032,,
2643,09:32:04.894,ROI,160,160,224,224,11.25,11.96,7.325,0.0,83.59,515.48,248.04,98.92,109.49,0.9553,16.3500,-62.1100,0.0000,0.0000,0.8047,0,-62.1100,297.1721,308.9897,2.6851,305.7828,0.2714,PHASE_2_DRIVING,-54.66,0.44,536.8,278.1,36.86,915,928,,
2644,09:32:04.956,ROI,160,160,224,224,8.18,8.94,7.825,0.0,111.83,516.30,250.66,99.47,111.93,0.9383,14.5200,-64.7400,0.0000,0.0000,0.7929,0,-64.7400,296.7911,307.2289,2.6664,304.3820,0.2727,PHASE_2_DRIVING,-53.24,-2.38,536.8,278.1,34.25,739,973,,
2645,09:32:05.005,ROI,160,160,224,224,8.18,8.90,0.0,0.0,112.38,516.27,251.25,101.01,112.63,0.9746,16.3900,-64.5700,0.0000,0.0000,0.8235,0,-64.5700,296.2438,305.5439,2.5796,302.9459,0.2794,PHASE_2_DRIVING,-52.60,-4.46,536.8,278.1,33.81,737,953,,
2646,09:32:05.134,ROI,160,160,256,256,9.00,9.71,3.25,40.225,102.96,517.12,253.43,99.57,110.24,0.9454,13.2600,-61.9700,0.0000,0.0000,0.7980,0,-61.9700,296.2133,303.7750,2.5270,301.6311,0.2835,PHASE_2_DRIVING,-51.42,-6.95,536.8,278.1,31.56,655,922,,
2647,09:32:05.183,ROI,160,160,224,224,8.55,9.29,0.0,42.075,107.68,519.58,255.76,101.29,111.15,0.9139,16.2800,-64.3200,0.0000,0.0000,0.8180,0,-64.3200,295.7534,302.3140,2.4689,300.4228,0.2883,PHASE_2_DRIVING,-52.37,-7.21,536.8,278.1,28.21,647,763,,
2648,09:32:05.245,ROI,160,160,224,224,10.28,11.13,0.0,0.0,89.85,520.86,255.66,99.61,112.10,0.9666,16.2700,-64.8500,0.0000,0.0000,0.7840,0,-64.8500,295.2848,301.2537,2.4226,299.5098,0.2922,PHASE_2_DRIVING,-54.62,-5.87,536.8,278.1,27.53,684,692,,
2649,09:32:05.309,ROI,160,160,256,256,12.43,13.18,7.45,29.625,75.85,520.18,258.07,99.57,107.89,0.9442,14.1600,-60.5300,0.0000,0.0000,0.7864,0,-60.5300,295.8856,300.3194,2.3628,299.0009,0.2974,PHASE_2_DRIVING,-50.31,-10.69,536.8,278.1,26.03,456,846,,
2650,09:32:05.358,ROI,160,160,224,224,8.70,9.42,0.0,0.0,106.11,522.45,258.20,100.65,109.34,0.9431,16.9900,-62.1400,0.0000,0.0000,0.7964,0,-62.1400,296.0777,299.7213,2.3011,298.6175,0.3029,PHASE_2_DRIVING,-54.21,-7.17,536.8,278.1,24.54,656,571,,
2651,09:32:05.423,ROI,160,160,224,224,12.18,13.39,0.0,0.0,74.68,523.23,259.12,100.76,108.22,0.9681,16.3900,-62.8800,0.0000,0.0000,0.7822,0,-62.8800,296.2535,299.5160,2.2260,298.5047,0.3100,PHASE_2_DRIVING,-54.44,-7.05,536.8,278.1,23.33,545,622,,
2652,09:32:05.535,ROI,160,160,224,224,13.67,14.86,3.95,0.0,67.29,524.22,261.06,101.21,106.89,0.9463,15.9400,-63.3900,0.0000,0.0000,0.8000,0,-63.3900,296.0875,299.5642,2.1440,298.4584,0.3181,PHASE_2_DRIVING,-53.56,-7.98,536.8,278.1,21.18,468,591,,
2653,09:32:05.599,ROI,160,160,224,224,11.43,12.30,8.075,31.775,81.30,524.32,262.15,102.51,109.76,0.9615,16.6400,-61.3200,0.0000,0.0000,0.7943,0,-61.3200,296.5846,299.7752,2.0301,298.7222,0.3300,PHASE_2_DRIVING,-51.97,-9.31,536.8,278.1,20.25,432,580,,
2654,09:32:05.662,ROI,160,160,224,224,11.79,12.75,0.0,30.625,78.42,525.04,262.69,102.61,107.84,0.9691,16.8100,-62.0700,0.0000,0.0000,0.7949,0,-62.0700,296.7220,300.2489,1.9015,299.0334,0.3446,PHASE_2_DRIVING,-52.65,-8.32,536.8,278.1,19.39,464,506,,
2655,09:32:05.709,ROI,160,160,224,224,16.52,17.62,0.0,0.0,56.77,525.38,263.13,103.03,106.60,0.9820,16.5400,-61.3200,0.0000,0.0000,0.8299,0,-61.3200,297.1524,300.8124,1.7458,299.4795,0.3642,PHASE_2_DRIVING,-52.65,-7.87,536.8,278.1,18.83,442,499,,
2656,09:32:05.775,ROI,160,160,224,224,13.62,14.72,0.0,0.0,67.93,525.80,264.23,103.40,107.23,0.9718,16.3100,-61.4300,0.0000,0.0000,0.8287,0,-61.4300,297.8782,301.4442,1.6387,300.0928,0.3790,PHASE_2_DRIVING,-51.57,-8.33,536.8,278.1,17.70,397,488,,
2657,09:32:05.837,ROI,160,160,224,224,8.54,9.25,0.0,42.225,108.06,526.22,264.97,103.70,107.38,0.9785,16.0900,-61.7900,0.0000,0.0000,0.7802,0,-61.7900,298.2225,302.1132,1.5560,300.5910,0.3912,PHASE_2_DRIVING,-51.14,-8.27,536.8,278.1,16.87,388,455,,
2658,09:32:05.885,ROI,160,160,224,224,9.45,10.28,10.15,38.05,97.27,526.64,265.46,102.96,106.92,0.9828,15.4800,-62.3200,0.0000,0.0000,0.8003,0,-62.3200,298.4144,302.8132,1.4604,301.0254,0.4064,PHASE_2_DRIVING,-51.23,-7.75,536.8,278.1,16.22,382,428,,
2659,09:32:06.013,ROI,160,160,224,224,8.43,9.15,0.0,0.0,109.34,527.72,266.19,102.97,103.53,0.9486,14.9900,-62.0800,0.0000,0.0000,0.8176,0,-62.0800,298.4398,303.5945,1.3831,301.4314,0.4196,PHASE_2_DRIVING,-52.68,-5.88,536.8,278.1,14.98,380,369,,
2660,09:32:06.061,ROI,160,160,224,224,8.62,9.35,10.025,0.0,106.91,528.25,267.04,103.85,105.06,0.9740,14.9500,-60.4900,0.0000,0.0000,0.7995,0,-60.4900,298.7978,304.3396,1.3125,301.9431,0.4324,PHASE_2_DRIVING,-52.29,-5.77,536.8,278.1,13.99,331,368,,
2661,09:32:06.126,ROI,160,160,224,224,8.60,9.32,0.0,0.0,107.33,528.41,268.62,103.45,106.41,0.9667,15.3100,-58.7200,0.0000,0.0000,0.8013,0,-58.7200,299.6029,305.0249,1.2466,302.6114,0.4451,PHASE_2_DRIVING,-48.47,-8.92,536.8,278.1,12.66,248,385,,
2662,09:32:06.188,ROI,160,160,224,224,10.84,11.81,0.0,33.075,84.68,528.98,268.90,103.80,105.88,0.9840,15.9200,-58.6700,0.0000,0.0000,0.8094,0,-58.6700,300.0665,305.5760,1.1915,303.0620,0.4563,PHASE_2_DRIVING,-49.65,-7.29,536.8,278.1,12.08,300,304,,
2663,09:32:06.237,ROI,160,160,224,224,8.53,9.27,10.575,0.0,107.85,529.47,268.81,104.86,105.64,0.9877,15.9600,-58.4400,0.0000,0.0000,0.8020,0,-58.4400,300.4896,305.9675,1.1034,303.3632,0.4754,PHASE_2_DRIVING,-51.72,-4.92,536.8,278.1,11.83,309,282,,
2664,09:32:06.302,ROI,160,160,224,224,8.63,9.55,13.875,0.0,104.68,530.11,269.29,102.55,104.73,0.9692,15.6900,-59.9200,0.0000,0.0000,0.8344,0,-59.9200,300.7911,306.0473,1.0278,303.4553,0.4931,PHASE_2_DRIVING,-52.78,-3.77,536.8,278.1,11.07,279,274,,
2665,09:32:06.365,ROI,160,160,224,224,11.22,12.00,7.425,0.0,83.31,529.83,269.90,101.81,104.26,0.9813,15.4400,-59.7200,0.0000,0.0000,0.8153,0,-59.7200,300.8365,305.9294,0.9811,303.3587,0.5048,PHASE_2_DRIVING,-49.66,-6.98,536.8,278.1,10.76,216,323,,
2666,09:32:06.413,ROI,160,160,224,224,10.49,11.17,0.0,0.0,89.50,530.74,269.92,103.22,103.92,0.9794,15.6200,-59.0100,0.0000,0.0000,0.8208,0,-59.0100,300.8876,306.1095,0.9208,303.3909,0.5206,PHASE_2_DRIVING,-53.44,-3.17,536.8,278.1,10.18,285,224,,
2667,09:32:06.543,ROI,160,160,224,224,11.58,12.49,0.0,31.275,80.04,531.04,270.86,101.82,103.42,0.9688,15.3000,-59.1800,0.0000,0.0000,0.8113,0,-59.1800,301.2815,305.8897,0.8721,303.4282,0.5342,PHASE_3_FINAL_ALIGNING,138.10,165.33,536.8,278.1,9.25,2000,-2000,,
2668,09:32:06.589,ROI,160,160,224,224,7.80,8.52,0.0,0.0,117.32,531.17,272.04,102.45,104.24,0.9715,14.9300,-58.8600,0.0000,0.0000,0.8059,0,-58.8600,301.5382,305.6867,0.8348,303.4258,0.5450,PHASE_3_FINAL_ALIGNING,138.10,165.33,536.8,278.1,8.27,2000,-2000,,
2669,09:32:06.654,ROI,160,160,224,224,8.50,9.28,6.875,0.0,107.73,532.09,272.95,103.35,103.07,0.9653,15.3600,-54.4400,0.0000,0.0000,0.7909,0,-54.4400,302.5599,305.6652,0.8099,303.9495,0.5525,PHASE_3_FINAL_ALIGNING,138.10,165.85,536.8,278.1,6.98,2000,-2000,,
2670,09:32:06.718,ROI,160,160,224,224,10.81,11.65,0.0,0.0,85.85,531.99,272.71,102.41,103.82,0.9838,15.4300,-57.1300,0.0000,0.0000,0.7895,0,-57.1300,302.8263,305.7283,0.7888,304.1060,0.5590,PHASE_3_FINAL_ALIGNING,138.10,166.01,536.8,278.1,7.22,2000,-2000,,
2671,09:32:06.765,ROI,160,160,224,224,10.76,11.48,0.0,0.0,87.14,532.36,272.97,104.23,102.49,0.9702,15.4900,-53.8200,0.0000,0.0000,0.8163,0,-53.8200,303.8904,305.7398,0.7648,304.6918,0.5666,PHASE_3_FINAL_ALIGNING,138.10,166.59,536.8,278.1,6.79,2000,-2000,,
2672,09:32:06.828,ROI,160,160,224,224,10.28,11.04,7.55,0.0,90.55,532.50,273.22,102.44,104.16,0.9674,15.2300,-57.5500,0.0000,0.0000,0.7926,0,-57.5500,303.9760,305.8146,0.7348,304.7548,0.5764,PHASE_3_FINAL_ALIGNING,138.10,166.65,536.8,278.1,6.50,2000,-2000,,
2673,09:32:06.895,ROI,160,160,224,224,13.85,14.66,14.0,26.65,68.19,533.01,273.84,101.78,103.25,0.9784,16.0600,-55.4500,0.0000,0.0000,0.7912,0,-55.4500,304.4956,305.9345,0.7033,305.0897,0.5871,PHASE_3_FINAL_ALIGNING,138.10,166.99,536.8,278.1,5.70,2000,-2000,,
2674,09:32:06.941,ROI,160,160,224,224,12.44,13.46,0.0,0.0,74.31,532.89,273.60,101.22,103.87,0.9886,15.7800,-57.7200,0.0000,0.0000,0.8190,0,-57.7200,304.4353,306.0635,0.6622,305.0839,0.6016,PHASE_3_FINAL_ALIGNING,138.10,166.98,536.8,278.1,5.96,2000,-2000,,
2675,09:32:07.069,ROI,160,160,224,224,8.42,9.12,0.0,42.825,109.61,533.01,274.30,96.84,104.17,0.9443,14.1300,-61.7600,0.0000,0.0000,0.7911,0,-61.7600,303.4430,306.0372,0.6246,304.4403,0.6156,PHASE_3_FINAL_ALIGNING,138.10,166.34,536.8,278.1,5.37,2000,-2000,,
2676,09:32:07.117,ROI,160,160,224,224,8.98,9.81,0.0,39.875,101.97,533.34,274.64,94.81,106.12,0.9615,14.5400,-63.3200,0.0000,0.0000,0.8111,0,-63.3200,302.0720,305.9116,0.5840,303.4877,0.6313,PHASE_3_FINAL_ALIGNING,138.10,165.39,536.8,278.1,4.89,2000,-2000,,
2677,09:32:07.180,ROI,160,160,224,224,10.43,11.20,0.0,0.0,89.30,532.58,275.53,91.18,108.02,0.9454,13.8000,-65.0800,0.0000,0.0000,0.7966,0,-65.0800,300.3850,305.4737,0.5493,302.1891,0.6455,PHASE_3_FINAL_ALIGNING,138.10,164.09,536.8,278.1,4.94,2000,-2000,,
2678,09:32:07.246,ROI,160,160,224,224,12.38,13.22,0.0,0.0,75.62,532.07,276.13,89.77,106.13,0.9673,12.3700,-67.7200,0.0000,0.0000,0.7785,0,-67.7200,298.3869,304.4145,0.5175,300.4425,0.6590,PHASE_3_FINAL_ALIGNING,138.10,162.34,536.8,278.1,5.12,2000,-2000,,
2679,09:32:07.293,ROI,160,160,224,224,12.38,13.33,0.0,0.0,75.00,532.36,275.33,85.60,106.25,0.9395,12.7700,-70.8900,0.0000,0.0000,0.7891,0,-70.8900,296.0635,302.7419,0.4863,298.2486,0.6728,PHASE_3_FINAL_ALIGNING,138.10,160.15,536.8,278.1,5.23,2000,-2000,,
2680,09:32:07.359,ROI,160,160,224,224,10.60,11.40,0.0,0.0,87.75,532.87,274.94,84.24,106.51,0.9771,11.7300,-74.7900,0.0000,0.0000,0.8455,0,-74.7900,293.1609,300.8255,0.4481,295.5325,0.6906,PHASE_3_FINAL_ALIGNING,138.10,157.43,536.8,278.1,5.04,2000,-2000,,
2681,09:32:07.421,ROI,160,160,224,224,8.56,9.31,0.0,0.0,107.39,532.67,276.69,82.63,107.94,0.9499,13.2900,-83.8400,0.0000,0.0000,0.8672,0,-83.8400,288.7144,298.4086,0.4250,291.6057,0.7018,PHASE_3_FINAL_ALIGNING,138.10,153.51,536.8,278.1,4.36,2000,-2000,,
2682,09:32:07.534,ROI,160,160,224,224,10.42,11.22,3.775,0.0,89.12,531.09,277.22,85.95,106.85,0.9520,13.5800,-90.2400,0.0000,0.0000,0.8685,0,-90.2400,283.2391,294.7871,0.3998,286.5370,0.7144,PHASE_3_FINAL_ALIGNING,138.10,148.44,536.8,278.1,5.78,2000,-2000,,
2683,09:32:07.599,ROI,160,160,224,224,10.18,11.08,7.325,35.25,90.24,530.94,278.04,89.26,107.53,0.9484,14.5900,-93.3500,0.0000,0.0000,0.8800,0,-93.3500,277.6813,289.5661,0.3896,281.0136,0.7196,PHASE_3_FINAL_ALIGNING,138.10,142.91,536.8,278.1,5.86,2000,-2000,,
2684,09:32:07.645,ROI,160,160,224,224,12.38,13.19,0.0,29.6,75.79,529.38,279.27,90.38,108.92,0.9443,14.6900,-97.2400,0.0000,0.0000,0.8320,0,-97.2400,271.9963,282.7336,0.3964,275.0446,0.7161,PHASE_3_FINAL_ALIGNING,138.10,136.94,536.8,278.1,7.51,2000,-2000,,
2685,09:32:07.711,ROI,160,160,224,224,15.31,16.39,7.45,23.85,61.03,527.52,280.54,92.57,108.26,0.9383,15.5900,-104.3600,0.0000,0.0000,0.8955,0,-104.3600,265.5058,273.9124,0.4449,268.0944,0.6921,PHASE_3_FINAL_ALIGNING,138.10,129.99,536.8,278.1,9.60,2000,-2000,,
2686,09:32:07.773,ROI,160,160,224,224,11.78,12.68,0.0,0.0,78.88,527.91,281.30,92.29,112.07,0.9580,16.0000,-109.2200,0.0000,0.0000,0.8744,0,-109.2200,258.8487,264.5488,0.5176,260.7927,0.6589,PHASE_3_FINAL_ALIGNING,138.10,122.69,536.8,278.1,9.45,2000,-2000,,
2687,09:32:07.822,ROI,160,160,256,256,10.85,12.31,0.0,31.75,81.21,527.64,276.12,93.81,104.69,0.8951,16.9500,-114.6500,0.0000,0.0000,0.8823,0,-114.6500,252.4549,254.5143,0.5079,253.1485,0.6632,PHASE_3_FINAL_ALIGNING,138.10,115.05,536.8,278.1,9.37,2000,-2000,,
2688,09:32:07.949,ROI,160,160,224,224,14.22,15.35,0.0,0.0,65.16,526.83,276.69,115.78,102.94,0.7992,21.8500,-127.6800,0.0000,0.0000,0.9144,0,-127.6800,244.1515,243.7883,0.5146,244.0281,0.6602,PHASE_3_FINAL_ALIGNING,138.10,105.93,536.8,278.1,10.07,2000,-2000,,
2689,09:32:07.996,ROI,160,160,256,256,9.74,10.51,0.0,0.0,95.11,523.62,276.29,119.89,102.10,0.9394,21.4900,-132.4000,0.0000,0.0000,0.9410,0,-132.4000,236.4875,231.9385,0.5607,234.8532,0.6407,PHASE_3_FINAL_ALIGNING,138.10,96.75,536.8,278.1,13.31,1935,-1935,,
2690,09:32:08.060,ROI,160,160,256,256,11.31,12.36,0.0,0.0,80.93,526.52,276.64,120.10,98.74,0.9221,21.1500,-139.6200,0.0000,0.0000,0.9286,0,-139.6200,228.3099,220.3562,0.5651,225.4380,0.6389,PHASE_3_FINAL_ALIGNING,138.10,87.34,536.8,278.1,10.38,1747,-1747,,
2691,09:32:08.125,ROI,160,160,256,256,13.11,14.13,14.725,0.0,70.79,526.08,277.26,115.86,98.05,0.9526,21.1000,-141.1400,0.0000,0.0000,0.8741,0,-141.1400,221.4943,209.6331,0.5695,217.1904,0.6371,PHASE_3_FINAL_ALIGNING,138.10,79.09,536.8,278.1,10.75,1582,-1582,,
2692,09:32:08.174,ROI,160,160,256,256,12.70,13.76,22.4,0.0,72.67,527.73,278.07,123.41,92.32,0.8871,20.6800,-147.5000,0.0000,0.0000,0.8948,0,-147.5000,214.6281,200.1575,0.5395,209.5572,0.6496,PHASE_3_FINAL_ALIGNING,138.10,71.46,536.8,278.1,9.07,1429,-1429,,
2693,09:32:08.238,ROI,160,160,256,256,8.60,9.37,0.0,0.0,106.67,526.98,278.02,123.81,89.86,0.9619,18.7300,-152.5400,0.0000,0.0000,0.8943,0,-152.5400,207.8565,191.9108,0.5120,202.4569,0.6614,PHASE_3_FINAL_ALIGNING,138.10,64.36,536.8,278.1,9.82,1287,-1287,,
2694,09:32:08.302,ROI,160,160,256,256,8.25,9.26,0.0,0.0,108.01,530.45,279.18,121.14,83.89,0.8832,17.9300,-162.2600,0.0000,0.0000,0.8207,0,-162.2600,200.5148,185.9468,0.4147,196.2440,0.7068,PHASE_3_FINAL_ALIGNING,138.10,58.14,536.8,278.1,6.44,1163,-1163,,
2695,09:32:08.348,ROI,160,160,256,256,10.69,11.48,10.65,0.0,87.07,531.97,278.49,124.11,85.18,0.9596,18.5200,-164.6000,0.0000,0.0000,0.7972,0,-164.6000,194.2343,182.4485,0.3003,191.5125,0.7691,PHASE_3_FINAL_ALIGNING,138.10,53.41,536.8,278.1,4.85,1068,-1068,,
2696,09:32:08.478,ROI,160,160,256,256,13.20,14.25,0.0,27.425,70.20,529.24,277.81,121.74,85.71,0.9419,17.3800,-174.3900,0.0000,0.0000,0.8582,0,-174.3900,187.4027,180.3844,0.2367,186.0596,0.8086,PHASE_3_FINAL_ALIGNING,138.10,47.96,536.8,278.1,7.57,959,-959,,
2697,09:32:08.526,ROI,160,160,256,256,11.53,12.47,0.0,31.325,80.22,530.60,276.76,120.88,82.14,0.9374,17.0900,-177.4400,0.0000,0.0000,0.8609,0,-177.4400,181.4660,177.7664,0.1274,181.0480,0.8870,PHASE_3_FINAL_ALIGNING,138.10,42.95,536.8,278.1,6.34,859,-859,,
2698,09:32:08.589,ROI,160,160,256,256,8.09,8.93,0.0,0.0,111.97,527.70,276.69,123.57,79.60,0.9250,18.1900,174.9200,0.0000,0.0000,0.8543,0,174.9200,175.4015,167.2092,0.0795,174.7982,0.9264,PHASE_3_FINAL_ALIGNING,138.10,36.70,536.8,278.1,9.21,734,-734,,
2699,09:32:08.654,ROI,160,160,256,256,9.26,10.22,6.975,0.0,97.84,529.02,276.61,126.67,80.75,0.9616,17.2500,170.9800,0.0000,0.0000,0.8868,0,170.9800,169.4599,181.3515,0.0896,170.4378,0.9178,PHASE_3_FINAL_ALIGNING,138.10,32.34,536.8,278.1,7.93,647,-647,,
2700,09:32:08.703,ROI,160,160,256,256,8.01,8.83,0.0,0.0,113.26,528.28,274.48,126.26,78.72,0.9373,19.5300,165.1100,0.0000,0.0000,0.8982,0,165.1100,163.4510,193.0761,0.1733,167.8270,0.8523,PHASE_3_FINAL_ALIGNING,138.10,29.73,536.8,278.1,9.26,595,-595,,
2701,09:32:08.766,ROI,160,160,256,256,12.21,12.99,7.175,0.0,77.01,529.76,274.59,125.84,81.44,0.9446,17.8200,161.0100,0.0000,0.0000,0.9049,0,161.0100,158.0933,201.9828,0.2546,166.9988,0.7971,PHASE_3_FINAL_ALIGNING,138.10,28.90,536.8,278.1,7.87,578,-578,,
2702,09:32:08.828,ROI,160,160,256,256,10.49,11.25,7.95,0.0,88.90,530.22,274.11,125.06,81.36,0.9812,16.6500,157.0400,0.0000,0.0000,0.8421,0,157.0400,153.3442,209.1137,0.3110,166.5749,0.7628,PHASE_3_FINAL_ALIGNING,138.10,28.47,536.8,278.1,7.70,569,-569,,
2703,09:32:08.877,ROI,160,160,256,256,9.61,10.58,10.425,0.0,94.54,528.96,274.90,126.77,82.34,0.9617,16.7900,157.6400,0.0000,0.0000,0.8328,0,157.6400,149.7815,214.8416,0.2924,164.4992,0.7738,PHASE_3_FINAL_ALIGNING,138.10,26.40,536.8,278.1,8.47,528,-528,,
2704,09:32:09.006,ROI,160,160,256,256,8.74,9.89,0.0,0.0,101.09,529.38,274.32,123.54,85.74,0.9367,16.0800,149.8800,0.0000,0.0000,0.8169,0,149.8800,145.8098,218.6366,0.2738,161.4623,0.7851,PHASE_3_FINAL_ALIGNING,138.10,23.36,536.8,278.1,8.33,467,-467,,
2705,09:32:09.052,ROI,160,160,256,256,12.15,13.11,0.0,29.875,76.26,528.95,273.54,121.25,84.11,0.9628,14.7600,148.9600,0.0000,0.0000,0.7850,0,148.9600,142.8167,223.8630,0.3096,161.9770,0.7636,PHASE_3_FINAL_ALIGNING,138.10,23.88,536.8,278.1,9.08,478,-478,,
2706,09:32:09.119,ROI,160,160,256,256,12.50,13.29,7.3,29.4,75.23,529.79,273.80,121.33,84.19,0.9801,14.8100,148.7900,0.0000,0.0000,0.7977,0,148.7900,140.0320,192.5050,0.3329,153.1389,0.7502,PHASE_3_FINAL_ALIGNING,138.10,15.04,536.8,278.1,8.22,301,-301,,
2707,09:32:09.181,ROI,160,160,256,256,10.60,11.38,0.0,34.475,87.90,529.80,272.58,121.78,86.53,0.9683,15.2700,147.0200,0.0000,0.0000,0.8316,0,147.0200,137.8260,166.2251,0.3476,145.1509,0.7421,PHASE_3_FINAL_ALIGNING,138.10,7.05,536.8,278.1,8.91,141,-141,,
2708,09:32:09.229,ROI,160,160,256,256,13.16,14.05,0.0,0.0,71.15,530.14,274.11,121.89,88.14,0.9604,14.4400,146.4900,0.0000,0.0000,0.8286,0,146.4900,136.1230,142.8307,0.3577,137.8903,0.7365,PHASE_3_FINAL_ALIGNING,138.10,-0.21,536.8,278.1,7.77,-4,4,,
2709,09:32:09.294,ROI,160,160,256,256,12.73,13.69,0.0,0.0,73.05,530.85,274.06,119.28,88.67,0.9729,14.7800,142.8200,0.0000,0.0000,0.8166,0,142.8200,134.7963,122.2959,0.3537,131.5298,0.7387,PHASE_3_FINAL_ALIGNING,138.10,-6.57,536.8,278.1,7.19,-131,131,,
2710,09:32:09.357,ROI,160,160,256,256,11.85,12.92,7.875,0.0,77.38,531.42,274.88,117.87,88.67,0.9703,14.0800,142.5800,0.0000,0.0000,0.8357,0,142.5800,134.0478,103.3223,0.3217,126.5695,0.7566,PHASE_3_FINAL_ALIGNING,138.10,-11.53,536.8,278.1,6.27,-231,231,,
2711,09:32:09.409,ROI,160,160,256,256,12.16,13.13,10.15,0.0,76.19,530.62,275.39,119.62,90.58,0.9647,12.4400,140.4000,0.0000,0.0000,0.8070,0,140.4000,133.5198,87.2066,0.2685,123.7160,0.7883,PHASE_3_FINAL_ALIGNING,138.10,-14.38,536.8,278.1,6.75,-288,288,,
2712,09:32:09.536,ROI,160,160,256,256,8.50,9.51,0.0,0.0,105.21,530.85,275.74,117.44,92.35,0.9633,13.0800,138.4500,0.0000,0.0000,0.8133,0,138.4500,132.6892,70.8831,0.1957,122.5735,0.8363,PHASE_3_FINAL_ALIGNING,138.10,-15.53,536.8,278.1,6.40,-311,311,,
2713,09:32:09.581,ROI,160,160,256,256,12.92,13.93,11.075,0.0,71.79,530.75,276.10,116.72,92.82,0.9860,12.3400,137.5200,0.0000,0.0000,0.7952,0,137.5200,132.4484,87.8460,0.1602,126.2886,0.8619,PHASE_3_FINAL_ALIGNING,138.10,-11.81,536.8,278.1,6.37,-236,236,,
2714,09:32:09.645,ROI,160,160,256,256,10.22,11.19,7.775,0.0,89.37,531.18,276.86,115.31,92.91,0.9720,12.7000,137.2900,0.0000,0.0000,0.8161,0,137.2900,132.0881,97.7318,0.1378,127.9278,0.8789,PHASE_3_FINAL_ALIGNING,138.10,-10.17,536.8,278.1,5.75,-203,203,,
2715,09:32:09.708,ROI,160,160,256,256,11.40,12.19,0.0,0.0,82.06,531.56,276.54,115.17,93.54,0.9867,12.2200,136.7400,0.0000,0.0000,0.8309,0,136.7400,132.1242,102.5683,0.1857,127.4943,0.8434,PHASE_3_FINAL_ALIGNING,138.10,-10.61,536.8,278.1,5.47,-212,212,,
2716,09:32:09.757,ROI,160,160,256,256,9.56,10.80,0.0,0.0,92.56,531.59,276.54,115.15,93.46,0.9986,12.2000,136.8800,0.0000,0.0000,0.8309,0,136.8800,132.1438,98.8718,0.1968,126.6720,0.8355,PHASE_3_FINAL_ALIGNING,138.10,-11.43,536.8,278.1,5.44,-229,229,,
2717,09:32:09.821,ROI,160,160,256,256,11.87,13.06,0.0,0.0,76.55,531.59,276.48,115.97,93.62,0.9913,12.5100,137.0500,0.0000,0.0000,0.8328,0,137.0500,132.4278,104.9860,0.2363,127.1819,0.8088,PHASE_3_FINAL_ALIGNING,138.10,-10.92,536.8,278.1,5.45,-218,218,,
2718,09:32:09.934,ROI,160,160,256,256,9.77,10.53,0.0,0.0,94.95,531.18,275.95,117.79,92.67,0.9736,12.9700,137.9700,0.0000,0.0000,0.8300,0,137.9700,132.8432,110.7875,0.2262,128.7752,0.8156,PHASE_3_FINAL_ALIGNING,138.10,-9.32,536.8,278.1,6.02,-186,186,,
2719,09:32:09.997,ROI,160,160,256,256,11.66,12.46,0.0,0.0,80.24,531.05,275.69,117.78,92.30,0.9922,12.5100,138.9500,0.0000,0.0000,0.8159,0,138.9500,133.4798,117.0416,0.2260,130.4492,0.8156,PHASE_3_FINAL_ALIGNING,138.10,-7.65,536.8,278.1,6.24,-153,153,,
2720,09:32:10.061,ROI,160,160,256,256,9.56,10.26,0.0,0.0,97.43,530.60,275.30,118.90,91.15,0.9783,12.7900,139.5600,0.0000,0.0000,0.8134,0,139.5600,134.1871,124.7462,0.2105,132.5457,0.8261,PHASE_3_FINAL_ALIGNING,138.10,-5.55,536.8,278.1,6.80,-111,111,,
2721,09:32:10.108,ROI,160,160,256,256,10.88,11.87,0.0,0.0,84.28,531.14,275.21,117.52,90.48,0.9811,14.0100,140.2500,0.0000,0.0000,0.8198,0,140.2500,135.4089,132.9722,0.1942,135.0127,0.8374,PHASE_3_FINAL_ALIGNING,138.10,-3.09,536.8,278.1,6.36,-62,62,,
2722,09:32:10.173,ROI,160,160,256,256,11.73,12.70,0.0,0.0,78.74,530.52,274.89,119.39,90.21,0.9774,14.1100,140.5800,0.0000,0.0000,0.8210,0,140.5800,136.1412,141.2470,0.1604,136.8469,0.8618,PHASE_3_FINAL_ALIGNING,138.10,-1.25,536.8,278.1,7.05,-25,25,,
2723,09:32:10.238,ROI,160,160,256,256,11.93,13.01,0.0,0.0,76.89,531.20,274.75,118.08,89.01,0.9755,14.4500,143.5500,0.0000,0.0000,0.8258,0,143.5500,137.5423,151.9271,0.1114,138.9846,0.8997,PHASE_3_FINAL_ALIGNING,138.10,0.88,536.8,278.1,6.52,18,-18,,
2724,09:32:10.285,ROI,160,160,256,256,8.47,9.26,0.0,42.175,107.98,530.49,274.85,120.00,90.24,0.9706,13.6300,141.6200,0.0000,0.0000,0.8265,0,141.6200,138.6244,143.8529,0.0664,138.9501,0.9377,PHASE_3_FINAL_ALIGNING,138.10,0.85,536.8,278.1,7.10,17,-17,,
2725,09:32:10.413,ROI,160,160,256,256,10.42,11.18,0.0,0.0,89.41,530.93,274.10,119.60,88.38,0.9723,14.3700,143.3100,0.0000,0.0000,0.8313,0,143.3100,139.9816,128.7513,0.0148,139.8182,0.9855,PHASE_3_FINAL_ALIGNING,138.10,1.72,536.8,278.1,7.11,34,-34,,
2726,09:32:10.461,ROI,160,160,256,256,10.29,11.18,10.575,0.0,89.48,531.04,274.16,120.26,88.66,0.9915,14.4200,143.4400,0.0000,0.0000,0.8388,0,143.4400,141.3715,119.4494,0.0629,140.0752,0.9409,PHASE_3_FINAL_ALIGNING,138.10,1.98,536.8,278.1,6.98,40,-40,,
2727,09:32:10.525,ROI,160,160,256,256,15.89,17.08,0.0,22.875,58.55,530.74,274.51,120.90,89.01,0.9869,14.0700,142.9300,0.0000,0.0000,0.8080,0,142.9300,142.3028,110.2981,0.1061,139.2324,0.9041,PHASE_3_FINAL_ALIGNING,138.10,1.13,536.8,278.1,7.04,23,-23,,
2728,09:32:10.589,ROI,160,160,256,256,13.14,14.17,0.0,0.0,70.55,531.01,274.27,120.46,88.45,0.9894,14.7800,143.5900,0.0000,0.0000,0.8402,0,143.5900,143.3406,99.4389,0.1363,138.0745,0.8800,PHASE_3_FINAL_ALIGNING,138.10,-0.03,536.8,278.1,6.94,-1,1,,
2729,09:32:10.637,ROI,160,160,256,256,10.27,11.11,0.0,35.175,90.01,530.73,274.59,121.14,88.70,0.9873,14.5100,143.2800,0.0000,0.0000,0.8054,0,143.2800,144.0550,89.6583,0.1524,136.8607,0.8677,PHASE_4_FWD_BWD,138.10,-1.24,536.8,278.1,7.01,0,0,,
2730,09:32:10.702,ROI,160,160,256,256,13.47,14.61,0.0,0.0,68.44,530.96,274.18,120.58,88.40,0.9861,14.8800,143.8400,0.0000,0.0000,0.8382,0,143.8400,144.6168,78.3630,0.1664,135.1638,0.8573,PHASE_4_FWD_BWD,138.10,-2.94,536.8,278.1,7.04,0,0,,
2731,09:32:10.767,ROI,160,160,256,256,14.99,16.05,0.0,24.35,62.31,530.90,274.16,120.72,88.46,0.9981,14.9100,143.9000,0.0000,0.0000,0.8394,0,143.9000,144.9930,83.5999,0.1711,136.0220,0.8539,PHASE_4_FWD_BWD,138.10,-2.08,536.8,278.1,7.10,0,0,,
2732,09:32:10.813,ROI,160,160,256,256,15.06,16.08,26.175,0.0,62.19,530.88,274.26,120.70,88.51,0.9976,14.9000,144.0500,0.0000,0.0000,0.8388,0,144.0500,145.2624,87.4339,0.1542,137.5372,0.8664,PHASE_4_FWD_BWD,138.10,-0.56,536.8,278.1,7.06,0,0,,
2733,09:32:10.941,ROI,160,160,256,256,9.13,9.95,6.95,0.0,100.53,530.80,274.19,120.74,88.26,0.9958,14.9300,144.2500,0.0000,0.0000,0.8317,0,144.2500,145.3930,90.0738,0.1378,138.6952,0.8789,PHASE_4_FWD_BWD,138.10,0.60,536.8,278.1,7.16,0,0,,
2734,09:32:10.989,ROI,160,160,256,256,8.65,9.31,20.325,0.0,107.39,530.78,274.21,120.83,88.29,0.9988,14.9700,144.3500,0.0000,0.0000,0.8321,0,144.3500,145.4280,91.2467,0.1161,139.7936,0.8960,PHASE_4_FWD_BWD,138.10,1.69,536.8,278.1,7.17,0,0,,
2735,09:32:11.054,ROI,160,160,256,256,8.74,9.52,14.225,0.0,105.06,530.59,274.21,120.72,88.43,0.9952,14.9000,144.2300,0.0000,0.0000,0.8356,0,144.2300,145.3261,91.4951,0.0913,140.8221,0.9163,PHASE_4_FWD_BWD,138.10,2.72,536.8,278.1,7.33,0,0,,
2736,09:32:11.117,ROI,160,160,256,256,8.92,9.65,7.225,0.0,103.58,530.06,273.79,121.01,88.51,0.9821,15.3000,144.2900,0.0000,0.0000,0.8282,0,144.2900,145.2129,93.0518,0.0820,141.2612,0.9242,PHASE_4_FWD_BWD,138.10,3.16,536.8,278.1,8.00,0,0,,
2737,09:32:11.166,ROI,160,160,256,256,8.59,9.38,10.025,0.0,106.58,529.12,273.32,120.40,88.22,0.9741,15.4700,143.9900,0.0000,0.0000,0.8066,0,143.9900,145.0362,98.1489,0.0893,141.1911,0.9180,PHASE_4_FWD_BWD,138.10,3.09,536.8,278.1,9.05,0,0,,
2738,09:32:11.230,ROI,160,160,256,256,9.21,9.95,0.0,0.0,100.49,527.80,272.95,121.23,88.29,0.9703,15.4400,144.7600,0.0000,0.0000,0.8183,0,144.7600,144.9965,107.4513,0.1287,140.7167,0.8860,PHASE_4_FWD_BWD,138.10,2.62,536.8,278.1,10.37,0,0,,
2739,09:32:11.294,ROI,160,160,256,256,8.78,9.59,7.275,0.0,104.28,527.10,272.35,120.74,86.86,0.9725,15.1400,144.9800,0.0000,0.0000,0.8137,0,144.9800,144.9873,117.5136,0.1762,140.8715,0.8502,PHASE_4_FWD_BWD,138.10,2.77,536.8,278.1,11.28,0,0,,
2740,09:32:11.340,ROI,160,160,256,256,8.45,9.33,0.0,0.0,107.22,525.24,272.35,121.60,86.10,0.9614,14.5100,144.3200,0.0000,0.0000,0.8072,0,144.3200,144.7966,128.3795,0.2573,141.4368,0.7954,PHASE_4_FWD_BWD,138.10,3.34,536.8,278.1,12.91,0,0,,
2741,09:32:11.469,ROI,160,160,256,256,9.41,10.13,0.0,0.0,98.69,521.83,271.04,122.91,85.17,0.9180,15.8500,145.7700,0.0000,0.0000,0.8310,0,145.7700,145.1671,139.1607,0.3817,143.5079,0.7238,PHASE_4_FWD_BWD,138.10,5.41,536.8,278.1,16.55,0,0,,
2742,09:32:11.516,ROI,160,160,256,256,9.49,10.36,10.55,0.0,96.56,520.41,270.46,121.79,84.67,0.9638,16.9500,146.1900,0.0000,0.0000,0.8309,0,146.1900,145.3702,149.0780,0.5252,146.6470,0.6556,PHASE_4_FWD_BWD,138.10,8.55,536.8,278.1,18.09,0,0,,
2743,09:32:11.580,ROI,160,160,256,256,8.96,9.75,7.275,0.0,102.54,517.55,268.51,122.46,83.94,0.9122,15.8600,144.8700,0.0000,0.0000,0.8115,0,144.8700,145.4108,153.7135,0.7027,148.8372,0.5873,PHASE_4_FWD_BWD,138.10,10.74,536.8,278.1,21.50,0,0,,
2744,09:32:11.646,ROI,160,160,256,256,9.69,10.47,7.0,0.0,95.47,515.51,268.48,122.21,86.46,0.9394,16.3500,143.9900,0.0000,0.0000,0.8107,0,143.9900,145.2582,159.8161,0.8812,152.0777,0.5316,PHASE_4_FWD_BWD,138.10,13.98,536.8,278.1,23.36,0,0,,
2745,09:32:11.692,ROI,160,160,256,256,10.85,11.80,11.0,0.0,84.75,513.75,265.97,118.00,86.66,0.9120,15.1800,143.2000,0.0000,0.0000,0.8149,0,143.2000,144.8777,164.7332,1.0737,155.1583,0.4822,PHASE_4_FWD_BWD,138.10,17.06,536.8,278.1,26.05,0,0,,
2746,09:32:11.758,ROI,160,160,256,256,11.31,12.15,7.175,0.0,82.30,509.67,264.63,121.58,85.87,0.9067,15.0400,143.7900,0.0000,0.0000,0.8312,0,143.7900,144.6865,167.9144,1.2993,157.8124,0.4349,PHASE_4_FWD_BWD,138.10,19.71,536.8,278.1,30.29,0,0,,
2747,09:32:11.822,ROI,160,160,256,256,13.53,14.75,7.55,0.0,67.81,506.07,263.90,119.62,84.16,0.9236,14.6600,143.9400,0.0000,0.0000,0.8369,0,143.9400,144.4881,170.5608,1.5423,160.3054,0.3933,PHASE_4_FWD_BWD,138.10,22.21,536.8,278.1,33.85,0,0,,
2748,09:32:11.934,ROI,160,160,256,256,10.24,11.09,4.025,0.0,90.15,501.20,259.98,119.26,88.94,0.8445,15.9200,143.2500,0.0000,0.0000,0.8308,0,143.2500,144.1991,172.0716,1.8347,162.2391,0.3528,PHASE_4_FWD_BWD,138.10,24.14,536.8,278.1,39.95,0,0,,
2749,09:32:11.996,ROI,160,160,256,256,10.49,11.40,7.6,0.0,87.71,498.41,256.76,116.50,88.91,0.8886,14.3300,141.0100,0.0000,0.0000,0.8414,0,141.0100,143.4687,172.5403,2.1289,163.2490,0.3196,PHASE_4_FWD_BWD,138.10,25.15,536.8,278.1,43.92,0,0,,
2750,09:32:12.044,ROI,160,160,256,256,9.56,10.36,10.725,0.0,96.49,497.36,255.47,114.43,87.95,0.9540,13.4600,139.4700,0.0000,0.0000,0.8337,0,139.4700,142.4904,171.9456,2.3741,163.2158,0.2964,PHASE_4_FWD_BWD,138.10,25.12,536.8,278.1,45.47,0,0,,
2751,09:32:12.110,ROI,160,160,256,256,8.83,9.72,7.025,0.0,102.93,492.71,252.26,113.62,87.78,0.8591,14.7600,140.3500,0.0000,0.0000,0.8364,0,140.3500,141.7947,170.0467,2.6414,162.2881,0.2746,PHASE_4_FWD_BWD,138.10,24.19,536.8,278.1,51.10,0,0,,
2752,09:32:12.172,ROI,160,160,256,256,8.66,9.39,7.4,0.0,106.47,489.41,251.14,118.19,84.88,0.9148,11.8400,141.8800,0.0000,0.0000,0.8164,0,141.8800,141.4918,166.8408,2.8795,160.3067,0.2578,PHASE_4_FWD_BWD,138.10,22.21,536.8,278.1,54.53,0,0,,
2753,09:32:12.220,ROI,160,160,256,256,8.77,9.50,10.1,0.0,105.28,486.18,249.50,118.18,86.64,0.9123,9.7100,138.9800,0.0000,0.0000,0.7615,0,138.9800,140.6253,162.3640,3.0869,157.0449,0.2447,PHASE_4_FWD_BWD,138.10,18.94,536.8,278.1,58.14,0,0,,
2754,09:32:12.350,ROI,160,160,256,256,8.86,9.81,3.25,0.0,101.90,478.66,245.53,119.55,87.82,0.8084,5.7700,139.7100,0.0000,0.0000,0.6279,0,139.7100,140.0070,157.5677,3.3520,153.5326,0.2298,PHASE_4_FWD_BWD,138.10,15.43,536.8,278.1,66.65,0,0,,
2755,09:32:12.398,ROI,160,160,256,256,9.89,10.96,10.375,0.0,91.21,478.94,245.35,116.94,86.30,0.9613,12.0300,141.4700,0.0000,0.0000,0.8284,0,141.4700,139.7960,153.6103,3.5142,150.5501,0.2215,PHASE_4_FWD_BWD,138.10,12.45,536.8,278.1,66.48,0,0,,
2756,09:32:12.460,ROI,160,160,256,256,8.01,8.76,7.6,0.0,114.22,473.63,241.67,119.17,83.17,0.8411,10.4300,140.9400,0.0000,0.0000,0.8039,0,140.9400,139.6062,151.1424,3.6971,148.6863,0.2129,PHASE_4_FWD_BWD,138.10,10.59,536.8,278.1,72.92,0,0,,
2757,09:32:12.508,ROI,160,160,256,256,9.23,10.16,10.025,0.0,98.38,471.26,241.90,117.09,85.28,0.9374,12.0200,140.0000,0.0000,0.0000,0.8428,0,140.0000,139.3155,149.2126,3.8027,147.1518,0.2082,PHASE_4_FWD_BWD,138.10,9.05,536.8,278.1,74.88,0,0,,
2758,09:32:12.572,ROI,160,160,256,256,9.32,10.12,7.175,0.0,98.78,466.12,238.60,117.25,82.59,0.8495,12.3700,139.6600,0.0000,0.0000,0.8262,0,139.6600,138.9692,148.0979,3.9154,146.2408,0.2034,PHASE_4_FWD_BWD,138.10,8.14,536.8,278.1,80.97,0,0,,
2759,09:32:12.638,ROI,160,160,256,256,8.64,9.66,7.05,0.0,103.52,463.98,238.40,120.42,86.77,0.9185,12.0900,139.2800,0.0000,0.0000,0.8242,0,139.2800,138.7881,147.4964,3.9921,145.7520,0.2003,PHASE_4_FWD_BWD,138.10,7.65,536.8,278.1,82.94,0,0,,
2760,09:32:12.685,ROI,160,160,256,256,9.26,10.03,10.4,0.0,99.67,459.21,235.73,120.29,85.66,0.8701,11.9000,140.6200,0.0000,0.0000,0.8384,0,140.6200,139.0417,147.3683,4.0577,145.7220,0.1977,PHASE_4_FWD_BWD,138.10,7.62,536.8,278.1,88.41,0,0,,
2761,09:32:12.749,ROI,160,160,256,256,12.99,13.90,7.2,0.0,71.93,457.45,234.82,121.92,88.77,0.9376,14.6600,139.5200,0.0000,0.0000,0.8435,0,139.5200,139.0212,147.3423,4.0805,145.7044,0.1968,PHASE_4_FWD_BWD,138.10,7.60,536.8,278.1,90.39,0,0,,
2762,09:32:12.862,ROI,160,160,256,256,9.25,10.01,3.95,0.0,99.89,447.74,230.38,126.16,85.78,0.7779,12.4800,140.4600,0.0000,0.0000,0.8383,0,140.4600,139.1892,147.6405,4.1828,146.0099,0.1929,PHASE_4_FWD_BWD,138.10,7.91,536.8,278.1,101.04,0,0,,
2763,09:32:12.926,ROI,160,160,256,256,10.70,11.56,7.25,0.0,86.53,446.97,230.56,121.49,85.54,0.9590,16.4600,143.4500,0.0000,0.0000,0.8685,0,143.4500,139.9434,148.0641,4.1897,146.4994,0.1927,PHASE_4_FWD_BWD,138.10,8.40,536.8,278.1,101.64,0,0,,
2764,09:32:12.991,ROI,160,160,256,256,15.60,16.37,7.3,0.0,61.09,441.63,229.79,125.18,88.22,0.8899,14.0800,140.7400,0.0000,0.0000,0.8284,0,140.7400,140.2040,148.7637,4.2128,147.1216,0.1918,PHASE_4_FWD_BWD,138.10,9.02,536.8,278.1,106.73,0,0,,
2765,09:32:13.037,ROI,160,160,256,256,14.35,15.28,12.9,0.0,65.45,439.98,227.70,124.66,87.33,0.9291,15.7200,141.8400,0.0000,0.0000,0.8521,0,141.8400,140.7600,149.8185,4.1917,148.0737,0.1926,PHASE_4_FWD_BWD,138.10,9.97,536.8,278.1,109.15,0,0,,
2766,09:32:13.102,ROI,160,160,256,256,12.17,13.14,7.85,0.0,76.12,437.74,226.30,122.11,88.40,0.9346,14.0600,141.8900,0.0000,0.0000,0.8095,0,141.8900,141.2864,150.9994,4.1826,149.1252,0.1930,PHASE_4_FWD_BWD,138.10,11.03,536.8,278.1,111.79,0,0,,
2767,09:32:13.164,ROI,160,160,256,256,10.43,11.44,8.05,0.0,87.45,436.25,224.74,120.00,87.82,0.9421,14.1200,143.4700,0.0000,0.0000,0.8418,0,143.4700,141.9111,152.1028,4.1378,150.1191,0.1946,PHASE_4_FWD_BWD,138.10,12.02,536.8,278.1,113.84,0,0,,
2768,09:32:13.213,ROI,160,160,256,256,10.52,11.28,10.45,0.0,88.65,433.60,221.98,115.86,87.47,0.8990,13.5500,140.2900,0.0000,0.0000,0.7990,0,140.2900,141.6707,153.0225,4.0410,150.7706,0.1984,PHASE_4_FWD_BWD,138.10,12.67,536.8,278.1,117.47,0,0,,
2769,09:32:13.342,ROI,160,160,256,256,9.15,9.86,0.0,0.0,101.46,428.82,217.70,114.66,87.01,0.8374,13.3300,139.6500,0.0000,0.0000,0.7699,0,139.6500,141.3827,153.6143,4.0135,151.1746,0.1995,PHASE_4_FWD_BWD,138.10,13.07,536.8,278.1,123.72,0,0,,
2770,09:32:13.388,ROI,160,160,256,256,8.69,9.43,0.0,0.0,106.02,428.08,217.34,113.58,86.03,0.9760,14.5800,141.3900,0.0000,0.0000,0.8507,0,141.3900,141.6331,153.9614,3.9192,151.4553,0.2033,PHASE_4_FWD_BWD,138.10,13.36,536.8,278.1,124.55,0,0,,
2771,09:32:13.452,ROI,160,160,256,256,8.92,9.80,0.0,0.0,102.01,423.70,214.44,112.50,87.62,0.8678,14.8400,140.3900,0.0000,0.0000,0.8079,0,140.3900,141.3652,154.0605,3.8436,151.4394,0.2065,PHASE_4_FWD_BWD,138.10,13.34,536.8,278.1,129.79,0,0,,
2772,09:32:13.517,ROI,160,160,256,256,9.49,10.33,14.05,0.0,96.81,418.63,214.40,120.13,86.64,0.9071,15.5100,140.9600,0.0000,0.0000,0.8376,0,140.9600,141.2704,154.0605,3.8662,151.4321,0.2055,PHASE_4_FWD_BWD,138.10,13.33,536.8,278.1,134.24,0,0,,
2773,09:32:13.564,ROI,160,160,256,256,8.96,9.84,10.8,0.0,101.62,415.81,213.07,120.53,86.18,0.9259,15.0700,142.8200,0.0000,0.0000,0.8319,0,142.8200,141.7298,153.9361,3.8006,151.3934,0.2083,PHASE_4_FWD_BWD,138.10,13.29,536.8,278.1,137.36,0,0,,
2774,09:32:13.628,ROI,160,160,256,256,9.49,10.27,7.175,0.0,97.40,412.44,211.30,121.98,87.26,0.9091,16.3800,144.9600,0.0000,0.0000,0.8515,0,144.9600,142.5447,153.6267,3.7814,151.3089,0.2091,PHASE_4_FWD_BWD,138.10,13.21,536.8,278.1,141.16,0,0,,
2775,09:32:13.692,ROI,160,160,256,256,10.15,11.04,14.625,0.0,90.58,410.61,210.78,122.38,87.57,0.9590,17.0400,144.7200,0.0000,0.0000,0.8655,0,144.7200,143.1356,153.2541,3.6929,151.0979,0.2131,PHASE_4_FWD_BWD,138.10,13.00,536.8,278.1,143.03,0,0,,
2776,09:32:13.740,ROI,160,160,256,256,9.98,10.76,10.45,0.0,92.96,405.86,207.74,121.55,87.38,0.8652,17.9100,146.5000,0.0000,0.0000,0.8423,0,146.5000,143.9701,152.7726,3.6818,150.8924,0.2136,PHASE_4_FWD_BWD,138.10,12.79,536.8,278.1,148.65,0,0,,
2777,09:32:13.869,ROI,160,160,256,256,10.57,11.57,0.0,0.0,86.40,400.90,204.25,123.36,93.04,0.8556,15.7500,141.7400,0.0000,0.0000,0.8153,0,141.7400,143.6682,152.2294,3.6753,150.3983,0.2139,PHASE_4_FWD_BWD,138.10,12.30,536.8,278.1,154.67,0,0,,
2778,09:32:13.916,ROI,160,160,256,256,9.37,10.14,11.175,0.0,98.64,399.95,204.26,121.86,90.38,0.9565,15.9000,143.2300,0.0000,0.0000,0.8302,0,143.2300,143.7770,151.6595,3.6427,149.9617,0.2154,PHASE_4_FWD_BWD,138.10,11.86,536.8,278.1,155.50,0,0,,
2779,09:32:13.980,ROI,160,160,256,256,9.21,10.10,14.55,0.0,99.05,396.47,201.84,118.24,91.20,0.8962,14.4800,141.0000,0.0000,0.0000,0.7830,0,141.0000,143.2613,151.0342,3.5846,149.3388,0.2181,PHASE_4_FWD_BWD,138.10,11.24,536.8,278.1,159.71,0,0,,
2780,09:32:14.044,ROI,160,160,256,256,10.52,11.29,7.225,0.0,88.58,395.90,200.07,118.90,89.65,0.9527,15.0500,140.9500,0.0000,0.0000,0.8323,0,140.9500,142.8139,150.3965,3.6161,148.7538,0.2166,PHASE_4_FWD_BWD,138.10,10.65,536.8,278.1,161.06,0,0,,
2781,09:32:14.092,ROI,160,160,256,256,9.74,10.65,10.65,0.0,93.88,392.62,198.74,118.13,87.94,0.9186,13.8800,140.2600,0.0000,0.0000,0.8214,0,140.2600,142.5488,149.8039,3.5967,148.2256,0.2175,PHASE_4_FWD_BWD,138.10,10.13,536.8,278.1,164.58,0,0,,
2782,09:32:14.158,ROI,160,160,256,256,13.78,14.97,6.975,26.1,66.80,390.59,197.92,119.23,90.94,0.9349,14.9600,140.5900,0.0000,0.0000,0.8300,0,140.5900,142.1062,149.4864,3.5834,147.8762,0.2182,PHASE_4_FWD_BWD,138.10,9.78,536.8,278.1,166.75,0,0,,
2783,09:32:14.222,ROI,160,160,256,256,13.09,14.39,16.15,0.0,69.48,387.71,196.55,119.98,90.27,0.9253,15.4400,140.8400,0.0000,0.0000,0.8396,0,140.8400,141.8396,149.4205,3.5505,147.7545,0.2198,PHASE_4_FWD_BWD,138.10,9.65,536.8,278.1,169.93,0,0,,
2784,09:32:14.333,ROI,160,160,256,256,8.85,9.47,4.025,0.0,105.62,386.54,196.62,119.33,91.04,0.9724,15.3300,141.2800,0.0000,0.0000,0.8222,0,141.2800,141.6861,149.6250,3.4616,147.8457,0.2241,PHASE_4_FWD_BWD,138.10,9.75,536.8,278.1,170.93,0,0,,
2785,09:32:14.396,ROI,160,160,256,256,8.99,9.74,7.275,0.0,102.72,385.34,196.26,120.18,90.69,0.9725,16.1500,143.1100,0.0000,0.0000,0.8267,0,143.1100,142.0935,150.0322,3.3127,148.1914,0.2319,PHASE_4_FWD_BWD,138.10,10.09,536.8,278.1,172.16,0,0,,
2786,09:32:14.444,ROI,160,160,256,256,8.73,9.55,20.65,0.0,104.75,384.81,195.82,120.46,91.28,0.9818,16.2800,142.0300,0.0000,0.0000,0.8396,0,142.0300,141.9328,150.5118,3.1267,148.4329,0.2423,PHASE_4_FWD_BWD,138.10,10.33,536.8,278.1,172.83,0,0,,
2787,09:32:14.508,ROI,160,160,256,256,9.28,10.03,7.125,0.0,99.72,383.55,194.73,120.35,90.03,0.9562,16.4300,142.3900,0.0000,0.0000,0.8470,0,142.3900,141.7442,150.8485,2.9770,148.5592,0.2514,PHASE_4_FWD_BWD,138.10,10.46,536.8,278.1,174.46,0,0,,
2788,09:32:14.572,ROI,160,160,256,256,10.76,11.67,7.3,0.0,85.68,383.24,195.41,121.09,89.74,0.9791,15.5500,143.6600,0.0000,0.0000,0.8543,0,143.6600,141.9607,151.0912,2.7381,148.6487,0.2675,PHASE_4_FWD_BWD,138.10,10.55,536.8,278.1,174.41,0,0,,
2789,09:32:14.620,ROI,160,160,256,256,10.75,11.55,10.475,0.0,86.54,382.71,194.17,120.59,90.11,0.9645,16.9000,142.0200,0.0000,0.0000,0.8608,0,142.0200,141.6906,151.0810,2.5178,148.4117,0.2843,PHASE_4_FWD_BWD,138.10,10.31,536.8,278.1,175.46,0,0,,
2790,09:32:14.747,ROI,160,160,256,256,9.54,10.36,3.375,0.0,96.49,382.27,194.35,120.02,89.54,0.9864,15.5300,142.7000,0.0000,0.0000,0.8613,0,142.7000,141.5945,151.1103,2.2957,148.2229,0.3034,PHASE_4_FWD_BWD,138.10,10.12,536.8,278.1,175.76,0,0,,
2791,09:32:14.796,ROI,160,160,256,256,8.48,9.23,0.0,0.0,108.32,382.29,194.35,119.90,89.54,0.9991,15.0700,142.4400,0.0000,0.0000,0.8550,0,142.4400,141.6213,151.1938,2.0487,148.0539,0.3280,PHASE_4_FWD_BWD,138.10,9.95,536.8,278.1,175.75,0,0,,
2792,09:32:14.860,ROI,160,160,256,256,9.46,10.32,7.15,0.0,96.86,382.34,194.43,119.87,89.49,0.9974,14.9900,142.3600,0.0000,0.0000,0.8495,0,142.3600,141.8761,151.3282,1.7956,147.9472,0.3577,PHASE_4_FWD_BWD,138.10,9.85,536.8,278.1,175.67,0,0,,
2793,09:32:14.924,ROI,160,160,256,256,8.93,9.68,0.0,0.0,103.33,382.45,194.42,119.38,89.26,0.9934,15.3400,143.0800,0.0000,0.0000,0.8591,0,143.0800,142.2973,151.6361,1.5064,147.9102,0.3990,PHASE_4_FWD_BWD,138.10,9.81,536.8,278.1,175.58,0,0,,
2794,09:32:14.972,ROI,160,160,256,256,9.17,9.97,10.175,0.0,100.29,383.12,194.18,118.85,89.76,0.9834,15.0100,142.1900,0.0000,0.0000,0.8570,0,142.1900,142.7629,151.9990,1.2520,147.8978,0.4440,PHASE_4_FWD_BWD,138.10,9.80,536.8,278.1,175.10,0,0,,
2795,09:32:15.036,ROI,160,160,256,256,11.01,11.74,7.225,0.0,85.15,383.77,194.90,119.28,90.40,0.9736,15.2000,142.0100,0.0000,0.0000,0.8426,0,142.0100,142.7383,152.3705,1.0450,147.6604,0.4890,PHASE_4_FWD_BWD,138.10,9.56,536.8,278.1,174.19,0,0,,
2796,09:32:15.100,ROI,160,160,256,256,10.32,11.12,7.475,0.0,89.89,384.57,195.36,118.86,89.98,0.9766,15.2100,143.2200,0.0000,0.0000,0.8663,0,143.2200,143.1222,152.9469,0.7983,147.4836,0.5561,PHASE_4_FWD_BWD,138.10,9.38,536.8,278.1,173.26,0,0,,
2797,09:32:15.148,ROI,160,160,256,256,8.53,9.27,10.5,0.0,107.88,385.70,195.66,119.31,89.28,0.9736,15.4800,141.8000,0.0000,0.0000,0.8315,0,141.8000,142.9679,153.6117,0.5773,146.8635,0.6340,PHASE_4_FWD_BWD,138.10,8.76,536.8,278.1,172.13,0,0,,
2798,09:32:15.276,ROI,160,160,256,256,9.42,10.25,3.3,0.0,97.57,387.32,196.68,120.14,89.65,0.9515,15.6200,142.3200,0.0000,0.0000,0.8370,0,142.3200,142.9004,153.8828,0.3221,145.5760,0.7564,PHASE_4_FWD_BWD,138.10,7.48,536.8,278.1,170.22,0,0,,
2799,09:32:15.324,ROI,160,160,256,256,8.25,9.12,10.225,0.0,109.63,390.89,197.87,117.34,89.95,0.9177,16.3500,143.3500,0.0000,0.0000,0.8557,0,143.3500,142.9430,150.1670,0.0551,143.3202,0.9478,PHASE_4_FWD_BWD,138.10,5.22,536.8,278.1,166.51,0,0,,
2800,09:32:15.388,ROI,160,160,256,256,10.74,11.80,0.0,0.0,84.76,391.70,198.95,118.62,89.22,0.9631,16.1400,143.3500,0.0000,0.0000,0.8426,0,143.3500,142.9681,151.9612,0.2015,144.4764,0.8323,PHASE_4_FWD_BWD,138.10,6.38,536.8,278.1,165.29,0,0,,
2801,09:32:15.452,ROI,160,160,256,256,9.35,10.09,0.0,0.0,99.14,393.67,199.74,118.51,89.71,0.9505,16.4300,143.9000,0.0000,0.0000,0.8379,0,143.9000,143.0851,153.1451,0.4254,146.0876,0.7015,PHASE_4_FWD_BWD,138.10,7.99,536.8,278.1,163.17,0,0,,
2802,09:32:15.500,ROI,160,160,256,256,8.58,9.33,10.475,0.0,107.20,396.42,201.00,120.80,91.49,0.9293,15.1700,143.2600,0.0000,0.0000,0.8204,0,143.2600,143.0664,153.9386,0.6681,147.4208,0.5995,PHASE_4_FWD_BWD,138.10,9.32,536.8,278.1,160.16,0,0,,
2803,09:32:15.564,ROI,160,160,256,256,9.32,10.13,7.15,0.0,98.73,398.93,202.70,118.91,89.70,0.9244,14.9900,142.8600,0.0000,0.0000,0.8229,0,142.8600,143.1343,154.3984,0.9168,148.5218,0.5217,PHASE_4_FWD_BWD,138.10,10.42,536.8,278.1,157.14,0,0,,
2804,09:32:15.629,ROI,160,160,256,256,7.90,8.74,7.125,0.0,114.38,402.46,204.48,122.08,89.89,0.9072,15.6000,144.9800,0.0000,0.0000,0.8463,0,144.9800,143.5206,154.6731,1.1911,149.5833,0.4564,PHASE_4_FWD_BWD,138.10,11.48,536.8,278.1,153.19,0,0,,
2805,09:32:15.677,ROI,160,160,256,256,13.83,14.75,9.925,0.0,67.77,404.45,206.91,122.56,88.19,0.9174,16.0800,145.1900,0.0000,0.0000,0.8573,0,145.1900,143.9381,154.6476,1.4437,150.2650,0.4092,PHASE_4_FWD_BWD,138.10,12.17,536.8,278.1,150.28,0,0,,
2806,09:32:15.804,ROI,160,160,256,256,12.28,13.10,3.475,0.0,76.31,409.12,210.86,125.01,86.85,0.8499,14.7700,145.3600,0.0000,0.0000,0.8461,0,145.3600,144.4823,154.1800,1.7527,150.6570,0.3633,PHASE_4_FWD_BWD,138.10,12.56,536.8,278.1,144.30,0,0,,
2807,09:32:15.852,ROI,160,160,256,256,8.52,9.24,11.125,0.0,108.20,413.98,212.13,121.07,86.93,0.8986,17.2200,148.0400,0.0000,0.0000,0.8945,0,148.0400,145.3631,153.5701,2.0648,150.8922,0.3263,PHASE_4_FWD_BWD,138.10,12.79,536.8,278.1,139.42,0,0,,
2808,09:32:15.916,ROI,160,160,256,256,8.77,9.56,7.15,0.0,104.63,416.42,213.23,118.18,86.93,0.9363,16.4300,145.5400,0.0000,0.0000,0.8745,0,145.5400,145.7021,152.9226,2.3437,150.7632,0.2991,PHASE_4_FWD_BWD,138.10,12.66,536.8,278.1,136.74,0,0,,
2809,09:32:15.980,ROI,160,160,256,256,9.61,10.34,7.15,0.0,96.71,420.62,215.21,117.94,86.59,0.8912,17.1600,144.8800,0.0000,0.0000,0.8670,0,144.8800,145.8273,152.2926,2.6236,150.5084,0.2760,PHASE_4_FWD_BWD,138.10,12.41,536.8,278.1,132.11,0,0,,
2810,09:32:16.028,ROI,160,160,256,256,9.08,9.86,0.0,0.0,101.46,423.92,216.41,117.60,85.89,0.9203,15.8700,142.8400,0.0000,0.0000,0.8547,0,142.8400,145.4833,151.7372,2.8757,150.1236,0.2580,PHASE_4_FWD_BWD,138.10,12.02,536.8,278.1,128.64,0,0,,
2811,09:32:16.093,ROI,160,160,256,256,11.75,12.48,6.975,0.0,80.12,428.02,218.30,117.20,87.02,0.8937,15.9400,144.2300,0.0000,0.0000,0.8562,0,144.2300,145.4953,151.3266,3.1116,149.9084,0.2432,PHASE_4_FWD_BWD,138.10,11.81,536.8,278.1,124.13,0,0,,
2812,09:32:16.156,ROI,160,160,256,256,8.78,9.63,7.85,0.0,103.83,430.51,219.62,115.20,87.73,0.9304,16.3400,143.4800,0.0000,0.0000,0.8752,0,143.4800,145.2348,151.0610,3.2999,149.7060,0.2326,PHASE_4_FWD_BWD,138.10,11.61,536.8,278.1,121.32,0,0,,
2813,09:32:16.204,ROI,160,160,256,256,9.06,9.82,10.125,0.0,101.80,432.59,222.09,117.18,87.70,0.9128,13.8800,141.7600,0.0000,0.0000,0.8214,0,141.7600,144.5796,150.8245,3.4481,149.4206,0.2248,PHASE_4_FWD_BWD,138.10,11.32,536.8,278.1,118.31,0,0,,
2814,09:32:16.334,ROI,160,160,256,256,9.95,10.74,3.25,0.0,93.14,436.00,224.88,119.42,88.85,0.8875,15.9000,142.9400,0.0000,0.0000,0.8313,0,142.9400,144.3047,150.6901,3.5753,149.2945,0.2186,PHASE_4_FWD_BWD,138.10,11.19,536.8,278.1,113.99,0,0,,
2815,09:32:16.380,ROI,160,160,256,256,10.01,10.76,11.2,0.0,92.92,438.67,226.06,122.27,87.65,0.9321,13.9800,143.4900,0.0000,0.0000,0.8102,0,143.4900,143.9896,150.6891,3.6533,149.2494,0.2149,PHASE_4_FWD_BWD,138.10,11.15,536.8,278.1,111.07,0,0,,
2816,09:32:16.444,ROI,160,160,256,256,10.10,11.02,14.525,0.0,90.72,439.71,226.66,122.16,87.22,0.9700,15.3800,144.6100,0.0000,0.0000,0.8500,0,144.6100,143.9318,150.5951,3.6639,149.1664,0.2144,PHASE_4_FWD_BWD,138.10,11.07,536.8,278.1,109.88,0,0,,
2817,09:32:16.508,ROI,160,160,256,256,13.48,14.28,7.4,0.0,70.02,443.43,229.10,122.93,88.29,0.8914,12.2700,139.5400,0.0000,0.0000,0.8354,0,139.5400,142.9106,148.4434,3.7002,147.2663,0.2128,PHASE_4_FWD_BWD,138.10,9.17,536.8,278.1,105.44,0,0,,
2818,09:32:16.556,ROI,160,160,256,256,13.67,14.72,11.525,0.0,67.93,446.10,230.28,122.62,87.02,0.9326,17.0000,140.9700,0.0000,0.0000,0.8836,0,140.9700,142.2489,148.8225,3.6856,147.4195,0.2134,PHASE_4_FWD_BWD,138.10,9.32,536.8,278.1,102.53,0,0,,
2819,09:32:16.621,ROI,160,160,256,256,15.19,16.21,7.85,0.0,61.68,450.32,232.02,121.89,87.84,0.8982,16.3900,140.7100,0.0000,0.0000,0.8595,0,140.7100,141.6368,149.1536,3.6620,147.5413,0.2145,PHASE_4_FWD_BWD,138.10,9.44,536.8,278.1,97.99,0,0,,
2820,09:32:16.732,ROI,160,160,256,256,10.00,10.80,0.0,0.0,92.58,458.26,235.22,117.47,87.52,0.8175,16.2100,140.4500,2.3000,142.3100,0.8937,0,140.4500,140.9564,149.5534,3.7119,147.7289,0.2122,PHASE_4_FWD_BWD,138.10,9.63,536.8,278.1,89.49,0,0,,
2821,09:32:16.796,ROI,160,160,256,256,8.89,9.62,0.0,0.0,103.98,460.34,236.57,122.34,89.42,0.9315,13.9600,138.8200,0.0000,0.0000,0.7989,0,138.8200,139.9473,149.9663,3.7186,147.8430,0.2119,PHASE_4_FWD_BWD,138.10,9.74,536.8,278.1,87.02,0,0,,
2822,09:32:16.860,ROI,160,160,256,256,9.46,10.28,7.175,0.0,97.24,464.11,239.31,121.94,88.54,0.8854,12.7500,142.2400,0.0000,0.0000,0.7967,0,142.2400,139.9445,150.4165,3.7397,148.2071,0.2110,PHASE_4_FWD_BWD,138.10,10.11,536.8,278.1,82.39,0,0,,
2823,09:32:16.908,ROI,160,160,256,256,9.73,10.47,10.325,0.0,95.48,467.95,240.26,121.15,85.98,0.9123,14.5000,143.9600,0.0000,0.0000,0.8261,0,143.9600,140.3652,150.8423,3.7388,148.6314,0.2110,PHASE_4_FWD_BWD,138.10,10.53,536.8,278.1,78.56,0,0,,
2824,09:32:16.972,ROI,160,160,256,256,10.61,11.54,7.3,0.0,86.68,471.34,243.25,121.86,86.48,0.8841,15.3000,143.7200,0.0000,0.0000,0.8171,0,143.7200,140.7773,150.9889,3.7844,148.8546,0.2090,PHASE_4_FWD_BWD,138.10,10.75,536.8,278.1,74.16,0,0,,
2825,09:32:17.036,ROI,160,160,256,256,9.88,10.57,7.475,0.0,94.60,473.58,245.16,119.14,86.24,0.9225,16.3800,142.0000,0.0000,0.0000,0.8364,0,142.0000,141.1638,151.0521,3.8315,149.0055,0.2070,PHASE_4_FWD_BWD,138.10,10.91,536.8,278.1,71.29,0,0,,
2826,09:32:17.084,ROI,160,160,256,256,7.92,8.71,10.425,0.0,114.85,477.48,246.42,119.54,87.90,0.9106,12.3300,143.1900,0.0000,0.0000,0.7992,0,143.1900,141.6221,151.0887,3.8612,149.1413,0.2057,PHASE_4_FWD_BWD,138.10,11.04,536.8,278.1,67.25,0,0,,
2827,09:32:17.213,ROI,160,160,256,256,8.78,9.57,0.0,0.0,104.50,482.57,249.44,117.34,86.74,0.8586,15.2100,142.1000,0.0000,0.0000,0.8329,0,142.1000,141.8252,151.1185,3.9419,149.2380,0.2024,PHASE_4_FWD_BWD,138.10,11.14,536.8,278.1,61.34,0,0,,
2828,09:32:17.260,ROI,160,160,256,256,9.70,10.42,10.35,0.0,95.99,485.66,251.24,121.12,90.03,0.9119,11.7200,140.5000,0.0000,0.0000,0.7465,0,140.5000,141.5229,151.1852,4.0073,149.2556,0.1997,PHASE_4_FWD_BWD,138.10,11.16,536.8,278.1,57.76,0,0,,
2829,09:32:17.325,ROI,160,160,256,256,9.52,10.72,7.2,0.0,93.31,488.76,251.58,119.18,87.78,0.9264,15.6600,143.2200,0.0000,0.0000,0.8466,0,143.2200,141.9729,151.3785,4.0655,149.5217,0.1974,PHASE_4_FWD_BWD,138.10,11.42,536.8,278.1,54.88,0,0,,
2830,09:32:17.388,ROI,160,160,256,256,8.72,9.43,7.375,0.0,105.99,495.70,255.50,112.38,89.63,0.8162,13.2400,139.8900,0.0000,0.0000,0.8183,0,139.8900,141.6756,151.6973,4.1760,149.7611,0.1932,PHASE_4_FWD_BWD,138.10,11.66,536.8,278.1,46.91,0,0,,
2831,09:32:17.438,ROI,160,160,256,256,9.11,9.83,0.0,0.0,101.73,496.28,255.40,116.86,88.66,0.9516,13.9900,140.5200,0.0000,0.0000,0.8147,0,140.5200,141.3792,152.0388,4.2002,149.9889,0.1923,PHASE_4_FWD_BWD,138.10,11.89,536.8,278.1,46.45,0,0,,
2832,09:32:17.500,ROI,160,160,256,256,9.44,10.13,7.475,0.0,98.72,499.86,258.50,117.98,90.11,0.8794,15.3100,142.1400,0.0000,0.0000,0.8199,0,142.1400,141.5672,152.2684,4.2414,150.2267,0.1908,PHASE_4_FWD_BWD,138.10,12.13,536.8,278.1,41.82,0,0,,
2833,09:32:17.564,ROI,160,160,256,256,10.44,11.33,7.3,0.0,88.27,501.91,259.94,118.98,89.82,0.9361,15.0800,142.8100,3.1500,147.0300,0.8221,0,142.8100,141.9675,152.4017,4.2344,150.4083,0.1910,PHASE_4_FWD_BWD,138.10,12.31,536.8,278.1,39.33,0,0,,
2834,09:32:17.612,ROI,160,160,256,256,7.90,8.59,10.65,0.0,116.39,506.17,262.71,118.26,88.78,0.8764,15.2100,141.3300,0.0000,0.0000,0.8089,0,141.3300,142.2012,152.4148,4.1917,150.4475,0.1926,PHASE_4_FWD_BWD,138.10,12.35,536.8,278.1,34.28,0,0,,
2835,09:32:17.740,ROI,160,160,256,256,14.32,15.21,3.275,0.0,65.73,510.66,266.32,122.02,87.52,0.8576,13.9900,142.7000,0.0000,0.0000,0.7902,0,142.7000,142.2096,152.2535,4.1795,150.3143,0.1931,PHASE_4_FWD_BWD,138.10,12.21,536.8,278.1,28.68,0,0,,
2836,09:32:17.789,ROI,160,160,256,256,9.74,10.67,0.0,0.0,93.75,513.84,266.32,119.63,85.78,0.9300,16.3900,147.2300,0.0000,0.0000,0.8204,0,147.2300,143.2486,152.0133,4.1151,150.2998,0.1955,PHASE_4_FWD_BWD,138.10,12.20,536.8,278.1,25.81,0,0,,
2837,09:32:17.852,ROI,160,160,256,256,8.28,8.99,7.475,0.0,111.29,516.89,270.11,120.27,85.39,0.8716,14.4700,144.4300,0.0000,0.0000,0.7900,0,144.4300,143.5758,151.6525,4.0604,150.0564,0.1976,PHASE_4_FWD_BWD,138.10,11.96,536.8,278.1,21.45,0,0,,
2838,09:32:17.916,ROI,160,160,256,256,7.78,8.49,7.1,0.0,117.81,519.28,271.26,119.25,82.03,0.9236,15.6700,145.9900,0.0000,0.0000,0.8007,0,145.9900,144.1281,151.3015,4.0604,149.8839,0.1976,PHASE_4_FWD_BWD,138.10,11.78,536.8,278.1,18.81,0,0,,
2839,09:32:17.964,ROI,160,160,256,256,7.75,8.43,9.9,0.0,118.57,520.41,270.82,123.04,84.14,0.9449,16.4600,146.3500,0.0000,0.0000,0.8235,0,146.3500,144.4758,151.0036,3.9760,149.6918,0.2010,PHASE_4_FWD_BWD,138.10,11.59,536.8,278.1,17.93,0,0,,
2840,09:32:18.028,ROI,160,160,256,256,8.26,8.97,0.0,0.0,111.53,522.45,272.00,121.28,84.22,0.9409,15.7300,144.6300,0.0000,0.0000,0.8119,0,144.6300,144.7194,150.7224,3.8813,149.4926,0.2049,PHASE_4_FWD_BWD,138.10,11.39,536.8,278.1,15.59,0,0,,
2841,09:32:18.092,ROI,160,160,256,256,8.44,9.15,7.1,0.0,109.31,523.49,271.46,121.38,84.38,0.9705,16.1000,145.9800,0.0000,0.0000,0.8189,0,145.9800,145.3885,150.5741,3.7342,149.4788,0.2112,PHASE_4_FWD_BWD,138.10,11.38,536.8,278.1,14.88,0,0,,
2842,09:32:18.140,ROI,160,160,256,256,8.08,8.76,0.0,0.0,114.13,526.14,273.21,120.19,86.98,0.9197,15.9700,146.6700,0.0000,0.0000,0.8335,0,146.6700,146.1367,150.4143,3.5979,149.4840,0.2175,PHASE_4_FWD_BWD,138.10,11.38,536.8,278.1,11.73,0,0,,
2843,09:32:18.270,ROI,160,160,256,256,7.78,8.50,0.0,0.0,117.63,527.92,273.34,120.56,86.64,0.9671,15.6400,144.9800,0.0000,0.0000,0.8382,0,144.9800,146.2961,150.2557,3.4177,149.3594,0.2264,PHASE_4_FWD_BWD,138.10,11.26,536.8,278.1,10.08,0,0,,
2844,09:32:18.317,ROI,160,160,256,256,8.01,8.83,10.275,0.0,113.31,528.54,273.29,118.96,86.40,0.9840,15.1000,144.4600,0.0000,0.0000,0.8284,0,144.4600,146.4290,150.1891,3.1992,149.2937,0.2381,PHASE_4_FWD_BWD,138.10,11.19,536.8,278.1,9.56,0,0,,
2845,09:32:18.380,ROI,160,160,256,256,8.55,9.25,7.15,0.0,108.08,529.74,272.98,118.88,87.66,0.9659,15.2500,144.2900,0.0000,0.0000,0.8276,0,144.2900,146.3837,150.2575,2.9938,149.2876,0.2504,PHASE_4_FWD_BWD,138.10,11.19,536.8,278.1,8.72,0,0,,
2846,09:32:18.446,ROI,160,160,256,256,9.20,9.92,0.0,39.4,100.82,528.90,273.62,121.54,89.26,0.9606,13.6800,143.8800,0.0000,0.0000,0.7994,0,143.8800,146.0384,150.3901,2.7423,149.2272,0.2672,COMPLETED,138.10,11.13,536.8,278.1,9.08,0,0,,
2847,09:32:18.493,ROI,160,160,256,256,10.14,10.86,0.0,0.0,92.12,530.53,273.53,118.86,88.13,0.9610,14.6500,144.5300,0.0000,0.0000,0.8320,0,144.5300,146.0689,150.8130,2.4719,149.4466,0.2880,POST_PH4_SPIN,138.10,11.35,536.8,278.1,0.00,0,0,0.048,
2848,09:32:18.558,ROI,160,160,256,256,9.28,10.00,0.0,0.0,99.95,529.68,273.78,120.61,88.29,0.9799,14.3500,144.5500,0.0000,0.0000,0.8262,0,144.5500,145.7106,151.4784,2.2499,149.7036,0.3077,POST_PH4_SPIN,138.10,11.60,536.8,278.1,0.00,0,0,0.112,
2849,09:32:18.621,ROI,160,160,256,256,7.94,8.64,14.825,45.25,115.80,530.20,273.56,120.32,88.99,0.9836,14.7600,143.9600,0.0000,0.0000,0.8230,0,143.9600,145.2198,152.5102,1.9655,150.0518,0.3372,POST_PH4_SPIN,138.10,11.95,536.8,278.1,0.00,0,0,0.173,
2850,09:32:18.733,ROI,160,160,256,256,11.09,12.05,0.0,0.0,82.99,529.79,273.90,120.69,88.22,0.9847,14.2500,144.5500,0.0000,0.0000,0.8205,0,144.5500,144.9694,153.7417,1.6883,150.4785,0.3720,POST_PH4_SPIN,138.10,12.38,536.8,278.1,0.00,0,0,0.289,
2851,09:32:18.797,ROI,160,160,256,256,8.80,9.55,7.5,0.0,104.69,530.31,273.70,120.30,89.02,0.9825,14.6700,144.0100,0.0000,0.0000,0.8327,0,144.0100,144.6406,155.2696,1.3983,150.8377,0.4170,POST_PH4_SPIN,138.10,12.74,536.8,278.1,0.00,0,0,0.351,
2852,09:32:18.844,ROI,160,160,256,256,9.11,9.86,20.975,0.0,101.43,529.92,273.93,120.66,88.51,0.9878,14.1900,144.2300,0.0000,0.0000,0.8178,0,144.2300,144.1714,157.0157,1.1374,151.0063,0.4679,POST_PH4_SPIN,138.10,12.91,536.8,278.1,0.00,0,0,0.398,
2853,09:32:18.910,ROI,160,160,256,256,13.32,14.34,14.025,27.25,69.74,530.33,273.78,120.50,89.06,0.9872,14.3600,143.8100,0.0000,0.0000,0.8432,0,143.8100,143.7175,158.7434,0.9357,150.9808,0.5166,POST_PH4_SPIN,138.10,12.88,536.8,278.1,0.00,0,0,0.468,
2854,09:32:18.973,ROI,160,160,256,256,15.11,16.29,7.95,23.975,61.40,530.06,274.01,120.66,88.90,0.9906,14.1000,144.1700,0.0000,0.0000,0.8158,0,144.1700,143.8212,160.8379,0.7478,151.1020,0.5721,POST_PH4_SPIN,138.10,13.00,536.8,278.1,0.00,0,0,0.533,
2855,09:32:19.020,ROI,160,160,256,256,12.13,13.16,12.625,0.0,76.00,530.18,274.18,120.34,88.82,0.9936,14.9100,143.4400,0.0000,0.0000,0.8159,0,143.4400,143.5181,162.5180,0.6046,150.6774,0.6232,POST_PH4_SPIN,138.10,12.58,536.8,278.1,0.00,0,0,0.577,
2856,09:32:19.150,ROI,160,160,256,256,10.10,10.87,6.7,0.0,91.98,530.37,274.10,120.05,89.12,0.9934,14.9800,143.1700,0.0000,0.0000,0.8212,0,143.1700,143.3504,163.6186,0.4871,149.9892,0.6724,POST_PH4_SPIN,138.10,11.89,536.8,278.1,0.00,0,0,0.705,
2857,09:32:19.196,ROI,160,160,256,256,8.46,9.21,11.0,0.0,108.53,530.37,274.08,119.90,89.26,0.9972,14.9000,143.1200,0.0000,0.0000,0.8205,0,143.1200,143.2619,164.4275,0.3647,148.9176,0.7328,POST_PH4_SPIN,138.10,10.82,536.8,278.1,0.00,0,0,0.749,
2858,09:32:19.261,ROI,160,160,256,256,8.89,9.67,14.15,0.0,103.46,530.37,274.14,119.70,89.41,0.9967,14.9000,143.0400,0.0000,0.0000,0.8235,0,143.0400,143.0226,164.4025,0.2664,147.5200,0.7896,POST_PH4_SPIN,138.10,9.42,536.8,278.1,0.00,0,0,0.814,
2859,09:32:19.324,ROI,160,160,256,256,9.60,10.36,14.55,37.8,96.52,530.32,274.18,119.95,89.44,0.9972,14.8900,143.1100,0.0000,0.0000,0.8246,0,143.1100,142.9755,163.9764,0.1665,145.9738,0.8572,POST_PH4_SPIN,138.10,7.87,536.8,278.1,0.00,0,0,0.878,
2860,09:32:19.372,ROI,160,160,256,256,13.15,13.97,20.6,0.0,71.60,530.53,274.43,119.79,89.66,0.9909,14.7700,142.9600,0.0000,0.0000,0.8236,0,142.9600,143.0247,161.2907,0.1196,144.9765,0.8931,POST_PH4_SPIN,138.10,6.88,536.8,278.1,0.00,0,0,0.930,
2861,09:32:19.436,ROI,160,160,256,256,8.75,9.52,0.0,0.0,105.03,530.54,274.51,119.66,89.63,0.9972,14.6000,143.0900,0.0000,0.0000,0.8227,0,143.0900,142.9779,156.6270,0.0998,144.2169,0.9092,POST_PH4_SPIN,138.10,6.12,536.8,278.1,0.00,0,0,0.989,
2862,09:32:19.500,ROI,160,160,256,256,8.94,9.67,14.275,0.0,103.45,530.69,274.67,119.34,89.70,0.9938,14.1600,142.8100,0.0000,0.0000,0.8175,0,142.8100,142.8491,150.3797,0.0894,143.4668,0.9180,POST_PH4_SPIN,138.10,5.37,536.8,278.1,0.00,0,0,1.054,
2863,09:32:19.550,ROI,160,160,256,256,8.60,9.36,19.75,0.0,106.89,530.85,274.80,119.15,89.60,0.9945,14.1200,142.8600,0.0000,0.0000,0.8191,0,142.8600,142.7406,145.3356,0.0889,142.9526,0.9183,POST_PH4_SPIN,138.10,4.85,536.8,278.1,0.00,0,0,1.102,
2864,09:32:19.678,ROI,160,160,256,256,10.67,11.59,6.55,0.0,86.30,530.98,275.01,118.70,90.06,0.9911,13.6300,142.3400,0.0000,0.0000,0.8236,0,142.3400,142.5053,138.6719,0.0879,142.1954,0.9192,POST_PH4_SPIN,138.10,4.10,536.8,278.1,0.00,0,0,1.233,
2865,09:32:19.725,ROI,160,160,256,256,8.90,9.66,22.475,0.0,103.53,530.50,275.02,118.51,90.62,0.9858,14.2000,140.6900,0.0000,0.0000,0.8353,0,140.6900,142.0314,133.0886,0.0948,141.2569,0.9134,POST_PH4_SPIN,138.10,3.16,536.8,278.1,0.00,0,0,1.278,
2866,09:32:19.790,ROI,160,160,256,256,8.37,9.09,7.025,0.0,110.06,530.50,275.11,118.22,90.67,0.9955,14.0500,140.7400,0.0000,0.0000,0.8315,0,140.7400,141.6374,126.5956,0.0961,140.3180,0.9123,POST_PH4_SPIN,138.10,2.22,536.8,278.1,0.00,0,0,1.342,
2867,09:32:19.852,ROI,160,160,256,256,8.34,9.10,14.8,0.0,109.90,530.59,275.18,118.08,90.75,0.9970,14.0700,140.7100,0.0000,0.0000,0.8306,0,140.7100,141.2385,120.8922,0.0976,139.4295,0.9111,POST_PH4_SPIN,138.10,1.33,536.8,278.1,0.00,0,0,1.404,
2868,09:32:19.902,ROI,160,160,256,256,8.50,9.23,19.125,0.0,108.37,530.85,275.32,117.73,90.99,0.9925,14.3300,140.5300,0.0000,0.0000,0.8277,0,140.5300,140.9253,115.2289,0.1024,138.5374,0.9071,POST_PH4_SPIN,138.10,0.44,536.8,278.1,0.00,0,0,1.454,
2869,09:32:19.966,ROI,160,160,256,256,8.46,9.22,14.275,0.0,108.48,530.88,275.42,117.89,91.38,0.9944,14.3200,140.2900,0.0000,0.0000,0.8303,0,140.2900,140.5736,110.9180,0.1063,137.7232,0.9039,POST_PH4_SPIN,138.10,-0.38,536.8,278.1,0.00,0,0,1.518,
2870,09:32:20.028,ROI,160,160,256,256,8.20,8.96,7.35,0.0,111.66,531.07,275.48,117.52,91.31,0.9953,14.3500,140.2100,0.0000,0.0000,0.8281,0,140.2100,140.2951,107.3020,0.1098,137.0312,0.9011,POST_PH4_SPIN,138.10,-1.07,536.8,278.1,0.00,0,0,1.581,
2871,09:32:20.078,ROI,160,160,256,256,8.36,9.11,19.175,0.0,109.80,530.26,275.22,119.12,90.96,0.9810,13.0000,139.6300,0.0000,0.0000,0.8255,0,139.6300,139.9219,103.9088,0.1004,136.6360,0.9088,POST_PH4_SPIN,138.10,-1.46,536.8,278.1,0.00,0,0,1.630,
2872,09:32:20.206,ROI,160,160,256,256,12.30,13.25,6.55,0.0,75.46,531.17,275.38,116.74,91.44,0.9749,13.9000,139.8200,0.0000,0.0000,0.8258,0,139.8200,139.7008,101.9716,0.0989,136.3046,0.9100,POST_PH4_SPIN,138.10,-1.80,536.8,278.1,0.00,0,0,1.763,
2873,09:32:20.253,ROI,160,160,256,256,7.87,8.60,23.0,0.0,116.28,530.26,275.38,118.64,91.23,0.9817,12.2900,139.4800,0.0000,0.0000,0.8242,0,139.4800,139.4054,99.2655,0.0930,135.9885,0.9149,POST_PH4_SPIN,138.10,-2.11,536.8,278.1,0.00,0,0,1.805,
2874,09:32:20.316,ROI,160,160,256,256,7.97,8.75,14.475,0.0,114.23,531.01,275.40,116.88,91.63,0.9809,13.7000,139.7000,0.0000,0.0000,0.8268,0,139.7000,139.1944,97.8856,0.0883,135.8431,0.9189,POST_PH4_SPIN,138.10,-2.26,536.8,278.1,0.00,0,0,1.868,
2875,09:32:20.380,ROI,160,160,256,256,7.88,8.61,7.075,0.0,116.15,530.28,275.40,118.56,91.52,0.9846,12.2000,139.3100,0.0000,0.0000,0.8214,0,139.3100,138.9590,96.0435,0.0776,135.8689,0.9280,POST_PH4_SPIN,138.10,-2.23,536.8,278.1,0.00,0,0,1.932,
2876,09:32:20.428,ROI,160,160,256,256,7.98,8.74,19.775,0.0,114.45,531.15,275.53,116.82,92.08,0.9794,13.5200,139.2800,0.0000,0.0000,0.8260,0,139.2800,138.7754,95.7397,0.0707,135.9353,0.9340,POST_PH4_SPIN,138.10,-2.16,536.8,278.1,0.00,0,0,1.980,
2877,09:32:20.492,ROI,160,160,256,256,7.79,8.50,14.1,0.0,117.71,530.52,275.50,118.21,91.89,0.9862,12.0900,138.8700,0.0000,0.0000,0.8174,0,138.8700,138.5816,94.7167,0.0589,136.1420,0.9444,POST_PH4_SPIN,138.10,-1.96,536.8,278.1,0.00,0,0,2.044,
2878,09:32:20.556,ROI,160,160,256,256,7.84,8.62,13.95,0.0,116.07,530.98,275.51,116.94,92.18,0.9862,13.3400,138.9600,0.0000,0.0000,0.8240,0,138.9600,138.4639,94.1105,0.0512,136.3037,0.9513,POST_PH4_SPIN,138.10,-1.80,536.8,278.1,0.00,0,0,2.109,
2879,09:32:20.606,ROI,160,160,256,256,8.78,9.46,19.125,0.0,105.75,531.06,275.75,117.07,92.27,0.9935,13.2000,138.8100,0.0000,0.0000,0.8217,0,138.8100,138.4002,93.9625,0.0472,136.3956,0.9549,POST_PH4_SPIN,138.10,-1.70,536.8,278.1,0.00,0,0,2.159,
2880,09:32:20.782,ROI,160,160,256,256,8.68,9.50,4.7,0.0,105.23,530.57,275.82,116.86,92.29,0.9903,11.9200,138.3600,0.0000,0.0000,0.8289,0,138.3600,138.2883,92.3887,0.0441,136.3493,0.9578,POST_PH4_SPIN,138.10,-1.75,536.8,278.1,0.00,0,0,2.335,
2881,09:32:20.845,ROI,160,160,256,256,10.58,11.23,0.0,0.0,89.03,530.94,275.88,117.25,92.51,0.9912,12.9800,138.4700,0.0000,0.0000,0.8167,0,138.4700,138.2826,93.3023,0.0435,136.4065,0.9583,POST_PH4_RE_RFB,138.10,-1.69,536.8,278.1,0.00,0,0,,0.065
2882,09:32:20.910,ROI,160,160,256,256,8.43,9.18,7.25,0.0,108.93,530.78,275.83,117.12,92.22,0.9942,12.7300,138.3100,0.0000,0.0000,0.8084,0,138.3100,138.2633,94.9649,0.0444,136.4207,0.9574,POST_PH4_RE_RFB,138.10,-1.68,536.8,278.1,0.00,0,0,,0.128
2883,09:32:20.956,ROI,160,160,256,256,8.50,9.17,0.0,0.0,109.09,530.67,275.85,117.30,92.66,0.9934,12.8400,138.1600,0.0000,0.0000,0.8111,0,138.1600,138.1008,95.6187,0.0414,136.4108,0.9602,POST_PH4_RE_RFB,138.10,-1.69,536.8,278.1,0.00,0,0,,0.174
2884,09:32:21.086,ROI,160,160,256,256,8.07,8.76,6.475,0.0,114.17,530.64,276.07,117.60,92.85,0.9926,12.6300,137.9200,0.0000,0.0000,0.8076,0,137.9200,137.9390,93.8766,0.0433,136.1117,0.9585,POST_PH4_RE_RFB,138.10,-1.99,536.8,278.1,0.00,0,0,,0.303
2885,09:32:21.132,ROI,160,160,256,256,7.90,8.64,10.475,0.0,115.75,530.67,276.35,116.30,92.46,0.9830,12.9300,138.2000,0.0000,0.0000,0.8273,0,138.2000,137.8807,91.4216,0.0502,135.6620,0.9522,POST_PH4_RE_RFB,138.10,-2.44,536.8,278.1,0.00,0,0,,0.349
2886,09:32:21.197,ROI,160,160,256,256,11.74,12.57,13.825,0.0,79.52,530.29,276.29,116.29,92.22,0.9908,12.6000,137.7500,0.0000,0.0000,0.8255,0,137.7500,137.7543,87.8259,0.0570,135.0608,0.9461,POST_PH4_RE_RFB,138.10,-3.04,536.8,278.1,0.00,0,0,,0.418
2887,09:32:21.261,ROI,160,160,256,256,8.49,9.16,7.65,0.0,109.21,529.79,275.23,116.64,92.59,0.9692,12.7700,138.2100,0.0000,0.0000,0.8394,0,138.2100,137.7442,81.2334,0.0499,135.0607,0.9525,POST_PH4_RE_RFB,138.10,-3.04,536.8,278.1,0.00,0,0,,0.479
2888,09:32:21.309,ROI,160,160,256,256,11.53,12.47,20.0,0.0,80.20,529.22,274.94,115.66,92.11,0.9839,12.2000,137.4200,0.0000,0.0000,0.8001,0,137.4200,137.6000,106.6273,0.0503,136.1173,0.9521,POST_PH4_RE_RFB,138.10,-1.98,536.8,278.1,0.00,0,0,,0.530
2889,09:32:21.374,ROI,160,160,256,256,11.97,12.91,14.75,0.0,77.45,528.38,273.28,115.52,91.04,0.9507,11.7400,137.9500,0.0000,0.0000,0.8055,0,137.9500,137.5488,120.3118,0.0897,136.1299,0.9177,POST_PH4_RE_RFB,138.10,-1.97,536.8,278.1,0.00,0,0,,0.596
2890,09:32:21.437,ROI,160,160,256,256,8.48,9.19,7.925,0.0,108.77,528.14,273.00,113.52,90.75,0.9767,12.2100,138.3800,0.0000,0.0000,0.8072,0,138.3800,137.6361,129.6768,0.1332,136.7005,0.8825,POST_PH4_RE_RFB,138.10,-1.40,536.8,278.1,0.00,0,0,,0.655
2891,09:32:21.484,ROI,160,160,256,256,7.84,8.44,10.1,0.0,118.48,526.62,272.09,112.82,89.04,0.9541,12.4000,137.4500,0.0000,0.0000,0.8208,0,137.4500,137.5206,136.6403,0.2195,137.3622,0.8200,POST_PH4_RE_RFB,138.10,-0.74,536.8,278.1,0.00,0,0,,0.702
2892,09:32:21.614,ROI,160,160,256,256,8.32,9.14,3.225,0.0,109.37,524.11,271.58,115.18,90.61,0.9405,13.2000,138.0200,0.0000,0.0000,0.8554,0,138.0200,137.5819,143.1671,0.3251,138.9523,0.7546,POST_PH4_RE_RFB,138.10,0.85,536.8,278.1,0.00,0,0,,0.832
2893,09:32:21.662,ROI,160,160,256,256,8.53,9.36,10.05,0.0,106.80,520.24,270.38,116.50,89.22,0.9114,13.9700,139.0900,0.0000,0.0000,0.8610,0,139.0900,137.8482,148.9139,0.4949,141.5116,0.6689,POST_PH4_RE_RFB,138.10,3.41,536.8,278.1,0.00,0,0,,0.880
2894,09:32:21.727,ROI,160,160,256,256,8.99,9.65,7.075,0.0,103.67,519.30,270.53,116.98,89.49,0.9806,13.3100,138.4000,0.0000,0.0000,0.8460,0,138.4000,137.9739,154.5735,0.6393,144.4476,0.6100,POST_PH4_RE_RFB,138.10,6.35,536.8,278.1,0.00,0,0,,0.945
2895,09:32:21.788,ROI,160,160,256,256,7.82,8.53,7.525,0.0,117.22,515.62,267.78,118.54,89.55,0.8851,12.6400,138.7000,0.0000,0.0000,0.8375,0,138.7000,138.1309,158.6509,0.8487,147.5509,0.5409,POST_PH4_RE_RFB,138.10,9.45,536.8,278.1,0.00,0,0,,1.006
2896,09:32:21.838,ROI,160,160,256,256,9.08,9.77,0.0,0.0,102.40,513.82,265.98,115.82,89.26,0.9319,12.4200,138.3800,0.0000,0.0000,0.8387,0,138.3800,138.2353,161.8616,1.0586,150.3847,0.4858,POST_PH4_RE_RFB,138.10,12.28,536.8,278.1,0.00,0,0,,1.057
2897,09:32:21.902,ROI,160,160,256,256,9.80,10.45,7.2,0.0,95.67,508.50,262.98,119.41,89.18,0.8567,13.2800,138.8200,0.0000,0.0000,0.8474,0,138.8200,138.4233,164.4417,1.3313,153.2814,0.4289,POST_PH4_RE_RFB,138.10,15.18,536.8,278.1,0.00,0,0,,1.122
2898,09:32:21.964,ROI,160,160,256,256,8.59,9.28,7.575,0.0,107.80,507.89,262.80,117.87,89.76,0.9809,12.9800,138.5000,0.0000,0.0000,0.8139,0,138.5000,138.4957,165.5749,1.5692,155.0351,0.3892,POST_PH4_RE_RFB,138.10,16.94,536.8,278.1,0.00,0,0,,1.182
2899,09:32:22.079,ROI,160,160,256,256,8.55,9.28,3.725,0.0,107.71,502.55,258.43,118.30,93.94,0.8338,12.9500,136.0000,0.0000,0.0000,0.8261,0,136.0000,138.0661,166.4100,1.8656,156.5188,0.3490,POST_PH4_RE_RFB,138.10,18.42,536.8,278.1,0.00,0,0,,1.297
2900,09:32:22.140,ROI,160,160,256,256,8.38,9.09,0.0,0.0,110.05,499.12,255.14,116.27,94.11,0.8810,10.6200,134.3400,0.0000,0.0000,0.7120,0,134.3400,137.3223,166.9199,2.1778,157.6061,0.3147,POST_PH4_RE_RFB,138.10,19.51,536.8,278.1,0.00,0,0,,1.358
2901,09:32:22.190,ROI,160,160,256,256,8.52,9.33,9.525,0.0,107.14,498.41,253.38,113.55,95.38,0.9417,8.3000,133.3800,0.0000,0.0000,0.5854,0,133.3800,136.4350,165.6799,2.4410,157.1810,0.2906,POST_PH4_RE_RFB,138.10,19.08,536.8,278.1,0.00,0,0,,1.408
2902,09:32:22.255,ROI,160,160,256,256,8.01,8.71,7.075,0.0,114.77,493.70,249.72,113.57,93.31,0.8541,10.3200,134.4400,0.0000,0.0000,0.6673,0,134.4400,135.8218,162.3439,2.7262,155.2262,0.2684,POST_PH4_RE_RFB,138.10,17.13,536.8,278.1,0.00,0,0,,1.472
2903,09:32:22.317,ROI,160,160,256,256,8.43,9.15,7.35,0.0,109.35,491.26,249.32,116.53,93.47,0.9504,4.5100,134.0000,0.0000,0.0000,0.4417,0,134.0000,135.2108,157.3478,2.9543,151.7496,0.2529,POST_PH4_RE_RFB,138.10,13.65,536.8,278.1,0.00,0,0,,1.535
2904,09:32:22.364,ROI,160,160,256,256,7.52,8.23,10.1,0.0,121.52,490.84,247.61,115.34,95.14,0.9548,2.1900,131.5400,0.0000,0.0000,0.2958,0,131.5400,134.1199,150.4759,3.1135,146.4997,0.2431,POST_PH4_RE_RFB,138.10,8.40,536.8,278.1,0.00,0,0,,1.582
2905,09:32:22.494,ROI,160,160,256,256,8.40,9.10,3.225,0.0,109.85,484.54,243.42,113.82,92.11,0.8226,7.7100,134.3500,0.0000,0.0000,0.5603,0,134.3500,133.7642,140.2429,3.3247,138.7448,0.2312,POST_PH4_RE_RFB,138.10,0.64,536.8,278.1,0.00,0,0,,1.712
2906,09:32:22.543,ROI,160,160,256,256,11.74,12.76,9.8,0.0,78.38,480.00,241.91,116.74,93.57,0.8956,7.2600,133.8300,0.0000,0.0000,0.4857,0,133.8300,133.2820,145.4212,3.5150,142.7326,0.2215,POST_PH4_RE_RFB,138.10,4.63,536.8,278.1,0.00,0,0,,1.764
2907,09:32:22.605,ROI,160,160,256,256,10.63,11.45,7.825,34.1,87.30,478.94,239.86,113.41,90.80,0.9295,11.0800,134.5500,0.0000,0.0000,0.7050,0,134.5500,133.0691,146.4380,3.6510,143.5636,0.2150,POST_PH4_RE_RFB,138.10,5.46,536.8,278.1,0.00,0,0,,1.826
2908,09:32:22.669,ROI,160,160,256,256,9.13,9.81,7.45,0.0,101.92,474.88,236.89,116.59,88.64,0.8741,12.4600,136.6600,0.0000,0.0000,0.8105,0,136.6600,133.3955,145.7926,3.7596,143.1880,0.2101,POST_PH4_RE_RFB,138.10,5.09,536.8,278.1,0.00,0,0,,1.888
2909,09:32:22.718,ROI,160,160,256,256,7.67,8.36,10.025,0.0,119.69,472.66,236.58,115.20,92.43,0.9238,7.9300,133.3100,0.0000,0.0000,0.6748,0,133.3100,132.9630,144.6831,3.8053,142.2441,0.2081,POST_PH4_RE_RFB,138.10,4.14,536.8,278.1,0.00,0,0,,1.935
2910,09:32:22.780,ROI,160,160,256,256,9.41,10.12,0.0,0.0,98.77,468.94,234.24,114.77,91.73,0.8924,11.2100,133.1100,0.0000,0.0000,0.7051,0,133.1100,132.6256,143.5996,3.8403,141.3324,0.2066,POST_PH4_RE_RFB,138.10,3.23,536.8,278.1,0.00,0,0,,1.999
2911,09:32:22.845,ROI,160,160,256,256,9.62,10.33,7.175,0.0,96.80,466.70,232.70,114.91,89.54,0.9303,8.2400,134.6400,0.0000,0.0000,0.6176,0,134.6400,132.8064,142.9609,3.8606,140.8717,0.2057,POST_PH4_RE_RFB,138.10,2.77,536.8,278.1,0.00,0,0,,2.064
2912,09:32:22.894,ROI,160,160,256,256,9.25,9.96,10.0,0.0,100.45,462.74,230.05,114.46,88.98,0.8809,10.3100,134.7500,0.0000,0.0000,0.6831,0,134.7500,133.0111,142.7014,3.8428,140.7004,0.2065,POST_PH4_RE_RFB,138.10,2.60,536.8,278.1,0.00,0,0,,2.113
2913,09:32:23.022,ROI,160,160,256,256,10.56,11.26,6.625,0.0,88.79,456.02,225.74,117.49,90.93,0.8130,11.3500,136.9300,0.0000,0.0000,0.8051,0,136.9300,133.7593,142.7183,3.9114,140.8942,0.2036,POST_PH4_RE_RFB,138.10,2.79,536.8,278.1,0.00,0,0,,2.242
2914,09:32:23.070,ROI,160,160,256,256,7.74,8.46,10.65,0.0,118.21,455.14,225.38,115.17,90.70,0.9726,12.5600,134.8600,0.0000,0.0000,0.7095,0,134.8600,134.0794,142.8665,3.8953,141.0715,0.2043,POST_PH4_RE_RFB,138.10,2.97,536.8,278.1,0.00,0,0,,2.287
2915,09:32:23.132,ROI,160,160,256,256,9.17,9.89,0.0,0.0,101.07,449.18,223.72,117.76,90.46,0.8716,14.5900,135.3700,0.0000,0.0000,0.8296,0,135.3700,134.6144,143.3064,3.9543,141.5519,0.2018,POST_PH4_RE_RFB,138.10,3.45,536.8,278.1,0.00,0,0,,2.351
2916,09:32:23.198,ROI,160,160,256,256,7.77,8.50,6.925,0.0,117.63,448.54,221.83,115.86,89.23,0.9435,13.2700,138.6000,0.0000,0.0000,0.7952,0,138.6000,135.8356,143.9992,3.9072,142.3356,0.2038,POST_PH4_RE_RFB,138.10,4.24,536.8,278.1,0.00,0,0,,2.415
2917,09:32:23.246,ROI,160,160,256,256,7.79,8.52,9.925,0.0,117.42,447.65,221.21,116.14,91.65,0.9590,11.7800,135.6900,0.0000,0.0000,0.7138,0,135.6900,136.1816,144.8212,3.8655,143.0455,0.2055,POST_PH4_RE_RFB,138.10,4.95,536.8,278.1,0.00,0,0,,2.463
2918,09:32:23.310,ROI,160,160,256,256,7.94,8.63,7.05,0.0,115.88,443.40,217.00,117.36,90.74,0.8504,12.7900,136.4800,0.0000,0.0000,0.8035,0,136.4800,136.5104,145.6078,3.8812,143.7440,0.2049,POST_PH4_RE_RFB,138.10,5.64,536.8,278.1,0.00,0,0,,2.527
2919,09:32:23.356,ROI,160,160,256,256,8.15,8.90,0.0,0.0,112.36,442.55,217.22,115.78,89.57,0.9729,14.6300,138.0200,0.0000,0.0000,0.8165,0,138.0200,137.0101,146.3078,3.7982,144.3700,0.2084,POST_PH4_RE_RFB,138.10,6.27,536.8,278.1,0.00,0,0,,2.574
2920,09:32:23.423,ROI,160,160,256,256,9.28,9.98,6.75,0.0,100.16,438.06,214.04,116.78,86.72,0.8635,14.7400,139.0100,0.0000,0.0000,0.8052,0,139.0100,137.7488,146.8727,3.7907,144.9682,0.2087,POST_PH4_RE_RFB,138.10,6.87,536.8,278.1,0.00,0,0,,2.642
2921,09:32:23.550,ROI,160,160,256,256,7.79,8.50,3.35,0.0,117.59,432.83,210.21,115.58,88.35,0.8403,13.6100,137.1600,0.0000,0.0000,0.8001,0,137.1600,137.9798,147.3995,3.8050,145.4391,0.2081,POST_PH4_RE_RFB,138.10,7.34,536.8,278.1,0.00,0,0,,2.767
2922,09:32:23.598,ROI,160,160,256,256,7.97,8.68,9.9,0.0,115.23,432.27,209.39,113.79,89.79,0.9669,13.3400,136.9300,0.0000,0.0000,0.7897,0,136.9300,137.8349,147.7684,3.7151,145.6617,0.2121,POST_PH4_RE_RFB,138.10,7.56,536.8,278.1,0.00,0,0,,2.815
2923,09:32:23.662,ROI,160,160,256,256,8.00,8.73,7.025,0.0,114.60,428.24,206.57,117.04,91.54,0.8777,14.0600,137.4000,0.0000,0.0000,0.8056,0,137.4000,138.0039,147.9525,3.7157,145.8429,0.2121,POST_PH4_RE_RFB,138.10,7.74,536.8,278.1,0.00,0,0,,2.880
2924,09:32:23.708,ROI,160,160,256,256,7.88,8.58,10.55,0.0,116.53,426.93,206.05,113.28,90.80,0.9569,13.2300,136.1200,0.0000,0.0000,0.7974,0,136.1200,137.7996,148.0969,3.6925,145.9025,0.2131,POST_PH4_RE_RFB,138.10,7.80,536.8,278.1,0.00,0,0,,2.925
2925,09:32:23.774,ROI,160,160,256,256,13.40,14.54,0.0,0.0,68.78,421.97,202.85,115.92,91.70,0.8572,14.1500,138.4400,0.0000,0.0000,0.7924,0,138.4400,138.1101,148.0728,3.6801,145.9441,0.2137,POST_PH4_RE_RFB,138.10,7.84,536.8,278.1,0.00,0,0,,2.997
2926,09:32:23.838,ROI,160,160,256,256,7.82,8.49,0.0,0.0,117.74,421.08,201.36,115.38,90.27,0.9533,13.1700,136.4700,0.0000,0.0000,0.7895,0,136.4700,138.1835,147.8077,3.6538,145.7397,0.2149,POST_PH4_RE_RFB,138.10,7.64,536.8,278.1,0.00,0,0,,3.055
2927,09:32:23.902,ROI,160,160,256,256,8.45,9.17,6.975,0.0,109.09,415.64,199.00,118.54,90.86,0.8667,14.3100,137.0800,0.0000,0.0000,0.8062,0,137.0800,138.0128,147.4505,3.6364,145.4150,0.2157,POST_PH4_RE_RFB,138.10,7.31,536.8,278.1,0.00,0,0,,3.120
2928,09:32:23.950,ROI,160,160,256,256,8.46,9.16,10.05,0.0,109.20,414.34,197.61,117.44,90.94,0.9491,13.9100,139.0700,0.0000,0.0000,0.8076,0,139.0700,138.1611,147.0078,3.5966,145.0832,0.2176,POST_PH4_RE_RFB,138.10,6.98,536.8,278.1,0.00,0,0,,3.168
2929,09:32:24.060,ROI,160,160,256,256,7.85,8.56,3.875,0.0,116.83,409.02,193.48,117.89,93.63,0.8383,15.0200,139.5900,0.0000,0.0000,0.7926,0,139.5900,138.4813,146.4898,3.5924,144.7459,0.2178,POST_PH4_RE_RFB,138.10,6.65,536.8,278.1,0.00,0,0,,3.278
2930,09:32:24.124,ROI,160,160,256,256,11.50,12.22,7.025,0.0,81.84,408.20,192.15,114.64,92.03,0.9452,14.8800,134.8200,0.0000,0.0000,0.7737,0,134.8200,137.7505,145.8933,3.5631,144.1088,0.2191,POST_PH4_RE_RFB,138.10,6.01,536.8,278.1,0.00,0,0,,3.345
2931,09:32:24.188,ROI,160,160,256,256,8.43,9.12,7.55,0.0,109.67,405.71,190.19,116.13,94.66,0.9190,14.3500,134.4400,0.0000,0.0000,0.7655,0,134.4400,137.1830,145.2539,3.6089,143.5027,0.2170,POST_PH4_RE_RFB,138.10,5.40,536.8,278.1,0.00,0,0,,3.406
2932,09:32:24.237,ROI,160,160,256,256,12.67,13.91,9.95,0.0,71.91,404.20,188.38,116.14,95.82,0.9384,14.1000,135.8000,0.0000,0.0000,0.7909,0,135.8000,136.7075,144.5568,3.5859,142.8452,0.2181,POST_PH4_RE_RFB,138.10,4.75,536.8,278.1,0.00,0,0,,3.459
2933,09:32:24.301,ROI,160,160,256,256,13.13,14.16,7.8,0.0,70.62,400.99,186.40,114.13,97.20,0.9088,16.1200,133.8700,0.0000,0.0000,0.7921,0,133.8700,135.8771,144.0480,3.6126,142.2766,0.2168,POST_PH4_RE_RFB,138.10,4.18,536.8,278.1,0.00,0,0,,3.524
2934,09:32:24.365,ROI,160,160,256,256,11.48,12.55,15.475,0.0,79.67,401.12,185.71,114.53,96.83,0.9825,15.2800,134.4000,0.0000,0.0000,0.7661,0,134.4000,135.5405,143.6141,3.5510,141.8400,0.2197,POST_PH4_RE_RFB,138.10,3.74,536.8,278.1,0.00,0,0,,3.587
2935,09:32:24.478,ROI,160,160,256,256,10.93,12.01,3.9,0.0,83.30,398.09,185.08,115.10,98.14,0.9362,15.7200,134.4200,0.0000,0.0000,0.8109,0,134.4200,134.9582,143.3403,3.4370,141.4512,0.2254,POST_PH4_RE_RFB,138.10,3.35,536.8,278.1,0.00,0,0,,3.699
2936,09:32:24.541,ROI,160,160,256,256,11.23,12.31,0.0,0.0,81.26,397.97,184.81,116.40,97.17,0.9791,15.4900,134.9200,0.0000,0.0000,0.8028,0,134.9200,134.5884,143.1066,3.3170,141.1334,0.2316,POST_PH4_RE_RFB,138.10,3.03,536.8,278.1,0.00,0,0,,3.762
2937,09:32:24.590,ROI,160,160,256,256,12.33,13.59,10.6,0.0,73.59,397.45,184.29,117.30,97.01,0.9806,15.1400,135.3000,0.0000,0.0000,0.8008,0,135.3000,134.4949,142.9409,3.1056,140.8837,0.2436,POST_PH4_RE_RFB,138.10,2.78,536.8,278.1,0.00,0,0,,3.813
2938,09:32:24.654,ROI,160,160,256,256,9.23,9.96,7.875,0.0,100.37,397.03,183.44,118.08,98.03,0.9759,15.2200,134.6900,0.0000,0.0000,0.7787,0,134.6900,134.4342,142.7930,2.9015,140.6506,0.2563,POST_PH4_RE_RFB,138.10,2.55,536.8,278.1,0.00,0,0,,3.872
2939,09:32:24.717,ROI,160,160,256,256,24.29,25.37,0.0,0.0,39.41,396.06,183.05,117.70,97.73,0.9758,14.8300,133.1900,0.0000,0.0000,0.7441,0,133.1900,133.9367,142.7033,2.7368,140.3573,0.2676,POST_PH4_RE_RFB,138.10,2.26,536.8,278.1,0.00,0,0,,3.951
2940,09:32:24.781,ROI,160,160,256,256,18.56,19.71,0.0,0.0,50.72,395.66,182.44,117.78,98.08,0.9811,15.1500,133.6700,0.0000,0.0000,0.7445,0,133.6700,133.5815,142.5715,2.5081,140.0089,0.2851,POST_PH4_RE_RFB,138.10,1.91,536.8,278.1,0.00,0,0,,4.009
2941,09:32:24.829,ROI,160,160,256,256,15.47,16.66,13.575,0.0,60.01,394.66,182.51,117.46,97.06,0.9729,14.9300,134.6800,0.0000,0.0000,0.7723,0,134.6800,133.5425,142.4441,2.2953,139.7428,0.3035,POST_PH4_RE_RFB,138.10,1.64,536.8,278.1,0.00,0,0,,4.055
2942,09:32:24.958,ROI,160,160,256,256,18.71,19.87,3.475,0.0,50.32,394.64,183.18,116.45,95.42,0.9747,15.1100,134.8200,0.0000,0.0000,0.7553,0,134.8200,133.4377,142.4445,2.0172,139.4594,0.3314,POST_PH4_RE_RFB,138.10,1.36,536.8,278.1,0.00,0,0,,4.187
2943,09:32:25.006,ROI,160,160,256,256,16.28,17.36,13.95,0.0,57.62,394.74,182.66,117.33,98.03,0.9661,14.7200,133.7000,0.0000,0.0000,0.7219,0,133.7000,133.3842,142.5356,1.7771,139.2402,0.3601,POST_PH4_RE_RFB,138.10,1.14,536.8,278.1,0.00,0,0,,4.232
2944,09:32:25.070,ROI,160,160,256,256,11.50,12.59,8.4,0.0,79.42,394.35,183.30,116.43,94.93,0.9609,14.9600,134.5900,0.0000,0.0000,0.7313,0,134.5900,133.3771,142.6925,1.4972,138.9622,0.4004,POST_PH4_RE_RFB,138.10,0.86,536.8,278.1,0.00,0,0,,4.291
2945,09:32:25.118,ROI,160,160,256,256,9.02,9.83,11.1,0.0,101.74,395.15,183.58,116.29,96.66,0.9688,13.5700,134.7100,0.0000,0.0000,0.7554,0,134.7100,133.4953,143.1736,1.2505,138.8730,0.4444,POST_PH4_RE_RFB,138.10,0.77,536.8,278.1,0.00,0,0,,4.336
2946,09:32:25.182,ROI,160,160,256,256,9.07,9.82,7.2,0.0,101.82,395.72,183.45,117.39,96.53,0.9877,14.6600,133.6900,0.0000,0.0000,0.6979,0,133.6900,133.6675,143.9367,0.9811,138.7532,0.5048,POST_PH4_RE_RFB,138.10,0.65,536.8,278.1,0.00,0,0,,4.400
2947,09:32:25.246,ROI,160,160,256,256,13.27,14.16,7.225,0.0,70.60,396.18,183.58,117.55,96.58,0.9895,14.9200,134.9700,0.0000,0.0000,0.7720,0,134.9700,134.2538,144.9687,0.7879,138.9757,0.5593,POST_PH4_RE_RFB,138.10,0.88,536.8,278.1,0.00,0,0,,4.469
2948,09:32:25.310,ROI,160,160,256,256,9.65,10.71,7.75,0.0,93.35,397.86,185.02,115.63,94.58,0.9431,14.0800,136.5900,0.0000,0.0000,0.7800,0,136.5900,134.7227,146.3814,0.5515,138.8668,0.6446,POST_PH4_RE_RFB,138.10,0.77,536.8,278.1,0.00,0,0,,4.530
2949,09:32:25.359,ROI,160,160,256,256,9.04,9.79,0.0,0.0,102.18,399.22,186.25,114.54,95.57,0.9519,14.1200,133.9900,0.0000,0.0000,0.7052,0,133.9900,134.5863,148.8377,0.3214,138.0526,0.7568,POST_PH4_RE_RFB,138.10,-0.05,536.8,278.1,0.00,0,0,,4.577
2950,09:32:25.485,ROI,160,160,256,256,12.12,12.98,0.0,0.0,77.04,401.83,187.94,114.30,93.58,0.9226,14.4600,135.5000,0.0000,0.0000,0.7370,0,135.5000,134.9178,158.1997,0.0809,136.6613,0.9251,POST_PH4_RE_RFB,138.10,-1.44,536.8,278.1,0.00,0,0,,4.707
2951,09:32:25.533,ROI,160,160,256,256,8.76,9.47,11.05,0.0,105.55,402.95,188.94,117.90,93.73,0.9493,14.4700,135.4600,0.0000,0.0000,0.7255,0,135.4600,135.0320,153.0924,0.1710,137.6690,0.8540,POST_PH4_RE_RFB,138.10,-0.43,536.8,278.1,0.00,0,0,,4.752
2952,09:32:25.598,ROI,160,160,256,256,11.85,12.91,7.025,0.0,77.45,404.70,190.34,117.73,94.02,0.9426,13.6800,135.3300,0.0000,0.0000,0.7354,0,135.3300,135.1506,151.0522,0.4067,139.7479,0.7109,POST_PH4_RE_RFB,138.10,1.65,536.8,278.1,0.00,0,0,,4.820
2953,09:32:25.663,ROI,160,160,256,256,14.23,15.33,7.525,0.0,65.22,408.08,191.95,117.42,92.54,0.9129,12.4000,134.4400,0.0000,0.0000,0.6824,0,134.4400,135.0730,149.6641,0.6464,140.8016,0.6074,POST_PH4_RE_RFB,138.10,2.70,536.8,278.1,0.00,0,0,,4.888
2954,09:32:25.711,ROI,160,160,256,256,13.40,14.41,12.25,0.0,69.42,409.95,193.29,117.12,92.45,0.9414,13.5200,135.6400,0.0000,0.0000,0.7538,0,135.6400,135.2961,148.5889,0.8970,141.5815,0.5272,POST_PH4_RE_RFB,138.10,3.48,536.8,278.1,0.00,0,0,,4.934
2955,09:32:25.773,ROI,160,160,256,256,10.80,11.80,8.05,0.0,84.72,413.53,195.62,116.99,90.98,0.8953,14.4700,137.0900,0.0000,0.0000,0.7668,0,137.0900,135.8457,147.7480,1.1781,142.2834,0.4591,POST_PH4_RE_RFB,138.10,4.18,536.8,278.1,0.00,0,0,,4.994
2956,09:32:25.838,ROI,160,160,256,256,8.69,9.43,0.0,0.0,106.06,414.78,196.76,120.05,91.57,0.9508,12.7500,137.5400,0.0000,0.0000,0.7357,0,137.5400,136.3881,147.0616,1.4319,142.6727,0.4112,POST_PH4_RE_RFB,138.10,4.57,536.8,278.1,0.00,0,0,,5.056
2957,09:32:25.885,ROI,160,160,256,256,18.37,19.55,10.3,0.0,51.14,417.36,198.54,118.88,92.11,0.9219,12.4700,137.8500,0.0000,0.0000,0.7553,0,137.8500,136.7774,146.4489,1.6752,142.8336,0.3738,POST_PH4_RE_RFB,138.10,4.73,536.8,278.1,0.00,0,0,,5.113
2958,09:32:26.015,ROI,160,160,256,256,8.47,9.21,3.55,0.0,108.56,424.42,203.90,114.32,90.61,0.7924,14.5900,139.1300,0.0000,0.0000,0.7692,0,139.1300,137.4002,145.8422,2.0066,143.0343,0.3326,POST_PH4_RE_RFB,138.10,4.93,536.8,278.1,0.00,0,0,,5.233
2959,09:32:26.061,ROI,160,160,256,256,10.93,11.81,10.625,0.0,84.65,426.64,205.40,117.39,89.94,0.9317,13.9600,137.9400,0.0000,0.0000,0.7724,0,137.9400,137.7958,145.1918,2.2955,142.9476,0.3034,POST_PH4_RE_RFB,138.10,4.85,536.8,278.1,0.00,0,0,,5.281
2960,09:32:26.125,ROI,160,160,256,256,16.23,17.35,0.0,0.0,57.63,428.51,207.72,116.34,88.54,0.9201,13.6300,135.7400,0.0000,0.0000,0.6917,0,135.7400,137.6996,144.4243,2.5607,142.5357,0.2808,POST_PH4_RE_RFB,138.10,4.44,536.8,278.1,0.00,0,0,,5.351
2961,09:32:26.191,ROI,160,160,256,256,24.35,25.54,8.05,0.0,39.15,432.03,210.30,115.33,89.28,0.8895,15.2300,137.1200,0.0000,0.0000,0.7223,0,137.1200,137.7452,143.6130,2.8119,142.0737,0.2623,POST_PH4_RE_RFB,138.10,3.97,536.8,278.1,0.00,0,0,,5.426
2962,09:32:26.237,ROI,160,160,256,256,14.37,15.57,18.775,25.075,64.21,434.75,211.94,113.50,89.07,0.9199,14.1400,137.6100,0.0000,0.0000,0.7465,0,137.6100,137.9300,142.7536,3.0239,141.5549,0.2485,POST_PH4_RE_RFB,138.10,3.45,536.8,278.1,0.00,0,0,,5.462
2963,09:32:26.301,ROI,160,160,256,256,9.35,10.09,16.225,0.0,99.06,437.39,214.47,116.18,88.00,0.9031,13.0200,138.0700,0.0000,0.0000,0.6825,0,138.0700,138.1693,141.9657,3.2134,141.0647,0.2373,POST_PH4_RE_RFB,138.10,2.96,536.8,278.1,0.00,0,0,,5.520
2964,09:32:26.366,ROI,160,160,256,256,7.69,8.39,7.15,0.0,119.15,439.19,215.30,115.92,88.78,0.9518,13.0500,137.7700,0.0000,0.0000,0.7365,0,137.7700,138.1749,141.3425,3.3365,140.6121,0.2306,POST_PH4_RE_RFB,138.10,2.51,536.8,278.1,0.00,0,0,,5.583
2965,09:32:26.478,ROI,160,160,256,256,21.57,22.79,3.775,0.0,43.88,443.34,218.92,117.44,91.58,0.8616,15.0500,139.2600,0.0000,0.0000,0.8341,0,139.2600,138.5561,140.9118,3.4535,140.3828,0.2245,POST_PH4_RE_RFB,138.10,2.28,536.8,278.1,0.00,0,0,,5.710
2966,09:32:26.541,ROI,160,160,256,256,8.12,8.83,9.775,0.0,113.22,447.16,220.93,113.42,89.18,0.8960,15.3600,137.5100,0.0000,0.0000,0.7956,0,137.5100,138.6839,140.8261,3.5668,140.3570,0.2190,POST_PH4_RE_RFB,138.10,2.26,536.8,278.1,0.00,0,0,,5.758
2967,09:32:26.589,ROI,160,160,256,256,8.15,8.88,10.0,0.0,112.64,449.43,222.22,117.06,91.33,0.9343,11.6500,134.6600,0.0000,0.0000,0.5732,0,134.6600,137.9233,141.5153,3.6358,140.7405,0.2157,POST_PH4_RE_RFB,138.10,2.64,536.8,278.1,0.00,0,0,,5.806
2968,09:32:26.653,ROI,160,160,256,256,8.71,9.43,7.0,0.0,106.05,453.24,224.64,119.52,91.78,0.8908,14.4600,136.7400,0.0000,0.0000,0.8098,0,136.7400,137.7445,146.3543,3.7171,144.5291,0.2120,POST_PH4_RE_RFB,138.10,6.43,536.8,278.1,0.00,0,0,,5.871
2969,09:32:26.718,ROI,160,160,256,256,8.60,9.31,7.1,0.0,107.41,455.51,226.02,119.06,92.85,0.9349,14.7800,136.9000,0.0000,0.0000,0.7817,0,136.9000,137.5722,144.6448,3.7437,143.1538,0.2108,POST_PH4_RE_RFB,138.10,5.05,536.8,278.1,0.00,0,0,,5.936
2970,09:32:26.766,ROI,160,160,256,256,8.42,9.15,0.0,0.0,109.27,457.40,226.96,118.10,92.38,0.9494,15.5600,134.7700,0.0000,0.0000,0.7326,0,134.7700,136.9243,144.1325,3.7180,142.6047,0.2120,POST_PH4_RE_RFB,138.10,4.50,536.8,278.1,0.00,0,0,,5.984
2971,09:32:26.894,ROI,160,160,256,256,13.32,14.23,3.3,0.0,70.28,462.47,230.66,117.95,92.29,0.8497,13.0500,137.3800,0.0000,0.0000,0.8238,0,137.3800,136.7215,143.8805,3.7422,142.3709,0.2109,POST_PH4_RE_RFB,138.10,4.27,536.8,278.1,0.00,0,0,,6.117
2972,09:32:26.941,ROI,160,160,256,256,11.10,11.91,12.15,0.0,83.98,465.31,233.15,119.79,92.50,0.9043,11.3600,138.1100,0.0000,0.0000,0.7146,0,138.1100,136.7498,143.7683,3.7399,142.2876,0.2110,POST_PH4_RE_RFB,138.10,4.19,536.8,278.1,0.00,0,0,,6.161
2973,09:32:27.006,ROI,160,160,256,256,9.33,10.06,14.6,0.0,99.45,468.68,234.33,120.08,89.22,0.9128,13.0700,138.1600,0.0000,0.0000,0.7113,0,138.1600,136.9062,143.8490,3.7406,142.3844,0.2109,POST_PH4_RE_RFB,138.10,4.28,536.8,278.1,0.00,0,0,,6.225
2974,09:32:27.068,ROI,160,160,256,256,16.65,17.75,14.975,0.0,56.34,473.14,236.64,118.24,90.85,0.8832,9.2600,137.3300,0.0000,0.0000,0.6200,0,137.3300,136.9239,144.1320,3.7228,142.6057,0.2117,POST_PH4_RE_RFB,138.10,4.51,536.8,278.1,0.00,0,0,,6.295
2975,09:32:27.116,ROI,160,160,256,256,9.94,10.68,12.925,0.0,93.64,475.98,237.34,116.74,95.52,0.9075,7.4000,132.6100,0.0000,0.0000,0.6549,0,132.6100,136.0137,144.6404,3.6695,142.7929,0.2142,POST_PH4_RE_RFB,138.10,4.69,536.8,278.1,0.00,0,0,,6.336
2976,09:32:27.180,ROI,160,160,256,256,17.89,18.77,7.3,20.825,53.27,480.55,240.78,116.45,95.70,0.8627,5.3800,133.2500,0.0000,0.0000,0.5708,0,133.2500,135.4686,145.2977,3.7455,143.2264,0.2107,POST_PH4_RE_RFB,138.10,5.13,536.8,278.1,0.00,0,0,,6.408
2977,09:32:27.247,ROI,160,160,256,256,7.90,8.68,8.175,0.0,115.22,480.74,241.28,116.51,93.07,0.9696,12.6100,134.9000,0.0000,0.0000,0.7016,0,134.9000,135.2322,146.0419,3.7432,143.7629,0.2108,POST_PH4_RE_RFB,138.10,5.66,536.8,278.1,0.00,0,0,,6.465
2978,09:32:27.294,ROI,160,160,256,256,7.84,8.54,10.175,0.0,117.03,485.84,245.74,116.59,95.28,0.8365,5.6200,134.2500,0.0000,0.0000,0.4435,0,134.2500,134.6716,146.6949,3.7800,144.1796,0.2092,POST_PH4_RE_RFB,138.10,6.08,536.8,278.1,0.00,0,0,,6.511
2979,09:32:27.422,ROI,160,160,256,256,10.84,11.90,0.0,0.0,84.02,492.79,250.26,112.19,98.19,0.8108,8.6000,135.4200,0.0000,0.0000,0.7036,0,135.4200,134.5299,147.2635,3.9056,144.6678,0.2038,POST_PH4_RE_RFB,138.10,6.57,536.8,278.1,0.00,0,0,,6.643
2980,09:32:27.472,ROI,160,160,256,256,20.37,21.45,0.0,0.0,46.63,495.73,250.22,109.97,92.67,0.8960,5.2300,132.4200,0.0000,0.0000,0.4259,0,132.4200,133.8585,147.8256,3.9868,145.0248,0.2005,POST_PH4_RE_RFB,138.10,6.92,536.8,278.1,0.00,0,0,,6.702
2981,09:32:27.534,ROI,160,160,224,224,12.99,14.10,9.625,0.0,70.93,496.57,252.93,118.13,99.05,0.8709,9.9800,132.2300,0.0000,0.0000,0.7453,0,132.2300,133.2904,148.2237,4.0272,145.2532,0.1989,POST_PH4_RE_RFB,138.10,7.15,536.8,278.1,0.00,0,0,,6.757
2982,09:32:27.597,ROI,160,160,256,256,12.71,13.71,7.95,0.0,72.96,498.82,255.02,117.28,97.57,0.9230,8.1000,131.6700,0.0000,0.0000,0.5890,0,131.6700,132.6768,148.4810,4.0135,145.3287,0.1995,POST_PH4_RE_RFB,138.10,7.23,536.8,278.1,0.00,0,0,,6.819
2983,09:32:27.645,ROI,160,160,256,256,25.52,26.47,11.35,0.0,37.78,501.14,256.42,117.41,95.84,0.9343,8.4800,132.6200,0.0000,0.0000,0.5060,0,132.6200,132.5302,148.5569,4.0064,145.3556,0.1997,POST_PH4_RE_RFB,138.10,7.26,536.8,278.1,0.00,0,0,,6.880
2984,09:32:27.710,ROI,160,160,256,256,8.86,9.59,40.45,0.0,104.32,504.10,259.20,118.70,94.62,0.8984,10.7500,135.3400,0.0000,0.0000,0.6656,0,135.3400,132.8623,148.4599,4.0118,145.3478,0.1995,POST_PH4_RE_RFB,138.10,7.25,536.8,278.1,0.00,0,0,,6.929
2985,09:32:27.773,ROI,160,160,256,256,17.53,18.70,7.275,0.0,53.49,505.70,260.98,118.13,92.45,0.9374,13.1200,136.1800,0.0000,0.0000,0.7255,0,136.1800,133.0878,148.1819,3.9678,145.1435,0.2013,POST_PH4_RE_RFB,138.10,7.04,536.8,278.1,0.00,0,0,,7.001
2986,09:32:27.823,ROI,160,160,256,256,16.50,17.69,12.6,22.075,56.52,508.60,262.48,120.02,93.62,0.9228,13.8900,137.7000,0.0000,0.0000,0.7983,0,137.7000,133.8289,147.7754,3.9285,144.9456,0.2029,POST_PH4_RE_RFB,138.10,6.85,536.8,278.1,0.00,0,0,,7.050
2987,09:32:27.951,ROI,160,160,256,256,14.17,15.30,3.55,0.0,65.37,514.70,268.02,117.54,93.15,0.8056,12.4400,137.4800,0.0000,0.0000,0.7941,0,137.4800,134.5258,147.1997,3.9464,144.6375,0.2022,POST_PH4_RE_RFB,138.10,6.54,536.8,278.1,0.00,0,0,,7.175
2988,09:32:27.997,ROI,160,160,256,256,17.78,18.85,50.725,0.0,53.04,517.14,269.50,117.18,90.35,0.9293,14.5400,138.5400,0.0000,0.0000,0.8378,0,138.5400,135.1929,146.5017,3.9060,144.1966,0.2038,POST_PH4_RE_RFB,138.10,6.10,536.8,278.1,0.00,0,0,,7.224
2989,09:32:28.061,ROI,160,160,256,256,16.03,17.07,8.65,0.0,58.58,521.05,271.35,115.94,90.93,0.8989,14.8200,137.8500,0.0000,0.0000,0.8328,0,137.8500,135.9426,145.7477,3.9121,143.7516,0.2036,POST_PH4_RE_RFB,138.10,5.65,536.8,278.1,0.00,0,0,,7.287
2990,09:32:28.125,ROI,160,160,256,256,16.16,17.18,0.0,0.0,58.19,521.64,272.46,116.02,89.36,0.9660,13.5500,139.5300,0.0000,0.0000,0.8270,0,139.5300,137.1091,144.8774,3.8652,143.2807,0.2055,POST_PH4_RE_RFB,138.10,5.18,536.8,278.1,0.00,0,0,,7.351
2991,09:32:28.174,ROI,160,160,256,256,14.47,15.53,12.575,0.0,64.41,523.99,272.96,115.10,88.70,0.9495,14.6200,139.5000,0.0000,0.0000,0.8175,0,139.5000,138.2500,144.0437,3.7818,142.8320,0.2091,POST_PH4_RE_RFB,138.10,4.73,536.8,278.1,0.00,0,0,,7.398
2992,09:32:28.236,ROI,160,160,256,256,9.07,9.78,8.275,0.0,102.20,524.84,273.44,116.59,90.29,0.9682,14.4900,139.5700,0.0000,0.0000,0.8462,0,139.5700,139.2895,143.3134,3.6733,142.4524,0.2140,POST_PH4_RE_RFB,138.10,4.35,536.8,278.1,0.00,0,0,,7.455
2993,09:32:28.301,ROI,160,160,256,256,8.91,9.81,7.075,0.0,101.91,526.93,274.58,115.20,89.42,0.9407,14.1200,139.2900,0.0000,0.0000,0.8223,0,139.2900,139.7080,142.8123,3.5280,142.1267,0.2208,POST_PH4_RE_RFB,138.10,4.03,536.8,278.1,0.00,0,0,,7.520
2994,09:32:28.348,ROI,160,160,256,256,9.20,10.24,10.5,0.0,97.63,527.36,274.96,115.34,90.74,0.9782,12.9300,136.9200,0.0000,0.0000,0.7607,0,136.9200,139.5953,142.5192,3.3747,141.8508,0.2286,POST_PH4_RE_RFB,138.10,3.75,536.8,278.1,0.00,0,0,,7.567
2995,09:32:28.476,ROI,160,160,256,256,10.12,11.18,3.325,0.0,89.41,528.76,275.30,116.03,91.22,0.9690,13.7400,138.9300,0.0000,0.0000,0.8426,0,138.9300,140.0130,142.4506,3.1341,141.8610,0.2419,POST_PH4_RE_RFB,138.10,3.76,536.8,278.1,0.00,0,0,,7.696
2996,09:32:28.524,ROI,160,160,256,256,11.08,11.99,10.65,0.0,83.38,529.25,275.67,117.17,93.12,0.9701,14.7500,136.6700,0.0000,0.0000,0.8036,0,136.6700,139.8251,142.5107,2.9152,141.8247,0.2554,POST_PH4_RE_RFB,138.10,3.72,536.8,278.1,0.00,0,0,,7.745
2997,09:32:28.589,ROI,160,160,256,256,15.13,16.32,0.0,0.0,61.27,529.16,275.56,116.69,92.11,0.9851,11.9900,137.2500,0.0000,0.0000,0.7856,0,137.2500,139.8436,142.7206,2.7478,141.9530,0.2668,POST_PH4_RE_RFB,138.10,3.85,536.8,278.1,0.00,0,0,,7.814
2998,09:32:28.654,ROI,160,160,256,256,10.09,11.23,0.0,0.0,89.01,529.30,275.93,117.36,92.43,0.9864,12.2700,136.8700,0.0000,0.0000,0.7854,0,136.8700,139.4188,143.2732,2.5421,142.1850,0.2823,POST_PH4_SETTLING,138.10,4.08,536.8,278.1,0.00,0,0,,7.874
2999,09:32:28.701,ROI,160,160,256,256,8.37,9.14,10.85,0.0,109.46,529.61,276.15,117.36,92.35,0.9900,12.4400,137.0900,0.0000,0.0000,0.7812,0,137.0900,138.9398,143.9756,2.2998,142.4495,0.3030,POST_PH4_SETTLING,138.10,4.35,536.8,278.1,0.00,0,0,,7.919
3000,09:32:28.764,ROI,160,160,256,256,9.23,10.11,7.25,0.0,98.92,530.09,276.80,117.42,94.30,0.9714,12.7900,136.4500,0.0000,0.0000,0.7882,0,136.4500,138.1824,144.7702,2.0472,142.6082,0.3282,POST_PH4_SETTLING,138.10,4.51,536.8,278.1,0.00,0,0,,7.983
3001,09:32:28.878,ROI,160,160,256,256,9.11,9.84,7.525,0.0,101.65,530.30,276.43,116.67,92.42,0.9737,12.6700,138.4300,0.0000,0.0000,0.8342,0,138.4300,137.8519,145.7334,1.7691,142.8872,0.3611,POST_PH4_SETTLING,138.10,4.79,536.8,278.1,0.00,0,0,,8.096
3002,09:32:28.941,ROI,160,160,256,256,8.83,9.71,14.65,0.0,103.00,530.29,276.51,116.72,92.53,0.9979,12.6100,138.4300,0.0000,0.0000,0.8342,0,138.4300,137.7218,146.8033,1.4973,143.1668,0.4004,POST_PH4_SETTLING,138.10,5.07,536.8,278.1,0.00,0,0,,8.159
3003,09:32:29.006,ROI,160,160,256,256,8.20,9.23,14.125,0.0,108.39,530.24,276.50,116.64,92.43,0.9981,12.4700,138.3800,0.0000,0.0000,0.8330,0,138.3800,137.6205,147.9217,1.2050,143.2499,0.4535,POST_PH4_SETTLING,138.10,5.15,536.8,278.1,0.00,0,0,,8.224
3004,09:32:29.054,ROI,160,160,256,256,9.26,10.12,20.275,0.0,98.80,530.22,276.51,116.69,92.51,0.9987,12.5400,138.3700,0.0000,0.0000,0.8347,0,138.3700,137.6474,149.2475,0.9172,143.1968,0.5216,POST_PH4_SETTLING,138.10,5.10,536.8,278.1,0.00,0,0,,8.273
3005,09:32:29.116,ROI,160,160,256,256,9.97,10.98,14.9,0.0,91.03,530.24,276.48,116.58,92.46,0.9983,12.5500,138.4600,0.0000,0.0000,0.8342,0,138.4600,137.6566,150.3904,0.7337,143.0454,0.5768,POST_PH4_SETTLING,138.10,4.95,536.8,278.1,0.00,0,0,,8.336
3006,09:32:29.181,ROI,160,160,256,256,10.07,10.92,0.0,35.775,91.56,530.26,276.51,116.56,92.43,0.9990,12.5100,138.4000,0.0000,0.0000,0.8325,0,138.4000,137.7541,151.2891,0.5700,142.6680,0.6370,POST_PH4_SETTLING,138.10,4.57,536.8,278.1,0.00,0,0,,8.401
3007,09:32:29.229,ROI,160,160,256,256,10.92,11.94,10.45,0.0,83.74,530.22,276.48,116.59,92.50,0.9988,12.5700,138.4000,0.0000,0.0000,0.8328,0,138.4000,137.7774,152.0480,0.4595,142.2706,0.6851,POST_PH4_SETTLING,138.10,4.17,536.8,278.1,0.00,0,0,,8.450
3008,09:32:29.359,ROI,160,160,256,256,8.77,9.42,3.325,0.0,106.13,530.16,276.51,116.59,92.26,0.9963,12.1800,138.5800,0.0000,0.0000,0.8327,0,138.5800,138.0145,152.1634,0.3475,141.6630,0.7421,POST_PH4_SETTLING,138.10,3.56,536.8,278.1,0.00,0,0,,8.577
