frame_id,timestamp,mode,input_width,input_height,roi_w,roi_h,inf_time_ms,end_to_end_time_ms,cpu_load_pct,end_to_end_cpu_load_pct,fps,x_center,y_center,width,height,iou_prev_bbox,group1_magnitude,group1_angle,group2_magnitude,group2_angle,best_conf,tracking_lost,raw_angle,model_angle_smooth,trajectory_angle_smooth,estimated_speed,fused_angle,fused_weight_x,pid_mode,target_angle,angle_error,target_x,target_y,distance_error,ble_speed_left,ble_speed_right,post_ph4_spin_elapsed_s,post_ph4_re_rfb_elapsed_s
1376,09:30:40.187,ROI,160,160,320,320,10.78,11.50,28.4,0.0,86.93,606.66,528.32,113.18,147.36,0.9971,7.2700,77.9800,0.0000,0.0000,0.7160,0,77.9800,438.0681,414.9571,0.0851,436.2565,0.9216,PHASE_2_DRIVING,77.94,-1.68,644.2,352.6,179.69,1934,2000,,
1377,09:30:40.239,ROI,160,160,320,320,8.47,9.40,9.675,0.0,106.33,606.72,528.40,112.88,146.84,0.9938,8.4400,77.7200,0.0000,0.0000,0.7301,0,77.7200,437.4405,393.3868,0.0763,434.3181,0.9291,PHASE_2_DRIVING,77.96,-3.65,644.2,352.6,179.75,1588,2000,,
1378,09:30:40.285,ROI,160,160,320,320,10.69,11.50,0.0,0.0,86.98,606.62,528.38,112.84,147.02,0.9970,8.5000,77.6000,0.0000,0.0000,0.7303,0,77.6000,437.3817,375.4054,0.0813,432.7227,0.9248,PHASE_2_DRIVING,77.93,-5.21,644.2,352.6,179.75,1589,2000,,
1379,09:30:40.349,ROI,160,160,320,320,8.21,9.00,0.0,0.0,111.09,606.62,528.48,113.28,147.24,0.9946,7.4200,78.3300,0.0000,0.0000,0.7103,0,78.3300,438.1901,361.0890,0.0590,433.8932,0.9443,PHASE_2_DRIVING,77.94,-4.05,644.2,352.6,179.85,2000,1976,,
1380,09:30:40.398,ROI,160,160,320,320,9.97,10.72,0.0,0.0,93.28,606.68,528.32,113.24,147.00,0.9968,7.8000,77.1300,0.0000,0.0000,0.7308,0,77.1300,437.5044,382.6964,0.0496,434.9149,0.9528,PHASE_2_DRIVING,77.95,-3.03,644.2,352.6,179.68,2000,1960,,
1381,09:30:40.461,ROI,160,160,320,320,7.72,8.82,0.0,0.0,113.41,606.70,528.28,112.96,147.36,0.9951,8.0000,77.7400,0.0000,0.0000,0.7384,0,77.7400,437.0710,399.5802,0.0449,435.4602,0.9570,PHASE_2_DRIVING,77.95,-2.49,644.2,352.6,179.64,1987,2000,,
1382,09:30:40.590,ROI,160,160,320,320,8.18,9.10,3.275,0.0,109.86,606.30,528.10,113.02,147.44,0.9905,9.6800,76.8900,0.0000,0.0000,0.7727,0,76.8900,436.5314,406.9553,0.0192,435.9745,0.9812,PHASE_2_DRIVING,77.81,-1.84,644.2,352.6,179.55,2000,1970,,
1383,09:30:40.638,ROI,160,160,320,320,8.23,9.21,0.0,0.0,108.54,606.22,528.14,112.86,147.66,0.9971,6.2700,79.9100,0.0000,0.0000,0.7497,0,79.9100,437.6927,395.8268,0.0089,437.3253,0.9912,PHASE_2_DRIVING,77.79,-0.47,644.2,352.6,179.60,2000,1809,,
1384,09:30:40.702,ROI,160,160,320,320,13.54,14.46,7.175,0.0,69.13,608.62,530.88,114.46,152.16,0.9247,10.2000,-110.6300,0.0000,0.0000,0.7696,0,-110.6300,473.1649,415.3959,0.0584,469.9783,0.9448,PHASE_2_DRIVING,78.71,31.26,644.2,352.6,181.80,2000,-451,,
1385,09:30:40.751,ROI,160,160,320,320,14.50,15.41,0.0,0.0,64.89,605.50,524.22,112.22,145.46,0.8670,13.1700,74.7900,0.0000,0.0000,0.8945,0,74.7900,469.3307,423.3498,0.0388,467.6135,0.9627,PHASE_2_DRIVING,77.29,30.32,644.2,352.6,175.93,2000,1161,,
1386,09:30:40.814,ROI,160,160,320,320,8.93,9.64,0.0,0.0,103.76,608.62,527.40,111.88,148.22,0.9068,9.4100,-110.0700,0.0000,0.0000,0.7896,0,-110.0700,501.5736,425.3305,0.0634,497.0251,0.9403,PHASE_2_DRIVING,78.49,58.53,644.2,352.6,178.38,2000,-526,,
1387,09:30:40.877,ROI,160,160,320,320,7.61,8.48,0.0,0.0,117.94,607.34,520.98,110.88,141.92,0.8951,9.5500,74.4900,0.0000,0.0000,0.8842,0,74.4900,494.9815,431.9187,0.1776,485.4714,0.8492,PHASE_2_DRIVING,77.65,47.82,644.2,352.6,172.37,2000,1810,,
1388,09:30:40.989,ROI,160,160,288,288,7.59,8.28,3.775,0.0,120.74,610.42,518.18,117.74,144.36,0.9062,14.9800,70.7500,0.0000,0.0000,0.8915,0,70.7500,487.6929,436.4997,0.3455,474.5478,0.7432,PHASE_2_DRIVING,78.47,36.08,644.2,352.6,168.99,1607,2000,,
1389,09:30:41.054,ROI,160,160,320,320,9.64,10.13,0.0,0.0,98.75,0.00,0.00,0.00,0.00,0.0000,0.0000,0.0000,0.0000,0.0000,0.0000,1,0.0000,NaN,NaN,NaN,NaN,NaN,LOST_TRACKING,39.40,-39.40,644.2,352.6,0.00,0,0,,
1390,09:30:41.128,FULL,640,640,0,0,53.34,55.59,24.325,7.025,17.99,611.53,512.22,120.14,151.34,1.0000,2.0200,68.6000,0.0000,0.0000,0.3505,0,68.6000,481.7840,446.8660,0.6718,467.7530,0.5982,PHASE_2_DRIVING,78.43,29.32,644.2,352.6,162.93,2000,1910,,
1391,09:30:41.194,ROI,160,160,320,320,7.63,8.34,0.0,0.0,119.93,613.02,511.28,114.50,142.68,0.8986,9.5800,75.6400,0.0000,0.0000,0.8629,0,75.6400,473.4316,449.2137,0.9256,461.7904,0.5193,PHASE_2_DRIVING,78.88,22.91,644.2,352.6,161.71,1893,2000,,
1392,09:30:41.229,ROI,160,160,288,288,14.15,15.69,0.0,24.925,63.73,612.51,505.42,115.20,138.24,0.9122,15.7200,69.6000,0.0000,0.0000,0.9053,0,69.6000,464.3829,450.3042,1.2268,456.6267,0.4491,PHASE_2_DRIVING,78.29,18.34,644.2,352.6,156.07,2000,1997,,
1393,09:30:41.278,ROI,160,160,288,288,9.50,10.09,0.0,0.0,99.14,0.00,0.00,0.00,0.00,0.0000,0.0000,0.0000,0.0000,0.0000,0.0000,1,0.0000,NaN,NaN,NaN,NaN,NaN,LOST_TRACKING,39.40,-39.40,644.2,352.6,0.00,0,0,,
1394,09:30:41.356,FULL,640,640,0,0,53.87,55.66,11.4,0.0,17.97,0.00,0.00,0.00,0.00,0.0000,0.0000,0.0000,0.0000,0.0000,0.0000,1,0.0000,NaN,NaN,NaN,NaN,NaN,LOST_TRACKING,39.40,-39.40,644.2,352.6,0.00,0,0,,
1395,09:30:41.473,FULL,640,640,0,0,51.41,53.56,19.075,14.575,18.67,617.56,499.54,115.71,141.43,1.0000,3.4600,-105.9000,0.0000,0.0000,0.7121,0,-105.9000,392.3937,438.2181,1.8597,422.1937,0.3497,PHASE_2_DRIVING,79.72,-17.53,644.2,352.6,149.33,-468,2000,,
1396,09:30:41.536,ROI,160,160,288,288,10.66,11.46,0.0,34.225,87.28,614.97,493.01,116.86,141.16,0.8735,18.3100,70.6800,0.0000,0.0000,0.9240,0,70.6800,392.5867,429.6969,2.2118,418.1425,0.3114,PHASE_2_DRIVING,78.24,-20.10,644.2,352.6,143.42,1069,2000,,
1397,09:30:41.582,ROI,160,160,288,288,10.72,11.73,11.425,33.3,85.25,615.62,489.74,117.50,140.74,0.9444,18.2400,72.2300,0.0000,0.0000,0.9047,0,72.2300,392.6989,420.0686,2.4997,412.2480,0.2857,PHASE_2_DRIVING,78.23,-25.98,644.2,352.6,140.09,675,2000,,
1398,09:30:41.630,ROI,160,160,288,288,8.44,9.22,0.0,42.625,108.51,617.18,489.43,119.03,145.91,0.9397,18.9200,73.3700,0.0000,0.0000,0.9055,0,73.3700,392.3927,429.0564,2.6894,419.1186,0.2711,PHASE_2_DRIVING,78.83,-19.71,644.2,352.6,139.47,2000,1796,,
1399,09:30:41.694,ROI,160,160,320,320,7.82,8.65,0.0,0.0,115.63,618.72,484.32,116.08,140.94,0.9075,19.7000,72.3400,0.0000,0.0000,0.9491,0,72.3400,391.3525,435.7624,2.8866,424.3361,0.2573,PHASE_2_DRIVING,79.05,-14.72,644.2,352.6,134.16,2000,1800,,
1400,09:30:41.759,ROI,160,160,288,288,8.20,8.98,7.0,0.0,111.38,621.51,484.02,117.72,143.51,0.9366,17.7200,74.8400,0.0000,0.0000,0.9278,0,74.8400,390.2877,437.7970,3.0034,425.9297,0.2498,PHASE_2_DRIVING,80.20,-14.27,644.2,352.6,133.36,1555,2000,,
1401,09:30:41.807,ROI,160,160,288,288,13.79,14.79,9.925,26.425,67.61,621.14,482.58,117.40,140.31,0.9716,19.9800,73.8000,0.0000,0.0000,0.9175,0,73.8000,388.6826,430.1421,3.0477,419.8993,0.2471,PHASE_2_DRIVING,79.94,-20.04,644.2,352.6,132.01,795,2000,,
1402,09:30:41.869,ROI,160,160,288,288,15.57,16.50,8.3,23.675,60.61,620.91,480.78,118.19,141.17,0.9682,19.3400,74.1800,0.0000,0.0000,0.9128,0,74.1800,404.6972,435.2720,2.9832,427.5961,0.2511,PHASE_2_DRIVING,79.70,-12.11,644.2,352.6,130.27,2000,1343,,
1403,09:30:41.933,ROI,160,160,288,288,13.20,14.02,0.0,0.0,71.32,621.80,478.87,117.77,142.09,0.9590,18.8200,77.2700,0.0000,0.0000,0.9159,0,77.2700,405.7189,436.1038,2.9626,428.4359,0.2524,PHASE_2_DRIVING,79.94,-11.50,644.2,352.6,128.24,1666,2000,,
1404,09:30:42.045,ROI,160,160,288,288,8.80,9.74,0.0,0.0,102.71,624.42,474.63,118.87,138.11,0.9018,17.0400,79.1900,0.0000,0.0000,0.8900,0,79.1900,427.6416,433.8366,2.8689,432.2354,0.2585,PHASE_2_DRIVING,80.79,-8.56,644.2,352.6,123.63,2000,1875,,
1405,09:30:42.109,ROI,160,160,288,288,7.71,8.57,0.0,0.0,116.69,625.78,473.50,117.16,145.84,0.9264,15.4900,79.2900,0.0000,0.0000,0.8768,0,79.2900,433.4411,433.6875,2.8010,433.6227,0.2631,PHASE_2_DRIVING,81.34,-7.72,644.2,352.6,122.29,1833,2000,,
1406,09:30:42.159,ROI,160,160,320,320,8.15,9.38,19.1,0.0,106.57,625.34,470.48,113.94,144.68,0.9334,20.9700,77.8900,0.0000,0.0000,0.9357,0,77.8900,439.1501,433.0563,2.7420,434.6848,0.2672,PHASE_2_DRIVING,80.91,-6.23,644.2,352.6,119.38,1989,2000,,
1407,09:30:42.223,ROI,160,160,320,320,10.25,10.99,7.125,0.0,90.98,626.22,466.28,111.80,142.04,0.9257,19.7500,76.2800,0.0000,0.0000,0.9190,0,76.2800,440.3698,432.6441,2.7519,434.7032,0.2665,PHASE_2_DRIVING,81.01,-6.31,644.2,352.6,115.09,1751,2000,,
1408,09:30:42.285,ROI,160,160,288,288,10.73,11.43,7.6,34.4,87.51,628.68,465.59,118.93,141.55,0.9313,17.3200,76.6700,0.0000,0.0000,0.9086,0,76.6700,444.7577,431.9728,2.7098,435.4191,0.2696,PHASE_2_DRIVING,82.18,-6.76,644.2,352.6,114.05,1684,2000,,
1409,09:30:42.333,ROI,160,160,288,288,15.87,16.80,0.0,23.25,59.51,628.59,457.76,116.06,137.86,0.8733,17.0500,76.8900,0.0000,0.0000,0.8746,0,76.8900,450.7457,430.9463,2.7170,436.2730,0.2690,PHASE_2_DRIVING,81.56,-5.29,644.2,352.6,106.32,2000,1976,,
1410,09:30:42.462,ROI,160,160,288,288,7.77,8.78,0.0,0.0,113.94,629.08,452.77,112.25,135.25,0.8997,14.0400,80.6900,0.0000,0.0000,0.8171,0,80.6900,457.8308,430.2855,2.8285,437.4803,0.2612,PHASE_2_DRIVING,81.42,-3.94,644.2,352.6,101.30,2000,1942,,
1411,09:30:42.510,ROI,160,160,288,288,8.43,9.76,0.0,40.1,102.51,629.70,447.00,112.99,129.02,0.9068,18.7100,79.4400,0.0000,0.0000,0.9094,0,79.4400,457.3647,430.3037,2.9732,437.1146,0.2517,PHASE_2_DRIVING,81.27,-4.15,644.2,352.6,95.50,1809,2000,,
1412,09:30:42.574,ROI,160,160,288,288,7.64,8.34,0.0,47.075,119.93,628.57,442.83,105.93,125.86,0.8793,18.9400,76.0000,0.0000,0.0000,0.9107,0,76.0000,456.1851,430.6596,3.0873,436.9046,0.2447,PHASE_2_DRIVING,80.17,-3.27,644.2,352.6,91.58,2000,1989,,
1413,09:30:42.637,ROI,160,160,256,256,8.37,9.23,0.0,0.0,108.39,629.14,438.27,105.71,124.77,0.9202,13.4000,80.0100,0.0000,0.0000,0.8041,0,80.0100,440.0026,430.8086,3.2096,432.9927,0.2376,PHASE_2_DRIVING,80.03,-7.03,644.2,352.6,86.99,1276,2000,,
1414,09:30:42.685,ROI,160,160,256,256,10.14,10.89,0.0,0.0,91.87,630.20,437.06,104.06,129.47,0.9449,10.5800,82.0500,0.0000,0.0000,0.7420,0,82.0500,440.5961,431.4852,3.3400,433.5845,0.2304,PHASE_2_DRIVING,80.59,-7.00,644.2,352.6,85.61,1743,2000,,
1415,09:30:42.749,ROI,160,160,288,288,9.19,10.04,0.0,0.0,99.62,633.02,427.89,106.92,122.27,0.8227,14.5300,78.4600,0.0000,0.0000,0.8451,0,78.4600,440.4276,432.5655,3.5865,434.2797,0.2180,PHASE_2_DRIVING,81.56,-7.28,644.2,352.6,76.12,1691,2000,,
1416,09:30:42.797,ROI,160,160,256,256,8.52,9.42,0.0,0.0,106.10,633.08,428.02,105.28,120.26,0.9684,14.7400,78.1300,0.0000,0.0000,0.8237,0,78.1300,440.2089,433.8238,3.7130,435.1786,0.2122,PHASE_2_DRIVING,81.61,-6.43,644.2,352.6,76.24,1848,1964,,
1417,09:30:42.927,ROI,160,160,256,256,7.82,8.94,3.25,0.0,111.89,632.28,420.54,108.99,127.58,0.8568,15.1600,76.7400,0.0000,0.0000,0.7913,0,76.7400,439.5077,435.3311,3.9401,436.1766,0.2024,PHASE_2_DRIVING,80.05,-3.87,644.2,352.6,68.98,1834,1615,,
1418,09:30:42.990,ROI,160,160,256,256,8.11,8.81,7.125,0.0,113.48,635.81,414.75,105.33,120.34,0.8543,14.9200,79.4300,0.0000,0.0000,0.8153,0,79.4300,439.5577,436.6913,4.1610,437.2467,0.1938,PHASE_2_DRIVING,82.31,-5.06,644.2,352.6,62.72,1414,1722,,
1419,09:30:43.038,ROI,160,160,256,256,8.03,9.02,10.15,0.0,110.89,634.82,414.18,104.43,122.96,0.9607,17.5900,81.8800,0.0000,0.0000,0.8425,0,81.8800,439.9131,438.0376,4.2693,438.3935,0.1898,PHASE_2_DRIVING,81.34,-2.95,644.2,352.6,62.29,1643,1471,,
1420,09:30:43.103,ROI,160,160,256,256,11.09,11.99,0.0,32.65,83.39,635.31,407.39,104.45,120.91,0.8867,15.9200,81.1900,0.0000,0.0000,0.8629,0,81.1900,440.0277,439.3242,4.3869,439.4548,0.1856,PHASE_2_DRIVING,80.79,-1.33,644.2,352.6,55.51,1459,1316,,
1421,09:30:43.150,ROI,160,160,256,256,9.89,10.59,0.0,37.2,94.47,636.02,406.50,104.38,120.66,0.9722,15.6500,79.3200,0.0000,0.0000,0.8283,0,79.3200,439.9799,440.6669,4.4080,440.5398,0.1849,PHASE_2_DRIVING,81.38,-0.84,644.2,352.6,54.52,1379,1347,,
1422,09:30:43.214,ROI,160,160,256,256,9.51,10.46,7.375,0.0,95.58,635.82,402.11,104.82,120.86,0.9261,15.8200,77.1800,0.0000,0.0000,0.8566,0,77.1800,439.6715,441.7935,4.4427,441.4036,0.1837,PHASE_2_DRIVING,80.40,1.01,644.2,352.6,50.22,1360,1150,,
1423,09:30:43.277,ROI,160,160,256,256,7.57,8.26,0.0,47.725,121.08,637.16,399.98,107.70,122.53,0.9401,14.8300,76.3700,0.0000,0.0000,0.8625,0,76.3700,439.2437,442.6789,4.3924,442.0418,0.1854,PHASE_2_DRIVING,81.55,0.49,644.2,352.6,47.90,1179,1216,,
1424,09:30:43.325,ROI,160,160,256,256,8.47,9.31,0.0,41.95,107.38,636.78,396.46,109.55,128.27,0.9293,15.4200,76.2900,0.0000,0.0000,0.8467,0,76.2900,438.6951,443.3500,4.3059,442.4727,0.1885,PHASE_2_DRIVING,80.39,2.08,644.2,352.6,44.48,1206,1018,,
1425,09:30:43.454,ROI,160,160,288,288,9.90,10.83,0.0,0.0,92.31,636.58,391.97,106.33,123.68,0.9042,15.6200,75.8600,0.0000,0.0000,0.8490,0,75.8600,437.9078,443.9319,4.2264,442.7792,0.1913,PHASE_2_DRIVING,79.04,3.74,644.2,352.6,40.10,1106,898,,
1426,09:30:43.503,ROI,160,160,256,256,10.76,11.57,10.175,0.0,86.44,636.58,389.75,108.26,122.06,0.9478,15.6200,76.3400,0.0000,0.0000,0.8492,0,76.3400,437.2694,444.1655,4.0508,442.8001,0.1980,PHASE_2_DRIVING,78.40,4.40,644.2,352.6,37.93,1015,882,,
1427,09:30:43.566,ROI,160,160,256,256,10.58,11.43,0.0,34.2,87.53,636.37,387.91,109.79,125.82,0.9565,14.7300,75.1400,0.0000,0.0000,0.8440,0,75.1400,436.4156,444.1491,3.9011,442.5712,0.2040,PHASE_2_DRIVING,77.49,5.08,644.2,352.6,36.17,975,834,,
1428,09:30:43.629,ROI,160,160,256,256,9.57,10.49,0.0,0.0,95.32,637.58,384.98,108.05,124.96,0.9337,14.1100,75.0300,0.0000,0.0000,0.8241,0,75.0300,435.9922,444.0192,3.7585,442.3323,0.2102,PHASE_2_DRIVING,78.45,3.88,644.2,352.6,33.05,819,834,,
1429,09:30:43.677,ROI,160,160,256,256,7.99,8.81,0.0,0.0,113.54,637.96,385.34,106.08,126.69,0.9686,13.4200,74.8000,0.0000,0.0000,0.7873,0,74.8000,435.4821,443.8154,3.5834,441.9972,0.2182,PHASE_2_DRIVING,79.21,2.79,644.2,352.6,33.33,820,847,,
1430,09:30:43.742,ROI,160,160,256,256,7.64,8.57,0.0,0.0,116.74,638.65,382.47,106.88,126.96,0.9437,14.3800,74.6200,0.0000,0.0000,0.8033,0,74.6200,434.6344,443.6899,3.4093,441.6362,0.2268,PHASE_2_DRIVING,79.47,2.17,644.2,352.6,30.38,757,762,,
1431,09:30:43.806,ROI,160,160,256,256,8.03,8.89,0.0,43.925,112.43,639.71,380.35,104.19,123.62,0.9425,13.4400,73.8900,0.0000,0.0000,0.7927,0,73.8900,434.1070,443.5393,3.2385,441.3139,0.2359,PHASE_2_DRIVING,80.81,0.50,644.2,352.6,28.11,660,746,,
1432,09:30:43.855,ROI,160,160,256,256,8.36,9.27,9.65,42.3,107.91,640.70,378.86,101.42,126.93,0.9487,14.2300,74.6900,0.0000,0.0000,0.8086,0,74.6900,434.0774,443.3906,3.0009,441.0628,0.2499,PHASE_2_DRIVING,82.40,-1.34,644.2,352.6,26.50,605,720,,
1433,09:30:43.981,ROI,160,160,256,256,7.93,8.68,0.0,0.0,115.17,642.93,374.58,101.68,126.38,0.8956,12.5400,73.6000,0.0000,0.0000,0.7805,0,73.6000,433.5550,443.0265,2.9069,440.6022,0.2560,PHASE_2_DRIVING,86.69,-6.09,644.2,352.6,22.01,412,688,,
1434,09:30:44.029,ROI,160,160,256,256,8.52,9.40,0.0,0.0,106.39,644.45,371.97,99.49,124.98,0.9312,16.7000,75.0800,0.0000,0.0000,0.8604,0,75.0800,433.3840,442.3410,2.7499,439.9524,0.2667,PHASE_2_DRIVING,90.73,-10.78,644.2,352.6,19.37,341,627,,
1435,09:30:44.094,ROI,160,160,256,256,7.69,8.42,7.1,0.0,118.81,642.46,372.10,105.74,128.00,0.9186,17.1600,74.9000,0.0000,0.0000,0.8681,0,74.9000,433.0753,441.7430,2.6090,439.3413,0.2771,PHASE_2_DRIVING,84.91,-5.57,644.2,352.6,19.58,564,415,,
1436,09:30:44.159,ROI,160,160,256,256,7.90,8.72,6.9,0.0,114.67,642.94,371.46,101.66,128.93,0.9521,15.1800,74.0100,0.0000,0.0000,0.8176,0,74.0100,432.9156,440.8607,2.5038,438.5932,0.2854,PHASE_2_DRIVING,86.19,-7.60,644.2,352.6,18.90,398,547,,
1437,09:30:44.207,ROI,160,160,288,288,8.13,8.85,9.875,0.0,113.01,644.52,369.34,98.12,126.34,0.9339,17.6800,74.9600,0.0000,0.0000,0.8911,0,74.9600,433.3177,439.7278,2.3588,437.8193,0.2977,PHASE_2_DRIVING,91.09,-13.28,644.2,352.6,16.75,268,569,,
1438,09:30:44.269,ROI,160,160,256,256,8.59,9.74,7.275,0.0,102.69,642.37,368.42,106.22,126.61,0.9108,17.2300,75.2100,0.0000,0.0000,0.8795,0,75.2100,433.8156,438.6922,2.2586,437.1957,0.3069,PHASE_2_DRIVING,83.40,-6.20,644.2,352.6,15.93,486,310,,
1439,09:30:44.333,ROI,160,160,256,256,9.62,10.49,7.2,0.0,95.35,645.41,369.02,97.71,128.85,0.9051,16.2200,74.5800,0.0000,0.0000,0.8590,0,74.5800,434.0818,437.3564,2.1009,436.3004,0.3225,PHASE_2_DRIVING,94.21,-17.91,644.2,352.6,16.47,145,678,,
1440,09:30:44.445,ROI,160,160,288,288,7.91,8.82,3.85,0.0,113.41,644.41,367.43,100.10,127.19,0.9526,18.9900,76.2500,0.0000,0.0000,0.9076,0,76.2500,434.5351,435.9724,1.9692,435.4883,0.3368,PHASE_2_DRIVING,90.80,-15.31,644.2,352.6,14.84,353,389,,
1441,09:30:44.511,ROI,160,160,256,256,7.63,8.39,0.0,0.0,119.23,644.74,366.10,103.78,129.46,0.9448,14.9300,76.6100,0.0000,0.0000,0.8364,0,76.6100,434.9884,434.3771,1.8366,434.5926,0.3525,PHASE_2_DRIVING,92.27,-17.68,644.2,352.6,13.51,246,430,,
1442,09:30:44.558,ROI,160,160,288,288,7.74,8.79,0.0,44.45,113.80,645.40,365.62,98.87,125.32,0.9223,18.5200,77.9100,0.0000,0.0000,0.8617,0,77.9100,435.6947,432.6855,1.7089,433.7964,0.3692,PHASE_2_DRIVING,95.28,-21.49,644.2,352.6,13.08,207,447,,
1443,09:30:44.623,ROI,160,160,256,256,7.87,8.54,6.925,0.0,117.15,643.85,364.28,106.91,131.20,0.8833,14.6700,76.3600,0.0000,0.0000,0.8191,0,76.3600,436.0076,431.3582,1.6102,433.1395,0.3831,PHASE_2_DRIVING,88.27,-15.13,644.2,352.6,11.69,322,262,,
1444,09:30:44.686,ROI,160,160,288,288,12.34,13.14,0.0,0.0,76.12,644.98,362.96,105.95,127.35,0.9504,13.4300,77.9600,0.0000,0.0000,0.7445,0,77.9600,436.6925,430.3350,1.5222,432.8556,0.3965,PHASE_2_DRIVING,94.31,-21.45,644.2,352.6,10.39,138,381,,
1445,09:30:44.733,ROI,160,160,256,256,14.48,15.24,0.0,0.0,65.60,644.03,361.54,104.19,128.58,0.9608,13.5300,78.6200,0.0000,0.0000,0.7946,0,78.6200,437.3508,429.9697,1.4284,433.0092,0.4118,PHASE_3_FINAL_ALIGNING,39.40,33.61,644.2,352.6,8.94,672,-672,,
1446,09:30:44.862,ROI,160,160,288,288,8.36,9.41,0.0,0.0,106.23,646.07,360.32,101.11,128.68,0.9434,15.0600,80.6900,0.0000,0.0000,0.7667,0,80.6900,438.3594,429.9567,1.3718,433.4995,0.4216,PHASE_3_FINAL_ALIGNING,39.40,34.10,644.2,352.6,7.94,682,-682,,
1447,09:30:44.909,ROI,160,160,288,288,8.93,9.80,0.0,0.0,102.00,644.79,361.67,96.28,126.16,0.9322,11.7400,85.1000,0.0000,0.0000,0.6910,0,85.1000,440.1458,430.3884,1.2283,434.7673,0.4488,PHASE_3_FINAL_ALIGNING,39.40,35.37,644.2,352.6,9.09,707,-707,,
1448,09:30:44.974,ROI,160,160,256,256,10.26,11.10,7.125,35.2,90.09,644.43,359.85,100.98,125.90,0.9269,13.0500,79.6700,0.0000,0.0000,0.7726,0,79.6700,440.6202,431.5293,1.1230,435.8113,0.4710,PHASE_3_FINAL_ALIGNING,39.40,36.41,644.2,352.6,7.25,728,-728,,
1449,09:30:45.038,ROI,160,160,256,256,7.90,8.58,7.25,0.0,116.52,643.30,358.54,101.33,125.34,0.9578,13.3800,83.9000,0.0000,0.0000,0.8074,0,83.9000,441.7906,433.5918,1.0370,437.6166,0.4909,PHASE_3_FINAL_ALIGNING,39.40,38.22,644.2,352.6,6.00,764,-764,,
1450,09:30:45.086,ROI,160,160,256,256,10.57,11.31,0.0,0.0,88.42,641.30,358.69,106.48,133.06,0.8965,10.6200,83.7800,0.0000,0.0000,0.7361,0,83.7800,442.8497,436.8811,0.9376,439.9615,0.5161,PHASE_3_FINAL_ALIGNING,39.40,40.56,644.2,352.6,6.74,811,-811,,
1451,09:30:45.150,ROI,160,160,288,288,10.21,10.95,0.0,35.825,91.29,645.16,359.15,103.03,128.99,0.9012,15.2400,81.2200,0.0000,0.0000,0.8412,0,81.2200,443.1043,439.9295,0.8811,441.6172,0.5316,PHASE_3_FINAL_ALIGNING,39.40,42.22,644.2,352.6,6.62,844,-844,,
1452,09:30:45.213,ROI,160,160,288,288,9.27,10.35,0.0,0.0,96.58,644.86,357.56,97.11,129.91,0.9204,15.3700,82.6900,0.0000,0.0000,0.8034,0,82.6900,443.6905,442.4116,0.8725,443.0945,0.5340,PHASE_3_FINAL_ALIGNING,39.40,43.69,644.2,352.6,5.00,874,-874,,
1453,09:30:45.262,ROI,160,160,288,288,8.25,9.40,0.0,0.0,106.41,645.48,356.12,98.19,128.07,0.9658,16.6600,81.6600,0.0000,0.0000,0.8170,0,81.6600,443.9123,444.8702,0.8557,444.3540,0.5389,PHASE_3_FINAL_ALIGNING,39.40,44.95,644.2,352.6,3.74,899,-899,,
1454,09:30:45.389,ROI,160,160,288,288,9.46,10.51,0.0,0.0,95.17,646.71,356.02,97.67,125.28,0.9541,14.8600,81.5700,0.0000,0.0000,0.7987,0,81.5700,443.8983,446.8027,0.8215,445.2082,0.5490,PHASE_3_FINAL_ALIGNING,39.40,45.81,644.2,352.6,4.24,916,-916,,
1455,09:30:45.438,ROI,160,160,256,256,8.10,9.25,0.0,0.0,108.06,644.61,355.15,103.14,123.74,0.9345,16.1300,78.9800,0.0000,0.0000,0.8681,0,78.9800,443.3271,448.3874,0.8114,445.5938,0.5521,PHASE_3_FINAL_ALIGNING,39.40,46.19,644.2,352.6,2.58,924,-924,,
1456,09:30:45.502,ROI,160,160,256,256,10.74,11.65,7.125,33.7,85.82,646.53,352.84,102.11,127.55,0.9292,14.7000,76.2400,0.0000,0.0000,0.8503,0,76.2400,442.1523,449.8942,0.8301,445.6639,0.5464,PHASE_3_FINAL_ALIGNING,39.40,46.26,644.2,352.6,2.34,925,-925,,
1457,09:30:45.565,ROI,160,160,256,256,9.27,10.26,0.0,0.0,97.49,645.55,354.67,101.57,124.75,0.9531,14.9300,73.8700,0.0000,0.0000,0.8110,0,73.8700,440.4043,450.5376,0.7749,444.8285,0.5634,PHASE_3_FINAL_ALIGNING,39.40,45.43,644.2,352.6,2.47,909,-909,,
1458,09:30:45.615,ROI,160,160,256,256,9.57,10.29,0.0,0.0,97.18,645.56,353.50,104.11,129.52,0.9397,16.6500,72.4400,0.0000,0.0000,0.8704,0,72.4400,438.5617,450.7309,0.7407,443.7399,0.5745,PHASE_3_FINAL_ALIGNING,39.40,44.34,644.2,352.6,1.63,887,-887,,
1459,09:30:45.677,ROI,160,160,288,288,7.64,8.47,0.0,0.0,118.05,646.15,353.09,101.16,131.81,0.9552,17.4700,70.6200,0.0000,0.0000,0.8715,0,70.6200,436.4534,450.1558,0.7129,442.1560,0.5838,PHASE_3_FINAL_ALIGNING,39.40,42.76,644.2,352.6,2.01,855,-855,,
1460,09:30:45.742,ROI,160,160,288,288,7.71,8.75,0.0,0.0,114.30,646.29,353.29,103.57,131.80,0.9738,18.3600,66.5900,0.0000,0.0000,0.8588,0,66.5900,433.7698,448.5299,0.6674,439.6778,0.5997,PHASE_3_FINAL_ALIGNING,39.40,40.28,644.2,352.6,2.20,806,-806,,
1461,09:30:45.791,ROI,160,160,288,288,7.76,8.49,0.0,0.0,117.79,645.14,353.47,107.37,130.68,0.9567,17.9900,63.6900,0.0000,0.0000,0.8404,0,63.6900,430.5189,446.9796,0.6113,436.7641,0.6206,PHASE_3_FINAL_ALIGNING,39.40,37.36,644.2,352.6,1.28,747,-747,,
1462,09:30:45.917,ROI,160,160,288,288,11.99,12.99,0.0,0.0,76.99,646.26,351.43,111.20,128.25,0.9365,17.0900,60.2900,0.0000,0.0000,0.8554,0,60.2900,426.9723,444.8960,0.6012,433.7017,0.6246,PHASE_3_FINAL_ALIGNING,39.40,34.30,644.2,352.6,2.37,686,-686,,
1463,09:30:45.964,ROI,160,160,288,288,12.99,14.13,11.45,0.0,70.75,645.42,353.23,112.73,126.86,0.9581,17.8800,58.7600,0.0000,0.0000,0.8713,0,58.7600,423.4958,443.0821,0.5571,430.5038,0.6422,PHASE_3_FINAL_ALIGNING,39.40,31.10,644.2,352.6,1.38,622,-622,,
1464,09:30:46.029,ROI,160,160,256,256,12.03,13.35,0.0,0.0,74.88,646.58,353.37,114.42,120.18,0.9290,15.3700,55.8400,0.0000,0.0000,0.8560,0,55.8400,420.0001,440.2192,0.5307,427.0104,0.6533,PHASE_3_FINAL_ALIGNING,39.40,27.61,644.2,352.6,2.50,552,-552,,
1465,09:30:46.093,ROI,160,160,256,256,7.71,8.88,0.0,0.0,112.64,646.18,352.57,114.50,118.96,0.9797,16.3000,55.0000,0.0000,0.0000,0.8673,0,55.0000,417.2584,436.8950,0.4721,423.5558,0.6793,PHASE_3_FINAL_ALIGNING,39.40,24.16,644.2,352.6,1.98,483,-483,,
1466,09:30:46.142,ROI,160,160,256,256,7.70,8.44,0.0,0.0,118.55,646.59,350.14,118.06,116.24,0.9315,16.7600,52.2100,0.0000,0.0000,0.8824,0,52.2100,413.8704,433.7954,0.4696,420.2372,0.6805,PHASE_3_FINAL_ALIGNING,39.40,20.84,644.2,352.6,3.43,417,-417,,
1467,09:30:46.205,ROI,160,160,256,256,7.73,8.67,0.0,0.0,115.39,645.76,349.74,120.32,116.11,0.9746,16.6000,51.9700,0.0000,0.0000,0.8794,0,51.9700,411.3850,432.2110,0.4662,418.0069,0.6820,PHASE_3_FINAL_ALIGNING,39.40,18.61,644.2,352.6,3.25,372,-372,,
1468,09:30:46.269,ROI,160,160,256,256,10.09,11.16,0.0,0.0,89.58,646.31,349.32,126.11,118.90,0.9317,17.3900,48.9100,0.0000,0.0000,0.9128,0,48.9100,408.8201,433.1865,0.4467,416.3434,0.6912,PHASE_3_FINAL_ALIGNING,39.40,16.94,644.2,352.6,3.90,339,-339,,
1469,09:30:46.318,ROI,160,160,256,256,11.05,11.84,0.0,0.0,84.43,647.14,348.38,127.42,120.06,0.9717,18.9500,49.5200,0.0000,0.0000,0.9170,0,49.5200,406.7074,433.9506,0.4307,414.9082,0.6990,PHASE_3_FINAL_ALIGNING,39.40,15.51,644.2,352.6,5.14,310,-310,,
1470,09:30:46.445,ROI,160,160,256,256,7.62,8.73,0.0,0.0,114.55,646.42,347.68,128.06,114.10,0.9401,18.7100,45.6600,0.0000,0.0000,0.9157,0,45.6600,404.5242,435.0737,0.4325,413.7482,0.6981,PHASE_3_FINAL_ALIGNING,39.40,14.35,644.2,352.6,5.40,287,-287,,
1471,09:30:46.494,ROI,160,160,288,288,7.99,8.94,0.0,0.0,111.87,646.79,345.49,128.83,120.80,0.9389,12.0400,47.4100,0.0000,0.0000,0.8045,0,47.4100,403.2343,436.4362,0.4825,414.0403,0.6745,PHASE_3_FINAL_ALIGNING,39.40,14.64,644.2,352.6,7.57,293,-293,,
1472,09:30:46.558,ROI,160,160,288,288,7.66,8.38,0.0,46.875,119.35,646.54,345.00,128.25,121.05,0.9875,13.7000,49.6900,0.0000,0.0000,0.8377,0,49.6900,403.0019,437.4232,0.5233,414.8261,0.6565,PHASE_3_FINAL_ALIGNING,39.40,15.43,644.2,352.6,7.95,309,-309,,
1473,09:30:46.623,ROI,160,160,288,288,7.69,8.73,0.0,0.0,114.51,646.49,343.29,129.62,120.82,0.9620,13.8500,47.9300,0.0000,0.0000,0.8414,0,47.9300,402.6809,439.1147,0.5832,416.1014,0.6316,PHASE_3_FINAL_ALIGNING,39.40,16.70,644.2,352.6,9.59,334,-334,,
1474,09:30:46.671,ROI,160,160,288,288,9.58,10.53,0.0,0.0,95.01,647.03,345.07,135.41,120.92,0.9300,18.1300,44.4000,0.0000,0.0000,0.9194,0,44.4000,401.8776,440.6129,0.6375,416.9573,0.6107,PHASE_3_FINAL_ALIGNING,39.40,17.56,644.2,352.6,8.04,351,-351,,
1475,09:30:46.734,ROI,160,160,288,288,13.29,14.02,0.0,0.0,71.32,646.12,343.81,131.11,113.87,0.9117,18.2500,43.1400,0.0000,0.0000,0.9043,0,43.1400,401.1117,442.2632,0.6584,417.4497,0.6030,PHASE_3_FINAL_ALIGNING,39.40,18.05,644.2,352.6,8.99,361,-361,,
1476,09:30:46.862,ROI,160,160,288,288,8.46,9.42,0.0,0.0,106.15,647.03,345.43,132.88,120.64,0.9310,16.3400,44.9300,0.0000,0.0000,0.8850,0,44.9300,401.0924,443.8411,0.6531,417.9816,0.6049,PHASE_3_FINAL_ALIGNING,39.40,18.58,644.2,352.6,7.71,372,-372,,
1477,09:30:46.910,ROI,160,160,288,288,7.82,10.53,0.0,0.0,94.95,648.03,343.18,136.76,114.70,0.9250,17.5300,40.4500,0.0000,0.0000,0.9030,0,40.4500,400.4365,444.8005,0.6812,418.4125,0.5948,PHASE_3_FINAL_ALIGNING,39.40,19.01,644.2,352.6,10.17,380,-380,,
1478,09:30:46.975,ROI,160,160,288,288,8.32,9.00,7.3,0.0,111.11,647.06,344.57,132.88,111.94,0.9481,19.4200,39.4000,0.0000,0.0000,0.8923,0,39.4000,399.6473,445.1956,0.6593,417.7461,0.6026,PHASE_3_FINAL_ALIGNING,39.40,18.35,644.2,352.6,8.53,367,-367,,
1479,09:30:47.038,ROI,160,160,288,288,8.14,9.15,0.0,42.675,109.25,647.43,344.47,136.55,110.70,0.9626,19.0200,37.8200,0.0000,0.0000,0.8736,0,37.8200,398.6895,445.7181,0.6156,416.6082,0.6190,PHASE_3_FINAL_ALIGNING,39.40,17.21,644.2,352.6,8.75,344,-344,,
1480,09:30:47.085,ROI,160,160,288,288,10.84,11.65,0.0,0.0,85.83,647.59,344.47,137.07,110.09,0.9907,18.8700,38.0700,0.0000,0.0000,0.8609,0,38.0700,397.8589,445.7173,0.5956,415.7238,0.6267,PHASE_3_FINAL_ALIGNING,39.40,16.32,644.2,352.6,8.81,326,-326,,
1481,09:30:47.150,ROI,160,160,288,288,13.24,14.15,7.375,0.0,70.65,648.69,345.30,139.34,106.67,0.9536,18.3800,33.3200,0.0000,0.0000,0.8808,0,33.3200,396.2759,445.2201,0.5129,412.8694,0.6610,PHASE_3_FINAL_ALIGNING,39.40,13.47,644.2,352.6,8.57,269,-269,,
1482,09:30:47.197,ROI,160,160,288,288,41.20,42.20,0.0,9.25,23.70,647.08,344.71,138.19,105.61,0.9664,16.7800,30.7900,0.0000,0.0000,0.9068,0,30.7900,394.2970,443.6985,0.4201,408.9117,0.7042,PHASE_3_FINAL_ALIGNING,39.40,9.51,644.2,352.6,8.40,190,-190,,
1483,09:30:47.327,ROI,160,160,288,288,14.66,15.68,4.45,0.0,63.76,648.10,345.98,141.23,103.95,0.9555,18.1400,29.3600,0.0000,0.0000,0.8976,0,29.3600,392.3715,440.4822,0.3079,403.6961,0.7646,PHASE_3_FINAL_ALIGNING,39.40,4.30,644.2,352.6,7.68,86,-86,,
1484,09:30:47.389,ROI,160,160,288,288,7.64,8.55,0.0,0.0,116.95,647.73,345.95,139.59,104.02,0.9877,16.3600,30.3000,0.0000,0.0000,0.8896,0,30.3000,390.7782,435.5265,0.2321,399.2065,0.8116,PHASE_3_FINAL_ALIGNING,39.40,-0.19,644.2,352.6,7.53,-4,4,,
1485,09:30:47.438,ROI,160,160,288,288,9.35,10.35,9.575,0.0,96.65,646.57,346.19,139.41,103.43,0.9779,15.4700,30.8300,0.0000,0.0000,0.8555,0,30.8300,389.6511,430.2599,0.1372,394.5512,0.8793,PHASE_3_FINAL_ALIGNING,39.40,-4.85,644.2,352.6,6.84,-97,97,,
1486,09:30:47.501,ROI,160,160,288,288,12.70,13.44,7.4,0.0,74.41,646.29,346.20,141.98,106.99,0.9492,17.3400,28.8100,0.0000,0.0000,0.8701,0,28.8100,388.1415,421.0543,0.0510,389.7378,0.9515,PHASE_3_FINAL_ALIGNING,39.40,-9.66,644.2,352.6,6.73,-193,193,,
1487,09:30:47.566,ROI,160,160,288,288,9.14,10.04,7.55,0.0,99.56,646.41,346.27,141.53,106.34,0.9908,16.7400,28.7000,0.0000,0.0000,0.8689,0,28.7000,387.0297,393.9901,0.0594,387.4197,0.9440,PHASE_3_FINAL_ALIGNING,39.40,-11.98,644.2,352.6,6.71,-240,240,,
1488,09:30:47.613,ROI,160,160,288,288,8.80,9.58,0.0,0.0,104.43,645.87,347.42,141.16,104.36,0.9710,16.6300,27.0700,0.0000,0.0000,0.8747,0,27.0700,385.5207,399.7159,0.1393,387.2568,0.8777,PHASE_3_FINAL_ALIGNING,39.40,-12.14,644.2,352.6,5.44,-243,243,,
1489,09:30:47.678,ROI,160,160,288,288,7.57,8.55,0.0,0.0,116.93,645.99,347.09,139.54,104.87,0.9823,16.4300,27.2400,0.0000,0.0000,0.8594,0,27.2400,384.5671,403.9213,0.1817,387.5432,0.8462,PHASE_3_FINAL_ALIGNING,39.40,-11.86,644.2,352.6,5.79,-237,237,,
1490,09:30:47.741,ROI,160,160,288,288,7.74,8.46,0.0,46.45,118.27,645.72,347.16,139.21,104.36,0.9913,16.3600,26.6900,0.0000,0.0000,0.8538,0,26.6900,384.1081,406.5112,0.2165,388.0959,0.8220,PHASE_3_FINAL_ALIGNING,39.40,-11.30,644.2,352.6,5.65,-226,226,,
1491,09:30:47.789,ROI,160,160,288,288,9.22,10.22,9.9,0.0,97.80,645.65,347.25,138.67,104.58,0.9941,16.4000,26.9700,0.0000,0.0000,0.8549,0,26.9700,383.9143,407.8064,0.2204,388.2289,0.8194,PHASE_3_FINAL_ALIGNING,39.40,-11.17,644.2,352.6,5.54,-223,223,,
1492,09:30:47.918,ROI,160,160,288,288,7.98,8.79,0.0,0.0,113.73,645.63,347.13,138.94,104.85,0.9955,16.1300,27.1500,0.0000,0.0000,0.8524,0,27.1500,383.7329,408.7254,0.2444,388.6414,0.8036,PHASE_3_FINAL_ALIGNING,39.40,-10.76,644.2,352.6,5.66,-215,215,,
1493,09:30:47.965,ROI,160,160,288,288,9.36,10.30,0.0,0.0,97.12,645.68,346.64,138.15,105.28,0.9852,15.6000,28.0500,0.0000,0.0000,0.8479,0,28.0500,383.8984,408.2621,0.2448,388.6899,0.8033,PHASE_3_FINAL_ALIGNING,39.40,-10.71,644.2,352.6,6.14,-214,214,,
1494,09:30:48.029,ROI,160,160,288,288,8.98,9.76,0.0,0.0,102.49,647.36,345.10,139.59,107.84,0.9486,16.4400,27.0300,0.0000,0.0000,0.8271,0,27.0300,384.3187,408.2646,0.2192,388.6235,0.8202,PHASE_3_FINAL_ALIGNING,39.40,-10.78,644.2,352.6,8.14,-216,216,,
1495,09:30:48.078,ROI,160,160,288,288,9.16,10.19,10.1,0.0,98.15,647.02,346.33,141.14,102.35,0.9392,14.4800,29.1800,0.0000,0.0000,0.8236,0,29.1800,384.9953,408.3036,0.1684,388.3545,0.8559,PHASE_3_FINAL_ALIGNING,39.40,-11.05,644.2,352.6,6.87,-221,221,,
1496,09:30:48.143,ROI,160,160,288,288,8.08,9.22,0.0,0.0,108.41,647.50,346.99,141.39,103.10,0.9805,16.5000,27.5700,0.0000,0.0000,0.8613,0,27.5700,385.4234,409.4014,0.1483,388.5201,0.8709,PHASE_3_FINAL_ALIGNING,39.40,-10.88,644.2,352.6,6.51,-218,218,,
1497,09:30:48.207,ROI,160,160,288,288,9.36,10.62,7.2,0.0,94.14,647.27,346.85,141.03,103.73,0.9907,16.9600,28.1700,0.0000,0.0000,0.8740,0,28.1700,386.0063,411.5267,0.1195,388.7314,0.8932,PHASE_3_FINAL_ALIGNING,39.40,-10.67,644.2,352.6,6.52,-213,213,,
1498,09:30:48.269,ROI,160,160,288,288,8.60,9.40,7.475,0.0,106.41,647.85,345.60,142.43,106.27,0.9665,17.8700,29.3200,0.0000,0.0000,0.8891,0,29.3200,387.0217,414.6212,0.0612,388.6135,0.9423,PHASE_3_FINAL_ALIGNING,39.40,-10.79,644.2,352.6,7.89,-216,216,,
1499,09:30:48.319,ROI,160,160,288,288,9.95,10.79,0.0,36.2,92.69,647.63,343.97,141.39,107.50,0.9630,15.4500,31.1400,0.0000,0.0000,0.8504,0,31.1400,388.0353,409.8976,0.0233,388.5330,0.9772,PHASE_3_FINAL_ALIGNING,39.40,-10.87,644.2,352.6,9.28,-217,217,,
1500,09:30:48.446,ROI,160,160,288,288,12.53,13.41,0.0,29.175,74.57,647.70,345.97,139.37,106.81,0.9499,18.2800,32.2100,0.0000,0.0000,0.9074,0,32.2100,389.0251,410.5495,0.0634,390.3079,0.9404,PHASE_3_FINAL_ALIGNING,39.40,-9.09,644.2,352.6,7.50,-182,182,,
1501,09:30:48.495,ROI,160,160,288,288,7.75,8.61,0.0,0.0,116.19,647.72,344.77,138.87,106.49,0.9742,16.8100,32.8000,0.0000,0.0000,0.8792,0,32.8000,389.9518,410.5450,0.1180,392.1260,0.8944,PHASE_3_FINAL_ALIGNING,39.40,-7.27,644.2,352.6,8.59,-145,145,,
1502,09:30:48.558,ROI,160,160,288,288,7.82,8.65,0.0,45.175,115.67,648.19,346.03,139.46,105.25,0.9699,19.0300,31.6200,0.0000,0.0000,0.9038,0,31.6200,390.6811,408.5166,0.1594,393.1327,0.8625,PHASE_3_FINAL_ALIGNING,39.40,-6.27,644.2,352.6,7.68,-125,125,,
1503,09:30:48.622,ROI,160,160,288,288,9.18,10.25,7.025,0.0,97.61,647.14,345.12,136.78,107.75,0.9584,19.0400,33.3700,0.0000,0.0000,0.9124,0,33.3700,391.8043,407.6192,0.1743,394.1515,0.8516,PHASE_3_FINAL_ALIGNING,39.40,-5.25,644.2,352.6,8.04,-105,105,,
1504,09:30:48.671,ROI,160,160,288,288,7.96,9.05,0.0,0.0,110.55,647.32,344.82,137.59,106.87,0.9860,18.1000,34.6300,0.0000,0.0000,0.8794,0,34.6300,392.9164,405.4544,0.1902,394.9204,0.8402,PHASE_3_FINAL_ALIGNING,39.40,-4.48,644.2,352.6,8.38,-90,90,,
1505,09:30:48.734,ROI,160,160,288,288,10.93,11.66,7.175,0.0,85.73,647.59,345.06,136.80,108.23,0.9817,18.5500,36.0300,0.0000,0.0000,0.8637,0,36.0300,394.2008,393.4677,0.2048,394.0762,0.8300,PHASE_3_FINAL_ALIGNING,39.40,-5.32,644.2,352.6,8.27,-106,106,,
1506,09:30:48.846,ROI,160,160,288,288,8.55,9.40,3.925,0.0,106.34,647.04,343.90,136.01,111.42,0.9637,19.3600,39.3900,0.0000,0.0000,0.8840,0,39.3900,395.8631,397.2480,0.2020,396.0958,0.8320,PHASE_3_FINAL_ALIGNING,39.40,-3.30,644.2,352.6,9.15,-66,66,,
1507,09:30:48.910,ROI,160,160,288,288,7.74,8.48,0.0,0.0,117.92,647.59,344.35,133.79,114.28,0.9595,18.5800,40.2600,0.0000,0.0000,0.8759,0,40.2600,397.5063,401.3854,0.1992,398.1506,0.8339,PHASE_3_FINAL_ALIGNING,39.40,-1.25,644.2,352.6,8.92,-25,25,,
1508,09:30:48.958,ROI,160,160,288,288,9.20,10.30,0.0,0.0,97.04,647.68,345.01,136.35,110.43,0.9488,19.7400,37.5100,0.0000,0.0000,0.8885,0,37.5100,398.2970,405.5074,0.1773,399.3827,0.8494,PHASE_3_FINAL_ALIGNING,39.40,-0.02,644.2,352.6,8.35,0,0,,
1509,09:30:49.022,ROI,160,160,288,288,9.56,10.66,7.225,0.0,93.82,647.20,343.78,136.71,113.02,0.9702,19.0300,39.9300,0.0000,0.0000,0.8936,0,39.9300,399.4244,410.8119,0.1635,401.0243,0.8595,PHASE_3_FINAL_ALIGNING,39.40,1.62,644.2,352.6,9.32,33,-33,,
1510,09:30:49.086,ROI,160,160,288,288,9.78,10.54,0.0,37.2,94.89,647.20,343.97,133.04,114.08,0.9643,18.2400,40.7100,0.0000,0.0000,0.8776,0,40.7100,400.5040,418.0743,0.1458,402.7400,0.8727,PHASE_3_FINAL_ALIGNING,39.40,3.34,644.2,352.6,9.13,67,-67,,
1511,09:30:49.149,ROI,160,160,288,288,9.91,10.78,7.35,36.25,92.79,647.43,343.86,132.52,113.89,0.9942,17.9400,41.0300,0.0000,0.0000,0.8762,0,41.0300,401.5113,426.6208,0.1399,404.5932,0.8773,PHASE_3_FINAL_ALIGNING,39.40,5.19,644.2,352.6,9.31,104,-104,,
1512,09:30:49.197,ROI,160,160,288,288,8.83,9.61,0.0,0.0,104.05,647.49,343.76,132.79,113.65,0.9959,18.1900,40.2500,0.0000,0.0000,0.8809,0,40.2500,402.0178,434.5293,0.1629,406.5721,0.8599,PHASE_3_FINAL_ALIGNING,39.40,7.17,644.2,352.6,9.43,143,-143,,
1513,09:30:49.326,ROI,160,160,288,288,8.87,9.76,0.0,0.0,102.45,647.50,344.13,133.24,113.40,0.9900,19.0500,39.5500,0.0000,0.0000,0.8909,0,39.5500,402.3881,442.2743,0.1529,407.6776,0.8674,PHASE_3_FINAL_ALIGNING,39.40,8.28,644.2,352.6,9.09,166,-166,,
1514,09:30:49.373,ROI,160,160,288,288,7.65,8.38,10.525,0.0,119.26,647.97,344.97,137.21,111.44,0.9547,19.2700,38.5700,0.0000,0.0000,0.8988,0,38.5700,402.1969,449.1568,0.1096,406.8349,0.9012,PHASE_3_FINAL_ALIGNING,39.40,7.43,644.2,352.6,8.51,149,-149,,
1515,09:30:49.438,ROI,160,160,288,288,8.43,9.27,0.0,0.0,107.84,647.92,344.99,136.96,111.49,0.9977,19.2700,38.7900,0.0000,0.0000,0.9002,0,38.7900,401.9244,455.8204,0.0651,405.2209,0.9388,PHASE_3_FINAL_ALIGNING,39.40,5.82,644.2,352.6,8.47,116,-116,,
1516,09:30:49.503,ROI,160,160,288,288,10.79,11.63,14.05,33.7,85.96,647.97,344.81,136.98,111.67,0.9960,19.2000,38.9200,0.0000,0.0000,0.8998,0,38.9200,401.6201,459.2865,0.0448,404.0948,0.9571,PHASE_3_FINAL_ALIGNING,39.40,4.69,644.2,352.6,8.66,94,-94,,
1517,09:30:49.549,ROI,160,160,288,288,10.09,10.92,0.0,0.0,91.60,648.03,344.76,136.91,111.69,0.9982,19.2700,38.8500,0.0000,0.0000,0.9013,0,38.8500,401.3351,456.6348,0.0572,404.3274,0.9459,PHASE_3_FINAL_ALIGNING,39.40,4.93,644.2,352.6,8.73,99,-99,,
1518,09:30:49.613,ROI,160,160,288,288,11.32,12.32,0.0,0.0,81.16,647.62,345.04,135.16,111.49,0.9822,20.0500,37.0100,0.0000,0.0000,0.9046,0,37.0100,400.6573,450.7972,0.0298,402.1066,0.9711,PHASE_3_FINAL_ALIGNING,39.40,2.71,644.2,352.6,8.29,54,-54,,
1519,09:30:49.678,ROI,160,160,288,288,8.25,9.18,0.0,0.0,108.92,647.13,343.90,137.48,112.27,0.9634,18.0800,38.7100,0.0000,0.0000,0.8999,0,38.7100,400.3087,448.1527,0.0351,401.9331,0.9660,PHASE_3_FINAL_ALIGNING,39.40,2.53,644.2,352.6,9.18,51,-51,,
1520,09:30:49.726,ROI,160,160,288,288,7.68,8.54,0.0,0.0,117.07,647.36,344.10,134.46,112.75,0.9739,19.1300,38.8000,0.0000,0.0000,0.8954,0,38.8000,399.7437,436.1633,0.0256,400.6539,0.9750,PHASE_3_FINAL_ALIGNING,39.40,1.25,644.2,352.6,9.07,25,-25,,
1521,09:30:49.838,ROI,160,160,288,288,7.70,8.54,3.775,45.725,117.08,647.34,344.77,136.71,110.07,0.9605,19.4800,37.0700,0.0000,0.0000,0.8804,0,37.0700,398.8931,413.6697,0.0139,399.0960,0.9863,PHASE_3_FINAL_ALIGNING,39.40,-0.30,644.2,352.6,8.43,-6,6,,
1522,09:30:49.902,ROI,160,160,288,288,8.67,9.55,0.0,0.0,104.77,647.59,344.83,136.87,108.81,0.9849,19.2300,36.4400,0.0000,0.0000,0.8824,0,36.4400,397.9887,422.2255,0.0227,398.5263,0.9778,PHASE_3_FINAL_ALIGNING,39.40,-0.87,644.2,352.6,8.48,-17,17,,
1523,09:30:49.966,ROI,160,160,288,288,9.10,9.97,14.425,0.0,100.26,647.77,344.88,136.67,109.03,0.9954,19.1500,36.4900,0.0000,0.0000,0.8766,0,36.4900,397.2182,428.7992,0.0430,398.5199,0.9588,PHASE_3_FINAL_ALIGNING,39.40,-0.88,644.2,352.6,8.51,-18,18,,
1524,09:30:50.014,ROI,160,160,288,288,9.82,10.52,0.0,0.0,95.09,647.58,345.10,136.15,108.41,0.9906,18.6700,36.5100,0.0000,0.0000,0.8656,0,36.5100,396.8172,432.3404,0.0418,398.2436,0.9598,PHASE_4_FWD_BWD,39.40,-1.16,644.2,352.6,8.23,0,0,,
1525,09:30:50.078,ROI,160,160,288,288,7.78,8.99,0.0,0.0,111.28,647.32,344.71,136.62,108.20,0.9893,18.8500,36.3300,0.0000,0.0000,0.8702,0,36.3300,396.5265,434.2690,0.0422,398.0560,0.9595,PHASE_4_FWD_BWD,39.40,-1.34,644.2,352.6,8.48,0,0,,
1526,09:30:50.143,ROI,160,160,288,288,9.19,9.94,0.0,0.0,100.61,647.61,345.08,136.30,108.67,0.9891,18.2100,36.6600,0.0000,0.0000,0.8545,0,36.6600,396.0667,436.2712,0.0618,398.4051,0.9418,PHASE_4_FWD_BWD,39.40,-0.99,644.2,352.6,8.26,0,0,,
1527,09:30:50.190,ROI,160,160,288,288,7.59,8.47,0.0,0.0,118.13,647.16,344.95,137.14,107.57,0.9835,18.8100,35.4900,0.0000,0.0000,0.8788,0,35.4900,395.6513,435.7841,0.0550,397.7453,0.9478,PHASE_4_FWD_BWD,39.40,-1.65,644.2,352.6,8.21,0,0,,
1528,09:30:50.318,ROI,160,160,288,288,7.57,8.31,6.5,0.0,120.38,647.65,345.17,136.30,108.50,0.9844,17.6800,36.6100,0.0000,0.0000,0.8433,0,36.6100,395.6296,435.1079,0.0543,397.6640,0.9485,PHASE_4_FWD_BWD,39.40,-1.74,644.2,352.6,8.19,0,0,,
1529,09:30:50.365,ROI,160,160,288,288,7.65,8.51,20.25,0.0,117.50,647.41,344.93,136.69,107.08,0.9836,18.6300,35.0800,0.0000,0.0000,0.8783,0,35.0800,395.4023,433.7620,0.0463,397.1002,0.9557,PHASE_4_FWD_BWD,39.40,-2.30,644.2,352.6,8.32,0,0,,
1530,09:30:50.430,ROI,160,160,288,288,7.76,8.73,13.925,0.0,114.49,648.10,345.37,136.76,108.07,0.9810,18.7400,35.9800,0.0000,0.0000,0.8706,0,35.9800,395.3770,433.9985,0.0366,396.7420,0.9647,PHASE_4_FWD_BWD,39.40,-2.66,644.2,352.6,8.22,0,0,,
1531,09:30:50.493,ROI,160,160,288,288,8.12,8.98,14.25,0.0,111.32,647.08,344.80,135.94,108.20,0.9750,19.0700,33.8400,0.0000,0.0000,0.8996,0,33.8400,394.9107,429.1776,0.0324,395.9848,0.9687,PHASE_4_FWD_BWD,39.40,-3.42,644.2,352.6,8.31,0,0,,
1532,09:30:50.542,ROI,160,160,288,288,7.65,8.43,19.475,46.575,118.59,649.36,343.86,139.43,107.26,0.9510,17.8700,34.1500,0.0000,0.0000,0.8799,0,34.1500,394.4992,411.8777,0.0152,394.7593,0.9850,PHASE_4_FWD_BWD,39.40,-4.64,644.2,352.6,10.15,0,0,,
1533,09:30:50.606,ROI,160,160,288,288,7.51,8.35,7.025,0.0,119.73,648.66,342.32,138.55,112.82,0.9416,18.4200,38.7000,0.0000,0.0000,0.8829,0,38.7000,395.1209,410.3471,0.0489,395.8307,0.9534,PHASE_4_FWD_BWD,39.40,-3.57,644.2,352.6,11.21,0,0,,
1534,09:30:50.670,ROI,160,160,288,288,9.65,10.54,7.125,0.0,94.84,649.98,342.31,136.49,106.00,0.9218,18.0000,32.5000,0.0000,0.0000,0.9049,0,32.5000,394.4897,407.8601,0.1073,395.7857,0.9031,PHASE_4_FWD_BWD,39.40,-3.61,644.2,352.6,11.81,0,0,,
1535,09:30:50.716,ROI,160,160,288,288,8.07,8.77,10.725,0.0,114.03,651.63,341.41,140.17,106.13,0.9576,16.5300,32.3400,0.0000,0.0000,0.8843,0,32.3400,393.9306,404.6959,0.1932,395.6736,0.8381,PHASE_4_FWD_BWD,39.40,-3.73,644.2,352.6,13.43,0,0,,
1536,09:30:50.844,ROI,160,160,288,288,10.18,11.41,6.55,0.0,87.67,655.27,340.48,135.38,109.44,0.9210,18.2900,34.4500,0.0000,0.0000,0.8787,0,34.4500,393.7131,398.3643,0.3212,394.8439,0.7569,PHASE_4_FWD_BWD,39.40,-4.56,644.2,352.6,16.41,0,0,,
1537,09:30:50.894,ROI,160,160,288,288,7.61,8.23,20.375,0.0,121.54,658.62,337.44,133.58,105.44,0.9001,14.7500,33.6000,0.0000,0.0000,0.8678,0,33.6000,393.5554,394.6966,0.5141,393.9429,0.6604,PHASE_4_FWD_BWD,39.40,-5.46,644.2,352.6,20.92,0,0,,
1538,09:30:50.958,ROI,160,160,288,288,7.71,8.53,7.0,0.0,117.21,659.57,338.13,130.27,99.92,0.9241,14.2400,33.9500,0.0000,0.0000,0.8696,0,33.9500,393.5691,387.0548,0.6887,390.9123,0.5922,PHASE_4_FWD_BWD,39.40,-8.49,644.2,352.6,21.10,0,0,,
1539,09:30:51.022,ROI,160,160,288,288,7.55,8.29,14.1,0.0,120.60,664.69,335.93,134.84,97.83,0.8870,13.4000,31.2700,0.0000,0.0000,0.8700,0,31.2700,392.9270,372.7939,0.9248,383.2537,0.5195,PHASE_4_FWD_BWD,39.40,-16.15,644.2,352.6,26.41,0,0,,
1540,09:30:51.070,ROI,160,160,288,288,7.42,8.24,20.0,0.0,121.29,665.44,332.93,133.38,97.34,0.9301,9.0000,32.2800,0.0000,0.0000,0.7537,0,32.2800,392.5235,373.4928,1.1637,382.2881,0.4622,PHASE_4_FWD_BWD,39.40,-17.11,644.2,352.6,28.95,0,0,,
1541,09:30:51.133,ROI,160,160,288,288,7.67,8.40,7.025,0.0,119.10,668.17,332.05,131.49,95.80,0.9426,11.4900,32.5200,0.0000,0.0000,0.7897,0,32.5200,392.2475,375.0474,1.4096,382.1855,0.4150,PHASE_4_FWD_BWD,39.40,-17.21,644.2,352.6,31.57,0,0,,
1542,09:30:51.246,ROI,160,160,288,288,7.52,8.35,7.475,46.8,119.78,676.60,330.16,135.52,94.37,0.8489,7.7600,29.5100,0.0000,0.0000,0.6744,0,29.5100,391.4274,376.1707,1.7443,381.7300,0.3644,PHASE_4_FWD_BWD,39.40,-17.67,644.2,352.6,39.41,0,0,,
1543,09:30:51.310,ROI,160,160,288,288,8.00,8.73,7.0,0.0,114.54,684.59,328.38,137.11,89.03,0.8419,12.7600,28.7600,0.0000,0.0000,0.8027,0,28.7600,390.5566,377.4361,2.1503,381.6010,0.3174,PHASE_4_FWD_BWD,39.40,-17.80,644.2,352.6,47.09,0,0,,
1544,09:30:51.374,ROI,160,160,288,288,7.66,8.54,7.1,0.0,117.14,682.33,326.90,137.36,94.48,0.9125,14.0100,27.4900,0.0000,0.0000,0.8334,0,27.4900,389.5953,379.9817,2.4524,382.7663,0.2897,PHASE_4_FWD_BWD,39.40,-16.63,644.2,352.6,45.98,0,0,,
1545,09:30:51.423,ROI,160,160,288,288,7.68,8.33,9.75,0.0,120.05,687.65,326.07,130.37,90.52,0.8853,13.0500,29.6100,0.0000,0.0000,0.7955,0,29.6100,389.0988,381.9502,2.7572,383.8529,0.2662,PHASE_4_FWD_BWD,39.40,-15.55,644.2,352.6,50.91,0,0,,
1546,09:30:51.486,ROI,160,160,288,288,8.18,8.92,0.0,0.0,112.16,688.91,323.73,132.46,89.37,0.9319,13.1900,28.6400,0.0000,0.0000,0.8169,0,28.6400,388.6314,384.1304,3.0148,385.2515,0.2491,PHASE_4_FWD_BWD,39.40,-14.15,644.2,352.6,53.22,0,0,,
1547,09:30:51.548,ROI,160,160,288,288,8.03,8.79,7.3,0.0,113.82,692.86,321.96,126.59,92.20,0.9063,12.2400,31.1000,0.0000,0.0000,0.8028,0,31.1000,388.6373,385.9246,3.2505,386.5628,0.2353,PHASE_4_FWD_BWD,39.40,-12.84,644.2,352.6,57.51,0,0,,
1548,09:30:51.598,ROI,160,160,256,256,7.67,8.55,18.95,0.0,116.90,694.13,322.26,133.07,92.99,0.9432,13.2600,28.8300,0.0000,0.0000,0.7922,0,28.8300,388.3484,388.8007,3.4073,388.6981,0.2269,PHASE_4_FWD_BWD,39.40,-10.70,644.2,352.6,58.42,0,0,,
1549,09:30:51.727,ROI,160,160,288,288,7.57,8.26,6.525,0.0,121.11,703.81,317.41,131.15,91.46,0.7823,11.0400,31.7100,0.0000,0.0000,0.7423,0,31.7100,388.5367,389.2059,3.6348,389.0615,0.2158,PHASE_4_FWD_BWD,39.40,-10.34,644.2,352.6,69.22,0,0,,
1550,09:30:51.773,ROI,160,160,288,288,7.69,8.51,20.325,0.0,117.55,706.31,316.60,130.09,88.36,0.9303,14.5200,32.0700,0.0000,0.0000,0.8467,0,32.0700,388.8704,382.6182,3.8266,383.9135,0.2072,PHASE_4_FWD_BWD,39.40,-15.49,644.2,352.6,71.79,0,0,,
1551,09:30:51.837,ROI,160,160,288,288,7.70,8.38,14.05,0.0,119.35,709.02,315.62,130.52,90.11,0.9387,13.8700,31.1100,0.0000,0.0000,0.8407,0,31.1100,389.5497,382.5577,3.9386,383.9734,0.2025,PHASE_4_FWD_BWD,39.40,-15.43,644.2,352.6,74.63,0,0,,
1552,09:30:51.902,ROI,160,160,288,288,8.73,9.54,13.95,0.0,104.83,715.19,315.76,131.90,89.60,0.9054,13.2600,29.9600,0.0000,0.0000,0.8022,0,29.9600,389.4379,382.4835,4.0361,383.8644,0.1986,PHASE_4_FWD_BWD,39.40,-15.54,644.2,352.6,79.98,0,0,,
1553,09:30:51.950,ROI,160,160,288,288,8.92,9.64,19.9,40.825,103.74,715.72,314.95,125.51,88.87,0.9347,14.5900,30.8500,0.0000,0.0000,0.8360,0,30.8500,389.5350,382.2900,4.0398,383.7276,0.1984,PHASE_4_FWD_BWD,39.40,-15.67,644.2,352.6,80.83,0,0,,
1554,09:30:52.012,ROI,160,160,256,256,9.64,10.67,7.5,0.0,93.74,718.44,313.90,133.15,90.50,0.9211,14.6400,29.2500,0.0000,0.0000,0.8121,0,29.2500,389.5653,381.5732,4.0247,383.1637,0.1990,PHASE_4_FWD_BWD,39.40,-16.24,644.2,352.6,83.72,0,0,,
1555,09:30:52.078,ROI,160,160,288,288,7.58,8.20,14.125,0.0,121.96,723.89,312.14,126.49,88.74,0.8849,12.6200,32.9200,0.0000,0.0000,0.8287,0,32.9200,390.3435,381.1777,4.0522,382.9919,0.1979,PHASE_4_FWD_BWD,39.40,-16.41,644.2,352.6,89.37,0,0,,
1556,09:30:52.125,ROI,160,160,256,256,8.24,9.12,10.025,0.0,109.64,727.06,311.97,125.50,88.64,0.9473,13.7900,29.1600,0.0000,0.0000,0.8390,0,29.1600,390.4029,380.7081,4.0009,382.6467,0.2000,PHASE_4_FWD_BWD,39.40,-16.75,644.2,352.6,92.29,0,0,,
1557,09:30:52.238,ROI,160,160,256,256,7.59,8.62,3.775,0.0,116.03,735.02,309.67,128.29,93.36,0.8395,14.4900,29.9200,0.0000,0.0000,0.8094,0,29.9200,390.4041,380.0166,4.0554,382.0713,0.1978,PHASE_4_FWD_BWD,39.40,-17.33,644.2,352.6,100.45,0,0,,
1558,09:30:52.302,ROI,160,160,288,288,7.56,8.47,13.925,0.0,118.08,739.07,308.30,128.20,93.62,0.9124,13.1400,31.7200,0.0000,0.0000,0.8424,0,31.7200,390.9096,379.5241,4.0646,381.7721,0.1974,PHASE_4_FWD_BWD,39.40,-17.63,644.2,352.6,104.70,0,0,,
1559,09:30:52.365,ROI,160,160,288,288,8.41,9.13,14.25,0.0,109.51,741.47,306.97,128.23,92.07,0.9367,14.0100,32.2300,0.0000,0.0000,0.8707,0,32.2300,391.5561,379.1747,4.0173,381.6425,0.1993,PHASE_4_FWD_BWD,39.40,-17.76,644.2,352.6,107.44,0,0,,
1560,09:30:52.414,ROI,160,160,288,288,8.97,9.92,19.75,0.0,100.84,746.54,303.70,128.84,90.70,0.8623,13.4500,29.9500,0.0000,0.0000,0.8280,0,29.9500,391.4065,378.8077,4.0816,381.2870,0.1968,PHASE_4_FWD_BWD,39.40,-18.11,644.2,352.6,113.43,0,0,,
1561,09:30:52.478,ROI,160,160,288,288,8.85,9.64,14.35,0.0,103.75,745.93,305.00,125.78,91.24,0.9491,16.1400,31.8900,0.0000,0.0000,0.8369,0,31.8900,391.5629,378.2594,4.1337,380.8508,0.1948,PHASE_4_FWD_BWD,39.40,-18.55,644.2,352.6,112.31,0,0,,
1562,09:30:52.542,ROI,160,160,256,256,9.40,10.27,7.225,0.0,97.38,751.43,299.58,126.21,87.09,0.8154,15.9000,30.3200,0.0000,0.0000,0.8722,0,30.3200,391.2020,377.9448,4.1394,380.5243,0.1946,PHASE_4_FWD_BWD,39.40,-18.88,644.2,352.6,119.62,0,0,,
1563,09:30:52.591,ROI,160,160,256,256,9.07,9.84,10.225,0.0,101.60,754.44,299.06,128.06,89.42,0.9292,15.8900,29.9300,0.0000,0.0000,0.8823,0,29.9300,390.9471,377.7050,4.1492,380.2767,0.1942,PHASE_4_FWD_BWD,39.40,-19.12,644.2,352.6,122.55,0,0,,
1564,09:30:52.718,ROI,160,160,288,288,9.27,10.17,3.325,0.0,98.28,758.27,294.75,125.12,88.81,0.8567,16.6500,32.1100,0.0000,0.0000,0.8769,0,32.1100,391.0251,377.8043,4.1377,380.3776,0.1946,PHASE_4_FWD_BWD,39.40,-19.02,644.2,352.6,127.90,0,0,,
1565,09:30:52.766,ROI,160,160,256,256,8.67,9.44,0.0,0.0,105.92,763.14,294.13,124.11,92.80,0.8866,16.1600,31.9300,0.0000,0.0000,0.8758,0,31.9300,391.2787,378.1680,4.1414,380.7181,0.1945,PHASE_4_FWD_BWD,39.40,-18.68,644.2,352.6,132.53,0,0,,
1566,09:30:52.828,ROI,160,160,256,256,8.94,9.82,7.425,0.0,101.80,764.58,293.14,122.85,89.58,0.9432,16.5400,30.1000,0.0000,0.0000,0.8764,0,30.1000,390.8909,378.7020,4.0410,381.1200,0.1984,PHASE_4_FWD_BWD,39.40,-18.28,644.2,352.6,134.27,0,0,,
1567,09:30:52.892,ROI,160,160,256,256,9.20,10.00,7.2,0.0,100.04,765.97,292.07,122.19,91.41,0.9552,15.9100,31.1100,0.0000,0.0000,0.8578,0,31.1100,391.0075,379.4987,4.0257,381.7887,0.1990,PHASE_4_FWD_BWD,39.40,-17.61,644.2,352.6,135.98,0,0,,
1568,09:30:52.941,ROI,160,160,256,256,8.87,9.78,10.2,0.0,102.24,772.30,289.06,124.74,89.87,0.8472,16.5800,29.6100,0.0000,0.0000,0.8738,0,29.6100,390.8677,380.5266,4.0479,382.5752,0.1981,PHASE_4_FWD_BWD,39.40,-16.82,644.2,352.6,142.99,0,0,,
1569,09:30:53.004,ROI,160,160,256,256,10.47,11.98,7.25,0.0,83.48,771.87,289.27,122.03,90.59,0.9707,17.6100,30.6500,0.0000,0.0000,0.8952,0,30.6500,390.8773,381.8052,3.9724,383.6297,0.2011,PHASE_4_FWD_BWD,39.40,-15.77,644.2,352.6,142.52,0,0,,
1570,09:30:53.068,ROI,160,160,256,256,8.65,9.43,7.525,0.0,106.03,777.38,288.54,125.22,95.34,0.8704,17.6000,30.7200,0.0000,0.0000,0.8914,0,30.7200,390.7814,382.9994,3.9581,384.5690,0.2017,PHASE_4_FWD_BWD,39.40,-14.83,644.2,352.6,147.79,0,0,,
1571,09:30:53.116,ROI,160,160,256,256,9.05,9.91,10.125,0.0,100.94,777.90,288.59,122.83,93.54,0.9624,17.4000,29.7700,0.0000,0.0000,0.8868,0,29.7700,390.5767,384.1525,3.8278,385.4832,0.2071,PHASE_4_FWD_BWD,39.40,-13.92,644.2,352.6,148.23,0,0,,
1572,09:30:53.245,ROI,160,160,256,256,10.01,10.94,0.0,0.0,91.38,785.85,283.07,123.54,94.14,0.7864,17.4000,31.4400,0.0000,0.0000,0.8960,0,31.4400,390.5549,385.3210,3.7834,386.4152,0.2091,PHASE_4_FWD_BWD,39.40,-12.98,644.2,352.6,157.79,0,0,,
1573,09:30:53.295,ROI,160,160,256,256,9.73,10.72,10.05,0.0,93.29,790.76,280.89,128.30,95.12,0.8845,17.5100,30.6400,2.6600,30.0800,0.9207,0,30.6400,390.7388,386.4650,3.7917,387.3569,0.2087,PHASE_4_FWD_BWD,39.40,-12.04,644.2,352.6,163.16,0,0,,
1574,09:30:53.358,ROI,160,160,288,288,10.08,10.88,0.0,0.0,91.90,791.55,281.58,127.75,98.23,0.9568,16.5800,31.7100,0.0000,0.0000,0.9205,0,31.7100,390.7639,387.3962,3.7116,388.1110,0.2122,PHASE_4_FWD_BWD,39.40,-11.29,644.2,352.6,163.57,0,0,,
1575,09:30:53.420,ROI,160,160,256,256,8.93,9.82,0.0,0.0,101.87,797.26,278.95,130.35,94.85,0.8689,17.8100,29.9300,0.0000,0.0000,0.9043,0,29.9300,390.4643,387.9893,3.7539,388.5100,0.2104,PHASE_4_FWD_BWD,39.40,-10.89,644.2,352.6,169.85,0,0,,
1576,09:30:53.470,ROI,160,160,288,288,10.12,10.98,0.0,0.0,91.05,799.00,278.92,131.42,97.63,0.9462,19.1800,31.5500,0.0000,0.0000,0.9044,0,31.5500,390.6962,388.2382,3.7643,388.7541,0.2099,PHASE_4_FWD_BWD,39.40,-10.65,644.2,352.6,171.44,0,0,,
1577,09:30:53.533,ROI,160,160,288,288,8.64,9.39,7.45,0.0,106.49,801.78,278.00,131.20,94.43,0.9277,18.3800,29.4300,0.0000,0.0000,0.8984,0,29.4300,390.5538,388.1505,3.7425,388.6572,0.2109,PHASE_4_FWD_BWD,39.40,-10.74,644.2,352.6,174.35,0,0,,
1578,09:30:53.646,ROI,160,160,288,288,9.35,10.14,3.775,0.0,98.62,804.58,275.93,129.64,93.33,0.9174,17.9000,28.8100,0.0000,0.0000,0.8872,0,28.8100,390.0803,387.8320,3.7605,388.3043,0.2101,PHASE_4_FWD_BWD,39.40,-11.10,644.2,352.6,177.77,0,0,,
1579,09:30:53.710,ROI,160,160,288,288,9.14,10.04,7.3,0.0,99.62,805.64,274.01,125.59,91.78,0.9297,18.9900,31.4500,0.0000,0.0000,0.8995,0,31.4500,390.3827,387.2309,3.6553,387.9079,0.2148,PHASE_4_FWD_BWD,39.40,-11.49,644.2,352.6,179.55,0,0,,
1580,09:30:53.774,ROI,160,160,256,256,9.13,9.86,7.175,0.0,101.45,805.38,274.91,126.29,94.54,0.9654,18.6400,31.2900,0.0000,0.0000,0.8952,0,31.2900,390.4856,386.5907,3.5428,387.4481,0.2201,PHASE_4_FWD_BWD,39.40,-11.95,644.2,352.6,178.93,0,0,,
1581,09:30:53.820,ROI,160,160,256,256,8.40,9.29,10.825,0.0,107.67,806.94,274.45,126.98,94.43,0.9664,19.2100,30.1900,0.0000,0.0000,0.9049,0,30.1900,390.3030,385.8016,3.3942,386.8260,0.2276,PHASE_4_FWD_BWD,39.40,-12.57,644.2,352.6,180.53,0,0,,
1582,09:30:53.884,ROI,160,160,256,256,9.43,10.21,7.125,0.0,97.90,806.72,274.27,126.83,94.86,0.9921,19.9800,31.2000,0.0000,0.0000,0.9033,0,31.2000,390.5649,385.1600,3.2264,386.4388,0.2366,PHASE_4_FWD_BWD,39.40,-12.96,644.2,352.6,180.41,0,0,,
1583,09:30:53.948,ROI,160,160,256,256,8.53,9.45,14.55,0.0,105.86,807.66,274.06,127.71,94.72,0.9810,20.0000,30.6900,0.0000,0.0000,0.9113,0,30.6900,390.7182,384.5475,3.0590,386.0678,0.2464,PHASE_4_FWD_BWD,39.40,-13.33,644.2,352.6,181.35,0,0,,
1584,09:30:53.996,ROI,160,160,256,256,9.31,10.19,10.175,0.0,98.10,807.91,273.42,126.37,93.82,0.9762,20.1600,29.9300,0.0000,0.0000,0.9051,0,29.9300,390.5345,384.0262,2.8331,385.7241,0.2609,PHASE_4_FWD_BWD,39.40,-13.68,644.2,352.6,181.85,0,0,,
1585,09:30:54.127,ROI,160,160,256,256,15.06,16.17,0.0,0.0,61.86,808.49,273.14,127.01,94.91,0.9796,19.3600,30.3400,0.0000,0.0000,0.9024,0,30.3400,390.5499,383.6909,2.5536,385.6210,0.2814,PHASE_4_FWD_BWD,39.40,-13.78,644.2,352.6,182.49,0,0,,
1586,09:30:54.172,ROI,160,160,256,256,10.56,11.57,13.125,0.0,86.43,807.89,273.10,123.92,94.10,0.9673,18.5900,31.3200,0.0000,0.0000,0.8649,0,31.3200,390.6127,383.6219,2.3065,385.7361,0.3024,PHASE_4_FWD_BWD,39.40,-13.66,644.2,352.6,181.97,0,0,,
1587,09:30:54.236,ROI,160,160,256,256,8.80,9.68,7.475,0.0,103.29,808.55,273.54,126.02,94.58,0.9741,19.3700,30.5100,0.0000,0.0000,0.9005,0,30.5100,390.5953,383.8078,1.9772,386.0876,0.3359,PHASE_4_FWD_BWD,39.40,-13.31,644.2,352.6,182.38,0,0,,
1588,09:30:54.302,ROI,160,160,256,256,8.39,9.17,6.925,0.0,109.02,808.29,272.94,124.88,94.80,0.9784,18.7000,30.9600,0.0000,0.0000,0.8735,0,30.9600,390.6802,384.0556,1.6697,386.5369,0.3746,PHASE_4_FWD_BWD,39.40,-12.86,644.2,352.6,182.40,0,0,,
1589,09:30:54.348,ROI,160,160,256,256,9.16,10.11,21.275,0.0,98.91,808.75,273.47,128.78,93.38,0.9556,18.2900,28.9200,0.0000,0.0000,0.8533,0,28.9200,390.2378,384.2409,1.3027,386.8452,0.4343,PHASE_4_FWD_BWD,39.40,-12.55,644.2,352.6,182.59,0,0,,
1590,09:30:54.415,ROI,160,160,288,288,11.37,12.35,6.95,0.0,80.95,807.23,274.33,124.88,93.91,0.9524,18.2000,33.6200,0.0000,0.0000,0.9167,0,33.6200,390.9578,384.6855,1.0215,387.7883,0.4947,PHASE_4_FWD_BWD,39.40,-11.61,644.2,352.6,180.84,0,0,,
1591,09:30:54.479,ROI,160,160,256,256,8.87,9.60,7.55,0.0,104.15,806.36,274.59,126.74,94.05,0.9800,19.0200,28.8700,0.0000,0.0000,0.8901,0,28.8700,390.5785,385.4992,0.7829,388.3481,0.5609,PHASE_4_FWD_BWD,39.40,-11.05,644.2,352.6,179.95,0,0,,
1592,09:30:54.526,ROI,160,160,256,256,8.62,9.28,10.375,0.0,107.77,805.17,275.04,128.27,95.06,0.9711,19.2600,30.1300,0.0000,0.0000,0.8924,0,30.1300,390.6071,386.6225,0.4954,389.2871,0.6687,PHASE_4_FWD_BWD,39.40,-10.11,644.2,352.6,178.68,0,0,,
1593,09:30:54.654,ROI,160,160,288,288,8.72,9.66,3.275,0.0,103.55,801.00,276.30,123.53,92.23,0.9085,19.4600,32.9200,0.0000,0.0000,0.9110,0,32.9200,391.0366,389.2234,0.2275,390.7005,0.8146,PHASE_4_FWD_BWD,39.40,-8.70,644.2,352.6,174.38,0,0,,
1594,09:30:54.700,ROI,160,160,256,256,8.58,9.47,0.0,0.0,105.60,799.50,277.95,128.34,93.94,0.9292,18.7800,29.7800,0.0000,0.0000,0.8788,0,29.7800,390.9510,384.3875,0.0688,390.5286,0.9356,PHASE_4_FWD_BWD,39.40,-8.87,644.2,352.6,172.31,0,0,,
1595,09:30:54.764,ROI,160,160,288,288,8.42,9.20,7.125,0.0,108.74,800.76,279.47,131.11,96.44,0.9482,17.2400,30.3700,0.0000,0.0000,0.8796,0,30.3700,390.7816,386.0074,0.2873,389.7160,0.7768,PHASE_4_FWD_BWD,39.40,-9.68,644.2,352.6,172.80,0,0,,
1596,09:30:54.828,ROI,160,160,288,288,8.26,9.16,7.2,0.0,109.16,792.53,280.31,130.52,93.17,0.8533,17.5600,31.0500,0.0000,0.0000,0.8884,0,31.0500,390.6661,386.6909,0.5749,389.2150,0.6350,PHASE_4_FWD_BWD,39.40,-10.18,644.2,352.6,165.01,0,0,,
1597,09:30:54.878,ROI,160,160,288,288,8.85,9.65,9.6,0.0,103.66,791.68,282.83,128.83,98.62,0.9330,16.6600,32.5400,0.0000,0.0000,0.8972,0,32.5400,391.1095,387.1565,0.8349,389.3109,0.5450,PHASE_4_FWD_BWD,39.40,-10.09,644.2,352.6,163.15,0,0,,
1598,09:30:54.941,ROI,160,160,288,288,8.56,9.47,7.375,0.0,105.60,786.37,282.97,125.60,96.84,0.9038,16.6300,33.1700,0.0000,0.0000,0.9139,0,33.1700,391.6450,387.1848,1.1574,389.2522,0.4635,PHASE_4_FWD_BWD,39.40,-10.15,644.2,352.6,158.31,0,0,,
1599,09:30:55.006,ROI,160,160,256,256,17.16,18.21,6.95,0.0,54.91,782.67,284.54,125.06,92.90,0.9052,17.8900,32.0100,0.0000,0.0000,0.8873,0,32.0100,391.7879,386.9519,1.4770,388.9042,0.4037,PHASE_4_FWD_BWD,39.40,-10.50,644.2,352.6,154.29,0,0,,
1600,09:30:55.053,ROI,160,160,256,256,8.86,9.84,0.0,39.775,101.61,778.30,286.75,126.34,91.90,0.8907,16.7400,30.2300,0.0000,0.0000,0.8591,0,30.2300,391.6467,386.6178,1.8309,388.3943,0.3532,PHASE_4_FWD_BWD,39.40,-11.01,644.2,352.6,149.40,0,0,,
1601,09:30:55.182,ROI,160,160,256,256,8.39,9.18,3.275,0.0,108.91,773.78,289.47,121.63,90.61,0.8773,18.1800,30.9200,0.0000,0.0000,0.8925,0,30.9200,391.6071,386.2620,2.1944,387.9353,0.3130,PHASE_4_FWD_BWD,39.40,-11.46,644.2,352.6,144.14,0,0,,
1602,09:30:55.228,ROI,160,160,256,256,8.76,9.65,21.3,0.0,103.68,771.38,289.11,121.98,90.75,0.9540,18.2000,33.3600,0.0000,0.0000,0.8960,0,33.3600,391.9785,385.7620,2.5069,387.5347,0.2852,PHASE_4_FWD_BWD,39.40,-11.87,644.2,352.6,142.15,0,0,,
1603,09:30:55.294,ROI,160,160,256,256,9.28,10.45,0.0,0.0,95.70,767.32,290.52,122.53,93.52,0.9083,17.1200,31.3500,0.0000,0.0000,0.8751,0,31.3500,391.9238,385.1653,2.8003,386.9437,0.2631,PHASE_4_FWD_BWD,39.40,-12.46,644.2,352.6,137.89,0,0,,
1604,09:30:55.357,ROI,160,160,256,256,10.41,11.29,14.8,0.0,88.54,764.89,292.16,124.24,91.28,0.9286,17.1900,31.4500,0.0000,0.0000,0.8900,0,31.4500,391.9808,384.5690,3.0628,386.3933,0.2461,PHASE_4_FWD_BWD,39.40,-13.01,644.2,352.6,134.98,0,0,,
1605,09:30:55.405,ROI,160,160,256,256,8.99,9.79,10.65,0.0,102.15,763.60,293.49,123.50,90.37,0.9514,17.3600,32.6800,0.0000,0.0000,0.8819,0,32.6800,392.1972,384.0845,3.2497,385.9935,0.2353,PHASE_4_FWD_BWD,39.40,-13.41,644.2,352.6,133.23,0,0,,
1606,09:30:55.470,ROI,160,160,256,256,8.78,9.66,7.025,0.0,103.51,759.93,295.93,124.58,89.54,0.8941,16.4000,30.6500,0.0000,0.0000,0.8547,0,30.6500,392.0101,383.6761,3.4114,385.5653,0.2267,PHASE_4_FWD_BWD,39.40,-13.83,644.2,352.6,128.86,0,0,,
1607,09:30:55.532,ROI,160,160,256,256,8.18,8.96,14.9,0.0,111.62,757.53,296.25,129.14,92.80,0.9290,16.2500,29.8200,0.0000,0.0000,0.8557,0,29.8200,391.4318,383.2635,3.4992,385.0790,0.2223,PHASE_4_FWD_BWD,39.40,-14.32,644.2,352.6,126.57,0,0,,
1608,09:30:55.645,ROI,160,160,288,288,9.77,10.52,7.5,0.0,95.04,752.41,300.18,126.41,92.59,0.8506,17.1600,33.2500,0.0000,0.0000,0.9015,0,33.2500,392.0620,383.0772,3.6154,385.0239,0.2167,PHASE_4_FWD_BWD,39.40,-14.38,644.2,352.6,120.24,0,0,,
1609,09:30:55.709,ROI,160,160,256,256,9.07,9.73,14.8,0.0,102.76,747.74,303.60,126.93,90.34,0.8642,15.7800,31.3100,0.0000,0.0000,0.8293,0,31.3100,391.7739,383.2446,3.7238,385.0502,0.2117,PHASE_4_FWD_BWD,39.40,-14.35,644.2,352.6,114.55,0,0,,
1610,09:30:55.758,ROI,160,160,256,256,9.07,9.98,9.9,0.0,100.21,748.10,304.15,132.77,90.50,0.9446,15.6100,29.3600,0.0000,0.0000,0.8392,0,29.3600,391.1839,383.8039,3.7210,385.3671,0.2118,PHASE_4_FWD_BWD,39.40,-14.03,644.2,352.6,114.64,0,0,,
1611,09:30:55.821,ROI,160,160,288,288,9.28,10.17,14.625,0.0,98.30,741.39,307.17,128.72,91.87,0.8474,16.8100,30.5900,0.0000,0.0000,0.8644,0,30.5900,391.1691,385.3858,3.7998,386.5907,0.2083,PHASE_4_FWD_BWD,39.40,-12.81,644.2,352.6,107.29,0,0,,
1612,09:30:55.886,ROI,160,160,288,288,8.32,9.10,14.275,0.0,109.85,739.43,306.80,131.02,92.59,0.9626,13.8600,31.6700,0.0000,0.0000,0.8486,0,31.6700,391.0673,383.3502,3.8093,384.9549,0.2079,PHASE_4_FWD_BWD,39.40,-14.45,644.2,352.6,105.67,0,0,,
1613,09:30:55.933,ROI,160,160,288,288,8.53,9.41,20.625,0.0,106.28,736.07,309.53,131.04,91.69,0.8966,14.2800,32.5500,0.0000,0.0000,0.8039,0,32.5500,391.1781,384.4750,3.7470,385.8871,0.2107,PHASE_4_FWD_BWD,39.40,-13.51,644.2,352.6,101.46,0,0,,
1614,09:30:56.061,ROI,160,160,288,288,9.36,10.37,3.3,0.0,96.46,729.05,310.48,129.49,91.53,0.8803,15.2700,32.1700,0.0000,0.0000,0.8566,0,32.1700,391.2484,385.2319,3.8064,386.4837,0.2081,PHASE_4_FWD_BWD,39.40,-12.92,644.2,352.6,94.73,0,0,,
1615,09:30:56.108,ROI,160,160,288,288,8.36,9.14,0.0,0.0,109.45,727.49,312.25,130.00,88.60,0.9390,14.6100,30.8900,0.0000,0.0000,0.8108,0,30.8900,391.2026,386.0935,3.7970,387.1586,0.2085,PHASE_4_FWD_BWD,39.40,-12.24,644.2,352.6,92.55,0,0,,
1616,09:30:56.175,ROI,160,160,288,288,9.15,10.15,6.8,0.0,98.57,719.37,314.45,130.52,88.92,0.8424,16.2100,30.9800,0.0000,0.0000,0.8290,0,30.9800,391.2742,386.6810,3.8799,387.6223,0.2049,PHASE_4_FWD_BWD,39.40,-11.78,644.2,352.6,84.30,0,0,,
1617,09:30:56.237,ROI,160,160,288,288,9.00,9.77,7.575,0.0,102.34,717.20,315.40,131.29,88.88,0.9472,16.9600,29.9700,0.0000,0.0000,0.8875,0,29.9700,391.0485,387.0664,3.9304,387.8741,0.2028,PHASE_4_FWD_BWD,39.40,-11.53,644.2,352.6,81.93,0,0,,
1618,09:30:56.284,ROI,160,160,288,288,9.10,9.99,10.325,0.0,100.07,714.19,315.59,128.38,88.36,0.9492,17.4100,31.4100,0.0000,0.0000,0.8946,0,31.4100,390.9557,387.2294,3.9766,387.9781,0.2009,PHASE_4_FWD_BWD,39.40,-11.42,644.2,352.6,79.17,0,0,,
1619,09:30:56.350,ROI,160,160,288,288,9.90,10.85,6.95,0.0,92.20,709.70,315.83,131.36,91.96,0.8974,15.4600,31.4200,0.0000,0.0000,0.9040,0,31.4200,390.9208,387.1905,4.0545,387.9285,0.1978,PHASE_4_FWD_BWD,39.40,-11.47,644.2,352.6,75.11,0,0,,
1620,09:30:56.462,ROI,160,160,288,288,8.40,9.27,3.9,0.0,107.83,703.44,318.64,134.10,93.22,0.8585,16.1600,30.5000,0.0000,0.0000,0.8634,0,30.5000,390.9600,386.8319,4.1507,387.6333,0.1941,PHASE_4_FWD_BWD,39.40,-11.77,644.2,352.6,68.28,0,0,,
1621,09:30:56.526,ROI,160,160,288,288,8.80,9.67,14.25,0.0,103.41,700.07,319.39,130.07,89.21,0.9097,16.4000,32.6600,0.0000,0.0000,0.8771,0,32.6600,391.2681,386.1271,4.2395,387.1083,0.1909,PHASE_4_FWD_BWD,39.40,-12.29,644.2,352.6,64.99,0,0,,
1622,09:30:56.590,ROI,160,160,288,288,7.95,8.72,14.3,0.0,114.62,694.80,320.85,132.10,89.82,0.8940,16.3300,31.4700,0.0000,0.0000,0.8677,0,31.4700,391.3208,385.1185,4.3313,386.2819,0.1876,PHASE_4_FWD_BWD,39.40,-13.12,644.2,352.6,59.73,0,0,,
1623,09:30:56.638,ROI,160,160,288,288,8.12,8.98,19.975,0.0,111.38,691.97,321.03,128.12,92.93,0.9264,14.1600,35.8600,0.0000,0.0000,0.8277,0,35.8600,392.4084,383.8762,4.3495,385.4712,0.1869,PHASE_4_FWD_BWD,39.40,-13.93,644.2,352.6,57.26,0,0,,
1624,09:30:56.766,ROI,160,160,288,288,8.66,9.55,3.275,0.0,104.76,687.27,324.80,132.25,89.01,0.8593,16.0000,30.2700,0.0000,0.0000,0.8649,0,30.2700,392.0704,382.5653,4.3947,384.3272,0.1854,PHASE_4_FWD_BWD,39.40,-15.07,644.2,352.6,51.27,0,0,,
1625,09:30:56.815,ROI,160,160,288,288,10.49,11.51,19.925,0.0,86.90,682.72,326.72,136.66,91.39,0.8963,15.9900,28.9200,0.0000,0.0000,0.8607,0,28.9200,391.3706,381.1661,4.4125,383.0514,0.1848,PHASE_4_FWD_BWD,39.40,-16.35,644.2,352.6,46.40,0,0,,
1626,09:30:56.878,ROI,160,160,288,288,14.13,15.26,15.175,25.6,65.51,680.69,328.90,135.18,91.17,0.9259,16.6500,28.1700,0.0000,0.0000,0.8671,0,28.1700,390.9142,379.8937,4.4298,381.9233,0.1842,PHASE_4_FWD_BWD,39.40,-17.48,644.2,352.6,43.51,0,0,,
1627,09:30:56.941,ROI,160,160,288,288,8.41,9.12,8.1,0.0,109.61,676.71,330.65,138.51,90.92,0.9089,14.8200,26.9200,0.0000,0.0000,0.8008,0,26.9200,390.0754,378.8676,4.4720,380.9158,0.1827,PHASE_4_FWD_BWD,39.40,-18.48,644.2,352.6,39.23,0,0,,
1628,09:30:56.990,ROI,160,160,288,288,7.87,8.54,19.95,0.0,117.07,675.08,332.43,136.87,92.54,0.9399,14.9200,29.9100,0.0000,0.0000,0.8457,0,29.9100,389.7091,378.1748,4.3916,380.3141,0.1855,PHASE_4_FWD_BWD,39.40,-19.09,644.2,352.6,36.89,0,0,,
1629,09:30:57.053,ROI,160,160,288,288,10.09,10.95,14.275,0.0,91.29,669.91,333.44,135.59,92.29,0.9075,13.1000,29.3600,0.0000,0.0000,0.8008,0,29.3600,389.3571,377.7680,4.3856,379.9199,0.1857,PHASE_4_FWD_BWD,39.40,-19.48,644.2,352.6,32.06,0,0,,
1630,09:30:57.117,ROI,160,160,288,288,7.88,8.58,14.75,0.0,116.52,665.74,334.13,132.77,94.73,0.9165,16.0400,31.6100,0.0000,0.0000,0.9154,0,31.6100,389.6073,377.5394,4.3290,379.8040,0.1877,PHASE_4_FWD_BWD,39.40,-19.60,644.2,352.6,28.37,0,0,,
1631,09:30:57.183,ROI,160,160,288,288,7.90,8.62,13.625,0.0,116.03,660.77,335.67,131.96,95.94,0.8992,15.9400,32.5600,0.0000,0.0000,0.8991,0,32.5600,390.1508,377.6481,4.2822,380.0150,0.1893,PHASE_4_FWD_BWD,39.40,-19.38,644.2,352.6,23.69,0,0,,
1632,09:30:57.229,ROI,160,160,288,288,7.88,8.60,20.825,0.0,116.30,658.09,337.29,128.41,98.78,0.9294,14.8000,34.0200,0.0000,0.0000,0.8515,0,34.0200,390.9506,377.9022,4.2602,380.3828,0.1901,PHASE_4_FWD_BWD,39.40,-19.02,644.2,352.6,20.68,0,0,,
1633,09:30:57.342,ROI,160,160,288,288,7.90,8.61,3.725,0.0,116.10,655.64,340.80,128.47,100.60,0.8982,17.8700,34.2500,0.0000,0.0000,0.9162,0,34.2500,391.6229,378.5684,4.1860,381.0857,0.1928,PHASE_4_FWD_BWD,39.40,-18.31,644.2,352.6,16.44,0,0,,
1634,09:30:57.407,ROI,160,160,288,288,12.02,12.79,7.025,0.0,78.20,654.69,340.41,136.10,104.42,0.9094,17.7300,35.0600,0.0000,0.0000,0.9131,0,35.0600,392.4120,379.4390,4.1300,381.9679,0.1949,PHASE_4_FWD_BWD,39.40,-17.43,644.2,352.6,16.08,0,0,,
1635,09:30:57.469,ROI,160,160,288,288,11.11,12.20,7.875,32.0,81.97,650.89,342.79,135.27,103.70,0.9043,18.8900,34.9500,0.0000,0.0000,0.9051,0,34.9500,392.9949,380.5405,4.0555,383.0040,0.1978,PHASE_4_FWD_BWD,39.40,-16.40,644.2,352.6,11.87,0,0,,
1636,09:30:57.516,ROI,160,160,288,288,8.76,9.46,11.1,0.0,105.70,651.08,341.14,139.99,110.97,0.9030,18.3500,35.5800,0.0000,0.0000,0.8963,0,35.5800,393.7792,381.7092,3.8743,384.1854,0.2052,PHASE_4_FWD_BWD,39.40,-15.21,644.2,352.6,13.37,0,0,,
1637,09:30:57.583,ROI,160,160,288,288,8.19,8.92,13.7,0.0,112.06,648.89,342.06,137.81,115.15,0.9347,19.2800,36.4900,0.0000,0.0000,0.8752,0,36.4900,394.6778,382.8221,3.6764,385.3573,0.2138,PHASE_4_FWD_BWD,39.40,-14.04,644.2,352.6,11.54,0,0,,
1638,09:30:57.647,ROI,160,160,288,288,7.99,8.70,14.225,0.0,114.96,648.79,341.19,138.44,108.90,0.9417,18.0600,32.5300,0.0000,0.0000,0.8930,0,32.5300,394.5747,383.7923,3.4717,386.2036,0.2236,PHASE_4_FWD_BWD,39.40,-13.20,644.2,352.6,12.30,0,0,,
1639,09:30:57.759,ROI,160,160,288,288,12.18,13.04,7.525,0.0,76.68,647.26,343.63,133.88,108.32,0.9252,19.6600,33.5300,0.0000,0.0000,0.9179,0,33.5300,394.8807,384.6427,3.2535,387.0496,0.2351,PHASE_4_FWD_BWD,39.40,-12.35,644.2,352.6,9.48,0,0,,
1640,09:30:57.821,ROI,160,160,288,288,8.67,9.39,8.025,41.6,106.47,647.41,344.49,136.51,108.70,0.9653,19.0900,36.5400,0.0000,0.0000,0.8850,0,36.5400,395.6553,385.3474,3.0252,387.9082,0.2484,COMPLETED,39.40,-11.49,644.2,352.6,8.72,0,0,,
1641,09:30:57.870,ROI,160,160,288,288,9.70,10.79,0.0,0.0,92.70,647.85,344.63,138.02,106.38,0.9681,19.4300,34.0600,0.0000,0.0000,0.9039,0,34.0600,396.3211,385.8098,2.7336,388.6251,0.2678,POST_PH4_SPIN,39.40,-10.77,644.2,352.6,0.00,0,0,0.051,
1642,09:30:57.935,ROI,160,160,288,288,8.05,8.84,14.6,0.0,113.15,648.12,344.90,137.83,106.38,0.9911,19.4500,34.1800,0.0000,0.0000,0.8993,0,34.1800,396.4219,386.2169,2.4513,389.1737,0.2897,POST_PH4_SPIN,39.40,-10.23,644.2,352.6,0.00,0,0,0.113,
1643,09:30:57.999,ROI,160,160,288,288,9.59,10.32,0.0,0.0,96.91,647.10,344.49,136.37,107.46,0.9755,19.4000,33.3700,0.0000,0.0000,0.9275,0,33.3700,396.1383,386.4451,2.1881,389.4855,0.3137,POST_PH4_SPIN,39.40,-9.91,644.2,352.6,0.00,0,0,0.179,
1644,09:30:58.048,ROI,160,160,288,288,14.77,15.65,0.0,24.975,63.90,648.17,345.19,137.61,106.36,0.9718,19.3400,34.3100,0.0000,0.0000,0.8973,0,34.3100,395.8857,386.8079,1.8860,389.9534,0.3465,POST_PH4_SPIN,39.40,-9.45,644.2,352.6,0.00,0,0,0.233,
1645,09:30:58.174,ROI,160,160,288,288,7.92,8.66,3.525,0.0,115.45,646.40,344.93,136.67,106.85,0.9698,18.6600,32.5400,0.0000,0.0000,0.9121,0,32.5400,395.0243,387.2581,1.6203,390.2219,0.3816,POST_PH4_SPIN,39.40,-9.18,644.2,352.6,0.00,0,0,0.353,
1646,09:30:58.221,ROI,160,160,288,288,8.64,9.34,10.425,0.0,107.10,646.07,344.40,135.85,111.76,0.9505,18.9300,37.9000,0.0000,0.0000,0.8784,0,37.9000,395.4935,387.9783,1.3316,391.2015,0.4289,POST_PH4_SPIN,39.40,-8.20,644.2,352.6,0.00,0,0,0.400,
1647,09:30:58.286,ROI,160,160,288,288,7.86,8.58,6.925,0.0,116.61,646.09,344.50,135.59,111.64,0.9962,18.9700,38.0800,0.0000,0.0000,0.8787,0,38.0800,395.7983,388.8692,1.0784,392.2030,0.4811,POST_PH4_SPIN,39.40,-7.20,644.2,352.6,0.00,0,0,0.465,
1648,09:30:58.349,ROI,160,160,288,288,7.98,8.71,7.25,0.0,114.84,646.02,344.65,135.76,111.46,0.9962,18.9600,38.2300,0.0000,0.0000,0.8794,0,38.2300,396.2308,389.7073,0.8513,393.2311,0.5402,POST_PH4_SPIN,39.40,-6.17,644.2,352.6,0.00,0,0,0.527,
1649,09:30:58.398,ROI,160,160,288,288,7.96,8.65,9.55,0.0,115.60,646.04,344.65,135.72,111.53,0.9991,18.9500,38.3400,0.0000,0.0000,0.8784,0,38.3400,396.6753,390.2041,0.6769,394.0630,0.5963,POST_PH4_SPIN,39.40,-5.34,644.2,352.6,0.00,0,0,0.577,
1650,09:30:58.462,ROI,160,160,288,288,8.47,9.18,7.15,0.0,108.88,646.09,344.68,135.67,111.92,0.9957,18.8700,38.7300,0.0000,0.0000,0.8824,0,38.7300,397.2604,390.2624,0.5281,394.8419,0.6544,POST_PH4_SPIN,39.40,-4.56,644.2,352.6,0.00,0,0,0.640,
1651,09:30:58.526,ROI,160,160,288,288,7.92,8.74,7.05,0.0,114.47,646.02,344.79,135.61,111.87,0.9970,19.0600,38.7600,0.0000,0.0000,0.8852,0,38.7600,397.7945,390.8450,0.4281,395.7113,0.7002,POST_PH4_SPIN,39.40,-3.69,644.2,352.6,0.00,0,0,0.705,
1652,09:30:58.573,ROI,160,160,288,288,7.81,8.51,0.0,0.0,117.44,645.87,344.68,135.45,111.89,0.9960,19.0800,38.6500,0.0000,0.0000,0.8889,0,38.6500,398.3170,391.6485,0.3206,396.6980,0.7572,POST_PH4_SPIN,39.40,-2.70,644.2,352.6,0.00,0,0,0.751,
1653,09:30:58.703,ROI,160,160,288,288,7.83,8.54,0.0,0.0,117.10,647.09,344.25,138.74,113.15,0.9654,18.0300,34.7800,0.0000,0.0000,0.8792,0,34.7800,397.9722,393.1672,0.2597,396.9815,0.7938,POST_PH4_SPIN,39.40,-2.42,644.2,352.6,0.00,0,0,0.881,
1654,09:30:58.749,ROI,160,160,288,288,7.98,8.71,0.0,0.0,114.80,647.32,344.67,136.89,109.39,0.9538,19.5900,36.9900,0.0000,0.0000,0.8819,0,36.9900,398.1527,395.0588,0.1703,397.7025,0.8545,POST_PH4_SPIN,39.40,-1.70,644.2,352.6,0.00,0,0,0.927,
1655,09:30:58.813,ROI,160,160,288,288,7.93,8.61,7.05,0.0,116.11,647.18,344.88,136.84,109.33,0.9940,20.0100,37.2100,0.0000,0.0000,0.8855,0,37.2100,398.4547,396.6592,0.1196,398.2629,0.8932,POST_PH4_SPIN,39.40,-1.14,644.2,352.6,0.00,0,0,0.991,
1656,09:30:58.879,ROI,160,160,288,288,8.83,9.69,6.825,0.0,103.25,647.31,344.94,136.64,109.31,0.9972,19.9600,37.0100,0.0000,0.0000,0.8873,0,37.0100,398.2630,394.6249,0.0543,398.0755,0.9485,POST_PH4_SPIN,39.40,-1.32,644.2,352.6,0.00,0,0,1.058,
1657,09:30:58.925,ROI,160,160,288,288,7.92,8.63,10.7,0.0,115.94,647.72,344.92,137.57,109.33,0.9929,20.0200,36.4300,0.0000,0.0000,0.8921,0,36.4300,397.9852,390.6669,0.0278,397.7874,0.9730,POST_PH4_SPIN,39.40,-1.61,644.2,352.6,0.00,0,0,1.103,
1658,09:30:58.991,ROI,160,160,288,288,11.51,12.35,6.8,0.0,80.96,647.63,344.97,137.09,109.28,0.9955,19.8700,36.8200,0.0000,0.0000,0.8859,0,36.8200,398.0708,397.1562,0.0076,398.0638,0.9924,POST_PH4_SPIN,39.40,-1.34,644.2,352.6,0.00,0,0,1.173,
1659,09:30:59.055,ROI,160,160,288,288,8.55,9.28,7.525,0.0,107.73,647.72,345.12,137.29,109.44,0.9959,19.9500,36.7800,0.0000,0.0000,0.8880,0,36.7800,397.8677,385.7666,0.0319,397.4938,0.9691,POST_PH4_SPIN,39.40,-1.91,644.2,352.6,0.00,0,0,1.234,
1660,09:30:59.103,ROI,160,160,288,288,7.83,8.67,10.125,0.0,115.33,647.36,344.03,137.74,111.80,0.9738,18.7700,38.9200,0.0000,0.0000,0.8860,0,38.9200,398.0682,379.3062,0.0621,396.9706,0.9415,POST_PH4_SPIN,39.40,-2.43,644.2,352.6,0.00,0,0,1.281,
1661,09:30:59.231,ROI,160,160,288,288,14.90,16.03,6.55,0.0,62.39,647.94,344.83,137.09,110.70,0.9775,19.7700,37.8200,0.0000,0.0000,0.8821,0,37.8200,397.8704,373.7183,0.0863,395.9520,0.9206,POST_PH4_SPIN,39.40,-3.45,644.2,352.6,0.00,0,0,1.417,
1662,09:30:59.278,ROI,160,160,288,288,9.39,10.37,12.625,0.0,96.41,648.10,344.76,136.89,110.92,0.9957,19.5900,38.0300,0.0000,0.0000,0.8809,0,38.0300,397.7420,367.8436,0.1329,394.2355,0.8827,POST_PH4_SPIN,39.40,-5.16,644.2,352.6,0.00,0,0,1.458,
1663,09:30:59.342,ROI,160,160,288,288,8.22,8.93,0.0,0.0,111.95,647.15,344.79,136.31,111.20,0.9837,19.8200,34.9400,0.0000,0.0000,0.9154,0,34.9400,396.7192,362.0343,0.1286,392.7683,0.8861,POST_PH4_SPIN,39.40,-6.63,644.2,352.6,0.00,0,0,1.521,
1664,09:30:59.404,ROI,160,160,288,288,8.10,8.79,0.0,0.0,113.77,648.04,344.41,136.57,111.46,0.9804,19.5000,39.1400,0.0000,0.0000,0.8863,0,39.1400,397.1095,358.0090,0.1305,392.5956,0.8846,POST_PH4_SPIN,39.40,-6.80,644.2,352.6,0.00,0,0,1.583,
1665,09:30:59.452,ROI,160,160,288,288,8.37,9.06,0.0,0.0,110.33,647.37,344.83,136.30,111.89,0.9829,19.9800,35.7500,0.0000,0.0000,0.9110,0,35.7500,396.8042,354.7807,0.1177,392.3787,0.8947,POST_PH4_SPIN,39.40,-7.02,644.2,352.6,0.00,0,0,1.631,
1666,09:30:59.517,ROI,160,160,288,288,7.93,8.61,7.1,0.0,116.10,647.83,344.32,137.07,112.00,0.9844,19.5800,39.0600,0.0000,0.0000,0.8966,0,39.0600,397.2339,353.0261,0.1090,392.8885,0.9017,POST_PH4_SPIN,39.40,-6.51,644.2,352.6,0.00,0,0,1.695,
1667,09:30:59.582,ROI,160,160,288,288,7.90,8.60,6.825,0.0,116.23,647.90,344.45,137.56,112.14,0.9942,19.4600,38.8500,0.0000,0.0000,0.8999,0,38.8500,397.6182,352.3450,0.0985,393.5573,0.9103,POST_PH4_SPIN,39.40,-5.84,644.2,352.6,0.00,0,0,1.760,
1668,09:30:59.630,ROI,160,160,288,288,7.95,8.68,9.875,0.0,115.27,647.88,344.67,137.74,112.30,0.9949,19.5800,38.9800,0.0000,0.0000,0.9021,0,38.9800,398.0636,352.1741,0.0847,394.4818,0.9219,POST_PH4_SPIN,39.40,-4.92,644.2,352.6,0.00,0,0,1.809,
1669,09:30:59.759,ROI,160,160,288,288,8.05,8.97,3.275,0.0,111.46,648.13,344.74,137.52,112.30,0.9951,19.2400,39.2400,0.0000,0.0000,0.9071,0,39.2400,398.5612,352.4668,0.0697,395.5578,0.9348,POST_PH4_SPIN,39.40,-3.84,644.2,352.6,0.00,0,0,1.937,
1670,09:30:59.805,ROI,160,160,288,288,7.85,9.03,10.625,0.0,110.75,647.59,344.18,137.72,113.17,0.9823,20.0900,35.9900,0.0000,0.0000,0.9180,0,35.9900,398.3729,356.8697,0.0412,396.7310,0.9604,POST_PH4_SPIN,39.40,-2.67,644.2,352.6,0.00,0,0,1.983,
1671,09:30:59.868,ROI,160,160,288,288,7.78,8.50,0.0,0.0,117.63,647.90,344.85,137.23,112.39,0.9838,19.2500,39.4000,0.0000,0.0000,0.9084,0,39.4000,398.4992,363.8163,0.0383,397.2212,0.9632,POST_PH4_SPIN,39.40,-2.18,644.2,352.6,0.00,0,0,2.046,
1672,09:30:59.935,ROI,160,160,288,288,7.99,8.77,6.75,0.0,114.04,647.85,344.70,137.16,112.23,0.9967,19.3400,39.2700,0.0000,0.0000,0.9098,0,39.2700,398.7634,371.8174,0.0353,397.8457,0.9659,POST_PH4_SPIN,39.40,-1.55,644.2,352.6,0.00,0,0,2.113,
1673,09:30:59.982,ROI,160,160,288,288,10.89,11.62,10.2,0.0,86.07,647.85,344.58,137.12,112.75,0.9951,19.5400,39.5900,0.0000,0.0000,0.9135,0,39.5900,399.0775,381.1100,0.0282,398.5848,0.9726,POST_PH4_SPIN,39.40,-0.82,644.2,352.6,0.00,0,0,2.163,
1674,09:31:00.045,ROI,160,160,288,288,9.68,10.53,15.175,0.0,94.93,648.01,344.54,137.23,112.48,0.9953,19.4300,39.3800,0.0000,0.0000,0.9113,0,39.3800,399.2847,388.6840,0.0235,399.0412,0.9770,POST_PH4_SPIN,39.40,-0.36,644.2,352.6,0.00,0,0,2.225,
1675,09:31:00.156,ROI,160,160,288,288,7.89,8.58,7.725,0.0,116.50,647.89,344.14,135.68,114.61,0.9706,19.9700,38.1700,0.0000,0.0000,0.9157,0,38.1700,399.1382,395.6541,0.0267,399.0475,0.9740,POST_PH4_SPIN,39.40,-0.35,644.2,352.6,0.00,0,0,2.335,
1676,09:31:00.222,ROI,160,160,288,288,8.07,8.78,6.825,0.0,113.88,647.85,344.23,136.84,112.54,0.9738,19.4800,39.3900,0.0000,0.0000,0.9098,0,39.3900,399.2543,408.0316,0.0249,399.4678,0.9757,POST_PH4_SPIN,39.40,0.07,644.2,352.6,0.00,0,0,2.401,
1677,09:31:00.286,ROI,160,160,288,288,8.97,10.08,7.125,38.775,99.17,647.99,344.27,137.30,112.54,0.9960,19.5200,38.9700,0.0000,0.0000,0.9112,0,38.9700,399.2348,408.6182,0.0224,399.4402,0.9781,POST_PH4_SPIN,39.40,0.04,644.2,352.6,0.00,0,0,2.465,
1678,09:31:00.334,ROI,160,160,288,288,14.26,15.17,10.3,25.75,65.92,648.01,344.25,137.34,112.72,0.9981,19.4500,39.2000,0.0000,0.0000,0.9127,0,39.2000,399.4618,416.2791,0.0304,399.9580,0.9705,POST_PH4_RE_RFB,39.40,0.56,644.2,352.6,0.00,0,0,,0.053
1679,09:31:00.397,ROI,160,160,288,288,9.74,10.54,8.125,0.0,94.89,647.96,344.63,135.50,114.70,0.9698,19.9200,39.2100,0.0000,0.0000,0.9196,0,39.2100,399.5636,419.9736,0.0258,400.0777,0.9748,POST_PH4_RE_RFB,39.40,0.68,644.2,352.6,0.00,0,0,,0.112
1680,09:31:00.461,ROI,160,160,288,288,11.35,12.33,7.275,0.0,81.13,647.74,344.45,137.59,112.68,0.9678,19.4800,38.8100,0.0000,0.0000,0.9147,0,38.8100,399.5826,420.2493,0.0254,400.0938,0.9753,POST_PH4_RE_RFB,39.40,0.69,644.2,352.6,0.00,0,0,,0.178
1681,09:31:00.509,ROI,160,160,288,288,8.45,9.17,21.85,0.0,109.04,647.77,344.40,137.45,112.63,0.9980,19.4900,38.8700,0.0000,0.0000,0.9140,0,38.8700,399.2568,425.1847,0.0138,399.6090,0.9864,POST_PH4_RE_RFB,39.40,0.21,644.2,352.6,0.00,0,0,,0.223
1682,09:31:00.638,ROI,160,160,288,288,8.47,9.19,3.275,0.0,108.82,647.70,344.47,137.48,112.57,0.9977,19.1900,38.2500,0.0000,0.0000,0.9126,0,38.2500,399.2018,429.2414,0.0154,399.6580,0.9848,POST_PH4_RE_RFB,39.40,0.26,644.2,352.6,0.00,0,0,,0.351
1683,09:31:00.685,ROI,160,160,288,288,8.85,9.56,20.65,0.0,104.64,647.34,344.41,136.12,112.82,0.9879,19.0600,38.2000,0.0000,0.0000,0.9104,0,38.2000,398.7756,410.8187,0.0154,398.9583,0.9848,POST_PH4_RE_RFB,39.40,-0.44,644.2,352.6,0.00,0,0,,0.398
1684,09:31:00.751,ROI,160,160,288,288,8.31,9.03,13.825,0.0,110.69,647.70,343.78,134.42,112.93,0.9767,17.7700,39.5200,0.0000,0.0000,0.9051,0,39.5200,398.9443,425.8732,0.0280,399.6776,0.9728,POST_PH4_RE_RFB,39.40,0.28,644.2,352.6,0.00,0,0,,0.464
1685,09:31:00.814,ROI,160,160,288,288,7.79,8.49,0.0,0.0,117.73,648.80,343.90,134.01,119.47,0.9305,10.8600,44.6600,0.0000,0.0000,0.7649,0,44.6600,400.1336,431.3562,0.0324,401.1132,0.9686,POST_PH4_RE_RFB,39.40,1.71,644.2,352.6,0.00,0,0,,0.527
1686,09:31:00.862,ROI,160,160,288,288,8.34,9.05,19.75,0.0,110.54,648.90,343.36,129.38,114.97,0.9291,15.5400,43.6300,0.0000,0.0000,0.8395,0,43.6300,401.0247,431.6120,0.0497,402.4722,0.9527,POST_PH4_RE_RFB,39.40,3.07,644.2,352.6,0.00,0,0,,0.576
1687,09:31:00.926,ROI,160,160,288,288,7.74,8.44,14.225,0.0,118.49,648.77,343.90,127.39,113.81,0.9747,13.3700,43.6400,0.0000,0.0000,0.7930,0,43.6400,401.8651,427.3315,0.0592,403.2874,0.9441,POST_PH4_RE_RFB,39.40,3.89,644.2,352.6,0.00,0,0,,0.639
1688,09:31:00.991,ROI,160,160,256,256,7.90,8.60,14.0,0.0,116.26,651.07,344.94,129.78,110.58,0.9381,17.3400,41.7600,0.0000,0.0000,0.8622,0,41.7600,401.8824,418.7464,0.0923,403.3069,0.9155,POST_PH4_RE_RFB,39.40,3.91,644.2,352.6,0.00,0,0,,0.703
1689,09:31:01.037,ROI,160,160,288,288,7.89,8.60,20.8,0.0,116.32,652.42,343.33,128.18,113.98,0.9505,12.9900,48.0700,0.0000,0.0000,0.8192,0,48.0700,403.4689,409.7900,0.1602,404.3416,0.8619,POST_PH4_RE_RFB,39.40,4.94,644.2,352.6,0.00,0,0,,0.750
1690,09:31:01.166,ROI,160,160,288,288,8.43,9.14,6.5,0.0,109.47,655.55,340.10,128.34,107.24,0.8975,17.9900,39.2100,0.0000,0.0000,0.8780,0,39.2100,403.0754,402.8028,0.2882,403.0144,0.7763,POST_PH4_RE_RFB,39.40,3.61,644.2,352.6,0.00,0,0,,0.879
1691,09:31:01.214,ROI,160,160,288,288,7.95,8.66,19.825,0.0,115.42,660.15,335.45,127.89,106.13,0.8553,13.6900,37.6100,0.0000,0.0000,0.8256,0,37.6100,402.3910,398.2267,0.5088,400.9866,0.6628,POST_PH4_RE_RFB,39.40,1.59,644.2,352.6,0.00,0,0,,0.927
1692,09:31:01.279,ROI,160,160,256,256,8.27,8.96,7.025,0.0,111.55,660.32,333.93,124.02,103.52,0.9421,13.8800,40.2100,0.0000,0.0000,0.8846,0,40.2100,402.2502,394.8499,0.7208,399.1503,0.5811,POST_PH4_RE_RFB,39.40,-0.25,644.2,352.6,0.00,0,0,,0.992
1693,09:31:01.341,ROI,160,160,256,256,8.14,8.89,7.3,0.0,112.45,667.76,330.73,129.33,101.86,0.8384,14.3200,37.0200,0.0000,0.0000,0.8338,0,37.0200,401.3074,392.3090,1.0435,396.7125,0.4894,POST_PH4_RE_RFB,39.40,-2.69,644.2,352.6,0.00,0,0,,1.054
1694,09:31:01.389,ROI,160,160,288,288,8.88,9.64,19.975,0.0,103.76,668.44,330.07,129.33,98.37,0.9558,16.1500,37.7300,0.0000,0.0000,0.8646,0,37.7300,400.6657,390.3908,1.3313,394.7981,0.4289,POST_PH4_RE_RFB,39.40,-4.60,644.2,352.6,0.00,0,0,,1.103
1695,09:31:01.453,ROI,160,160,288,288,7.89,8.66,14.35,0.0,115.51,673.09,328.09,130.57,97.67,0.8952,13.5400,34.8000,0.0000,0.0000,0.8748,0,34.8000,399.4068,387.2347,1.6567,391.8164,0.3764,POST_PH4_RE_RFB,39.40,-7.58,644.2,352.6,0.00,0,0,,1.166
1696,09:31:01.519,ROI,160,160,288,288,8.04,8.77,13.75,0.0,114.06,674.24,325.70,127.91,96.62,0.9328,14.9900,34.5500,0.0000,0.0000,0.8124,0,34.5500,398.1954,387.4386,1.9612,391.0712,0.3377,POST_PH4_RE_RFB,39.40,-8.33,644.2,352.6,0.00,0,0,,1.231
1697,09:31:01.565,ROI,160,160,256,256,7.89,8.58,20.5,0.0,116.51,674.93,325.69,137.22,100.88,0.8928,14.1000,32.9200,0.0000,0.0000,0.8014,0,32.9200,396.7330,386.5759,2.2045,389.7455,0.3121,POST_PH4_RE_RFB,39.40,-9.65,644.2,352.6,0.00,0,0,,1.278
1698,09:31:01.694,ROI,160,160,288,288,7.95,8.69,6.5,0.0,115.13,683.40,322.95,126.95,94.52,0.8253,14.8200,35.6800,0.0000,0.0000,0.8051,0,35.6800,395.9015,384.7141,2.5282,387.8850,0.2834,POST_PH4_RE_RFB,39.40,-11.52,644.2,352.6,0.00,0,0,,1.407
1699,09:31:01.742,ROI,160,160,256,256,8.10,8.82,20.3,0.0,113.41,687.03,320.00,127.09,97.26,0.8895,15.8300,35.7600,0.0000,0.0000,0.8330,0,35.7600,395.1480,386.0268,2.8492,388.3964,0.2598,POST_PH4_RE_RFB,39.40,-11.00,644.2,352.6,0.00,0,0,,1.454
1700,09:31:01.806,ROI,160,160,256,256,9.78,10.49,14.15,0.0,95.30,688.14,317.58,127.17,96.03,0.9352,14.6600,39.2500,0.0000,0.0000,0.8096,0,39.2500,395.0944,387.9591,3.1124,389.6941,0.2432,POST_PH4_RE_RFB,39.40,-9.71,644.2,352.6,0.00,0,0,,1.520
1701,09:31:01.869,ROI,160,160,256,256,8.23,8.91,7.35,0.0,112.20,692.83,317.24,128.70,93.82,0.9087,16.9500,35.7300,0.0000,0.0000,0.8595,0,35.7300,394.2973,378.8576,3.3424,382.4132,0.2303,POST_PH4_RE_RFB,39.40,-16.99,644.2,352.6,0.00,0,0,,1.582
1702,09:31:01.918,ROI,160,160,288,288,7.96,8.66,19.7,0.0,115.42,694.97,315.56,126.74,92.34,0.9332,14.7700,35.4000,0.0000,0.0000,0.8440,0,35.4000,393.6226,386.1273,3.5233,387.7843,0.2211,POST_PH4_RE_RFB,39.40,-11.62,644.2,352.6,0.00,0,0,,1.630
1703,09:31:01.982,ROI,160,160,256,256,7.93,8.64,14.15,0.0,115.80,698.50,314.89,129.26,94.78,0.9224,15.3500,34.9800,0.0000,0.0000,0.8279,0,34.9800,393.5053,390.5964,3.6663,391.2197,0.2143,POST_PH4_RE_RFB,39.40,-8.18,644.2,352.6,0.00,0,0,,1.694
1704,09:31:02.029,ROI,160,160,288,288,8.54,9.23,20.275,0.0,108.29,702.21,313.39,125.21,93.19,0.9142,16.7400,35.6200,0.0000,0.0000,0.8700,0,35.6200,393.5744,393.7030,3.7677,393.6760,0.2097,POST_PH4_RE_RFB,39.40,-5.72,644.2,352.6,0.00,0,0,,1.742
1705,09:31:02.159,ROI,160,160,256,256,8.31,9.02,9.7,0.0,110.83,706.38,309.02,128.64,94.70,0.8553,14.0000,36.0000,0.0000,0.0000,0.7965,0,36.0000,393.8630,395.5087,3.8379,395.1685,0.2067,POST_PH4_RE_RFB,39.40,-4.23,644.2,352.6,0.00,0,0,,1.872
1706,09:31:02.205,ROI,160,160,288,288,8.04,8.76,20.95,0.0,114.10,710.36,309.05,125.93,95.47,0.9322,13.6500,38.4800,0.0000,0.0000,0.8171,0,38.4800,394.5843,394.3749,3.8579,394.4180,0.2058,POST_PH4_RE_RFB,39.40,-4.98,644.2,352.6,0.00,0,0,,1.918
1707,09:31:02.269,ROI,160,160,256,256,8.87,9.61,7.075,0.0,104.10,710.48,308.73,120.74,93.86,0.9425,13.7500,39.5600,0.0000,0.0000,0.7830,0,39.5600,396.2853,392.0721,3.7803,392.9534,0.2092,POST_PH4_RE_RFB,39.40,-6.45,644.2,352.6,0.00,0,0,,1.983
1708,09:31:02.335,ROI,160,160,256,256,8.58,9.31,13.8,0.0,107.43,714.05,306.34,122.37,92.40,0.8971,13.6400,36.7100,0.0000,0.0000,0.7908,0,36.7100,396.5678,390.0587,3.7236,391.4367,0.2117,POST_PH4_RE_RFB,39.40,-7.96,644.2,352.6,0.00,0,0,,2.049
1709,09:31:02.381,ROI,160,160,256,256,8.29,9.03,21.625,0.0,110.75,721.58,303.62,126.58,94.06,0.8381,13.6200,35.9600,0.0000,0.0000,0.7967,0,35.9600,396.5629,388.6034,3.7897,390.2652,0.2088,POST_PH4_RE_RFB,39.40,-9.13,644.2,352.6,0.00,0,0,,2.094
1710,09:31:02.446,ROI,160,160,256,256,8.06,8.83,13.975,0.0,113.29,721.61,303.53,119.65,94.02,0.9435,15.2000,35.6300,0.0000,0.0000,0.7989,0,35.6300,396.8082,387.5926,3.7308,389.5406,0.2114,POST_PH4_RE_RFB,39.40,-9.86,644.2,352.6,0.00,0,0,,2.158
1711,09:31:02.559,ROI,160,160,256,256,8.77,9.87,7.5,39.6,101.36,729.34,298.92,120.35,94.26,0.8015,14.4300,37.5900,0.0000,0.0000,0.7814,0,37.5900,397.1807,386.7514,3.8467,388.9032,0.2063,POST_PH4_RE_RFB,39.40,-10.50,644.2,352.6,0.00,0,0,,2.273
1712,09:31:02.621,ROI,160,160,256,256,8.48,9.18,7.5,0.0,108.99,733.56,296.34,118.80,96.14,0.8842,14.7700,36.4700,0.0000,0.0000,0.8264,0,36.4700,397.3928,386.0957,3.9239,388.3900,0.2031,POST_PH4_RE_RFB,39.40,-11.01,644.2,352.6,0.00,0,0,,2.334
1713,09:31:02.685,ROI,160,160,256,256,8.32,9.04,14.2,0.0,110.64,734.97,295.47,119.95,98.30,0.9554,15.6100,35.8200,0.0000,0.0000,0.8261,0,35.8200,397.1684,385.5201,3.9775,387.8603,0.2009,POST_PH4_RE_RFB,39.40,-11.54,644.2,352.6,0.00,0,0,,2.398
1714,09:31:02.734,ROI,160,160,256,256,8.43,9.16,19.3,0.0,109.22,739.62,292.63,119.50,94.78,0.8742,14.4400,36.1400,0.0000,0.0000,0.8522,0,36.1400,396.9639,385.2216,4.0231,387.5592,0.1991,POST_PH4_RE_RFB,39.40,-11.84,644.2,352.6,0.00,0,0,,2.447
1715,09:31:02.797,ROI,160,160,256,256,7.95,8.66,7.3,0.0,115.53,740.86,293.63,121.02,93.92,0.9593,15.8200,37.8500,0.0000,0.0000,0.8350,0,37.8500,396.9003,385.0557,3.9413,387.4528,0.2024,POST_PH4_RE_RFB,39.40,-11.95,644.2,352.6,0.00,0,0,,2.510
1716,09:31:02.861,ROI,160,160,256,256,11.29,12.05,14.0,0.0,82.98,743.68,289.24,116.64,92.14,0.8691,14.2300,38.6700,0.0000,0.0000,0.8114,0,38.6700,397.2247,384.9880,3.9595,387.4553,0.2016,POST_PH4_RE_RFB,39.40,-11.94,644.2,352.6,0.00,0,0,,2.577
1717,09:31:02.911,ROI,160,160,256,256,12.67,13.77,20.975,28.375,72.61,745.82,287.98,116.85,92.77,0.9385,15.9900,39.0600,0.0000,0.0000,0.8560,0,39.0600,397.5854,385.0950,3.9687,387.6088,0.2013,POST_PH4_RE_RFB,39.40,-11.79,644.2,352.6,0.00,0,0,,2.628
1718,09:31:03.038,ROI,160,160,256,256,8.53,9.21,3.425,0.0,108.63,753.91,282.97,119.57,93.18,0.7878,16.7400,37.1200,0.0000,0.0000,0.8310,0,37.1200,397.8789,385.5426,4.0482,387.9863,0.1981,POST_PH4_RE_RFB,39.40,-11.41,644.2,352.6,0.00,0,0,,2.752
1719,09:31:03.084,ROI,160,160,256,256,8.60,9.30,21.325,0.0,107.47,752.55,281.62,116.86,96.98,0.9399,15.5500,39.8600,0.0000,0.0000,0.8189,0,39.8600,398.3795,386.2280,4.0502,388.6341,0.1980,POST_PH4_RE_RFB,39.40,-10.77,644.2,352.6,0.00,0,0,,2.798
1720,09:31:03.149,ROI,160,160,256,256,8.29,9.00,14.175,0.0,111.13,759.17,278.74,117.90,97.30,0.8446,15.9100,36.3400,0.0000,0.0000,0.8931,0,36.3400,398.0505,387.1308,4.0884,389.2768,0.1965,POST_PH4_RE_RFB,39.40,-10.12,644.2,352.6,0.00,0,0,,2.862
1721,09:31:03.212,ROI,160,160,256,256,8.12,8.80,14.25,0.0,113.61,758.31,279.58,113.95,95.60,0.9496,16.7300,41.5800,0.0000,0.0000,0.8489,0,41.5800,398.7309,388.0981,4.0204,390.2161,0.1992,POST_PH4_RE_RFB,39.40,-9.18,644.2,352.6,0.00,0,0,,2.925
1722,09:31:03.262,ROI,160,160,256,256,8.03,8.75,9.525,44.675,114.34,763.84,276.17,116.32,96.00,0.8485,16.9400,36.8700,0.0000,0.0000,0.8744,0,36.8700,398.4025,389.0862,4.0008,390.9492,0.2000,POST_PH4_RE_RFB,39.40,-8.45,644.2,352.6,0.00,0,0,,2.975
1723,09:31:03.325,ROI,160,160,256,256,8.08,8.79,7.175,44.5,113.83,765.11,276.93,111.46,93.71,0.9353,17.4600,39.0000,0.0000,0.0000,0.8607,0,39.0000,398.5304,390.1454,3.9595,391.8361,0.2016,POST_PH4_RE_RFB,39.40,-7.56,644.2,352.6,0.00,0,0,,3.038
1724,09:31:03.391,ROI,160,160,224,224,10.73,11.54,6.925,0.0,86.62,769.42,274.03,110.36,95.55,0.8721,19.5900,41.2400,0.0000,0.0000,0.8999,0,41.2400,399.3397,391.0447,3.9373,392.7248,0.2025,POST_PH4_RE_RFB,39.40,-6.68,644.2,352.6,0.00,0,0,,3.106
1725,09:31:03.439,ROI,160,160,224,224,9.52,10.24,10.725,0.0,97.70,771.74,273.97,112.55,91.84,0.9230,18.8200,36.4200,2.5400,35.2600,0.8732,0,36.4200,399.2340,391.7384,3.8139,393.2955,0.2077,POST_PH4_RE_RFB,39.40,-6.10,644.2,352.6,0.00,0,0,,3.153
1726,09:31:03.566,ROI,160,160,256,256,8.45,9.17,6.65,0.0,109.08,775.14,270.76,112.62,94.78,0.8804,16.9900,40.4800,0.0000,0.0000,0.8562,0,40.4800,399.6978,392.3277,3.7099,393.8925,0.2123,POST_PH4_RE_RFB,39.40,-5.51,644.2,352.6,0.00,0,0,,3.280
1727,09:31:03.614,ROI,160,160,256,256,7.88,8.58,20.0,0.0,116.51,780.54,269.02,114.37,96.48,0.8782,17.1900,39.8200,0.0000,0.0000,0.8581,0,39.8200,399.8770,392.6525,3.7101,394.1863,0.2123,POST_PH4_RE_RFB,39.40,-5.21,644.2,352.6,0.00,0,0,,3.327
1728,09:31:03.679,ROI,160,160,256,256,7.97,8.69,14.075,0.0,115.11,782.90,267.35,111.87,95.17,0.9267,18.2000,38.7300,0.0000,0.0000,0.8889,0,38.7300,399.7287,392.7747,3.6215,394.2794,0.2164,POST_PH4_RE_RFB,39.40,-5.12,644.2,352.6,0.00,0,0,,3.391
1729,09:31:03.741,ROI,160,160,224,224,8.01,8.71,14.625,0.0,114.79,784.81,265.95,112.57,91.46,0.9295,18.5100,36.1300,0.0000,0.0000,0.8753,0,36.1300,399.2116,392.7147,3.6042,394.1258,0.2172,POST_PH4_RE_RFB,39.40,-5.27,644.2,352.6,0.00,0,0,,3.454
1730,09:31:03.789,ROI,160,160,256,256,10.99,11.84,19.65,0.0,84.45,786.14,266.15,114.69,92.45,0.9665,16.6700,34.9100,0.0000,0.0000,0.8793,0,34.9100,398.3460,392.4486,3.5693,393.7392,0.2189,POST_PH4_RE_RFB,39.40,-5.66,644.2,352.6,0.00,0,0,,3.505
1731,09:31:03.853,ROI,160,160,256,256,9.74,10.45,15.175,37.375,95.67,788.96,263.79,116.42,91.63,0.9059,17.9800,33.3900,0.0000,0.0000,0.9108,0,33.3900,397.1244,392.0152,3.5055,393.1492,0.2220,POST_PH4_RE_RFB,39.40,-6.25,644.2,352.6,0.00,0,0,,3.567
1732,09:31:03.917,ROI,160,160,256,256,8.98,9.81,7.225,0.0,101.90,789.87,264.36,115.66,91.25,0.9723,17.3400,35.2000,0.0000,0.0000,0.8534,0,35.2000,396.3515,391.4243,3.4286,392.5369,0.2258,POST_PH4_RE_RFB,39.40,-6.86,644.2,352.6,0.00,0,0,,3.631
1733,09:31:03.965,ROI,160,160,256,256,8.06,8.75,20.75,0.0,114.33,791.00,262.75,115.28,90.74,0.9469,16.9200,34.6200,0.0000,0.0000,0.8775,0,34.6200,395.6663,390.5813,3.2763,391.7704,0.2338,POST_PH4_RE_RFB,39.40,-7.63,644.2,352.6,0.00,0,0,,3.677
1734,09:31:04.093,ROI,160,160,256,256,7.87,8.57,3.25,0.0,116.63,793.70,261.74,115.38,91.90,0.9338,17.1900,36.0400,0.0000,0.0000,0.8609,0,36.0400,395.4196,389.6535,3.1427,391.0454,0.2414,POST_PH4_RE_RFB,39.40,-8.35,644.2,352.6,0.00,0,0,,3.806
1735,09:31:04.141,ROI,160,160,256,256,7.98,8.69,9.85,0.0,115.11,794.23,262.07,114.19,89.57,0.9646,18.9200,35.3100,0.0000,0.0000,0.8831,0,35.3100,395.1129,388.6309,2.9459,390.2736,0.2534,POST_PH4_RE_RFB,39.40,-9.13,644.2,352.6,0.00,0,0,,3.854
1736,09:31:04.205,ROI,160,160,256,256,7.99,8.70,14.325,0.0,114.90,794.83,261.41,112.62,90.00,0.9719,19.0100,34.7600,0.0000,0.0000,0.8808,0,34.7600,394.5439,387.6640,2.8366,389.4572,0.2606,POST_PH4_RE_RFB,39.40,-9.94,644.2,352.6,0.00,0,0,,3.917
1737,09:31:04.270,ROI,160,160,256,256,8.02,8.72,0.0,0.0,114.63,794.96,261.58,113.63,89.01,0.9803,18.8900,33.6600,0.0000,0.0000,0.8945,0,33.6600,394.0956,386.8916,2.6205,388.8814,0.2762,POST_PH4_RE_RFB,39.40,-10.52,644.2,352.6,0.00,0,0,,3.983
1738,09:31:04.316,ROI,160,160,256,256,8.39,9.10,20.875,0.0,109.92,794.98,261.45,113.18,88.34,0.9885,18.9100,33.5900,0.0000,0.0000,0.9022,0,33.5900,393.3506,386.3033,2.4501,388.3459,0.2898,POST_PH4_RE_RFB,39.40,-11.05,644.2,352.6,0.00,0,0,,4.030
1739,09:31:04.382,ROI,160,160,256,256,8.50,9.21,13.75,0.0,108.52,795.20,261.22,113.04,88.64,0.9910,19.0400,33.2700,0.0000,0.0000,0.9049,0,33.2700,393.1706,385.8521,2.1805,388.1532,0.3144,POST_PH4_RE_RFB,39.40,-11.25,644.2,352.6,0.00,0,0,,4.096
1740,09:31:04.446,ROI,160,160,256,256,8.04,8.74,14.35,0.0,114.39,795.27,260.92,112.72,89.95,0.9827,19.3400,34.6600,0.0000,0.0000,0.8904,0,34.6600,392.8976,385.6294,1.9564,388.0879,0.3383,POST_PH4_RE_RFB,39.40,-11.31,644.2,352.6,0.00,0,0,,4.159
1741,09:31:04.559,ROI,160,160,256,256,8.03,8.74,7.525,44.7,114.46,795.50,261.07,111.89,87.97,0.9707,18.6900,35.9100,0.0000,0.0000,0.8800,0,35.9100,393.1558,385.4887,1.6780,388.3518,0.3734,POST_PH4_RE_RFB,39.40,-11.05,644.2,352.6,0.00,0,0,,4.272
1742,09:31:04.622,ROI,160,160,224,224,8.41,9.12,7.1,0.0,109.70,793.45,261.31,114.18,92.82,0.9143,17.7400,33.0500,0.0000,0.0000,0.8741,0,33.0500,393.1318,385.5787,1.3961,388.7310,0.4173,POST_PH4_RE_RFB,39.40,-10.67,644.2,352.6,0.00,0,0,,4.336
1743,09:31:04.670,ROI,160,160,256,256,8.06,8.75,10.025,0.0,114.28,794.49,261.74,113.20,89.63,0.9483,19.4000,35.9400,0.0000,0.0000,0.8869,0,35.9400,393.3074,385.5611,1.1120,389.2289,0.4735,POST_PH4_RE_RFB,39.40,-10.17,644.2,352.6,0.00,0,0,,4.383
1744,09:31:04.733,ROI,160,160,256,256,7.95,8.70,7.3,0.0,115.00,793.63,262.17,114.03,89.81,0.9757,18.7500,34.0800,0.0000,0.0000,0.8889,0,34.0800,393.5619,385.7240,0.8457,389.9705,0.5418,POST_PH4_RE_RFB,39.40,-9.43,644.2,352.6,0.00,0,0,,4.446
1745,09:31:04.797,ROI,160,160,256,256,7.96,8.66,7.1,0.0,115.49,792.04,263.50,113.87,92.00,0.9447,18.6500,36.4200,0.0000,0.0000,0.8546,0,36.4200,394.3342,385.5617,0.6118,391.0043,0.6204,POST_PH4_RE_RFB,39.40,-8.40,644.2,352.6,0.00,0,0,,4.509
1746,09:31:04.845,ROI,160,160,256,256,8.63,9.36,19.675,0.0,106.86,791.26,264.17,116.42,93.86,0.9588,17.7600,36.2500,0.0000,0.0000,0.8470,0,36.2500,395.0103,384.8479,0.3911,392.1533,0.7189,POST_PH4_RE_RFB,39.40,-7.25,644.2,352.6,0.00,0,0,,4.558
1747,09:31:04.975,ROI,160,160,256,256,8.12,8.88,6.475,0.0,112.58,788.17,266.21,115.18,92.80,0.9083,16.6700,36.1600,0.0000,0.0000,0.8497,0,36.1600,395.4226,381.4487,0.1380,393.7285,0.8788,POST_PH4_RE_RFB,39.40,-5.67,644.2,352.6,0.00,0,0,,4.688
1748,09:31:05.021,ROI,160,160,256,256,8.30,9.01,21.15,0.0,111.03,784.45,267.28,116.00,92.74,0.9169,17.1600,36.3300,0.0000,0.0000,0.8401,0,36.3300,395.7336,385.5287,0.1869,394.1266,0.8425,POST_PH4_RE_RFB,39.40,-5.27,644.2,352.6,0.00,0,0,,4.734
1749,09:31:05.085,ROI,160,160,256,256,7.93,8.64,14.2,0.0,115.69,781.17,268.33,112.16,94.21,0.9240,17.9200,38.3500,0.0000,0.0000,0.8630,0,38.3500,396.2642,386.8294,0.4757,393.2227,0.6776,POST_PH4_RE_RFB,39.40,-6.18,644.2,352.6,0.00,0,0,,4.797
1750,09:31:05.150,ROI,160,160,256,256,8.36,9.09,13.65,0.0,109.99,777.78,269.66,113.23,96.27,0.9163,17.9000,38.0500,0.0000,0.0000,0.8472,0,38.0500,396.8475,387.5594,0.8042,392.7075,0.5543,POST_PH4_RE_RFB,39.40,-6.69,644.2,352.6,0.00,0,0,,4.864
1751,09:31:05.199,ROI,160,160,256,256,10.28,11.43,19.85,0.0,87.49,774.87,271.86,110.98,95.44,0.9077,17.2100,40.4900,0.0000,0.0000,0.8187,0,40.4900,397.8158,387.9195,1.1349,392.5551,0.4684,POST_PH4_RE_RFB,39.40,-6.84,644.2,352.6,0.00,0,0,,4.914
1752,09:31:05.263,ROI,160,160,224,224,11.42,12.33,14.8,31.7,81.13,770.57,273.67,110.40,95.98,0.8921,16.0200,39.3000,0.0000,0.0000,0.8659,0,39.3000,398.5954,388.0774,1.4531,392.3651,0.4077,POST_PH4_RE_RFB,39.40,-7.03,644.2,352.6,0.00,0,0,,4.980
1753,09:31:05.326,ROI,160,160,224,224,10.34,11.06,7.8,35.3,90.39,771.33,273.35,111.87,94.29,0.9692,17.9400,37.3700,2.3500,37.2000,0.8616,0,37.3700,398.8416,388.1389,1.6969,392.1074,0.3708,POST_PH4_RE_RFB,39.40,-7.29,644.2,352.6,0.00,0,0,,5.041
1754,09:31:05.374,ROI,160,160,224,224,7.93,8.63,0.0,0.0,115.87,766.42,275.72,110.95,95.51,0.8729,17.6100,39.2800,0.0000,0.0000,0.8844,0,39.2800,399.3815,388.0851,1.9673,391.8921,0.3370,POST_PH4_RE_RFB,39.40,-7.51,644.2,352.6,0.00,0,0,,5.086
1755,09:31:05.502,ROI,160,160,224,224,8.01,8.72,6.5,0.0,114.71,760.48,279.14,112.17,95.05,0.8395,17.9300,40.6000,0.0000,0.0000,0.8770,0,40.6000,399.9900,388.0487,2.2914,391.6768,0.3038,POST_PH4_RE_RFB,39.40,-7.72,644.2,352.6,0.00,0,0,,5.215
1756,09:31:05.549,ROI,160,160,256,256,8.57,9.28,20.475,0.0,107.71,758.00,278.50,113.20,96.54,0.9423,17.2400,43.1300,0.0000,0.0000,0.8601,0,43.1300,400.9868,387.8788,2.5680,391.5525,0.2803,POST_PH4_RE_RFB,39.40,-7.85,644.2,352.6,0.00,0,0,,5.263
1757,09:31:05.613,ROI,160,160,256,256,7.74,8.44,14.45,0.0,118.50,754.37,282.13,117.04,93.36,0.8722,15.4500,37.6700,0.0000,0.0000,0.8349,0,37.6700,400.6632,387.7262,2.8403,391.0949,0.2604,POST_PH4_RE_RFB,39.40,-8.31,644.2,352.6,0.00,0,0,,5.325
1758,09:31:05.679,ROI,160,160,256,256,7.91,8.61,13.575,0.0,116.18,752.19,281.74,118.32,96.38,0.9338,15.5400,40.1700,0.0000,0.0000,0.8338,0,40.1700,400.9285,387.5317,3.0453,390.8434,0.2472,POST_PH4_RE_RFB,39.40,-8.56,644.2,352.6,0.00,0,0,,5.391
1759,09:31:05.725,ROI,160,160,256,256,7.85,8.53,20.825,0.0,117.21,750.69,282.18,116.85,93.60,0.9468,15.4600,40.3200,0.0000,0.0000,0.8611,0,40.3200,401.2668,387.2401,3.1761,390.5989,0.2395,POST_PH4_RE_RFB,39.40,-8.80,644.2,352.6,0.00,0,0,,5.437
1760,09:31:05.791,ROI,160,160,256,256,7.83,8.51,13.6,0.0,117.53,747.89,285.46,116.70,92.29,0.8897,15.8600,39.2900,0.0000,0.0000,0.8574,0,39.2900,400.9991,387.0261,3.3122,390.2664,0.2319,POST_PH4_RE_RFB,39.40,-9.13,644.2,352.6,0.00,0,0,,5.503
1761,09:31:05.855,ROI,160,160,256,256,11.65,12.51,13.975,31.25,79.95,744.47,288.10,113.60,92.64,0.8914,15.7500,43.6900,0.0000,0.0000,0.8800,0,43.6900,401.8436,386.8348,3.4013,390.2449,0.2272,POST_PH4_RE_RFB,39.40,-9.16,644.2,352.6,0.00,0,0,,5.572
1762,09:31:05.903,ROI,160,160,256,256,7.83,8.53,11.15,0.0,117.27,742.56,292.50,119.02,91.55,0.8696,16.4700,38.8000,0.0000,0.0000,0.8341,0,38.8000,401.3446,386.9419,3.4572,390.1733,0.2244,POST_PH4_RE_RFB,39.40,-9.23,644.2,352.6,0.00,0,0,,5.615
1763,09:31:06.030,ROI,160,160,256,256,7.94,8.75,6.55,0.0,114.25,738.46,294.24,121.39,95.79,0.8937,16.7500,38.4400,0.0000,0.0000,0.8722,0,38.4400,400.9491,387.0851,3.5098,390.1593,0.2217,POST_PH4_RE_RFB,39.40,-9.24,644.2,352.6,0.00,0,0,,5.743
1764,09:31:06.077,ROI,160,160,256,256,7.84,8.54,10.2,0.0,117.13,735.04,295.62,120.27,92.93,0.9173,14.7800,35.8300,0.0000,0.0000,0.8353,0,35.8300,399.9650,387.0494,3.5201,389.9068,0.2212,POST_PH4_RE_RFB,39.40,-9.49,644.2,352.6,0.00,0,0,,5.790
1765,09:31:06.142,ROI,160,160,256,256,7.92,8.64,13.925,0.0,115.75,731.78,297.58,123.76,94.45,0.9099,15.3300,34.9500,0.0000,0.0000,0.8652,0,34.9500,398.7982,385.6026,3.5377,388.5106,0.2204,POST_PH4_RE_RFB,39.40,-10.89,644.2,352.6,0.00,0,0,,5.855
1766,09:31:06.205,ROI,160,160,256,256,7.81,8.52,14.45,0.0,117.36,728.82,298.86,122.18,95.34,0.9283,14.8300,35.6100,0.0000,0.0000,0.8067,0,35.6100,397.8067,387.8150,3.5528,390.0096,0.2196,POST_PH4_RE_RFB,39.40,-9.39,644.2,352.6,0.00,0,0,,5.917
1767,09:31:06.253,ROI,160,160,256,256,7.80,8.51,19.65,0.0,117.50,725.26,302.50,121.70,94.02,0.8752,14.9200,37.3000,0.0000,0.0000,0.7932,0,37.3000,397.3981,389.0791,3.5889,390.8920,0.2179,POST_PH4_RE_RFB,39.40,-8.51,644.2,352.6,0.00,0,0,,5.966
1768,09:31:06.317,ROI,160,160,256,256,8.27,9.08,14.1,0.0,110.16,722.44,304.40,123.34,94.72,0.9179,14.6100,35.7800,0.0000,0.0000,0.7878,0,35.7800,396.6635,390.2359,3.6202,391.6271,0.2164,POST_PH4_RE_RFB,39.40,-7.77,644.2,352.6,0.00,0,0,,6.030
1769,09:31:06.383,ROI,160,160,256,256,7.82,8.57,13.8,0.0,116.71,716.74,306.11,124.40,94.19,0.8809,13.9100,34.8900,0.0000,0.0000,0.8134,0,34.8900,396.0576,391.2738,3.6889,392.2940,0.2133,POST_PH4_RE_RFB,39.40,-7.11,644.2,352.6,0.00,0,0,,6.095
1770,09:31:06.429,ROI,160,160,256,256,9.06,9.92,20.7,0.0,100.85,713.79,307.25,119.46,91.63,0.9270,15.8000,38.7700,0.0000,0.0000,0.8196,0,38.7700,396.2119,392.1513,3.7628,393.0039,0.2100,POST_PH4_RE_RFB,39.40,-6.40,644.2,352.6,0.00,0,0,,6.143
1771,09:31:06.557,ROI,160,160,256,256,7.97,8.68,6.625,0.0,115.17,707.30,310.41,122.75,93.33,0.8416,15.2900,38.8400,0.0000,0.0000,0.8317,0,38.8400,396.1754,392.9043,3.8104,393.5843,0.2079,POST_PH4_RE_RFB,39.40,-5.82,644.2,352.6,0.00,0,0,,6.270
1772,09:31:06.605,ROI,160,160,256,256,7.88,8.58,19.85,0.0,116.50,703.69,310.48,122.78,93.41,0.9414,14.7500,37.6700,0.0000,0.0000,0.8118,0,37.6700,396.0859,393.3916,3.8657,393.9454,0.2055,POST_PH4_RE_RFB,39.40,-5.45,644.2,352.6,0.00,0,0,,6.318
1773,09:31:06.670,ROI,160,160,256,256,8.09,8.80,13.775,0.0,113.61,701.34,312.43,124.43,94.05,0.9240,15.0900,37.6100,0.0000,0.0000,0.8222,0,37.6100,396.1590,393.6930,3.9611,394.1900,0.2016,POST_PH4_RE_RFB,39.40,-5.21,644.2,352.6,0.00,0,0,,6.383
1774,09:31:06.734,ROI,160,160,256,256,7.81,8.52,7.05,0.0,117.40,699.75,313.73,126.24,95.66,0.9490,14.1000,37.7300,0.0000,0.0000,0.7888,0,37.7300,396.5902,393.6650,3.9876,394.2515,0.2005,POST_PH4_RE_RFB,39.40,-5.15,644.2,352.6,0.00,0,0,,6.447
1775,09:31:06.781,ROI,160,160,256,256,7.85,8.57,10.275,0.0,116.71,696.23,315.77,123.92,94.29,0.9064,14.9400,35.8500,0.0000,0.0000,0.8117,0,35.8500,396.1247,393.4602,4.0432,393.9885,0.1983,POST_PH4_RE_RFB,39.40,-5.41,644.2,352.6,0.00,0,0,,6.494
1776,09:31:06.845,ROI,160,160,256,256,7.95,8.66,7.0,0.0,115.44,692.88,316.78,127.74,92.59,0.9286,15.4400,34.4200,0.0000,0.0000,0.8411,0,34.4200,395.6763,392.9082,4.0537,393.4559,0.1979,POST_PH4_RE_RFB,39.40,-5.94,644.2,352.6,0.00,0,0,,6.558
1777,09:31:06.960,ROI,160,160,256,256,8.04,8.76,7.4,44.625,114.20,686.54,319.86,126.56,96.77,0.8507,16.0000,34.4600,0.0000,0.0000,0.8266,0,34.4600,395.3535,391.9783,4.0773,392.6431,0.1970,POST_PH4_RE_RFB,39.40,-6.76,644.2,352.6,0.00,0,0,,6.672
1778,09:31:07.023,ROI,160,160,256,256,7.90,8.63,7.15,0.0,115.94,686.05,319.80,130.27,93.52,0.9398,16.4200,33.8600,0.0000,0.0000,0.8610,0,33.8600,394.8963,390.7796,4.0351,391.5972,0.1986,POST_PH4_RE_RFB,39.40,-7.80,644.2,352.6,0.00,0,0,,6.736
1779,09:31:07.087,ROI,160,160,288,288,7.87,8.58,14.15,0.0,116.54,682.62,322.02,132.01,92.77,0.9059,19.2600,31.0400,0.0000,0.0000,0.9086,0,31.0400,394.4461,389.4312,4.0027,390.4336,0.1999,POST_PH4_RE_RFB,39.40,-8.97,644.2,352.6,0.00,0,0,,6.799
1780,09:31:07.133,ROI,160,160,288,288,7.93,8.65,20.45,0.0,115.59,678.94,324.66,132.53,95.56,0.8956,18.2600,31.9600,0.0000,0.0000,0.9244,0,31.9600,393.8627,388.2428,3.9750,389.3724,0.2010,POST_PH4_RE_RFB,39.40,-10.03,644.2,352.6,0.00,0,0,,6.846
1781,09:31:07.197,ROI,160,160,288,288,7.96,8.68,14.275,0.0,115.22,677.39,324.83,131.92,95.24,0.9735,17.4300,32.2900,0.0000,0.0000,0.9035,0,32.2900,393.4270,387.1748,3.9130,388.4474,0.2035,POST_PH4_RE_RFB,39.40,-10.95,644.2,352.6,0.00,0,0,,6.910
1782,09:31:07.262,ROI,160,160,288,288,9.06,9.75,13.875,40.05,102.55,672.37,328.00,132.26,94.41,0.8690,16.5800,31.0500,0.0000,0.0000,0.8701,0,31.0500,392.5553,386.2485,3.8857,387.5394,0.2047,POST_PH4_RE_RFB,39.40,-11.86,644.2,352.6,0.00,0,0,,6.976
1783,09:31:07.309,ROI,160,160,288,288,9.55,10.30,10.375,0.0,97.09,670.27,328.80,130.00,95.67,0.9526,17.3300,33.4600,0.0000,0.0000,0.9026,0,33.4600,392.1629,385.4930,3.8263,386.8750,0.2072,POST_PH4_RE_RFB,39.40,-12.52,644.2,352.6,0.00,0,0,,7.024
1784,09:31:07.439,ROI,160,160,288,288,7.98,8.74,6.55,0.0,114.44,661.29,333.87,122.74,100.48,0.7881,15.8100,40.3900,0.0000,0.0000,0.7788,0,40.3900,393.2885,384.9040,3.8684,386.6262,0.2054,POST_PH4_RE_RFB,39.40,-12.77,644.2,352.6,0.00,0,0,,7.152
1785,09:31:07.485,ROI,160,160,256,256,7.86,8.59,20.8,0.0,116.45,658.70,335.64,129.82,103.25,0.9133,14.8800,36.3600,0.0000,0.0000,0.8528,0,36.3600,393.6931,384.6235,3.9023,386.4736,0.2040,POST_PH4_RE_RFB,39.40,-12.93,644.2,352.6,0.00,0,0,,7.198
1786,09:31:07.549,ROI,160,160,288,288,7.84,8.55,14.05,0.0,116.90,655.66,337.18,127.75,107.91,0.9139,17.6600,40.4900,0.0000,0.0000,0.8711,0,40.4900,394.7906,384.6642,3.9091,386.7270,0.2037,POST_PH4_RE_RFB,39.40,-12.67,644.2,352.6,0.00,0,0,,7.262
1787,09:31:07.613,ROI,160,160,256,256,10.19,11.23,14.125,0.0,89.06,653.10,339.64,127.01,106.05,0.9181,16.4500,40.0200,0.0000,0.0000,0.8793,0,40.0200,395.6105,384.9827,3.9377,387.1351,0.2025,POST_PH4_RE_RFB,39.40,-12.26,644.2,352.6,0.00,0,0,,7.329
1788,09:31:07.663,ROI,160,160,256,256,10.71,11.75,20.125,0.0,85.11,649.62,339.40,124.56,110.11,0.9126,15.2800,43.5900,0.0000,0.0000,0.8635,0,43.5900,397.5021,385.4169,3.9313,387.8677,0.2028,POST_PH4_RE_RFB,39.40,-11.53,644.2,352.6,0.00,0,0,,7.379
1789,09:31:07.726,ROI,160,160,256,256,7.83,8.53,15.4,0.0,117.17,648.57,340.50,128.91,117.02,0.9092,17.1400,43.0000,0.0000,0.0000,0.8833,0,43.0000,399.1962,385.9735,3.9437,388.6482,0.2023,POST_PH4_RE_RFB,39.40,-10.75,644.2,352.6,0.00,0,0,,7.438
1790,09:31:07.789,ROI,160,160,288,288,8.93,9.66,14.325,0.0,103.56,650.90,339.71,129.85,116.12,0.9519,14.1300,39.7500,0.0000,0.0000,0.8082,0,39.7500,400.0221,386.5155,3.8404,389.3059,0.2066,POST_PH4_RE_RFB,39.40,-10.09,644.2,352.6,0.00,0,0,,7.503
1791,09:31:07.838,ROI,160,160,288,288,7.96,8.67,19.925,0.0,115.29,648.22,344.42,133.43,114.61,0.8864,20.1300,41.2200,0.0000,0.0000,0.9037,0,41.2200,401.1057,387.2409,3.7524,390.1583,0.2104,POST_PH4_RE_RFB,39.40,-9.24,644.2,352.6,0.00,0,0,,7.550
1792,09:31:07.966,ROI,160,160,288,288,7.87,8.58,6.5,45.525,116.51,648.13,344.31,133.65,113.18,0.9860,19.0100,40.9400,0.0000,0.0000,0.9074,0,40.9400,402.0820,388.1001,3.5772,391.1548,0.2185,POST_PH4_RE_RFB,39.40,-8.25,644.2,352.6,0.00,0,0,,7.679
1793,09:31:08.015,ROI,160,160,288,288,7.87,8.58,9.875,0.0,116.57,646.99,344.40,134.14,114.52,0.9718,19.4600,40.4400,0.0000,0.0000,0.9280,0,40.4400,402.6908,389.0867,3.3768,392.1949,0.2285,POST_PH4_RE_RFB,39.40,-7.21,644.2,352.6,0.00,0,0,,7.727
1794,09:31:08.078,ROI,160,160,288,288,9.64,10.79,7.15,0.0,92.70,646.88,342.67,132.32,114.55,0.9573,18.6100,42.5900,0.0000,0.0000,0.9147,0,42.5900,403.5002,389.9783,3.1119,393.2668,0.2432,POST_PH4_RE_RFB,39.40,-6.13,644.2,352.6,0.00,0,0,,7.793
1795,09:31:08.142,ROI,160,160,288,288,7.90,8.61,0.0,0.0,116.16,646.34,344.56,135.67,120.20,0.9295,18.0100,42.9400,0.0000,0.0000,0.8970,0,42.9400,404.2424,390.7904,2.9010,394.2388,0.2563,POST_PH4_SETTLING,39.40,-5.16,644.2,352.6,0.00,0,0,,7.855
1796,09:31:08.190,ROI,160,160,288,288,10.97,11.88,10.0,0.0,84.15,646.77,342.99,133.76,114.82,0.9418,19.7400,40.4000,0.0000,0.0000,0.9248,0,40.4000,404.2492,391.4261,2.5797,395.0083,0.2794,POST_PH4_SETTLING,39.40,-4.39,644.2,352.6,0.00,0,0,,7.906
1797,09:31:08.253,ROI,160,160,288,288,8.73,9.45,15.1,0.0,105.81,646.13,345.20,135.92,120.96,0.9342,17.3600,43.5500,0.0000,0.0000,0.8818,0,43.5500,404.4727,392.0528,2.2748,395.8454,0.3054,POST_PH4_SETTLING,39.40,-3.55,644.2,352.6,0.00,0,0,,7.967
1798,09:31:08.318,ROI,160,160,288,288,8.54,9.26,14.275,0.0,107.99,645.66,343.06,130.82,116.87,0.9284,18.6500,43.8200,0.0000,0.0000,0.9120,0,43.8200,404.6343,392.6146,1.9561,396.6806,0.3383,POST_PH4_SETTLING,39.40,-2.72,644.2,352.6,0.00,0,0,,8.031
1799,09:31:08.366,ROI,160,160,288,288,8.39,9.11,19.9,0.0,109.80,647.75,343.95,132.01,117.04,0.9541,14.8700,44.7600,0.0000,0.0000,0.8744,0,44.7600,404.8168,393.2841,1.5644,397.7813,0.3900,POST_PH4_SETTLING,39.40,-1.62,644.2,352.6,0.00,0,0,,8.079
1800,09:31:08.495,ROI,160,160,288,288,8.53,9.27,6.55,0.0,107.90,648.26,343.50,135.72,116.28,0.9654,19.0100,41.7700,0.0000,0.0000,0.9092,0,41.7700,404.0308,394.1585,1.2053,398.6352,0.4535,POST_PH4_SETTLING,39.40,-0.76,644.2,352.6,0.00,0,0,,8.208
1801,09:31:08.540,ROI,160,160,288,288,7.94,8.67,21.325,0.0,115.38,647.84,343.95,135.27,114.26,0.9766,20.1900,38.7500,0.0000,0.0000,0.9124,0,38.7500,402.7063,395.4174,0.8420,399.3745,0.5429,POST_PH4_SETTLING,39.40,-0.03,644.2,352.6,0.00,0,0,,8.253
1802,09:31:08.606,ROI,160,160,288,288,7.89,8.61,13.775,0.0,116.10,648.26,343.54,135.72,115.76,0.9810,19.1200,41.5200,0.0000,0.0000,0.9089,0,41.5200,402.6260,397.0245,0.6146,400.4938,0.6193,POST_PH4_SETTLING,39.40,1.09,644.2,352.6,0.00,0,0,,8.319
1803,09:31:08.669,ROI,160,160,288,288,7.88,8.59,21.65,0.0,116.40,647.73,343.92,135.36,114.59,0.9822,20.1800,38.9300,0.0000,0.0000,0.9132,0,38.9300,401.5480,399.3805,0.4287,400.8976,0.6999,POST_PH4_SETTLING,39.40,1.50,644.2,352.6,0.00,0,0,,8.381
1804,09:31:08.719,ROI,160,160,288,288,8.33,9.17,9.425,0.0,109.09,648.15,343.52,135.43,115.97,0.9819,18.9500,41.7500,0.0000,0.0000,0.9051,0,41.7500,401.4610,402.8980,0.2718,401.7681,0.7863,POST_PH4_SETTLING,39.40,2.37,644.2,352.6,0.00,0,0,,8.432
1805,09:31:08.781,ROI,160,160,288,288,8.74,9.94,7.375,0.0,100.57,647.73,344.04,135.20,114.59,0.9819,20.2500,39.1700,0.0000,0.0000,0.9135,0,39.1700,400.7716,408.9550,0.1845,402.0461,0.8442,POST_PH4_SETTLING,39.40,2.65,644.2,352.6,0.00,0,0,,8.495
1806,09:31:08.845,ROI,160,160,288,288,10.01,11.18,14.4,0.0,89.47,647.23,343.59,135.63,112.57,0.9753,19.4100,38.7700,0.0000,0.0000,0.9204,0,38.7700,400.4119,414.0956,0.1116,401.7858,0.8996,POST_PH4_SETTLING,39.40,2.39,644.2,352.6,0.00,0,0,,8.560
