frame_id,timestamp,mode,input_width,input_height,roi_w,roi_h,inf_time_ms,end_to_end_time_ms,cpu_load_pct,end_to_end_cpu_load_pct,fps,x_center,y_center,width,height,iou_prev_bbox,group1_magnitude,group1_angle,group2_magnitude,group2_angle,best_conf,tracking_lost,raw_angle,model_angle_smooth,trajectory_angle_smooth,estimated_speed,fused_angle,fused_weight_x,pid_mode,target_angle,angle_error,target_x,target_y,distance_error,ble_speed_left,ble_speed_right,post_ph4_spin_elapsed_s,post_ph4_re_rfb_elapsed_s
5701,09:48:26.459,ROI,160,160,224,224,8.20,9.44,0.0,0.0,105.95,787.27,114.24,105.83,75.75,0.9814,18.7900,-156.3300,0.0000,0.0000,0.7975,0,-156.3300,203.3429,172.6728,0.0112,203.0045,0.9890,PHASE_1_ALIGNING,-122.10,-34.89,727.7,209.2,112.10,-1047,1047,,
5702,09:48:26.488,ROI,160,160,224,224,8.03,8.89,19.325,0.0,112.46,786.93,114.42,107.21,75.78,0.9824,18.4900,-156.2100,0.0000,0.0000,0.8006,0,-156.2100,203.3980,174.1357,0.0118,203.0561,0.9883,PHASE_1_ALIGNING,-122.00,-34.94,727.7,209.2,111.77,-1048,1048,,
5703,09:48:26.537,ROI,160,160,224,224,8.53,9.29,9.9,0.0,107.60,787.20,114.21,105.92,75.67,0.9825,18.8800,-156.0300,0.0000,0.0000,0.8014,0,-156.0300,203.5187,177.4060,0.0108,203.2404,0.9893,PHASE_1_ALIGNING,-122.06,-34.70,727.7,209.2,112.09,-1041,1041,,
5704,09:48:26.664,ROI,160,160,224,224,9.63,10.59,0.0,0.0,94.39,787.07,114.39,107.10,75.75,0.9843,18.5800,-156.4700,0.0000,0.0000,0.7976,0,-156.4700,203.4916,181.0153,0.0126,203.2123,0.9876,PHASE_1_ALIGNING,-122.06,-34.73,727.7,209.2,111.86,-1042,1042,,
5705,09:48:26.711,ROI,160,160,224,224,10.72,11.39,0.0,34.3,87.80,787.04,114.42,107.09,75.70,0.9987,18.5900,-156.4300,0.0000,0.0000,0.7990,0,-156.4300,203.5236,181.0007,0.0084,203.3357,0.9917,PHASE_1_ALIGNING,-122.05,-34.61,727.7,209.2,111.82,-1038,1038,,
5706,09:48:26.775,ROI,160,160,224,224,10.38,11.14,0.0,0.0,89.80,787.04,114.39,107.21,75.80,0.9975,18.6100,-156.4500,0.0000,0.0000,0.8000,0,-156.4500,203.5333,182.2090,0.0094,203.3337,0.9906,PHASE_1_ALIGNING,-122.04,-34.62,727.7,209.2,111.85,-1039,1039,,
5707,09:48:26.839,ROI,160,160,224,224,8.57,9.43,0.0,41.425,106.02,787.00,114.41,107.20,75.77,0.9988,18.6500,-156.2000,0.0000,0.0000,0.8046,0,-156.2000,203.6148,174.6139,0.0047,203.4788,0.9953,PHASE_1_ALIGNING,-122.03,-34.49,727.7,209.2,111.81,-1035,1035,,
5708,09:48:26.887,ROI,160,160,224,224,8.61,9.37,10.175,0.0,106.73,787.06,114.39,107.17,75.75,0.9986,18.7600,-156.3300,0.0000,0.0000,0.8050,0,-156.3300,203.6337,171.3091,0.0057,203.4517,0.9944,PHASE_1_ALIGNING,-122.05,-34.50,727.7,209.2,111.86,-1035,1035,,
5709,09:48:26.952,ROI,160,160,224,224,11.11,12.04,0.0,0.0,83.05,786.73,114.50,107.74,75.80,0.9911,18.7300,-155.4900,0.0000,0.0000,0.8238,0,-155.4900,203.8365,186.8104,0.0084,203.6940,0.9916,PHASE_1_ALIGNING,-121.94,-34.37,727.7,209.2,111.59,-1031,1031,,
5710,09:48:27.017,ROI,160,160,224,224,17.01,18.35,14.7,0.0,54.49,786.11,114.52,108.28,75.77,0.9882,19.1200,-154.9100,0.0000,0.0000,0.8310,0,-154.9100,204.1704,187.5121,0.0201,203.8417,0.9803,PHASE_1_ALIGNING,-121.67,-34.49,727.7,209.2,111.25,-1035,1035,,
5711,09:48:27.128,ROI,160,160,224,224,11.52,12.43,4.225,0.0,80.47,785.54,114.87,105.28,76.43,0.9637,17.9200,-150.0400,0.0000,0.0000,0.8712,0,-150.0400,205.4559,190.5865,0.0487,204.7656,0.9536,PHASE_1_ALIGNING,-121.51,-33.72,727.7,209.2,110.65,-1012,1012,,
5712,09:48:27.192,ROI,160,160,224,224,8.21,9.26,0.0,0.0,108.05,784.27,115.22,105.70,76.73,0.9675,17.7300,-146.4800,0.0000,0.0000,0.8875,0,-146.4800,207.3276,187.4913,0.0925,205.6487,0.9154,PHASE_1_ALIGNING,-121.05,-33.31,727.7,209.2,109.70,-999,999,,
5713,09:48:27.241,ROI,160,160,224,224,8.64,9.36,0.0,0.0,106.81,784.10,115.67,103.17,77.11,0.9648,18.5900,-139.3400,0.0000,0.0000,0.8667,0,-139.3400,210.4881,189.2698,0.1408,207.8697,0.8766,PHASE_1_ALIGNING,-121.09,-31.04,727.7,209.2,109.22,-931,931,,
5714,09:48:27.304,ROI,160,160,224,224,7.98,8.83,7.325,0.0,113.31,783.57,115.67,102.27,77.52,0.9846,18.4300,-138.8300,0.0000,0.0000,0.8719,0,-138.8300,213.4078,195.8076,0.1857,210.6508,0.8434,PHASE_1_ALIGNING,-120.85,-28.50,727.7,209.2,108.94,-855,855,,
5715,09:48:27.369,ROI,160,160,224,224,10.85,11.58,0.0,33.725,86.33,783.24,115.07,97.16,78.89,0.9343,17.8900,-132.6100,0.0000,0.0000,0.8998,0,-132.6100,217.2939,198.9342,0.2282,213.8832,0.8142,PHASE_1_ALIGNING,-120.54,-25.58,727.7,209.2,109.29,-767,767,,
5716,09:48:27.415,ROI,160,160,224,224,11.22,11.90,11.225,0.0,84.06,782.96,114.93,96.05,79.77,0.9778,17.7600,-129.0900,0.0000,0.0000,0.8780,0,-129.0900,221.5063,200.6771,0.2680,217.1045,0.7887,PHASE_1_ALIGNING,-120.38,-22.52,727.7,209.2,109.27,-676,676,,
5717,09:48:27.527,ROI,160,160,224,224,13.45,14.65,3.9,26.6,68.24,782.81,114.98,93.53,82.71,0.9400,17.3100,-124.0400,0.0000,0.0000,0.8855,0,-124.0400,226.2856,201.4061,0.2967,220.5922,0.7712,PHASE_2_DRIVING,-120.32,-19.08,727.7,209.2,109.15,1359,2000,,
5718,09:48:27.592,ROI,160,160,192,192,13.27,14.11,0.0,0.0,70.89,782.77,114.66,90.14,82.20,0.9563,19.3300,-123.2300,0.0000,0.0000,0.8452,0,-123.2300,230.6630,200.7887,0.3219,223.3887,0.7565,PHASE_2_DRIVING,-120.22,-16.39,727.7,209.2,109.41,1787,2000,,
5719,09:48:27.657,ROI,160,160,192,192,8.41,9.18,0.0,0.0,108.92,783.07,114.29,85.68,83.20,0.9397,18.6500,-119.9000,0.0000,0.0000,0.8618,0,-119.9000,235.1470,199.7417,0.3264,226.4352,0.7539,PHASE_2_DRIVING,-120.26,-13.31,727.7,209.2,109.88,1962,2000,,
5720,09:48:27.704,ROI,160,160,192,192,8.01,8.82,10.3,0.0,113.34,783.26,114.35,84.77,83.28,0.9879,18.7900,-119.9400,0.0000,0.0000,0.8878,0,-119.9400,238.9970,198.2199,0.3269,228.9519,0.7537,PHASE_2_DRIVING,-120.36,-10.69,727.7,209.2,109.93,1992,2000,,
5721,09:48:27.768,ROI,160,160,192,192,11.34,12.07,7.075,0.0,82.85,783.66,114.48,83.40,84.48,0.9701,18.1800,-117.2200,0.0000,0.0000,0.8698,0,-117.2200,242.7874,196.9117,0.3079,231.9875,0.7646,PHASE_2_DRIVING,-120.57,-7.44,727.7,209.2,110.02,2000,1789,,
5722,09:48:27.831,ROI,160,160,192,192,10.53,11.45,7.575,0.0,87.32,783.44,114.49,83.20,84.61,0.9933,17.9400,-115.6400,0.0000,0.0000,0.8589,0,-115.6400,246.1715,195.3658,0.2887,234.7911,0.7760,PHASE_2_DRIVING,-120.48,-4.73,727.7,209.2,109.90,2000,1770,,
5723,09:48:27.879,ROI,160,160,192,192,10.01,10.70,10.775,0.0,93.45,783.73,114.70,81.46,86.17,0.9617,17.4300,-111.4900,0.0000,0.0000,0.9010,0,-111.4900,249.6930,191.8265,0.2578,237.8342,0.7951,PHASE_2_DRIVING,-120.66,-1.50,727.7,209.2,109.87,2000,1591,,
5724,09:48:28.009,ROI,160,160,192,192,10.50,11.45,0.0,0.0,87.32,784.08,115.09,80.18,86.40,0.9755,16.4500,-106.9500,0.0000,0.0000,0.9286,0,-106.9500,253.3532,188.4564,0.2140,241.9143,0.8237,PHASE_2_DRIVING,-120.93,2.84,727.7,209.2,109.70,2000,1328,,
5725,09:48:28.057,ROI,160,160,192,192,9.70,10.41,10.7,37.6,96.09,784.61,115.37,79.13,85.98,0.9804,16.3100,-106.0900,0.0000,0.0000,0.9270,0,-106.0900,256.3488,180.2281,0.1555,246.1023,0.8654,PHASE_2_DRIVING,-121.24,7.34,727.7,209.2,109.74,2000,1191,,
5726,09:48:28.120,ROI,160,160,192,192,8.11,8.97,0.0,43.6,111.53,784.73,115.58,80.14,87.61,0.9690,15.7700,-104.8500,0.0000,0.0000,0.9209,0,-104.8500,258.7046,173.5918,0.0891,251.7438,0.9182,PHASE_2_DRIVING,-121.35,13.09,727.7,209.2,109.63,2000,939,,
5727,09:48:28.169,ROI,160,160,192,192,10.11,10.98,0.0,0.0,91.05,784.38,115.72,80.96,87.86,0.9865,15.9600,-104.9200,0.0000,0.0000,0.9267,0,-104.9200,260.2362,179.6008,0.0316,257.7679,0.9694,PHASE_2_DRIVING,-121.23,19.00,727.7,209.2,109.32,2000,804,,
5728,09:48:28.232,ROI,160,160,192,192,11.97,12.61,7.45,0.0,79.29,784.44,116.18,81.04,87.68,0.9882,16.1300,-103.5700,0.0000,0.0000,0.9235,0,-103.5700,261.2214,206.8534,0.0312,259.5774,0.9698,PHASE_2_DRIVING,-121.38,20.96,727.7,209.2,108.96,2000,1106,,
5729,09:48:28.297,ROI,160,160,192,192,11.07,12.04,0.0,0.0,83.06,784.49,116.52,80.76,86.92,0.9879,14.3100,-101.2100,0.0000,0.0000,0.9019,0,-101.2100,262.3301,234.1618,0.0805,260.2303,0.9255,PHASE_2_DRIVING,-121.50,21.73,727.7,209.2,108.70,2000,1205,,
5730,09:48:28.344,ROI,160,160,192,192,10.30,11.13,0.0,0.0,89.85,784.52,116.89,80.82,86.96,0.9907,10.8100,-100.7400,0.0000,0.0000,0.8479,0,-100.7400,263.0738,257.4641,0.1179,262.4823,0.8946,PHASE_2_DRIVING,-121.61,24.09,727.7,209.2,108.40,2000,995,,
5731,09:48:28.472,ROI,160,160,192,192,7.87,8.70,0.0,0.0,114.92,784.41,118.24,81.10,86.92,0.9660,13.3900,-98.7500,0.0000,0.0000,0.8550,0,-98.7500,264.2157,276.4301,0.1734,266.0207,0.8522,PHASE_2_DRIVING,-121.94,27.96,727.7,209.2,107.19,2000,789,,
5732,09:48:28.519,ROI,160,160,192,192,8.33,9.15,10.125,0.0,109.35,784.24,119.07,79.88,86.35,0.9666,12.2100,-97.6900,0.0000,0.0000,0.8129,0,-97.6900,264.9192,291.3452,0.2334,269.9203,0.8108,PHASE_2_DRIVING,-122.10,32.02,727.7,209.2,106.40,2000,698,,
5733,09:48:28.584,ROI,160,160,192,192,10.15,11.09,0.0,35.225,90.14,784.25,119.56,79.81,85.56,0.9876,13.2600,-96.5900,0.0000,0.0000,0.7940,0,-96.5900,265.8171,302.8744,0.2855,274.0465,0.7779,PHASE_2_DRIVING,-122.25,36.29,727.7,209.2,105.98,2000,608,,
5734,09:48:28.649,ROI,160,160,192,192,10.85,11.54,7.225,0.0,86.65,784.18,121.04,80.02,86.89,0.9639,14.8100,-95.4600,0.0000,0.0000,0.8716,0,-95.4600,266.7056,311.1206,0.3507,278.2386,0.7403,PHASE_2_DRIVING,-122.65,40.88,727.7,209.2,104.70,2000,512,,
5735,09:48:28.695,ROI,160,160,192,192,10.07,10.88,0.0,0.0,91.87,784.22,122.14,80.11,88.00,0.9740,13.8400,-93.2900,0.0000,0.0000,0.8890,0,-93.2900,268.0092,316.4578,0.4257,282.4765,0.7014,PHASE_2_DRIVING,-122.99,45.47,727.7,209.2,103.80,2000,442,,
5736,09:48:28.760,ROI,160,160,192,192,9.24,10.09,0.0,0.0,99.09,784.35,124.17,80.84,89.36,0.9467,14.9400,-94.4200,0.0000,0.0000,0.9116,0,-94.4200,268.6322,319.1979,0.5176,285.8781,0.6589,PHASE_2_DRIVING,-123.67,49.55,727.7,209.2,102.17,2000,411,,
5737,09:48:28.809,ROI,160,160,192,192,8.10,9.36,0.0,0.0,106.82,784.22,124.58,81.01,87.34,0.9742,14.6200,-93.7400,0.0000,0.0000,0.8702,0,-93.7400,269.2588,319.5371,0.5914,287.9443,0.6284,PHASE_2_DRIVING,-123.74,51.68,727.7,209.2,101.76,2000,497,,
5738,09:48:28.937,ROI,160,160,192,192,9.29,10.00,0.0,0.0,100.00,784.31,127.82,81.32,89.62,0.9259,16.1800,-94.6500,0.0000,0.0000,0.9021,0,-94.6500,269.2358,317.7261,0.7032,289.2553,0.5871,PHASE_2_DRIVING,-124.82,54.08,727.7,209.2,99.14,2000,444,,
5739,09:48:28.985,ROI,160,160,192,192,9.22,10.07,0.0,0.0,99.32,783.99,129.32,81.91,90.34,0.9597,14.6700,-94.4300,0.0000,0.0000,0.9208,0,-94.4300,269.1164,313.8543,0.8165,289.2261,0.5505,PHASE_2_DRIVING,-125.17,54.40,727.7,209.2,97.72,2000,570,,
5740,09:48:29.048,ROI,160,160,192,192,10.42,11.14,7.35,0.0,89.76,784.33,130.58,81.97,90.82,0.9644,16.9500,-99.8500,0.0000,0.0000,0.8931,0,-99.8500,267.6634,308.0257,0.9221,287.0268,0.5203,PHASE_2_DRIVING,-125.77,52.79,727.7,209.2,96.89,2000,732,,
5741,09:48:29.111,ROI,160,160,192,192,9.92,10.75,15.0,0.0,92.99,784.25,131.08,81.47,92.44,0.9765,15.8700,-100.1200,0.0000,0.0000,0.8879,0,-100.1200,266.3392,300.3474,1.0074,283.4056,0.4982,PHASE_2_DRIVING,-125.90,49.31,727.7,209.2,96.44,2000,955,,
5742,09:48:29.160,ROI,160,160,192,192,10.01,10.66,0.0,0.0,93.81,783.95,132.22,81.85,92.64,0.9685,17.4000,-104.4900,0.0000,0.0000,0.9171,0,-104.4900,264.4255,290.9456,1.0867,278.2367,0.4792,PHASE_2_DRIVING,-126.16,44.40,727.7,209.2,95.34,2000,1206,,
5743,09:48:29.224,ROI,160,160,192,192,8.45,9.27,0.0,0.0,107.88,783.26,133.31,84.54,94.70,0.9461,19.0200,-107.2700,0.0000,0.0000,0.9198,0,-107.2700,261.9952,279.9362,1.1554,271.6124,0.4640,PHASE_2_DRIVING,-126.21,37.82,727.7,209.2,94.06,2000,1586,,
5744,09:48:29.289,ROI,160,160,192,192,8.49,9.14,7.05,0.0,109.47,782.40,135.63,83.82,93.04,0.9328,18.6800,-109.2300,0.0000,0.0000,0.9193,0,-109.2300,259.3222,267.4539,1.2323,263.8112,0.4480,PHASE_2_DRIVING,-126.63,30.44,727.7,209.2,91.68,2000,1964,,
5745,09:48:29.336,ROI,160,160,192,192,8.96,9.76,10.225,0.0,102.51,780.93,135.95,85.15,92.41,0.9594,19.0000,-110.9300,0.0000,0.0000,0.9174,0,-110.9300,256.3704,254.7632,1.2789,255.4685,0.4388,PHASE_2_DRIVING,-126.01,21.47,727.7,209.2,90.55,1497,2000,,
5746,09:48:29.449,ROI,160,160,192,192,10.18,10.84,0.0,0.0,92.27,780.00,139.90,87.65,91.82,0.8928,18.7300,-113.1000,0.0000,0.0000,0.8913,0,-113.1000,253.2298,253.6311,1.3643,253.4614,0.4230,PHASE_2_DRIVING,-127.04,20.50,727.7,209.2,86.82,2000,1430,,
5747,09:48:29.512,ROI,160,160,192,192,9.63,10.53,0.0,0.0,94.95,779.62,140.79,88.33,90.23,0.9722,19.3800,-114.6800,0.0000,0.0000,0.9109,0,-114.6800,250.1952,254.3257,1.4246,252.6222,0.4124,PHASE_2_DRIVING,-127.19,19.82,727.7,209.2,85.88,2000,1417,,
5748,09:48:29.577,ROI,160,160,192,192,9.17,9.94,0.0,0.0,100.58,777.22,142.65,86.82,89.05,0.9091,18.9500,-115.0700,0.0000,0.0000,0.9221,0,-115.0700,247.3694,254.8143,1.4830,251.8159,0.4027,PHASE_2_DRIVING,-126.66,18.47,727.7,209.2,82.95,2000,1537,,
5749,09:48:29.625,ROI,160,160,192,192,8.01,8.82,0.0,0.0,113.44,776.22,143.15,87.77,88.49,0.9665,18.9400,-116.1000,0.0000,0.0000,0.9236,0,-116.1000,244.8052,254.4381,1.5292,250.6295,0.3954,PHASE_2_DRIVING,-126.30,16.93,727.7,209.2,81.95,2000,1611,,
5750,09:48:29.689,ROI,160,160,192,192,8.11,8.71,7.075,0.0,114.81,774.62,144.82,88.19,88.26,0.9291,19.9800,-115.5600,0.0000,0.0000,0.9427,0,-115.5600,242.7737,253.1701,1.5789,249.1388,0.3878,PHASE_2_DRIVING,-126.09,15.22,727.7,209.2,79.66,2000,1690,,
5751,09:48:29.751,ROI,160,160,192,192,9.13,9.90,7.25,0.0,101.02,773.03,146.02,90.14,89.23,0.9397,19.9500,-116.5300,0.0000,0.0000,0.9285,0,-116.5300,240.9795,251.2308,1.6164,247.3126,0.3822,PHASE_2_DRIVING,-125.66,12.97,727.7,209.2,77.76,2000,1848,,
5752,09:48:29.800,ROI,160,160,192,192,11.94,12.63,10.1,0.0,79.15,771.78,147.12,89.72,88.51,0.9491,20.5200,-114.9700,0.0000,0.0000,0.9484,0,-114.9700,239.9799,248.5881,1.6552,245.3461,0.3766,PHASE_2_DRIVING,-125.37,10.72,727.7,209.2,76.14,1936,1871,,
5753,09:48:29.929,ROI,160,160,192,192,9.70,10.50,3.35,0.0,95.26,769.81,150.80,91.62,92.44,0.8837,19.5400,-113.5600,0.0000,0.0000,0.9350,0,-113.5600,239.8523,245.4346,1.7331,243.3922,0.3659,PHASE_2_DRIVING,-125.80,9.19,727.7,209.2,72.00,1855,1745,,
5754,09:48:29.977,ROI,160,160,192,192,9.33,10.23,0.0,0.0,97.72,768.29,152.00,92.12,94.13,0.9432,19.4400,-116.1200,0.0000,0.0000,0.9312,0,-116.1200,239.4308,241.9704,1.8146,241.0681,0.3553,PHASE_2_DRIVING,-125.36,6.43,727.7,209.2,70.14,1673,1834,,
5755,09:48:30.040,ROI,160,160,192,192,8.15,8.96,0.0,0.0,111.63,767.08,153.27,91.00,92.82,0.9480,19.2800,-114.5400,0.0000,0.0000,0.9298,0,-114.5400,239.7889,238.3261,1.8725,238.8353,0.3481,PHASE_2_DRIVING,-125.15,3.98,727.7,209.2,68.40,1611,1809,,
5756,09:48:30.088,ROI,160,160,192,192,9.85,10.90,10.1,0.0,91.76,766.03,154.06,91.66,93.56,0.9612,19.1800,-115.3200,0.0000,0.0000,0.9344,0,-115.3200,240.2512,234.7812,1.9373,236.6434,0.3405,PHASE_2_DRIVING,-124.80,1.44,727.7,209.2,67.16,1533,1825,,
5757,09:48:30.152,ROI,160,160,192,192,14.07,14.96,0.0,0.0,66.86,764.90,155.34,92.34,94.00,0.9495,19.5200,-115.3900,0.0000,0.0000,0.9372,0,-115.3900,241.0862,231.4620,1.9951,234.6754,0.3339,PHASE_2_DRIVING,-124.63,-0.69,727.7,209.2,65.45,1485,1788,,
5758,09:48:30.215,ROI,160,160,192,192,9.73,10.56,0.0,0.0,94.69,762.84,157.94,92.44,94.43,0.9061,19.6900,-115.0900,0.0000,0.0000,0.9432,0,-115.0900,241.7481,228.5388,2.0605,232.8549,0.3267,PHASE_2_DRIVING,-124.43,-2.72,727.7,209.2,62.15,1386,1722,,
5759,09:48:30.328,ROI,160,160,192,192,10.65,11.31,3.775,0.0,88.42,759.98,162.46,91.33,91.68,0.8550,19.7100,-114.8900,0.0000,0.0000,0.9413,0,-114.8900,242.6884,226.1435,2.1559,231.3861,0.3169,PHASE_2_DRIVING,-124.63,-3.98,727.7,209.2,56.81,1292,1548,,
5760,09:48:30.376,ROI,160,160,192,192,10.32,11.17,0.0,0.0,89.56,758.96,163.81,93.13,90.17,0.9499,19.1200,-117.7500,0.0000,0.0000,0.9445,0,-117.7500,242.8168,224.3347,2.2201,230.0743,0.3106,PHASE_2_DRIVING,-124.56,-5.37,727.7,209.2,55.11,1228,1528,,
5761,09:48:30.440,ROI,160,160,192,192,9.50,10.25,0.0,0.0,97.52,757.76,166.16,94.84,91.81,0.9262,19.2500,-115.3500,0.0000,0.0000,0.9368,0,-115.3500,243.3602,223.1645,2.2712,229.3384,0.3057,PHASE_2_DRIVING,-124.93,-5.73,727.7,209.2,52.50,1218,1407,,
5762,09:48:30.504,ROI,160,160,192,192,8.23,9.11,7.25,0.0,109.74,756.96,167.85,94.31,92.39,0.9481,19.4500,-118.1400,0.0000,0.0000,0.9367,0,-118.1400,243.2565,222.6862,2.3139,228.8935,0.3018,PHASE_2_DRIVING,-125.29,-5.82,727.7,209.2,50.66,1188,1345,,
5763,09:48:30.551,ROI,160,160,192,192,9.51,10.27,10.15,0.0,97.36,756.14,172.70,95.78,97.57,0.8877,18.5600,-115.3400,0.0000,0.0000,0.9277,0,-115.3400,243.6933,222.8454,2.3703,229.0312,0.2967,PHASE_2_DRIVING,-127.93,-3.04,727.7,209.2,46.27,1250,1063,,
5764,09:48:30.615,ROI,160,160,224,224,14.32,15.08,0.0,25.925,66.33,755.65,179.18,96.43,111.30,0.8679,17.1400,-111.1900,0.0000,0.0000,0.8961,0,-111.1900,244.8158,223.9942,2.5056,229.9338,0.2853,PHASE_2_DRIVING,-132.96,2.89,727.7,209.2,41.02,1298,753,,
5765,09:48:30.728,ROI,160,160,224,224,9.92,10.79,0.0,0.0,92.68,753.74,180.22,93.04,107.09,0.9242,18.3500,-112.0400,0.0000,0.0000,0.8831,0,-112.0400,245.5553,225.9210,2.6045,231.3682,0.2774,PHASE_2_DRIVING,-131.94,3.31,727.7,209.2,38.96,1023,926,,
5766,09:48:30.793,ROI,160,160,224,224,9.75,10.64,0.0,0.0,94.00,754.22,181.85,93.09,111.22,0.9532,17.7500,-110.2400,0.0000,0.0000,0.8615,0,-110.2400,246.5736,228.4080,2.6861,233.3361,0.2713,PHASE_2_DRIVING,-134.11,7.45,727.7,209.2,38.10,1181,724,,
5767,09:48:30.858,ROI,160,160,224,224,8.15,8.97,0.0,0.0,111.50,752.78,182.15,95.20,109.06,0.9516,18.6600,-111.3000,0.0000,0.0000,0.8441,0,-111.3000,247.1757,231.1934,2.7132,235.4976,0.2693,PHASE_2_DRIVING,-132.84,8.33,727.7,209.2,36.89,1032,813,,
5768,09:48:30.903,ROI,160,160,224,224,8.18,9.17,0.0,0.0,108.99,751.26,184.53,93.62,112.14,0.9282,18.5700,-111.1200,0.0000,0.0000,0.8483,0,-111.1200,247.7904,234.0973,2.7416,237.7570,0.2673,PHASE_2_DRIVING,-133.68,11.44,727.7,209.2,34.11,1056,649,,
5769,09:48:30.969,ROI,160,160,256,256,9.46,10.69,0.0,0.0,93.53,750.28,180.82,95.74,102.58,0.8961,18.9800,-113.9600,0.0000,0.0000,0.9210,0,-113.9600,247.6382,236.7467,2.6615,239.7213,0.2731,PHASE_2_DRIVING,-128.50,8.22,727.7,209.2,36.27,865,949,,
5770,09:48:31.031,ROI,160,160,224,224,12.96,13.65,7.55,0.0,73.25,749.03,187.99,93.97,117.73,0.8511,17.1600,-111.1500,0.0000,0.0000,0.8964,0,-111.1500,248.1894,239.2411,2.6483,241.6938,0.2741,PHASE_2_DRIVING,-135.17,16.87,727.7,209.2,30.08,1139,365,,
5771,09:48:31.079,ROI,160,160,256,256,9.73,10.57,22.975,0.0,94.60,746.90,184.52,96.56,106.42,0.8673,17.7900,-113.0200,0.0000,0.0000,0.8912,0,-113.0200,248.4474,241.2922,2.5836,243.2889,0.2791,PHASE_2_DRIVING,-127.89,11.18,727.7,209.2,31.27,691,872,,
5772,09:48:31.209,ROI,160,160,224,224,12.31,13.24,0.0,0.0,75.51,745.31,189.12,96.98,112.63,0.8907,17.8200,-113.2000,0.0000,0.0000,0.9090,0,-113.2000,248.3747,242.9297,2.5546,244.4615,0.2813,PHASE_2_DRIVING,-131.26,15.72,727.7,209.2,26.71,894,441,,
5773,09:48:31.257,ROI,160,160,256,256,10.91,12.18,0.0,0.0,82.11,743.59,187.72,97.44,107.10,0.9187,17.8000,-115.9400,0.0000,0.0000,0.9194,0,-115.9400,247.8656,243.9087,2.4616,245.0517,0.2889,PHASE_2_DRIVING,-126.50,11.55,727.7,209.2,26.72,634,702,,
5774,09:48:31.320,ROI,160,160,224,224,12.28,13.35,7.65,29.275,74.90,743.73,189.70,97.08,107.73,0.9602,18.7300,-115.6600,0.0000,0.0000,0.9231,0,-115.6600,247.3516,244.3649,2.3367,245.2600,0.2997,PHASE_2_DRIVING,-129.42,14.68,727.7,209.2,25.24,803,459,,
5775,09:48:31.383,ROI,160,160,224,224,14.43,15.35,15.575,0.0,65.16,743.18,190.48,97.65,109.02,0.9747,18.0000,-115.1700,0.0000,0.0000,0.8922,0,-115.1700,246.9361,244.2676,2.1754,245.1080,0.3149,PHASE_2_DRIVING,-129.60,14.71,727.7,209.2,24.29,697,517,,
5776,09:48:31.431,ROI,160,160,224,224,16.60,17.54,35.825,0.0,57.01,741.14,192.20,94.74,107.41,0.9289,17.4500,-114.5400,0.0000,0.0000,0.8896,0,-114.5400,246.6790,243.5120,2.0395,244.5540,0.3290,PHASE_2_DRIVING,-128.32,12.88,727.7,209.2,21.67,572,512,,
5777,09:48:31.496,ROI,160,160,224,224,21.77,23.10,0.0,0.0,43.30,741.76,192.07,99.12,107.97,0.9508,18.1000,-115.9100,0.0000,0.0000,0.8811,0,-115.9100,246.1541,242.1659,1.9195,243.5319,0.3425,PHASE_2_DRIVING,-129.37,12.90,727.7,209.2,22.16,626,482,,
5778,09:48:31.543,ROI,160,160,224,224,14.26,15.14,16.275,0.0,66.03,741.17,193.33,98.13,107.11,0.9654,18.0300,-115.2800,0.0000,0.0000,0.8907,0,-115.2800,245.4582,240.2162,1.7880,242.0965,0.3587,PHASE_2_DRIVING,-130.32,12.42,727.7,209.2,20.81,575,466,,
5779,09:48:31.673,ROI,160,160,224,224,8.32,9.27,0.0,0.0,107.86,738.82,196.21,95.66,106.67,0.9038,17.5800,-115.4200,0.0000,0.0000,0.9093,0,-115.4200,244.9571,237.6679,1.7053,240.3623,0.3696,PHASE_2_DRIVING,-130.55,10.91,727.7,209.2,17.10,448,407,,
5780,09:48:31.720,ROI,160,160,224,224,9.99,10.75,10.35,0.0,93.01,738.38,195.26,95.06,103.46,0.9611,17.8000,-118.2100,0.0000,0.0000,0.8796,0,-118.2100,243.5761,234.4268,1.5831,237.9688,0.3871,PHASE_2_DRIVING,-127.45,5.42,727.7,209.2,17.56,366,512,,
5781,09:48:31.783,ROI,160,160,224,224,11.93,12.77,0.0,0.0,78.29,738.24,195.36,94.89,103.38,0.9950,17.8400,-116.5900,2.4900,-114.8600,0.8920,0,-116.5900,242.8390,230.8490,1.4812,235.6814,0.4030,PHASE_2_DRIVING,-127.29,2.98,727.7,209.2,17.39,405,464,,
5782,09:48:31.847,ROI,160,160,224,224,12.81,13.57,0.0,0.0,73.72,737.73,195.46,95.20,102.33,0.9795,18.6000,-118.2300,2.5500,-116.3800,0.9073,0,-118.2300,242.2493,227.7583,1.4238,233.7370,0.4126,PHASE_2_DRIVING,-126.14,-0.12,727.7,209.2,17.01,372,478,,
5783,09:48:31.897,ROI,160,160,224,224,14.09,14.95,10.925,0.0,66.91,736.76,196.39,96.78,101.84,0.9626,18.2200,-117.0700,2.7700,-117.5500,0.8983,0,-117.0700,241.9261,225.0480,1.3812,232.1360,0.4200,PHASE_2_DRIVING,-125.27,-2.60,727.7,209.2,15.69,343,441,,
5784,09:48:31.959,ROI,160,160,224,224,11.17,11.95,0.0,0.0,83.66,736.67,197.33,98.67,102.31,0.9630,18.7800,-117.3900,2.4900,-117.1000,0.8967,0,-117.3900,241.8256,223.1096,1.3179,231.1840,0.4314,PHASE_2_DRIVING,-127.08,-1.73,727.7,209.2,14.88,378,366,,
5785,09:48:32.024,ROI,160,160,224,224,11.66,12.83,0.0,0.0,77.93,736.29,197.67,96.89,103.05,0.9750,18.2800,-117.4400,3.3500,-114.0500,0.8969,0,-117.4400,241.7226,221.7806,1.2401,230.6827,0.4464,PHASE_2_DRIVING,-126.70,-2.61,727.7,209.2,14.38,337,382,,
5786,09:48:32.072,ROI,160,160,224,224,10.12,10.91,0.0,35.925,91.69,735.68,197.67,96.77,102.86,0.9855,18.1200,-118.4000,3.3700,-115.2200,0.9016,0,-118.4000,241.5508,221.1215,1.1779,230.5018,0.4592,PHASE_2_DRIVING,-124.69,-4.81,727.7,209.2,14.02,303,398,,
5787,09:48:32.183,ROI,160,160,224,224,11.78,12.61,0.0,0.0,79.31,735.41,197.69,97.78,101.25,0.9744,19.4500,-118.3500,3.6500,-116.4500,0.9083,0,-118.3500,241.2013,220.3338,1.0388,230.5690,0.4905,PHASE_2_DRIVING,-123.79,-5.64,727.7,209.2,13.85,315,377,,
5788,09:48:32.248,ROI,160,160,224,224,12.75,13.58,0.0,0.0,73.62,734.34,198.86,96.64,101.37,0.9561,18.9900,-117.7900,3.6700,-116.2300,0.9220,0,-117.7900,241.3558,220.4304,0.9984,230.9013,0.5004,PHASE_2_DRIVING,-122.72,-6.38,727.7,209.2,12.29,278,336,,
5789,09:48:32.312,ROI,160,160,224,224,11.78,12.81,0.0,30.5,78.08,734.70,198.45,98.29,100.37,0.9736,19.4000,-119.4100,3.8100,-118.9300,0.8942,0,-119.4100,241.0874,220.3876,0.8919,231.3287,0.5286,PHASE_2_DRIVING,-123.07,-5.61,727.7,209.2,12.83,313,329,,
5790,09:48:32.360,ROI,160,160,224,224,11.64,12.34,0.0,0.0,81.07,734.41,198.69,97.51,99.83,0.9868,19.4600,-118.5600,3.7400,-118.5800,0.9015,0,-118.5600,241.0850,220.7168,0.8401,231.7859,0.5434,PHASE_2_DRIVING,-122.53,-5.68,727.7,209.2,12.47,293,330,,
5791,09:48:32.425,ROI,160,160,224,224,12.65,13.62,0.0,0.0,73.41,734.03,199.25,96.92,100.10,0.9812,19.0800,-118.1900,3.7500,-118.4600,0.9124,0,-118.1900,240.9480,220.7189,0.7751,232.1151,0.5634,PHASE_2_DRIVING,-122.45,-5.44,727.7,209.2,11.80,282,308,,
5792,09:48:32.488,ROI,160,160,224,224,10.73,11.43,7.825,0.0,87.50,734.15,200.01,96.60,102.49,0.9735,18.4800,-117.0900,0.0000,0.0000,0.8979,0,-117.0900,241.1067,220.9766,0.7120,232.7350,0.5841,PHASE_2_DRIVING,-125.07,-2.19,727.7,209.2,11.23,311,250,,
5793,09:48:32.537,ROI,160,160,224,224,10.71,11.57,10.55,0.0,86.44,733.69,200.24,96.12,101.86,0.9844,18.3300,-117.1900,2.0800,-115.9600,0.8934,0,-117.1900,241.3245,221.4356,0.6469,233.5120,0.6072,PHASE_2_DRIVING,-123.77,-2.72,727.7,209.2,10.78,256,283,,
5794,09:48:32.665,ROI,160,160,224,224,14.90,15.93,3.35,0.0,62.77,733.36,200.17,97.45,101.15,0.9795,19.1600,-116.9600,2.4800,-117.8100,0.8969,0,-116.9600,241.6948,221.8140,0.6094,234.1668,0.6213,PHASE_2_DRIVING,-122.09,-3.74,727.7,209.2,10.66,246,287,,
5795,09:48:32.713,ROI,160,160,224,224,14.30,15.07,0.0,0.0,66.35,732.87,201.23,97.51,102.14,0.9696,18.8800,-117.2400,2.5100,-118.3900,0.9172,0,-117.2400,241.8980,222.3371,0.5574,234.8974,0.6421,PHASE_3_FINAL_ALIGNING,16.17,-141.27,727.7,209.2,9.50,-2000,2000,,
5796,09:48:32.777,ROI,160,160,224,224,11.75,12.59,0.0,0.0,79.45,732.70,200.24,97.16,98.34,0.9593,19.6200,-119.1100,2.6500,-120.7800,0.9107,0,-119.1100,241.8118,222.8110,0.4947,235.5229,0.6690,PHASE_3_FINAL_ALIGNING,16.17,-140.65,727.7,209.2,10.26,-2000,2000,,
5797,09:48:32.840,ROI,160,160,224,224,10.02,11.10,0.0,0.0,90.07,732.73,200.48,97.80,98.38,0.9888,19.6000,-118.7700,2.9800,-119.7700,0.9179,0,-118.7700,241.8468,223.5088,0.4844,235.8623,0.6737,PHASE_3_FINAL_ALIGNING,16.17,-140.31,727.7,209.2,10.07,-2000,2000,,
5798,09:48:32.888,ROI,160,160,224,224,9.86,10.56,0.0,0.0,94.66,732.55,201.04,97.47,99.01,0.9851,19.2500,-118.4700,2.9700,-119.3900,0.9209,0,-118.4700,241.6920,223.9662,0.4614,236.0952,0.6843,PHASE_3_FINAL_ALIGNING,16.17,-140.07,727.7,209.2,9.49,-2000,2000,,
5799,09:48:32.952,ROI,160,160,224,224,11.33,12.13,0.0,0.0,82.46,731.73,201.13,96.14,99.11,0.9816,19.3100,-118.8600,2.4800,-120.6900,0.9294,0,-118.8600,241.6420,223.9897,0.4361,236.2816,0.6963,PHASE_3_FINAL_ALIGNING,16.17,-139.89,727.7,209.2,9.03,-2000,2000,,
5800,09:48:33.015,ROI,160,160,224,224,14.30,15.04,0.0,0.0,66.50,731.70,201.53,96.91,98.24,0.9834,19.5300,-118.6200,2.1600,-119.5700,0.9243,0,-118.6200,241.4987,223.8182,0.4067,236.3866,0.7109,PHASE_3_FINAL_ALIGNING,16.17,-139.78,727.7,209.2,8.65,-2000,2000,,
5801,09:48:33.128,ROI,160,160,224,224,14.24,14.96,0.0,0.0,66.87,730.86,201.95,95.48,98.64,0.9744,19.1800,-117.1100,0.0000,0.0000,0.9362,0,-117.1100,241.8001,223.2483,0.4020,236.4810,0.7133,PHASE_3_FINAL_ALIGNING,16.17,-139.69,727.7,209.2,7.91,-2000,2000,,
5802,09:48:33.191,ROI,160,160,224,224,14.65,15.38,0.0,0.0,65.02,731.02,202.72,96.60,100.28,0.9723,19.8500,-116.3500,2.7400,-119.2900,0.9245,0,-116.3500,242.2223,223.1936,0.4015,236.7711,0.7135,PHASE_3_FINAL_ALIGNING,16.17,-139.40,727.7,209.2,7.28,-2000,2000,,
5803,09:48:33.242,ROI,160,160,224,224,17.08,18.12,0.0,0.0,55.17,730.58,202.60,92.75,99.69,0.9545,18.8800,-115.4400,0.0000,0.0000,0.9236,0,-115.4400,242.8069,223.3870,0.3992,237.2661,0.7147,PHASE_3_FINAL_ALIGNING,16.17,-138.90,727.7,209.2,7.20,-2000,2000,,
5804,09:48:33.304,ROI,160,160,224,224,11.25,12.23,8.9,0.0,81.78,731.09,203.30,92.02,101.53,0.9713,18.7000,-112.1000,0.0000,0.0000,0.9352,0,-112.1000,243.9334,224.1030,0.3925,238.3441,0.7181,PHASE_3_FINAL_ALIGNING,16.17,-137.83,727.7,209.2,6.80,-2000,2000,,
5805,09:48:33.351,ROI,160,160,224,224,15.18,16.41,22.125,23.8,60.95,730.52,203.94,92.29,101.21,0.9755,18.3400,-110.5800,0.0000,0.0000,0.9355,0,-110.5800,245.2660,224.8482,0.3899,239.5382,0.7195,PHASE_3_FINAL_ALIGNING,16.17,-136.63,727.7,209.2,5.97,-2000,2000,,
5806,09:48:33.418,ROI,160,160,224,224,12.96,14.07,0.0,27.775,71.08,730.73,204.48,92.34,102.26,0.9850,17.7100,-108.4200,0.0000,0.0000,0.9446,0,-108.4200,246.9667,226.2680,0.4072,240.9768,0.7106,PHASE_3_FINAL_ALIGNING,16.17,-135.19,727.7,209.2,5.60,-2000,2000,,
5807,09:48:33.480,ROI,160,160,224,224,12.91,13.72,0.0,0.0,72.91,731.48,205.20,92.65,103.88,0.9685,18.4000,-106.2100,0.0000,0.0000,0.9494,0,-106.2100,248.7753,228.3687,0.4029,242.9146,0.7128,PHASE_3_FINAL_ALIGNING,16.17,-133.26,727.7,209.2,5.50,-2000,2000,,
5808,09:48:33.593,ROI,160,160,224,224,12.16,13.20,0.0,0.0,75.77,733.17,205.91,90.01,104.22,0.9510,16.5300,-101.1600,0.0000,0.0000,0.9435,0,-101.1600,251.4804,232.1432,0.3894,246.0608,0.7197,PHASE_3_FINAL_ALIGNING,16.17,-130.11,727.7,209.2,6.38,-2000,2000,,
5809,09:48:33.656,ROI,160,160,224,224,9.06,9.78,0.0,0.0,102.29,734.39,205.57,86.97,103.80,0.9601,14.7200,-95.0800,0.0000,0.0000,0.9128,0,-95.0800,255.1657,237.6160,0.3715,250.4120,0.7291,PHASE_3_FINAL_ALIGNING,16.17,-125.76,727.7,209.2,7.61,-2000,2000,,
5810,09:48:33.704,ROI,160,160,224,224,8.82,9.57,10.325,0.0,104.51,734.04,205.95,86.48,103.78,0.9849,12.9600,-92.8200,0.0000,0.0000,0.8901,0,-92.8200,259.0305,244.8511,0.3775,255.1444,0.7259,PHASE_3_FINAL_ALIGNING,16.17,-121.03,727.7,209.2,7.13,-2000,2000,,
5811,09:48:33.768,ROI,160,160,224,224,8.84,9.82,7.225,0.0,101.86,733.86,205.81,84.81,102.20,0.9658,12.8100,-90.1400,0.0000,0.0000,0.9067,0,-90.1400,263.0068,253.1722,0.3860,260.2679,0.7215,PHASE_3_FINAL_ALIGNING,16.17,-115.90,727.7,209.2,7.03,-2000,2000,,
5812,09:48:33.833,ROI,160,160,224,224,10.65,11.36,7.05,34.375,88.00,732.85,205.52,90.26,101.00,0.9293,13.4600,-88.0300,0.0000,0.0000,0.8465,0,-88.0300,266.9661,261.6063,0.3807,265.4884,0.7243,PHASE_3_FINAL_ALIGNING,16.17,-110.68,727.7,209.2,6.33,-2000,2000,,
5813,09:48:33.880,ROI,160,160,224,224,13.78,14.74,0.0,0.0,67.86,733.15,206.68,92.37,102.66,0.9551,13.8900,-84.9600,0.0000,0.0000,0.8418,0,-84.9600,271.0150,269.8863,0.4071,270.6885,0.7107,PHASE_3_FINAL_ALIGNING,16.17,-105.48,727.7,209.2,6.00,-2000,2000,,
5814,09:48:34.008,ROI,160,160,224,224,8.06,8.77,0.0,0.0,114.07,735.38,207.46,94.30,103.07,0.9393,14.4800,-74.1400,0.0000,0.0000,0.8665,0,-74.1400,276.5045,278.8490,0.4310,277.2106,0.6988,PHASE_3_FINAL_ALIGNING,16.17,-98.96,727.7,209.2,7.88,-1979,1979,,
5815,09:48:34.057,ROI,160,160,224,224,8.64,9.35,0.0,0.0,106.90,736.88,207.20,95.23,103.17,0.9641,14.2600,-71.5300,0.0000,0.0000,0.8324,0,-71.5300,281.7770,288.9815,0.4617,284.0527,0.6841,PHASE_3_FINAL_ALIGNING,16.17,-92.12,727.7,209.2,9.39,-1842,1842,,
5816,09:48:34.120,ROI,160,160,224,224,9.22,10.07,0.0,0.0,99.32,736.42,207.08,102.80,101.04,0.9086,15.2800,-63.3900,0.0000,0.0000,0.8016,0,-63.3900,287.9202,299.3698,0.4893,291.6818,0.6715,PHASE_3_FINAL_ALIGNING,16.17,-84.49,727.7,209.2,8.97,-1690,1690,,
5817,09:48:34.185,ROI,160,160,224,224,10.02,11.07,14.275,0.0,90.36,737.20,206.45,106.72,99.37,0.9480,15.9900,-58.6700,0.0000,0.0000,0.8485,0,-58.6700,294.0198,309.7794,0.5026,299.2911,0.6655,PHASE_3_FINAL_ALIGNING,16.17,-76.88,727.7,209.2,9.89,-1538,1538,,
5818,09:48:34.233,ROI,160,160,224,224,11.57,12.29,0.0,0.0,81.35,736.80,207.55,114.76,98.74,0.9104,16.2400,-43.5200,0.0000,0.0000,0.8835,0,-43.5200,302.1909,319.3954,0.5187,308.0669,0.6585,PHASE_3_FINAL_ALIGNING,16.17,-68.10,727.7,209.2,9.25,-1362,1362,,
5819,09:48:34.295,ROI,160,160,256,256,10.94,11.66,0.0,0.0,85.75,735.41,208.01,120.58,98.24,0.9433,14.8200,-36.9200,0.0000,0.0000,0.7964,0,-36.9200,310.5632,327.2386,0.4975,316.1030,0.6678,PHASE_3_FINAL_ALIGNING,16.17,-60.07,727.7,209.2,7.80,-1201,1201,,
5820,09:48:34.344,ROI,160,160,256,256,13.11,13.92,0.0,0.0,71.85,734.50,207.73,121.25,95.47,0.9577,14.7000,-31.7600,0.0000,0.0000,0.8355,0,-31.7600,318.6692,333.3825,0.4571,323.2851,0.6863,PHASE_3_FINAL_ALIGNING,16.17,-52.88,727.7,209.2,6.96,-1058,1058,,
5821,09:48:34.474,ROI,160,160,256,256,9.03,10.14,0.0,0.0,98.62,734.62,206.97,125.36,89.46,0.9081,16.0700,-21.5700,0.0000,0.0000,0.8632,0,-21.5700,327.4780,338.1077,0.3904,330.4624,0.7192,PHASE_3_FINAL_ALIGNING,16.17,-45.71,727.7,209.2,7.27,-914,914,,
5822,09:48:34.520,ROI,160,160,256,256,8.79,9.48,10.775,0.0,105.45,734.45,206.90,124.29,86.90,0.9631,17.2100,-19.6000,0.0000,0.0000,0.8870,0,-19.6000,335.4143,341.5015,0.3246,336.9060,0.7549,PHASE_3_FINAL_ALIGNING,16.17,-39.26,727.7,209.2,7.13,-785,785,,
5823,09:48:34.585,ROI,160,160,256,256,8.91,9.86,7.075,0.0,101.43,733.52,206.48,124.13,84.83,0.9619,17.2400,-17.7300,0.0000,0.0000,0.8924,0,-17.7300,342.2794,342.7729,0.2295,342.3715,0.8134,PHASE_3_FINAL_ALIGNING,16.17,-33.80,727.7,209.2,6.42,-676,676,,
5824,09:48:34.648,ROI,160,160,256,256,11.73,12.47,7.275,0.0,80.19,734.22,206.05,124.24,83.95,0.9787,17.9200,-16.3600,0.0000,0.0000,0.8883,0,-16.3600,348.0359,342.0757,0.1416,347.2967,0.8760,PHASE_3_FINAL_ALIGNING,16.17,-28.87,727.7,209.2,7.24,-577,577,,
5825,09:48:34.696,ROI,160,160,256,256,10.10,10.82,0.0,0.0,92.46,733.89,205.41,123.50,82.46,0.9765,18.0600,-13.8300,0.0000,0.0000,0.8830,0,-13.8300,352.9408,338.3415,0.0560,352.1671,0.9470,PHASE_3_FINAL_ALIGNING,16.17,-24.00,727.7,209.2,7.26,-480,480,,
5826,09:48:34.760,ROI,160,160,256,256,11.03,11.77,0.0,0.0,84.97,734.66,206.62,123.65,83.25,0.9593,18.5800,-9.6800,0.0000,0.0000,0.8400,0,-9.6800,357.6354,328.1459,0.0297,356.7840,0.9711,PHASE_3_FINAL_ALIGNING,16.17,-19.39,727.7,209.2,7.43,-388,388,,
5827,09:48:34.825,ROI,160,160,256,256,10.81,11.57,0.0,0.0,86.46,734.00,206.51,122.83,83.68,0.9842,18.9200,-6.4300,0.0000,0.0000,0.8614,0,-6.4300,362.0660,338.9866,0.0172,361.6752,0.9831,PHASE_3_FINAL_ALIGNING,16.17,-14.49,727.7,209.2,6.85,-290,290,,
5828,09:48:34.873,ROI,160,160,256,256,8.88,9.59,0.0,0.0,104.30,734.43,207.04,121.84,85.20,0.9744,19.6400,-5.0900,0.0000,0.0000,0.8989,0,-5.0900,365.4666,343.8804,0.0363,364.7103,0.9650,PHASE_3_FINAL_ALIGNING,16.17,-11.46,727.7,209.2,7.07,-229,229,,
5829,09:48:34.984,ROI,160,160,256,256,9.32,10.42,0.0,0.0,95.97,734.26,208.14,121.17,85.41,0.9693,16.9300,-0.7900,0.0000,0.0000,0.8908,0,-0.7900,368.5060,349.5490,0.0640,367.3653,0.9398,PHASE_3_FINAL_ALIGNING,16.17,-8.80,727.7,209.2,6.64,-176,176,,
5830,09:48:35.050,ROI,160,160,256,256,11.09,11.93,7.075,0.0,83.83,734.24,208.53,120.98,86.14,0.9893,17.0000,0.1200,0.0000,0.0000,0.8893,0,0.1200,370.3986,354.1753,0.1127,368.7553,0.8987,PHASE_3_FINAL_ALIGNING,16.17,-7.41,727.7,209.2,6.57,-148,148,,
5831,09:48:35.113,ROI,160,160,256,256,15.31,16.39,7.625,0.0,61.00,734.06,208.53,121.22,86.98,0.9876,15.7400,0.8200,0.0000,0.0000,0.8886,0,0.8200,371.2291,358.9316,0.1632,369.5040,0.8597,PHASE_3_FINAL_ALIGNING,16.17,-6.67,727.7,209.2,6.40,-133,133,,
5832,09:48:35.160,ROI,160,160,256,256,12.79,13.61,0.0,0.0,73.48,733.98,208.46,121.49,87.04,0.9963,12.4100,5.2300,0.0000,0.0000,0.7506,0,5.2300,372.6595,364.9652,0.1779,371.4972,0.8489,PHASE_3_FINAL_ALIGNING,16.17,-4.67,727.7,209.2,6.33,-93,93,,
5833,09:48:35.225,ROI,160,160,256,256,8.63,10.03,0.0,0.0,99.68,733.54,208.75,120.38,85.23,0.9703,10.9200,8.4600,0.0000,0.0000,0.7600,0,8.4600,373.6485,372.7760,0.1734,373.5196,0.8522,PHASE_3_FINAL_ALIGNING,16.17,-2.65,727.7,209.2,5.86,-53,53,,
5834,09:48:35.289,ROI,160,160,256,256,8.50,9.23,0.0,0.0,108.36,733.61,208.80,120.62,85.01,0.9954,9.6900,11.7300,0.0000,0.0000,0.7674,0,11.7300,374.8080,381.7995,0.1726,375.8369,0.8528,PHASE_3_FINAL_ALIGNING,16.17,-0.33,727.7,209.2,5.92,-7,7,,
5835,09:48:35.337,ROI,160,160,256,256,8.55,9.39,9.95,41.625,106.53,733.48,208.64,121.04,85.12,0.9928,9.8000,11.8800,0.0000,0.0000,0.7758,0,11.8800,375.2047,392.0451,0.1494,377.3932,0.8700,PHASE_3_FINAL_ALIGNING,16.17,1.22,727.7,209.2,5.81,24,-24,,
5836,09:48:35.465,ROI,160,160,256,256,11.67,12.62,0.0,0.0,79.25,733.54,208.24,121.68,84.74,0.9854,10.6100,12.5200,0.0000,0.0000,0.8145,0,12.5200,376.1781,404.2456,0.1394,379.6114,0.8777,PHASE_3_FINAL_ALIGNING,16.17,3.44,727.7,209.2,5.92,69,-69,,
5837,09:48:35.513,ROI,160,160,256,256,12.67,13.45,0.0,0.0,74.35,733.77,208.06,121.60,84.78,0.9922,11.2300,13.3000,0.0000,0.0000,0.8364,0,13.3000,377.0612,416.8149,0.1483,382.1960,0.8708,PHASE_3_FINAL_ALIGNING,16.17,6.03,727.7,209.2,6.17,121,-121,,
5838,09:48:35.576,ROI,160,160,256,256,11.67,12.78,0.0,0.0,78.27,733.86,207.92,121.38,84.62,0.9948,11.1600,13.2900,0.0000,0.0000,0.8366,0,13.2900,377.6346,428.1305,0.1561,384.4533,0.8650,PHASE_3_FINAL_ALIGNING,16.17,8.28,727.7,209.2,6.30,166,-166,,
5839,09:48:35.640,ROI,160,160,256,256,10.51,11.69,7.575,0.0,85.54,733.67,208.10,120.70,85.28,0.9869,12.1700,13.7000,0.0000,0.0000,0.8370,0,13.7000,378.6338,438.0612,0.1526,386.5005,0.8676,PHASE_3_FINAL_ALIGNING,16.17,10.33,727.7,209.2,6.07,207,-207,,
5840,09:48:35.689,ROI,160,160,256,256,9.71,10.47,0.0,0.0,95.48,734.01,207.95,121.58,84.78,0.9870,11.2300,13.3500,0.0000,0.0000,0.8392,0,13.3500,379.1615,446.8402,0.1420,387.5794,0.8756,PHASE_3_FINAL_ALIGNING,16.17,11.41,727.7,209.2,6.43,228,-228,,
5841,09:48:35.753,ROI,160,160,256,256,9.34,10.10,7.3,0.0,99.06,734.03,207.50,120.70,85.68,0.9823,11.8800,14.2500,0.0000,0.0000,0.8313,0,14.2500,379.5030,452.2264,0.1175,387.1515,0.8948,PHASE_3_FINAL_ALIGNING,16.17,10.98,727.7,209.2,6.56,220,-220,,
5842,09:48:35.816,ROI,160,160,256,256,11.10,11.79,7.475,0.0,84.81,734.06,207.54,120.75,85.71,0.9984,11.9300,14.0100,0.0000,0.0000,0.8308,0,14.0100,379.3867,454.8342,0.0807,385.0206,0.9253,PHASE_3_FINAL_ALIGNING,16.17,8.85,727.7,209.2,6.58,177,-177,,
5843,09:48:35.928,ROI,160,160,256,256,10.05,10.78,0.0,0.0,92.78,734.03,207.54,120.90,85.70,0.9986,11.9500,13.9300,0.0000,0.0000,0.8338,0,13.9300,379.0022,448.6556,0.0357,381.4006,0.9656,PHASE_3_FINAL_ALIGNING,16.17,5.23,727.7,209.2,6.54,105,-105,,
5844,09:48:35.975,ROI,160,160,256,256,8.02,9.14,0.0,0.0,109.39,733.90,207.54,120.94,85.79,0.9968,11.8500,13.8200,0.0000,0.0000,0.8308,0,13.8200,378.5694,422.0837,0.0159,379.2524,0.9843,PHASE_3_FINAL_ALIGNING,16.17,3.08,727.7,209.2,6.42,62,-62,,
5845,09:48:36.041,ROI,160,160,256,256,10.56,11.51,0.0,33.925,86.86,733.38,208.68,120.82,85.09,0.9655,11.2900,13.1700,0.0000,0.0000,0.7925,0,13.1700,377.9523,402.2385,0.0331,378.7306,0.9680,PHASE_3_FINAL_ALIGNING,16.17,2.56,727.7,209.2,5.71,51,-51,,
5846,09:48:36.105,ROI,160,160,256,256,8.12,8.98,0.0,43.5,111.35,733.64,208.61,121.02,84.64,0.9905,10.4800,12.9900,0.0000,0.0000,0.7919,0,12.9900,377.1034,377.1673,0.0405,377.1059,0.9611,PHASE_3_FINAL_ALIGNING,16.17,0.94,727.7,209.2,5.97,19,-19,,
5847,09:48:36.153,ROI,160,160,256,256,10.39,11.44,9.85,0.0,87.39,733.43,208.62,120.62,84.22,0.9917,10.2400,12.0600,0.0000,0.0000,0.7826,0,12.0600,376.2247,354.4364,0.0342,375.5034,0.9669,PHASE_3_FINAL_ALIGNING,16.17,-0.67,727.7,209.2,5.76,-13,13,,
5848,09:48:36.216,ROI,160,160,256,256,11.37,12.24,0.0,0.0,81.67,733.48,208.59,120.93,84.34,0.9962,10.1200,11.9200,0.0000,0.0000,0.7772,0,11.9200,375.1931,333.9121,0.0216,374.3200,0.9788,PHASE_3_FINAL_ALIGNING,16.17,-1.85,727.7,209.2,5.81,-37,37,,
5849,09:48:36.329,ROI,160,160,256,256,14.03,14.99,0.0,0.0,66.69,733.45,208.96,120.78,85.02,0.9902,10.5600,8.4600,0.0000,0.0000,0.7491,0,8.4600,373.3240,327.4295,0.0093,372.8992,0.9907,PHASE_3_FINAL_ALIGNING,16.17,-3.27,727.7,209.2,5.75,-65,65,,
5850,09:48:36.393,ROI,160,160,256,256,14.55,15.56,8.075,0.0,64.28,733.38,209.14,120.75,85.34,0.9948,11.2500,7.0700,0.0000,0.0000,0.7454,0,7.0700,371.5264,335.3969,0.0218,370.7572,0.9787,PHASE_3_FINAL_ALIGNING,16.17,-5.41,727.7,209.2,5.68,-108,108,,
5851,09:48:36.456,ROI,160,160,256,256,8.78,9.51,0.0,0.0,105.20,733.32,208.70,119.25,84.24,0.9748,12.5500,5.1600,0.0000,0.0000,0.8012,0,5.1600,369.6645,343.5042,0.0403,368.6501,0.9612,PHASE_3_FINAL_ALIGNING,16.17,-7.52,727.7,209.2,5.64,-150,150,,
5852,09:48:36.505,ROI,160,160,256,256,13.07,14.63,10.075,0.0,68.33,733.43,209.14,120.24,85.38,0.9786,10.9200,6.1100,0.0000,0.0000,0.7456,0,6.1100,368.4182,353.2792,0.0653,367.4901,0.9387,PHASE_3_FINAL_ALIGNING,16.17,-8.68,727.7,209.2,5.73,-174,174,,
5853,09:48:36.568,ROI,160,160,256,256,10.33,11.29,8.05,0.0,88.54,733.45,208.76,119.31,84.45,0.9815,12.3300,5.3600,0.0000,0.0000,0.8006,0,5.3600,367.1337,363.3356,0.0816,366.8473,0.9246,PHASE_3_FINAL_ALIGNING,16.17,-9.32,727.7,209.2,5.76,-186,186,,
5854,09:48:36.616,ROI,160,160,256,256,10.88,11.62,10.475,0.0,86.07,733.54,209.23,120.29,85.65,0.9780,11.4400,6.1500,0.0000,0.0000,0.7456,0,6.1500,366.1964,374.8575,0.0968,366.9610,0.9117,PHASE_3_FINAL_ALIGNING,16.17,-9.21,727.7,209.2,5.84,-184,184,,
5855,09:48:36.680,ROI,160,160,256,256,10.93,11.65,0.0,0.0,85.86,733.46,208.82,119.18,84.53,0.9779,12.1600,5.3800,0.0000,0.0000,0.7955,0,5.3800,365.2999,387.2815,0.0993,367.2848,0.9097,PHASE_3_FINAL_ALIGNING,16.17,-8.89,727.7,209.2,5.78,-178,178,,
5856,09:48:36.792,ROI,160,160,256,256,8.55,9.54,0.0,0.0,104.85,733.54,209.18,120.29,85.42,0.9804,11.4900,6.0800,0.0000,0.0000,0.7421,0,6.0800,364.6846,400.5668,0.1021,368.0081,0.9074,PHASE_3_FINAL_ALIGNING,16.17,-8.16,727.7,209.2,5.84,-163,163,,
5857,09:48:36.856,ROI,160,160,256,256,8.78,9.49,0.0,0.0,105.34,733.53,208.73,119.20,83.86,0.9728,11.5500,6.6300,0.0000,0.0000,0.8048,0,6.6300,364.3538,413.9367,0.0995,368.8429,0.9095,PHASE_3_FINAL_ALIGNING,16.17,-7.33,727.7,209.2,5.85,-147,147,,
5858,09:48:36.920,ROI,160,160,256,256,11.34,12.19,21.5,0.0,82.02,733.69,208.69,120.19,84.35,0.9859,10.4500,9.7600,0.0000,0.0000,0.7648,0,9.7600,364.7488,428.5188,0.0891,369.9671,0.9182,PHASE_3_FINAL_ALIGNING,16.17,-6.20,727.7,209.2,6.01,-124,124,,
5859,09:48:36.969,ROI,160,160,256,256,8.73,9.71,10.65,0.0,102.94,733.61,208.77,120.13,84.70,0.9945,10.3200,9.8800,0.0000,0.0000,0.7665,0,9.8800,365.3314,443.1438,0.0704,370.4488,0.9342,PHASE_3_FINAL_ALIGNING,16.17,-5.72,727.7,209.2,5.92,-114,114,,
5860,09:48:37.033,ROI,160,160,256,256,10.52,11.40,0.0,0.0,87.75,733.56,208.77,120.64,84.91,0.9933,9.9700,10.7700,0.0000,0.0000,0.7656,0,10.7700,366.1461,458.4579,0.0502,370.5550,0.9522,PHASE_3_FINAL_ALIGNING,16.17,-5.61,727.7,209.2,5.88,-112,112,,
5861,09:48:37.097,ROI,160,160,256,256,11.25,12.01,0.0,32.525,83.25,733.59,208.62,120.93,85.20,0.9942,10.4200,11.0300,0.0000,0.0000,0.7950,0,11.0300,367.0620,473.3237,0.0258,369.7349,0.9748,PHASE_3_FINAL_ALIGNING,16.17,-6.44,727.7,209.2,5.92,-129,129,,
5862,09:48:37.145,ROI,160,160,256,256,11.26,11.97,0.0,0.0,83.51,733.58,208.37,121.01,85.17,0.9934,10.2300,11.7200,0.0000,0.0000,0.8057,0,11.7200,368.1578,464.5514,0.0114,369.2484,0.9887,PHASE_3_FINAL_ALIGNING,16.17,-6.92,727.7,209.2,5.93,-138,138,,
5863,09:48:37.273,ROI,160,160,256,256,9.24,9.94,0.0,0.0,100.58,733.77,207.89,121.09,84.61,0.9856,11.0500,13.4200,0.0000,0.0000,0.8356,0,13.4200,369.5662,460.3457,0.0263,371.8928,0.9744,PHASE_3_FINAL_ALIGNING,16.17,-4.28,727.7,209.2,6.21,-86,86,,
5864,09:48:37.320,ROI,160,160,256,256,8.61,9.34,10.4,0.0,107.03,733.54,207.83,120.22,85.55,0.9820,12.6100,14.3400,0.0000,0.0000,0.8455,0,14.3400,371.1385,453.9563,0.0448,374.6883,0.9571,PHASE_3_FINAL_ALIGNING,16.17,-1.48,727.7,209.2,6.00,-30,30,,
5865,09:48:37.386,ROI,160,160,256,256,8.84,9.68,0.0,0.0,103.35,733.62,207.80,120.38,85.73,0.9966,12.8900,14.6300,0.0000,0.0000,0.8540,0,14.6300,372.6431,446.4958,0.0618,376.9383,0.9418,PHASE_3_FINAL_ALIGNING,16.17,0.77,727.7,209.2,6.09,15,-15,,
5866,09:48:37.447,ROI,160,160,256,256,9.77,10.51,0.0,0.0,95.18,733.70,207.85,120.67,85.54,0.9954,12.8800,15.0700,0.0000,0.0000,0.8523,0,15.0700,374.1771,437.3811,0.0776,378.7275,0.9280,PHASE_3_FINAL_ALIGNING,16.17,2.56,727.7,209.2,6.15,51,-51,,
5867,09:48:37.496,ROI,160,160,256,256,12.52,13.26,10.05,0.0,75.39,733.74,207.82,120.66,85.38,0.9976,12.9800,14.9800,0.0000,0.0000,0.8561,0,14.9800,375.2530,432.5214,0.0853,379.7556,0.9214,PHASE_3_FINAL_ALIGNING,16.17,3.59,727.7,209.2,6.19,72,-72,,
5868,09:48:37.562,ROI,160,160,256,256,11.88,12.94,0.0,0.0,77.27,733.91,207.70,120.74,85.31,0.9945,12.8000,14.9000,0.0000,0.0000,0.8523,0,14.9000,376.0437,433.2349,0.0896,380.7479,0.9177,PHASE_3_FINAL_ALIGNING,16.17,4.58,727.7,209.2,6.39,92,-92,,
5869,09:48:37.609,ROI,160,160,256,256,13.47,14.60,0.0,0.0,68.50,733.90,207.67,121.17,85.46,0.9948,12.8600,14.9300,0.0000,0.0000,0.8509,0,14.9300,376.4910,433.8794,0.0994,381.6785,0.9096,PHASE_3_FINAL_ALIGNING,16.17,5.51,727.7,209.2,6.38,110,-110,,
5870,09:48:37.738,ROI,160,160,256,256,17.92,19.18,3.425,0.0,52.14,733.90,207.75,121.47,85.47,0.9956,13.0000,14.9500,0.0000,0.0000,0.8545,0,14.9500,376.8765,434.7473,0.0975,382.0194,0.9111,PHASE_3_FINAL_ALIGNING,16.17,5.85,727.7,209.2,6.36,117,-117,,
5871,09:48:37.784,ROI,160,160,256,256,20.71,22.01,14.575,17.75,45.44,733.86,207.70,121.57,85.46,0.9981,13.0400,15.0200,0.0000,0.0000,0.8575,0,15.0200,377.0379,435.4634,0.1006,382.3801,0.9086,PHASE_3_FINAL_ALIGNING,16.17,6.21,727.7,209.2,6.34,124,-124,,
5872,09:48:37.848,ROI,160,160,256,256,11.15,11.86,9.25,32.925,84.31,733.80,207.70,121.50,85.55,0.9978,13.0800,15.0200,0.0000,0.0000,0.8586,0,15.0200,377.1176,435.9114,0.0926,382.1005,0.9152,PHASE_3_FINAL_ALIGNING,16.17,5.93,727.7,209.2,6.28,119,-119,,
5873,09:48:37.911,ROI,160,160,256,256,10.70,11.46,0.0,0.0,87.26,733.88,207.72,121.62,85.44,0.9974,13.0000,15.1200,0.0000,0.0000,0.8569,0,15.1200,376.9766,436.1923,0.0888,381.8079,0.9184,PHASE_3_FINAL_ALIGNING,16.17,5.64,727.7,209.2,6.35,113,-113,,
5874,09:48:37.960,ROI,160,160,256,256,11.00,11.94,0.0,0.0,83.74,733.86,207.70,121.57,85.49,0.9990,13.1200,15.0800,0.0000,0.0000,0.8600,0,15.0800,376.7343,436.1674,0.0764,380.9552,0.9290,PHASE_3_FINAL_ALIGNING,16.17,4.79,727.7,209.2,6.34,96,-96,,
5875,09:48:38.024,ROI,160,160,256,256,8.97,10.05,0.0,0.0,99.47,733.90,207.78,121.66,85.54,0.9973,13.0600,14.9500,0.0000,0.0000,0.8584,0,14.9500,376.3687,435.7144,0.0683,380.1639,0.9360,PHASE_3_FINAL_ALIGNING,16.17,3.99,727.7,209.2,6.36,80,-80,,
5876,09:48:38.088,ROI,160,160,256,256,8.63,9.36,7.225,41.725,106.80,733.77,207.86,121.52,85.58,0.9960,12.9600,15.0400,0.0000,0.0000,0.8514,0,15.0400,376.2232,435.0786,0.0579,379.4424,0.9453,PHASE_3_FINAL_ALIGNING,16.17,3.27,727.7,209.2,6.21,65,-65,,
5877,09:48:38.136,ROI,160,160,256,256,8.30,9.19,0.0,0.0,108.77,733.85,207.88,121.47,85.47,0.9974,12.8800,14.9600,0.0000,0.0000,0.8525,0,14.9600,375.9821,433.7373,0.0442,378.4268,0.9577,PHASE_3_FINAL_ALIGNING,16.17,2.26,727.7,209.2,6.29,45,-45,,
5878,09:48:38.248,ROI,160,160,256,256,11.31,12.05,0.0,0.0,83.00,733.46,207.90,121.31,85.76,0.9904,12.5800,14.4700,0.0000,0.0000,0.8491,0,14.4700,375.6505,433.7409,0.0254,377.0897,0.9752,PHASE_3_FINAL_ALIGNING,16.17,0.92,727.7,209.2,5.91,18,-18,,
5879,09:48:38.313,ROI,160,160,256,256,10.97,11.85,0.0,0.0,84.42,733.45,207.82,121.33,85.55,0.9973,12.6700,14.3900,0.0000,0.0000,0.8524,0,14.3900,375.2664,438.8838,0.0095,375.8658,0.9906,PHASE_3_FINAL_ALIGNING,16.17,-0.30,727.7,209.2,5.91,-6,6,,
5880,09:48:38.377,ROI,160,160,256,256,10.02,10.95,7.525,0.0,91.35,733.51,207.88,120.75,85.57,0.9938,12.3200,14.0000,0.0000,0.0000,0.8457,0,14.0000,374.8203,423.2320,0.0070,375.1567,0.9931,PHASE_3_FINAL_ALIGNING,16.17,-1.01,727.7,209.2,5.96,-20,20,,
5881,09:48:38.425,ROI,160,160,256,256,10.88,11.77,0.0,0.0,84.96,733.48,207.94,120.67,85.57,0.9978,12.1900,13.9100,0.0000,0.0000,0.8413,0,13.9100,374.5046,414.3689,0.0128,375.0093,0.9873,PHASE_3_FINAL_ALIGNING,16.17,-1.16,727.7,209.2,5.91,-23,23,,
5882,09:48:38.488,ROI,160,160,256,256,8.48,9.16,7.625,0.0,109.20,733.50,207.99,120.59,85.60,0.9982,12.0500,13.7100,0.0000,0.0000,0.8354,0,13.7100,374.2416,406.6479,0.0216,374.9268,0.9789,PHASE_4_FWD_BWD,16.17,-1.24,727.7,209.2,5.92,0,0,,
5883,09:48:38.553,ROI,160,160,256,256,7.83,8.54,6.975,0.0,117.06,733.56,208.04,120.69,85.58,0.9978,12.0500,13.7500,0.0000,0.0000,0.8342,0,13.7500,374.0301,400.6264,0.0279,374.7530,0.9728,PHASE_4_FWD_BWD,16.17,-1.42,727.7,209.2,5.97,0,0,,
5884,09:48:38.600,ROI,160,160,256,256,11.87,12.74,10.225,30.675,78.51,733.94,208.00,121.36,84.75,0.9841,11.4300,13.5400,0.0000,0.0000,0.8348,0,13.5400,373.8399,397.6900,0.0275,374.4789,0.9732,PHASE_4_FWD_BWD,16.17,-1.69,727.7,209.2,6.36,0,0,,
5885,09:48:38.729,ROI,160,160,256,256,9.58,10.30,0.0,0.0,97.12,733.80,207.97,121.22,84.83,0.9967,11.0200,13.1800,0.0000,0.0000,0.8327,0,13.1800,373.5929,396.3594,0.0284,374.2217,0.9724,PHASE_4_FWD_BWD,16.17,-1.95,727.7,209.2,6.22,0,0,,
5886,09:48:38.775,ROI,160,160,256,256,7.81,8.55,21.825,0.0,116.90,733.54,208.36,120.53,85.58,0.9853,11.7500,13.2500,0.0000,0.0000,0.8134,0,13.2500,373.3829,396.9324,0.0337,374.1507,0.9674,PHASE_4_FWD_BWD,16.17,-2.02,727.7,209.2,5.90,0,0,,
5887,09:48:38.839,ROI,160,160,256,256,9.00,9.73,14.0,0.0,102.80,733.93,208.08,121.26,84.86,0.9854,11.3700,13.0300,0.0000,0.0000,0.8335,0,13.0300,373.1602,400.2576,0.0300,373.9507,0.9708,PHASE_4_FWD_BWD,16.17,-2.22,727.7,209.2,6.33,0,0,,
5888,09:48:38.887,ROI,160,160,256,256,13.87,14.97,20.35,0.0,66.80,734.04,208.19,120.85,84.58,0.9932,11.5400,13.2000,0.0000,0.0000,0.8388,0,13.2000,373.0078,407.3133,0.0302,374.0127,0.9707,PHASE_4_FWD_BWD,16.17,-2.16,727.7,209.2,6.42,0,0,,
5889,09:48:38.953,ROI,160,160,256,256,10.35,11.11,7.65,0.0,90.05,734.64,207.52,121.62,84.99,0.9746,11.0100,12.9800,0.0000,0.0000,0.8386,0,12.9800,372.8488,386.7117,0.0245,373.1806,0.9761,PHASE_4_FWD_BWD,16.17,-2.99,727.7,209.2,7.14,0,0,,
5890,09:48:39.017,ROI,160,160,256,256,7.81,8.52,7.425,0.0,117.40,736.06,207.40,121.49,84.88,0.9741,11.9800,11.9300,0.0000,0.0000,0.8459,0,11.9300,372.5108,377.2769,0.0567,372.7666,0.9463,PHASE_4_FWD_BWD,16.17,-3.40,727.7,209.2,8.56,0,0,,
5891,09:48:39.129,ROI,160,160,256,256,8.13,8.84,7.575,0.0,113.09,737.38,207.24,121.36,84.62,0.9750,13.4500,4.1100,0.0000,0.0000,0.8066,0,4.1100,370.6374,371.3862,0.1174,370.7161,0.8950,PHASE_4_FWD_BWD,16.17,-5.45,727.7,209.2,9.87,0,0,,
5892,09:48:39.193,ROI,160,160,256,256,8.10,8.82,7.075,0.0,113.43,738.42,207.06,119.63,83.87,0.9740,12.6000,5.9200,0.0000,0.0000,0.8381,0,5.9200,369.3233,367.2470,0.1903,368.9913,0.8401,PHASE_4_FWD_BWD,16.17,-7.18,727.7,209.2,10.93,0,0,,
5893,09:48:39.239,ROI,160,160,256,256,8.44,9.16,20.85,0.0,109.17,740.58,206.31,119.62,83.55,0.9478,11.6200,9.8700,0.0000,0.0000,0.8618,0,9.8700,368.9639,364.6614,0.2939,367.9865,0.7728,PHASE_4_FWD_BWD,16.17,-8.18,727.7,209.2,13.20,0,0,,
5894,09:48:39.304,ROI,160,160,256,256,7.80,8.51,13.9,0.0,117.56,741.44,204.90,119.79,83.34,0.9530,11.1000,10.7800,0.0000,0.0000,0.8666,0,10.7800,368.8898,363.7222,0.4013,367.4099,0.7136,PHASE_4_FWD_BWD,16.17,-8.76,727.7,209.2,14.40,0,0,,
5895,09:48:39.369,ROI,160,160,256,256,7.99,8.72,13.925,0.0,114.63,745.88,203.41,121.36,81.20,0.8972,11.8100,12.3100,0.0000,0.0000,0.8848,0,12.3100,369.1948,363.6719,0.5765,367.1751,0.6343,PHASE_4_FWD_BWD,16.17,-8.99,727.7,209.2,19.08,0,0,,
5896,09:48:39.418,ROI,160,160,256,256,11.46,12.53,9.7,0.0,79.79,745.40,203.51,120.58,78.90,0.9640,13.2400,13.3200,0.0000,0.0000,0.9006,0,13.3200,369.6985,365.0814,0.7100,367.7816,0.5848,PHASE_4_FWD_BWD,16.17,-8.39,727.7,209.2,18.59,0,0,,
5897,09:48:39.529,ROI,160,160,256,256,8.40,9.11,0.0,0.0,109.80,751.91,202.79,120.21,81.18,0.8734,12.2000,13.4900,0.0000,0.0000,0.8808,0,13.4900,370.2484,369.0685,0.9300,369.6798,0.5181,PHASE_4_FWD_BWD,16.17,-6.49,727.7,209.2,25.05,0,0,,
5898,09:48:39.593,ROI,160,160,256,256,7.61,8.35,14.175,0.0,119.78,753.99,202.22,116.96,78.88,0.9382,11.0200,10.6600,0.0000,0.0000,0.8419,0,10.6600,370.1914,366.9691,1.1492,368.4684,0.4653,PHASE_4_FWD_BWD,16.17,-7.70,727.7,209.2,27.20,0,0,,
5899,09:48:39.655,ROI,160,160,256,256,8.26,8.96,7.3,0.0,111.65,758.58,202.06,123.65,81.66,0.8952,10.6400,10.9100,0.0000,0.0000,0.7938,0,10.9100,370.2342,366.1016,1.4015,367.8224,0.4164,PHASE_4_FWD_BWD,16.17,-8.35,727.7,209.2,31.70,0,0,,
5900,09:48:39.704,ROI,160,160,256,256,7.87,8.58,9.65,0.0,116.52,762.08,201.84,119.73,80.06,0.9259,11.1000,11.4800,0.0000,0.0000,0.8392,0,11.4800,370.4241,365.0842,1.6614,367.0906,0.3757,PHASE_4_FWD_BWD,16.17,-9.08,727.7,209.2,35.16,0,0,,
5901,09:48:39.767,ROI,160,160,256,256,7.86,8.59,14.475,0.0,116.38,766.30,201.83,122.00,80.62,0.9261,9.9100,13.3800,0.0000,0.0000,0.8096,0,13.3800,371.0464,364.2751,1.9343,366.5827,0.3408,PHASE_4_FWD_BWD,16.17,-9.59,727.7,209.2,39.30,0,0,,
5902,09:48:39.833,ROI,160,160,256,256,7.85,8.55,13.65,0.0,116.93,766.19,202.06,127.97,82.59,0.9306,9.3000,12.3300,0.0000,0.0000,0.8016,0,12.3300,371.4370,364.7559,2.1440,366.8809,0.3181,PHASE_4_FWD_BWD,16.17,-9.29,727.7,209.2,39.15,0,0,,
5903,09:48:39.879,ROI,160,160,256,256,7.83,8.57,20.6,0.0,116.66,770.48,201.46,127.98,82.30,0.9221,10.8800,12.1700,0.0000,0.0000,0.8427,0,12.1700,371.7761,366.1218,2.3599,367.8047,0.2976,PHASE_4_FWD_BWD,16.17,-8.37,727.7,209.2,43.48,0,0,,
5904,09:48:39.993,ROI,160,160,256,256,7.72,8.43,7.45,0.0,118.56,777.06,200.60,125.25,82.13,0.8836,11.7700,13.4700,0.0000,0.0000,0.8204,0,13.4700,372.4067,368.7379,2.6092,369.7544,0.2771,PHASE_4_FWD_BWD,16.17,-6.42,727.7,209.2,50.10,0,0,,
5905,09:48:40.057,ROI,160,160,256,256,13.54,14.58,14.05,26.8,68.61,779.61,200.90,130.34,84.22,0.9369,13.4000,13.2500,0.0000,0.0000,0.8773,0,13.2500,372.9640,373.1454,2.8195,373.0979,0.2618,PHASE_4_FWD_BWD,16.17,-3.07,727.7,209.2,52.57,0,0,,
5906,09:48:40.121,ROI,160,160,288,288,11.40,12.40,0.0,0.0,80.63,785.59,200.56,129.87,85.39,0.9002,12.2400,12.9800,0.0000,0.0000,0.8362,0,12.9800,373.4811,380.2952,3.0417,378.6093,0.2474,PHASE_4_FWD_BWD,16.17,2.44,727.7,209.2,58.53,0,0,,
5907,09:48:40.168,ROI,160,160,288,288,7.87,9.04,22.625,0.0,110.63,785.97,201.67,130.97,84.11,0.9660,11.2800,13.2800,0.0000,0.0000,0.8352,0,13.2800,374.0390,373.5688,3.1750,373.6814,0.2395,PHASE_4_FWD_BWD,16.17,-2.49,727.7,209.2,58.76,0,0,,
5908,09:48:40.232,ROI,160,160,288,288,8.57,9.40,7.175,0.0,106.33,788.10,201.04,132.32,85.54,0.9523,10.9800,13.5100,0.0000,0.0000,0.8298,0,13.5100,374.5220,370.5457,3.2692,371.4771,0.2342,PHASE_4_FWD_BWD,16.17,-4.69,727.7,209.2,60.95,0,0,,
5909,09:48:40.295,ROI,160,160,288,288,7.93,8.66,14.45,0.0,115.43,791.98,199.29,135.88,85.55,0.9070,10.5300,13.9000,0.0000,0.0000,0.8310,0,13.9000,374.1883,368.3391,3.3528,369.6829,0.2297,PHASE_4_FWD_BWD,16.17,-6.49,727.7,209.2,65.04,0,0,,
5910,09:48:40.344,ROI,160,160,288,288,7.93,8.65,9.575,0.0,115.63,794.82,197.96,129.65,81.16,0.9052,10.3100,13.4200,0.0000,0.0000,0.8275,0,13.4200,373.7857,366.4407,3.3955,368.1117,0.2275,PHASE_4_FWD_BWD,16.17,-8.06,727.7,209.2,68.05,0,0,,
5911,09:48:40.473,ROI,160,160,288,288,8.20,8.92,6.525,0.0,112.14,803.25,197.56,128.54,82.21,0.8669,8.7700,12.2800,0.0000,0.0000,0.7554,0,12.2800,373.4570,364.8056,3.5120,366.7230,0.2216,PHASE_4_FWD_BWD,16.17,-9.45,727.7,209.2,76.44,0,0,,
5912,09:48:40.521,ROI,160,160,288,288,8.91,9.77,9.925,0.0,102.41,808.98,197.67,128.11,84.26,0.8933,8.4700,10.8500,0.0000,0.0000,0.6979,0,10.8500,372.8945,363.6846,3.6174,365.6792,0.2166,PHASE_4_FWD_BWD,16.17,-10.49,727.7,209.2,82.09,0,0,,
5913,09:48:40.585,ROI,160,160,288,288,7.69,8.41,14.35,0.0,118.93,811.20,197.16,129.11,83.52,0.9546,7.3500,10.3800,0.0000,0.0000,0.7021,0,10.3800,372.4046,363.0398,3.7116,365.0274,0.2122,PHASE_4_FWD_BWD,16.17,-11.14,727.7,209.2,84.37,0,0,,
5914,09:48:40.649,ROI,160,160,288,288,8.34,9.20,14.125,0.0,108.67,816.58,196.50,129.62,84.91,0.9057,8.5400,9.7900,0.0000,0.0000,0.7537,0,9.7900,371.9399,362.8060,3.7559,364.7266,0.2103,PHASE_4_FWD_BWD,16.17,-11.44,727.7,209.2,89.78,0,0,,
5915,09:48:40.697,ROI,160,160,288,288,7.73,8.46,20.325,0.0,118.25,816.95,195.55,131.31,85.05,0.9655,8.6600,10.5600,0.0000,0.0000,0.7610,0,10.5600,371.7137,362.8367,3.7892,364.6902,0.2088,PHASE_4_FWD_BWD,16.17,-11.48,727.7,209.2,90.29,0,0,,
5916,09:48:40.761,ROI,160,160,288,288,12.40,13.39,14.05,0.0,74.67,823.25,194.93,128.29,84.80,0.8948,8.3000,8.7900,0.0000,0.0000,0.7636,0,8.7900,370.8622,363.1433,3.8405,364.7380,0.2066,PHASE_4_FWD_BWD,16.17,-11.43,727.7,209.2,96.61,0,0,,
5917,09:48:40.807,ROI,160,160,288,288,11.24,12.05,23.6,0.0,82.95,824.87,195.69,128.27,84.11,0.9578,9.9300,10.3600,0.0000,0.0000,0.8007,0,10.3600,370.3926,363.5591,3.8648,364.9638,0.2056,PHASE_4_FWD_BWD,16.17,-11.21,727.7,209.2,98.11,0,0,,
5918,09:48:40.936,ROI,160,160,288,288,8.70,9.41,3.325,0.0,106.28,834.08,195.50,124.25,86.08,0.8460,10.9400,8.1300,0.0000,0.0000,0.8044,0,8.1300,369.5396,364.0065,3.9811,365.1173,0.2008,PHASE_4_FWD_BWD,16.17,-11.05,727.7,209.2,107.26,0,0,,
5919,09:48:40.983,ROI,160,160,256,256,8.84,9.61,10.65,0.0,104.01,835.94,195.96,128.74,85.44,0.9553,7.4300,10.6100,0.0000,0.0000,0.8076,0,10.6100,369.4640,364.3959,4.0622,365.3971,0.1975,PHASE_4_FWD_BWD,16.17,-10.77,727.7,209.2,109.04,0,0,,
5920,09:48:41.049,ROI,160,160,288,288,8.50,9.36,13.8,0.0,106.79,839.54,193.51,122.49,81.27,0.8906,8.1600,10.8100,0.0000,0.0000,0.7796,0,10.8100,369.3613,364.8439,4.0639,365.7360,0.1975,PHASE_4_FWD_BWD,16.17,-10.43,727.7,209.2,112.93,0,0,,
5921,09:48:41.111,ROI,160,160,256,256,8.92,10.11,14.9,0.0,98.93,841.46,194.71,125.46,84.72,0.9300,9.7600,9.4800,0.0000,0.0000,0.7927,0,9.4800,368.9953,365.2758,4.0294,366.0154,0.1988,PHASE_4_FWD_BWD,16.17,-10.15,727.7,209.2,114.68,0,0,,
5922,09:48:41.161,ROI,160,160,256,256,8.88,9.72,9.75,0.0,102.93,847.18,192.85,123.28,81.12,0.8734,8.8700,11.0700,0.0000,0.0000,0.7288,0,11.0700,369.1464,365.7392,4.0810,366.4098,0.1968,PHASE_4_FWD_BWD,16.17,-9.76,727.7,209.2,120.59,0,0,,
5923,09:48:41.224,ROI,160,160,256,256,9.06,9.89,14.65,0.0,101.13,849.45,193.55,127.79,83.52,0.9367,9.9200,11.3900,0.0000,0.0000,0.8252,0,11.3900,369.3806,366.1309,4.0742,366.7713,0.1971,PHASE_4_FWD_BWD,16.17,-9.40,727.7,209.2,122.75,0,0,,
5924,09:48:41.289,ROI,160,160,256,256,11.97,12.92,14.15,30.25,77.39,853.00,193.54,128.90,84.42,0.9363,10.4400,12.1600,0.0000,0.0000,0.8125,0,12.1600,369.7750,366.3887,4.1017,367.0524,0.1960,PHASE_4_FWD_BWD,16.17,-9.12,727.7,209.2,126.27,0,0,,
5925,09:48:41.335,ROI,160,160,288,288,9.76,11.11,11.55,0.0,90.04,857.39,192.26,122.20,81.20,0.8971,10.9300,10.7600,0.0000,0.0000,0.8263,0,10.7600,369.9306,366.4712,4.0737,367.1531,0.1971,PHASE_4_FWD_BWD,16.17,-9.02,727.7,209.2,130.79,0,0,,
5926,09:48:41.464,ROI,160,160,256,256,8.78,9.53,6.65,0.0,104.94,861.50,191.47,123.97,83.01,0.9156,11.6300,11.7400,0.0000,0.0000,0.8190,0,11.7400,370.3566,366.4155,4.0129,367.2017,0.1995,PHASE_4_FWD_BWD,16.17,-8.97,727.7,209.2,134.97,0,0,,
5927,09:48:41.511,ROI,160,160,256,256,9.00,9.73,10.5,40.175,102.75,866.41,190.14,122.59,81.66,0.8949,11.1800,12.3200,0.0000,0.0000,0.8076,0,12.3200,370.9757,366.3635,3.9666,367.2921,0.2013,PHASE_4_FWD_BWD,16.17,-8.88,727.7,209.2,140.01,0,0,,
5928,09:48:41.575,ROI,160,160,256,256,9.08,9.87,7.2,0.0,101.28,868.66,190.99,127.07,82.91,0.9449,10.4500,11.3600,0.0000,0.0000,0.7729,0,11.3600,371.3726,366.3273,3.8614,367.3651,0.2057,PHASE_4_FWD_BWD,16.17,-8.80,727.7,209.2,142.13,0,0,,
5929,09:48:41.623,ROI,160,160,256,256,8.81,9.57,20.175,0.0,104.48,872.40,189.86,126.90,82.66,0.9179,10.5700,11.5900,0.0000,0.0000,0.8277,0,11.5900,371.7261,366.3087,3.8359,367.4290,0.2068,PHASE_4_FWD_BWD,16.17,-8.74,727.7,209.2,145.99,0,0,,
5930,09:48:41.689,ROI,160,160,256,256,8.52,9.45,13.95,0.0,105.83,875.55,189.56,128.58,83.39,0.9436,10.6100,12.5300,0.0000,0.0000,0.8453,0,12.5300,372.1253,366.2672,3.8337,367.4791,0.2069,PHASE_4_FWD_BWD,16.17,-8.69,727.7,209.2,149.15,0,0,,
5931,09:48:41.753,ROI,160,160,288,288,8.62,9.43,14.35,0.0,105.99,878.47,190.03,123.28,82.17,0.9407,10.7800,10.9600,0.0000,0.0000,0.8518,0,10.9600,372.1213,366.2091,3.7877,367.4440,0.2089,PHASE_4_FWD_BWD,16.17,-8.73,727.7,209.2,151.99,0,0,,
5932,09:48:41.800,ROI,160,160,256,256,9.89,10.66,20.425,0.0,93.81,883.65,189.76,127.44,87.50,0.8659,11.0200,13.1100,0.0000,0.0000,0.8661,0,13.1100,372.4818,366.1299,3.7990,367.4535,0.2084,PHASE_4_FWD_BWD,16.17,-8.72,727.7,209.2,157.15,0,0,,
5933,09:48:41.929,ROI,160,160,256,256,11.67,12.66,3.325,0.0,78.96,887.93,187.51,130.29,88.48,0.8904,11.6100,14.5000,0.0000,0.0000,0.8964,0,14.5000,373.1540,366.2194,3.7596,367.6764,0.2101,PHASE_4_FWD_BWD,16.17,-8.49,727.7,209.2,161.69,0,0,,
5934,09:48:41.976,ROI,160,160,288,288,8.37,9.15,22.3,0.0,109.28,890.89,188.35,127.15,83.63,0.9032,11.2900,12.0600,0.0000,0.0000,0.8533,0,12.0600,373.0610,366.4140,3.7470,367.8142,0.2107,PHASE_4_FWD_BWD,16.17,-8.36,727.7,209.2,164.51,0,0,,
5935,09:48:42.040,ROI,160,160,256,256,8.92,9.66,14.325,0.0,103.56,891.18,188.00,130.46,88.29,0.9232,10.7900,14.1100,0.0000,0.0000,0.8449,0,14.1100,373.5047,366.6513,3.6298,368.1316,0.2160,PHASE_4_FWD_BWD,16.17,-8.04,727.7,209.2,164.85,0,0,,
5936,09:48:42.104,ROI,160,160,288,288,8.62,9.41,14.275,0.0,106.31,892.76,187.64,126.18,85.12,0.9325,10.8200,11.4300,0.0000,0.0000,0.8638,0,11.4300,373.0863,366.8579,3.5827,368.2170,0.2182,PHASE_4_FWD_BWD,16.17,-7.95,727.7,209.2,166.47,0,0,,
5937,09:48:42.152,ROI,160,160,256,256,8.17,8.92,20.25,0.0,112.17,893.14,188.41,137.34,88.69,0.8818,11.1500,13.8300,0.0000,0.0000,0.8387,0,13.8300,373.3767,366.9106,3.4533,368.3626,0.2246,PHASE_4_FWD_BWD,16.17,-7.81,727.7,209.2,166.74,0,0,,
5938,09:48:42.217,ROI,160,160,288,288,8.63,9.45,14.025,0.0,105.87,894.44,188.36,129.08,85.72,0.9083,9.0400,11.9500,0.0000,0.0000,0.8208,0,11.9500,373.2481,366.9886,3.3035,368.4431,0.2324,PHASE_4_FWD_BWD,16.17,-7.73,727.7,209.2,168.04,0,0,,
5939,09:48:42.329,ROI,160,160,288,288,7.99,8.75,3.825,0.0,114.26,895.53,188.23,131.09,87.53,0.9630,8.6100,11.5700,0.0000,0.0000,0.8348,0,11.5700,372.8740,366.9646,3.0940,368.4080,0.2443,PHASE_4_FWD_BWD,16.17,-7.76,727.7,209.2,169.13,0,0,,
5940,09:48:42.392,ROI,160,160,288,288,8.49,9.29,14.2,0.0,107.68,896.57,188.05,128.54,86.04,0.9638,8.2000,11.4800,0.0000,0.0000,0.8369,0,11.4800,372.6214,366.9705,2.9060,368.4173,0.2560,PHASE_4_FWD_BWD,16.17,-7.75,727.7,209.2,170.18,0,0,,
5941,09:48:42.457,ROI,160,160,288,288,12.18,13.23,14.15,0.0,75.58,897.28,188.09,128.32,85.90,0.9873,8.2800,11.2700,0.0000,0.0000,0.8247,0,11.2700,372.3542,366.8837,2.6707,368.3740,0.2724,PHASE_4_FWD_BWD,16.17,-7.80,727.7,209.2,170.89,0,0,,
5942,09:48:42.506,ROI,160,160,288,288,11.50,12.75,11.05,0.0,78.43,897.97,188.02,126.29,85.46,0.9792,9.7800,11.6200,0.0000,0.0000,0.8378,0,11.6200,372.2463,366.6341,2.4179,368.2762,0.2926,PHASE_4_FWD_BWD,16.17,-7.89,727.7,209.2,171.58,0,0,,
5943,09:48:42.568,ROI,160,160,256,256,8.01,8.72,15.775,0.0,114.63,896.44,187.26,132.91,89.02,0.9122,10.4000,12.8100,0.0000,0.0000,0.8463,0,12.8100,372.2359,366.3462,2.1342,368.2253,0.3191,PHASE_4_FWD_BWD,16.17,-7.94,727.7,209.2,170.16,0,0,,
5944,09:48:42.615,ROI,160,160,288,288,9.11,9.90,10.225,0.0,100.99,897.22,187.77,129.94,84.24,0.9251,9.4400,10.2800,0.0000,0.0000,0.8319,0,10.2800,371.7806,365.9947,1.8639,368.0150,0.3492,PHASE_4_FWD_BWD,16.17,-8.15,727.7,209.2,170.87,0,0,,
5945,09:48:42.745,ROI,160,160,288,288,10.81,12.03,6.5,0.0,83.11,897.85,187.72,127.44,84.82,0.9742,9.8800,10.5200,0.0000,0.0000,0.8352,0,10.5200,371.4644,365.7422,1.6286,367.9191,0.3804,PHASE_4_FWD_BWD,16.17,-8.25,727.7,209.2,171.50,0,0,,
5946,09:48:42.793,ROI,160,160,256,256,8.42,9.32,21.575,0.0,107.28,896.73,187.98,132.46,90.45,0.9022,11.0000,13.0500,0.0000,0.0000,0.8737,0,13.0500,371.5911,365.4158,1.3507,368.0428,0.4254,PHASE_4_FWD_BWD,16.17,-8.13,727.7,209.2,170.36,0,0,,
5947,09:48:42.856,ROI,160,160,288,288,8.25,9.04,14.4,43.2,110.57,896.43,187.94,127.82,84.94,0.9062,9.7500,11.6200,0.0000,0.0000,0.8429,0,11.6200,371.4209,365.1557,1.0846,368.1612,0.4797,PHASE_4_FWD_BWD,16.17,-8.01,727.7,209.2,170.07,0,0,,
5948,09:48:42.921,ROI,160,160,256,256,9.72,10.51,7.075,0.0,95.17,895.20,187.61,133.31,89.14,0.9137,10.7100,13.9200,0.0000,0.0000,0.8293,0,13.9200,371.8254,365.0701,0.8097,368.8028,0.5526,PHASE_4_FWD_BWD,16.17,-7.37,727.7,209.2,168.89,0,0,,
5949,09:48:42.969,ROI,160,160,288,288,9.61,10.39,10.475,0.0,96.22,894.39,187.94,126.56,85.25,0.9079,10.3200,13.1900,0.0000,0.0000,0.8389,0,13.1900,371.8816,364.8574,0.5357,369.4315,0.6512,PHASE_4_FWD_BWD,16.17,-6.74,727.7,209.2,168.04,0,0,,
5950,09:48:43.032,ROI,160,160,256,256,9.38,10.18,14.8,0.0,98.26,893.47,187.70,131.74,88.11,0.9294,10.4100,14.5700,0.0000,0.0000,0.8189,0,14.5700,372.4201,364.3266,0.3145,370.4835,0.7607,PHASE_4_FWD_BWD,16.17,-5.69,727.7,209.2,167.16,0,0,,
5951,09:48:43.095,ROI,160,160,288,288,7.91,8.53,7.35,0.0,117.20,890.82,187.40,127.80,87.01,0.9481,10.9300,14.7400,0.0000,0.0000,0.8501,0,14.7400,373.1222,366.8640,0.1171,372.4664,0.8952,PHASE_4_FWD_BWD,16.17,-3.70,727.7,209.2,164.57,0,0,,
5952,09:48:43.145,ROI,160,160,256,256,9.20,9.90,18.725,0.0,101.02,890.69,188.25,132.69,88.72,0.9446,10.3200,14.2400,0.0000,0.0000,0.7954,0,14.2400,373.4467,360.0179,0.0465,372.8502,0.9556,PHASE_4_FWD_BWD,16.17,-3.32,727.7,209.2,164.33,0,0,,
5953,09:48:43.273,ROI,160,160,288,288,7.95,8.61,6.625,0.0,116.11,885.25,188.72,128.02,85.28,0.8850,11.5100,11.3500,0.0000,0.0000,0.8726,0,11.3500,373.3691,359.1680,0.2834,370.2336,0.7792,PHASE_4_FWD_BWD,16.17,-5.94,727.7,209.2,158.87,0,0,,
5954,09:48:43.319,ROI,160,160,288,288,8.40,9.13,20.7,0.0,109.51,883.25,188.90,125.69,83.30,0.9467,10.7600,11.3000,0.0000,0.0000,0.8722,0,11.3000,373.0320,358.8003,0.5171,368.1812,0.6592,PHASE_4_FWD_BWD,16.17,-7.99,727.7,209.2,156.87,0,0,,
5955,09:48:43.383,ROI,160,160,256,256,8.02,8.68,14.25,0.0,115.25,881.64,189.89,128.27,89.14,0.9113,9.0300,13.4500,0.0000,0.0000,0.7960,0,13.4500,373.4039,359.0830,0.7536,367.2495,0.5703,PHASE_4_FWD_BWD,16.17,-8.92,727.7,209.2,155.15,0,0,,
5956,09:48:43.448,ROI,160,160,288,288,8.04,8.72,7.05,0.0,114.62,876.23,190.48,124.06,83.56,0.8617,9.9400,10.7300,0.0000,0.0000,0.8469,0,10.7300,373.0168,359.7639,1.0371,366.2696,0.4909,PHASE_4_FWD_BWD,16.17,-9.90,727.7,209.2,149.71,0,0,,
5957,09:48:43.497,ROI,160,160,256,256,8.05,8.74,19.1,0.0,114.47,875.07,189.90,125.04,85.23,0.9624,9.5400,11.8300,0.0000,0.0000,0.8153,0,11.8300,372.8340,360.5039,1.2810,365.9095,0.4384,PHASE_4_FWD_BWD,16.17,-10.26,727.7,209.2,148.63,0,0,,
5958,09:48:43.560,ROI,160,160,256,256,8.13,8.81,0.0,0.0,113.46,870.63,190.39,124.13,85.82,0.9210,9.8300,12.1700,0.0000,0.0000,0.8669,0,12.1700,372.7063,361.3121,1.5403,365.7975,0.3937,PHASE_4_FWD_BWD,16.17,-10.37,727.7,209.2,144.16,0,0,,
5959,09:48:43.607,ROI,160,160,256,256,8.04,8.70,20.225,0.0,114.88,866.58,190.26,127.20,85.57,0.9346,9.6700,10.9200,0.0000,0.0000,0.8431,0,10.9200,372.2873,362.0797,1.8026,365.7218,0.3568,PHASE_4_FWD_BWD,16.17,-10.45,727.7,209.2,140.16,0,0,,
5960,09:48:43.736,ROI,160,160,256,256,7.52,8.19,9.775,0.0,122.06,859.14,191.98,127.25,84.38,0.8559,9.9700,12.0800,0.0000,0.0000,0.8953,0,12.0800,372.1508,362.8773,2.1208,365.8488,0.3204,PHASE_4_FWD_BWD,16.17,-10.32,727.7,209.2,132.56,0,0,,
5961,09:48:43.784,ROI,160,160,256,256,8.43,9.38,19.55,0.0,106.58,858.76,192.25,125.34,84.46,0.9789,9.2000,11.5800,0.0000,0.0000,0.7971,0,11.5800,372.0360,363.6642,2.3937,366.1311,0.2947,PHASE_4_FWD_BWD,16.17,-10.04,727.7,209.2,132.15,0,0,,
5962,09:48:43.848,ROI,160,160,256,256,8.36,9.14,14.3,0.0,109.39,855.58,192.21,125.42,83.31,0.9379,10.4400,8.2000,0.0000,0.0000,0.7814,0,8.2000,370.9699,364.4328,2.6293,366.2340,0.2755,PHASE_4_FWD_BWD,16.17,-9.94,727.7,209.2,129.01,0,0,,
5963,09:48:43.912,ROI,160,160,256,256,8.44,9.18,14.3,0.0,108.98,851.77,193.10,128.96,84.56,0.9222,9.5100,10.5400,0.0000,0.0000,0.8325,0,10.5400,370.4460,365.2686,2.8346,366.6187,0.2608,PHASE_4_FWD_BWD,16.17,-9.55,727.7,209.2,125.11,0,0,,
5964,09:48:43.960,ROI,160,160,288,288,7.96,8.65,10.075,0.0,115.65,846.84,191.96,121.72,77.92,0.8525,9.5900,9.9700,0.0000,0.0000,0.7732,0,9.9700,370.0861,365.9667,3.0501,366.9838,0.2469,PHASE_4_FWD_BWD,16.17,-9.19,727.7,209.2,120.38,0,0,,
5965,09:48:44.024,ROI,160,160,256,256,8.14,8.89,14.025,0.0,112.54,844.96,193.08,123.30,80.82,0.9353,10.0800,11.8800,0.0000,0.0000,0.8525,0,11.8800,370.0123,366.6586,3.2031,367.4565,0.2379,PHASE_4_FWD_BWD,16.17,-8.71,727.7,209.2,118.36,0,0,,
5966,09:48:44.088,ROI,160,160,256,256,8.27,9.04,14.25,0.0,110.65,840.11,193.91,123.12,83.89,0.8917,9.2000,11.1900,0.0000,0.0000,0.8414,0,11.1900,370.0482,367.4034,3.3587,368.0102,0.2294,PHASE_4_FWD_BWD,16.17,-8.16,727.7,209.2,113.45,0,0,,
5967,09:48:44.135,ROI,160,160,256,256,8.10,8.82,10.075,0.0,113.40,837.49,194.62,125.87,84.94,0.9431,10.0700,9.9900,0.0000,0.0000,0.7634,0,9.9900,369.8054,368.1029,3.4635,368.4843,0.2240,PHASE_4_FWD_BWD,16.17,-7.69,727.7,209.2,110.75,0,0,,
5968,09:48:44.248,ROI,160,160,256,256,8.14,8.84,3.775,0.0,113.10,832.01,195.44,126.10,87.49,0.8910,9.3300,11.0300,0.0000,0.0000,0.8525,0,11.0300,369.9849,368.6223,3.5647,368.9208,0.2191,PHASE_4_FWD_BWD,16.17,-7.25,727.7,209.2,105.21,0,0,,
5969,09:48:44.313,ROI,160,160,256,256,8.04,8.74,13.825,0.0,114.46,827.07,195.85,128.26,86.58,0.9161,7.1200,8.8000,0.0000,0.0000,0.7906,0,8.8000,369.7889,370.6564,3.6757,370.4709,0.2139,PHASE_4_FWD_BWD,16.17,-5.70,727.7,209.2,100.27,0,0,,
5970,09:48:44.375,ROI,160,160,288,288,7.77,8.50,14.6,0.0,117.67,822.59,195.74,131.78,84.47,0.9117,7.4400,8.0900,0.0000,0.0000,0.6642,0,8.0900,369.4963,367.8625,3.7365,368.2075,0.2111,PHASE_4_FWD_BWD,16.17,-7.96,727.7,209.2,95.84,0,0,,
5971,09:48:44.425,ROI,160,160,288,288,7.73,8.45,18.8,0.0,118.38,819.57,194.08,129.62,81.86,0.9181,7.5600,9.6200,0.0000,0.0000,0.7387,0,9.6200,369.3036,367.2622,3.8125,367.6864,0.2078,PHASE_4_FWD_BWD,16.17,-8.48,727.7,209.2,93.11,0,0,,
5972,09:48:44.488,ROI,160,160,288,288,7.81,8.53,14.525,0.0,117.24,814.82,196.66,137.12,82.62,0.8762,7.3100,8.1200,0.0000,0.0000,0.6768,0,8.1200,368.8287,366.7183,3.8794,367.1508,0.2049,PHASE_4_FWD_BWD,16.17,-9.02,727.7,209.2,88.02,0,0,,
5973,09:48:44.552,ROI,160,160,288,288,7.77,8.68,13.9,0.0,115.21,813.98,196.58,131.62,84.49,0.9394,8.0400,11.5000,0.0000,0.0000,0.7719,0,11.5000,369.3402,366.4317,3.8522,367.0311,0.2061,PHASE_4_FWD_BWD,16.17,-9.14,727.7,209.2,87.20,0,0,,
5974,09:48:44.601,ROI,160,160,288,288,7.75,8.47,19.35,0.0,118.09,809.17,196.32,132.32,82.78,0.9115,6.8100,11.9900,0.0000,0.0000,0.7016,0,11.9900,369.6841,366.2752,3.8750,366.9745,0.2051,PHASE_4_FWD_BWD,16.17,-9.20,727.7,209.2,82.48,0,0,,
5975,09:48:44.727,ROI,160,160,288,288,7.82,8.55,3.325,0.0,116.99,801.19,197.26,128.23,82.60,0.8659,8.1600,10.1500,0.0000,0.0000,0.6291,0,10.1500,369.7515,366.1094,3.9212,366.8495,0.2032,PHASE_4_FWD_BWD,16.17,-9.32,727.7,209.2,74.45,0,0,,
5976,09:48:44.775,ROI,160,160,288,288,9.88,10.57,19.775,0.0,94.58,798.80,197.11,127.46,83.34,0.9550,9.5600,12.8000,2.4500,21.4700,0.8282,0,12.8000,370.4285,365.9140,3.9431,366.8273,0.2023,PHASE_4_FWD_BWD,16.17,-9.34,727.7,209.2,72.12,0,0,,
5977,09:48:44.842,ROI,160,160,256,256,9.77,10.63,13.95,0.0,94.06,792.64,199.02,134.13,84.48,0.8710,8.2000,13.5900,0.0000,0.0000,0.8101,0,13.5900,371.1173,365.7054,4.0059,366.7865,0.1998,PHASE_4_FWD_BWD,16.17,-9.38,727.7,209.2,65.73,0,0,,
5978,09:48:44.906,ROI,160,160,288,288,12.27,13.40,7.35,0.0,74.61,791.28,199.86,128.81,84.17,0.9415,10.9200,15.4500,0.0000,0.0000,0.8509,0,15.4500,372.2688,365.6257,4.0888,366.9311,0.1965,PHASE_4_FWD_BWD,16.17,-9.24,727.7,209.2,64.26,0,0,,
5979,09:48:44.952,ROI,160,160,288,288,11.01,11.92,11.675,0.0,83.91,785.06,200.76,133.96,84.69,0.8912,11.9200,15.4900,0.0000,0.0000,0.8285,0,15.4900,373.3138,365.6456,4.1489,367.1349,0.1942,PHASE_4_FWD_BWD,16.17,-9.04,727.7,209.2,57.98,0,0,,
5980,09:48:45.015,ROI,160,160,288,288,8.01,8.77,7.7,0.0,114.08,785.59,200.86,129.10,85.28,0.9572,12.2400,14.9200,0.0000,0.0000,0.8837,0,14.9200,373.7980,365.7476,4.1087,367.3234,0.1957,PHASE_4_FWD_BWD,16.17,-8.85,727.7,209.2,58.49,0,0,,
5981,09:48:45.128,ROI,160,160,288,288,7.73,8.47,7.5,0.0,118.12,779.31,201.06,125.33,84.78,0.9007,10.4300,12.7700,0.0000,0.0000,0.8148,0,12.7700,373.9843,365.9425,4.1094,367.5164,0.1957,PHASE_4_FWD_BWD,16.17,-8.65,727.7,209.2,52.25,0,0,,
5982,09:48:45.194,ROI,160,160,256,256,8.18,8.90,13.675,0.0,112.31,775.11,200.47,126.90,82.62,0.9126,12.1600,14.4600,0.0000,0.0000,0.8445,0,14.4600,374.4140,366.0209,4.1249,367.6586,0.1951,PHASE_4_FWD_BWD,16.17,-8.51,727.7,209.2,48.21,0,0,,
5983,09:48:45.241,ROI,160,160,256,256,7.97,8.74,20.225,0.0,114.44,772.71,200.61,123.10,81.06,0.9441,12.4400,14.0400,0.0000,0.0000,0.8444,0,14.0400,374.8912,366.0648,4.0727,367.8048,0.1971,PHASE_4_FWD_BWD,16.17,-8.37,727.7,209.2,45.82,0,0,,
5984,09:48:45.303,ROI,160,160,256,256,7.94,8.67,14.725,0.0,115.35,769.49,201.60,123.09,82.06,0.9267,12.0400,13.8600,0.0000,0.0000,0.8316,0,13.8600,375.2170,366.1235,4.0250,367.9332,0.1990,PHASE_4_FWD_BWD,16.17,-8.24,727.7,209.2,42.47,0,0,,
5985,09:48:45.368,ROI,160,160,256,256,8.28,8.95,13.775,0.0,111.71,765.21,201.21,120.56,81.55,0.9235,12.1200,13.6900,0.0000,0.0000,0.8478,0,13.6900,375.3278,366.1974,3.9572,368.0392,0.2017,PHASE_4_FWD_BWD,16.17,-8.13,727.7,209.2,38.35,0,0,,
5986,09:48:45.415,ROI,160,160,256,256,8.30,9.06,20.625,43.125,110.37,762.36,201.83,121.81,80.35,0.9399,11.1900,14.0700,0.0000,0.0000,0.8244,0,14.0700,375.5670,366.3205,3.8991,368.2078,0.2041,PHASE_4_FWD_BWD,16.17,-7.96,727.7,209.2,35.43,0,0,,
5987,09:48:45.546,ROI,160,160,256,256,7.87,8.73,3.225,0.0,114.59,756.51,201.99,118.99,79.60,0.8992,10.7300,11.7200,0.0000,0.0000,0.7509,0,11.7200,375.0242,366.4382,3.8960,368.1919,0.2042,PHASE_4_FWD_BWD,16.17,-7.98,727.7,209.2,29.70,0,0,,
5988,09:48:45.591,ROI,160,160,256,256,8.30,9.01,10.5,0.0,110.97,751.10,201.93,116.85,79.70,0.9109,12.0400,13.6200,0.0000,0.0000,0.7918,0,13.6200,374.7401,366.4941,3.9281,368.1673,0.2029,PHASE_4_FWD_BWD,16.17,-8.00,727.7,209.2,24.51,0,0,,
5989,09:48:45.656,ROI,160,160,256,256,9.39,10.18,6.975,0.0,98.22,750.02,202.46,118.10,79.66,0.9690,12.5900,12.5300,0.0000,0.0000,0.8487,0,12.5300,374.3058,366.3441,3.8876,367.9731,0.2046,PHASE_4_FWD_BWD,16.17,-8.20,727.7,209.2,23.32,0,0,,
5990,09:48:45.721,ROI,160,160,256,256,7.96,9.10,14.45,0.0,109.92,748.62,202.37,119.31,79.50,0.9746,12.2900,11.3700,0.0000,0.0000,0.8606,0,11.3700,373.4165,366.1566,3.8247,367.6613,0.2073,PHASE_4_FWD_BWD,16.17,-8.51,727.7,209.2,22.01,0,0,,
5991,09:48:45.767,ROI,160,160,256,256,7.71,8.42,20.825,0.0,118.83,745.26,203.38,120.58,82.45,0.9125,11.4800,10.5600,0.0000,0.0000,0.8079,0,10.5600,372.6799,365.9823,3.7012,367.4069,0.2127,PHASE_4_FWD_BWD,16.17,-8.76,727.7,209.2,18.50,0,0,,
5992,09:48:45.832,ROI,160,160,256,256,7.99,8.69,13.875,0.0,115.06,743.80,203.35,120.35,80.93,0.9582,13.3900,13.6100,0.0000,0.0000,0.8785,0,13.6100,372.6385,365.7469,3.5544,367.2600,0.2196,PHASE_4_FWD_BWD,16.17,-8.91,727.7,209.2,17.13,0,0,,
5993,09:48:45.895,ROI,160,160,256,256,9.68,10.39,14.35,0.0,96.25,741.11,204.82,121.84,83.97,0.9225,13.2600,13.5900,0.0000,0.0000,0.8610,0,13.5900,372.3601,365.5159,3.4787,367.0441,0.2233,PHASE_4_FWD_BWD,16.17,-9.13,727.7,209.2,14.11,0,0,,
5994,09:48:45.943,ROI,160,160,256,256,7.95,8.65,20.825,0.0,115.66,739.45,205.41,121.39,85.01,0.9598,12.7000,12.3300,0.0000,0.0000,0.8529,0,12.3300,372.0580,365.2624,3.3543,366.8230,0.2297,PHASE_4_FWD_BWD,16.17,-9.35,727.7,209.2,12.34,0,0,,
5995,09:48:46.056,ROI,160,160,256,256,12.18,13.51,7.5,28.925,74.02,737.30,205.69,121.47,84.96,0.9591,12.5000,13.0900,0.0000,0.0000,0.8647,0,13.0900,372.0074,365.0824,3.2680,366.7049,0.2343,PHASE_4_FWD_BWD,16.17,-9.47,727.7,209.2,10.23,0,0,,
5996,09:48:46.121,ROI,160,160,256,256,10.71,11.69,7.575,33.425,85.53,735.70,206.26,122.00,84.86,0.9611,11.7700,10.4700,0.0000,0.0000,0.8377,0,10.4700,371.6360,365.0881,3.1240,366.6759,0.2425,PHASE_4_FWD_BWD,16.17,-9.49,727.7,209.2,8.53,0,0,,
5997,09:48:46.183,ROI,160,160,256,256,7.91,8.62,7.75,0.0,115.95,735.22,206.61,121.39,85.57,0.9840,11.2800,12.4800,0.0000,0.0000,0.8153,0,12.4800,371.7678,365.3301,2.9973,366.9406,0.2502,PHASE_4_FWD_BWD,16.17,-9.23,727.7,209.2,7.96,0,0,,
5998,09:48:46.232,ROI,160,160,256,256,8.47,9.21,9.675,0.0,108.55,734.54,206.50,121.79,85.49,0.9862,11.5300,12.5300,0.0000,0.0000,0.8243,0,12.5300,371.8993,365.8156,2.7696,367.4295,0.2653,PHASE_4_FWD_BWD,16.17,-8.74,727.7,209.2,7.35,0,0,,
5999,09:48:46.295,ROI,160,160,256,256,9.09,9.83,0.0,0.0,101.76,734.18,206.83,121.78,86.26,0.9853,10.2100,12.1400,0.0000,0.0000,0.7730,0,12.1400,371.7540,366.5430,2.5664,368.0041,0.2804,COMPLETED,16.17,-8.17,727.7,209.2,6.90,0,0,,
6000,09:48:46.361,ROI,160,160,256,256,10.06,10.78,0.0,0.0,92.74,734.06,206.93,121.73,86.11,0.9959,10.6200,12.3100,0.0000,0.0000,0.7742,0,12.3100,371.8424,367.3596,2.3519,368.6970,0.2983,POST_PH4_SPIN,16.17,-7.47,727.7,209.2,0.00,0,0,0.067,
6001,09:48:46.408,ROI,160,160,256,256,10.81,11.56,21.6,0.0,86.49,733.90,207.04,121.52,86.18,0.9948,10.5700,12.4800,0.0000,0.0000,0.7843,0,12.4800,371.9566,368.2900,2.1021,369.4720,0.3224,POST_PH4_SPIN,16.17,-6.70,727.7,209.2,0.00,0,0,0.114,
6002,09:48:46.537,ROI,160,160,256,256,8.63,9.33,3.325,0.0,107.21,732.70,207.88,120.75,85.65,0.9614,10.8700,12.6300,0.0000,0.0000,0.7904,0,12.6300,372.1089,369.5178,1.8618,370.4232,0.3494,POST_PH4_SPIN,16.17,-5.75,727.7,209.2,0.00,0,0,0.241,
6003,09:48:46.584,ROI,160,160,256,256,8.59,9.32,20.6,0.0,107.29,732.96,207.59,119.70,84.56,0.9787,10.7800,10.5900,0.0000,0.0000,0.7990,0,10.5900,371.8463,370.9252,1.6207,371.2766,0.3816,POST_PH4_SPIN,16.17,-4.89,727.7,209.2,0.00,0,0,0.288,
6004,09:48:46.649,ROI,160,160,256,256,7.89,8.60,14.025,0.0,116.23,732.94,207.62,119.70,84.78,0.9971,10.8300,10.7000,0.0000,0.0000,0.7984,0,10.7000,371.7029,372.6312,1.3708,372.2397,0.4218,POST_PH4_SPIN,16.17,-3.93,727.7,209.2,0.00,0,0,0.353,
6005,09:48:46.697,ROI,160,160,256,256,7.94,8.67,10.025,0.0,115.35,732.96,207.62,119.68,84.66,0.9982,10.9200,10.6300,0.0000,0.0000,0.8001,0,10.6300,371.3431,374.5151,1.1716,373.0544,0.4605,POST_PH4_SPIN,16.17,-3.12,727.7,209.2,0.00,0,0,0.401,
6006,09:48:46.760,ROI,160,160,256,256,7.95,8.65,7.175,0.0,115.59,732.98,207.70,119.58,84.37,0.9958,10.9400,10.7200,0.0000,0.0000,0.8007,0,10.7200,371.2320,376.3059,1.0238,373.7988,0.4941,POST_PH4_SPIN,16.17,-2.37,727.7,209.2,0.00,0,0,0.464,
6007,09:48:46.823,ROI,160,160,256,256,8.31,9.01,7.15,0.0,110.93,732.91,207.72,119.60,84.21,0.9970,10.6200,11.4900,0.0000,0.0000,0.8021,0,11.4900,371.2082,378.0395,0.8616,374.3700,0.5372,POST_PH4_SPIN,16.17,-1.80,727.7,209.2,0.00,0,0,0.527,
6008,09:48:46.872,ROI,160,160,256,256,8.04,8.77,0.0,0.0,114.02,732.80,207.75,119.42,83.94,0.9949,10.6900,12.0200,0.0000,0.0000,0.8063,0,12.0200,371.1823,379.6946,0.6901,374.6579,0.5917,POST_PH4_SPIN,16.17,-1.51,727.7,209.2,0.00,0,0,0.576,
6009,09:48:47.000,ROI,160,160,256,256,7.80,8.52,0.0,0.0,117.36,732.72,207.77,119.82,83.82,0.9953,10.9600,12.5700,0.0000,0.0000,0.8156,0,12.5700,371.1676,381.2917,0.5543,374.7780,0.6434,POST_PH4_SPIN,16.17,-1.39,727.7,209.2,0.00,0,0,0.703,
6010,09:48:47.048,ROI,160,160,256,256,8.72,9.83,9.875,0.0,101.68,732.74,207.64,119.92,83.71,0.9962,11.3900,12.8200,0.0000,0.0000,0.8226,0,12.8200,371.5077,382.5887,0.4166,374.7665,0.7059,POST_PH4_SPIN,16.17,-1.40,727.7,209.2,0.00,0,0,0.753,
6011,09:48:47.111,ROI,160,160,256,256,7.93,8.63,7.325,0.0,115.82,732.64,207.61,119.76,83.58,0.9969,11.0800,12.7700,0.0000,0.0000,0.8239,0,12.7700,371.8491,383.8719,0.3156,374.7330,0.7601,POST_PH4_SPIN,16.17,-1.44,727.7,209.2,0.00,0,0,0.815,
6012,09:48:47.176,ROI,160,160,256,256,8.50,9.36,13.875,0.0,106.79,732.74,207.51,119.79,83.55,0.9961,11.4700,12.9200,0.0000,0.0000,0.8308,0,12.9200,372.0957,385.2572,0.2287,374.5457,0.8139,POST_PH4_SPIN,16.17,-1.62,727.7,209.2,0.00,0,0,0.880,
6013,09:48:47.224,ROI,160,160,256,256,8.11,9.22,20.25,0.0,108.44,732.83,207.50,119.70,83.41,0.9967,11.4500,13.3200,0.0000,0.0000,0.8295,0,13.3200,372.4982,386.3880,0.1664,374.4799,0.8573,POST_PH4_SPIN,16.17,-1.69,727.7,209.2,0.00,0,0,0.928,
6014,09:48:47.288,ROI,160,160,256,256,10.77,11.63,7.175,0.0,85.96,732.83,207.35,119.97,83.63,0.9943,11.6300,13.5100,0.0000,0.0000,0.8381,0,13.5100,372.6444,386.8884,0.1263,374.2419,0.8879,POST_PH4_SPIN,16.17,-1.93,727.7,209.2,0.00,0,0,0.994,
6015,09:48:47.352,ROI,160,160,256,256,10.94,11.70,7.4,0.0,85.46,732.86,207.34,119.89,83.57,0.9986,11.8200,13.4900,0.0000,0.0000,0.8444,0,13.4900,372.9566,386.8784,0.0907,374.1143,0.9168,POST_PH4_SPIN,16.17,-2.06,727.7,209.2,0.00,0,0,1.059,
6016,09:48:47.401,ROI,160,160,256,256,7.87,8.58,10.525,0.0,116.59,732.85,207.38,119.57,83.74,0.9952,11.8900,13.8100,0.0000,0.0000,0.8453,0,13.8100,373.3221,384.9798,0.0629,374.0123,0.9408,POST_PH4_SPIN,16.17,-2.16,727.7,209.2,0.00,0,0,1.104,
6017,09:48:47.512,ROI,160,160,256,256,9.32,10.17,3.8,0.0,98.31,732.99,207.26,119.73,83.87,0.9946,12.2700,13.8700,0.0000,0.0000,0.8578,0,13.8700,373.6341,379.7277,0.0394,373.8651,0.9621,POST_PH4_SPIN,16.17,-2.30,727.7,209.2,0.00,0,0,1.217,
6018,09:48:47.576,ROI,160,160,256,256,8.39,9.11,7.225,0.0,109.81,733.02,207.30,119.70,83.94,0.9983,12.2000,14.0000,0.0000,0.0000,0.8563,0,14.0000,373.9612,366.0969,0.0238,373.7785,0.9768,POST_PH4_SPIN,16.17,-2.39,727.7,209.2,0.00,0,0,1.280,
6019,09:48:47.641,ROI,160,160,256,256,8.57,9.40,0.0,0.0,106.40,732.73,206.89,120.50,85.18,0.9788,12.2400,14.5500,0.0000,0.0000,0.8437,0,14.5500,374.3902,381.3045,0.0378,374.6417,0.9636,POST_PH4_SPIN,16.17,-1.53,727.7,209.2,0.00,0,0,1.345,
6020,09:48:47.688,ROI,160,160,256,256,8.04,8.76,10.325,0.0,114.10,733.12,206.98,120.82,84.27,0.9829,11.9000,13.9100,0.0000,0.0000,0.8454,0,13.9100,374.6685,394.7412,0.0404,375.4483,0.9612,POST_PH4_SPIN,16.17,-0.72,727.7,209.2,0.00,0,0,1.392,
6021,09:48:47.753,ROI,160,160,256,256,8.88,9.65,6.975,0.0,103.67,733.08,206.45,122.02,85.63,0.9744,12.3500,15.1100,0.0000,0.0000,0.8410,0,15.1100,374.9433,405.9787,0.0565,376.6033,0.9465,POST_PH4_SPIN,16.17,0.43,727.7,209.2,0.00,0,0,1.458,
6022,09:48:47.817,ROI,160,160,256,256,8.19,9.04,7.175,0.0,110.60,732.98,206.45,122.32,85.76,0.9960,12.3000,15.0200,0.0000,0.0000,0.8393,0,15.0200,375.1326,415.9492,0.0695,377.7865,0.9350,POST_PH4_SPIN,16.17,1.62,727.7,209.2,0.00,0,0,1.521,
6023,09:48:47.929,ROI,160,160,256,256,7.90,8.74,3.775,0.0,114.48,733.12,206.94,120.93,84.53,0.9744,12.0500,13.6100,0.0000,0.0000,0.8527,0,13.6100,374.9497,424.0506,0.0722,378.2552,0.9327,POST_PH4_SPIN,16.17,2.09,727.7,209.2,0.00,0,0,1.633,
6024,09:48:47.993,ROI,160,160,256,256,8.04,8.76,7.1,0.0,114.14,733.11,206.54,122.37,85.78,0.9739,12.6300,15.3900,0.0000,0.0000,0.8477,0,15.3900,375.0889,430.5432,0.0791,379.1517,0.9267,POST_PH4_SPIN,16.17,2.98,727.7,209.2,0.00,0,0,1.697,
6025,09:48:48.039,ROI,160,160,256,256,7.99,8.67,10.4,0.0,115.29,733.16,206.56,122.37,85.66,0.9979,12.5000,15.4800,0.0000,0.0000,0.8464,0,15.4800,375.2501,435.6105,0.0831,379.8801,0.9233,POST_PH4_SPIN,16.17,3.71,727.7,209.2,0.00,0,0,1.743,
6026,09:48:48.104,ROI,160,160,256,256,7.99,8.69,6.95,0.0,115.10,733.19,206.51,122.70,85.65,0.9961,12.5300,15.4900,0.0000,0.0000,0.8488,0,15.4900,375.4023,439.5206,0.0845,380.3973,0.9221,POST_PH4_SPIN,16.17,4.23,727.7,209.2,0.00,0,0,1.808,
6027,09:48:48.153,ROI,160,160,256,256,9.25,9.97,9.725,0.0,100.31,733.34,206.50,122.69,85.57,0.9967,12.8000,15.6600,0.0000,0.0000,0.8593,0,15.6600,375.5895,442.1897,0.0836,380.7295,0.9228,POST_PH4_SPIN,16.17,4.56,727.7,209.2,0.00,0,0,1.858,
6028,09:48:48.217,ROI,160,160,256,256,7.93,8.64,7.2,0.0,115.70,733.32,206.46,122.78,85.60,0.9985,12.7800,15.7300,0.0000,0.0000,0.8594,0,15.7300,375.7646,443.7521,0.0828,380.9644,0.9235,POST_PH4_SPIN,16.17,4.79,727.7,209.2,0.00,0,0,1.921,
6029,09:48:48.328,ROI,160,160,256,256,8.37,9.07,0.0,0.0,110.19,733.35,206.61,122.93,85.44,0.9955,12.7500,16.0800,0.0000,0.0000,0.8568,0,16.0800,375.9547,444.4221,0.0771,380.8539,0.9284,POST_PH4_SPIN,16.17,4.68,727.7,209.2,0.00,0,0,2.032,
6030,09:48:48.392,ROI,160,160,256,256,8.54,9.27,7.05,0.0,107.88,733.32,206.66,123.15,85.50,0.9971,12.6700,16.0000,0.0000,0.0000,0.8545,0,16.0000,376.0870,444.2254,0.0704,380.5685,0.9342,POST_PH4_SPIN,16.17,4.40,727.7,209.2,0.00,0,0,2.096,
6031,09:48:48.455,ROI,160,160,256,256,9.23,9.94,7.25,0.0,100.57,733.40,206.75,123.09,85.41,0.9965,12.7300,16.1600,0.0000,0.0000,0.8553,0,16.1600,376.2425,442.3187,0.0623,380.1148,0.9414,POST_PH4_SPIN,16.17,3.94,727.7,209.2,0.00,0,0,2.160,
6032,09:48:48.504,ROI,160,160,256,256,16.50,18.37,10.1,0.0,54.43,733.34,206.72,123.57,85.34,0.9954,12.6700,16.1600,0.0000,0.0000,0.8529,0,16.1600,376.3693,438.8916,0.0548,379.6186,0.9480,POST_PH4_SPIN,16.17,3.45,727.7,209.2,0.00,0,0,2.217,
6033,09:48:48.571,ROI,160,160,256,256,18.72,19.81,0.0,19.725,50.49,733.21,206.74,123.33,85.12,0.9953,12.5800,16.2700,0.0000,0.0000,0.8461,0,16.2700,376.4699,434.0605,0.0450,378.9498,0.9569,POST_PH4_SPIN,16.17,2.78,727.7,209.2,0.00,0,0,2.285,
6034,09:48:48.632,ROI,160,160,256,256,15.49,17.04,18.75,22.925,58.67,733.21,206.78,123.46,85.20,0.9978,12.4600,16.2700,0.0000,0.0000,0.8425,0,16.2700,376.5573,426.1497,0.0327,378.1256,0.9684,POST_PH4_SPIN,16.17,1.96,727.7,209.2,0.00,0,0,2.344,
6035,09:48:48.681,ROI,160,160,256,256,12.05,12.91,12.225,0.0,77.45,733.16,206.80,123.31,84.86,0.9949,12.2400,16.5500,0.0000,0.0000,0.8340,0,16.5500,376.6654,412.6383,0.0233,377.4835,0.9773,POST_PH4_SPIN,16.17,1.31,727.7,209.2,0.00,0,0,2.389,
6036,09:48:48.792,ROI,160,160,256,256,8.09,8.81,3.975,0.0,113.48,733.30,206.86,123.36,84.88,0.9962,12.4200,16.4400,0.0000,0.0000,0.8402,0,16.4400,376.7185,386.1051,0.0209,376.9110,0.9795,POST_PH4_SPIN,16.17,0.74,727.7,209.2,0.00,0,0,2.496,
6037,09:48:48.855,ROI,160,160,256,256,8.05,8.81,7.2,0.0,113.54,733.32,206.85,123.44,84.86,0.9990,12.4800,16.5500,0.0000,0.0000,0.8417,0,16.5500,376.8125,368.3560,0.0181,376.6625,0.9823,POST_PH4_SPIN,16.17,0.49,727.7,209.2,0.00,0,0,2.559,
6038,09:48:48.921,ROI,160,160,256,256,8.05,8.78,6.85,0.0,113.89,733.19,206.91,123.23,84.77,0.9964,12.3900,16.6600,0.0000,0.0000,0.8366,0,16.6600,376.8227,348.0815,0.0245,376.1342,0.9760,POST_PH4_SPIN,16.17,-0.04,727.7,209.2,0.00,0,0,2.625,
6039,09:48:48.969,ROI,160,160,256,256,8.92,9.65,0.0,0.0,103.67,733.13,206.88,123.39,84.85,0.9978,12.4400,16.7000,0.0000,0.0000,0.8380,0,16.7000,376.9262,364.7024,0.0221,376.6615,0.9783,POST_PH4_SPIN,16.17,0.49,727.7,209.2,0.00,0,0,2.674,
6040,09:48:49.032,ROI,160,160,256,256,8.81,9.54,7.325,0.0,104.79,733.32,206.86,123.38,84.93,0.9960,12.3400,16.6500,0.0000,0.0000,0.8363,0,16.6500,376.9816,379.1958,0.0195,377.0240,0.9808,POST_PH4_SPIN,16.17,0.85,727.7,209.2,0.00,0,0,2.737,
6041,09:48:49.095,ROI,160,160,256,256,8.36,9.07,7.325,0.0,110.22,732.92,206.85,123.57,84.85,0.9926,12.2600,16.7800,0.0000,0.0000,0.8323,0,16.7800,376.8783,388.7112,0.0265,377.1838,0.9742,POST_PH4_SPIN,16.17,1.01,727.7,209.2,0.00,0,0,2.799,
6042,09:48:49.144,ROI,160,160,256,256,10.41,11.28,9.9,0.0,88.61,733.62,206.43,123.94,84.80,0.9792,12.5500,16.3900,0.0000,0.0000,0.8652,0,16.3900,376.8374,399.4574,0.0177,377.2316,0.9826,POST_PH4_SPIN,16.17,1.06,727.7,209.2,0.00,0,0,2.850,
6043,09:48:49.257,ROI,160,160,256,256,8.03,8.74,3.825,0.0,114.46,733.08,206.72,123.79,84.59,0.9847,11.9200,17.2000,0.0000,0.0000,0.8247,0,17.2000,376.9547,405.6446,0.0164,377.4166,0.9839,POST_PH4_SPIN,16.17,1.25,727.7,209.2,0.00,0,0,2.961,
6044,09:48:49.319,ROI,160,160,256,256,8.15,8.99,7.35,0.0,111.18,733.08,206.78,124.06,84.56,0.9963,11.9200,17.3000,0.0000,0.0000,0.8272,0,17.3000,377.0634,407.8665,0.0165,377.5621,0.9838,POST_PH4_SPIN,16.17,1.39,727.7,209.2,0.00,0,0,3.023,
6045,09:48:49.384,ROI,160,160,256,256,8.55,9.27,7.025,0.0,107.93,733.03,206.77,123.94,84.64,0.9980,11.8500,17.3500,0.0000,0.0000,0.8256,0,17.3500,377.1695,406.8558,0.0157,377.6286,0.9845,POST_PH4_SPIN,16.17,1.46,727.7,209.2,0.00,0,0,3.088,
6046,09:48:49.433,ROI,160,160,256,256,9.21,10.00,9.675,0.0,100.04,733.19,206.80,124.11,84.70,0.9967,12.0200,17.4700,0.0000,0.0000,0.8305,0,17.4700,377.2782,403.1019,0.0131,377.6126,0.9871,POST_PH4_SPIN,16.17,1.44,727.7,209.2,0.00,0,0,3.138,
6047,09:48:49.497,ROI,160,160,256,256,8.12,8.98,7.25,0.0,111.41,733.21,206.74,124.08,84.69,0.9982,12.0000,17.4300,0.0000,0.0000,0.8333,0,17.4300,377.3872,396.8023,0.0107,377.5920,0.9895,POST_PH4_SPIN,16.17,1.42,727.7,209.2,0.00,0,0,3.201,
6048,09:48:49.559,ROI,160,160,256,256,8.00,8.73,7.35,0.0,114.57,733.37,206.80,124.56,84.93,0.9933,12.2200,17.4700,0.0000,0.0000,0.8390,0,17.4700,377.4718,388.1277,0.0065,377.5404,0.9936,POST_PH4_SPIN,16.17,1.37,727.7,209.2,0.00,0,0,3.263,
6049,09:48:49.609,ROI,160,160,256,256,8.04,8.89,0.0,0.0,112.46,733.48,206.70,124.51,84.88,0.9960,11.8500,17.4500,0.0000,0.0000,0.8403,0,17.4500,377.5442,397.0368,0.0040,377.6224,0.9960,POST_PH4_SPIN,16.17,1.45,727.7,209.2,0.00,0,0,3.313,
6050,09:48:49.736,ROI,160,160,256,256,10.09,10.99,3.325,0.0,90.96,733.74,206.61,124.82,85.18,0.9924,11.8900,17.6900,0.0000,0.0000,0.8405,0,17.6900,377.6432,398.3216,0.0148,377.9443,0.9854,POST_PH4_SPIN,16.17,1.77,727.7,209.2,0.00,0,0,3.442,
6051,09:48:49.784,ROI,160,160,256,256,13.28,14.73,10.425,0.0,67.88,733.83,206.58,124.61,85.18,0.9976,11.8100,17.5300,0.0000,0.0000,0.8407,0,17.5300,377.6947,398.9211,0.0249,378.2100,0.9757,POST_PH4_RE_RFB,16.17,2.04,727.7,209.2,0.00,0,0,,0.052
6052,09:48:49.848,ROI,160,160,256,256,13.58,14.44,0.0,27.05,69.24,733.83,206.54,124.70,85.20,0.9985,11.8000,17.5500,0.0000,0.0000,0.8390,0,17.5500,377.7283,398.6854,0.0335,378.4084,0.9675,POST_PH4_RE_RFB,16.17,2.24,727.7,209.2,0.00,0,0,,0.115
6053,09:48:49.912,ROI,160,160,256,256,8.67,9.39,0.0,0.0,106.46,733.78,206.43,124.80,84.99,0.9966,11.7700,17.6600,0.0000,0.0000,0.8396,0,17.6600,377.7930,397.4358,0.0401,378.5495,0.9615,POST_PH4_RE_RFB,16.17,2.38,727.7,209.2,0.00,0,0,,0.174
6054,09:48:49.960,ROI,160,160,256,256,9.08,9.81,0.0,0.0,101.90,733.93,206.38,124.61,85.14,0.9960,11.8100,17.7200,0.0000,0.0000,0.8406,0,17.7200,377.8384,391.4912,0.0496,378.4830,0.9528,POST_PH4_RE_RFB,16.17,2.31,727.7,209.2,0.00,0,0,,0.223
6055,09:48:50.024,ROI,160,160,256,256,8.54,9.25,14.35,42.225,108.08,733.90,206.38,124.66,85.22,0.9985,11.8400,17.7700,0.0000,0.0000,0.8424,0,17.7700,377.8837,381.4813,0.0574,378.0790,0.9457,POST_PH4_RE_RFB,16.17,1.91,727.7,209.2,0.00,0,0,,0.287
6056,09:48:50.088,ROI,160,160,256,256,7.96,8.69,7.15,0.0,115.11,734.12,206.37,124.56,85.10,0.9951,11.5900,17.7900,0.0000,0.0000,0.8360,0,17.7900,377.9239,367.3078,0.0647,377.2789,0.9392,POST_PH4_RE_RFB,16.17,1.11,727.7,209.2,0.00,0,0,,0.350
6057,09:48:50.136,ROI,160,160,256,256,8.67,9.41,9.925,0.0,106.31,734.67,205.81,124.32,85.42,0.9783,12.2700,17.1800,0.0000,0.0000,0.8644,0,17.1800,377.8239,370.9581,0.0819,377.3044,0.9243,POST_PH4_RE_RFB,16.17,1.13,727.7,209.2,0.00,0,0,,0.399
6058,09:48:50.249,ROI,160,160,256,256,10.41,11.37,7.575,0.0,87.95,735.89,205.50,125.18,84.32,0.9682,11.7300,14.4600,0.0000,0.0000,0.8373,0,14.4600,377.1532,374.7634,0.1203,376.8965,0.8926,POST_PH4_RE_RFB,16.17,0.73,727.7,209.2,0.00,0,0,,0.513
6059,09:48:50.313,ROI,160,160,256,256,8.68,9.52,7.35,0.0,105.04,736.41,205.06,123.82,83.66,0.9790,12.1000,15.8900,0.0000,0.0000,0.8695,0,15.8900,376.8281,377.8607,0.1574,376.9685,0.8640,POST_PH4_RE_RFB,16.17,0.80,727.7,209.2,0.00,0,0,,0.576
6060,09:48:50.377,ROI,160,160,256,256,10.74,11.74,14.475,0.0,85.21,737.70,204.65,123.44,83.54,0.9698,11.3500,16.6200,0.0000,0.0000,0.8678,0,16.6200,376.6246,382.7699,0.2257,377.7562,0.8159,POST_PH4_RE_RFB,16.17,1.59,727.7,209.2,0.00,0,0,,0.642
6061,09:48:50.424,ROI,160,160,256,256,8.01,8.73,21.9,0.0,114.57,737.88,203.74,119.94,82.19,0.9507,11.8100,17.0900,0.0000,0.0000,0.8759,0,17.0900,376.6033,387.0903,0.2831,378.9175,0.7793,POST_PH4_RE_RFB,16.17,2.75,727.7,209.2,0.00,0,0,,0.686
6062,09:48:50.487,ROI,160,160,256,256,9.15,9.88,14.375,0.0,101.24,740.42,202.20,119.79,80.78,0.9235,11.3300,17.3700,0.0000,0.0000,0.8786,0,17.3700,376.6524,390.3185,0.3809,380.4221,0.7242,POST_PH4_RE_RFB,16.17,4.25,727.7,209.2,0.00,0,0,,0.750
6063,09:48:50.552,ROI,160,160,256,256,8.54,9.27,14.275,0.0,107.92,741.92,201.87,121.44,79.15,0.9562,11.5000,15.3500,0.0000,0.0000,0.8837,0,15.3500,376.2923,392.0391,0.4858,381.4409,0.6730,POST_PH4_RE_RFB,16.17,5.27,727.7,209.2,0.00,0,0,,0.814
6064,09:48:50.600,ROI,160,160,256,256,9.07,10.25,20.025,0.0,97.52,745.10,201.77,126.16,81.92,0.9181,12.2300,16.7600,0.0000,0.0000,0.8905,0,16.7600,376.2693,391.5144,0.6217,382.1135,0.6166,POST_PH4_RE_RFB,16.17,5.94,727.7,209.2,0.00,0,0,,0.864
6065,09:48:50.730,ROI,160,160,256,256,8.01,8.72,6.55,0.0,114.68,748.50,201.21,122.75,82.22,0.9342,11.3800,17.9500,0.0000,0.0000,0.8813,0,17.9500,376.4978,388.4453,0.7907,381.7732,0.5584,POST_PH4_RE_RFB,16.17,5.60,727.7,209.2,0.00,0,0,,0.992
6066,09:48:50.775,ROI,160,160,256,256,7.89,8.61,21.2,0.0,116.11,751.36,200.97,122.38,83.31,0.9423,10.9500,16.8700,0.0000,0.0000,0.8820,0,16.8700,376.5006,382.5892,0.9775,379.5103,0.5057,POST_PH4_RE_RFB,16.17,3.34,727.7,209.2,0.00,0,0,,1.037
6067,09:48:50.889,ROI,160,160,256,256,9.48,10.20,3.725,0.0,98.08,757.22,198.90,121.15,80.11,0.8650,12.6400,15.3100,0.0000,0.0000,0.9180,0,15.3100,376.1925,384.8107,1.2387,380.9611,0.4467,POST_PH4_RE_RFB,16.17,4.79,727.7,209.2,0.00,0,0,,1.152
6068,09:48:50.954,ROI,160,160,256,256,11.12,12.20,0.0,0.0,81.95,759.93,196.91,121.47,79.09,0.9109,12.1000,18.5600,0.0000,0.0000,0.8881,0,18.5600,376.6137,383.9118,1.5110,381.0053,0.3983,POST_PH4_RE_RFB,16.17,4.84,727.7,209.2,0.00,0,0,,1.219
6069,09:48:51.018,ROI,160,160,256,256,11.28,12.27,0.0,0.0,81.49,762.78,197.23,121.84,80.24,0.9408,13.3100,18.8400,0.0000,0.0000,0.8698,0,18.8400,377.0592,382.6410,1.7729,380.6280,0.3606,POST_PH4_RE_RFB,16.17,4.46,727.7,209.2,0.00,0,0,,1.283
6070,09:48:51.065,ROI,160,160,256,256,7.71,8.44,11.1,0.0,118.55,764.66,196.89,121.25,79.57,0.9613,12.2300,18.6500,0.0000,0.0000,0.8733,0,18.6500,377.4450,381.1949,2.0059,379.9474,0.3327,POST_PH4_RE_RFB,16.17,3.78,727.7,209.2,0.00,0,0,,1.327
6071,09:48:51.192,ROI,160,160,256,256,7.99,8.70,3.3,0.0,114.99,771.54,195.62,123.70,81.94,0.8671,12.1300,16.8800,0.0000,0.0000,0.8621,0,16.8800,377.4615,379.9863,2.2943,379.2199,0.3036,POST_PH4_RE_RFB,16.17,3.05,727.7,209.2,0.00,0,0,,1.454
6072,09:48:51.241,ROI,160,160,256,256,7.95,8.73,19.325,0.0,114.51,774.34,195.08,125.18,82.16,0.9437,12.7300,15.8700,0.0000,0.0000,0.8745,0,15.8700,377.2916,378.6230,2.5552,378.2485,0.2813,POST_PH4_RE_RFB,16.17,2.08,727.7,209.2,0.00,0,0,,1.503
6073,09:48:51.303,ROI,160,160,256,256,8.05,8.75,7.275,0.0,114.33,776.27,194.98,124.80,82.03,0.9674,13.2400,15.3400,0.0000,0.0000,0.8789,0,15.3400,377.0513,377.1650,2.7623,377.1348,0.2658,POST_PH4_RE_RFB,16.17,0.96,727.7,209.2,0.00,0,0,,1.565
6074,09:48:51.368,ROI,160,160,256,256,7.93,8.61,6.975,0.0,116.08,780.30,192.59,123.73,80.56,0.8851,13.2100,15.4300,0.0000,0.0000,0.8997,0,15.4300,376.8742,375.5665,2.9629,375.8965,0.2523,POST_PH4_RE_RFB,16.17,-0.27,727.7,209.2,0.00,0,0,,1.630
6075,09:48:51.418,ROI,160,160,256,256,7.94,8.78,9.575,0.0,113.90,782.93,192.10,129.94,82.13,0.9340,13.8900,17.2800,0.0000,0.0000,0.8731,0,17.2800,377.0494,374.3362,3.1242,374.9940,0.2425,POST_PH4_RE_RFB,16.17,-1.18,727.7,209.2,0.00,0,0,,1.680
6076,09:48:51.481,ROI,160,160,288,288,7.91,8.62,7.125,0.0,116.01,786.79,190.97,129.04,81.58,0.9173,11.7400,16.4800,0.0000,0.0000,0.8583,0,16.4800,376.7569,373.0497,3.2771,373.9165,0.2338,POST_PH4_RE_RFB,16.17,-2.25,727.7,209.2,0.00,0,0,,1.743
6077,09:48:51.545,ROI,160,160,288,288,7.87,8.59,0.0,0.0,116.44,787.69,190.65,129.60,79.88,0.9658,9.3300,18.3000,0.0000,0.0000,0.7899,0,18.3000,376.9604,372.0547,3.3496,373.1826,0.2299,POST_PH4_RE_RFB,16.17,-2.99,727.7,209.2,0.00,0,0,,1.807
6078,09:48:51.592,ROI,160,160,288,288,7.86,8.58,0.0,0.0,116.59,792.87,190.04,127.94,83.00,0.8896,11.6100,15.8100,0.0000,0.0000,0.8536,0,15.8100,376.6930,371.2038,3.4295,372.4430,0.2258,POST_PH4_RE_RFB,16.17,-3.73,727.7,209.2,0.00,0,0,,1.854
6079,09:48:51.705,ROI,160,160,256,256,7.89,8.62,0.0,0.0,116.05,796.72,188.54,130.91,83.02,0.9099,10.0100,17.0000,0.0000,0.0000,0.8356,0,17.0000,376.7356,370.8703,3.4712,372.1821,0.2237,POST_PH4_RE_RFB,16.17,-3.99,727.7,209.2,0.00,0,0,,1.967
6080,09:48:51.769,ROI,160,160,288,288,7.91,8.78,6.975,0.0,113.95,802.61,188.38,127.17,83.25,0.9093,10.2000,16.8500,0.0000,0.0000,0.7940,0,16.8500,376.7802,370.9680,3.5442,372.2470,0.2201,POST_PH4_RE_RFB,16.17,-3.92,727.7,209.2,0.00,0,0,,2.031
6081,09:48:51.833,ROI,160,160,256,256,7.87,8.61,7.175,0.0,116.14,806.56,186.70,123.12,81.39,0.9021,11.2300,13.8900,0.0000,0.0000,0.8686,0,13.8900,376.0037,371.3915,3.5902,372.3963,0.2179,POST_PH4_RE_RFB,16.17,-3.77,727.7,209.2,0.00,0,0,,2.094
6082,09:48:51.881,ROI,160,160,256,256,7.51,8.18,9.825,0.0,122.25,809.95,186.06,125.18,82.21,0.9324,11.4400,17.1500,0.0000,0.0000,0.8409,0,17.1500,376.0767,371.8002,3.6205,372.7258,0.2164,POST_PH4_RE_RFB,16.17,-3.44,727.7,209.2,0.00,0,0,,2.142
6083,09:48:51.946,ROI,160,160,256,256,8.62,9.30,6.925,0.0,107.58,812.10,185.54,125.92,82.30,0.9542,9.4200,15.9500,0.0000,0.0000,0.7982,0,15.9500,376.0294,372.1169,3.6195,372.9638,0.2165,POST_PH4_RE_RFB,16.17,-3.21,727.7,209.2,0.00,0,0,,2.208
6084,09:48:52.008,ROI,160,160,256,256,7.53,8.23,7.3,0.0,121.56,817.49,185.29,122.22,81.92,0.9115,9.0600,14.5200,0.0000,0.0000,0.7620,0,14.5200,375.6046,372.2097,3.6318,372.9427,0.2159,POST_PH4_RE_RFB,16.17,-3.23,727.7,209.2,0.00,0,0,,2.270
6085,09:48:52.057,ROI,160,160,256,256,7.47,8.17,9.75,0.0,122.46,817.30,184.74,126.38,81.86,0.9545,8.1500,15.7400,0.0000,0.0000,0.7813,0,15.7400,375.2973,372.2170,3.6242,372.8831,0.2163,POST_PH4_RE_RFB,16.17,-3.29,727.7,209.2,0.00,0,0,,2.318
6086,09:48:52.184,ROI,160,160,256,256,8.68,9.41,0.0,0.0,106.24,826.30,181.86,123.10,79.41,0.8091,7.8700,15.3600,0.0000,0.0000,0.7840,0,15.3600,375.2658,372.3835,3.7149,372.9948,0.2121,POST_PH4_RE_RFB,16.17,-3.18,727.7,209.2,0.00,0,0,,2.447
6087,09:48:52.232,ROI,160,160,256,256,12.47,13.39,10.25,0.0,74.70,832.08,181.11,124.05,79.34,0.8944,8.5000,15.5000,0.0000,0.0000,0.7738,0,15.5000,375.3503,372.5377,3.8199,373.1212,0.2075,POST_PH4_RE_RFB,16.17,-3.05,727.7,209.2,0.00,0,0,,2.498
6088,09:48:52.298,ROI,160,160,256,256,7.45,8.17,7.45,0.0,122.38,832.48,180.38,124.48,79.20,0.9754,7.7000,17.8200,0.0000,0.0000,0.7391,0,17.8200,375.9471,372.7106,3.8252,373.3814,0.2072,POST_PH4_RE_RFB,16.17,-2.79,727.7,209.2,0.00,0,0,,2.559
6089,09:48:52.361,ROI,160,160,256,256,7.48,8.18,7.1,0.0,122.20,833.89,180.10,124.00,78.56,0.9698,8.9700,15.5200,0.0000,0.0000,0.7858,0,15.5200,375.8910,372.8448,3.8486,373.4731,0.2062,POST_PH4_RE_RFB,16.17,-2.70,727.7,209.2,0.00,0,0,,2.622
6090,09:48:52.409,ROI,160,160,256,256,7.52,8.20,9.85,0.0,122.00,838.87,179.82,122.21,79.44,0.9124,7.8600,14.5500,0.0000,0.0000,0.6967,0,14.5500,375.5480,372.8791,3.8816,373.4258,0.2048,POST_PH4_RE_RFB,16.17,-2.74,727.7,209.2,0.00,0,0,,2.670
6091,09:48:52.472,ROI,160,160,256,256,7.57,8.27,7.025,0.0,120.92,839.50,179.50,124.37,78.53,0.9715,9.2800,16.7200,0.0000,0.0000,0.7679,0,16.7200,375.6135,372.7913,3.8273,373.3759,0.2072,POST_PH4_RE_RFB,16.17,-2.79,727.7,209.2,0.00,0,0,,2.734
6092,09:48:52.586,ROI,160,160,256,256,7.49,8.18,3.725,0.0,122.30,847.43,177.80,128.38,79.09,0.8468,8.8200,13.8600,0.0000,0.0000,0.7434,0,13.8600,375.0793,372.7059,3.8684,373.1934,0.2054,POST_PH4_RE_RFB,16.17,-2.98,727.7,209.2,0.00,0,0,,2.847
6093,09:48:52.647,ROI,160,160,288,288,7.64,8.36,7.275,0.0,119.68,851.86,177.95,126.76,78.48,0.9259,12.2800,13.9900,0.0000,0.0000,0.8938,0,13.9900,374.8049,372.5620,3.8953,373.0202,0.2043,POST_PH4_RE_RFB,16.17,-3.15,727.7,209.2,0.00,0,0,,2.909
6094,09:48:52.696,ROI,160,160,256,256,7.52,8.21,9.725,0.0,121.80,853.51,177.54,128.66,79.04,0.9644,11.2300,15.8800,0.0000,0.0000,0.8433,0,15.8800,374.8861,372.3873,3.8854,372.8987,0.2047,POST_PH4_RE_RFB,16.17,-3.27,727.7,209.2,0.00,0,0,,2.957
6095,09:48:52.761,ROI,160,160,288,288,8.10,8.91,6.85,0.0,112.26,857.52,175.85,124.29,78.35,0.9000,11.4900,13.0500,0.0000,0.0000,0.8827,0,13.0500,374.6008,372.2475,3.8288,372.7348,0.2071,POST_PH4_RE_RFB,16.17,-3.44,727.7,209.2,0.00,0,0,,3.023
6096,09:48:52.825,ROI,160,160,256,256,7.67,8.39,7.075,0.0,119.20,860.06,175.02,123.04,76.50,0.9374,12.4500,13.0100,0.0000,0.0000,0.8436,0,13.0100,374.1228,372.1024,3.7732,372.5257,0.2095,POST_PH4_RE_RFB,16.17,-3.64,727.7,209.2,0.00,0,0,,3.087
6097,09:48:52.873,ROI,160,160,256,256,7.81,8.64,0.0,0.0,115.76,863.46,173.75,121.41,77.23,0.9161,11.6300,14.1100,0.0000,0.0000,0.8692,0,14.1100,374.0513,372.0555,3.7185,372.4785,0.2119,POST_PH4_RE_RFB,16.17,-3.69,727.7,209.2,0.00,0,0,,3.135
6098,09:48:53.001,ROI,160,160,256,256,7.58,8.27,3.275,0.0,120.85,868.68,172.42,120.72,72.93,0.8680,10.8700,13.7600,0.0000,0.0000,0.8262,0,13.7600,373.9422,372.0326,3.7307,372.4363,0.2114,POST_PH4_RE_RFB,16.17,-3.73,727.7,209.2,0.00,0,0,,3.263
6099,09:48:53.049,ROI,160,160,256,256,7.47,8.21,19.65,0.0,121.75,872.72,171.30,121.04,74.34,0.9080,11.4400,14.4300,0.0000,0.0000,0.8574,0,14.4300,373.6955,372.1091,3.7589,372.4425,0.2101,POST_PH4_RE_RFB,16.17,-3.73,727.7,209.2,0.00,0,0,,3.311
6100,09:48:53.113,ROI,160,160,256,256,7.46,8.13,14.0,0.0,123.02,875.22,170.30,125.10,73.73,0.9353,10.6100,14.1100,0.0000,0.0000,0.8647,0,14.1100,373.7361,372.2690,3.7613,372.5771,0.2100,POST_PH4_RE_RFB,16.17,-3.59,727.7,209.2,0.00,0,0,,3.374
6101,09:48:53.177,ROI,160,160,256,256,7.53,8.22,13.95,0.0,121.71,878.20,169.70,122.16,74.67,0.9381,11.6500,15.9600,0.0000,0.0000,0.8823,0,15.9600,374.0753,372.4901,3.7220,372.8258,0.2118,POST_PH4_RE_RFB,16.17,-3.34,727.7,209.2,0.00,0,0,,3.439
6102,09:48:53.224,ROI,160,160,256,256,7.53,8.24,20.125,0.0,121.30,878.42,168.81,122.13,76.05,0.9733,12.4500,16.4000,0.0000,0.0000,0.8860,0,16.4000,374.3456,372.7002,3.6537,373.0538,0.2149,POST_PH4_RE_RFB,16.17,-3.12,727.7,209.2,0.00,0,0,,3.486
6103,09:48:53.289,ROI,160,160,256,256,7.44,8.16,13.75,0.0,122.56,881.36,167.74,119.81,77.60,0.9272,12.2600,17.4600,0.0000,0.0000,0.8819,0,17.4600,374.9353,372.9745,3.5088,373.4094,0.2218,POST_PH4_RE_RFB,16.17,-2.76,727.7,209.2,0.00,0,0,,3.551
6104,09:48:53.354,ROI,160,160,256,256,10.11,10.98,13.95,0.0,91.07,881.43,168.22,125.22,80.91,0.9176,11.7900,19.3000,0.0000,0.0000,0.8140,0,19.3000,375.8293,373.3819,3.4115,373.9367,0.2267,POST_PH4_RE_RFB,16.17,-2.23,727.7,209.2,0.00,0,0,,3.618
6105,09:48:53.402,ROI,160,160,256,256,9.86,10.71,21.1,0.0,93.39,884.18,167.02,122.64,79.34,0.9289,12.3700,17.0500,0.0000,0.0000,0.8931,0,17.0500,376.2092,373.8578,3.3627,374.3968,0.2292,POST_PH4_RE_RFB,16.17,-1.77,727.7,209.2,0.00,0,0,,3.665
6106,09:48:53.529,ROI,160,160,256,256,7.78,8.45,6.7,46.2,118.28,885.47,167.22,122.64,79.97,0.9717,12.5000,17.0500,0.0000,0.0000,0.8695,0,17.0500,376.8196,374.4237,3.2349,374.9895,0.2361,POST_PH4_RE_RFB,16.17,-1.18,727.7,209.2,0.00,0,0,,3.791
6107,09:48:53.576,ROI,160,160,256,256,7.91,8.57,10.05,0.0,116.74,886.02,166.50,124.94,81.14,0.9642,12.0100,17.8100,0.0000,0.0000,0.8651,0,17.8100,377.3436,375.1108,3.0357,375.6641,0.2478,POST_PH4_RE_RFB,16.17,-0.51,727.7,209.2,0.00,0,0,,3.838
6108,09:48:53.641,ROI,160,160,256,256,7.52,8.23,6.925,0.0,121.53,885.97,166.24,122.70,81.97,0.9723,11.6000,18.9100,0.0000,0.0000,0.8296,0,18.9100,377.9448,375.8373,2.8215,376.3888,0.2617,POST_PH4_RE_RFB,16.17,0.22,727.7,209.2,0.00,0,0,,3.903
6109,09:48:53.688,ROI,160,160,256,256,7.51,8.24,10.125,0.0,121.38,886.98,167.10,122.21,80.14,0.9618,12.3300,17.1700,0.0000,0.0000,0.8526,0,17.1700,378.3544,376.5333,2.5327,377.0488,0.2831,POST_PH4_RE_RFB,16.17,0.88,727.7,209.2,0.00,0,0,,3.950
6110,09:48:53.752,ROI,160,160,256,256,7.52,8.21,14.025,0.0,121.82,886.82,166.34,125.50,80.82,0.9557,11.9800,16.8700,0.0000,0.0000,0.8673,0,16.8700,378.3770,377.2623,2.3024,377.5999,0.3028,POST_PH4_RE_RFB,16.17,1.43,727.7,209.2,0.00,0,0,,4.014
6111,09:48:53.816,ROI,160,160,256,256,7.55,8.23,13.975,0.0,121.49,886.77,166.26,123.10,80.29,0.9745,11.7100,17.4700,0.0000,0.0000,0.8548,0,17.4700,378.4840,377.8632,2.0689,378.0655,0.3258,POST_PH4_RE_RFB,16.17,1.90,727.7,209.2,0.00,0,0,,4.078
6112,09:48:53.865,ROI,160,160,256,256,8.11,8.82,19.15,0.0,113.34,886.85,166.02,122.94,80.24,0.9927,11.8100,17.3900,0.0000,0.0000,0.8634,0,17.3900,378.7236,378.3482,1.7954,378.4825,0.3577,POST_PH4_RE_RFB,16.17,2.31,727.7,209.2,0.00,0,0,,4.127
6113,09:48:53.992,ROI,160,160,256,256,7.83,8.57,6.6,0.0,116.72,886.94,166.03,123.15,80.38,0.9965,12.3500,17.5000,0.0000,0.0000,0.8611,0,17.5000,378.6448,378.7862,1.5356,378.7304,0.3944,POST_PH4_RE_RFB,16.17,2.56,727.7,209.2,0.00,0,0,,4.254
6114,09:48:54.041,ROI,160,160,256,256,7.61,8.34,19.3,0.0,119.91,886.38,165.95,123.97,81.60,0.9762,11.8100,18.7400,0.0000,0.0000,0.8391,0,18.7400,378.7373,379.2287,1.2553,379.0108,0.4434,POST_PH4_RE_RFB,16.17,2.84,727.7,209.2,0.00,0,0,,4.303
6115,09:48:54.104,ROI,160,160,256,256,7.52,8.18,14.275,0.0,122.19,885.74,166.62,121.94,80.40,0.9676,11.3700,17.3000,0.0000,0.0000,0.7962,0,17.3000,378.5567,379.7003,0.9744,379.1211,0.5065,POST_PH4_RE_RFB,16.17,2.95,727.7,209.2,0.00,0,0,,4.366
6116,09:48:54.168,ROI,160,160,256,256,7.59,8.28,14.025,0.0,120.72,885.30,167.07,123.62,81.44,0.9738,11.7700,17.8700,0.0000,0.0000,0.8210,0,17.8700,378.3979,380.0359,0.7405,379.0948,0.5745,POST_PH4_RE_RFB,16.17,2.92,727.7,209.2,0.00,0,0,,4.430
6117,09:48:54.217,ROI,160,160,256,256,7.55,8.39,29.075,0.0,119.25,885.80,166.42,124.48,80.64,0.9764,11.2400,17.8100,0.0000,0.0000,0.8473,0,17.8100,378.2292,380.3230,0.5647,378.9848,0.6391,POST_PH4_RE_RFB,16.17,2.81,727.7,209.2,0.00,0,0,,4.478
6118,09:48:54.281,ROI,160,160,256,256,7.55,8.25,6.95,0.0,121.28,883.06,167.82,122.82,81.26,0.9249,11.2600,16.8100,0.0000,0.0000,0.7856,0,16.8100,377.7609,380.4414,0.3593,378.4695,0.7357,POST_PH4_RE_RFB,16.17,2.30,727.7,209.2,0.00,0,0,,4.543
6119,09:48:54.345,ROI,160,160,256,256,7.60,8.30,7.075,0.0,120.41,881.85,167.86,122.30,79.04,0.9537,11.4700,17.3100,0.0000,0.0000,0.8340,0,17.3100,377.5532,380.1264,0.1758,377.9379,0.8505,POST_PH4_RE_RFB,16.17,1.77,727.7,209.2,0.00,0,0,,4.606
6120,09:48:54.393,ROI,160,160,256,256,7.57,8.23,19.5,0.0,121.51,879.13,168.92,122.30,79.04,0.9318,11.2500,16.8700,0.0000,0.0000,0.8186,0,16.8700,377.2806,379.8222,0.0577,377.4193,0.9454,POST_PH4_RE_RFB,16.17,1.25,727.7,209.2,0.00,0,0,,4.655
6121,09:48:54.504,ROI,160,160,256,256,9.20,9.90,7.6,0.0,100.97,876.58,168.82,121.01,75.90,0.9215,11.1500,16.9400,0.0000,0.0000,0.8439,0,16.9400,377.1319,378.6767,0.2738,377.4640,0.7851,POST_PH4_RE_RFB,16.17,1.29,727.7,209.2,0.00,0,0,,4.767
6122,09:48:54.568,ROI,160,160,256,256,10.11,11.10,14.4,0.0,90.12,872.19,169.60,122.93,75.18,0.9121,10.4500,15.0900,0.0000,0.0000,0.8332,0,15.0900,376.8181,377.6050,0.5588,377.1002,0.6415,POST_PH4_RE_RFB,16.17,0.93,727.7,209.2,0.00,0,0,,4.833
6123,09:48:54.633,ROI,160,160,256,256,8.86,9.61,14.5,0.0,104.00,871.60,170.54,121.50,73.46,0.9638,11.3500,15.4400,0.0000,0.0000,0.8714,0,15.4400,376.3998,376.6851,0.7808,376.5249,0.5616,POST_PH4_RE_RFB,16.17,0.35,727.7,209.2,0.00,0,0,,4.896
6124,09:48:54.680,ROI,160,160,256,256,7.77,8.48,21.2,0.0,117.87,867.34,172.06,120.67,72.75,0.8950,12.0400,14.6000,0.0000,0.0000,0.8726,0,14.6000,375.8378,376.0791,1.0315,375.9603,0.4922,POST_PH4_RE_RFB,16.17,-0.21,727.7,209.2,0.00,0,0,,4.941
6125,09:48:54.745,ROI,160,160,256,256,7.64,8.36,6.85,0.0,119.66,865.50,172.77,121.14,75.12,0.9398,11.9600,14.3800,0.0000,0.0000,0.8632,0,14.3800,375.3582,375.6481,1.2640,375.5201,0.4417,POST_PH4_RE_RFB,16.17,-0.65,727.7,209.2,0.00,0,0,,5.007
6126,09:48:54.808,ROI,160,160,256,256,7.60,8.30,14.4,0.0,120.55,861.53,174.58,122.40,74.27,0.8940,12.2000,14.0800,0.0000,0.0000,0.8523,0,14.0800,374.9996,375.3946,1.5275,375.2384,0.3957,POST_PH4_RE_RFB,16.17,-0.93,727.7,209.2,0.00,0,0,,5.069
6127,09:48:54.857,ROI,160,160,256,256,7.58,8.27,28.6,0.0,120.89,858.73,175.57,122.66,77.84,0.9124,12.1900,13.7400,0.0000,0.0000,0.8417,0,13.7400,374.4629,375.4170,1.7758,375.0733,0.3603,POST_PH4_RE_RFB,16.17,-1.10,727.7,209.2,0.00,0,0,,5.119
6128,09:48:54.985,ROI,160,160,256,256,7.46,8.12,3.275,0.0,123.17,853.25,177.11,125.22,77.14,0.8811,11.0200,13.5900,0.0000,0.0000,0.8196,0,13.5900,373.9222,375.5695,2.0620,375.0315,0.3266,POST_PH4_RE_RFB,16.17,-1.14,727.7,209.2,0.00,0,0,,5.246
6129,09:48:55.033,ROI,160,160,256,256,7.73,8.52,9.625,0.0,117.41,849.03,178.55,124.26,77.81,0.9016,11.7700,15.6600,0.0000,0.0000,0.8164,0,15.6600,373.9295,375.7766,2.3540,375.2259,0.2981,POST_PH4_RE_RFB,16.17,-0.94,727.7,209.2,0.00,0,0,,5.295
6130,09:48:55.097,ROI,160,160,256,256,8.05,8.96,14.175,0.0,111.62,847.72,178.66,123.62,78.83,0.9665,9.8800,15.6100,0.0000,0.0000,0.7844,0,15.6100,373.9494,375.9855,2.5837,375.4174,0.2790,POST_PH4_RE_RFB,16.17,-0.75,727.7,209.2,0.00,0,0,,5.359
6131,09:48:55.145,ROI,160,160,256,256,7.52,8.23,9.95,0.0,121.50,845.48,179.06,125.81,78.50,0.9552,9.8000,15.8200,0.0000,0.0000,0.7818,0,15.8200,374.0557,376.2032,2.7663,375.6330,0.2655,POST_PH4_RE_RFB,16.17,-0.54,727.7,209.2,0.00,0,0,,5.407
6132,09:48:55.209,ROI,160,160,256,256,7.65,8.35,14.05,0.0,119.77,839.66,179.32,119.57,76.32,0.8847,8.9800,17.0800,0.0000,0.0000,0.6656,0,17.0800,374.5871,376.3506,2.9682,375.9062,0.2520,POST_PH4_RE_RFB,16.17,-0.26,727.7,209.2,0.00,0,0,,5.471
6133,09:48:55.274,ROI,160,160,256,256,7.48,8.20,13.875,0.0,121.92,836.78,179.48,122.43,79.60,0.9147,7.2300,16.3300,0.0000,0.0000,0.6841,0,16.3300,374.8342,376.4612,3.1352,376.0678,0.2418,POST_PH4_RE_RFB,16.17,-0.10,727.7,209.2,0.00,0,0,,5.535
6134,09:48:55.385,ROI,160,160,256,256,7.63,8.29,7.575,0.0,120.64,831.65,181.06,122.16,78.77,0.8848,8.5300,16.9400,0.0000,0.0000,0.6143,0,16.9400,375.2865,376.5372,3.3029,376.2465,0.2324,POST_PH4_RE_RFB,16.17,0.08,727.7,209.2,0.00,0,0,,5.647
6135,09:48:55.449,ROI,160,160,256,256,7.57,8.29,7.0,0.0,120.60,827.86,181.64,124.00,77.60,0.9269,7.8300,14.6400,0.0000,0.0000,0.6860,0,14.6400,375.2777,376.5693,3.4102,376.2765,0.2267,POST_PH4_RE_RFB,16.17,0.11,727.7,209.2,0.00,0,0,,5.711
6136,09:48:55.496,ROI,160,160,256,256,7.56,8.27,20.175,0.0,120.93,825.11,181.61,124.05,78.34,0.9478,8.5000,14.7100,0.0000,0.0000,0.7595,0,14.7100,375.2277,376.5114,3.4998,376.2261,0.2222,POST_PH4_RE_RFB,16.17,0.06,727.7,209.2,0.00,0,0,,5.758
6137,09:48:55.561,ROI,160,160,256,256,7.56,8.27,13.775,0.0,120.93,819.98,182.95,124.42,80.86,0.8912,9.1000,16.2300,0.0000,0.0000,0.6904,0,16.2300,375.5812,376.2150,3.5831,376.0767,0.2182,POST_PH4_RE_RFB,16.17,-0.09,727.7,209.2,0.00,0,0,,5.823
6138,09:48:55.625,ROI,160,160,256,256,7.63,8.32,7.025,0.0,120.14,818.38,184.24,126.56,81.70,0.9447,10.4000,15.4700,0.0000,0.0000,0.8019,0,15.4700,375.7492,375.9653,3.6248,375.9186,0.2162,POST_PH4_RE_RFB,16.17,-0.25,727.7,209.2,0.00,0,0,,5.887
6139,09:48:55.673,ROI,160,160,256,256,7.65,8.34,10.0,0.0,119.89,812.96,185.07,126.99,81.41,0.9003,8.7700,15.1800,0.0000,0.0000,0.6365,0,15.1800,375.8902,375.2219,3.6811,375.3646,0.2136,POST_PH4_RE_RFB,16.17,-0.81,727.7,209.2,0.00,0,0,,5.934
6140,09:48:55.801,ROI,160,160,256,256,9.64,10.40,6.475,0.0,96.15,809.04,186.47,128.80,82.14,0.9097,8.1600,13.8000,0.0000,0.0000,0.7043,0,13.8000,375.5740,374.3813,3.7620,374.6318,0.2100,POST_PH4_RE_RFB,16.17,-1.54,727.7,209.2,0.00,0,0,,6.065
6141,09:48:55.848,ROI,160,160,288,288,7.57,8.31,21.4,0.0,120.33,804.68,188.47,129.69,82.01,0.8918,8.9100,16.0600,0.0000,0.0000,0.7305,0,16.0600,375.7820,373.5834,3.8061,374.0409,0.2081,POST_PH4_RE_RFB,16.17,-2.13,727.7,209.2,0.00,0,0,,6.110
6142,09:48:55.913,ROI,160,160,288,288,7.58,8.28,13.9,0.0,120.74,802.63,187.69,126.18,83.41,0.9511,10.1900,16.6300,0.0000,0.0000,0.8303,0,16.6300,376.0024,372.8720,3.8276,373.5205,0.2071,POST_PH4_RE_RFB,16.17,-2.65,727.7,209.2,0.00,0,0,,6.174
6143,09:48:55.959,ROI,160,160,256,256,7.66,8.36,20.45,0.0,119.62,796.70,188.98,131.20,82.86,0.8854,12.1000,16.2400,0.0000,0.0000,0.7198,0,16.2400,376.0829,372.1976,3.8565,372.9976,0.2059,POST_PH4_RE_RFB,16.17,-3.17,727.7,209.2,0.00,0,0,,6.221
6144,09:48:56.023,ROI,160,160,288,288,8.02,8.71,14.15,0.0,114.85,792.96,190.05,133.76,83.97,0.9216,10.5700,18.4500,0.0000,0.0000,0.7770,0,18.4500,376.5498,371.6414,3.8913,372.6449,0.2044,POST_PH4_RE_RFB,16.17,-3.53,727.7,209.2,0.00,0,0,,6.285
6145,09:48:56.088,ROI,160,160,288,288,8.03,8.73,13.8,0.0,114.50,790.29,190.59,128.12,82.44,0.9404,11.5800,17.7200,0.0000,0.0000,0.8440,0,17.7200,376.7529,371.2933,3.8865,372.4106,0.2046,POST_PH4_RE_RFB,16.17,-3.76,727.7,209.2,0.00,0,0,,6.350
6146,09:48:56.136,ROI,160,160,288,288,8.06,8.77,19.875,44.525,114.01,787.39,191.51,130.07,80.93,0.9354,10.3700,17.5000,0.0000,0.0000,0.8226,0,17.5000,376.8244,371.1209,3.9017,372.2845,0.2040,POST_PH4_RE_RFB,16.17,-3.89,727.7,209.2,0.00,0,0,,6.398
6147,09:48:56.265,ROI,160,160,288,288,7.78,8.49,3.25,0.0,117.84,781.69,193.39,125.89,81.34,0.8750,11.3300,19.7600,0.0000,0.0000,0.7428,0,19.7600,377.5199,371.1761,3.9694,372.4527,0.2012,POST_PH4_RE_RFB,16.17,-3.72,727.7,209.2,0.00,0,0,,6.527
6148,09:48:56.312,ROI,160,160,256,256,7.69,8.40,10.125,0.0,118.99,776.62,193.42,129.15,83.62,0.8990,12.8100,19.1400,0.0000,0.0000,0.7724,0,19.1400,378.0110,371.3574,4.0075,372.6862,0.1997,POST_PH4_RE_RFB,16.17,-3.48,727.7,209.2,0.00,0,0,,6.574
6149,09:48:56.376,ROI,160,160,288,288,7.62,8.32,14.075,0.0,120.21,775.41,194.57,124.18,82.66,0.9356,12.9800,17.7400,0.0000,0.0000,0.8916,0,17.7400,378.1770,371.6984,3.9657,373.0031,0.2014,POST_PH4_RE_RFB,16.17,-3.17,727.7,209.2,0.00,0,0,,6.638
6150,09:48:56.441,ROI,160,160,256,256,7.72,8.43,13.775,0.0,118.60,771.69,194.10,124.46,79.60,0.9081,13.4200,17.2600,0.0000,0.0000,0.8694,0,17.2600,378.3510,372.0001,3.9496,373.2832,0.2020,POST_PH4_RE_RFB,16.17,-2.89,727.7,209.2,0.00,0,0,,6.703
6151,09:48:56.489,ROI,160,160,256,256,7.69,8.39,19.875,0.0,119.19,768.95,194.54,127.49,80.53,0.9466,13.3700,16.8200,0.0000,0.0000,0.8822,0,16.8200,378.3485,372.2263,3.8942,373.4772,0.2043,POST_PH4_RE_RFB,16.17,-2.69,727.7,209.2,0.00,0,0,,6.751
6152,09:48:56.553,ROI,160,160,256,256,7.58,8.25,14.05,0.0,121.19,766.58,195.44,125.55,81.94,0.9426,12.8200,17.1800,0.0000,0.0000,0.8566,0,17.1800,378.4788,372.4423,3.8446,373.6883,0.2064,POST_PH4_RE_RFB,16.17,-2.48,727.7,209.2,0.00,0,0,,6.815
6153,09:48:56.617,ROI,160,160,256,256,7.55,8.23,6.975,0.0,121.54,762.88,196.60,123.63,81.33,0.9167,11.9300,19.1100,0.0000,0.0000,0.7820,0,19.1100,378.7444,372.6197,3.8001,373.8957,0.2083,POST_PH4_RE_RFB,16.17,-2.27,727.7,209.2,0.00,0,0,,6.879
6154,09:48:56.665,ROI,160,160,256,256,7.52,8.26,19.825,0.0,121.13,762.37,196.83,119.63,78.67,0.9360,12.3200,17.2400,0.0000,0.0000,0.8970,0,17.2400,378.5567,372.7182,3.6801,373.9657,0.2137,POST_PH4_RE_RFB,16.17,-2.20,727.7,209.2,0.00,0,0,,6.926
6155,09:48:56.777,ROI,160,160,256,256,7.61,8.31,7.525,0.0,120.33,755.28,198.32,119.81,78.85,0.8570,13.6300,19.1100,0.0000,0.0000,0.8201,0,19.1100,378.8761,372.7278,3.6581,374.0477,0.2147,POST_PH4_RE_RFB,16.17,-2.12,727.7,209.2,0.00,0,0,,7.039
6156,09:48:56.841,ROI,160,160,256,256,7.60,8.30,14.05,47.05,120.48,750.81,199.36,120.94,81.42,0.8999,13.4600,18.3000,0.0000,0.0000,0.8262,0,18.3000,378.8949,372.7386,3.6154,374.0725,0.2167,POST_PH4_RE_RFB,16.17,-2.10,727.7,209.2,0.00,0,0,,7.102
6157,09:48:56.904,ROI,160,160,256,256,7.65,8.74,7.075,0.0,114.42,749.49,199.74,124.29,81.50,0.9643,13.6700,16.6800,0.0000,0.0000,0.8982,0,16.6800,378.5001,372.6882,3.5612,373.9624,0.2192,POST_PH4_RE_RFB,16.17,-2.21,727.7,209.2,0.00,0,0,,7.166
6158,09:48:56.952,ROI,160,160,256,256,11.21,12.60,10.125,0.0,79.34,746.31,200.20,121.57,80.70,0.9390,12.8100,18.5000,0.0000,0.0000,0.8424,0,18.5000,378.2982,372.5879,3.5096,373.8542,0.2217,POST_PH4_RE_RFB,16.17,-2.32,727.7,209.2,0.00,0,0,,7.218
6159,09:48:57.016,ROI,160,160,256,256,7.85,8.56,7.5,0.0,116.76,745.39,201.47,122.34,82.51,0.9549,13.1100,17.3100,0.0000,0.0000,0.8591,0,17.3100,378.0215,372.6069,3.4379,373.8270,0.2253,POST_PH4_RE_RFB,16.17,-2.34,727.7,209.2,0.00,0,0,,7.278
6160,09:48:57.081,ROI,160,160,256,256,10.02,10.93,13.925,0.0,91.49,741.27,201.50,121.50,80.29,0.9102,11.3300,18.7200,0.0000,0.0000,0.7900,0,18.7200,378.0747,372.5779,3.3475,373.8422,0.2300,POST_PH4_RE_RFB,16.17,-2.33,727.7,209.2,0.00,0,0,,7.345
6161,09:48:57.129,ROI,160,160,256,256,7.79,8.49,21.275,0.0,117.79,741.80,201.53,123.71,82.77,0.9527,13.8900,15.5000,0.0000,0.0000,0.9039,0,15.5000,377.3888,372.5063,3.2374,373.6586,0.2360,POST_PH4_RE_RFB,16.17,-2.51,727.7,209.2,0.00,0,0,,7.390
6162,09:48:57.257,ROI,160,160,256,256,7.76,8.46,6.525,0.0,118.15,738.30,202.46,123.38,83.31,0.9245,13.3400,17.8900,0.0000,0.0000,0.8484,0,17.8900,377.4507,372.4438,3.1509,373.6501,0.2409,POST_PH4_RE_RFB,16.17,-2.52,727.7,209.2,0.00,0,0,,7.519
6163,09:48:57.304,ROI,160,160,256,256,7.69,8.38,20.225,0.0,119.40,737.71,202.58,121.38,81.81,0.9660,13.2400,17.2900,0.0000,0.0000,0.8824,0,17.2900,377.3185,372.3930,3.0125,373.6205,0.2492,POST_PH4_RE_RFB,16.17,-2.55,727.7,209.2,0.00,0,0,,7.566
6164,09:48:57.369,ROI,160,160,256,256,9.47,10.19,13.8,0.0,98.10,736.39,202.90,121.70,81.41,0.9710,13.1700,17.5300,0.0000,0.0000,0.8721,0,17.5300,377.2185,372.3954,2.8460,373.6494,0.2600,POST_PH4_RE_RFB,16.17,-2.52,727.7,209.2,0.00,0,0,,7.633
6165,09:48:57.433,ROI,160,160,256,256,10.90,11.83,14.525,33.025,84.51,735.55,203.52,123.15,83.31,0.9638,13.7200,17.1400,0.0000,0.0000,0.8713,0,17.1400,377.2892,372.5715,2.7059,373.8445,0.2698,POST_PH4_RE_RFB,16.17,-2.33,727.7,209.2,0.00,0,0,,7.698
6166,09:48:57.480,ROI,160,160,256,256,7.64,8.31,11.2,0.0,120.36,736.07,203.94,124.37,84.53,0.9760,14.7200,16.1300,0.0000,0.0000,0.9074,0,16.1300,377.1304,372.8444,2.5582,374.0489,0.2810,POST_PH4_RE_RFB,16.17,-2.12,727.7,209.2,0.00,0,0,,7.741
6167,09:48:57.545,ROI,160,160,256,256,8.91,9.62,0.0,0.0,103.92,735.94,204.06,122.80,84.38,0.9848,13.9500,17.5000,0.0000,0.0000,0.8880,0,17.5000,377.1491,373.3315,2.3557,374.4691,0.2980,POST_PH4_RE_RFB,16.17,-1.70,727.7,209.2,0.00,0,0,,7.808
6168,09:48:57.592,ROI,160,160,256,256,8.54,9.58,0.0,0.0,104.36,734.71,204.75,122.26,84.27,0.9643,12.3500,17.3100,0.0000,0.0000,0.8473,0,17.3100,377.0799,373.8856,2.1618,374.8959,0.3163,POST_PH4_SETTLING,16.17,-1.27,727.7,209.2,0.00,0,0,,7.855
6169,09:48:57.721,ROI,160,160,256,256,7.86,8.60,3.275,0.0,116.30,734.11,204.51,122.48,84.80,0.9841,12.9300,16.7200,0.0000,0.0000,0.8620,0,16.7200,376.8401,374.4175,1.9517,375.2382,0.3388,POST_PH4_SETTLING,16.17,-0.93,727.7,209.2,0.00,0,0,,7.983
6170,09:48:57.769,ROI,160,160,256,256,7.82,8.52,19.825,0.0,117.33,734.08,204.64,122.29,85.04,0.9954,13.0800,16.4700,0.0000,0.0000,0.8636,0,16.4700,376.5909,374.9932,1.7176,375.5811,0.3680,POST_PH4_SETTLING,16.17,-0.59,727.7,209.2,0.00,0,0,,8.031
6171,09:48:57.833,ROI,160,160,256,256,7.68,8.40,14.025,0.0,119.01,734.13,204.54,122.35,84.93,0.9970,13.0700,16.5100,0.0000,0.0000,0.8655,0,16.5100,376.5768,375.6402,1.4887,376.0166,0.4018,POST_PH4_SETTLING,16.17,-0.15,727.7,209.2,0.00,0,0,,8.095
6172,09:48:57.897,ROI,160,160,256,256,7.63,8.34,14.075,0.0,119.93,734.05,204.66,122.34,85.04,0.9961,13.0700,16.5000,0.0000,0.0000,0.8636,0,16.5000,376.3985,376.4243,1.2113,376.4127,0.4522,POST_PH4_SETTLING,16.17,0.24,727.7,209.2,0.00,0,0,,8.159
6173,09:48:57.944,ROI,160,160,256,256,7.66,8.36,20.175,0.0,119.68,734.02,204.70,122.37,85.12,0.9984,13.1400,16.4700,0.0000,0.0000,0.8643,0,16.4700,376.4349,377.2938,1.0159,376.8677,0.4961,POST_PH4_SETTLING,16.17,0.70,727.7,209.2,0.00,0,0,,8.206
6174,09:48:58.008,ROI,160,160,256,256,7.61,8.31,14.1,0.0,120.27,734.08,204.70,122.48,85.30,0.9969,13.0300,16.5900,0.0000,0.0000,0.8613,0,16.5900,376.4520,378.2441,0.8635,377.2824,0.5366,POST_PH4_SETTLING,16.17,1.11,727.7,209.2,0.00,0,0,,8.270
6175,09:48:58.073,ROI,160,160,256,256,7.66,8.32,13.775,0.0,120.20,734.05,204.74,122.54,85.28,0.9987,13.0000,16.6700,0.0000,0.0000,0.8591,0,16.6700,376.3356,379.3328,0.7029,377.5727,0.5873,POST_PH4_SETTLING,16.17,1.40,727.7,209.2,0.00,0,0,,8.335
6176,09:48:58.186,ROI,160,160,256,256,11.58,12.62,3.75,0.0,79.23,734.06,204.62,122.35,84.96,0.9947,12.9800,16.7800,0.0000,0.0000,0.8611,0,16.7800,376.4441,380.4036,0.5694,377.8806,0.6372,POST_PH4_SETTLING,16.17,1.71,727.7,209.2,0.00,0,0,,8.451
6177,09:48:58.233,ROI,160,160,256,256,7.61,8.39,11.15,0.0,119.13,734.02,204.58,122.32,84.99,0.9981,13.0300,16.6300,0.0000,0.0000,0.8634,0,16.6300,376.4198,382.0414,0.4364,378.1277,0.6962,POST_PH4_SETTLING,16.17,1.96,727.7,209.2,0.00,0,0,,8.495
6178,09:48:58.297,ROI,160,160,256,256,7.60,8.30,7.075,0.0,120.48,734.02,204.58,122.38,84.88,0.9982,12.9900,16.5600,0.0000,0.0000,0.8622,0,16.5600,376.5498,383.5512,0.3536,378.3789,0.7388,POST_PH4_SETTLING,16.17,2.21,727.7,209.2,0.00,0,0,,8.558
