frame_id,timestamp,mode,input_width,input_height,roi_w,roi_h,inf_time_ms,end_to_end_time_ms,cpu_load_pct,end_to_end_cpu_load_pct,fps,x_center,y_center,width,height,iou_prev_bbox,group1_magnitude,group1_angle,group2_magnitude,group2_angle,best_conf,tracking_lost,raw_angle,model_angle_smooth,trajectory_angle_smooth,estimated_speed,fused_angle,fused_weight_x,pid_mode,target_angle,angle_error,target_x,target_y,distance_error,ble_speed_left,ble_speed_right,post_ph4_spin_elapsed_s,post_ph4_re_rfb_elapsed_s
149,09:42:15.499,ROI,160,160,192,192,12.13,12.83,17.95,0.0,77.93,776.76,125.82,85.43,86.70,0.9986,19.3300,-118.5700,0.0000,0.0000,0.9121,0,-118.5700,-118.5465,-122.5317,0.0234,-118.6375,0.9772,PHASE_2_DRIVING,-122.02,3.39,700.4,247.9,144.00,2000,1869,,
150,09:42:15.528,ROI,160,160,192,192,10.30,11.12,0.0,0.0,89.89,776.72,125.82,85.49,86.80,0.9981,19.3900,-118.6000,0.0000,0.0000,0.9120,0,-118.6000,-118.5658,-130.1668,0.0190,-118.7820,0.9814,PHASE_2_DRIVING,-122.01,3.23,700.4,247.9,143.98,2000,1899,,
151,09:42:15.578,ROI,160,160,192,192,10.28,11.15,0.0,0.0,89.70,776.74,125.89,85.45,86.78,0.9978,19.4000,-118.5000,0.0000,0.0000,0.9125,0,-118.5000,-118.5514,-136.6270,0.0148,-118.8146,0.9854,PHASE_2_DRIVING,-122.03,3.22,700.4,247.9,143.93,2000,1877,,
152,09:42:15.642,ROI,160,160,192,192,9.43,10.21,0.0,0.0,97.90,776.76,125.86,85.37,86.75,0.9985,19.4200,-118.4900,0.0000,0.0000,0.9135,0,-118.4900,-118.5632,-143.9735,0.0086,-118.7805,0.9914,PHASE_2_DRIVING,-122.03,3.25,700.4,247.9,143.95,2000,1869,,
153,09:42:15.753,ROI,160,160,192,192,9.49,10.39,0.0,0.0,96.25,776.80,125.88,85.48,86.83,0.9978,19.4400,-118.4800,0.0000,0.0000,0.9139,0,-118.4800,-118.5308,-141.2046,0.0026,-118.5894,0.9974,PHASE_2_DRIVING,-122.05,3.46,700.4,247.9,143.97,2000,1835,,
154,09:42:15.818,ROI,160,160,192,192,10.38,11.26,14.425,0.0,88.83,776.68,125.46,85.64,85.97,0.9873,19.7600,-119.2600,0.0000,0.0000,0.9089,0,-119.2600,-118.6496,-136.4007,0.0048,-118.7350,0.9952,PHASE_2_DRIVING,-121.92,3.19,700.4,247.9,144.26,2000,1918,,
155,09:42:15.865,ROI,160,160,192,192,9.70,10.55,21.7,0.0,94.82,776.62,125.35,85.62,85.67,0.9951,19.8400,-119.4500,0.0000,0.0000,0.9084,0,-119.4500,-118.8140,-127.6363,0.0127,-118.9248,0.9874,PHASE_2_DRIVING,-121.88,2.96,700.4,247.9,144.32,2000,1921,,
156,09:42:15.930,ROI,160,160,192,192,9.04,9.91,14.475,0.0,100.86,776.66,125.31,85.76,85.67,0.9975,19.8500,-119.3900,0.0000,0.0000,0.9074,0,-119.3900,-118.9595,-119.2626,0.0210,-118.9657,0.9794,PHASE_2_DRIVING,-121.89,2.92,700.4,247.9,144.37,2000,1892,,
157,09:42:15.994,ROI,160,160,192,192,9.65,10.84,7.225,0.0,92.27,776.67,125.29,85.86,85.58,0.9979,19.8600,-119.3600,0.0000,0.0000,0.9077,0,-119.3600,-119.0903,-111.3695,0.0290,-118.8729,0.9718,PHASE_2_DRIVING,-121.88,3.01,700.4,247.9,144.40,2000,1869,,
158,09:42:16.041,ROI,160,160,192,192,17.80,18.71,0.0,20.9,53.45,776.67,125.38,85.76,85.72,0.9966,19.8800,-119.3500,0.0000,0.0000,0.9091,0,-119.3500,-119.2062,-103.7255,0.0333,-118.7067,0.9677,PHASE_2_DRIVING,-121.90,3.20,700.4,247.9,144.32,2000,1848,,
159,09:42:16.169,ROI,160,160,192,192,9.57,10.37,0.0,0.0,96.39,776.67,125.32,85.62,85.68,0.9969,19.8200,-119.3800,0.0000,0.0000,0.9086,0,-119.3800,-119.2998,-96.4720,0.0371,-118.4828,0.9642,PHASE_2_DRIVING,-121.89,3.41,700.4,247.9,144.37,2000,1837,,
160,09:42:16.217,ROI,160,160,192,192,12.90,13.63,0.0,0.0,73.37,776.71,125.31,85.72,85.66,0.9986,19.8200,-119.3400,0.0000,0.0000,0.9071,0,-119.3400,-119.3870,-89.6086,0.0399,-118.2433,0.9616,PHASE_2_DRIVING,-121.90,3.66,700.4,247.9,144.40,2000,1822,,
161,09:42:16.280,ROI,160,160,192,192,11.68,12.80,0.0,0.0,78.13,776.73,125.40,85.88,85.69,0.9961,19.8700,-119.3000,0.0000,0.0000,0.9079,0,-119.3000,-119.4522,-83.2453,0.0401,-118.0556,0.9614,PHASE_2_DRIVING,-121.93,3.87,700.4,247.9,144.34,2000,1820,,
162,09:42:16.346,ROI,160,160,192,192,12.01,12.93,0.0,0.0,77.35,776.74,125.40,85.66,85.69,0.9973,19.8400,-119.2900,0.0000,0.0000,0.9095,0,-119.2900,-119.5030,-77.6420,0.0395,-117.9122,0.9620,PHASE_2_DRIVING,-121.93,4.02,700.4,247.9,144.35,2000,1824,,
163,09:42:16.393,ROI,160,160,192,192,8.87,10.02,0.0,0.0,99.80,776.72,125.34,85.62,85.67,0.9980,19.8600,-119.3900,0.0000,0.0000,0.9101,0,-119.3900,-119.5520,-72.8496,0.0386,-117.8161,0.9628,PHASE_2_DRIVING,-121.91,4.09,700.4,247.9,144.38,2000,1832,,
164,09:42:16.458,ROI,160,160,192,192,9.61,10.38,0.0,0.0,96.29,776.64,125.34,85.67,85.58,0.9971,19.8600,-119.4700,0.0000,0.0000,0.9101,0,-119.4700,-119.5981,-68.5753,0.0378,-117.7384,0.9636,PHASE_2_DRIVING,-121.88,4.14,700.4,247.9,144.34,2000,1834,,
165,09:42:16.520,ROI,160,160,192,192,12.18,13.22,7.45,0.0,75.64,776.56,125.44,85.76,85.32,0.9952,19.9300,-119.6200,0.0000,0.0000,0.9095,0,-119.6200,-119.6704,-65.6207,0.0354,-117.8218,0.9658,PHASE_2_DRIVING,-121.88,4.06,700.4,247.9,144.21,2000,1857,,
166,09:42:16.633,ROI,160,160,192,192,15.19,16.23,3.95,0.0,61.63,776.06,126.04,86.17,85.10,0.9746,19.6700,-120.1600,0.0000,0.0000,0.9169,0,-120.1600,-119.8189,-58.3352,0.0258,-118.2708,0.9748,PHASE_2_DRIVING,-121.84,3.57,700.4,247.9,143.43,2000,1937,,
167,09:42:16.697,ROI,160,160,192,192,9.65,10.40,0.0,0.0,96.11,775.75,126.82,85.44,85.54,0.9738,19.3700,-120.1500,0.0000,0.0000,0.9198,0,-120.1500,-119.9468,-76.5198,0.0314,-118.6231,0.9695,PHASE_2_DRIVING,-121.89,3.27,700.4,247.9,142.61,2000,1918,,
168,09:42:16.745,ROI,160,160,192,192,10.78,11.58,0.0,0.0,86.37,775.37,127.42,85.75,84.86,0.9775,19.8900,-121.0700,0.0000,0.0000,0.9267,0,-121.0700,-120.2387,-89.5267,0.0667,-118.3180,0.9375,PHASE_2_DRIVING,-121.89,3.57,700.4,247.9,141.91,2000,1817,,
169,09:42:16.810,ROI,160,160,192,192,11.75,12.65,0.0,0.0,79.02,774.90,128.49,84.92,85.42,0.9647,18.9600,-119.7800,0.0000,0.0000,0.9109,0,-119.7800,-120.2121,-100.4148,0.1227,-118.0486,0.8907,PHASE_2_DRIVING,-121.96,3.91,700.4,247.9,140.75,2000,1800,,
170,09:42:16.857,ROI,160,160,192,192,9.01,9.73,0.0,0.0,102.74,774.23,128.98,85.52,86.38,0.9730,19.4500,-118.9200,0.0000,0.0000,0.9114,0,-118.9200,-119.9859,-112.0798,0.1871,-118.7397,0.8424,PHASE_2_DRIVING,-121.83,3.09,700.4,247.9,139.97,1993,2000,,
171,09:42:16.921,ROI,160,160,192,192,9.38,10.30,7.275,0.0,97.07,773.02,129.78,85.62,86.60,0.9547,19.3700,-118.7700,0.0000,0.0000,0.9238,0,-118.7700,-119.7204,-119.6829,0.2666,-119.7125,0.7895,PHASE_2_DRIVING,-121.58,1.87,700.4,247.9,138.66,1882,2000,,
172,09:42:17.033,ROI,160,160,192,192,11.02,11.81,3.825,0.0,84.65,770.72,132.36,86.82,89.42,0.8952,19.0700,-118.2400,0.0000,0.0000,0.9337,0,-118.2400,-119.4279,-126.6906,0.3902,-121.4663,0.7193,PHASE_2_DRIVING,-121.33,-0.14,700.4,247.9,135.26,1698,2000,,
173,09:42:17.097,ROI,160,160,192,192,12.13,12.85,0.0,0.0,77.83,769.83,133.25,88.76,89.98,0.9591,19.8600,-119.5000,0.0000,0.0000,0.9338,0,-119.5000,-119.4323,-131.5217,0.5161,-123.5477,0.6596,PHASE_2_DRIVING,-121.20,-2.35,700.4,247.9,134.04,1598,2000,,
174,09:42:17.162,ROI,160,160,192,192,10.54,11.41,15.125,0.0,87.65,769.26,133.96,88.30,88.78,0.9717,19.4400,-119.7900,0.0000,0.0000,0.9298,0,-119.7900,-119.4886,-135.5986,0.6357,-125.7498,0.6113,PHASE_2_DRIVING,-121.15,-4.60,700.4,247.9,133.13,1521,2000,,
175,09:42:17.210,ROI,160,160,192,192,12.03,12.85,0.0,0.0,77.84,766.40,137.48,88.61,89.78,0.8682,18.2400,-117.0700,0.0000,0.0000,0.9251,0,-117.0700,-118.9778,-138.8975,0.8110,-127.8985,0.5522,PHASE_2_DRIVING,-120.87,-7.03,700.4,247.9,128.64,1426,2000,,
176,09:42:17.273,ROI,160,160,192,192,10.09,10.97,0.0,0.0,91.18,765.48,138.64,88.51,86.81,0.9474,19.5200,-120.6600,0.0000,0.0000,0.9116,0,-120.6600,-119.2408,-141.2918,0.9809,-130.1600,0.5048,PHASE_2_DRIVING,-120.78,-9.38,700.4,247.9,127.17,1368,2000,,
177,09:42:17.337,ROI,160,160,192,192,11.63,12.37,0.0,31.6,80.87,762.96,141.00,88.96,88.93,0.8966,18.9000,-119.8400,0.0000,0.0000,0.9200,0,-119.8400,-119.3164,-142.8985,1.1743,-132.0524,0.4599,PHASE_2_DRIVING,-120.34,-11.72,700.4,247.9,123.86,1304,2000,,
178,09:42:17.385,ROI,160,160,192,192,12.09,12.97,10.75,0.0,77.13,761.72,141.83,88.46,86.70,0.9484,19.3800,-120.4300,0.0000,0.0000,0.8963,0,-120.4300,-119.5002,-143.7962,1.3492,-133.4541,0.4257,PHASE_2_DRIVING,-120.03,-13.42,700.4,247.9,122.52,1327,2000,,
179,09:42:17.514,ROI,160,160,192,192,11.06,12.03,3.375,0.0,83.16,759.04,144.26,89.05,87.08,0.8915,19.0400,-119.9100,0.0000,0.0000,0.9463,0,-119.9100,-119.5540,-143.9963,1.5425,-134.3827,0.3933,PHASE_2_DRIVING,-119.50,-14.88,700.4,247.9,119.08,1314,2000,,
180,09:42:17.562,ROI,160,160,192,192,11.04,12.03,0.0,0.0,83.09,758.38,146.38,89.34,87.98,0.9390,19.7300,-118.2000,0.0000,0.0000,0.9485,0,-118.2000,-119.2460,-143.4287,1.7176,-134.5302,0.3680,PHASE_2_DRIVING,-119.73,-14.80,700.4,247.9,116.91,1494,2000,,
181,09:42:17.625,ROI,160,160,192,192,8.80,9.64,0.0,0.0,103.70,757.50,147.01,89.93,88.03,0.9667,19.8000,-118.1000,0.0000,0.0000,0.9378,0,-118.1000,-118.9477,-142.0351,1.8533,-133.9435,0.3505,PHASE_2_DRIVING,-119.51,-14.44,700.4,247.9,115.93,1540,2000,,
182,09:42:17.689,ROI,160,160,192,192,9.38,10.17,7.1,0.0,98.34,757.25,149.22,90.19,89.54,0.9463,19.8400,-116.4500,0.0000,0.0000,0.9452,0,-116.4500,-118.3433,-139.5924,1.9620,-132.4184,0.3376,PHASE_2_DRIVING,-119.95,-12.47,700.4,247.9,113.89,1824,2000,,
183,09:42:17.738,ROI,160,160,192,192,9.14,10.07,10.125,0.0,99.32,755.92,150.73,91.42,90.91,0.9395,20.5500,-115.6500,0.0000,0.0000,0.9422,0,-115.6500,-117.6447,-136.0185,2.0452,-129.9848,0.3284,PHASE_2_DRIVING,-119.74,-10.24,700.4,247.9,111.91,1947,2000,,
184,09:42:17.801,ROI,160,160,192,192,13.02,13.74,7.375,28.45,72.77,756.93,151.66,92.94,91.64,0.9587,19.8600,-115.6400,0.0000,0.0000,0.9310,0,-115.6400,-117.0738,-128.0229,2.0773,-124.4649,0.3250,PHASE_2_DRIVING,-120.43,-4.04,700.4,247.9,111.62,2000,1311,,
185,09:42:17.849,ROI,160,160,192,192,13.12,13.98,11.475,27.95,71.52,755.59,152.49,89.39,92.21,0.9450,19.7300,-112.5600,0.0000,0.0000,0.9169,0,-112.5600,-115.9506,-131.1980,2.0859,-126.2571,0.3241,PHASE_2_DRIVING,-120.05,-6.21,700.4,247.9,110.23,1481,2000,,
186,09:42:17.977,ROI,160,160,192,192,9.60,10.92,0.0,0.0,91.53,753.51,156.09,86.80,95.20,0.8851,19.8600,-109.9400,0.0000,0.0000,0.9349,0,-109.9400,-114.5266,-131.7742,2.1135,-126.2346,0.3212,PHASE_2_DRIVING,-120.05,-6.18,700.4,247.9,106.06,1771,2000,,
187,09:42:18.025,ROI,160,160,192,192,8.79,9.62,0.0,0.0,103.97,754.52,156.89,93.73,95.63,0.9111,18.6000,-109.9000,0.0000,0.0000,0.8552,0,-109.9000,-113.1463,-130.9191,2.0902,-125.1677,0.3236,PHASE_2_DRIVING,-120.74,-4.43,700.4,247.9,105.89,2000,1899,,
188,09:42:18.089,ROI,160,160,192,192,9.19,10.04,0.0,38.9,99.60,750.32,160.48,89.62,96.70,0.8495,19.2100,-108.5400,0.0000,0.0000,0.9380,0,-108.5400,-111.5654,-129.5741,2.1064,-123.7768,0.3219,PHASE_2_DRIVING,-119.72,-4.05,700.4,247.9,100.67,1901,2000,,
189,09:42:18.153,ROI,160,160,224,224,11.06,12.03,0.0,0.0,83.14,749.62,165.95,86.23,100.42,0.8632,19.5300,-106.0000,0.0000,0.0000,0.9153,0,-106.0000,-109.6301,-127.8586,2.1544,-122.0798,0.3170,PHASE_2_DRIVING,-120.99,-1.09,700.4,247.9,95.60,2000,1611,,
190,09:42:18.201,ROI,160,160,224,224,11.97,12.68,0.0,0.0,78.87,748.44,169.14,86.21,101.21,0.9140,18.9600,-105.7800,0.0000,0.0000,0.9321,0,-105.7800,-107.8149,-125.9858,2.2415,-120.3800,0.3085,PHASE_2_DRIVING,-121.38,1.00,700.4,247.9,92.25,2000,1657,,
191,09:42:18.265,ROI,160,160,224,224,11.64,12.53,0.0,0.0,79.80,747.02,170.46,86.38,100.62,0.9432,19.2400,-107.2800,0.0000,0.0000,0.9471,0,-107.2800,-106.6653,-124.0728,2.2984,-118.7953,0.3032,PHASE_2_DRIVING,-121.05,2.25,700.4,247.9,90.39,2000,1730,,
192,09:42:18.329,ROI,160,160,224,224,10.13,11.14,0.0,0.0,89.79,746.29,173.50,88.07,101.68,0.9239,18.1700,-105.2600,0.0000,0.0000,0.9311,0,-105.2600,-105.3489,-122.0355,2.3376,-117.0360,0.2996,PHASE_2_DRIVING,-121.66,4.63,700.4,247.9,87.41,2000,1505,,
193,09:42:18.377,ROI,160,160,224,224,10.99,11.74,0.0,0.0,85.18,745.26,176.71,87.54,107.83,0.9196,17.1300,-104.6200,0.0000,0.0000,0.9349,0,-104.6200,-103.8542,-119.9157,2.4301,-115.2331,0.2915,PHASE_2_DRIVING,-122.22,6.98,700.4,247.9,84.14,2000,1436,,
194,09:42:18.506,ROI,160,160,224,224,10.39,11.38,0.0,0.0,87.88,743.11,180.28,91.18,107.42,0.8932,18.9500,-106.0400,0.0000,0.0000,0.9231,0,-106.0400,-103.2674,-117.7830,2.5336,-113.6751,0.2830,PHASE_2_DRIVING,-122.28,8.60,700.4,247.9,79.98,2000,1476,,
195,09:42:18.554,ROI,160,160,224,224,11.59,12.41,10.675,0.0,80.57,741.46,180.07,89.85,105.01,0.9428,18.6200,-109.9500,0.0000,0.0000,0.9258,0,-109.9500,-103.6463,-115.9336,2.6122,-112.5319,0.2768,PHASE_2_DRIVING,-121.19,8.66,700.4,247.9,79.29,2000,1674,,
196,09:42:18.617,ROI,160,160,224,224,12.72,13.46,0.0,29.05,74.31,739.01,184.31,93.31,107.58,0.8766,18.6400,-107.7300,0.0000,0.0000,0.9140,0,-107.7300,-103.8098,-114.4665,2.7095,-111.5937,0.2696,PHASE_2_DRIVING,-121.27,9.67,700.4,247.9,74.39,2000,1517,,
197,09:42:18.666,ROI,160,160,224,224,15.92,17.14,0.0,0.0,58.33,738.19,186.11,90.61,108.95,0.9399,17.6600,-109.6400,0.0000,0.0000,0.8887,0,-109.6400,-104.5294,-113.4812,2.8081,-111.1305,0.2626,PHASE_2_DRIVING,-121.45,10.32,700.4,247.9,72.43,2000,1543,,
198,09:42:18.730,ROI,160,160,224,224,13.13,14.06,0.0,0.0,71.15,736.26,189.04,90.66,108.85,0.9093,17.4800,-109.6100,0.0000,0.0000,0.8914,0,-109.6100,-105.2329,-112.8921,2.9144,-110.9354,0.2555,PHASE_2_DRIVING,-121.35,10.42,700.4,247.9,68.93,1910,1537,,
199,09:42:18.792,ROI,160,160,224,224,12.24,13.32,0.0,0.0,75.07,735.08,190.76,91.43,110.60,0.9444,16.9200,-109.9900,0.0000,0.0000,0.8631,0,-109.9900,-106.1539,-112.7556,2.9771,-111.0957,0.2514,PHASE_2_DRIVING,-121.25,10.16,700.4,247.9,66.84,1823,1519,,
200,09:42:18.843,ROI,160,160,224,224,10.28,11.48,0.0,0.0,87.10,732.59,194.58,92.50,109.89,0.8856,19.1200,-110.7800,0.0000,0.0000,0.9037,0,-110.7800,-107.1954,-112.9537,3.0591,-111.5351,0.2464,PHASE_2_DRIVING,-121.12,9.59,700.4,247.9,62.29,1671,1444,,
201,09:42:18.970,ROI,160,160,224,224,12.20,13.15,0.0,0.0,76.05,730.05,195.67,93.74,103.29,0.8919,18.4200,-113.8500,0.0000,0.0000,0.9154,0,-113.8500,-108.8760,-113.6182,3.1116,-112.4648,0.2432,PHASE_2_DRIVING,-119.58,7.12,700.4,247.9,60.06,1460,1543,,
202,09:42:19.017,ROI,160,160,224,224,17.85,19.06,45.475,0.0,52.48,729.80,195.25,93.79,100.46,0.9675,18.4200,-115.8200,0.0000,0.0000,0.9108,0,-115.8200,-110.9902,-114.5770,3.0602,-113.6936,0.2463,PHASE_2_DRIVING,-119.18,5.49,700.4,247.9,60.30,1492,1523,,
203,09:42:19.082,ROI,160,160,224,224,15.65,16.99,8.575,0.0,58.86,728.96,197.77,93.09,103.64,0.9352,18.0300,-115.0000,0.0000,0.0000,0.9264,0,-115.0000,-112.5912,-115.8375,2.9769,-115.0212,0.2515,PHASE_2_DRIVING,-119.67,4.65,700.4,247.9,57.69,1461,1424,,
204,09:42:19.146,ROI,160,160,224,224,21.24,22.30,0.0,17.525,44.85,727.27,200.42,92.46,103.26,0.9170,18.4800,-114.6300,0.0000,0.0000,0.9371,0,-114.6300,-113.7825,-117.3468,2.9227,-116.4381,0.2549,PHASE_2_DRIVING,-119.51,3.07,700.4,247.9,54.56,1320,1408,,
205,09:42:19.193,ROI,160,160,224,224,22.15,23.24,0.0,0.0,43.03,725.75,201.27,94.25,101.96,0.9523,18.3900,-113.9100,0.0000,0.0000,0.9225,0,-113.9100,-114.7398,-118.9679,2.7927,-117.8531,0.2637,PHASE_2_DRIVING,-118.54,0.68,700.4,247.9,53.07,1209,1444,,
206,09:42:19.258,ROI,160,160,224,224,19.11,20.11,0.0,0.0,49.72,725.22,202.57,94.47,101.57,0.9641,18.6100,-115.2900,0.0000,0.0000,0.9300,0,-115.2900,-115.7580,-120.8680,2.6834,-119.4807,0.2715,PHASE_2_DRIVING,-118.71,-0.78,700.4,247.9,51.68,1207,1377,,
207,09:42:19.305,ROI,160,160,224,224,20.06,21.07,0.0,0.0,47.45,724.47,203.76,94.43,101.81,0.9614,18.1900,-114.2000,0.0000,0.0000,0.9230,0,-114.2000,-116.1525,-122.7171,2.5951,-120.8911,0.2782,PHASE_2_DRIVING,-118.60,-2.29,700.4,247.9,50.27,1152,1362,,
208,09:42:19.434,ROI,160,160,224,224,23.15,24.19,0.0,0.0,41.34,722.05,207.02,95.07,102.56,0.8930,17.7300,-115.3800,0.0000,0.0000,0.9259,0,-115.3800,-116.6202,-124.4173,2.5490,-122.2204,0.2818,PHASE_2_DRIVING,-117.91,-4.31,700.4,247.9,46.26,1013,1300,,
209,09:42:19.482,ROI,160,160,224,224,14.07,15.16,0.0,0.0,65.95,720.87,207.87,93.52,100.52,0.9558,18.1900,-113.7100,0.0000,0.0000,0.9280,0,-113.7100,-116.7444,-126.0699,2.4698,-123.3822,0.2882,PHASE_2_DRIVING,-117.08,-6.30,700.4,247.9,44.96,964,1284,,
210,09:42:19.545,ROI,160,160,224,224,14.12,15.29,0.0,25.6,65.41,721.26,208.86,95.69,100.55,0.9584,18.8300,-115.2100,0.0000,0.0000,0.9332,0,-115.2100,-116.8383,-127.4293,2.3626,-124.2797,0.2974,PHASE_2_DRIVING,-118.12,-6.16,700.4,247.9,44.26,1045,1168,,
211,09:42:19.609,ROI,160,160,224,224,13.07,14.20,0.0,27.5,70.41,719.10,210.77,94.85,101.37,0.9209,17.8500,-115.7300,0.0000,0.0000,0.9308,0,-115.7300,-116.7930,-128.4357,2.2780,-124.8840,0.3051,PHASE_2_DRIVING,-116.73,-8.16,700.4,247.9,41.57,872,1207,,
212,09:42:19.657,ROI,160,160,224,224,12.29,13.34,0.0,0.0,74.96,718.99,211.30,92.11,100.49,0.9609,19.0500,-115.6700,0.0000,0.0000,0.9489,0,-115.6700,-116.6982,-129.0245,2.1946,-125.1661,0.3130,PHASE_2_DRIVING,-116.92,-8.24,700.4,247.9,41.05,938,1114,,
213,09:42:19.722,ROI,160,160,224,224,12.64,13.46,0.0,0.0,74.29,719.11,213.11,93.72,102.34,0.9485,19.2700,-114.8000,0.0000,0.0000,0.9398,0,-114.8000,-116.6909,-129.3342,2.0705,-125.2165,0.3257,PHASE_2_DRIVING,-118.27,-6.95,700.4,247.9,39.50,970,1005,,
214,09:42:19.833,ROI,160,160,224,224,17.03,17.97,0.0,0.0,55.65,718.22,214.67,96.38,101.01,0.9437,18.2000,-114.8600,0.0000,0.0000,0.9295,0,-114.8600,-116.3642,-129.3340,1.9907,-124.9972,0.3344,PHASE_2_DRIVING,-118.19,-6.80,700.4,247.9,37.71,884,1001,,
215,09:42:19.897,ROI,160,160,224,224,11.86,12.78,0.0,0.0,78.22,717.27,216.39,95.00,101.75,0.9480,17.5400,-115.0700,0.0000,0.0000,0.9118,0,-115.0700,-116.1675,-129.0136,1.9077,-124.5956,0.3439,PHASE_2_DRIVING,-118.17,-6.43,700.4,247.9,35.74,850,937,,
216,09:42:19.945,ROI,160,160,224,224,11.82,12.69,0.0,30.8,78.80,715.63,218.03,94.72,104.94,0.9364,18.9300,-113.3300,0.0000,0.0000,0.9342,0,-113.3300,-115.5161,-128.4182,1.8579,-123.9037,0.3499,PHASE_2_DRIVING,-117.01,-6.89,700.4,247.9,33.53,765,912,,
217,09:42:20.009,ROI,160,160,224,224,14.28,15.25,7.575,0.0,65.55,714.83,219.04,96.63,103.91,0.9619,19.1200,-112.6800,0.0000,0.0000,0.9288,0,-112.6800,-114.7086,-127.5897,1.7987,-122.9871,0.3573,PHASE_2_DRIVING,-116.57,-6.42,700.4,247.9,32.27,770,843,,
218,09:42:20.073,ROI,160,160,224,224,16.26,17.22,8.1,0.0,58.07,713.37,219.99,96.82,105.71,0.9529,19.0500,-112.1300,0.0000,0.0000,0.9147,0,-112.1300,-113.8291,-126.5892,1.7855,-122.0082,0.3590,PHASE_2_DRIVING,-114.93,-7.08,700.4,247.9,30.77,695,844,,
219,09:42:20.121,ROI,160,160,224,224,13.49,14.52,12.525,0.0,68.88,712.93,221.83,96.66,106.58,0.9574,17.6800,-111.7300,0.0000,0.0000,0.9032,0,-111.7300,-113.1852,-125.6086,1.7829,-121.1445,0.3593,PHASE_2_DRIVING,-115.67,-5.48,700.4,247.9,28.93,730,716,,
220,09:42:20.250,ROI,160,160,224,224,26.27,27.28,10.2,14.325,36.66,711.48,223.67,98.56,106.20,0.9382,18.1400,-111.2300,2.1100,-111.3800,0.8995,0,-111.2300,-112.6950,-124.7110,1.7527,-120.3458,0.3633,PHASE_2_DRIVING,-114.58,-5.76,700.4,247.9,26.64,620,712,,
221,09:42:20.299,ROI,160,160,224,224,17.24,18.25,18.75,21.4,54.79,710.33,225.45,94.47,106.93,0.9279,18.5900,-110.4600,0.0000,0.0000,0.9246,0,-110.4600,-112.0367,-123.8340,1.7403,-119.5289,0.3649,PHASE_2_DRIVING,-113.86,-5.67,700.4,247.9,24.55,581,646,,
222,09:42:20.362,ROI,160,160,224,224,16.97,18.01,8.675,0.0,55.54,709.58,226.29,98.07,106.95,0.9486,19.3500,-111.8500,0.0000,0.0000,0.9282,0,-111.8500,-111.7013,-123.0163,1.7401,-118.8869,0.3650,PHASE_2_DRIVING,-113.01,-5.87,700.4,247.9,23.48,548,626,,
223,09:42:20.426,ROI,160,160,224,224,15.79,16.84,0.0,0.0,59.38,707.98,228.03,95.35,108.70,0.9373,19.2200,-109.4100,0.0000,0.0000,0.9355,0,-109.4100,-110.8354,-122.4143,1.7463,-118.1980,0.3641,PHASE_2_DRIVING,-110.88,-7.32,700.4,247.9,21.27,462,601,,
224,09:42:20.473,ROI,160,160,224,224,12.07,13.24,12.9,0.0,75.56,709.95,227.85,98.62,105.73,0.9348,19.2700,-109.1900,0.0000,0.0000,0.9120,0,-109.1900,-110.1567,-121.8816,1.6917,-117.5257,0.3715,PHASE_2_DRIVING,-115.47,-2.05,700.4,247.9,22.21,661,450,,
225,09:42:20.537,ROI,160,160,224,224,15.79,16.86,7.725,0.0,59.32,706.10,228.92,94.40,106.93,0.9057,19.5500,-110.1500,0.0000,0.0000,0.9191,0,-110.1500,-109.6604,-121.6991,1.6564,-117.1671,0.3765,PHASE_2_DRIVING,-106.72,-10.45,700.4,247.9,19.82,277,714,,
226,09:42:20.586,ROI,160,160,224,224,13.61,14.40,24.3,0.0,69.43,706.45,230.41,94.93,107.44,0.9656,18.6300,-109.7100,0.0000,0.0000,0.9317,0,-109.7100,-109.2761,-121.7106,1.6550,-117.0271,0.3767,PHASE_2_DRIVING,-109.07,-7.95,700.4,247.9,18.51,472,453,,
227,09:42:20.713,ROI,160,160,224,224,12.11,13.07,0.0,0.0,76.54,704.78,232.04,96.94,108.51,0.9374,18.9400,-108.9700,0.0000,0.0000,0.9353,0,-108.9700,-108.6544,-122.0968,1.6628,-117.0485,0.3755,PHASE_2_DRIVING,-105.45,-11.60,700.4,247.9,16.45,304,519,,
228,09:42:20.761,ROI,160,160,224,224,12.36,13.34,0.0,0.0,74.98,704.43,233.62,99.86,109.79,0.9432,19.5400,-109.7900,0.0000,0.0000,0.9087,0,-109.7900,-108.4503,-122.5740,1.6488,-117.2419,0.3775,PHASE_2_DRIVING,-105.78,-11.46,700.4,247.9,14.83,330,411,,
229,09:42:20.825,ROI,160,160,224,224,10.57,11.73,0.0,0.0,85.26,702.87,234.09,102.76,109.73,0.9614,18.7400,-109.5700,0.0000,0.0000,0.8921,0,-109.5700,-108.3540,-123.3463,1.6509,-117.6908,0.3772,PHASE_2_DRIVING,-100.13,-17.57,700.4,247.9,14.03,203,498,,
230,09:42:20.890,ROI,160,160,224,224,14.17,15.18,7.25,0.0,65.86,702.25,235.78,100.70,109.05,0.9505,18.6000,-111.1600,0.0000,0.0000,0.8737,0,-111.1600,-108.6846,-124.2695,1.6349,-118.3546,0.3795,PHASE_2_DRIVING,-98.69,-19.67,700.4,247.9,12.26,220,393,,
231,09:42:20.938,ROI,160,160,224,224,10.38,11.15,0.0,0.0,89.70,702.94,235.45,103.56,110.38,0.9607,18.9100,-111.3000,0.0000,0.0000,0.8540,0,-111.3000,-109.0263,-125.1480,1.5729,-118.8821,0.3887,PHASE_2_DRIVING,-101.52,-17.36,700.4,247.9,12.71,292,344,,
232,09:42:21.002,ROI,160,160,224,224,11.68,12.49,7.425,0.0,80.05,703.02,236.29,103.14,110.80,0.9810,18.7800,-110.6500,0.0000,0.0000,0.8775,0,-110.6500,-109.3030,-125.8341,1.4998,-119.2213,0.4000,PHASE_2_DRIVING,-102.72,-16.50,700.4,247.9,11.90,259,336,,
233,09:42:21.065,ROI,160,160,224,224,13.70,14.57,0.0,0.0,68.63,703.11,236.53,103.22,110.52,0.9939,19.4600,-109.6800,0.0000,0.0000,0.8933,0,-109.6800,-109.4784,-126.2100,1.4133,-119.2769,0.4144,PHASE_2_DRIVING,-103.42,-15.86,700.4,247.9,11.69,253,331,,
234,09:42:21.114,ROI,160,160,224,224,13.01,13.89,0.0,0.0,72.02,702.43,236.98,102.31,110.15,0.9788,19.3300,-109.3200,0.0000,0.0000,0.9134,0,-109.3200,-109.4813,-126.3784,1.3344,-119.1401,0.4284,PHASE_2_DRIVING,-100.51,-18.63,700.4,247.9,11.11,195,360,,
235,09:42:21.226,ROI,160,160,224,224,7.92,8.67,0.0,0.0,115.40,701.82,238.13,105.00,111.17,0.9545,19.2400,-109.2000,0.0000,0.0000,0.9121,0,-109.2000,-109.4578,-126.3038,1.2557,-118.8357,0.4433,PHASE_3_FINAL_ALIGNING,61.20,179.96,700.4,247.9,9.87,2000,-2000,,
236,09:42:21.289,ROI,160,160,224,224,8.21,8.84,7.1,0.0,113.13,698.94,239.57,107.53,110.22,0.9237,19.2300,-109.5000,0.0000,0.0000,0.9070,0,-109.5000,-109.4957,-126.3887,1.2106,-118.7470,0.4524,PHASE_3_FINAL_ALIGNING,61.20,-179.95,700.4,247.9,8.46,-2000,2000,,
237,09:42:21.354,ROI,160,160,224,224,10.68,11.40,7.075,0.0,87.69,695.90,240.58,107.74,113.05,0.9220,18.8300,-110.5500,0.0000,0.0000,0.8645,0,-110.5500,-109.7501,-126.8446,1.1963,-119.0611,0.4553,PHASE_3_FINAL_ALIGNING,61.20,179.74,700.4,247.9,8.59,2000,-2000,,
238,09:42:21.400,ROI,160,160,256,256,11.25,11.98,0.0,0.0,83.47,700.02,238.98,101.65,108.42,0.8867,16.9500,-110.9500,0.0000,0.0000,0.9085,0,-110.9500,-110.0516,-127.2485,1.1101,-119.0988,0.4739,PHASE_3_FINAL_ALIGNING,61.20,179.70,700.4,247.9,8.93,2000,-2000,,
239,09:42:21.465,ROI,160,160,224,224,9.75,10.38,7.475,0.0,96.36,697.93,240.87,106.76,111.03,0.9200,19.1400,-108.8400,0.0000,0.0000,0.9387,0,-108.8400,-109.8405,-127.6235,1.0747,-119.0523,0.4820,PHASE_3_FINAL_ALIGNING,61.20,179.75,700.4,247.9,7.45,2000,-2000,,
240,09:42:21.529,ROI,160,160,224,224,12.22,13.23,0.0,0.0,75.60,696.73,241.15,104.78,112.69,0.9636,18.5000,-111.0100,0.0000,0.0000,0.8477,0,-111.0100,-110.2565,-128.1317,1.0375,-119.3587,0.4908,PHASE_3_FINAL_ALIGNING,61.20,179.44,700.4,247.9,7.68,2000,-2000,,
241,09:42:21.577,ROI,160,160,256,256,13.38,14.12,11.2,27.675,70.81,698.85,240.60,103.41,108.58,0.9256,16.7300,-111.5400,0.0000,0.0000,0.9259,0,-111.5400,-110.5246,-128.5988,0.9754,-119.4492,0.5062,PHASE_3_FINAL_ALIGNING,61.20,179.35,700.4,247.9,7.46,2000,-2000,,
242,09:42:21.690,ROI,160,160,224,224,9.47,10.26,0.0,0.0,97.46,696.80,242.42,106.22,114.14,0.9150,18.4900,-109.6000,0.0000,0.0000,0.8773,0,-109.6000,-110.3337,-128.6749,0.9016,-119.0299,0.5259,PHASE_3_FINAL_ALIGNING,61.20,179.77,700.4,247.9,6.56,2000,-2000,,
243,09:42:21.753,ROI,160,160,256,256,10.11,10.98,7.325,0.0,91.05,697.14,241.58,103.89,109.30,0.9365,17.2700,-111.8700,0.0000,0.0000,0.9213,0,-111.8700,-110.7070,-129.1881,0.8362,-119.1235,0.5446,PHASE_3_FINAL_ALIGNING,61.20,179.68,700.4,247.9,7.11,2000,-2000,,
244,09:42:21.816,ROI,160,160,224,224,9.95,10.66,7.525,36.725,93.80,696.54,242.88,103.35,113.76,0.9500,18.5200,-110.6900,0.0000,0.0000,0.8506,0,-110.6900,-110.7597,-129.6986,0.7814,-119.0674,0.5613,PHASE_3_FINAL_ALIGNING,61.20,179.73,700.4,247.9,6.34,2000,-2000,,
245,09:42:21.864,ROI,160,160,256,256,9.99,10.87,10.525,0.0,92.02,696.19,241.98,105.68,109.92,0.9456,17.9500,-113.9200,0.0000,0.0000,0.9154,0,-113.9200,-111.3741,-130.6082,0.7320,-119.5032,0.5774,PHASE_3_FINAL_ALIGNING,61.20,179.30,700.4,247.9,7.26,2000,-2000,,
246,09:42:21.930,ROI,160,160,224,224,10.27,10.99,0.0,0.0,91.02,695.58,244.08,106.27,113.36,0.9522,18.0100,-112.2900,0.0000,0.0000,0.8839,0,-112.2900,-111.6591,-131.3062,0.7176,-119.8676,0.5822,PHASE_3_FINAL_ALIGNING,61.20,178.93,700.4,247.9,6.15,2000,-2000,,
247,09:42:21.993,ROI,160,160,256,256,7.78,8.58,0.0,0.0,116.57,697.45,240.99,103.01,108.00,0.9128,16.1900,-114.2400,0.0000,0.0000,0.8611,0,-114.2400,-112.2750,-132.4609,0.6408,-120.1587,0.6094,PHASE_3_FINAL_ALIGNING,61.20,178.64,700.4,247.9,7.51,2000,-2000,,
248,09:42:22.040,ROI,160,160,224,224,8.05,8.65,0.0,45.2,115.61,695.99,243.99,106.86,109.93,0.9129,18.3300,-114.1500,0.0000,0.0000,0.8979,0,-114.1500,-112.9671,-133.4904,0.6340,-120.9302,0.6120,PHASE_3_FINAL_ALIGNING,61.20,177.87,700.4,247.9,5.89,2000,-2000,,
249,09:42:22.170,ROI,160,160,224,224,10.53,11.26,0.0,0.0,88.82,695.71,247.00,114.46,113.51,0.8852,17.9900,-119.1600,0.0000,0.0000,0.8824,0,-119.1600,-114.6478,-133.6475,0.6345,-122.0235,0.6118,PHASE_3_FINAL_ALIGNING,61.20,176.78,700.4,247.9,4.77,2000,-2000,,
250,09:42:22.217,ROI,160,160,256,256,14.15,14.82,0.0,0.0,67.48,695.40,244.52,114.11,107.31,0.9403,18.0200,-123.4400,0.0000,0.0000,0.8729,0,-123.4400,-116.9944,-133.3756,0.5906,-123.0770,0.6287,PHASE_3_FINAL_ALIGNING,61.20,175.72,700.4,247.9,6.04,2000,-2000,,
251,09:42:22.281,ROI,160,160,256,256,10.74,11.55,0.0,0.0,86.58,697.03,244.58,117.15,107.65,0.9691,16.3400,-125.4800,0.0000,0.0000,0.8093,0,-125.4800,-119.4264,-131.9158,0.5111,-123.6506,0.6618,PHASE_3_FINAL_ALIGNING,61.20,175.15,700.4,247.9,4.73,2000,-2000,,
252,09:42:22.346,ROI,160,160,256,256,10.22,10.91,0.0,0.0,91.67,698.09,242.13,116.86,97.25,0.8879,16.9500,-132.5600,0.0000,0.0000,0.8945,0,-132.5600,-122.9904,-129.2577,0.3838,-124.7286,0.7227,PHASE_3_FINAL_ALIGNING,61.20,174.07,700.4,247.9,6.22,2000,-2000,,
253,09:42:22.394,ROI,160,160,256,256,8.90,9.95,0.0,0.0,100.48,697.42,243.82,123.78,100.78,0.9110,14.8600,-133.8600,0.0000,0.0000,0.8805,0,-133.8600,-126.3993,-124.4359,0.3080,-125.9370,0.7645,PHASE_3_FINAL_ALIGNING,61.20,172.86,700.4,247.9,5.05,2000,-2000,,
254,09:42:22.457,ROI,160,160,256,256,8.07,8.70,0.0,0.0,114.91,698.01,244.15,127.60,95.95,0.9249,18.3900,-141.4400,0.0000,0.0000,0.8423,0,-141.4400,-130.9604,-118.1898,0.2748,-128.2072,0.7844,PHASE_3_FINAL_ALIGNING,61.20,170.59,700.4,247.9,4.45,2000,-2000,,
255,09:42:22.506,ROI,160,160,256,256,8.86,9.71,9.65,0.0,103.04,698.62,243.41,123.46,92.78,0.9356,19.1300,-143.1200,0.0000,0.0000,0.8220,0,-143.1200,-135.4217,-112.5784,0.2499,-130.8538,0.8000,PHASE_3_FINAL_ALIGNING,61.20,167.95,700.4,247.9,4.83,2000,-2000,,
256,09:42:22.633,ROI,160,160,256,256,10.31,11.02,3.325,0.0,90.78,696.50,243.59,127.33,92.61,0.9629,19.1900,-163.9400,0.0000,0.0000,0.8587,0,-163.9400,-143.6174,-105.3470,0.1890,-137.5338,0.8410,PHASE_3_FINAL_ALIGNING,61.20,161.27,700.4,247.9,5.81,2000,-2000,,
257,09:42:22.680,ROI,160,160,256,256,9.95,10.68,0.0,0.0,93.66,697.04,242.63,128.05,92.90,0.9713,15.8300,-171.2800,0.0000,0.0000,0.8178,0,-171.2800,-152.1514,-97.1587,0.1436,-145.2471,0.8745,PHASE_3_FINAL_ALIGNING,61.20,153.55,700.4,247.9,6.25,2000,-2000,,
258,09:42:22.745,ROI,160,160,288,288,10.90,11.78,0.0,0.0,84.90,699.52,241.23,123.64,89.59,0.9272,13.0700,-172.5400,0.0000,0.0000,0.7305,0,-172.5400,-160.0889,-120.0439,0.0974,-156.5357,0.9113,PHASE_3_FINAL_ALIGNING,61.20,142.26,700.4,247.9,6.73,2000,-2000,,
259,09:42:22.810,ROI,160,160,256,256,11.20,12.09,7.375,0.0,82.68,697.02,240.90,127.42,90.58,0.9504,15.5700,-179.8000,0.0000,0.0000,0.8608,0,-179.8000,-168.4919,-129.7994,0.1010,-164.9409,0.9082,PHASE_3_FINAL_ALIGNING,61.20,133.86,700.4,247.9,7.77,2000,-2000,,
260,09:42:22.857,ROI,160,160,256,256,16.95,17.78,0.0,0.0,56.23,697.38,240.27,127.01,90.11,0.9804,16.3900,174.6600,0.0000,0.0000,0.8663,0,174.6600,-176.6156,-132.8895,0.1297,-171.5971,0.8852,PHASE_3_FINAL_ALIGNING,61.20,127.20,700.4,247.9,8.20,2000,-2000,,
261,09:42:22.921,ROI,160,160,256,256,12.76,13.57,0.0,0.0,73.68,696.60,240.42,128.64,90.24,0.9842,17.7300,171.5300,0.0000,0.0000,0.8737,0,171.5300,-184.3035,-131.9407,0.1803,-176.3050,0.8472,PHASE_3_FINAL_ALIGNING,61.20,122.49,700.4,247.9,8.39,2000,-2000,,
262,09:42:23.033,ROI,160,160,288,288,12.79,13.63,3.95,0.0,73.38,698.36,236.94,122.33,80.55,0.8488,15.1400,155.7700,0.0000,0.0000,0.8622,0,155.7700,-193.7420,-129.3106,0.2809,-179.6105,0.7807,PHASE_3_FINAL_ALIGNING,61.20,119.19,700.4,247.9,11.15,2000,-2000,,
263,09:42:23.097,ROI,160,160,256,256,10.13,10.91,0.0,0.0,91.67,696.66,236.74,127.38,88.19,0.8772,13.8500,147.9400,0.0000,0.0000,0.8219,0,147.9400,-203.5011,-161.9176,0.3823,-192.0011,0.7234,PHASE_3_FINAL_ALIGNING,61.20,106.80,700.4,247.9,11.78,2000,-2000,,
264,09:42:23.145,ROI,160,160,256,256,11.74,12.51,0.0,0.0,79.92,694.58,236.77,126.86,89.09,0.9582,14.0500,143.8700,0.0000,0.0000,0.8190,0,143.8700,-212.1904,-189.4749,0.4349,-205.3060,0.6969,PHASE_3_FINAL_ALIGNING,61.20,93.49,700.4,247.9,12.56,1870,-1870,,
265,09:42:23.209,ROI,160,160,256,256,9.32,10.45,0.0,0.0,95.70,694.56,236.98,120.29,92.48,0.9151,13.2400,138.8900,0.0000,0.0000,0.8326,0,138.8900,-220.2938,-213.9832,0.5393,-218.0827,0.6496,PHASE_3_FINAL_ALIGNING,61.20,80.72,700.4,247.9,12.39,1614,-1614,,
266,09:42:23.273,ROI,160,160,256,256,10.55,11.26,0.0,34.7,88.84,694.56,237.55,119.46,93.79,0.9793,13.4600,136.5800,0.0000,0.0000,0.8062,0,136.5800,-226.9851,-234.9341,0.5720,-229.8774,0.6361,PHASE_3_FINAL_ALIGNING,61.20,68.92,700.4,247.9,11.88,1378,-1378,,
267,09:42:23.320,ROI,160,160,256,256,14.77,16.29,10.725,23.975,61.39,693.39,240.46,114.75,98.98,0.9064,5.0200,126.9600,0.0000,0.0000,0.5737,0,126.9600,-234.2851,-250.9796,0.4983,-239.8371,0.6674,PHASE_3_FINAL_ALIGNING,61.20,58.96,700.4,247.9,10.22,1179,-1179,,
268,09:42:23.449,ROI,160,160,256,256,9.83,10.52,0.0,0.0,95.10,695.54,242.66,99.36,101.33,0.8323,9.3300,114.0700,0.0000,0.0000,0.7331,0,114.0700,-242.7011,-262.6324,0.4268,-248.6633,0.7009,PHASE_3_FINAL_ALIGNING,61.20,50.14,700.4,247.9,7.15,1003,-1003,,
269,09:42:23.497,ROI,160,160,224,224,8.78,9.19,10.5,0.0,108.78,0.00,0.00,0.00,0.00,0.0000,0.0000,0.0000,0.0000,0.0000,0.0000,1,0.0000,NaN,NaN,NaN,NaN,NaN,LOST_TRACKING,61.20,-61.20,700.4,247.9,0.00,0,0,,
270,09:42:23.581,FULL,640,640,0,0,73.77,77.32,5.2,50.525,12.93,696.39,243.46,86.47,100.44,1.0000,8.7500,107.1000,0.0000,0.0000,0.8142,0,107.1000,-256.4364,-281.8491,0.3296,-262.7357,0.7521,PHASE_3_FINAL_ALIGNING,61.20,36.06,700.4,247.9,5.98,721,-721,,
271,09:42:23.668,ROI,160,160,224,224,12.01,13.00,0.0,0.0,76.94,695.23,244.74,95.13,103.87,0.8790,3.8400,98.0800,0.0000,0.0000,0.4548,0,98.0800,-262.7564,-274.5391,0.2380,-265.0219,0.8077,PHASE_3_FINAL_ALIGNING,61.20,33.78,700.4,247.9,6.06,676,-676,,
272,09:42:23.692,ROI,160,160,224,224,13.81,14.66,0.0,0.0,68.21,696.04,244.64,95.23,101.47,0.9607,4.5900,96.2600,0.0000,0.0000,0.5218,0,96.2600,-267.9623,-297.9370,0.1962,-272.8781,0.8360,PHASE_3_FINAL_ALIGNING,61.20,25.92,700.4,247.9,5.44,518,-518,,
273,09:42:23.737,ROI,160,160,224,224,10.93,11.70,12.9,0.0,85.46,696.32,245.36,93.51,102.98,0.9678,7.4000,91.8200,0.0000,0.0000,0.6552,0,91.8200,-272.1450,-307.3538,0.2357,-278.8610,0.8093,PHASE_3_FINAL_ALIGNING,61.20,19.94,700.4,247.9,4.81,399,-399,,
274,09:42:23.802,ROI,160,160,224,224,11.75,12.52,7.325,0.0,79.88,696.81,246.65,94.96,105.31,0.9605,8.6400,88.8700,0.0000,0.0000,0.7062,0,88.8700,-277.1440,-308.0720,0.3660,-285.4301,0.7321,PHASE_3_FINAL_ALIGNING,61.20,13.37,700.4,247.9,3.80,267,-267,,
275,09:42:23.849,ROI,160,160,224,224,11.49,12.34,0.0,31.725,81.06,697.08,247.25,95.34,107.03,0.9784,6.4200,85.5100,0.0000,0.0000,0.6077,0,85.5100,-281.7936,-302.7110,0.4907,-288.6790,0.6708,PHASE_3_FINAL_ALIGNING,61.20,10.12,700.4,247.9,3.39,202,-202,,
276,09:42:23.977,ROI,160,160,224,224,13.87,14.97,0.0,0.0,66.80,697.83,246.58,92.43,107.34,0.9577,10.2200,82.4400,0.0000,0.0000,0.7082,0,82.4400,-285.4479,-307.9293,0.5691,-293.6015,0.6373,PHASE_3_FINAL_ALIGNING,61.20,5.20,700.4,247.9,2.89,104,-104,,
277,09:42:24.025,ROI,160,160,224,224,16.26,17.18,0.0,0.0,58.22,698.01,246.59,93.23,107.87,0.9866,11.2100,80.3400,0.0000,0.0000,0.7472,0,80.3400,-288.5385,-305.5585,0.6406,-295.1845,0.6095,PHASE_3_FINAL_ALIGNING,61.20,3.62,700.4,247.9,2.73,72,-72,,
278,09:42:24.089,ROI,160,160,224,224,13.40,14.47,0.0,0.0,69.11,698.90,244.95,92.71,105.22,0.9516,13.4000,81.3900,0.0000,0.0000,0.7783,0,81.3900,-290.3122,-297.4479,0.6677,-293.1691,0.5996,PHASE_3_FINAL_ALIGNING,61.20,5.63,700.4,247.9,3.31,113,-113,,
279,09:42:24.137,ROI,160,160,224,224,8.38,9.23,0.0,0.0,108.30,698.03,244.25,91.56,104.47,0.9684,16.6700,80.2700,0.0000,0.0000,0.8124,0,80.2700,-291.0647,-284.6264,0.6760,-288.4679,0.5967,PHASE_3_FINAL_ALIGNING,61.20,10.33,700.4,247.9,4.35,207,-207,,
280,09:42:24.203,ROI,160,160,224,224,10.03,10.86,0.0,0.0,92.11,698.29,244.76,91.38,105.56,0.9840,17.7700,79.8800,0.0000,0.0000,0.8303,0,79.8800,-292.0252,-266.6737,0.6352,-282.1769,0.6115,PHASE_3_FINAL_ALIGNING,61.20,16.62,700.4,247.9,3.78,333,-333,,
281,09:42:24.265,ROI,160,160,224,224,11.18,11.91,0.0,0.0,83.97,698.38,244.46,91.21,104.31,0.9864,18.3900,79.0300,0.0000,0.0000,0.8510,0,79.0300,-292.6813,-263.2624,0.5701,-281.9997,0.6369,PHASE_3_FINAL_ALIGNING,61.20,16.80,700.4,247.9,3.99,336,-336,,
282,09:42:24.312,ROI,160,160,224,224,9.94,10.72,0.0,0.0,93.29,698.42,244.53,91.04,104.13,0.9964,18.8400,78.4700,0.0000,0.0000,0.8596,0,78.4700,-292.6463,-257.9855,0.4766,-281.4588,0.6772,PHASE_3_FINAL_ALIGNING,61.20,17.34,700.4,247.9,3.91,347,-347,,
283,09:42:24.441,ROI,160,160,224,224,8.51,9.23,0.0,0.0,108.33,698.66,244.25,91.00,104.02,0.9895,20.1700,78.1800,0.0000,0.0000,0.8837,0,78.1800,-291.9780,-250.4505,0.3741,-280.6723,0.7278,PHASE_3_FINAL_ALIGNING,61.20,18.13,700.4,247.9,4.04,363,-363,,
284,09:42:24.490,ROI,160,160,224,224,9.91,10.82,0.0,0.0,92.41,698.87,244.00,91.00,104.52,0.9906,20.9500,77.2900,0.0000,0.0000,0.9022,0,77.2900,-290.4951,-275.9685,0.2868,-287.2577,0.7771,PHASE_3_FINAL_ALIGNING,61.20,11.54,700.4,247.9,4.19,231,-231,,
285,09:42:24.556,ROI,160,160,224,224,9.71,11.01,7.025,35.5,90.85,698.67,244.46,91.99,104.22,0.9805,20.7400,76.7300,0.0000,0.0000,0.8945,0,76.7300,-288.9834,-294.1968,0.2176,-289.9151,0.8213,PHASE_3_FINAL_ALIGNING,61.20,8.88,700.4,247.9,3.85,178,-178,,
286,09:42:24.618,ROI,160,160,224,224,11.03,11.72,0.0,0.0,85.34,698.15,244.08,92.65,104.76,0.9817,20.4400,75.2400,0.0000,0.0000,0.8859,0,75.2400,-288.2722,-305.0170,0.2045,-291.1154,0.8302,PHASE_3_FINAL_ALIGNING,61.20,7.68,700.4,247.9,4.43,154,-154,,
287,09:42:24.665,ROI,160,160,224,224,10.23,11.01,0.0,0.0,90.82,697.61,243.73,92.23,104.45,0.9817,20.6400,74.3600,0.0000,0.0000,0.8899,0,74.3600,-289.0055,-313.3895,0.1805,-292.7343,0.8471,PHASE_3_FINAL_ALIGNING,61.20,6.07,700.4,247.9,5.02,121,-121,,
288,09:42:24.728,ROI,160,160,224,224,10.05,10.77,7.525,0.0,92.85,696.94,244.11,91.87,102.63,0.9686,20.5400,73.6500,0.0000,0.0000,0.8866,0,73.6500,-288.5443,-314.4651,0.1762,-292.4275,0.8502,PHASE_3_FINAL_ALIGNING,61.20,6.37,700.4,247.9,5.13,127,-127,,
289,09:42:24.793,ROI,160,160,224,224,9.80,11.06,7.15,0.0,90.45,696.18,244.04,91.34,101.84,0.9759,19.2600,73.6700,0.0000,0.0000,0.8714,0,73.6700,-288.4943,-305.8848,0.1544,-290.8209,0.8662,PHASE_3_FINAL_ALIGNING,61.20,7.98,700.4,247.9,5.72,160,-160,,
290,09:42:24.841,ROI,160,160,224,224,9.21,10.03,21.525,0.0,99.72,695.79,244.20,93.55,103.14,0.9640,19.5100,72.7700,0.0000,0.0000,0.8909,0,72.7700,-288.4026,-306.3958,0.1658,-290.9614,0.8578,PHASE_3_FINAL_ALIGNING,61.20,7.84,700.4,247.9,5.91,157,-157,,
291,09:42:24.953,ROI,160,160,224,224,9.59,10.34,0.0,0.0,96.73,695.01,244.60,95.16,102.40,0.9755,19.4800,71.5900,0.0000,0.0000,0.8976,0,71.5900,-288.6336,-299.2326,0.1860,-290.2961,0.8431,PHASE_3_FINAL_ALIGNING,61.20,8.50,700.4,247.9,6.32,170,-170,,
292,09:42:25.017,ROI,160,160,224,224,11.39,12.08,7.275,0.0,82.76,694.97,244.66,95.62,102.54,0.9938,19.2300,71.3600,0.0000,0.0000,0.8985,0,71.3600,-288.8845,-287.1652,0.2030,-288.5944,0.8313,PHASE_3_FINAL_ALIGNING,61.20,10.21,700.4,247.9,6.32,204,-204,,
293,09:42:25.080,ROI,160,160,224,224,9.82,10.61,7.625,0.0,94.29,695.62,245.13,94.23,102.45,0.9765,20.3100,71.9700,0.0000,0.0000,0.8995,0,71.9700,-289.0767,-271.3760,0.2123,-285.9767,0.8249,PHASE_3_FINAL_ALIGNING,61.20,12.82,700.4,247.9,5.52,256,-256,,
294,09:42:25.130,ROI,160,160,224,224,12.56,13.47,0.0,0.0,74.24,695.01,245.01,96.43,102.70,0.9748,20.5000,70.8800,0.0000,0.0000,0.8993,0,70.8800,-289.5956,-289.8990,0.2367,-289.6537,0.8086,PHASE_3_FINAL_ALIGNING,61.20,9.15,700.4,247.9,6.11,183,-183,,
295,09:42:25.194,ROI,160,160,224,224,13.04,13.96,0.0,0.0,71.62,694.72,245.10,96.53,102.77,0.9923,20.5600,70.9700,0.0000,0.0000,0.9030,0,70.9700,-290.1266,-303.8672,0.2673,-293.0251,0.7891,PHASE_3_FINAL_ALIGNING,61.20,5.77,700.4,247.9,6.33,115,-115,,
296,09:42:25.258,ROI,160,160,224,224,8.72,9.62,0.0,0.0,103.92,694.46,245.74,97.76,103.88,0.9752,19.7700,70.5000,0.0000,0.0000,0.8942,0,70.5000,-290.4727,-314.3066,0.2834,-295.7362,0.7792,PHASE_3_FINAL_ALIGNING,61.20,3.06,700.4,247.9,6.32,61,-61,,
297,09:42:25.305,ROI,160,160,224,224,8.46,9.27,10.4,0.0,107.91,694.27,246.18,98.78,104.96,0.9795,19.7200,70.7500,0.0000,0.0000,0.9001,0,70.7500,-290.7011,-322.0850,0.3114,-298.1539,0.7625,PHASE_3_FINAL_ALIGNING,61.20,0.65,700.4,247.9,6.37,13,-13,,
298,09:42:25.433,ROI,160,160,224,224,10.30,11.26,0.0,0.0,88.77,694.53,244.95,96.57,105.38,0.9554,18.8500,70.1400,0.0000,0.0000,0.8981,0,70.1400,-290.9306,-327.1361,0.3191,-299.6890,0.7581,PHASE_3_FINAL_ALIGNING,61.20,-0.89,700.4,247.9,6.57,-18,18,,
299,09:42:25.480,ROI,160,160,224,224,9.86,10.61,0.0,0.0,94.27,694.63,246.76,99.08,106.34,0.9423,19.7300,69.8300,0.0000,0.0000,0.9016,0,69.8300,-291.1472,-328.3920,0.3248,-300.2788,0.7548,PHASE_3_FINAL_ALIGNING,61.20,-1.48,700.4,247.9,5.88,-30,30,,
300,09:42:25.545,ROI,160,160,224,224,10.21,11.09,0.0,0.0,90.18,694.34,245.03,96.77,105.66,0.9457,18.8800,70.3800,0.0000,0.0000,0.9003,0,70.3800,-291.1520,-327.0451,0.3168,-299.7871,0.7594,PHASE_3_FINAL_ALIGNING,61.20,-0.99,700.4,247.9,6.71,-20,20,,
301,09:42:25.609,ROI,160,160,224,224,8.23,8.96,0.0,0.0,111.55,694.17,246.90,99.82,106.53,0.9362,18.6300,69.3400,0.0000,0.0000,0.8883,0,69.3400,-291.2599,-321.3564,0.3111,-298.4006,0.7627,PHASE_3_FINAL_ALIGNING,61.20,0.40,700.4,247.9,6.31,8,-8,,
302,09:42:25.658,ROI,160,160,224,224,17.19,18.21,9.725,85.8,54.90,694.22,245.19,97.16,105.39,0.9426,18.6100,69.8700,0.0000,0.0000,0.8932,0,69.8700,-291.2032,-331.1841,0.2752,-299.8316,0.7842,PHASE_3_FINAL_ALIGNING,61.20,-1.03,700.4,247.9,6.75,-21,21,,
303,09:42:25.721,ROI,160,160,224,224,23.70,24.71,8.9,0.0,40.47,694.18,246.96,99.97,106.62,0.9402,18.5700,69.1000,0.0000,0.0000,0.8836,0,69.1000,-291.2361,-337.8005,0.2564,-300.7396,0.7959,PHASE_3_FINAL_ALIGNING,61.20,-1.94,700.4,247.9,6.29,-39,39,,
304,09:42:25.834,ROI,160,160,224,224,11.83,12.68,4.4,0.0,78.90,694.20,245.34,97.22,105.42,0.9434,18.6400,69.5400,0.0000,0.0000,0.8936,0,69.5400,-291.2107,-342.2642,0.2165,-300.2964,0.8220,PHASE_4_FWD_BWD,61.20,-1.50,700.4,247.9,6.71,0,0,,
305,09:42:25.897,ROI,160,160,224,224,12.66,13.55,0.0,28.875,73.79,694.11,246.96,99.79,106.75,0.9451,18.7300,68.7600,0.0000,0.0000,0.8844,0,68.7600,-291.3427,-344.9065,0.1936,-300.0321,0.8378,PHASE_4_FWD_BWD,61.20,-1.23,700.4,247.9,6.36,0,0,,
306,09:42:25.961,ROI,160,160,224,224,10.07,10.94,0.0,0.0,91.38,694.06,245.41,97.26,105.39,0.9468,18.4900,69.4900,0.0000,0.0000,0.8932,0,69.4900,-291.3059,-345.6145,0.1574,-298.6920,0.8640,PHASE_4_FWD_BWD,61.20,0.11,700.4,247.9,6.81,0,0,,
307,09:42:26.009,ROI,160,160,224,224,8.40,9.32,0.0,41.95,107.35,694.11,246.95,99.72,106.57,0.9477,18.8300,68.8300,0.0000,0.0000,0.8859,0,68.8300,-291.3290,-342.4184,0.1444,-297.7756,0.8738,PHASE_4_FWD_BWD,61.20,1.02,700.4,247.9,6.36,0,0,,
308,09:42:26.074,ROI,160,160,224,224,8.59,9.41,6.975,0.0,106.22,694.01,245.50,97.40,105.60,0.9506,18.6600,69.6500,0.0000,0.0000,0.8936,0,69.6500,-291.1994,-336.8141,0.1122,-295.8014,0.8991,PHASE_4_FWD_BWD,61.20,3.00,700.4,247.9,6.82,0,0,,
309,09:42:26.138,ROI,160,160,224,224,7.98,8.71,14.475,0.0,114.78,694.17,246.90,99.71,106.50,0.9514,18.7200,68.6900,0.0000,0.0000,0.8811,0,68.6900,-291.3426,-327.3591,0.1092,-294.8875,0.9016,PHASE_4_FWD_BWD,61.20,3.91,700.4,247.9,6.31,0,0,,
310,09:42:26.186,ROI,160,160,224,224,8.03,8.79,9.9,0.0,113.75,694.14,245.45,97.26,105.36,0.9493,18.7100,69.6300,0.0000,0.0000,0.8947,0,69.6300,-291.2681,-316.3129,0.0837,-293.2032,0.9227,PHASE_4_FWD_BWD,61.20,5.60,700.4,247.9,6.72,0,0,,
311,09:42:26.298,ROI,160,160,224,224,8.37,9.02,3.775,0.0,110.90,694.46,245.21,98.18,106.47,0.9803,19.3100,69.0200,0.0000,0.0000,0.8961,0,69.0200,-291.2203,-301.5908,0.0475,-291.6909,0.9546,PHASE_4_FWD_BWD,61.20,7.11,700.4,247.9,6.52,0,0,,
312,09:42:26.362,ROI,160,160,224,224,12.00,12.83,14.15,30.45,77.96,694.57,244.51,97.34,106.16,0.9785,19.0700,68.5800,0.0000,0.0000,0.8953,0,68.5800,-291.3319,-280.5246,0.0184,-291.1368,0.9819,PHASE_4_FWD_BWD,61.20,7.66,700.4,247.9,6.74,0,0,,
313,09:42:26.424,ROI,160,160,224,224,11.52,12.45,7.95,0.0,80.29,694.81,244.39,98.07,105.22,0.9839,19.6600,67.7900,0.0000,0.0000,0.8941,0,67.7900,-291.5549,-274.4395,0.0476,-290.7765,0.9545,PHASE_4_FWD_BWD,61.20,8.02,700.4,247.9,6.60,0,0,,
314,09:42:26.472,ROI,160,160,224,224,8.71,9.47,21.95,0.0,105.54,695.29,242.60,96.17,103.74,0.9477,19.3900,67.3100,0.0000,0.0000,0.8959,0,67.3100,-291.8726,-271.3065,0.1069,-289.8865,0.9034,PHASE_4_FWD_BWD,61.20,8.91,700.4,247.9,7.36,0,0,,
315,09:42:26.536,ROI,160,160,224,224,8.05,8.79,14.275,0.0,113.83,696.92,241.48,95.09,101.39,0.9448,19.8500,67.7100,0.0000,0.0000,0.8814,0,67.7100,-292.0246,-270.9722,0.1786,-288.8339,0.8484,PHASE_4_FWD_BWD,61.20,9.97,700.4,247.9,7.30,0,0,,
316,09:42:26.600,ROI,160,160,224,224,8.75,9.53,7.125,0.0,104.90,697.12,240.93,94.11,101.21,0.9790,20.5400,68.9300,0.0000,0.0000,0.9009,0,68.9300,-291.9414,-271.9892,0.2758,-287.6279,0.7838,PHASE_4_FWD_BWD,61.20,11.17,700.4,247.9,7.70,0,0,,
317,09:42:26.649,ROI,160,160,224,224,9.48,10.21,19.85,0.0,97.92,699.24,237.93,90.31,99.95,0.9006,19.2100,68.4200,0.0000,0.0000,0.8982,0,68.4200,-291.9758,-274.2674,0.3966,-286.9473,0.7160,PHASE_4_FWD_BWD,61.20,11.85,700.4,247.9,10.04,0,0,,
318,09:42:26.778,ROI,160,160,224,224,7.87,8.66,0.0,0.0,115.47,701.60,233.33,94.18,100.09,0.8684,18.6100,68.2400,0.0000,0.0000,0.8779,0,68.2400,-291.9612,-277.1793,0.6153,-286.3305,0.6191,PHASE_4_FWD_BWD,61.20,12.47,700.4,247.9,14.62,0,0,,
319,09:42:26.826,ROI,160,160,224,224,7.79,8.48,19.85,0.0,117.97,703.00,232.05,94.00,98.94,0.9463,19.3600,68.8900,0.0000,0.0000,0.8903,0,68.8900,-291.8915,-280.4702,0.8040,-286.8015,0.5543,PHASE_4_FWD_BWD,61.20,12.00,700.4,247.9,16.06,0,0,,
320,09:42:26.888,ROI,160,160,224,224,8.32,9.07,7.3,0.0,110.20,704.64,228.09,94.33,101.11,0.8935,18.2500,68.3200,0.0000,0.0000,0.8808,0,68.3200,-291.8718,-284.1241,1.0610,-287.8833,0.4852,PHASE_4_FWD_BWD,61.20,10.92,700.4,247.9,20.25,0,0,,
321,09:42:26.954,ROI,160,160,224,224,7.92,8.55,6.875,0.0,116.93,706.11,227.24,92.37,98.90,0.9478,19.6000,70.3300,0.0000,0.0000,0.8741,0,70.3300,-291.4989,-287.5519,1.2726,-289.2887,0.4400,PHASE_4_FWD_BWD,61.20,9.51,700.4,247.9,21.43,0,0,,
322,09:42:27.000,ROI,160,160,224,224,9.13,10.25,20.475,0.0,97.56,707.68,223.11,93.98,98.63,0.8904,18.8000,67.4100,0.0000,0.0000,0.8828,0,67.4100,-291.6965,-290.9714,1.5402,-291.2568,0.3937,PHASE_4_FWD_BWD,61.20,7.54,700.4,247.9,25.84,0,0,,
323,09:42:27.066,ROI,160,160,224,224,8.03,8.66,14.2,0.0,115.44,708.78,221.54,93.76,98.29,0.9467,19.0800,66.0200,0.0000,0.0000,0.8490,0,66.0200,-292.2278,-293.9948,1.7597,-293.3546,0.3624,PHASE_4_FWD_BWD,61.20,5.45,700.4,247.9,27.66,0,0,,
324,09:42:27.128,ROI,160,160,224,224,9.14,9.92,14.45,0.0,100.76,710.16,217.89,95.59,101.44,0.9034,17.2100,64.3800,0.0000,0.0000,0.8471,0,64.3800,-292.9657,-296.9543,2.0114,-295.6298,0.3321,PHASE_4_FWD_BWD,61.20,3.17,700.4,247.9,31.55,0,0,,
325,09:42:27.178,ROI,160,160,224,224,11.08,11.80,19.425,0.0,84.77,712.76,215.71,95.30,97.27,0.9072,17.8600,65.3700,0.0000,0.0000,0.8622,0,65.3700,-293.4846,-299.6063,2.2284,-297.7100,0.3098,PHASE_4_FWD_BWD,61.20,1.09,700.4,247.9,34.48,0,0,,
326,09:42:27.290,ROI,160,160,224,224,8.54,9.54,7.825,0.0,104.87,713.62,209.19,92.37,97.17,0.8491,16.7700,63.9700,0.0000,0.0000,0.8192,0,63.9700,-294.1382,-302.4820,2.4997,-300.0979,0.2857,PHASE_4_FWD_BWD,61.20,-1.30,700.4,247.9,40.91,0,0,,
327,09:42:27.354,ROI,160,160,224,224,9.39,10.12,14.3,0.0,98.78,715.23,209.36,88.37,98.17,0.9474,19.7000,65.5700,0.0000,0.0000,0.8470,0,65.5700,-294.4713,-305.3038,2.6755,-302.3566,0.2721,PHASE_4_FWD_BWD,61.20,-3.56,700.4,247.9,41.29,0,0,,
328,09:42:27.418,ROI,160,160,224,224,7.84,8.57,7.25,0.0,116.65,716.16,204.90,88.83,94.74,0.8933,17.7000,63.2100,0.0000,0.0000,0.8569,0,63.2100,-295.1284,-309.1031,2.8629,-305.4854,0.2589,PHASE_4_FWD_BWD,61.20,-6.69,700.4,247.9,45.80,0,0,,
329,09:42:27.466,ROI,160,160,192,192,7.87,8.81,20.025,44.375,113.56,715.53,203.72,88.32,96.16,0.9621,18.1200,61.2100,0.0000,0.0000,0.8687,0,61.2100,-296.1499,-313.0907,2.9752,-308.8291,0.2516,PHASE_4_FWD_BWD,61.20,-10.03,700.4,247.9,46.70,0,0,,
330,09:42:27.530,ROI,160,160,224,224,8.50,9.18,7.05,0.0,108.96,718.23,200.55,85.89,93.95,0.8805,19.7600,65.3400,0.0000,0.0000,0.8738,0,65.3400,-296.2380,-304.8840,3.0769,-302.7632,0.2453,PHASE_4_FWD_BWD,61.20,-3.96,700.4,247.9,50.60,0,0,,
331,09:42:27.592,ROI,160,160,192,192,7.86,8.70,7.375,0.0,114.89,719.09,199.87,84.79,95.76,0.9619,18.8800,64.0700,0.0000,0.0000,0.8784,0,64.0700,-296.6169,-302.2550,3.0976,-300.8790,0.2440,PHASE_4_FWD_BWD,61.20,-2.08,700.4,247.9,51.54,0,0,,
332,09:42:27.640,ROI,160,160,192,192,9.75,11.04,19.65,0.0,90.62,720.87,197.34,82.54,97.42,0.9107,18.8300,66.2500,0.0000,0.0000,0.8539,0,66.2500,-296.5377,-300.2405,3.1029,-299.3380,0.2437,PHASE_4_FWD_BWD,61.20,-0.54,700.4,247.9,54.54,0,0,,
333,09:42:27.770,ROI,160,160,224,224,9.52,10.30,3.3,0.0,97.05,723.07,190.21,80.71,93.97,0.8188,17.1700,64.6700,0.0000,0.0000,0.8349,0,64.6700,-296.7189,-298.9171,3.1643,-298.3893,0.2401,PHASE_4_FWD_BWD,61.20,0.41,700.4,247.9,61.98,0,0,,
334,09:42:27.818,ROI,160,160,192,192,8.27,8.97,20.675,0.0,111.54,722.81,191.04,83.21,95.17,0.9531,20.2400,64.9000,0.0000,0.0000,0.8624,0,64.9000,-296.6641,-297.6710,3.1035,-297.4256,0.2437,PHASE_4_FWD_BWD,61.20,1.37,700.4,247.9,61.11,0,0,,
335,09:42:27.880,ROI,160,160,192,192,8.09,8.92,7.35,0.0,112.09,723.94,189.66,80.08,95.06,0.9352,20.1400,63.8800,0.0000,0.0000,0.8773,0,63.8800,-296.8040,-296.8954,3.0290,-296.8727,0.2482,PHASE_4_FWD_BWD,61.20,1.93,700.4,247.9,62.82,0,0,,
336,09:42:27.945,ROI,160,160,192,192,7.90,8.58,13.925,0.0,116.58,725.18,186.42,82.48,98.75,0.9077,19.7700,66.1000,0.0000,0.0000,0.8659,0,66.1000,-296.4299,-296.1034,3.0045,-296.1849,0.2497,PHASE_4_FWD_BWD,61.20,2.62,700.4,247.9,66.29,0,0,,
337,09:42:27.992,ROI,160,160,224,224,9.69,10.47,20.225,0.0,95.47,726.26,185.09,82.15,96.98,0.9484,19.5900,68.0500,0.0000,0.0000,0.9050,0,68.0500,-295.5470,-295.5606,2.9355,-295.5571,0.2541,PHASE_4_FWD_BWD,61.20,3.24,700.4,247.9,67.93,0,0,,
338,09:42:28.058,ROI,160,160,224,224,9.20,9.90,14.15,0.0,101.01,727.15,181.09,83.08,95.70,0.9016,17.7100,65.7200,0.0000,0.0000,0.8762,0,65.7200,-295.1895,-294.9640,2.9122,-295.0217,0.2556,PHASE_4_FWD_BWD,61.20,3.78,700.4,247.9,71.96,0,0,,
339,09:42:28.106,ROI,160,160,192,192,9.84,10.61,30.5,0.0,94.23,728.69,179.49,82.79,95.35,0.9321,20.0400,66.7600,0.0000,0.0000,0.8928,0,66.7600,-294.3502,-294.6109,2.8459,-294.5431,0.2600,PHASE_4_FWD_BWD,61.20,4.26,700.4,247.9,74.03,0,0,,
340,09:42:28.234,ROI,160,160,192,192,7.77,8.57,6.65,0.0,116.65,730.03,174.61,84.52,95.45,0.8756,18.7300,65.6400,0.0000,0.0000,0.8727,0,65.6400,-294.0019,-294.2627,2.8444,-294.1949,0.2601,PHASE_4_FWD_BWD,61.20,4.61,700.4,247.9,79.05,0,0,,
341,09:42:28.282,ROI,160,160,192,192,8.62,9.27,10.025,0.0,107.84,731.55,172.09,82.96,94.26,0.9152,19.2600,63.5100,0.0000,0.0000,0.8456,0,63.5100,-294.2130,-294.0434,2.8209,-294.0878,0.2617,PHASE_4_FWD_BWD,61.20,4.71,700.4,247.9,81.96,0,0,,
342,09:42:28.344,ROI,160,160,192,192,8.54,9.39,14.675,0.0,106.48,732.31,170.08,83.17,91.94,0.9407,19.4700,63.5300,0.0000,0.0000,0.8558,0,63.5300,-294.5582,-293.8288,2.7990,-294.0208,0.2632,PHASE_4_FWD_BWD,61.20,4.78,700.4,247.9,84.11,0,0,,
343,09:42:28.409,ROI,160,160,192,192,8.53,9.23,13.975,0.0,108.39,733.22,167.07,83.33,91.76,0.9168,18.6600,65.7300,0.0000,0.0000,0.8732,0,65.7300,-294.3282,-293.8174,2.7832,-293.9524,0.2643,PHASE_4_FWD_BWD,61.20,4.85,700.4,247.9,87.24,0,0,,
344,09:42:28.457,ROI,160,160,192,192,8.89,9.65,20.275,0.0,103.61,734.39,165.44,84.62,92.03,0.9391,20.0200,66.4600,0.0000,0.0000,0.8568,0,66.4600,-294.1107,-293.7285,2.8164,-293.8286,0.2620,PHASE_4_FWD_BWD,61.20,4.97,700.4,247.9,89.19,0,0,,
345,09:42:28.522,ROI,160,160,192,192,7.98,8.67,14.275,0.0,115.41,735.26,162.32,84.36,90.61,0.9156,19.3300,65.4200,0.0000,0.0000,0.8522,0,65.4200,-293.9719,-293.7595,2.8157,-293.8152,0.2621,PHASE_4_FWD_BWD,61.20,4.98,700.4,247.9,92.40,0,0,,
346,09:42:28.634,ROI,160,160,192,192,9.27,10.17,3.775,0.0,98.32,736.34,158.47,83.09,88.74,0.8950,19.1300,64.9100,0.0000,0.0000,0.8580,0,64.9100,-294.1971,-293.7109,2.8663,-293.8366,0.2586,PHASE_4_FWD_BWD,61.20,4.96,700.4,247.9,96.38,0,0,,
347,09:42:28.696,ROI,160,160,192,192,9.06,9.69,14.95,0.0,103.21,738.69,155.26,84.54,89.86,0.8816,19.6900,66.4000,0.0000,0.0000,0.8812,0,66.4000,-294.3694,-293.5383,2.8968,-293.7516,0.2566,PHASE_4_FWD_BWD,61.20,5.05,700.4,247.9,100.24,0,0,,
348,09:42:28.745,ROI,160,160,192,192,9.17,9.98,19.875,0.0,100.19,739.98,153.32,83.80,87.34,0.9286,19.6900,64.6500,0.0000,0.0000,0.8808,0,64.6500,-294.5320,-293.3816,2.9352,-293.6740,0.2541,PHASE_4_FWD_BWD,61.20,5.13,700.4,247.9,102.53,0,0,,
349,09:42:28.808,ROI,160,160,192,192,8.72,9.55,14.725,0.0,104.72,741.12,149.44,82.14,85.37,0.8899,20.4300,63.5700,0.0000,0.0000,0.8915,0,63.5700,-295.0447,-293.2520,2.9557,-293.7052,0.2528,PHASE_4_FWD_BWD,61.20,5.09,700.4,247.9,106.55,0,0,,
350,09:42:28.873,ROI,160,160,192,192,14.68,15.81,14.15,0.0,63.25,742.16,148.34,82.22,82.49,0.9425,21.2700,64.2700,0.0000,0.0000,0.9020,0,64.2700,-295.1632,-293.2230,2.9468,-293.7146,0.2534,PHASE_4_FWD_BWD,61.20,5.09,700.4,247.9,107.96,0,0,,
351,09:42:28.921,ROI,160,160,192,192,11.56,12.65,11.925,0.0,79.08,743.46,145.40,81.82,82.88,0.9032,18.8600,62.3900,0.0000,0.0000,0.8861,0,62.3900,-295.8072,-293.2003,3.0296,-293.8472,0.2482,PHASE_4_FWD_BWD,61.20,4.95,700.4,247.9,111.18,0,0,,
352,09:42:29.050,ROI,160,160,192,192,8.21,8.90,6.75,0.0,112.37,746.41,140.96,84.41,85.22,0.8407,21.2400,60.5300,0.0000,0.0000,0.9166,0,60.5300,-296.7664,-293.2378,3.0858,-294.1014,0.2447,PHASE_4_FWD_BWD,61.20,4.70,700.4,247.9,116.42,0,0,,
353,09:42:29.096,ROI,160,160,192,192,9.77,10.64,21.0,0.0,94.02,747.42,141.08,81.50,84.07,0.9525,23.3000,61.3300,0.0000,0.0000,0.9096,0,61.3300,-297.5985,-293.4417,3.0672,-294.4637,0.2459,PHASE_4_FWD_BWD,61.20,4.34,700.4,247.9,116.71,0,0,,
354,09:42:29.160,ROI,160,160,192,192,9.46,10.12,14.65,38.625,98.84,747.32,140.04,80.64,83.47,0.9652,21.3600,62.2800,0.0000,0.0000,0.8998,0,62.2800,-297.9447,-293.7242,3.0214,-294.7737,0.2487,PHASE_4_FWD_BWD,61.20,4.03,700.4,247.9,117.62,0,0,,
355,09:42:29.224,ROI,160,160,192,192,16.16,17.17,7.2,0.0,58.24,748.54,137.25,82.08,85.06,0.9092,20.9500,60.7100,0.0000,0.0000,0.8809,0,60.7100,-298.3287,-294.1362,2.9556,-295.1961,0.2528,PHASE_4_FWD_BWD,61.20,3.60,700.4,247.9,120.67,0,0,,
356,09:42:29.273,ROI,160,160,192,192,17.17,18.16,12.225,21.55,55.07,749.12,136.21,81.62,85.14,0.9622,21.3300,62.8500,0.0000,0.0000,0.8832,0,62.8500,-298.4047,-294.5601,2.8803,-295.5509,0.2577,PHASE_4_FWD_BWD,61.20,3.25,700.4,247.9,121.85,0,0,,
357,09:42:29.337,ROI,160,160,192,192,11.69,12.65,8.575,0.0,79.03,750.07,134.70,82.25,87.24,0.9438,20.2500,64.5400,0.0000,0.0000,0.8628,0,64.5400,-297.9689,-295.1245,2.7746,-295.8780,0.2649,PHASE_4_FWD_BWD,61.20,2.92,700.4,247.9,123.61,0,0,,
358,09:42:29.385,ROI,160,160,192,192,13.50,14.75,10.975,26.525,67.78,750.22,134.37,82.85,86.78,0.9853,21.2700,64.5800,0.0000,0.0000,0.8721,0,64.5800,-297.6104,-295.7031,2.6705,-296.2228,0.2724,PHASE_4_FWD_BWD,61.20,2.58,700.4,247.9,123.98,0,0,,
359,09:42:29.513,ROI,160,160,192,192,16.68,17.89,3.45,0.0,55.88,751.38,131.79,83.24,89.11,0.9176,19.9900,64.9000,0.0000,0.0000,0.8718,0,64.9000,-297.4045,-296.3285,2.5806,-296.6290,0.2793,PHASE_4_FWD_BWD,61.20,2.17,700.4,247.9,126.81,0,0,,
360,09:42:29.562,ROI,160,160,192,192,12.11,12.89,0.0,0.0,77.59,752.03,131.20,83.44,86.80,0.9591,21.4500,63.7700,2.0100,63.7700,0.8888,0,63.7700,-297.4520,-296.9937,2.4546,-297.1264,0.2895,PHASE_4_FWD_BWD,61.20,1.67,700.4,247.9,127.61,0,0,,
361,09:42:29.624,ROI,160,160,192,192,10.60,11.47,7.825,0.0,87.16,752.22,130.82,82.19,86.17,0.9763,20.9400,64.7500,2.2700,63.3000,0.8545,0,64.7500,-297.0588,-297.6930,2.3067,-297.5012,0.3024,PHASE_4_FWD_BWD,61.20,1.30,700.4,247.9,128.03,0,0,,
362,09:42:29.689,ROI,160,160,192,192,10.57,11.52,14.725,0.0,86.78,752.40,130.38,82.94,86.89,0.9810,20.6400,64.7500,2.4100,64.7700,0.8746,0,64.7500,-296.5672,-298.4011,2.1218,-297.8137,0.3203,PHASE_4_FWD_BWD,61.20,0.99,700.4,247.9,128.51,0,0,,
363,09:42:29.737,ROI,160,160,192,192,10.50,11.40,21.125,0.0,87.69,752.42,130.30,83.06,86.84,0.9966,20.5900,64.6300,2.2500,64.6900,0.8684,0,64.6300,-296.1857,-299.0934,1.9189,-298.0972,0.3426,PHASE_4_FWD_BWD,61.20,0.70,700.4,247.9,128.59,0,0,,
364,09:42:29.801,ROI,160,160,192,192,11.84,12.63,15.0,0.0,79.20,752.78,130.06,83.44,86.88,0.9859,21.1700,65.9700,2.0700,64.5400,0.8802,0,65.9700,-295.5728,-299.6256,1.7240,-298.1378,0.3671,PHASE_4_FWD_BWD,61.20,0.66,700.4,247.9,128.96,0,0,,
365,09:42:29.865,ROI,160,160,192,192,11.46,12.24,15.0,32.0,81.69,752.68,130.07,83.11,87.23,0.9922,20.7900,65.8900,2.1100,64.9400,0.8795,0,65.8900,-294.8293,-300.0302,1.5378,-297.9808,0.3940,PHASE_4_FWD_BWD,61.20,0.82,700.4,247.9,128.91,0,0,,
366,09:42:29.913,ROI,160,160,192,192,13.96,15.15,10.975,25.775,66.02,752.68,129.89,83.32,87.32,0.9934,20.7100,65.6900,2.1300,64.7100,0.8810,0,65.6900,-294.3122,-300.3824,1.3405,-297.7889,0.4273,PHASE_4_FWD_BWD,61.20,1.01,700.4,247.9,129.07,0,0,,
367,09:42:30.026,ROI,160,160,192,192,22.73,23.76,4.0,16.45,42.08,752.47,130.12,82.46,87.22,0.9847,21.0700,64.6200,0.0000,0.0000,0.8808,0,64.6200,-294.1524,-300.5073,1.1602,-297.5655,0.4629,PHASE_4_FWD_BWD,61.20,1.23,700.4,247.9,128.78,0,0,,
368,09:42:30.089,ROI,160,160,192,192,19.83,20.94,0.0,18.65,47.75,752.91,130.04,83.53,87.08,0.9854,21.3500,65.9600,0.0000,0.0000,0.8898,0,65.9600,-293.6589,-300.5684,0.9675,-297.0567,0.5082,PHASE_4_FWD_BWD,61.20,1.74,700.4,247.9,129.03,0,0,,
369,09:42:30.155,ROI,160,160,192,192,11.03,11.96,8.85,0.0,83.62,752.86,130.05,83.45,86.81,0.9957,21.4000,65.2200,2.0000,64.4900,0.8794,0,65.2200,-293.5555,-300.4276,0.7933,-296.5955,0.5576,PHASE_4_FWD_BWD,61.20,2.20,700.4,247.9,129.00,0,0,,
370,09:42:30.201,ROI,160,160,192,192,11.98,12.96,11.475,0.0,77.17,752.46,130.46,83.32,87.36,0.9811,21.0600,63.8900,2.3200,63.2200,0.8748,0,63.8900,-293.9806,-300.1545,0.6764,-296.4716,0.5965,PHASE_4_FWD_BWD,61.20,2.33,700.4,247.9,128.46,0,0,,
371,09:42:30.267,ROI,160,160,192,192,18.55,19.61,7.325,19.925,50.99,752.46,130.62,84.05,87.59,0.9875,21.0200,63.6900,2.4100,63.0600,0.8751,0,63.6900,-294.4167,-300.1929,0.5393,-296.4404,0.6496,PHASE_4_FWD_BWD,61.20,2.36,700.4,247.9,128.31,0,0,,
372,09:42:30.330,ROI,160,160,192,192,10.01,10.93,8.9,0.0,91.51,752.14,131.60,83.76,88.26,0.9710,19.7100,63.4600,2.6600,61.4400,0.8579,0,63.4600,-294.8357,-300.5465,0.3780,-296.4022,0.7257,PHASE_4_FWD_BWD,61.20,2.40,700.4,247.9,127.30,0,0,,
373,09:42:30.376,ROI,160,160,192,192,11.24,12.41,22.45,0.0,80.55,751.76,132.27,83.74,87.23,0.9758,19.4600,62.3900,2.7200,59.6900,0.8635,0,62.3900,-295.6688,-301.2879,0.2425,-296.7654,0.8049,PHASE_4_FWD_BWD,61.20,2.03,700.4,247.9,126.52,0,0,,
374,09:42:30.506,ROI,160,160,192,192,15.21,16.26,3.325,0.0,61.51,750.96,134.48,83.59,88.37,0.9334,18.8500,62.2600,2.4300,58.0300,0.8342,0,62.2600,-296.3203,-305.1626,0.0813,-296.9852,0.9248,PHASE_4_FWD_BWD,61.20,1.81,700.4,247.9,124.18,0,0,,
375,09:42:30.553,ROI,160,160,192,192,12.73,13.65,12.4,0.0,73.27,750.11,135.50,82.18,87.08,0.9572,20.5800,63.1000,2.1700,57.2000,0.8549,0,63.1000,-296.6017,-300.0310,0.0887,-296.8811,0.9185,PHASE_4_FWD_BWD,61.20,1.92,700.4,247.9,122.90,0,0,,
376,09:42:30.619,ROI,160,160,192,192,16.26,17.23,22.475,0.0,58.04,749.23,137.38,81.98,86.81,0.9379,20.1900,62.6500,2.3900,57.9400,0.8526,0,62.6500,-296.9455,-298.0853,0.2713,-297.1887,0.7866,PHASE_4_FWD_BWD,61.20,1.61,700.4,247.9,120.83,0,0,,
377,09:42:30.665,ROI,160,160,192,192,12.98,13.97,13.325,0.0,71.57,748.20,138.42,81.58,85.49,0.9520,20.0600,61.5500,2.6400,58.5000,0.8679,0,61.5500,-297.4450,-297.0977,0.4190,-297.3425,0.7047,PHASE_4_FWD_BWD,61.20,1.46,700.4,247.9,119.46,0,0,,
378,09:42:30.730,ROI,160,160,192,192,15.53,16.54,7.725,23.65,60.46,747.12,140.65,81.14,85.91,0.9251,19.7200,61.8200,0.0000,0.0000,0.8573,0,61.8200,-297.9561,-296.4659,0.5799,-297.4091,0.6329,PHASE_4_FWD_BWD,61.20,1.39,700.4,247.9,116.98,0,0,,
379,09:42:30.793,ROI,160,160,192,192,12.25,13.03,8.375,0.0,76.77,746.24,142.18,80.82,85.09,0.9444,20.3400,61.7800,0.0000,0.0000,0.8615,0,61.7800,-298.3322,-296.0765,0.7417,-297.3717,0.5742,PHASE_4_FWD_BWD,61.20,1.43,700.4,247.9,115.23,0,0,,
380,09:42:30.841,ROI,160,160,192,192,11.25,12.15,22.125,0.0,82.32,744.62,144.54,80.98,84.97,0.9097,21.0600,63.2700,0.0000,0.0000,0.8667,0,63.2700,-298.3513,-295.9742,0.9176,-297.2138,0.5215,PHASE_4_FWD_BWD,61.20,1.59,700.4,247.9,112.42,0,0,,
381,09:42:31.019,ROI,160,160,192,192,16.74,17.86,4.725,0.0,55.99,741.17,150.80,82.12,86.92,0.7983,18.8400,62.9700,0.0000,0.0000,0.8879,0,62.9700,-298.4191,-296.0743,1.1842,-297.1478,0.4578,PHASE_4_FWD_BWD,61.20,1.65,700.4,247.9,105.31,0,0,,
382,09:42:31.081,ROI,160,160,192,192,10.31,11.16,8.85,0.0,89.64,741.46,151.43,83.30,85.81,0.9718,21.2900,64.6100,0.0000,0.0000,0.8566,0,64.6100,-297.9733,-296.1609,1.4023,-296.9153,0.4163,PHASE_4_FWD_BWD,61.20,1.88,700.4,247.9,104.84,0,0,,
383,09:42:31.144,ROI,160,160,192,192,13.09,14.45,14.9,27.075,69.20,739.74,154.60,83.10,84.66,0.8920,19.4500,64.2000,0.0000,0.0000,0.8407,0,64.2000,-297.5964,-296.2819,1.6348,-296.7808,0.3795,PHASE_4_FWD_BWD,61.20,2.02,700.4,247.9,101.25,0,0,,
384,09:42:31.192,ROI,160,160,192,192,9.50,10.38,11.775,0.0,96.33,739.04,156.54,84.55,89.30,0.9317,20.7500,63.7100,0.0000,0.0000,0.8592,0,63.7100,-297.3123,-296.4359,1.8429,-296.7442,0.3518,PHASE_4_FWD_BWD,61.20,2.06,700.4,247.9,99.19,0,0,,
385,09:42:31.305,ROI,160,160,192,192,18.47,19.46,7.625,20.075,51.38,736.92,161.95,85.52,91.64,0.8464,16.7900,64.8500,0.0000,0.0000,0.8184,0,64.8500,-296.8791,-296.4923,2.0962,-296.6173,0.3230,PHASE_4_FWD_BWD,61.20,2.18,700.4,247.9,93.39,0,0,,
386,09:42:31.369,ROI,160,160,192,192,14.28,15.38,8.7,25.4,65.01,735.20,165.02,83.17,90.23,0.8982,18.0800,65.6400,0.0000,0.0000,0.8019,0,65.6400,-296.1394,-296.5073,2.3328,-296.3969,0.3000,PHASE_4_FWD_BWD,61.20,2.40,700.4,247.9,89.89,0,0,,
387,09:42:31.432,ROI,160,160,192,192,10.81,11.53,8.2,0.0,86.75,733.97,167.75,83.32,91.08,0.9150,19.0800,65.4200,0.0000,0.0000,0.8335,0,65.4200,-295.5212,-296.4341,2.5416,-296.1763,0.2824,PHASE_4_FWD_BWD,61.20,2.62,700.4,247.9,86.90,0,0,,
388,09:42:31.481,ROI,160,160,192,192,8.86,9.69,21.225,0.0,103.19,732.41,170.07,82.88,91.60,0.9163,18.1200,64.4800,0.0000,0.0000,0.8204,0,64.4800,-295.2468,-296.3356,2.7229,-296.0431,0.2686,PHASE_4_FWD_BWD,61.20,2.76,700.4,247.9,84.15,0,0,,
389,09:42:31.544,ROI,160,160,192,192,9.22,10.01,14.525,0.0,99.87,731.81,171.82,84.14,91.44,0.9483,18.6700,64.4200,0.0000,0.0000,0.8278,0,64.4200,-295.0172,-296.3920,2.8477,-296.0347,0.2599,PHASE_4_FWD_BWD,61.20,2.77,700.4,247.9,82.30,0,0,,
390,09:42:31.608,ROI,160,160,192,192,8.14,8.97,7.25,0.0,111.54,730.52,175.07,83.70,94.00,0.9052,18.7300,63.8200,0.0000,0.0000,0.8290,0,63.8200,-294.9488,-296.6278,2.9582,-296.2036,0.2526,PHASE_4_FWD_BWD,61.20,2.60,700.4,247.9,78.81,0,0,,
391,09:42:31.656,ROI,160,160,192,192,8.85,9.58,19.85,0.0,104.40,729.41,177.58,84.72,95.68,0.9243,18.6700,63.6900,0.0000,0.0000,0.8262,0,63.6900,-295.0322,-297.1214,3.0319,-296.6032,0.2480,PHASE_4_FWD_BWD,61.20,2.20,700.4,247.9,76.07,0,0,,
392,09:42:31.770,ROI,160,160,192,192,10.92,11.77,7.55,0.0,84.95,728.20,181.26,81.92,96.11,0.8967,18.9600,65.6700,0.0000,0.0000,0.8550,0,65.6700,-294.7475,-299.3851,3.1147,-298.2580,0.2430,PHASE_4_FWD_BWD,61.20,0.54,700.4,247.9,72.20,0,0,,
393,09:42:31.834,ROI,160,160,224,224,9.10,9.84,7.45,0.0,101.65,726.47,182.47,83.89,97.47,0.9359,18.9500,67.8900,0.0000,0.0000,0.8513,0,67.8900,-293.9750,-297.3355,3.1477,-296.5253,0.2411,PHASE_4_FWD_BWD,61.20,2.27,700.4,247.9,70.43,0,0,,
394,09:42:31.898,ROI,160,160,224,224,8.62,9.64,14.425,0.0,103.78,725.17,186.38,84.18,98.50,0.8961,18.4500,65.5800,0.0000,0.0000,0.8553,0,65.5800,-293.8094,-296.4170,3.1845,-295.7938,0.2390,PHASE_4_FWD_BWD,61.20,3.01,700.4,247.9,66.32,0,0,,
395,09:42:31.946,ROI,160,160,224,224,10.00,10.71,20.3,0.0,93.36,724.37,187.25,82.14,97.78,0.9588,19.5300,67.4700,0.0000,0.0000,0.8528,0,67.4700,-293.4305,-295.8410,3.1557,-295.2610,0.2406,PHASE_4_FWD_BWD,61.20,3.54,700.4,247.9,65.22,0,0,,
396,09:42:32.008,ROI,160,160,224,224,10.00,10.91,15.225,0.0,91.67,723.05,190.02,83.79,98.31,0.9160,18.4700,65.1000,0.0000,0.0000,0.8364,0,65.1000,-293.6105,-295.3727,3.1173,-294.9447,0.2429,PHASE_4_FWD_BWD,61.20,3.86,700.4,247.9,62.15,0,0,,
397,09:42:32.072,ROI,160,160,224,224,8.80,9.42,14.675,41.5,106.16,722.30,192.48,83.83,99.57,0.9352,17.8900,64.9000,0.0000,0.0000,0.8070,0,64.9000,-293.8935,-294.9696,3.0446,-294.7035,0.2472,PHASE_4_FWD_BWD,61.20,4.10,700.4,247.9,59.59,0,0,,
398,09:42:32.122,ROI,160,160,224,224,8.62,9.58,9.675,0.0,104.37,720.91,194.59,84.71,97.94,0.9277,18.9400,65.3200,0.0000,0.0000,0.8204,0,65.3200,-293.9797,-294.7223,2.9563,-294.5346,0.2528,PHASE_4_FWD_BWD,61.20,4.27,700.4,247.9,57.12,0,0,,
399,09:42:32.251,ROI,160,160,224,224,9.44,10.33,3.275,0.0,96.76,718.14,198.91,86.70,98.81,0.8606,16.7600,63.3700,0.0000,0.0000,0.7837,0,63.3700,-294.5343,-294.7000,2.9829,-294.6584,0.2511,PHASE_4_FWD_BWD,61.20,4.14,700.4,247.9,52.10,0,0,,
400,09:42:32.299,ROI,160,160,224,224,17.19,18.37,0.0,21.275,54.44,717.68,200.38,83.55,94.92,0.9257,17.9400,62.2400,0.0000,0.0000,0.8246,0,62.2400,-295.1450,-294.7602,2.9349,-294.8580,0.2541,PHASE_4_FWD_BWD,61.20,3.94,700.4,247.9,50.56,0,0,,
401,09:42:32.361,ROI,160,160,192,192,16.50,17.69,8.975,22.075,56.53,715.99,203.24,86.17,96.05,0.9060,16.7100,62.4700,0.0000,0.0000,0.8199,0,62.4700,-295.7126,-294.9408,2.9034,-295.1385,0.2562,PHASE_4_FWD_BWD,61.20,3.66,700.4,247.9,47.30,0,0,,
402,09:42:32.426,ROI,160,160,224,224,25.02,26.03,8.225,0.0,38.41,714.90,204.97,89.10,96.28,0.9334,19.1900,61.8200,0.0000,0.0000,0.8610,0,61.8200,-296.4374,-295.2256,2.8363,-295.5415,0.2607,PHASE_4_FWD_BWD,61.20,3.26,700.4,247.9,45.31,0,0,,
403,09:42:32.474,ROI,160,160,224,224,19.29,20.34,35.3,0.0,49.16,714.38,207.05,89.45,97.38,0.9470,19.0300,60.4600,0.0000,0.0000,0.8463,0,60.4600,-297.2806,-295.5062,2.8076,-295.9722,0.2626,PHASE_4_FWD_BWD,61.20,2.83,700.4,247.9,43.17,0,0,,
404,09:42:32.537,ROI,160,160,224,224,14.50,15.46,9.25,0.0,64.66,713.64,210.86,91.50,97.72,0.9047,17.9300,60.7800,0.0000,0.0000,0.8397,0,60.7800,-297.8936,-295.7137,2.8095,-296.2859,0.2625,PHASE_4_FWD_BWD,61.20,2.51,700.4,247.9,39.33,0,0,,
405,09:42:32.585,ROI,160,160,224,224,12.43,13.47,0.0,0.0,74.24,712.34,212.77,92.01,99.75,0.9358,17.8900,61.9800,0.0000,0.0000,0.8548,0,61.9800,-298.2002,-295.8729,2.8056,-296.4844,0.2628,PHASE_4_FWD_BWD,61.20,2.32,700.4,247.9,37.10,0,0,,
406,09:42:32.713,ROI,160,160,224,224,11.91,12.84,3.4,0.0,77.88,711.19,219.57,96.75,103.32,0.8334,15.8600,62.0500,0.0000,0.0000,0.8571,0,62.0500,-298.5365,-295.9025,2.8691,-296.5833,0.2585,PHASE_4_FWD_BWD,61.20,2.22,700.4,247.9,30.31,0,0,,
407,09:42:32.762,ROI,160,160,224,224,10.72,11.71,21.925,0.0,85.42,707.95,220.74,92.61,99.74,0.9018,17.5400,65.9400,0.0000,0.0000,0.8247,0,65.9400,-298.0406,-295.9797,2.9009,-296.5081,0.2564,PHASE_4_FWD_BWD,61.20,2.29,700.4,247.9,28.19,0,0,,
408,09:42:32.824,ROI,160,160,224,224,12.91,14.01,15.375,0.0,71.39,707.08,222.03,92.95,97.65,0.9564,18.1600,65.1100,0.0000,0.0000,0.8295,0,65.1100,-297.8080,-296.0749,2.9156,-296.5175,0.2554,PHASE_4_FWD_BWD,61.20,2.28,700.4,247.9,26.72,0,0,,
409,09:42:32.890,ROI,160,160,224,224,9.10,9.94,0.0,0.0,100.56,707.17,227.19,97.47,101.96,0.8609,17.7700,66.2200,0.0000,0.0000,0.8894,0,66.2200,-297.3853,-296.0042,2.9569,-296.3533,0.2527,PHASE_4_FWD_BWD,61.20,2.45,700.4,247.9,21.78,0,0,,
410,09:42:32.936,ROI,160,160,224,224,7.91,8.74,10.6,0.0,114.48,706.31,227.81,94.89,99.37,0.9488,19.1200,68.7100,0.0000,0.0000,0.8654,0,68.7100,-296.2773,-295.7566,2.9780,-295.8875,0.2514,PHASE_4_FWD_BWD,61.20,2.91,700.4,247.9,20.94,0,0,,
411,09:42:33.000,ROI,160,160,224,224,8.30,9.13,7.1,0.0,109.51,704.96,231.56,96.29,100.10,0.9025,18.6100,67.6500,0.0000,0.0000,0.8405,0,67.6500,-295.1929,-295.4407,2.9985,-295.3787,0.2501,PHASE_4_FWD_BWD,61.20,3.42,700.4,247.9,16.96,0,0,,
412,09:42:33.114,ROI,160,160,224,224,10.35,11.08,7.475,0.0,90.28,700.99,234.07,94.99,100.25,0.8771,18.7400,69.6000,0.0000,0.0000,0.8634,0,69.6000,-293.9618,-295.1880,3.0576,-294.8858,0.2465,PHASE_4_FWD_BWD,61.20,3.91,700.4,247.9,13.85,0,0,,
413,09:42:33.177,ROI,160,160,224,224,7.86,8.67,15.025,0.0,115.30,700.84,236.93,95.41,100.41,0.9405,21.4100,68.5800,0.0000,0.0000,0.9096,0,68.5800,-292.8001,-294.9541,3.0751,-294.4255,0.2454,PHASE_4_FWD_BWD,61.20,4.37,700.4,247.9,10.98,0,0,,
414,09:42:33.240,ROI,160,160,224,224,7.67,8.31,7.2,0.0,120.41,699.51,238.04,94.70,100.86,0.9513,21.6500,69.4600,0.0000,0.0000,0.9097,0,69.4600,-291.7410,-294.7824,3.0671,-294.0346,0.2459,PHASE_4_FWD_BWD,61.20,4.77,700.4,247.9,9.90,0,0,,
415,09:42:33.290,ROI,160,160,224,224,8.71,9.65,9.425,0.0,103.60,697.77,240.95,97.76,103.32,0.9115,20.1400,70.7800,0.0000,0.0000,0.9050,0,70.7800,-290.5105,-294.6441,3.0578,-293.6254,0.2464,PHASE_4_FWD_BWD,61.20,5.17,700.4,247.9,7.43,0,0,,
416,09:42:33.354,ROI,160,160,224,224,9.35,10.08,14.35,0.0,99.20,697.15,241.58,94.63,101.65,0.9523,21.6200,70.4800,0.0000,0.0000,0.8998,0,70.4800,-289.3978,-294.5983,3.0001,-293.2982,0.2500,PHASE_4_FWD_BWD,61.20,5.50,700.4,247.9,7.10,0,0,,
417,09:42:33.416,ROI,160,160,224,224,9.46,10.25,15.05,0.0,97.52,696.36,243.00,95.73,101.35,0.9565,21.1500,69.3400,0.0000,0.0000,0.8873,0,69.3400,-288.8257,-294.7338,2.9624,-293.2427,0.2524,PHASE_4_FWD_BWD,61.20,5.56,700.4,247.9,6.35,0,0,,
418,09:42:33.466,ROI,160,160,224,224,9.55,10.26,19.7,0.0,97.46,695.15,243.13,100.25,103.54,0.9346,20.5100,69.2000,0.0000,0.0000,0.9133,0,69.2000,-288.5126,-295.0780,2.8649,-293.3792,0.2587,PHASE_4_FWD_BWD,61.20,5.42,700.4,247.9,7.10,0,0,,
419,09:42:33.578,ROI,160,160,224,224,10.77,11.61,7.65,0.0,86.15,694.65,244.58,100.20,103.89,0.9629,20.4300,69.2100,0.0000,0.0000,0.8889,0,69.2100,-288.2939,-295.6450,2.7601,-293.6900,0.2660,COMPLETED,61.20,5.11,700.4,247.9,6.64,0,0,,
420,09:42:33.642,ROI,160,160,224,224,12.96,14.10,0.0,0.0,70.92,694.15,245.53,98.35,105.15,0.9643,19.9800,68.6900,0.0000,0.0000,0.8866,0,68.6900,-288.3722,-296.4619,2.6190,-294.2266,0.2763,POST_PH4_SPIN,61.20,4.57,700.4,247.9,0.00,0,0,0.067,
421,09:42:33.705,ROI,160,160,224,224,13.65,14.48,8.0,0.0,69.06,693.57,245.29,100.00,106.79,0.9684,19.5600,70.2900,0.0000,0.0000,0.8937,0,70.2900,-288.3946,-297.5243,2.4273,-294.8605,0.2918,POST_PH4_SPIN,61.20,3.94,700.4,247.9,0.00,0,0,0.130,
422,09:42:33.752,ROI,160,160,224,224,8.66,9.48,12.05,0.0,105.46,694.16,245.20,98.10,105.28,0.9671,18.8500,69.0500,0.0000,0.0000,0.8887,0,69.0500,-288.8077,-298.6658,2.2119,-295.5965,0.3113,POST_PH4_SPIN,61.20,3.20,700.4,247.9,0.00,0,0,0.172,
423,09:42:33.816,ROI,160,160,224,224,9.49,10.30,14.375,0.0,97.10,693.45,245.71,100.20,107.24,0.9611,19.6700,70.1800,0.0000,0.0000,0.8957,0,70.1800,-289.0012,-299.9825,1.9752,-296.2916,0.3361,POST_PH4_SPIN,61.20,2.51,700.4,247.9,0.00,0,0,0.236,
424,09:42:33.880,ROI,160,160,224,224,9.89,10.77,14.375,0.0,92.87,694.04,245.45,98.34,105.74,0.9677,18.5500,69.1500,0.0000,0.0000,0.8850,0,69.1500,-289.5417,-301.0941,1.7758,-296.9323,0.3603,POST_PH4_SPIN,61.20,1.87,700.4,247.9,0.00,0,0,0.302,
425,09:42:33.929,ROI,160,160,224,224,8.89,9.75,20.65,0.0,102.55,693.43,245.77,99.89,107.02,0.9727,19.8300,70.1400,0.0000,0.0000,0.8993,0,70.1400,-289.5719,-302.4262,1.5770,-297.4381,0.3880,POST_PH4_SPIN,61.20,1.36,700.4,247.9,0.00,0,0,0.349,
426,09:42:34.057,ROI,160,160,224,224,9.98,10.72,6.6,0.0,93.31,693.90,245.77,98.29,105.74,0.9723,18.7000,68.8200,0.0000,0.0000,0.8816,0,68.8200,-290.0381,-304.0307,1.3460,-298.0662,0.4263,POST_PH4_SPIN,61.20,0.73,700.4,247.9,0.00,0,0,0.478,
427,09:42:34.104,ROI,160,160,224,224,8.67,9.52,21.775,0.0,105.10,693.83,245.80,98.60,105.87,0.9957,18.4900,68.7100,0.0000,0.0000,0.8794,0,68.7100,-290.4687,-305.3853,1.1421,-298.4216,0.4668,POST_PH4_SPIN,61.20,0.38,700.4,247.9,0.00,0,0,0.524,
428,09:42:34.169,ROI,160,160,224,224,7.90,8.62,14.05,0.0,116.02,693.77,245.69,98.13,105.43,0.9911,18.4300,68.7000,0.0000,0.0000,0.8784,0,68.7000,-290.6682,-306.6023,0.9096,-298.2582,0.5237,POST_PH4_SPIN,61.20,0.54,700.4,247.9,0.00,0,0,0.588,
429,09:42:34.234,ROI,160,160,224,224,8.73,9.59,13.85,0.0,104.30,693.80,245.64,98.22,105.39,0.9982,18.4400,68.6200,0.0000,0.0000,0.8774,0,68.6200,-291.0018,-307.4123,0.7061,-297.7934,0.5861,POST_PH4_SPIN,61.20,1.01,700.4,247.9,0.00,0,0,0.654,
430,09:42:34.282,ROI,160,160,224,224,8.69,9.42,10.275,0.0,106.20,693.78,245.66,98.21,105.60,0.9977,18.5000,68.2100,0.0000,0.0000,0.8742,0,68.2100,-291.2196,-308.4974,0.5519,-297.3645,0.6444,POST_PH4_SPIN,61.20,1.44,700.4,247.9,0.00,0,0,0.701,
431,09:42:34.346,ROI,160,160,224,224,9.48,10.30,7.15,0.0,97.10,693.91,245.64,98.55,105.70,0.9957,18.5100,68.0500,0.0000,0.0000,0.8691,0,68.0500,-291.5592,-309.2330,0.4145,-296.7385,0.7070,POST_PH4_SPIN,61.20,2.06,700.4,247.9,0.00,0,0,0.766,
432,09:42:34.394,ROI,160,160,224,224,8.44,9.29,20.5,0.0,107.67,693.87,245.76,98.27,105.59,0.9950,18.3600,68.0300,0.0000,0.0000,0.8679,0,68.0300,-291.7957,-309.8087,0.2895,-295.8394,0.7755,POST_PH4_SPIN,61.20,2.96,700.4,247.9,0.00,0,0,0.813,
433,09:42:34.522,ROI,160,160,224,224,11.36,12.15,6.6,0.0,82.30,693.90,245.59,98.04,104.96,0.9918,18.7500,67.8100,0.0000,0.0000,0.8685,0,67.8100,-291.9056,-309.9084,0.2081,-295.0067,0.8277,POST_PH4_SPIN,61.20,3.79,700.4,247.9,0.00,0,0,0.944,
434,09:42:34.570,ROI,160,160,224,224,8.62,9.52,21.775,0.0,105.03,693.83,245.77,98.42,105.52,0.9909,18.9600,67.8700,0.0000,0.0000,0.8676,0,67.8700,-291.9843,-309.3295,0.1349,-294.0456,0.8812,POST_PH4_SPIN,61.20,4.75,700.4,247.9,0.00,0,0,0.989,
435,09:42:34.632,ROI,160,160,224,224,8.90,9.75,14.85,0.0,102.58,693.76,245.77,98.18,105.50,0.9974,18.6500,67.7500,0.0000,0.0000,0.8631,0,67.7500,-292.1685,-307.0269,0.0841,-293.3217,0.9224,POST_PH4_SPIN,61.20,5.48,700.4,247.9,0.00,0,0,1.052,
436,09:42:34.696,ROI,160,160,224,224,10.99,11.73,14.35,0.0,85.25,693.87,245.71,98.76,105.76,0.9918,18.6400,67.9000,0.0000,0.0000,0.8554,0,67.9000,-292.3097,-304.1493,0.0383,-292.7459,0.9632,POST_PH4_SPIN,61.20,6.05,700.4,247.9,0.00,0,0,1.118,
437,09:42:34.746,ROI,160,160,224,224,8.42,9.30,20.7,0.0,107.55,693.83,245.70,98.70,105.55,0.9972,18.6500,67.7500,0.0000,0.0000,0.8574,0,67.7500,-292.4577,-297.0145,0.0180,-292.5381,0.9823,POST_PH4_SPIN,61.20,6.26,700.4,247.9,0.00,0,0,1.165,
438,09:42:34.810,ROI,160,160,224,224,12.64,13.50,14.2,0.0,74.08,693.84,245.67,98.71,105.20,0.9964,18.5600,67.5700,0.0000,0.0000,0.8532,0,67.5700,-292.6746,-285.8767,0.0176,-292.5569,0.9827,POST_PH4_SPIN,61.20,6.24,700.4,247.9,0.00,0,0,1.233,
439,09:42:34.874,ROI,160,160,224,224,11.61,12.35,7.7,0.0,80.98,693.92,245.71,98.97,105.35,0.9960,18.7600,67.7000,0.0000,0.0000,0.8562,0,67.7000,-292.6675,-276.2224,0.0114,-292.4818,0.9887,POST_PH4_SPIN,61.20,6.32,700.4,247.9,0.00,0,0,1.296,
440,09:42:34.920,ROI,160,160,224,224,8.15,8.86,11.65,0.0,112.88,693.76,245.81,99.15,105.34,0.9948,18.4900,67.4100,0.0000,0.0000,0.8562,0,67.4100,-292.8122,-257.9625,0.0099,-292.4690,0.9902,POST_PH4_SPIN,61.20,6.33,700.4,247.9,0.00,0,0,1.339,
441,09:42:35.050,ROI,160,160,224,224,8.15,9.00,6.475,0.0,111.10,693.87,245.92,99.60,105.69,0.9922,18.6000,67.1600,0.0000,0.0000,0.8551,0,67.1600,-292.8536,-250.4752,0.0089,-292.4797,0.9912,POST_PH4_SPIN,61.20,6.32,700.4,247.9,0.00,0,0,1.469,
442,09:42:35.096,ROI,160,160,224,224,8.20,8.96,20.7,0.0,111.65,693.76,245.98,99.96,106.02,0.9932,18.6600,66.9800,0.0000,0.0000,0.8547,0,66.9800,-292.9934,-240.5122,0.0099,-292.4778,0.9902,POST_PH4_SPIN,61.20,6.32,700.4,247.9,0.00,0,0,1.515,
443,09:42:35.162,ROI,160,160,224,224,7.87,8.71,13.85,0.0,114.86,693.80,245.91,100.31,105.76,0.9940,18.6900,66.8200,0.0000,0.0000,0.8567,0,66.8200,-293.0178,-241.5405,0.0113,-292.4425,0.9888,POST_PH4_SPIN,61.20,6.36,700.4,247.9,0.00,0,0,1.580,
444,09:42:35.226,ROI,160,160,224,224,7.62,8.29,14.0,0.0,120.65,693.91,245.90,100.42,105.70,0.9972,18.6000,66.5900,0.0000,0.0000,0.8542,0,66.5900,-293.1778,-240.7353,0.0142,-292.4449,0.9860,POST_PH4_SPIN,61.20,6.36,700.4,247.9,0.00,0,0,1.645,
445,09:42:35.272,ROI,160,160,224,224,8.36,9.18,20.925,0.0,108.98,693.90,245.73,100.49,105.63,0.9961,18.6200,66.2700,0.0000,0.0000,0.8450,0,66.2700,-293.3763,-239.8666,0.0146,-292.6086,0.9857,POST_PH4_SPIN,61.20,6.19,700.4,247.9,0.00,0,0,1.691,
446,09:42:35.337,ROI,160,160,224,224,8.33,8.98,13.95,0.0,111.36,694.05,245.57,100.38,105.60,0.9940,18.3800,66.2100,0.0000,0.0000,0.8476,0,66.2100,-293.5454,-236.5046,0.0109,-292.9294,0.9892,POST_PH4_SPIN,61.20,5.87,700.4,247.9,0.00,0,0,1.756,
447,09:42:35.400,ROI,160,160,224,224,8.13,8.97,14.475,0.0,111.48,693.64,246.20,101.05,107.14,0.9776,16.8900,66.0700,0.0000,0.0000,0.8463,0,66.0700,-293.7084,-239.3969,0.0159,-292.8579,0.9843,POST_PH4_SPIN,61.20,5.94,700.4,247.9,0.00,0,0,1.819,
448,09:42:35.514,ROI,160,160,224,224,8.71,9.61,7.45,0.0,104.11,693.57,245.66,100.28,106.15,0.9824,16.7200,65.4500,0.0000,0.0000,0.8413,0,65.4500,-293.9991,-248.6857,0.0131,-293.4145,0.9871,POST_PH4_SPIN,61.20,5.39,700.4,247.9,0.00,0,0,1.934,
449,09:42:35.577,ROI,160,160,224,224,8.30,9.12,7.225,0.0,109.59,693.85,245.73,101.11,106.32,0.9903,18.0700,65.4800,0.0000,0.0000,0.8455,0,65.4800,-294.2530,-258.0214,0.0090,-293.9288,0.9911,POST_PH4_SPIN,61.20,4.87,700.4,247.9,0.00,0,0,1.997,
450,09:42:35.624,ROI,160,160,224,224,9.76,10.53,10.35,0.0,94.98,693.87,245.76,101.08,106.34,0.9992,18.1000,65.4600,0.0000,0.0000,0.8471,0,65.4600,-294.4682,-266.2350,0.0075,-294.2586,0.9926,POST_PH4_SPIN,61.20,4.54,700.4,247.9,0.00,0,0,2.045,
451,09:42:35.690,ROI,160,160,224,224,8.00,8.83,14.25,0.0,113.19,693.84,245.60,101.29,106.54,0.9950,18.0400,64.8600,0.0000,0.0000,0.8396,0,64.8600,-294.7855,-289.1634,0.0012,-294.7790,0.9988,POST_PH4_SPIN,61.20,4.02,700.4,247.9,0.00,0,0,2.109,
452,09:42:35.752,ROI,160,160,224,224,8.51,9.16,14.675,0.0,109.19,693.91,245.56,101.15,106.46,0.9978,17.9300,64.3100,0.0000,0.0000,0.8281,0,64.3100,-295.1570,-292.9279,0.0043,-295.1475,0.9957,POST_PH4_SPIN,61.20,3.65,700.4,247.9,0.00,0,0,2.171,
453,09:42:35.800,ROI,160,160,224,224,13.61,14.33,9.9,0.0,69.79,693.88,245.69,101.33,106.60,0.9958,17.9100,64.1500,0.0000,0.0000,0.8246,0,64.1500,-295.5120,-295.0127,0.0058,-295.5091,0.9942,POST_PH4_RE_RFB,61.20,3.29,700.4,247.9,0.00,0,0,,0.054
454,09:42:35.913,ROI,160,160,224,224,8.93,9.76,0.0,40.025,102.41,693.91,245.57,101.71,106.61,0.9942,17.6700,63.7000,0.0000,0.0000,0.8132,0,63.7000,-295.8794,-299.5138,0.0104,-295.9170,0.9897,POST_PH4_RE_RFB,61.20,2.88,700.4,247.9,0.00,0,0,,0.162
455,09:42:35.976,ROI,160,160,224,224,10.05,11.19,0.0,34.925,89.40,693.76,245.63,101.60,106.74,0.9958,17.8400,63.7100,0.0000,0.0000,0.8205,0,63.7100,-296.1877,-299.9090,0.0138,-296.2382,0.9864,POST_PH4_RE_RFB,61.20,2.56,700.4,247.9,0.00,0,0,,0.226
456,09:42:36.042,ROI,160,160,224,224,12.04,13.01,7.125,0.0,76.85,693.80,245.59,101.53,106.76,0.9984,17.6800,63.8400,0.0000,0.0000,0.8234,0,63.8400,-296.4185,-297.4694,0.0184,-296.4375,0.9820,POST_PH4_RE_RFB,61.20,2.36,700.4,247.9,0.00,0,0,,0.294
457,09:42:36.088,ROI,160,160,224,224,8.37,9.00,0.0,0.0,111.10,693.90,245.57,101.95,106.96,0.9941,17.8700,63.8000,0.0000,0.0000,0.8215,0,63.8000,-296.5777,-296.5129,0.0224,-296.5762,0.9781,POST_PH4_RE_RFB,61.20,2.22,700.4,247.9,0.00,0,0,,0.337
458,09:42:36.152,ROI,160,160,224,224,7.80,8.66,14.325,0.0,115.43,694.01,245.39,101.75,106.71,0.9944,17.7200,63.4600,0.0000,0.0000,0.8088,0,63.4600,-296.7702,-290.3950,0.0274,-296.6004,0.9734,POST_PH4_RE_RFB,61.20,2.20,700.4,247.9,0.00,0,0,,0.400
459,09:42:36.218,ROI,160,160,224,224,7.67,8.28,13.6,0.0,120.73,694.31,245.15,103.07,107.63,0.9788,17.8400,63.7100,0.0000,0.0000,0.8201,0,63.7100,-296.8700,-290.3589,0.0353,-296.6477,0.9659,POST_PH4_RE_RFB,61.20,2.15,700.4,247.9,0.00,0,0,,0.465
460,09:42:36.266,ROI,160,160,224,224,7.82,8.62,9.85,0.0,116.01,694.14,244.55,102.65,107.91,0.9849,17.3700,63.6800,0.0000,0.0000,0.8213,0,63.6800,-296.9354,-287.0917,0.0492,-296.4736,0.9531,POST_PH4_RE_RFB,61.20,2.33,700.4,247.9,0.00,0,0,,0.514
461,09:42:36.394,ROI,160,160,224,224,9.16,9.89,6.55,0.0,101.13,695.01,243.30,103.05,108.28,0.9609,18.6000,63.7000,0.0000,0.0000,0.8338,0,63.7000,-296.9567,-288.8761,0.0875,-296.3066,0.9196,POST_PH4_RE_RFB,61.20,2.49,700.4,247.9,0.00,0,0,,0.643
462,09:42:36.441,ROI,160,160,224,224,8.93,9.75,20.925,0.0,102.57,696.27,241.54,101.89,104.58,0.9425,18.5800,63.2700,0.0000,0.0000,0.8498,0,63.2700,-297.0367,-290.0974,0.1586,-296.0870,0.8631,POST_PH4_RE_RFB,61.20,2.71,700.4,247.9,0.00,0,0,,0.690
463,09:42:36.506,ROI,160,160,224,224,8.65,9.36,14.225,0.0,106.84,697.46,240.40,100.73,102.51,0.9557,18.2000,64.2800,0.0000,0.0000,0.8421,0,64.2800,-296.8874,-291.0443,0.2504,-295.7172,0.7997,POST_PH4_RE_RFB,61.20,3.08,700.4,247.9,0.00,0,0,,0.754
464,09:42:36.568,ROI,160,160,224,224,8.51,9.38,14.85,0.0,106.61,699.63,237.44,96.18,101.44,0.9019,19.1600,63.7100,0.0000,0.0000,0.8706,0,63.7100,-296.8264,-289.9680,0.3979,-294.8741,0.7153,POST_PH4_RE_RFB,61.20,3.93,700.4,247.9,0.00,0,0,,0.816
465,09:42:36.618,ROI,160,160,224,224,8.37,9.22,19.125,0.0,108.50,700.79,236.45,100.95,102.44,0.9347,20.2700,63.8200,0.0000,0.0000,0.8803,0,63.8200,-296.7147,-291.1088,0.5364,-294.7575,0.6509,POST_PH4_RE_RFB,61.20,4.04,700.4,247.9,0.00,0,0,,0.866
466,09:42:36.680,ROI,160,160,224,224,8.91,9.73,14.85,0.0,102.80,702.58,234.04,97.68,100.62,0.9204,19.7200,63.7500,0.0000,0.0000,0.8823,0,63.7500,-296.6467,-294.7686,0.7107,-295.8664,0.5845,POST_PH4_RE_RFB,61.20,2.93,700.4,247.9,0.00,0,0,,0.928
467,09:42:36.730,ROI,160,160,224,224,8.65,9.42,19.3,0.0,106.10,703.99,232.25,98.36,102.94,0.9384,19.3900,64.4100,0.0000,0.0000,0.8745,0,64.4100,-296.4104,-298.4005,0.8970,-297.3514,0.5272,POST_PH4_RE_RFB,61.20,1.45,700.4,247.9,0.00,0,0,,0.978
468,09:42:36.858,ROI,160,160,224,224,8.22,9.04,6.6,0.0,110.58,705.90,226.18,94.60,100.24,0.8542,16.4400,61.7400,0.0000,0.0000,0.8233,0,61.7400,-296.7041,-300.8896,1.1543,-298.9468,0.4642,POST_PH4_RE_RFB,61.20,-0.15,700.4,247.9,0.00,0,0,,1.106
469,09:42:36.906,ROI,160,160,224,224,8.39,9.10,10.025,0.0,109.92,708.88,223.62,96.71,98.74,0.8940,17.2200,60.3600,0.0000,0.0000,0.8468,0,60.3600,-297.2816,-311.0197,1.4334,-305.3741,0.4109,POST_PH4_RE_RFB,61.20,-6.57,700.4,247.9,0.00,0,0,,1.154
470,09:42:36.970,ROI,160,160,224,224,8.94,9.88,7.125,0.0,101.18,710.45,221.38,95.65,100.86,0.9260,17.0100,59.8100,0.0000,0.0000,0.8526,0,59.8100,-297.9539,-312.4297,1.7070,-307.0822,0.3694,POST_PH4_RE_RFB,61.20,-8.28,700.4,247.9,0.00,0,0,,1.219
471,09:42:37.034,ROI,160,160,224,224,11.73,12.47,14.375,0.0,80.17,711.85,218.98,96.10,99.48,0.9266,17.0500,59.0800,0.0000,0.0000,0.8385,0,59.0800,-298.7144,-312.5862,1.9663,-307.9097,0.3371,POST_PH4_RE_RFB,61.20,-9.11,700.4,247.9,0.00,0,0,,1.285
472,09:42:37.081,ROI,160,160,224,224,7.66,8.42,22.475,0.0,118.70,714.37,215.87,95.21,98.95,0.8922,17.0400,58.8500,0.0000,0.0000,0.8603,0,58.8500,-299.4831,-313.3671,2.2314,-309.0705,0.3095,POST_PH4_RE_RFB,61.20,-10.27,700.4,247.9,0.00,0,0,,1.329
473,09:42:37.146,ROI,160,160,224,224,8.96,9.81,6.925,0.0,101.95,715.25,214.20,93.86,98.55,0.9493,16.5500,58.3300,0.0000,0.0000,0.8529,0,58.3300,-300.2720,-312.6432,2.4522,-309.0596,0.2897,POST_PH4_RE_RFB,61.20,-10.26,700.4,247.9,0.00,0,0,,1.395
474,09:42:37.209,ROI,160,160,224,224,9.33,10.17,14.625,0.0,98.32,717.88,210.50,93.84,96.78,0.8780,18.1000,57.2000,0.0000,0.0000,0.8638,0,57.2000,-301.1833,-311.1154,2.6753,-308.4130,0.2721,POST_PH4_RE_RFB,61.20,-9.61,700.4,247.9,0.00,0,0,,1.458
475,09:42:37.258,ROI,160,160,224,224,11.14,12.04,10.025,0.0,83.06,718.41,209.66,92.67,97.73,0.9708,17.4600,56.4500,0.0000,0.0000,0.8632,0,56.4500,-302.1361,-309.8121,2.8293,-307.8076,0.2611,POST_PH4_RE_RFB,61.20,-9.01,700.4,247.9,0.00,0,0,,1.509
476,09:42:37.386,ROI,160,160,224,224,8.46,9.08,6.75,0.0,110.19,721.79,204.44,90.03,94.96,0.8358,17.8900,57.9700,0.0000,0.0000,0.8689,0,57.9700,-302.6867,-308.2557,3.0069,-306.8658,0.2496,POST_PH4_RE_RFB,61.20,-8.07,700.4,247.9,0.00,0,0,,1.634
477,09:42:37.434,ROI,160,160,192,192,8.71,9.49,20.05,0.0,105.37,722.08,204.74,90.86,97.52,0.9648,17.1000,55.4500,0.0000,0.0000,0.8911,0,55.4500,-303.6289,-307.6492,3.0878,-306.6657,0.2446,POST_PH4_RE_RFB,61.20,-7.87,700.4,247.9,0.00,0,0,,1.682
478,09:42:37.496,ROI,160,160,224,224,10.81,11.75,7.475,0.0,85.09,724.31,200.43,85.96,94.79,0.8662,18.3100,59.1500,0.0000,0.0000,0.8726,0,59.1500,-303.6722,-306.4195,3.1601,-305.7591,0.2404,POST_PH4_RE_RFB,61.20,-6.96,700.4,247.9,0.00,0,0,,1.747
479,09:42:37.544,ROI,160,160,192,192,9.10,9.87,21.375,0.0,101.30,724.26,200.47,85.61,94.67,0.9946,17.5300,58.6200,0.0000,0.0000,0.8961,0,58.6200,-303.7423,-305.3179,3.1509,-304.9383,0.2409,POST_PH4_RE_RFB,61.20,-6.14,700.4,247.9,0.00,0,0,,1.793
480,09:42:37.608,ROI,160,160,192,192,8.82,9.62,14.425,0.0,103.90,726.33,196.29,85.18,94.45,0.8739,18.6400,59.0900,0.0000,0.0000,0.8981,0,59.0900,-303.6749,-304.4903,3.1582,-304.2942,0.2405,POST_PH4_RE_RFB,61.20,-5.49,700.4,247.9,0.00,0,0,,1.857
481,09:42:37.673,ROI,160,160,192,192,8.89,9.61,14.075,0.0,104.06,727.90,196.05,86.82,96.30,0.9458,20.1400,60.2700,0.0000,0.0000,0.9223,0,60.2700,-303.1804,-303.9489,3.1038,-303.7616,0.2437,POST_PH4_RE_RFB,61.20,-4.96,700.4,247.9,0.00,0,0,,1.922
482,09:42:37.720,ROI,160,160,224,224,10.96,11.81,20.725,0.0,84.70,729.45,191.72,84.85,94.39,0.8818,17.9200,60.0000,0.0000,0.0000,0.8717,0,60.0000,-302.7342,-303.5622,3.0887,-303.3597,0.2446,POST_PH4_RE_RFB,61.20,-4.56,700.4,247.9,0.00,0,0,,1.971
483,09:42:37.850,ROI,160,160,192,192,8.60,9.54,0.0,0.0,104.80,730.37,187.47,83.64,93.46,0.8946,18.1800,61.7500,0.0000,0.0000,0.8907,0,61.7500,-301.8524,-303.2493,3.0609,-302.9053,0.2463,POST_PH4_RE_RFB,61.20,-4.11,700.4,247.9,0.00,0,0,,2.098
484,09:42:37.898,ROI,160,160,192,192,10.14,10.84,20.375,0.0,92.23,732.34,185.85,84.48,95.59,0.9225,18.2700,61.1200,0.0000,0.0000,0.9047,0,61.1200,-301.0711,-302.9855,3.0166,-302.5089,0.2490,POST_PH4_RE_RFB,61.20,-3.71,700.4,247.9,0.00,0,0,,2.148
485,09:42:37.960,ROI,160,160,192,192,10.27,11.09,15.225,0.0,90.14,734.41,183.91,88.66,98.66,0.9158,18.4400,62.1800,0.0000,0.0000,0.9015,0,62.1800,-299.9533,-302.8744,2.9482,-302.1345,0.2533,POST_PH4_RE_RFB,61.20,-3.33,700.4,247.9,0.00,0,0,,2.210
486,09:42:38.026,ROI,160,160,224,224,9.31,10.04,14.2,0.0,99.63,735.57,181.84,86.59,94.47,0.9326,19.5800,60.5700,0.0000,0.0000,0.8838,0,60.5700,-299.4226,-302.5630,2.9240,-301.7627,0.2548,POST_PH4_RE_RFB,61.20,-2.96,700.4,247.9,0.00,0,0,,2.275
487,09:42:38.072,ROI,160,160,192,192,8.42,9.20,21.85,0.0,108.65,736.85,180.63,88.64,97.02,0.9458,19.7500,61.6700,0.0000,0.0000,0.9002,0,61.6700,-298.7995,-302.2812,2.8933,-301.3869,0.2569,POST_PH4_RE_RFB,61.20,-2.59,700.4,247.9,0.00,0,0,,2.320
488,09:42:38.136,ROI,160,160,224,224,8.20,8.91,14.325,0.0,112.22,738.27,176.99,87.14,94.19,0.8980,20.1600,62.3300,0.0000,0.0000,0.9064,0,62.3300,-298.1255,-301.9881,2.8778,-300.9920,0.2579,POST_PH4_RE_RFB,61.20,-2.19,700.4,247.9,0.00,0,0,,2.384
489,09:42:38.185,ROI,160,160,192,192,8.93,9.69,19.625,40.325,103.23,740.12,174.97,89.33,92.42,0.9191,19.6500,59.5800,0.0000,0.0000,0.8889,0,59.5800,-298.1396,-301.7092,2.8558,-300.7834,0.2593,POST_PH4_RE_RFB,61.20,-1.98,700.4,247.9,0.00,0,0,,2.433
490,09:42:38.314,ROI,160,160,192,192,10.56,11.22,0.0,0.0,89.15,742.12,170.95,88.63,93.48,0.8785,19.5200,58.5800,0.0000,0.0000,0.8978,0,58.5800,-298.3928,-301.4672,2.8822,-300.6753,0.2576,POST_PH4_RE_RFB,61.20,-1.88,700.4,247.9,0.00,0,0,,2.564
491,09:42:38.360,ROI,160,160,192,192,9.38,10.60,22.425,0.0,94.31,743.86,167.31,86.72,90.86,0.8892,19.7900,60.5600,0.0000,0.0000,0.8901,0,60.5600,-298.2937,-301.2072,2.9068,-300.4615,0.2560,POST_PH4_RE_RFB,61.20,-1.66,700.4,247.9,0.00,0,0,,2.609
492,09:42:38.426,ROI,160,160,192,192,12.03,13.01,7.025,30.05,76.86,744.93,166.29,87.08,89.29,0.9541,20.3400,59.1500,0.0000,0.0000,0.8871,0,59.1500,-298.6480,-300.9920,2.9321,-300.3959,0.2543,POST_PH4_RE_RFB,61.20,-1.60,700.4,247.9,0.00,0,0,,2.678
493,09:42:38.490,ROI,160,160,192,192,10.82,11.64,7.7,0.0,85.93,747.12,163.02,88.49,88.55,0.8855,21.5200,60.2700,0.0000,0.0000,0.9141,0,60.2700,-298.8905,-300.8362,2.9387,-300.3422,0.2539,POST_PH4_RE_RFB,61.20,-1.54,700.4,247.9,0.00,0,0,,2.741
494,09:42:38.537,ROI,160,160,192,192,8.18,8.89,21.95,0.0,112.51,749.09,161.34,87.42,88.34,0.9213,20.2300,59.3300,0.0000,0.0000,0.8823,0,59.3300,-299.2235,-300.7996,2.9975,-300.4053,0.2502,POST_PH4_RE_RFB,61.20,-1.61,700.4,247.9,0.00,0,0,,2.785
495,09:42:38.601,ROI,160,160,192,192,10.10,10.95,7.125,0.0,91.37,751.30,158.46,88.10,87.76,0.8918,20.9300,59.5200,0.0000,0.0000,0.8903,0,59.5200,-299.8215,-300.9448,3.0125,-300.6649,0.2492,POST_PH4_RE_RFB,61.20,-1.86,700.4,247.9,0.00,0,0,,2.851
496,09:42:38.714,ROI,160,160,192,192,9.86,10.66,7.675,0.0,93.77,752.90,155.22,88.70,88.74,0.8974,20.0200,59.3800,0.0000,0.0000,0.8873,0,59.3800,-300.1085,-301.1634,3.0725,-300.9043,0.2455,POST_PH4_RE_RFB,61.20,-2.10,700.4,247.9,0.00,0,0,,2.963
497,09:42:38.778,ROI,160,160,192,192,10.63,11.39,14.65,34.4,87.82,754.64,151.81,90.37,88.44,0.8918,20.3000,58.7000,0.0000,0.0000,0.9083,0,58.7000,-300.5975,-301.4199,3.0880,-301.2187,0.2446,POST_PH4_RE_RFB,61.20,-2.42,700.4,247.9,0.00,0,0,,3.028
498,09:42:38.825,ROI,160,160,192,192,9.70,10.54,21.525,0.0,94.87,755.18,149.84,87.40,82.69,0.9042,18.5800,55.6400,4.7300,46.7600,0.8539,0,55.6400,-301.6621,-301.6127,3.1102,-301.6247,0.2433,POST_PH4_RE_RFB,61.20,-2.82,700.4,247.9,0.00,0,0,,3.075
499,09:42:38.890,ROI,160,160,192,192,10.98,11.71,0.0,0.0,85.38,756.81,147.64,87.01,84.47,0.9148,20.1100,55.9300,2.8500,42.0600,0.8776,0,55.9300,-302.4757,-301.8995,3.0879,-302.0404,0.2446,POST_PH4_RE_RFB,61.20,-3.24,700.4,247.9,0.00,0,0,,3.141
500,09:42:38.953,ROI,160,160,192,192,11.53,12.35,7.55,0.0,80.97,757.27,146.12,86.58,84.76,0.9547,19.9200,56.9600,2.5800,42.7400,0.8774,0,56.9600,-303.0323,-302.1482,3.0641,-302.3658,0.2461,POST_PH4_RE_RFB,61.20,-3.57,700.4,247.9,0.00,0,0,,3.205
501,09:42:39.000,ROI,160,160,192,192,11.15,12.06,22.975,0.0,82.94,758.54,144.24,84.34,84.86,0.9292,21.6700,57.7800,2.5900,43.8200,0.9111,0,57.7800,-303.1733,-302.2149,3.0499,-302.4515,0.2469,POST_PH4_RE_RFB,61.20,-3.65,700.4,247.9,0.00,0,0,,3.251
502,09:42:39.131,ROI,160,160,192,192,11.48,12.39,3.275,0.0,80.74,760.20,142.27,83.46,84.88,0.9185,22.4000,57.8800,0.0000,0.0000,0.9098,0,57.8800,-303.2942,-302.2188,3.0215,-302.4862,0.2487,POST_PH4_RE_RFB,61.20,-3.69,700.4,247.9,0.00,0,0,,3.383
503,09:42:39.177,ROI,160,160,192,192,10.25,11.00,11.775,35.525,90.93,760.71,141.53,83.58,84.06,0.9708,20.7200,58.4000,0.0000,0.0000,0.8906,0,58.4000,-303.1340,-302.2522,2.9559,-302.4751,0.2528,POST_PH4_RE_RFB,61.20,-3.68,700.4,247.9,0.00,0,0,,3.427
504,09:42:39.242,ROI,160,160,192,192,9.14,9.78,7.2,0.0,102.29,761.46,140.11,82.92,84.17,0.9497,21.5700,58.4300,0.0000,0.0000,0.8995,0,58.4300,-303.0802,-302.2262,2.8621,-302.4473,0.2589,POST_PH4_RE_RFB,61.20,-3.65,700.4,247.9,0.00,0,0,,3.491
505,09:42:39.306,ROI,160,160,192,192,11.78,12.60,14.575,0.0,79.35,761.66,139.33,83.42,84.11,0.9757,20.9100,58.6400,2.7000,50.5400,0.8973,0,58.6400,-302.8237,-302.2091,2.7137,-302.3746,0.2693,POST_PH4_RE_RFB,61.20,-3.57,700.4,247.9,0.00,0,0,,3.557
506,09:42:39.352,ROI,160,160,192,192,9.56,10.27,23.025,0.0,97.37,761.90,138.70,82.81,85.10,0.9781,21.1600,59.0800,0.0000,0.0000,0.8967,0,59.0800,-302.3507,-302.1069,2.5528,-302.1755,0.2815,POST_PH4_RE_RFB,61.20,-3.38,700.4,247.9,0.00,0,0,,3.601
507,09:42:39.416,ROI,160,160,192,192,10.29,11.19,14.575,0.0,89.35,762.30,137.64,81.77,84.00,0.9630,21.3400,58.8500,2.4700,52.9300,0.8992,0,58.8500,-302.1733,-301.9574,2.3714,-302.0214,0.2966,POST_PH4_RE_RFB,61.20,-3.22,700.4,247.9,0.00,0,0,,3.666
508,09:42:39.464,ROI,160,160,192,192,10.58,11.46,21.275,0.0,87.29,763.07,137.05,82.27,84.40,0.9678,20.7300,59.8000,2.3100,53.8200,0.8791,0,59.8000,-301.8997,-301.7565,2.2041,-301.8012,0.3121,POST_PH4_RE_RFB,61.20,-3.00,700.4,247.9,0.00,0,0,,3.714
509,09:42:39.593,ROI,160,160,192,192,14.87,15.74,3.325,24.825,63.55,763.72,136.20,82.97,82.90,0.9647,21.4900,58.9100,2.0400,53.5900,0.8982,0,58.9100,-301.6097,-301.4396,2.0519,-301.4953,0.3277,POST_PH4_RE_RFB,61.20,-2.70,700.4,247.9,0.00,0,0,,3.847
510,09:42:39.642,ROI,160,160,192,192,18.45,19.42,11.775,20.125,51.51,764.19,135.60,82.34,84.59,0.9691,20.0600,58.7800,2.1300,52.1100,0.8886,0,58.7800,-301.4740,-301.0664,1.8647,-301.2087,0.3491,POST_PH4_RE_RFB,61.20,-2.41,700.4,247.9,0.00,0,0,,3.900
511,09:42:39.704,ROI,160,160,192,192,9.36,10.07,9.025,0.0,99.35,764.56,135.01,83.24,86.16,0.9711,20.1500,59.4500,0.0000,0.0000,0.8724,0,59.4500,-301.0703,-300.6543,1.6921,-300.8088,0.3715,POST_PH4_RE_RFB,61.20,-2.01,700.4,247.9,0.00,0,0,,3.953
512,09:42:39.769,ROI,160,160,192,192,11.40,12.19,14.25,0.0,82.01,764.53,134.94,83.02,85.75,0.9925,19.9900,59.3500,0.0000,0.0000,0.8726,0,59.3500,-300.7771,-300.3366,1.5001,-300.5128,0.4000,POST_PH4_RE_RFB,61.20,-1.71,700.4,247.9,0.00,0,0,,4.020
513,09:42:39.818,ROI,160,160,192,192,11.46,12.42,21.5,0.0,80.50,764.43,135.10,83.41,84.80,0.9843,20.5300,58.5700,2.1400,53.2000,0.8843,0,58.5700,-300.6227,-300.2330,1.3125,-300.4016,0.4324,POST_PH4_RE_RFB,61.20,-1.60,700.4,247.9,0.00,0,0,,4.069
514,09:42:39.882,ROI,160,160,192,192,10.06,10.80,14.975,0.0,92.58,764.54,134.89,83.35,85.90,0.9848,19.9200,59.1900,0.0000,0.0000,0.8692,0,59.1900,-300.3404,-300.3027,1.1445,-300.3203,0.4663,POST_PH4_RE_RFB,61.20,-1.52,700.4,247.9,0.00,0,0,,4.132
515,09:42:39.945,ROI,160,160,192,192,10.68,11.45,14.9,0.0,87.35,764.35,135.00,83.46,84.79,0.9826,20.7700,58.6800,2.1900,53.2800,0.8852,0,58.6800,-300.2347,-300.4909,0.9997,-300.3628,0.5001,POST_PH4_RE_RFB,61.20,-1.56,700.4,247.9,0.00,0,0,,4.196
516,09:42:39.993,ROI,160,160,192,192,9.39,10.23,10.8,38.2,97.79,764.37,134.95,83.39,84.85,0.9980,20.6700,58.7900,2.1300,53.1600,0.8849,0,58.7900,-300.4461,-300.6401,0.8543,-300.5354,0.5393,POST_PH4_RE_RFB,61.20,-1.74,700.4,247.9,0.00,0,0,,4.242
517,09:42:40.106,ROI,160,160,192,192,9.46,10.16,3.825,0.0,98.39,764.04,135.75,82.00,83.92,0.9648,19.5800,59.0900,2.1800,53.3000,0.8688,0,59.0900,-300.6191,-300.9118,0.7112,-300.7408,0.5844,POST_PH4_RE_RFB,61.20,-1.94,700.4,247.9,0.00,0,0,,4.355
518,09:42:40.170,ROI,160,160,192,192,9.07,9.73,14.275,0.0,102.76,763.54,136.03,81.59,84.88,0.9770,19.7500,59.6900,0.0000,0.0000,0.8630,0,59.6900,-300.6104,-301.0327,0.5606,-300.7621,0.6408,POST_PH4_RE_RFB,61.20,-1.96,700.4,247.9,0.00,0,0,,4.419
519,09:42:40.235,ROI,160,160,192,192,10.25,10.96,7.15,0.0,91.21,763.38,136.53,82.85,84.84,0.9734,20.4600,60.2200,0.0000,0.0000,0.8703,0,60.2200,-300.4499,-300.9609,0.4213,-300.6014,0.7036,POST_PH4_RE_RFB,61.20,-1.80,700.4,247.9,0.00,0,0,,4.485
520,09:42:40.282,ROI,160,160,192,192,10.76,11.47,10.75,0.0,87.17,762.62,137.56,82.33,84.07,0.9581,19.2400,58.5200,2.2100,51.7200,0.8643,0,58.5200,-300.6691,-300.8252,0.2905,-300.7042,0.7749,POST_PH4_RE_RFB,61.20,-1.90,700.4,247.9,0.00,0,0,,4.533
521,09:42:40.345,ROI,160,160,192,192,10.70,11.39,15.1,0.0,87.80,762.08,138.43,83.38,84.10,0.9672,20.5400,59.1300,2.5000,54.4700,0.8857,0,59.1300,-300.7168,-300.6615,0.1485,-300.7097,0.8707,POST_PH4_RE_RFB,61.20,-1.91,700.4,247.9,0.00,0,0,,4.596
522,09:42:40.408,ROI,160,160,192,192,10.58,11.42,15.15,0.0,87.58,761.66,139.54,82.92,83.98,0.9643,19.4500,58.2400,2.1200,50.1900,0.8699,0,58.2400,-300.9563,-302.2543,0.0107,-300.9700,0.9894,POST_PH4_RE_RFB,61.20,-2.17,700.4,247.9,0.00,0,0,,4.659
523,09:42:40.458,ROI,160,160,192,192,9.09,9.80,20.375,0.0,102.05,760.84,140.49,82.97,84.76,0.9587,19.7000,58.3600,0.0000,0.0000,0.8789,0,58.3600,-301.1444,-302.4464,0.1351,-301.2994,0.8810,POST_PH4_RE_RFB,61.20,-2.50,700.4,247.9,0.00,0,0,,4.707
524,09:42:40.586,ROI,160,160,192,192,9.42,10.11,6.6,0.0,98.89,760.06,142.44,83.64,85.49,0.9378,18.2900,57.5200,0.0000,0.0000,0.8320,0,57.5200,-301.4508,-302.4856,0.3013,-301.6904,0.7685,POST_PH4_RE_RFB,61.20,-2.89,700.4,247.9,0.00,0,0,,4.835
525,09:42:40.633,ROI,160,160,192,192,14.98,15.86,21.225,0.0,63.07,758.96,143.68,84.46,84.58,0.9464,20.6900,57.3800,0.0000,0.0000,0.8826,0,57.3800,-301.7839,-302.7249,0.4660,-302.0830,0.6822,POST_PH4_RE_RFB,61.20,-3.28,700.4,247.9,0.00,0,0,,4.888
526,09:42:40.698,ROI,160,160,192,192,10.54,11.25,0.0,0.0,88.88,757.09,145.69,83.38,85.99,0.9135,18.4200,57.8600,0.0000,0.0000,0.8462,0,57.8600,-301.8875,-303.0742,0.6459,-302.3532,0.6076,POST_PH4_RE_RFB,61.20,-3.55,700.4,247.9,0.00,0,0,,4.948
527,09:42:40.746,ROI,160,160,192,192,9.20,10.02,21.525,0.0,99.83,756.74,146.34,85.91,86.09,0.9560,19.0700,57.3000,2.0000,43.8800,0.8605,0,57.3000,-302.1705,-303.3799,0.7962,-302.7066,0.5567,POST_PH4_RE_RFB,61.20,-3.91,700.4,247.9,0.00,0,0,,4.995
528,09:42:40.809,ROI,160,160,192,192,14.55,15.68,14.7,24.925,63.78,756.00,148.81,87.35,86.44,0.9289,17.6400,56.5800,2.0700,43.5600,0.8318,0,56.5800,-302.5871,-303.4476,0.9496,-303.0062,0.5129,POST_PH4_RE_RFB,61.20,-4.21,700.4,247.9,0.00,0,0,,5.063
529,09:42:40.873,ROI,160,160,192,192,12.69,13.52,0.0,0.0,73.95,755.23,150.86,88.27,87.11,0.9377,17.4900,56.5000,2.5000,43.1400,0.8427,0,56.5000,-302.9071,-303.2494,1.0949,-303.0860,0.4773,POST_PH4_RE_RFB,61.20,-4.29,700.4,247.9,0.00,0,0,,5.126
530,09:42:40.921,ROI,160,160,192,192,9.30,10.12,11.275,0.0,98.79,753.91,153.76,90.14,86.57,0.9089,17.8800,55.8300,2.2400,44.7900,0.8476,0,55.8300,-303.3235,-302.8475,1.2572,-303.0584,0.4430,POST_PH4_RE_RFB,61.20,-4.26,700.4,247.9,0.00,0,0,,5.171
531,09:42:41.050,ROI,160,160,192,192,9.54,10.70,6.575,0.0,93.45,750.62,158.34,88.06,87.08,0.8388,19.2500,57.8000,0.0000,0.0000,0.8822,0,57.8000,-303.3616,-302.4312,1.4774,-302.8068,0.4036,POST_PH4_RE_RFB,61.20,-4.01,700.4,247.9,0.00,0,0,,5.300
532,09:42:41.098,ROI,160,160,192,192,9.36,10.04,21.075,0.0,99.62,749.33,160.63,88.56,90.07,0.9228,19.9400,59.2500,0.0000,0.0000,0.8965,0,59.2500,-303.0206,-302.0254,1.6833,-302.3963,0.3727,POST_PH4_RE_RFB,61.20,-3.60,700.4,247.9,0.00,0,0,,5.347
533,09:42:41.161,ROI,160,160,192,192,8.69,9.39,14.625,0.0,106.45,748.58,162.17,88.86,89.02,0.9502,20.0000,58.3900,0.0000,0.0000,0.9113,0,58.3900,-302.9133,-301.6345,1.8612,-302.0814,0.3495,POST_PH4_RE_RFB,61.20,-3.28,700.4,247.9,0.00,0,0,,5.410
534,09:42:41.226,ROI,160,160,192,192,7.49,8.13,14.275,0.0,122.96,745.92,165.12,87.56,90.89,0.8836,19.1700,59.0100,0.0000,0.0000,0.8898,0,59.0100,-302.6618,-301.2987,2.0414,-301.7469,0.3288,POST_PH4_RE_RFB,61.20,-2.95,700.4,247.9,0.00,0,0,,5.473
535,09:42:41.274,ROI,160,160,192,192,7.54,8.21,19.275,0.0,121.75,744.40,166.78,86.48,88.25,0.9309,19.3400,58.8700,0.0000,0.0000,0.8682,0,58.8700,-302.4094,-301.0865,2.2042,-301.4994,0.3121,POST_PH4_RE_RFB,61.20,-2.70,700.4,247.9,0.00,0,0,,5.521
536,09:42:41.337,ROI,160,160,192,192,7.53,8.20,21.325,0.0,121.98,742.34,169.61,87.29,91.72,0.8966,18.6600,60.1400,0.0000,0.0000,0.8592,0,60.1400,-301.8266,-300.9131,2.3621,-301.1848,0.2974,POST_PH4_RE_RFB,61.20,-2.38,700.4,247.9,0.00,0,0,,5.585
537,09:42:41.386,ROI,160,160,192,192,7.64,8.33,19.3,46.9,120.07,742.07,171.69,87.06,92.12,0.9500,18.9400,58.9300,0.0000,0.0000,0.8486,0,58.9300,-301.4405,-300.6593,2.4818,-300.8837,0.2872,POST_PH4_RE_RFB,61.20,-2.08,700.4,247.9,0.00,0,0,,5.633
538,09:42:41.514,ROI,160,160,192,192,7.84,8.52,3.275,0.0,117.40,739.18,175.15,88.04,92.62,0.8704,17.1900,58.3000,0.0000,0.0000,0.8303,0,58.3000,-301.3495,-300.4227,2.6200,-300.6787,0.2762,POST_PH4_RE_RFB,61.20,-1.88,700.4,247.9,0.00,0,0,,5.762
539,09:42:41.560,ROI,160,160,192,192,9.55,10.23,0.0,0.0,97.76,736.96,180.27,89.26,98.06,0.8561,16.6100,58.5800,0.0000,0.0000,0.8403,0,58.5800,-301.1296,-300.1277,2.7837,-300.3925,0.2643,POST_PH4_RE_RFB,61.20,-1.59,700.4,247.9,0.00,0,0,,5.809
540,09:42:41.624,ROI,160,160,224,224,7.90,8.60,7.225,0.0,116.25,735.40,180.50,87.53,96.63,0.9512,18.2000,61.0200,0.0000,0.0000,0.8612,0,61.0200,-300.4996,-300.8130,2.8874,-300.7324,0.2572,POST_PH4_RE_RFB,61.20,-1.93,700.4,247.9,0.00,0,0,,5.872
541,09:42:41.688,ROI,160,160,224,224,8.07,8.78,14.125,0.0,113.94,733.46,183.00,87.42,96.52,0.9095,17.3700,61.1100,0.0000,0.0000,0.8356,0,61.1100,-299.8865,-301.0109,2.9702,-300.7277,0.2519,POST_PH4_RE_RFB,61.20,-1.93,700.4,247.9,0.00,0,0,,5.936
542,09:42:41.736,ROI,160,160,224,224,7.88,8.60,19.9,0.0,116.33,732.72,184.84,86.28,96.42,0.9465,17.9000,61.1800,0.0000,0.0000,0.8628,0,61.1800,-299.4008,-301.1785,3.0235,-300.7366,0.2485,POST_PH4_RE_RFB,61.20,-1.94,700.4,247.9,0.00,0,0,,5.984
543,09:42:41.802,ROI,160,160,224,224,7.86,8.55,13.725,0.0,116.96,731.05,186.37,86.95,96.40,0.9327,18.1100,61.1100,0.0000,0.0000,0.8489,0,61.1100,-299.0091,-301.5423,3.0434,-300.9158,0.2473,POST_PH4_RE_RFB,61.20,-2.12,700.4,247.9,0.00,0,0,,6.049
544,09:42:41.914,ROI,160,160,224,224,8.34,9.04,7.55,0.0,110.59,728.75,190.54,89.00,96.88,0.8723,17.5600,60.2700,0.0000,0.0000,0.8387,0,60.2700,-298.8014,-302.0884,3.0945,-301.2856,0.2442,POST_PH4_RE_RFB,61.20,-2.49,700.4,247.9,0.00,0,0,,6.162
545,09:42:41.979,ROI,160,160,224,224,18.04,19.03,14.025,20.525,52.55,727.78,193.57,88.10,95.33,0.9190,16.9100,59.4100,0.0000,0.0000,0.8388,0,59.4100,-298.8743,-302.7048,3.1046,-301.7716,0.2436,POST_PH4_RE_RFB,61.20,-2.97,700.4,247.9,0.00,0,0,,6.237
546,09:42:42.025,ROI,160,160,192,192,14.31,15.18,14.5,25.725,65.86,728.06,197.58,87.78,96.02,0.9139,19.0300,58.9000,0.0000,0.0000,0.8646,0,58.9000,-299.1685,-303.0817,3.1048,-302.1284,0.2436,POST_PH4_RE_RFB,61.20,-3.33,700.4,247.9,0.00,0,0,,6.279
547,09:42:42.090,ROI,160,160,224,224,10.96,11.74,7.825,0.0,85.20,726.59,197.95,85.53,95.10,0.9574,18.1000,60.2500,0.0000,0.0000,0.8476,0,60.2500,-299.2361,-303.2542,3.0509,-302.2623,0.2469,POST_PH4_RE_RFB,61.20,-3.46,700.4,247.9,0.00,0,0,,6.341
548,09:42:42.152,ROI,160,160,192,192,7.53,8.23,15.475,0.0,121.49,725.50,201.12,86.47,94.22,0.9127,19.3300,59.0400,0.0000,0.0000,0.8901,0,59.0400,-299.6915,-303.1336,3.0028,-302.2737,0.2498,POST_PH4_RE_RFB,61.20,-3.47,700.4,247.9,0.00,0,0,,6.400
549,09:42:42.202,ROI,160,160,192,192,7.52,8.16,9.35,0.0,122.49,722.78,203.42,88.09,95.10,0.8961,18.6300,56.8000,0.0000,0.0000,0.8584,0,56.8000,-300.4429,-302.8937,3.0108,-302.2826,0.2493,POST_PH4_RE_RFB,61.20,-3.48,700.4,247.9,0.00,0,0,,6.449
550,09:42:42.330,ROI,160,160,192,192,8.55,9.28,6.5,0.0,107.81,719.16,208.46,92.44,97.81,0.8339,17.3800,56.8400,0.0000,0.0000,0.8558,0,56.8400,-301.0074,-302.5672,3.0696,-302.1839,0.2457,POST_PH4_RE_RFB,61.20,-3.38,700.4,247.9,0.00,0,0,,6.579
551,09:42:42.376,ROI,160,160,224,224,8.42,9.12,21.45,0.0,109.62,718.90,207.38,93.41,95.72,0.9680,16.8100,57.9500,0.0000,0.0000,0.8439,0,57.9500,-301.3980,-302.1891,3.0313,-301.9928,0.2481,POST_PH4_RE_RFB,61.20,-3.19,700.4,247.9,0.00,0,0,,6.624
552,09:42:42.440,ROI,160,160,192,192,7.87,8.53,14.2,0.0,117.18,717.41,211.42,91.99,97.40,0.8920,16.3000,56.3700,0.0000,0.0000,0.8119,0,56.3700,-302.0353,-301.7927,3.0320,-301.8529,0.2480,POST_PH4_RE_RFB,61.20,-3.05,700.4,247.9,0.00,0,0,,6.688
553,09:42:42.506,ROI,160,160,224,224,8.01,8.81,13.75,0.0,113.57,716.73,213.74,96.52,99.19,0.9096,17.1500,55.8200,0.0000,0.0000,0.8212,0,55.8200,-302.7545,-301.3812,3.0048,-301.7241,0.2497,POST_PH4_RE_RFB,61.20,-2.92,700.4,247.9,0.00,0,0,,6.754
554,09:42:42.553,ROI,160,160,224,224,7.95,8.66,20.475,0.0,115.47,715.94,214.93,97.52,99.67,0.9608,17.5600,57.2900,0.0000,0.0000,0.8442,0,57.2900,-302.9782,-301.0133,2.9586,-301.5096,0.2526,POST_PH4_RE_RFB,61.20,-2.71,700.4,247.9,0.00,0,0,,6.800
555,09:42:42.617,ROI,160,160,224,224,7.81,8.49,14.125,0.0,117.82,712.86,218.27,96.49,100.28,0.8795,16.2700,56.5800,0.0000,0.0000,0.8165,0,56.5800,-303.4316,-300.6501,2.9198,-301.3597,0.2551,POST_PH4_RE_RFB,61.20,-2.56,700.4,247.9,0.00,0,0,,6.864
556,09:42:42.666,ROI,160,160,224,224,8.17,8.87,19.175,0.0,112.71,711.50,220.18,97.57,100.77,0.9364,16.7200,60.2700,0.0000,0.0000,0.8423,0,60.2700,-303.1586,-300.3871,2.8959,-301.0985,0.2567,POST_PH4_RE_RFB,61.20,-2.30,700.4,247.9,0.00,0,0,,6.914
557,09:42:42.794,ROI,160,160,224,224,8.36,9.19,6.55,0.0,108.77,708.07,224.65,94.72,100.38,0.8546,16.2500,59.3400,0.0000,0.0000,0.8230,0,59.3400,-303.0794,-300.1737,2.9694,-300.9057,0.2519,POST_PH4_RE_RFB,61.20,-2.11,700.4,247.9,0.00,0,0,,7.042
558,09:42:42.841,ROI,160,160,224,224,9.11,9.82,10.475,0.0,101.79,707.06,228.91,97.58,101.07,0.8928,16.7300,58.9500,0.0000,0.0000,0.8177,0,58.9500,-302.8222,-300.0313,3.0268,-300.7244,0.2483,POST_PH4_RE_RFB,61.20,-1.92,700.4,247.9,0.00,0,0,,7.089
559,09:42:42.904,ROI,160,160,224,224,8.43,9.15,7.225,0.0,109.33,705.33,229.23,94.86,98.06,0.9361,17.7800,61.5900,0.0000,0.0000,0.8397,0,61.5900,-301.9783,-300.1006,3.0504,-300.5642,0.2469,POST_PH4_RE_RFB,61.20,-1.76,700.4,247.9,0.00,0,0,,7.153
560,09:42:42.968,ROI,160,160,224,224,8.01,8.73,7.15,0.0,114.57,703.32,234.46,100.25,102.76,0.8538,16.6900,63.4200,0.0000,0.0000,0.8173,0,63.4200,-300.7605,-300.2506,3.0976,-300.3751,0.2440,POST_PH4_RE_RFB,61.20,-1.58,700.4,247.9,0.00,0,0,,7.216
561,09:42:43.016,ROI,160,160,224,224,7.97,8.66,19.925,0.0,115.43,702.19,235.02,98.99,102.19,0.9670,18.9600,65.9200,0.0000,0.0000,0.8472,0,65.9200,-299.0781,-300.6099,3.0876,-300.2351,0.2446,POST_PH4_RE_RFB,61.20,-1.44,700.4,247.9,0.00,0,0,,7.264
562,09:42:43.082,ROI,160,160,224,224,7.90,8.60,13.625,45.425,116.28,700.52,237.21,100.37,103.05,0.9272,18.2100,63.7900,0.0000,0.0000,0.8455,0,63.7900,-298.0094,-301.1860,3.1027,-300.4117,0.2437,POST_PH4_RE_RFB,61.20,-1.61,700.4,247.9,0.00,0,0,,7.330
563,09:42:43.145,ROI,160,160,224,224,7.59,8.29,7.15,0.0,120.68,698.15,238.64,101.36,100.42,0.9285,18.5800,62.8900,0.0000,0.0000,0.8716,0,62.8900,-297.2822,-301.9745,3.1099,-300.8328,0.2433,POST_PH4_RE_RFB,61.20,-2.03,700.4,247.9,0.00,0,0,,7.393
564,09:42:43.194,ROI,160,160,224,224,10.19,10.93,19.4,0.0,91.46,697.36,240.24,101.11,103.15,0.9542,19.4400,63.2000,0.0000,0.0000,0.8650,0,63.2000,-296.6093,-302.6596,3.0993,-301.1836,0.2439,POST_PH4_RE_RFB,61.20,-2.38,700.4,247.9,0.00,0,0,,7.444
565,09:42:43.322,ROI,160,160,224,224,7.94,8.64,3.325,0.0,115.68,695.70,242.17,99.69,102.47,0.9324,19.5900,63.3600,0.0000,0.0000,0.8518,0,63.3600,-295.8291,-303.3424,3.0467,-301.4857,0.2471,POST_PH4_RE_RFB,61.20,-2.69,700.4,247.9,0.00,0,0,,7.570
566,09:42:43.368,ROI,160,160,224,224,9.06,9.76,20.9,0.0,102.44,695.32,243.57,102.62,103.68,0.9457,18.4700,62.8100,0.0000,0.0000,0.8335,0,62.8100,-295.3504,-303.8609,2.9702,-301.7173,0.2519,POST_PH4_RE_RFB,61.20,-2.92,700.4,247.9,0.00,0,0,,7.617
567,09:42:43.434,ROI,160,160,224,224,7.89,8.64,13.9,0.0,115.78,694.96,243.70,101.21,104.05,0.9828,17.4500,63.1400,0.0000,0.0000,0.8132,0,63.1400,-295.1192,-304.3425,2.8591,-301.9525,0.2591,POST_PH4_RE_RFB,61.20,-3.15,700.4,247.9,0.00,0,0,,7.682
568,09:42:43.496,ROI,160,160,224,224,8.01,8.69,7.275,0.0,115.02,694.03,245.07,102.94,106.72,0.9567,17.6500,63.5200,0.0000,0.0000,0.8038,0,63.5200,-294.9171,-304.8025,2.7978,-302.1996,0.2633,POST_PH4_RE_RFB,61.20,-3.40,700.4,247.9,0.00,0,0,,7.744
569,09:42:43.545,ROI,160,160,224,224,9.65,10.50,0.0,0.0,95.28,694.36,244.65,102.12,106.81,0.9842,17.7900,63.3100,0.0000,0.0000,0.8186,0,63.3100,-294.7518,-305.3258,2.6211,-302.4057,0.2762,POST_PH4_SETTLING,61.20,-3.61,700.4,247.9,0.00,0,0,,7.794
570,09:42:43.609,ROI,160,160,224,224,10.77,11.69,0.0,0.0,85.52,694.24,244.91,101.84,105.57,0.9858,17.6700,63.8900,0.0000,0.0000,0.8113,0,63.8900,-294.7373,-305.8180,2.4389,-302.5959,0.2908,POST_PH4_SETTLING,61.20,-3.80,700.4,247.9,0.00,0,0,,7.860
571,09:42:43.658,ROI,160,160,224,224,8.51,9.30,21.25,0.0,107.49,694.07,245.06,101.65,105.55,0.9938,17.7700,64.1500,0.0000,0.0000,0.8157,0,64.1500,-294.8627,-306.2048,2.2215,-302.6841,0.3104,POST_PH4_SETTLING,61.20,-3.88,700.4,247.9,0.00,0,0,,7.906
572,09:42:43.785,ROI,160,160,224,224,8.57,9.28,6.625,0.0,107.73,694.14,245.03,102.70,106.88,0.9775,17.3900,63.0300,0.0000,0.0000,0.8104,0,63.0300,-295.2001,-306.4900,1.9510,-302.6642,0.3389,POST_PH4_SETTLING,61.20,-3.86,700.4,247.9,0.00,0,0,,8.033
573,09:42:43.834,ROI,160,160,224,224,8.55,9.32,19.875,0.0,107.25,694.18,245.06,102.63,106.97,0.9983,17.3900,63.1600,0.0000,0.0000,0.8088,0,63.1600,-295.6905,-306.7431,1.6922,-302.6378,0.3714,POST_PH4_SETTLING,61.20,-3.84,700.4,247.9,0.00,0,0,,8.082
574,09:42:43.897,ROI,160,160,224,224,9.89,10.99,7.15,0.0,90.96,693.99,245.24,102.41,107.16,0.9928,17.4000,63.2300,0.0000,0.0000,0.8113,0,63.2300,-295.8720,-307.0316,1.4169,-302.4143,0.4138,POST_PH4_SETTLING,61.20,-3.61,700.4,247.9,0.00,0,0,,8.147
575,09:42:43.961,ROI,160,160,224,224,8.70,9.38,14.725,0.0,106.59,693.74,245.32,101.91,107.00,0.9935,17.5200,63.4100,0.0000,0.0000,0.8183,0,63.4100,-296.1720,-307.4469,1.1928,-302.3052,0.4560,POST_PH4_SETTLING,61.20,-3.51,700.4,247.9,0.00,0,0,,8.210
576,09:42:44.009,ROI,160,160,224,224,10.13,10.85,20.275,0.0,92.19,693.80,245.41,102.06,107.17,0.9969,17.6000,63.5400,0.0000,0.0000,0.8216,0,63.5400,-296.5601,-307.6507,0.9960,-302.0942,0.5010,POST_PH4_SETTLING,61.20,-3.29,700.4,247.9,0.00,0,0,,8.259
577,09:42:44.073,ROI,160,160,224,224,8.23,8.92,14.675,0.0,112.14,693.77,245.35,101.96,107.04,0.9979,17.6400,63.5300,0.0000,0.0000,0.8222,0,63.5300,-296.7374,-308.0143,0.7806,-301.6811,0.5616,POST_PH4_SETTLING,61.20,-2.88,700.4,247.9,0.00,0,0,,8.321
578,09:42:44.138,ROI,160,160,224,224,7.70,8.35,14.125,0.0,119.69,693.71,245.50,101.81,107.16,0.9956,17.7100,63.5700,0.0000,0.0000,0.8227,0,63.5700,-296.7372,-308.0088,0.6323,-301.1034,0.6126,POST_PH4_SETTLING,61.20,-2.30,700.4,247.9,0.00,0,0,,8.385
579,09:42:44.185,ROI,160,160,224,224,7.65,8.44,9.9,46.325,118.50,693.66,245.48,101.96,107.13,0.9980,17.8300,63.4900,0.0000,0.0000,0.8258,0,63.4900,-296.4782,-307.7883,0.4765,-300.1282,0.6773,POST_PH4_SETTLING,61.20,-1.33,700.4,247.9,0.00,0,0,,8.433
