frame_id,timestamp,mode,input_width,input_height,roi_w,roi_h,inf_time_ms,end_to_end_time_ms,cpu_load_pct,end_to_end_cpu_load_pct,fps,x_center,y_center,width,height,iou_prev_bbox,group1_magnitude,group1_angle,group2_magnitude,group2_angle,best_conf,tracking_lost,raw_angle,model_angle_smooth,trajectory_angle_smooth,estimated_speed,fused_angle,fused_weight_x,pid_mode,target_angle,angle_error,target_x,target_y,distance_error,ble_speed_left,ble_speed_right
2390,17:45:32.291,ROI,160,160,256,256,12.17,13.04,12.9,0.0,76.70,378.90,81.82,117.09,74.64,0.9968,19.4400,14.4600,0.0000,0.0000,0.9589,0,14.4600,-345.8565,-342.7119,0.1203,-345.5189,0.8927,PHASE_1_ALIGNING,-44.29,58.78,688.2,383.6,432.13,1763,-1763
2391,17:45:32.362,ROI,160,160,256,256,15.92,17.07,0.0,22.9,58.59,378.86,81.81,117.26,74.77,0.9968,19.5900,14.7100,0.0000,0.0000,0.9600,0,14.7100,-345.8271,-342.9882,0.1034,-345.5611,0.9063,PHASE_1_ALIGNING,-44.29,58.73,688.2,383.6,432.17,1762,-1762
2392,17:45:32.411,ROI,160,160,256,256,12.67,13.70,0.0,28.5,72.97,378.83,81.81,117.41,74.85,0.9977,19.7100,14.7900,0.0000,0.0000,0.9607,0,14.7900,-345.7811,-343.5668,0.0907,-345.5970,0.9168,PHASE_1_ALIGNING,-44.29,58.69,688.2,383.6,432.19,1761,-1761
2393,17:45:32.474,ROI,160,160,256,256,11.78,12.62,0.0,0.0,79.25,378.82,81.82,117.23,74.90,0.9979,19.5300,14.8700,0.0000,0.0000,0.9588,0,14.8700,-345.7231,-344.2679,0.0806,-345.6146,0.9254,PHASE_1_ALIGNING,-44.29,58.67,688.2,383.6,432.19,1760,-1760
2394,17:45:32.539,ROI,160,160,256,256,10.95,11.85,7.5,0.0,84.41,378.77,81.86,117.36,74.93,0.9981,19.6400,15.0200,0.0000,0.0000,0.9595,0,15.0200,-345.6414,-344.9246,0.0730,-345.5926,0.9320,PHASE_1_ALIGNING,-44.28,58.69,688.2,383.6,432.20,1761,-1761
2395,17:45:32.586,ROI,160,160,256,256,12.15,13.25,11.25,29.475,75.47,378.80,81.86,117.47,74.88,0.9984,19.5900,14.8800,0.0000,0.0000,0.9597,0,14.8800,-345.6012,-345.5393,0.0658,-345.5974,0.9383,PHASE_1_ALIGNING,-44.28,58.68,688.2,383.6,432.18,1761,-1761
2396,17:45:32.652,ROI,160,160,256,256,13.02,13.87,7.375,28.175,72.10,378.75,81.89,117.42,74.77,0.9977,19.5800,14.8600,0.0000,0.0000,0.9597,0,14.8600,-345.1626,-350.1365,0.0428,-345.3669,0.9589,PHASE_1_ALIGNING,-44.27,58.91,688.2,383.6,432.19,1767,-1767
2397,17:45:32.714,ROI,160,160,256,256,14.41,15.22,0.0,0.0,65.69,378.58,81.86,118.29,74.75,0.9919,19.7800,14.8200,0.0000,0.0000,0.9596,0,14.8200,-345.1995,-354.3660,0.0229,-345.4047,0.9776,PHASE_1_ALIGNING,-44.26,58.86,688.2,383.6,432.34,1766,-1766
2398,17:45:32.763,ROI,160,160,256,256,12.24,13.29,11.6,0.0,75.26,378.64,81.73,117.79,74.91,0.9924,19.9900,15.1600,0.0000,0.0000,0.9589,0,15.1600,-345.1749,-365.8308,0.0094,-345.3664,0.9907,PHASE_1_ALIGNING,-44.28,58.91,688.2,383.6,432.38,1767,-1767
2399,17:45:32.875,ROI,160,160,256,256,12.96,14.05,0.0,0.0,71.16,378.10,81.74,118.43,74.03,0.9793,19.1000,12.9800,0.0000,0.0000,0.9556,0,12.9800,-345.4183,-371.4089,0.0211,-345.9549,0.9794,PHASE_1_ALIGNING,-44.23,58.27,688.2,383.6,432.76,1748,-1748
2400,17:45:32.939,ROI,160,160,256,256,17.77,18.92,0.0,0.0,52.86,377.84,81.68,117.94,73.46,0.9879,17.1700,10.0000,0.0000,0.0000,0.9419,0,10.0000,-346.3960,-377.7594,0.0333,-347.4055,0.9678,PHASE_1_ALIGNING,-44.21,56.80,688.2,383.6,432.99,1704,-1704
2401,17:45:33.003,ROI,160,160,256,256,12.72,13.69,0.0,0.0,73.06,376.30,82.85,116.51,71.65,0.9434,18.0900,3.4600,0.0000,0.0000,0.8817,0,3.4600,-348.6414,-374.7748,0.0678,-350.3009,0.9365,PHASE_1_ALIGNING,-43.96,53.66,688.2,383.6,433.28,1610,-1610
2402,17:45:33.052,ROI,160,160,256,256,15.40,16.41,11.2,23.8,60.93,376.88,82.98,117.82,71.17,0.9823,17.6100,2.7900,0.0000,0.0000,0.9047,0,2.7900,-350.7796,-369.4297,0.1020,-352.5066,0.9074,PHASE_1_ALIGNING,-44.00,51.49,688.2,383.6,432.78,1545,-1545
2403,17:45:33.115,ROI,160,160,256,256,13.45,14.23,0.0,27.45,70.29,376.93,82.99,118.32,70.67,0.9889,16.8400,-0.9600,0.0000,0.0000,0.9306,0,-0.9600,-353.4978,-363.6759,0.1241,-354.6216,0.8896,PHASE_1_ALIGNING,-44.00,49.38,688.2,383.6,432.73,1481,-1481
2404,17:45:33.178,ROI,160,160,256,256,8.50,9.29,0.0,42.075,107.62,377.98,82.80,119.47,70.86,0.9771,16.8900,-0.9800,0.0000,0.0000,0.9025,0,-0.9800,-355.9349,-357.3049,0.1213,-356.0830,0.8918,PHASE_1_ALIGNING,-44.12,48.03,688.2,383.6,432.10,1441,-1441
2405,17:45:33.290,ROI,160,160,256,256,10.61,11.84,0.0,0.0,84.47,377.62,83.90,121.97,70.58,0.9498,15.7800,-4.5000,0.0000,0.0000,0.8520,0,-4.5000,-358.7863,-348.9164,0.1468,-357.5226,0.8720,PHASE_1_ALIGNING,-43.98,46.46,688.2,383.6,431.60,1394,-1394
2406,17:45:33.353,ROI,160,160,256,256,11.33,11.98,0.0,0.0,83.48,377.22,84.66,120.53,70.10,0.9674,14.3100,-6.3900,0.0000,0.0000,0.8157,0,-6.3900,-361.7141,-339.5088,0.1757,-358.3950,0.8505,PHASE_1_ALIGNING,-43.87,45.47,688.2,383.6,431.36,1364,-1364
2407,17:45:33.403,ROI,160,160,256,256,11.69,12.67,0.0,0.0,78.95,375.54,85.14,118.16,69.25,0.9590,14.9100,-10.2100,0.0000,0.0000,0.8204,0,-10.2100,-365.0698,-330.7909,0.2269,-358.7304,0.8151,PHASE_1_ALIGNING,-43.67,44.94,688.2,383.6,432.24,1348,-1348
2408,17:45:33.466,ROI,160,160,256,256,10.53,11.44,0.0,0.0,87.44,376.09,84.45,117.04,68.67,0.9710,15.5100,-13.1200,0.0000,0.0000,0.8649,0,-13.1200,-368.6004,-322.7768,0.2519,-359.3799,0.7988,PHASE_1_ALIGNING,-43.79,44.41,688.2,383.6,432.33,1332,-1332
2409,17:45:33.514,ROI,160,160,256,256,10.65,11.61,0.0,0.0,86.15,376.32,84.98,116.82,69.33,0.9809,16.7000,-16.5200,0.0000,0.0000,0.8987,0,-16.5200,-372.3153,-315.1481,0.2735,-360.0365,0.7852,PHASE_1_ALIGNING,-43.76,43.72,688.2,383.6,431.79,1312,-1312
2410,17:45:33.578,ROI,160,160,256,256,11.84,12.58,0.0,31.05,79.47,376.48,84.53,114.77,69.71,0.9700,16.8200,-19.0800,0.0000,0.0000,0.8936,0,-19.0800,-375.9974,-308.1577,0.2797,-361.1680,0.7814,PHASE_1_ALIGNING,-43.81,42.65,688.2,383.6,431.99,1279,-1279
2411,17:45:33.690,ROI,160,160,256,256,11.10,11.86,0.0,32.975,84.33,379.38,85.50,113.63,72.94,0.9096,14.3100,-26.2200,0.0000,0.0000,0.8256,0,-26.2200,-380.5378,-299.5565,0.2672,-363.4608,0.7891,PHASE_1_ALIGNING,-43.99,40.53,688.2,383.6,429.22,1216,-1216
2412,17:45:33.755,ROI,160,160,256,256,10.25,10.96,7.325,35.675,91.25,379.46,86.18,109.98,74.93,0.9431,16.3300,-30.1800,0.0000,0.0000,0.8685,0,-30.1800,-385.1512,-326.2196,0.2733,-372.5029,0.7854,PHASE_1_ALIGNING,-43.93,31.43,688.2,383.6,428.69,943,-943
2413,17:45:33.819,ROI,160,160,224,224,9.15,10.00,0.0,39.1,99.95,379.97,85.41,109.33,76.79,0.9670,14.5100,-33.1000,0.0000,0.0000,0.7957,0,-33.1000,-389.5849,-348.2859,0.2706,-380.7883,0.7870,PHASE_1_ALIGNING,-44.05,23.26,688.2,383.6,428.86,698,-698
2414,17:45:33.868,ROI,160,160,224,224,9.64,10.38,10.125,0.0,96.36,378.71,84.99,103.12,77.36,0.9335,13.8800,-43.2900,0.0000,0.0000,0.8401,0,-43.2900,-395.2646,-368.5641,0.2642,-389.6840,0.7910,PHASE_2_DRIVING,-43.97,14.29,688.2,383.6,430.06,2000,1500
2415,17:45:33.929,ROI,160,160,224,224,9.96,10.71,7.6,36.5,93.37,377.58,84.62,99.95,78.68,0.9535,13.1800,-47.1100,0.0000,0.0000,0.7847,0,-47.1100,-400.7105,-386.2428,0.2444,-397.8694,0.8036,PHASE_2_DRIVING,-43.91,6.04,688.2,383.6,431.13,1150,2000
2416,17:45:33.995,ROI,160,160,224,224,11.27,12.86,0.0,30.425,77.76,377.36,85.51,93.27,81.00,0.9082,14.5500,-63.0100,0.0000,0.0000,0.8367,0,-63.0100,-408.2865,-405.4043,0.2333,-407.7413,0.8108,PHASE_2_DRIVING,-43.80,-3.94,688.2,383.6,430.67,781,2000
2417,17:45:34.043,ROI,160,160,192,192,8.92,9.64,0.0,0.0,103.75,376.62,85.55,88.97,79.86,0.9404,14.8800,-64.5900,0.0000,0.0000,0.8508,0,-64.5900,-415.0568,-420.7289,0.2098,-416.0404,0.8266,PHASE_2_DRIVING,-43.73,-12.31,688.2,383.6,431.18,744,2000
2418,17:45:34.154,ROI,160,160,192,192,8.96,9.58,3.875,0.0,104.35,378.59,85.94,85.58,82.63,0.9249,14.1100,-69.1500,0.0000,0.0000,0.7934,0,-69.1500,-421.7306,-433.1629,0.1982,-423.6216,0.8346,PHASE_2_DRIVING,-43.87,-19.75,688.2,383.6,429.48,676,2000
2419,17:45:34.218,ROI,160,160,192,192,9.93,10.60,0.0,0.0,94.34,377.94,85.94,85.90,84.91,0.9586,14.3400,-70.8900,0.0000,0.0000,0.8351,0,-70.8900,-428.0986,-442.9350,0.1808,-430.3705,0.8469,PHASE_2_DRIVING,-43.81,-26.56,688.2,383.6,429.95,601,2000
2420,17:45:34.283,ROI,160,160,192,192,9.63,10.38,0.0,0.0,96.35,377.92,85.75,82.32,85.33,0.9538,14.7000,-72.4800,0.0000,0.0000,0.8335,0,-72.4800,-433.5621,-450.2443,0.1607,-435.8723,0.8615,PHASE_2_DRIVING,-43.83,-32.04,688.2,383.6,430.10,598,2000
2421,17:45:34.330,ROI,160,160,192,192,9.84,10.53,0.0,0.0,94.93,377.76,86.09,82.21,85.40,0.9881,14.1900,-73.2900,0.0000,0.0000,0.8232,0,-73.2900,-438.2875,-455.9066,0.1392,-440.4404,0.8778,PHASE_2_DRIVING,-43.78,-36.66,688.2,383.6,429.99,579,2000
2422,17:45:34.394,ROI,160,160,192,192,9.38,10.02,0.0,0.0,99.76,378.49,86.56,82.19,86.93,0.9653,14.7300,-75.3200,0.0000,0.0000,0.8502,0,-75.3200,-442.1618,-457.1290,0.1326,-443.9143,0.8829,PHASE_2_DRIVING,-43.80,-40.11,688.2,383.6,429.13,599,2000
2423,17:45:34.459,ROI,160,160,192,192,9.01,9.76,0.0,40.025,102.42,378.00,86.62,82.48,87.62,0.9804,16.3300,-77.8700,0.0000,0.0000,0.8669,0,-77.8700,-445.6448,-455.3750,0.1306,-446.7686,0.8845,PHASE_2_DRIVING,-43.75,-43.02,688.2,383.6,429.45,587,2000
2424,17:45:34.507,ROI,160,160,192,192,9.37,10.09,0.0,0.0,99.16,377.92,86.87,81.54,87.78,0.9830,16.2200,-78.9700,0.0000,0.0000,0.8443,0,-78.9700,-448.2758,-452.1343,0.1330,-448.7289,0.8826,PHASE_2_DRIVING,-43.72,-45.01,688.2,383.6,429.33,615,2000
2425,17:45:34.635,ROI,160,160,192,192,8.16,8.86,0.0,0.0,112.81,378.48,87.12,80.63,86.81,0.9754,14.6100,-80.2900,0.0000,0.0000,0.8153,0,-80.2900,-450.3281,-450.2327,0.1344,-450.3168,0.8815,PHASE_2_DRIVING,-43.75,-46.57,688.2,383.6,428.75,618,2000
2426,17:45:34.682,ROI,160,160,192,192,9.25,10.05,0.0,0.0,99.53,378.38,87.22,79.92,86.83,0.9890,16.0800,-81.1100,0.0000,0.0000,0.8241,0,-81.1100,-451.6420,-448.7230,0.1298,-451.3067,0.8851,PHASE_2_DRIVING,-43.73,-47.58,688.2,383.6,428.75,638,2000
2427,17:45:34.746,ROI,160,160,192,192,12.79,13.63,0.0,0.0,73.37,378.24,87.34,80.22,87.31,0.9908,15.7400,-82.1300,0.0000,0.0000,0.8179,0,-82.1300,-452.3498,-447.4060,0.1385,-451.7483,0.8783,PHASE_2_DRIVING,-43.71,-48.04,688.2,383.6,428.77,668,2000
2428,17:45:34.794,ROI,160,160,192,192,9.11,10.10,11.525,0.0,98.98,378.49,87.91,81.06,86.52,0.9767,15.8100,-83.6500,0.0000,0.0000,0.7565,0,-83.6500,-452.5020,-445.4889,0.1493,-451.5908,0.8701,PHASE_2_DRIVING,-43.67,-47.92,688.2,383.6,428.19,713,2000
2429,17:45:34.858,ROI,160,160,192,192,9.48,10.16,7.25,0.0,98.43,378.50,88.26,81.05,86.52,0.9917,15.7700,-83.3300,0.0000,0.0000,0.7403,0,-83.3300,-452.2492,-437.2316,0.1674,-450.0960,0.8566,PHASE_2_DRIVING,-43.64,-46.46,688.2,383.6,427.95,845,2000
2430,17:45:34.921,ROI,160,160,192,192,10.63,11.49,0.0,0.0,87.00,378.53,89.24,81.74,87.37,0.9693,15.0000,-83.3600,0.0000,0.0000,0.7798,0,-83.3600,-451.4407,-442.8221,0.2148,-449.9166,0.8232,PHASE_2_DRIVING,-43.55,-46.37,688.2,383.6,427.25,739,2000
2431,17:45:34.969,ROI,160,160,192,192,9.64,10.47,10.75,37.325,95.54,378.82,89.15,82.15,87.22,0.9908,15.2100,-83.6200,0.0000,0.0000,0.7659,0,-83.6200,-450.0768,-445.0344,0.2463,-449.0803,0.8024,PHASE_2_DRIVING,-43.58,-45.50,688.2,383.6,427.11,817,2000
2432,17:45:35.099,ROI,160,160,192,192,9.87,10.71,0.0,0.0,93.36,379.39,90.37,81.52,87.50,0.9590,14.9800,-84.6700,0.0000,0.0000,0.8023,0,-84.6700,-449.1738,-445.4501,0.2851,-448.3477,0.7782,PHASE_2_DRIVING,-43.52,-44.83,688.2,383.6,425.85,814,2000
2433,17:45:35.145,ROI,160,160,192,192,11.61,12.95,0.0,30.175,77.22,379.05,91.43,80.88,86.29,0.9678,14.3800,-82.9400,0.0000,0.0000,0.8125,0,-82.9400,-447.6151,-445.7182,0.3157,-447.1600,0.7601,PHASE_2_DRIVING,-43.38,-43.78,688.2,383.6,425.37,866,2000
2434,17:45:35.210,ROI,160,160,192,192,10.17,10.84,0.0,0.0,92.21,379.60,92.15,81.92,86.68,0.9703,14.7200,-82.1100,0.0000,0.0000,0.7967,0,-82.1100,-447.0247,-445.7647,0.3625,-446.6895,0.7340,PHASE_2_DRIVING,-43.36,-43.33,688.2,383.6,424.47,826,2000
2435,17:45:35.276,ROI,160,160,192,192,10.43,11.21,0.0,0.0,89.22,380.76,93.64,81.56,88.43,0.9399,14.7900,-79.8700,0.0000,0.0000,0.8140,0,-79.8700,-445.8162,-445.9437,0.4224,-445.8541,0.7030,PHASE_2_DRIVING,-43.32,-42.53,688.2,383.6,422.61,871,2000
2436,17:45:35.324,ROI,160,160,192,192,14.57,15.53,10.65,25.15,64.41,381.22,94.66,81.78,89.54,0.9665,15.3000,-81.2400,0.0000,0.0000,0.8138,0,-81.2400,-445.1267,-444.3064,0.5015,-444.8527,0.6660,PHASE_2_DRIVING,-43.27,-41.59,688.2,383.6,421.57,902,2000
2437,17:45:35.387,ROI,160,160,192,192,8.80,9.63,0.0,0.0,103.87,381.97,96.48,82.25,90.30,0.9432,14.8000,-79.3700,0.0000,0.0000,0.8472,0,-79.3700,-444.0357,-442.4919,0.5932,-443.4609,0.6277,PHASE_2_DRIVING,-43.16,-40.31,688.2,383.6,419.78,959,2000
2438,17:45:35.436,ROI,160,160,192,192,10.26,11.18,0.0,34.95,89.48,383.92,99.62,84.77,92.78,0.8921,13.9100,-75.5100,0.0000,0.0000,0.8619,0,-75.5100,-442.1826,-440.0802,0.7218,-441.3012,0.5808,PHASE_2_DRIVING,-43.02,-38.28,688.2,383.6,416.21,1073,2000
2439,17:45:35.562,ROI,160,160,192,192,8.72,9.40,0.0,41.6,106.40,385.20,101.89,84.86,90.37,0.9240,13.8300,-72.4900,0.0000,0.0000,0.8095,0,-72.4900,-439.7481,-437.4010,0.8700,-438.6561,0.5348,PHASE_2_DRIVING,-42.91,-35.74,688.2,383.6,413.73,1185,2000
2440,17:45:35.609,ROI,160,160,192,192,7.98,8.75,0.0,0.0,114.30,386.30,102.34,87.86,90.64,0.9564,16.2000,-70.9900,0.0000,0.0000,0.8422,0,-70.9900,-437.2463,-432.9208,1.0119,-435.0707,0.4970,PHASE_2_DRIVING,-42.97,-32.10,688.2,383.6,412.61,1404,2000
2441,17:45:35.674,ROI,160,160,192,192,10.07,10.84,0.0,36.1,92.29,388.89,104.92,89.53,89.52,0.8923,15.4100,-69.8300,0.0000,0.0000,0.8158,0,-69.8300,-434.8663,-427.4919,1.1762,-430.8805,0.4595,PHASE_2_DRIVING,-42.96,-27.92,688.2,383.6,408.96,1596,2000
2442,17:45:35.738,ROI,160,160,192,192,11.04,11.86,0.0,32.95,84.32,389.43,106.06,88.45,90.76,0.9633,14.6400,-70.2400,0.0000,0.0000,0.8353,0,-70.2400,-432.8335,-422.0778,1.3238,-426.7064,0.4303,PHASE_2_DRIVING,-42.89,-23.82,688.2,383.6,407.79,1725,2000
2443,17:45:35.786,ROI,160,160,192,192,10.96,11.67,0.0,33.5,85.67,389.89,107.42,87.56,90.34,0.9606,15.2800,-70.1200,0.0000,0.0000,0.8227,0,-70.1200,-431.0759,-418.0450,1.4601,-423.3419,0.4065,PHASE_2_DRIVING,-42.79,-20.55,688.2,383.6,406.53,1722,2000
2444,17:45:35.850,ROI,160,160,192,192,13.80,14.40,0.0,0.0,69.47,390.64,108.20,89.92,91.39,0.9573,16.3600,-68.3300,0.0000,0.0000,0.8167,0,-68.3300,-429.2215,-415.3428,1.5682,-420.7469,0.3894,PHASE_2_DRIVING,-42.79,-17.96,688.2,383.6,405.44,1717,2000
2445,17:45:35.915,ROI,160,160,192,192,10.62,11.38,0.0,0.0,87.90,394.45,109.69,95.88,88.61,0.8932,15.5200,-66.7400,0.0000,0.0000,0.8630,0,-66.7400,-427.3792,-414.0789,1.6851,-419.0324,0.3724,PHASE_2_DRIVING,-43.00,-16.03,688.2,383.6,401.64,1693,2000
2446,17:45:35.961,ROI,160,160,192,192,11.66,12.32,0.0,0.0,81.19,397.24,111.23,99.58,90.12,0.9131,15.1100,-66.7300,0.0000,0.0000,0.8059,0,-66.7300,-425.9738,-414.1199,1.8099,-418.3386,0.3559,PHASE_2_DRIVING,-43.11,-15.23,688.2,383.6,398.55,1571,2000
2447,17:45:36.090,ROI,160,160,224,224,8.26,8.92,3.35,0.0,112.14,400.44,116.89,100.42,93.44,0.8319,13.7600,-64.9500,0.0000,0.0000,0.8115,0,-64.9500,-424.4653,-413.5598,1.9947,-417.2014,0.3339,PHASE_2_DRIVING,-42.83,-14.37,688.2,383.6,392.35,1605,2000
2448,17:45:36.139,ROI,160,160,224,224,10.24,11.14,9.725,0.0,89.79,400.87,116.57,99.23,90.80,0.9603,14.7200,-67.2800,0.0000,0.0000,0.7767,0,-67.2800,-423.7595,-412.4674,2.1224,-416.0839,0.3203,PHASE_2_DRIVING,-42.90,-13.18,688.2,383.6,392.25,1690,2000
2449,17:45:36.202,ROI,160,160,224,224,9.18,9.78,0.0,39.95,102.26,403.91,121.26,101.84,95.28,0.8529,14.3800,-66.0100,0.0000,0.0000,0.8112,0,-66.0100,-423.1048,-410.6284,2.2779,-414.4346,0.3051,PHASE_2_DRIVING,-42.70,-11.73,688.2,383.6,386.84,1775,2000
2450,17:45:36.250,ROI,160,160,224,224,9.20,10.25,0.0,0.0,97.53,403.29,120.85,98.57,94.33,0.9583,16.1000,-65.9900,0.0000,0.0000,0.7935,0,-65.9900,-422.8716,-408.5216,2.3631,-412.7885,0.2973,PHASE_2_DRIVING,-42.68,-10.10,688.2,383.6,387.57,1862,2000
2451,17:45:36.313,ROI,160,160,224,224,8.75,9.80,0.0,39.9,102.05,404.32,124.40,97.82,96.25,0.9098,14.3900,-65.7900,0.0000,0.0000,0.8104,0,-65.7900,-422.7329,-406.9759,2.4387,-411.5582,0.2908,PHASE_2_DRIVING,-42.40,-9.16,688.2,383.6,384.42,1796,2000
2452,17:45:36.379,ROI,160,160,224,224,9.20,10.20,0.0,0.0,98.03,405.92,124.10,99.22,93.58,0.9417,16.1600,-62.5300,0.0000,0.0000,0.7984,0,-62.5300,-422.1357,-405.8864,2.4609,-410.5815,0.2889,PHASE_2_DRIVING,-42.59,-7.99,688.2,383.6,383.44,1872,2000
2453,17:45:36.490,ROI,160,160,224,224,9.31,10.01,0.0,39.05,99.89,408.44,128.97,98.98,95.07,0.8591,15.1600,-62.3100,0.0000,0.0000,0.8525,0,-62.3100,-421.5880,-405.3930,2.5283,-409.9831,0.2834,PHASE_2_DRIVING,-42.31,-7.68,688.2,383.6,378.29,1759,2000
2454,17:45:36.553,ROI,160,160,224,224,10.19,10.90,0.0,35.825,91.70,411.05,130.07,98.21,94.09,0.9271,15.1600,-65.0400,0.0000,0.0000,0.8433,0,-65.0400,-422.0594,-404.9437,2.5689,-409.7395,0.2802,PHASE_2_DRIVING,-42.45,-7.29,688.2,383.6,375.62,1783,2000
2455,17:45:36.602,ROI,160,160,224,224,11.30,12.04,10.4,0.0,83.04,411.62,130.46,100.10,94.35,0.9731,15.9400,-64.9900,0.0000,0.0000,0.8261,0,-64.9900,-422.5970,-404.7229,2.5622,-409.7406,0.2807,PHASE_2_DRIVING,-42.47,-7.27,688.2,383.6,374.94,1731,2000
2456,17:45:36.666,ROI,160,160,224,224,12.64,13.40,0.0,0.0,74.62,414.75,132.56,102.44,93.79,0.9001,16.4300,-62.0200,0.0000,0.0000,0.8679,0,-62.0200,-422.3501,-404.6063,2.5980,-409.5379,0.2779,PHASE_2_DRIVING,-42.55,-6.98,688.2,383.6,371.21,1780,2000
2457,17:45:36.730,ROI,160,160,224,224,9.64,10.34,0.0,0.0,96.71,415.99,132.53,101.92,93.81,0.9755,16.2500,-60.2100,0.0000,0.0000,0.8728,0,-60.2100,-421.6339,-404.6215,2.6048,-409.3409,0.2774,PHASE_2_DRIVING,-42.69,-6.65,688.2,383.6,370.32,1797,2000
2458,17:45:36.779,ROI,160,160,224,224,11.43,12.36,0.0,0.0,80.93,416.90,133.30,101.93,93.09,0.9663,16.5900,-59.9100,0.0000,0.0000,0.8757,0,-59.9100,-420.9050,-404.6118,2.5641,-409.1833,0.2806,PHASE_2_DRIVING,-42.69,-6.49,688.2,383.6,369.12,1780,2000
2459,17:45:36.906,ROI,160,160,224,224,9.56,10.32,0.0,0.0,96.86,421.80,135.23,101.56,93.49,0.8732,17.0900,-58.3500,0.0000,0.0000,0.8864,0,-58.3500,-419.9223,-404.3653,2.5893,-408.6995,0.2786,PHASE_2_DRIVING,-42.99,-5.71,688.2,383.6,364.23,1900,2000
2460,17:45:36.954,ROI,160,160,224,224,9.66,10.31,0.0,0.0,96.95,424.07,137.88,102.02,93.65,0.9046,17.0400,-52.5300,0.0000,0.0000,0.9019,0,-52.5300,-417.9953,-404.0452,2.6083,-407.9113,0.2771,PHASE_2_DRIVING,-42.93,-4.98,688.2,383.6,360.75,1919,2000
2461,17:45:37.018,ROI,160,160,224,224,9.86,10.62,0.0,0.0,94.19,425.27,140.49,104.01,93.16,0.9245,15.9000,-54.1200,0.0000,0.0000,0.8330,0,-54.1200,-416.6912,-403.8236,2.6028,-407.3951,0.2776,PHASE_2_DRIVING,-42.76,-4.64,688.2,383.6,358.10,1874,2000
2462,17:45:37.082,ROI,160,160,224,224,11.24,12.19,0.0,32.05,82.00,429.54,142.07,104.23,89.91,0.8905,17.3400,-52.9500,0.0000,0.0000,0.8827,0,-52.9500,-415.2294,-403.5621,2.5922,-406.8100,0.2784,PHASE_2_DRIVING,-43.04,-3.77,688.2,383.6,353.90,1988,2000
2463,17:45:37.130,ROI,160,160,224,224,11.99,12.86,0.0,30.375,77.74,429.88,143.01,104.13,88.79,0.9728,17.2500,-53.5600,0.0000,0.0000,0.8464,0,-53.5600,-413.9856,-403.0356,2.5666,-406.1058,0.2804,PHASE_2_DRIVING,-42.97,-3.14,688.2,383.6,353.01,1976,2000
2464,17:45:37.194,ROI,160,160,224,224,9.22,10.15,0.0,38.5,98.54,433.31,144.62,106.39,87.99,0.9043,16.3600,-54.0700,0.0000,0.0000,0.8420,0,-54.0700,-413.0763,-402.0227,2.5678,-405.1208,0.2803,PHASE_2_DRIVING,-43.15,-1.97,688.2,383.6,349.40,2000,1894
2465,17:45:37.242,ROI,160,160,224,224,9.15,9.85,10.425,39.7,101.57,434.62,145.57,107.62,88.66,0.9553,16.9000,-51.3700,0.0000,0.0000,0.8734,0,-51.3700,-411.6387,-400.8018,2.6178,-403.7973,0.2764,PHASE_2_DRIVING,-43.19,-0.61,688.2,383.6,347.79,2000,1816
2466,17:45:37.371,ROI,160,160,224,224,8.56,9.34,0.0,0.0,107.09,437.89,149.16,107.63,88.07,0.8696,16.6100,-45.0900,0.0000,0.0000,0.8655,0,-45.0900,-409.4128,-399.4157,2.6638,-402.1443,0.2729,PHASE_2_DRIVING,-43.13,0.98,688.2,383.6,342.95,2000,1727
2467,17:45:37.419,ROI,160,160,224,224,10.99,11.77,10.1,0.0,84.94,441.03,151.53,104.71,86.51,0.8937,17.0700,-48.8000,0.0000,0.0000,0.8610,0,-48.8000,-408.1945,-398.0370,2.7810,-400.7235,0.2645,PHASE_2_DRIVING,-43.20,2.47,688.2,383.6,339.04,2000,1689
2468,17:45:37.483,ROI,160,160,224,224,9.61,10.71,0.0,0.0,93.40,441.64,152.30,104.61,87.75,0.9712,16.9800,-48.5400,0.0000,0.0000,0.8920,0,-48.5400,-407.2227,-396.6949,2.8018,-399.4640,0.2630,PHASE_2_DRIVING,-43.17,3.71,688.2,383.6,338.07,2000,1682
2469,17:45:37.547,ROI,160,160,224,224,11.30,12.18,0.0,32.05,82.08,444.07,153.20,104.59,87.72,0.9357,16.7200,-52.3600,0.0000,0.0000,0.8588,0,-52.3600,-407.3167,-395.6111,2.8213,-398.6743,0.2617,PHASE_2_DRIVING,-43.34,4.67,688.2,383.6,335.68,2000,1686
2470,17:45:37.596,ROI,160,160,224,224,8.20,8.84,0.0,0.0,113.06,447.14,155.41,105.35,90.02,0.8987,16.8000,-46.9000,0.0000,0.0000,0.8771,0,-46.9000,-406.1665,-394.6170,2.8279,-397.6342,0.2612,PHASE_2_DRIVING,-43.43,5.79,688.2,383.6,331.94,2000,1626
2471,17:45:37.658,ROI,160,160,224,224,8.16,8.89,0.0,43.95,112.46,448.53,156.40,104.92,88.65,0.9528,16.2300,-46.7300,0.0000,0.0000,0.8763,0,-46.7300,-405.2313,-393.9605,2.8536,-396.8852,0.2595,PHASE_2_DRIVING,-43.47,6.58,688.2,383.6,330.25,2000,1645
2472,17:45:37.722,ROI,160,160,224,224,8.39,9.07,0.0,43.125,110.31,451.09,159.47,102.61,89.18,0.8896,16.5600,-47.3900,0.0000,0.0000,0.8367,0,-47.3900,-405.0078,-393.6117,2.9016,-396.5326,0.2563,PHASE_2_DRIVING,-43.39,6.86,688.2,383.6,326.27,2000,1706
2473,17:45:37.770,ROI,160,160,224,224,10.63,11.33,0.0,0.0,88.28,454.18,160.62,104.61,91.97,0.9142,16.7500,-45.5500,0.0000,0.0000,0.8930,0,-45.5500,-404.7119,-393.5057,2.9161,-396.3673,0.2554,PHASE_2_DRIVING,-43.62,7.25,688.2,383.6,323.24,2000,1676
2474,17:45:37.899,ROI,160,160,224,224,9.32,10.07,0.0,0.0,99.28,458.59,164.73,102.52,92.82,0.8431,17.6100,-52.2600,0.0000,0.0000,0.8363,0,-52.2600,-405.8004,-393.6605,3.0022,-396.6938,0.2499,PHASE_2_DRIVING,-43.63,6.93,688.2,383.6,317.21,2000,1785
2475,17:45:37.947,ROI,160,160,224,224,8.77,9.73,10.4,0.0,102.77,460.18,166.38,101.81,94.28,0.9363,16.4400,-54.2200,0.0000,0.0000,0.8409,0,-54.2200,-407.2601,-394.0229,3.0349,-397.3036,0.2478,PHASE_2_DRIVING,-43.61,6.31,688.2,383.6,314.92,2000,1854
2476,17:45:38.010,ROI,160,160,224,224,9.96,10.63,0.0,0.0,94.05,462.04,166.59,102.28,94.98,0.9572,16.6100,-55.6500,0.0000,0.0000,0.8528,0,-55.6500,-409.0843,-394.4978,3.0043,-398.1405,0.2497,PHASE_2_DRIVING,-43.82,5.68,688.2,383.6,313.43,2000,1878
2477,17:45:38.076,ROI,160,160,224,224,16.50,17.37,0.0,44.975,57.56,465.04,169.15,102.79,97.66,0.8956,15.9200,-56.5300,0.0000,0.0000,0.8251,0,-56.5300,-410.9901,-394.8883,3.0261,-398.8877,0.2484,PHASE_2_DRIVING,-43.86,4.97,688.2,383.6,309.50,2000,1916
2478,17:45:38.123,ROI,160,160,224,224,13.85,14.80,13.15,26.4,67.55,465.90,171.30,102.89,98.52,0.9417,14.8600,-56.9300,0.0000,0.0000,0.8116,0,-56.9300,-412.3629,-395.3519,3.0363,-399.5665,0.2478,PHASE_2_DRIVING,-43.68,4.12,688.2,383.6,307.40,2000,1973
2479,17:45:38.187,ROI,160,160,224,224,15.55,16.53,7.875,47.275,60.49,467.35,172.18,103.12,100.02,0.9553,16.2100,-58.7600,0.0000,0.0000,0.8485,0,-58.7600,-414.2098,-396.0285,3.0156,-400.5562,0.2490,PHASE_2_DRIVING,-43.75,3.19,688.2,383.6,305.74,1981,2000
2480,17:45:38.235,ROI,160,160,224,224,15.67,16.69,0.0,46.825,59.92,470.30,175.56,103.87,99.29,0.8842,15.0900,-56.4300,0.0000,0.0000,0.8094,0,-56.4300,-415.3684,-396.7896,3.0488,-401.3784,0.2470,PHASE_2_DRIVING,-43.67,2.30,688.2,383.6,301.27,1949,2000
2481,17:45:38.363,ROI,160,160,224,224,8.20,8.89,0.0,43.975,112.55,475.15,179.59,104.47,97.72,0.8423,15.2600,-55.5000,0.0000,0.0000,0.8247,0,-55.5000,-416.3434,-397.6039,3.1007,-402.1737,0.2439,PHASE_2_DRIVING,-43.76,1.58,688.2,383.6,294.97,1950,2000
2482,17:45:38.410,ROI,160,160,224,224,10.38,11.02,0.0,35.45,90.72,476.68,181.25,107.66,98.77,0.9384,15.3700,-51.3100,0.0000,0.0000,0.8629,0,-51.3100,-416.4834,-398.2990,3.1441,-402.6871,0.2413,PHASE_2_DRIVING,-43.73,1.04,688.2,383.6,292.72,1956,2000
2483,17:45:38.474,ROI,160,160,224,224,9.59,10.62,0.0,36.8,94.14,478.38,184.74,107.35,97.65,0.9034,14.0500,-54.6400,0.0000,0.0000,0.8278,0,-54.6400,-417.0534,-399.0166,3.1641,-403.3481,0.2401,PHASE_2_DRIVING,-43.46,0.12,688.2,383.6,289.09,1861,2000
2484,17:45:38.539,ROI,160,160,224,224,10.74,11.63,0.0,0.0,86.00,480.02,185.04,107.90,97.93,0.9642,14.1200,-52.4600,0.0000,0.0000,0.8275,0,-52.4600,-416.4220,-399.7047,3.1832,-403.7010,0.2390,PHASE_2_DRIVING,-43.65,-0.06,688.2,383.6,287.69,1970,2000
2485,17:45:38.586,ROI,160,160,224,224,10.77,11.46,21.9,0.0,87.26,483.39,188.50,105.90,96.75,0.8761,13.6100,-55.7700,0.0000,0.0000,0.7991,0,-55.7700,-416.7511,-400.4135,3.2502,-404.2575,0.2353,PHASE_2_DRIVING,-43.61,-0.65,688.2,383.6,282.86,1883,2000
2486,17:45:38.651,ROI,160,160,224,224,10.26,10.90,0.0,0.0,91.77,484.88,188.92,108.49,97.47,0.9642,14.0900,-49.9400,0.0000,0.0000,0.8569,0,-49.9400,-415.7357,-401.0936,3.2450,-404.5429,0.2356,PHASE_2_DRIVING,-43.76,-0.79,688.2,383.6,281.49,1947,2000
2487,17:45:38.714,ROI,160,160,224,224,9.69,10.35,7.5,0.0,96.65,488.58,191.74,107.28,97.24,0.8828,12.8700,-54.4500,0.0000,0.0000,0.7621,0,-54.4500,-416.0433,-401.7066,3.2515,-405.0787,0.2352,PHASE_2_DRIVING,-43.86,-1.21,688.2,383.6,276.88,1886,2000
2488,17:45:38.763,ROI,160,160,224,224,8.77,9.56,20.175,0.0,104.65,490.88,193.18,109.37,97.62,0.9308,12.3000,-51.9700,0.0000,0.0000,0.7747,0,-51.9700,-415.2000,-402.1457,3.2571,-405.2122,0.2349,PHASE_2_DRIVING,-43.98,-1.23,688.2,383.6,274.21,1949,2000
2489,17:45:38.890,ROI,160,160,224,224,8.36,9.13,0.0,42.875,109.58,494.47,196.71,108.64,97.36,0.8729,11.7500,-49.3700,0.0000,0.0000,0.7796,0,-49.3700,-413.7167,-402.5159,3.2649,-405.1422,0.2345,PHASE_2_DRIVING,-43.97,-1.17,688.2,383.6,269.19,1963,2000
2490,17:45:38.939,ROI,160,160,224,224,9.81,10.52,0.0,0.0,95.05,495.74,196.99,107.86,97.19,0.9712,12.1100,-49.3200,0.0000,0.0000,0.7937,0,-49.3200,-412.2501,-402.8460,3.2441,-405.0619,0.2356,PHASE_2_DRIVING,-44.11,-0.95,688.2,383.6,268.07,1998,2000
2491,17:45:39.002,ROI,160,160,224,224,9.52,10.26,0.0,38.1,97.46,500.29,200.96,111.20,97.54,0.8508,12.0900,-46.7100,0.0000,0.0000,0.7454,0,-46.7100,-410.0111,-403.0321,3.2689,-404.6670,0.2343,PHASE_2_DRIVING,-44.19,-0.48,688.2,383.6,262.05,2000,1945
2492,17:45:39.050,ROI,160,160,224,224,8.51,9.18,0.0,42.6,108.90,504.48,203.11,116.10,101.40,0.8902,12.3700,-49.6100,0.0000,0.0000,0.7675,0,-49.6100,-409.0908,-403.0484,3.3657,-404.4325,0.2291,PHASE_2_DRIVING,-44.49,0.06,688.2,383.6,257.55,2000,1913
2493,17:45:39.114,ROI,160,160,256,256,9.99,11.05,0.0,35.35,90.49,504.69,206.25,111.44,100.74,0.9030,12.2300,-52.2700,0.0000,0.0000,0.6904,0,-52.2700,-408.9792,-403.0592,3.4231,-404.3976,0.2261,PHASE_2_DRIVING,-44.02,-0.38,688.2,383.6,255.21,1917,2000
2494,17:45:39.178,ROI,160,160,224,224,8.69,9.46,0.0,41.325,105.68,507.82,208.46,111.85,102.06,0.9060,14.2400,-52.9300,0.0000,0.0000,0.7818,0,-52.9300,-409.1958,-402.9334,3.4543,-404.3393,0.2245,PHASE_2_DRIVING,-44.16,-0.18,688.2,383.6,251.41,2000,1977
2495,17:45:39.291,ROI,160,160,224,224,10.16,10.91,0.0,0.0,91.63,511.02,211.40,110.47,98.92,0.8917,12.9700,-49.8900,0.0000,0.0000,0.8078,0,-49.8900,-408.9357,-402.6252,3.5110,-404.0241,0.2217,PHASE_2_DRIVING,-44.18,0.16,688.2,383.6,247.07,2000,1940
2496,17:45:39.354,ROI,160,160,224,224,12.08,12.75,0.0,0.0,78.43,514.05,214.21,107.67,98.90,0.8951,13.1400,-54.1900,0.0000,0.0000,0.7655,0,-54.1900,-409.7166,-402.2698,3.5515,-403.9059,0.2197,PHASE_2_DRIVING,-44.21,0.30,688.2,383.6,242.94,2000,1965
2497,17:45:39.403,ROI,160,160,224,224,9.77,10.41,0.0,0.0,96.04,515.11,215.16,108.50,99.93,0.9621,14.8700,-50.8300,0.0000,0.0000,0.8692,0,-50.8300,-410.0612,-401.8911,3.5169,-403.6999,0.2214,PHASE_2_DRIVING,-44.22,0.52,688.2,383.6,241.52,2000,1945
2498,17:45:39.467,ROI,160,160,224,224,10.80,11.46,0.0,0.0,87.24,517.74,217.83,108.82,99.13,0.9040,14.0800,-51.0200,0.0000,0.0000,0.8411,0,-51.0200,-410.3250,-401.5302,3.5023,-403.4836,0.2221,PHASE_2_DRIVING,-44.20,0.72,688.2,383.6,237.77,2000,1940
2499,17:45:39.529,ROI,160,160,224,224,17.47,18.19,7.65,0.0,54.98,519.69,218.99,108.71,98.24,0.9428,13.9400,-50.0100,0.0000,0.0000,0.8771,0,-50.0100,-410.3736,-401.1767,3.5194,-403.2117,0.2213,PHASE_2_DRIVING,-44.33,1.12,688.2,383.6,235.57,2000,1894
2500,17:45:39.579,ROI,160,160,224,224,12.02,12.98,0.0,30.1,77.03,521.73,220.28,109.02,98.76,0.9386,14.6700,-49.8400,0.0000,0.0000,0.8685,0,-49.8400,-410.0181,-400.8076,3.4997,-402.8545,0.2222,PHASE_2_DRIVING,-44.45,1.60,688.2,383.6,233.21,2000,1864
2501,17:45:39.690,ROI,160,160,224,224,8.55,9.24,0.0,0.0,108.28,524.64,223.92,110.24,100.77,0.8831,13.1600,-53.5400,0.0000,0.0000,0.7610,0,-53.5400,-410.8158,-400.6303,3.5072,-402.8901,0.2219,PHASE_2_DRIVING,-44.31,1.42,688.2,383.6,228.58,2000,1971
2502,17:45:39.756,ROI,160,160,224,224,10.92,12.09,0.0,32.35,82.75,528.06,227.80,110.25,98.90,0.8714,14.3600,-50.4500,0.0000,0.0000,0.7942,0,-50.4500,-410.7581,-400.6257,3.5079,-402.8733,0.2218,PHASE_2_DRIVING,-44.21,1.34,688.2,383.6,223.42,2000,1960
2503,17:45:39.818,ROI,160,160,224,224,12.80,13.95,0.0,28.025,71.71,529.71,228.44,110.00,100.53,0.9549,15.2700,-56.7800,0.0000,0.0000,0.8050,0,-56.7800,-412.3990,-400.7871,3.4998,-403.3676,0.2222,PHASE_2_DRIVING,-44.39,1.02,688.2,383.6,221.80,1990,2000
2504,17:45:39.867,ROI,160,160,224,224,10.53,11.24,11.35,34.775,88.99,532.86,231.95,109.07,97.89,0.8811,13.9400,-56.2500,0.0000,0.0000,0.7902,0,-56.2500,-413.2660,-401.0968,3.4753,-403.8160,0.2235,PHASE_2_DRIVING,-44.31,0.50,688.2,383.6,217.09,1937,2000
2505,17:45:39.930,ROI,160,160,224,224,8.64,9.68,15.0,0.0,103.34,533.81,232.89,110.03,101.01,0.9527,15.0400,-55.5900,0.0000,0.0000,0.8394,0,-55.5900,-414.3882,-401.4960,3.4320,-404.4049,0.2256,PHASE_2_DRIVING,-44.31,-0.10,688.2,383.6,215.76,1904,2000
2506,17:45:39.994,ROI,160,160,224,224,8.82,9.88,7.15,0.0,101.22,537.31,236.55,113.15,99.18,0.8749,13.0000,-53.7200,0.0000,0.0000,0.8020,0,-53.7200,-414.8322,-401.9437,3.4039,-404.8703,0.2271,PHASE_2_DRIVING,-44.26,-0.61,688.2,383.6,210.69,1897,2000
2507,17:45:40.043,ROI,160,160,256,256,9.97,10.77,0.0,0.0,92.82,539.43,238.86,113.68,100.35,0.9204,15.8100,-51.4100,0.0000,0.0000,0.7961,0,-51.4100,-414.4838,-402.4625,3.3982,-405.1957,0.2274,PHASE_2_DRIVING,-44.21,-0.98,688.2,383.6,207.56,1903,2000
2508,17:45:40.170,ROI,160,160,256,256,8.83,9.54,3.35,0.0,104.80,543.64,242.38,116.40,103.47,0.8691,16.8200,-51.7100,0.0000,0.0000,0.8292,0,-51.7100,-414.1554,-402.9850,3.3833,-405.5334,0.2281,PHASE_2_DRIVING,-44.33,-1.20,688.2,383.6,202.09,1918,2000
2509,17:45:40.218,ROI,160,160,256,256,12.53,13.41,9.975,29.15,74.57,546.22,243.78,115.41,103.18,0.9316,15.7800,-51.1200,4.1200,-49.7800,0.8507,0,-51.1200,-413.3744,-403.4032,3.4000,-405.6694,0.2273,PHASE_2_DRIVING,-44.56,-1.11,688.2,383.6,199.27,1971,2000
2510,17:45:40.283,ROI,160,160,256,256,13.65,14.30,0.0,0.0,69.91,549.31,246.38,113.07,102.19,0.9015,16.4700,-53.5300,2.3900,-49.1300,0.8040,0,-53.5300,-413.3315,-403.5843,3.4466,-405.7764,0.2249,PHASE_2_DRIVING,-44.65,-1.12,688.2,383.6,195.24,1954,2000
2511,17:45:40.347,ROI,160,160,256,256,11.12,11.82,0.0,33.05,84.61,550.82,248.16,115.87,103.73,0.9410,15.2700,-52.8000,0.0000,0.0000,0.7987,0,-52.8000,-413.3659,-403.7715,3.4507,-405.9272,0.2247,PHASE_2_DRIVING,-44.59,-1.33,688.2,383.6,192.91,1915,2000
2512,17:45:40.396,ROI,160,160,256,256,8.30,9.21,0.0,42.45,108.57,554.83,251.06,112.21,102.34,0.8826,15.5800,-51.1600,0.0000,0.0000,0.8029,0,-51.1600,-413.1287,-403.8465,3.4867,-405.9153,0.2229,PHASE_2_DRIVING,-44.82,-1.09,688.2,383.6,188.03,1995,2000
2513,17:45:40.460,ROI,160,160,256,256,8.98,9.73,0.0,40.15,102.81,555.82,251.78,113.63,104.67,0.9607,16.5600,-51.7300,0.0000,0.0000,0.8141,0,-51.7300,-412.7015,-403.8016,3.4985,-405.7800,0.2223,PHASE_2_DRIVING,-44.88,-0.90,688.2,383.6,186.81,1995,2000
2514,17:45:40.506,ROI,160,160,256,256,9.64,10.36,0.0,0.0,96.57,561.10,254.14,114.56,103.15,0.8731,16.9700,-49.3100,0.0000,0.0000,0.8334,0,-49.3100,-412.2244,-403.5706,3.5631,-405.4670,0.2191,PHASE_2_DRIVING,-45.53,0.06,688.2,383.6,181.43,2000,1850
2515,17:45:40.636,ROI,160,160,256,256,11.04,11.77,3.275,0.0,84.97,566.73,260.34,114.42,103.78,0.8080,16.5900,-46.4000,0.0000,0.0000,0.8531,0,-46.4000,-410.8640,-403.2197,3.6749,-404.8549,0.2139,PHASE_2_DRIVING,-45.42,0.56,688.2,383.6,173.06,2000,1899
2516,17:45:40.682,ROI,160,160,256,256,9.03,9.81,11.125,0.0,101.91,567.46,259.70,112.80,103.90,0.9739,15.5200,-45.6100,0.0000,0.0000,0.8592,0,-45.6100,-409.4407,-402.7484,3.7209,-404.1660,0.2118,PHASE_2_DRIVING,-45.74,1.57,688.2,383.6,173.01,2000,1787
2517,17:45:40.747,ROI,160,160,256,256,11.46,12.19,7.175,0.0,82.04,573.56,266.52,117.42,104.83,0.7937,15.5400,-49.6500,0.0000,0.0000,0.8188,0,-49.6500,-408.8270,-402.1975,3.8360,-403.5684,0.2068,PHASE_2_DRIVING,-45.60,2.03,688.2,383.6,163.86,2000,1851
2518,17:45:40.810,ROI,160,160,256,256,11.49,12.22,0.0,0.0,81.84,572.47,264.10,114.22,104.26,0.9292,17.1500,-56.1400,0.0000,0.0000,0.8309,0,-56.1400,-409.5291,-401.4788,3.8080,-403.1531,0.2080,PHASE_2_DRIVING,-45.92,2.77,688.2,383.6,166.36,2000,1785
2519,17:45:40.857,ROI,160,160,256,256,9.74,10.54,0.0,0.0,94.89,575.47,266.67,118.37,107.66,0.9052,16.4600,-53.7800,0.0000,0.0000,0.8298,0,-53.7800,-410.0488,-400.7350,3.8010,-402.6750,0.2083,PHASE_2_DRIVING,-46.05,3.37,688.2,383.6,162.42,2000,1781
2520,17:45:40.923,ROI,160,160,256,256,8.11,8.93,7.125,0.0,112.04,576.74,271.23,117.41,110.46,0.9010,15.9600,-54.0800,0.0000,0.0000,0.7914,0,-54.0800,-410.2823,-400.1720,3.8252,-402.2673,0.2072,PHASE_2_DRIVING,-45.23,2.97,688.2,383.6,158.27,2000,1947
2521,17:45:40.986,ROI,160,160,256,256,11.19,12.38,0.0,31.55,80.79,578.37,271.82,115.94,107.73,0.9486,16.3300,-55.9100,0.0000,0.0000,0.8030,0,-55.9100,-411.5300,-399.7040,3.7763,-402.1800,0.2094,PHASE_2_DRIVING,-45.50,3.32,688.2,383.6,156.71,2000,1818
2522,17:45:41.034,ROI,160,160,256,256,9.27,9.91,0.0,0.0,100.90,580.18,274.12,114.51,105.41,0.9286,16.0800,-54.6700,0.0000,0.0000,0.7999,0,-54.6700,-412.4803,-399.3975,3.7348,-402.1606,0.2112,PHASE_2_DRIVING,-45.38,3.22,688.2,383.6,153.80,2000,1890
2523,17:45:41.162,ROI,160,160,256,256,8.74,9.54,3.3,41.05,104.79,584.58,279.87,114.86,108.70,0.8348,16.9500,-58.5900,0.0000,0.0000,0.8671,0,-58.5900,-414.1873,-399.3279,3.7129,-402.4808,0.2122,PHASE_2_DRIVING,-45.03,2.55,688.2,383.6,146.62,1994,2000
2524,17:45:41.209,ROI,160,160,256,256,10.06,10.81,0.0,36.15,92.54,585.73,279.98,111.66,106.35,0.9511,17.3900,-54.4100,0.0000,0.0000,0.8314,0,-54.4100,-414.7784,-399.4625,3.6643,-402.7461,0.2144,PHASE_2_DRIVING,-45.32,2.57,688.2,383.6,145.73,2000,1896
2525,17:45:41.274,ROI,160,160,224,224,10.09,10.83,0.0,36.1,92.37,589.35,282.91,114.06,107.83,0.8891,19.6600,-53.6300,0.0000,0.0000,0.8794,0,-53.6300,-414.9410,-399.8178,3.6249,-403.0878,0.2162,PHASE_2_DRIVING,-45.53,2.44,688.2,383.6,141.10,2000,1925
2526,17:45:41.322,ROI,160,160,256,256,11.92,12.64,10.4,0.0,79.09,592.30,283.04,116.10,108.19,0.9470,19.3300,-50.3500,0.0000,0.0000,0.8889,0,-50.3500,-414.4267,-400.2428,3.5957,-403.3291,0.2176,PHASE_2_DRIVING,-46.36,3.03,688.2,383.6,138.96,2000,1796
2527,17:45:41.388,ROI,160,160,256,256,11.09,11.92,7.35,0.0,83.93,594.05,286.42,111.18,109.49,0.9013,20.8200,-53.4600,0.0000,0.0000,0.8569,0,-53.4600,-414.5072,-400.7522,3.5542,-403.7725,0.2196,PHASE_2_DRIVING,-45.91,2.13,688.2,383.6,135.31,1943,2000
2528,17:45:41.451,ROI,160,160,224,224,9.95,10.63,7.55,36.75,94.08,596.14,288.35,114.83,112.15,0.9309,18.9600,-51.8200,0.0000,0.0000,0.8802,0,-51.8200,-414.4788,-401.2796,3.5098,-404.2064,0.2217,PHASE_2_DRIVING,-45.98,1.77,688.2,383.6,132.46,2000,1987
2529,17:45:41.498,ROI,160,160,256,256,12.22,12.98,0.0,30.125,77.02,599.20,292.18,109.89,109.81,0.8851,19.5100,-49.3900,0.0000,0.0000,0.8921,0,-49.3900,-413.9019,-401.9614,3.4664,-404.6348,0.2239,PHASE_2_DRIVING,-45.77,1.13,688.2,383.6,127.59,1945,2000
2530,17:45:41.627,ROI,160,160,224,224,10.00,10.70,0.0,36.5,93.41,602.37,295.96,107.98,109.58,0.8821,19.9700,-51.5400,0.0000,0.0000,0.9030,0,-51.5400,-413.6426,-402.7517,3.4708,-405.1877,0.2237,PHASE_2_DRIVING,-45.60,0.41,688.2,383.6,122.66,1903,2000
2531,17:45:41.675,ROI,160,160,224,224,17.05,17.88,0.0,21.875,55.92,607.75,298.18,110.73,106.99,0.8718,19.2100,-48.7000,3.3900,-43.3800,0.9183,0,-48.7000,-412.8588,-403.4992,3.4591,-405.5982,0.2243,PHASE_2_DRIVING,-46.72,1.12,688.2,383.6,117.34,2000,1848
2532,17:45:41.739,ROI,160,160,224,224,13.01,13.83,0.0,28.25,72.33,607.25,299.51,109.10,108.36,0.9615,19.5000,-50.8700,0.0000,0.0000,0.8876,0,-50.8700,-412.3033,-404.1103,3.4199,-405.9640,0.2262,PHASE_2_DRIVING,-46.09,0.13,688.2,383.6,116.72,1852,2000
2533,17:45:41.802,ROI,160,160,224,224,10.77,11.70,0.0,33.475,85.46,611.40,301.84,110.64,106.74,0.8894,19.3600,-49.6400,0.0000,0.0000,0.9044,0,-49.6400,-411.1454,-404.5689,3.4918,-406.0330,0.2226,PHASE_2_DRIVING,-46.79,0.76,688.2,383.6,112.17,2000,1873
2534,17:45:41.850,ROI,160,160,224,224,12.67,13.44,0.0,29.1,74.38,612.46,303.02,109.05,107.67,0.9599,18.9100,-51.1700,2.5100,-42.7200,0.8587,0,-51.1700,-410.1561,-404.8076,3.4672,-406.0049,0.2239,PHASE_2_DRIVING,-46.77,0.77,688.2,383.6,110.59,2000,1968
2535,17:45:41.914,ROI,160,160,224,224,13.21,14.03,0.0,27.85,71.29,615.25,306.22,109.24,108.95,0.8968,18.5500,-52.1700,2.3500,-40.6700,0.8700,0,-52.1700,-409.7227,-404.9227,3.5670,-405.9738,0.2190,PHASE_2_DRIVING,-46.69,0.71,688.2,383.6,106.35,2000,1980
2536,17:45:41.980,ROI,160,160,224,224,8.59,9.37,7.525,0.0,106.74,617.73,308.91,111.80,110.47,0.9111,18.6500,-53.9700,0.0000,0.0000,0.8302,0,-53.9700,-410.3347,-404.8131,3.5641,-406.0229,0.2191,PHASE_2_DRIVING,-46.66,0.64,688.2,383.6,102.69,2000,1986
2537,17:45:42.090,ROI,160,160,224,224,10.19,10.94,3.875,0.0,91.43,623.68,311.30,116.56,108.50,0.8646,17.7600,-52.2500,0.0000,0.0000,0.8739,0,-52.2500,-410.3705,-404.3476,3.6131,-405.6532,0.2168,PHASE_2_DRIVING,-48.25,2.60,688.2,383.6,96.90,2000,1622
2538,17:45:42.154,ROI,160,160,256,256,9.54,10.32,0.0,0.0,96.89,627.02,314.42,118.58,107.44,0.8932,18.9900,-47.0300,0.0000,0.0000,0.9279,0,-47.0300,-409.3981,-403.8077,3.6857,-405.0007,0.2134,PHASE_2_DRIVING,-48.51,3.51,688.2,383.6,92.35,2000,1733
2539,17:45:42.203,ROI,160,160,256,256,8.79,9.60,10.2,0.0,104.18,628.41,316.34,117.20,107.15,0.9428,18.0500,-51.1200,0.0000,0.0000,0.8820,0,-51.1200,-409.5898,-403.1601,3.6936,-404.5300,0.2131,PHASE_2_DRIVING,-48.37,3.84,688.2,383.6,90.00,2000,1804
2540,17:45:42.266,ROI,160,160,256,256,8.90,9.90,0.0,0.0,100.98,632.48,319.89,116.88,107.36,0.8748,17.8100,-46.9900,0.0000,0.0000,0.9377,0,-46.9900,-408.8824,-402.4763,3.7146,-403.8351,0.2121,PHASE_2_DRIVING,-48.83,4.99,688.2,383.6,84.64,2000,1649
2541,17:45:42.331,ROI,160,160,256,256,10.61,11.77,0.0,33.225,84.95,634.43,322.33,119.44,110.96,0.9255,18.2700,-51.2300,0.0000,0.0000,0.9153,0,-51.2300,-409.6132,-401.9312,3.7851,-403.5366,0.2090,PHASE_2_DRIVING,-48.73,5.20,688.2,383.6,81.52,2000,1773
2542,17:45:42.378,ROI,160,160,256,256,8.91,10.01,0.0,39.025,99.91,635.63,324.02,120.06,111.62,0.9511,17.8300,-55.3500,0.0000,0.0000,0.8424,0,-55.3500,-410.8519,-401.5096,3.7743,-403.4664,0.2095,PHASE_2_DRIVING,-48.58,5.11,688.2,383.6,79.46,2000,1817
2543,17:45:42.507,ROI,160,160,256,256,8.91,9.94,0.0,0.0,100.62,640.65,328.03,118.91,111.36,0.8579,17.7700,-52.6700,0.0000,0.0000,0.8861,0,-52.6700,-411.4389,-401.1939,3.8300,-403.3150,0.2070,PHASE_2_DRIVING,-49.44,6.13,688.2,383.6,73.14,2000,1630
2544,17:45:42.555,ROI,160,160,256,256,10.92,11.71,0.0,0.0,85.42,643.42,330.18,119.78,114.88,0.9197,17.0000,-49.8700,0.0000,0.0000,0.9111,0,-49.8700,-411.1052,-400.8106,3.8513,-402.9326,0.2061,PHASE_2_DRIVING,-50.03,7.10,688.2,383.6,69.71,1934,1551
2545,17:45:42.618,ROI,160,160,256,256,10.71,11.63,15.125,0.0,86.02,644.30,330.62,120.62,114.14,0.9780,16.1200,-51.9400,0.0000,0.0000,0.8913,0,-51.9400,-411.5492,-400.4558,3.8154,-402.7595,0.2077,PHASE_2_DRIVING,-50.35,7.59,688.2,383.6,68.80,1884,1556
2546,17:45:42.682,ROI,160,160,256,256,10.17,11.19,0.0,0.0,89.38,648.53,333.31,118.90,114.34,0.8903,16.8400,-54.7600,0.0000,0.0000,0.8660,0,-54.7600,-412.4148,-400.0989,3.7844,-402.6731,0.2090,PHASE_2_DRIVING,-51.73,9.06,688.2,383.6,64.05,1840,1362
2547,17:45:42.731,ROI,160,160,256,256,9.56,10.57,10.225,0.0,94.62,649.12,336.14,118.46,118.18,0.9434,14.0900,-59.7200,0.0000,0.0000,0.8688,0,-59.7200,-413.9740,-399.9421,3.7452,-402.8992,0.2107,PHASE_2_DRIVING,-50.53,7.63,688.2,383.6,61.48,1567,1507
2548,17:45:42.795,ROI,160,160,256,256,8.55,9.50,7.3,0.0,105.24,652.15,340.08,119.65,117.63,0.8903,15.4600,-55.6600,0.0000,0.0000,0.8786,0,-55.6600,-414.7599,-400.0918,3.7504,-403.1795,0.2105,PHASE_2_DRIVING,-50.36,7.19,688.2,383.6,56.51,1489,1337
2549,17:45:42.844,ROI,160,160,256,256,8.76,9.58,10.025,0.0,104.35,653.50,341.81,121.81,120.05,0.9500,15.7400,-55.5700,0.0000,0.0000,0.8466,0,-55.5700,-415.1396,-400.3773,3.7644,-403.4758,0.2099,PHASE_2_DRIVING,-50.30,6.82,688.2,383.6,54.32,1431,1285
2550,17:45:42.971,ROI,160,160,256,256,8.20,9.03,0.0,0.0,110.76,656.34,346.01,123.71,124.32,0.8924,13.7200,-56.2500,0.0000,0.0000,0.8282,0,-56.2500,-415.7790,-400.9117,3.7452,-404.0449,0.2107,PHASE_2_DRIVING,-49.72,5.68,688.2,383.6,49.27,1245,1218
2551,17:45:43.018,ROI,160,160,256,256,8.90,9.78,0.0,40.025,102.23,657.14,346.53,124.16,126.24,0.9724,14.9400,-57.2500,0.0000,0.0000,0.8184,0,-57.2500,-416.3920,-401.5745,3.6942,-404.7310,0.2130,PHASE_2_DRIVING,-50.04,5.31,688.2,383.6,48.37,1256,1163
2552,17:45:43.083,ROI,160,160,256,256,9.52,10.35,0.0,37.8,96.61,658.41,347.74,124.99,124.85,0.9612,14.9400,-56.0700,0.0000,0.0000,0.8259,0,-56.0700,-416.8001,-402.3319,3.5737,-405.4953,0.2186,PHASE_2_DRIVING,-50.28,4.78,688.2,383.6,46.62,1197,1134
2553,17:45:43.146,ROI,160,160,256,256,9.87,10.57,0.0,36.95,94.58,659.58,350.34,127.41,127.63,0.9416,14.6200,-57.5100,0.0000,0.0000,0.7992,0,-57.5100,-417.5280,-403.2959,3.4516,-406.4930,0.2246,PHASE_2_DRIVING,-49.29,2.80,688.2,383.6,43.87,1040,1153
2554,17:45:43.195,ROI,160,160,256,256,8.76,9.58,0.0,40.85,104.40,662.58,355.41,126.50,126.99,0.8824,14.2400,-58.4700,0.0000,0.0000,0.7982,0,-58.4700,-418.5587,-404.5271,3.3749,-407.7344,0.2286,PHASE_2_DRIVING,-47.74,0.01,688.2,383.6,38.09,846,1058
2555,17:45:43.258,ROI,160,160,256,256,8.86,9.74,0.0,40.175,102.62,662.78,354.33,129.98,126.82,0.9570,14.1700,-57.1700,0.0000,0.0000,0.7888,0,-57.1700,-419.0532,-405.6858,3.2685,-408.8175,0.2343,PHASE_2_DRIVING,-49.03,0.22,688.2,383.6,38.77,979,959
2556,17:45:43.321,ROI,160,160,288,288,11.20,12.04,0.0,0.0,83.07,665.04,353.68,134.66,133.52,0.9168,13.4300,-56.0600,0.0000,0.0000,0.7794,0,-56.0600,-418.6543,-406.6746,3.1496,-409.5615,0.2410,PHASE_2_DRIVING,-52.26,2.70,688.2,383.6,37.84,1066,826
2557,17:45:43.370,ROI,160,160,288,288,9.96,10.87,10.525,0.0,92.01,664.66,354.39,135.14,128.09,0.9540,13.7900,-55.9100,0.0000,0.0000,0.8077,0,-55.9100,-418.5206,-407.5723,2.9689,-410.3309,0.2520,PHASE_2_DRIVING,-51.14,0.81,688.2,383.6,37.52,874,1002
2558,17:45:43.482,ROI,160,160,288,288,8.39,9.22,0.0,0.0,108.48,667.80,359.40,140.81,136.22,0.8860,12.6900,-56.9300,0.0000,0.0000,0.8219,0,-56.9300,-418.0529,-408.4196,2.8874,-410.8976,0.2572,PHASE_2_DRIVING,-49.87,-1.03,688.2,383.6,31.65,725,858
2559,17:45:43.546,ROI,160,160,288,288,8.13,8.98,7.15,0.0,111.35,672.98,363.59,136.06,135.02,0.8740,10.9400,-56.2900,0.0000,0.0000,0.8048,0,-56.2900,-417.7508,-409.2049,2.8730,-411.4114,0.2582,PHASE_2_DRIVING,-52.74,1.32,688.2,383.6,25.14,696,561
2560,17:45:43.610,ROI,160,160,288,288,8.12,8.91,0.0,0.0,112.28,677.94,366.94,128.83,127.06,0.8736,12.9600,-54.6900,0.0000,0.0000,0.7870,0,-54.6900,-417.4903,-409.8464,2.8841,-411.8144,0.2575,PHASE_2_DRIVING,-58.37,6.56,688.2,383.6,19.56,624,355
2561,17:45:43.658,ROI,160,160,288,288,11.76,12.80,0.0,30.525,78.12,678.67,367.46,128.84,126.49,0.9807,14.0600,-55.4800,0.0000,0.0000,0.7925,0,-55.4800,-417.1053,-410.2616,2.9103,-412.0117,0.2557,PHASE_2_DRIVING,-59.45,7.44,688.2,383.6,18.74,520,417
2562,17:45:43.723,ROI,160,160,288,288,10.48,11.36,0.0,34.475,88.06,679.46,369.84,131.54,126.09,0.9435,12.7500,-56.0300,0.0000,0.0000,0.7602,0,-56.0300,-416.4724,-410.4347,2.9318,-411.9703,0.2543,PHASE_2_DRIVING,-57.56,5.59,688.2,383.6,16.30,400,415
2563,17:45:43.786,ROI,160,160,288,288,9.71,10.57,0.0,37.0,94.61,680.96,371.52,129.58,123.86,0.9515,14.1900,-56.2300,0.0000,0.0000,0.7925,0,-56.2300,-416.0024,-410.3701,2.9003,-411.8141,0.2564,PHASE_2_DRIVING,-59.07,7.26,688.2,383.6,14.08,401,303
2564,17:45:43.835,ROI,160,160,288,288,11.53,12.35,0.0,31.625,80.96,682.61,374.40,128.38,124.38,0.9311,14.6500,-58.7500,0.0000,0.0000,0.8088,0,-58.7500,-416.2863,-409.9938,2.9075,-411.6041,0.2559,PHASE_2_DRIVING,-58.71,7.11,688.2,383.6,10.76,287,252
2565,17:45:43.962,ROI,160,160,288,288,10.98,11.82,3.4,0.0,84.58,681.96,374.85,128.03,125.06,0.9830,13.9100,-59.5300,0.0000,0.0000,0.8193,0,-59.5300,-417.2109,-409.5413,2.8512,-411.5328,0.2597,PHASE_2_DRIVING,-54.54,3.00,688.2,383.6,10.75,233,305
2566,17:45:44.011,ROI,160,160,288,288,10.82,11.74,0.0,0.0,85.19,683.07,375.10,127.13,122.26,0.9609,13.8200,-58.1900,0.0000,0.0000,0.8050,0,-58.1900,-417.4135,-409.0452,2.8039,-411.2452,0.2629,PHASE_3_FINAL_ALIGNING,-125.74,74.49,688.2,383.6,9.93,1490,-1490
2567,17:45:44.074,ROI,160,160,256,256,11.48,12.24,0.0,0.0,81.72,683.91,376.46,126.61,124.22,0.9655,13.4800,-56.6800,0.0000,0.0000,0.7746,0,-56.6800,-417.2526,-408.4974,2.7305,-410.8443,0.2681,PHASE_3_FINAL_ALIGNING,-125.74,74.90,688.2,383.6,8.33,1498,-1498
2568,17:45:44.123,ROI,160,160,256,256,11.19,11.97,0.0,32.65,83.57,683.77,376.90,125.49,123.63,0.9842,14.4700,-56.0900,0.0000,0.0000,0.7927,0,-56.0900,-417.0270,-408.0659,2.6641,-410.5115,0.2729,PHASE_3_FINAL_ALIGNING,-125.74,75.23,688.2,383.6,8.04,1505,-1505
2569,17:45:44.186,ROI,160,160,256,256,10.83,11.62,0.0,0.0,86.08,684.42,377.84,125.17,123.36,0.9746,13.5100,-58.4300,0.0000,0.0000,0.7834,0,-58.4300,-417.3943,-407.7098,2.5506,-410.4374,0.2816,PHASE_3_FINAL_ALIGNING,-125.74,75.30,688.2,383.6,6.89,1506,-1506
2570,17:45:44.251,ROI,160,160,256,256,9.12,9.93,0.0,0.0,100.66,684.88,377.13,125.15,123.28,0.9814,14.6000,-56.4900,0.0000,0.0000,0.7949,0,-56.4900,-417.2127,-407.3564,2.3821,-410.2707,0.2957,PHASE_3_FINAL_ALIGNING,-125.74,75.47,688.2,383.6,7.27,1509,-1509
2571,17:45:44.298,ROI,160,160,256,256,8.34,9.13,0.0,0.0,109.51,685.15,377.85,125.09,124.19,0.9842,14.4800,-56.3900,0.0000,0.0000,0.7904,0,-56.3900,-417.1633,-407.1856,2.1977,-410.3059,0.3127,PHASE_3_FINAL_ALIGNING,-125.74,75.43,688.2,383.6,6.51,1509,-1509
2572,17:45:44.426,ROI,160,160,256,256,10.12,11.03,0.0,35.475,90.69,686.15,379.56,125.68,125.84,0.9578,14.4000,-60.3300,0.0000,0.0000,0.8247,0,-60.3300,-418.0467,-407.4602,2.0838,-410.8932,0.3243,PHASE_3_FINAL_ALIGNING,-125.74,74.85,688.2,383.6,4.53,1497,-1497
2573,17:45:44.475,ROI,160,160,256,256,8.45,9.31,0.0,0.0,107.40,687.78,379.88,124.32,127.60,0.9612,14.8900,-59.9400,0.0000,0.0000,0.8241,0,-59.9400,-418.6731,-407.9257,1.9104,-411.6185,0.3436,PHASE_3_FINAL_ALIGNING,-125.74,74.12,688.2,383.6,3.74,1482,-1482
2574,17:45:44.538,ROI,160,160,256,256,11.25,12.29,0.0,31.85,81.39,688.02,379.96,123.07,127.04,0.9856,14.7800,-59.8900,0.0000,0.0000,0.8312,0,-59.8900,-419.1174,-408.2621,1.6862,-412.3032,0.3723,PHASE_3_FINAL_ALIGNING,-125.74,73.44,688.2,383.6,3.64,1469,-1469
2575,17:45:44.603,ROI,160,160,256,256,11.07,11.92,7.4,0.0,83.90,688.64,380.12,120.69,126.82,0.9782,14.4700,-61.9400,0.0000,0.0000,0.8263,0,-61.9400,-419.8974,-408.5699,1.4049,-413.2802,0.4158,PHASE_3_FINAL_ALIGNING,-125.74,72.46,688.2,383.6,3.51,1449,-1449
2576,17:45:44.650,ROI,160,160,256,256,9.97,10.84,0.0,0.0,92.24,689.34,380.58,120.22,128.72,0.9739,14.9200,-62.7900,0.0000,0.0000,0.8326,0,-62.7900,-420.8589,-409.0213,1.1799,-414.4516,0.4587,PHASE_3_FINAL_ALIGNING,-125.74,71.29,688.2,383.6,3.23,1426,-1426
2577,17:45:44.713,ROI,160,160,288,288,11.58,12.48,0.0,0.0,80.15,688.60,382.23,115.02,131.81,0.9337,12.5300,-66.6900,0.0000,0.0000,0.8277,0,-66.6900,-422.4447,-409.7287,1.0353,-415.9766,0.4913,PHASE_3_FINAL_ALIGNING,-125.74,69.76,688.2,383.6,1.43,1395,-1395
2578,17:45:44.763,ROI,160,160,288,288,11.68,12.63,10.35,0.0,79.19,687.59,381.60,113.62,132.16,0.9731,14.1900,-70.6500,0.0000,0.0000,0.8449,0,-70.6500,-424.4809,-410.3638,0.9331,-417.6666,0.5173,PHASE_3_FINAL_ALIGNING,-125.74,68.07,688.2,383.6,2.09,1361,-1361
2579,17:45:44.891,ROI,160,160,288,288,8.38,9.32,0.0,0.0,107.34,687.61,380.68,110.20,128.81,0.9453,13.2100,-73.8400,0.0000,0.0000,0.8644,0,-73.8400,-426.9777,-410.6024,0.7997,-419.7013,0.5556,PHASE_3_FINAL_ALIGNING,-125.74,66.04,688.2,383.6,2.98,1321,-1321
2580,17:45:44.938,ROI,160,160,288,288,8.68,9.42,0.0,0.0,106.20,687.81,380.92,104.67,131.49,0.9314,11.7300,-75.9600,0.0000,0.0000,0.8513,0,-75.9600,-429.6475,-410.6314,0.6850,-421.9169,0.5935,PHASE_3_FINAL_ALIGNING,-125.74,63.82,688.2,383.6,2.71,1276,-1276
2581,17:45:45.002,ROI,160,160,288,288,9.24,10.04,0.0,38.95,99.58,688.58,379.84,98.91,127.12,0.9135,12.6600,-80.9000,0.0000,0.0000,0.8502,0,-80.9000,-433.0009,-409.8761,0.5817,-424.4963,0.6322,PHASE_3_FINAL_ALIGNING,-125.74,61.24,688.2,383.6,3.78,1225,-1225
2582,17:45:45.067,ROI,160,160,256,256,9.36,10.43,0.0,37.5,95.84,689.52,378.81,99.71,125.14,0.9656,11.7600,-79.6100,0.0000,0.0000,0.8546,0,-79.6100,-435.9375,-407.9370,0.5205,-426.3525,0.6577,PHASE_3_FINAL_ALIGNING,-125.74,59.39,688.2,383.6,4.97,1188,-1188
2583,17:45:45.114,ROI,160,160,256,256,8.64,9.66,0.0,40.425,103.52,686.66,380.27,94.74,126.50,0.9221,16.2300,-88.2200,0.0000,0.0000,0.9011,0,-88.2200,-440.3571,-406.4627,0.4192,-430.3447,0.7046,PHASE_3_FINAL_ALIGNING,-125.74,55.40,688.2,383.6,3.67,1108,-1108
2584,17:45:45.178,ROI,160,160,256,256,10.73,11.56,0.0,33.75,86.47,685.84,383.25,98.94,131.15,0.9144,15.4100,-89.8000,0.0000,0.0000,0.9315,0,-89.8000,-444.4479,-406.7857,0.3506,-434.6716,0.7404,PHASE_3_FINAL_ALIGNING,-125.74,51.07,688.2,383.6,2.39,1021,-1021
2585,17:45:45.291,ROI,160,160,288,288,8.15,8.95,0.0,0.0,111.68,684.39,381.42,100.42,131.20,0.9449,14.4200,-93.0800,0.0000,0.0000,0.9177,0,-93.0800,-448.4877,-409.6296,0.2663,-440.3164,0.7897,PHASE_3_FINAL_ALIGNING,-125.74,45.42,688.2,383.6,4.39,908,-908
2586,17:45:45.355,ROI,160,160,288,288,9.31,10.16,0.0,0.0,98.43,684.97,381.77,98.53,127.49,0.9535,13.0000,-96.7700,0.0000,0.0000,0.8902,0,-96.7700,-452.5785,-416.3879,0.2105,-446.2839,0.8261,PHASE_3_FINAL_ALIGNING,-125.74,39.46,688.2,383.6,3.71,789,-789
2587,17:45:45.401,ROI,160,160,256,256,9.51,10.37,0.0,0.0,96.46,685.31,383.08,95.74,127.60,0.9523,14.7600,-98.9600,0.0000,0.0000,0.9017,0,-98.9600,-456.6640,-426.9314,0.2195,-451.3118,0.8200,PHASE_3_FINAL_ALIGNING,-125.74,34.43,688.2,383.6,2.93,689,-689
2588,17:45:45.466,ROI,160,160,256,256,8.68,9.77,0.0,0.0,102.40,686.06,384.26,98.58,128.69,0.9536,15.1700,-101.2100,0.0000,0.0000,0.8659,0,-101.2100,-460.2833,-439.3270,0.2413,-456.2101,0.8056,PHASE_3_FINAL_ALIGNING,-125.74,29.53,688.2,383.6,2.24,591,-591
2589,17:45:45.532,ROI,160,160,288,288,9.06,10.14,0.0,0.0,98.63,685.57,384.56,102.37,130.90,0.9467,14.7400,-101.9800,0.0000,0.0000,0.9002,0,-101.9800,-463.2646,-452.8745,0.2817,-460.9811,0.7802,PHASE_3_FINAL_ALIGNING,-125.74,24.76,688.2,383.6,2.80,495,-495
2590,17:45:45.580,ROI,160,160,288,288,9.70,10.55,0.0,37.025,94.77,685.25,383.62,101.47,130.18,0.9771,14.1800,-102.9200,0.0000,0.0000,0.8896,0,-102.9200,-466.0763,-466.4392,0.3230,-466.1649,0.7559,PHASE_3_FINAL_ALIGNING,-125.74,19.58,688.2,383.6,2.95,391,-391
2591,17:45:45.706,ROI,160,160,288,288,8.37,9.16,0.0,42.775,109.23,684.01,382.69,105.98,131.18,0.9440,16.6300,-108.8600,0.0000,0.0000,0.8973,0,-108.8600,-469.3132,-479.7820,0.3465,-472.0070,0.7427,PHASE_3_FINAL_ALIGNING,-125.74,13.73,688.2,383.6,4.29,275,-275
2592,17:45:45.754,ROI,160,160,288,288,9.69,10.60,0.0,36.875,94.38,682.88,383.28,111.92,131.76,0.9387,17.0300,-112.7300,0.0000,0.0000,0.8885,0,-112.7300,-472.4784,-492.4862,0.3824,-478.0131,0.7234,PHASE_3_FINAL_ALIGNING,-125.74,7.73,688.2,383.6,5.33,154,-154
2593,17:45:45.819,ROI,160,160,288,288,11.07,11.88,7.15,0.0,84.17,682.81,382.10,108.36,128.75,0.9461,15.9400,-112.7700,0.0000,0.0000,0.8626,0,-112.7700,-474.9525,-504.6283,0.3903,-483.2832,0.7193,PHASE_3_FINAL_ALIGNING,-125.74,2.46,688.2,383.6,5.59,49,-49
2594,17:45:45.883,ROI,160,160,288,288,11.32,12.25,7.475,0.0,81.66,683.35,381.93,111.51,128.88,0.9692,16.8600,-115.2800,0.0000,0.0000,0.8969,0,-115.2800,-477.1431,-515.6476,0.3701,-487.5451,0.7298,PHASE_3_FINAL_ALIGNING,-125.74,-1.81,688.2,383.6,5.13,-36,36
2595,17:45:45.931,ROI,160,160,288,288,8.64,9.47,0.0,0.0,105.63,683.38,381.45,111.89,128.45,0.9893,17.0500,-115.7400,0.0000,0.0000,0.8878,0,-115.7400,-478.9403,-525.0232,0.3609,-491.1623,0.7348,PHASE_3_FINAL_ALIGNING,-125.74,-5.42,688.2,383.6,5.28,-108,108
2596,17:45:45.995,ROI,160,160,288,288,8.12,8.94,0.0,0.0,111.82,683.25,381.13,113.15,127.69,0.9831,17.1100,-117.6200,0.0000,0.0000,0.8988,0,-117.6200,-480.7018,-533.2742,0.3560,-494.5052,0.7374,PHASE_3_FINAL_ALIGNING,-125.74,-8.77,688.2,383.6,5.53,-175,175
2597,17:45:46.058,ROI,160,160,256,256,8.43,9.26,0.0,0.0,107.94,683.37,381.14,111.44,125.14,0.9652,17.7700,-118.9300,0.0000,0.0000,0.9269,0,-118.9300,-482.2618,-540.6445,0.3368,-496.9697,0.7481,PHASE_3_FINAL_ALIGNING,-125.74,-11.23,688.2,383.6,5.42,-225,225
2598,17:45:46.106,ROI,160,160,256,256,8.40,9.12,0.0,0.0,109.66,683.27,380.76,113.71,124.80,0.9741,18.2700,-120.3100,0.0000,0.0000,0.9125,0,-120.3100,-483.5487,-547.2642,0.3100,-498.6258,0.7634,PHASE_3_FINAL_ALIGNING,-125.74,-12.89,688.2,383.6,5.69,-258,258
2599,17:45:46.218,ROI,160,160,256,256,8.73,9.65,0.0,40.55,103.66,682.47,379.81,111.94,123.20,0.9694,18.3200,-120.5300,0.0000,0.0000,0.9286,0,-120.5300,-484.6515,-554.4997,0.2796,-499.9134,0.7815,PHASE_3_FINAL_ALIGNING,-125.74,-14.17,688.2,383.6,6.87,-283,283
2600,17:45:46.283,ROI,160,160,256,256,9.92,10.77,0.0,0.0,92.81,683.44,380.44,113.46,125.02,0.9687,18.7000,-119.5600,0.0000,0.0000,0.9395,0,-119.5600,-484.7172,-563.6365,0.2349,-499.7309,0.8098,PHASE_3_FINAL_ALIGNING,-125.74,-13.99,688.2,383.6,5.71,-280,280
2601,17:45:46.347,ROI,160,160,256,256,10.36,11.26,7.275,34.75,88.81,682.41,379.82,112.14,123.42,0.9693,18.3200,-120.5000,0.0000,0.0000,0.9276,0,-120.5000,-485.2311,-536.2394,0.2699,-496.0722,0.7875,PHASE_3_FINAL_ALIGNING,-125.74,-10.33,688.2,383.6,6.91,-207,207
2602,17:45:46.395,ROI,160,160,256,256,11.48,12.47,0.0,0.0,80.21,682.83,380.63,110.54,124.58,0.9731,17.4800,-118.7300,0.0000,0.0000,0.9386,0,-118.7300,-484.9919,-510.2120,0.2600,-490.1952,0.7937,PHASE_3_FINAL_ALIGNING,-125.74,-4.46,688.2,383.6,6.13,-89,89
2603,17:45:46.460,ROI,160,160,256,256,9.64,10.70,7.475,0.0,93.46,683.04,380.94,108.85,126.10,0.9730,18.1600,-118.6900,0.0000,0.0000,0.9426,0,-118.6900,-484.6014,-486.1934,0.2818,-484.9514,0.7802,PHASE_3_FINAL_ALIGNING,-125.74,0.79,688.2,383.6,5.80,16,-16
2604,17:45:46.521,ROI,160,160,256,256,11.19,12.14,0.0,32.175,82.35,682.90,381.50,107.54,126.26,0.9793,17.3700,-118.2500,0.0000,0.0000,0.9448,0,-118.2500,-484.0816,-465.0914,0.2828,-479.8948,0.7795,PHASE_3_FINAL_ALIGNING,-125.74,5.85,688.2,383.6,5.70,117,-117
2605,17:45:46.571,ROI,160,160,256,256,10.02,10.87,0.0,0.0,92.02,683.30,381.16,105.94,125.01,0.9754,16.8700,-116.9900,0.0000,0.0000,0.9435,0,-116.9900,-483.1704,-447.5168,0.2578,-475.8626,0.7950,PHASE_3_FINAL_ALIGNING,-125.74,9.88,688.2,383.6,5.48,198,-198
2606,17:45:46.699,ROI,160,160,256,256,9.45,10.42,3.325,0.0,95.94,683.14,382.54,105.49,125.58,0.9742,17.2600,-114.7600,0.0000,0.0000,0.9175,0,-114.7600,-481.7364,-432.4451,0.1813,-474.1731,0.8466,PHASE_3_FINAL_ALIGNING,-125.74,11.57,688.2,383.6,5.17,231,-231
2607,17:45:46.747,ROI,160,160,256,256,8.83,9.77,10.525,0.0,102.35,682.49,382.85,103.95,125.62,0.9806,17.3900,-113.8800,0.0000,0.0000,0.8990,0,-113.8800,-479.9701,-417.6590,0.1015,-474.2299,0.9079,PHASE_3_FINAL_ALIGNING,-125.74,11.51,688.2,383.6,5.76,230,-230
2608,17:45:46.811,ROI,160,160,256,256,12.71,13.77,0.0,28.35,72.61,683.41,381.82,102.86,124.67,0.9665,16.9000,-115.6000,0.0000,0.0000,0.9258,0,-115.6000,-478.4516,-405.8330,0.0383,-475.7722,0.9631,PHASE_3_FINAL_ALIGNING,-125.74,9.97,688.2,383.6,5.11,199,-199
2609,17:45:46.875,ROI,160,160,256,256,12.93,13.80,0.0,0.0,72.44,683.51,382.50,103.70,124.82,0.9813,17.3100,-114.0700,0.0000,0.0000,0.9078,0,-114.0700,-477.0574,-401.9369,0.0128,-476.1114,0.9874,PHASE_3_FINAL_ALIGNING,-125.74,9.63,688.2,383.6,4.81,193,-193
2610,17:45:46.923,ROI,160,160,256,256,8.90,9.74,0.0,40.15,102.62,682.66,383.14,104.53,126.35,0.9719,17.4700,-113.6700,0.0000,0.0000,0.9012,0,-113.6700,-475.9200,-402.7726,0.0791,-470.5573,0.9267,PHASE_3_FINAL_ALIGNING,-125.74,15.18,688.2,383.6,5.56,304,-304
2611,17:45:46.986,ROI,160,160,256,256,12.43,13.39,0.0,29.225,74.70,683.23,381.90,104.30,123.28,0.9652,16.5300,-114.9700,0.0000,0.0000,0.8933,0,-114.9700,-475.0366,-405.0483,0.1006,-468.6369,0.9086,PHASE_3_FINAL_ALIGNING,-125.74,17.10,688.2,383.6,5.25,342,-342
2612,17:45:47.051,ROI,160,160,256,256,10.28,11.09,0.0,35.225,90.17,683.08,382.12,108.14,125.92,0.9443,17.4700,-116.1800,0.0000,0.0000,0.9352,0,-116.1800,-474.6412,-407.9234,0.1226,-467.3528,0.8908,PHASE_3_FINAL_ALIGNING,-125.74,18.39,688.2,383.6,5.33,368,-368
2613,17:45:47.097,ROI,160,160,256,256,11.72,12.74,0.0,30.725,78.49,681.91,383.01,108.08,126.03,0.9651,17.4100,-115.1200,0.0000,0.0000,0.9166,0,-115.1200,-474.0641,-412.9327,0.1520,-465.9970,0.8680,PHASE_3_FINAL_ALIGNING,-125.74,19.74,688.2,383.6,6.32,395,-395
2614,17:45:47.212,ROI,160,160,256,256,23.39,24.34,3.85,16.05,41.09,683.24,381.43,107.46,125.30,0.9518,17.0800,-116.4100,0.0000,0.0000,0.9071,0,-116.4100,-473.9708,-418.6531,0.1421,-467.0865,0.8756,PHASE_3_FINAL_ALIGNING,-125.74,18.65,688.2,383.6,5.41,373,-373
2615,17:45:47.276,ROI,160,160,256,256,22.00,23.04,29.525,0.0,43.41,683.48,380.81,112.62,124.77,0.9449,18.1700,-120.0000,0.0000,0.0000,0.9200,0,-120.0000,-474.7791,-424.7276,0.1218,-469.3455,0.8914,PHASE_3_FINAL_ALIGNING,-125.74,16.39,688.2,383.6,5.48,328,-328
2616,17:45:47.339,ROI,160,160,256,256,27.25,28.23,28.975,13.85,35.42,682.25,379.73,111.89,122.70,0.9615,18.2700,-120.9400,0.0000,0.0000,0.9228,0,-120.9400,-475.9144,-433.6869,0.0756,-472.9449,0.9297,PHASE_3_FINAL_ALIGNING,-125.74,12.80,688.2,383.6,7.10,256,-256
2617,17:45:47.387,ROI,160,160,256,256,16.68,17.65,0.0,22.125,56.66,683.36,380.07,117.42,124.64,0.9381,19.3000,-121.0700,0.0000,0.0000,0.9261,0,-121.0700,-477.0896,-447.1909,0.0193,-476.5227,0.9810,PHASE_3_FINAL_ALIGNING,-125.74,9.22,688.2,383.6,5.99,184,-184
2618,17:45:47.451,ROI,160,160,256,256,10.35,11.12,8.5,0.0,89.94,681.34,381.36,120.88,124.99,0.9471,18.7700,-123.8500,0.0000,0.0000,0.9075,0,-123.8500,-478.7167,-483.3190,0.0227,-478.8188,0.9778,PHASE_3_FINAL_ALIGNING,-125.74,6.92,688.2,383.6,7.22,138,-138
2619,17:45:47.514,ROI,160,160,256,256,10.23,11.17,0.0,0.0,89.51,681.54,381.99,122.96,124.27,0.9733,19.4400,-123.3100,0.0000,0.0000,0.9001,0,-123.3100,-480.2623,-505.5956,0.0613,-481.7264,0.9422,PHASE_3_FINAL_ALIGNING,-125.74,4.01,688.2,383.6,6.85,80,-80
2620,17:45:47.563,ROI,160,160,256,256,10.08,11.27,0.0,0.0,88.72,681.02,382.22,123.38,123.79,0.9877,19.2800,-123.3900,0.0000,0.0000,0.8978,0,-123.3900,-481.5784,-524.6440,0.0938,-485.2714,0.9142,PHASE_3_FINAL_ALIGNING,-125.74,0.47,688.2,383.6,7.32,9,-9
2621,17:45:47.691,ROI,160,160,256,256,12.25,13.32,0.0,29.375,75.09,680.90,382.22,126.75,121.47,0.9556,19.4700,-127.0300,0.0000,0.0000,0.8622,0,-127.0300,-483.5533,-540.9127,0.1199,-489.6929,0.8930,PHASE_3_FINAL_ALIGNING,-125.74,-3.95,688.2,383.6,7.42,-79,79
2622,17:45:47.738,ROI,160,160,256,256,14.71,15.66,11.7,49.9,63.86,682.37,383.44,125.95,124.56,0.9532,19.2200,-125.4300,0.0000,0.0000,0.8659,0,-125.4300,-485.0056,-552.6350,0.1115,-491.7908,0.8997,PHASE_3_FINAL_ALIGNING,-125.74,-6.05,688.2,383.6,5.83,-121,121
2623,17:45:47.802,ROI,160,160,256,256,16.32,17.26,0.0,22.625,57.93,679.95,383.74,127.90,123.01,0.9510,18.8400,-126.9700,0.0000,0.0000,0.8932,0,-126.9700,-486.5070,-560.3945,0.1412,-495.6489,0.8763,PHASE_3_FINAL_ALIGNING,-125.74,-9.91,688.2,383.6,8.25,-198,198
2624,17:45:47.866,ROI,160,160,256,256,15.36,16.16,8.4,24.175,61.88,682.95,383.22,125.10,123.49,0.9460,19.1800,-125.2100,0.0000,0.0000,0.8667,0,-125.2100,-487.2254,-563.1279,0.1192,-495.3120,0.8935,PHASE_3_FINAL_ALIGNING,-125.74,-9.57,688.2,383.6,5.26,-191,191
2625,17:45:47.915,ROI,160,160,256,256,19.15,20.55,11.875,0.0,48.67,679.90,383.67,128.37,123.01,0.9463,18.6600,-127.3300,0.0000,0.0000,0.8936,0,-127.3300,-488.0965,-560.6261,0.1719,-498.7338,0.8533,PHASE_3_FINAL_ALIGNING,-125.74,-12.99,688.2,383.6,8.30,-260,260
2626,17:45:47.980,ROI,160,160,288,288,19.55,20.55,8.85,19.0,48.66,680.67,380.26,126.83,119.12,0.9340,19.1900,-124.3900,0.0000,0.0000,0.8542,0,-124.3900,-488.3211,-559.3743,0.1643,-498.3455,0.8589,PHASE_3_FINAL_ALIGNING,-125.74,-12.61,688.2,383.6,8.23,-252,252
2627,17:45:48.091,ROI,160,160,256,256,11.29,12.75,0.0,0.0,78.45,680.86,383.04,131.87,125.12,0.9157,19.8400,-126.2600,0.0000,0.0000,0.8883,0,-126.2600,-488.6042,-557.2867,0.1647,-498.3152,0.8586,PHASE_3_FINAL_ALIGNING,-125.74,-12.58,688.2,383.6,7.36,-252,252
2628,17:45:48.154,ROI,160,160,288,288,11.53,12.67,7.725,0.0,78.91,680.63,380.68,126.18,122.62,0.9214,19.0300,-124.8500,0.0000,0.0000,0.8391,0,-124.8500,-488.3404,-555.9519,0.1714,-498.2322,0.8537,PHASE_3_FINAL_ALIGNING,-125.74,-12.49,688.2,383.6,8.11,-250,250
2629,17:45:48.203,ROI,160,160,256,256,14.12,15.22,0.0,0.0,65.72,681.30,383.18,130.10,126.35,0.9318,19.7300,-125.7800,0.0000,0.0000,0.8982,0,-125.7800,-488.2153,-551.5618,0.1622,-497.0575,0.8604,PHASE_3_FINAL_ALIGNING,-125.74,-11.32,688.2,383.6,6.92,-226,226
2630,17:45:48.266,ROI,160,160,288,288,13.61,14.31,0.0,27.3,69.89,680.50,381.04,120.40,122.78,0.8943,18.3200,-122.9000,0.0000,0.0000,0.8744,0,-122.9000,-487.4454,-546.6162,0.1508,-495.1993,0.8690,PHASE_3_FINAL_ALIGNING,-125.74,-9.46,688.2,383.6,8.12,-189,189
2631,17:45:48.329,ROI,160,160,256,256,14.08,15.13,0.0,0.0,66.10,681.46,383.14,125.71,125.98,0.9260,19.3900,-124.3800,0.0000,0.0000,0.8993,0,-124.3800,-486.7429,-538.2385,0.1676,-494.1337,0.8565,PHASE_3_FINAL_ALIGNING,-125.74,-8.39,688.2,383.6,6.76,-168,168
2632,17:45:48.378,ROI,160,160,256,256,16.19,17.33,0.0,0.0,57.71,681.99,382.70,120.88,122.26,0.9331,19.3300,-124.2100,0.0000,0.0000,0.8834,0,-124.2100,-485.9864,-526.3906,0.1388,-490.9121,0.8781,PHASE_3_FINAL_ALIGNING,-125.74,-5.17,688.2,383.6,6.27,-103,103
2633,17:45:48.506,ROI,160,160,256,256,13.08,14.13,3.525,0.0,70.76,682.38,381.33,120.72,122.64,0.9718,19.8100,-123.4900,0.0000,0.0000,0.9063,0,-123.4900,-485.3446,-510.4792,0.0769,-487.1394,0.9286,PHASE_3_FINAL_ALIGNING,-125.74,-1.40,688.2,383.6,6.25,-28,28
2634,17:45:48.554,ROI,160,160,256,256,13.05,14.36,0.0,27.225,69.65,681.76,381.50,119.58,124.40,0.9759,19.2600,-122.4700,0.0000,0.0000,0.9137,0,-122.4700,-484.5372,-499.0064,0.0188,-484.8040,0.9816,PHASE_3_FINAL_ALIGNING,-125.74,0.94,688.2,383.6,6.77,19,-19
2635,17:45:48.618,ROI,160,160,256,256,10.65,11.47,15.85,0.0,87.16,681.64,380.94,120.05,123.38,0.9872,19.3900,-121.4600,0.0000,0.0000,0.9132,0,-121.4600,-483.5107,-482.9507,0.0581,-483.4800,0.9451,PHASE_3_FINAL_ALIGNING,-125.74,2.26,688.2,383.6,7.08,45,-45
2636,17:45:48.683,ROI,160,160,256,256,14.55,15.47,7.25,0.0,64.65,682.70,381.17,117.86,124.18,0.9755,19.2200,-121.8700,0.0000,0.0000,0.9247,0,-121.8700,-482.8702,-477.0761,0.1011,-482.3383,0.9082,PHASE_3_FINAL_ALIGNING,-125.74,3.40,688.2,383.6,6.02,68,-68
2637,17:45:48.731,ROI,160,160,256,256,12.44,13.27,0.0,0.0,75.34,682.08,380.39,116.10,123.02,0.9728,18.6700,-120.5300,0.0000,0.0000,0.9076,0,-120.5300,-481.9301,-474.0635,0.1398,-480.9650,0.8773,PHASE_3_FINAL_ALIGNING,-125.74,4.77,688.2,383.6,6.91,96,-96
2638,17:45:48.794,ROI,160,160,256,256,13.00,14.04,0.0,0.0,71.22,682.67,380.24,114.69,122.99,0.9854,19.0600,-120.7600,0.0000,0.0000,0.9202,0,-120.7600,-481.0948,-472.0313,0.1738,-479.7527,0.8519,PHASE_3_FINAL_ALIGNING,-125.74,5.99,688.2,383.6,6.47,120,-120
2639,17:45:48.858,ROI,160,160,256,256,12.71,13.79,0.0,0.0,72.52,682.66,380.19,114.77,122.78,0.9976,19.0900,-120.8700,0.0000,0.0000,0.9199,0,-120.8700,-480.7326,-470.9460,0.2020,-479.0878,0.8319,PHASE_3_FINAL_ALIGNING,-125.74,6.65,688.2,383.6,6.51,133,-133
2640,17:45:48.906,ROI,160,160,256,256,13.91,14.88,0.0,0.0,67.19,682.66,380.24,114.72,122.80,0.9988,19.1300,-120.8300,0.0000,0.0000,0.9210,0,-120.8300,-480.2925,-471.8114,0.2188,-478.7702,0.8205,PHASE_3_FINAL_ALIGNING,-125.74,6.97,688.2,383.6,6.48,139,-139
2641,17:45:49.018,ROI,160,160,256,256,13.79,14.60,0.0,0.0,68.48,682.78,380.27,114.67,122.98,0.9963,19.1600,-120.8900,0.0000,0.0000,0.9224,0,-120.8900,-480.1164,-472.7320,0.2001,-478.8851,0.8333,PHASE_3_FINAL_ALIGNING,-125.74,6.85,688.2,383.6,6.36,137,-137
2642,17:45:49.082,ROI,160,160,256,256,12.77,13.50,0.0,0.0,74.10,682.72,380.37,114.94,123.23,0.9956,19.1900,-120.8000,0.0000,0.0000,0.9233,0,-120.8000,-479.8331,-475.2443,0.2168,-479.0156,0.8218,PHASE_3_FINAL_ALIGNING,-125.74,6.72,688.2,383.6,6.36,134,-134
2643,17:45:49.147,ROI,160,160,256,256,23.47,24.58,7.525,15.9,40.69,682.69,380.29,115.01,123.02,0.9978,19.2700,-120.8300,0.0000,0.0000,0.9229,0,-120.8300,-479.8688,-477.4739,0.1844,-479.4960,0.8443,PHASE_3_FINAL_ALIGNING,-125.74,6.24,688.2,383.6,6.43,125,-125
2644,17:45:49.195,ROI,160,160,256,256,14.71,16.00,0.0,0.0,62.51,682.72,380.59,116.34,123.42,0.9837,19.5700,-121.2200,0.0000,0.0000,0.9249,0,-121.2200,-479.7718,-479.8492,0.1973,-479.7845,0.8352,PHASE_3_FINAL_ALIGNING,-125.74,5.96,688.2,383.6,6.25,119,-119
2645,17:45:49.258,ROI,160,160,256,256,12.99,13.81,0.0,0.0,72.40,682.80,380.96,118.30,124.34,0.9762,19.8900,-121.6100,0.0000,0.0000,0.9275,0,-121.6100,-480.0179,-482.8733,0.1678,-480.4281,0.8563,PHASE_3_FINAL_ALIGNING,-125.74,5.31,688.2,383.6,6.01,106,-106
2646,17:45:49.322,ROI,160,160,256,256,15.69,16.67,0.0,0.0,59.99,682.18,380.85,120.00,123.87,0.9822,19.8600,-122.7300,0.0000,0.0000,0.9137,0,-122.7300,-480.4182,-484.4785,0.1580,-480.9723,0.8635,PHASE_3_FINAL_ALIGNING,-125.74,4.77,688.2,383.6,6.62,95,-95
2647,17:45:49.370,ROI,160,160,256,256,14.54,15.50,0.0,0.0,64.50,682.08,380.69,120.02,123.70,0.9958,19.9600,-123.1800,0.0000,0.0000,0.9131,0,-123.1800,-481.0511,-486.0951,0.1184,-481.5853,0.8941,PHASE_3_FINAL_ALIGNING,-125.74,4.15,688.2,383.6,6.78,83,-83
2648,17:45:49.498,ROI,160,160,256,256,11.07,11.90,0.0,0.0,84.05,682.06,381.31,123.41,124.61,0.9628,19.9500,-124.5700,0.0000,0.0000,0.9076,0,-124.5700,-481.6942,-485.4438,0.0921,-482.0104,0.9157,PHASE_3_FINAL_ALIGNING,-125.74,3.73,688.2,383.6,6.55,75,-75
2649,17:45:49.546,ROI,160,160,256,256,12.74,13.78,0.0,0.0,72.55,681.62,381.64,122.58,123.12,0.9809,19.7900,-124.7200,0.0000,0.0000,0.8998,0,-124.7200,-482.5030,-481.3942,0.0307,-482.4700,0.9702,PHASE_3_FINAL_ALIGNING,-125.74,3.27,688.2,383.6,6.87,65,-65
2650,17:45:49.610,ROI,160,160,256,256,13.74,14.60,0.0,0.0,68.51,681.53,382.02,122.22,123.68,0.9910,19.3600,-122.9700,0.0000,0.0000,0.9050,0,-122.9700,-482.9289,-481.5559,0.0305,-482.8883,0.9704,PHASE_3_FINAL_ALIGNING,-125.74,2.85,688.2,383.6,6.86,57,-57
2651,17:45:49.676,ROI,160,160,256,256,20.35,21.29,0.0,0.0,46.97,681.90,381.65,122.66,122.46,0.9843,20.1100,-125.2800,0.0000,0.0000,0.8853,0,-125.2800,-483.7693,-478.8438,0.0546,-483.5141,0.9482,PHASE_3_FINAL_ALIGNING,-125.74,2.23,688.2,383.6,6.60,45,-45
2652,17:45:49.724,ROI,160,160,256,256,12.83,13.91,0.0,0.0,71.91,681.19,382.44,124.13,123.62,0.9755,19.4100,-123.8200,0.0000,0.0000,0.8956,0,-123.8200,-484.1661,-479.8664,0.1043,-483.7599,0.9055,PHASE_3_FINAL_ALIGNING,-125.74,1.98,688.2,383.6,7.10,40,-40
2653,17:45:49.788,ROI,160,160,256,256,21.04,22.17,7.775,0.0,45.10,682.18,381.62,122.56,122.35,0.9710,20.1400,-125.5100,0.0000,0.0000,0.8796,0,-125.5100,-484.7730,-479.3263,0.1226,-484.1783,0.8908,PHASE_3_FINAL_ALIGNING,-125.74,1.56,688.2,383.6,6.33,31,-31
2654,17:45:49.834,ROI,160,160,256,256,15.03,16.55,0.0,70.85,60.43,681.34,381.67,125.02,122.11,0.9784,19.7400,-125.6100,0.0000,0.0000,0.8797,0,-125.6100,-485.3748,-478.9024,0.1418,-484.5710,0.8758,PHASE_4_FWD_BWD,-125.74,1.17,688.2,383.6,7.12,0,0
2655,17:45:49.962,ROI,160,160,256,256,15.14,16.47,3.5,0.0,60.71,680.55,382.46,124.30,122.90,0.9749,19.1600,-124.2700,0.0000,0.0000,0.8882,0,-124.2700,-485.4878,-479.5666,0.1721,-484.6182,0.8531,PHASE_4_FWD_BWD,-125.74,1.12,688.2,383.6,7.73,0,0
2656,17:45:50.011,ROI,160,160,256,256,11.57,12.24,0.0,0.0,81.69,682.51,382.69,122.59,124.16,0.9591,19.7400,-125.1300,0.0000,0.0000,0.8923,0,-125.1300,-485.7368,-478.5839,0.1719,-484.6877,0.8533,PHASE_4_FWD_BWD,-125.74,1.05,688.2,383.6,5.76,0,0
2657,17:45:50.075,ROI,160,160,256,256,11.70,12.68,0.0,0.0,78.87,680.70,382.24,124.80,123.02,0.9625,19.8600,-125.8500,0.0000,0.0000,0.8656,0,-125.8500,-486.0688,-478.2922,0.1779,-484.8944,0.8490,PHASE_4_FWD_BWD,-125.74,0.85,688.2,383.6,7.62,0,0
2658,17:45:50.138,ROI,160,160,256,256,13.08,14.08,7.75,0.0,71.02,682.42,382.61,123.22,123.92,0.9659,19.8300,-125.2900,0.0000,0.0000,0.8867,0,-125.2900,-486.1943,-477.6169,0.1681,-484.9602,0.8561,PHASE_4_FWD_BWD,-125.74,0.78,688.2,383.6,5.87,0,0
2659,17:45:50.186,ROI,160,160,256,256,11.15,12.35,0.0,31.65,80.98,679.92,382.56,124.64,122.77,0.9518,19.4700,-125.5700,0.0000,0.0000,0.8667,0,-125.5700,-486.3055,-478.3961,0.1761,-485.1214,0.8503,PHASE_4_FWD_BWD,-125.74,0.62,688.2,383.6,8.35,0,0
2660,17:45:50.251,ROI,160,160,256,256,9.06,9.81,0.0,0.0,101.94,682.62,383.54,123.50,124.48,0.9428,19.2100,-124.3800,0.0000,0.0000,0.8943,0,-124.3800,-486.0811,-478.2120,0.1688,-484.9449,0.8556,PHASE_4_FWD_BWD,-125.74,0.80,688.2,383.6,5.58,0,0
2661,17:45:50.315,ROI,160,160,256,256,9.41,10.11,0.0,38.65,98.90,678.75,383.96,123.86,122.67,0.9262,19.0200,-125.9200,0.0000,0.0000,0.8826,0,-125.9200,-486.1123,-480.3840,0.1957,-485.1746,0.8363,PHASE_4_FWD_BWD,-125.74,0.57,688.2,383.6,9.45,0,0
2662,17:45:50.362,ROI,160,160,256,256,9.05,9.75,0.0,0.0,102.60,680.98,384.89,122.96,123.65,0.9504,19.1000,-122.7900,0.0000,0.0000,0.9101,0,-122.7900,-485.4570,-480.6884,0.2109,-484.6265,0.8258,PHASE_4_FWD_BWD,-125.74,1.11,688.2,383.6,7.34,0,0
2663,17:45:50.491,ROI,160,160,256,256,10.58,11.46,3.275,34.15,87.28,676.29,386.13,124.13,123.78,0.9091,18.1700,-125.6200,0.0000,0.0000,0.8700,0,-125.6200,-485.3967,-483.3264,0.2840,-484.9388,0.7788,PHASE_4_FWD_BWD,-125.74,0.80,688.2,383.6,12.18,0,0
2664,17:45:50.537,ROI,160,160,256,256,10.53,11.21,0.0,0.0,89.18,677.02,386.14,123.68,121.87,0.9731,19.9500,-124.6900,0.0000,0.0000,0.8767,0,-124.6900,-485.2002,-485.8309,0.3413,-485.3607,0.7456,PHASE_4_FWD_BWD,-125.74,0.38,688.2,383.6,11.46,0,0
2665,17:45:50.601,ROI,160,160,256,256,9.33,10.11,0.0,0.0,98.89,672.81,388.06,123.54,121.07,0.9059,18.1300,-124.9300,0.0000,0.0000,0.8615,0,-124.9300,-485.0684,-489.9343,0.4598,-486.6010,0.6850,PHASE_4_FWD_BWD,-125.74,-0.86,688.2,383.6,16.03,0,0
2666,17:45:50.649,ROI,160,160,256,256,8.49,9.19,10.375,0.0,108.79,674.59,388.66,122.53,124.16,0.9477,18.4500,-123.9700,0.0000,0.0000,0.8734,0,-123.9700,-484.8638,-492.2166,0.5493,-487.4706,0.6455,PHASE_4_FWD_BWD,-125.74,-1.73,688.2,383.6,14.52,0,0
2667,17:45:50.715,ROI,160,160,256,256,8.05,8.82,0.0,0.0,113.34,670.21,391.68,127.50,124.66,0.8894,18.9200,-127.5700,0.0000,0.0000,0.9121,0,-127.5700,-485.4233,-492.9041,0.7207,-488.5565,0.5812,PHASE_4_FWD_BWD,-125.74,-2.82,688.2,383.6,19.72,0,0
2668,17:45:50.777,ROI,160,160,256,256,8.23,8.95,0.0,0.0,111.77,669.90,391.69,127.36,122.90,0.9812,19.3100,-125.9300,0.0000,0.0000,0.8504,0,-125.9300,-485.4026,-495.6057,0.8713,-490.1534,0.5344,PHASE_4_FWD_BWD,-125.74,-4.41,688.2,383.6,20.00,0,0
2669,17:45:50.891,ROI,160,160,256,256,8.62,9.38,0.0,41.7,106.59,665.54,394.34,129.81,122.30,0.8961,20.0800,-128.4800,0.0000,0.0000,0.9319,0,-128.4800,-486.1087,-497.3933,1.0693,-491.9400,0.4832,PHASE_4_FWD_BWD,-125.74,-6.20,688.2,383.6,25.07,0,0
2670,17:45:50.954,ROI,160,160,288,288,8.37,9.11,0.0,42.9,109.80,658.66,399.69,126.99,124.22,0.8273,17.1100,-123.5200,0.0000,0.0000,0.9150,0,-123.5200,-485.5811,-499.5062,1.3983,-493.7000,0.4170,PHASE_4_FWD_BWD,-125.74,-7.96,688.2,383.6,33.63,0,0
2671,17:45:51.003,ROI,160,160,256,256,11.65,12.63,0.0,30.95,79.20,656.90,403.06,131.71,125.39,0.9141,18.0900,-125.0500,4.3300,-124.3600,0.9081,0,-125.0500,-485.5598,-501.4119,1.7046,-495.5507,0.3697,PHASE_4_FWD_BWD,-125.74,-9.81,688.2,383.6,36.86,0,0
2672,17:45:51.067,ROI,160,160,288,288,8.86,9.77,0.0,40.025,102.31,656.72,404.42,127.44,126.41,0.9474,18.3400,-127.1300,0.0000,0.0000,0.9105,0,-127.1300,-485.9833,-502.8013,1.9734,-497.1452,0.3363,PHASE_4_FWD_BWD,-125.74,-11.41,688.2,383.6,37.74,0,0
2673,17:45:51.130,ROI,160,160,256,256,10.58,11.44,0.0,34.15,87.43,652.70,406.56,124.13,122.75,0.9071,18.0200,-124.8000,0.0000,0.0000,0.9261,0,-124.8000,-485.7544,-504.5891,2.2733,-498.8351,0.3055,PHASE_4_FWD_BWD,-125.74,-13.10,688.2,383.6,42.27,0,0
2674,17:45:51.179,ROI,160,160,256,256,16.27,17.32,0.0,22.55,57.72,650.78,407.89,126.42,121.89,0.9493,18.2400,-125.0900,0.0000,0.0000,0.8946,0,-125.0900,-485.6712,-505.2885,2.5112,-499.7014,0.2848,PHASE_4_FWD_BWD,-125.74,-13.96,688.2,383.6,44.61,0,0
2675,17:45:51.307,ROI,160,160,256,256,14.29,15.24,0.0,25.625,65.60,646.13,412.71,127.23,124.82,0.8615,17.5500,-124.3200,2.5700,-121.3700,0.9069,0,-124.3200,-485.5110,-506.1169,2.8041,-500.7002,0.2629,PHASE_4_FWD_BWD,-125.74,-14.96,688.2,383.6,51.16,0,0
2676,17:45:51.354,ROI,160,160,256,256,12.50,13.37,0.0,0.0,74.82,641.71,418.66,130.88,126.82,0.8519,18.6700,-126.5400,6.1100,-124.5500,0.9071,0,-126.5400,-485.7698,-505.8339,3.1074,-500.9490,0.2435,PHASE_4_FWD_BWD,-125.74,-15.21,688.2,383.6,58.22,0,0
2677,17:45:51.417,ROI,160,160,288,288,11.71,12.74,7.75,0.0,78.51,640.59,420.02,127.76,126.05,0.9556,20.4000,-126.9500,0.0000,0.0000,0.8952,0,-126.9500,-486.1218,-505.8645,3.3660,-501.3425,0.2290,PHASE_4_FWD_BWD,-125.74,-15.60,688.2,383.6,59.94,0,0
2678,17:45:51.483,ROI,160,160,256,256,16.65,17.60,0.0,22.2,56.82,636.56,424.94,131.98,129.47,0.8716,19.3500,-125.8500,3.3000,-117.7100,0.9017,0,-125.8500,-486.0921,-504.2281,3.5964,-500.2824,0.2176,PHASE_4_FWD_BWD,-125.74,-14.54,688.2,383.6,66.15,0,0
2679,17:45:51.530,ROI,160,160,288,288,11.96,12.84,13.325,0.0,77.88,634.78,424.81,135.14,127.40,0.9585,20.3400,-128.4800,5.4800,-121.9300,0.9189,0,-128.4800,-486.7461,-503.1345,3.7830,-499.7081,0.2091,PHASE_4_FWD_BWD,-125.74,-13.97,688.2,383.6,67.47,0,0
2680,17:45:51.593,ROI,160,160,288,288,14.73,15.73,0.0,24.85,63.59,630.71,427.69,133.67,126.32,0.9006,20.7500,-125.8300,2.2200,-120.3700,0.9448,0,-125.8300,-486.4650,-501.0127,3.9130,-498.0516,0.2035,PHASE_4_FWD_BWD,-125.74,-12.31,688.2,383.6,72.45,0,0
2681,17:45:51.658,ROI,160,160,288,288,11.51,12.31,0.0,31.75,81.27,627.35,429.39,131.36,125.91,0.9259,20.0500,-125.2700,0.0000,0.0000,0.9129,0,-125.2700,-486.3304,-499.4585,4.0541,-496.8610,0.1979,PHASE_4_FWD_BWD,-125.74,-11.12,688.2,383.6,76.15,0,0
2682,17:45:51.705,ROI,160,160,288,288,10.95,11.89,0.0,32.9,84.11,622.90,432.01,131.78,125.62,0.8976,19.0900,-125.1300,4.6200,-123.0300,0.9078,0,-125.1300,-486.0699,-498.2175,4.1387,-495.8536,0.1946,PHASE_4_FWD_BWD,-125.74,-10.11,688.2,383.6,81.29,0,0
2683,17:45:51.819,ROI,160,160,288,288,13.55,14.51,0.0,26.925,68.90,616.91,437.00,134.93,123.37,0.8464,18.5400,-128.4800,5.9300,-125.6900,0.9153,0,-128.4800,-486.5140,-497.7781,4.3004,-495.6530,0.1887,PHASE_4_FWD_BWD,-125.74,-9.91,688.2,383.6,89.08,0,0
2684,17:45:51.881,ROI,160,160,288,288,9.87,10.65,0.0,36.75,93.92,612.92,439.43,132.32,125.08,0.9071,19.6900,-127.3400,0.0000,0.0000,0.9077,0,-127.3400,-486.5559,-497.4361,4.3714,-495.4105,0.1862,PHASE_4_FWD_BWD,-125.74,-9.67,688.2,383.6,93.72,0,0
2685,17:45:51.945,ROI,160,160,288,288,10.05,10.83,0.0,0.0,92.36,611.91,441.93,133.29,123.84,0.9463,18.8900,-126.4200,0.0000,0.0000,0.9020,0,-126.4200,-486.7504,-497.2683,4.4237,-495.3290,0.1844,PHASE_4_FWD_BWD,-125.74,-9.59,688.2,383.6,96.04,0,0
2686,17:45:51.993,ROI,160,160,288,288,10.98,11.82,10.4,0.0,84.61,606.97,445.01,137.66,123.75,0.8860,18.0200,-125.8000,4.2300,-123.0600,0.8970,0,-125.8000,-486.6558,-497.2812,4.4227,-495.3218,0.1844,PHASE_4_FWD_BWD,-125.74,-9.58,688.2,383.6,101.83,0,0
2687,17:45:52.058,ROI,160,160,288,288,10.93,11.75,0.0,0.0,85.14,604.31,448.51,142.85,129.04,0.9112,19.5800,-124.3800,2.8700,-123.9700,0.9115,0,-124.3800,-486.5563,-497.5365,4.4259,-495.5128,0.1843,PHASE_4_FWD_BWD,-125.74,-9.77,688.2,383.6,106.07,0,0
2688,17:45:52.123,ROI,160,160,288,288,10.91,11.70,0.0,0.0,85.47,600.13,451.51,139.57,128.81,0.9008,18.4400,-125.5000,0.0000,0.0000,0.8777,0,-125.5000,-486.2068,-498.0354,4.5213,-495.8930,0.1811,PHASE_4_FWD_BWD,-125.74,-10.15,688.2,383.6,111.21,0,0
2689,17:45:52.169,ROI,160,160,288,288,8.94,9.69,0.0,0.0,103.24,599.03,453.48,142.27,133.06,0.9497,19.7700,-125.9400,0.0000,0.0000,0.8910,0,-125.9400,-486.0827,-498.5434,4.5618,-496.3030,0.1798,PHASE_4_FWD_BWD,-125.74,-10.56,688.2,383.6,113.29,0,0
2690,17:45:52.297,ROI,160,160,288,288,10.18,11.15,0.0,35.1,89.70,592.95,458.53,140.53,134.10,0.8534,18.8800,-127.3400,0.0000,0.0000,0.9205,0,-127.3400,-486.4606,-499.0100,4.6021,-496.7699,0.1785,PHASE_4_FWD_BWD,-125.74,-11.03,688.2,383.6,121.19,0,0
2691,17:45:52.345,ROI,160,160,288,288,8.95,9.75,0.0,40.075,102.54,587.45,462.48,138.37,132.08,0.8725,17.9200,-127.0000,0.0000,0.0000,0.8770,0,-127.0000,-486.5063,-499.5606,4.6759,-497.2607,0.1762,PHASE_4_FWD_BWD,-125.74,-11.52,688.2,383.6,127.96,0,0
2692,17:45:52.409,ROI,160,160,288,288,9.54,10.34,0.0,37.85,96.75,587.00,465.08,144.07,130.57,0.9241,18.3100,-126.6600,0.0000,0.0000,0.8493,0,-126.6600,-486.4761,-500.0751,4.6530,-497.6694,0.1769,PHASE_4_FWD_BWD,-125.74,-11.93,688.2,383.6,129.92,0,0
2693,17:45:52.475,ROI,160,160,320,320,11.68,12.37,0.0,31.6,80.87,580.74,470.76,136.98,137.40,0.8442,19.0900,-123.0900,0.0000,0.0000,0.9291,0,-123.0900,-485.6020,-500.5500,4.7321,-497.9423,0.1745,PHASE_4_FWD_BWD,-125.74,-12.20,688.2,383.6,138.36,0,0
2694,17:45:52.521,ROI,160,160,288,288,8.90,9.70,0.0,40.325,103.06,577.80,472.92,138.91,134.62,0.9291,19.4000,-126.7500,0.0000,0.0000,0.8624,0,-126.7500,-485.7454,-500.8171,4.8358,-498.2345,0.1714,PHASE_4_FWD_BWD,-125.74,-12.49,688.2,383.6,142.00,0,0
2695,17:45:52.585,ROI,160,160,288,288,8.69,9.41,0.0,41.55,106.28,575.60,475.22,137.11,134.51,0.9364,19.1000,-127.1200,0.0000,0.0000,0.8350,0,-127.1200,-486.0063,-500.9155,4.8566,-498.3698,0.1707,PHASE_4_FWD_BWD,-125.74,-12.63,688.2,383.6,145.17,0,0
2696,17:45:52.633,ROI,160,160,288,288,8.87,9.64,9.975,0.0,103.72,572.50,478.67,141.05,136.58,0.9097,17.2700,-124.5500,0.0000,0.0000,0.8413,0,-124.5500,-485.6160,-500.6642,4.9057,-498.1161,0.1693,PHASE_4_FWD_BWD,-125.74,-12.38,688.2,383.6,149.75,0,0
2697,17:45:52.763,ROI,160,160,288,288,11.21,12.14,0.0,0.0,82.34,565.27,484.16,137.74,136.51,0.8349,18.5200,-127.7200,0.0000,0.0000,0.8994,0,-127.7200,-486.1896,-500.2666,4.9664,-497.9072,0.1676,PHASE_4_FWD_BWD,-125.74,-12.17,688.2,383.6,158.82,0,0
2698,17:45:52.809,ROI,160,160,288,288,9.19,10.02,0.0,0.0,99.84,561.83,484.22,133.60,135.77,0.9455,18.7800,-124.8400,0.0000,0.0000,0.8639,0,-124.8400,-485.8926,-499.7902,4.9813,-497.4667,0.1672,PHASE_4_FWD_BWD,-125.74,-11.73,688.2,383.6,161.53,0,0
2699,17:45:52.873,ROI,160,160,288,288,9.31,10.06,7.275,0.0,99.43,557.69,487.83,126.99,131.44,0.8896,17.5700,-124.6300,0.0000,0.0000,0.9312,0,-124.6300,-485.5077,-499.3474,4.9803,-497.0332,0.1672,PHASE_4_FWD_BWD,-125.74,-11.29,688.2,383.6,167.03,0,0
2700,17:45:52.937,ROI,160,160,288,288,10.56,11.72,0.0,33.375,85.33,554.86,489.75,131.53,132.03,0.9302,17.7600,-125.3900,0.0000,0.0000,0.9302,0,-125.3900,-485.2741,-499.0006,4.9505,-496.6938,0.1681,PHASE_4_FWD_BWD,-125.74,-10.95,688.2,383.6,170.44,0,0
2701,17:45:52.985,ROI,160,160,288,288,10.55,11.33,0.0,34.475,88.26,548.82,494.96,131.42,130.30,0.8453,16.3300,-123.2800,0.0000,0.0000,0.9222,0,-123.2800,-484.9763,-498.7942,5.0296,-496.5025,0.1658,PHASE_4_FWD_BWD,-125.74,-10.76,688.2,383.6,178.41,0,0
2702,17:45:53.051,ROI,160,160,288,288,9.19,9.86,0.0,39.65,101.38,547.50,496.66,132.17,132.68,0.9553,17.5200,-124.1700,0.0000,0.0000,0.9171,0,-124.1700,-484.8251,-498.7134,5.0518,-496.4185,0.1652,PHASE_4_FWD_BWD,-125.74,-10.68,688.2,383.6,180.50,0,0
2703,17:45:53.113,ROI,160,160,288,288,8.76,9.66,7.5,40.45,103.49,543.54,499.44,132.86,131.38,0.9044,16.2700,-123.4200,0.0000,0.0000,0.9273,0,-123.4200,-484.4739,-498.7013,5.0261,-496.3404,0.1659,PHASE_4_FWD_BWD,-125.74,-10.60,688.2,383.6,185.32,0,0
2704,17:45:53.162,ROI,160,160,288,288,9.14,9.93,9.775,39.375,100.68,541.67,501.93,127.55,130.59,0.9247,15.9300,-122.5800,0.0000,0.0000,0.9191,0,-122.5800,-483.9345,-498.7927,4.9826,-496.3091,0.1672,PHASE_4_FWD_BWD,-125.74,-10.57,688.2,383.6,188.35,0,0
2705,17:45:53.274,ROI,160,160,288,288,10.72,12.07,3.85,0.0,82.87,534.45,508.87,137.03,134.93,0.8108,18.2500,-125.2900,0.0000,0.0000,0.9252,0,-125.2900,-483.8485,-498.9233,5.0196,-496.4190,0.1661,PHASE_4_FWD_BWD,-125.74,-10.68,688.2,383.6,198.32,0,0
2706,17:45:53.337,ROI,160,160,288,288,9.04,9.73,0.0,0.0,102.75,535.03,510.02,131.49,133.70,0.9434,18.4900,-124.3800,0.0000,0.0000,0.9188,0,-124.3800,-483.6847,-499.0976,4.9718,-496.5166,0.1675,PHASE_4_FWD_BWD,-125.74,-10.78,688.2,383.6,198.60,0,0
2707,17:45:53.401,ROI,160,160,288,288,9.86,10.66,0.0,0.0,93.77,530.07,513.73,132.73,136.66,0.8797,16.6800,-123.1800,0.0000,0.0000,0.9038,0,-123.1800,-483.3438,-499.2641,4.8934,-496.5628,0.1697,PHASE_4_FWD_BWD,-125.74,-10.82,688.2,383.6,204.79,0,0
2708,17:45:53.451,ROI,160,160,288,288,9.87,10.64,0.0,0.0,93.99,529.64,513.09,133.99,132.57,0.9612,18.1000,-125.6200,0.0000,0.0000,0.8422,0,-125.6200,-483.7063,-499.4505,4.7795,-496.7263,0.1730,PHASE_4_FWD_BWD,-125.74,-10.99,688.2,383.6,204.72,0,0
2709,17:45:53.513,ROI,160,160,288,288,9.48,10.22,7.55,0.0,97.87,528.26,516.33,137.75,136.64,0.9272,17.4600,-123.1600,0.0000,0.0000,0.9168,0,-123.1600,-483.5577,-499.6544,4.6806,-496.8208,0.1760,PHASE_4_FWD_BWD,-125.74,-11.08,688.2,383.6,207.84,0,0
2710,17:45:53.577,ROI,160,160,288,288,9.02,9.78,7.25,0.0,102.27,527.14,515.91,136.01,133.63,0.9621,17.8800,-124.6500,0.0000,0.0000,0.8553,0,-124.6500,-483.7437,-499.8274,4.4667,-496.8853,0.1829,PHASE_4_FWD_BWD,-125.74,-11.15,688.2,383.6,208.44,0,0
2711,17:45:53.689,ROI,160,160,288,288,10.57,11.65,0.0,0.0,85.80,524.97,517.21,139.45,135.14,0.9505,17.6800,-124.0100,0.0000,0.0000,0.9035,0,-124.0100,-483.4373,-499.9547,4.3002,-496.8383,0.1887,PHASE_4_FWD_BWD,-125.74,-11.10,688.2,383.6,210.95,0,0
2712,17:45:53.737,ROI,160,160,288,288,9.41,10.15,0.0,38.475,98.48,525.49,519.75,140.58,135.27,0.9555,18.3000,-123.3600,0.0000,0.0000,0.9177,0,-123.3600,-483.3883,-499.8958,4.0775,-496.6447,0.1969,PHASE_4_FWD_BWD,-125.74,-10.90,688.2,383.6,212.16,0,0
2713,17:45:53.801,ROI,160,160,288,288,8.92,9.66,0.0,40.5,103.57,524.62,519.14,138.20,134.62,0.9743,18.1700,-124.8700,0.0000,0.0000,0.8878,0,-124.8700,-483.7490,-499.6650,3.7773,-496.3334,0.2093,PHASE_4_FWD_BWD,-125.74,-10.59,688.2,383.6,212.44,0,0
2714,17:45:53.866,ROI,160,160,288,288,12.29,13.41,7.05,0.0,74.57,523.64,519.83,141.25,136.39,0.9658,18.4600,-124.8600,0.0000,0.0000,0.8941,0,-124.8600,-483.8616,-499.1629,3.4502,-495.7245,0.2247,PHASE_4_FWD_BWD,-125.74,-9.98,688.2,383.6,213.63,0,0
2715,17:45:53.913,ROI,160,160,288,288,8.79,9.48,0.0,41.225,105.51,524.62,520.37,137.39,135.16,0.9640,17.7900,-124.9800,0.0000,0.0000,0.8995,0,-124.9800,-484.3455,-498.3690,3.1636,-495.0009,0.2402,PHASE_4_FWD_BWD,-125.74,-9.26,688.2,383.6,213.22,0,0
2716,17:45:53.977,ROI,160,160,288,288,11.91,12.90,0.0,0.0,77.52,523.23,520.20,143.93,137.41,0.9390,18.9800,-125.2200,0.0000,0.0000,0.8892,0,-125.2200,-484.6066,-497.5494,2.8302,-494.1702,0.2611,PHASE_4_FWD_BWD,-125.74,-8.43,688.2,383.6,214.19,0,0
2717,17:45:54.090,ROI,160,160,288,288,10.16,10.91,3.925,0.0,91.65,524.75,519.93,140.17,138.55,0.9661,18.8700,-124.8900,0.0000,0.0000,0.8993,0,-124.8900,-484.7702,-496.6509,2.4735,-493.2305,0.2879,PHASE_4_FWD_BWD,-125.74,-7.49,688.2,383.6,212.84,0,0
2718,17:45:54.153,ROI,160,160,288,288,11.26,12.08,7.45,0.0,82.80,524.65,518.98,140.81,138.22,0.9819,18.3300,-124.0100,0.0000,0.0000,0.8936,0,-124.0100,-484.8335,-495.8028,2.0773,-492.2382,0.3250,PHASE_4_FWD_BWD,-125.74,-6.50,688.2,383.6,212.31,0,0
2719,17:45:54.219,ROI,160,160,288,288,8.71,9.57,0.0,0.0,104.50,525.94,518.99,139.21,137.16,0.9741,18.5700,-124.1800,0.0000,0.0000,0.9136,0,-124.1800,-484.7214,-494.9595,1.7344,-491.2154,0.3657,PHASE_4_FWD_BWD,-125.74,-5.48,688.2,383.6,211.32,0,0
2720,17:45:54.265,ROI,160,160,288,288,10.58,11.40,10.75,0.0,87.69,527.30,517.10,136.98,134.24,0.9537,18.6000,-124.2100,0.0000,0.0000,0.9037,0,-124.2100,-484.6985,-494.0966,1.3250,-490.0544,0.4301,PHASE_4_FWD_BWD,-125.74,-4.31,688.2,383.6,209.07,0,0
2721,17:45:54.330,ROI,160,160,288,288,14.43,15.40,7.25,25.375,64.94,528.48,516.30,136.28,135.59,0.9715,18.7600,-123.7700,0.0000,0.0000,0.8834,0,-123.7700,-484.5016,-493.2361,0.9248,-488.6982,0.5195,PHASE_4_FWD_BWD,-125.74,-2.96,688.2,383.6,207.65,0,0
2722,17:45:54.378,ROI,160,160,288,288,10.23,11.03,0.0,35.425,90.68,530.86,513.35,136.08,133.88,0.9249,18.2600,-124.5500,0.0000,0.0000,0.8524,0,-124.5500,-484.3648,-492.1151,0.4730,-486.8534,0.6789,PHASE_4_FWD_BWD,-125.74,-1.11,688.2,383.6,203.94,0,0
2723,17:45:54.506,ROI,160,160,288,288,8.97,9.74,0.0,0.0,102.64,532.16,510.48,133.25,128.16,0.9372,18.5900,-125.2500,0.0000,0.0000,0.8355,0,-125.2500,-484.6378,-491.1358,0.1315,-485.3928,0.8838,PHASE_4_FWD_BWD,-125.74,0.35,688.2,383.6,201.11,0,0
2724,17:45:54.554,ROI,160,160,288,288,8.64,9.51,0.0,41.075,105.13,535.24,508.56,132.01,127.82,0.9270,19.0400,-124.2600,0.0000,0.0000,0.8940,0,-124.2600,-484.6078,-492.2980,0.2703,-486.2440,0.7872,PHASE_4_FWD_BWD,-125.74,-0.50,688.2,383.6,197.51,0,0
2725,17:45:54.621,ROI,160,160,288,288,12.00,12.92,0.0,60.525,77.42,537.88,507.39,127.35,131.72,0.9327,19.1400,-125.7000,0.0000,0.0000,0.8823,0,-125.7000,-484.7413,-493.1937,0.5954,-487.8958,0.6268,PHASE_4_FWD_BWD,-125.74,-2.16,688.2,383.6,194.73,0,0
2726,17:45:54.683,ROI,160,160,288,288,8.43,9.15,0.0,0.0,109.34,542.36,505.49,129.78,132.97,0.9070,18.2800,-123.7300,0.0000,0.0000,0.8725,0,-123.7300,-484.6985,-494.1816,0.9829,-489.3993,0.5043,PHASE_4_FWD_BWD,-125.74,-3.66,688.2,383.6,190.07,0,0
2727,17:45:54.729,ROI,160,160,288,288,8.58,9.52,0.0,0.0,105.04,543.69,503.56,128.07,133.76,0.9520,17.8100,-121.9200,0.0000,0.0000,0.8580,0,-121.9200,-484.0451,-495.3321,1.3182,-490.4633,0.4314,PHASE_4_FWD_BWD,-125.74,-4.72,688.2,383.6,187.81,0,0
2728,17:45:54.793,ROI,160,160,288,288,8.50,9.22,14.325,0.0,108.43,548.87,498.63,130.63,129.53,0.8590,19.1600,-125.5300,0.0000,0.0000,0.8078,0,-125.5300,-484.3178,-496.3547,1.7260,-491.9390,0.3668,PHASE_4_FWD_BWD,-125.74,-6.20,688.2,383.6,180.68,0,0
2729,17:45:54.858,ROI,160,160,288,288,8.38,9.11,0.0,0.0,109.82,551.67,495.07,127.62,131.33,0.9078,18.7000,-125.5100,0.0000,0.0000,0.8206,0,-125.5100,-484.4999,-497.1491,2.1059,-493.0765,0.3220,PHASE_4_FWD_BWD,-125.74,-7.34,688.2,383.6,176.25,0,0
2730,17:45:54.908,ROI,160,160,288,288,10.12,10.85,0.0,36.0,92.14,557.71,490.48,129.47,131.15,0.8514,19.7500,-126.2600,0.0000,0.0000,0.8511,0,-126.2600,-484.7370,-497.9773,2.5219,-494.2179,0.2839,PHASE_4_FWD_BWD,-125.74,-8.48,688.2,383.6,168.67,0,0
2731,17:45:55.020,ROI,160,160,288,288,8.15,8.98,0.0,43.5,111.32,564.61,485.03,128.14,132.62,0.8304,20.2400,-126.1000,0.0000,0.0000,0.8492,0,-126.1000,-485.0582,-498.7575,2.9972,-495.3303,0.2502,PHASE_4_FWD_BWD,-125.74,-9.59,688.2,383.6,159.88,0,0
2732,17:45:55.081,ROI,160,160,288,288,8.91,9.65,7.4,40.475,103.59,565.30,483.70,129.58,134.17,0.9694,20.2500,-127.3500,0.0000,0.0000,0.8663,0,-127.3500,-485.6126,-499.3904,3.3651,-496.2340,0.2291,PHASE_4_FWD_BWD,-125.74,-10.49,688.2,383.6,158.51,0,0
2733,17:45:55.147,ROI,160,160,288,288,8.81,9.70,0.0,40.275,103.10,568.26,481.60,132.66,134.75,0.9269,20.1800,-126.5700,0.0000,0.0000,0.8675,0,-126.5700,-485.9770,-499.9156,3.6901,-496.9437,0.2132,PHASE_4_FWD_BWD,-125.74,-11.20,688.2,383.6,154.88,0,0
2734,17:45:55.194,ROI,160,160,288,288,8.73,9.45,0.0,41.325,105.80,572.57,478.73,137.18,135.54,0.9002,18.8600,-126.2300,0.0000,0.0000,0.8169,0,-126.2300,-486.2706,-500.3797,3.9664,-497.5388,0.2014,PHASE_4_FWD_BWD,-125.74,-11.80,688.2,383.6,149.73,0,0
2735,17:45:55.259,ROI,160,160,288,288,8.15,9.15,0.0,0.0,109.24,576.72,476.49,140.35,134.10,0.9121,19.5500,-125.0700,0.0000,0.0000,0.8185,0,-125.0700,-486.2723,-500.8177,4.2166,-498.0294,0.1917,PHASE_4_FWD_BWD,-125.74,-12.29,688.2,383.6,145.11,0,0
2736,17:45:55.321,ROI,160,160,288,288,9.23,10.14,14.65,0.0,98.66,583.07,474.13,146.86,134.53,0.8848,19.1400,-123.6300,0.0000,0.0000,0.7974,0,-123.6300,-485.8784,-501.3062,4.4501,-498.4755,0.1835,PHASE_4_FWD_BWD,-125.74,-12.74,688.2,383.6,138.73,0,0
2737,17:45:55.371,ROI,160,160,320,320,9.35,10.06,9.875,0.0,99.43,580.64,468.90,134.02,133.52,0.8465,19.1700,-129.9300,0.0000,0.0000,0.8998,0,-129.9300,-486.7995,-501.5590,4.5770,-498.9125,0.1793,PHASE_4_FWD_BWD,-125.74,-13.17,688.2,383.6,137.28,0,0
2738,17:45:55.499,ROI,160,160,288,288,9.94,10.67,0.0,0.0,93.74,590.49,463.34,138.38,127.85,0.7993,21.6400,-128.4500,0.0000,0.0000,0.9086,0,-128.4500,-487.3202,-501.6280,4.7905,-499.1571,0.1727,PHASE_4_FWD_BWD,-125.74,-13.42,688.2,383.6,126.11,0,0
2739,17:45:55.546,ROI,160,160,288,288,8.98,9.70,10.7,0.0,103.14,592.88,459.00,141.73,131.96,0.9047,21.4700,-125.9100,0.0000,0.0000,0.8817,0,-125.9100,-487.1977,-501.4434,4.9413,-499.0456,0.1683,PHASE_4_FWD_BWD,-125.74,-13.31,688.2,383.6,121.54,0,0
2740,17:45:55.610,ROI,160,160,288,288,9.08,9.81,7.2,39.8,101.89,594.83,457.00,140.87,131.90,0.9441,20.1400,-127.4200,0.0000,0.0000,0.8550,0,-127.4200,-487.4333,-500.8127,5.0361,-498.5961,0.1657,PHASE_4_FWD_BWD,-125.74,-12.86,688.2,383.6,118.77,0,0
2741,17:45:55.673,ROI,160,160,288,288,8.08,8.84,0.0,0.0,113.07,598.59,453.51,138.80,130.64,0.8996,20.9400,-129.2300,0.0000,0.0000,0.8895,0,-129.2300,-488.0669,-499.8605,5.1013,-497.9275,0.1639,PHASE_4_FWD_BWD,-125.74,-12.19,688.2,383.6,113.65,0,0
2742,17:45:55.724,ROI,160,160,288,288,8.90,9.77,0.0,40.0,102.32,600.93,451.24,142.81,132.07,0.9347,21.3300,-126.3000,0.0000,0.0000,0.8727,0,-126.3000,-487.9209,-499.7057,5.1141,-497.7782,0.1636,PHASE_4_FWD_BWD,-125.74,-12.04,688.2,383.6,110.41,0,0
2743,17:45:55.785,ROI,160,160,288,288,9.35,10.06,0.0,38.825,99.36,603.35,449.72,141.71,131.90,0.9451,20.6300,-126.3500,0.0000,0.0000,0.8468,0,-126.3500,-487.9094,-499.3712,5.0505,-497.4769,0.1653,PHASE_4_FWD_BWD,-125.74,-11.74,688.2,383.6,107.57,0,0
2744,17:45:55.833,ROI,160,160,288,288,10.48,11.38,0.0,34.325,87.88,607.73,445.56,137.68,129.60,0.8826,21.0400,-127.4700,0.0000,0.0000,0.8592,0,-127.4700,-487.8968,-499.0734,5.0033,-497.2116,0.1666,PHASE_4_FWD_BWD,-125.74,-11.47,688.2,383.6,101.56,0,0
2745,17:45:55.962,ROI,160,160,288,288,9.59,10.31,0.0,0.0,97.00,615.75,439.26,136.33,125.66,0.8098,21.2500,-127.6300,2.9100,-125.4400,0.8862,0,-127.6300,-487.6503,-498.8768,4.9962,-497.0045,0.1668,PHASE_4_FWD_BWD,-125.74,-11.26,688.2,383.6,91.36,0,0
2746,17:45:56.010,ROI,160,160,288,288,10.89,11.65,0.0,0.0,85.85,616.62,438.06,133.43,123.77,0.9602,20.5700,-129.2600,2.9100,-124.3000,0.8909,0,-129.2600,-488.0383,-498.6291,4.9553,-496.8507,0.1679,PHASE_4_FWD_BWD,-125.74,-11.11,688.2,383.6,89.94,0,0
2747,17:45:56.075,ROI,160,160,288,288,8.90,9.90,7.225,0.0,100.97,621.56,433.34,130.54,122.13,0.8613,22.0800,-128.2900,0.0000,0.0000,0.8748,0,-128.2900,-488.1601,-498.2203,4.9345,-496.5251,0.1685,PHASE_4_FWD_BWD,-125.74,-10.79,688.2,383.6,83.15,0,0
2748,17:45:56.139,ROI,160,160,288,288,11.43,12.18,7.3,0.0,82.07,623.50,431.97,131.72,125.23,0.9471,20.6400,-126.3300,6.1000,-124.5500,0.8773,0,-126.3300,-487.9153,-497.8425,4.9108,-496.1630,0.1692,PHASE_4_FWD_BWD,-125.74,-10.42,688.2,383.6,80.78,0,0
2749,17:45:56.186,ROI,160,160,288,288,10.39,11.02,0.0,35.45,90.71,628.81,429.04,131.98,125.57,0.8819,21.7700,-126.0700,2.1500,-123.5100,0.8720,0,-126.0700,-487.5983,-497.5516,4.9807,-495.8874,0.1672,PHASE_4_FWD_BWD,-125.74,-10.15,688.2,383.6,74.78,0,0
2750,17:45:56.250,ROI,160,160,288,288,11.89,12.88,0.0,30.325,77.62,631.46,428.19,129.76,127.76,0.9444,21.0400,-125.8900,2.4400,-121.1100,0.8986,0,-125.8900,-487.3839,-497.3307,4.9466,-495.6580,0.1682,PHASE_4_FWD_BWD,-125.74,-9.92,688.2,383.6,72.17,0,0
2751,17:45:56.318,ROI,160,160,288,288,11.01,11.88,0.0,32.875,84.17,634.35,425.32,131.35,127.84,0.9155,20.6900,-126.3200,0.0000,0.0000,0.8726,0,-126.3200,-487.1964,-497.2179,4.8768,-495.5126,0.1702,PHASE_4_FWD_BWD,-125.74,-9.77,688.2,383.6,68.12,0,0
2752,17:45:56.361,ROI,160,160,288,288,10.46,11.24,12.425,0.0,88.93,636.93,423.20,129.19,126.32,0.9301,19.9300,-125.3100,3.9800,-120.1300,0.8780,0,-125.3100,-486.7688,-497.2298,4.7871,-495.4222,0.1728,PHASE_4_FWD_BWD,-125.74,-9.68,688.2,383.6,64.78,0,0
2753,17:45:56.491,ROI,160,160,288,288,11.12,11.93,0.0,32.75,83.80,643.63,417.53,125.78,125.55,0.8261,19.2000,-126.1700,5.6700,-122.9500,0.8565,0,-126.1700,-486.4044,-497.4629,4.7664,-495.5451,0.1734,PHASE_4_FWD_BWD,-125.74,-9.81,688.2,383.6,56.01,0,0
2754,17:45:56.538,ROI,160,160,256,256,10.29,11.17,10.925,35.0,89.52,644.22,415.85,128.91,126.53,0.9503,19.2900,-125.3000,2.3100,-122.4200,0.8803,0,-125.3000,-485.6827,-498.0259,4.7146,-495.8660,0.1750,PHASE_4_FWD_BWD,-125.74,-10.13,688.2,383.6,54.54,0,0
2755,17:45:56.602,ROI,160,160,288,288,9.93,10.93,0.0,0.0,91.52,647.62,409.80,124.36,121.37,0.8610,19.0600,-125.4200,0.0000,0.0000,0.8828,0,-125.4200,-485.6563,-498.4357,4.6323,-496.1668,0.1775,PHASE_4_FWD_BWD,-125.74,-10.43,688.2,383.6,48.30,0,0
2756,17:45:56.651,ROI,160,160,256,256,11.57,12.31,0.0,0.0,81.23,648.09,409.00,127.92,122.67,0.9596,18.0000,-124.3500,3.5700,-120.0700,0.8418,0,-124.3500,-485.3256,-498.8398,4.5993,-496.4262,0.1786,PHASE_4_FWD_BWD,-125.74,-10.69,688.2,383.6,47.48,0,0
2757,17:45:56.715,ROI,160,160,256,256,9.93,10.65,0.0,0.0,93.93,653.41,405.26,124.45,120.46,0.8661,18.4700,-125.6700,4.8600,-121.8200,0.8541,0,-125.6700,-485.0547,-499.1659,4.6074,-496.6494,0.1783,PHASE_4_FWD_BWD,-125.74,-10.91,688.2,383.6,40.98,0,0
2758,17:45:56.777,ROI,160,160,256,256,11.66,12.41,7.6,31.5,80.60,654.97,405.08,127.06,122.54,0.9590,18.6400,-124.8900,0.0000,0.0000,0.8721,0,-124.8900,-484.7961,-499.4323,4.5259,-496.7837,0.1810,PHASE_4_FWD_BWD,-125.74,-11.04,688.2,383.6,39.57,0,0
2759,17:45:56.891,ROI,160,160,256,256,10.58,11.32,0.0,0.0,88.32,659.92,399.50,128.86,124.74,0.8481,18.3300,-126.2400,0.0000,0.0000,0.8322,0,-126.2400,-485.0594,-499.5464,4.5108,-496.9175,0.1815,PHASE_4_FWD_BWD,-125.74,-11.18,688.2,383.6,32.44,0,0
2760,17:45:56.955,ROI,160,160,288,288,9.36,10.09,7.375,38.725,99.14,664.08,396.95,128.74,127.64,0.9015,19.3400,-123.9400,0.0000,0.0000,0.9007,0,-123.9400,-484.5788,-499.5423,4.4756,-496.8095,0.1826,PHASE_4_FWD_BWD,-125.74,-11.07,688.2,383.6,27.57,0,0
2761,17:45:57.002,ROI,160,160,288,288,9.03,9.73,0.0,40.15,102.79,666.41,394.60,128.57,127.48,0.9300,19.0800,-123.1200,0.0000,0.0000,0.8997,0,-123.1200,-483.9774,-499.4500,4.3817,-496.5749,0.1858,PHASE_4_FWD_BWD,-125.74,-10.83,688.2,383.6,24.41,0,0
2762,17:45:57.068,ROI,160,160,288,288,8.21,9.10,0.0,42.95,109.91,667.89,392.15,127.28,126.34,0.9405,19.2100,-124.3700,0.0000,0.0000,0.9022,0,-124.3700,-483.8129,-499.2429,4.2815,-496.3213,0.1893,PHASE_4_FWD_BWD,-125.74,-10.58,688.2,383.6,22.03,0,0
2763,17:45:57.131,ROI,160,160,256,256,8.17,8.92,0.0,43.825,112.16,670.42,391.17,128.62,125.44,0.9467,18.8500,-125.4500,0.0000,0.0000,0.8858,0,-125.4500,-483.9416,-499.0104,4.2594,-496.1452,0.1901,PHASE_4_FWD_BWD,-125.74,-10.41,688.2,383.6,19.32,0,0
2764,17:45:57.179,ROI,160,160,288,288,11.05,11.91,0.0,32.825,83.98,672.52,388.71,121.43,123.10,0.9080,19.0500,-124.0300,0.0000,0.0000,0.8924,0,-124.0300,-483.9990,-498.6973,4.1717,-495.8552,0.1934,PHASE_4_FWD_BWD,-125.74,-10.12,688.2,383.6,16.49,0,0
2765,17:45:57.305,ROI,160,160,256,256,8.48,9.17,3.4,0.0,109.10,676.69,386.96,122.93,122.32,0.9086,19.2900,-125.8300,0.0000,0.0000,0.8348,0,-125.8300,-484.4088,-498.3399,4.1389,-495.6290,0.1946,PHASE_4_FWD_BWD,-125.74,-9.89,688.2,383.6,11.99,0,0
2766,17:45:57.353,ROI,160,160,256,256,9.45,10.17,0.0,0.0,98.33,677.31,385.09,124.18,121.68,0.9602,19.8500,-124.2800,0.0000,0.0000,0.8617,0,-124.2800,-484.3268,-497.9021,4.0340,-495.2054,0.1986,PHASE_4_FWD_BWD,-125.74,-9.47,688.2,383.6,10.99,0,0
2767,17:45:57.417,ROI,160,160,256,256,8.91,9.65,7.25,0.0,103.68,677.27,384.44,125.07,121.39,0.9824,20.0900,-125.1200,0.0000,0.0000,0.8597,0,-125.1200,-484.4237,-497.4731,3.9046,-494.8124,0.2039,PHASE_4_FWD_BWD,-125.74,-9.07,688.2,383.6,10.96,0,0
2768,17:45:57.481,ROI,160,160,256,256,10.29,11.00,0.0,0.0,90.88,679.86,383.94,124.18,122.70,0.9492,18.8000,-123.9800,0.0000,0.0000,0.8781,0,-123.9800,-484.2840,-497.2115,3.7280,-494.4773,0.2115,PHASE_4_FWD_BWD,-125.74,-8.74,688.2,383.6,8.34,0,0
2769,17:45:57.529,ROI,160,160,256,256,11.09,11.85,10.55,32.95,84.38,679.59,384.02,123.14,124.24,0.9795,19.1300,-124.7200,0.0000,0.0000,0.8943,0,-124.7200,-484.3771,-497.1068,3.4917,-494.2728,0.2226,PHASE_4_FWD_BWD,-125.74,-8.53,688.2,383.6,8.62,0,0
2770,17:45:57.595,ROI,160,160,256,256,12.13,12.90,0.0,30.275,77.51,680.62,382.93,123.63,122.21,0.9664,19.0700,-124.0500,0.0000,0.0000,0.8537,0,-124.0500,-484.2488,-497.1969,3.2212,-494.1295,0.2369,COMPLETED,-125.74,-8.39,688.2,383.6,7.61,0,0
2771,17:45:57.642,ROI,160,160,256,256,8.89,9.60,0.0,40.7,104.18,678.98,383.74,125.90,125.20,0.9509,18.8200,-126.4100,0.0000,0.0000,0.8602,0,-126.4100,-484.7213,-497.5244,2.9696,-494.2991,0.2519,POST_PH4_SPIN,-125.74,-8.56,688.2,383.6,0.00,0,0
2772,17:45:57.771,ROI,160,160,256,256,8.11,8.83,0.0,44.25,113.26,682.22,383.59,122.05,124.02,0.9401,18.7000,-123.8700,0.0000,0.0000,0.8894,0,-123.8700,-484.5730,-498.2658,2.6936,-494.5587,0.2707,POST_PH4_SPIN,-125.74,-8.82,688.2,383.6,0.00,0,0
2773,17:45:57.819,ROI,160,160,256,256,8.21,8.92,0.0,43.8,112.10,678.96,383.16,125.52,123.76,0.9422,18.9300,-125.4900,0.0000,0.0000,0.8660,0,-125.4900,-484.7947,-498.8571,2.4024,-494.7240,0.2939,POST_PH4_SPIN,-125.74,-8.98,688.2,383.6,0.00,0,0
2774,17:45:57.883,ROI,160,160,256,256,9.15,9.86,7.1,0.0,101.44,682.30,383.61,122.29,123.90,0.9408,18.8000,-123.9000,0.0000,0.0000,0.8891,0,-123.9000,-484.5708,-499.5437,2.0839,-494.6886,0.3243,POST_PH4_SPIN,-125.74,-8.95,688.2,383.6,0.00,0,0
2775,17:45:57.947,ROI,160,160,256,256,8.43,9.17,0.0,0.0,109.02,679.06,383.06,125.65,123.54,0.9409,18.8700,-125.4400,0.0000,0.0000,0.8651,0,-125.4400,-484.8167,-500.0810,1.7666,-494.5636,0.3615,POST_PH4_SPIN,-125.74,-8.82,688.2,383.6,0.00,0,0
2776,17:45:57.995,ROI,160,160,256,256,8.78,9.49,0.0,0.0,105.34,682.34,382.79,124.10,123.81,0.9446,19.1900,-124.5400,0.0000,0.0000,0.8747,0,-124.5400,-484.7958,-500.8668,1.4534,-494.3164,0.4076,POST_PH4_SPIN,-125.74,-8.58,688.2,383.6,0.00,0,0
2777,17:45:58.059,ROI,160,160,256,256,9.89,10.59,0.0,0.0,94.40,679.30,383.04,125.26,124.82,0.9447,19.1100,-126.0300,0.0000,0.0000,0.8866,0,-126.0300,-485.2360,-501.4432,1.1668,-493.9635,0.4615,POST_PH4_SPIN,-125.74,-8.22,688.2,383.6,0.00,0,0
2778,17:45:58.122,ROI,160,160,256,256,9.34,10.07,7.525,0.0,99.26,682.38,382.73,120.99,123.78,0.9433,19.1200,-123.7400,0.0000,0.0000,0.8882,0,-123.7400,-484.9556,-502.2844,0.9691,-493.4838,0.5079,POST_PH4_SPIN,-125.74,-7.74,688.2,383.6,0.00,0,0
2779,17:45:58.170,ROI,160,160,256,256,8.68,9.43,10.3,0.0,106.04,679.57,382.50,123.57,124.61,0.9488,19.0700,-125.4600,0.0000,0.0000,0.8752,0,-125.4600,-484.9396,-502.9060,0.7511,-492.6459,0.5711,POST_PH4_SPIN,-125.74,-6.91,688.2,383.6,0.00,0,0
2780,17:45:58.299,ROI,160,160,256,256,8.00,8.68,3.25,0.0,115.18,682.76,382.88,120.35,125.28,0.9434,18.7800,-123.2100,0.0000,0.0000,0.9128,0,-123.2100,-484.5609,-503.6463,0.5893,-491.6376,0.6292,POST_PH4_SPIN,-125.74,-5.90,688.2,383.6,0.00,0,0
2781,17:45:58.347,ROI,160,160,256,256,7.93,8.65,9.975,45.175,115.59,679.92,382.24,121.42,124.35,0.9446,18.8600,-123.9600,0.0000,0.0000,0.8871,0,-123.9600,-484.4761,-503.9506,0.4094,-490.1333,0.7095,POST_PH4_SPIN,-125.74,-4.39,688.2,383.6,0.00,0,0
2782,17:45:58.410,ROI,160,160,256,256,7.98,8.67,0.0,45.05,115.33,682.33,382.82,119.41,125.97,0.9488,18.7400,-122.1600,0.0000,0.0000,0.9191,0,-122.1600,-483.8913,-504.4297,0.2924,-488.5382,0.7737,POST_PH4_SPIN,-125.74,-2.80,688.2,383.6,0.00,0,0
2783,17:45:58.474,ROI,160,160,256,256,9.34,10.11,0.0,38.65,98.93,680.50,382.13,119.47,124.62,0.9594,18.3500,-123.0600,0.0000,0.0000,0.8945,0,-123.0600,-483.7235,-504.7764,0.2194,-487.5114,0.8201,POST_PH4_SPIN,-125.74,-1.77,688.2,383.6,0.00,0,0
2784,17:45:58.522,ROI,160,160,256,256,8.85,9.60,0.0,40.7,104.19,682.30,382.42,119.94,125.39,0.9644,18.9700,-122.2100,0.0000,0.0000,0.9160,0,-122.2100,-483.2580,-505.1833,0.1884,-486.7335,0.8415,POST_PH4_SPIN,-125.74,-0.99,688.2,383.6,0.00,0,0
2785,17:45:58.587,ROI,160,160,256,256,9.03,9.87,0.0,0.0,101.27,680.74,382.11,119.55,124.61,0.9681,18.7300,-122.8000,0.0000,0.0000,0.9015,0,-122.8000,-483.0430,-502.9706,0.1359,-485.4268,0.8804,POST_PH4_SPIN,-125.74,0.31,688.2,383.6,0.00,0,0
2786,17:45:58.635,ROI,160,160,256,256,8.77,9.50,10.15,0.0,105.28,681.97,382.16,119.26,124.53,0.9788,18.9200,-121.8800,0.0000,0.0000,0.9128,0,-121.8800,-482.5537,-501.3679,0.1353,-484.7961,0.8808,POST_PH4_SPIN,-125.74,0.94,688.2,383.6,0.00,0,0
2787,17:45:58.762,ROI,160,160,256,256,8.93,9.65,3.3,0.0,103.67,681.46,381.39,116.58,123.01,0.9654,18.5900,-121.0600,0.0000,0.0000,0.9038,0,-121.0600,-482.0156,-498.6518,0.1281,-483.9041,0.8865,POST_PH4_SPIN,-125.74,1.84,688.2,383.6,0.00,0,0
2788,17:45:58.811,ROI,160,160,256,256,8.35,9.04,10.075,0.0,110.62,680.39,381.08,117.57,123.12,0.9769,18.4200,-120.5200,0.0000,0.0000,0.9060,0,-120.5200,-481.3568,-493.6554,0.1397,-482.8642,0.8774,POST_PH4_SPIN,-125.74,2.88,688.2,383.6,0.00,0,0
2789,17:45:58.874,ROI,160,160,256,256,8.73,9.51,7.15,41.1,105.18,681.22,382.49,118.80,127.10,0.9553,18.5700,-121.3600,0.0000,0.0000,0.9182,0,-121.3600,-481.1940,-486.7207,0.1091,-481.7375,0.9017,POST_PH4_SPIN,-125.74,4.00,688.2,383.6,0.00,0,0
2790,17:45:58.940,ROI,160,160,256,256,8.16,9.02,0.0,43.325,110.89,681.22,380.96,114.96,122.64,0.9337,18.2600,-119.3500,0.0000,0.0000,0.9088,0,-119.3500,-480.4263,-482.5599,0.1252,-480.6636,0.8888,POST_PH4_SPIN,-125.74,5.08,688.2,383.6,0.00,0,0
2791,17:45:58.987,ROI,160,160,256,256,9.31,10.03,0.0,0.0,99.68,681.32,380.75,115.30,124.26,0.9841,18.6000,-120.2000,0.0000,0.0000,0.9209,0,-120.2000,-480.0918,-475.2422,0.1292,-479.5370,0.8856,POST_PH4_SPIN,-125.74,6.20,688.2,383.6,0.00,0,0
2792,17:45:59.050,ROI,160,160,256,256,8.26,9.09,0.0,43.0,110.02,681.61,380.61,114.83,124.77,0.9909,18.6500,-119.8500,0.0000,0.0000,0.9224,0,-119.8500,-479.6018,-471.2076,0.1398,-478.5723,0.8774,POST_PH4_RE_RFB,-125.74,7.17,688.2,383.6,0.00,0,0
2793,17:45:59.114,ROI,160,160,256,256,8.94,9.69,7.075,0.0,103.16,681.54,380.70,114.13,124.88,0.9923,18.3400,-119.1900,0.0000,0.0000,0.9208,0,-119.1900,-479.2188,-464.8019,0.1385,-477.4649,0.8783,POST_PH4_RE_RFB,-125.74,8.28,688.2,383.6,0.00,0,0
2794,17:45:59.162,ROI,160,160,256,256,8.50,9.23,0.0,0.0,108.37,681.74,380.69,114.08,125.17,0.9944,18.4200,-118.9000,0.0000,0.0000,0.9205,0,-118.9000,-478.7862,-461.5591,0.1512,-476.5241,0.8687,POST_PH4_RE_RFB,-125.74,9.22,688.2,383.6,0.00,0,0
2795,17:45:59.290,ROI,160,160,256,256,8.78,9.55,3.3,0.0,104.76,681.58,380.66,114.06,125.04,0.9962,18.3100,-118.8900,0.0000,0.0000,0.9193,0,-118.8900,-478.6160,-456.3916,0.1437,-475.8235,0.8743,POST_PH4_RE_RFB,-125.74,9.92,688.2,383.6,0.00,0,0
2796,17:45:59.338,ROI,160,160,256,256,8.38,9.09,10.35,0.0,110.01,681.32,380.53,112.86,124.67,0.9866,18.0200,-118.6800,0.0000,0.0000,0.9167,0,-118.6800,-478.2737,-453.7418,0.1482,-475.1065,0.8709,POST_PH4_RE_RFB,-125.74,10.63,688.2,383.6,0.00,0,0
2797,17:45:59.403,ROI,160,160,256,256,8.34,9.31,6.875,0.0,107.39,680.62,381.38,111.52,124.88,0.9743,17.4800,-118.4900,0.0000,0.0000,0.9254,0,-118.4900,-478.1723,-447.9519,0.1331,-474.6228,0.8825,POST_PH4_RE_RFB,-125.74,11.12,688.2,383.6,0.00,0,0
2798,17:45:59.450,ROI,160,160,256,256,8.10,8.81,10.375,0.0,113.50,680.86,382.50,112.19,126.61,0.9763,17.5000,-118.1100,0.0000,0.0000,0.9321,0,-118.1100,-477.8655,-445.1125,0.0895,-475.1742,0.9178,POST_PH4_RE_RFB,-125.74,10.57,688.2,383.6,0.00,0,0
2799,17:45:59.515,ROI,160,160,256,256,7.90,8.67,7.05,0.0,115.28,680.29,383.87,106.45,125.54,0.9287,16.3200,-117.7200,0.0000,0.0000,0.9310,0,-117.7200,-477.6516,-432.5395,0.0533,-475.3689,0.9494,POST_PH4_RE_RFB,-125.74,10.37,688.2,383.6,0.00,0,0
2800,17:45:59.579,ROI,160,160,256,256,8.03,9.29,0.0,42.05,107.70,680.83,383.94,105.95,125.33,0.9882,17.1200,-119.6000,0.0000,0.0000,0.9265,0,-119.6000,-477.7320,-440.9171,0.0405,-476.3004,0.9611,POST_PH4_RE_RFB,-125.74,9.44,688.2,383.6,0.00,0,0
2801,17:45:59.691,ROI,160,160,256,256,7.66,8.43,0.0,0.0,118.59,676.54,387.35,111.63,125.57,0.8770,17.5100,-121.2400,0.0000,0.0000,0.9091,0,-121.2400,-478.2930,-449.1769,0.1845,-473.7580,0.8442,POST_PH4_RE_RFB,-125.74,11.98,688.2,383.6,0.00,0,0
2802,17:45:59.755,ROI,160,160,256,256,7.78,8.47,0.0,0.0,118.03,675.78,387.85,109.18,124.50,0.9697,17.0000,-117.8700,0.0000,0.0000,0.9233,0,-117.8700,-478.1018,-456.7938,0.3122,-473.0324,0.7621,POST_PH4_RE_RFB,-125.74,12.71,688.2,383.6,0.00,0,0
2803,17:45:59.803,ROI,160,160,256,256,8.76,9.46,0.0,41.3,105.70,673.54,389.51,113.50,124.80,0.9358,16.7500,-118.0500,0.0000,0.0000,0.9269,0,-118.0500,-478.0890,-463.9324,0.4846,-473.4679,0.6736,POST_PH4_RE_RFB,-125.74,12.27,688.2,383.6,0.00,0,0
2804,17:45:59.867,ROI,160,160,256,256,9.20,10.06,0.0,38.825,99.41,671.72,392.70,114.80,128.61,0.9216,17.3800,-121.4000,0.0000,0.0000,0.9362,0,-121.4000,-478.7430,-471.0885,0.6851,-475.6310,0.5934,POST_PH4_RE_RFB,-125.74,10.11,688.2,383.6,0.00,0,0
2805,17:45:59.932,ROI,160,160,288,288,7.55,8.25,0.0,0.0,121.23,668.19,393.10,120.42,128.68,0.9360,16.9700,-120.6900,0.0000,0.0000,0.9226,0,-120.6900,-479.1691,-478.3097,0.8949,-478.7632,0.5277,POST_PH4_RE_RFB,-125.74,6.98,688.2,383.6,0.00,0,0
2806,17:45:59.979,ROI,160,160,288,288,7.59,8.27,9.925,0.0,120.89,667.41,392.68,117.81,124.40,0.9458,18.2700,-120.6200,0.0000,0.0000,0.9457,0,-120.6200,-479.5273,-484.8451,1.0841,-482.2935,0.4798,POST_PH4_RE_RFB,-125.74,3.45,688.2,383.6,0.00,0,0
2807,17:46:00.092,ROI,160,160,256,256,7.68,8.60,3.725,0.0,116.32,663.94,401.26,120.64,131.09,0.8272,17.8500,-118.7900,0.0000,0.0000,0.9338,0,-118.7900,-479.6025,-489.4157,1.3978,-485.3231,0.4170,POST_PH4_RE_RFB,-125.74,0.42,688.2,383.6,0.00,0,0
2808,17:46:00.154,ROI,160,160,288,288,7.61,8.28,7.35,0.0,120.75,661.61,402.75,116.35,126.61,0.9287,16.0400,-117.4200,0.0000,0.0000,0.9315,0,-117.4200,-479.2190,-494.5982,1.6842,-488.8688,0.3725,POST_PH4_RE_RFB,-125.74,-3.13,688.2,383.6,0.00,0,0
2809,17:46:00.218,ROI,160,160,256,256,9.81,10.53,6.975,37.1,94.94,659.72,407.74,120.80,132.19,0.8921,17.2900,-120.1300,0.0000,0.0000,0.9393,0,-120.1300,-479.5185,-497.3389,1.9930,-491.3848,0.3341,POST_PH4_RE_RFB,-125.74,-5.64,688.2,383.6,0.00,0,0
2810,17:46:00.267,ROI,160,160,288,288,7.84,8.56,0.0,45.65,116.83,655.92,411.73,115.87,132.28,0.8845,17.4100,-121.1800,0.0000,0.0000,0.9293,0,-121.1800,-479.9953,-500.6990,2.3215,-494.4659,0.3011,POST_PH4_RE_RFB,-125.74,-8.73,688.2,383.6,0.00,0,0
2811,17:46:00.331,ROI,160,160,288,288,9.43,10.15,0.0,38.475,98.50,655.05,411.67,120.29,131.90,0.9605,17.7700,-120.8600,0.0000,0.0000,0.9391,0,-120.8600,-480.3099,-502.0947,2.5784,-496.0069,0.2795,POST_PH4_RE_RFB,-125.74,-10.27,688.2,383.6,0.00,0,0
2812,17:46:00.395,ROI,160,160,288,288,9.47,10.20,0.0,38.325,98.08,651.69,415.48,117.67,131.49,0.8931,17.2600,-119.9100,0.0000,0.0000,0.9405,0,-119.9100,-480.3686,-504.0434,2.8377,-497.8744,0.2606,POST_PH4_RE_RFB,-125.74,-12.13,688.2,383.6,0.00,0,0
2813,17:46:00.443,ROI,160,160,288,288,8.99,9.65,0.0,0.0,103.58,649.90,416.51,119.32,130.99,0.9554,17.5100,-121.3900,0.0000,0.0000,0.9295,0,-121.3900,-480.7113,-504.2448,3.0380,-498.4168,0.2476,POST_PH4_RE_RFB,-125.74,-12.68,688.2,383.6,0.00,0,0
2814,17:46:00.572,ROI,160,160,288,288,9.47,10.19,3.275,0.0,98.16,644.34,421.67,119.27,126.85,0.8437,16.9300,-118.9000,2.8700,-117.4600,0.9392,0,-118.9000,-480.4773,-504.7106,3.2736,-499.0401,0.2340,POST_PH4_RE_RFB,-125.74,-13.30,688.2,383.6,0.00,0,0
2815,17:46:00.619,ROI,160,160,256,256,9.15,9.98,0.0,0.0,100.22,641.70,426.94,120.98,131.17,0.8832,18.1500,-118.4500,0.0000,0.0000,0.9307,0,-118.4500,-480.1261,-502.5697,3.5164,-497.6003,0.2214,POST_PH4_RE_RFB,-125.74,-11.86,688.2,383.6,0.00,0,0
2816,17:46:00.683,ROI,160,160,288,288,9.55,10.26,0.0,0.0,97.44,639.81,428.81,120.49,126.74,0.9370,19.3000,-120.8700,0.0000,0.0000,0.9591,0,-120.8700,-480.2287,-500.4830,3.6953,-496.1692,0.2130,POST_PH4_RE_RFB,-125.74,-10.43,688.2,383.6,0.00,0,0
2817,17:46:00.746,ROI,160,160,256,256,9.10,9.79,0.0,0.0,102.15,637.32,432.14,122.14,128.42,0.9117,18.5300,-119.0600,0.0000,0.0000,0.9258,0,-119.0600,-479.8691,-491.9141,3.8470,-489.4291,0.2063,POST_PH4_RE_RFB,-125.74,-3.69,688.2,383.6,0.00,0,0
2818,17:46:00.795,ROI,160,160,288,288,9.42,10.14,10.125,0.0,98.62,632.61,434.54,120.96,128.38,0.8927,19.4200,-120.4600,0.0000,0.0000,0.9348,0,-120.4600,-479.9815,-492.0545,3.9455,-489.6133,0.2022,POST_PH4_RE_RFB,-125.74,-3.87,688.2,383.6,0.00,0,0
2819,17:46:00.859,ROI,160,160,288,288,9.66,10.36,7.2,37.725,96.55,630.63,437.11,122.92,130.37,0.9308,19.4300,-121.6700,5.4900,-119.0400,0.9626,0,-121.6700,-480.5086,-492.0847,4.0624,-489.7980,0.1975,POST_PH4_RE_RFB,-125.74,-4.06,688.2,383.6,0.00,0,0
2820,17:46:00.923,ROI,160,160,288,288,9.51,10.21,0.0,38.275,97.99,625.57,441.07,121.39,128.93,0.8680,18.8300,-123.2000,0.0000,0.0000,0.9058,0,-123.2000,-480.9669,-491.6757,4.1675,-489.6034,0.1935,POST_PH4_RE_RFB,-125.74,-3.86,688.2,383.6,0.00,0,0
2821,17:46:00.972,ROI,160,160,288,288,9.37,10.12,0.0,0.0,98.79,625.02,444.87,126.86,134.46,0.9035,18.5400,-121.1300,4.0300,-120.2700,0.9620,0,-121.1300,-480.9280,-491.4734,4.2317,-489.4577,0.1911,POST_PH4_RE_RFB,-125.74,-3.72,688.2,383.6,0.00,0,0
2822,17:46:01.083,ROI,160,160,288,288,8.97,9.81,3.85,39.8,101.89,618.07,450.64,126.02,132.41,0.8251,20.7700,-118.5200,0.0000,0.0000,0.9345,0,-118.5200,-480.6731,-491.0957,4.3709,-489.1551,0.1862,POST_PH4_RE_RFB,-125.74,-3.42,688.2,383.6,0.00,0,0
2823,17:46:01.147,ROI,160,160,288,288,7.73,8.44,0.0,46.3,118.52,614.45,455.27,129.04,135.43,0.8831,18.0500,-121.9000,0.0000,0.0000,0.9183,0,-121.9000,-481.0816,-491.0979,4.5022,-489.2775,0.1817,POST_PH4_RE_RFB,-125.74,-3.54,688.2,383.6,0.00,0,0
2824,17:46:01.211,ROI,160,160,288,288,10.13,10.94,0.0,35.7,91.40,614.05,458.10,128.63,135.83,0.9534,18.8900,-121.3900,0.0000,0.0000,0.9292,0,-121.3900,-481.3568,-491.5587,4.5098,-489.7071,0.1815,POST_PH4_RE_RFB,-125.74,-3.97,688.2,383.6,0.00,0,0
2825,17:46:01.259,ROI,160,160,288,288,7.79,8.51,10.6,0.0,117.56,612.29,458.20,130.25,135.22,0.9688,18.5900,-121.7200,0.0000,0.0000,0.8981,0,-121.7200,-481.4826,-491.8719,4.5358,-489.9952,0.1806,POST_PH4_RE_RFB,-125.74,-4.26,688.2,383.6,0.00,0,0
2826,17:46:01.323,ROI,160,160,288,288,7.89,8.59,0.0,0.0,116.44,608.60,464.55,132.34,142.92,0.8644,20.1500,-118.4600,0.0000,0.0000,0.9313,0,-118.4600,-480.7376,-492.1662,4.5813,-490.1186,0.1792,POST_PH4_RE_RFB,-125.74,-4.38,688.2,383.6,0.00,0,0
2827,17:46:01.387,ROI,160,160,288,288,8.04,8.80,6.975,0.0,113.65,605.91,466.61,132.95,139.25,0.9333,18.1200,-118.7000,0.0000,0.0000,0.9050,0,-118.7000,-480.3246,-492.2802,4.6148,-490.1509,0.1781,POST_PH4_RE_RFB,-125.74,-4.41,688.2,383.6,0.00,0,0
2828,17:46:01.435,ROI,160,160,288,288,7.81,8.50,9.925,0.0,117.59,604.08,471.60,135.29,143.82,0.9074,19.9300,-117.9900,0.0000,0.0000,0.9198,0,-117.9900,-479.9080,-492.1645,4.6787,-490.0061,0.1761,POST_PH4_RE_RFB,-125.74,-4.27,688.2,383.6,0.00,0,0
2829,17:46:01.563,ROI,160,160,288,288,8.40,9.58,3.275,40.775,104.39,597.95,481.12,138.35,150.05,0.8069,21.1200,-116.8500,0.0000,0.0000,0.9318,0,-116.8500,-479.2784,-491.8441,4.7869,-489.6727,0.1728,POST_PH4_RE_RFB,-125.74,-3.93,688.2,383.6,0.00,0,0
2830,17:46:01.611,ROI,160,160,320,320,7.62,8.27,0.0,47.25,120.97,595.96,481.46,133.88,144.78,0.9337,18.6000,-121.3700,0.0000,0.0000,0.8766,0,-121.3700,-479.5388,-491.4063,4.8374,-489.3733,0.1713,POST_PH4_RE_RFB,-125.74,-3.63,688.2,383.6,0.00,0,0
2831,17:46:01.675,ROI,160,160,320,320,8.11,8.90,0.0,0.0,112.31,591.50,485.76,135.78,145.92,0.8838,18.0100,-119.7500,0.0000,0.0000,0.9215,0,-119.7500,-479.6065,-490.9542,4.8560,-489.0164,0.1708,POST_PH4_RE_RFB,-125.74,-3.28,688.2,383.6,0.00,0,0
2832,17:46:01.723,ROI,160,160,320,320,7.80,8.47,10.075,0.0,118.06,585.58,489.30,138.08,150.62,0.8758,17.9400,-120.1700,0.0000,0.0000,0.8823,0,-120.1700,-479.5122,-490.6696,4.9491,-488.7941,0.1681,POST_PH4_RE_RFB,-125.74,-3.05,688.2,383.6,0.00,0,0
2833,17:46:01.786,ROI,160,160,320,320,8.23,8.91,0.0,43.85,112.28,582.92,493.44,131.92,148.04,0.9046,18.0900,-118.7600,0.0000,0.0000,0.9363,0,-118.7600,-479.0571,-490.3981,5.0557,-488.5253,0.1651,POST_PH4_RE_RFB,-125.74,-2.79,688.2,383.6,0.00,0,0
2834,17:46:01.851,ROI,160,160,320,320,7.60,8.38,0.0,0.0,119.30,582.88,494.16,131.14,142.12,0.9543,17.4700,-119.5200,0.0000,0.0000,0.9174,0,-119.5200,-479.0209,-490.1009,5.0411,-488.2668,0.1655,POST_PH4_RE_RFB,-125.74,-2.53,688.2,383.6,0.00,0,0
2835,17:46:01.899,ROI,160,160,288,288,7.64,8.35,19.575,0.0,119.69,575.72,500.77,135.13,143.59,0.8221,19.1300,-118.5800,0.0000,0.0000,0.8978,0,-118.5800,-478.6150,-489.7867,5.0988,-487.9549,0.1640,POST_PH4_RE_RFB,-125.74,-2.21,688.2,383.6,0.00,0,0
2836,17:46:02.028,ROI,160,160,288,288,7.66,8.36,0.0,0.0,119.56,572.62,506.50,129.53,140.92,0.8816,18.8100,-119.3200,0.0000,0.0000,0.9306,0,-119.3200,-478.5244,-489.5167,5.1733,-487.7361,0.1620,POST_PH4_RE_RFB,-125.74,-2.00,688.2,383.6,0.00,0,0
2837,17:46:02.075,ROI,160,160,288,288,7.65,8.41,0.0,0.0,118.87,569.01,509.94,128.41,137.27,0.9009,17.3200,-119.4500,0.0000,0.0000,0.9087,0,-119.4500,-478.6150,-489.3189,5.2052,-487.5939,0.1612,POST_PH4_RE_RFB,-125.74,-1.85,688.2,383.6,0.00,0,0
2838,17:46:02.139,ROI,160,160,288,288,8.15,8.89,0.0,0.0,112.50,566.08,513.16,127.35,141.88,0.9132,18.5700,-121.1000,0.0000,0.0000,0.9168,0,-121.1000,-479.2522,-489.2885,5.2397,-487.6800,0.1603,POST_PH4_RE_RFB,-125.74,-1.94,688.2,383.6,0.00,0,0
2839,17:46:02.203,ROI,160,160,288,288,7.77,8.51,0.0,45.925,117.54,563.44,516.89,129.55,138.17,0.9111,18.0300,-121.2900,0.0000,0.0000,0.9174,0,-121.2900,-479.7351,-489.2760,5.2251,-487.7433,0.1606,POST_PH4_RE_RFB,-125.74,-2.00,688.2,383.6,0.00,0,0
2840,17:46:02.251,ROI,160,160,288,288,7.94,8.69,0.0,44.95,115.10,560.79,519.74,125.93,141.52,0.9219,16.9200,-122.5600,0.0000,0.0000,0.9196,0,-122.5600,-480.1851,-489.3691,5.2580,-487.9016,0.1598,POST_PH4_RE_RFB,-125.74,-2.16,688.2,383.6,0.00,0,0
2841,17:46:02.315,ROI,160,160,288,288,7.90,8.62,0.0,0.0,116.06,558.56,522.82,127.55,139.34,0.9249,17.5700,-120.3600,0.0000,0.0000,0.9372,0,-120.3600,-480.4896,-489.5965,5.2873,-488.1480,0.1591,POST_PH4_RE_RFB,-125.74,-2.41,688.2,383.6,0.00,0,0
2842,17:46:02.379,ROI,160,160,288,288,7.61,8.32,7.05,46.925,120.14,555.44,524.63,125.55,140.71,0.9283,17.3100,-120.9100,0.0000,0.0000,0.9291,0,-120.9100,-480.8770,-489.9385,5.2425,-488.4869,0.1602,POST_PH4_RE_RFB,-125.74,-2.75,688.2,383.6,0.00,0,0
2843,17:46:02.491,ROI,160,160,288,288,7.61,8.27,3.75,47.225,120.94,550.34,529.08,132.91,144.79,0.8695,18.3300,-118.3800,0.0000,0.0000,0.9279,0,-118.3800,-480.7916,-490.4462,5.1571,-488.8781,0.1624,POST_PH4_RE_RFB,-125.74,-3.14,688.2,383.6,0.00,0,0
2844,17:46:02.540,ROI,160,160,320,320,7.87,8.56,9.775,0.0,116.80,549.32,528.74,128.50,140.92,0.9410,16.8800,-119.3400,0.0000,0.0000,0.9350,0,-119.3400,-480.5991,-491.0741,5.0267,-489.3360,0.1659,POST_PH4_RE_RFB,-125.74,-3.60,688.2,383.6,0.00,0,0
2845,17:46:02.603,ROI,160,160,288,288,7.65,8.35,0.0,0.0,119.76,552.55,533.42,138.11,148.19,0.8725,17.4400,-116.9200,0.0000,0.0000,0.9155,0,-116.9200,-479.9225,-491.5766,4.8040,-489.5687,0.1723,POST_PH4_RE_RFB,-125.74,-3.83,688.2,383.6,0.00,0,0
2846,17:46:02.667,ROI,160,160,320,320,7.75,8.47,0.0,0.0,118.11,548.20,531.62,132.16,146.28,0.9155,15.5200,-120.8500,0.0000,0.0000,0.8549,0,-120.8500,-480.0026,-492.0289,4.5295,-489.8540,0.1808,POST_PH4_RE_RFB,-125.74,-4.11,688.2,383.6,0.00,0,0
2847,17:46:02.715,ROI,160,160,320,320,7.88,8.52,9.875,0.0,117.40,547.22,532.24,128.04,144.72,0.9585,16.5500,-118.7400,0.0000,0.0000,0.9389,0,-118.7400,-479.4740,-492.3113,4.3245,-489.9003,0.1878,POST_PH4_RE_RFB,-125.74,-4.16,688.2,383.6,0.00,0,0
2848,17:46:02.778,ROI,160,160,320,320,8.17,8.86,7.05,0.0,112.90,546.24,532.56,128.90,144.30,0.9805,16.4900,-119.6400,0.0000,0.0000,0.9297,0,-119.6400,-479.5987,-492.5225,4.0178,-489.9469,0.1993,POST_PH4_RE_RFB,-125.74,-4.21,688.2,383.6,0.00,0,0
2849,17:46:02.891,ROI,160,160,320,320,7.51,8.16,3.775,47.875,122.55,545.04,534.58,130.60,147.62,0.9550,16.3700,-119.6800,0.0000,0.0000,0.9310,0,-119.6800,-479.5819,-492.6705,3.7257,-489.9008,0.2116,POST_PH4_RE_RFB,-125.74,-4.16,688.2,383.6,0.00,0,0
2850,17:46:02.955,ROI,160,160,320,320,7.55,8.19,0.0,0.0,122.16,545.04,536.48,133.20,148.46,0.9558,16.6000,-119.1100,0.0000,0.0000,0.9318,0,-119.1100,-479.4963,-492.8733,3.4487,-489.8664,0.2248,POST_PH4_RE_RFB,-125.74,-4.13,688.2,383.6,0.00,0,0
2851,17:46:03.003,ROI,160,160,320,320,7.65,8.31,0.0,47.025,120.37,545.10,537.20,134.66,147.22,0.9797,16.1400,-119.3700,0.0000,0.0000,0.9155,0,-119.3700,-479.3259,-493.0104,3.1471,-489.7106,0.2411,POST_PH4_RE_RFB,-125.74,-3.97,688.2,383.6,0.00,0,0
2852,17:46:03.066,ROI,160,160,320,320,7.66,8.31,0.0,47.025,120.40,545.62,537.98,135.96,148.34,0.9801,15.6600,-120.0800,0.0000,0.0000,0.9013,0,-120.0800,-479.3746,-492.9773,2.7411,-489.3412,0.2673,POST_PH4_RE_RFB,-125.74,-3.60,688.2,383.6,0.00,0,0
2853,17:46:03.132,ROI,160,160,320,320,7.56,8.40,0.0,46.5,119.08,545.56,537.96,135.62,148.14,0.9962,15.7200,-120.1100,0.0000,0.0000,0.9031,0,-120.1100,-479.3151,-492.8734,2.4072,-488.8942,0.2935,POST_PH4_RE_RFB,-125.74,-3.15,688.2,383.6,0.00,0,0
2854,17:46:03.179,ROI,160,160,320,320,8.01,8.71,0.0,44.875,114.86,545.80,538.08,135.78,149.16,0.9897,15.5300,-119.7300,0.0000,0.0000,0.9039,0,-119.7300,-479.2332,-492.5420,2.0979,-488.2459,0.3228,POST_PH4_RE_RFB,-125.74,-2.51,688.2,383.6,0.00,0,0
2855,17:46:03.306,ROI,160,160,320,320,8.32,9.01,0.0,0.0,110.98,546.16,537.96,135.78,149.84,0.9902,15.5300,-120.3200,0.0000,0.0000,0.8926,0,-120.3200,-479.2794,-491.9870,1.7954,-487.4411,0.3577,POST_PH4_RE_RFB,-125.74,-1.70,688.2,383.6,0.00,0,0
2856,17:46:03.355,ROI,160,160,320,320,7.67,8.45,9.9,0.0,118.37,545.98,536.02,131.46,148.20,0.9435,15.6500,-121.0900,0.0000,0.0000,0.8889,0,-121.0900,-479.6512,-491.4000,1.4798,-486.6622,0.4033,POST_PH4_RE_RFB,-125.74,-0.92,688.2,383.6,0.00,0,0
2857,17:46:03.419,ROI,160,160,320,320,9.39,10.46,7.025,0.0,95.59,547.56,534.46,135.96,147.38,0.9471,17.0600,-119.7000,0.0000,0.0000,0.9086,0,-119.7000,-479.7598,-490.5664,1.1523,-485.5455,0.4646,POST_PH4_RE_RFB,-125.74,0.19,688.2,383.6,0.00,0,0
2858,17:46:03.482,ROI,160,160,320,320,7.71,8.41,0.0,0.0,118.97,547.48,532.84,131.94,147.22,0.9496,16.5200,-119.7100,0.0000,0.0000,0.9182,0,-119.7100,-480.0394,-489.6485,0.8313,-484.4015,0.5460,POST_PH4_RE_RFB,-125.74,1.34,688.2,383.6,0.00,0,0
2859,17:46:03.530,ROI,160,160,320,320,8.23,8.90,0.0,43.9,112.38,548.30,530.22,130.66,143.32,0.9527,16.1000,-118.9600,0.0000,0.0000,0.9144,0,-118.9600,-479.9711,-488.6584,0.5014,-482.8724,0.6660,POST_PH4_RE_RFB,-125.74,2.87,688.2,383.6,0.00,0,0
2860,17:46:03.595,ROI,160,160,288,288,8.63,9.35,0.0,41.8,107.00,552.14,530.04,138.44,150.91,0.8963,18.0400,-120.7700,0.0000,0.0000,0.9113,0,-120.7700,-480.3589,-484.7986,0.1745,-481.0187,0.8514,POST_PH4_RE_RFB,-125.74,4.72,688.2,383.6,0.00,0,0
2861,17:46:03.643,ROI,160,160,320,320,7.97,8.64,0.0,45.225,115.76,551.90,524.58,129.36,137.92,0.8540,16.5800,-120.6800,0.0000,0.0000,0.8812,0,-120.6800,-480.4497,-484.0831,0.1213,-480.8428,0.8918,POST_PH4_RE_RFB,-125.74,4.90,688.2,383.6,0.00,0,0
2862,17:46:03.771,ROI,160,160,288,288,7.90,8.61,0.0,0.0,116.09,557.93,519.52,132.82,144.52,0.8510,18.2300,-121.6500,0.0000,0.0000,0.9007,0,-121.6500,-480.8053,-483.0459,0.5309,-481.5824,0.6532,POST_PH4_RE_RFB,-125.74,4.16,688.2,383.6,0.00,0,0
2863,17:46:03.818,ROI,160,160,320,320,7.92,8.62,10.0,45.325,115.98,561.62,517.96,123.54,141.18,0.9086,16.2200,-117.8800,0.0000,0.0000,0.9196,0,-117.8800,-480.0799,-483.7946,0.9399,-481.8797,0.5155,POST_PH4_RE_RFB,-125.74,3.86,688.2,383.6,0.00,0,0
2864,17:46:03.882,ROI,160,160,288,288,7.99,8.72,0.0,0.0,114.69,564.06,515.11,125.03,140.76,0.9241,18.7800,-121.2500,0.0000,0.0000,0.9287,0,-121.2500,-480.4640,-484.5306,1.3544,-482.8034,0.4247,POST_PH4_RE_RFB,-125.74,2.94,688.2,383.6,0.00,0,0
2865,17:46:03.945,ROI,160,160,288,288,7.87,8.80,7.175,44.4,113.64,566.70,513.72,125.03,139.93,0.9402,17.6700,-121.3000,0.0000,0.0000,0.9033,0,-121.3000,-480.6170,-485.3073,1.7486,-483.6009,0.3638,POST_PH4_RE_RFB,-125.74,2.14,688.2,383.6,0.00,0,0
2866,17:46:03.994,ROI,160,160,288,288,7.69,8.38,0.0,0.0,119.29,567.93,509.69,129.62,132.46,0.9109,18.3800,-123.1600,0.0000,0.0000,0.8382,0,-123.1600,-481.2057,-485.8907,2.1382,-484.3978,0.3186,POST_PH4_RE_RFB,-125.74,1.34,688.2,383.6,0.00,0,0
2867,17:46:04.059,ROI,160,160,288,288,7.71,8.42,6.925,0.0,118.72,569.61,509.11,130.93,138.22,0.9342,19.5800,-121.2500,0.0000,0.0000,0.9178,0,-121.2500,-481.3461,-486.4532,2.4446,-484.9705,0.2903,POST_PH4_RE_RFB,-125.74,0.77,688.2,383.6,0.00,0,0
2868,17:46:04.122,ROI,160,160,288,288,7.69,8.42,14.225,0.0,118.72,572.38,505.20,127.62,133.97,0.9052,17.8300,-121.0500,0.0000,0.0000,0.8514,0,-121.0500,-481.3548,-487.0945,2.7332,-485.5570,0.2679,POST_PH4_RE_RFB,-125.74,0.18,688.2,383.6,0.00,0,0
2869,17:46:04.171,ROI,160,160,288,288,7.91,8.69,0.0,0.0,115.10,574.81,500.30,133.69,137.86,0.8890,19.0000,-119.9500,0.0000,0.0000,0.8601,0,-119.9500,-481.1332,-487.7271,3.0194,-486.0866,0.2488,POST_PH4_RE_RFB,-125.74,-0.35,688.2,383.6,0.00,0,0
2870,17:46:04.283,ROI,160,160,288,288,7.82,8.54,0.0,0.0,117.05,583.41,493.11,130.73,137.50,0.7954,17.0800,-121.3700,0.0000,0.0000,0.8481,0,-121.3700,-481.2709,-488.5074,3.3960,-486.8613,0.2275,POST_PH4_RE_RFB,-125.74,-1.12,688.2,383.6,0.00,0,0
2871,17:46:04.347,ROI,160,160,288,288,7.99,8.84,7.05,0.0,113.10,590.38,489.44,135.14,138.01,0.8558,19.6900,-121.5800,0.0000,0.0000,0.8694,0,-121.5800,-481.4323,-489.5843,3.7800,-487.8789,0.2092,POST_PH4_RE_RFB,-125.74,-2.14,688.2,383.6,0.00,0,0
2872,17:46:04.410,ROI,160,160,288,288,7.69,8.39,0.0,46.6,119.25,591.53,487.69,138.29,141.37,0.9531,19.3300,-119.2500,0.0000,0.0000,0.9096,0,-119.2500,-481.0488,-490.7832,4.0671,-488.8621,0.1974,POST_PH4_RE_RFB,-125.74,-3.12,688.2,383.6,0.00,0,0
2873,17:46:04.459,ROI,160,160,288,288,7.58,8.23,0.0,0.0,121.45,595.23,484.71,138.80,141.25,0.9099,18.7600,-117.8400,0.0000,0.0000,0.9077,0,-117.8400,-480.4506,-492.0745,4.3040,-489.8830,0.1885,POST_PH4_RE_RFB,-125.74,-4.14,688.2,383.6,0.00,0,0
2874,17:46:04.522,ROI,160,160,288,288,8.12,8.82,0.0,44.275,113.36,600.47,479.30,143.33,141.10,0.8621,18.4500,-119.4100,0.0000,0.0000,0.9171,0,-119.4100,-480.3029,-493.4023,4.5500,-491.0420,0.1802,POST_PH4_RE_RFB,-125.74,-5.30,688.2,383.6,0.00,0,0
2875,17:46:04.587,ROI,160,160,288,288,7.66,8.84,6.875,0.0,113.07,600.97,477.94,136.53,141.86,0.9349,19.1400,-118.3700,0.0000,0.0000,0.9330,0,-118.3700,-479.8174,-494.6165,4.7011,-492.0206,0.1754,POST_PH4_RE_RFB,-125.74,-6.28,688.2,383.6,0.00,0,0
2876,17:46:04.635,ROI,160,160,288,288,8.36,9.06,0.0,0.0,110.43,605.06,474.41,136.04,139.79,0.8970,18.5300,-117.4300,0.0000,0.0000,0.8820,0,-117.4300,-479.1639,-495.7028,4.8079,-492.8552,0.1722,POST_PH4_RE_RFB,-125.74,-7.12,688.2,383.6,0.00,0,0
2877,17:46:04.747,ROI,160,160,288,288,7.90,8.60,3.8,0.0,116.24,608.73,466.06,131.81,136.22,0.8410,19.7600,-119.2200,0.0000,0.0000,0.8774,0,-119.2200,-478.8334,-496.4434,4.9423,-493.4799,0.1683,POST_PH4_RE_RFB,-125.74,-7.74,688.2,383.6,0.00,0,0
2878,17:46:04.811,ROI,160,160,288,288,8.00,8.66,7.1,0.0,115.42,611.06,459.63,133.79,135.74,0.8796,20.5300,-121.2500,0.0000,0.0000,0.8803,0,-121.2500,-479.1150,-495.3272,5.0599,-492.6519,0.1650,POST_PH4_RE_RFB,-125.74,-6.91,688.2,383.6,0.00,0,0
2879,17:46:04.874,ROI,160,160,288,288,7.72,8.43,0.0,46.35,118.66,613.68,457.00,129.08,133.78,0.9246,19.5200,-122.0800,0.0000,0.0000,0.9173,0,-122.0800,-479.5480,-495.0645,5.1286,-492.5327,0.1632,POST_PH4_RE_RFB,-125.74,-6.79,688.2,383.6,0.00,0,0
2880,17:46:04.923,ROI,160,160,288,288,7.61,8.30,0.0,0.0,120.46,615.61,455.29,128.16,134.37,0.9464,19.9400,-122.7900,0.0000,0.0000,0.9141,0,-122.7900,-480.2096,-494.2174,5.2082,-491.9611,0.1611,POST_PH4_RE_RFB,-125.74,-6.22,688.2,383.6,0.00,0,0
2881,17:46:04.987,ROI,160,160,288,288,7.72,8.39,0.0,46.575,119.18,618.29,450.99,127.67,130.70,0.8997,20.9900,-122.1600,0.0000,0.0000,0.9154,0,-122.1600,-480.3033,-493.9778,5.2693,-491.7967,0.1595,POST_PH4_RE_RFB,-125.74,-6.06,688.2,383.6,0.00,0,0
2882,17:46:05.050,ROI,160,160,288,288,7.63,8.34,0.0,46.85,119.93,618.25,449.66,126.50,131.45,0.9711,17.7200,-122.7400,0.0000,0.0000,0.8990,0,-122.7400,-480.8151,-493.5395,5.2408,-491.5006,0.1602,POST_PH4_RE_RFB,-125.74,-5.76,688.2,383.6,0.00,0,0
2883,17:46:05.099,ROI,160,160,288,288,9.32,10.08,0.0,38.75,99.16,620.68,446.17,128.74,128.56,0.9134,19.8300,-124.3900,0.0000,0.0000,0.9069,0,-124.3900,-481.6441,-492.9973,5.1663,-491.1561,0.1622,POST_PH4_RE_RFB,-125.74,-5.42,688.2,383.6,0.00,0,0
2884,17:46:05.227,ROI,160,160,288,288,7.85,8.55,0.0,0.0,117.01,627.38,438.22,121.37,125.44,0.7967,20.9600,-122.2700,0.0000,0.0000,0.9171,0,-122.2700,-482.1916,-492.1574,5.1728,-490.5430,0.1620,POST_PH4_RE_RFB,-125.74,-4.80,688.2,383.6,0.00,0,0
2885,17:46:05.275,ROI,160,160,256,256,7.78,8.48,20.1,0.0,117.94,633.64,435.25,124.48,127.18,0.8633,19.8800,-122.9100,0.0000,0.0000,0.9244,0,-122.9100,-482.6735,-491.2574,5.1274,-489.8565,0.1632,POST_PH4_RE_RFB,-125.74,-4.12,688.2,383.6,0.00,0,0
2886,17:46:05.339,ROI,160,160,256,256,8.30,9.37,0.0,0.0,106.71,635.67,432.98,124.19,129.09,0.9348,19.7700,-122.1200,0.0000,0.0000,0.9162,0,-122.1200,-482.9423,-490.3054,5.0276,-489.0838,0.1659,POST_PH4_RE_RFB,-125.74,-3.34,688.2,383.6,0.00,0,0
2887,17:46:05.402,ROI,160,160,288,288,9.28,9.98,7.3,0.0,100.19,639.21,428.94,121.66,125.93,0.8873,19.7300,-120.5600,3.0200,-119.1300,0.9393,0,-120.5600,-482.7508,-489.2085,4.9292,-488.1193,0.1687,POST_PH4_RE_RFB,-125.74,-2.38,688.2,383.6,0.00,0,0
2888,17:46:05.450,ROI,160,160,256,256,8.95,9.66,10.175,0.0,103.49,640.14,428.58,121.44,127.97,0.9693,19.5800,-120.1100,0.0000,0.0000,0.9365,0,-120.1100,-482.6143,-488.1774,4.8631,-487.2285,0.1706,POST_PH4_RE_RFB,-125.74,-1.49,688.2,383.6,0.00,0,0
2889,17:46:05.515,ROI,160,160,256,256,8.95,9.62,0.0,40.625,103.97,643.71,425.49,122.18,128.96,0.8999,19.4300,-120.3600,0.0000,0.0000,0.9259,0,-120.3600,-482.5744,-487.4655,4.8419,-486.6282,0.1712,POST_PH4_RE_RFB,-125.74,-0.89,688.2,383.6,0.00,0,0
2890,17:46:05.563,ROI,160,160,288,288,9.40,10.09,0.0,38.725,99.12,645.14,422.53,119.70,131.09,0.9339,18.5100,-120.5300,3.3200,-118.8300,0.9326,0,-120.5300,-482.3319,-487.0069,4.7465,-486.1934,0.1740,POST_PH4_RE_RFB,-125.74,-0.45,688.2,383.6,0.00,0,0
2891,17:46:05.691,ROI,160,160,288,288,8.03,8.75,0.0,44.625,114.22,649.21,417.39,115.81,128.14,0.8639,18.7400,-121.1900,0.0000,0.0000,0.9130,0,-121.1900,-482.0453,-486.8699,4.6831,-486.0209,0.1760,POST_PH4_RE_RFB,-125.74,-0.28,688.2,383.6,0.00,0,0
2892,17:46:05.738,ROI,160,160,288,288,9.26,9.99,0.0,39.125,100.13,652.65,411.08,114.28,125.19,0.8547,17.2900,-119.9500,0.0000,0.0000,0.9080,0,-119.9500,-481.6205,-486.9931,4.7133,-486.0527,0.1750,POST_PH4_RE_RFB,-125.74,-0.31,688.2,383.6,0.00,0,0
2893,17:46:05.803,ROI,160,160,256,256,9.47,10.33,0.0,75.625,96.81,653.57,411.18,116.13,130.02,0.9476,17.4200,-120.2900,2.3400,-117.6300,0.9291,0,-120.2900,-481.1404,-487.3914,4.6027,-486.2757,0.1785,POST_PH4_RE_RFB,-125.74,-0.54,688.2,383.6,0.00,0,0
2894,17:46:05.866,ROI,160,160,288,288,9.30,10.17,0.0,38.425,98.34,655.65,410.23,118.42,129.74,0.9514,16.8000,-119.2400,4.1900,-120.2500,0.9384,0,-119.2400,-480.3071,-488.1555,4.4590,-486.7178,0.1832,POST_PH4_RE_RFB,-125.74,-0.98,688.2,383.6,0.00,0,0
2895,17:46:05.915,ROI,160,160,288,288,9.14,10.02,0.0,0.0,99.80,661.79,405.91,116.62,128.90,0.8452,17.5400,-119.7400,2.4200,-117.5000,0.8914,0,-119.7400,-479.7434,-489.1336,4.4469,-487.4096,0.1836,POST_PH4_RE_RFB,-125.74,-1.67,688.2,383.6,0.00,0,0
2896,17:46:05.979,ROI,160,160,288,288,9.90,10.93,0.0,0.0,91.53,662.67,404.71,119.47,132.43,0.9502,16.2900,-116.9400,0.0000,0.0000,0.9052,0,-116.9400,-478.8230,-490.1726,4.4201,-488.0786,0.1845,POST_PH4_RE_RFB,-125.74,-2.34,688.2,383.6,0.00,0,0
2897,17:46:06.091,ROI,160,160,288,288,7.84,8.56,3.875,0.0,116.77,665.24,397.39,121.43,123.46,0.8570,18.2200,-121.4800,0.0000,0.0000,0.8568,0,-121.4800,-478.9996,-491.0410,4.4351,-488.8255,0.1840,POST_PH4_RE_RFB,-125.74,-3.09,688.2,383.6,0.00,0,0
2898,17:46:06.155,ROI,160,160,256,256,9.98,10.71,7.075,0.0,93.36,667.82,393.94,123.06,123.44,0.9076,17.7400,-122.0000,0.0000,0.0000,0.8831,0,-122.0000,-479.3722,-491.7630,4.4132,-489.4740,0.1847,POST_PH4_RE_RFB,-125.74,-3.73,688.2,383.6,0.00,0,0
2899,17:46:06.219,ROI,160,160,256,256,7.94,8.63,7.275,45.25,115.84,668.28,392.84,122.08,125.26,0.9747,18.6800,-120.1800,0.0000,0.0000,0.9158,0,-120.1800,-479.3160,-492.2991,4.3428,-489.8691,0.1872,POST_PH4_RE_RFB,-125.74,-4.13,688.2,383.6,0.00,0,0
2900,17:46:06.267,ROI,160,160,256,256,7.99,8.68,0.0,45.025,115.26,672.62,389.86,117.86,124.02,0.8879,18.2100,-119.8600,0.0000,0.0000,0.9229,0,-119.8600,-479.2936,-492.6457,4.2232,-490.0893,0.1915,POST_PH4_RE_RFB,-125.74,-4.35,688.2,383.6,0.00,0,0
2901,17:46:06.330,ROI,160,160,256,256,7.78,8.51,0.0,0.0,117.57,673.94,389.40,118.53,128.85,0.9417,18.1700,-118.0000,0.0000,0.0000,0.9225,0,-118.0000,-479.1243,-492.8093,4.0410,-490.0946,0.1984,POST_PH4_RE_RFB,-125.74,-4.35,688.2,383.6,0.00,0,0
2902,17:46:06.395,ROI,160,160,288,288,7.54,8.25,6.925,0.0,121.18,674.67,388.53,114.23,130.59,0.9513,15.4700,-115.3000,0.0000,0.0000,0.9016,0,-115.3000,-478.2789,-492.7162,3.9223,-489.7832,0.2032,POST_PH4_RE_RFB,-125.74,-4.04,688.2,383.6,0.00,0,0
2903,17:46:06.444,ROI,160,160,288,288,8.60,9.26,0.0,42.2,108.01,676.45,386.83,113.54,128.66,0.9445,15.1500,-116.0100,0.0000,0.0000,0.8859,0,-116.0100,-477.7722,-492.5970,3.8296,-489.5275,0.2071,POST_PH4_RE_RFB,-125.74,-3.79,688.2,383.6,0.00,0,0
2904,17:46:06.555,ROI,160,160,288,288,7.95,8.69,3.85,0.0,115.03,678.27,382.02,113.31,123.70,0.8983,16.3700,-117.1700,0.0000,0.0000,0.8893,0,-117.1700,-477.5363,-492.3358,3.7480,-489.2188,0.2106,POST_PH4_RE_RFB,-125.74,-3.48,688.2,383.6,0.00,0,0
2905,17:46:06.619,ROI,160,160,256,256,7.89,8.61,0.0,0.0,116.19,679.57,384.00,107.41,124.59,0.9191,16.6900,-116.4100,0.0000,0.0000,0.9364,0,-116.4100,-477.0582,-492.0294,3.6231,-488.7911,0.2163,POST_PH4_RE_RFB,-125.74,-3.05,688.2,383.6,0.00,0,0
2906,17:46:06.682,ROI,160,160,256,256,8.00,8.68,0.0,0.0,115.15,680.04,382.45,111.22,126.64,0.9423,16.0000,-116.8500,0.0000,0.0000,0.8828,0,-116.8500,-476.6931,-491.7006,3.4170,-488.3029,0.2264,POST_PH4_RE_RFB,-125.74,-2.56,688.2,383.6,0.00,0,0
2907,17:46:06.730,ROI,160,160,256,256,11.40,12.10,9.95,0.0,82.64,680.64,382.40,107.95,126.03,0.9660,16.5300,-117.4000,0.0000,0.0000,0.9238,0,-117.4000,-476.5255,-491.5163,3.1843,-487.9337,0.2390,POST_PH4_RE_RFB,-125.74,-2.19,688.2,383.6,0.00,0,0
2908,17:46:06.794,ROI,160,160,256,256,8.16,8.87,0.0,0.0,112.71,681.22,381.71,109.31,125.30,0.9769,16.8200,-117.7800,0.0000,0.0000,0.9198,0,-117.7800,-476.5065,-491.4087,2.9126,-487.5999,0.2556,POST_PH4_SETTLING,-125.74,-1.86,688.2,383.6,0.00,0,0
2909,17:46:06.859,ROI,160,160,256,256,7.59,8.32,0.0,46.975,120.23,680.07,381.08,111.18,124.94,0.9697,17.4500,-117.8100,0.0000,0.0000,0.9086,0,-117.8100,-476.6152,-491.2901,2.6517,-487.2714,0.2738,POST_PH4_SETTLING,-125.74,-1.53,688.2,383.6,0.00,0,0
2910,17:46:06.906,ROI,160,160,256,256,7.57,8.23,0.0,0.0,121.53,680.13,382.02,110.83,126.00,0.9820,17.3200,-118.1600,0.0000,0.0000,0.9243,0,-118.1600,-476.7171,-491.0700,2.4181,-486.8709,0.2926,POST_PH4_SETTLING,-125.74,-1.13,688.2,383.6,0.00,0,0
2911,17:46:07.034,ROI,160,160,256,256,7.61,8.34,0.0,0.0,119.93,681.17,381.10,110.90,124.80,0.9673,17.0700,-118.3700,0.0000,0.0000,0.9173,0,-118.3700,-476.9311,-490.8370,2.1368,-486.4039,0.3188,POST_PH4_SETTLING,-125.74,-0.66,688.2,383.6,0.00,0,0
2912,17:46:07.083,ROI,160,160,256,256,9.10,9.79,0.0,0.0,102.15,679.74,380.95,111.41,124.62,0.9722,17.7100,-117.5900,0.0000,0.0000,0.9101,0,-117.5900,-476.9025,-490.6194,1.7977,-485.7165,0.3574,POST_PH4_SETTLING,-125.74,0.02,688.2,383.6,0.00,0,0
2913,17:46:07.146,ROI,160,160,256,256,7.82,8.52,0.0,45.875,117.43,681.22,381.36,111.86,126.75,0.9575,17.6600,-118.6800,0.0000,0.0000,0.9349,0,-118.6800,-477.1815,-490.8677,1.5350,-485.4688,0.3945,POST_PH4_SETTLING,-125.74,0.27,688.2,383.6,0.00,0,0
2914,17:46:07.211,ROI,160,160,256,256,7.81,8.51,0.0,0.0,117.53,679.82,380.92,111.34,124.53,0.9581,17.7500,-117.7000,0.0000,0.0000,0.9132,0,-117.7000,-476.9674,-491.4404,1.2271,-484.9419,0.4490,POST_PH4_SETTLING,-125.74,0.80,688.2,383.6,0.00,0,0
2915,17:46:07.259,ROI,160,160,256,256,8.69,9.47,9.75,0.0,105.55,681.16,381.46,111.70,126.77,0.9591,17.5700,-118.8000,0.0000,0.0000,0.9357,0,-118.8000,-477.4696,-492.0331,1.0079,-484.7801,0.4980,POST_PH4_SETTLING,-125.74,0.96,688.2,383.6,0.00,0,0
2916,17:46:07.323,ROI,160,160,256,256,7.54,8.20,0.0,0.0,121.89,679.77,381.13,110.96,124.70,0.9596,17.4100,-117.4900,0.0000,0.0000,0.9131,0,-117.4900,-477.8084,-492.1947,0.8138,-484.2631,0.5513,POST_PH4_SETTLING,-125.74,1.48,688.2,383.6,0.00,0,0
2917,17:46:07.371,ROI,160,160,256,256,7.58,8.31,0.0,0.0,120.35,680.68,382.38,109.68,125.97,0.9644,17.2500,-116.4800,0.0000,0.0000,0.9298,0,-116.4800,-477.8174,-492.0157,0.6008,-483.1462,0.6247,POST_PH4_SETTLING,-125.74,2.59,688.2,383.6,0.00,0,0
2918,17:46:07.499,ROI,160,160,256,256,7.54,8.40,3.275,0.0,118.99,681.38,381.04,110.83,124.64,0.9668,17.1400,-118.3700,0.0000,0.0000,0.9189,0,-118.3700,-478.2426,-491.6978,0.4806,-482.6099,0.6754,POST_PH4_SETTLING,-125.74,3.13,688.2,383.6,0.00,0,0
