frame_id,timestamp,mode,input_width,input_height,roi_w,roi_h,inf_time_ms,end_to_end_time_ms,cpu_load_pct,end_to_end_cpu_load_pct,fps,x_center,y_center,width,height,iou_prev_bbox,group1_magnitude,group1_angle,group2_magnitude,group2_angle,best_conf,tracking_lost,raw_angle,model_angle_smooth,trajectory_angle_smooth,estimated_speed,fused_angle,fused_weight_x,pid_mode,target_angle,angle_error,target_x,target_y,distance_error,ble_speed_left,ble_speed_right,post_ph4_spin_elapsed_s,post_ph4_re_rfb_elapsed_s
615,15:35:22.805,ROI,160,160,256,256,14.63,15.80,3.325,24.725,63.31,333.21,279.90,121.30,111.31,0.9796,20.1200,-122.1100,0.0000,0.0000,0.9299,0,-122.1100,-121.0282,-146.6769,0.0619,-122.5237,0.9417,PHASE_1_ALIGNING,-173.03,50.51,575.4,250.3,243.99,758,-758,,
616,15:35:22.847,ROI,160,160,256,256,19.35,20.61,15.1,0.0,48.53,333.34,279.78,121.06,111.17,0.9959,20.1200,-122.3300,0.0000,0.0000,0.9303,0,-122.3300,-121.7083,-145.1154,0.0742,-123.3244,0.9310,PHASE_1_ALIGNING,-173.06,49.73,575.4,250.3,243.85,746,-746,,
617,15:35:22.912,ROI,160,160,256,256,13.75,15.27,8.75,0.0,65.50,333.38,279.80,120.66,111.14,0.9964,20.0900,-122.0500,0.0000,0.0000,0.9330,0,-122.0500,-122.0295,-144.2273,0.0987,-124.0233,0.9102,PHASE_1_ALIGNING,-173.05,49.03,575.4,250.3,243.81,735,-735,,
618,15:35:22.974,ROI,160,160,256,256,17.16,18.47,0.0,0.0,54.15,333.45,279.74,120.32,110.83,0.9945,19.9800,-122.1200,0.0000,0.0000,0.9332,0,-122.1200,-122.3601,-142.1750,0.1015,-124.1860,0.9079,PHASE_1_ALIGNING,-173.06,48.88,575.4,250.3,243.74,733,-733,,
619,15:35:23.021,ROI,160,160,256,256,14.77,16.16,0.0,0.0,61.89,333.40,279.75,119.89,110.53,0.9937,19.9800,-121.9800,0.0000,0.0000,0.9339,0,-121.9800,-122.5847,-140.4354,0.0985,-124.1852,0.9103,PHASE_1_ALIGNING,-173.06,48.88,575.4,250.3,243.79,733,-733,,
620,15:35:23.089,ROI,160,160,256,256,17.16,18.42,0.0,21.2,54.28,333.58,279.74,119.87,110.53,0.9968,19.9600,-122.0200,0.0000,0.0000,0.9313,0,-122.0200,-122.6802,-139.6062,0.1038,-124.2719,0.9060,PHASE_1_ALIGNING,-173.06,48.79,575.4,250.3,243.61,732,-732,,
621,15:35:23.136,ROI,160,160,256,256,18.37,19.75,0.0,0.0,50.64,333.58,279.74,120.11,110.61,0.9973,19.9800,-122.1000,0.0000,0.0000,0.9316,0,-122.1000,-122.8125,-138.0552,0.0928,-124.1068,0.9151,PHASE_1_ALIGNING,-173.06,48.95,575.4,250.3,243.61,734,-734,,
622,15:35:23.264,ROI,160,160,256,256,15.39,16.61,3.6,23.5,60.19,333.67,279.72,121.17,109.87,0.9847,20.3700,-123.8300,0.0000,0.0000,0.9338,0,-123.8300,-123.1985,-137.3595,0.0917,-124.3876,0.9160,PHASE_1_ALIGNING,-173.06,48.67,575.4,250.3,243.51,730,-730,,
623,15:35:23.311,ROI,160,160,256,256,21.27,22.70,0.0,0.0,44.06,333.53,279.30,124.75,109.02,0.9640,21.2700,-125.9200,0.0000,0.0000,0.9170,0,-125.9200,-123.9798,-136.0707,0.0740,-124.8131,0.9311,PHASE_1_ALIGNING,-173.16,48.35,575.4,250.3,243.60,725,-725,,
624,15:35:23.375,ROI,160,160,256,256,19.48,20.77,0.0,0.0,48.14,333.29,279.62,125.92,108.62,0.9850,21.2400,-127.6400,0.0000,0.0000,0.9159,0,-127.6400,-125.0039,-135.4622,0.0650,-125.6420,0.9390,PHASE_1_ALIGNING,-173.09,47.45,575.4,250.3,243.88,712,-712,,
625,15:35:23.439,ROI,160,160,256,256,18.64,19.97,0.0,0.0,50.08,332.79,280.47,126.58,106.75,0.9752,20.3200,-129.6000,0.0000,0.0000,0.8941,0,-129.6000,-126.2215,-135.5149,0.0782,-126.8955,0.9275,PHASE_1_ALIGNING,-172.91,46.02,575.4,250.3,244.48,690,-690,,
626,15:35:23.488,ROI,160,160,256,256,17.45,18.90,0.0,20.675,52.90,332.83,280.43,126.64,104.29,0.9763,21.4500,-131.3800,0.0000,0.0000,0.9173,0,-131.3800,-127.6682,-133.9558,0.0718,-128.0896,0.9330,PHASE_1_ALIGNING,-172.92,44.83,575.4,250.3,244.43,672,-672,,
627,15:35:23.550,ROI,160,160,256,256,16.95,18.42,0.0,0.0,54.29,332.66,280.30,128.29,103.66,0.9813,20.4300,-132.7000,0.0000,0.0000,0.9010,0,-132.7000,-129.1949,-133.8350,0.0778,-129.5297,0.9278,PHASE_1_ALIGNING,-172.95,43.42,575.4,250.3,244.59,651,-651,,
628,15:35:23.617,ROI,160,160,288,288,22.87,24.21,0.0,0.0,41.30,331.84,280.59,126.74,103.50,0.9818,20.8500,-132.3600,0.0000,0.0000,0.9165,0,-132.3600,-130.4906,-134.2043,0.0864,-130.7859,0.9205,PHASE_1_ALIGNING,-172.91,42.12,575.4,250.3,245.44,632,-632,,
629,15:35:23.664,ROI,160,160,256,256,15.23,16.50,0.0,0.0,60.60,332.44,279.95,130.34,101.10,0.9505,21.7300,-135.8200,0.0000,0.0000,0.9236,0,-135.8200,-132.3349,-136.6274,0.0846,-132.6698,0.9220,PHASE_1_ALIGNING,-173.04,40.37,575.4,250.3,244.76,606,-606,,
630,15:35:23.791,ROI,160,160,288,288,17.12,18.41,0.0,0.0,54.31,332.67,280.62,129.26,101.77,0.9788,21.5000,-136.5400,0.0000,0.0000,0.9440,0,-136.5400,-134.1235,-139.1421,0.0836,-134.5107,0.9228,PHASE_1_ALIGNING,-172.88,38.37,575.4,250.3,244.62,576,-576,,
631,15:35:23.840,ROI,160,160,288,288,23.49,24.87,0.0,0.0,40.21,332.00,281.53,127.85,102.10,0.9717,21.8200,-137.3500,0.0000,0.0000,0.9365,0,-137.3500,-135.8522,-141.9189,0.1020,-136.4136,0.9075,PHASE_1_ALIGNING,-172.69,36.27,575.4,250.3,245.40,544,-544,,
632,15:35:23.904,ROI,160,160,256,256,20.07,21.45,0.0,0.0,46.62,331.47,281.70,129.65,100.96,0.9753,22.7200,-139.2600,0.0000,0.0000,0.9226,0,-139.2600,-137.7301,-141.7209,0.1349,-138.2045,0.8811,PHASE_1_ALIGNING,-172.66,34.46,575.4,250.3,245.94,517,-517,,
633,15:35:23.967,ROI,160,160,288,288,25.65,27.12,0.0,86.425,36.87,332.19,280.48,130.68,101.00,0.9655,23.7100,-142.1800,0.0000,0.0000,0.9183,0,-142.1800,-139.9234,-142.3962,0.1417,-140.2303,0.8759,PHASE_1_ALIGNING,-172.93,32.70,575.4,250.3,245.08,490,-490,,
634,15:35:24.017,ROI,160,160,288,288,26.56,27.92,33.625,14.0,35.81,332.02,281.40,130.61,101.57,0.9794,22.3600,-139.5200,0.0000,0.0000,0.9337,0,-139.5200,-141.2446,-142.0514,0.1557,-141.3533,0.8652,PHASE_1_ALIGNING,-172.72,31.36,575.4,250.3,245.36,470,-470,,
635,15:35:24.079,ROI,160,160,288,288,23.69,25.22,0.0,0.0,39.65,332.43,280.80,132.03,100.58,0.9776,23.2400,-143.0400,0.0000,0.0000,0.9245,0,-143.0400,-142.9536,-141.6110,0.1527,-142.7758,0.8676,PHASE_1_ALIGNING,-172.84,30.07,575.4,250.3,244.88,451,-451,,
636,15:35:24.127,ROI,160,160,288,288,18.91,20.33,0.0,0.0,49.20,331.60,281.53,132.32,100.39,0.9734,20.4200,-142.8800,0.0000,0.0000,0.9145,0,-142.8800,-144.2694,-140.6006,0.1643,-143.7516,0.8589,PHASE_1_ALIGNING,-172.70,28.95,575.4,250.3,245.79,434,-434,,
637,15:35:24.255,ROI,160,160,288,288,22.22,23.56,3.65,0.0,42.44,331.54,281.07,130.73,97.67,0.9613,20.4100,-146.4000,0.0000,0.0000,0.9240,0,-146.4000,-145.9259,-139.9654,0.1669,-145.0733,0.8570,PHASE_1_ALIGNING,-172.81,27.73,575.4,250.3,245.79,416,-416,,
638,15:35:24.301,ROI,160,160,288,288,16.72,18.22,0.0,0.0,54.90,331.56,280.68,128.93,96.77,0.9771,19.8800,-149.1800,0.0000,0.0000,0.9312,0,-149.1800,-147.7274,-140.1749,0.1574,-146.7004,0.8640,PHASE_1_ALIGNING,-172.90,26.20,575.4,250.3,245.73,393,-393,,
639,15:35:24.367,ROI,160,160,288,288,17.19,18.70,0.0,41.775,53.47,331.38,281.15,129.82,97.61,0.9835,19.3400,-148.2200,0.0000,0.0000,0.9165,0,-148.2200,-148.8649,-139.9665,0.1514,-147.6950,0.8685,PHASE_1_ALIGNING,-172.79,25.10,575.4,250.3,245.96,376,-376,,
640,15:35:24.431,ROI,160,160,288,288,17.24,18.62,0.0,41.975,53.72,332.35,280.30,130.77,96.17,0.9682,19.5400,-154.4500,0.0000,0.0000,0.9161,0,-154.4500,-151.0114,-140.0688,0.1157,-149.8770,0.8963,PHASE_1_ALIGNING,-172.96,23.09,575.4,250.3,244.89,346,-346,,
641,15:35:24.480,ROI,160,160,288,288,24.26,25.59,0.0,30.525,39.07,332.95,281.28,131.11,96.68,0.9710,20.0800,-158.1500,0.0000,0.0000,0.8804,0,-158.1500,-153.6103,-138.3387,0.0772,-152.5153,0.9283,PHASE_1_ALIGNING,-172.72,20.20,575.4,250.3,244.42,303,-303,,
642,15:35:24.544,ROI,160,160,288,288,20.66,22.40,10.225,34.85,44.64,332.81,281.36,130.75,96.35,0.9939,19.4500,-156.4700,0.0000,0.0000,0.8962,0,-156.4700,-155.4910,-133.5342,0.0487,-154.4715,0.9536,PHASE_2_DRIVING,-172.70,18.23,575.4,250.3,244.57,-1141,-2000,,
643,15:35:24.607,ROI,160,160,288,288,17.94,19.37,9.575,20.175,51.62,332.18,280.89,130.97,95.76,0.9809,19.3400,-160.4700,0.0000,0.0000,0.8479,0,-160.4700,-157.9024,-127.3853,0.0374,-156.8019,0.9639,PHASE_2_DRIVING,-172.83,16.03,575.4,250.3,245.14,-1539,-2000,,
644,15:35:24.720,ROI,160,160,288,288,25.89,27.42,12.575,0.0,36.47,331.33,280.43,128.56,96.12,0.9723,17.9700,-162.8000,0.0000,0.0000,0.8363,0,-162.8000,-160.4469,-124.4695,0.0225,-159.6568,0.9780,PHASE_2_DRIVING,-172.96,13.31,575.4,250.3,245.92,-1762,-2000,,
645,15:35:24.767,ROI,160,160,288,288,20.15,21.71,19.825,18.0,46.05,331.43,281.01,129.94,95.51,0.9776,19.2500,-164.3100,0.0000,0.0000,0.8411,0,-164.3100,-162.8959,-126.6687,0.0156,-162.3406,0.9847,PHASE_2_DRIVING,-172.83,10.49,575.4,250.3,245.89,-1936,-2000,,
646,15:35:24.832,ROI,160,160,288,288,19.03,20.34,9.0,19.2,49.16,331.86,280.44,128.63,95.35,0.9783,18.6100,-166.6700,0.0000,0.0000,0.8488,0,-166.6700,-165.2356,-139.9801,0.0197,-164.7480,0.9807,PHASE_2_DRIVING,-172.94,8.20,575.4,250.3,245.39,-1966,-2000,,
647,15:35:24.896,ROI,160,160,288,288,22.19,23.62,8.9,16.55,42.34,332.06,280.27,129.53,96.21,0.9841,18.4300,-166.4500,0.0000,0.0000,0.8471,0,-166.4500,-167.3128,-165.1020,0.0380,-167.2320,0.9634,PHASE_2_DRIVING,-172.98,5.75,575.4,250.3,245.18,-2000,-1860,,
648,15:35:24.942,ROI,160,160,288,288,19.70,21.23,17.35,36.775,47.09,332.45,280.29,129.74,96.19,0.9937,18.3500,-167.8300,0.0000,0.0000,0.8473,0,-167.8300,-169.2151,-156.5158,0.0558,-168.5437,0.9471,PHASE_2_DRIVING,-172.96,4.42,575.4,250.3,244.79,-2000,-2000,,
649,15:35:25.008,ROI,160,160,288,288,26.23,27.67,17.4,14.125,36.14,332.58,280.36,130.37,96.35,0.9935,18.4900,-169.3400,0.0000,0.0000,0.8322,0,-169.3400,-170.9675,-150.1052,0.0572,-169.8380,0.9459,PHASE_2_DRIVING,-172.94,3.11,575.4,250.3,244.68,-2000,-1925,,
650,15:35:25.119,ROI,160,160,288,288,21.16,22.52,4.675,17.35,44.40,333.40,279.39,131.81,97.06,0.9679,18.0300,-170.0400,0.0000,0.0000,0.8288,0,-170.0400,-172.5142,-145.4316,0.0718,-170.7006,0.9330,PHASE_2_DRIVING,-173.15,2.45,575.4,250.3,243.74,-1985,-2000,,
651,15:35:25.184,ROI,160,160,288,288,31.40,32.87,9.375,23.775,30.42,334.60,279.56,130.99,96.66,0.9779,18.0700,-171.9700,0.0000,0.0000,0.8377,0,-171.9700,-174.2403,-143.8248,0.1194,-170.9962,0.8933,PHASE_2_DRIVING,-173.07,2.08,575.4,250.3,242.57,-1950,-2000,,
652,15:35:25.247,ROI,160,160,288,288,22.45,23.93,12.85,65.325,41.80,334.65,279.68,132.98,96.34,0.9817,18.4000,-172.2600,0.0000,0.0000,0.8431,0,-172.2600,-175.2076,-144.0707,0.1494,-171.1597,0.8700,PHASE_2_DRIVING,-173.04,1.88,575.4,250.3,242.54,-1927,-2000,,
653,15:35:25.296,ROI,160,160,288,288,21.84,23.50,15.425,33.25,42.56,335.26,279.94,132.48,95.92,0.9857,18.6100,-172.4500,0.0000,0.0000,0.8410,0,-172.4500,-176.0305,-145.6196,0.1958,-171.0511,0.8363,PHASE_2_DRIVING,-172.96,1.91,575.4,250.3,241.96,-1882,-2000,,
654,15:35:25.359,ROI,160,160,288,288,21.47,23.14,29.65,0.0,43.21,339.90,279.95,131.62,93.38,0.9082,19.0000,-174.0700,0.0000,0.0000,0.8359,0,-174.0700,-176.6513,-149.3861,0.2935,-170.4652,0.7731,PHASE_2_DRIVING,-172.82,2.36,575.4,250.3,237.36,-1782,-2000,,
655,15:35:25.407,ROI,160,160,288,288,26.34,27.77,15.7,42.2,36.00,341.41,279.85,130.63,92.45,0.9674,20.0600,-173.0800,0.0000,0.0000,0.8590,0,-173.0800,-176.9133,-153.9520,0.4075,-170.2652,0.7105,PHASE_2_DRIVING,-172.80,2.54,575.4,250.3,235.85,-1820,-2000,,
656,15:35:25.535,ROI,160,160,288,288,20.01,21.53,3.925,0.0,46.45,346.15,279.95,134.10,91.80,0.9247,20.4400,176.9300,0.0000,0.0000,0.8621,0,176.9300,-179.0609,-159.0235,0.5863,-171.6550,0.6304,PHASE_2_DRIVING,-172.63,0.97,575.4,250.3,231.16,-2000,-1761,,
657,15:35:25.584,ROI,160,160,288,288,19.89,21.29,0.0,0.0,46.97,349.83,280.26,133.65,91.94,0.9403,20.3300,179.0100,0.0000,0.0000,0.8945,0,179.0100,-180.0816,-164.3242,0.7955,-173.1003,0.5570,PHASE_2_DRIVING,-172.43,-0.67,575.4,250.3,227.55,-2000,-1663,,
658,15:35:25.647,ROI,160,160,288,288,22.12,23.54,9.275,0.0,42.48,351.52,279.03,133.90,91.21,0.9495,21.6200,174.1500,0.0000,0.0000,0.9070,0,174.1500,-182.2143,-169.1159,1.0195,-175.6017,0.4952,PHASE_2_DRIVING,-172.69,-2.91,575.4,250.3,225.72,-2000,-1460,,
659,15:35:25.710,ROI,160,160,288,288,18.93,20.43,0.0,0.0,48.94,356.04,279.94,130.32,89.66,0.9157,20.8400,178.2700,0.0000,0.0000,0.8996,0,178.2700,-183.3639,-172.8502,1.2921,-177.4372,0.4363,PHASE_2_DRIVING,-172.31,-5.13,575.4,250.3,221.35,-2000,-1367,,
660,15:35:25.759,ROI,160,160,288,288,25.01,26.73,0.0,0.0,37.41,356.99,280.03,129.67,87.84,0.9656,21.9700,172.5800,0.0000,0.0000,0.8682,0,172.5800,-185.0778,-174.2945,1.5314,-178.5542,0.3950,PHASE_2_DRIVING,-172.25,-6.30,575.4,250.3,220.42,-2000,-1469,,
661,15:35:25.822,ROI,160,160,288,288,23.78,25.15,10.85,0.0,39.76,361.33,280.85,128.11,87.73,0.9181,22.0700,171.3700,0.0000,0.0000,0.9041,0,171.3700,-186.9409,-173.8084,1.7851,-178.5236,0.3590,PHASE_2_DRIVING,-171.88,-6.64,575.4,250.3,216.24,-2000,-1582,,
662,15:35:25.886,ROI,160,160,288,288,20.10,21.47,0.0,18.2,46.58,363.07,280.70,127.26,87.16,0.9668,22.2700,173.0800,0.0000,0.0000,0.8797,0,173.0800,-188.2188,-174.0625,1.9933,-178.7918,0.3341,PHASE_2_DRIVING,-171.85,-6.94,575.4,250.3,214.50,-2000,-1575,,
663,15:35:25.936,ROI,160,160,256,256,24.08,25.94,0.0,0.0,38.55,364.54,280.61,129.28,89.31,0.9539,21.8400,173.8900,0.0000,0.0000,0.9075,0,173.8900,-189.0755,-175.7584,2.1639,-179.9674,0.3161,PHASE_2_DRIVING,-171.82,-8.15,575.4,250.3,213.03,-2000,-1383,,
664,15:35:26.063,ROI,160,160,288,288,30.84,32.49,0.0,0.0,30.78,371.04,282.16,127.71,86.42,0.8736,21.1100,175.4200,0.0000,0.0000,0.9102,0,175.4200,-189.4988,-183.0108,2.3894,-184.9250,0.2950,PHASE_2_DRIVING,-171.14,-13.79,575.4,250.3,206.83,-2000,-687,,
665,15:35:26.112,ROI,160,160,256,256,16.45,17.77,0.0,22.0,56.27,375.35,282.64,130.99,90.64,0.8927,21.0800,-177.9600,0.0000,0.0000,0.8985,0,-177.9600,-188.2285,-197.0917,2.6143,-194.6394,0.2767,PHASE_2_DRIVING,-170.82,-23.82,575.4,250.3,202.65,-2000,-152,,
666,15:35:26.175,ROI,160,160,288,288,12.90,14.25,17.1,0.0,70.16,376.44,284.03,132.08,90.22,0.9540,20.9100,177.6700,0.0000,0.0000,0.8553,0,177.6700,-187.8041,-195.6666,2.7783,-193.5857,0.2647,PHASE_2_DRIVING,-170.38,-23.21,575.4,250.3,201.80,-2000,-1036,,
667,15:35:26.239,ROI,160,160,288,288,17.01,18.24,0.0,0.0,54.81,381.62,283.89,128.47,88.04,0.9018,19.4100,-179.4700,0.0000,0.0000,0.8555,0,-179.4700,-186.7077,-194.2387,2.9452,-192.3298,0.2535,PHASE_2_DRIVING,-170.17,-22.16,575.4,250.3,196.67,-2000,-1124,,
668,15:35:26.288,ROI,160,160,288,288,18.59,19.88,0.0,0.0,50.31,384.01,284.28,128.23,89.41,0.9490,20.2100,178.4700,0.0000,0.0000,0.8419,0,178.4700,-185.9329,-192.4763,3.0681,-190.8679,0.2458,PHASE_2_DRIVING,-169.93,-20.93,575.4,250.3,194.39,-2000,-1193,,
669,15:35:26.352,ROI,160,160,288,288,22.27,23.56,0.0,16.575,42.45,387.85,283.95,126.29,87.95,0.9263,20.2100,-178.8500,0.0000,0.0000,0.8620,0,-178.8500,-184.6225,-191.0203,3.1766,-189.4885,0.2394,PHASE_2_DRIVING,-169.83,-19.66,575.4,250.3,190.54,-2000,-1249,,
670,15:35:26.400,ROI,160,160,256,256,16.98,18.31,0.0,0.0,54.62,390.79,284.12,124.88,88.72,0.9462,20.1000,-170.9700,0.0000,0.0000,0.8560,0,-170.9700,-181.6108,-189.7848,3.2278,-187.8514,0.2365,PHASE_2_DRIVING,-169.62,-18.23,575.4,250.3,187.68,-2000,-1327,,
671,15:35:26.528,ROI,160,160,256,256,19.38,20.72,0.0,0.0,48.27,397.66,283.87,124.72,89.33,0.8898,19.4900,-168.6400,0.0000,0.0000,0.8606,0,-168.6400,-178.1658,-188.6406,3.2947,-186.2016,0.2328,PHASE_2_DRIVING,-169.30,-16.90,575.4,250.3,180.88,-2000,-1371,,
672,15:35:26.575,ROI,160,160,256,256,19.94,21.49,0.0,0.0,46.53,400.15,283.16,125.04,88.59,0.9460,19.3700,-168.5900,0.0000,0.0000,0.8434,0,-168.5900,-174.9575,-188.1970,3.3654,-185.1642,0.2291,PHASE_2_DRIVING,-169.38,-15.78,575.4,250.3,178.30,-2000,-1387,,
673,15:35:26.639,ROI,160,160,256,256,22.88,24.27,0.0,16.1,41.20,404.51,283.64,125.76,88.62,0.9231,20.1200,-167.4900,0.0000,0.0000,0.8546,0,-167.4900,-171.5102,-187.8885,3.4180,-184.1814,0.2263,PHASE_2_DRIVING,-168.96,-15.22,575.4,250.3,174.11,-2000,-1333,,
674,15:35:26.703,ROI,160,160,256,256,19.42,20.98,0.0,18.625,47.66,406.56,283.93,123.98,88.53,0.9615,19.3300,-169.7900,0.0000,0.0000,0.8138,0,-169.7900,-169.7418,-187.6295,3.4692,-183.6271,0.2238,PHASE_2_DRIVING,-168.74,-14.89,575.4,250.3,172.16,-2000,-1314,,
675,15:35:26.752,ROI,160,160,256,256,19.53,20.75,0.0,0.0,48.20,411.26,284.33,124.94,87.70,0.9188,19.7900,-166.5000,0.0000,0.0000,0.8270,0,-166.5000,-167.3018,-187.4660,3.5509,-183.0352,0.2197,PHASE_2_DRIVING,-168.29,-14.75,575.4,250.3,167.63,-2000,-1295,,
676,15:35:26.815,ROI,160,160,256,256,15.10,16.16,0.0,0.0,61.90,413.43,283.58,123.86,88.40,0.9499,19.6000,-168.0500,0.0000,0.0000,0.7896,0,-168.0500,-165.9732,-186.9482,3.5736,-182.3621,0.2186,PHASE_2_DRIVING,-168.39,-13.97,575.4,250.3,165.35,-2000,-1416,,
677,15:35:26.862,ROI,160,160,256,256,15.65,17.06,12.55,0.0,58.61,418.22,283.48,127.79,88.88,0.9218,18.4700,-167.3100,0.0000,0.0000,0.8020,0,-167.3100,-164.3477,-186.3169,3.6421,-181.5843,0.2154,PHASE_2_DRIVING,-168.08,-13.50,575.4,250.3,160.65,-2000,-1393,,
678,15:35:26.929,ROI,160,160,256,256,12.19,13.30,7.925,0.0,75.21,419.76,283.96,126.34,87.46,0.9604,17.9800,-167.8100,0.0000,0.0000,0.7878,0,-167.8100,-163.7098,-185.5919,3.6288,-180.8645,0.2160,PHASE_2_DRIVING,-167.80,-13.07,575.4,250.3,159.24,-2000,-1407,,
679,15:35:27.038,ROI,160,160,256,256,17.13,18.38,0.0,0.0,54.40,426.26,282.52,123.33,87.71,0.8732,18.3800,-167.4100,0.0000,0.0000,0.8370,0,-167.4100,-163.4684,-184.7326,3.6850,-180.1938,0.2134,PHASE_2_DRIVING,-167.81,-12.38,575.4,250.3,152.58,-2000,-1473,,
680,15:35:27.102,ROI,160,160,256,256,17.11,18.53,8.625,21.1,53.98,430.94,282.51,125.84,88.14,0.9232,18.7300,-166.6000,0.0000,0.0000,0.8526,0,-166.6000,-163.2436,-183.6924,3.7242,-179.3639,0.2117,PHASE_2_DRIVING,-167.43,-11.93,575.4,250.3,148.00,-2000,-1459,,
681,15:35:27.167,ROI,160,160,256,256,14.29,15.46,0.0,25.275,64.69,432.35,282.30,123.97,87.39,0.9694,17.5100,-167.8500,0.0000,0.0000,0.8254,0,-167.8500,-163.5411,-182.4874,3.6780,-178.4373,0.2138,PHASE_2_DRIVING,-167.39,-11.05,575.4,250.3,146.58,-2000,-1567,,
682,15:35:27.216,ROI,160,160,256,256,15.36,16.59,11.625,23.55,60.28,434.13,282.10,122.66,87.50,0.9671,19.6200,-166.1900,0.0000,0.0000,0.8716,0,-166.1900,-163.6491,-181.2514,3.6513,-177.4670,0.2150,PHASE_2_DRIVING,-167.32,-10.15,575.4,250.3,144.81,-2000,-1612,,
683,15:35:27.280,ROI,160,160,256,256,16.39,17.44,0.0,22.4,57.34,438.51,280.77,122.88,87.36,0.9041,18.9700,-167.4100,0.0000,0.0000,0.8441,0,-167.4100,-163.5940,-179.9572,3.6571,-176.4436,0.2147,PHASE_2_DRIVING,-167.45,-8.99,575.4,250.3,140.24,-2000,-1714,,
684,15:35:27.342,ROI,160,160,256,256,15.27,16.45,0.0,0.0,60.77,441.25,279.95,122.64,88.50,0.9392,18.3600,-166.5100,0.0000,0.0000,0.8134,0,-166.5100,-164.0253,-178.7200,3.6021,-175.5269,0.2173,PHASE_2_DRIVING,-167.54,-7.99,575.4,250.3,137.39,-2000,-1739,,
685,15:35:27.392,ROI,160,160,256,256,16.74,18.06,0.0,0.0,55.37,445.13,278.28,124.38,87.36,0.9051,18.0600,-165.5200,0.0000,0.0000,0.7940,0,-165.5200,-164.2137,-177.4657,3.5852,-174.5755,0.2181,PHASE_2_DRIVING,-167.88,-6.70,575.4,250.3,133.24,-2000,-1862,,
686,15:35:27.518,ROI,160,160,256,256,16.52,17.80,0.0,0.0,56.19,451.50,276.30,123.14,85.54,0.8636,16.5600,-167.1600,0.0000,0.0000,0.8060,0,-167.1600,-165.2114,-176.1428,3.5984,-173.7656,0.2175,PHASE_2_DRIVING,-168.15,-5.62,575.4,250.3,126.60,-2000,-1882,,
687,15:35:27.567,ROI,160,160,256,256,16.21,17.37,0.0,22.5,57.57,454.58,276.30,124.32,87.07,0.9348,13.9100,-168.2400,0.0000,0.0000,0.7458,0,-168.2400,-166.3845,-174.7879,3.6029,-172.9622,0.2173,PHASE_2_DRIVING,-167.85,-5.11,575.4,250.3,123.58,-2000,-1805,,
688,15:35:27.631,ROI,160,160,256,256,15.75,17.08,8.3,0.0,58.54,458.75,274.91,123.22,85.44,0.9060,12.5400,-168.6800,0.0000,0.0000,0.6968,0,-168.6800,-166.9582,-173.4096,3.6028,-172.0080,0.2173,PHASE_2_DRIVING,-168.09,-3.92,575.4,250.3,119.22,-1998,-2000,,
689,15:35:27.695,ROI,160,160,256,256,14.09,15.95,8.35,24.5,62.71,461.02,275.63,124.82,86.56,0.9482,14.6200,-166.8700,0.0000,0.0000,0.7621,0,-166.8700,-166.9428,-172.1184,3.6342,-171.0016,0.2158,PHASE_2_DRIVING,-167.51,-3.49,575.4,250.3,117.15,-2000,-1881,,
690,15:35:27.742,ROI,160,160,256,256,15.64,16.96,0.0,23.05,58.98,466.38,274.28,123.79,85.62,0.8902,14.5000,-167.4500,0.0000,0.0000,0.7407,0,-167.4500,-167.0716,-170.8344,3.6816,-170.0307,0.2136,PHASE_2_DRIVING,-167.60,-2.44,575.4,250.3,111.63,-1936,-2000,,
691,15:35:27.809,ROI,160,160,256,256,23.93,25.34,0.0,15.425,39.46,468.62,273.86,124.03,82.34,0.9281,15.9300,-169.2000,0.0000,0.0000,0.7281,0,-169.2000,-167.4563,-169.6373,3.7149,-169.1747,0.2121,PHASE_2_DRIVING,-167.56,-1.62,575.4,250.3,109.34,-1934,-2000,,
692,15:35:27.920,ROI,160,160,256,256,21.39,22.93,4.55,17.05,43.61,477.22,272.20,124.24,86.45,0.8317,15.9900,-170.4200,0.0000,0.0000,0.8044,0,-170.4200,-168.3163,-168.5649,3.8068,-168.5132,0.2080,PHASE_2_DRIVING,-167.43,-1.09,575.4,250.3,100.60,-1960,-2000,,
693,15:35:27.983,ROI,160,160,256,256,22.46,23.85,9.65,0.0,41.93,479.58,272.48,123.66,86.56,0.9565,16.2100,-167.5000,0.0000,0.0000,0.7818,0,-167.5000,-168.2020,-167.7371,3.8799,-167.8324,0.2049,PHASE_2_DRIVING,-166.97,-0.86,575.4,250.3,98.36,-2000,-1993,,
694,15:35:28.031,ROI,160,160,256,256,14.91,16.08,48.375,24.3,62.18,484.52,269.41,123.30,84.30,0.8612,8.8400,-170.4900,0.0000,0.0000,0.6835,0,-170.4900,-168.8544,-166.9462,3.9504,-167.3317,0.2020,PHASE_2_DRIVING,-168.13,0.79,575.4,250.3,92.87,-1653,-2000,,
695,15:35:28.095,ROI,160,160,256,256,15.74,17.39,0.0,0.0,57.51,486.54,270.47,120.75,83.41,0.9434,11.2800,-166.7600,0.0000,0.0000,0.7248,0,-166.7600,-168.6184,-166.3249,3.9947,-166.7841,0.2002,PHASE_2_DRIVING,-167.21,0.43,575.4,250.3,91.12,-2000,-1952,,
696,15:35:28.158,ROI,160,160,256,256,15.42,16.44,8.4,0.0,60.81,491.95,269.57,119.76,84.35,0.8953,11.6400,-166.1200,0.0000,0.0000,0.7122,0,-166.1200,-168.3165,-165.9257,4.0191,-166.4021,0.1992,PHASE_2_DRIVING,-167.00,0.60,575.4,250.3,85.64,-1931,-2000,,
697,15:35:28.206,ROI,160,160,256,256,20.09,21.37,0.0,0.0,46.79,494.73,266.65,119.78,79.10,0.8902,11.3600,-167.6900,0.0000,0.0000,0.6855,0,-167.6900,-168.3212,-165.5779,4.0808,-166.1178,0.1968,PHASE_2_DRIVING,-168.54,2.43,575.4,250.3,82.31,-1546,-2000,,
698,15:35:28.334,ROI,160,160,256,256,17.42,18.72,0.0,0.0,53.42,502.11,265.28,121.76,84.82,0.8280,11.3600,-170.9400,0.0000,0.0000,0.7177,0,-170.9400,-168.8961,-165.3434,4.2188,-166.0242,0.1916,PHASE_2_DRIVING,-168.45,2.42,575.4,250.3,74.80,-1802,-1938,,
699,15:35:28.383,ROI,160,160,256,256,18.33,19.54,0.0,20.0,51.18,506.03,264.57,122.61,84.98,0.9227,4.1200,-171.4000,0.0000,0.0000,0.5070,0,-171.4000,-169.6280,-165.2142,4.3034,-166.0465,0.1886,PHASE_2_DRIVING,-168.38,2.33,575.4,250.3,70.82,-1717,-1824,,
700,15:35:28.449,ROI,160,160,256,256,17.40,18.70,0.0,0.0,53.49,507.12,265.02,122.69,85.23,0.9720,7.9600,-169.2800,0.0000,0.0000,0.6618,0,-169.2800,-169.6792,-165.2582,4.2833,-166.0950,0.1893,PHASE_2_DRIVING,-167.83,1.74,575.4,250.3,69.85,-1753,-1740,,
701,15:35:28.494,ROI,160,160,256,256,20.25,21.35,0.0,18.3,46.84,512.60,262.49,123.07,84.67,0.8637,6.1500,-169.9900,2.1600,77.7500,0.5632,0,-169.9900,-169.9571,-165.3595,4.3016,-166.2267,0.1886,PHASE_2_DRIVING,-169.02,2.79,575.4,250.3,63.97,-1448,-1751,,
702,15:35:28.558,ROI,160,160,256,256,19.73,21.18,0.0,0.0,47.22,516.11,261.36,121.71,83.84,0.9199,5.8900,-168.9100,0.0000,0.0000,0.5846,0,-168.9100,-169.8687,-165.5100,4.2828,-166.3351,0.1893,PHASE_2_DRIVING,-169.43,3.10,575.4,250.3,60.31,-1414,-1601,,
703,15:35:28.623,ROI,160,160,256,256,17.64,18.51,0.0,42.2,54.02,518.06,261.02,121.46,87.26,0.9310,9.6900,-170.9800,0.0000,0.0000,0.7134,0,-170.9800,-170.0519,-165.6304,4.2212,-166.4772,0.1915,PHASE_2_DRIVING,-169.41,2.94,575.4,250.3,58.33,-1406,-1511,,
704,15:35:28.671,ROI,160,160,256,256,16.78,18.39,13.275,0.0,54.37,522.30,259.59,121.90,84.58,0.9033,7.6800,-172.8000,0.0000,0.0000,0.6122,0,-172.8000,-170.6940,-165.6373,4.2139,-166.6071,0.1918,PHASE_2_DRIVING,-170.07,3.47,575.4,250.3,53.90,-1242,-1453,,
705,15:35:28.801,ROI,160,160,256,256,14.20,15.14,0.0,0.0,66.04,528.82,257.38,119.97,83.31,0.8539,7.1600,-173.2500,0.0000,0.0000,0.6470,0,-173.2500,-171.4492,-165.5425,4.2357,-166.6707,0.1910,PHASE_2_DRIVING,-171.35,4.68,575.4,250.3,47.12,-1024,-1332,,
706,15:35:28.847,ROI,160,160,256,256,13.43,14.87,12.7,0.0,67.23,530.19,257.16,121.86,84.43,0.9646,6.5300,-173.2600,0.0000,0.0000,0.6138,0,-173.2600,-172.1675,-165.3125,4.2103,-166.6282,0.1919,PHASE_2_DRIVING,-171.37,4.74,575.4,250.3,45.73,-1058,-1228,,
707,15:35:28.912,ROI,160,160,256,256,18.71,20.35,0.0,0.0,49.13,534.38,256.23,122.99,86.56,0.9115,10.4400,-172.1100,0.0000,0.0000,0.7218,0,-172.1100,-172.3690,-165.0611,4.1478,-166.4807,0.1943,PHASE_2_DRIVING,-171.77,5.29,575.4,250.3,41.44,-926,-1147,,
708,15:35:28.974,ROI,160,160,256,256,17.29,18.62,9.25,0.0,53.72,537.47,255.86,124.18,85.84,0.9432,4.8000,-172.1300,0.0000,0.0000,0.5727,0,-172.1300,-172.5471,-164.7725,4.0910,-166.2997,0.1964,PHASE_2_DRIVING,-171.67,5.37,575.4,250.3,38.33,-878,-1039,,
709,15:35:29.022,ROI,160,160,256,256,20.03,20.69,0.0,0.0,48.34,0.00,0.00,0.00,0.00,0.0000,0.0000,0.0000,0.0000,0.0000,0.0000,1,0.0000,NaN,NaN,NaN,NaN,NaN,LOST_TRACKING,2.30,-2.30,575.4,250.3,0.00,0,0,,
710,15:35:29.087,FULL,640,640,0,0,122.91,126.96,8.875,21.55,7.88,541.35,254.93,121.21,81.48,1.0000,11.0700,-168.4400,0.0000,0.0000,0.7796,0,-168.4400,-172.4715,-164.2289,3.9218,-165.9036,0.2032,PHASE_2_DRIVING,-172.26,6.36,575.4,250.3,34.36,-734,-984,,
711,15:35:29.230,ROI,160,160,256,256,21.96,23.51,24.7,16.625,42.54,544.31,253.07,124.21,84.90,0.9118,6.4300,-172.6300,0.0000,0.0000,0.6462,0,-172.6300,-172.6467,-164.0084,3.7942,-165.8102,0.2086,PHASE_2_DRIVING,-174.90,9.09,575.4,250.3,31.21,-567,-993,,
712,15:35:29.271,ROI,160,160,256,256,19.79,21.21,22.35,0.0,47.16,546.18,253.21,125.38,85.76,0.9609,10.4900,-171.9100,0.0000,0.0000,0.7155,0,-171.9100,-172.9215,-163.7233,3.6731,-165.6916,0.2140,PHASE_2_DRIVING,-174.32,8.63,575.4,250.3,29.37,-656,-812,,
713,15:35:29.310,ROI,160,160,256,256,20.80,21.92,21.325,0.0,45.61,549.17,252.31,122.43,84.30,0.9332,10.1900,-169.9600,0.0000,0.0000,0.7216,0,-169.9600,-172.2934,-163.5407,3.5130,-165.4801,0.2216,PHASE_2_DRIVING,-175.61,10.13,575.4,250.3,26.31,-508,-807,,
714,15:35:29.438,ROI,160,160,256,256,14.34,15.40,0.0,25.375,64.94,552.34,253.10,124.50,86.69,0.9242,9.9100,-170.5900,0.0000,0.0000,0.7399,0,-170.5900,-171.7154,-163.6351,3.3809,-165.4795,0.2283,PHASE_2_DRIVING,-173.07,7.59,575.4,250.3,23.23,-589,-573,,
715,15:35:29.488,ROI,160,160,256,256,26.53,27.94,11.3,27.95,35.79,553.78,254.04,119.60,84.27,0.9339,13.9200,-169.2100,0.0000,0.0000,0.7951,0,-169.2100,-170.9634,-163.8536,3.2100,-165.5424,0.2375,PHASE_2_DRIVING,-170.19,4.64,575.4,250.3,21.95,-591,-506,,
716,15:35:29.550,ROI,160,160,256,256,17.06,18.42,0.0,21.225,54.30,555.51,253.09,119.31,84.18,0.9499,14.8400,-169.5200,0.0000,0.0000,0.8174,0,-169.5200,-170.6298,-164.2049,3.0979,-165.7728,0.2440,PHASE_2_DRIVING,-172.02,6.25,575.4,250.3,20.08,-415,-589,,
717,15:35:29.600,ROI,160,160,256,256,14.77,16.25,0.0,0.0,61.54,556.34,253.75,119.15,85.58,0.9700,14.7900,-170.1800,0.0000,0.0000,0.8140,0,-170.1800,-170.5171,-164.7656,2.9643,-166.2164,0.2523,PHASE_2_DRIVING,-169.73,3.52,575.4,250.3,19.37,-525,-444,,
718,15:35:29.726,ROI,160,160,256,256,14.50,15.83,0.0,0.0,63.18,558.59,253.18,120.37,86.21,0.9505,15.8700,-169.8900,0.0000,0.0000,0.8382,0,-169.8900,-170.1386,-165.6114,2.7862,-166.8071,0.2641,PHASE_2_DRIVING,-170.29,3.48,575.4,250.3,17.05,-405,-448,,
719,15:35:29.775,ROI,160,160,256,256,16.45,17.97,0.0,0.0,55.65,559.47,253.35,118.99,86.80,0.9788,16.8500,-169.3600,0.0000,0.0000,0.8406,0,-169.3600,-169.7168,-166.6382,2.6297,-167.4863,0.2755,PHASE_2_DRIVING,-169.15,1.67,575.4,250.3,16.22,-432,-379,,
720,15:35:29.840,ROI,160,160,256,256,22.84,24.50,0.0,0.0,40.81,560.92,252.71,118.22,85.46,0.9609,16.0300,-170.8700,0.0000,0.0000,0.8401,0,-170.8700,-169.4932,-167.7831,2.4727,-168.2756,0.2880,PHASE_2_DRIVING,-170.54,2.27,575.4,250.3,14.68,-343,-390,,
721,15:35:29.903,ROI,160,160,256,256,14.88,16.07,0.0,24.3,62.24,561.94,252.66,118.85,86.29,0.9736,13.0200,-170.7500,0.0000,0.0000,0.8046,0,-170.7500,-169.4285,-169.0762,2.2746,-169.1838,0.3054,PHASE_2_DRIVING,-170.07,0.89,575.4,250.3,13.67,-361,-323,,
722,15:35:29.953,ROI,160,160,256,256,14.24,15.37,0.0,0.0,65.08,563.27,252.34,118.67,85.41,0.9679,14.4700,-171.5000,0.0000,0.0000,0.8055,0,-171.5000,-169.7232,-170.4468,2.0909,-170.2127,0.3235,PHASE_2_DRIVING,-170.47,0.26,575.4,250.3,12.30,-316,-299,,
723,15:35:30.016,ROI,160,160,256,256,19.21,20.46,0.0,0.0,48.88,563.37,251.81,117.97,85.62,0.9819,16.6900,-170.9600,0.0000,0.0000,0.7964,0,-170.9600,-169.9904,-171.7183,1.9562,-171.1338,0.3383,PHASE_2_DRIVING,-172.86,1.72,575.4,250.3,12.13,-273,-333,,
724,15:35:30.080,ROI,160,160,256,256,15.40,16.90,9.05,0.0,59.16,564.98,251.88,119.38,85.70,0.9715,14.3300,-170.3100,0.0000,0.0000,0.7795,0,-170.3100,-170.1817,-172.9316,1.7957,-171.9480,0.3577,PHASE_2_DRIVING,-171.37,-0.57,575.4,250.3,10.54,-296,-231,,
725,15:35:30.128,ROI,160,160,256,256,19.65,21.04,12.35,0.0,47.52,565.15,252.17,119.14,85.84,0.9905,15.4100,-169.7200,0.0000,0.0000,0.7363,0,-169.7200,-170.1772,-174.1307,1.6440,-172.6354,0.3782,PHASE_2_DRIVING,-169.67,-2.97,575.4,250.3,10.42,-303,-218,,
726,15:35:30.239,ROI,160,160,256,256,18.32,19.86,0.0,0.0,50.36,565.83,251.97,117.55,86.03,0.9822,17.2700,-168.7500,0.0000,0.0000,0.8010,0,-168.7500,-170.0255,-175.3453,1.4943,-173.2125,0.4009,PHASE_3_FINAL_ALIGNING,2.30,-175.51,575.4,250.3,9.71,-2000,2000,,
727,15:35:30.303,ROI,160,160,256,256,16.91,17.99,8.75,0.0,55.59,567.56,251.54,119.54,86.08,0.9619,15.3900,-169.9200,0.0000,0.0000,0.8144,0,-169.9200,-169.9798,-175.9304,1.4517,-173.5032,0.4079,PHASE_3_FINAL_ALIGNING,2.30,-175.80,575.4,250.3,7.94,-2000,2000,,
728,15:35:30.366,ROI,160,160,256,256,24.37,25.81,0.0,0.0,38.74,567.40,252.02,119.66,85.60,0.9863,16.1100,-170.8200,0.0000,0.0000,0.8194,0,-170.8200,-169.8959,-176.6938,1.3171,-173.7601,0.4316,PHASE_3_FINAL_ALIGNING,2.30,-176.06,575.4,250.3,8.18,-2000,2000,,
729,15:35:30.416,ROI,160,160,256,256,25.49,27.03,0.0,0.0,36.99,567.27,251.90,118.90,86.18,0.9870,16.8500,-168.7600,0.0000,0.0000,0.8196,0,-168.7600,-169.8142,-177.1017,1.1873,-173.7700,0.4572,PHASE_3_FINAL_ALIGNING,2.30,-176.07,575.4,250.3,8.28,-2000,2000,,
730,15:35:30.479,ROI,160,160,256,256,24.66,26.01,10.7,0.0,38.44,567.88,252.01,119.07,85.33,0.9801,15.9700,-169.9400,0.0000,0.0000,0.8246,0,-169.9400,-169.9618,-177.1753,1.0569,-173.6683,0.4862,PHASE_3_FINAL_ALIGNING,2.30,-175.97,575.4,250.3,7.71,-2000,2000,,
731,15:35:30.545,ROI,160,160,256,256,24.71,26.32,0.0,0.0,38.00,568.12,251.70,118.62,86.03,0.9879,16.3100,-169.7600,0.0000,0.0000,0.8279,0,-169.7600,-169.8905,-176.7075,0.9470,-173.2062,0.5136,PHASE_3_FINAL_ALIGNING,2.30,-175.51,575.4,250.3,7.41,-2000,2000,,
732,15:35:30.591,ROI,160,160,256,256,24.51,25.57,0.0,0.0,39.11,568.70,252.23,120.18,85.86,0.9749,16.8600,-168.5800,0.0000,0.0000,0.8426,0,-168.5800,-169.6512,-176.1430,0.8673,-172.6665,0.5355,PHASE_3_FINAL_ALIGNING,2.30,-174.97,575.4,250.3,6.97,-2000,2000,,
733,15:35:30.718,ROI,160,160,256,256,14.57,15.63,0.0,0.0,63.96,569.68,251.54,120.91,86.21,0.9683,17.1900,-166.3000,0.0000,0.0000,0.8487,0,-166.3000,-168.8272,-175.6026,0.7980,-171.8343,0.5562,PHASE_3_FINAL_ALIGNING,2.30,-174.13,575.4,250.3,5.85,-2000,2000,,
734,15:35:30.767,ROI,160,160,256,256,21.63,22.69,23.65,0.0,44.08,569.13,252.09,122.94,85.38,0.9711,17.6300,-165.0300,0.0000,0.0000,0.8333,0,-165.0300,-167.8287,-175.0236,0.7208,-170.8425,0.5811,PHASE_3_FINAL_ALIGNING,2.30,-173.14,575.4,250.3,6.52,-2000,2000,,
735,15:35:30.832,ROI,160,160,256,256,19.29,20.65,9.2,0.0,48.43,569.66,251.39,123.02,84.35,0.9754,19.0000,-161.7400,0.0000,0.0000,0.8216,0,-161.7400,-166.3089,-174.5087,0.6407,-169.5110,0.6095,PHASE_3_FINAL_ALIGNING,2.30,-171.81,575.4,250.3,5.85,-2000,2000,,
736,15:35:30.878,ROI,160,160,256,256,21.60,22.97,0.0,0.0,43.53,570.14,251.83,123.02,85.54,0.9785,18.6000,-162.5800,0.0000,0.0000,0.8322,0,-162.5800,-165.0770,-174.2080,0.5854,-168.4485,0.6308,PHASE_3_FINAL_ALIGNING,2.30,-170.75,575.4,250.3,5.48,-2000,2000,,
737,15:35:30.942,ROI,160,160,256,256,20.41,21.67,0.0,18.025,46.14,570.48,252.01,122.45,85.46,0.9903,18.1700,-156.9500,0.0000,0.0000,0.8469,0,-156.9500,-162.7620,-174.3451,0.5290,-166.7693,0.6540,PHASE_3_FINAL_ALIGNING,2.30,-169.07,575.4,250.3,5.21,-2000,2000,,
738,15:35:31.006,ROI,160,160,256,256,19.82,21.36,0.0,18.3,46.83,570.72,251.50,123.66,85.90,0.9786,19.6800,-154.0200,0.0000,0.0000,0.8699,0,-154.0200,-160.2328,-174.5364,0.4840,-164.8982,0.6738,PHASE_3_FINAL_ALIGNING,2.30,-167.20,575.4,250.3,4.83,-2000,2000,,
739,15:35:31.119,ROI,160,160,256,256,15.05,16.31,0.0,0.0,61.33,571.25,252.44,121.15,87.31,0.9591,18.4600,-148.3400,0.0000,0.0000,0.8763,0,-148.3400,-156.8233,-175.3166,0.4474,-162.5398,0.6909,PHASE_3_FINAL_ALIGNING,2.30,-164.84,575.4,250.3,4.67,-2000,2000,,
740,15:35:31.183,ROI,160,160,256,256,17.66,18.87,0.0,0.0,52.99,569.91,252.29,120.08,90.37,0.9455,21.0200,-141.0800,0.0000,0.0000,0.8786,0,-141.0800,-152.4044,-176.5083,0.3953,-159.2328,0.7167,PHASE_3_FINAL_ALIGNING,2.30,-161.53,575.4,250.3,5.84,-2000,2000,,
741,15:35:31.231,ROI,160,160,256,256,20.19,21.48,13.45,18.175,46.55,570.60,251.14,119.57,92.30,0.9641,21.5200,-137.6400,2.8400,-125.1200,0.9196,0,-137.6400,-147.7550,-177.0948,0.3434,-155.2555,0.7444,PHASE_3_FINAL_ALIGNING,2.30,-157.56,575.4,250.3,4.87,-2000,2000,,
742,15:35:31.295,ROI,160,160,256,256,28.66,29.88,0.0,0.0,33.46,570.74,250.92,116.77,92.78,0.9716,19.5300,-132.8800,0.0000,0.0000,0.8989,0,-132.8800,-142.6437,-177.0044,0.3116,-150.8071,0.7624,PHASE_3_FINAL_ALIGNING,2.30,-153.11,575.4,250.3,4.71,-2000,2000,,
743,15:35:31.360,ROI,160,160,256,256,22.36,24.03,0.0,0.0,41.61,571.14,252.77,109.73,101.15,0.8663,19.0300,-124.9500,0.0000,0.0000,0.8874,0,-124.9500,-136.5005,-177.8485,0.2763,-145.4518,0.7835,PHASE_3_FINAL_ALIGNING,2.30,-147.75,575.4,250.3,4.93,-2000,2000,,
744,15:35:31.406,ROI,160,160,224,224,17.89,19.13,0.0,20.4,52.27,571.88,251.78,103.08,102.27,0.9221,19.3100,-120.6200,2.9700,-122.7900,0.8659,0,-120.6200,-130.1486,-178.7416,0.2561,-140.0552,0.7961,PHASE_3_FINAL_ALIGNING,2.30,-142.36,575.4,250.3,3.82,-2000,2000,,
745,15:35:31.534,ROI,160,160,224,224,16.73,18.04,3.575,0.0,55.43,573.31,253.41,94.88,105.67,0.8931,17.2600,-109.0300,0.0000,0.0000,0.9078,0,-109.0300,-122.3989,-180.4222,0.2831,-135.2010,0.7794,PHASE_3_FINAL_ALIGNING,2.30,-137.50,575.4,250.3,3.75,-2000,2000,,
746,15:35:31.583,ROI,160,160,224,224,16.75,17.65,0.0,0.0,56.65,573.48,253.01,89.39,102.89,0.9173,15.6500,-101.3100,0.0000,0.0000,0.8946,0,-101.3100,-114.2373,-182.7697,0.2993,-130.0260,0.7696,PHASE_3_FINAL_ALIGNING,2.30,-132.33,575.4,250.3,3.33,-2000,2000,,
747,15:35:31.646,ROI,160,160,224,224,25.26,26.55,0.0,0.0,37.67,574.69,252.58,90.58,101.68,0.9621,16.1700,-99.4500,0.0000,0.0000,0.8710,0,-99.4500,-106.6856,-185.0179,0.3208,-125.7117,0.7571,PHASE_3_FINAL_ALIGNING,2.30,-128.01,575.4,250.3,2.39,-2000,2000,,
748,15:35:31.697,ROI,160,160,224,224,23.63,24.93,0.0,47.025,40.12,575.43,251.40,87.68,104.19,0.9455,15.9400,-91.1900,4.1000,-107.1500,0.9078,0,-91.1900,-98.7904,-186.4119,0.3489,-121.4552,0.7413,PHASE_3_FINAL_ALIGNING,2.30,-123.76,575.4,250.3,1.10,-2000,2000,,
749,15:35:31.758,ROI,160,160,224,224,22.79,24.36,10.575,0.0,41.05,574.51,250.94,85.81,102.45,0.9623,14.1800,-88.6300,0.0000,0.0000,0.8525,0,-88.6300,-91.7327,-149.7222,0.3500,-106.7679,0.7407,PHASE_3_FINAL_ALIGNING,2.30,-109.07,575.4,250.3,1.10,-2000,2000,,
750,15:35:31.823,ROI,160,160,224,224,24.55,25.81,0.0,0.0,38.74,575.48,250.50,86.21,101.89,0.9693,13.4500,-87.5100,0.0000,0.0000,0.8523,0,-87.5100,-85.7380,-115.3276,0.3681,-93.6995,0.7309,PHASE_3_FINAL_ALIGNING,2.30,-96.00,575.4,250.3,0.22,-1920,1920,,
751,15:35:31.871,ROI,160,160,224,224,24.73,26.15,0.0,0.0,38.24,575.67,250.36,87.58,102.28,0.9806,13.0700,-80.9600,0.0000,0.0000,0.8083,0,-80.9600,-79.5716,-83.0622,0.3967,-80.5631,0.7160,PHASE_3_FINAL_ALIGNING,2.30,-82.86,575.4,250.3,0.28,-1657,1657,,
752,15:35:31.999,ROI,160,160,224,224,17.76,18.76,0.0,20.825,53.29,577.48,250.69,92.65,98.88,0.9155,15.3700,-66.1600,0.0000,0.0000,0.7545,0,-66.1600,-71.7321,-53.6565,0.4333,-66.2680,0.6977,PHASE_3_FINAL_ALIGNING,2.30,-68.57,575.4,250.3,2.11,-1371,1371,,
753,15:35:32.047,ROI,160,160,224,224,21.66,22.60,0.0,17.275,44.25,577.76,251.25,95.75,99.83,0.9569,16.4900,-62.6900,0.0000,0.0000,0.7754,0,-62.6900,-64.5513,-27.1765,0.4682,-52.6333,0.6811,PHASE_3_FINAL_ALIGNING,2.30,-54.93,575.4,250.3,2.54,-1099,1099,,
754,15:35:32.111,ROI,160,160,224,224,13.56,15.08,0.0,0.0,66.30,577.39,251.88,102.35,97.45,0.9145,16.3900,-53.7700,0.0000,0.0000,0.8160,0,-53.7700,-57.3759,-4.1662,0.4868,-39.9544,0.6726,PHASE_3_FINAL_ALIGNING,2.30,-42.25,575.4,250.3,2.54,-845,845,,
755,15:35:32.174,ROI,160,160,224,224,14.44,15.27,8.125,0.0,65.51,576.54,250.43,107.04,94.49,0.9283,16.6300,-45.9000,0.0000,0.0000,0.8495,0,-45.9000,-49.8730,15.8570,0.4856,-28.3875,0.6731,PHASE_3_FINAL_ALIGNING,2.30,-30.69,575.4,250.3,1.14,-614,614,,
756,15:35:32.221,ROI,160,160,224,224,14.78,15.62,0.0,25.0,64.01,576.45,251.29,114.87,93.41,0.9158,15.0800,-38.5300,0.0000,0.0000,0.8014,0,-38.5300,-42.4844,32.8524,0.4742,-18.2509,0.6783,PHASE_3_FINAL_ALIGNING,2.30,-20.55,575.4,250.3,1.44,-411,411,,
757,15:35:32.286,ROI,160,160,256,256,12.10,13.09,0.0,0.0,76.38,576.29,251.62,116.26,90.40,0.9566,16.0300,-32.4300,0.0000,0.0000,0.8229,0,-32.4300,-35.2422,45.9366,0.4543,-9.8816,0.6876,PHASE_3_FINAL_ALIGNING,2.30,-12.18,575.4,250.3,1.59,-244,244,,
758,15:35:32.350,ROI,160,160,256,256,13.81,14.73,0.0,0.0,67.90,575.89,251.51,118.22,86.19,0.9383,17.4300,-27.5900,0.0000,0.0000,0.8942,0,-27.5900,-28.2363,55.3963,0.3921,-4.6796,0.7183,PHASE_3_FINAL_ALIGNING,2.30,-6.98,575.4,250.3,1.31,-140,140,,
759,15:35:32.399,ROI,160,160,256,256,15.64,16.76,0.0,0.0,59.68,575.54,251.26,120.11,86.22,0.9785,17.6800,-27.5300,0.0000,0.0000,0.8920,0,-27.5300,-22.8268,62.5851,0.3296,-1.6543,0.7521,PHASE_3_FINAL_ALIGNING,2.30,-3.95,575.4,250.3,0.97,-79,79,,
760,15:35:32.511,ROI,160,160,256,256,9.74,10.82,0.0,0.0,92.45,575.30,250.58,120.82,83.39,0.9617,19.0500,-21.0300,0.0000,0.0000,0.8778,0,-21.0300,-17.4899,68.7702,0.2637,0.5122,0.7913,PHASE_3_FINAL_ALIGNING,2.30,-1.79,575.4,250.3,0.30,-36,36,,
761,15:35:32.575,ROI,160,160,256,256,12.66,13.68,0.0,0.0,73.11,574.82,250.56,121.63,83.66,0.9889,18.6700,-18.6300,0.0000,0.0000,0.9021,0,-18.6300,-12.7429,72.6762,0.1815,0.3765,0.8464,PHASE_3_FINAL_ALIGNING,2.30,-1.92,575.4,250.3,0.63,-38,38,,
762,15:35:32.637,ROI,160,160,256,256,11.53,12.36,0.0,0.0,80.91,574.54,250.10,121.54,81.28,0.9671,20.3100,-17.7200,0.0000,0.0000,0.9135,0,-17.7200,-9.1937,78.1931,0.1282,0.7351,0.8864,PHASE_3_FINAL_ALIGNING,2.30,-1.56,575.4,250.3,0.88,-31,31,,
763,15:35:32.687,ROI,160,160,256,256,13.32,14.13,0.0,0.0,70.79,574.58,250.03,121.94,80.62,0.9887,20.1200,-16.8200,0.0000,0.0000,0.9204,0,-16.8200,-5.9779,47.9621,0.0878,-1.6239,0.9193,PHASE_3_FINAL_ALIGNING,2.30,-3.92,575.4,250.3,0.87,-79,79,,
764,15:35:32.750,ROI,160,160,256,256,11.83,12.67,0.0,0.0,78.94,574.35,249.97,122.53,80.14,0.9893,20.0300,-15.3300,0.0000,0.0000,0.9162,0,-15.3300,-3.2170,24.9468,0.0902,-0.8871,0.9173,PHASE_3_FINAL_ALIGNING,2.30,-3.19,575.4,250.3,1.10,-64,64,,
765,15:35:32.815,ROI,160,160,256,256,10.52,11.91,7.5,0.0,83.99,573.66,249.77,123.78,81.73,0.9697,19.9100,-13.9900,0.0000,0.0000,0.9079,0,-13.9900,-1.4836,4.2275,0.1268,-0.8410,0.8875,PHASE_3_FINAL_ALIGNING,2.30,-3.14,575.4,250.3,1.82,-63,63,,
766,15:35:32.862,ROI,160,160,256,256,10.75,11.73,0.0,0.0,85.27,573.90,250.06,123.65,82.46,0.9874,20.2200,-11.1100,0.0000,0.0000,0.8886,0,-11.1100,0.2577,-17.8827,0.1590,-2.2315,0.8628,PHASE_3_FINAL_ALIGNING,2.30,-4.53,575.4,250.3,1.52,-91,91,,
767,15:35:32.990,ROI,160,160,256,256,19.89,20.94,0.0,0.0,47.75,573.72,249.70,123.92,80.30,0.9711,19.3900,-12.5600,0.0000,0.0000,0.9060,0,-12.5600,0.5818,-22.0150,0.2133,-3.3910,0.8242,PHASE_3_FINAL_ALIGNING,2.30,-5.69,575.4,250.3,1.79,-114,114,,
768,15:35:33.040,ROI,160,160,256,256,15.71,16.91,0.0,0.0,59.13,573.69,249.74,123.55,82.26,0.9734,20.4000,-8.9800,0.0000,0.0000,0.8782,0,-8.9800,0.4285,-25.7713,0.2506,-4.8218,0.7996,PHASE_3_FINAL_ALIGNING,2.30,-7.12,575.4,250.3,1.80,-142,142,,
769,15:35:33.102,ROI,160,160,256,256,12.30,13.15,0.0,0.0,76.04,573.70,249.74,123.52,82.06,0.9974,20.4600,-8.4900,0.0000,0.0000,0.8766,0,-8.4900,-0.2744,-29.0029,0.2814,-6.5835,0.7804,PHASE_3_FINAL_ALIGNING,2.30,-8.88,575.4,250.3,1.79,-178,178,,
770,15:35:33.166,ROI,160,160,256,256,12.10,13.11,0.0,0.0,76.29,573.74,249.62,123.41,82.10,0.9964,20.2500,-7.7700,0.0000,0.0000,0.8803,0,-7.7700,-0.4569,-32.3827,0.2740,-7.3227,0.7849,PHASE_3_FINAL_ALIGNING,2.30,-9.62,575.4,250.3,1.80,-192,192,,
771,15:35:33.215,ROI,160,160,256,256,26.70,28.21,0.0,41.55,35.45,573.74,249.62,123.52,82.14,0.9985,20.3400,-7.0000,0.0000,0.0000,0.8869,0,-7.0000,-1.1206,-35.6586,0.2498,-8.0245,0.8001,PHASE_3_FINAL_ALIGNING,2.30,-10.32,575.4,250.3,1.80,-206,206,,
772,15:35:33.280,ROI,160,160,256,256,16.55,17.83,32.325,21.9,56.07,573.72,249.59,123.89,82.06,0.9961,20.0700,-6.7600,0.0000,0.0000,0.8828,0,-6.7600,-1.7212,-38.4817,0.2177,-8.2922,0.8212,PHASE_3_FINAL_ALIGNING,2.30,-10.59,575.4,250.3,1.82,-212,212,,
773,15:35:33.327,ROI,160,160,256,256,16.77,18.66,0.0,20.925,53.58,573.80,249.54,124.24,82.18,0.9958,19.9000,-6.9700,0.0000,0.0000,0.8766,0,-6.9700,-2.3150,-41.5344,0.2058,-9.0076,0.8294,PHASE_3_FINAL_ALIGNING,2.30,-11.31,575.4,250.3,1.77,-226,226,,
774,15:35:33.456,ROI,160,160,256,256,23.72,24.99,7.025,0.0,40.02,573.80,249.54,124.96,82.02,0.9923,20.2800,-6.1600,0.0000,0.0000,0.8718,0,-6.1600,-2.6071,-44.1696,0.1808,-8.9713,0.8469,PHASE_3_FINAL_ALIGNING,2.30,-11.27,575.4,250.3,1.77,-225,225,,
775,15:35:33.503,ROI,160,160,256,256,14.12,15.60,18.275,0.0,64.08,573.85,249.75,124.85,82.18,0.9941,20.2200,-6.0200,0.0000,0.0000,0.8901,0,-6.0200,-2.7606,-46.1491,0.1449,-8.2524,0.8734,PHASE_3_FINAL_ALIGNING,2.30,-10.55,575.4,250.3,1.65,-211,211,,
776,15:35:33.567,ROI,160,160,256,256,14.93,15.82,0.0,0.0,63.20,573.94,249.70,124.99,82.02,0.9965,20.4900,-6.1300,0.0000,0.0000,0.8922,0,-6.1300,-2.8623,-47.2501,0.1094,-7.2384,0.9014,PHASE_3_FINAL_ALIGNING,2.30,-9.54,575.4,250.3,1.57,-191,191,,
777,15:35:33.631,ROI,160,160,256,256,15.76,16.63,0.0,0.0,60.14,573.94,249.78,125.14,82.16,0.9969,20.4100,-4.3100,0.0000,0.0000,0.8953,0,-4.3100,-2.9612,-46.6497,0.0760,-6.0452,0.9294,PHASE_3_FINAL_ALIGNING,2.30,-8.35,575.4,250.3,1.54,-167,167,,
778,15:35:33.679,ROI,160,160,256,256,11.73,12.74,0.0,0.0,78.48,574.15,249.70,125.79,82.43,0.9915,20.6200,-3.9900,0.0000,0.0000,0.8923,0,-3.9900,-2.6798,-45.6854,0.0481,-4.6532,0.9541,PHASE_3_FINAL_ALIGNING,2.30,-6.95,575.4,250.3,1.38,-139,139,,
779,15:35:33.743,ROI,160,160,256,256,14.77,16.07,0.0,0.0,62.21,573.68,249.77,126.02,81.82,0.9852,20.0800,-0.8500,0.0000,0.0000,0.8734,0,-0.8500,-1.7880,-41.7752,0.0303,-2.9631,0.9706,PHASE_3_FINAL_ALIGNING,2.30,-5.26,575.4,250.3,1.80,-105,105,,
780,15:35:33.806,ROI,160,160,256,256,14.54,15.52,0.0,0.0,64.43,573.99,249.54,126.30,81.95,0.9896,21.1800,-3.3100,0.0000,0.0000,0.8777,0,-3.3100,-1.6105,-37.8774,0.0193,-2.2962,0.9811,PHASE_3_FINAL_ALIGNING,2.30,-4.60,575.4,250.3,1.60,-92,92,,
781,15:35:33.918,ROI,160,160,256,256,13.69,14.53,0.0,0.0,68.84,573.98,249.88,125.89,82.27,0.9886,20.6800,-1.4200,0.0000,0.0000,0.8596,0,-1.4200,-1.1990,-25.0192,0.0099,-1.4315,0.9902,PHASE_3_FINAL_ALIGNING,2.30,-3.73,575.4,250.3,1.48,-75,75,,
782,15:35:33.983,ROI,160,160,256,256,13.68,14.51,0.0,0.0,68.90,574.06,249.98,126.14,82.26,0.9956,19.9900,-0.2700,0.0000,0.0000,0.8604,0,-0.2700,-0.6567,-22.0201,0.0188,-1.0517,0.9815,PHASE_3_FINAL_ALIGNING,2.30,-3.35,575.4,250.3,1.38,-67,67,,
783,15:35:34.031,ROI,160,160,256,256,11.07,12.38,0.0,0.0,80.75,573.86,249.93,125.76,81.34,0.9858,20.1900,0.5500,0.0000,0.0000,0.9018,0,0.5500,-0.0619,-20.5253,0.0167,-0.3978,0.9836,PHASE_3_FINAL_ALIGNING,2.30,-2.70,575.4,250.3,1.59,-54,54,,
784,15:35:34.094,ROI,160,160,256,256,13.17,14.24,0.0,0.0,70.20,573.88,250.15,126.77,82.48,0.9784,19.7600,0.8600,0.0000,0.0000,0.8726,0,0.8600,0.6612,-24.4512,0.0258,0.0294,0.9748,PHASE_3_FINAL_ALIGNING,2.30,-2.27,575.4,250.3,1.53,-45,45,,
785,15:35:34.159,ROI,160,160,256,256,14.97,15.93,7.725,24.525,62.79,574.09,250.32,126.10,81.06,0.9775,17.3800,2.2500,0.0000,0.0000,0.8380,0,2.2500,1.2978,-29.4049,0.0343,0.2792,0.9668,PHASE_3_FINAL_ALIGNING,2.30,-2.02,575.4,250.3,1.31,-40,40,,
786,15:35:34.206,ROI,160,160,256,256,13.01,13.85,12.575,0.0,72.21,574.18,250.27,125.87,80.42,0.9903,17.2200,2.4600,0.0000,0.0000,0.8692,0,2.4600,2.1153,-34.6788,0.0422,0.6268,0.9595,PHASE_3_FINAL_ALIGNING,2.30,-1.67,575.4,250.3,1.22,-33,33,,
787,15:35:34.318,ROI,160,160,256,256,14.77,16.02,3.95,0.0,62.41,574.27,250.45,125.84,80.51,0.9941,17.0100,4.7800,0.0000,0.0000,0.8957,0,4.7800,3.2613,-40.0325,0.0524,1.1076,0.9503,PHASE_4_FWD_BWD,2.30,-1.19,575.4,250.3,1.14,0,0,,
788,15:35:34.383,ROI,160,160,256,256,15.78,16.74,8.075,0.0,59.75,574.32,250.51,126.14,80.59,0.9960,16.5900,5.0900,0.0000,0.0000,0.8972,0,5.0900,4.3181,-45.2364,0.0605,1.4925,0.9430,PHASE_4_FWD_BWD,2.30,-0.81,575.4,250.3,1.10,0,0,,
789,15:35:34.447,ROI,160,160,256,256,16.57,17.75,0.0,0.0,56.32,574.30,250.43,126.19,80.70,0.9976,16.7100,5.1200,0.0000,0.0000,0.9011,0,5.1200,5.2409,-50.2166,0.0650,1.8548,0.9389,PHASE_4_FWD_BWD,2.30,-0.45,575.4,250.3,1.10,0,0,,
790,15:35:34.494,ROI,160,160,256,256,12.09,13.18,0.0,0.0,75.88,574.32,250.45,126.42,80.74,0.9978,16.4000,5.6000,0.0000,0.0000,0.9049,0,5.6000,6.0760,-54.7656,0.0672,2.2422,0.9370,PHASE_4_FWD_BWD,2.30,-0.06,575.4,250.3,1.09,0,0,,
791,15:35:34.558,ROI,160,160,256,256,10.36,11.19,0.0,0.0,89.37,574.27,250.40,126.14,80.50,0.9949,16.6200,5.3000,0.0000,0.0000,0.9020,0,5.3000,6.6095,-59.2376,0.0661,2.5292,0.9380,PHASE_4_FWD_BWD,2.30,0.23,575.4,250.3,1.13,0,0,,
792,15:35:34.623,ROI,160,160,256,256,11.79,12.83,0.0,0.0,77.97,574.35,250.46,126.11,80.54,0.9971,15.9400,6.0800,0.0000,0.0000,0.9104,0,6.0800,7.1774,-63.2847,0.0645,2.9079,0.9394,PHASE_4_FWD_BWD,2.30,0.61,575.4,250.3,1.06,0,0,,
793,15:35:34.671,ROI,160,160,256,256,11.33,12.19,0.0,0.0,82.07,574.38,250.43,125.66,80.45,0.9953,16.6600,5.3700,0.0000,0.0000,0.9041,0,5.3700,7.4008,-66.7774,0.0646,2.9021,0.9394,PHASE_4_FWD_BWD,2.30,0.60,575.4,250.3,1.02,0,0,,
794,15:35:34.798,ROI,160,160,256,256,11.37,12.31,3.375,0.0,81.23,574.99,250.40,123.81,79.44,0.9729,17.7400,4.2700,0.0000,0.0000,0.8945,0,4.2700,7.1870,-67.7061,0.0686,2.3783,0.9358,PHASE_4_FWD_BWD,2.30,0.08,575.4,250.3,0.42,0,0,,
795,15:35:34.847,ROI,160,160,256,256,12.42,13.23,10.875,0.0,75.61,575.57,250.32,124.82,79.49,0.9888,18.7900,1.8100,0.0000,0.0000,0.8699,0,1.8100,6.4894,-65.4124,0.0799,1.1710,0.9260,PHASE_4_FWD_BWD,2.30,-1.13,575.4,250.3,0.17,0,0,,
796,15:35:34.910,ROI,160,160,256,256,11.33,12.14,7.75,0.0,82.35,577.38,250.08,125.10,79.74,0.9656,18.6400,0.8000,0.0000,0.0000,0.8733,0,0.8000,5.5133,-59.8778,0.1218,-1.5852,0.8914,PHASE_4_FWD_BWD,2.30,-3.89,575.4,250.3,2.00,0,0,,
797,15:35:34.958,ROI,160,160,256,256,9.97,10.77,22.175,0.0,92.86,578.02,250.27,124.14,79.95,0.9851,17.6600,3.4800,0.0000,0.0000,0.8815,0,3.4800,5.3506,-52.7659,0.1666,-2.9499,0.8572,PHASE_4_FWD_BWD,2.30,-5.25,575.4,250.3,2.62,0,0,,
798,15:35:35.023,ROI,160,160,256,256,9.81,10.60,7.2,0.0,94.36,580.06,250.03,123.41,79.31,0.9599,19.5600,0.0900,0.0000,0.0000,0.8669,0,0.0900,4.1448,-46.8976,0.2452,-5.9076,0.8031,PHASE_4_FWD_BWD,2.30,-8.21,575.4,250.3,4.67,0,0,,
799,15:35:35.086,ROI,160,160,256,256,13.02,14.16,14.85,0.0,70.63,581.09,250.24,123.14,80.14,0.9734,20.1800,1.1500,0.0000,0.0000,0.8811,0,1.1500,3.3063,-28.6589,0.3311,-4.6443,0.7513,PHASE_4_FWD_BWD,2.30,-6.94,575.4,250.3,5.69,0,0,,
800,15:35:35.135,ROI,160,160,256,256,10.68,11.53,0.0,0.0,86.75,582.31,250.21,121.65,79.17,0.9683,18.9700,1.5500,0.0000,0.0000,0.8600,0,1.5500,2.6323,-15.7813,0.4255,-2.8644,0.7015,PHASE_4_FWD_BWD,2.30,-5.16,575.4,250.3,6.91,0,0,,
801,15:35:35.262,ROI,160,160,256,256,11.08,11.87,0.0,0.0,84.22,586.29,250.22,123.46,79.92,0.9285,20.7300,-0.4900,0.0000,0.0000,0.8986,0,-0.4900,1.5999,-4.5828,0.5689,-0.6421,0.6374,PHASE_4_FWD_BWD,2.30,-2.94,575.4,250.3,10.89,0,0,,
802,15:35:35.310,ROI,160,160,256,256,10.74,11.53,10.875,0.0,86.75,590.08,250.06,119.57,79.82,0.9358,19.6800,0.3600,0.0000,0.0000,0.9159,0,0.3600,0.7943,3.1230,0.7537,1.7951,0.5702,PHASE_4_FWD_BWD,2.30,-0.50,575.4,250.3,14.68,0,0,,
803,15:35:35.374,ROI,160,160,256,256,9.52,10.67,0.0,0.0,93.71,591.57,250.29,122.38,80.61,0.9662,19.5900,-0.3200,0.0000,0.0000,0.9446,0,-0.3200,0.0126,8.9824,0.9350,4.3469,0.5168,PHASE_4_FWD_BWD,2.30,2.05,575.4,250.3,16.17,0,0,,
804,15:35:35.438,ROI,160,160,256,256,10.13,10.90,7.3,0.0,91.71,595.37,250.08,121.62,81.65,0.9280,19.6000,1.5200,0.0000,0.0000,0.9523,0,1.5200,-0.3240,13.4060,1.1488,7.0163,0.4654,PHASE_4_FWD_BWD,2.30,4.72,575.4,250.3,19.97,0,0,,
805,15:35:35.486,ROI,160,160,256,256,11.16,11.95,20.975,0.0,83.72,599.02,250.06,123.09,81.12,0.9362,20.6600,0.0900,0.0000,0.0000,0.9304,0,0.0900,-0.6790,16.4233,1.3846,9.2512,0.4194,PHASE_4_FWD_BWD,2.30,6.95,575.4,250.3,23.62,0,0,,
806,15:35:35.551,ROI,160,160,256,256,17.30,18.57,7.4,0.0,53.85,604.14,249.58,121.06,80.59,0.9090,20.6000,0.4700,0.0000,0.0000,0.9218,0,0.4700,-0.8395,18.2804,1.6602,11.0929,0.3759,PHASE_4_FWD_BWD,2.30,8.79,575.4,250.3,28.74,0,0,,
807,15:35:35.614,ROI,160,160,256,256,17.41,18.37,8.7,21.275,54.45,605.30,249.93,126.99,81.73,0.9400,21.0900,-0.7800,0.0000,0.0000,0.9357,0,-0.7800,-1.1715,18.9504,1.8942,11.9979,0.3455,PHASE_4_FWD_BWD,2.30,9.70,575.4,250.3,29.90,0,0,,
808,15:35:35.663,ROI,160,160,256,256,15.48,16.72,0.0,0.0,59.81,610.09,250.10,128.37,82.64,0.9177,20.7400,0.5500,0.0000,0.0000,0.9373,0,0.5500,-1.0744,18.3941,2.1485,12.2107,0.3176,PHASE_4_FWD_BWD,2.30,9.91,575.4,250.3,34.69,0,0,,
809,15:35:35.774,ROI,160,160,288,288,10.24,11.27,0.0,0.0,88.70,619.14,248.97,124.70,78.16,0.8218,19.8900,2.3000,0.0000,0.0000,0.9429,0,2.3000,-0.5639,16.8123,2.4873,11.8296,0.2868,PHASE_4_FWD_BWD,2.30,9.53,575.4,250.3,43.76,0,0,,
810,15:35:35.839,ROI,160,160,256,256,12.90,13.89,7.3,0.0,72.02,622.92,249.23,129.46,85.23,0.8648,20.9100,-1.3100,0.0000,0.0000,0.9169,0,-1.3100,-0.6530,14.2302,2.8012,10.3147,0.2631,PHASE_4_FWD_BWD,2.30,8.01,575.4,250.3,47.53,0,0,,
811,15:35:35.902,ROI,160,160,288,288,13.11,13.95,0.0,0.0,71.69,624.54,248.55,124.97,78.73,0.8918,20.7200,0.0200,0.0000,0.0000,0.9306,0,0.0200,-0.4191,10.6700,3.0440,7.9279,0.2473,PHASE_4_FWD_BWD,2.30,5.63,575.4,250.3,49.17,0,0,,
812,15:35:35.951,ROI,160,160,256,256,12.32,13.11,11.25,0.0,76.28,629.44,249.18,128.05,85.25,0.8563,18.9200,0.6900,0.0000,0.0000,0.9237,0,0.6900,-0.0764,7.1463,3.2810,5.4591,0.2336,PHASE_4_FWD_BWD,2.30,3.16,575.4,250.3,54.05,0,0,,
813,15:35:36.016,ROI,160,160,288,288,13.67,14.81,0.0,0.0,67.51,631.61,249.40,124.56,80.10,0.9081,20.6300,-2.9100,0.0000,0.0000,0.9267,0,-2.9100,-0.6811,4.1769,3.4548,3.0864,0.2245,PHASE_4_FWD_BWD,2.30,0.79,575.4,250.3,56.22,0,0,,
814,15:35:36.078,ROI,160,160,256,256,17.54,18.32,0.0,21.325,54.57,637.58,249.43,126.13,85.17,0.8570,17.6000,1.3600,2.2000,7.5000,0.8580,0,1.3600,-0.4412,2.7202,3.6533,2.0408,0.2149,PHASE_4_FWD_BWD,2.30,-0.26,575.4,250.3,62.18,0,0,,
815,15:35:36.127,ROI,160,160,256,256,14.14,15.20,12.775,0.0,65.78,640.41,248.97,127.41,83.47,0.9378,17.5500,-1.9000,2.3900,-2.3200,0.8773,0,-1.9000,-0.5806,1.7760,3.7899,1.2840,0.2088,PHASE_4_FWD_BWD,2.30,-1.02,575.4,250.3,65.02,0,0,,
816,15:35:36.256,ROI,160,160,256,256,13.53,14.55,3.425,0.0,68.75,646.69,248.42,126.67,83.49,0.8944,19.0900,2.4800,3.6500,17.4100,0.8952,0,2.4800,-0.1058,1.4865,3.9481,1.1647,0.2021,PHASE_4_FWD_BWD,2.30,-1.14,575.4,250.3,71.31,0,0,,
817,15:35:36.303,ROI,160,160,256,256,11.57,12.46,0.0,0.0,80.27,652.48,248.51,129.63,81.79,0.8959,19.7900,-1.1400,3.4500,13.7500,0.8635,0,-1.1400,-0.2961,1.3694,4.0904,1.0422,0.1964,PHASE_4_FWD_BWD,2.30,-1.26,575.4,250.3,77.10,0,0,,
818,15:35:36.366,ROI,160,160,288,288,12.16,12.94,15.4,0.0,77.26,654.81,248.45,129.80,80.62,0.9512,20.9900,-3.1400,2.3600,1.3200,0.9488,0,-3.1400,-0.8111,1.3534,4.1501,0.9331,0.1942,PHASE_4_FWD_BWD,2.30,-1.37,575.4,250.3,79.43,0,0,,
819,15:35:36.430,ROI,160,160,288,288,16.00,17.18,0.0,0.0,58.20,658.10,248.41,127.37,81.50,0.9401,21.6300,-0.8700,2.7200,3.5600,0.9436,0,-0.8700,-1.0059,1.4045,4.1959,0.9406,0.1925,PHASE_4_FWD_BWD,2.30,-1.36,575.4,250.3,82.73,0,0,,
820,15:35:36.479,ROI,160,160,256,256,12.05,12.84,0.0,0.0,77.91,660.86,248.64,127.86,82.88,0.9421,18.4800,-1.4100,4.5000,14.8700,0.8679,0,-1.4100,-1.2101,1.4727,4.2161,0.9584,0.1917,PHASE_4_FWD_BWD,2.30,-1.34,575.4,250.3,85.48,0,0,,
821,15:35:36.541,ROI,160,160,256,256,13.43,14.46,7.925,27.0,69.14,663.01,248.61,129.76,82.45,0.9623,18.8800,-1.0200,2.2900,10.9000,0.8771,0,-1.0200,-1.3790,1.4877,4.1568,0.9318,0.1939,PHASE_4_FWD_BWD,2.30,-1.37,575.4,250.3,87.62,0,0,,
822,15:35:36.591,ROI,160,160,288,288,10.85,11.76,0.0,0.0,85.02,666.76,248.68,126.95,82.06,0.9388,19.6700,-1.6300,0.0000,0.0000,0.9334,0,-1.6300,-1.4560,1.4762,4.0905,0.9002,0.1964,PHASE_4_FWD_BWD,2.30,-1.40,575.4,250.3,91.38,0,0,,
823,15:35:36.719,ROI,160,160,256,256,15.50,16.46,3.35,0.0,60.77,673.74,249.47,129.78,85.10,0.8660,15.1200,2.3800,3.8500,16.4800,0.8453,0,2.3800,-0.8159,1.3708,4.0706,0.9395,0.1972,PHASE_4_FWD_BWD,2.30,-1.36,575.4,250.3,98.35,0,0,,
824,15:35:36.767,ROI,160,160,288,288,13.18,14.42,0.0,0.0,69.34,675.84,248.26,127.55,81.07,0.9224,20.8600,1.7900,0.0000,0.0000,0.9519,0,1.7900,-0.2945,1.2875,4.0343,0.9733,0.1986,PHASE_4_FWD_BWD,2.30,-1.33,575.4,250.3,100.46,0,0,,
825,15:35:36.832,ROI,160,160,256,256,21.57,22.95,7.6,0.0,43.58,684.10,249.46,130.83,85.63,0.8351,18.2500,0.6300,3.1900,15.2500,0.8898,0,0.6300,-0.1726,1.1162,4.0172,0.8593,0.1993,PHASE_4_FWD_BWD,2.30,-1.44,575.4,250.3,108.71,0,0,,
826,15:35:36.894,ROI,160,160,288,288,23.15,24.38,30.075,0.0,41.02,685.57,248.42,126.81,82.55,0.9344,21.9100,-4.2100,0.0000,0.0000,0.9559,0,-4.2100,-0.9182,0.8903,3.9572,0.5255,0.2017,PHASE_4_FWD_BWD,2.30,-1.77,575.4,250.3,110.18,0,0,,
827,15:35:36.943,ROI,160,160,256,256,21.37,22.76,0.0,0.0,43.93,692.90,249.74,131.54,86.46,0.8535,15.9600,5.8900,5.3700,23.3300,0.8731,0,5.8900,0.6813,0.6485,4.0479,0.6550,0.1981,PHASE_4_FWD_BWD,2.30,-1.64,575.4,250.3,117.51,0,0,,
828,15:35:37.006,ROI,160,160,288,288,15.91,16.96,0.0,0.0,58.97,694.95,248.32,127.31,84.37,0.9362,21.1100,-4.9800,0.0000,0.0000,0.9532,0,-4.9800,-0.4081,0.4384,4.0963,0.2723,0.1962,PHASE_4_FWD_BWD,2.30,-2.03,575.4,250.3,119.57,0,0,,
829,15:35:37.119,ROI,160,160,256,256,12.14,13.16,4.1,0.0,76.02,702.43,250.10,129.22,88.10,0.8539,15.8100,1.9900,2.7200,14.7900,0.8422,0,1.9900,0.1412,0.2268,4.1590,0.2102,0.1938,PHASE_4_FWD_BWD,2.30,-2.09,575.4,250.3,127.03,0,0,,
830,15:35:37.183,ROI,160,160,288,288,14.62,15.56,7.625,25.1,64.26,704.74,248.67,129.02,87.30,0.9345,20.9300,-2.9500,0.0000,0.0000,0.9303,0,-2.9500,-0.2806,0.0359,4.1975,-0.0250,0.1924,PHASE_4_FWD_BWD,2.30,-2.33,575.4,250.3,129.35,0,0,,
831,15:35:37.246,ROI,160,160,288,288,11.59,12.44,0.0,0.0,80.41,709.22,248.76,129.40,87.14,0.9311,19.9800,-0.2400,0.0000,0.0000,0.9410,0,-0.2400,-0.4840,-0.1595,4.2018,-0.2219,0.1922,PHASE_4_FWD_BWD,2.30,-2.52,575.4,250.3,133.83,0,0,,
832,15:35:37.295,ROI,160,160,288,288,10.53,11.51,10.7,0.0,86.92,712.49,248.85,127.87,85.57,0.9336,21.1500,-3.4200,0.0000,0.0000,0.9324,0,-3.4200,-0.9106,-0.3649,4.2204,-0.4694,0.1916,PHASE_4_FWD_BWD,2.30,-2.77,575.4,250.3,137.10,0,0,,
833,15:35:37.358,ROI,160,160,256,256,11.01,11.95,0.0,0.0,83.70,716.53,249.47,128.72,87.06,0.9234,15.7100,3.8700,0.0000,0.0000,0.8720,0,3.8700,-0.1235,-0.5798,4.2107,-0.4922,0.1919,PHASE_4_FWD_BWD,2.30,-2.79,575.4,250.3,141.13,0,0,,
834,15:35:37.406,ROI,160,160,288,288,15.23,16.05,10.975,0.0,62.29,719.67,248.77,126.74,85.64,0.9368,21.7100,-4.0800,0.0000,0.0000,0.9475,0,-4.0800,-0.5781,-0.7145,4.2220,-0.6883,0.1915,PHASE_4_FWD_BWD,2.30,-2.99,575.4,250.3,144.28,0,0,,
835,15:35:37.534,ROI,160,160,256,256,14.59,15.65,3.475,0.0,63.90,726.98,247.25,127.49,85.07,0.8617,14.7800,3.3200,2.3900,14.2000,0.7888,0,3.3200,0.1948,-0.7126,4.3244,-0.5422,0.1878,PHASE_4_FWD_BWD,2.30,-2.84,575.4,250.3,151.61,0,0,,
836,15:35:37.582,ROI,160,160,256,256,11.74,12.53,24.125,0.0,79.81,732.14,248.39,131.78,87.36,0.8998,16.1200,5.7500,0.0000,0.0000,0.8176,0,5.7500,1.1646,-0.6431,4.4094,-0.3090,0.1849,PHASE_4_FWD_BWD,2.30,-2.61,575.4,250.3,156.76,0,0,,
837,15:35:37.646,ROI,160,160,288,288,9.95,10.74,15.2,0.0,93.11,732.90,247.41,131.04,87.39,0.9666,22.4800,-1.7100,0.0000,0.0000,0.9367,0,-1.7100,0.7037,-0.4654,4.4129,-0.2494,0.1847,PHASE_4_FWD_BWD,2.30,-2.55,575.4,250.3,157.53,0,0,,
838,15:35:37.709,ROI,160,160,288,288,9.62,10.39,0.0,0.0,96.25,736.93,246.57,133.83,88.11,0.9235,22.1400,0.0600,0.0000,0.0000,0.9576,0,0.0600,0.5598,-0.1692,4.3872,-0.0339,0.1856,PHASE_4_FWD_BWD,2.30,-2.33,575.4,250.3,161.58,0,0,,
839,15:35:37.758,ROI,160,160,288,288,9.42,10.19,10.15,0.0,98.16,739.24,246.86,132.32,85.79,0.9407,22.7000,-1.8300,0.0000,0.0000,0.9519,0,-1.8300,0.0467,0.2108,4.2872,0.1798,0.1891,PHASE_4_FWD_BWD,2.30,-2.12,575.4,250.3,163.88,0,0,,
840,15:35:37.822,ROI,160,160,288,288,14.36,15.24,0.0,25.625,65.61,740.98,247.24,129.13,86.90,0.9615,18.7600,2.5500,0.0000,0.0000,0.9042,0,2.5500,0.3764,0.6402,4.1339,0.5888,0.1948,PHASE_4_FWD_BWD,2.30,-1.71,575.4,250.3,165.61,0,0,,
841,15:35:37.886,ROI,160,160,288,288,10.20,11.00,7.85,0.0,90.90,744.27,246.46,129.71,87.32,0.9340,21.3800,-0.5800,0.0000,0.0000,0.9507,0,-0.5800,0.4378,1.0703,4.0219,0.9444,0.1991,PHASE_4_FWD_BWD,2.30,-1.36,575.4,250.3,168.91,0,0,,
842,15:35:37.936,ROI,160,160,288,288,9.61,10.38,0.0,0.0,96.32,745.57,246.59,125.80,86.29,0.9585,21.5200,-0.2800,0.0000,0.0000,0.9416,0,-0.2800,0.5469,1.5962,3.8292,1.3789,0.2071,PHASE_4_FWD_BWD,2.30,-0.92,575.4,250.3,170.21,0,0,,
843,15:35:38.046,ROI,160,160,256,256,16.62,18.07,0.0,0.0,55.34,750.52,247.30,135.86,89.30,0.8948,16.7400,7.0900,3.9700,18.8900,0.8892,0,7.0900,2.0719,2.0308,3.7397,2.0395,0.2110,PHASE_4_FWD_BWD,2.30,-0.26,575.4,250.3,175.15,0,0,,
844,15:35:38.111,ROI,160,160,288,288,14.82,16.04,8.3,0.0,62.33,750.72,247.58,130.39,86.63,0.9312,21.1800,-2.6500,0.0000,0.0000,0.9036,0,-2.6500,0.9523,2.4407,3.5459,2.1133,0.2200,PHASE_4_FWD_BWD,2.30,-0.19,575.4,250.3,175.34,0,0,,
845,15:35:38.174,ROI,160,160,288,288,13.60,14.61,8.375,0.0,68.44,751.28,247.97,129.56,84.62,0.9684,21.1700,-2.8500,0.0000,0.0000,0.9218,0,-2.8500,0.8865,2.6918,3.3697,2.2787,0.2288,PHASE_4_FWD_BWD,2.30,-0.02,575.4,250.3,175.89,0,0,,
846,15:35:38.222,ROI,160,160,288,288,11.56,12.56,11.775,0.0,79.62,752.67,248.01,130.12,86.90,0.9532,19.6500,-0.8100,0.0000,0.0000,0.8989,0,-0.8100,0.1839,2.9073,3.1388,2.2493,0.2416,PHASE_4_FWD_BWD,2.30,-0.05,575.4,250.3,177.29,0,0,,
847,15:35:38.286,ROI,160,160,288,288,15.19,16.56,7.55,0.0,60.38,753.71,247.06,130.16,87.86,0.9633,19.6100,0.5400,0.0000,0.0000,0.9114,0,0.5400,0.4589,2.9747,2.9528,2.3383,0.2530,PHASE_4_FWD_BWD,2.30,0.04,575.4,250.3,178.34,0,0,,
848,15:35:38.350,ROI,160,160,288,288,9.91,10.68,0.0,0.0,93.64,754.15,247.88,131.80,87.70,0.9695,19.6800,-0.8400,0.0000,0.0000,0.8828,0,-0.8400,-0.0720,2.9486,2.7143,2.1353,0.2692,PHASE_4_FWD_BWD,2.30,-0.16,575.4,250.3,178.77,0,0,,
849,15:35:38.399,ROI,160,160,288,288,10.44,11.23,0.0,0.0,89.01,755.37,247.65,133.65,85.82,0.9612,21.5000,-3.5700,0.0000,0.0000,0.9023,0,-3.5700,-0.8977,2.8151,2.4832,1.7492,0.2871,PHASE_4_FWD_BWD,2.30,-0.55,575.4,250.3,179.99,0,0,,
850,15:35:38.526,ROI,160,160,288,288,9.68,10.48,0.0,0.0,95.41,755.13,247.97,135.88,89.10,0.9474,19.5900,0.5500,0.0000,0.0000,0.8796,0,0.5500,-1.1749,2.5115,2.2166,1.3655,0.3109,PHASE_4_FWD_BWD,2.30,-0.93,575.4,250.3,179.74,0,0,,
851,15:35:38.574,ROI,160,160,288,288,10.16,11.15,10.3,0.0,89.71,755.07,247.81,135.83,88.96,0.9956,19.8100,0.3300,0.0000,0.0000,0.8822,0,0.3300,-0.7568,1.9390,1.9406,1.0223,0.3401,PHASE_4_FWD_BWD,2.30,-1.28,575.4,250.3,179.69,0,0,,
852,15:35:38.638,ROI,160,160,288,288,14.82,15.84,0.0,24.675,63.15,754.66,248.01,134.91,88.54,0.9886,20.8000,-1.0600,0.0000,0.0000,0.8834,0,-1.0600,-1.4445,1.1197,1.6402,0.1485,0.3788,PHASE_4_FWD_BWD,2.30,-2.15,575.4,250.3,179.27,0,0,,
853,15:35:38.686,ROI,160,160,288,288,8.77,9.61,0.0,0.0,104.10,754.76,247.62,135.20,87.44,0.9855,16.5700,2.5100,0.0000,0.0000,0.8895,0,2.5100,-0.6322,0.3272,1.4122,-0.0705,0.4146,PHASE_4_FWD_BWD,2.30,-2.37,575.4,250.3,179.38,0,0,,
854,15:35:38.750,ROI,160,160,288,288,10.93,12.05,0.0,0.0,82.95,752.18,247.81,133.69,87.70,0.9584,21.0400,-2.5100,0.0000,0.0000,0.8602,0,-2.5100,-0.5632,-0.7246,1.1841,-0.6507,0.4579,PHASE_4_FWD_BWD,2.30,-2.95,575.4,250.3,176.80,0,0,,
855,15:35:38.813,ROI,160,160,288,288,9.31,10.07,15.475,0.0,99.31,750.47,247.81,133.65,87.34,0.9708,20.4100,-2.8100,0.0000,0.0000,0.8921,0,-2.8100,-1.2396,-1.9637,0.8992,-1.5824,0.5265,PHASE_4_FWD_BWD,2.30,-3.88,575.4,250.3,175.09,0,0,,
856,15:35:38.863,ROI,160,160,288,288,9.00,9.76,19.45,0.0,102.43,747.28,246.64,131.69,86.67,0.9283,20.6900,-2.8900,0.0000,0.0000,0.9065,0,-2.8900,-1.7164,-2.9164,0.5986,-2.1657,0.6256,PHASE_4_FWD_BWD,2.30,-4.47,575.4,250.3,171.92,0,0,,
857,15:35:38.991,ROI,160,160,288,288,9.14,10.01,3.3,39.05,99.92,743.76,247.08,129.74,86.11,0.9381,21.3900,-3.3600,0.0000,0.0000,0.8796,0,-3.3600,-2.4476,-3.9859,0.2612,-2.7662,0.7929,PHASE_4_FWD_BWD,2.30,-5.07,575.4,250.3,168.39,0,0,,
858,15:35:39.039,ROI,160,160,288,288,8.86,9.77,10.525,40.0,102.39,741.88,246.73,128.48,84.31,0.9512,21.7600,-3.9100,0.0000,0.0000,0.9338,0,-3.9100,-2.7779,-2.8685,0.0854,-2.7850,0.9213,PHASE_4_FWD_BWD,2.30,-5.09,575.4,250.3,166.52,0,0,,
859,15:35:39.101,ROI,160,160,288,288,9.79,10.57,0.0,0.0,94.64,741.16,246.67,127.67,83.59,0.9804,22.3300,-3.6400,0.0000,0.0000,0.9490,0,-3.6400,-3.2874,-3.5090,0.3812,-3.3485,0.7240,PHASE_4_FWD_BWD,2.30,-5.65,575.4,250.3,165.80,0,0,,
860,15:35:39.166,ROI,160,160,256,256,11.03,11.79,0.0,33.15,84.82,736.86,247.82,134.13,88.69,0.8829,20.2900,1.3600,2.4400,14.6900,0.9004,0,1.3600,-2.6864,-3.7724,0.7201,-3.1411,0.5813,PHASE_4_FWD_BWD,2.30,-5.44,575.4,250.3,161.47,0,0,,
861,15:35:39.214,ROI,160,160,288,288,13.51,15.04,10.6,0.0,66.51,734.78,247.14,131.29,86.85,0.9491,24.3000,-2.6100,0.0000,0.0000,0.9534,0,-2.6100,-2.1080,-3.9211,0.9806,-3.0056,0.5049,PHASE_4_FWD_BWD,2.30,-5.31,575.4,250.3,159.41,0,0,,
862,15:35:39.280,ROI,160,160,288,288,13.61,14.99,7.65,52.175,66.72,731.55,247.59,132.55,90.59,0.9137,15.1500,3.1800,0.0000,0.0000,0.8202,0,3.1800,-1.2564,-3.8056,1.2607,-2.6780,0.4423,PHASE_4_FWD_BWD,2.30,-4.98,575.4,250.3,156.18,0,0,,
863,15:35:39.328,ROI,160,160,288,288,15.20,16.20,0.0,0.0,61.72,728.25,247.34,132.26,90.63,0.9461,19.1700,-0.1800,0.0000,0.0000,0.8645,0,-0.1800,-1.2171,-3.5291,1.5483,-2.6218,0.3924,PHASE_4_FWD_BWD,2.30,-4.92,575.4,250.3,152.87,0,0,,
864,15:35:39.454,ROI,160,160,288,288,10.40,11.39,3.55,0.0,87.80,719.50,248.46,132.48,88.31,0.8550,21.5200,-2.2900,0.0000,0.0000,0.9338,0,-2.2900,-1.4299,-2.9603,1.9142,-2.4351,0.3432,PHASE_4_FWD_BWD,2.30,-4.74,575.4,250.3,144.12,0,0,,
865,15:35:39.502,ROI,160,160,288,288,9.90,10.70,10.625,0.0,93.46,713.71,249.87,128.57,87.98,0.8872,19.1400,-2.7800,0.0000,0.0000,0.8216,0,-2.7800,-1.5670,-2.2084,2.2935,-2.0136,0.3036,PHASE_4_FWD_BWD,2.30,-4.31,575.4,250.3,138.31,0,0,,
866,15:35:39.566,ROI,160,160,288,288,11.82,12.66,14.775,0.0,79.00,712.30,249.56,127.53,85.93,0.9556,21.5800,-3.8200,2.3000,-0.2000,0.9493,0,-3.8200,-2.0120,-1.3051,2.6068,-1.5011,0.2773,PHASE_4_FWD_BWD,2.30,-3.80,575.4,250.3,136.90,0,0,,
867,15:35:39.631,ROI,160,160,256,256,11.52,13.19,7.5,29.625,75.84,708.18,249.50,131.30,87.07,0.9262,13.5700,2.8500,0.0000,0.0000,0.7784,0,2.8500,-1.3429,-0.3382,2.8823,-0.5970,0.2576,PHASE_4_FWD_BWD,2.30,-2.90,575.4,250.3,132.78,0,0,,
868,15:35:39.678,ROI,160,160,288,288,10.70,11.91,11.5,32.8,84.00,706.42,249.49,130.36,88.02,0.9631,18.2200,-0.8200,0.0000,0.0000,0.8620,0,-0.8200,-1.0798,0.6475,3.0963,0.2259,0.2441,PHASE_4_FWD_BWD,2.30,-2.07,575.4,250.3,131.02,0,0,,
869,15:35:39.741,ROI,160,160,288,288,12.65,13.45,0.0,29.05,74.33,702.47,249.83,127.69,88.16,0.9336,18.1700,0.0100,0.0000,0.0000,0.8735,0,0.0100,-0.6472,1.5704,3.2802,1.0523,0.2336,PHASE_4_FWD_BWD,2.30,-1.25,575.4,250.3,127.07,0,0,,
870,15:35:39.791,ROI,160,160,256,256,17.79,18.58,0.0,21.025,53.82,696.18,249.06,128.16,83.76,0.8630,13.5400,5.6700,0.0000,0.0000,0.8858,0,5.6700,0.7950,2.3301,3.4736,1.9870,0.2235,PHASE_4_FWD_BWD,2.30,-0.31,575.4,250.3,120.78,0,0,,
871,15:35:39.917,ROI,160,160,288,288,10.54,11.44,0.0,34.15,87.41,690.42,249.14,128.72,85.91,0.8922,20.0800,-1.9000,0.0000,0.0000,0.9395,0,-1.9000,0.9664,2.9909,3.6450,2.5550,0.2153,PHASE_4_FWD_BWD,2.30,0.26,575.4,250.3,115.03,0,0,,
872,15:35:39.966,ROI,160,160,288,288,11.75,12.56,0.0,31.1,79.60,687.44,248.84,127.26,85.84,0.9479,21.2800,-1.7400,0.0000,0.0000,0.9213,0,-1.7400,0.6902,3.3941,3.7860,2.8291,0.2089,PHASE_4_FWD_BWD,2.30,0.53,575.4,250.3,112.05,0,0,,
873,15:35:40.030,ROI,160,160,256,256,13.28,14.37,7.625,0.0,69.57,680.73,249.52,132.02,85.46,0.8880,14.7900,3.6800,3.2500,19.7000,0.8223,0,3.6800,1.4764,3.5503,3.9453,3.1309,0.2022,PHASE_4_FWD_BWD,2.30,0.83,575.4,250.3,105.33,0,0,,
874,15:35:40.094,ROI,160,160,288,288,13.44,14.70,0.0,26.55,68.01,677.89,248.41,128.43,80.98,0.9076,19.9000,0.3200,0.0000,0.0000,0.9329,0,0.3200,1.4522,3.5363,4.0709,3.1253,0.1972,PHASE_4_FWD_BWD,2.30,0.83,575.4,250.3,102.51,0,0,,
875,15:35:40.142,ROI,160,160,288,288,10.12,11.01,11.825,0.0,90.80,672.32,248.38,127.33,82.91,0.8961,17.9500,1.0500,0.0000,0.0000,0.8617,0,1.0500,1.4689,3.1778,4.2206,2.8505,0.1916,PHASE_4_FWD_BWD,2.30,0.55,575.4,250.3,96.94,0,0,,
876,15:35:40.206,ROI,160,160,256,256,12.05,12.82,14.7,0.0,77.98,669.28,249.31,133.42,85.15,0.9292,16.9100,1.7700,4.8600,20.2600,0.8285,0,1.7700,1.4944,3.7308,4.3133,3.3099,0.1882,PHASE_4_FWD_BWD,2.30,1.01,575.4,250.3,93.89,0,0,,
877,15:35:40.318,ROI,160,160,288,288,10.74,11.52,7.875,33.9,86.80,663.55,247.70,128.88,81.00,0.8726,18.6700,0.8900,2.3400,7.4000,0.9198,0,0.8900,1.2702,3.2400,4.3706,2.8733,0.1862,PHASE_4_FWD_BWD,2.30,0.57,575.4,250.3,88.18,0,0,,
878,15:35:40.382,ROI,160,160,288,288,15.87,16.88,0.0,23.15,59.26,660.71,248.76,128.39,82.39,0.9329,18.6400,-2.2400,0.0000,0.0000,0.8288,0,-2.2400,0.8815,2.7357,4.4026,2.3925,0.1851,PHASE_4_FWD_BWD,2.30,0.09,575.4,250.3,85.33,0,0,,
879,15:35:40.431,ROI,160,160,288,288,13.58,14.61,0.0,26.75,68.43,657.30,248.31,127.71,80.08,0.9222,17.7300,0.2600,0.0000,0.0000,0.9321,0,0.2600,0.6264,2.0788,4.3782,1.8088,0.1859,PHASE_4_FWD_BWD,2.30,-0.49,575.4,250.3,81.92,0,0,,
880,15:35:40.497,ROI,160,160,256,256,18.00,19.19,0.0,20.375,52.12,654.84,248.67,126.90,81.63,0.9442,19.4100,-2.6600,4.5600,16.1300,0.8217,0,-2.6600,0.3667,1.3812,4.3005,1.1898,0.1887,PHASE_4_FWD_BWD,2.30,-1.11,575.4,250.3,79.46,0,0,,
881,15:35:40.557,ROI,160,160,256,256,12.37,13.19,0.0,29.625,75.84,651.04,249.12,128.00,82.03,0.9321,19.1900,-2.5100,2.3900,9.7200,0.8300,0,-2.5100,-0.1332,0.6450,4.1962,0.4952,0.1924,PHASE_4_FWD_BWD,2.30,-1.80,575.4,250.3,75.65,0,0,,
882,15:35:40.606,ROI,160,160,288,288,13.54,14.90,0.0,26.2,67.13,649.00,248.10,128.05,79.49,0.9391,18.3700,-1.4000,2.8600,5.5300,0.8520,0,-1.4000,-0.5994,-0.0573,4.1398,-0.1628,0.1946,PHASE_4_FWD_BWD,2.30,-2.46,575.4,250.3,73.63,0,0,,
883,15:35:40.734,ROI,160,160,288,288,12.18,12.97,0.0,0.0,77.12,640.68,248.65,127.26,81.63,0.8561,18.2900,-1.4200,0.0000,0.0000,0.8919,0,-1.4200,-1.1398,-0.6115,4.1968,-0.7132,0.1924,PHASE_4_FWD_BWD,2.30,-3.01,575.4,250.3,65.30,0,0,,
884,15:35:40.782,ROI,160,160,256,256,13.98,15.37,11.025,25.425,65.06,634.62,249.15,127.26,86.46,0.8605,18.4300,-0.8200,2.7900,15.0900,0.8460,0,-0.8200,-1.6968,-1.0055,4.2370,-1.1375,0.1909,PHASE_4_FWD_BWD,2.30,-3.44,575.4,250.3,59.24,0,0,,
885,15:35:40.846,ROI,160,160,256,256,15.08,15.91,8.05,24.55,62.87,633.82,250.50,126.98,83.92,0.9568,18.5700,-1.0000,6.2500,-1.7100,0.9332,0,-1.0000,-1.6022,-1.2031,4.2117,-1.2797,0.1919,PHASE_4_FWD_BWD,2.30,-3.58,575.4,250.3,58.42,0,0,,
886,15:35:40.893,ROI,160,160,256,256,17.83,18.64,0.0,20.95,53.66,626.86,250.02,123.66,82.67,0.8819,17.6800,-0.4400,2.3200,5.2100,0.8666,0,-0.4400,-1.7332,-1.2343,4.1901,-1.3304,0.1927,PHASE_4_FWD_BWD,2.30,-3.63,575.4,250.3,51.46,0,0,,
887,15:35:40.958,ROI,160,160,256,256,10.94,11.75,8.45,33.25,85.12,624.77,249.49,125.71,81.81,0.9550,19.3600,-0.4800,0.0000,0.0000,0.9349,0,-0.4800,-1.7868,-1.1107,4.1183,-1.2428,0.1954,PHASE_4_FWD_BWD,2.30,-3.54,575.4,250.3,49.37,0,0,,
888,15:35:41.021,ROI,160,160,256,256,11.50,12.29,0.0,31.8,81.37,623.15,250.02,131.10,84.40,0.9294,18.9200,-0.2800,0.0000,0.0000,0.9168,0,-0.2800,-1.1620,-0.8735,4.0381,-0.9308,0.1985,PHASE_4_FWD_BWD,2.30,-3.23,575.4,250.3,47.75,0,0,,
889,15:35:41.071,ROI,160,160,288,288,11.28,12.07,0.0,32.375,82.87,617.15,248.92,125.64,76.61,0.8285,19.3700,0.0300,0.0000,0.0000,0.8818,0,0.0300,-1.2105,-0.5991,4.0250,-0.7207,0.1990,PHASE_4_FWD_BWD,2.30,-3.02,575.4,250.3,41.77,0,0,,
890,15:35:41.199,ROI,160,160,256,256,10.64,11.41,0.0,34.225,87.62,607.05,249.74,129.44,86.27,0.7627,19.7200,-1.2400,0.0000,0.0000,0.8712,0,-1.2400,-1.5350,-0.2718,4.0965,-0.5196,0.1962,PHASE_4_FWD_BWD,2.30,-2.82,575.4,250.3,31.65,0,0,,
891,15:35:41.311,ROI,160,160,288,288,11.61,12.39,0.0,0.0,80.73,602.03,248.73,124.11,81.22,0.8706,19.0600,-1.4700,0.0000,0.0000,0.8911,0,-1.4700,-1.3132,0.0989,4.2216,-0.1715,0.1915,PHASE_4_FWD_BWD,2.30,-2.47,575.4,250.3,26.68,0,0,,
892,15:35:41.374,ROI,160,160,256,256,12.69,13.46,0.0,0.0,74.31,598.18,249.46,121.50,82.46,0.9232,20.3100,0.8500,0.0000,0.0000,0.8669,0,0.8500,-0.8994,0.4254,4.3073,0.1758,0.1884,PHASE_4_FWD_BWD,2.30,-2.12,575.4,250.3,22.79,0,0,,
893,15:35:41.422,ROI,160,160,256,256,8.95,9.84,0.0,0.0,101.59,593.06,249.78,121.79,81.30,0.9067,22.9000,-1.8100,0.0000,0.0000,0.9048,0,-1.8100,-0.9583,0.7158,4.4277,0.4074,0.1842,PHASE_4_FWD_BWD,2.30,-1.89,575.4,250.3,17.66,0,0,,
894,15:35:41.486,ROI,160,160,256,256,12.26,13.85,14.475,28.2,72.18,591.93,250.01,120.21,81.60,0.9762,21.4300,-0.7000,0.0000,0.0000,0.9431,0,-0.7000,-0.6598,1.0329,4.4643,0.7231,0.1830,PHASE_4_FWD_BWD,2.30,-1.58,575.4,250.3,16.53,0,0,,
895,15:35:41.550,ROI,160,160,256,256,9.02,9.77,0.0,40.0,102.39,587.82,250.34,121.62,80.34,0.9203,21.5200,-1.9700,0.0000,0.0000,0.9084,0,-1.9700,-0.6757,1.2461,4.5252,0.8983,0.1810,PHASE_4_FWD_BWD,2.30,-1.40,575.4,250.3,12.42,0,0,,
896,15:35:41.600,ROI,160,160,256,256,12.85,14.14,9.8,27.625,70.71,585.69,250.10,120.59,79.66,0.9575,19.4100,1.1500,0.0000,0.0000,0.9310,0,1.1500,-0.3506,1.4352,4.5230,1.1119,0.1811,PHASE_4_FWD_BWD,2.30,-1.19,575.4,250.3,10.29,0,0,,
897,15:35:41.727,ROI,160,160,256,256,10.03,10.97,6.925,35.65,91.18,582.02,249.90,123.02,78.98,0.9338,21.0100,-1.3600,0.0000,0.0000,0.8910,0,-1.3600,-0.3210,1.5245,4.4968,1.1887,0.1819,PHASE_4_FWD_BWD,2.30,-1.11,575.4,250.3,6.64,0,0,,
898,15:35:41.774,ROI,160,160,256,256,11.68,12.70,0.0,30.775,78.75,581.38,250.04,124.45,81.26,0.9607,21.3400,0.6700,0.0000,0.0000,0.8801,0,0.6700,-0.1719,1.5448,4.3750,1.2254,0.1860,PHASE_4_FWD_BWD,2.30,-1.07,575.4,250.3,5.98,0,0,,
899,15:35:41.839,ROI,160,160,256,256,11.15,12.03,7.525,32.475,83.11,578.97,249.86,124.58,80.02,0.9476,21.0800,-0.4600,0.0000,0.0000,0.8923,0,-0.4600,-0.2958,1.4983,4.2184,1.1545,0.1916,PHASE_4_FWD_BWD,2.30,-1.15,575.4,250.3,3.60,0,0,,
900,15:35:41.886,ROI,160,160,256,256,13.64,14.55,0.0,26.85,68.71,578.29,249.91,125.02,80.90,0.9784,20.6200,-0.8700,0.0000,0.0000,0.9141,0,-0.8700,-0.4163,1.3216,3.9647,0.9716,0.2014,PHASE_4_FWD_BWD,2.30,-1.33,575.4,250.3,2.91,0,0,,
901,15:35:41.950,ROI,160,160,256,256,15.91,17.31,7.825,22.6,57.76,577.04,249.78,126.29,81.10,0.9773,20.6900,-0.8900,0.0000,0.0000,0.8739,0,-0.8900,-0.5523,1.0810,3.7501,0.7371,0.2105,PHASE_4_FWD_BWD,2.30,-1.56,575.4,250.3,1.72,0,0,,
902,15:35:42.013,ROI,160,160,256,256,10.76,11.55,0.0,33.825,86.60,576.06,249.70,125.65,81.87,0.9754,21.1300,0.6300,0.0000,0.0000,0.8745,0,0.6300,-0.3199,0.8047,3.5404,0.5570,0.2202,PHASE_4_FWD_BWD,2.30,-1.74,575.4,250.3,0.89,0,0,,
903,15:35:42.061,ROI,160,160,256,256,10.87,11.67,10.75,0.0,85.69,575.07,249.51,126.21,82.50,0.9771,20.8500,0.7600,0.0000,0.0000,0.8905,0,0.7600,-0.1064,0.6085,3.2428,0.4400,0.2357,PHASE_4_FWD_BWD,2.30,-1.86,575.4,250.3,0.85,0,0,,
904,15:35:42.190,ROI,160,160,256,256,11.23,12.40,3.35,0.0,80.66,574.28,249.32,125.65,81.70,0.9780,19.6900,2.4700,0.0000,0.0000,0.8590,0,2.4700,0.4885,0.4462,2.9744,0.4568,0.2516,COMPLETED,2.30,-1.84,575.4,250.3,1.49,0,0,,
905,15:35:42.239,ROI,160,160,256,256,13.38,14.45,10.575,0.0,69.23,574.06,249.72,125.74,81.58,0.9869,16.8400,4.5700,0.0000,0.0000,0.8923,0,4.5700,1.4578,0.3131,2.6423,0.6274,0.2746,POST_PH4_SPIN,2.30,-1.67,575.4,250.3,0.00,0,0,0.051,
906,15:35:42.302,ROI,160,160,256,256,12.39,13.32,8.075,0.0,75.07,573.97,249.77,125.70,81.46,0.9969,16.5900,4.9000,0.0000,0.0000,0.9000,0,4.9000,2.4282,0.2657,2.2389,0.9334,0.3087,POST_PH4_SPIN,2.30,-1.37,575.4,250.3,0.00,0,0,0.113,
907,15:35:42.366,ROI,160,160,256,256,9.96,10.79,0.0,0.0,92.69,573.67,250.12,125.36,82.02,0.9868,17.9500,3.8100,0.0000,0.0000,0.8995,0,3.8100,3.1191,0.1973,1.8568,1.2201,0.3500,POST_PH4_SPIN,2.30,-1.08,575.4,250.3,0.00,0,0,0.174,
908,15:35:42.413,ROI,160,160,256,256,12.62,13.40,0.0,0.0,74.60,573.77,250.56,124.38,80.26,0.9709,16.8500,5.2900,0.0000,0.0000,0.9054,0,5.2900,3.9054,0.2643,1.5816,1.6747,0.3874,POST_PH4_SPIN,2.30,-0.63,575.4,250.3,0.00,0,0,0.224,
909,15:35:42.479,ROI,160,160,256,256,12.70,13.47,14.95,0.0,74.25,573.69,250.56,124.43,80.21,0.9981,16.8000,5.3500,0.0000,0.0000,0.9056,0,5.3500,4.5640,0.2977,1.3371,2.1231,0.4279,POST_PH4_SPIN,2.30,-0.18,575.4,250.3,0.00,0,0,0.290,
910,15:35:42.591,ROI,160,160,256,256,12.05,12.79,3.975,0.0,78.17,573.45,250.50,124.21,80.29,0.9946,16.8700,5.2700,0.0000,0.0000,0.9038,0,5.2700,5.3443,0.3704,1.1142,2.7230,0.4730,POST_PH4_SPIN,2.30,0.42,575.4,250.3,0.00,0,0,0.401,
911,15:35:42.653,ROI,160,160,256,256,11.78,12.58,0.0,0.0,79.47,573.42,250.54,124.11,80.14,0.9974,16.8500,5.2500,0.0000,0.0000,0.9016,0,5.2500,5.7474,0.5532,0.9412,3.2289,0.5151,POST_PH4_SPIN,2.30,0.93,575.4,250.3,0.00,0,0,0.463,
912,15:35:42.718,ROI,160,160,256,256,10.60,11.47,7.4,0.0,87.20,573.42,250.42,124.14,80.19,0.9966,16.6400,5.5400,0.0000,0.0000,0.9055,0,5.5400,6.2093,0.9360,0.7500,3.9493,0.5714,POST_PH4_SPIN,2.30,1.65,575.4,250.3,0.00,0,0,0.527,
913,15:35:42.766,ROI,160,160,256,256,11.59,12.34,0.0,0.0,81.03,573.43,250.30,124.05,80.26,0.9964,16.6000,5.6500,0.0000,0.0000,0.9084,0,5.6500,6.4432,1.6082,0.6014,4.6274,0.6245,POST_PH4_SPIN,2.30,2.33,575.4,250.3,0.00,0,0,0.576,
914,15:35:42.830,ROI,160,160,256,256,15.67,16.49,15.1,0.0,60.63,573.45,250.37,124.21,80.48,0.9959,16.9100,5.2900,0.0000,0.0000,0.9053,0,5.2900,6.8163,2.6472,0.4648,5.4933,0.6827,POST_PH4_SPIN,2.30,3.19,575.4,250.3,0.00,0,0,0.644,
915,15:35:42.880,ROI,160,160,256,256,15.99,17.13,11.75,0.0,58.36,573.38,250.32,124.13,80.51,0.9978,16.8300,5.3300,0.0000,0.0000,0.9045,0,5.3300,6.8461,3.9318,0.3758,6.0502,0.7269,POST_PH4_SPIN,2.30,3.75,575.4,250.3,0.00,0,0,0.694,
916,15:35:43.007,ROI,160,160,256,256,13.72,14.72,7.075,0.0,67.94,573.56,250.42,124.35,80.32,0.9948,16.9200,5.2300,0.0000,0.0000,0.9114,0,5.2300,6.9637,5.8608,0.2798,6.7226,0.7814,POST_PH4_SPIN,2.30,4.42,575.4,250.3,0.00,0,0,0.819,
917,15:35:43.054,ROI,160,160,256,256,20.50,22.26,0.0,17.55,44.92,573.67,250.37,124.08,80.26,0.9966,17.5000,4.7200,0.0000,0.0000,0.9100,0,4.7200,6.7713,8.3622,0.2126,7.0502,0.8247,POST_PH4_RE_RFB,2.30,4.75,575.4,250.3,0.00,0,0,,0.055
918,15:35:43.119,ROI,160,160,256,256,16.66,17.77,0.0,0.0,56.26,573.70,250.37,124.13,80.21,0.9989,17.2000,5.0300,0.0000,0.0000,0.9119,0,5.0300,6.5059,11.9741,0.1488,7.2142,0.8705,POST_PH4_RE_RFB,2.30,4.91,575.4,250.3,0.00,0,0,,0.115
919,15:35:43.183,ROI,160,160,256,256,11.71,12.55,0.0,0.0,79.67,573.78,250.32,124.11,80.27,0.9975,16.7700,5.5400,0.0000,0.0000,0.9159,0,5.5400,6.2392,17.1049,0.0989,7.2168,0.9100,POST_PH4_RE_RFB,2.30,4.92,575.4,250.3,0.00,0,0,,0.174
920,15:35:43.231,ROI,160,160,256,256,11.12,11.92,0.0,0.0,83.93,573.74,250.35,123.78,80.26,0.9965,16.2800,5.9400,0.0000,0.0000,0.9191,0,5.9400,6.1104,24.5766,0.0632,7.2087,0.9405,POST_PH4_RE_RFB,2.30,4.91,575.4,250.3,0.00,0,0,,0.221
921,15:35:43.293,ROI,160,160,256,256,11.58,12.39,0.0,0.0,80.70,573.78,250.30,123.95,80.27,0.9974,16.9800,5.5000,0.0000,0.0000,0.9177,0,5.5000,5.8129,34.5519,0.0374,6.8500,0.9639,POST_PH4_RE_RFB,2.30,4.55,575.4,250.3,0.00,0,0,,0.283
922,15:35:43.357,ROI,160,160,256,256,11.69,12.46,0.0,0.0,80.25,573.99,250.24,123.73,79.97,0.9929,16.4300,6.1900,0.0000,0.0000,0.9208,0,6.1900,5.7634,48.7738,0.0142,6.3666,0.9860,POST_PH4_RE_RFB,2.30,4.07,575.4,250.3,0.00,0,0,,0.347
923,15:35:43.405,ROI,160,160,256,256,16.99,17.97,0.0,0.0,55.65,574.10,250.10,124.06,79.79,0.9937,18.8400,3.9000,0.0000,0.0000,0.8972,0,3.9000,5.4133,44.3870,0.0150,5.9888,0.9852,POST_PH4_RE_RFB,2.30,3.69,575.4,250.3,0.00,0,0,,0.401
924,15:35:43.534,ROI,160,160,256,256,12.04,12.80,3.5,0.0,78.10,575.82,249.52,124.48,79.18,0.9589,18.4300,5.1900,0.0000,0.0000,0.9180,0,5.1900,5.3756,44.0685,0.0643,7.7148,0.9395,POST_PH4_RE_RFB,2.30,5.41,575.4,250.3,0.00,0,0,,0.525
925,15:35:43.582,ROI,160,160,256,256,9.95,10.69,22.55,0.0,93.50,578.84,249.18,126.80,82.00,0.9208,20.1300,2.2400,0.0000,0.0000,0.9040,0,2.2400,4.6080,42.2718,0.1542,9.6394,0.8664,POST_PH4_RE_RFB,2.30,7.34,575.4,250.3,0.00,0,0,,0.570
926,15:35:43.646,ROI,160,160,256,256,9.49,10.25,7.3,0.0,97.58,578.03,249.80,125.39,81.68,0.9724,18.5400,2.4200,0.0000,0.0000,0.8522,0,2.4200,4.0691,39.1967,0.2164,10.3180,0.8221,POST_PH4_RE_RFB,2.30,8.02,575.4,250.3,0.00,0,0,,0.634
927,15:35:43.694,ROI,160,160,256,256,10.75,11.56,0.0,0.0,86.51,580.99,249.45,124.54,81.04,0.9457,18.6800,2.1300,0.0000,0.0000,0.8694,0,2.1300,3.5280,35.1804,0.3212,11.2222,0.7569,POST_PH4_RE_RFB,2.30,8.92,575.4,250.3,0.00,0,0,,0.683
928,15:35:43.759,ROI,160,160,256,256,15.09,16.15,7.3,0.0,61.91,581.87,249.58,123.79,81.14,0.9828,18.4800,3.2100,0.0000,0.0000,0.8845,0,3.2100,3.2554,30.5900,0.4217,11.3633,0.7034,POST_PH4_RE_RFB,2.30,9.06,575.4,250.3,0.00,0,0,,0.753
929,15:35:43.821,ROI,160,160,256,256,11.61,12.39,8.5,0.0,80.72,583.13,249.69,123.42,81.12,0.9772,18.4200,3.2900,0.0000,0.0000,0.8838,0,3.2900,3.0332,25.5485,0.5260,10.7938,0.6553,POST_PH4_RE_RFB,2.30,8.49,575.4,250.3,0.00,0,0,,0.812
930,15:35:43.871,ROI,160,160,256,256,11.25,12.15,0.0,0.0,82.31,585.13,250.02,124.58,83.10,0.9454,19.3700,1.6800,0.0000,0.0000,0.8911,0,1.6800,2.5481,20.1412,0.6451,9.4472,0.6079,POST_PH4_RE_RFB,2.30,7.15,575.4,250.3,0.00,0,0,,0.861
931,15:35:43.998,ROI,160,160,256,256,15.95,17.03,3.4,0.0,58.71,591.06,249.74,119.47,80.59,0.8805,18.1900,3.9500,0.0000,0.0000,0.9063,0,3.9500,2.6075,14.6238,0.8452,8.1118,0.5419,POST_PH4_RE_RFB,2.30,5.81,575.4,250.3,0.00,0,0,,0.993
932,15:35:44.046,ROI,160,160,256,256,10.85,11.63,0.0,0.0,85.96,592.71,249.64,123.57,82.80,0.9411,19.8100,1.6500,0.0000,0.0000,0.9440,0,1.6500,2.1860,9.1824,1.0384,5.7501,0.4906,POST_PH4_RE_RFB,2.30,3.45,575.4,250.3,0.00,0,0,,1.036
933,15:35:44.111,ROI,160,160,256,256,13.97,15.01,7.375,0.0,66.63,596.48,249.11,122.96,82.83,0.9291,18.9700,2.7400,0.0000,0.0000,0.9319,0,2.7400,2.0558,3.9474,1.2571,3.1094,0.4430,POST_PH4_RE_RFB,2.30,0.81,575.4,250.3,0.00,0,0,,1.104
934,15:35:44.174,ROI,160,160,256,256,18.12,19.16,16.45,0.0,52.20,601.54,248.97,125.30,82.82,0.9187,21.0600,-0.8800,0.0000,0.0000,0.9090,0,-0.8800,1.2191,-0.8417,1.5202,-0.0240,0.3968,POST_PH4_RE_RFB,2.30,-2.32,575.4,250.3,0.00,0,0,,1.171
935,15:35:44.222,ROI,160,160,256,256,10.16,11.07,13.175,0.0,90.33,605.45,248.51,126.03,82.74,0.9296,20.3100,-0.2600,0.0000,0.0000,0.9251,0,-0.2600,0.5598,-5.0691,1.7967,-3.0564,0.3576,POST_PH4_RE_RFB,2.30,-5.36,575.4,250.3,0.00,0,0,,1.212
936,15:35:44.286,ROI,160,160,256,256,13.55,14.49,0.0,0.0,69.00,606.81,248.70,126.91,83.39,0.9711,20.3800,1.1500,0.0000,0.0000,0.9146,0,1.1500,0.3109,-8.3556,2.0317,-5.4970,0.3298,POST_PH4_RE_RFB,2.30,-7.80,575.4,250.3,0.00,0,0,,1.278
937,15:35:44.350,ROI,160,160,256,256,11.25,12.01,0.0,0.0,83.25,612.11,248.54,128.06,81.81,0.9034,19.2900,2.7400,0.0000,0.0000,0.8840,0,2.7400,0.5122,-10.2890,2.2931,-7.0091,0.3037,POST_PH4_RE_RFB,2.30,-9.31,575.4,250.3,0.00,0,0,,1.340
938,15:35:44.397,ROI,160,160,288,288,9.18,10.07,0.0,0.0,99.27,613.89,247.17,120.76,75.83,0.8741,19.9200,0.0900,0.0000,0.0000,0.9342,0,0.0900,0.2647,-10.0609,2.5065,-7.1162,0.2852,POST_PH4_RE_RFB,2.30,-9.42,575.4,250.3,0.00,0,0,,1.385
939,15:35:44.526,ROI,160,160,256,256,16.43,17.31,0.0,0.0,57.77,623.53,248.54,127.07,83.30,0.7824,15.8100,3.9600,3.7200,6.3100,0.7702,0,3.9600,0.8630,-7.3802,2.8057,-5.2142,0.2628,POST_PH4_RE_RFB,2.30,-7.51,575.4,250.3,0.00,0,0,,1.521
940,15:35:44.575,ROI,160,160,256,256,10.82,11.68,24.875,0.0,85.59,624.79,248.56,127.02,85.34,0.9570,19.0800,0.0700,0.0000,0.0000,0.9307,0,0.0700,0.7688,-0.8368,3.0285,-0.4382,0.2482,POST_PH4_RE_RFB,2.30,-2.74,575.4,250.3,0.00,0,0,,1.564
941,15:35:44.639,ROI,160,160,256,256,11.62,12.51,7.4,0.0,79.96,630.08,248.02,128.48,85.02,0.9093,18.5800,1.7300,0.0000,0.0000,0.8815,0,1.7300,0.8673,-2.0850,3.2418,-1.3890,0.2357,POST_PH4_RE_RFB,2.30,-3.69,575.4,250.3,0.00,0,0,,1.630
942,15:35:44.686,ROI,160,160,288,288,9.90,10.80,0.0,0.0,92.55,632.56,248.09,125.10,80.93,0.9156,19.6200,-1.8600,0.0000,0.0000,0.9314,0,-1.8600,0.4123,-1.0601,3.4170,-0.7268,0.2264,POST_PH4_RE_RFB,2.30,-3.03,575.4,250.3,0.00,0,0,,1.675
943,15:35:44.749,ROI,160,160,256,256,12.65,13.43,0.0,0.0,74.46,638.21,247.54,127.84,84.42,0.8778,18.8400,0.9300,2.9400,15.6400,0.8834,0,0.9300,0.3244,-0.1714,3.6338,-0.0644,0.2158,POST_PH4_RE_RFB,2.30,-2.36,575.4,250.3,0.00,0,0,,1.741
944,15:35:44.813,ROI,160,160,256,256,12.88,13.66,7.7,0.0,73.21,642.05,246.95,126.16,83.44,0.9286,18.7600,-0.5400,2.7500,1.4000,0.8768,0,-0.5400,-0.0215,0.4944,3.7795,0.3865,0.2092,POST_PH4_RE_RFB,2.30,-1.91,575.4,250.3,0.00,0,0,,1.805
945,15:35:44.861,ROI,160,160,256,256,11.40,12.18,11.3,0.0,82.13,646.90,247.14,126.30,83.94,0.9208,18.4200,1.5800,4.1900,17.7300,0.9155,0,1.5800,0.0863,1.0126,3.9360,0.8249,0.2026,POST_PH4_RE_RFB,2.30,-1.48,575.4,250.3,0.00,0,0,,1.852
946,15:35:44.990,ROI,160,160,256,256,11.05,11.83,3.35,0.0,84.52,653.33,246.73,130.74,80.53,0.8702,16.5500,3.5400,3.1000,18.0500,0.8744,0,3.5400,0.7249,1.4667,4.0867,1.3208,0.1966,POST_PH4_RE_RFB,2.30,-0.98,575.4,250.3,0.00,0,0,,1.980
947,15:35:45.039,ROI,160,160,288,288,12.63,13.46,10.65,0.0,74.27,656.55,246.22,129.64,80.12,0.9400,21.5600,-2.9400,3.0000,0.0600,0.9627,0,-2.9400,0.0403,1.8526,4.1710,1.5021,0.1934,POST_PH4_RE_RFB,2.30,-0.80,575.4,250.3,0.00,0,0,,2.030
948,15:35:45.102,ROI,160,160,288,288,12.12,12.90,0.0,0.0,77.55,657.22,246.25,127.89,82.44,0.9591,20.6300,-3.5500,0.0000,0.0000,0.9513,0,-3.5500,-0.8388,2.1104,4.1545,1.5383,0.1940,POST_PH4_RE_RFB,2.30,-0.76,575.4,250.3,0.00,0,0,,2.093
949,15:35:45.166,ROI,160,160,256,256,10.75,11.52,7.675,0.0,86.78,661.35,246.26,128.50,81.60,0.9284,18.9800,-1.1100,4.5800,11.0000,0.8555,0,-1.1100,-0.8744,2.2680,4.1777,1.6611,0.1931,POST_PH4_RE_RFB,2.30,-0.64,575.4,250.3,0.00,0,0,,2.156
950,15:35:45.214,ROI,160,160,288,288,15.72,16.94,0.0,23.075,59.04,661.77,245.01,127.53,80.64,0.9625,20.8100,-2.5000,0.0000,0.0000,0.9540,0,-2.5000,-1.3614,2.4153,4.0965,1.6743,0.1962,POST_PH4_RE_RFB,2.30,-0.63,575.4,250.3,0.00,0,0,,2.209
951,15:35:45.277,ROI,160,160,256,256,18.46,19.51,0.0,0.0,51.26,668.34,246.82,130.35,83.94,0.8655,17.3000,0.6900,3.0300,17.4600,0.8728,0,0.6900,-1.0015,2.5045,4.0604,1.8117,0.1976,POST_PH4_RE_RFB,2.30,-0.49,575.4,250.3,0.00,0,0,,2.275
952,15:35:45.391,ROI,160,160,288,288,11.11,12.07,0.0,0.0,82.84,675.16,245.01,128.07,82.46,0.8631,19.1600,2.2100,0.0000,0.0000,0.9563,0,2.2100,-0.6968,2.6016,4.0961,1.9544,0.1962,POST_PH4_RE_RFB,2.30,-0.35,575.4,250.3,0.00,0,0,,2.381
953,15:35:45.453,ROI,160,160,288,288,14.10,14.92,0.0,0.0,67.01,677.93,246.03,128.45,82.39,0.9349,21.8900,-2.8200,0.0000,0.0000,0.9447,0,-2.8200,-1.4069,2.6817,4.1043,1.8807,0.1959,POST_PH4_RE_RFB,2.30,-0.42,575.4,250.3,0.00,0,0,,2.446
954,15:35:45.501,ROI,160,160,288,288,9.06,9.84,11.775,0.0,101.63,685.39,245.95,130.52,83.77,0.8771,17.8500,4.1000,0.0000,0.0000,0.9479,0,4.1000,-0.4991,2.7068,4.1201,2.0807,0.1953,POST_PH4_RE_RFB,2.30,-0.22,575.4,250.3,0.00,0,0,,2.489
955,15:35:45.566,ROI,160,160,288,288,9.15,10.19,7.05,0.0,98.14,686.75,245.05,125.86,81.25,0.9353,22.0000,-2.6900,0.0000,0.0000,0.9603,0,-2.6900,-0.8561,2.7206,4.1021,2.0196,0.1960,POST_PH4_RE_RFB,2.30,-0.28,575.4,250.3,0.00,0,0,,2.554
956,15:35:45.630,ROI,160,160,256,256,15.13,15.95,0.0,0.0,62.69,693.78,246.63,130.45,86.50,0.8435,15.7600,7.8700,4.7600,22.2700,0.8951,0,7.8700,0.7491,2.7548,4.0879,2.3606,0.1965,POST_PH4_RE_RFB,2.30,0.06,575.4,250.3,0.00,0,0,,2.624
957,15:35:45.678,ROI,160,160,288,288,9.69,10.48,12.175,0.0,95.46,696.31,246.07,128.23,83.88,0.9328,21.7000,-5.8100,0.0000,0.0000,0.9477,0,-5.8100,-0.1522,2.6745,4.1415,2.1247,0.1945,POST_PH4_RE_RFB,2.30,-0.18,575.4,250.3,0.00,0,0,,2.667
958,15:35:45.806,ROI,160,160,288,288,11.51,12.45,0.0,0.0,80.31,702.03,245.17,128.00,84.82,0.8961,20.4900,0.8600,0.0000,0.0000,0.9631,0,0.8600,0.0509,2.5201,4.1706,2.0426,0.1934,POST_PH4_RE_RFB,2.30,-0.26,575.4,250.3,0.00,0,0,,2.797
959,15:35:45.853,ROI,160,160,256,256,11.76,12.62,0.0,0.0,79.25,705.14,246.44,128.26,85.49,0.9253,20.0200,-0.7800,2.1900,15.1100,0.9008,0,-0.7800,0.0889,2.2615,4.1979,1.8436,0.1924,POST_PH4_RE_RFB,2.30,-0.46,575.4,250.3,0.00,0,0,,2.843
960,15:35:45.918,ROI,160,160,288,288,9.22,9.96,7.475,0.0,100.39,709.45,245.35,129.58,86.58,0.9126,20.6200,-0.0400,0.0000,0.0000,0.9408,0,-0.0400,-0.0764,1.9623,4.1950,1.5698,0.1925,POST_PH4_RE_RFB,2.30,-0.73,575.4,250.3,0.00,0,0,,2.906
961,15:35:45.981,ROI,160,160,288,288,9.10,10.06,0.0,0.0,99.42,712.01,246.06,126.40,85.16,0.9451,21.9500,-2.5100,0.0000,0.0000,0.9626,0,-2.5100,-0.4693,1.6279,4.1892,1.2237,0.1927,POST_PH4_RE_RFB,2.30,-1.08,575.4,250.3,0.00,0,0,,2.970
962,15:35:46.031,ROI,160,160,256,256,10.68,11.58,9.875,0.0,86.37,716.62,244.88,130.62,85.70,0.9060,16.3600,2.3500,0.0000,0.0000,0.8758,0,2.3500,0.0296,1.3428,4.1878,1.0896,0.1928,POST_PH4_RE_RFB,2.30,-1.21,575.4,250.3,0.00,0,0,,3.021
963,15:35:46.094,ROI,160,160,288,288,9.98,10.76,7.65,0.0,92.94,718.81,245.12,125.98,84.91,0.9556,21.4500,-2.8400,0.0000,0.0000,0.9529,0,-2.8400,-0.3489,1.0702,4.1657,0.7955,0.1936,POST_PH4_RE_RFB,2.30,-1.50,575.4,250.3,0.00,0,0,,3.083
964,15:35:46.159,ROI,160,160,256,256,10.40,11.28,7.175,0.0,88.66,725.62,242.62,128.53,84.16,0.8494,18.9700,-1.0500,0.0000,0.0000,0.8549,0,-1.0500,-0.0658,0.9422,4.2415,0.7499,0.1908,POST_PH4_RE_RFB,2.30,-1.55,575.4,250.3,0.00,0,0,,3.148
965,15:35:46.206,ROI,160,160,288,288,9.58,10.35,10.975,0.0,96.59,726.44,242.79,126.92,84.51,0.9831,23.1600,-1.8400,0.0000,0.0000,0.9560,0,-1.8400,-0.5838,0.9545,4.2460,0.6613,0.1906,POST_PH4_RE_RFB,2.30,-1.64,575.4,250.3,0.00,0,0,,3.194
966,15:35:46.318,ROI,160,160,256,256,10.73,11.60,0.0,0.0,86.22,734.08,243.41,128.42,86.48,0.8679,16.1600,4.0800,2.3700,16.4400,0.8067,0,4.0800,0.0228,1.0338,4.2532,0.8413,0.1904,POST_PH4_RE_RFB,2.30,-1.46,575.4,250.3,0.00,0,0,,3.308
967,15:35:46.382,ROI,160,160,288,288,9.25,10.13,0.0,0.0,98.71,737.04,243.49,134.37,89.98,0.9185,16.4800,3.7700,0.0000,0.0000,0.9277,0,3.7700,0.7032,1.1518,4.2345,1.0661,0.1910,POST_PH4_RE_RFB,2.30,-1.23,575.4,250.3,0.00,0,0,,3.371
968,15:35:46.447,ROI,160,160,288,288,11.78,12.97,0.0,0.0,77.12,739.34,243.63,130.99,89.60,0.9619,18.3100,3.4700,0.0000,0.0000,0.9232,0,3.4700,1.0822,1.3969,4.1090,1.3353,0.1957,POST_PH4_RE_RFB,2.30,-0.96,575.4,250.3,0.00,0,0,,3.438
969,15:35:46.494,ROI,160,160,288,288,14.23,16.02,0.0,0.0,62.43,740.69,243.59,129.69,86.18,0.9423,20.2900,1.2900,0.0000,0.0000,0.9262,0,1.2900,1.2646,1.6097,3.9744,1.5404,0.2010,POST_PH4_RE_RFB,2.30,-0.76,575.4,250.3,0.00,0,0,,3.488
970,15:35:46.559,ROI,160,160,288,288,9.43,10.38,0.0,0.0,96.32,743.73,242.33,130.21,85.61,0.9274,19.4000,1.9400,0.0000,0.0000,0.9451,0,1.9400,1.7385,1.9773,3.8799,1.9284,0.2049,POST_PH4_RE_RFB,2.30,-0.37,575.4,250.3,0.00,0,0,,3.547
971,15:35:46.622,ROI,160,160,288,288,11.49,12.50,0.0,0.0,80.01,746.47,243.08,127.55,84.62,0.9418,21.7900,-1.1400,0.0000,0.0000,0.9428,0,-1.1400,1.0278,2.3608,3.7445,2.0798,0.2108,POST_PH4_RE_RFB,2.30,-0.22,575.4,250.3,0.00,0,0,,3.613
972,15:35:46.669,ROI,160,160,256,256,12.02,12.82,11.2,0.0,78.02,749.74,243.14,129.92,85.62,0.9395,20.9300,2.3800,3.5300,20.3400,0.9105,0,2.3800,1.7770,2.7164,3.6709,2.5152,0.2141,POST_PH4_RE_RFB,2.30,0.22,575.4,250.3,0.00,0,0,,3.660
973,15:35:46.799,ROI,160,160,288,288,8.95,9.84,3.35,0.0,101.68,751.12,243.38,128.56,86.04,0.9736,20.7400,-1.3500,0.0000,0.0000,0.9367,0,-1.3500,1.0384,3.1052,3.5158,2.6475,0.2214,POST_PH4_RE_RFB,2.30,0.35,575.4,250.3,0.00,0,0,,3.787
974,15:35:46.846,ROI,160,160,288,288,8.79,9.68,10.4,0.0,103.26,752.10,243.23,129.71,86.49,0.9799,20.4200,-0.7400,0.0000,0.0000,0.9159,0,-0.7400,1.5746,3.3998,3.3808,2.9832,0.2283,POST_PH4_RE_RFB,2.30,0.68,575.4,250.3,0.00,0,0,,3.834
975,15:35:46.911,ROI,160,160,288,288,11.53,12.62,0.0,0.0,79.26,753.40,242.95,129.85,86.45,0.9736,19.2500,0.3600,0.0000,0.0000,0.9141,0,0.3600,0.9669,3.6091,3.1988,2.9798,0.2382,POST_PH4_RE_RFB,2.30,0.68,575.4,250.3,0.00,0,0,,3.902
976,15:35:46.958,ROI,160,160,288,288,8.55,9.31,11.4,0.0,107.46,753.90,242.85,131.71,83.72,0.9551,19.4600,-0.3100,0.0000,0.0000,0.9029,0,-0.3100,0.8550,3.7927,3.0204,3.0620,0.2487,POST_PH4_RE_RFB,2.30,0.76,575.4,250.3,0.00,0,0,,3.945
977,15:35:47.022,ROI,160,160,288,288,8.52,9.27,7.125,0.0,107.89,754.89,242.43,131.81,85.46,0.9651,19.4600,0.2300,0.0000,0.0000,0.9056,0,0.2300,0.6919,3.8338,2.8121,3.0096,0.2623,POST_PH4_RE_RFB,2.30,0.71,575.4,250.3,0.00,0,0,,4.009
978,15:35:47.086,ROI,160,160,288,288,8.32,9.06,7.175,0.0,110.43,754.79,243.13,134.39,85.14,0.9650,19.1200,0.4300,0.0000,0.0000,0.8824,0,0.4300,0.6342,3.7498,2.5841,2.8805,0.2790,POST_PH4_RE_RFB,2.30,0.58,575.4,250.3,0.00,0,0,,4.073
979,15:35:47.133,ROI,160,160,288,288,10.50,11.37,0.0,0.0,87.98,753.60,243.16,131.54,85.28,0.9772,18.8200,0.5300,0.0000,0.0000,0.8997,0,0.5300,0.3143,3.4332,2.2913,2.4856,0.3038,POST_PH4_RE_RFB,2.30,0.19,575.4,250.3,0.00,0,0,,4.123
980,15:35:47.262,ROI,160,160,288,288,10.65,11.57,3.325,0.0,86.46,754.08,242.53,130.72,85.63,0.9783,19.1100,0.3000,0.0000,0.0000,0.9041,0,0.3000,0.4340,3.0507,2.0127,2.1821,0.3319,POST_PH4_RE_RFB,2.30,-0.12,575.4,250.3,0.00,0,0,,4.252
981,15:35:47.309,ROI,160,160,288,288,10.89,11.83,0.0,0.0,84.53,754.25,243.31,135.09,85.70,0.9504,17.5300,2.3400,0.0000,0.0000,0.8777,0,2.3400,0.4306,2.4171,1.7023,1.6820,0.3701,POST_PH4_RE_RFB,2.30,-0.62,575.4,250.3,0.00,0,0,,4.299
982,15:35:47.376,ROI,160,160,288,288,8.72,9.58,0.0,0.0,104.43,752.87,243.14,132.77,85.52,0.9757,19.9700,0.8100,0.0000,0.0000,0.9043,0,0.8100,0.2220,1.9213,1.4288,1.2216,0.4117,POST_PH4_RE_RFB,2.30,-1.08,575.4,250.3,0.00,0,0,,4.364
983,15:35:47.438,ROI,160,160,288,288,8.26,8.97,7.4,0.0,111.42,750.74,242.87,131.78,87.28,0.9492,14.9300,3.2400,0.0000,0.0000,0.8960,0,3.2400,0.3904,1.6449,1.0780,1.0411,0.4812,POST_PH4_RE_RFB,2.30,-1.26,575.4,250.3,0.00,0,0,,4.425
984,15:35:47.486,ROI,160,160,288,288,8.88,9.90,10.025,0.0,101.05,749.44,242.77,132.21,85.50,0.9607,21.8100,-2.7000,0.0000,0.0000,0.9166,0,-2.7000,-0.0884,1.4979,0.8039,0.6185,0.5543,POST_PH4_RE_RFB,2.30,-1.68,575.4,250.3,0.00,0,0,,4.474
985,15:35:47.549,ROI,160,160,288,288,9.36,10.12,0.0,0.0,98.84,747.94,242.99,134.05,86.53,0.9661,19.9800,-0.8200,0.0000,0.0000,0.9034,0,-0.8200,-0.0979,1.4210,0.5297,0.4280,0.6537,POST_PH4_RE_RFB,2.30,-1.87,575.4,250.3,0.00,0,0,,4.538
986,15:35:47.598,ROI,160,160,288,288,13.74,14.78,0.0,0.0,67.67,746.66,243.08,132.39,86.72,0.9788,22.2900,-2.7900,0.0000,0.0000,0.9098,0,-2.7900,-0.4634,1.3053,0.2553,-0.1036,0.7966,POST_PH4_RE_RFB,2.30,-2.40,575.4,250.3,0.00,0,0,,4.591
987,15:35:47.726,ROI,160,160,288,288,9.82,10.76,3.45,0.0,92.98,741.37,243.86,128.83,86.40,0.9063,14.1300,2.9300,0.0000,0.0000,0.8577,0,2.9300,0.2095,2.9989,0.1019,0.4674,0.9075,POST_PH4_RE_RFB,2.30,-1.83,575.4,250.3,0.00,0,0,,4.715
988,15:35:47.773,ROI,160,160,288,288,10.25,11.17,0.0,0.0,89.55,739.65,243.49,129.96,86.81,0.9653,19.0300,-0.2000,0.0000,0.0000,0.9374,0,-0.2000,0.2851,2.8297,0.4279,1.0477,0.7003,POST_PH4_RE_RFB,2.30,-1.25,575.4,250.3,0.00,0,0,,4.763
989,15:35:47.837,ROI,160,160,288,288,11.44,12.41,0.0,0.0,80.61,736.01,243.74,131.18,88.43,0.9288,20.0300,1.2800,0.0000,0.0000,0.9170,0,1.2800,0.3591,2.7189,0.7571,1.3759,0.5691,POST_PH4_RE_RFB,2.30,-0.92,575.4,250.3,0.00,0,0,,4.827
990,15:35:47.901,ROI,160,160,288,288,9.16,9.92,0.0,0.0,100.78,734.00,243.18,130.88,87.32,0.9577,22.1700,-0.7100,0.0000,0.0000,0.9320,0,-0.7100,0.3743,2.5503,1.0357,1.4814,0.4912,POST_PH4_RE_RFB,2.30,-0.82,575.4,250.3,0.00,0,0,,4.889
991,15:35:47.950,ROI,160,160,288,288,9.13,9.89,0.0,0.0,101.16,729.43,243.74,129.91,88.38,0.9209,13.9400,3.1500,0.0000,0.0000,0.8454,0,3.1500,0.8194,2.5122,1.3353,1.7874,0.4282,POST_PH4_RE_RFB,2.30,-0.51,575.4,250.3,0.00,0,0,,4.938
992,15:35:48.014,ROI,160,160,288,288,9.31,10.08,0.0,0.0,99.22,726.16,242.03,130.34,87.41,0.9155,20.0300,-1.2100,0.0000,0.0000,0.9044,0,-1.2100,0.3609,2.2757,1.6277,1.5470,0.3806,POST_PH4_RE_RFB,2.30,-0.75,575.4,250.3,0.00,0,0,,5.002
993,15:35:48.078,ROI,160,160,288,288,9.51,10.30,0.0,0.0,97.09,721.37,243.73,128.25,86.62,0.8942,21.4200,-0.1600,0.0000,0.0000,0.8787,0,-0.1600,0.2478,2.0930,1.9253,1.4623,0.3418,POST_PH4_RE_RFB,2.30,-0.84,575.4,250.3,0.00,0,0,,5.067
994,15:35:48.190,ROI,160,160,288,288,8.32,9.05,0.0,0.0,110.54,713.33,245.54,129.87,86.80,0.8486,21.7500,-3.6600,0.0000,0.0000,0.8833,0,-3.6600,-0.6470,2.1151,2.2890,1.2753,0.3040,POST_PH4_RE_RFB,2.30,-1.02,575.4,250.3,0.00,0,0,,5.177
995,15:35:48.238,ROI,160,160,288,288,9.75,10.48,20.2,0.0,95.42,710.39,245.59,126.58,83.57,0.9200,21.5400,-1.4200,0.0000,0.0000,0.9598,0,-1.4200,-0.9645,2.1933,2.6009,1.3163,0.2777,POST_PH4_RE_RFB,2.30,-0.98,575.4,250.3,0.00,0,0,,5.226
996,15:35:48.302,ROI,160,160,256,256,10.57,11.30,7.325,0.0,88.47,707.22,247.06,129.74,86.78,0.9169,17.0300,-0.2300,2.1400,27.2100,0.9024,0,-0.2300,-0.9873,2.4402,2.8803,1.5569,0.2577,POST_PH4_RE_RFB,2.30,-0.74,575.4,250.3,0.00,0,0,,5.291
997,15:35:48.367,ROI,160,160,288,288,8.50,9.25,7.25,0.0,108.07,703.87,246.78,130.03,86.87,0.9438,18.0200,1.2500,0.0000,0.0000,0.8718,0,1.2500,-0.6845,2.7034,3.1434,1.8857,0.2413,POST_PH4_RE_RFB,2.30,-0.41,575.4,250.3,0.00,0,0,,5.354
998,15:35:48.414,ROI,160,160,288,288,8.94,9.70,0.0,0.0,103.15,701.79,245.55,127.26,85.59,0.9412,20.7600,-1.2100,0.0000,0.0000,0.9098,0,-1.2100,-0.9234,2.8761,3.3285,1.9983,0.2310,POST_PH4_RE_RFB,2.30,-0.30,575.4,250.3,0.00,0,0,,5.402
999,15:35:48.477,ROI,160,160,256,256,11.33,12.23,7.3,0.0,81.76,695.90,246.92,126.72,85.10,0.8837,17.9400,0.6500,2.1200,20.5200,0.8567,0,0.6500,-0.5284,2.9772,3.5080,2.1996,0.2218,POST_PH4_RE_RFB,2.30,-0.10,575.4,250.3,0.00,0,0,,5.468
1000,15:35:48.590,ROI,160,160,256,256,10.88,11.78,3.9,0.0,84.92,687.61,246.56,129.97,84.19,0.8699,17.6000,1.7300,6.0500,23.0900,0.8982,0,1.7300,-0.0527,3.0696,3.7384,2.4106,0.2110,POST_PH4_RE_RFB,2.30,0.11,575.4,250.3,0.00,0,0,,5.580
1001,15:35:48.654,ROI,160,160,288,288,8.76,9.51,0.0,0.0,105.12,685.60,245.51,129.29,83.48,0.9459,21.4800,-0.5000,0.0000,0.0000,0.9327,0,-0.5000,0.2204,3.1207,3.9092,2.5299,0.2037,POST_PH4_RE_RFB,2.30,0.23,575.4,250.3,0.00,0,0,,5.642
1002,15:35:48.702,ROI,160,160,288,288,11.89,12.98,0.0,0.0,77.04,679.38,245.65,128.14,83.50,0.9051,19.8500,-2.3200,0.0000,0.0000,0.9092,0,-2.3200,-0.4735,3.1100,4.0798,2.4045,0.1969,POST_PH4_RE_RFB,2.30,0.10,575.4,250.3,0.00,0,0,,5.694
1003,15:35:48.766,ROI,160,160,288,288,8.83,9.76,0.0,0.0,102.44,676.07,245.40,129.58,82.37,0.9373,20.0000,-1.2000,0.0000,0.0000,0.9038,0,-1.2000,-0.7358,3.0244,4.1934,2.3004,0.1926,POST_PH4_RE_RFB,2.30,0.00,575.4,250.3,0.00,0,0,,5.754
1004,15:35:48.831,ROI,160,160,288,288,14.39,15.58,7.1,0.0,64.19,671.36,245.49,127.51,82.93,0.9233,20.9700,-1.7400,0.0000,0.0000,0.8860,0,-1.7400,-1.3209,2.8044,4.2666,2.0211,0.1899,POST_PH4_RE_RFB,2.30,-0.28,575.4,250.3,0.00,0,0,,5.824
1005,15:35:48.879,ROI,160,160,256,256,12.18,13.13,12.05,0.0,76.19,669.48,246.79,129.66,84.00,0.9416,17.7000,1.2600,3.6300,20.6400,0.8526,0,1.2600,-0.6748,3.5692,4.3224,2.7718,0.1879,POST_PH4_RE_RFB,2.30,0.47,575.4,250.3,0.00,0,0,,5.870
1006,15:35:49.006,ROI,160,160,288,288,10.43,11.26,3.4,0.0,88.79,662.45,244.74,127.57,81.27,0.8548,20.4500,-1.3000,0.0000,0.0000,0.9402,0,-1.3000,-0.8712,3.3850,4.3850,2.5946,0.1857,POST_PH4_RE_RFB,2.30,0.29,575.4,250.3,0.00,0,0,,5.996
1007,15:35:49.056,ROI,160,160,256,256,13.09,14.03,0.0,0.0,71.29,659.71,246.94,131.30,82.45,0.9091,15.7200,1.7400,5.0800,13.8800,0.8843,0,1.7400,-0.2616,3.2068,4.4092,2.5656,0.1849,POST_PH4_RE_RFB,2.30,0.27,575.4,250.3,0.00,0,0,,6.048
1008,15:35:49.117,ROI,160,160,288,288,12.35,13.13,8.275,0.0,76.18,656.32,245.98,129.53,81.81,0.9278,16.4500,0.0200,0.0000,0.0000,0.9196,0,0.0200,-0.2332,2.8935,4.3739,2.3117,0.1861,POST_PH4_RE_RFB,2.30,0.01,575.4,250.3,0.00,0,0,,6.108
1009,15:35:49.182,ROI,160,160,288,288,17.84,18.75,0.0,0.0,53.34,654.63,246.22,128.92,81.23,0.9675,19.1800,-2.2800,2.4800,4.7300,0.8910,0,-2.2800,-0.2595,2.5577,4.2979,2.0259,0.1888,POST_PH4_RE_RFB,2.30,-0.27,575.4,250.3,0.00,0,0,,6.179
1010,15:35:49.231,ROI,160,160,288,288,12.54,13.68,13.15,0.0,73.09,651.19,246.77,128.66,81.45,0.9356,19.2800,-2.7900,3.8000,-1.6300,0.8593,0,-2.7900,-0.7794,1.9841,4.1918,1.4519,0.1926,POST_PH4_RE_RFB,2.30,-0.85,575.4,250.3,0.00,0,0,,6.223
1011,15:35:49.294,ROI,160,160,288,288,12.45,13.22,15.65,0.0,75.62,648.48,245.98,127.55,80.41,0.9403,18.0600,-1.9500,0.0000,0.0000,0.8219,0,-1.9500,-0.9830,1.3089,4.0729,0.8571,0.1971,POST_PH4_RE_RFB,2.30,-1.44,575.4,250.3,0.00,0,0,,6.286
1012,15:35:49.342,ROI,160,160,256,256,13.15,13.95,0.0,0.0,71.71,641.76,246.94,126.54,82.78,0.8750,15.8200,1.0700,3.0600,12.3500,0.8257,0,1.0700,-0.9259,0.7487,4.0794,0.4190,0.1969,POST_PH4_RE_RFB,2.30,-1.88,575.4,250.3,0.00,0,0,,6.334
1013,15:35:49.471,ROI,160,160,256,256,10.98,11.88,6.825,0.0,84.18,634.31,247.95,127.38,85.28,0.8645,17.5900,-0.5600,4.5000,15.2000,0.7907,0,-0.5600,-1.0365,0.3118,4.1267,0.0488,0.1951,POST_PH4_RE_RFB,2.30,-2.25,575.4,250.3,0.00,0,0,,6.461
1014,15:35:49.517,ROI,160,160,256,256,14.19,14.94,11.4,0.0,66.93,632.13,248.26,126.93,84.67,0.9593,17.7300,-0.9900,2.9800,-1.8800,0.8914,0,-0.9900,-1.1181,0.1518,4.1180,-0.0963,0.1954,POST_PH4_RE_RFB,2.30,-2.40,575.4,250.3,0.00,0,0,,6.510
1015,15:35:49.581,ROI,160,160,256,256,13.69,14.69,7.925,0.0,68.06,626.53,248.02,127.02,85.36,0.9084,18.7200,-0.7600,3.4100,14.7300,0.8701,0,-0.7600,-0.9747,0.1961,4.1184,-0.0327,0.1954,POST_PH4_RE_RFB,2.30,-2.33,575.4,250.3,0.00,0,0,,6.574
1016,15:35:49.646,ROI,160,160,256,256,11.39,12.19,7.8,0.0,82.01,624.62,247.66,128.99,85.28,0.9628,18.4800,-0.8400,0.0000,0.0000,0.9287,0,-0.8400,-1.0858,0.2806,4.0326,0.0091,0.1987,POST_PH4_RE_RFB,2.30,-2.29,575.4,250.3,0.00,0,0,,6.636
1017,15:35:49.695,ROI,160,160,288,288,10.75,11.57,0.0,0.0,86.42,620.38,247.00,125.32,81.49,0.8945,18.4200,-0.3300,0.0000,0.0000,0.8589,0,-0.3300,-0.8924,0.4937,3.9779,0.2153,0.2009,POST_PH4_RE_RFB,2.30,-2.08,575.4,250.3,0.00,0,0,,6.685
1018,15:35:49.758,ROI,160,160,256,256,11.93,12.70,0.0,0.0,78.76,617.25,248.23,131.47,84.74,0.9158,19.0700,0.3800,0.0000,0.0000,0.9239,0,0.3800,-0.4164,0.8350,3.9855,0.5840,0.2006,POST_PH4_RE_RFB,2.30,-1.72,575.4,250.3,0.00,0,0,,6.749
1019,15:35:49.806,ROI,160,160,288,288,10.55,11.53,0.0,0.0,86.71,612.50,247.32,124.38,76.18,0.8354,19.1700,1.0400,0.0000,0.0000,0.8928,0,1.0400,-0.0295,1.1388,3.9691,0.9037,0.2012,POST_PH4_RE_RFB,2.30,-1.40,575.4,250.3,0.00,0,0,,6.796
1020,15:35:49.936,ROI,160,160,256,256,12.35,13.10,3.3,0.0,76.31,605.60,248.30,126.14,82.94,0.8256,18.8300,0.4500,5.0900,3.0500,0.8625,0,0.4500,0.0075,1.4336,4.0452,1.1509,0.1982,POST_PH4_RE_RFB,2.30,-1.15,575.4,250.3,0.00,0,0,,6.927
1021,15:35:49.982,ROI,160,160,256,256,11.19,11.96,11.725,0.0,83.62,600.94,248.08,125.18,83.44,0.9231,20.9000,0.5500,0.0000,0.0000,0.8579,0,0.5500,0.1408,1.6703,4.1154,1.3713,0.1955,POST_PH4_RE_RFB,2.30,-0.93,575.4,250.3,0.00,0,0,,6.972
1022,15:35:50.048,ROI,160,160,256,256,18.84,20.00,7.3,19.525,50.00,597.22,248.22,122.91,82.37,0.9299,18.8300,1.6500,0.0000,0.0000,0.9040,0,1.6500,0.4085,1.8448,4.1881,1.5680,0.1927,POST_PH4_RE_RFB,2.30,-0.73,575.4,250.3,0.00,0,0,,7.046
1023,15:35:50.110,ROI,160,160,256,256,16.00,16.98,0.0,0.0,58.88,592.90,248.59,123.36,82.83,0.9243,21.1600,-1.5100,0.0000,0.0000,0.8730,0,-1.5100,0.3033,2.0830,4.2212,1.7421,0.1915,POST_PH4_RE_RFB,2.30,-0.56,575.4,250.3,0.00,0,0,,7.106
1024,15:35:50.159,ROI,160,160,256,256,10.28,11.20,12.25,0.0,89.27,591.14,248.70,122.06,83.95,0.9589,20.0000,1.5200,0.0000,0.0000,0.9395,0,1.5200,0.5824,2.1929,4.2637,1.8870,0.1900,POST_PH4_RE_RFB,2.30,-0.41,575.4,250.3,0.00,0,0,,7.149
1025,15:35:50.223,ROI,160,160,256,256,10.98,12.03,7.45,0.0,83.12,587.51,249.18,122.34,83.04,0.9319,19.8400,-0.3600,0.0000,0.0000,0.8782,0,-0.3600,0.7650,2.3562,4.2777,2.0547,0.1895,POST_PH4_RE_RFB,2.30,-0.25,575.4,250.3,0.00,0,0,,7.213
1026,15:35:50.285,ROI,160,160,256,256,10.47,11.38,7.75,0.0,87.84,585.32,249.06,122.96,82.32,0.9567,19.7800,1.9400,0.0000,0.0000,0.8923,0,1.9400,1.2642,2.4556,4.2468,2.2285,0.1906,POST_PH4_RE_RFB,2.30,-0.07,575.4,250.3,0.00,0,0,,7.275
1027,15:35:50.335,ROI,160,160,256,256,9.51,10.58,20.625,0.0,94.50,583.45,248.76,123.30,81.38,0.9591,18.5200,3.5900,0.0000,0.0000,0.8785,0,3.5900,1.8118,2.4872,4.1351,2.3556,0.1947,POST_PH4_RE_RFB,2.30,0.06,575.4,250.3,0.00,0,0,,7.323
1028,15:35:50.446,ROI,160,160,256,256,10.77,11.67,0.0,0.0,85.66,580.78,249.07,124.14,82.90,0.9405,20.3900,0.1300,0.0000,0.0000,0.8488,0,0.1300,1.4915,2.4374,3.9913,2.2479,0.2003,POST_PH4_RE_RFB,2.30,-0.05,575.4,250.3,0.00,0,0,,7.436
1029,15:35:50.511,ROI,160,160,256,256,11.53,12.30,7.35,0.0,81.33,578.67,249.35,125.66,81.62,0.9523,20.9100,0.6900,0.0000,0.0000,0.8853,0,0.6900,1.3280,2.2634,3.7917,2.0682,0.2087,POST_PH4_RE_RFB,2.30,-0.23,575.4,250.3,0.00,0,0,,7.501
1030,15:35:50.574,ROI,160,160,256,256,14.76,15.70,0.0,0.0,63.71,578.05,249.24,124.90,81.39,0.9874,19.1700,1.8700,0.0000,0.0000,0.8626,0,1.8700,1.6953,2.0580,3.5911,1.9790,0.2178,POST_PH4_RE_RFB,2.30,-0.32,575.4,250.3,0.00,0,0,,7.568
1031,15:35:50.623,ROI,160,160,256,256,15.15,16.02,0.0,0.0,62.41,576.56,249.50,126.13,81.20,0.9705,20.1700,-0.2100,0.0000,0.0000,0.8547,0,-0.2100,1.4416,1.9100,3.4316,1.8043,0.2257,POST_PH4_RE_RFB,2.30,-0.50,575.4,250.3,0.00,0,0,,7.617
1032,15:35:50.686,ROI,160,160,256,256,13.90,14.66,0.0,26.65,68.19,576.27,249.32,126.03,82.11,0.9844,18.3700,3.6500,0.0000,0.0000,0.8842,0,3.6500,1.9242,1.8799,3.2010,1.8904,0.2380,POST_PH4_RE_RFB,2.30,-0.41,575.4,250.3,0.00,0,0,,7.679
1033,15:35:50.749,ROI,160,160,256,256,11.60,12.38,0.0,0.0,80.78,575.31,249.45,126.78,82.22,0.9819,19.8200,1.8100,0.0000,0.0000,0.8631,0,1.8100,1.9742,1.9444,2.9816,1.9519,0.2512,POST_PH4_RE_RFB,2.30,-0.35,575.4,250.3,0.00,0,0,,7.740
1034,15:35:50.798,ROI,160,160,256,256,8.93,10.13,0.0,0.0,98.73,574.79,248.92,126.21,81.28,0.9791,18.8800,3.8200,0.0000,0.0000,0.8991,0,3.8200,2.3817,1.9994,2.7023,2.1027,0.2701,POST_PH4_RE_RFB,2.30,-0.20,575.4,250.3,0.00,0,0,,7.786
1035,15:35:50.927,ROI,160,160,256,256,8.60,9.49,0.0,41.175,105.39,573.30,248.75,125.31,82.08,0.9671,15.7200,7.5200,0.0000,0.0000,0.9163,0,7.5200,3.5214,1.9713,2.4288,2.4234,0.2916,POST_PH4_SETTLING,2.30,0.12,575.4,250.3,0.00,0,0,,7.914
1036,15:35:50.973,ROI,160,160,256,256,9.10,9.84,10.6,0.0,101.58,573.61,249.01,125.79,82.43,0.9889,17.5500,5.4900,0.0000,0.0000,0.9043,0,5.4900,4.1868,2.0121,2.1151,2.7102,0.3210,POST_PH4_SETTLING,2.30,0.41,575.4,250.3,0.00,0,0,,7.961
1037,15:35:51.039,ROI,160,160,256,256,9.34,10.08,13.975,38.75,99.19,573.90,249.61,125.36,82.21,0.9810,19.0400,3.8000,0.0000,0.0000,0.9114,0,3.8000,4.4899,2.0139,1.7990,2.8985,0.3573,POST_PH4_SETTLING,2.30,0.60,575.4,250.3,0.00,0,0,,8.027
1038,15:35:51.085,ROI,160,160,256,256,9.52,10.29,10.675,37.95,97.15,573.86,249.64,125.41,82.30,0.9983,19.0200,3.7600,0.0000,0.0000,0.9103,0,3.7600,4.6709,2.0861,1.5396,3.1039,0.3938,POST_PH4_SETTLING,2.30,0.80,575.4,250.3,0.00,0,0,,8.074
1039,15:35:51.151,ROI,160,160,256,256,11.62,12.40,0.0,0.0,80.67,573.96,249.74,125.46,82.40,0.9961,19.0100,3.6800,0.0000,0.0000,0.9102,0,3.6800,4.7886,2.1691,1.3043,3.3059,0.4340,POST_PH4_SETTLING,2.30,1.01,575.4,250.3,0.00,0,0,,8.141
1040,15:35:51.213,ROI,160,160,256,256,12.44,13.42,0.0,29.125,74.54,573.96,249.70,125.54,82.45,0.9986,19.2500,3.4900,0.0000,0.0000,0.9089,0,3.4900,4.9347,2.2475,1.0862,3.5356,0.4793,POST_PH4_SETTLING,2.30,1.24,575.4,250.3,0.00,0,0,,8.205
1041,15:35:51.263,ROI,160,160,256,256,16.00,17.09,21.325,0.0,58.52,573.93,249.72,125.47,82.29,0.9976,19.2500,3.5000,0.0000,0.0000,0.9061,0,3.5000,4.6994,2.4042,0.9054,3.6088,0.5248,POST_PH4_SETTLING,2.30,1.31,575.4,250.3,0.00,0,0,,8.259
1042,15:35:51.391,ROI,160,160,256,256,12.59,14.12,0.0,27.675,70.83,573.93,249.69,125.46,82.14,0.9981,18.9300,3.7000,0.0000,0.0000,0.9072,0,3.7000,4.7539,2.5982,0.7201,3.8515,0.5814,POST_PH4_SETTLING,2.30,1.55,575.4,250.3,0.00,0,0,,8.383
1043,15:35:51.438,ROI,160,160,256,256,11.19,12.08,0.0,0.0,82.77,573.98,249.70,125.41,82.10,0.9987,18.8700,3.7500,0.0000,0.0000,0.9079,0,3.7500,4.5714,3.0516,0.5700,4.0197,0.6370,POST_PH4_SETTLING,2.30,1.72,575.4,250.3,0.00,0,0,,8.428
1044,15:35:51.502,ROI,160,160,256,256,10.31,11.44,7.55,0.0,87.40,573.96,249.70,125.70,82.29,0.9954,18.8400,3.8300,0.0000,0.0000,0.9114,0,3.8300,4.5888,3.7550,0.4352,4.3359,0.6968,POST_PH4_SETTLING,2.30,2.04,575.4,250.3,0.00,0,0,,8.491
1045,15:35:51.566,ROI,160,160,256,256,8.91,9.73,7.425,0.0,102.76,573.91,249.77,125.60,82.32,0.9977,18.8100,3.8200,0.0000,0.0000,0.9101,0,3.8200,4.7543,4.6364,0.3141,4.7261,0.7610,POST_PH4_SETTLING,2.30,2.43,575.4,250.3,0.00,0,0,,8.554
