frame_id,timestamp,mode,input_width,input_height,roi_w,roi_h,inf_time_ms,end_to_end_time_ms,cpu_load_pct,end_to_end_cpu_load_pct,fps,x_center,y_center,width,height,iou_prev_bbox,group1_magnitude,group1_angle,group2_magnitude,group2_angle,best_conf,tracking_lost,raw_angle,model_angle_smooth,trajectory_angle_smooth,estimated_speed,fused_angle,fused_weight_x,pid_mode,target_angle,angle_error,target_x,target_y,distance_error,ble_speed_left,ble_speed_right,post_ph4_spin_elapsed_s,post_ph4_re_rfb_elapsed_s
3814,13:50:27.400,ROI,160,160,192,192,12.96,14.10,0.0,27.7,70.93,464.49,255.46,85.48,89.40,0.9995,9.2700,115.2100,0.0000,0.0000,0.6528,0,115.2100,-244.9011,-204.2578,0.3258,-234.9139,0.7543,PHASE_1_ALIGNING,169.97,-44.88,645.6,287.5,183.92,-1346,1346,,
3815,13:50:27.422,ROI,160,160,192,192,12.46,13.27,48.025,0.0,75.36,464.49,255.49,85.44,89.29,0.9984,9.2200,115.2600,0.0000,0.0000,0.6466,0,115.2600,-244.9078,-196.8784,0.2243,-236.1082,0.8168,PHASE_1_ALIGNING,169.98,-46.09,645.6,287.5,183.91,-1383,1383,,
3816,13:50:27.536,ROI,160,160,192,192,9.46,10.27,0.0,0.0,97.39,464.52,255.52,85.44,89.42,0.9980,9.1800,115.2700,0.0000,0.0000,0.6418,0,115.2700,-244.9547,-191.3730,0.1277,-238.8850,0.8867,PHASE_1_ALIGNING,169.98,-48.87,645.6,287.5,183.89,-1466,1466,,
3817,13:50:27.584,ROI,160,160,192,192,11.20,12.00,0.0,0.0,83.34,464.53,255.54,85.44,89.51,0.9988,9.1400,115.4000,0.0000,0.0000,0.6480,0,115.4000,-244.8634,-189.0286,0.0594,-241.7348,0.9440,PHASE_1_ALIGNING,169.99,-51.72,645.6,287.5,183.87,-1552,1552,,
3818,13:50:27.648,ROI,160,160,192,192,12.07,13.23,7.525,29.525,75.59,464.54,255.54,85.43,89.62,0.9985,9.0800,115.4400,0.0000,0.0000,0.6411,0,115.4400,-244.7019,-190.7278,0.0421,-242.5193,0.9596,PHASE_1_ALIGNING,169.99,-52.51,645.6,287.5,183.86,-1575,1575,,
3819,13:50:27.713,ROI,160,160,192,192,11.59,12.89,0.0,0.0,77.57,464.55,255.53,85.27,89.57,0.9976,9.2900,115.5300,0.0000,0.0000,0.6549,0,115.5300,-244.6226,-192.9285,0.0125,-243.9837,0.9876,PHASE_1_ALIGNING,169.99,-53.97,645.6,287.5,183.85,-1619,1619,,
3820,13:50:27.760,ROI,160,160,192,192,9.72,10.74,11.475,36.35,93.07,464.60,255.54,85.39,89.52,0.9981,9.2600,115.7900,0.0000,0.0000,0.6506,0,115.7900,-244.6553,-194.9576,0.0059,-244.3648,0.9942,PHASE_1_ALIGNING,169.99,-54.35,645.6,287.5,183.80,-1631,1631,,
3821,13:50:27.824,ROI,160,160,192,192,10.53,11.30,0.0,0.0,88.50,464.88,255.58,86.34,88.91,0.9823,9.1100,116.2700,0.0000,0.0000,0.7145,0,116.2700,-244.4470,-193.9338,0.0119,-243.8517,0.9882,PHASE_1_ALIGNING,169.98,-53.83,645.6,287.5,183.52,-1615,1615,,
3822,13:50:27.873,ROI,160,160,192,192,11.23,12.01,0.0,0.0,83.27,464.60,255.24,86.68,89.29,0.9862,9.2700,116.6800,0.0000,0.0000,0.7322,0,116.6800,-244.1646,-189.5846,0.0125,-243.4905,0.9876,PHASE_1_ALIGNING,169.89,-53.38,645.6,287.5,183.85,-1602,1602,,
3823,13:50:28.003,ROI,160,160,192,192,16.60,17.74,3.3,22.025,56.37,465.73,255.06,89.53,89.32,0.9643,8.4600,119.8200,0.0000,0.0000,0.7304,0,119.8200,-243.2676,-184.2257,0.0342,-241.3172,0.9670,PHASE_1_ALIGNING,169.78,-51.09,645.6,287.5,182.77,-1533,1533,,
3824,13:50:28.048,ROI,160,160,192,192,9.58,10.85,13.875,0.0,92.17,466.39,255.22,91.48,89.24,0.9754,8.0200,125.9300,0.0000,0.0000,0.7288,0,125.9300,-241.1961,-181.7924,0.0630,-237.6758,0.9407,PHASE_1_ALIGNING,169.79,-47.46,645.6,287.5,182.09,-1424,1424,,
3825,13:50:28.114,ROI,160,160,192,192,9.94,10.74,0.0,0.0,93.14,466.01,255.32,94.44,88.27,0.9584,9.3900,129.8400,0.0000,0.0000,0.6069,0,129.8400,-238.5169,-183.0861,0.0808,-234.3716,0.9252,PHASE_1_ALIGNING,169.84,-44.21,645.6,287.5,182.45,-1326,1326,,
3826,13:50:28.176,ROI,160,160,192,192,12.86,13.68,7.65,0.0,73.12,466.34,254.86,96.79,88.02,0.9656,10.7000,131.3200,0.0000,0.0000,0.6352,0,131.3200,-235.8132,-188.3281,0.1037,-231.3515,0.9060,PHASE_1_ALIGNING,169.68,-41.03,645.6,287.5,182.21,-1231,1231,,
3827,13:50:28.224,ROI,160,160,224,224,12.87,13.67,0.0,0.0,73.13,465.54,253.16,103.50,91.32,0.9005,16.1600,133.0300,0.0000,0.0000,0.8031,0,133.0300,-233.0402,-175.8254,0.1211,-226.8582,0.8920,PHASE_1_ALIGNING,169.20,-36.06,645.6,287.5,183.31,-1082,1082,,
3828,13:50:28.290,ROI,160,160,224,224,12.07,12.99,0.0,0.0,76.98,465.67,252.54,105.17,88.55,0.9547,17.1300,136.6300,0.0000,0.0000,0.8741,0,136.6300,-229.8478,-199.8248,0.1506,-225.9171,0.8691,PHASE_1_ALIGNING,169.00,-34.92,645.6,287.5,183.29,-1048,1048,,
3829,13:50:28.401,ROI,160,160,224,224,10.49,11.37,0.0,0.0,87.93,465.59,251.68,111.55,82.85,0.8854,18.0900,148.6700,0.0000,0.0000,0.8948,0,148.6700,-224.5646,-220.6838,0.1911,-223.9419,0.8396,PHASE_1_ALIGNING,168.75,-32.69,645.6,287.5,183.54,-981,981,,
3830,13:50:28.464,ROI,160,160,224,224,16.53,17.48,0.0,0.0,57.22,465.21,252.05,115.92,80.84,0.9398,18.1400,155.7500,0.0000,0.0000,0.8440,0,155.7500,-218.4111,-238.1425,0.2186,-221.9509,0.8206,PHASE_1_ALIGNING,168.88,-30.83,645.6,287.5,183.84,-925,925,,
3831,13:50:28.512,ROI,160,160,256,256,18.35,19.68,12.8,0.0,50.81,465.34,252.99,117.79,82.70,0.9617,19.1900,157.8900,0.0000,0.0000,0.8554,0,157.8900,-212.5426,-252.9729,0.2293,-220.0830,0.8135,PHASE_1_ALIGNING,169.16,-29.25,645.6,287.5,183.54,-877,877,,
3832,13:50:28.577,ROI,160,160,256,256,15.03,16.08,0.0,0.0,62.17,465.05,253.01,120.29,81.74,0.9681,20.6800,163.3600,0.0000,0.0000,0.8949,0,163.3600,-206.3005,-265.1993,0.2334,-217.4449,0.8108,PHASE_1_ALIGNING,169.18,-26.63,645.6,287.5,183.82,-799,799,,
3833,13:50:28.640,ROI,160,160,256,256,12.26,13.11,0.0,29.8,76.29,464.62,253.06,121.49,81.98,0.9872,21.1400,164.8600,0.0000,0.0000,0.8798,0,164.8600,-200.5906,-274.6179,0.2303,-214.4462,0.8128,PHASE_1_ALIGNING,169.23,-23.67,645.6,287.5,184.23,-710,710,,
3834,13:50:28.687,ROI,160,160,256,256,11.77,12.62,0.0,0.0,79.22,465.22,253.26,120.13,81.14,0.9786,19.7400,167.0700,0.0000,0.0000,0.8898,0,167.0700,-195.2974,-282.4846,0.2224,-211.1594,0.8181,PHASE_1_ALIGNING,169.25,-20.41,645.6,287.5,183.61,-612,612,,
3835,13:50:28.817,ROI,160,160,256,256,13.83,14.85,0.0,26.3,67.36,464.71,253.96,121.07,82.26,0.9747,19.4900,171.8300,0.0000,0.0000,0.7970,0,171.8300,-189.9242,-289.0756,0.1969,-206.2363,0.8355,PHASE_2_DRIVING,169.50,-15.73,645.6,287.5,183.97,-2000,-1456,,
3836,13:50:28.864,ROI,160,160,256,256,11.68,12.51,12.2,0.0,79.91,464.40,254.54,119.30,80.50,0.9642,18.7900,173.0200,0.0000,0.0000,0.7830,0,173.0200,-185.2930,-294.4353,0.1610,-200.4307,0.8613,PHASE_2_DRIVING,169.69,-10.12,645.6,287.5,184.17,-1561,-2000,,
3837,13:50:28.929,ROI,160,160,256,256,9.67,10.47,0.0,0.0,95.48,463.97,254.86,118.96,81.47,0.9809,18.1600,177.8800,0.0000,0.0000,0.8389,0,177.8800,-180.6673,-295.3503,0.1276,-193.6421,0.8869,PHASE_2_DRIVING,169.81,-3.46,645.6,287.5,184.54,-1247,-2000,,
3838,13:50:28.976,ROI,160,160,256,256,11.88,12.68,0.0,30.825,78.87,463.90,255.44,119.95,82.93,0.9743,17.7700,-178.9100,0.0000,0.0000,0.8398,0,-178.9100,-176.4495,-289.1651,0.1066,-187.3053,0.9037,PHASE_2_DRIVING,169.99,2.70,645.6,287.5,184.51,-1141,-2000,,
3839,13:50:29.040,ROI,160,160,256,256,11.80,12.59,0.0,0.0,79.41,463.82,255.34,120.19,82.40,0.9917,16.8400,-177.6600,0.0000,0.0000,0.8300,0,-177.6600,-173.0682,-274.5651,0.1175,-183.7388,0.8949,PHASE_2_DRIVING,169.97,6.30,645.6,287.5,184.61,-1315,-2000,,
3840,13:50:29.105,ROI,160,160,256,256,11.01,11.83,7.525,0.0,84.53,464.65,255.64,118.94,82.67,0.9790,16.9000,-175.4600,0.0000,0.0000,0.8183,0,-175.4600,-170.3501,-253.2939,0.1439,-180.7846,0.8742,PHASE_2_DRIVING,170.01,9.20,645.6,287.5,183.74,-1311,-2000,,
3841,13:50:29.152,ROI,160,160,256,256,10.94,11.77,0.0,0.0,84.99,465.60,255.21,118.40,83.57,0.9736,17.4400,-175.7000,0.0000,0.0000,0.8254,0,-175.7000,-168.5228,-226.9566,0.1463,-175.9790,0.8724,PHASE_2_DRIVING,169.83,14.19,645.6,287.5,182.87,-982,-2000,,
3842,13:50:29.280,ROI,160,160,256,256,8.76,9.55,0.0,0.0,104.68,467.18,255.42,118.00,86.22,0.9441,16.4700,-171.6000,0.0000,0.0000,0.8254,0,-171.6000,-166.3087,-194.8758,0.1486,-170.0047,0.8706,PHASE_2_DRIVING,169.81,20.19,645.6,287.5,181.29,-774,-2000,,
3843,13:50:29.328,ROI,160,160,256,256,11.33,12.12,0.0,0.0,82.53,467.85,255.13,118.59,84.74,0.9718,16.1900,-171.7100,0.0000,0.0000,0.7637,0,-171.7100,-164.7785,-158.8612,0.1838,-163.8596,0.8447,PHASE_2_DRIVING,169.68,26.46,645.6,287.5,180.68,-639,-2000,,
3844,13:50:29.393,ROI,160,160,256,256,11.74,12.55,7.45,0.0,79.70,468.90,255.29,116.32,84.45,0.9771,16.2500,-171.5200,0.0000,0.0000,0.7608,0,-171.5200,-164.0705,-156.6922,0.2422,-162.6319,0.8050,PHASE_2_DRIVING,169.67,27.70,645.6,287.5,179.61,-1015,-2000,,
3845,13:50:29.440,ROI,160,160,256,256,16.25,17.12,22.125,22.825,58.43,470.48,254.82,117.95,84.85,0.9629,16.4800,-170.8200,0.0000,0.0000,0.7736,0,-170.8200,-164.0320,-147.6146,0.2884,-160.3568,0.7761,PHASE_2_DRIVING,169.43,30.21,645.6,287.5,178.14,-852,-2000,,
3846,13:50:29.505,ROI,160,160,256,256,15.94,16.81,0.0,23.25,59.48,471.33,254.62,116.96,83.10,0.9655,16.2500,-172.6000,0.0000,0.0000,0.7710,0,-172.6000,-164.9430,-152.5417,0.3476,-161.7441,0.7421,PHASE_2_DRIVING,169.32,28.94,645.6,287.5,177.35,-1230,-2000,,
3847,13:50:29.568,ROI,160,160,256,256,13.05,13.94,0.0,0.0,71.75,471.99,254.40,118.43,83.33,0.9823,16.6900,-171.7400,0.0000,0.0000,0.7814,0,-171.7400,-165.2308,-155.3096,0.4119,-162.3363,0.7082,PHASE_2_DRIVING,169.21,28.46,645.6,287.5,176.74,-1161,-2000,,
3848,13:50:29.617,ROI,160,160,256,256,12.88,13.70,0.0,0.0,72.97,473.69,253.97,118.61,83.30,0.9619,17.0300,-169.7800,0.0000,0.0000,0.8147,0,-169.7800,-165.0254,-156.9628,0.4997,-162.3387,0.6668,PHASE_2_DRIVING,168.96,28.70,645.6,287.5,175.15,-1085,-2000,,
3849,13:50:29.745,ROI,160,160,256,256,9.26,10.06,0.0,0.0,99.39,476.07,253.67,116.88,81.78,0.9430,15.2100,-169.5900,0.0000,0.0000,0.7930,0,-169.5900,-165.1480,-158.7580,0.6260,-162.6880,0.6150,PHASE_2_DRIVING,168.72,28.60,645.6,287.5,172.87,-1120,-2000,,
3850,13:50:29.792,ROI,160,160,256,256,12.97,14.34,0.0,27.225,69.73,477.10,253.69,118.56,82.30,0.9763,16.4400,-169.2900,0.0000,0.0000,0.8028,0,-169.2900,-165.1720,-161.0899,0.7475,-163.4259,0.5722,PHASE_2_DRIVING,168.65,27.92,645.6,287.5,171.86,-1194,-2000,,
3851,13:50:29.856,ROI,160,160,256,256,14.00,15.18,0.0,0.0,65.87,480.58,253.21,118.45,83.87,0.9258,16.8700,-166.9400,0.0000,0.0000,0.8351,0,-166.9400,-165.0281,-163.9315,0.9000,-164.5087,0.5263,PHASE_2_DRIVING,168.26,27.23,645.6,287.5,168.54,-1214,-2000,,
3852,13:50:29.921,ROI,160,160,256,256,15.96,17.17,0.0,0.0,58.25,481.41,252.49,118.54,83.15,0.9694,15.6800,-169.6900,0.0000,0.0000,0.7835,0,-169.6900,-165.6963,-167.6631,1.0491,-166.7033,0.4880,PHASE_2_DRIVING,167.96,25.33,645.6,287.5,167.88,-1397,-2000,,
3853,13:50:29.970,ROI,160,160,256,256,13.08,13.97,0.0,0.0,71.61,482.82,252.45,118.85,83.98,0.9668,15.6300,-170.3500,0.0000,0.0000,0.7931,0,-170.3500,-166.3784,-172.2694,1.1801,-169.5673,0.4587,PHASE_2_DRIVING,167.85,22.59,645.6,287.5,166.51,-1585,-2000,,
3854,13:50:30.032,ROI,160,160,256,256,10.87,11.72,0.0,0.0,85.33,486.13,251.10,119.25,83.42,0.9169,11.2800,-170.1400,0.0000,0.0000,0.7266,0,-170.1400,-167.1980,-177.2597,1.3277,-172.9371,0.4296,PHASE_2_DRIVING,167.14,19.92,645.6,287.5,163.57,-1661,-2000,,
3855,13:50:30.080,ROI,160,160,256,256,11.98,13.00,10.75,0.0,76.91,486.93,250.46,118.99,83.09,0.9715,14.2700,-170.9300,0.0000,0.0000,0.7496,0,-170.9300,-167.9346,-181.5306,1.4371,-175.9519,0.4103,PHASE_2_DRIVING,166.86,17.19,645.6,287.5,162.94,-1764,-2000,,
3856,13:50:30.209,ROI,160,160,256,256,12.41,13.23,0.0,0.0,75.56,493.78,248.62,120.82,82.86,0.8554,12.5000,-171.8900,0.0000,0.0000,0.7614,0,-171.8900,-168.7074,-183.4552,1.6196,-177.8255,0.3817,PHASE_2_DRIVING,165.64,16.54,645.6,287.5,156.72,-1511,-2000,,
3857,13:50:30.257,ROI,160,160,256,256,11.01,11.81,0.0,0.0,84.67,497.21,248.43,119.42,83.70,0.9354,14.3500,-171.1500,0.0000,0.0000,0.8067,0,-171.1500,-169.3130,-182.5243,1.7978,-177.8023,0.3574,PHASE_2_DRIVING,165.25,16.95,645.6,287.5,153.45,-1373,-2000,,
3858,13:50:30.321,ROI,160,160,256,256,10.16,10.96,0.0,0.0,91.28,498.87,248.99,117.97,85.07,0.9569,15.8700,-172.8600,0.0000,0.0000,0.7816,0,-172.8600,-170.1384,-179.4063,1.9467,-176.2611,0.3394,PHASE_2_DRIVING,165.29,18.44,645.6,287.5,151.70,-1215,-2000,,
3859,13:50:30.386,ROI,160,160,256,256,9.86,10.67,0.0,36.6,93.72,504.14,247.04,119.63,84.18,0.8755,12.8900,-172.0700,0.0000,0.0000,0.7674,0,-172.0700,-170.8744,-174.0262,2.1415,-173.0229,0.3183,PHASE_2_DRIVING,164.04,22.94,645.6,287.5,147.13,-839,-2000,,
3860,13:50:30.433,ROI,160,160,256,256,9.05,9.83,0.0,0.0,101.75,505.62,246.65,117.38,82.61,0.9573,13.9900,-175.1000,0.0000,0.0000,0.7908,0,-175.1000,-171.8387,-164.7656,2.3109,-166.9019,0.3020,PHASE_2_DRIVING,163.73,29.37,645.6,287.5,145.82,-579,-2000,,
3861,13:50:30.496,ROI,160,160,256,256,8.82,9.90,0.0,0.0,101.04,510.90,244.32,118.46,80.29,0.8655,10.3900,-177.2600,0.0000,0.0000,0.7664,0,-177.2600,-173.1958,-151.6896,2.5128,-157.8118,0.2847,PHASE_2_DRIVING,162.23,39.96,645.6,287.5,141.45,-194,-2000,,
3862,13:50:30.562,ROI,160,160,256,256,10.55,11.50,0.0,0.0,86.96,513.70,243.87,118.38,83.28,0.9204,10.9000,-177.7100,0.0000,0.0000,0.7842,0,-177.7100,-174.5267,-154.9443,2.6921,-160.2481,0.2708,PHASE_2_DRIVING,161.70,38.05,645.6,287.5,138.93,-1067,-2000,,
3863,13:50:30.609,ROI,160,160,256,256,9.22,9.98,0.0,0.0,100.18,515.11,243.75,118.86,81.90,0.9605,15.2300,-175.7500,0.0000,0.0000,0.7743,0,-175.7500,-175.2699,-157.6627,2.8328,-162.2565,0.2609,PHASE_2_DRIVING,161.47,36.28,645.6,287.5,137.63,-1097,-2000,,
3864,13:50:30.721,ROI,160,160,256,256,10.11,10.89,3.875,0.0,91.84,520.18,244.84,120.35,83.65,0.8956,14.9300,-176.1000,0.0000,0.0000,0.8023,0,-176.1000,-176.1961,-159.9600,2.9776,-164.0419,0.2514,PHASE_2_DRIVING,161.21,34.74,645.6,287.5,132.47,-1110,-2000,,
3865,13:50:30.785,ROI,160,160,256,256,10.26,11.17,14.575,0.0,89.55,524.54,244.74,117.23,84.72,0.9180,14.2900,-178.7400,0.0000,0.0000,0.8259,0,-178.7400,-177.5057,-161.7870,3.1085,-165.6128,0.2434,PHASE_2_DRIVING,160.54,33.84,645.6,287.5,128.39,-1071,-2000,,
3866,13:50:30.848,ROI,160,160,256,256,8.60,9.39,0.0,0.0,106.45,525.79,243.68,117.63,83.14,0.9549,14.0800,-178.9500,0.0000,0.0000,0.8024,0,-178.9500,-178.5177,-163.1576,3.1894,-166.8241,0.2387,PHASE_2_DRIVING,159.91,33.27,645.6,287.5,127.57,-1054,-2000,,
3867,13:50:30.896,ROI,160,160,256,256,13.98,15.23,0.0,0.0,65.65,529.32,244.09,118.37,83.33,0.9330,13.2300,-179.6000,0.0000,0.0000,0.8009,0,-179.6000,-179.4808,-164.3925,3.2668,-167.9287,0.2344,PHASE_2_DRIVING,159.53,32.54,645.6,287.5,124.12,-1085,-2000,,
3868,13:50:30.961,ROI,160,160,256,256,14.90,16.19,0.0,0.0,61.75,529.51,245.84,116.62,85.23,0.9456,16.1300,-179.6100,0.0000,0.0000,0.8437,0,-179.6100,-180.2369,-165.7154,3.2507,-169.1316,0.2353,PHASE_2_DRIVING,160.26,30.61,645.6,287.5,123.34,-1255,-2000,,
3869,13:50:31.024,ROI,160,160,256,256,18.84,20.07,16.75,19.475,49.84,532.98,244.79,117.22,85.46,0.9201,13.0900,179.4300,0.0000,0.0000,0.8149,0,179.4300,-180.7474,-167.0810,3.2589,-170.2899,0.2348,PHASE_2_DRIVING,159.23,30.48,645.6,287.5,120.44,-1078,-2000,,
3870,13:50:31.074,ROI,160,160,256,256,16.05,17.30,12.975,45.15,57.79,536.32,244.10,119.07,85.54,0.9302,13.5100,179.8300,0.0000,0.0000,0.8200,0,179.8300,-181.2424,-168.4116,3.2365,-171.4402,0.2360,PHASE_2_DRIVING,158.34,30.22,645.6,287.5,117.58,-1096,-2000,,
3871,13:50:31.201,ROI,160,160,256,256,12.67,13.60,10.75,0.0,73.51,542.30,241.90,119.90,80.91,0.8581,16.6900,172.7400,0.0000,0.0000,0.8859,0,172.7400,-183.0781,-169.7182,3.2371,-172.8713,0.2360,PHASE_2_DRIVING,156.18,30.95,645.6,287.5,112.91,-989,-2000,,
3872,13:50:31.250,ROI,160,160,256,256,17.06,18.38,0.0,0.0,54.40,543.49,242.47,121.63,80.35,0.9670,17.0100,173.6300,0.0000,0.0000,0.7875,0,173.6300,-184.4116,-170.9687,3.2005,-174.1690,0.2381,PHASE_2_DRIVING,156.20,29.63,645.6,287.5,111.60,-1217,-2000,,
3873,13:50:31.313,ROI,160,160,256,256,9.91,10.78,0.0,0.0,92.74,546.79,242.22,124.67,79.82,0.9418,17.2400,170.9600,0.0000,0.0000,0.7986,0,170.9600,-186.0946,-172.1250,3.1197,-175.5159,0.2427,PHASE_2_DRIVING,155.38,29.10,645.6,287.5,108.69,-1149,-2000,,
3874,13:50:31.360,ROI,160,160,256,256,11.14,12.29,10.875,0.0,81.38,548.51,242.24,123.12,79.15,0.9645,17.5600,170.1200,0.0000,0.0000,0.7993,0,170.1200,-187.7385,-173.1386,3.0818,-176.7155,0.2450,PHASE_2_DRIVING,155.01,28.28,645.6,287.5,107.12,-1200,-2000,,
3875,13:50:31.425,ROI,160,160,256,256,12.41,13.26,0.0,29.475,75.44,552.85,242.85,124.13,80.70,0.9148,19.1000,167.8400,0.0000,0.0000,0.8452,0,167.8400,-189.4513,-174.1265,3.0723,-177.8896,0.2456,PHASE_2_DRIVING,154.29,27.82,645.6,287.5,102.94,-1175,-2000,,
3876,13:50:31.488,ROI,160,160,256,256,12.10,13.05,0.0,0.0,76.64,555.50,242.48,122.78,80.50,0.9493,18.1300,165.9700,0.0000,0.0000,0.8422,0,165.9700,-191.3682,-175.2073,3.0268,-179.2207,0.2483,PHASE_2_DRIVING,153.45,27.33,645.6,287.5,100.72,-1190,-2000,,
3877,13:50:31.601,ROI,160,160,256,256,11.84,12.65,0.0,0.0,79.06,559.27,244.34,123.02,82.30,0.8997,19.2200,165.2400,0.0000,0.0000,0.8837,0,165.2400,-192.9753,-176.3521,3.0343,-180.4725,0.2479,PHASE_2_DRIVING,153.43,26.09,645.6,287.5,96.52,-1302,-2000,,
3878,13:50:31.664,ROI,160,160,256,256,11.25,12.08,15.475,0.0,82.77,562.95,245.22,122.78,82.22,0.9225,20.2300,165.7400,0.0000,0.0000,0.9071,0,165.7400,-194.4187,-177.6105,3.0226,-181.7889,0.2486,PHASE_2_DRIVING,152.90,25.31,645.6,287.5,92.84,-1274,-2000,,
3879,13:50:31.712,ROI,160,160,256,256,13.77,14.58,10.85,0.0,68.57,565.20,244.87,122.05,80.29,0.9416,20.4300,164.9900,0.0000,0.0000,0.8872,0,164.9900,-195.9195,-178.7152,3.0381,-182.9757,0.2476,PHASE_2_DRIVING,152.07,24.96,645.6,287.5,91.00,-1237,-2000,,
3880,13:50:31.776,ROI,160,160,256,256,11.45,13.02,0.0,30.0,76.78,568.74,246.56,121.78,81.41,0.9060,19.1500,165.0000,0.0000,0.0000,0.9093,0,165.0000,-197.1568,-179.7591,3.0586,-184.0457,0.2464,PHASE_2_DRIVING,151.96,24.00,645.6,287.5,87.08,-1329,-2000,,
3881,13:50:31.823,ROI,160,160,256,256,13.66,14.46,0.0,0.0,69.15,570.37,246.72,121.90,82.43,0.9617,19.8600,163.4500,0.0000,0.0000,0.8856,0,163.4500,-198.1902,-180.7134,3.0226,-185.0581,0.2486,PHASE_2_DRIVING,151.54,23.40,645.6,287.5,85.57,-1305,-2000,,
3882,13:50:31.889,ROI,160,160,256,256,14.92,15.75,0.0,0.0,63.50,571.26,246.14,121.55,81.81,0.9717,20.4800,162.8400,0.0000,0.0000,0.8763,0,162.8400,-199.0225,-181.6718,2.9885,-186.0220,0.2507,PHASE_2_DRIVING,150.91,23.07,645.6,287.5,85.07,-1286,-2000,,
3883,13:50:32.001,ROI,160,160,256,256,12.98,14.06,0.0,0.0,71.10,576.09,247.95,122.94,83.79,0.8859,18.7500,161.8400,0.0000,0.0000,0.9250,0,161.8400,-199.9833,-182.7407,3.0214,-187.0284,0.2487,PHASE_2_DRIVING,150.36,22.61,645.6,287.5,79.97,-1312,-2000,,
3884,13:50:32.065,ROI,160,160,256,256,12.38,13.44,0.0,0.0,74.39,580.62,248.41,121.98,83.71,0.9189,18.4400,160.5500,0.0000,0.0000,0.8950,0,160.5500,-200.8908,-183.7858,3.0523,-188.0068,0.2468,PHASE_2_DRIVING,148.97,23.03,645.6,287.5,75.83,-1208,-2000,,
3885,13:50:32.129,ROI,160,160,256,256,13.67,15.06,7.675,0.0,66.41,583.26,249.68,121.04,84.54,0.9296,19.1100,161.0900,0.0000,0.0000,0.8980,0,161.0900,-201.4004,-184.9092,3.0886,-188.9427,0.2446,PHASE_2_DRIVING,148.75,22.30,645.6,287.5,72.91,-1350,-2000,,
3886,13:50:32.176,ROI,160,160,256,256,13.79,14.58,12.075,0.0,68.57,587.56,249.98,119.70,84.56,0.9248,18.6400,158.3600,0.0000,0.0000,0.8785,0,158.3600,-202.1310,-186.2758,3.0984,-190.1444,0.2440,PHASE_2_DRIVING,147.12,22.74,645.6,287.5,69.11,-1213,-2000,,
3887,13:50:32.240,ROI,160,160,256,256,13.51,14.29,15.9,0.0,69.96,589.78,250.81,120.06,85.06,0.9452,18.9200,157.9100,0.0000,0.0000,0.8749,0,157.9100,-202.6739,-187.8106,3.0968,-191.4386,0.2441,PHASE_2_DRIVING,146.68,21.88,645.6,287.5,66.80,-1362,-1978,,
3888,13:50:32.306,ROI,160,160,256,256,16.65,17.79,7.575,0.0,56.21,593.00,252.29,120.54,85.79,0.9164,17.2800,155.4300,0.0000,0.0000,0.8726,0,155.4300,-203.3025,-189.4735,3.1025,-192.8443,0.2438,PHASE_2_DRIVING,146.20,20.96,645.6,287.5,63.30,-1309,-1855,,
3889,13:50:32.353,ROI,160,160,256,256,16.05,16.96,0.0,0.0,58.97,595.29,253.10,120.35,85.41,0.9449,16.9700,154.2200,0.0000,0.0000,0.8671,0,154.2200,-204.5384,-191.0133,3.1407,-194.2797,0.2415,PHASE_2_DRIVING,145.64,20.08,645.6,287.5,60.95,-1271,-1776,,
3890,13:50:32.480,ROI,160,160,256,256,12.10,13.05,3.525,0.0,76.64,599.14,254.66,121.63,88.11,0.9059,16.8100,153.7800,0.0000,0.0000,0.8547,0,153.7800,-205.4405,-192.4970,3.1647,-195.6049,0.2401,PHASE_2_DRIVING,144.75,19.65,645.6,287.5,56.89,-1167,-1677,,
3891,13:50:32.528,ROI,160,160,256,256,18.72,20.02,0.0,0.0,49.95,601.10,254.94,121.95,86.93,0.9557,16.7400,154.3400,0.0000,0.0000,0.8511,0,154.3400,-206.1765,-193.8315,3.1684,-196.7930,0.2399,PHASE_2_DRIVING,143.81,19.39,645.6,287.5,55.14,-1125,-1632,,
3892,13:50:32.591,ROI,160,160,256,256,17.78,19.23,0.0,0.0,52.00,605.21,256.54,118.86,87.42,0.9014,16.0500,152.2200,0.0000,0.0000,0.8434,0,152.2200,-207.1481,-195.0015,3.1670,-197.9165,0.2400,PHASE_2_DRIVING,142.53,19.55,645.6,287.5,50.89,-1016,-1529,,
3893,13:50:32.656,ROI,160,160,256,256,14.68,15.71,0.0,0.0,63.67,606.95,258.03,119.44,87.04,0.9390,16.2900,152.2100,0.0000,0.0000,0.8487,0,152.2100,-208.0611,-196.0806,3.1670,-198.9558,0.2400,PHASE_2_DRIVING,142.68,18.37,645.6,287.5,48.60,-1049,-1381,,
3894,13:50:32.705,ROI,160,160,256,256,17.80,18.94,0.0,0.0,52.79,609.78,259.70,119.73,88.35,0.9191,16.1900,150.0100,0.0000,0.0000,0.8563,0,150.0100,-209.3580,-197.0722,3.1554,-200.0288,0.2406,PHASE_2_DRIVING,142.18,17.79,645.6,287.5,45.35,-958,-1309,,
3895,13:50:32.768,ROI,160,160,256,256,14.54,15.49,17.7,0.0,64.54,612.30,260.46,118.83,90.11,0.9403,15.7800,145.9600,0.0000,0.0000,0.8502,0,145.9600,-211.2849,-198.0514,3.1544,-201.2368,0.2407,PHASE_2_DRIVING,140.92,17.84,645.6,287.5,42.90,-879,-1266,,
3896,13:50:32.818,ROI,160,160,256,256,19.09,20.15,0.0,0.0,49.63,614.80,261.90,119.46,91.26,0.9293,15.6700,145.4700,0.0000,0.0000,0.8406,0,145.4700,-212.9182,-199.0744,3.1636,-202.3994,0.2402,PHASE_2_DRIVING,140.27,17.33,645.6,287.5,40.05,-848,-1154,,
3897,13:50:32.880,ROI,160,160,256,256,13.86,15.09,9.35,0.0,66.26,616.70,262.52,119.76,91.95,0.9559,15.2500,146.2600,0.0000,0.0000,0.8563,0,146.2600,-214.1177,-199.9746,3.1361,-203.3940,0.2418,PHASE_2_DRIVING,139.16,17.45,645.6,287.5,38.20,-784,-1126,,
3898,13:50:32.992,ROI,160,160,256,256,13.95,14.76,0.0,0.0,67.73,620.18,265.36,119.46,91.15,0.8883,14.3200,143.6500,0.0000,0.0000,0.8304,0,143.6500,-215.5216,-200.9248,3.1477,-204.4440,0.2411,PHASE_2_DRIVING,138.95,16.61,645.6,287.5,33.71,-731,-954,,
3899,13:50:33.055,ROI,160,160,256,256,13.21,14.07,0.0,0.0,71.05,623.18,267.08,117.74,91.68,0.9163,14.9700,143.7100,0.0000,0.0000,0.8078,0,143.7100,-216.7109,-201.9152,3.1392,-205.4897,0.2416,PHASE_2_DRIVING,137.67,16.84,645.6,287.5,30.32,-623,-893,,
3900,13:50:33.121,ROI,160,160,256,256,11.70,12.69,0.0,30.85,78.82,623.59,266.70,117.12,91.38,0.9848,15.3200,141.9900,0.0000,0.0000,0.8321,0,141.9900,-217.9737,-202.8652,3.0317,-206.6126,0.2480,PHASE_2_DRIVING,136.61,16.78,645.6,287.5,30.28,-632,-882,,
3901,13:50:33.168,ROI,160,160,256,256,14.26,15.13,0.0,0.0,66.09,625.38,267.74,118.29,93.07,0.9484,14.8900,142.1800,0.0000,0.0000,0.8067,0,142.1800,-218.9429,-203.8535,2.9465,-207.6770,0.2534,PHASE_2_DRIVING,135.66,16.66,645.6,287.5,28.27,-592,-821,,
3902,13:50:33.233,ROI,160,160,256,256,19.27,20.21,0.0,19.325,49.48,625.45,268.60,119.55,92.53,0.9715,14.6800,142.1000,0.0000,0.0000,0.8112,0,142.1000,-219.7270,-204.8132,2.8448,-208.6922,0.2601,PHASE_2_DRIVING,136.84,14.47,645.6,287.5,27.63,-651,-730,,
3903,13:50:33.296,ROI,160,160,256,256,13.30,14.65,0.0,26.65,68.24,626.01,269.47,118.08,91.38,0.9692,13.8400,142.0500,0.0000,0.0000,0.7794,0,142.0500,-220.1375,-205.8532,2.7158,-209.6974,0.2691,PHASE_2_DRIVING,137.38,12.92,645.6,287.5,26.62,-621,-710,,
3904,13:50:33.343,ROI,160,160,256,256,17.42,18.56,0.0,0.0,53.87,627.65,270.20,116.85,91.71,0.9573,13.4300,140.8500,0.0000,0.0000,0.7889,0,140.8500,-220.7630,-206.9223,2.6001,-210.7668,0.2778,PHASE_2_DRIVING,136.06,13.17,645.6,287.5,24.93,-535,-712,,
3905,13:50:33.474,ROI,160,160,256,256,15.77,16.69,3.475,0.0,59.92,629.03,270.98,120.75,93.49,0.9493,12.6500,139.8800,0.0000,0.0000,0.7826,0,139.8800,-221.3299,-208.0137,2.4665,-211.8551,0.2885,PHASE_2_DRIVING,135.08,13.07,645.6,287.5,23.40,-511,-659,,
3906,13:50:33.520,ROI,160,160,256,256,20.63,21.79,0.0,0.0,45.89,630.23,271.01,118.85,93.50,0.9795,12.6200,139.6300,0.0000,0.0000,0.8028,0,139.6300,-221.9071,-209.0999,2.3302,-212.9456,0.3003,PHASE_2_DRIVING,132.98,14.07,645.6,287.5,22.54,-462,-666,,
3907,13:50:33.584,ROI,160,160,256,256,16.34,17.64,0.0,88.625,56.69,631.97,271.77,118.58,94.22,0.9558,13.6900,138.5900,0.0000,0.0000,0.8244,0,138.5900,-222.5545,-210.0674,2.1885,-213.9838,0.3136,PHASE_2_DRIVING,130.91,15.11,645.6,287.5,20.82,-420,-621,,
3908,13:50:33.649,ROI,160,160,256,256,15.51,16.94,0.0,0.0,59.02,632.74,272.31,118.19,94.32,0.9757,13.5000,138.4200,0.0000,0.0000,0.8398,0,138.4200,-223.0113,-210.9405,2.0594,-214.8860,0.3269,PHASE_2_DRIVING,130.25,14.87,645.6,287.5,19.90,-428,-567,,
3909,13:50:33.696,ROI,160,160,256,256,9.60,10.42,0.0,0.0,95.94,634.26,273.30,117.87,94.35,0.9548,13.0800,138.8900,0.0000,0.0000,0.8379,0,138.8900,-223.0403,-211.6411,1.9197,-215.5454,0.3425,PHASE_2_DRIVING,128.61,15.84,645.6,287.5,18.18,-365,-544,,
3910,13:50:33.760,ROI,160,160,256,256,9.85,10.81,0.0,0.0,92.47,636.32,274.06,116.54,93.89,0.9502,12.2400,138.2200,0.0000,0.0000,0.8014,0,138.2200,-223.1709,-212.0719,1.8253,-216.0003,0.3539,PHASE_2_DRIVING,124.62,19.38,645.6,287.5,16.34,-271,-545,,
3911,13:50:33.824,ROI,160,160,256,256,13.11,13.87,0.0,0.0,72.10,638.46,274.58,114.82,94.88,0.9533,13.7100,137.6600,0.0000,0.0000,0.8278,0,137.6600,-223.1716,-212.2488,1.7386,-216.2373,0.3651,PHASE_2_DRIVING,118.91,24.86,645.6,287.5,14.76,-197,-542,,
3912,13:50:33.873,ROI,160,160,256,256,13.35,14.13,11.325,0.0,70.79,637.79,274.96,115.46,94.88,0.9805,13.6300,137.2000,0.0000,0.0000,0.8415,0,137.2000,-223.2556,-212.2806,1.6359,-216.4443,0.3794,PHASE_2_DRIVING,121.91,21.65,645.6,287.5,14.77,-337,-402,,
3913,13:50:33.984,ROI,160,160,256,256,10.48,11.38,0.0,0.0,87.87,639.16,275.81,115.90,95.42,0.9596,13.2400,138.2000,0.0000,0.0000,0.8210,0,138.2000,-223.3602,-212.1361,1.5459,-216.5449,0.3928,PHASE_2_DRIVING,118.85,24.61,645.6,287.5,13.35,-212,-455,,
3914,13:50:34.048,ROI,160,160,256,256,13.18,14.37,7.55,0.0,69.58,640.54,276.22,113.65,93.62,0.9578,14.0300,137.6200,0.0000,0.0000,0.8320,0,137.6200,-223.5019,-211.8030,1.4733,-216.5330,0.4043,PHASE_2_DRIVING,114.17,29.30,645.6,287.5,12.37,-161,-458,,
3915,13:50:34.113,ROI,160,160,256,256,11.56,12.41,0.0,0.0,80.58,640.67,276.93,114.03,94.94,0.9817,12.7500,136.6500,0.0000,0.0000,0.8197,0,136.6500,-223.6165,-211.2764,1.3867,-216.4467,0.4190,PHASE_2_DRIVING,114.99,28.56,645.6,287.5,11.66,-217,-366,,
3916,13:50:34.160,ROI,160,160,256,256,14.44,15.54,0.0,50.275,64.34,640.93,277.28,113.38,95.41,0.9870,12.7500,136.0100,0.0000,0.0000,0.8112,0,136.0100,-223.9836,-210.7937,1.3358,-216.4406,0.4281,PHASE_2_DRIVING,114.57,28.99,645.6,287.5,11.24,-195,-367,,
3917,13:50:34.223,ROI,160,160,256,256,18.99,20.44,0.0,0.0,48.91,641.58,277.46,115.81,96.96,0.9633,13.2800,134.7300,0.0000,0.0000,0.7940,0,134.7300,-224.4720,-210.3616,1.3151,-216.4566,0.4320,PHASE_2_DRIVING,111.81,31.73,645.6,287.5,10.81,-155,-386,,
3918,13:50:34.288,ROI,160,160,256,256,19.71,20.93,8.925,0.0,47.78,642.02,277.50,113.46,95.44,0.9643,13.2200,134.3400,0.0000,0.0000,0.7788,0,134.3400,-225.0737,-209.8278,1.2612,-216.5701,0.4422,PHASE_2_DRIVING,109.67,33.76,645.6,287.5,10.62,-154,-377,,
3919,13:50:34.401,ROI,160,160,256,256,20.56,21.80,4.225,17.925,45.88,642.83,277.38,113.50,97.41,0.9661,13.5000,133.7800,0.0000,0.0000,0.7669,0,133.7800,-225.6348,-209.1435,1.2158,-216.5862,0.4513,PHASE_2_DRIVING,105.30,38.11,645.6,287.5,10.49,-117,-408,,
3920,13:50:34.466,ROI,160,160,256,256,19.74,20.96,36.575,0.0,47.70,643.44,277.98,114.08,97.22,0.9775,13.1600,134.8500,0.0000,0.0000,0.7822,0,134.8500,-225.8384,-208.4913,1.1524,-216.5508,0.4646,PHASE_3_FINAL_ALIGNING,0.60,142.85,645.6,287.5,9.77,2000,-2000,,
3921,13:50:34.514,ROI,160,160,256,256,26.55,27.87,0.0,0.0,35.89,643.18,278.31,113.46,96.93,0.9877,13.5500,133.7500,0.0000,0.0000,0.7650,0,133.7500,-226.1454,-208.1168,1.0634,-216.8541,0.4846,PHASE_3_FINAL_ALIGNING,0.60,142.55,645.6,287.5,9.50,2000,-2000,,
3922,13:50:34.578,ROI,160,160,256,256,17.91,19.35,10.85,40.4,51.69,644.30,278.38,111.62,99.50,0.9554,13.3000,133.7800,0.0000,0.0000,0.7695,0,133.7800,-226.4341,-207.8764,0.9877,-217.2126,0.5031,PHASE_3_FINAL_ALIGNING,0.60,142.19,645.6,287.5,9.21,2000,-2000,,
3923,13:50:34.642,ROI,160,160,224,224,22.10,23.71,8.775,0.0,42.18,644.04,279.90,114.10,100.95,0.9492,12.2500,132.9000,0.0000,0.0000,0.7948,0,132.9000,-226.8866,-208.1436,0.9142,-217.9350,0.5224,PHASE_3_FINAL_ALIGNING,0.60,141.46,645.6,287.5,7.75,2000,-2000,,
3924,13:50:34.689,ROI,160,160,256,256,23.59,24.89,16.375,31.375,40.17,643.17,279.45,114.35,100.91,0.9760,14.0400,133.2200,0.0000,0.0000,0.7909,0,133.2200,-227.1789,-208.8134,0.8091,-218.9653,0.5528,PHASE_3_FINAL_ALIGNING,0.60,140.43,645.6,287.5,8.41,2000,-2000,,
3925,13:50:34.818,ROI,160,160,256,256,22.67,23.88,0.0,16.35,41.87,643.67,280.36,112.58,99.55,0.9667,12.3400,132.6700,0.0000,0.0000,0.7448,0,132.6700,-227.5870,-209.9940,0.7260,-220.1872,0.5794,PHASE_3_FINAL_ALIGNING,0.60,139.21,645.6,287.5,7.40,2000,-2000,,
3926,13:50:34.866,ROI,160,160,256,256,19.49,20.83,16.075,56.275,48.00,643.80,281.41,112.10,100.32,0.9751,12.6000,131.6000,0.0000,0.0000,0.7186,0,131.6000,-228.1290,-212.0096,0.6463,-221.8008,0.6074,PHASE_3_FINAL_ALIGNING,0.60,137.60,645.6,287.5,6.35,2000,-2000,,
3927,13:50:34.928,ROI,160,160,256,256,20.40,21.72,9.425,0.0,46.04,643.46,282.07,111.58,100.10,0.9810,13.0600,131.5700,0.0000,0.0000,0.7200,0,131.5700,-228.5053,-215.1691,0.5805,-223.6070,0.6327,PHASE_3_FINAL_ALIGNING,0.60,135.79,645.6,287.5,5.83,2000,-2000,,
3928,13:50:34.993,ROI,160,160,224,224,28.16,29.44,0.0,13.275,33.97,644.34,282.63,109.82,101.53,0.9705,10.1900,127.5000,0.0000,0.0000,0.8204,0,127.5000,-229.6607,-219.0665,0.5514,-225.8955,0.6446,PHASE_3_FINAL_ALIGNING,0.60,133.50,645.6,287.5,5.03,2000,-2000,,
3929,13:50:35.042,ROI,160,160,224,224,23.02,24.46,19.975,0.0,40.88,645.09,283.50,108.25,102.19,0.9692,11.4600,124.1900,0.0000,0.0000,0.8576,0,124.1900,-231.3677,-223.1206,0.5557,-228.4217,0.6428,PHASE_3_FINAL_ALIGNING,0.60,130.98,645.6,287.5,4.03,2000,-2000,,
3930,13:50:35.106,ROI,160,160,224,224,20.63,22.05,9.925,0.0,45.35,645.13,284.83,103.24,101.23,0.9293,10.1800,119.6100,0.0000,0.0000,0.8164,0,119.6100,-233.8270,-227.9251,0.5576,-231.7141,0.6420,PHASE_3_FINAL_ALIGNING,0.60,127.69,645.6,287.5,2.71,2000,-2000,,
3931,13:50:35.153,ROI,160,160,224,224,29.39,30.62,0.0,12.75,32.66,644.85,285.55,99.41,100.84,0.9495,10.5600,118.7200,0.0000,0.0000,0.8030,0,118.7200,-236.0487,-233.2820,0.5758,-235.0377,0.6346,PHASE_3_FINAL_ALIGNING,0.60,124.36,645.6,287.5,2.09,2000,-2000,,
3932,13:50:35.282,ROI,160,160,224,224,20.13,21.35,0.0,0.0,46.84,644.42,286.74,94.81,100.91,0.9321,12.7100,115.0700,0.0000,0.0000,0.8300,0,115.0700,-238.7401,-238.9129,0.6095,-238.8055,0.6213,PHASE_3_FINAL_ALIGNING,0.60,120.59,645.6,287.5,1.41,2000,-2000,,
3933,13:50:35.330,ROI,160,160,224,224,20.62,21.89,29.575,0.0,45.68,645.79,287.25,91.69,101.04,0.9575,12.5400,109.2900,0.0000,0.0000,0.8587,0,109.2900,-242.3268,-244.3157,0.6536,-243.1129,0.6047,PHASE_3_FINAL_ALIGNING,0.60,116.29,645.6,287.5,0.32,2000,-2000,,
3934,13:50:35.394,ROI,160,160,224,224,21.18,22.51,18.35,52.075,44.42,647.11,287.63,90.87,102.70,0.9560,13.4700,103.4900,0.0000,0.0000,0.8421,0,103.4900,-246.6917,-249.1277,0.6969,-247.6921,0.5893,PHASE_3_FINAL_ALIGNING,0.60,111.71,645.6,287.5,1.52,2000,-2000,,
3935,13:50:35.458,ROI,160,160,224,224,20.05,21.68,9.425,18.025,46.12,646.19,288.67,90.26,103.85,0.9605,12.6500,101.7500,0.0000,0.0000,0.8816,0,101.7500,-250.9844,-253.5638,0.7359,-252.0779,0.5761,PHASE_3_FINAL_ALIGNING,0.60,107.32,645.6,287.5,1.31,2000,-2000,,
3936,13:50:35.506,ROI,160,160,224,224,18.52,19.79,44.5,0.0,50.53,645.86,290.94,89.84,106.57,0.9509,13.6500,92.5900,0.0000,0.0000,0.8287,0,92.5900,-256.6168,-257.6497,0.7907,-257.0729,0.5585,PHASE_3_FINAL_ALIGNING,0.60,102.33,645.6,287.5,3.45,2000,-2000,,
3937,13:50:35.570,ROI,160,160,224,224,23.71,25.05,8.875,31.2,39.93,646.04,291.18,91.95,105.84,0.9705,13.2100,83.8200,0.0000,0.0000,0.8537,0,83.8200,-263.3739,-260.9919,0.8239,-262.2979,0.5483,PHASE_3_FINAL_ALIGNING,0.60,97.10,645.6,287.5,3.70,1942,-1942,,
3938,13:50:35.632,ROI,160,160,224,224,19.32,20.64,10.425,18.925,48.45,646.08,288.45,91.07,106.32,0.9411,20.0300,80.8000,0.0000,0.0000,0.9008,0,80.8000,-269.7538,-263.3372,0.7957,-266.9105,0.5569,PHASE_3_FINAL_ALIGNING,0.60,92.49,645.6,287.5,1.07,1850,-1850,,
3939,13:50:35.682,ROI,160,160,224,224,22.17,23.50,0.0,49.875,42.55,646.99,288.22,93.00,106.78,0.9750,18.2600,75.2900,0.0000,0.0000,0.9016,0,75.2900,-276.4354,-264.6315,0.7506,-271.3744,0.5712,PHASE_3_FINAL_ALIGNING,0.60,88.03,645.6,287.5,1.57,1760,-1760,,
3940,13:50:35.794,ROI,160,160,224,224,20.14,21.23,4.425,0.0,47.11,647.61,287.89,98.00,105.99,0.9424,20.6600,58.2700,0.0000,0.0000,0.9270,0,58.2700,-285.5718,-264.2992,0.6898,-276.8877,0.5918,PHASE_3_FINAL_ALIGNING,0.60,82.51,645.6,287.5,2.05,1650,-1650,,
3941,13:50:35.856,ROI,160,160,224,224,22.20,23.43,0.0,16.675,42.69,649.34,286.27,107.37,102.26,0.8833,21.4000,51.3200,0.0000,0.0000,0.9082,0,51.3200,-294.9036,-262.0034,0.6247,-282.2530,0.6155,PHASE_3_FINAL_ALIGNING,0.60,77.15,645.6,287.5,3.93,1543,-1543,,
3942,13:50:35.920,ROI,160,160,224,224,19.77,20.99,9.65,0.0,47.65,648.15,284.80,109.24,101.92,0.9507,19.7300,47.2800,0.0000,0.0000,0.9130,0,47.2800,-303.5956,-257.8655,0.5041,-288.2695,0.6649,PHASE_3_FINAL_ALIGNING,0.60,71.13,645.6,287.5,3.71,1423,-1423,,
3943,13:50:35.969,ROI,160,160,224,224,19.59,20.72,0.0,0.0,48.27,649.64,284.31,119.10,98.39,0.8880,19.5300,43.5400,0.0000,0.0000,0.9158,0,43.5400,-311.6065,-250.7124,0.4133,-293.7994,0.7076,PHASE_3_FINAL_ALIGNING,0.60,65.60,645.6,287.5,5.15,1312,-1312,,
3944,13:50:36.032,ROI,160,160,256,256,14.97,16.18,9.275,0.0,61.80,648.47,284.27,119.50,92.66,0.9241,16.1600,37.6800,0.0000,0.0000,0.8379,0,37.6800,-319.3720,-277.4603,0.3362,-308.8276,0.7484,PHASE_3_FINAL_ALIGNING,0.60,50.57,645.6,287.5,4.32,1011,-1011,,
3945,13:50:36.096,ROI,160,160,256,256,19.73,20.95,8.15,0.0,47.74,647.63,284.35,120.14,92.85,0.9840,17.2900,37.4900,0.0000,0.0000,0.8390,0,37.4900,-325.5320,-297.8201,0.2677,-319.6804,0.7888,PHASE_3_FINAL_ALIGNING,0.60,39.72,645.6,287.5,3.75,794,-794,,
3946,13:50:36.144,ROI,160,160,256,256,19.58,21.00,14.275,0.0,47.63,647.32,284.91,124.62,89.42,0.9297,18.2900,31.8400,0.0000,0.0000,0.8793,0,31.8400,-331.6501,-311.3319,0.2464,-327.6341,0.8023,PHASE_3_FINAL_ALIGNING,0.60,31.77,645.6,287.5,3.11,635,-635,,
3947,13:50:36.272,ROI,160,160,256,256,20.24,21.67,0.0,0.0,46.14,647.90,285.65,128.38,86.37,0.9385,16.9700,25.2000,0.0000,0.0000,0.8656,0,25.2000,-337.8168,-319.6774,0.2704,-333.9560,0.7872,PHASE_3_FINAL_ALIGNING,0.60,25.44,645.6,287.5,2.95,509,-509,,
3948,13:50:36.320,ROI,160,160,288,288,19.63,20.85,0.0,74.925,47.95,649.59,285.50,133.70,87.91,0.9433,16.0800,20.9100,0.0000,0.0000,0.9086,0,20.9100,-343.6339,-325.4517,0.3174,-339.2529,0.7591,PHASE_3_FINAL_ALIGNING,0.60,20.15,645.6,287.5,4.46,403,-403,,
3949,13:50:36.384,ROI,160,160,288,288,20.69,21.91,9.025,17.825,45.65,649.41,285.85,133.70,87.23,0.9896,12.9400,11.2800,0.0000,0.0000,0.9009,0,11.2800,-349.7892,-329.2491,0.3429,-344.5447,0.7447,PHASE_3_FINAL_ALIGNING,0.60,14.86,645.6,287.5,4.16,297,-297,,
3950,13:50:36.449,ROI,160,160,288,288,18.90,20.10,9.025,19.425,49.76,650.53,286.17,135.25,87.07,0.9763,12.9500,8.8900,0.0000,0.0000,0.8803,0,8.8900,-354.9544,-331.9668,0.3502,-348.9921,0.7406,PHASE_3_FINAL_ALIGNING,0.60,10.41,645.6,287.5,5.11,208,-208,,
3951,13:50:36.496,ROI,160,160,288,288,17.94,19.21,14.5,0.0,52.05,648.79,286.18,128.57,85.19,0.9302,13.0300,5.4300,0.0000,0.0000,0.8319,0,5.4300,-359.6073,-333.3077,0.3391,-352.9473,0.7468,PHASE_3_FINAL_ALIGNING,0.60,6.45,645.6,287.5,3.46,129,-129,,
3952,13:50:36.560,ROI,160,160,288,288,27.57,28.84,8.775,0.0,34.68,649.24,285.89,127.98,86.72,0.9756,16.6900,0.5900,0.0000,0.0000,0.8861,0,0.5900,-364.0730,-333.9967,0.3413,-356.4202,0.7456,PHASE_3_FINAL_ALIGNING,0.60,2.98,645.6,287.5,3.98,60,-60,,
3953,13:50:36.608,ROI,160,160,256,256,18.92,20.29,0.0,0.0,49.30,649.21,286.26,129.57,86.30,0.9794,15.4900,10.7600,0.0000,0.0000,0.8773,0,10.7600,-364.8453,-334.1959,0.3054,-357.6745,0.7660,PHASE_3_FINAL_ALIGNING,0.60,1.73,645.6,287.5,3.81,34,-34,,
3954,13:50:36.736,ROI,160,160,288,288,14.18,15.32,3.6,0.0,65.29,649.38,286.00,131.08,86.99,0.9807,18.3000,-2.9400,0.0000,0.0000,0.8919,0,-2.9400,-367.8432,-335.1976,0.2308,-361.7220,0.8125,PHASE_3_FINAL_ALIGNING,0.60,-2.32,645.6,287.5,4.06,-46,46,,
3955,13:50:36.784,ROI,160,160,288,288,14.51,15.46,0.0,0.0,64.68,648.73,286.07,130.88,87.30,0.9867,18.9000,-3.8300,0.0000,0.0000,0.8825,0,-3.8300,-370.3216,-338.6412,0.1426,-366.3680,0.8752,PHASE_3_FINAL_ALIGNING,0.60,-6.97,645.6,287.5,3.44,-139,139,,
3956,13:50:36.848,ROI,160,160,288,288,11.65,13.08,8.1,0.0,76.47,649.75,286.14,132.93,88.20,0.9745,17.1000,-2.1300,0.0000,0.0000,0.8805,0,-2.1300,-371.2500,-344.8110,0.1006,-368.8324,0.9086,PHASE_3_FINAL_ALIGNING,0.60,-9.43,645.6,287.5,4.36,-189,189,,
3957,13:50:36.912,ROI,160,160,288,288,13.32,14.73,7.7,0.0,67.88,649.94,286.16,133.47,88.70,0.9903,18.9900,-5.1800,0.0000,0.0000,0.9145,0,-5.1800,-371.9599,-355.7473,0.0958,-370.5420,0.9125,PHASE_3_FINAL_ALIGNING,0.60,-11.14,645.6,287.5,4.54,-223,223,,
3958,13:50:36.959,ROI,160,160,288,288,17.46,18.67,11.8,0.0,53.57,649.94,286.16,133.83,88.88,0.9953,18.7800,-4.3100,0.0000,0.0000,0.9260,0,-4.3100,-372.9712,-368.8129,0.1214,-372.5208,0.8917,PHASE_3_FINAL_ALIGNING,0.60,-13.12,645.6,287.5,4.54,-262,262,,
3959,13:50:37.024,ROI,160,160,288,288,14.66,15.66,0.0,0.0,63.84,650.82,286.16,135.50,89.17,0.9838,18.5800,-3.8400,0.0000,0.0000,0.9301,0,-3.8400,-373.5605,-377.3305,0.1629,-374.0886,0.8599,PHASE_3_FINAL_ALIGNING,0.60,-14.69,645.6,287.5,5.39,-294,294,,
3960,13:50:37.088,ROI,160,160,288,288,13.54,14.51,0.0,0.0,68.90,650.11,286.40,133.49,87.66,0.9684,20.1400,-5.1600,0.0000,0.0000,0.9225,0,-5.1600,-373.9012,-382.2448,0.1599,-375.0516,0.8621,PHASE_3_FINAL_ALIGNING,0.60,-15.65,645.6,287.5,4.64,-313,313,,
3961,13:50:37.201,ROI,160,160,288,288,14.27,15.54,0.0,0.0,64.35,649.95,286.49,133.22,87.71,0.9955,20.3500,-5.3400,0.0000,0.0000,0.9228,0,-5.3400,-373.7743,-380.9775,0.1663,-374.8014,0.8574,PHASE_3_FINAL_ALIGNING,0.60,-15.40,645.6,287.5,4.46,-308,308,,
3962,13:50:37.264,ROI,160,160,288,288,22.35,23.53,0.0,0.0,42.49,650.57,286.16,134.53,88.52,0.9812,18.6900,-4.4400,0.0000,0.0000,0.9164,0,-4.4400,-373.2568,-393.1194,0.1594,-375.9875,0.8625,PHASE_3_FINAL_ALIGNING,0.60,-16.59,645.6,287.5,5.14,-332,332,,
3963,13:50:37.312,ROI,160,160,288,288,12.60,13.97,0.0,0.0,71.60,648.96,287.12,131.65,87.71,0.9553,20.3600,-5.6100,0.0000,0.0000,0.8959,0,-5.6100,-372.2609,-404.1148,0.1188,-375.6436,0.8938,PHASE_3_FINAL_ALIGNING,0.60,-16.24,645.6,287.5,3.38,-325,325,,
3964,13:50:37.375,ROI,160,160,288,288,14.03,14.94,7.9,0.0,66.91,649.75,286.17,133.07,87.91,0.9672,17.8200,-0.5800,0.0000,0.0000,0.8935,0,-0.5800,-370.1071,-412.4466,0.0768,-373.1281,0.9286,PHASE_3_FINAL_ALIGNING,0.60,-13.73,645.6,287.5,4.35,-275,275,,
3965,13:50:37.424,ROI,160,160,288,288,16.66,17.69,11.65,22.1,56.53,648.26,286.13,128.83,86.31,0.9504,18.8600,-4.7600,0.0000,0.0000,0.8515,0,-4.7600,-368.9778,-427.1352,0.0364,-371.0217,0.9649,PHASE_3_FINAL_ALIGNING,0.60,-11.62,645.6,287.5,3.00,-232,232,,
3966,13:50:37.488,ROI,160,160,288,288,14.59,15.85,0.0,24.65,63.11,648.88,285.89,129.44,87.14,0.9811,17.0900,-1.2400,0.0000,0.0000,0.8753,0,-1.2400,-367.0792,-408.4900,0.0198,-367.8830,0.9806,PHASE_3_FINAL_ALIGNING,0.60,-8.48,645.6,287.5,3.65,-170,170,,
3967,13:50:37.600,ROI,160,160,288,288,14.41,15.27,0.0,25.6,65.50,648.90,285.43,130.50,86.45,0.9815,15.2700,1.5800,0.0000,0.0000,0.8724,0,1.5800,-365.2847,-404.2551,0.0225,-366.1434,0.9780,PHASE_3_FINAL_ALIGNING,0.60,-6.74,645.6,287.5,3.89,-135,135,,
3968,13:50:37.664,ROI,160,160,288,288,24.19,25.42,16.1,0.0,39.34,648.86,285.47,129.49,86.51,0.9915,16.6300,0.3100,0.0000,0.0000,0.8670,0,0.3100,-363.8456,-406.7948,0.0204,-364.7034,0.9800,PHASE_3_FINAL_ALIGNING,0.60,-5.30,645.6,287.5,3.84,-106,106,,
3969,13:50:37.729,ROI,160,160,288,288,18.13,19.38,0.0,20.175,51.60,649.53,285.77,129.58,86.20,0.9828,17.1900,-0.3600,0.0000,0.0000,0.8617,0,-0.3600,-362.7775,-405.9241,0.0324,-364.1308,0.9686,PHASE_3_FINAL_ALIGNING,0.60,-4.73,645.6,287.5,4.29,-95,95,,
3970,13:50:37.776,ROI,160,160,288,288,20.14,21.29,0.0,0.0,46.98,650.12,285.92,131.78,87.21,0.9720,15.4000,2.1100,0.0000,0.0000,0.8338,0,2.1100,-361.6401,-407.1006,0.0332,-363.1000,0.9679,PHASE_3_FINAL_ALIGNING,0.60,-3.70,645.6,287.5,4.79,-74,74,,
3971,13:50:37.841,ROI,160,160,288,288,18.98,20.26,0.0,0.0,49.36,650.54,286.13,132.75,86.71,0.9870,14.5500,1.4100,0.0000,0.0000,0.8130,0,1.4100,-359.5426,-409.9052,0.0246,-360.7497,0.9760,PHASE_3_FINAL_ALIGNING,0.60,-1.35,645.6,287.5,5.13,-27,27,,
3972,13:50:37.903,ROI,160,160,288,288,12.50,13.37,0.0,0.0,74.81,649.41,286.04,129.85,85.72,0.9670,15.2900,0.9100,0.0000,0.0000,0.8686,0,0.9100,-358.9057,-408.9485,0.0309,-360.4074,0.9700,PHASE_3_FINAL_ALIGNING,0.60,-1.01,645.6,287.5,4.08,-20,20,,
3973,13:50:37.952,ROI,160,160,288,288,14.99,16.18,0.0,24.15,61.79,649.45,285.69,129.80,85.64,0.9914,17.1800,-0.0600,0.0000,0.0000,0.8708,0,-0.0600,-358.6337,-405.0578,0.0499,-360.8410,0.9525,PHASE_3_FINAL_ALIGNING,0.60,-1.44,645.6,287.5,4.25,-29,29,,
3974,13:50:38.065,ROI,160,160,288,288,12.86,14.09,4.025,0.0,70.98,651.63,286.17,134.75,86.69,0.9517,17.0300,-0.9500,0.0000,0.0000,0.8231,0,-0.9500,-358.4211,-374.9918,0.0309,-358.9176,0.9700,PHASE_3_FINAL_ALIGNING,0.60,0.48,645.6,287.5,6.17,10,-10,,
3975,13:50:38.129,ROI,160,160,288,288,13.19,14.33,7.9,0.0,69.79,649.18,285.80,129.10,86.80,0.9502,12.3200,8.8500,0.0000,0.0000,0.8903,0,8.8500,-356.5623,-384.6509,0.0349,-357.5084,0.9663,PHASE_3_FINAL_ALIGNING,0.60,1.89,645.6,287.5,3.96,38,-38,,
3976,13:50:38.193,ROI,160,160,288,288,13.43,14.64,7.85,0.0,68.31,651.63,286.12,135.14,86.89,0.9485,17.1300,-2.8600,0.0000,0.0000,0.8312,0,-2.8600,-357.2497,-370.6817,0.0442,-357.8181,0.9577,PHASE_3_FINAL_ALIGNING,0.60,1.58,645.6,287.5,6.18,32,-32,,
3977,13:50:38.240,ROI,160,160,288,288,12.70,13.54,0.0,28.85,73.87,649.07,285.62,128.88,86.78,0.9431,12.8300,11.0900,0.0000,0.0000,0.8973,0,11.0900,-355.0551,-358.0634,0.0531,-355.2068,0.9496,PHASE_4_FWD_BWD,0.60,4.19,645.6,287.5,3.95,0,0,,
3978,13:50:38.305,ROI,160,160,288,288,14.27,15.09,0.0,0.0,66.27,651.41,286.19,134.82,87.05,0.9438,16.9400,-2.5700,0.0000,0.0000,0.8312,0,-2.5700,-356.0650,-352.0363,0.0805,-355.7649,0.9255,PHASE_4_FWD_BWD,0.60,3.64,645.6,287.5,5.96,0,0,,
3979,13:50:38.368,ROI,160,160,288,288,13.20,14.27,0.0,0.0,70.08,649.15,285.53,128.43,86.85,0.9386,13.0400,11.3200,0.0000,0.0000,0.8953,0,11.3200,-354.2973,-345.9188,0.0728,-353.7290,0.9322,PHASE_4_FWD_BWD,0.60,5.67,645.6,287.5,4.06,0,0,,
3980,13:50:38.417,ROI,160,160,288,288,12.74,13.94,11.325,0.0,71.75,651.50,286.19,135.09,87.23,0.9367,16.8900,-2.8500,0.0000,0.0000,0.8353,0,-2.8500,-355.6222,-342.3391,0.1165,-354.2361,0.8956,PHASE_4_FWD_BWD,0.60,5.16,645.6,287.5,6.05,0,0,,
3981,13:50:38.544,ROI,160,160,288,288,13.06,14.21,0.0,0.0,70.38,649.09,285.53,128.50,86.89,0.9373,13.1600,11.5900,0.0000,0.0000,0.8925,0,11.5900,-354.1495,-341.4330,0.0865,-353.1369,0.9204,PHASE_4_FWD_BWD,0.60,6.26,645.6,287.5,4.01,0,0,,
3982,13:50:38.593,ROI,160,160,288,288,10.57,11.42,11.4,0.0,87.55,651.66,286.26,135.58,87.44,0.9324,16.7300,-2.4900,0.0000,0.0000,0.8320,0,-2.4900,-355.3015,-342.8057,0.1185,-353.9775,0.8940,PHASE_4_FWD_BWD,0.60,5.42,645.6,287.5,6.19,0,0,,
3983,13:50:38.658,ROI,160,160,288,288,10.44,11.39,0.0,0.0,87.77,649.38,285.23,128.14,86.76,0.9234,11.8900,11.8900,0.0000,0.0000,0.8874,0,11.8900,-353.9411,-349.2049,0.0768,-353.6033,0.9287,PHASE_4_FWD_BWD,0.60,5.80,645.6,287.5,4.41,0,0,,
3984,13:50:38.721,ROI,160,160,288,288,14.04,15.06,7.575,0.0,66.39,651.70,286.19,135.27,87.21,0.9270,13.9000,4.3300,0.0000,0.0000,0.8465,0,4.3300,-354.0291,-341.4590,0.0865,-353.0288,0.9204,PHASE_4_FWD_BWD,0.60,6.37,645.6,287.5,6.24,0,0,,
3985,13:50:38.769,ROI,160,160,288,288,10.95,11.96,11.825,0.0,83.59,650.69,285.66,129.19,86.74,0.9436,16.3900,3.0000,0.0000,0.0000,0.8720,0,3.0000,-354.1737,-338.7527,0.0720,-353.1384,0.9329,PHASE_4_FWD_BWD,0.60,6.26,645.6,287.5,5.42,0,0,,
3986,13:50:38.833,ROI,160,160,288,288,12.25,13.46,7.525,0.0,74.32,654.12,285.52,136.75,87.34,0.9383,16.2700,-2.6500,0.0000,0.0000,0.8468,0,-2.6500,-355.6408,-339.1630,0.1148,-353.9444,0.8970,PHASE_4_FWD_BWD,0.60,5.46,645.6,287.5,8.75,0,0,,
3987,13:50:38.880,ROI,160,160,288,288,11.35,12.56,11.325,0.0,79.64,653.23,285.14,133.09,86.76,0.9649,13.3100,8.0200,0.0000,0.0000,0.8735,0,8.0200,-354.9465,-338.8363,0.1451,-352.9052,0.8733,PHASE_4_FWD_BWD,0.60,6.49,645.6,287.5,7.98,0,0,,
3988,13:50:39.009,ROI,160,160,288,288,21.50,22.87,3.375,0.0,43.72,656.42,285.92,137.70,89.10,0.9290,15.2000,12.2500,0.0000,0.0000,0.9185,0,12.2500,-353.2589,-342.3270,0.2317,-351.2028,0.8119,PHASE_4_FWD_BWD,0.60,8.20,645.6,287.5,10.94,0,0,,
3989,13:50:39.057,ROI,160,160,288,288,21.64,22.95,15.625,0.0,43.57,657.66,284.62,133.15,87.48,0.9391,12.0800,11.4300,0.0000,0.0000,0.8937,0,11.4300,-351.9949,-348.5594,0.3379,-351.1273,0.7475,PHASE_4_FWD_BWD,0.60,8.27,645.6,287.5,12.39,0,0,,
3990,13:50:39.120,ROI,160,160,288,288,15.18,16.52,9.675,0.0,60.52,658.66,284.95,131.22,87.03,0.9775,14.5800,14.2900,0.0000,0.0000,0.9237,0,14.2900,-350.3768,-354.8554,0.4240,-351.7103,0.7023,PHASE_4_FWD_BWD,0.60,7.69,645.6,287.5,13.30,0,0,,
3991,13:50:39.184,ROI,160,160,288,288,11.62,12.68,8.225,0.0,78.84,662.66,284.34,133.36,86.60,0.9285,13.6600,13.5200,0.0000,0.0000,0.9102,0,13.5200,-349.2589,-360.4888,0.5636,-353.3069,0.6395,PHASE_4_FWD_BWD,0.60,6.09,645.6,287.5,17.35,0,0,,
3992,13:50:39.233,ROI,160,160,288,288,10.74,11.75,0.0,0.0,85.07,664.00,284.41,132.66,86.74,0.9785,13.5100,11.4800,0.0000,0.0000,0.9071,0,11.4800,-348.8956,-352.4353,0.7402,-350.4013,0.5746,PHASE_4_FWD_BWD,0.60,9.00,645.6,287.5,18.66,0,0,,
3993,13:50:39.296,ROI,160,160,288,288,10.49,11.33,0.0,0.0,88.23,667.73,283.68,129.04,86.69,0.9290,13.5100,11.6800,0.0000,0.0000,0.8788,0,11.6800,-347.6206,-361.6241,0.9109,-354.2960,0.5233,PHASE_4_FWD_BWD,0.60,5.10,645.6,287.5,22.46,0,0,,
3994,13:50:39.361,ROI,160,160,288,288,11.59,12.60,7.3,0.0,79.36,670.22,283.27,127.44,85.97,0.9531,14.1300,13.4000,0.0000,0.0000,0.8996,0,13.4000,-347.3443,-358.5928,1.1342,-353.3221,0.4686,PHASE_4_FWD_BWD,0.60,6.08,645.6,287.5,24.98,0,0,,
3995,13:50:39.408,ROI,160,160,256,256,12.84,13.94,11.275,0.0,71.72,672.35,282.12,129.47,85.50,0.9422,12.7700,12.9000,0.0000,0.0000,0.8826,0,12.9000,-345.9056,-354.7634,1.3098,-350.9284,0.4329,PHASE_4_FWD_BWD,0.60,8.47,645.6,287.5,27.29,0,0,,
3996,13:50:39.520,ROI,160,160,288,288,11.48,12.44,3.975,0.0,80.40,678.91,280.97,127.96,85.68,0.8803,13.7300,13.8400,0.0000,0.0000,0.8952,0,13.8400,-345.8240,-352.9527,1.5977,-350.2084,0.3850,PHASE_4_FWD_BWD,0.60,9.19,645.6,287.5,33.95,0,0,,
3997,13:50:39.585,ROI,160,160,256,256,10.67,11.60,7.5,0.0,86.22,684.50,279.76,130.34,86.59,0.8926,15.3600,13.9000,0.0000,0.0000,0.9046,0,13.9000,-344.4747,-350.5727,1.8860,-348.4597,0.3465,PHASE_4_FWD_BWD,0.60,10.94,645.6,287.5,39.66,0,0,,
3998,13:50:39.648,ROI,160,160,288,288,11.67,12.66,7.5,0.0,78.96,686.20,279.79,126.77,85.39,0.9592,13.7100,13.9800,0.0000,0.0000,0.9169,0,13.9800,-344.7287,-349.3145,2.1736,-347.8695,0.3151,PHASE_4_FWD_BWD,0.60,11.53,645.6,287.5,41.32,0,0,,
3999,13:50:39.696,ROI,160,160,256,256,10.36,11.34,11.1,0.0,88.20,692.43,277.24,134.32,86.88,0.8584,13.8700,13.5500,0.0000,0.0000,0.9082,0,13.5500,-343.7616,-348.5937,2.4593,-347.1968,0.2891,PHASE_4_FWD_BWD,0.60,12.20,645.6,287.5,47.94,0,0,,
4000,13:50:39.760,ROI,160,160,288,288,11.69,12.74,7.375,0.0,78.50,694.39,277.34,133.16,90.40,0.9340,15.6500,13.2600,0.0000,0.0000,0.9453,0,13.2600,-344.4526,-348.7143,2.7350,-347.5733,0.2677,PHASE_4_FWD_BWD,0.60,11.83,645.6,287.5,49.84,0,0,,
4001,13:50:39.826,ROI,160,160,288,288,11.08,12.10,7.4,0.0,82.66,699.98,275.74,134.23,88.61,0.8888,15.0200,14.2400,0.0000,0.0000,0.9326,0,14.2400,-343.6216,-348.6269,2.9821,-347.3699,0.2511,PHASE_4_FWD_BWD,0.60,12.03,645.6,287.5,55.63,0,0,,
4002,13:50:39.873,ROI,160,160,288,288,12.80,13.86,11.05,0.0,72.13,702.38,276.57,131.17,86.71,0.9437,16.1200,12.2200,0.0000,0.0000,0.9356,0,12.2200,-344.0853,-349.3240,3.2027,-348.0775,0.2379,PHASE_4_FWD_BWD,0.60,11.32,645.6,287.5,57.83,0,0,,
4003,13:50:40.001,ROI,160,160,288,288,12.76,14.17,0.0,0.0,70.59,708.48,275.15,131.06,87.55,0.8833,15.1400,12.7400,0.0000,0.0000,0.9240,0,12.7400,-344.7288,-349.4165,3.4092,-348.3533,0.2268,PHASE_4_FWD_BWD,0.60,11.05,645.6,287.5,64.08,0,0,,
4004,13:50:40.048,ROI,160,160,288,288,11.79,12.81,11.825,0.0,78.05,711.37,275.27,128.41,86.44,0.9444,16.1800,13.5400,0.0000,0.0000,0.9554,0,13.5400,-346.0071,-349.0158,3.6102,-348.3632,0.2169,PHASE_4_FWD_BWD,0.60,11.04,645.6,287.5,66.89,0,0,,
4005,13:50:40.113,ROI,160,160,288,288,12.02,12.88,7.525,0.0,77.61,716.63,273.85,128.86,87.88,0.8928,15.0800,13.5100,0.0000,0.0000,0.9374,0,13.5100,-346.3901,-348.1859,3.7709,-347.8095,0.2096,PHASE_4_FWD_BWD,0.60,11.59,645.6,287.5,72.33,0,0,,
4006,13:50:40.162,ROI,160,160,288,288,16.35,17.72,10.8,0.0,56.43,719.17,273.65,125.33,85.86,0.9390,14.5600,13.4900,0.0000,0.0000,0.9401,0,13.4900,-346.4035,-347.9964,3.9015,-347.6714,0.2040,PHASE_4_FWD_BWD,0.60,11.73,645.6,287.5,74.86,0,0,,
4007,13:50:40.224,ROI,160,160,256,256,20.88,22.20,8.75,0.0,45.04,725.40,272.14,129.49,87.62,0.8768,15.7500,13.9000,0.0000,0.0000,0.9409,0,13.9000,-346.4458,-347.8115,4.0412,-347.5406,0.1984,PHASE_4_FWD_BWD,0.60,11.86,645.6,287.5,81.27,0,0,,
4008,13:50:40.289,ROI,160,160,288,288,20.79,22.22,9.2,0.0,45.01,727.16,272.27,130.14,88.83,0.9601,15.1500,15.6300,0.0000,0.0000,0.9510,0,15.6300,-345.8596,-347.7669,4.0866,-347.3919,0.1966,PHASE_4_FWD_BWD,0.60,12.01,645.6,287.5,82.97,0,0,,
4009,13:50:40.400,ROI,160,160,288,288,10.57,11.56,8.725,0.0,86.54,734.67,269.44,132.52,89.14,0.8397,12.7600,17.3500,0.0000,0.0000,0.9313,0,17.3500,-345.0305,-347.6879,4.2064,-347.1775,0.1921,PHASE_4_FWD_BWD,0.60,12.22,645.6,287.5,90.88,0,0,,
4010,13:50:40.464,ROI,160,160,288,288,10.68,11.66,15.075,0.0,85.75,738.93,267.33,132.80,88.72,0.8954,14.1800,18.3600,0.0000,0.0000,0.9387,0,18.3600,-344.2884,-347.7187,4.2805,-347.0691,0.1894,PHASE_4_FWD_BWD,0.60,12.33,645.6,287.5,95.49,0,0,,
4011,13:50:40.512,ROI,160,160,288,288,10.89,11.90,10.75,0.0,84.07,741.08,267.99,126.67,87.80,0.9396,16.0800,17.7800,0.0000,0.0000,0.9394,0,17.7800,-343.7636,-347.7832,4.3054,-347.0255,0.1885,PHASE_4_FWD_BWD,0.60,12.37,645.6,287.5,97.45,0,0,,
4012,13:50:40.576,ROI,160,160,256,256,11.78,12.93,7.45,0.0,77.32,746.63,266.49,130.34,91.23,0.8836,15.1800,18.0700,0.0000,0.0000,0.8945,0,18.0700,-343.0953,-347.9387,4.3255,-347.0292,0.1878,PHASE_4_FWD_BWD,0.60,12.37,645.6,287.5,103.19,0,0,,
4013,13:50:40.640,ROI,160,160,288,288,10.79,11.76,0.0,0.0,85.00,748.43,265.95,132.48,88.67,0.9462,15.0900,18.6100,0.0000,0.0000,0.9265,0,18.6100,-342.4539,-347.9985,4.2625,-346.9449,0.1900,PHASE_4_FWD_BWD,0.60,12.46,645.6,287.5,105.06,0,0,,
4014,13:50:40.688,ROI,160,160,288,288,11.16,12.13,0.0,0.0,82.46,750.23,265.61,132.64,88.96,0.9660,14.7400,18.7500,0.0000,0.0000,0.9168,0,18.7500,-341.7796,-348.0529,4.2017,-346.8469,0.1922,PHASE_4_FWD_BWD,0.60,12.55,645.6,287.5,106.90,0,0,,
4015,13:50:40.800,ROI,160,160,288,288,11.92,12.92,3.925,0.0,77.40,760.04,263.11,132.70,84.55,0.8171,13.1800,16.7200,0.0000,0.0000,0.9007,0,16.7200,-341.6004,-348.0106,4.2799,-346.7965,0.1894,PHASE_4_FWD_BWD,0.60,12.60,645.6,287.5,117.01,0,0,,
4016,13:50:40.864,ROI,160,160,288,288,12.27,13.35,7.7,0.0,74.89,764.36,261.87,138.02,87.12,0.9109,11.6700,15.9500,0.0000,0.0000,0.8889,0,15.9500,-341.6192,-347.9717,4.3095,-346.7753,0.1883,PHASE_4_FWD_BWD,0.60,12.62,645.6,287.5,121.49,0,0,,
4017,13:50:40.929,ROI,160,160,288,288,10.14,11.01,0.0,0.0,90.83,766.84,261.29,136.31,87.88,0.9520,10.9100,16.5500,0.0000,0.0000,0.8527,0,16.5500,-341.5977,-347.7653,4.3488,-346.6122,0.1870,PHASE_4_FWD_BWD,0.60,12.79,645.6,287.5,124.05,0,0,,
4018,13:50:40.976,ROI,160,160,288,288,12.47,13.52,10.85,0.0,73.97,770.07,259.65,136.57,87.46,0.9196,10.3200,19.4600,0.0000,0.0000,0.8311,0,19.4600,-341.0653,-347.4613,4.3301,-346.2614,0.1876,PHASE_4_FWD_BWD,0.60,13.14,645.6,287.5,127.55,0,0,,
4019,13:50:41.041,ROI,160,160,288,288,10.42,11.35,7.625,0.0,88.09,773.44,260.75,136.10,88.42,0.9289,9.6900,18.9700,0.0000,0.0000,0.7904,0,18.9700,-340.6332,-347.0654,4.3180,-345.8559,0.1880,PHASE_4_FWD_BWD,0.60,13.54,645.6,287.5,130.61,0,0,,
4020,13:50:41.104,ROI,160,160,288,288,10.89,11.87,7.55,0.0,84.27,777.68,258.20,133.81,88.29,0.8880,10.0000,17.3200,0.0000,0.0000,0.8490,0,17.3200,-340.8461,-346.6638,4.2762,-345.5612,0.1895,PHASE_4_FWD_BWD,0.60,13.84,645.6,287.5,135.29,0,0,,
4021,13:50:41.152,ROI,160,160,288,288,10.73,11.62,10.75,0.0,86.04,781.75,257.32,131.18,89.10,0.9224,11.1000,17.6900,0.0000,0.0000,0.8681,0,17.6900,-341.0151,-346.2373,4.2704,-345.2464,0.1897,PHASE_4_FWD_BWD,0.60,14.15,645.6,287.5,139.46,0,0,,
4022,13:50:41.265,ROI,160,160,288,288,17.61,18.85,3.875,0.0,53.06,791.94,254.52,129.10,84.06,0.8045,11.5800,18.1400,0.0000,0.0000,0.8610,0,18.1400,-341.0899,-345.8564,4.3486,-344.9653,0.1870,PHASE_4_FWD_BWD,0.60,14.43,645.6,287.5,150.02,0,0,,
4023,13:50:41.330,ROI,160,160,288,288,14.79,16.09,8.45,0.0,62.17,793.74,254.31,131.51,85.54,0.9562,14.6100,17.1700,0.0000,0.0000,0.9414,0,17.1700,-341.4473,-345.5007,4.3935,-344.7491,0.1854,PHASE_4_FWD_BWD,0.60,14.65,645.6,287.5,151.81,0,0,,
4024,13:50:41.392,ROI,160,160,288,288,19.56,20.86,8.425,0.0,47.94,796.22,253.08,132.52,86.36,0.9364,13.5400,17.9400,0.0000,0.0000,0.9205,0,17.9400,-341.7135,-345.2128,4.3709,-344.5612,0.1862,PHASE_4_FWD_BWD,0.60,14.84,645.6,287.5,154.50,0,0,,
4025,13:50:41.441,ROI,160,160,288,288,20.99,22.34,13.675,0.0,44.76,798.83,252.06,133.51,86.60,0.9396,14.1200,17.7200,0.0000,0.0000,0.9317,0,17.7200,-342.0572,-344.9503,4.3582,-344.4104,0.1866,PHASE_4_FWD_BWD,0.60,14.99,645.6,287.5,157.27,0,0,,
4026,13:50:41.505,ROI,160,160,288,288,18.28,19.72,9.4,0.0,50.71,804.07,251.37,130.86,84.19,0.8987,14.9600,18.1200,0.0000,0.0000,0.9304,0,18.1200,-342.1939,-344.8069,4.3130,-344.3151,0.1882,PHASE_4_FWD_BWD,0.60,15.08,645.6,287.5,162.53,0,0,,
4027,13:50:41.569,ROI,160,160,288,288,12.17,13.24,17.8,0.0,75.50,807.22,251.54,132.66,83.83,0.9493,14.1500,16.3700,0.0000,0.0000,0.9181,0,16.3700,-342.5413,-344.7547,4.3127,-344.3380,0.1882,PHASE_4_FWD_BWD,0.60,15.06,645.6,287.5,165.57,0,0,,
4028,13:50:41.616,ROI,160,160,288,288,14.85,15.96,11.45,0.0,62.67,810.29,249.47,134.77,87.75,0.9107,13.9300,17.0500,0.0000,0.0000,0.9232,0,17.0500,-342.6201,-344.6511,4.3108,-344.2687,0.1883,PHASE_4_FWD_BWD,0.60,15.13,645.6,287.5,169.03,0,0,,
4029,13:50:41.745,ROI,160,160,288,288,13.01,14.29,3.475,0.0,69.97,817.51,248.23,135.76,86.60,0.8748,13.7200,15.7500,0.0000,0.0000,0.9245,0,15.7500,-343.0065,-344.6204,4.3225,-344.3172,0.1879,PHASE_4_FWD_BWD,0.60,15.08,645.6,287.5,176.34,0,0,,
4030,13:50:41.792,ROI,160,160,288,288,14.05,15.22,11.95,0.0,65.72,819.81,248.81,134.46,85.63,0.9536,16.2700,14.5600,0.0000,0.0000,0.9410,0,14.5600,-343.5686,-344.7074,4.3206,-344.4934,0.1879,PHASE_4_FWD_BWD,0.60,14.91,645.6,287.5,178.45,0,0,,
4031,13:50:41.857,ROI,160,160,288,288,16.35,17.68,7.925,0.0,56.55,821.30,248.38,136.69,86.13,0.9684,16.0100,13.0800,0.0000,0.0000,0.9430,0,13.0800,-344.3120,-344.8733,4.2275,-344.7660,0.1913,PHASE_4_FWD_BWD,0.60,14.63,645.6,287.5,180.01,0,0,,
4032,13:50:41.904,ROI,160,160,288,288,15.07,16.53,26.225,0.0,60.50,823.48,248.14,136.30,86.09,0.9634,14.6600,11.8200,0.0000,0.0000,0.9301,0,11.8200,-345.2008,-345.1382,4.0539,-345.1506,0.1979,PHASE_4_FWD_BWD,0.60,14.25,645.6,287.5,182.19,0,0,,
4033,13:50:42.033,ROI,160,160,288,288,17.01,18.41,3.475,0.0,54.32,825.90,247.95,134.69,85.32,0.9564,14.5200,13.2600,0.0000,0.0000,0.9307,0,13.2600,-345.8988,-345.4978,3.9655,-345.5785,0.2014,PHASE_4_FWD_BWD,0.60,13.82,645.6,287.5,184.59,0,0,,
4034,13:50:42.082,ROI,160,160,288,288,11.47,12.54,13.025,0.0,79.72,826.71,247.99,136.13,85.07,0.9852,15.8200,13.0900,0.0000,0.0000,0.9356,0,13.0900,-346.6565,-345.9464,3.8394,-346.0931,0.2066,PHASE_4_FWD_BWD,0.60,13.31,645.6,287.5,185.37,0,0,,
4035,13:50:42.144,ROI,160,160,288,288,11.96,12.98,7.825,0.0,77.06,827.24,247.86,134.53,84.73,0.9843,15.5400,13.8600,0.0000,0.0000,0.9350,0,13.8600,-347.1397,-346.4462,3.6415,-346.5956,0.2154,PHASE_4_FWD_BWD,0.60,12.80,645.6,287.5,185.92,0,0,,
4036,13:50:42.208,ROI,160,160,288,288,10.69,11.75,7.7,0.0,85.07,827.54,247.25,133.52,85.28,0.9784,16.3100,14.2300,0.0000,0.0000,0.9441,0,14.2300,-347.1767,-346.8904,3.3920,-346.9555,0.2277,PHASE_4_FWD_BWD,0.60,12.44,645.6,287.5,186.34,0,0,,
4037,13:50:42.256,ROI,160,160,288,288,11.21,12.22,10.75,0.0,81.85,827.67,247.45,133.07,84.85,0.9916,16.4000,14.2000,0.0000,0.0000,0.9459,0,14.2000,-347.1825,-347.4566,3.0830,-347.3895,0.2449,PHASE_4_FWD_BWD,0.60,12.01,645.6,287.5,186.42,0,0,,
4038,13:50:42.385,ROI,160,160,288,288,15.54,16.58,3.35,0.0,60.32,828.08,247.45,132.79,84.89,0.9934,16.3200,13.4800,0.0000,0.0000,0.9461,0,13.4800,-347.4353,-348.0465,2.7578,-347.8838,0.2661,PHASE_4_FWD_BWD,0.60,11.52,645.6,287.5,186.82,0,0,,
4039,13:50:42.432,ROI,160,160,288,288,10.85,11.80,0.0,0.0,84.76,828.83,247.07,131.89,84.58,0.9800,15.8100,14.6400,0.0000,0.0000,0.9421,0,14.6400,-347.3422,-348.6596,2.4223,-348.2747,0.2922,PHASE_4_FWD_BWD,0.60,11.13,645.6,287.5,187.64,0,0,,
4040,13:50:42.496,ROI,160,160,288,288,12.61,13.99,7.5,0.0,71.50,828.79,247.09,131.96,84.53,0.9988,16.0100,14.5000,0.0000,0.0000,0.9443,0,14.5000,-347.1742,-349.2488,2.1933,-348.5991,0.3132,PHASE_4_FWD_BWD,0.60,10.80,645.6,287.5,187.60,0,0,,
4041,13:50:42.561,ROI,160,160,288,288,11.03,12.05,15.275,0.0,82.96,829.01,246.91,133.43,84.91,0.9845,15.8700,14.7400,0.0000,0.0000,0.9442,0,14.7400,-347.0011,-349.8359,1.9265,-348.8672,0.3417,PHASE_4_FWD_BWD,0.60,10.53,645.6,287.5,187.85,0,0,,
4042,13:50:42.609,ROI,160,160,288,288,19.16,20.36,0.0,0.0,49.12,826.32,246.50,133.58,85.59,0.9516,16.0900,15.8800,0.0000,0.0000,0.9258,0,15.8800,-346.4664,-350.2386,1.5921,-348.7833,0.3858,PHASE_4_FWD_BWD,0.60,10.62,645.6,287.5,185.31,0,0,,
4043,13:50:42.674,ROI,160,160,288,288,21.51,22.79,8.825,0.0,43.87,824.34,247.01,137.11,86.36,0.9600,16.1500,14.6500,0.0000,0.0000,0.9211,0,14.6500,-346.1718,-350.3542,1.2126,-348.4639,0.4520,PHASE_4_FWD_BWD,0.60,10.94,645.6,287.5,183.27,0,0,,
4044,13:50:42.722,ROI,160,160,288,288,17.95,19.30,15.575,0.0,51.81,825.58,248.12,137.12,85.03,0.9572,15.5400,13.1900,0.0000,0.0000,0.9309,0,13.1900,-346.0777,-350.4721,0.9007,-348.1601,0.5261,PHASE_4_FWD_BWD,0.60,11.24,645.6,287.5,184.24,0,0,,
4045,13:50:42.848,ROI,160,160,288,288,12.83,13.84,3.65,0.0,72.24,822.77,248.13,134.21,85.82,0.9507,16.3400,13.7400,0.0000,0.0000,0.9290,0,13.7400,-345.9789,-350.7399,0.5556,-347.6793,0.6429,PHASE_4_FWD_BWD,0.60,11.72,645.6,287.5,181.49,0,0,,
4046,13:50:42.897,ROI,160,160,288,288,13.20,14.30,11.1,0.0,69.92,819.46,248.18,136.55,85.52,0.9490,13.7400,15.3500,0.0000,0.0000,0.8846,0,15.3500,-345.4290,-349.4975,0.1880,-346.0729,0.8417,PHASE_4_FWD_BWD,0.60,13.33,645.6,287.5,178.25,0,0,,
4047,13:50:42.961,ROI,160,160,288,288,14.12,15.19,7.9,0.0,65.85,818.24,248.40,133.33,85.52,0.9715,15.6600,16.2200,0.0000,0.0000,0.9256,0,16.2200,-344.8156,-355.7243,0.0913,-345.7284,0.9163,PHASE_4_FWD_BWD,0.60,13.67,645.6,287.5,177.02,0,0,,
4048,13:50:43.024,ROI,160,160,288,288,10.24,11.09,8.1,0.0,90.14,813.90,248.92,133.99,85.21,0.9260,14.0900,17.7200,0.0000,0.0000,0.8799,0,17.7200,-344.0357,-356.9721,0.3850,-347.6315,0.7220,PHASE_4_FWD_BWD,0.60,11.77,645.6,287.5,172.66,0,0,,
4049,13:50:43.072,ROI,160,160,288,288,10.80,11.81,10.625,0.0,84.68,811.34,249.04,135.16,85.45,0.9600,13.5300,17.9900,0.0000,0.0000,0.8800,0,17.9900,-343.4204,-357.5706,0.6886,-349.1906,0.5922,PHASE_4_FWD_BWD,0.60,10.21,645.6,287.5,170.15,0,0,,
4050,13:50:43.138,ROI,160,160,288,288,10.25,11.80,0.0,0.0,84.74,807.42,250.39,131.71,84.11,0.9141,12.5500,18.2300,0.0000,0.0000,0.8365,0,18.2300,-342.9820,-357.6567,0.9998,-350.3186,0.5001,PHASE_4_FWD_BWD,0.60,9.08,645.6,287.5,166.02,0,0,,
4051,13:50:43.201,ROI,160,160,288,288,10.63,11.59,7.625,0.0,86.27,803.56,250.79,133.83,85.27,0.9311,12.7900,18.4300,0.0000,0.0000,0.8570,0,18.4300,-342.4553,-357.4565,1.2986,-350.9303,0.4350,PHASE_4_FWD_BWD,0.60,8.47,645.6,287.5,162.17,0,0,,
4052,13:50:43.312,ROI,160,160,288,288,10.14,11.00,0.0,0.0,90.95,796.29,252.39,132.01,85.99,0.8650,12.9100,18.7700,0.0000,0.0000,0.8201,0,18.7700,-341.9685,-356.9698,1.6659,-351.3426,0.3751,PHASE_4_FWD_BWD,0.60,8.06,645.6,287.5,154.72,0,0,,
4053,13:50:43.376,ROI,160,160,288,288,16.75,17.96,7.35,0.0,55.68,794.87,253.40,129.76,85.43,0.9559,13.8900,20.5700,0.0000,0.0000,0.8699,0,20.5700,-341.1274,-356.2300,1.9867,-351.1733,0.3348,PHASE_4_FWD_BWD,0.60,8.23,645.6,287.5,153.11,0,0,,
4054,13:50:43.424,ROI,160,160,288,288,10.48,11.47,12.95,0.0,87.15,790.11,254.51,130.27,86.45,0.9066,12.3200,20.3700,0.0000,0.0000,0.8058,0,20.3700,-340.4038,-355.3132,2.3179,-350.8196,0.3014,PHASE_4_FWD_BWD,0.60,8.58,645.6,287.5,148.23,0,0,,
4055,13:50:43.489,ROI,160,160,288,288,16.52,17.58,7.35,0.0,56.90,787.95,254.94,130.18,86.47,0.9580,12.8300,19.3700,0.0000,0.0000,0.8659,0,19.3700,-339.9960,-354.3308,2.6076,-350.3573,0.2772,PHASE_4_FWD_BWD,0.60,9.04,645.6,287.5,146.03,0,0,,
4056,13:50:43.552,ROI,160,160,288,288,12.61,13.86,8.65,0.0,72.17,782.59,255.62,130.09,88.31,0.9025,10.2000,20.8600,0.0000,0.0000,0.7214,0,20.8600,-339.4539,-353.3083,2.9008,-349.7566,0.2564,PHASE_4_FWD_BWD,0.60,9.64,645.6,287.5,140.65,0,0,,
4057,13:50:43.600,ROI,160,160,288,288,10.63,11.60,11.55,0.0,86.21,778.38,257.54,133.54,88.27,0.8994,11.1600,19.7700,0.0000,0.0000,0.7640,0,19.7700,-339.1354,-352.2213,3.1617,-349.0770,0.2403,PHASE_4_FWD_BWD,0.60,10.32,645.6,287.5,136.12,0,0,,
4058,13:50:43.728,ROI,160,160,288,288,12.11,12.99,3.35,0.0,76.96,770.19,260.01,133.63,87.25,0.8387,10.7500,22.0800,0.0000,0.0000,0.7120,0,22.0800,-338.4498,-351.0356,3.4670,-348.2181,0.2239,PHASE_4_FWD_BWD,0.60,11.18,645.6,287.5,127.59,0,0,,
4059,13:50:43.776,ROI,160,160,288,288,10.33,11.29,11.225,0.0,88.61,765.93,262.27,136.76,86.89,0.8928,10.8100,18.5200,0.0000,0.0000,0.8030,0,18.5200,-338.5991,-349.7425,3.7255,-347.3843,0.2116,PHASE_4_FWD_BWD,0.60,12.02,645.6,287.5,122.95,0,0,,
4060,13:50:43.841,ROI,160,160,288,288,22.75,23.97,7.225,0.0,41.72,761.72,261.80,139.36,88.79,0.9210,10.1400,18.4800,0.0000,0.0000,0.8263,0,18.4800,-338.6962,-348.4316,3.9702,-346.4729,0.2012,PHASE_4_FWD_BWD,0.60,12.93,645.6,287.5,118.93,0,0,,
4061,13:50:43.906,ROI,160,160,288,288,15.36,16.57,18.95,0.0,60.36,758.75,263.47,132.79,86.53,0.9176,11.1500,18.0200,0.0000,0.0000,0.8362,0,18.0200,-339.0698,-346.9973,4.1754,-345.4655,0.1932,PHASE_4_FWD_BWD,0.60,13.93,645.6,287.5,115.67,0,0,,
4062,13:50:43.954,ROI,160,160,288,288,13.15,14.43,0.0,0.0,69.30,757.10,264.39,131.98,88.09,0.9553,11.6600,16.2500,0.0000,0.0000,0.8637,0,16.2500,-340.0270,-345.4706,4.2548,-344.4347,0.1903,PHASE_4_FWD_BWD,0.60,14.97,645.6,287.5,113.87,0,0,,
4063,13:50:44.016,ROI,160,160,288,288,10.08,10.95,0.0,0.0,91.35,752.77,264.36,134.78,89.50,0.9227,11.8300,16.4300,0.0000,0.0000,0.8473,0,16.4300,-340.9399,-344.0362,4.3165,-343.4538,0.1881,PHASE_4_FWD_BWD,0.60,15.95,645.6,287.5,109.64,0,0,,
4064,13:50:44.080,ROI,160,160,288,288,10.82,11.80,7.425,0.0,84.77,749.03,265.44,133.79,90.59,0.9240,11.9500,18.0200,0.0000,0.0000,0.8703,0,18.0200,-341.3957,-341.8848,4.3614,-341.7935,0.1865,PHASE_4_FWD_BWD,0.60,17.61,645.6,287.5,105.76,0,0,,
4065,13:50:44.127,ROI,160,160,288,288,11.08,12.03,10.85,0.0,83.10,747.45,266.33,130.28,88.87,0.9546,14.4000,17.1900,0.0000,0.0000,0.9176,0,17.1900,-341.9715,-343.6647,4.3117,-343.3459,0.1883,PHASE_4_FWD_BWD,0.60,16.05,645.6,287.5,104.03,0,0,,
4066,13:50:44.256,ROI,160,160,288,288,9.79,10.80,6.725,0.0,92.63,737.89,267.85,129.83,85.55,0.8330,14.9700,18.8900,0.0000,0.0000,0.9032,0,18.8900,-342.0498,-343.6663,4.3651,-343.3650,0.1864,PHASE_4_FWD_BWD,0.60,16.04,645.6,287.5,94.36,0,0,,
4067,13:50:44.304,ROI,160,160,288,288,11.86,12.79,10.475,0.0,78.17,735.02,269.02,128.45,85.28,0.9313,16.2800,19.3700,0.0000,0.0000,0.9292,0,19.3700,-342.0203,-343.6589,4.3599,-343.3531,0.1866,PHASE_4_FWD_BWD,0.60,16.05,645.6,287.5,91.31,0,0,,
4068,13:50:44.368,ROI,160,160,288,288,11.42,12.28,7.65,0.0,81.42,732.70,269.63,127.82,88.60,0.9290,15.1300,18.8800,0.0000,0.0000,0.9200,0,18.8800,-342.0887,-343.6294,4.3152,-343.3396,0.1881,PHASE_4_FWD_BWD,0.60,16.06,645.6,287.5,88.91,0,0,,
4069,13:50:44.432,ROI,160,160,256,256,11.06,12.01,0.0,0.0,83.29,727.30,270.50,129.95,87.60,0.9023,12.6200,14.0100,0.0000,0.0000,0.9110,0,14.0100,-343.1430,-343.6979,4.2818,-343.5928,0.1893,PHASE_4_FWD_BWD,0.60,15.81,645.6,287.5,83.45,0,0,,
4070,13:50:44.480,ROI,160,160,288,288,10.64,11.57,21.825,0.0,86.43,725.65,271.26,126.83,87.17,0.9581,15.5000,17.8600,0.0000,0.0000,0.9458,0,17.8600,-343.2940,-343.8289,4.2631,-343.7273,0.1900,PHASE_4_FWD_BWD,0.60,15.67,645.6,287.5,81.68,0,0,,
4071,13:50:44.544,ROI,160,160,256,256,9.72,10.76,7.45,0.0,92.97,719.24,272.15,127.06,84.94,0.8818,13.2700,13.5500,0.0000,0.0000,0.8898,0,13.5500,-344.1112,-344.0066,4.2384,-344.0265,0.1909,PHASE_4_FWD_BWD,0.60,15.37,645.6,287.5,75.22,0,0,,
4072,13:50:44.591,ROI,160,160,256,256,10.44,11.62,10.65,0.0,86.04,716.55,273.41,126.03,85.26,0.9311,12.3000,11.0800,0.0000,0.0000,0.8529,0,11.0800,-345.3330,-344.2332,4.1997,-344.4447,0.1923,PHASE_4_FWD_BWD,0.60,14.96,645.6,287.5,72.34,0,0,,
4073,13:50:44.720,ROI,160,160,256,256,9.46,10.42,6.675,0.0,96.01,709.90,274.98,129.82,87.36,0.8701,14.2000,15.5900,0.0000,0.0000,0.8590,0,15.5900,-345.5798,-344.5176,4.1673,-344.7231,0.1935,PHASE_4_FWD_BWD,0.60,14.68,645.6,287.5,65.51,0,0,,
4074,13:50:44.768,ROI,160,160,288,288,10.18,11.11,10.425,0.0,89.97,707.16,276.38,132.05,89.86,0.9297,15.8500,15.4800,0.0000,0.0000,0.9282,0,15.4800,-345.6173,-344.8729,4.1264,-345.0181,0.1951,PHASE_4_FWD_BWD,0.60,14.38,645.6,287.5,62.56,0,0,,
4075,13:50:44.832,ROI,160,160,288,288,10.11,11.05,0.0,0.0,90.49,703.17,277.15,133.43,90.56,0.9259,15.3000,14.4400,0.0000,0.0000,0.8988,0,14.4400,-345.8944,-345.2399,4.0846,-345.3686,0.1967,PHASE_4_FWD_BWD,0.60,14.03,645.6,287.5,58.49,0,0,,
4076,13:50:44.896,ROI,160,160,288,288,13.93,15.11,7.375,0.0,66.17,699.36,276.48,133.81,89.42,0.9310,14.8900,12.9200,0.0000,0.0000,0.9166,0,12.9200,-346.1324,-345.6515,4.1120,-345.7456,0.1956,PHASE_4_FWD_BWD,0.60,13.65,645.6,287.5,54.88,0,0,,
4077,13:50:44.945,ROI,160,160,288,288,18.31,19.56,11.525,0.0,51.12,693.47,277.55,132.30,87.98,0.8942,14.8400,13.9600,0.0000,0.0000,0.8982,0,13.9600,-346.3924,-346.0113,4.1858,-346.0848,0.1928,PHASE_4_FWD_BWD,0.60,13.32,645.6,287.5,48.90,0,0,,
4078,13:50:45.008,ROI,160,160,288,288,15.60,16.89,17.925,0.0,59.22,691.45,277.41,131.09,88.70,0.9620,15.0300,14.3300,0.0000,0.0000,0.9318,0,14.3300,-346.5011,-346.4831,4.2193,-346.4866,0.1916,PHASE_4_FWD_BWD,0.60,12.91,645.6,287.5,46.95,0,0,,
4079,13:50:45.073,ROI,160,160,288,288,19.81,21.12,8.15,0.0,47.34,685.31,278.58,127.03,87.01,0.8861,16.0200,17.7900,0.0000,0.0000,0.9037,0,17.7900,-345.8799,-346.9840,4.2781,-346.7748,0.1895,PHASE_4_FWD_BWD,0.60,12.63,645.6,287.5,40.70,0,0,,
4080,13:50:45.120,ROI,160,160,256,256,14.67,15.98,30.675,0.0,62.57,683.77,279.76,129.62,84.67,0.9504,14.1400,14.2900,0.0000,0.0000,0.8699,0,14.2900,-346.1678,-347.3783,4.2486,-347.1477,0.1905,PHASE_4_FWD_BWD,0.60,12.25,645.6,287.5,38.94,0,0,,
4081,13:50:45.232,ROI,160,160,288,288,10.70,11.71,0.0,0.0,85.43,675.49,281.03,131.72,87.64,0.8526,14.2300,16.2000,0.0000,0.0000,0.8667,0,16.2000,-346.0103,-347.7717,4.2939,-347.4390,0.1889,PHASE_4_FWD_BWD,0.60,11.96,645.6,287.5,30.59,0,0,,
4082,13:50:45.296,ROI,160,160,288,288,11.11,12.12,0.0,0.0,82.52,672.80,282.66,129.82,86.49,0.9252,13.1200,14.0800,0.0000,0.0000,0.8670,0,14.0800,-346.1060,-348.1030,4.3044,-347.7265,0.1885,PHASE_4_FWD_BWD,0.60,11.67,645.6,287.5,27.63,0,0,,
4083,13:50:45.360,ROI,160,160,288,288,10.75,11.71,7.575,0.0,85.36,669.23,282.92,128.45,86.26,0.9405,12.0900,13.2300,0.0000,0.0000,0.8618,0,13.2300,-346.3988,-348.3552,4.2497,-347.9825,0.1905,PHASE_4_FWD_BWD,0.60,11.42,645.6,287.5,24.07,0,0,,
4084,13:50:45.408,ROI,160,160,288,288,10.98,11.82,10.625,0.0,84.57,667.58,283.31,129.31,85.28,0.9639,12.7100,13.3800,0.0000,0.0000,0.8896,0,13.3800,-346.4026,-348.5862,4.2495,-348.1702,0.1905,PHASE_4_FWD_BWD,0.60,11.23,645.6,287.5,22.37,0,0,,
4085,13:50:45.472,ROI,160,160,288,288,12.85,13.98,7.5,0.0,71.53,663.67,283.63,133.36,86.56,0.9285,14.1600,14.6800,0.0000,0.0000,0.8951,0,14.6800,-345.9902,-348.7934,4.2287,-348.2573,0.1913,PHASE_4_FWD_BWD,0.60,11.14,645.6,287.5,18.48,0,0,,
4086,13:50:45.536,ROI,160,160,288,288,10.50,11.51,7.775,0.0,86.91,663.13,284.96,132.53,87.23,0.9620,13.9300,12.5100,0.0000,0.0000,0.8964,0,12.5100,-345.9942,-348.9000,4.1186,-348.3323,0.1954,PHASE_4_FWD_BWD,0.60,11.07,645.6,287.5,17.71,0,0,,
4087,13:50:45.585,ROI,160,160,288,288,11.37,12.40,10.575,0.0,80.66,658.82,284.70,135.79,87.23,0.9325,11.5200,13.0600,0.0000,0.0000,0.8257,0,13.0600,-346.3150,-349.0122,4.0417,-348.4772,0.1983,PHASE_4_FWD_BWD,0.60,10.92,645.6,287.5,13.52,0,0,,
4088,13:50:45.713,ROI,160,160,288,288,11.09,12.10,3.4,0.0,82.65,655.35,284.50,134.19,87.77,0.9442,13.3300,13.7300,0.0000,0.0000,0.8985,0,13.7300,-346.0542,-349.1567,3.9142,-348.5254,0.2035,PHASE_4_FWD_BWD,0.60,10.87,645.6,287.5,10.20,0,0,,
4089,13:50:45.761,ROI,160,160,288,288,10.94,11.79,10.875,0.0,84.79,654.60,284.95,130.55,86.63,0.9603,12.9400,10.5200,0.0000,0.0000,0.8934,0,10.5200,-346.8568,-349.3418,3.7803,-348.8220,0.2092,PHASE_4_FWD_BWD,0.60,10.58,645.6,287.5,9.36,0,0,,
4090,13:50:45.824,ROI,160,160,288,288,12.00,13.01,7.55,0.0,76.87,652.96,285.13,133.67,88.33,0.9567,14.2200,13.0100,0.0000,0.0000,0.8953,0,13.0100,-347.3711,-349.5235,3.5959,-349.0551,0.2176,PHASE_4_FWD_BWD,0.60,10.34,645.6,287.5,7.73,0,0,,
4091,13:50:45.888,ROI,160,160,288,288,10.18,10.98,7.725,0.0,91.05,655.02,285.85,136.39,86.53,0.9506,16.6500,0.1700,0.0000,0.0000,0.8563,0,0.1700,-350.0461,-349.6240,3.3785,-349.7204,0.2284,PHASE_4_FWD_BWD,0.60,9.68,645.6,287.5,9.57,0,0,,
4092,13:50:45.936,ROI,160,160,288,288,15.14,16.40,0.0,0.0,60.98,650.82,285.99,135.99,88.38,0.9210,12.8300,7.4300,0.0000,0.0000,0.8795,0,7.4300,-350.9770,-349.6309,3.1763,-349.9532,0.2394,PHASE_4_FWD_BWD,0.60,9.45,645.6,287.5,5.44,0,0,,
4093,13:50:46.000,ROI,160,160,288,288,11.46,12.33,0.0,0.0,81.12,651.96,285.88,133.83,86.53,0.9627,15.4700,0.3500,0.0000,0.0000,0.8305,0,0.3500,-353.3312,-349.5120,2.9163,-350.4872,0.2553,PHASE_4_FWD_BWD,0.60,8.91,645.6,287.5,6.56,0,0,,
4094,13:50:46.111,ROI,160,160,288,288,9.28,10.20,7.875,0.0,98.09,649.88,285.63,132.03,87.59,0.9577,11.9800,10.5000,0.0000,0.0000,0.8621,0,10.5000,-353.5297,-349.4512,2.6545,-350.5672,0.2736,COMPLETED,0.60,8.83,645.6,287.5,4.67,0,0,,
4095,13:50:46.175,ROI,160,160,288,288,15.89,17.05,7.25,0.0,58.65,651.52,285.70,134.96,87.59,0.9742,16.2400,0.4000,0.0000,0.0000,0.8147,0,0.4000,-355.6374,-349.4025,2.3784,-351.2480,0.2960,POST_PH4_SPIN,0.60,8.15,645.6,287.5,0.00,0,0,0.071,
4096,13:50:46.225,ROI,160,160,288,288,15.51,16.72,0.0,0.0,59.82,649.36,285.67,131.72,87.14,0.9632,12.0500,10.0300,0.0000,0.0000,0.8658,0,10.0300,-355.4951,-349.5280,2.0898,-351.4592,0.3236,POST_PH4_SPIN,0.60,7.94,645.6,287.5,0.00,0,0,0.120,
4097,13:50:46.288,ROI,160,160,288,288,19.05,20.28,8.45,0.0,49.30,651.47,285.77,134.93,87.23,0.9666,17.1200,-0.3200,0.0000,0.0000,0.8254,0,-0.3200,-357.0113,-349.7942,1.7995,-352.3722,0.3572,POST_PH4_SPIN,0.60,7.03,645.6,287.5,0.00,0,0,0.187,
4098,13:50:46.352,ROI,160,160,288,288,14.38,15.49,17.75,0.0,64.55,649.36,285.90,131.62,87.03,0.9661,12.1800,9.9800,0.0000,0.0000,0.8710,0,9.9800,-356.4905,-350.1265,1.5085,-352.6634,0.3986,POST_PH4_SPIN,0.60,6.74,645.6,287.5,0.00,0,0,0.246,
4099,13:50:46.400,ROI,160,160,288,288,10.62,11.47,12.025,0.0,87.16,651.83,285.81,135.79,87.14,0.9618,17.5400,-1.0400,0.0000,0.0000,0.8267,0,-1.0400,-357.9374,-350.5726,1.2668,-353.8216,0.4412,POST_PH4_SPIN,0.60,5.58,645.6,287.5,0.00,0,0,0.290,
4100,13:50:46.528,ROI,160,160,288,288,12.09,13.11,6.725,0.0,76.25,649.04,285.97,130.68,86.94,0.9555,11.8100,9.1600,0.0000,0.0000,0.8726,0,9.1600,-357.2296,-350.9618,1.0809,-353.9738,0.4805,POST_PH4_SPIN,0.60,5.43,645.6,287.5,0.00,0,0,0.419,
4101,13:50:46.577,ROI,160,160,288,288,11.09,11.97,11.025,0.0,83.57,651.77,285.65,135.90,87.14,0.9528,17.6200,-1.6500,0.0000,0.0000,0.8300,0,-1.6500,-358.7426,-351.3419,0.8675,-355.3049,0.5355,POST_PH4_SPIN,0.60,4.10,645.6,287.5,0.00,0,0,0.467,
4102,13:50:46.639,ROI,160,160,288,288,10.36,11.21,0.0,0.0,89.22,648.68,285.99,130.91,86.90,0.9473,11.4800,8.7400,0.0000,0.0000,0.8613,0,8.7400,-357.8513,-351.7319,0.7052,-355.3205,0.5864,POST_PH4_SPIN,0.60,4.08,645.6,287.5,0.00,0,0,0.529,
4103,13:50:46.705,ROI,160,160,288,288,11.56,12.40,7.15,0.0,80.62,650.23,285.61,133.76,86.72,0.9684,16.0900,0.9400,0.0000,0.0000,0.8482,0,0.9400,-358.3306,-352.3165,0.5526,-356.1901,0.6441,POST_PH4_SPIN,0.60,3.21,645.6,287.5,0.00,0,0,0.596,
4104,13:50:46.751,ROI,160,160,288,288,12.23,13.25,11.6,0.0,75.45,649.78,285.59,131.76,86.58,0.9834,10.9500,4.3600,0.0000,0.0000,0.8194,0,4.3600,-358.1099,-352.5609,0.3935,-356.5430,0.7176,POST_PH4_SPIN,0.60,2.86,645.6,287.5,0.00,0,0,0.643,
4105,13:50:46.818,ROI,160,160,288,288,15.95,17.18,7.275,0.0,58.19,652.37,285.72,136.66,87.30,0.9543,17.0800,-0.8600,0.0000,0.0000,0.8340,0,-0.8600,-358.7536,-352.4988,0.2455,-357.5209,0.8029,POST_PH4_SPIN,0.60,1.88,645.6,287.5,0.00,0,0,0.714,
4106,13:50:46.880,ROI,160,160,288,288,11.16,12.02,8.85,0.0,83.22,648.80,285.92,134.60,87.86,0.9429,12.8100,6.9900,0.0000,0.0000,0.8431,0,6.9900,-357.4719,-353.0961,0.2133,-356.7025,0.8242,POST_PH4_SPIN,0.60,2.70,645.6,287.5,0.00,0,0,0.770,
4107,13:50:46.928,ROI,160,160,288,288,10.81,11.81,10.725,0.0,84.69,649.94,285.61,132.79,86.31,0.9657,16.4400,-0.6600,0.0000,0.0000,0.8443,0,-0.6600,-357.9944,-354.4650,0.1632,-357.4992,0.8597,POST_PH4_SPIN,0.60,1.90,645.6,287.5,0.00,0,0,0.818,
4108,13:50:47.042,ROI,160,160,288,288,11.67,12.51,0.0,0.0,79.92,652.17,285.81,135.70,87.23,0.9573,16.2700,-0.2300,0.0000,0.0000,0.8357,0,-0.2300,-357.9561,-356.7619,0.0978,-357.8497,0.9109,POST_PH4_SPIN,0.60,1.55,645.6,287.5,0.00,0,0,0.932,
4109,13:50:47.103,ROI,160,160,288,288,10.01,10.99,0.0,0.0,91.02,649.05,285.99,133.83,87.68,0.9500,13.5600,5.9300,0.0000,0.0000,0.8483,0,5.9300,-357.8514,-358.3442,0.0448,-357.8725,0.9571,POST_PH4_SPIN,0.60,1.53,645.6,287.5,0.00,0,0,0.992,
4110,13:50:47.169,ROI,160,160,288,288,12.04,12.90,7.1,0.0,77.51,652.20,285.81,135.83,86.94,0.9465,16.2200,-0.5600,0.0000,0.0000,0.8349,0,-0.5600,-358.3694,-353.9362,0.0073,-358.3372,0.9927,POST_PH4_SPIN,0.60,1.06,645.6,287.5,0.00,0,0,1.060,
4111,13:50:47.217,ROI,160,160,288,288,10.69,11.53,11.325,0.0,86.74,649.01,285.86,133.90,87.59,0.9469,13.5900,6.0300,0.0000,0.0000,0.8573,0,6.0300,-358.1851,-344.0813,0.0083,-358.0687,0.9918,POST_PH4_SPIN,0.60,1.33,645.6,287.5,0.00,0,0,1.106,
4112,13:50:47.282,ROI,160,160,288,288,15.37,16.38,7.275,0.0,61.05,651.99,285.61,135.63,87.01,0.9507,16.8000,-1.4200,0.0000,0.0000,0.8433,0,-1.4200,-358.4975,-346.9453,0.0145,-358.3326,0.9857,POST_PH4_SPIN,0.60,1.07,645.6,287.5,0.00,0,0,1.176,
4113,13:50:47.346,ROI,160,160,288,288,11.33,12.19,0.0,0.0,82.05,648.25,286.13,133.15,87.16,0.9349,15.1100,1.9100,0.0000,0.0000,0.8164,0,1.9100,-359.0414,-337.8581,0.0071,-358.8927,0.9930,POST_PH4_SPIN,0.60,0.51,645.6,287.5,0.00,0,0,1.236,
4114,13:50:47.392,ROI,160,160,288,288,17.71,18.99,11.275,0.0,52.66,649.66,285.51,129.80,86.27,0.9611,17.8000,-0.1300,0.0000,0.0000,0.9097,0,-0.1300,-358.9594,-341.2669,0.0337,-358.3821,0.9674,POST_PH4_SPIN,0.60,1.02,645.6,287.5,0.00,0,0,1.289,
4115,13:50:47.521,ROI,160,160,288,288,17.66,19.44,3.575,0.0,51.43,650.96,285.86,133.85,86.45,0.9620,16.1000,-1.0700,0.0000,0.0000,0.8443,0,-1.0700,-360.0415,-329.4475,0.0013,-360.0031,0.9987,POST_PH4_SPIN,0.60,-0.60,645.6,287.5,0.00,0,0,1.418,
4116,13:50:47.570,ROI,160,160,288,288,11.76,12.67,13.325,0.0,78.92,648.81,285.95,131.09,86.15,0.9647,15.3100,-0.6100,0.0000,0.0000,0.8361,0,-0.6100,-359.8718,-332.1601,0.0436,-358.7152,0.9583,POST_PH4_SPIN,0.60,0.68,645.6,287.5,0.00,0,0,1.460,
4117,13:50:47.633,ROI,160,160,288,288,11.42,12.36,7.7,0.0,80.88,648.86,285.97,130.30,85.90,0.9911,16.1800,1.1200,0.0000,0.0000,0.8745,0,1.1200,-360.3867,-333.7187,0.0375,-359.4230,0.9639,POST_PH4_SPIN,0.60,-0.02,645.6,287.5,0.00,0,0,1.524,
4118,13:50:47.681,ROI,160,160,288,288,13.14,14.38,11.075,0.0,69.56,648.52,286.03,129.44,85.72,0.9913,15.9500,1.1800,0.0000,0.0000,0.8712,0,1.1800,-359.7939,-335.5494,0.0860,-357.8737,0.9208,POST_PH4_SPIN,0.60,1.53,645.6,287.5,0.00,0,0,1.573,
4119,13:50:47.746,ROI,160,160,288,288,10.31,11.15,7.75,0.0,89.69,649.40,285.80,130.66,86.87,0.9735,17.4600,-0.3500,0.0000,0.0000,0.9114,0,-0.3500,-360.5754,-337.4025,0.0636,-359.1890,0.9402,POST_PH4_SPIN,0.60,0.21,645.6,287.5,0.00,0,0,1.635,
4120,13:50:47.809,ROI,160,160,288,288,10.40,11.26,7.4,0.0,88.80,651.45,285.83,135.14,86.56,0.9635,17.2500,-2.8900,0.0000,0.0000,0.8454,0,-2.8900,-360.7451,-338.6076,0.0621,-359.4503,0.9415,POST_PH4_SPIN,0.60,-0.05,645.6,287.5,0.00,0,0,1.699,
4121,13:50:47.856,ROI,160,160,288,288,11.24,12.12,11.225,0.0,82.51,647.87,286.26,131.18,87.64,0.9364,16.2500,-0.1300,0.0000,0.0000,0.8134,0,-0.1300,-361.0125,-340.5135,0.0980,-359.1821,0.9107,POST_PH4_SPIN,0.60,0.22,645.6,287.5,0.00,0,0,1.746,
4122,13:50:47.985,ROI,160,160,288,288,10.28,11.11,3.325,0.0,90.00,647.94,285.37,130.16,88.56,0.9724,20.3600,-3.7000,0.0000,0.0000,0.9077,0,-3.7000,-361.6119,-344.1039,0.1351,-359.5279,0.8810,POST_PH4_SPIN,0.60,-0.13,645.6,287.5,0.00,0,0,1.874,
4123,13:50:48.031,ROI,160,160,288,288,10.80,11.84,11.175,0.0,84.46,647.68,285.47,128.81,87.05,0.9727,18.3300,-0.7300,0.0000,0.0000,0.8797,0,-0.7300,-362.0419,-348.2447,0.1237,-360.5232,0.8899,POST_PH4_SPIN,0.60,-1.12,645.6,287.5,0.00,0,0,1.921,
4124,13:50:48.096,ROI,160,160,288,288,10.43,11.27,7.35,0.0,88.73,647.74,285.58,129.28,86.99,0.9939,18.5700,-1.9600,0.0000,0.0000,0.8776,0,-1.9600,-361.8538,-352.5937,0.1717,-360.4969,0.8535,POST_PH4_SPIN,0.60,-1.10,645.6,287.5,0.00,0,0,1.985,
4125,13:50:48.160,ROI,160,160,288,288,13.52,14.64,7.425,0.0,68.29,647.50,285.63,129.33,86.92,0.9952,18.5100,-1.7700,0.0000,0.0000,0.8763,0,-1.7700,-362.3198,-357.5797,0.1994,-361.5318,0.8338,POST_PH4_SPIN,0.60,-2.13,645.6,287.5,0.00,0,0,2.053,
4126,13:50:48.209,ROI,160,160,288,288,10.20,11.07,11.25,0.0,90.38,647.41,285.67,129.40,86.92,0.9978,18.6900,-1.9800,0.0000,0.0000,0.8764,0,-1.9800,-362.7615,-363.2815,0.1799,-362.8408,0.8475,POST_PH4_SPIN,0.60,-3.44,645.6,287.5,0.00,0,0,2.099,
4127,13:50:48.275,ROI,160,160,288,288,14.19,15.49,7.125,0.0,64.56,647.22,285.86,129.40,86.78,0.9924,18.6600,-2.0400,0.0000,0.0000,0.8734,0,-2.0400,-362.5003,-368.2633,0.2146,-363.5185,0.8233,POST_PH4_SPIN,0.60,-4.12,645.6,287.5,0.00,0,0,2.169,
4128,13:50:48.320,ROI,160,160,288,288,10.81,11.70,13.45,0.0,85.46,647.07,285.86,129.20,86.76,0.9976,18.5000,-1.8400,0.0000,0.0000,0.8777,0,-1.8400,-362.7795,-370.0784,0.1865,-363.9269,0.8428,POST_PH4_SPIN,0.60,-4.53,645.6,287.5,0.00,0,0,2.210,
4129,13:50:48.448,ROI,160,160,288,288,9.90,10.94,3.35,0.0,91.37,646.77,285.83,129.19,86.94,0.9932,17.6800,-0.6100,0.0000,0.0000,0.8736,0,-0.6100,-362.0522,-368.0956,0.2158,-363.1248,0.8225,POST_PH4_SPIN,0.60,-3.72,645.6,287.5,0.00,0,0,2.337,
4130,13:50:48.496,ROI,160,160,288,288,10.00,10.98,10.6,0.0,91.08,646.95,285.76,128.27,85.86,0.9806,19.6600,-3.6400,0.0000,0.0000,0.9026,0,-3.6400,-362.6564,-371.9498,0.1791,-364.0680,0.8481,POST_PH4_SPIN,0.60,-4.67,645.6,287.5,0.00,0,0,2.385,
4131,13:50:48.560,ROI,160,160,288,288,11.75,12.94,7.35,0.0,77.27,646.99,285.67,128.29,85.75,0.9973,19.9900,-4.4500,0.0000,0.0000,0.9029,0,-4.4500,-363.0175,-369.1061,0.2043,-364.0502,0.8304,POST_PH4_SPIN,0.60,-4.65,645.6,287.5,0.00,0,0,2.451,
4132,13:50:48.624,ROI,160,160,288,288,18.03,19.41,7.525,0.0,51.51,646.90,285.61,128.48,85.79,0.9972,19.7800,-3.3900,0.0000,0.0000,0.9062,0,-3.3900,-363.2767,-372.0859,0.2015,-364.7538,0.8323,POST_PH4_SPIN,0.60,-5.35,645.6,287.5,0.00,0,0,2.522,
4133,13:50:48.672,ROI,160,160,288,288,18.95,20.23,28.125,0.0,49.43,647.01,285.63,128.52,85.64,0.9966,19.9200,-3.3800,0.0000,0.0000,0.9057,0,-3.3800,-363.5811,-367.1325,0.1652,-364.0847,0.8582,POST_PH4_SPIN,0.60,-4.68,645.6,287.5,0.00,0,0,2.570,
4134,13:50:48.737,ROI,160,160,288,288,18.13,19.43,17.5,0.0,51.47,646.64,285.52,128.68,86.74,0.9817,16.6100,1.5900,0.0000,0.0000,0.8709,0,1.5900,-362.7765,-368.1382,0.1693,-363.5528,0.8552,POST_PH4_SPIN,0.60,-4.15,645.6,287.5,0.00,0,0,2.634,
4135,13:50:48.800,ROI,160,160,288,288,10.46,11.32,17.925,0.0,88.36,647.04,285.61,128.52,85.57,0.9804,19.5200,-3.1200,0.0000,0.0000,0.9041,0,-3.1200,-362.7825,-368.2351,0.1605,-363.5368,0.8617,POST_PH4_SPIN,0.60,-4.14,645.6,287.5,0.00,0,0,2.689,
4136,13:50:48.912,ROI,160,160,288,288,10.48,11.41,3.875,0.0,87.64,646.84,285.20,128.68,86.63,0.9846,17.1700,1.4500,0.0000,0.0000,0.8767,0,1.4500,-361.7719,-368.4377,0.1589,-362.6858,0.8629,POST_PH4_SPIN,0.60,-3.29,645.6,287.5,0.00,0,0,2.801,
4137,13:50:48.959,ROI,160,160,288,288,10.58,11.44,10.725,0.0,87.41,647.33,285.65,129.20,85.57,0.9803,20.5200,-3.7100,0.0000,0.0000,0.9023,0,-3.7100,-361.9923,-368.4970,0.1274,-362.7274,0.8870,POST_PH4_SPIN,0.60,-3.33,645.6,287.5,0.00,0,0,2.849,
4138,13:50:49.024,ROI,160,160,288,288,10.71,11.56,7.3,0.0,86.47,647.05,285.05,128.95,86.81,0.9815,18.0200,0.2800,0.0000,0.0000,0.8777,0,0.2800,-361.6192,-371.1023,0.0602,-362.1578,0.9432,POST_PH4_SPIN,0.60,-2.76,645.6,287.5,0.00,0,0,2.914,
4139,13:50:49.088,ROI,160,160,288,288,11.90,12.92,7.475,0.0,77.42,647.16,284.98,129.02,86.69,0.9967,18.3400,-0.2300,0.0000,0.0000,0.8845,0,-0.2300,-361.0995,-374.1617,0.0491,-361.7105,0.9532,POST_PH4_SPIN,0.60,-2.31,645.6,287.5,0.00,0,0,2.979,
4140,13:50:49.136,ROI,160,160,288,288,16.55,17.91,0.0,0.0,55.83,647.49,285.37,129.22,86.72,0.9862,17.8400,-2.8800,0.0000,0.0000,0.8418,0,-2.8800,-361.5171,-382.4244,0.0374,-362.2700,0.9640,POST_PH4_SPIN,0.60,-2.87,645.6,287.5,0.00,0,0,3.032,
4141,13:50:49.200,ROI,160,160,288,288,10.41,11.26,8.475,0.0,88.85,647.16,285.07,129.65,86.81,0.9883,17.9100,-1.0800,0.0000,0.0000,0.8834,0,-1.0800,-361.2507,-394.4184,0.0412,-362.5620,0.9605,POST_PH4_SPIN,0.60,-3.16,645.6,287.5,0.00,0,0,3.089,
4142,13:50:49.312,ROI,160,160,288,288,9.90,10.97,3.875,0.0,91.17,646.96,285.02,129.49,86.56,0.9941,17.9900,-1.4100,0.0000,0.0000,0.8848,0,-1.4100,-361.1823,-408.0396,0.0473,-363.2972,0.9549,POST_PH4_SPIN,0.60,-3.90,645.6,287.5,0.00,0,0,3.201,
4143,13:50:49.376,ROI,160,160,288,288,11.35,12.21,7.3,0.0,81.92,647.71,285.83,131.49,85.63,0.9667,19.6200,-3.1800,0.0000,0.0000,0.8975,0,-3.1800,-361.4648,-388.9311,0.0416,-362.5627,0.9600,POST_PH4_SPIN,0.60,-3.16,645.6,287.5,0.00,0,0,3.266,
4144,13:50:49.440,ROI,160,160,288,288,10.58,11.57,7.525,0.0,86.43,646.89,285.07,129.65,86.44,0.9690,17.6200,-1.3800,0.0000,0.0000,0.8747,0,-1.3800,-361.3774,-371.4302,0.0469,-361.8282,0.9552,POST_PH4_SPIN,0.60,-2.43,645.6,287.5,0.00,0,0,3.330,
4145,13:50:49.488,ROI,160,160,288,288,10.09,10.98,10.825,0.0,91.06,647.22,285.85,130.68,85.39,0.9745,19.2100,-2.1100,0.0000,0.0000,0.8939,0,-2.1100,-361.4567,-358.3200,0.0377,-361.3428,0.9637,POST_PH4_SPIN,0.60,-1.94,645.6,287.5,0.00,0,0,3.377,
4146,13:50:49.552,ROI,160,160,288,288,10.25,11.21,7.375,0.0,89.18,646.96,285.29,129.78,86.58,0.9796,17.7100,-1.8400,0.0000,0.0000,0.8747,0,-1.8400,-361.4572,-346.6364,0.0333,-360.9798,0.9678,POST_PH4_SPIN,0.60,-1.58,645.6,287.5,0.00,0,0,3.441,
4147,13:50:49.599,ROI,160,160,288,288,13.64,14.73,0.0,0.0,67.88,647.12,285.65,130.25,85.45,0.9834,19.0500,-1.9100,0.0000,0.0000,0.8888,0,-1.9100,-361.3354,-337.7202,0.0221,-360.8252,0.9784,POST_PH4_SPIN,0.60,-1.43,645.6,287.5,0.00,0,0,3.492,
4148,13:50:49.729,ROI,160,160,288,288,12.98,14.05,3.4,0.0,71.18,647.99,285.34,131.54,87.17,0.9672,17.7100,-1.5800,0.0000,0.0000,0.8743,0,-1.5800,-361.4599,-334.3009,0.0320,-360.6186,0.9690,POST_PH4_RE_RFB,0.60,-1.22,645.6,287.5,0.00,0,0,,0.129
4149,13:50:49.776,ROI,160,160,288,288,19.35,20.57,23.4,0.0,48.63,648.19,285.45,131.83,87.12,0.9945,17.3800,-1.3600,0.0000,0.0000,0.8702,0,-1.3600,-361.6655,-333.6002,0.0463,-360.4246,0.9558,POST_PH4_RE_RFB,0.60,-1.02,645.6,287.5,0.00,0,0,,0.183
4150,13:50:49.840,ROI,160,160,288,288,17.34,18.66,0.0,0.0,53.60,651.64,285.31,137.54,87.53,0.9456,17.9700,-2.2200,0.0000,0.0000,0.8855,0,-2.2200,-361.9836,-334.0798,0.1179,-359.0404,0.8945,POST_PH4_RE_RFB,0.60,0.36,645.6,287.5,0.00,0,0,,0.244
4151,13:50:49.906,ROI,160,160,288,288,18.84,20.03,8.325,0.0,49.92,649.94,286.42,136.80,88.09,0.9514,20.2700,-6.9900,0.0000,0.0000,0.8760,0,-6.9900,-363.2974,-336.5791,0.1538,-359.7352,0.8667,POST_PH4_RE_RFB,0.60,-0.34,645.6,287.5,0.00,0,0,,0.311
4152,13:50:49.952,ROI,160,160,288,288,16.39,17.63,0.0,0.0,56.73,648.86,286.02,130.93,86.94,0.9446,19.3900,-5.9800,0.0000,0.0000,0.8719,0,-5.9800,-363.7889,-339.9175,0.1581,-360.5300,0.8635,POST_PH4_RE_RFB,0.60,-1.13,645.6,287.5,0.00,0,0,,0.356
4153,13:50:50.016,ROI,160,160,288,288,11.78,13.00,0.0,0.0,76.93,648.81,285.44,130.25,87.43,0.9818,17.9000,-0.9400,0.0000,0.0000,0.8931,0,-0.9400,-363.6394,-343.2113,0.1633,-360.7723,0.8597,POST_PH4_RE_RFB,0.60,-1.37,645.6,287.5,0.00,0,0,,0.415
4154,13:50:50.081,ROI,160,160,288,288,10.58,11.56,7.55,0.0,86.51,652.75,285.47,137.68,86.56,0.9340,17.2800,-2.3100,0.0000,0.0000,0.8727,0,-2.3100,-363.3007,-345.5023,0.2275,-360.0025,0.8147,POST_PH4_RE_RFB,0.60,-0.60,645.6,287.5,0.00,0,0,,0.478
4155,13:50:50.128,ROI,160,160,288,288,10.70,11.70,10.95,0.0,85.45,651.96,286.69,133.85,87.62,0.9457,20.0500,-5.6900,0.0000,0.0000,0.8789,0,-5.6900,-364.1612,-348.5841,0.2809,-360.7450,0.7807,POST_PH4_RE_RFB,0.60,-1.34,645.6,287.5,0.00,0,0,,0.525
4156,13:50:50.240,ROI,160,160,288,288,10.54,11.47,0.0,0.0,87.17,652.57,286.32,132.82,88.56,0.9806,18.2400,-1.0200,0.0000,0.0000,0.8947,0,-1.0200,-363.5878,-353.1663,0.3263,-361.0237,0.7540,POST_PH4_RE_RFB,0.60,-1.62,645.6,287.5,0.00,0,0,,0.637
4157,13:50:50.304,ROI,160,160,288,288,10.22,11.05,0.0,0.0,90.49,655.24,285.48,134.33,89.15,0.9429,20.3600,-1.4200,0.0000,0.0000,0.9192,0,-1.4200,-363.1302,-357.5389,0.4062,-361.5152,0.7112,POST_PH4_RE_RFB,0.60,-2.12,645.6,287.5,0.00,0,0,,0.701
4158,13:50:50.368,ROI,160,160,288,288,11.02,12.04,7.35,0.0,83.05,658.98,285.76,136.80,88.96,0.9406,19.1500,-2.3200,0.0000,0.0000,0.8908,0,-2.3200,-363.1303,-364.5076,0.5434,-363.6152,0.6479,POST_PH4_RE_RFB,0.60,-4.22,645.6,287.5,0.00,0,0,,0.766
4159,13:50:50.416,ROI,160,160,288,288,10.82,11.69,10.95,0.0,85.53,661.20,286.96,135.00,87.12,0.9419,18.3800,-2.8800,0.0000,0.0000,0.8902,0,-2.8800,-363.0549,-374.5594,0.6911,-367.7565,0.5913,POST_PH4_RE_RFB,0.60,-8.36,645.6,287.5,0.00,0,0,,0.813
4160,13:50:50.481,ROI,160,160,288,288,13.25,14.25,7.35,0.0,70.16,661.58,286.40,133.27,89.68,0.9594,13.6600,4.3700,0.0000,0.0000,0.8893,0,4.3700,-361.5006,-387.1172,0.8114,-372.9754,0.5521,POST_PH4_RE_RFB,0.60,-13.58,645.6,287.5,0.00,0,0,,0.880
4161,13:50:50.544,ROI,160,160,288,288,10.50,11.41,0.0,0.0,87.63,664.13,286.16,131.65,88.58,0.9505,15.5800,2.2000,0.0000,0.0000,0.8996,0,2.2000,-360.6885,-383.9683,0.9617,-372.1010,0.5098,POST_PH4_RE_RFB,0.60,-12.70,645.6,287.5,0.00,0,0,,0.941
4162,13:50:50.592,ROI,160,160,288,288,10.61,11.45,10.725,0.0,87.36,665.78,286.40,128.95,85.14,0.9372,16.7100,1.1800,0.0000,0.0000,0.8986,0,1.1800,-359.9796,-379.5142,1.0903,-370.1691,0.4784,POST_PH4_RE_RFB,0.60,-10.77,645.6,287.5,0.00,0,0,,0.989
4163,13:50:50.704,ROI,160,160,288,288,11.35,12.30,3.875,0.0,81.29,672.38,285.33,130.10,87.44,0.8803,11.5800,12.0600,0.0000,0.0000,0.8474,0,12.0600,-357.1699,-375.4388,1.3021,-367.5031,0.4344,POST_PH4_RE_RFB,0.60,-8.10,645.6,287.5,0.00,0,0,,1.102
4164,13:50:50.768,ROI,160,160,288,288,11.10,12.08,15.1,0.0,82.78,674.75,285.23,127.89,85.27,0.9401,13.3000,3.9800,0.0000,0.0000,0.8787,0,3.9800,-356.2325,-370.4566,1.4986,-364.7637,0.4002,POST_PH4_RE_RFB,0.60,-5.36,645.6,287.5,0.00,0,0,,1.166
4165,13:50:50.833,ROI,160,160,256,256,21.51,22.87,14.95,17.075,43.73,679.94,284.86,128.74,85.41,0.9145,14.7800,5.2600,0.0000,0.0000,0.8452,0,5.2600,-355.1430,-365.4904,1.7320,-361.7030,0.3660,POST_PH4_RE_RFB,0.60,-2.30,645.6,287.5,0.00,0,0,,1.241
4166,13:50:50.880,ROI,160,160,288,288,10.26,11.19,15.65,0.0,89.37,683.81,283.93,130.05,86.67,0.9223,12.9600,6.9100,0.0000,0.0000,0.8510,0,6.9100,-353.8050,-362.0656,1.9834,-359.2968,0.3352,POST_PH4_RE_RFB,0.60,0.10,645.6,287.5,0.00,0,0,,1.277
4167,13:50:50.944,ROI,160,160,288,288,11.82,12.92,7.5,0.0,77.39,688.85,283.92,130.37,86.18,0.9204,14.5700,5.1700,0.0000,0.0000,0.8481,0,5.1700,-352.9475,-359.5758,2.2538,-357.5387,0.3073,POST_PH4_RE_RFB,0.60,1.86,645.6,287.5,0.00,0,0,,1.342
4168,13:50:51.009,ROI,160,160,288,288,21.84,23.10,7.45,0.0,43.29,690.48,283.77,129.49,88.25,0.9526,16.5700,2.0400,0.0000,0.0000,0.8890,0,2.0400,-352.9409,-357.3436,2.5370,-356.0989,0.2827,POST_PH4_RE_RFB,0.60,3.30,645.6,287.5,0.00,0,0,,1.418
4169,13:50:51.056,ROI,160,160,288,288,19.12,20.38,16.3,0.0,49.06,694.46,282.48,133.15,88.00,0.9147,15.8500,3.3600,0.0000,0.0000,0.8819,0,3.3600,-353.2688,-356.0101,2.7767,-355.2843,0.2648,POST_PH4_RE_RFB,0.60,4.12,645.6,287.5,0.00,0,0,,1.462
4170,13:50:51.184,ROI,160,160,288,288,11.29,12.33,3.625,0.0,81.10,703.72,282.09,134.08,86.92,0.8605,12.1800,4.9900,0.0000,0.0000,0.8443,0,4.9900,-353.3324,-355.2476,3.0663,-354.7766,0.2459,POST_PH4_RE_RFB,0.60,4.62,645.6,287.5,0.00,0,0,,1.582
4171,13:50:51.232,ROI,160,160,288,288,10.62,11.63,21.65,0.0,85.99,706.82,282.50,134.75,90.20,0.9210,13.9600,4.8000,0.0000,0.0000,0.8783,0,4.8000,-353.0674,-354.7519,3.2961,-354.3598,0.2328,POST_PH4_RE_RFB,0.60,5.04,645.6,287.5,0.00,0,0,,1.630
4172,13:50:51.296,ROI,160,160,288,288,10.95,12.09,0.0,0.0,82.70,711.87,281.80,131.71,88.40,0.9089,16.2600,11.1600,0.0000,0.0000,0.9351,0,11.1600,-351.7535,-353.9345,3.5726,-353.4576,0.2187,POST_PH4_RE_RFB,0.60,5.94,645.6,287.5,0.00,0,0,,1.694
4173,13:50:51.344,ROI,160,160,288,288,12.03,12.93,0.0,0.0,77.36,715.23,281.77,131.08,88.81,0.9458,15.1700,6.6600,0.0000,0.0000,0.8899,0,6.6600,-351.9726,-353.7522,3.7685,-353.3790,0.2097,POST_PH4_RE_RFB,0.60,6.02,645.6,287.5,0.00,0,0,,1.742
4174,13:50:51.408,ROI,160,160,288,288,12.73,13.80,7.675,0.0,72.48,717.11,282.40,129.64,87.77,0.9580,19.9700,0.4800,0.0000,0.0000,0.9004,0,0.4800,-353.1543,-353.7977,3.8776,-353.6658,0.2050,POST_PH4_RE_RFB,0.60,5.73,645.6,287.5,0.00,0,0,,1.807
4175,13:50:51.472,ROI,160,160,288,288,10.73,11.73,7.7,0.0,85.24,722.35,281.50,131.49,90.50,0.8958,16.0500,7.7200,0.0000,0.0000,0.9151,0,7.7200,-352.9250,-353.6072,3.9998,-353.4708,0.2000,POST_PH4_RE_RFB,0.60,5.93,645.6,287.5,0.00,0,0,,1.870
4176,13:50:51.520,ROI,160,160,288,288,10.83,11.90,10.85,0.0,84.00,724.05,280.28,129.49,89.62,0.9485,15.2400,9.1900,0.0000,0.0000,0.9272,0,9.1900,-352.6551,-353.3235,4.0877,-353.1921,0.1966,POST_PH4_RE_RFB,0.60,6.21,645.6,287.5,0.00,0,0,,1.918
4177,13:50:51.648,ROI,160,160,288,288,10.84,11.79,3.375,0.0,84.81,731.02,279.53,132.91,90.88,0.8849,14.2600,10.7700,0.0000,0.0000,0.9094,0,10.7700,-352.3260,-353.2087,4.2051,-353.0391,0.1921,POST_PH4_RE_RFB,0.60,6.36,645.6,287.5,0.00,0,0,,2.045
4178,13:50:51.696,ROI,160,160,288,288,11.13,12.14,10.825,0.0,82.38,736.58,278.57,134.82,89.59,0.9016,12.1400,11.8600,0.0000,0.0000,0.9056,0,11.8600,-351.2077,-353.1211,4.2845,-352.7590,0.1892,POST_PH4_RE_RFB,0.60,6.64,645.6,287.5,0.00,0,0,,2.093
4179,13:50:51.760,ROI,160,160,288,288,10.06,10.99,14.95,0.0,91.00,739.56,277.06,133.67,88.87,0.9254,13.5000,13.1200,0.0000,0.0000,0.9424,0,13.1200,-350.2040,-353.0707,4.3135,-352.5312,0.1882,POST_PH4_RE_RFB,0.60,6.87,645.6,287.5,0.00,0,0,,2.157
4180,13:50:51.824,ROI,160,160,288,288,10.49,11.74,7.325,0.0,85.17,742.92,277.45,134.12,90.45,0.9348,15.7800,13.9300,0.0000,0.0000,0.9470,0,13.9300,-349.3394,-353.0741,4.2755,-352.3662,0.1896,POST_PH4_RE_RFB,0.60,7.03,645.6,287.5,0.00,0,0,,2.222
4181,13:50:51.872,ROI,160,160,288,288,11.76,12.73,10.775,0.0,78.57,745.11,276.95,132.55,90.38,0.9571,13.3700,12.9700,0.0000,0.0000,0.9301,0,12.9700,-347.6861,-353.0621,4.2472,-352.0376,0.1906,POST_PH4_RE_RFB,0.60,7.36,645.6,287.5,0.00,0,0,,2.271
4182,13:50:51.936,ROI,160,160,288,288,10.49,11.58,7.7,0.0,86.32,750.33,277.80,136.35,89.87,0.9087,15.2800,13.7300,0.0000,0.0000,0.9246,0,13.7300,-346.7911,-353.0851,4.2037,-351.8756,0.1922,POST_PH4_RE_RFB,0.60,7.52,645.6,287.5,0.00,0,0,,2.333
4183,13:50:51.984,ROI,160,160,288,288,10.98,11.94,0.0,0.0,83.74,752.23,277.40,135.85,91.26,0.9579,10.8600,13.6500,0.0000,0.0000,0.8979,0,13.6500,-345.9412,-353.1494,4.1392,-351.7468,0.1946,POST_PH4_RE_RFB,0.60,7.65,645.6,287.5,0.00,0,0,,2.382
4184,13:50:52.112,ROI,160,160,288,288,12.90,14.38,3.375,0.0,69.53,761.77,275.11,135.61,86.26,0.8239,7.9500,13.5800,0.0000,0.0000,0.7873,0,13.5800,-345.0695,-353.1050,4.1730,-351.5517,0.1933,POST_PH4_RE_RFB,0.60,7.85,645.6,287.5,0.00,0,0,,2.512
4185,13:50:52.160,ROI,160,160,288,288,10.36,11.31,23.075,0.0,88.42,763.52,274.01,134.73,87.73,0.9505,11.2100,13.1200,0.0000,0.0000,0.9064,0,13.1200,-344.6023,-352.9709,4.1760,-351.3540,0.1932,POST_PH4_RE_RFB,0.60,8.05,645.6,287.5,0.00,0,0,,2.557
4186,13:50:52.224,ROI,160,160,288,288,18.81,19.95,7.4,0.0,50.14,767.46,273.59,136.76,87.80,0.9347,11.1100,7.5900,0.0000,0.0000,0.8280,0,7.5900,-345.7542,-352.7651,4.1255,-351.3972,0.1951,POST_PH4_RE_RFB,0.60,8.00,645.6,287.5,0.00,0,0,,2.630
4187,13:50:52.290,ROI,160,160,288,288,21.68,23.01,8.55,0.0,43.46,770.08,273.65,142.45,89.37,0.9432,12.1400,12.4200,0.0000,0.0000,0.8962,0,12.4200,-345.8682,-352.4721,4.0410,-351.1621,0.1984,POST_PH4_RE_RFB,0.60,8.24,645.6,287.5,0.00,0,0,,2.699
4188,13:50:52.339,ROI,160,160,288,288,17.19,18.51,15.275,0.0,54.02,774.70,272.91,140.13,87.80,0.9206,10.1700,13.6400,0.0000,0.0000,0.8512,0,13.6400,-345.7104,-352.1291,4.0625,-350.8612,0.1975,POST_PH4_RE_RFB,0.60,8.54,645.6,287.5,0.00,0,0,,2.743
4189,13:50:52.400,ROI,160,160,288,288,11.11,12.11,9.05,0.0,82.56,779.83,273.82,138.02,85.36,0.9036,12.7200,12.7700,0.0000,0.0000,0.8896,0,12.7700,-345.9035,-351.8673,4.0821,-350.6938,0.1968,POST_PH4_RE_RFB,0.60,8.71,645.6,287.5,0.00,0,0,,2.798
4190,13:50:52.512,ROI,160,160,288,288,10.15,10.99,3.925,0.0,90.98,790.07,271.92,136.84,87.89,0.8270,12.0000,11.9900,0.0000,0.0000,0.8351,0,11.9900,-345.6894,-351.6460,4.2326,-350.5076,0.1911,POST_PH4_RE_RFB,0.60,8.89,645.6,287.5,0.00,0,0,,2.909
4191,13:50:52.577,ROI,160,160,288,288,11.68,12.57,7.175,0.0,79.59,795.99,270.28,136.82,89.41,0.8850,15.3800,5.5400,0.0000,0.0000,0.8773,0,5.5400,-347.3101,-351.4818,4.3926,-350.7082,0.1854,POST_PH4_RE_RFB,0.60,8.69,645.6,287.5,0.00,0,0,,2.976
4192,13:50:52.640,ROI,160,160,288,288,10.52,11.36,0.0,0.0,88.04,798.87,271.06,133.31,85.00,0.9114,14.1700,11.9000,0.0000,0.0000,0.9215,0,11.9000,-348.2960,-351.4867,4.4672,-350.9031,0.1829,POST_PH4_RE_RFB,0.60,8.50,645.6,287.5,0.00,0,0,,3.037
4193,13:50:52.689,ROI,160,160,288,288,18.44,19.94,10.225,0.0,50.16,800.32,270.32,134.01,88.92,0.9357,13.9700,9.9400,0.0000,0.0000,0.9148,0,9.9400,-349.0789,-351.5808,4.5028,-351.1262,0.1817,POST_PH4_RE_RFB,0.60,8.27,645.6,287.5,0.00,0,0,,3.095
4194,13:50:52.752,ROI,160,160,288,288,12.32,13.32,9.2,0.0,75.08,806.95,270.36,137.95,90.13,0.8953,16.3400,7.2100,0.0000,0.0000,0.9193,0,7.2100,-350.2963,-351.7351,4.5273,-351.4748,0.1809,POST_PH4_RE_RFB,0.60,7.93,645.6,287.5,0.00,0,0,,3.151
4195,13:50:52.800,ROI,160,160,288,288,11.32,12.38,22.5,0.0,80.76,808.59,269.32,135.81,87.37,0.9466,14.8600,6.6300,0.0000,0.0000,0.9044,0,6.6300,-351.4221,-351.9430,4.5478,-351.8491,0.1803,POST_PH4_RE_RFB,0.60,7.55,645.6,287.5,0.00,0,0,,3.198
4196,13:50:52.929,ROI,160,160,288,288,11.90,12.89,3.35,0.0,77.58,816.10,269.59,140.11,89.53,0.8759,19.6200,2.3500,0.0000,0.0000,0.8613,0,2.3500,-353.2302,-352.2201,4.6477,-352.3989,0.1771,POST_PH4_RE_RFB,0.60,7.00,645.6,287.5,0.00,0,0,,3.327
4197,13:50:52.976,ROI,160,160,288,288,11.00,11.93,22.7,0.0,83.82,822.80,268.50,134.03,89.60,0.8858,19.5900,1.4600,0.0000,0.0000,0.9162,0,1.4600,-354.9136,-352.4550,4.7629,-352.8816,0.1735,POST_PH4_RE_RFB,0.60,6.52,645.6,287.5,0.00,0,0,,3.374
4198,13:50:53.041,ROI,160,160,288,288,14.96,16.01,0.0,0.0,62.45,822.85,268.52,134.08,88.94,0.9919,18.5200,1.1000,0.0000,0.0000,0.8435,0,1.1000,-356.3761,-352.7078,4.7708,-353.3435,0.1733,POST_PH4_RE_RFB,0.60,6.06,645.6,287.5,0.00,0,0,,3.442
4199,13:50:53.104,ROI,160,160,288,288,11.08,12.05,8.25,0.0,82.99,826.16,269.21,136.19,90.40,0.9370,21.0600,-0.8000,0.0000,0.0000,0.8903,0,-0.8000,-358.1091,-352.9907,4.7128,-353.8866,0.1750,POST_PH4_RE_RFB,0.60,5.51,645.6,287.5,0.00,0,0,,3.502
4200,13:50:53.152,ROI,160,160,288,288,11.84,12.69,10.8,0.0,78.81,827.21,268.93,134.30,89.75,0.9776,20.2400,0.2200,0.0000,0.0000,0.8927,0,0.2200,-359.3073,-353.3958,4.6058,-354.4504,0.1784,POST_PH4_RE_RFB,0.60,4.95,645.6,287.5,0.00,0,0,,3.551
4201,13:50:53.216,ROI,160,160,288,288,10.99,11.98,7.625,0.0,83.46,828.35,268.67,134.42,89.75,0.9774,18.8900,-0.3700,0.0000,0.0000,0.8629,0,-0.3700,-360.3981,-353.9095,4.3978,-355.1116,0.1853,POST_PH4_RE_RFB,0.60,4.29,645.6,287.5,0.00,0,0,,3.614
4202,13:50:53.280,ROI,160,160,288,288,10.87,11.89,0.0,0.0,84.10,829.93,268.43,134.71,90.52,0.9686,17.9900,0.2500,0.0000,0.0000,0.8870,0,0.2500,-361.1238,-354.4122,4.2502,-355.6906,0.1905,POST_PH4_RE_RFB,0.60,3.71,645.6,287.5,0.00,0,0,,3.678
4203,13:50:53.328,ROI,160,160,288,288,10.44,11.36,0.0,0.0,88.00,832.10,268.79,136.30,90.79,0.9609,18.7300,0.4200,0.0000,0.0000,0.9130,0,0.4200,-361.6320,-354.8692,4.0348,-356.2124,0.1986,POST_PH4_RE_RFB,0.60,3.19,645.6,287.5,0.00,0,0,,3.725
4204,13:50:53.457,ROI,160,160,288,288,19.96,21.26,3.3,0.0,47.04,834.02,267.78,136.06,90.09,0.9510,18.9100,-0.6400,0.0000,0.0000,0.8393,0,-0.6400,-362.7488,-355.2238,3.7902,-356.7947,0.2088,POST_PH4_RE_RFB,0.60,2.61,645.6,287.5,0.00,0,0,,3.864
4205,13:50:53.504,ROI,160,160,288,288,19.66,21.08,15.175,0.0,47.43,834.86,268.42,135.90,90.74,0.9739,20.0300,-1.0300,0.0000,0.0000,0.9189,0,-1.0300,-363.2643,-355.5159,3.4726,-357.2484,0.2236,POST_PH4_RE_RFB,0.60,2.15,645.6,287.5,0.00,0,0,,3.911
4206,13:50:53.569,ROI,160,160,288,288,19.20,20.49,9.0,0.0,48.79,835.66,267.62,135.25,89.71,0.9711,22.8400,-4.3500,0.0000,0.0000,0.9025,0,-4.3500,-364.0879,-355.6856,3.1273,-357.7214,0.2423,POST_PH4_RE_RFB,0.60,1.68,645.6,287.5,0.00,0,0,,3.975
4207,13:50:53.632,ROI,160,160,288,288,12.96,14.27,9.125,0.0,70.06,836.69,268.57,135.68,91.93,0.9612,20.5700,-1.5500,0.0000,0.0000,0.9321,0,-1.5500,-364.1194,-355.9790,2.7716,-358.1374,0.2651,POST_PH4_RE_RFB,0.60,1.26,645.6,287.5,0.00,0,0,,4.032
4208,13:50:53.681,ROI,160,160,288,288,12.94,14.26,11.475,0.0,70.10,837.30,267.93,134.21,91.30,0.9755,22.6000,-2.7000,0.0000,0.0000,0.8970,0,-2.7000,-364.2218,-356.2640,2.5126,-358.5295,0.2847,POST_PH4_RE_RFB,0.60,0.87,645.6,287.5,0.00,0,0,,4.080
4209,13:50:53.744,ROI,160,160,288,288,11.23,12.23,0.0,0.0,81.74,836.68,268.21,134.32,91.71,0.9848,21.0000,-1.2700,0.0000,0.0000,0.9292,0,-1.2700,-364.4904,-356.4420,2.2626,-358.9089,0.3065,POST_PH4_RE_RFB,0.60,0.49,645.6,287.5,0.00,0,0,,4.142
4210,13:50:53.808,ROI,160,160,288,288,12.94,14.02,7.6,0.0,71.33,837.26,268.02,134.10,91.37,0.9873,22.5400,-2.6200,0.0000,0.0000,0.9020,0,-2.6200,-364.2091,-356.6518,1.9942,-359.1758,0.3340,POST_PH4_RE_RFB,0.60,0.22,645.6,287.5,0.00,0,0,,4.207
4211,13:50:53.857,ROI,160,160,288,288,12.81,14.18,11.25,0.0,70.52,836.73,267.68,133.99,91.85,0.9848,21.8600,-2.5800,0.0000,0.0000,0.9115,0,-2.5800,-363.8827,-356.7710,1.6669,-359.4377,0.3750,POST_PH4_RE_RFB,0.60,-0.04,645.6,287.5,0.00,0,0,,4.256
4212,13:50:53.984,ROI,160,160,288,288,11.25,12.20,0.0,0.0,81.94,833.75,268.28,135.11,91.64,0.9445,22.0100,-2.4200,0.0000,0.0000,0.9190,0,-2.4200,-363.6073,-356.9302,1.3409,-359.7826,0.4272,POST_PH4_RE_RFB,0.60,-0.38,645.6,287.5,0.00,0,0,,4.382
4213,13:50:54.032,ROI,160,160,288,288,10.64,11.46,10.95,0.0,87.25,832.89,267.95,133.79,89.82,0.9678,22.1700,-2.4700,0.0000,0.0000,0.8917,0,-2.4700,-363.2376,-356.8704,0.9783,-360.0889,0.5055,POST_PH4_RE_RFB,0.60,-0.69,645.6,287.5,0.00,0,0,,4.429
4214,13:50:54.096,ROI,160,160,288,288,10.54,11.51,7.45,0.0,86.89,829.64,268.39,136.17,90.20,0.9439,19.9400,-0.0500,0.0000,0.0000,0.9231,0,-0.0500,-362.6885,-356.7934,0.6547,-360.3561,0.6044,POST_PH4_RE_RFB,0.60,-0.96,645.6,287.5,0.00,0,0,,4.493
4215,13:50:54.160,ROI,160,160,288,288,18.16,19.24,7.35,0.0,51.96,828.39,268.95,135.32,90.49,0.9695,18.7200,0.8000,0.0000,0.0000,0.8680,0,0.8000,-362.0222,-356.5725,0.4129,-360.4294,0.7077,POST_PH4_RE_RFB,0.60,-1.03,645.6,287.5,0.00,0,0,,4.565
4216,13:50:54.208,ROI,160,160,288,288,10.97,11.97,13.725,0.0,83.54,826.96,268.25,134.15,91.26,0.9641,15.8400,3.7600,0.0000,0.0000,0.8236,0,3.7600,-360.7784,-354.5385,0.1382,-360.0208,0.8786,POST_PH4_RE_RFB,0.60,-0.62,645.6,287.5,0.00,0,0,,4.606
4217,13:50:54.272,ROI,160,160,288,288,13.47,14.82,7.475,0.0,67.47,824.36,268.36,133.61,87.41,0.9220,18.3100,1.3300,0.0000,0.0000,0.8367,0,1.3300,-360.2898,-356.7031,0.1326,-359.8699,0.8829,POST_PH4_RE_RFB,0.60,-0.47,645.6,287.5,0.00,0,0,,4.673
4218,13:50:54.320,ROI,160,160,288,288,12.86,14.08,12.025,0.0,71.03,822.43,268.85,134.44,88.56,0.9591,17.4500,1.5900,0.0000,0.0000,0.7858,0,1.5900,-359.6720,-357.1922,0.4076,-358.9539,0.7104,POST_PH4_RE_RFB,0.60,0.45,645.6,287.5,0.00,0,0,,4.719
4219,13:50:54.384,ROI,160,160,288,288,10.90,11.89,7.75,0.0,84.12,818.18,268.59,136.39,89.15,0.9330,15.9900,2.4000,0.0000,0.0000,0.7820,0,2.4000,-358.9781,-357.5497,0.7259,-358.3773,0.5794,POST_PH4_RE_RFB,0.60,1.02,645.6,287.5,0.00,0,0,,4.782
4220,13:50:54.497,ROI,160,160,288,288,12.42,13.42,3.875,0.0,74.51,812.10,269.62,135.97,86.18,0.8852,13.6000,5.3500,0.0000,0.0000,0.8286,0,5.3500,-357.6600,-357.7039,1.0996,-357.6830,0.4763,POST_PH4_RE_RFB,0.60,1.72,645.6,287.5,0.00,0,0,,4.896
4221,13:50:54.560,ROI,160,160,288,288,10.55,11.50,7.8,0.0,86.92,808.69,269.04,136.48,88.24,0.9296,14.4300,6.6000,0.0000,0.0000,0.8447,0,6.6000,-356.1567,-357.7885,1.4536,-357.1234,0.4076,POST_PH4_RE_RFB,0.60,2.28,645.6,287.5,0.00,0,0,,4.957
4222,13:50:54.626,ROI,160,160,288,288,20.08,21.66,7.2,0.0,46.17,802.80,269.77,138.37,88.11,0.9032,13.9500,6.4400,0.0000,0.0000,0.8160,0,6.4400,-354.9123,-357.8536,1.8246,-356.8123,0.3540,POST_PH4_RE_RFB,0.60,2.59,645.6,287.5,0.00,0,0,,5.033
4223,13:50:54.672,ROI,160,160,288,288,20.20,21.59,15.575,0.0,46.33,801.21,270.40,133.65,88.15,0.9524,14.2800,7.6200,0.0000,0.0000,0.8657,0,7.6200,-353.5939,-357.8007,2.1435,-356.4625,0.3181,POST_PH4_RE_RFB,0.60,2.94,645.6,287.5,0.00,0,0,,5.080
4224,13:50:54.736,ROI,160,160,288,288,20.22,21.75,9.35,0.0,45.98,794.66,271.93,132.77,87.68,0.8769,12.8300,10.5100,0.0000,0.0000,0.8447,0,10.5100,-352.2047,-357.6095,2.4926,-356.0620,0.2863,POST_PH4_RE_RFB,0.60,3.34,645.6,287.5,0.00,0,0,,5.143
4225,13:50:54.800,ROI,160,160,288,288,12.22,13.37,9.2,0.0,74.77,793.03,270.05,131.54,86.38,0.9347,13.0200,8.3500,0.0000,0.0000,0.8794,0,8.3500,-351.2071,-357.4875,2.7643,-355.8191,0.2657,POST_PH4_RE_RFB,0.60,3.58,645.6,287.5,0.00,0,0,,5.199
4226,13:50:54.912,ROI,160,160,288,288,10.33,11.23,3.975,0.0,89.06,784.11,271.78,134.60,90.11,0.8400,13.2800,12.9200,0.0000,0.0000,0.8816,0,12.9200,-349.5757,-357.3474,3.0914,-355.4479,0.2444,POST_PH4_RE_RFB,0.60,3.95,645.6,287.5,0.00,0,0,,5.309
4227,13:50:54.976,ROI,160,160,288,288,10.22,11.10,7.4,0.0,90.08,779.37,271.54,135.02,87.97,0.9108,9.8100,13.3100,0.0000,0.0000,0.7493,0,13.3100,-347.9795,-357.1802,3.4035,-355.0909,0.2271,POST_PH4_RE_RFB,0.60,4.31,645.6,287.5,0.00,0,0,,5.372
4228,13:50:55.024,ROI,160,160,288,288,11.14,12.09,10.5,0.0,82.71,773.85,272.12,136.44,88.88,0.9103,10.6800,14.0300,0.0000,0.0000,0.8045,0,14.0300,-346.6418,-357.0266,3.6829,-354.8090,0.2135,POST_PH4_RE_RFB,0.60,4.59,645.6,287.5,0.00,0,0,,5.422
4229,13:50:55.088,ROI,160,160,288,288,10.81,11.79,7.525,0.0,84.80,769.72,274.88,137.86,87.07,0.8859,11.4100,13.8400,0.0000,0.0000,0.8364,0,13.8400,-345.6306,-356.7277,3.9167,-354.4707,0.2034,POST_PH4_RE_RFB,0.60,4.93,645.6,287.5,0.00,0,0,,5.485
4230,13:50:55.152,ROI,160,160,288,288,10.43,11.44,7.475,0.0,87.41,764.88,273.08,135.61,88.04,0.8954,9.9000,12.7600,0.0000,0.0000,0.8013,0,12.7600,-345.1108,-356.4698,4.1532,-354.2656,0.1941,POST_PH4_RE_RFB,0.60,5.13,645.6,287.5,0.00,0,0,,5.549
4231,13:50:55.200,ROI,160,160,288,288,10.63,11.45,10.7,0.0,87.31,761.25,275.63,137.75,86.04,0.8958,11.8500,13.3900,0.0000,0.0000,0.8614,0,13.3900,-344.7339,-356.0418,4.3307,-353.9205,0.1876,POST_PH4_RE_RFB,0.60,5.48,645.6,287.5,0.00,0,0,,5.597
4232,13:50:55.329,ROI,160,160,288,288,18.67,19.66,0.0,0.0,50.86,754.75,277.36,135.47,89.19,0.8758,11.8400,15.2500,0.0000,0.0000,0.7883,0,15.2500,-343.9857,-355.4823,4.5404,-353.4072,0.1805,POST_PH4_RE_RFB,0.60,5.99,645.6,287.5,0.00,0,0,,5.734
4233,13:50:55.376,ROI,160,160,288,288,13.58,14.61,14.325,0.0,68.46,749.79,277.27,136.64,92.00,0.9021,11.9100,13.2100,0.0000,0.0000,0.8555,0,13.2100,-343.8289,-354.7761,4.7071,-352.8579,0.1752,POST_PH4_RE_RFB,0.60,6.54,645.6,287.5,0.00,0,0,,5.776
4234,13:50:55.440,ROI,160,160,288,288,13.67,15.38,7.85,0.0,65.03,747.43,277.83,133.56,91.33,0.9542,11.4600,10.8800,0.0000,0.0000,0.8932,0,10.8800,-344.0380,-353.0378,4.7796,-351.4806,0.1730,POST_PH4_RE_RFB,0.60,7.92,645.6,287.5,0.00,0,0,,5.841
4235,13:50:55.489,ROI,160,160,288,288,12.40,13.39,11.725,0.0,74.69,742.16,277.40,136.24,91.12,0.9164,13.8600,12.8600,0.0000,0.0000,0.8662,0,12.8600,-344.2366,-353.3478,4.8286,-351.7846,0.1716,POST_PH4_RE_RFB,0.60,7.62,645.6,287.5,0.00,0,0,,5.888
4236,13:50:55.552,ROI,160,160,288,288,10.43,11.42,7.825,0.0,87.59,741.10,277.47,131.02,88.42,0.9332,13.0400,12.7500,0.0000,0.0000,0.9188,0,12.7500,-344.6312,-353.0206,4.7643,-351.5652,0.1735,POST_PH4_RE_RFB,0.60,7.83,645.6,287.5,0.00,0,0,,5.949
4237,13:50:55.616,ROI,160,160,288,288,12.30,13.26,7.425,0.0,75.44,739.22,277.74,130.45,87.17,0.9581,13.7200,12.7800,0.0000,0.0000,0.9123,0,12.7800,-345.1254,-352.7201,4.6467,-351.3751,0.1771,POST_PH4_RE_RFB,0.60,8.02,645.6,287.5,0.00,0,0,,6.015
4238,13:50:55.664,ROI,160,160,288,288,11.01,12.07,11.2,0.0,82.83,733.26,279.16,132.08,87.37,0.8851,14.3800,13.0300,0.0000,0.0000,0.8778,0,13.0300,-345.4227,-352.3596,4.5930,-351.1193,0.1788,POST_PH4_RE_RFB,0.60,8.28,645.6,287.5,0.00,0,0,,6.062
4239,13:50:55.792,ROI,160,160,288,288,19.89,21.15,3.375,0.0,47.27,726.14,280.06,133.76,90.31,0.8705,13.4100,6.8600,0.0000,0.0000,0.8169,0,6.8600,-346.9788,-352.0452,4.5660,-351.1350,0.1797,POST_PH4_RE_RFB,0.60,8.27,645.6,287.5,0.00,0,0,,6.199
4240,13:50:55.840,ROI,160,160,288,288,19.91,21.18,0.0,0.0,47.22,724.88,280.41,131.49,88.97,0.9667,13.0400,9.4100,0.0000,0.0000,0.8731,0,9.4100,-348.0353,-351.8066,4.5062,-351.1217,0.1816,POST_PH4_RE_RFB,0.60,8.28,645.6,287.5,0.00,0,0,,6.247
4241,13:50:55.904,ROI,160,160,288,288,21.09,22.28,9.025,0.0,44.88,718.51,282.07,128.14,88.94,0.8748,16.7700,1.6500,0.0000,0.0000,0.8430,0,1.6500,-350.6011,-351.5207,4.4315,-351.3514,0.1841,POST_PH4_RE_RFB,0.60,8.05,645.6,287.5,0.00,0,0,,6.312
4242,13:50:55.970,ROI,160,160,288,288,18.07,19.13,0.0,0.0,52.27,716.63,281.86,130.30,91.10,0.9485,15.0200,5.7300,0.0000,0.0000,0.8612,0,5.7300,-351.9060,-351.1753,4.3481,-351.3119,0.1870,POST_PH4_RE_RFB,0.60,8.09,645.6,287.5,0.00,0,0,,6.375
4243,13:50:56.016,ROI,160,160,288,288,12.44,13.40,14.45,0.0,74.62,711.64,282.64,131.83,89.96,0.9114,20.8200,-6.7300,0.0000,0.0000,0.8384,0,-6.7300,-355.9173,-350.9227,4.2172,-351.8800,0.1917,POST_PH4_RE_RFB,0.60,7.52,645.6,287.5,0.00,0,0,,6.415
4244,13:50:56.080,ROI,160,160,288,288,11.87,13.58,7.7,0.0,73.65,709.36,282.00,133.99,89.17,0.9529,13.3900,6.5500,0.0000,0.0000,0.8481,0,6.5500,-356.4381,-350.7681,4.1322,-351.8729,0.1948,POST_PH4_RE_RFB,0.60,7.53,645.6,287.5,0.00,0,0,,6.479
4245,13:50:56.144,ROI,160,160,288,288,13.01,14.25,0.0,0.0,70.17,702.56,282.27,133.92,88.45,0.8964,16.8800,0.3300,0.0000,0.0000,0.8980,0,0.3300,-358.0769,-350.8056,4.1017,-352.2309,0.1960,POST_PH4_RE_RFB,0.60,7.17,645.6,287.5,0.00,0,0,,6.544
4246,13:50:56.192,ROI,160,160,288,288,11.81,13.03,11.7,0.0,76.77,700.09,283.15,132.25,88.34,0.9449,13.0100,2.7900,0.0000,0.0000,0.8314,0,2.7900,-358.9045,-351.0083,4.0651,-352.5672,0.1974,POST_PH4_RE_RFB,0.60,6.83,645.6,287.5,0.00,0,0,,6.591
4247,13:50:56.304,ROI,160,160,288,288,10.96,11.93,3.925,0.0,83.83,691.97,283.29,130.21,87.23,0.8729,19.8700,-2.2200,0.0000,0.0000,0.9102,0,-2.2200,-360.5815,-351.2385,4.1037,-353.0691,0.1959,POST_PH4_RE_RFB,0.60,6.33,645.6,287.5,0.00,0,0,,6.702
4248,13:50:56.368,ROI,160,160,288,288,13.31,14.60,7.5,0.0,68.49,690.30,283.05,130.27,87.75,0.9689,15.8700,1.9300,0.0000,0.0000,0.8571,0,1.9300,-361.2473,-351.6914,4.0998,-353.5652,0.1961,POST_PH4_RE_RFB,0.60,5.83,645.6,287.5,0.00,0,0,,6.769
4249,13:50:56.432,ROI,160,160,288,288,10.64,11.64,7.925,0.0,85.94,684.69,284.51,132.08,90.83,0.8879,15.9000,-0.6300,0.0000,0.0000,0.8146,0,-0.6300,-362.1770,-352.1517,4.1180,-354.1105,0.1954,POST_PH4_RE_RFB,0.60,5.29,645.6,287.5,0.00,0,0,,6.829
4250,13:50:56.480,ROI,160,160,288,288,10.66,11.60,10.65,0.0,86.22,682.38,284.02,129.83,86.53,0.9200,13.3000,3.9300,0.0000,0.0000,0.8334,0,3.9300,-361.7208,-352.5675,4.1469,-354.3459,0.1943,POST_PH4_RE_RFB,0.60,5.05,645.6,287.5,0.00,0,0,,6.878
4251,13:50:56.544,ROI,160,160,288,288,12.67,13.94,0.0,0.0,71.74,675.43,285.62,130.00,88.02,0.8676,13.0700,5.2300,0.0000,0.0000,0.7815,0,5.2300,-361.0266,-352.9240,4.2466,-354.4683,0.1906,POST_PH4_RE_RFB,0.60,4.93,645.6,287.5,0.00,0,0,,6.944
4252,13:50:56.608,ROI,160,160,288,288,10.63,11.60,0.0,0.0,86.19,674.10,285.07,129.44,87.39,0.9676,13.5900,3.4800,0.0000,0.0000,0.8590,0,3.4800,-360.8095,-353.2467,4.2610,-354.6842,0.1901,POST_PH4_RE_RFB,0.60,4.72,645.6,287.5,0.00,0,0,,7.005
4253,13:50:56.656,ROI,160,160,288,288,12.89,14.10,0.0,0.0,70.93,669.61,286.28,129.85,85.19,0.9082,17.9700,-4.9200,0.0000,0.0000,0.7718,0,-4.9200,-361.9618,-353.5727,4.3060,-355.1538,0.1885,POST_PH4_RE_RFB,0.60,4.25,645.6,287.5,0.00,0,0,,7.056
4254,13:50:56.784,ROI,160,160,288,288,11.79,12.74,3.425,0.0,78.47,663.20,285.51,132.44,86.04,0.8915,15.9300,1.3700,0.0000,0.0000,0.8317,0,1.3700,-361.5270,-353.9649,4.3314,-355.3833,0.1876,POST_PH4_RE_RFB,0.60,4.02,645.6,287.5,0.00,0,0,,7.183
4255,13:50:56.832,ROI,160,160,288,288,12.76,13.85,11.075,0.0,72.23,662.87,285.90,132.25,86.71,0.9862,12.9300,2.9900,0.0000,0.0000,0.8505,0,2.9900,-360.5577,-354.4074,4.2392,-355.5813,0.1909,POST_PH4_RE_RFB,0.60,3.82,645.6,287.5,0.00,0,0,,7.232
4256,13:50:56.896,ROI,160,160,288,288,13.15,14.22,7.8,0.0,70.33,660.22,286.13,136.30,88.99,0.9366,20.6800,-4.2800,0.0000,0.0000,0.9226,0,-4.2800,-360.8768,-354.8279,4.1543,-356.0014,0.1940,POST_PH4_RE_RFB,0.60,3.40,645.6,287.5,0.00,0,0,,7.296
4257,13:50:56.960,ROI,160,160,288,288,10.63,11.42,7.875,0.0,87.57,659.24,286.09,136.12,89.30,0.9824,20.1800,-3.0900,0.0000,0.0000,0.8675,0,-3.0900,-361.3342,-355.2381,4.0756,-356.4392,0.1970,POST_PH4_RE_RFB,0.60,2.96,645.6,287.5,0.00,0,0,,7.357
4258,13:50:57.009,ROI,160,160,288,288,21.14,22.44,10.3,17.4,44.57,657.24,286.05,134.86,88.09,0.9578,20.7700,-5.0600,0.0000,0.0000,0.8759,0,-5.0600,-361.7370,-355.6314,3.9185,-356.8728,0.2033,POST_PH4_RE_RFB,0.60,2.53,645.6,287.5,0.00,0,0,,7.418
4259,13:50:57.072,ROI,160,160,288,288,22.31,23.67,19.675,0.0,42.25,652.82,285.86,132.88,87.93,0.9321,18.3800,-3.0500,0.0000,0.0000,0.8451,0,-3.0500,-362.3367,-355.9345,3.8254,-357.2612,0.2072,POST_PH4_RE_RFB,0.60,2.14,645.6,287.5,0.00,0,0,,7.481
4260,13:50:57.120,ROI,160,160,288,288,18.75,20.03,15.625,0.0,49.93,655.44,285.74,137.12,87.84,0.9595,17.3200,0.2300,0.0000,0.0000,0.8845,0,0.2300,-361.7292,-356.1444,3.5870,-357.3619,0.2180,POST_PH4_RE_RFB,0.60,2.04,645.6,287.5,0.00,0,0,,7.526
4261,13:50:57.248,ROI,160,160,288,288,10.93,11.89,0.0,0.0,84.09,651.24,284.26,137.41,88.04,0.9105,20.1100,-5.8100,0.0000,0.0000,0.8270,0,-5.8100,-363.6460,-356.3824,3.3925,-358.0360,0.2277,POST_PH4_RE_RFB,0.60,1.36,645.6,287.5,0.00,0,0,,7.645
4262,13:50:57.296,ROI,160,160,288,288,14.80,15.88,0.0,0.0,62.99,649.83,285.12,130.79,88.63,0.9341,20.4200,-4.9000,0.0000,0.0000,0.9175,0,-4.9000,-363.9171,-356.6608,3.1432,-358.4122,0.2414,POST_PH4_RE_RFB,0.60,0.99,645.6,287.5,0.00,0,0,,7.698
4263,13:50:57.360,ROI,160,160,288,288,11.64,12.63,8.15,0.0,79.18,649.32,285.50,132.17,87.05,0.9720,19.3100,-4.8000,0.0000,0.0000,0.9161,0,-4.8000,-364.6580,-357.0187,2.9138,-358.9706,0.2555,POST_PH4_RE_RFB,0.60,0.43,645.6,287.5,0.00,0,0,,7.758
4264,13:50:57.423,ROI,160,160,288,288,14.83,15.86,7.675,24.625,63.04,649.67,285.34,133.54,88.11,0.9778,19.8500,-5.2200,0.0000,0.0000,0.9232,0,-5.2200,-365.1215,-357.4238,2.6175,-359.5517,0.2764,POST_PH4_SETTLING,0.60,-0.15,645.6,287.5,0.00,0,0,,7.825
4265,13:50:57.472,ROI,160,160,288,288,11.42,12.43,11.925,0.0,80.44,649.67,285.61,133.94,88.07,0.9910,20.3300,-5.6000,0.0000,0.0000,0.9198,0,-5.6000,-366.0789,-357.8550,2.3766,-360.2905,0.2962,POST_PH4_SETTLING,0.60,-0.89,645.6,287.5,0.00,0,0,,7.870
4266,13:50:57.536,ROI,160,160,288,288,11.00,11.88,7.575,0.0,84.15,650.21,285.65,135.27,88.11,0.9893,20.1300,-6.3300,0.0000,0.0000,0.9008,0,-6.3300,-366.6654,-358.4537,2.0719,-361.1268,0.3255,POST_PH4_SETTLING,0.60,-1.73,645.6,287.5,0.00,0,0,,7.934
4267,13:50:57.601,ROI,160,160,288,288,12.65,13.69,0.0,0.0,73.07,649.95,285.74,134.62,86.29,0.9747,20.2700,-7.7200,0.0000,0.0000,0.8727,0,-7.7200,-367.6758,-359.0346,1.7995,-362.1213,0.3572,POST_PH4_SETTLING,0.60,-2.72,645.6,287.5,0.00,0,0,,8.000
4268,13:50:57.712,ROI,160,160,288,288,16.04,17.27,4.0,0.0,57.90,649.92,285.65,134.46,87.95,0.9800,20.1700,-6.3600,0.0000,0.0000,0.8975,0,-6.3600,-367.7769,-359.7178,1.5014,-362.9396,0.3998,POST_PH4_SETTLING,0.60,-3.54,645.6,287.5,0.00,0,0,,8.115
4269,13:50:57.776,ROI,160,160,288,288,11.87,13.03,8.375,0.0,76.74,650.31,285.72,135.29,88.04,0.9923,20.0200,-6.2400,0.0000,0.0000,0.8989,0,-6.2400,-367.5284,-360.2862,1.2655,-363.4829,0.4414,POST_PH4_SETTLING,0.60,-4.08,645.6,287.5,0.00,0,0,,8.175
4270,13:50:57.824,ROI,160,160,288,288,19.81,20.86,11.125,0.0,47.93,650.20,285.72,135.25,86.20,0.9775,20.0700,-8.8700,0.0000,0.0000,0.8689,0,-8.8700,-367.8115,-360.8837,1.0061,-364.3371,0.4985,POST_PH4_SETTLING,0.60,-4.94,645.6,287.5,0.00,0,0,,8.231
4271,13:50:57.888,ROI,160,160,288,288,13.69,14.98,9.075,0.0,66.78,650.31,285.70,135.38,86.29,0.9974,19.9800,-8.7600,0.0000,0.0000,0.8673,0,-8.7600,-368.7887,-361.2528,0.7831,-365.4790,0.5608,POST_PH4_SETTLING,0.60,-6.08,645.6,287.5,0.00,0,0,,8.289
4272,13:50:57.937,ROI,160,160,288,288,15.43,16.59,11.55,0.0,60.29,650.22,285.76,135.23,86.22,0.9974,19.9600,-8.8900,0.0000,0.0000,0.8672,0,-8.8900,-369.0262,-361.5949,0.6477,-366.1050,0.6069,POST_PH4_SETTLING,0.60,-6.71,645.6,287.5,0.00,0,0,,8.339
4273,13:50:58.000,ROI,160,160,288,288,15.60,16.83,0.0,0.0,59.41,650.09,285.77,135.02,86.18,0.9977,20.0900,-8.6400,0.0000,0.0000,0.8681,0,-8.6400,-368.8526,-361.7595,0.4940,-366.5071,0.6693,POST_PH4_SETTLING,0.60,-7.11,645.6,287.5,0.00,0,0,,8.403
4274,13:50:58.113,ROI,160,160,288,288,12.33,13.31,4.075,0.0,75.13,650.29,285.83,135.23,85.97,0.9946,19.9900,-8.8800,0.0000,0.0000,0.8663,0,-8.8800,-369.3318,-361.4629,0.3628,-367.2371,0.7338,POST_PH4_SETTLING,0.60,-7.84,645.6,287.5,0.00,0,0,,8.512
