frame_id,timestamp,mode,input_width,input_height,roi_w,roi_h,inf_time_ms,end_to_end_time_ms,cpu_load_pct,end_to_end_cpu_load_pct,fps,x_center,y_center,width,height,iou_prev_bbox,group1_magnitude,group1_angle,group2_magnitude,group2_angle,best_conf,tracking_lost,raw_angle,model_angle_smooth,trajectory_angle_smooth,estimated_speed,fused_angle,fused_weight_x,pid_mode,target_angle,angle_error,target_x,target_y,distance_error,ble_speed_left,ble_speed_right,post_ph4_spin_elapsed_s,post_ph4_re_rfb_elapsed_s
2915,15:37:58.668,ROI,160,160,288,288,20.44,21.75,3.575,0.0,45.98,888.84,154.32,126.36,82.30,0.9712,22.1200,-22.6400,10.5800,-22.4200,0.9312,0,-22.6400,-21.8816,-30.6601,0.0010,-21.8900,0.9990,PHASE_1_ALIGNING,17.02,-38.91,575.4,250.3,327.80,-584,584,,
2916,15:37:58.700,ROI,160,160,256,256,18.67,20.03,0.0,0.0,49.92,887.98,154.22,128.58,83.04,0.9740,21.2400,-22.3900,0.0000,0.0000,0.9082,0,-22.3900,-22.0473,-30.3447,0.0153,-22.1720,0.9850,PHASE_1_ALIGNING,17.09,-39.26,575.4,250.3,327.02,-589,589,,
2917,15:37:58.735,ROI,160,160,288,288,22.62,24.19,25.425,0.0,41.33,888.82,154.40,126.40,82.67,0.9787,21.9300,-22.9300,10.8000,-22.8000,0.9320,0,-22.9300,-22.2342,-48.3227,0.0012,-22.2644,0.9988,PHASE_1_ALIGNING,17.01,-39.28,575.4,250.3,327.76,-589,589,,
2918,15:37:58.775,ROI,160,160,256,256,13.69,14.69,0.0,0.0,68.09,887.98,154.35,128.75,83.54,0.9716,21.1500,-22.6400,0.0000,0.0000,0.9065,0,-22.6400,-22.4296,-41.9987,0.0137,-22.6936,0.9865,PHASE_1_ALIGNING,17.06,-39.76,575.4,250.3,326.98,-596,596,,
2919,15:37:58.831,ROI,160,160,288,288,21.94,23.64,9.475,0.0,42.29,888.66,154.40,126.50,83.16,0.9781,21.9900,-23.0900,10.6800,-23.1100,0.9317,0,-23.0900,-22.5729,-59.5741,0.0050,-22.7564,0.9950,PHASE_1_ALIGNING,17.02,-39.78,575.4,250.3,327.61,-597,597,,
2920,15:37:58.895,ROI,160,160,256,256,15.31,16.48,0.0,0.0,60.67,888.22,154.11,127.98,82.58,0.9816,21.4100,-22.9000,0.0000,0.0000,0.9034,0,-22.9000,-22.7991,-53.5215,0.0091,-23.0774,0.9909,PHASE_1_ALIGNING,17.09,-40.17,575.4,250.3,327.28,-603,603,,
2921,15:37:59.009,ROI,160,160,256,256,14.00,15.10,4.0,25.875,66.24,888.05,154.10,128.16,82.62,0.9967,21.2300,-23.0100,0.0000,0.0000,0.9019,0,-23.0100,-22.8993,-48.9770,0.0077,-23.0984,0.9924,PHASE_1_ALIGNING,17.10,-40.20,575.4,250.3,327.11,-603,603,,
2922,15:37:59.071,ROI,160,160,288,288,20.87,22.20,0.0,35.2,45.04,888.72,153.86,124.31,82.67,0.9644,21.4600,-21.0000,10.8500,-21.7000,0.9322,0,-21.0000,-22.6499,-54.1697,0.0128,-23.0469,0.9874,PHASE_1_ALIGNING,17.11,-40.16,575.4,250.3,327.83,-602,602,,
2923,15:37:59.119,ROI,160,160,256,256,17.13,18.65,15.1,0.0,53.62,887.60,153.48,128.99,82.02,0.9552,21.8600,-22.0900,0.0000,0.0000,0.9134,0,-22.0900,-22.5533,-57.4122,0.0268,-23.4621,0.9739,PHASE_1_ALIGNING,17.23,-40.69,575.4,250.3,326.87,-610,610,,
2924,15:37:59.183,ROI,160,160,288,288,24.78,26.05,0.0,30.0,38.39,888.39,154.40,125.73,79.88,0.9494,22.7600,-18.8900,10.8800,-16.9400,0.9287,0,-18.8900,-21.9075,-57.2982,0.0259,-22.8004,0.9748,PHASE_1_ALIGNING,17.03,-39.83,575.4,250.3,327.35,-598,598,,
2925,15:37:59.246,ROI,160,160,256,256,19.83,21.17,0.0,18.45,47.23,887.17,154.66,129.66,82.16,0.9428,21.6800,-18.6100,0.0000,0.0000,0.9333,0,-18.6100,-21.1608,-50.5098,0.0319,-22.0673,0.9691,PHASE_1_ALIGNING,17.05,-39.12,575.4,250.3,326.11,-587,587,,
2926,15:37:59.295,ROI,160,160,288,288,25.74,27.09,0.0,0.0,36.92,888.37,154.56,127.17,81.65,0.9747,22.1100,-17.7600,10.3700,-16.2200,0.9224,0,-17.7600,-20.3586,-39.0645,0.0319,-20.9374,0.9691,PHASE_1_ALIGNING,17.01,-37.95,575.4,250.3,327.29,-569,569,,
2927,15:37:59.408,ROI,160,160,256,256,24.42,25.74,0.0,0.0,38.85,885.73,154.93,129.60,81.81,0.9512,22.0600,-14.2500,0.0000,0.0000,0.9321,0,-14.2500,-18.8346,-26.4378,0.0692,-19.3266,0.9353,PHASE_1_ALIGNING,17.08,-36.41,575.4,250.3,324.65,-546,546,,
2928,15:37:59.471,ROI,160,160,288,288,24.15,25.51,21.275,15.3,39.20,886.03,154.67,127.84,81.86,0.9801,21.5800,-10.4300,8.8700,-5.9600,0.8886,0,-10.4300,-16.7679,-16.3017,0.1078,-16.7225,0.9027,PHASE_1_ALIGNING,17.11,-33.83,575.4,250.3,325.01,-508,508,,
2929,15:37:59.538,ROI,160,160,256,256,32.87,34.55,0.0,11.3,28.95,885.26,154.29,127.89,81.04,0.9783,21.8900,-10.7600,0.0000,0.0000,0.9098,0,-10.7600,-14.8455,-13.5237,0.1414,-14.6817,0.8761,PHASE_1_ALIGNING,17.22,-31.90,575.4,250.3,324.40,-478,478,,
2930,15:37:59.589,ROI,160,160,256,256,18.82,20.18,23.25,38.725,49.55,885.30,154.26,128.64,81.95,0.9831,20.7500,-5.7500,0.0000,0.0000,0.8923,0,-5.7500,-12.1711,-8.2350,0.1779,-11.5766,0.8490,PHASE_1_ALIGNING,17.22,-28.80,575.4,250.3,324.45,-432,432,,
2931,15:37:59.647,ROI,160,160,288,288,24.66,26.04,10.525,0.0,38.40,886.08,154.99,127.44,81.74,0.9705,20.1800,-6.4000,7.6900,-1.8100,0.8943,0,-6.4000,-9.8287,5.3111,0.1864,-7.4501,0.8429,PHASE_1_ALIGNING,17.05,-24.50,575.4,250.3,324.97,-368,368,,
2932,15:37:59.713,ROI,160,160,256,256,48.06,49.40,9.6,23.725,20.24,885.66,154.46,128.05,81.57,0.9808,20.1400,-4.6500,0.0000,0.0000,0.8694,0,-4.6500,-7.4888,12.5695,0.2096,-4.0137,0.8268,PHASE_1_ALIGNING,17.17,-21.18,575.4,250.3,324.73,-318,318,,
2933,15:37:59.780,ROI,160,160,288,288,27.14,28.59,23.225,0.0,34.98,885.49,155.13,126.76,81.11,0.9738,19.8900,-5.1900,7.5800,-1.4100,0.8782,0,-5.1900,-5.6247,16.0867,0.2162,-1.7654,0.8222,PHASE_2_DRIVING,17.06,-18.83,575.4,250.3,324.36,-2000,-1119,,
2934,15:37:59.887,ROI,160,160,256,256,25.26,27.04,0.0,0.0,36.99,886.81,155.34,126.82,80.83,0.9745,12.2200,2.0600,0.0000,0.0000,0.6884,0,2.0600,-2.5551,23.8001,0.2104,2.0267,0.8262,PHASE_2_DRIVING,16.96,-14.93,575.4,250.3,325.57,-2000,-1886,,
2935,15:37:59.935,ROI,160,160,256,256,29.65,31.42,18.9,12.425,31.82,887.84,155.53,128.21,81.79,0.9724,12.9000,2.7000,0.0000,0.0000,0.7063,0,2.7000,0.1566,22.8061,0.1728,3.4936,0.8527,PHASE_2_DRIVING,16.87,-13.38,575.4,250.3,326.50,-2000,-1562,,
2936,15:38:00.000,ROI,160,160,288,288,30.31,31.64,23.45,12.35,31.60,887.04,156.22,127.85,82.75,0.9711,11.3100,5.3000,7.1800,4.6100,0.8422,0,5.3000,2.9830,33.7729,0.1704,7.4665,0.8544,PHASE_2_DRIVING,16.80,-9.33,575.4,250.3,325.53,-1765,-2000,,
2937,15:38:00.062,ROI,160,160,256,256,19.38,20.63,37.925,0.0,48.47,887.98,155.02,127.54,80.93,0.9571,11.6700,3.7400,0.0000,0.0000,0.7130,0,3.7400,4.9500,34.4396,0.1345,8.4456,0.8815,PHASE_2_DRIVING,16.95,-8.51,575.4,250.3,326.77,-2000,-1682,,
2938,15:38:00.111,ROI,160,160,256,256,18.25,19.47,14.075,0.0,51.36,888.04,155.16,129.54,82.21,0.9692,10.8200,6.1600,0.0000,0.0000,0.7417,0,6.1600,6.9627,47.4732,0.1075,10.8965,0.9029,PHASE_2_DRIVING,16.93,-6.03,575.4,250.3,326.80,-1871,-2000,,
2939,15:38:00.175,ROI,160,160,288,288,20.70,22.18,0.0,0.0,45.09,887.28,155.65,127.62,82.51,0.9737,9.1500,8.9800,7.1500,6.9000,0.8319,0,8.9800,9.0305,61.2921,0.1019,13.8650,0.9075,PHASE_2_DRIVING,16.88,-3.02,575.4,250.3,325.93,-1619,-2000,,
2940,15:38:00.238,ROI,160,160,256,256,19.06,20.40,9.35,0.0,49.03,887.22,155.80,129.10,82.02,0.9826,10.4000,5.1300,0.0000,0.0000,0.7017,0,5.1300,9.9725,72.6817,0.0993,15.6372,0.9097,PHASE_2_DRIVING,16.86,-1.22,575.4,250.3,325.83,-1733,-2000,,
2941,15:38:00.286,ROI,160,160,288,288,22.93,24.45,14.25,0.0,40.90,885.97,155.67,126.90,81.95,0.9775,10.1700,10.0600,6.7400,7.0700,0.8254,0,10.0600,11.3439,81.9308,0.0843,16.8334,0.9222,PHASE_2_DRIVING,16.95,-0.11,575.4,250.3,324.67,-1796,-2000,,
2942,15:38:00.399,ROI,160,160,256,256,15.76,17.00,0.0,0.0,58.83,884.50,156.41,127.65,79.98,0.9540,7.1400,9.5200,0.0000,0.0000,0.7704,0,9.5200,12.3964,88.2875,0.0946,18.9581,0.9135,PHASE_2_DRIVING,16.90,2.06,575.4,250.3,323.05,-1510,-2000,,
2943,15:38:00.462,ROI,160,160,256,256,15.15,16.31,0.0,0.0,61.30,882.59,155.65,126.64,78.85,0.9522,7.2300,9.7400,0.0000,0.0000,0.7752,0,9.7400,13.0265,89.0216,0.1051,20.2514,0.9049,PHASE_2_DRIVING,17.13,3.13,575.4,250.3,321.44,-1636,-2000,,
2944,15:38:00.527,ROI,160,160,256,256,15.35,16.41,0.0,0.0,60.94,881.82,156.07,125.26,81.28,0.9587,8.4300,11.7600,0.0000,0.0000,0.8189,0,11.7600,13.6673,86.7844,0.1286,22.0007,0.8860,PHASE_2_DRIVING,17.09,4.91,575.4,250.3,320.58,-1440,-2000,,
2945,15:38:00.574,ROI,160,160,256,256,16.19,17.56,12.725,0.0,56.94,880.20,154.93,125.71,79.07,0.9474,9.0700,12.5200,0.0000,0.0000,0.8068,0,12.5200,14.3356,79.9847,0.2073,25.6066,0.8283,PHASE_2_DRIVING,17.37,8.23,575.4,250.3,319.37,-1102,-2000,,
2946,15:38:00.639,ROI,160,160,256,256,15.64,16.91,8.325,0.0,59.15,878.19,155.47,126.70,82.05,0.9339,9.5200,12.7000,0.0000,0.0000,0.8220,0,12.7000,14.9956,70.8670,0.3210,28.5719,0.7570,PHASE_2_DRIVING,17.39,11.18,575.4,250.3,317.29,-1041,-2000,,
2947,15:38:00.703,ROI,160,160,256,256,15.75,17.17,0.0,0.0,58.22,877.04,156.36,126.53,81.87,0.9611,10.0000,13.1100,0.0000,0.0000,0.7969,0,13.1100,15.2971,60.5072,0.4593,29.5256,0.6853,PHASE_2_DRIVING,17.30,12.23,575.4,250.3,315.93,-1237,-2000,,
2948,15:38:00.750,ROI,160,160,256,256,15.18,16.25,0.0,0.0,61.53,873.82,156.70,126.80,79.30,0.9212,9.8000,14.0300,0.0000,0.0000,0.7797,0,14.0300,15.9247,49.3368,0.6376,28.9340,0.6106,PHASE_2_DRIVING,17.41,11.52,575.4,250.3,312.75,-1517,-2000,,
2949,15:38:00.879,ROI,160,160,256,256,14.35,15.42,0.0,0.0,64.84,869.93,157.46,127.38,78.05,0.9234,9.8400,15.1700,0.0000,0.0000,0.7378,0,15.1700,16.3665,38.5249,0.8480,26.5346,0.5411,PHASE_2_DRIVING,17.50,9.04,575.4,250.3,308.82,-1955,-2000,,
2950,15:38:00.927,ROI,160,160,256,256,13.33,14.37,0.0,0.0,69.61,867.67,158.23,128.83,78.66,0.9467,9.9400,15.1300,0.0000,0.0000,0.7953,0,15.1300,16.6161,27.5401,1.0726,22.2693,0.4825,PHASE_2_DRIVING,17.48,4.78,575.4,250.3,306.43,-2000,-1506,,
2951,15:38:00.991,ROI,160,160,288,288,18.39,19.99,7.75,0.0,50.03,864.68,159.39,128.38,81.52,0.9217,11.3300,15.4400,2.5900,18.8300,0.8021,0,15.4400,16.5221,17.1155,1.3187,16.8596,0.4313,PHASE_2_DRIVING,17.45,-0.59,575.4,250.3,303.23,-2000,-1131,,
2952,15:38:01.054,ROI,160,160,288,288,24.58,26.02,18.225,15.025,38.43,862.58,161.30,128.86,82.85,0.9244,10.7400,14.3900,2.1600,21.1300,0.8090,0,14.3900,16.6568,7.5554,1.5372,11.1426,0.3941,PHASE_2_DRIVING,17.22,-6.08,575.4,250.3,300.65,-2000,-929,,
2953,15:38:01.103,ROI,160,160,288,288,19.03,20.59,0.0,19.05,48.57,859.71,160.32,127.21,83.61,0.9343,9.9300,11.6600,0.0000,0.0000,0.7787,0,11.6600,16.0876,-0.7408,1.7329,5.4169,0.3659,PHASE_2_DRIVING,17.56,-12.15,575.4,250.3,298.21,-2000,-692,,
2954,15:38:01.166,ROI,160,160,256,256,19.96,21.32,0.0,18.325,46.90,856.57,160.08,125.39,79.01,0.8999,10.1900,12.8800,0.0000,0.0000,0.8030,0,12.8800,15.8998,-7.5342,1.9414,0.4327,0.3400,PHASE_2_DRIVING,17.79,-17.36,575.4,250.3,295.29,-2000,-630,,
2955,15:38:01.233,ROI,160,160,256,256,23.63,24.99,0.0,15.625,40.02,853.23,160.72,124.22,78.13,0.9330,10.3700,13.5200,0.0000,0.0000,0.8195,0,13.5200,15.5366,-12.5265,2.1241,-3.5438,0.3201,PHASE_2_DRIVING,17.87,-21.41,575.4,250.3,291.92,-2000,-625,,
2956,15:38:01.279,ROI,160,160,256,256,20.74,21.93,0.0,35.625,45.61,851.13,161.38,124.05,79.39,0.9510,9.2000,13.2200,0.0000,0.0000,0.7928,0,13.2200,15.2094,-15.0701,2.2717,-5.8152,0.3056,PHASE_2_DRIVING,17.87,-23.69,575.4,250.3,289.71,-2000,-723,,
2957,15:38:01.407,ROI,160,160,256,256,19.17,20.30,0.0,0.0,49.27,846.01,161.86,126.18,79.02,0.9106,11.2700,14.9300,0.0000,0.0000,0.7692,0,14.9300,15.4216,-15.0703,2.4483,-6.2278,0.2900,PHASE_2_DRIVING,18.10,-24.33,575.4,250.3,284.69,-2000,-864,,
2958,15:38:01.457,ROI,160,160,256,256,14.19,15.65,26.425,0.0,63.90,844.22,162.30,126.83,79.07,0.9618,11.7000,15.1000,0.0000,0.0000,0.7935,0,15.1000,15.1364,-11.2850,2.5726,-3.8893,0.2799,PHASE_2_DRIVING,18.13,-22.02,575.4,250.3,282.86,-2000,-1293,,
2959,15:38:01.519,ROI,160,160,256,256,13.95,15.32,0.0,0.0,65.28,841.31,163.47,123.50,77.62,0.9267,12.6000,16.8800,0.0000,0.0000,0.8065,0,16.8800,15.5885,-5.6981,2.6847,0.0789,0.2714,PHASE_2_DRIVING,18.08,-18.00,575.4,250.3,279.73,-2000,-1740,,
2960,15:38:01.566,ROI,160,160,256,256,17.02,18.10,12.2,0.0,55.24,839.40,164.10,125.74,76.64,0.9544,13.1200,17.8600,0.0000,0.0000,0.8497,0,17.8600,16.0615,0.9612,2.7695,4.9671,0.2653,PHASE_2_DRIVING,18.08,-13.11,575.4,250.3,277.72,-1818,-2000,,
2961,15:38:01.631,ROI,160,160,256,256,17.29,18.47,0.0,0.0,54.14,836.82,164.56,125.60,78.42,0.9385,13.5800,22.0100,0.0000,0.0000,0.7638,0,22.0100,17.2620,5.5101,2.8400,8.5705,0.2604,PHASE_2_DRIVING,18.16,-9.59,575.4,250.3,275.13,-1874,-2000,,
2962,15:38:01.694,ROI,160,160,256,256,14.07,14.93,0.0,0.0,66.97,834.19,164.35,125.34,79.07,0.9511,14.0400,23.3900,0.0000,0.0000,0.8084,0,23.3900,18.7542,9.3620,2.8751,11.7857,0.2581,PHASE_2_DRIVING,18.37,-6.59,575.4,250.3,272.69,-1805,-2000,,
2963,15:38:01.808,ROI,160,160,256,256,14.17,15.51,0.0,25.2,64.48,829.41,165.58,123.01,79.38,0.8985,15.3300,25.5400,0.0000,0.0000,0.8283,0,25.5400,20.5668,11.0433,2.9239,13.4703,0.2548,PHASE_2_DRIVING,18.44,-4.97,575.4,250.3,267.76,-1976,-2000,,
2964,15:38:01.872,ROI,160,160,256,256,14.12,15.24,7.925,0.0,65.64,826.97,167.58,122.88,80.21,0.9151,17.0900,25.1900,0.0000,0.0000,0.8699,0,25.1900,22.0994,11.8488,2.9551,14.4405,0.2528,PHASE_2_DRIVING,18.20,-3.76,575.4,250.3,264.82,-1983,-2000,,
2965,15:38:01.919,ROI,160,160,256,256,14.90,17.10,0.0,0.0,58.48,824.56,169.00,125.90,82.16,0.9292,14.4800,25.1100,0.0000,0.0000,0.8197,0,25.1100,23.4420,12.3470,2.9497,15.1561,0.2532,PHASE_2_DRIVING,18.07,-2.92,575.4,250.3,262.09,-2000,-1994,,
2966,15:38:01.983,ROI,160,160,256,256,15.09,16.18,0.0,24.15,61.79,822.51,169.45,126.18,83.68,0.9507,15.0100,25.3000,0.0000,0.0000,0.8108,0,25.3000,24.7152,12.6045,2.9334,15.6835,0.2542,PHASE_2_DRIVING,18.12,-2.43,575.4,250.3,260.00,-2000,-1951,,
2967,15:38:02.046,ROI,160,160,256,256,17.03,18.19,8.225,0.0,54.96,820.61,170.25,127.15,83.17,0.9522,15.1900,26.5800,0.0000,0.0000,0.8466,0,26.5800,26.1794,12.8516,2.9214,16.2503,0.2550,PHASE_2_DRIVING,18.08,-1.83,575.4,250.3,257.94,-1989,-2000,,
2968,15:38:02.094,ROI,160,160,256,256,19.01,20.22,13.175,0.0,49.46,818.94,170.38,127.65,83.25,0.9711,15.8800,25.7200,0.0000,0.0000,0.8281,0,25.7200,27.2629,13.0552,2.8801,16.7168,0.2577,PHASE_2_DRIVING,18.17,-1.45,575.4,250.3,256.32,-2000,-1989,,
2969,15:38:02.206,ROI,160,160,256,256,12.28,13.68,4.25,0.0,73.07,813.97,172.51,126.35,83.78,0.8803,14.6500,25.8800,0.0000,0.0000,0.8559,0,25.8800,28.2278,13.4214,2.8917,17.2261,0.2570,PHASE_2_DRIVING,18.06,-0.83,575.4,250.3,250.93,-1928,-2000,,
2970,15:38:02.272,ROI,160,160,256,256,15.02,16.51,0.0,0.0,60.57,811.51,174.99,124.51,82.26,0.9067,14.7700,27.8400,0.0000,0.0000,0.8692,0,27.8400,29.2940,14.2844,2.8993,18.1337,0.2565,PHASE_2_DRIVING,17.69,0.44,575.4,250.3,247.83,-1737,-2000,,
2971,15:38:02.334,ROI,160,160,256,256,16.15,17.28,17.15,22.6,57.86,809.03,176.90,123.06,81.87,0.9179,14.7600,27.6800,0.0000,0.0000,0.8755,0,27.6800,29.7882,15.4578,2.9008,19.1315,0.2564,PHASE_2_DRIVING,17.44,1.69,575.4,250.3,244.89,-1678,-2000,,
2972,15:38:02.382,ROI,160,160,256,256,19.02,20.35,0.0,0.0,49.14,804.60,179.01,124.99,81.60,0.8857,15.4700,27.9000,0.0000,0.0000,0.8779,0,27.9000,30.1820,16.8418,2.9375,20.2298,0.2540,PHASE_2_DRIVING,17.28,2.95,575.4,250.3,240.03,-1612,-2000,,
2973,15:38:02.447,ROI,160,160,256,256,20.33,21.67,0.0,0.0,46.16,801.66,180.28,127.17,85.15,0.9152,14.0100,28.5000,0.0000,0.0000,0.8535,0,28.5000,30.5061,18.3214,2.9838,21.3799,0.2510,PHASE_2_DRIVING,17.20,4.18,575.4,250.3,236.85,-1557,-2000,,
2974,15:38:02.512,ROI,160,160,256,256,20.35,21.68,0.0,0.0,46.12,799.37,181.46,125.47,84.22,0.9383,14.2800,28.4100,0.0000,0.0000,0.8506,0,28.4100,30.5157,19.8989,3.0063,22.5490,0.2496,PHASE_2_DRIVING,17.09,5.46,575.4,250.3,234.31,-1491,-2000,,
2975,15:38:02.559,ROI,160,160,256,256,20.22,21.54,15.475,18.15,46.42,796.89,183.06,126.38,84.37,0.9260,13.8900,29.0000,0.0000,0.0000,0.8459,0,29.0000,30.5696,21.4755,3.0629,23.7138,0.2461,PHASE_2_DRIVING,16.89,6.83,575.4,250.3,231.47,-1417,-2000,,
2976,15:38:02.687,ROI,160,160,256,256,13.64,14.93,0.0,0.0,66.98,790.78,184.90,125.81,84.29,0.8706,14.6300,29.2200,0.0000,0.0000,0.8339,0,29.2200,30.4405,22.9682,3.1563,24.7660,0.2406,PHASE_2_DRIVING,16.89,7.88,575.4,250.3,225.09,-1417,-2000,,
2977,15:38:02.735,ROI,160,160,256,256,15.29,16.54,0.0,0.0,60.47,788.93,185.74,128.78,83.12,0.9524,13.0200,27.3900,0.0000,0.0000,0.8006,0,27.3900,29.8870,24.3787,3.2276,25.6816,0.2365,PHASE_2_DRIVING,16.82,8.86,575.4,250.3,223.07,-1384,-2000,,
2978,15:38:02.798,ROI,160,160,288,288,19.60,21.13,8.375,18.5,47.33,784.87,188.19,127.10,84.29,0.8869,14.4600,26.1700,2.3400,29.9500,0.7854,0,26.1700,29.0082,25.7566,3.3038,26.5121,0.2324,PHASE_2_DRIVING,16.52,10.00,575.4,250.3,218.48,-1315,-2000,,
2979,15:38:02.863,ROI,160,160,256,256,22.86,24.46,0.0,0.0,40.88,782.58,189.46,130.42,85.34,0.9369,11.0600,24.2700,2.0000,29.8700,0.7479,0,24.2700,28.0558,27.0202,3.3528,27.2582,0.2297,PHASE_2_DRIVING,16.37,10.89,575.4,250.3,215.93,-1311,-2000,,
2980,15:38:02.910,ROI,160,160,288,288,17.21,18.15,0.0,0.0,55.09,777.97,191.25,125.95,85.21,0.8935,13.6300,24.7300,0.0000,0.0000,0.8014,0,24.7300,27.3113,28.0377,3.4096,27.8730,0.2268,PHASE_2_DRIVING,16.25,11.62,575.4,250.3,211.00,-1304,-2000,,
2981,15:38:02.975,ROI,160,160,256,256,20.64,21.57,0.0,0.0,46.35,775.29,191.61,127.09,86.00,0.9499,11.9400,23.5300,2.1400,31.1800,0.7741,0,23.5300,26.5366,28.6497,3.4775,28.1778,0.2233,PHASE_2_DRIVING,16.36,11.81,575.4,250.3,208.33,-1370,-2000,,
2982,15:38:03.038,ROI,160,160,256,256,15.00,16.94,9.2,0.0,59.02,769.72,192.44,126.48,85.84,0.8990,9.0500,21.7900,0.0000,0.0000,0.6369,0,21.7900,25.4021,28.8749,3.5761,28.1160,0.2185,PHASE_2_DRIVING,16.58,11.53,575.4,250.3,202.75,-1451,-2000,,
2983,15:38:03.087,ROI,160,160,256,256,18.31,19.63,12.35,0.0,50.94,766.23,193.66,124.22,85.65,0.9199,8.5000,20.3800,0.0000,0.0000,0.6275,0,20.3800,24.0298,28.7983,3.6656,27.7763,0.2143,PHASE_2_DRIVING,16.53,11.25,575.4,250.3,199.06,-1465,-2000,,
2984,15:38:03.199,ROI,160,160,256,256,16.74,17.86,0.0,0.0,55.98,763.49,196.04,126.13,86.93,0.9067,10.9200,18.9800,2.4600,28.1500,0.7394,0,18.9800,22.4750,28.4694,3.7261,27.2011,0.2116,PHASE_2_DRIVING,16.09,11.11,575.4,250.3,195.76,-1449,-2000,,
2985,15:38:03.264,ROI,160,160,256,256,19.66,21.23,0.0,36.8,47.10,758.89,196.88,126.11,85.95,0.9123,9.5200,18.8800,0.0000,0.0000,0.7235,0,18.8800,21.1528,27.8463,3.7734,26.4441,0.2095,PHASE_2_DRIVING,16.23,10.21,575.4,250.3,191.11,-1609,-2000,,
2986,15:38:03.326,ROI,160,160,256,256,16.89,17.86,0.0,0.0,56.01,756.59,197.82,127.42,85.50,0.9438,9.7200,17.4600,0.0000,0.0000,0.7722,0,17.4600,19.5795,26.9141,3.7572,25.3723,0.2102,PHASE_2_DRIVING,16.15,9.22,575.4,250.3,188.64,-1674,-2000,,
2987,15:38:03.375,ROI,160,160,256,256,17.83,19.13,0.0,0.0,52.27,752.34,199.21,127.98,85.50,0.9066,9.2500,17.1700,3.7100,23.9100,0.7235,0,17.1700,18.1096,25.7244,3.7858,24.1333,0.2089,PHASE_2_DRIVING,16.11,8.03,575.4,250.3,184.16,-1771,-2000,,
2988,15:38:03.439,ROI,160,160,256,256,15.66,17.58,8.6,0.0,56.88,750.30,198.62,127.41,84.21,0.9542,10.9600,17.9600,3.0300,24.6800,0.8242,0,17.9600,17.1719,24.4388,3.7690,22.9151,0.2097,PHASE_2_DRIVING,16.46,6.45,575.4,250.3,182.38,-1929,-2000,,
2989,15:38:03.502,ROI,160,160,256,256,18.92,20.94,8.75,0.0,47.76,748.45,199.87,130.77,86.22,0.9435,11.8700,18.1100,0.0000,0.0000,0.8050,0,18.1100,16.4205,23.1626,3.7145,21.7325,0.2121,PHASE_2_DRIVING,16.25,5.49,575.4,250.3,180.25,-1869,-2000,,
2990,15:38:03.551,ROI,160,160,288,288,21.35,22.37,27.95,17.475,44.70,744.67,200.94,129.67,87.43,0.9213,12.0000,17.0500,0.0000,0.0000,0.8171,0,17.0500,15.6445,21.9134,3.6912,20.5771,0.2132,PHASE_2_DRIVING,16.26,4.32,575.4,250.3,176.32,-1974,-2000,,
2991,15:38:03.679,ROI,160,160,288,288,18.54,20.29,0.0,0.0,49.30,740.83,202.05,131.24,87.53,0.9199,12.7600,16.9900,0.0000,0.0000,0.8290,0,16.9900,15.1132,20.7034,3.6691,19.5061,0.2142,PHASE_2_DRIVING,16.26,3.25,575.4,250.3,172.32,-2000,-1980,,
2992,15:38:03.727,ROI,160,160,288,288,20.64,22.07,0.0,0.0,45.31,737.28,202.67,130.25,88.67,0.9344,12.1000,18.2100,0.0000,0.0000,0.8530,0,18.2100,15.0236,19.5530,3.6267,18.5740,0.2161,PHASE_2_DRIVING,16.40,2.18,575.4,250.3,168.74,-2000,-1918,,
2993,15:38:03.791,ROI,160,160,288,288,29.20,30.89,0.0,0.0,32.37,733.45,202.90,128.79,85.21,0.9067,13.9300,17.2200,0.0000,0.0000,0.8881,0,17.2200,14.9758,18.4418,3.5705,17.6834,0.2188,PHASE_2_DRIVING,16.69,0.99,575.4,250.3,165.01,-2000,-1829,,
2994,15:38:03.840,ROI,160,160,288,288,20.90,22.24,21.6,0.0,44.96,731.02,203.22,129.15,86.94,0.9441,14.1700,16.6300,0.0000,0.0000,0.9010,0,16.6300,15.0384,17.3250,3.5454,16.8220,0.2200,PHASE_2_DRIVING,16.83,-0.01,575.4,250.3,162.58,-2000,-1809,,
2995,15:38:03.901,ROI,160,160,288,288,14.70,15.82,0.0,0.0,63.21,727.08,204.46,128.34,86.76,0.9150,13.9000,17.1900,0.0000,0.0000,0.8864,0,17.1900,15.2331,16.2422,3.5042,16.0182,0.2220,PHASE_2_DRIVING,16.82,-0.80,575.4,250.3,158.45,-2000,-1804,,
2996,15:38:03.966,ROI,160,160,288,288,17.49,18.68,0.0,0.0,53.52,723.27,204.18,130.95,86.09,0.9361,15.2000,15.9000,0.0000,0.0000,0.9257,0,15.9000,15.2072,15.2261,3.4829,15.2219,0.2231,PHASE_2_DRIVING,17.32,-2.10,575.4,250.3,154.90,-2000,-1648,,
2997,15:38:04.014,ROI,160,160,288,288,16.30,17.36,0.0,22.5,57.61,719.85,204.88,127.60,87.68,0.9319,14.7600,19.0800,0.0000,0.0000,0.8882,0,19.0800,15.8012,14.3184,3.4421,14.6522,0.2251,PHASE_2_DRIVING,17.45,-2.80,575.4,250.3,151.42,-2000,-1714,,
2998,15:38:04.143,ROI,160,160,256,256,17.15,18.14,0.0,0.0,55.14,712.42,205.86,129.10,83.52,0.8508,14.5800,16.2700,0.0000,0.0000,0.8762,0,16.2700,15.9623,13.4762,3.4952,14.0292,0.2225,PHASE_2_DRIVING,17.97,-3.94,575.4,250.3,144.05,-2000,-1584,,
2999,15:38:04.191,ROI,160,160,288,288,14.49,16.00,0.0,0.0,62.49,708.40,206.71,129.17,87.46,0.8984,16.1200,19.8600,0.0000,0.0000,0.9118,0,19.8600,16.8732,12.6396,3.5354,13.5730,0.2205,PHASE_2_DRIVING,18.15,-4.57,575.4,250.3,139.96,-2000,-1636,,
3000,15:38:04.255,ROI,160,160,288,288,15.95,17.32,8.175,0.0,57.74,705.84,207.26,126.49,85.79,0.9425,14.6200,17.1500,0.0000,0.0000,0.9289,0,17.1500,17.1005,11.7675,3.5910,12.9291,0.2178,PHASE_2_DRIVING,18.26,-5.33,575.4,250.3,137.36,-2000,-1578,,
3001,15:38:04.318,ROI,160,160,256,256,15.91,17.22,0.0,0.0,58.07,703.43,208.02,124.70,82.90,0.9303,16.6900,16.9300,0.0000,0.0000,0.9380,0,16.9300,17.2075,10.9126,3.6279,12.2728,0.2161,PHASE_2_DRIVING,18.27,-6.00,575.4,250.3,134.83,-2000,-1561,,
3002,15:38:04.366,ROI,160,160,256,256,17.91,18.84,12.45,0.0,53.07,701.06,208.38,126.29,83.28,0.9548,16.4200,15.6700,0.0000,0.0000,0.9432,0,15.6700,16.9616,10.1987,3.6359,11.6575,0.2157,PHASE_2_DRIVING,18.45,-6.79,575.4,250.3,132.47,-2000,-1505,,
3003,15:38:04.430,ROI,160,160,256,256,19.62,20.92,0.0,0.0,47.80,695.08,209.10,125.97,82.72,0.8945,15.6200,17.1600,0.0000,0.0000,0.8693,0,17.1600,17.0677,9.5641,3.7100,11.1573,0.2123,PHASE_2_DRIVING,18.99,-7.84,575.4,250.3,126.57,-2000,-1419,,
3004,15:38:04.479,ROI,160,160,256,256,13.98,14.99,0.0,0.0,66.69,695.29,208.82,126.43,82.64,0.9896,15.7600,16.1300,0.0000,0.0000,0.9478,0,16.1300,16.8353,9.0010,3.6932,10.6703,0.2131,PHASE_2_DRIVING,19.08,-8.41,575.4,250.3,126.86,-2000,-1463,,
3005,15:38:04.607,ROI,160,160,256,256,11.48,12.84,0.0,0.0,77.87,688.02,210.83,125.79,84.54,0.8515,14.6200,18.0700,0.0000,0.0000,0.8234,0,18.0700,16.9911,8.5648,3.7663,10.3327,0.2098,PHASE_2_DRIVING,19.31,-8.98,575.4,250.3,119.34,-2000,-1439,,
3006,15:38:04.655,ROI,160,160,256,256,18.66,19.70,11.25,0.0,50.76,683.09,211.38,127.60,84.70,0.9136,13.4100,18.8200,0.0000,0.0000,0.8133,0,18.8200,17.3723,8.1627,3.8289,10.0699,0.2071,PHASE_2_DRIVING,19.87,-9.80,575.4,250.3,114.51,-2000,-1367,,
3007,15:38:04.718,ROI,160,160,256,256,16.05,17.50,8.95,0.0,57.14,682.18,211.21,131.52,87.07,0.9438,12.6700,20.3300,0.0000,0.0000,0.8402,0,20.3300,18.0643,7.8557,3.8054,9.9801,0.2081,PHASE_2_DRIVING,20.11,-10.13,575.4,250.3,113.71,-2000,-1424,,
3008,15:38:04.783,ROI,160,160,288,288,17.62,18.73,8.175,0.0,53.38,678.35,212.30,129.55,86.29,0.9201,15.6500,21.4100,0.0000,0.0000,0.8688,0,21.4100,18.8205,7.6873,3.7893,10.0119,0.2088,PHASE_2_DRIVING,20.26,-10.25,575.4,250.3,109.74,-2000,-1448,,
3009,15:38:04.830,ROI,160,160,288,288,16.41,17.48,14.0,22.35,57.20,674.92,214.27,129.22,86.09,0.9071,16.3100,21.6300,0.0000,0.0000,0.8692,0,21.6300,19.5387,7.7450,3.7771,10.2138,0.2093,PHASE_2_DRIVING,19.90,-9.69,575.4,250.3,105.84,-2000,-1580,,
3010,15:38:04.897,ROI,160,160,288,288,24.88,26.27,0.0,14.875,38.07,673.05,215.37,129.80,85.81,0.9472,15.5800,21.9400,0.0000,0.0000,0.8660,0,21.9400,20.3744,8.0378,3.7334,10.6441,0.2113,PHASE_2_DRIVING,19.68,-9.04,575.4,250.3,103.71,-2000,-1626,,
3011,15:38:05.007,ROI,160,160,288,288,21.47,22.88,4.65,34.225,43.70,666.02,216.57,132.66,87.39,0.8748,14.5900,22.8000,0.0000,0.0000,0.7923,0,22.8000,21.2107,8.4928,3.7548,11.1676,0.2103,PHASE_2_DRIVING,20.42,-9.25,575.4,250.3,96.69,-2000,-1480,,
3012,15:38:05.070,ROI,160,160,288,288,20.81,22.21,0.0,17.6,45.03,661.28,218.72,133.70,85.99,0.8878,15.3900,23.9100,0.0000,0.0000,0.8252,0,23.9100,22.1108,9.1217,3.7716,11.8439,0.2096,PHASE_2_DRIVING,20.19,-8.35,575.4,250.3,91.51,-2000,-1704,,
3013,15:38:05.118,ROI,160,160,288,288,20.46,21.37,0.0,0.0,46.79,660.14,219.06,128.90,84.55,0.9479,15.2200,23.8000,0.0000,0.0000,0.8344,0,23.8000,22.9228,9.9270,3.7434,12.6668,0.2108,PHASE_2_DRIVING,20.24,-7.57,575.4,250.3,90.31,-2000,-1722,,
3014,15:38:05.181,ROI,160,160,288,288,20.45,21.65,0.0,18.05,46.18,655.59,221.47,130.27,84.73,0.8824,16.4600,22.3300,0.0000,0.0000,0.8571,0,22.3300,23.1747,10.8849,3.7335,13.4813,0.2113,PHASE_2_DRIVING,19.78,-6.30,575.4,250.3,85.22,-2000,-1881,,
3015,15:38:05.245,ROI,160,160,288,288,14.57,15.79,0.0,0.0,63.33,655.31,221.67,128.88,84.15,0.9826,15.3900,23.9100,0.0000,0.0000,0.8642,0,23.9100,23.9905,11.9784,3.6546,14.5591,0.2148,PHASE_2_DRIVING,19.71,-5.16,575.4,250.3,84.88,-2000,-1920,,
3016,15:38:05.295,ROI,160,160,288,288,17.27,18.31,11.75,0.0,54.62,654.23,222.37,126.13,82.82,0.9623,15.6800,21.5000,0.0000,0.0000,0.8596,0,21.5000,23.9160,13.1439,3.6062,15.4826,0.2171,PHASE_2_DRIVING,19.51,-4.03,575.4,250.3,83.63,-2000,-1984,,
3017,15:38:05.408,ROI,160,160,256,256,12.74,13.99,0.0,0.0,71.50,648.18,223.23,124.11,81.41,0.8896,14.0800,21.8800,0.0000,0.0000,0.8018,0,21.8800,24.2265,14.2840,3.6202,16.4359,0.2164,PHASE_2_DRIVING,20.40,-3.97,575.4,250.3,77.65,-2000,-1787,,
3018,15:38:05.471,ROI,160,160,256,256,13.68,15.24,7.85,0.0,65.63,643.74,225.77,125.23,82.69,0.8772,15.0000,22.7500,0.0000,0.0000,0.8605,0,22.7500,24.3785,15.4225,3.6441,17.3510,0.2153,PHASE_2_DRIVING,19.75,-2.39,575.4,250.3,72.61,-1738,-1893,,
3019,15:38:05.534,ROI,160,160,256,256,21.98,23.30,8.2,0.0,42.92,643.69,225.93,126.21,84.30,0.9732,16.9600,24.6400,0.0000,0.0000,0.8891,0,24.6400,24.7946,16.5649,3.5865,18.3592,0.2180,PHASE_2_DRIVING,19.64,-1.28,575.4,250.3,72.51,-1747,-1879,,
3020,15:38:05.582,ROI,160,160,256,256,16.03,17.04,32.175,0.0,58.68,639.58,227.94,127.79,83.31,0.8946,16.3200,21.7200,0.0000,0.0000,0.8967,0,21.7200,24.3378,17.7623,3.5272,19.2148,0.2209,PHASE_2_DRIVING,19.21,0.01,575.4,250.3,67.96,-1589,-1809,,
3021,15:38:05.646,ROI,160,160,256,256,19.09,20.29,0.0,0.0,49.28,637.08,228.90,128.75,84.30,0.9404,17.0200,22.2700,0.0000,0.0000,0.9095,0,22.2700,24.0530,18.9157,3.4980,20.0578,0.2223,PHASE_2_DRIVING,19.13,0.93,575.4,250.3,65.29,-1535,-1730,,
3022,15:38:05.710,ROI,160,160,288,288,14.95,15.85,0.0,0.0,63.07,633.72,230.43,128.81,84.20,0.9163,18.4200,22.6100,0.0000,0.0000,0.8763,0,22.6100,23.6337,20.0309,3.4017,20.8494,0.2272,PHASE_2_DRIVING,18.81,2.04,575.4,250.3,61.62,-1408,-1673,,
3023,15:38:05.759,ROI,160,160,288,288,14.32,15.58,0.0,25.075,64.19,631.02,231.35,127.82,83.18,0.9383,16.3500,21.8600,0.0000,0.0000,0.8755,0,21.8600,23.1628,21.0949,3.3687,21.5682,0.2289,PHASE_2_DRIVING,18.81,2.75,575.4,250.3,58.76,-1356,-1582,,
3024,15:38:05.887,ROI,160,160,256,256,23.43,25.14,3.45,0.0,39.77,625.69,234.17,128.42,82.69,0.8619,15.9000,22.7400,0.0000,0.0000,0.8867,0,22.7400,22.8888,22.0215,3.4101,22.2181,0.2268,PHASE_2_DRIVING,17.79,4.43,575.4,250.3,52.81,-1122,-1519,,
3025,15:38:05.934,ROI,160,160,288,288,16.95,18.22,0.0,42.875,54.87,622.82,234.59,128.90,82.62,0.9468,17.5200,26.9500,0.0000,0.0000,0.9113,0,26.9500,23.5756,22.7392,3.3889,22.9298,0.2278,PHASE_2_DRIVING,18.32,4.61,575.4,250.3,49.96,-1152,-1346,,
3026,15:38:05.999,ROI,160,160,288,288,15.36,16.46,0.0,23.75,60.77,619.75,236.12,126.43,83.81,0.9195,18.8100,28.3600,0.0000,0.0000,0.9222,0,28.3600,24.5547,23.2602,3.3739,23.5562,0.2286,PHASE_2_DRIVING,17.73,5.83,575.4,250.3,46.56,-991,-1337,,
3027,15:38:06.047,ROI,160,160,256,256,18.22,19.16,0.0,20.4,52.18,617.27,235.52,131.20,81.55,0.9373,14.9000,25.5500,0.0000,0.0000,0.8449,0,25.5500,24.8613,23.5843,3.3414,23.8785,0.2303,PHASE_2_DRIVING,19.44,4.44,575.4,250.3,44.40,-1114,-1107,,
3028,15:38:06.110,ROI,160,160,288,288,19.98,21.29,0.0,18.35,46.98,613.69,238.08,125.08,83.07,0.8904,19.3200,26.5800,0.0000,0.0000,0.9159,0,26.5800,25.3443,23.8446,3.2994,24.1934,0.2326,PHASE_2_DRIVING,17.70,6.49,575.4,250.3,40.19,-804,-1206,,
3029,15:38:06.178,ROI,160,160,256,256,19.26,20.70,0.0,0.0,48.30,610.65,237.15,128.16,83.97,0.9326,15.9300,27.6100,0.0000,0.0000,0.8806,0,27.6100,26.0523,23.8060,3.3063,24.3276,0.2322,PHASE_2_DRIVING,20.46,3.87,575.4,250.3,37.62,-1009,-872,,
3030,15:38:06.224,ROI,160,160,288,288,22.65,24.00,15.325,0.0,41.66,606.54,239.61,125.26,85.19,0.8860,18.6900,26.3100,0.0000,0.0000,0.9178,0,26.3100,26.5332,23.5984,3.3764,24.2690,0.2285,PHASE_2_DRIVING,18.94,5.32,575.4,250.3,32.93,-698,-949,,
3031,15:38:06.350,ROI,160,160,256,256,16.72,17.96,0.0,21.75,55.67,600.32,240.41,122.78,84.06,0.8882,16.2500,29.1800,0.0000,0.0000,0.8953,0,29.1800,27.5472,23.1665,3.4563,24.1496,0.2244,PHASE_2_DRIVING,21.65,2.50,575.4,250.3,26.81,-740,-601,,
3032,15:38:06.398,ROI,160,160,256,256,16.65,18.24,0.0,21.425,54.82,598.51,241.12,120.45,81.95,0.9464,16.0400,27.1900,0.0000,0.0000,0.8971,0,27.1900,27.8961,22.6062,3.5396,23.7715,0.2203,PHASE_2_DRIVING,21.66,2.11,575.4,250.3,24.87,-614,-629,,
3033,15:38:06.462,ROI,160,160,256,256,12.63,13.75,0.0,0.0,72.74,596.58,241.85,120.91,82.16,0.9516,15.3700,27.5300,0.0000,0.0000,0.8899,0,27.5300,28.4050,21.9596,3.5415,23.3788,0.2202,PHASE_2_DRIVING,21.76,1.62,575.4,250.3,22.80,-570,-570,,
3034,15:38:06.527,ROI,160,160,256,256,15.87,17.05,0.0,22.925,58.66,595.30,242.07,119.06,82.77,0.9718,16.4000,27.6100,0.0000,0.0000,0.8993,0,27.6100,28.5989,21.2438,3.4624,22.8921,0.2241,PHASE_2_DRIVING,22.47,0.42,575.4,250.3,21.53,-567,-509,,
3035,15:38:06.576,ROI,160,160,256,256,15.53,16.65,0.0,23.45,60.06,594.34,243.04,119.66,82.96,0.9616,16.3700,27.0200,0.0000,0.0000,0.8953,0,27.0200,28.6071,20.4064,3.3944,22.2725,0.2276,PHASE_2_DRIVING,20.97,1.30,575.4,250.3,20.29,-475,-539,,
3036,15:38:06.639,ROI,160,160,256,256,17.01,18.07,0.0,0.0,55.34,592.85,243.53,121.95,81.92,0.9636,16.5800,25.1700,0.0000,0.0000,0.8808,0,25.1700,28.2431,19.5518,3.3341,21.5571,0.2307,PHASE_2_DRIVING,21.21,0.34,575.4,250.3,18.72,-488,-448,,
3037,15:38:06.686,ROI,160,160,256,256,21.83,23.19,0.0,0.0,43.12,592.24,244.15,122.13,82.66,0.9752,16.9600,27.6400,0.0000,0.0000,0.8888,0,27.6400,28.5522,18.7297,3.1782,21.0806,0.2393,PHASE_2_DRIVING,20.06,1.02,575.4,250.3,17.93,-426,-470,,
3038,15:38:06.814,ROI,160,160,256,256,16.60,17.48,0.0,0.0,57.20,589.89,244.34,123.55,83.94,0.9479,16.5400,27.5200,2.2100,21.8300,0.8833,0,27.5200,28.4597,17.9717,3.0388,20.5685,0.2476,PHASE_2_DRIVING,22.37,-1.81,575.4,250.3,15.67,-458,-326,,
3039,15:38:06.862,ROI,160,160,256,256,17.97,19.05,12.775,0.0,52.48,588.26,245.57,124.85,83.84,0.9463,16.5400,25.5100,0.0000,0.0000,0.8822,0,25.5100,27.9151,17.3172,2.8775,20.0504,0.2579,PHASE_2_DRIVING,20.20,-0.15,575.4,250.3,13.71,-315,-370,,
3040,15:38:06.928,ROI,160,160,256,256,18.46,19.69,0.0,0.0,50.78,588.53,245.38,121.58,81.92,0.9516,16.0300,27.4800,0.0000,0.0000,0.8697,0,27.4800,27.7547,16.8072,2.6760,19.7853,0.2720,PHASE_2_DRIVING,20.53,-0.74,575.4,250.3,14.02,-365,-336,,
3041,15:38:06.991,ROI,160,160,256,256,18.37,19.50,0.0,0.0,51.29,587.31,245.48,123.09,82.50,0.9735,15.7300,27.8700,2.0500,20.8900,0.8643,0,27.8700,27.5054,16.4135,2.4532,19.6256,0.2896,PHASE_2_DRIVING,22.03,-2.40,575.4,250.3,12.85,-360,-283,,
3042,15:38:07.039,ROI,160,160,256,256,18.10,19.35,13.75,0.0,51.67,586.82,246.07,123.38,81.50,0.9780,16.5300,26.2500,2.0400,20.4600,0.8698,0,26.2500,26.9168,16.2732,2.2631,19.5350,0.3065,PHASE_2_DRIVING,20.31,-0.77,575.4,250.3,12.18,-283,-326,,
3043,15:38:07.102,ROI,160,160,256,256,21.02,22.37,9.075,0.0,44.69,585.33,246.22,123.15,82.77,0.9613,16.2900,27.1400,0.0000,0.0000,0.8974,0,27.1400,26.9165,16.2904,2.0712,19.7503,0.3256,PHASE_2_DRIVING,22.32,-2.57,575.4,250.3,10.73,-303,-234,,
3044,15:38:07.166,ROI,160,160,256,256,20.88,22.24,0.0,0.0,44.96,585.29,246.45,125.82,84.34,0.9606,15.9300,28.9800,0.0000,0.0000,0.8872,0,28.9800,27.4463,16.5626,1.8669,20.3589,0.3488,PHASE_2_DRIVING,21.28,-0.93,575.4,250.3,10.61,-247,-283,,
3045,15:38:07.214,ROI,160,160,256,256,19.19,20.47,0.0,0.0,48.85,584.84,246.45,125.57,83.82,0.9869,15.3800,28.3100,0.0000,0.0000,0.8843,0,28.3100,27.5157,16.9023,1.6383,20.9251,0.3790,PHASE_2_DRIVING,22.20,-1.27,575.4,250.3,10.20,-264,-246,,
3046,15:38:07.328,ROI,160,160,256,256,27.99,29.44,0.0,0.0,33.97,583.06,247.50,123.06,83.39,0.9477,15.7000,27.8500,0.0000,0.0000,0.8806,0,27.8500,27.5571,17.6266,1.4580,21.6667,0.4068,PHASE_3_FINAL_ALIGNING,2.30,19.37,575.4,250.3,8.15,387,-387,,
3047,15:38:07.390,ROI,160,160,256,256,25.44,26.78,0.0,0.0,37.34,582.95,247.69,123.70,83.58,0.9905,16.1300,27.6800,0.0000,0.0000,0.8997,0,27.6800,27.6558,18.3905,1.2645,22.4821,0.4416,PHASE_3_FINAL_ALIGNING,2.30,20.18,575.4,250.3,7.99,404,-404,,
3048,15:38:07.455,ROI,160,160,256,256,23.82,25.41,10.325,0.0,39.35,583.18,247.22,123.73,82.88,0.9852,16.4300,26.7000,0.0000,0.0000,0.9010,0,26.7000,27.4082,19.3556,1.0957,23.1980,0.4772,PHASE_3_FINAL_ALIGNING,2.30,20.90,575.4,250.3,8.37,418,-418,,
3049,15:38:07.502,ROI,160,160,256,256,23.83,25.22,17.65,0.0,39.65,582.58,247.96,126.24,84.10,0.9630,16.2900,27.0800,0.0000,0.0000,0.8975,0,27.0800,27.5505,20.2760,1.0103,23.8946,0.4974,PHASE_3_FINAL_ALIGNING,2.30,21.59,575.4,250.3,7.56,432,-432,,
3050,15:38:07.566,ROI,160,160,256,256,21.54,22.84,0.0,0.0,43.79,582.24,247.85,124.51,83.92,0.9837,16.0100,26.5900,0.0000,0.0000,0.8935,0,26.5900,27.4082,21.1101,0.9280,24.3767,0.5187,PHASE_3_FINAL_ALIGNING,2.30,22.08,575.4,250.3,7.27,442,-442,,
3051,15:38:07.630,ROI,160,160,256,256,20.52,21.94,0.0,0.0,45.59,581.94,248.33,124.90,84.35,0.9839,16.6800,27.9600,0.0000,0.0000,0.8994,0,27.9600,27.5947,21.9185,0.8581,24.9733,0.5382,PHASE_3_FINAL_ALIGNING,2.30,22.67,575.4,250.3,6.83,453,-453,,
3052,15:38:07.679,ROI,160,160,256,256,27.58,28.99,0.0,0.0,34.49,582.44,248.38,123.12,83.46,0.9753,16.7400,27.1800,0.0000,0.0000,0.9130,0,27.1800,27.6228,22.6759,0.7722,25.4673,0.5643,PHASE_3_FINAL_ALIGNING,2.30,23.17,575.4,250.3,7.30,463,-463,,
3053,15:38:07.791,ROI,160,160,256,256,25.74,27.09,28.1,0.0,36.92,581.09,248.74,127.23,84.13,0.9596,17.8700,23.6200,0.0000,0.0000,0.9163,0,23.6200,26.8643,23.4424,0.7058,25.4485,0.5863,PHASE_3_FINAL_ALIGNING,2.30,23.15,575.4,250.3,5.90,463,-463,,
3054,15:38:07.856,ROI,160,160,256,256,27.53,28.82,0.0,0.0,34.70,582.25,248.78,124.58,83.31,0.9696,17.9800,24.5900,0.0000,0.0000,0.9183,0,24.5900,26.1584,24.3755,0.6222,25.4745,0.6164,PHASE_3_FINAL_ALIGNING,2.30,23.17,575.4,250.3,7.01,463,-463,,
3055,15:38:07.920,ROI,160,160,256,256,25.29,26.76,0.0,0.0,37.37,580.61,248.59,125.25,83.28,0.9697,18.0100,22.5500,0.0000,0.0000,0.9021,0,22.5500,25.3195,25.3290,0.5552,25.3229,0.6430,PHASE_3_FINAL_ALIGNING,2.30,23.02,575.4,250.3,5.48,460,-460,,
3056,15:38:07.967,ROI,160,160,256,256,24.92,26.09,0.0,0.0,38.32,581.42,248.58,124.80,83.42,0.9853,18.1400,23.9200,0.0000,0.0000,0.9100,0,23.9200,24.8371,26.1213,0.4926,25.2609,0.6700,PHASE_3_FINAL_ALIGNING,2.30,22.96,575.4,250.3,6.27,459,-459,,
3057,15:38:08.031,ROI,160,160,256,256,24.16,25.36,10.275,0.0,39.43,581.61,248.82,124.00,82.18,0.9787,17.4800,19.6800,0.0000,0.0000,0.9363,0,19.6800,23.3266,27.1078,0.4489,24.4981,0.6902,PHASE_3_FINAL_ALIGNING,2.30,22.20,575.4,250.3,6.38,444,-444,,
3058,15:38:08.094,ROI,160,160,256,256,26.94,28.28,10.325,0.0,35.35,581.48,248.90,125.79,82.06,0.9839,18.1400,18.3400,0.0000,0.0000,0.9472,0,18.3400,21.8630,28.3648,0.3869,23.6769,0.7210,PHASE_3_FINAL_ALIGNING,2.30,21.38,575.4,250.3,6.24,428,-428,,
3059,15:38:08.206,ROI,160,160,256,256,32.99,34.25,9.275,0.0,29.20,581.90,249.70,124.85,82.26,0.9734,18.4600,15.9100,0.0000,0.0000,0.9589,0,15.9100,20.1058,30.2316,0.3322,22.6309,0.7506,PHASE_3_FINAL_ALIGNING,2.30,20.33,575.4,250.3,6.52,407,-407,,
3060,15:38:08.270,ROI,160,160,256,256,25.16,26.44,13.15,0.0,37.83,582.18,249.78,121.97,82.00,0.9739,16.1400,14.1500,0.0000,0.0000,0.9501,0,14.1500,18.0181,33.3627,0.2779,21.3549,0.7825,PHASE_3_FINAL_ALIGNING,2.30,19.05,575.4,250.3,6.80,381,-381,,
3061,15:38:08.319,ROI,160,160,256,256,31.81,33.44,17.85,0.0,29.91,580.93,249.27,123.66,81.87,0.9677,15.4700,14.1500,0.0000,0.0000,0.9304,0,14.1500,16.2416,36.3143,0.2483,20.2341,0.8011,PHASE_3_FINAL_ALIGNING,2.30,17.93,575.4,250.3,5.62,359,-359,,
3062,15:38:08.382,ROI,160,160,256,256,32.69,33.99,13.25,0.0,29.42,583.09,249.90,124.70,82.94,0.9515,17.2600,11.7900,0.0000,0.0000,0.9445,0,11.7900,14.4144,41.5217,0.1959,18.8544,0.8362,PHASE_3_FINAL_ALIGNING,2.30,16.55,575.4,250.3,7.70,331,-331,,
3063,15:38:08.446,ROI,160,160,256,256,34.42,35.71,0.0,0.0,28.01,580.46,249.59,122.88,81.94,0.9469,15.7200,14.1400,0.0000,0.0000,0.8962,0,14.1400,13.2954,46.5139,0.1678,18.0688,0.8563,PHASE_3_FINAL_ALIGNING,2.30,15.77,575.4,250.3,5.11,315,-315,,
3064,15:38:08.498,ROI,160,160,256,256,25.93,27.25,0.0,0.0,36.70,582.98,249.83,126.22,83.49,0.9426,18.0800,8.8200,0.0000,0.0000,0.9360,0,8.8200,11.2849,53.5423,0.1492,16.7709,0.8702,PHASE_3_FINAL_ALIGNING,2.30,14.47,575.4,250.3,7.59,289,-289,,
3065,15:38:08.624,ROI,160,160,256,256,23.43,24.70,0.0,0.0,40.49,581.02,250.22,125.23,82.99,0.9606,16.6600,6.2400,0.0000,0.0000,0.8675,0,6.2400,9.0613,60.0702,0.1521,15.7942,0.8680,PHASE_3_FINAL_ALIGNING,2.30,13.49,575.4,250.3,5.62,270,-270,,
3066,15:38:08.671,ROI,160,160,256,256,24.09,25.51,0.0,15.325,39.20,581.80,250.42,122.99,81.78,0.9677,16.7600,6.1900,0.0000,0.0000,0.9062,0,6.1900,7.0948,67.6667,0.1395,14.5095,0.8776,PHASE_3_FINAL_ALIGNING,2.30,12.21,575.4,250.3,6.40,244,-244,,
3067,15:38:08.734,ROI,160,160,256,256,24.76,26.29,0.0,14.85,38.03,581.86,250.40,123.46,81.30,0.9904,17.3100,6.4700,0.0000,0.0000,0.9044,0,6.4700,5.5876,75.7305,0.1386,14.1236,0.8783,PHASE_3_FINAL_ALIGNING,2.30,11.82,575.4,250.3,6.46,236,-236,,
3068,15:38:08.799,ROI,160,160,256,256,22.98,24.34,10.1,0.0,41.09,581.40,250.64,121.71,80.85,0.9801,16.5200,5.6400,0.0000,0.0000,0.8992,0,5.6400,4.2177,82.9813,0.1363,13.6627,0.8801,PHASE_3_FINAL_ALIGNING,2.30,11.36,575.4,250.3,6.01,227,-227,,
3069,15:38:08.847,ROI,160,160,256,256,25.45,26.70,33.825,0.0,37.45,581.72,250.61,121.90,80.58,0.9914,18.9600,2.4500,0.0000,0.0000,0.8619,0,2.4500,2.7146,89.5508,0.1372,13.1902,0.8794,PHASE_3_FINAL_ALIGNING,2.30,10.89,575.4,250.3,6.33,218,-218,,
3070,15:38:08.912,ROI,160,160,256,256,22.27,23.53,0.0,0.0,42.49,581.64,250.43,122.40,80.14,0.9906,20.0700,1.9200,0.0000,0.0000,0.8525,0,1.9200,1.4639,59.3773,0.1326,8.2422,0.8830,PHASE_3_FINAL_ALIGNING,2.30,5.94,575.4,250.3,6.24,119,-119,,
3071,15:38:08.977,ROI,160,160,256,256,24.25,25.85,28.2,0.0,38.68,581.46,250.43,122.29,80.29,0.9953,20.7700,1.3600,0.0000,0.0000,0.8461,0,1.3600,0.1461,29.9273,0.1283,3.5315,0.8863,PHASE_3_FINAL_ALIGNING,2.30,1.23,575.4,250.3,6.07,25,-25,,
3072,15:38:09.023,ROI,160,160,256,256,31.84,33.19,19.05,0.0,30.13,581.40,250.45,122.10,79.97,0.9945,21.1800,0.9700,0.0000,0.0000,0.8570,0,0.9700,-0.7531,3.3024,0.1233,-0.3079,0.8902,PHASE_3_FINAL_ALIGNING,2.30,-2.61,575.4,250.3,6.00,-52,52,,
3073,15:38:09.151,ROI,160,160,256,256,24.61,25.94,12.4,0.0,38.54,581.70,250.67,123.94,79.81,0.9797,20.8300,-0.0800,0.0000,0.0000,0.8579,0,-0.0800,-1.6795,13.7912,0.1143,-0.0931,0.8975,PHASE_3_FINAL_ALIGNING,2.30,-2.39,575.4,250.3,6.31,-48,48,,
3074,15:38:09.197,ROI,160,160,256,256,23.15,24.68,0.0,0.0,40.51,581.56,250.96,123.90,79.71,0.9905,20.3800,-0.0600,0.0000,0.0000,0.8516,0,-0.0600,-2.0526,22.4404,0.1067,0.3081,0.9036,PHASE_3_FINAL_ALIGNING,2.30,-1.99,575.4,250.3,6.20,-40,40,,
3075,15:38:09.262,ROI,160,160,256,256,24.16,25.56,0.0,0.0,39.13,581.50,251.01,123.76,79.82,0.9974,20.3000,-0.0700,0.0000,0.0000,0.8347,0,-0.0700,-2.4782,29.6547,0.0998,0.4383,0.9092,PHASE_3_FINAL_ALIGNING,2.30,-1.86,575.4,250.3,6.14,-37,37,,
3076,15:38:09.328,ROI,160,160,256,256,23.45,24.87,9.675,0.0,40.21,581.93,250.89,123.25,80.38,0.9861,19.7500,0.3600,0.0000,0.0000,0.8422,0,0.3600,-2.6181,36.0114,0.0872,0.4813,0.9198,PHASE_3_FINAL_ALIGNING,2.30,-1.82,575.4,250.3,6.55,-36,36,,
3077,15:38:09.376,ROI,160,160,256,256,35.01,36.06,17.125,0.0,27.73,581.50,251.15,123.47,79.82,0.9861,20.3600,0.6700,0.0000,0.0000,0.8337,0,0.6700,-2.6492,42.1246,0.0906,1.0713,0.9169,PHASE_3_FINAL_ALIGNING,2.30,-1.23,575.4,250.3,6.16,-25,25,,
3078,15:38:09.441,ROI,160,160,256,256,30.47,31.79,13.35,0.0,31.45,581.86,250.92,122.88,80.30,0.9881,19.6900,0.3800,0.0000,0.0000,0.8398,0,0.3800,-2.6678,13.1483,0.0873,-1.3974,0.9197,PHASE_3_FINAL_ALIGNING,2.30,-3.70,575.4,250.3,6.49,-74,74,,
3079,15:38:09.490,ROI,160,160,256,256,25.33,26.72,23.2,14.625,37.43,581.37,251.14,123.46,79.74,0.9851,20.2500,0.8200,0.0000,0.0000,0.8406,0,0.8200,-2.3547,20.5658,0.0801,-0.6546,0.9258,PHASE_4_FWD_BWD,2.30,-2.95,575.4,250.3,6.03,0,0,,
3080,15:38:09.615,ROI,160,160,256,256,24.85,26.08,4.0,0.0,38.35,581.78,250.92,122.86,80.43,0.9848,19.4500,0.5600,2.1200,1.0700,0.8387,0,0.5600,-2.1233,-3.5107,0.0714,-2.2157,0.9334,PHASE_4_FWD_BWD,2.30,-4.52,575.4,250.3,6.41,0,0,,
3081,15:38:09.662,ROI,160,160,256,256,23.43,24.65,0.0,0.0,40.56,581.35,251.10,123.44,79.58,0.9826,20.2700,0.9400,0.0000,0.0000,0.8444,0,0.9400,-1.3559,7.0208,0.0637,-0.8543,0.9401,PHASE_4_FWD_BWD,2.30,-3.15,575.4,250.3,6.01,0,0,,
3082,15:38:09.726,ROI,160,160,256,256,15.78,17.00,0.0,0.0,58.81,581.72,250.94,122.94,80.30,0.9852,19.5800,0.7800,2.0900,1.0600,0.8335,0,0.7800,-0.9808,-12.7410,0.0488,-1.5283,0.9534,PHASE_4_FWD_BWD,2.30,-3.83,575.4,250.3,6.35,0,0,,
3083,15:38:09.790,ROI,160,160,256,256,16.81,18.14,0.0,0.0,55.12,581.38,250.99,123.57,79.38,0.9831,20.3800,0.7100,0.0000,0.0000,0.8481,0,0.7100,-0.7657,3.4091,0.0433,-0.5923,0.9585,PHASE_4_FWD_BWD,2.30,-2.89,575.4,250.3,6.02,0,0,,
3084,15:38:09.839,ROI,160,160,256,256,21.64,22.98,0.0,0.0,43.52,581.45,251.01,123.65,79.38,0.9986,20.5600,0.5900,0.0000,0.0000,0.8424,0,0.5900,-0.4836,20.5231,0.0400,0.3246,0.9615,PHASE_4_FWD_BWD,2.30,-1.98,575.4,250.3,6.09,0,0,,
3085,15:38:09.902,ROI,160,160,256,256,24.23,25.39,0.0,0.0,39.38,582.20,250.78,122.40,80.03,0.9798,19.4900,0.8800,0.0000,0.0000,0.8295,0,0.8800,-0.0129,7.0634,0.0319,0.2061,0.9691,PHASE_4_FWD_BWD,2.30,-2.09,575.4,250.3,6.82,0,0,,
3086,15:38:09.966,ROI,160,160,256,256,35.75,36.97,0.0,31.7,27.05,582.16,250.58,123.23,79.73,0.9883,20.7400,0.4100,0.0000,0.0000,0.8483,0,0.4100,0.3675,0.0862,0.0267,0.3602,0.9740,PHASE_4_FWD_BWD,2.30,-1.94,575.4,250.3,6.77,0,0,,
3087,15:38:10.018,ROI,160,160,256,256,17.70,18.98,53.025,0.0,52.70,582.58,250.74,123.50,79.54,0.9893,19.5100,1.6300,0.0000,0.0000,0.8355,0,1.6300,0.7350,2.0292,0.0362,0.7802,0.9650,PHASE_4_FWD_BWD,2.30,-1.52,575.4,250.3,7.19,0,0,,
3088,15:38:10.143,ROI,160,160,256,256,16.97,17.98,3.675,0.0,55.63,584.93,250.48,123.26,79.70,0.9565,20.4100,-0.1300,0.0000,0.0000,0.8946,0,-0.1300,0.6977,-8.0902,0.0880,-0.0132,0.9191,PHASE_4_FWD_BWD,2.30,-2.31,575.4,250.3,9.53,0,0,,
3089,15:38:10.190,ROI,160,160,256,256,12.53,13.48,0.0,0.0,74.17,586.19,250.58,121.89,80.88,0.9655,19.5800,-0.2600,0.0000,0.0000,0.8553,0,-0.2600,0.6075,-19.2188,0.1559,-2.0660,0.8652,PHASE_4_FWD_BWD,2.30,-4.37,575.4,250.3,10.80,0,0,,
3090,15:38:10.254,ROI,160,160,256,256,17.03,18.01,7.8,0.0,55.53,586.98,250.53,119.55,80.14,0.9719,18.7900,0.8800,0.0000,0.0000,0.8713,0,0.8800,0.7357,-31.1396,0.2270,-5.1623,0.8150,PHASE_4_FWD_BWD,2.30,-7.46,575.4,250.3,11.58,0,0,,
3091,15:38:10.319,ROI,160,160,256,256,14.37,15.60,16.6,0.0,64.09,589.92,250.50,120.51,80.75,0.9451,19.4600,0.4000,0.0000,0.0000,0.8903,0,0.4000,0.6506,-25.6988,0.3438,-6.0905,0.7442,PHASE_4_FWD_BWD,2.30,-8.39,575.4,250.3,14.52,0,0,,
3092,15:38:10.366,ROI,160,160,256,256,16.77,17.71,12.125,0.0,56.48,591.02,250.82,120.46,81.38,0.9743,19.1700,0.8600,0.0000,0.0000,0.9504,0,0.8600,0.6535,-19.6055,0.4590,-5.7203,0.6854,PHASE_4_FWD_BWD,2.30,-8.02,575.4,250.3,15.62,0,0,,
3093,15:38:10.430,ROI,160,160,256,256,15.67,16.67,8.575,0.0,60.00,593.34,250.90,122.66,81.52,0.9607,20.6400,-1.0200,0.0000,0.0000,0.9302,0,-1.0200,0.2543,-12.7528,0.5943,-4.5941,0.6272,PHASE_4_FWD_BWD,2.30,-6.89,575.4,250.3,17.95,0,0,,
3094,15:38:10.477,ROI,160,160,256,256,15.46,16.65,12.725,0.0,60.04,595.22,251.06,123.31,81.54,0.9660,21.0700,-0.4500,0.0000,0.0000,0.9401,0,-0.4500,0.0363,-4.8516,0.7468,-2.0535,0.5725,PHASE_4_FWD_BWD,2.30,-4.35,575.4,250.3,19.84,0,0,,
3095,15:38:10.606,ROI,160,160,256,256,15.20,16.35,0.0,23.9,61.17,602.66,250.62,124.18,82.38,0.8776,20.2000,0.5900,0.0000,0.0000,0.8946,0,0.5900,0.0797,4.3619,0.9942,2.2146,0.5015,PHASE_4_FWD_BWD,2.30,-0.09,575.4,250.3,27.27,0,0,,
3096,15:38:10.654,ROI,160,160,256,256,16.94,18.18,12.55,21.5,55.02,607.50,250.69,126.82,81.98,0.9214,20.3300,0.6400,0.0000,0.0000,0.9137,0,0.6400,0.1026,-4.1727,1.2901,-2.3058,0.4367,PHASE_4_FWD_BWD,2.30,-4.61,575.4,250.3,32.11,0,0,,
3097,15:38:10.718,ROI,160,160,256,256,18.89,20.08,0.0,0.0,49.80,609.88,250.88,128.06,83.23,0.9491,21.7200,-0.5400,0.0000,0.0000,0.9422,0,-0.5400,-0.0718,3.9845,1.5650,2.4031,0.3899,PHASE_4_FWD_BWD,2.30,0.10,575.4,250.3,34.48,0,0,,
3098,15:38:10.783,ROI,160,160,288,288,12.59,13.68,8.725,0.0,73.10,612.33,250.45,127.01,79.81,0.9233,21.0200,-2.9600,0.0000,0.0000,0.9366,0,-2.9600,-0.7464,-4.1388,1.8322,-2.9411,0.3531,PHASE_4_FWD_BWD,2.30,-5.24,575.4,250.3,36.93,0,0,,
3099,15:38:10.830,ROI,160,160,256,256,21.15,22.05,11.675,0.0,45.34,617.87,250.45,125.23,81.89,0.8937,20.8000,0.0700,2.8700,6.1800,0.9230,0,0.0700,-0.6970,3.5552,2.1252,2.1946,0.3200,PHASE_4_FWD_BWD,2.30,-0.11,575.4,250.3,42.47,0,0,,
3100,15:38:10.897,ROI,160,160,256,256,29.89,31.19,0.0,0.0,32.06,620.18,250.59,128.82,85.23,0.9266,21.9700,-0.6400,0.0000,0.0000,0.9437,0,-0.6400,-0.7953,-4.5883,2.3905,-3.4696,0.2949,PHASE_4_FWD_BWD,2.30,-5.77,575.4,250.3,44.78,0,0,,
3101,15:38:11.007,ROI,160,160,288,288,11.06,12.05,0.0,0.0,82.99,629.18,249.95,126.38,81.50,0.8324,20.4500,-4.3800,0.0000,0.0000,0.9308,0,-4.3800,-1.6420,3.7974,2.7278,2.3383,0.2683,PHASE_4_FWD_BWD,2.30,0.04,575.4,250.3,53.78,0,0,,
3102,15:38:11.070,ROI,160,160,256,256,20.94,22.26,7.675,0.0,44.93,633.74,250.62,127.97,84.72,0.8965,18.7700,-2.4000,2.0400,13.7200,0.8669,0,-2.4000,-2.0075,13.5912,3.0475,9.7373,0.2471,PHASE_4_FWD_BWD,2.30,7.44,575.4,250.3,58.34,0,0,,
3103,15:38:11.135,ROI,160,160,256,256,31.03,32.35,0.0,0.0,30.91,636.14,250.94,126.98,85.17,0.9558,18.1700,-2.3000,3.0600,8.7800,0.8878,0,-2.3000,-2.2679,7.7135,3.3162,5.4010,0.2317,PHASE_4_FWD_BWD,2.30,3.10,575.4,250.3,60.74,0,0,,
3104,15:38:11.184,ROI,160,160,256,256,25.30,26.62,23.275,58.7,37.56,640.96,250.35,125.70,84.18,0.9140,16.8900,-0.8400,3.9400,-2.4500,0.8714,0,-0.8400,-2.2258,2.4529,3.5574,1.4263,0.2194,PHASE_4_FWD_BWD,2.30,-0.87,575.4,250.3,65.56,0,0,,
3105,15:38:11.247,ROI,160,160,256,256,24.04,25.27,0.0,0.0,39.57,643.89,250.21,126.06,83.23,0.9441,18.6600,-1.1200,2.8100,12.7500,0.9252,0,-1.1200,-2.0836,-0.4661,3.7368,-0.8076,0.2111,PHASE_4_FWD_BWD,2.30,-3.11,575.4,250.3,68.49,0,0,,
3106,15:38:11.311,ROI,160,160,256,256,30.43,31.62,0.0,0.0,31.62,647.82,250.75,127.28,84.24,0.9280,18.6400,-0.8900,2.5500,13.3400,0.9056,0,-0.8900,-2.0416,-1.0502,3.9046,-1.2524,0.2039,PHASE_4_FWD_BWD,2.30,-3.55,575.4,250.3,72.42,0,0,,
3107,15:38:11.360,ROI,160,160,256,256,15.00,16.45,0.0,0.0,60.80,651.94,250.46,129.92,82.70,0.9214,18.7500,-0.8100,2.1300,14.0100,0.8752,0,-0.8100,-1.9844,-1.0742,4.0399,-1.2548,0.1984,PHASE_4_FWD_BWD,2.30,-3.55,575.4,250.3,76.54,0,0,,
3108,15:38:11.472,ROI,160,160,288,288,31.34,32.74,4.1,0.0,30.54,657.23,250.43,129.80,82.10,0.9153,21.2300,-3.9100,2.7100,-2.8700,0.9357,0,-3.9100,-2.4253,-0.7805,4.1476,-1.1000,0.1943,PHASE_4_FWD_BWD,2.30,-3.40,575.4,250.3,81.83,0,0,,
3109,15:38:11.535,ROI,160,160,288,288,17.54,18.75,50.725,0.0,53.34,658.51,250.68,129.22,82.98,0.9701,21.6200,-4.7300,0.0000,0.0000,0.9388,0,-4.7300,-3.0034,-0.4334,4.1904,-0.9285,0.1927,PHASE_4_FWD_BWD,2.30,-3.23,575.4,250.3,83.11,0,0,,
3110,15:38:11.598,ROI,160,160,288,288,15.36,16.49,8.95,0.0,60.62,663.33,250.29,128.59,82.75,0.9195,19.9800,-6.1200,0.0000,0.0000,0.9362,0,-6.1200,-3.7249,-0.1720,4.1977,-0.8556,0.1924,PHASE_4_FWD_BWD,2.30,-3.16,575.4,250.3,87.93,0,0,,
3111,15:38:11.647,ROI,160,160,288,288,19.56,20.95,11.9,0.0,47.73,665.88,251.10,129.62,83.11,0.9430,19.5500,-1.9800,0.0000,0.0000,0.9138,0,-1.9800,-3.6854,-0.0382,4.1460,-0.7470,0.1943,PHASE_4_FWD_BWD,2.30,-3.05,575.4,250.3,90.48,0,0,,
3112,15:38:11.710,ROI,160,160,288,288,18.54,19.83,0.0,0.0,50.43,670.60,250.86,130.72,82.82,0.9248,21.6300,-2.5300,0.0000,0.0000,0.9472,0,-2.5300,-3.6783,-0.0038,4.0643,-0.7294,0.1975,PHASE_4_FWD_BWD,2.30,-3.03,575.4,250.3,95.20,0,0,,
3113,15:38:11.774,ROI,160,160,288,288,17.96,19.21,0.0,40.675,52.05,673.19,251.12,128.09,84.04,0.9472,20.5600,-0.0900,0.0000,0.0000,0.9314,0,-0.0900,-3.0198,-0.0301,4.0184,-0.6259,0.1993,PHASE_4_FWD_BWD,2.30,-2.93,575.4,250.3,97.79,0,0,,
3114,15:38:11.822,ROI,160,160,288,288,17.38,18.63,13.575,41.95,53.67,677.52,251.70,128.16,83.18,0.9220,21.6900,-2.6700,0.0000,0.0000,0.9459,0,-2.6700,-2.8718,-0.1238,3.9980,-0.6736,0.2001,PHASE_4_FWD_BWD,2.30,-2.97,575.4,250.3,102.13,0,0,,
3115,15:38:11.951,ROI,160,160,288,288,17.96,19.24,3.575,20.3,51.98,688.83,251.43,126.59,83.99,0.8296,19.2900,0.2200,0.0000,0.0000,0.9026,0,0.2200,-2.2054,-0.2923,4.0781,-0.6690,0.1969,PHASE_4_FWD_BWD,2.30,-2.97,575.4,250.3,113.43,0,0,,
3116,15:38:12.000,ROI,160,160,256,256,23.75,24.98,13.05,31.275,40.03,691.17,251.51,130.43,84.21,0.9617,16.7200,2.3300,4.9700,17.7800,0.9070,0,2.3300,-1.3893,-0.4635,4.0843,-0.6456,0.1967,PHASE_4_FWD_BWD,2.30,-2.95,575.4,250.3,115.77,0,0,,
3117,15:38:12.062,ROI,160,160,288,288,17.13,18.10,0.0,0.0,55.24,695.99,252.08,127.28,83.90,0.9159,20.9200,-3.9900,0.0000,0.0000,0.9479,0,-3.9900,-1.6229,-0.6698,4.1212,-0.8559,0.1953,PHASE_4_FWD_BWD,2.30,-3.16,575.4,250.3,120.60,0,0,,
3118,15:38:12.128,ROI,160,160,256,256,33.61,34.89,8.1,0.0,28.66,698.06,252.93,126.64,84.86,0.9490,17.5200,0.0100,0.0000,0.0000,0.8659,0,0.0100,-1.0455,-0.9533,4.0789,-0.9715,0.1969,PHASE_4_FWD_BWD,2.30,-3.27,575.4,250.3,122.68,0,0,,
3119,15:38:12.180,ROI,160,160,256,256,39.39,40.47,67.675,0.0,24.71,701.17,253.46,126.54,86.61,0.9333,16.4900,1.1200,0.0000,0.0000,0.8378,0,1.1200,-0.6678,-1.2551,4.1069,-1.1401,0.1958,PHASE_4_FWD_BWD,2.30,-3.44,575.4,250.3,125.81,0,0,,
3120,15:38:12.240,ROI,160,160,256,256,24.07,25.36,82.375,77.025,39.42,706.60,253.50,128.32,87.20,0.9122,12.9000,4.2900,0.0000,0.0000,0.8040,0,4.2900,0.4822,-1.6134,4.1712,-1.2082,0.1934,PHASE_4_FWD_BWD,2.30,-3.51,575.4,250.3,131.24,0,0,,
3121,15:38:12.288,ROI,160,160,288,288,20.84,22.13,17.275,35.3,45.18,710.03,252.98,130.43,87.44,0.9375,18.0000,-2.9400,0.0000,0.0000,0.9053,0,-2.9400,0.0461,-2.0041,4.1923,-1.6093,0.1926,PHASE_4_FWD_BWD,2.30,-3.91,575.4,250.3,134.66,0,0,,
3122,15:38:12.415,ROI,160,160,288,288,20.89,22.15,0.0,17.65,45.15,716.16,253.94,129.85,88.83,0.8914,20.6100,-2.2700,0.0000,0.0000,0.9054,0,-2.2700,-0.0794,-2.3915,4.2630,-1.9522,0.1900,PHASE_4_FWD_BWD,2.30,-4.25,575.4,250.3,140.80,0,0,,
3123,15:38:12.462,ROI,160,160,288,288,38.91,40.29,0.0,0.0,24.82,720.86,252.01,130.55,86.78,0.8916,20.2600,-3.5700,0.0000,0.0000,0.9268,0,-3.5700,-0.4770,-2.6529,4.3163,-2.2436,0.1881,PHASE_4_FWD_BWD,2.30,-4.54,575.4,250.3,145.47,0,0,,
3124,15:38:12.526,ROI,160,160,288,288,21.31,22.61,49.9,17.275,44.23,722.88,251.53,129.35,87.73,0.9590,20.1700,-2.0600,0.0000,0.0000,0.9060,0,-2.0600,-0.4970,-2.8049,4.3233,-2.3714,0.1879,PHASE_4_FWD_BWD,2.30,-4.67,575.4,250.3,147.49,0,0,,
3125,15:38:12.591,ROI,160,160,288,288,21.38,22.71,9.35,0.0,44.03,728.32,250.57,131.36,84.15,0.8841,20.0200,-4.8700,0.0000,0.0000,0.9208,0,-4.8700,-1.0627,-2.7804,4.3511,-2.4594,0.1869,PHASE_4_FWD_BWD,2.30,-4.76,575.4,250.3,152.92,0,0,,
3126,15:38:12.640,ROI,160,160,288,288,20.89,22.14,0.0,0.0,45.17,729.98,251.75,131.56,87.71,0.9359,21.0100,-1.0200,0.0000,0.0000,0.9228,0,-1.0200,-1.1137,-2.6439,4.3550,-2.3582,0.1867,PHASE_4_FWD_BWD,2.30,-4.66,575.4,250.3,154.59,0,0,,
3127,15:38:12.702,ROI,160,160,288,288,20.31,21.64,9.7,0.0,46.22,735.03,252.24,132.80,86.96,0.9164,19.6100,-0.5900,0.0000,0.0000,0.9153,0,-0.5900,-1.2184,-2.4381,4.3228,-2.2090,0.1879,PHASE_4_FWD_BWD,2.30,-4.51,575.4,250.3,159.64,0,0,,
3128,15:38:12.766,ROI,160,160,288,288,14.85,16.18,9.175,0.0,61.80,735.95,252.00,132.95,88.61,0.9679,14.2300,4.6800,0.0000,0.0000,0.8926,0,4.6800,-0.4716,-2.1238,4.2432,-1.8087,0.1907,PHASE_4_FWD_BWD,2.30,-4.11,575.4,250.3,160.56,0,0,,
3129,15:38:12.814,ROI,160,160,288,288,14.66,15.96,12.5,0.0,62.65,739.19,251.75,134.26,87.59,0.9419,13.1900,7.9700,0.0000,0.0000,0.9074,0,7.9700,1.2192,-1.7531,4.1208,-1.1727,0.1953,PHASE_4_FWD_BWD,2.30,-3.47,575.4,250.3,163.80,0,0,,
3130,15:38:12.926,ROI,160,160,288,288,13.57,14.93,4.075,0.0,66.96,746.60,251.58,130.28,88.18,0.8884,19.3500,-0.6900,0.0000,0.0000,0.9050,0,-0.6900,0.9018,-1.3032,4.0697,-0.8683,0.1973,PHASE_4_FWD_BWD,2.30,-3.17,575.4,250.3,171.20,0,0,,
3131,15:38:12.990,ROI,160,160,288,288,13.08,14.05,0.0,0.0,71.16,749.65,251.47,129.10,87.39,0.9455,20.5300,-0.3300,0.0000,0.0000,0.9176,0,-0.3300,0.8968,-0.7816,3.9663,-0.4436,0.2014,PHASE_4_FWD_BWD,2.30,-2.74,575.4,250.3,174.26,0,0,,
3132,15:38:13.055,ROI,160,160,288,288,15.15,16.31,0.0,0.0,61.30,751.72,253.34,128.07,86.27,0.9281,18.6500,2.4700,0.0000,0.0000,0.8895,0,2.4700,1.1826,-0.3424,3.8259,-0.0264,0.2072,PHASE_4_FWD_BWD,2.30,-2.33,575.4,250.3,176.34,0,0,,
3133,15:38:13.102,ROI,160,160,288,288,13.21,14.19,12.475,0.0,70.49,754.87,252.10,129.37,86.02,0.9258,15.4100,4.7300,0.0000,0.0000,0.8990,0,4.7300,2.1618,0.1083,3.8097,0.5352,0.2079,PHASE_4_FWD_BWD,2.30,-1.76,575.4,250.3,179.48,0,0,,
3134,15:38:13.167,ROI,160,160,288,288,19.26,20.49,0.0,0.0,48.80,755.85,252.41,128.36,87.39,0.9696,20.5200,-0.4600,0.0000,0.0000,0.8825,0,-0.4600,2.2341,0.5595,3.7204,0.9142,0.2118,PHASE_4_FWD_BWD,2.30,-1.39,575.4,250.3,180.47,0,0,,
3135,15:38:13.231,ROI,160,160,288,288,16.16,17.36,0.0,0.0,57.60,758.42,252.40,129.20,86.49,0.9513,20.4900,0.8900,0.0000,0.0000,0.8896,0,0.8900,1.9294,0.9671,3.6369,1.1746,0.2157,PHASE_4_FWD_BWD,2.30,-1.13,575.4,250.3,183.03,0,0,,
3136,15:38:13.277,ROI,160,160,288,288,10.33,11.35,0.0,0.0,88.13,759.06,252.00,131.72,88.85,0.9548,18.8200,1.3100,0.0000,0.0000,0.8653,0,1.3100,2.0695,1.2757,3.4763,1.4530,0.2234,PHASE_4_FWD_BWD,2.30,-0.85,575.4,250.3,183.67,0,0,,
3137,15:38:13.405,ROI,160,160,288,288,9.72,11.00,0.0,0.0,90.91,760.13,251.84,130.97,89.48,0.9770,18.2500,1.1400,0.0000,0.0000,0.8413,0,1.1400,2.2754,1.4613,3.2695,1.6520,0.2342,PHASE_4_FWD_BWD,2.30,-0.65,575.4,250.3,184.74,0,0,,
3138,15:38:13.456,ROI,160,160,288,288,16.50,17.76,19.925,0.0,56.30,760.86,251.56,132.95,90.22,0.9770,17.7100,2.2300,0.0000,0.0000,0.8536,0,2.2300,3.0562,1.5119,3.0603,1.8923,0.2463,PHASE_4_FWD_BWD,2.30,-0.41,575.4,250.3,185.47,0,0,,
3139,15:38:13.520,ROI,160,160,288,288,21.11,22.33,16.825,0.0,44.78,761.37,251.32,133.18,90.72,0.9870,17.3500,2.4900,0.0000,0.0000,0.8321,0,2.4900,3.1230,1.4720,2.8154,1.9047,0.2621,PHASE_4_FWD_BWD,2.30,-0.40,575.4,250.3,185.97,0,0,,
3140,15:38:13.631,ROI,160,160,288,288,18.43,19.71,4.4,0.0,50.74,762.15,251.70,132.03,90.11,0.9800,18.1100,2.4800,0.0000,0.0000,0.8365,0,2.4800,3.1670,1.2067,2.5984,1.7515,0.2779,PHASE_4_FWD_BWD,2.30,-0.55,575.4,250.3,186.76,0,0,,
3141,15:38:13.694,ROI,160,160,288,288,12.10,13.04,9.05,0.0,76.68,761.95,251.85,133.02,90.50,0.9882,17.4300,1.7900,0.0000,0.0000,0.8280,0,1.7900,2.8420,0.9136,2.3751,1.4850,0.2963,PHASE_4_FWD_BWD,2.30,-0.82,575.4,250.3,186.55,0,0,,
3142,15:38:13.757,ROI,160,160,288,288,11.97,12.95,7.7,0.0,77.21,762.13,251.81,131.90,90.07,0.9869,18.6200,2.0800,0.0000,0.0000,0.8612,0,2.0800,2.6501,0.6465,2.1099,1.2907,0.3216,PHASE_4_FWD_BWD,2.30,-1.01,575.4,250.3,186.74,0,0,,
3143,15:38:13.807,ROI,160,160,288,288,12.65,13.72,0.0,0.0,72.87,761.53,252.06,133.22,90.70,0.9833,16.3900,2.0200,0.0000,0.0000,0.8074,0,2.0200,2.0610,0.5480,1.8597,1.0771,0.3497,PHASE_4_FWD_BWD,2.30,-1.22,575.4,250.3,186.14,0,0,,
3144,15:38:13.918,ROI,160,160,288,288,16.07,17.32,0.0,0.0,57.75,760.37,251.73,132.89,89.87,0.9738,14.2600,5.0700,0.0000,0.0000,0.8329,0,5.0700,2.4031,0.5312,1.5533,1.2643,0.3917,PHASE_4_FWD_BWD,2.30,-1.04,575.4,250.3,184.98,0,0,,
3145,15:38:13.982,ROI,160,160,288,288,13.10,14.34,0.0,0.0,69.73,758.99,251.58,134.75,89.91,0.9763,17.7300,0.3800,0.0000,0.0000,0.8174,0,0.3800,1.7262,0.5482,1.2590,1.0697,0.4427,PHASE_4_FWD_BWD,2.30,-1.23,575.4,250.3,183.60,0,0,,
3146,15:38:14.046,ROI,160,160,288,288,14.92,16.12,0.0,0.0,62.03,757.48,251.99,131.26,86.42,0.9363,18.7900,-0.6700,0.0000,0.0000,0.8534,0,-0.6700,1.4029,0.6172,0.9067,1.0293,0.5245,PHASE_4_FWD_BWD,2.30,-1.27,575.4,250.3,182.09,0,0,,
3147,15:38:14.093,ROI,160,160,288,288,12.93,13.99,0.0,0.0,71.46,756.30,252.30,130.55,86.18,0.9752,20.6200,-3.2700,0.0000,0.0000,0.8678,0,-3.2700,1.0069,0.7773,0.5528,0.9252,0.6440,PHASE_4_FWD_BWD,2.30,-1.37,575.4,250.3,180.91,0,0,,
3148,15:38:14.157,ROI,160,160,288,288,13.55,14.83,7.85,0.0,67.44,754.34,252.50,129.76,88.40,0.9465,16.7600,0.3800,0.0000,0.0000,0.8527,0,0.3800,0.5929,1.1911,0.2746,0.7218,0.7846,PHASE_4_FWD_BWD,2.30,-1.58,575.4,250.3,178.96,0,0,,
3149,15:38:14.222,ROI,160,160,288,288,13.61,14.68,7.75,0.0,68.10,752.04,252.79,130.07,87.59,0.9564,16.2900,-0.2000,0.0000,0.0000,0.8284,0,-0.2000,0.0815,-16.6849,0.0100,-0.0851,0.9901,PHASE_4_FWD_BWD,2.30,-2.39,575.4,250.3,176.66,0,0,,
3150,15:38:14.270,ROI,160,160,288,288,15.22,16.51,0.0,0.0,60.58,747.97,252.72,132.05,89.01,0.9251,9.7700,5.6600,0.0000,0.0000,0.7482,0,5.6600,1.0782,-14.3524,0.3124,-2.5947,0.7620,PHASE_4_FWD_BWD,2.30,-4.89,575.4,250.3,172.58,0,0,,
3151,15:38:14.382,ROI,160,160,288,288,23.59,24.76,0.0,15.775,40.39,741.06,252.54,132.46,88.00,0.8910,12.3400,3.2100,0.0000,0.0000,0.8142,0,3.2100,1.7687,-12.4223,0.6746,-3.9480,0.5972,PHASE_4_FWD_BWD,2.30,-6.25,575.4,250.3,165.68,0,0,,
3152,15:38:14.449,ROI,160,160,288,288,20.62,21.89,9.125,0.0,45.68,738.97,252.43,130.03,88.49,0.9634,17.1100,-0.5000,0.0000,0.0000,0.8879,0,-0.5000,1.1498,-10.5748,1.0261,-4.7880,0.4936,PHASE_4_FWD_BWD,2.30,-7.09,575.4,250.3,163.58,0,0,,
3153,15:38:14.514,ROI,160,160,288,288,17.57,18.96,9.2,0.0,52.74,733.93,251.82,130.48,88.33,0.9133,10.9800,5.6000,0.0000,0.0000,0.7842,0,5.6000,1.9302,-8.8796,1.3803,-4.3382,0.4201,PHASE_4_FWD_BWD,2.30,-6.64,575.4,250.3,158.54,0,0,,
3154,15:38:14.562,ROI,160,160,288,288,17.85,19.06,13.25,20.5,52.48,731.88,252.42,134.86,89.46,0.9546,18.6500,-1.3100,0.0000,0.0000,0.8926,0,-1.3100,1.2602,-7.2532,1.7075,-4.1088,0.3693,PHASE_4_FWD_BWD,2.30,-6.41,575.4,250.3,156.50,0,0,,
3155,15:38:14.622,ROI,160,160,288,288,16.53,17.96,9.475,0.0,55.69,726.82,252.36,129.98,90.11,0.9201,10.7100,5.3900,0.0000,0.0000,0.7849,0,5.3900,1.9887,-5.7288,2.0462,-3.1953,0.3283,PHASE_4_FWD_BWD,2.30,-5.50,575.4,250.3,151.44,0,0,,
3156,15:38:14.687,ROI,160,160,288,288,24.11,25.44,0.0,0.0,39.31,724.13,250.96,131.53,88.02,0.9305,13.5400,0.9200,0.0000,0.0000,0.8493,0,0.9200,1.8488,-4.4408,2.3487,-2.5625,0.2986,PHASE_4_FWD_BWD,2.30,-4.86,575.4,250.3,148.73,0,0,,
3157,15:38:14.734,ROI,160,160,288,288,20.58,21.97,0.0,17.775,45.52,721.23,252.20,129.49,87.28,0.9303,21.1000,-3.2100,0.0000,0.0000,0.9589,0,-3.2100,0.9155,-3.2300,2.6168,-2.0839,0.2765,PHASE_4_FWD_BWD,2.30,-4.38,575.4,250.3,145.84,0,0,,
3158,15:38:14.846,ROI,160,160,288,288,18.49,19.71,21.775,19.825,50.74,714.50,253.19,130.14,90.86,0.8675,17.9300,-0.6000,0.0000,0.0000,0.8940,0,-0.6000,0.6153,-2.0588,2.9050,-1.3740,0.2561,PHASE_4_FWD_BWD,2.30,-3.67,575.4,250.3,139.13,0,0,,
3159,15:38:14.910,ROI,160,160,288,288,30.10,31.36,8.8,0.0,31.88,710.44,252.86,128.18,87.59,0.9059,19.2000,-3.9900,0.0000,0.0000,0.8593,0,-3.9900,-0.4015,-0.9029,3.1701,-0.7827,0.2398,PHASE_4_FWD_BWD,2.30,-3.08,575.4,250.3,135.06,0,0,,
3160,15:38:14.975,ROI,160,160,288,288,18.13,19.33,46.3,0.0,51.74,708.51,252.90,131.53,89.35,0.9516,18.8600,-2.2300,0.0000,0.0000,0.9301,0,-2.2300,-0.9243,0.2559,3.3590,-0.0149,0.2294,PHASE_4_FWD_BWD,2.30,-2.31,575.4,250.3,133.13,0,0,,
3161,15:38:15.023,ROI,160,160,288,288,18.78,20.01,0.0,0.0,49.97,702.62,252.67,128.97,86.89,0.8891,14.7000,1.2500,0.0000,0.0000,0.8815,0,1.2500,-0.6660,1.4707,3.5524,1.0013,0.2197,PHASE_4_FWD_BWD,2.30,-1.30,575.4,250.3,127.24,0,0,,
3162,15:38:15.087,ROI,160,160,288,288,23.95,25.15,0.0,15.525,39.77,699.39,252.88,127.76,88.36,0.9355,19.5100,-2.8800,0.0000,0.0000,0.8898,0,-2.8800,-0.9005,2.7115,3.7035,1.9436,0.2126,PHASE_4_FWD_BWD,2.30,-0.36,575.4,250.3,124.02,0,0,,
3163,15:38:15.151,ROI,160,160,256,256,19.21,20.56,0.0,0.0,48.64,695.08,253.71,129.79,85.42,0.9053,17.6700,-0.9000,0.0000,0.0000,0.8077,0,-0.9000,-1.1115,3.9991,3.8316,2.9414,0.2070,PHASE_4_FWD_BWD,2.30,0.64,575.4,250.3,119.73,0,0,,
3164,15:38:15.198,ROI,160,160,288,288,18.91,20.17,0.0,0.0,49.58,692.03,253.02,127.89,88.20,0.9246,18.4800,-0.3900,0.0000,0.0000,0.8918,0,-0.3900,-1.3122,5.3095,3.9108,3.9611,0.2036,PHASE_4_FWD_BWD,2.30,1.66,575.4,250.3,116.66,0,0,,
3165,15:38:15.326,ROI,160,160,256,256,19.72,21.04,3.625,0.0,47.53,682.46,252.57,129.06,85.20,0.8342,20.0100,-0.5100,0.0000,0.0000,0.8866,0,-0.5100,-1.8313,6.6589,4.0458,4.9763,0.1982,PHASE_4_FWD_BWD,2.30,2.68,575.4,250.3,107.09,0,0,,
3166,15:38:15.375,ROI,160,160,288,288,16.01,17.29,0.0,0.0,57.83,679.52,251.68,127.73,82.24,0.9225,21.3900,-4.1200,0.0000,0.0000,0.8937,0,-4.1200,-2.7322,8.1057,4.1184,5.9882,0.1954,PHASE_4_FWD_BWD,2.30,3.69,575.4,250.3,104.13,0,0,,
3167,15:38:15.437,ROI,160,160,256,256,18.03,19.06,0.0,0.0,52.47,674.47,251.72,131.33,86.43,0.8812,19.1800,0.1200,5.2100,14.5600,0.9029,0,0.1200,-2.7508,-0.3601,4.1704,-0.8225,0.1934,PHASE_4_FWD_BWD,2.30,-3.12,575.4,250.3,99.08,0,0,,
3168,15:38:15.486,ROI,160,160,288,288,13.66,14.88,13.1,0.0,67.18,671.48,250.77,127.55,81.22,0.8976,21.7900,-3.3100,0.0000,0.0000,0.9243,0,-3.3100,-2.8258,-0.2670,4.1946,-0.7596,0.1925,PHASE_4_FWD_BWD,2.30,-3.06,575.4,250.3,96.08,0,0,,
3169,15:38:15.550,ROI,160,160,256,256,17.13,18.24,8.0,0.0,54.84,667.69,251.81,134.66,85.92,0.8922,16.6800,-0.1000,4.4900,10.5600,0.8912,0,-0.1000,-2.3588,-0.2958,4.2630,-0.6878,0.1900,PHASE_4_FWD_BWD,2.30,-2.99,575.4,250.3,92.30,0,0,,
3170,15:38:15.614,ROI,160,160,288,288,16.37,17.50,8.525,0.0,57.14,665.25,249.97,126.86,80.87,0.8868,17.8000,0.9600,0.0000,0.0000,0.9237,0,0.9600,-2.0289,-0.4079,4.2640,-0.7158,0.1900,PHASE_4_FWD_BWD,2.30,-3.02,575.4,250.3,89.85,0,0,,
3171,15:38:15.727,ROI,160,160,256,256,21.65,23.02,4.075,0.0,43.45,657.53,251.11,129.94,83.52,0.8596,18.0900,-0.8700,5.2300,8.5400,0.8122,0,-0.8700,-1.4214,-0.5934,4.3471,-0.7483,0.1870,PHASE_4_FWD_BWD,2.30,-3.05,575.4,250.3,82.13,0,0,,
3172,15:38:15.789,ROI,160,160,288,288,12.97,14.01,0.0,0.0,71.39,653.74,250.12,129.94,82.85,0.9217,20.7800,-3.3900,0.0000,0.0000,0.9073,0,-3.3900,-1.9840,-0.8235,4.3795,-1.0392,0.1859,PHASE_4_FWD_BWD,2.30,-3.34,575.4,250.3,78.34,0,0,,
3173,15:38:15.837,ROI,160,160,288,288,15.11,16.35,22.575,0.0,61.17,652.23,250.47,127.93,82.78,0.9686,20.5000,-2.8900,3.4100,0.3400,0.8806,0,-2.8900,-1.6633,-1.0808,4.3762,-1.1891,0.1860,PHASE_4_FWD_BWD,2.30,-3.49,575.4,250.3,76.83,0,0,,
3174,15:38:15.902,ROI,160,160,256,256,26.58,27.74,0.0,0.0,36.05,647.46,250.27,126.08,81.06,0.9088,17.6900,-2.8200,2.7000,10.7500,0.8287,0,-2.8200,-1.6796,-1.5131,4.3568,-1.5442,0.1867,PHASE_4_FWD_BWD,2.30,-3.84,575.4,250.3,72.06,0,0,,
3175,15:38:15.966,ROI,160,160,256,256,25.75,27.09,0.0,14.425,36.91,645.56,250.22,126.59,82.46,0.9541,18.2500,-2.2000,2.1300,11.6200,0.8357,0,-2.2000,-1.9624,-1.9999,4.2685,-1.9928,0.1898,PHASE_4_FWD_BWD,2.30,-4.29,575.4,250.3,70.16,0,0,,
3176,15:38:16.014,ROI,160,160,256,256,21.07,22.31,0.0,0.0,44.83,641.43,250.43,124.86,82.21,0.9318,18.6400,-2.7200,3.9500,11.4700,0.8455,0,-2.7200,-2.0793,-2.4040,4.2271,-2.3419,0.1913,PHASE_4_FWD_BWD,2.30,-4.64,575.4,250.3,66.03,0,0,,
3177,15:38:16.126,ROI,160,160,256,256,16.68,17.72,4.35,0.0,56.44,634.26,250.69,124.35,85.30,0.8607,18.0800,-2.5400,2.1300,13.1300,0.8633,0,-2.5400,-2.4988,-2.7205,4.2401,-2.6782,0.1908,PHASE_4_FWD_BWD,2.30,-4.98,575.4,250.3,58.87,0,0,,
3178,15:38:16.189,ROI,160,160,256,256,22.32,23.52,0.0,0.0,42.52,629.73,251.04,126.13,85.46,0.9227,17.7800,-0.5400,4.5900,12.5200,0.8699,0,-0.5400,-2.3389,-2.9267,4.2129,-2.8139,0.1918,PHASE_4_FWD_BWD,2.30,-5.11,575.4,250.3,54.33,0,0,,
3179,15:38:16.254,ROI,160,160,256,256,17.03,17.95,9.575,0.0,55.72,628.20,251.37,130.08,85.33,0.9623,19.2900,-2.2300,2.2700,12.7600,0.9199,0,-2.2300,-2.1678,-3.0167,4.1652,-2.8524,0.1936,PHASE_4_FWD_BWD,2.30,-5.15,575.4,250.3,52.81,0,0,,
3180,15:38:16.301,ROI,160,160,288,288,12.70,13.87,0.0,0.0,72.11,621.84,249.85,128.34,80.28,0.8547,19.6500,-2.1700,0.0000,0.0000,0.8927,0,-2.1700,-2.3823,-3.0546,4.1395,-2.9238,0.1946,PHASE_4_FWD_BWD,2.30,-5.22,575.4,250.3,46.45,0,0,,
3181,15:38:16.367,ROI,160,160,288,288,12.53,13.69,7.55,0.0,73.04,618.53,250.08,125.87,81.25,0.9383,19.8200,-0.4600,0.0000,0.0000,0.8873,0,-0.4600,-2.0393,-2.9517,4.0955,-2.7726,0.1962,PHASE_4_FWD_BWD,2.30,-5.07,575.4,250.3,43.13,0,0,,
3182,15:38:16.431,ROI,160,160,256,256,18.87,19.85,0.0,0.0,50.37,612.78,251.62,130.67,85.90,0.8659,20.4000,-3.2500,0.0000,0.0000,0.8831,0,-3.2500,-2.2184,-2.6649,4.0541,-2.5765,0.1979,PHASE_4_FWD_BWD,2.30,-4.88,575.4,250.3,37.41,0,0,,
3183,15:38:16.477,ROI,160,160,288,288,17.04,18.42,29.5,0.0,54.30,609.97,250.73,127.06,79.65,0.8880,20.0800,-5.0300,0.0000,0.0000,0.8472,0,-5.0300,-2.7249,-2.2724,4.0868,-2.3613,0.1966,PHASE_4_FWD_BWD,2.30,-4.66,575.4,250.3,34.57,0,0,,
3184,15:38:16.590,ROI,160,160,256,256,22.43,23.46,0.0,0.0,42.63,603.30,250.74,125.97,83.26,0.8629,19.1400,0.8700,0.0000,0.0000,0.8661,0,0.8700,-2.3457,-1.8407,4.1449,-1.9388,0.1944,PHASE_4_FWD_BWD,2.30,-4.24,575.4,250.3,27.91,0,0,,
3185,15:38:16.653,ROI,160,160,256,256,20.43,21.35,0.0,18.325,46.84,600.62,250.72,123.39,81.12,0.9334,21.2800,-0.5000,0.0000,0.0000,0.8717,0,-0.5000,-1.8633,-1.3593,4.1918,-1.4564,0.1926,PHASE_4_FWD_BWD,2.30,-3.76,575.4,250.3,25.22,0,0,,
3186,15:38:16.717,ROI,160,160,256,256,13.13,13.90,0.0,0.0,71.95,595.31,250.34,123.26,80.78,0.9092,22.0300,-0.2700,0.0000,0.0000,0.8670,0,-0.2700,-1.7040,-0.9252,4.2380,-1.0738,0.1909,PHASE_4_FWD_BWD,2.30,-3.37,575.4,250.3,19.91,0,0,,
3187,15:38:16.766,ROI,160,160,256,256,16.09,17.21,0.0,0.0,58.11,593.54,250.96,121.31,81.25,0.9569,20.5900,0.5200,0.0000,0.0000,0.9307,0,0.5200,-1.0798,-0.4247,4.2325,-0.5499,0.1911,PHASE_4_FWD_BWD,2.30,-2.85,575.4,250.3,18.16,0,0,,
3188,15:38:16.830,ROI,160,160,256,256,19.45,20.46,0.0,0.0,48.89,591.32,250.91,120.10,80.64,0.9567,21.3400,-1.3000,0.0000,0.0000,0.8810,0,-1.3000,-0.7211,-0.0118,4.1606,-0.1492,0.1938,PHASE_4_FWD_BWD,2.30,-2.45,575.4,250.3,15.93,0,0,,
3189,15:38:16.894,ROI,160,160,256,256,14.81,15.73,0.0,0.0,63.58,589.30,251.14,121.01,80.88,0.9618,20.9400,-2.1700,0.0000,0.0000,0.9201,0,-2.1700,-0.7042,0.3961,4.1230,0.1813,0.1952,PHASE_4_FWD_BWD,2.30,-2.12,575.4,250.3,13.93,0,0,,
3190,15:38:16.942,ROI,160,160,256,256,18.20,19.12,0.0,0.0,52.30,587.00,250.41,122.58,80.90,0.9460,20.9500,-3.1500,0.0000,0.0000,0.8871,0,-3.1500,-1.1451,0.6907,4.0591,0.3278,0.1977,PHASE_4_FWD_BWD,2.30,-1.97,575.4,250.3,11.60,0,0,,
3191,15:38:17.070,ROI,160,160,256,256,17.66,18.77,0.0,20.8,53.27,584.81,249.86,123.79,79.68,0.9508,21.2700,-0.7600,0.0000,0.0000,0.8900,0,-0.7600,-1.0454,0.8706,3.9257,0.4816,0.2030,PHASE_4_FWD_BWD,2.30,-1.82,575.4,250.3,9.42,0,0,,
3192,15:38:17.119,ROI,160,160,256,256,21.30,22.46,13.0,0.0,44.52,583.70,250.62,123.68,81.82,0.9567,20.4700,-1.0700,0.0000,0.0000,0.8901,0,-1.0700,-1.0388,0.9246,3.7662,0.5127,0.2098,PHASE_4_FWD_BWD,2.30,-1.79,575.4,250.3,8.30,0,0,,
3193,15:38:17.183,ROI,160,160,256,256,19.53,20.80,0.0,0.0,48.07,582.36,250.98,123.46,79.55,0.9517,18.9100,1.4700,0.0000,0.0000,0.8665,0,1.4700,-0.4742,0.8871,3.5357,0.5870,0.2205,PHASE_4_FWD_BWD,2.30,-1.71,575.4,250.3,6.99,0,0,,
3194,15:38:17.230,ROI,160,160,256,256,21.98,23.13,14.775,16.9,43.23,582.46,250.70,123.17,79.38,0.9909,18.9800,2.1000,0.0000,0.0000,0.8494,0,2.1000,0.0973,0.7861,3.2539,0.6242,0.2351,PHASE_4_FWD_BWD,2.30,-1.68,575.4,250.3,7.08,0,0,,
3195,15:38:17.294,ROI,160,160,256,256,18.90,20.05,0.0,0.0,49.87,582.45,250.91,123.14,79.79,0.9945,19.2100,1.1600,0.0000,0.0000,0.8363,0,1.1600,0.4118,0.6617,2.9912,0.5991,0.2505,COMPLETED,2.30,-1.70,575.4,250.3,7.07,0,0,,
3196,15:38:17.358,ROI,160,160,256,256,16.22,17.26,0.0,22.625,57.95,581.62,250.67,123.44,79.68,0.9807,21.1700,0.1900,0.0000,0.0000,0.8697,0,0.1900,0.6851,0.5411,2.7252,0.5798,0.2684,POST_PH4_SPIN,2.30,-1.72,575.4,250.3,0.00,0,0,0.061,
3197,15:38:17.406,ROI,160,160,256,256,12.08,13.26,0.0,0.0,75.42,581.78,250.70,123.09,79.41,0.9937,19.3700,1.8400,0.0000,0.0000,0.8517,0,1.8400,1.0955,0.4770,2.3868,0.6596,0.2953,POST_PH4_SPIN,2.30,-1.64,575.4,250.3,0.00,0,0,0.105,
3198,15:38:17.534,ROI,160,160,256,256,13.33,14.75,3.4,26.5,67.80,581.62,250.82,123.28,79.46,0.9946,19.7400,0.7500,0.0000,0.0000,0.8428,0,0.7500,1.2181,0.3105,2.0800,0.6051,0.3247,POST_PH4_SPIN,2.30,-1.69,575.4,250.3,0.00,0,0,0.234,
3199,15:38:17.582,ROI,160,160,256,256,17.47,18.62,11.6,20.975,53.71,581.46,250.77,123.39,79.41,0.9962,19.4200,0.8200,0.0000,0.0000,0.8428,0,0.8200,1.4937,0.0761,1.7580,0.5901,0.3626,POST_PH4_SPIN,2.30,-1.71,575.4,250.3,0.00,0,0,0.286,
3200,15:38:17.646,ROI,160,160,256,256,12.85,14.31,8.625,27.3,69.87,581.48,250.78,123.23,79.36,0.9981,19.3200,0.8800,0.0000,0.0000,0.8413,0,0.8800,1.4492,0.0224,1.4719,0.5996,0.4045,POST_PH4_SPIN,2.30,-1.70,575.4,250.3,0.00,0,0,0.346,
3201,15:38:17.709,ROI,160,160,256,256,13.64,15.22,0.0,25.675,65.69,581.35,250.77,123.25,79.44,0.9969,19.7500,0.6500,0.0000,0.0000,0.8481,0,0.6500,1.0874,0.0217,1.1787,0.5109,0.4590,POST_PH4_SPIN,2.30,-1.79,575.4,250.3,0.00,0,0,0.410,
3202,15:38:17.758,ROI,160,160,256,256,13.02,14.01,11.725,27.875,71.36,581.34,250.80,123.34,79.36,0.9982,19.8100,0.4900,0.0000,0.0000,0.8511,0,0.4900,1.2488,0.0736,0.9574,0.6740,0.5109,POST_PH4_SPIN,2.30,-1.63,575.4,250.3,0.00,0,0,0.458,
3203,15:38:17.822,ROI,160,160,256,256,15.02,16.07,7.825,24.325,62.24,581.27,250.78,123.12,79.49,0.9966,20.2100,0.7600,0.0000,0.0000,0.8488,0,0.7600,1.3198,0.1924,0.7445,0.8387,0.5732,POST_PH4_SPIN,2.30,-1.46,575.4,250.3,0.00,0,0,0.524,
3204,15:38:17.886,ROI,160,160,256,256,13.74,15.31,8.05,25.575,65.34,581.34,250.77,123.31,79.46,0.9980,20.0200,0.3600,0.0000,0.0000,0.8415,0,0.3600,1.3125,0.2007,0.5945,0.8979,0.6271,POST_PH4_SPIN,2.30,-1.40,575.4,250.3,0.00,0,0,0.587,
3205,15:38:17.934,ROI,160,160,256,256,14.28,15.54,0.0,25.125,64.33,581.40,250.72,123.28,79.55,0.9978,20.0000,0.4600,0.0000,0.0000,0.8413,0,0.4600,1.4023,0.3669,0.4494,1.0813,0.6900,POST_PH4_SPIN,2.30,-1.22,575.4,250.3,0.00,0,0,0.635,
3206,15:38:18.062,ROI,160,160,256,256,17.07,18.24,0.0,21.425,54.82,581.24,250.77,123.15,79.62,0.9962,20.0200,0.3500,0.0000,0.0000,0.8444,0,0.3500,1.2684,0.7374,0.3256,1.1380,0.7544,POST_PH4_SPIN,2.30,-1.16,575.4,250.3,0.00,0,0,0.766,
3207,15:38:18.111,ROI,160,160,256,256,15.58,16.78,0.0,23.3,59.61,581.19,250.74,123.07,79.57,0.9984,20.4400,0.7000,0.0000,0.0000,0.8433,0,0.7000,1.0806,1.7396,0.2220,1.2003,0.8183,POST_PH4_RE_RFB,2.30,-1.10,575.4,250.3,0.00,0,0,,0.048
3208,15:38:18.175,ROI,160,160,256,256,14.36,15.43,0.0,25.35,64.80,581.19,250.64,123.09,79.62,0.9975,20.4800,0.6900,0.0000,0.0000,0.8496,0,0.6900,0.7315,2.6409,0.1458,0.9745,0.8727,POST_PH4_RE_RFB,2.30,-1.33,575.4,250.3,0.00,0,0,,0.110
3209,15:38:18.239,ROI,160,160,256,256,12.31,13.08,8.0,0.0,76.47,581.18,250.67,122.94,79.73,0.9974,20.5000,0.6600,0.0000,0.0000,0.8503,0,0.6600,0.5744,1.8620,0.1008,0.6922,0.9085,POST_PH4_RE_RFB,2.30,-1.61,575.4,250.3,0.00,0,0,,0.172
3210,15:38:18.288,ROI,160,160,256,256,19.88,21.09,0.0,0.0,47.42,581.11,250.62,123.02,79.97,0.9960,20.5000,0.6800,0.0000,0.0000,0.8458,0,0.6800,0.3620,0.0786,0.0721,0.3430,0.9327,POST_PH4_RE_RFB,2.30,-1.96,575.4,250.3,0.00,0,0,,0.228
3211,15:38:18.350,ROI,160,160,256,256,19.20,20.38,0.0,0.0,49.06,581.14,250.56,122.86,79.95,0.9971,20.5700,0.6600,0.0000,0.0000,0.8455,0,0.6600,0.3971,-1.6378,0.0632,0.2761,0.9405,POST_PH4_RE_RFB,2.30,-2.02,575.4,250.3,0.00,0,0,,0.290
3212,15:38:18.399,ROI,160,160,256,256,18.66,19.88,0.0,0.0,50.31,581.30,250.54,122.85,79.84,0.9960,20.4800,0.8500,0.0000,0.0000,0.8498,0,0.8500,0.5553,-4.7209,0.0481,0.3132,0.9541,POST_PH4_RE_RFB,2.30,-1.99,575.4,250.3,0.00,0,0,,0.338
3213,15:38:18.526,ROI,160,160,256,256,12.85,14.10,0.0,0.0,70.91,582.54,250.40,122.91,79.23,0.9728,19.4800,1.3100,0.0000,0.0000,0.8516,0,1.3100,0.7251,-17.9564,0.0161,0.4296,0.9842,POST_PH4_RE_RFB,2.30,-1.87,575.4,250.3,0.00,0,0,,0.460
3214,15:38:18.574,ROI,160,160,256,256,14.00,15.20,0.0,0.0,65.79,583.22,250.50,122.66,79.71,0.9831,18.7200,2.9800,0.0000,0.0000,0.8779,0,2.9800,1.1264,-9.7273,0.0344,0.7655,0.9667,POST_PH4_RE_RFB,2.30,-1.53,575.4,250.3,0.00,0,0,,0.508
3215,15:38:18.637,ROI,160,160,256,256,11.41,12.56,0.0,0.0,79.64,583.64,250.66,121.94,79.68,0.9891,17.3300,4.0800,0.0000,0.0000,0.8844,0,4.0800,1.8871,-5.7590,0.0741,1.3597,0.9310,POST_PH4_RE_RFB,2.30,-0.94,575.4,250.3,0.00,0,0,,0.569
3216,15:38:18.702,ROI,160,160,256,256,13.58,14.62,7.425,26.775,68.40,585.59,250.37,124.00,80.82,0.9552,18.9000,2.2600,0.0000,0.0000,0.8894,0,2.2600,2.1150,-3.3098,0.1434,1.4347,0.8746,POST_PH4_RE_RFB,2.30,-0.87,575.4,250.3,0.00,0,0,,0.636
3217,15:38:18.750,ROI,160,160,256,256,12.57,13.54,0.0,0.0,73.88,586.78,250.22,121.58,79.76,0.9677,19.4900,-0.1800,0.0000,0.0000,0.8768,0,-0.1800,1.8247,-1.4087,0.2229,1.2353,0.8177,POST_PH4_RE_RFB,2.30,-1.06,575.4,250.3,0.00,0,0,,0.683
3218,15:38:18.814,ROI,160,160,256,256,15.66,16.97,7.8,23.025,58.92,588.16,250.24,120.83,80.00,0.9745,19.2000,0.3500,0.0000,0.0000,0.8951,0,0.3500,1.6671,0.1433,0.3159,1.3013,0.7599,POST_PH4_RE_RFB,2.30,-1.00,575.4,250.3,0.00,0,0,,0.750
3219,15:38:18.926,ROI,160,160,256,256,12.28,13.16,4.075,0.0,75.99,592.96,249.84,120.29,80.38,0.9146,20.2600,0.3600,0.0000,0.0000,0.9093,0,0.3600,1.4953,1.4670,0.4772,1.4861,0.6770,POST_PH4_RE_RFB,2.30,-0.81,575.4,250.3,0.00,0,0,,0.859
3220,15:38:18.991,ROI,160,160,256,256,18.46,19.75,0.0,0.0,50.64,594.08,250.33,123.25,82.98,0.9455,21.4300,0.2300,0.0000,0.0000,0.9557,0,0.2300,1.2842,2.4606,0.6331,1.7402,0.6123,POST_PH4_RE_RFB,2.30,-0.56,575.4,250.3,0.00,0,0,,0.930
3221,15:38:19.055,ROI,160,160,256,256,15.06,16.06,8.825,0.0,62.27,596.83,250.69,124.03,81.41,0.9388,20.7900,-0.3400,0.0000,0.0000,0.9227,0,-0.3400,0.9909,3.1473,0.8096,1.9557,0.5526,POST_PH4_RE_RFB,2.30,-0.34,575.4,250.3,0.00,0,0,,0.990
3222,15:38:19.103,ROI,160,160,256,256,15.72,16.58,12.15,0.0,60.31,602.43,250.38,121.28,81.07,0.9061,18.7300,2.0100,0.0000,0.0000,0.8744,0,2.0100,1.1536,3.6208,1.0539,2.4196,0.4869,POST_PH4_RE_RFB,2.30,0.12,575.4,250.3,0.00,0,0,,1.039
3223,15:38:19.166,ROI,160,160,256,256,12.52,13.54,8.3,0.0,73.86,604.67,250.43,125.44,81.90,0.9545,19.6400,-0.3400,0.0000,0.0000,0.9174,0,-0.3400,0.8174,4.0459,1.2953,2.6393,0.4357,POST_PH4_RE_RFB,2.30,0.34,575.4,250.3,0.00,0,0,,1.100
3224,15:38:19.231,ROI,160,160,256,256,16.89,18.17,15.425,0.0,55.03,608.85,250.19,127.90,82.37,0.9308,20.9900,-0.5200,0.0000,0.0000,0.9257,0,-0.5200,0.4461,4.5425,1.5589,2.9417,0.3908,POST_PH4_RE_RFB,2.30,0.64,575.4,250.3,0.00,0,0,,1.168
3225,15:38:19.279,ROI,160,160,256,256,17.38,18.45,12.75,0.0,54.21,611.71,250.43,128.38,82.85,0.9508,21.2000,-0.7600,2.1500,-3.7800,0.8956,0,-0.7600,0.0799,5.3392,1.8148,3.4707,0.3553,POST_PH4_RE_RFB,2.30,1.17,575.4,250.3,0.00,0,0,,1.217
3226,15:38:19.390,ROI,160,160,288,288,18.12,19.25,4.25,0.0,51.94,618.45,248.87,123.73,78.95,0.8575,19.4500,3.6700,0.0000,0.0000,0.9414,0,3.6700,0.6450,6.3237,2.1263,4.5072,0.3199,POST_PH4_RE_RFB,2.30,2.21,575.4,250.3,0.00,0,0,,1.329
3227,15:38:19.454,ROI,160,160,256,256,29.62,32.63,17.25,0.0,30.64,622.46,249.55,129.02,85.73,0.8650,20.3000,0.7100,0.0000,0.0000,0.9123,0,0.7100,0.5485,6.5285,2.4307,4.7854,0.2915,POST_PH4_RE_RFB,2.30,2.49,575.4,250.3,0.00,0,0,,1.407
3228,15:38:19.519,ROI,160,160,288,288,23.11,24.44,12.25,15.975,40.91,627.40,249.25,123.88,80.17,0.8659,20.2300,0.7700,0.0000,0.0000,0.9359,0,0.7700,0.4657,6.1221,2.7354,4.6078,0.2677,POST_PH4_RE_RFB,2.30,2.31,575.4,250.3,0.00,0,0,,1.463
3229,15:38:19.567,ROI,160,160,256,256,35.64,36.90,33.75,0.0,27.10,630.90,250.02,127.68,83.86,0.9047,19.1200,-2.6600,3.3400,-3.3600,0.8947,0,-2.6600,-0.3229,5.4844,3.0063,4.0349,0.2496,POST_PH4_RE_RFB,2.30,1.73,575.4,250.3,0.00,0,0,,1.523
3230,15:38:19.631,ROI,160,160,256,256,22.65,24.14,42.075,0.0,41.42,634.70,250.08,126.67,85.23,0.9273,18.1300,-1.3500,0.0000,0.0000,0.9023,0,-1.3500,-0.7641,3.8378,3.2444,2.7535,0.2356,POST_PH4_RE_RFB,2.30,0.45,575.4,250.3,0.00,0,0,,1.575
3231,15:38:19.695,ROI,160,160,256,256,23.25,24.45,0.0,0.0,40.90,638.58,249.63,129.07,85.25,0.9317,18.1000,-1.5300,4.3700,8.1900,0.9064,0,-1.5300,-1.1524,-3.7504,3.4644,-3.1685,0.2240,POST_PH4_RE_RFB,2.30,-5.47,575.4,250.3,0.00,0,0,,1.639
3232,15:38:19.742,ROI,160,160,288,288,15.59,16.64,0.0,0.0,60.10,642.19,248.87,123.82,80.42,0.8913,19.5400,-2.3100,2.0500,0.5000,0.9254,0,-2.3100,-1.4650,-1.4653,3.6458,-1.4652,0.2152,POST_PH4_RE_RFB,2.30,-3.77,575.4,250.3,0.00,0,0,,1.678
3233,15:38:19.870,ROI,160,160,256,256,19.83,20.85,0.0,0.0,47.96,649.92,248.90,127.65,82.94,0.8585,19.2600,1.7800,2.5200,14.6400,0.8870,0,1.7800,-0.7254,-0.6307,3.8492,-0.6502,0.2062,POST_PH4_RE_RFB,2.30,-2.95,575.4,250.3,0.00,0,0,,1.811
3234,15:38:19.919,ROI,160,160,256,256,17.12,18.12,0.0,0.0,55.19,653.78,248.53,130.86,82.37,0.9339,19.2500,-1.0200,0.0000,0.0000,0.8704,0,-1.0200,-0.7208,-0.1896,4.0221,-0.2954,0.1991,POST_PH4_RE_RFB,2.30,-2.60,575.4,250.3,0.00,0,0,,1.857
3235,15:38:19.982,ROI,160,160,288,288,16.47,17.50,0.0,0.0,57.15,657.32,249.10,128.16,81.25,0.9340,20.8500,-2.3300,4.1900,1.3100,0.9335,0,-2.3300,-1.1978,0.1963,4.1392,-0.0750,0.1946,POST_PH4_RE_RFB,2.30,-2.37,575.4,250.3,0.00,0,0,,1.919
3236,15:38:20.046,ROI,160,160,288,288,12.02,13.02,8.35,0.0,76.79,658.19,248.57,129.74,83.47,0.9605,22.0100,-2.0000,0.0000,0.0000,0.9567,0,-2.0000,-1.5108,0.5579,4.1533,0.1565,0.1941,POST_PH4_RE_RFB,2.30,-2.14,575.4,250.3,0.00,0,0,,1.979
3237,15:38:20.094,ROI,160,160,288,288,13.21,14.39,0.0,0.0,69.50,660.61,249.17,127.78,81.56,0.9413,20.9300,-2.7000,0.0000,0.0000,0.9227,0,-2.7000,-1.9246,0.9271,4.1593,0.3744,0.1938,POST_PH4_RE_RFB,2.30,-1.93,575.4,250.3,0.00,0,0,,2.028
3238,15:38:20.159,ROI,160,160,256,256,19.80,21.02,7.725,0.0,47.57,664.99,248.57,132.46,82.38,0.9215,17.6500,0.5900,4.1000,11.8100,0.8263,0,0.5900,-1.6258,1.2245,4.1246,0.6683,0.1951,POST_PH4_RE_RFB,2.30,-1.63,575.4,250.3,0.00,0,0,,2.099
3239,15:38:20.222,ROI,160,160,288,288,13.63,14.72,18.4,0.0,67.94,667.94,249.01,130.09,83.45,0.9442,20.5300,-0.1900,0.0000,0.0000,0.9201,0,-0.1900,-1.5564,1.3712,4.0487,0.7913,0.1981,POST_PH4_RE_RFB,2.30,-1.51,575.4,250.3,0.00,0,0,,2.156
3240,15:38:20.270,ROI,160,160,288,288,12.79,13.90,0.0,0.0,71.92,671.55,247.83,129.24,82.76,0.9200,19.0800,3.1000,0.0000,0.0000,0.9407,0,3.1000,-0.5550,1.4887,3.9998,1.0799,0.2000,POST_PH4_RE_RFB,2.30,-1.22,575.4,250.3,0.00,0,0,,2.203
3241,15:38:20.399,ROI,160,160,288,288,12.49,13.68,0.0,0.0,73.10,681.04,248.03,130.32,84.44,0.8477,21.0200,-1.4900,0.0000,0.0000,0.8922,0,-1.4900,-0.7734,1.5541,4.0184,1.0903,0.1993,POST_PH4_RE_RFB,2.30,-1.21,575.4,250.3,0.00,0,0,,2.332
3242,15:38:20.446,ROI,160,160,288,288,13.18,14.71,11.675,0.0,67.98,684.28,248.50,126.68,79.94,0.9008,19.6500,-2.0200,0.0000,0.0000,0.9288,0,-2.0200,-1.1001,1.5613,4.0177,1.0309,0.1993,POST_PH4_RE_RFB,2.30,-1.27,575.4,250.3,0.00,0,0,,2.381
3243,15:38:20.511,ROI,160,160,256,256,26.81,28.20,0.0,0.0,35.46,690.29,250.37,131.42,87.10,0.8379,16.1700,4.6200,6.3400,20.2000,0.8613,0,4.6200,-0.0680,1.3799,4.0224,1.0916,0.1991,POST_PH4_RE_RFB,2.30,-1.21,575.4,250.3,0.00,0,0,,2.458
3244,15:38:20.559,ROI,160,160,288,288,12.78,13.65,0.0,0.0,73.24,693.13,249.78,127.91,85.09,0.9351,19.8500,-4.1700,0.0000,0.0000,0.9515,0,-4.1700,-0.4373,1.2290,4.0476,0.8989,0.1981,POST_PH4_RE_RFB,2.30,-1.40,575.4,250.3,0.00,0,0,,2.492
3245,15:38:20.622,ROI,160,160,256,256,17.81,19.08,7.775,0.0,52.41,697.83,249.70,128.11,85.30,0.9270,17.0200,1.6000,2.3400,19.9700,0.8713,0,1.6000,0.1832,1.0340,4.0799,0.8665,0.1969,POST_PH4_RE_RFB,2.30,-1.43,575.4,250.3,0.00,0,0,,2.561
3246,15:38:20.688,ROI,160,160,288,288,18.00,19.43,0.0,0.0,51.46,699.03,248.80,127.03,85.14,0.9610,19.7300,-1.9000,0.0000,0.0000,0.9481,0,-1.9000,0.0782,0.8728,4.0746,0.7163,0.1971,POST_PH4_RE_RFB,2.30,-1.58,575.4,250.3,0.00,0,0,,2.627
3247,15:38:20.734,ROI,160,160,256,256,23.65,25.03,0.0,0.0,39.95,704.95,249.39,130.08,87.38,0.8894,17.2500,2.7600,0.0000,0.0000,0.8631,0,2.7600,0.5929,0.6381,4.0939,0.6292,0.1963,POST_PH4_RE_RFB,2.30,-1.67,575.4,250.3,0.00,0,0,,2.679
3248,15:38:20.862,ROI,160,160,288,288,14.15,15.26,3.8,0.0,65.54,710.03,249.81,129.94,86.89,0.9163,17.6200,3.0500,0.0000,0.0000,0.9287,0,3.0500,1.2173,0.3066,4.1242,0.4843,0.1952,POST_PH4_RE_RFB,2.30,-1.82,575.4,250.3,0.00,0,0,,2.797
3249,15:38:20.910,ROI,160,160,288,288,13.40,14.54,0.0,0.0,68.76,715.08,250.01,129.42,86.60,0.9210,20.3800,-1.2000,0.0000,0.0000,0.9330,0,-1.2000,0.8747,-0.0805,4.1637,0.1045,0.1937,POST_PH4_RE_RFB,2.30,-2.20,575.4,250.3,0.00,0,0,,2.844
3250,15:38:20.974,ROI,160,160,288,288,13.82,15.13,7.825,0.0,66.09,717.84,249.15,128.95,86.17,0.9397,20.1100,-5.4400,0.0000,0.0000,0.9158,0,-5.4400,-0.4282,-0.4127,4.1644,-0.4157,0.1936,POST_PH4_RE_RFB,2.30,-2.72,575.4,250.3,0.00,0,0,,2.909
3251,15:38:21.039,ROI,160,160,288,288,13.61,14.96,7.925,0.0,66.84,722.29,248.23,129.96,86.24,0.9143,20.5200,-3.1000,0.0000,0.0000,0.9227,0,-3.1000,-0.7429,-0.6528,4.2382,-0.6700,0.1909,POST_PH4_RE_RFB,2.30,-2.97,575.4,250.3,0.00,0,0,,2.973
3252,15:38:21.086,ROI,160,160,288,288,12.30,13.21,0.0,0.0,75.72,725.24,246.33,128.16,85.66,0.9149,20.5700,-2.2100,0.0000,0.0000,0.9446,0,-2.2100,-1.1008,-0.6860,4.2902,-0.7644,0.1890,POST_PH4_RE_RFB,2.30,-3.06,575.4,250.3,0.00,0,0,,3.019
3253,15:38:21.150,ROI,160,160,288,288,11.71,12.77,0.0,0.0,78.29,729.01,247.62,132.21,88.99,0.9088,21.7700,-2.4800,0.0000,0.0000,0.9194,0,-2.4800,-1.6387,-0.6466,4.3306,-0.8327,0.1876,POST_PH4_RE_RFB,2.30,-3.13,575.4,250.3,0.00,0,0,,3.082
3254,15:38:21.215,ROI,160,160,288,288,13.64,15.07,0.0,0.0,66.38,731.66,247.72,131.89,89.39,0.9565,22.4200,-0.9700,0.0000,0.0000,0.9289,0,-0.9700,-1.8282,-0.5077,4.2866,-0.7575,0.1892,POST_PH4_RE_RFB,2.30,-3.06,575.4,250.3,0.00,0,0,,3.150
3255,15:38:21.326,ROI,160,160,288,288,11.92,12.92,4.05,0.0,77.41,738.87,247.79,132.16,91.10,0.8806,17.3300,2.5300,0.0000,0.0000,0.8866,0,2.5300,-1.3973,-0.3224,4.2648,-0.5265,0.1899,POST_PH4_RE_RFB,2.30,-2.83,575.4,250.3,0.00,0,0,,3.259
3256,15:38:21.390,ROI,160,160,288,288,12.52,13.69,0.0,0.0,73.05,743.60,248.46,136.08,90.86,0.9188,15.1900,4.3300,0.0000,0.0000,0.9002,0,4.3300,-0.3240,-0.0984,4.2503,-0.1414,0.1905,POST_PH4_RE_RFB,2.30,-2.44,575.4,250.3,0.00,0,0,,3.324
3257,15:38:21.437,ROI,160,160,288,288,12.43,13.28,0.0,0.0,75.31,746.01,247.03,129.51,86.83,0.9095,21.2900,0.9000,0.0000,0.0000,0.9273,0,0.9000,-0.1051,0.1858,4.1740,0.1296,0.1933,POST_PH4_RE_RFB,2.30,-2.17,575.4,250.3,0.00,0,0,,3.370
3258,15:38:21.503,ROI,160,160,288,288,12.93,13.97,15.0,0.0,71.57,747.13,247.86,129.73,89.14,0.9575,20.3000,-1.2600,0.0000,0.0000,0.9097,0,-1.2600,0.0181,0.5777,4.0276,0.4664,0.1989,POST_PH4_RE_RFB,2.30,-1.83,575.4,250.3,0.00,0,0,,3.436
3259,15:38:21.550,ROI,160,160,288,288,12.77,13.85,11.725,0.0,72.21,751.14,247.72,135.27,90.05,0.9318,20.2600,-0.8500,0.0000,0.0000,0.9062,0,-0.8500,-0.2083,1.0459,3.9816,0.7941,0.2007,POST_PH4_RE_RFB,2.30,-1.51,575.4,250.3,0.00,0,0,,3.483
3260,15:38:21.614,ROI,160,160,288,288,14.76,16.07,7.75,24.325,62.24,753.03,248.51,131.60,89.57,0.9552,17.6000,0.6200,0.0000,0.0000,0.8606,0,0.6200,-0.2039,1.5063,3.8868,1.1563,0.2046,POST_PH4_RE_RFB,2.30,-1.14,575.4,250.3,0.00,0,0,,3.550
3261,15:38:21.727,ROI,160,160,288,288,13.05,14.17,4.05,0.0,70.59,758.08,248.16,134.33,89.05,0.9200,17.9900,3.0800,0.0000,0.0000,0.9118,0,3.0800,0.9954,1.7909,3.8553,1.6271,0.2060,POST_PH4_RE_RFB,2.30,-0.67,575.4,250.3,0.00,0,0,,3.660
3262,15:38:21.791,ROI,160,160,288,288,12.80,13.90,7.825,0.0,71.96,759.40,247.73,131.51,87.44,0.9614,20.7700,-1.8200,0.0000,0.0000,0.9176,0,-1.8200,0.2422,2.0070,3.7636,1.6365,0.2099,POST_PH4_RE_RFB,2.30,-0.66,575.4,250.3,0.00,0,0,,3.724
3263,15:38:21.855,ROI,160,160,288,288,21.96,23.27,7.775,16.8,42.98,760.12,248.22,132.50,87.23,0.9782,21.9100,-3.0900,0.0000,0.0000,0.8818,0,-3.0900,-0.1711,2.1038,3.6394,1.6135,0.2155,POST_PH4_RE_RFB,2.30,-0.69,575.4,250.3,0.00,0,0,,3.798
3264,15:38:21.903,ROI,160,160,288,288,21.62,23.12,0.0,0.0,43.25,761.35,247.46,132.89,87.53,0.9647,20.7600,-1.4300,0.0000,0.0000,0.8954,0,-1.4300,-0.5512,2.2129,3.4327,1.5893,0.2256,POST_PH4_RE_RFB,2.30,-0.71,575.4,250.3,0.00,0,0,,3.846
3265,15:38:21.967,ROI,160,160,288,288,29.27,30.77,9.575,0.0,32.50,761.67,247.97,132.03,85.82,0.9741,22.4900,-3.1400,0.0000,0.0000,0.8865,0,-3.1400,-0.7718,2.2106,3.2184,1.5036,0.2371,POST_PH4_RE_RFB,2.30,-0.80,575.4,250.3,0.00,0,0,,3.917
3266,15:38:22.031,ROI,160,160,288,288,22.16,23.46,0.0,0.0,42.63,762.08,247.77,131.06,86.31,0.9871,21.5600,-1.7900,0.0000,0.0000,0.9049,0,-1.7900,-0.5803,2.0440,2.9938,1.3869,0.2504,POST_PH4_RE_RFB,2.30,-0.91,575.4,250.3,0.00,0,0,,3.974
3267,15:38:22.077,ROI,160,160,288,288,13.33,14.65,17.05,0.0,68.25,762.00,247.61,133.18,88.09,0.9641,21.1800,-1.8000,0.0000,0.0000,0.8851,0,-1.8000,-0.7782,1.6842,2.7596,1.0292,0.2660,POST_PH4_RE_RFB,2.30,-1.27,575.4,250.3,0.00,0,0,,4.011
3268,15:38:22.191,ROI,160,160,288,288,15.01,16.29,0.0,0.0,61.38,762.18,247.77,133.15,87.77,0.9936,21.6600,-2.5300,0.0000,0.0000,0.8853,0,-2.5300,-1.5861,1.1981,2.4862,0.3995,0.2868,POST_PH4_RE_RFB,2.30,-1.90,575.4,250.3,0.00,0,0,,4.126
3269,15:38:22.256,ROI,160,160,288,288,16.28,17.54,0.0,0.0,57.00,762.18,247.74,133.34,87.75,0.9977,21.8500,-2.6400,0.0000,0.0000,0.8903,0,-2.6400,-2.2075,0.6791,2.2086,-0.2206,0.3117,POST_PH4_RE_RFB,2.30,-2.52,575.4,250.3,0.00,0,0,,4.193
3270,15:38:22.317,ROI,160,160,288,288,15.32,16.41,8.875,23.8,60.96,761.98,247.79,133.36,87.57,0.9950,21.4200,-2.1200,0.0000,0.0000,0.8918,0,-2.1200,-2.6318,0.3924,1.9027,-0.6495,0.3445,POST_PH4_RE_RFB,2.30,-2.95,575.4,250.3,0.00,0,0,,4.253
3271,15:38:22.366,ROI,160,160,288,288,14.63,15.95,11.9,0.0,62.69,761.70,247.72,131.29,86.80,0.9758,22.0200,-2.2800,0.0000,0.0000,0.8935,0,-2.2800,-3.1203,0.1818,1.5902,-1.0930,0.3861,POST_PH4_RE_RFB,2.30,-3.39,575.4,250.3,0.00,0,0,,4.302
3272,15:38:22.430,ROI,160,160,288,288,10.44,11.28,0.0,0.0,88.68,760.66,248.19,133.49,87.07,0.9731,19.2300,0.6000,0.0000,0.0000,0.8766,0,0.6000,-2.8551,-0.0107,1.2439,-1.2783,0.4456,POST_PH4_RE_RFB,2.30,-3.58,575.4,250.3,0.00,0,0,,4.360
3273,15:38:22.495,ROI,160,160,288,288,12.23,13.42,0.0,0.0,74.53,760.59,247.80,133.70,87.84,0.9896,14.8300,3.3500,0.0000,0.0000,0.8709,0,3.3500,-1.6657,-0.1397,0.9779,-0.9112,0.5056,POST_PH4_RE_RFB,2.30,-3.21,575.4,250.3,0.00,0,0,,4.428
3274,15:38:22.541,ROI,160,160,288,288,13.96,15.23,11.9,0.0,65.67,759.08,248.06,134.96,89.53,0.9594,19.4000,-1.0500,0.0000,0.0000,0.8608,0,-1.0500,-1.1912,-0.4671,0.7333,-0.8849,0.5769,POST_PH4_RE_RFB,2.30,-3.18,575.4,250.3,0.00,0,0,,4.476
3275,15:38:22.671,ROI,160,160,288,288,12.78,13.88,0.0,0.0,72.03,755.63,247.77,133.06,88.79,0.9421,14.8000,3.5600,0.0000,0.0000,0.8516,0,3.5600,-0.0599,-0.3661,0.4435,-0.1540,0.6928,POST_PH4_RE_RFB,2.30,-2.45,575.4,250.3,0.00,0,0,,4.604
3276,15:38:22.719,ROI,160,160,288,288,14.75,15.81,0.0,24.7,63.26,754.19,248.17,135.56,90.41,0.9612,20.3900,-2.9800,0.0000,0.0000,0.8144,0,-2.9800,-0.5539,-0.1142,0.1305,-0.5032,0.8846,POST_PH4_RE_RFB,2.30,-2.80,575.4,250.3,0.00,0,0,,4.654
3277,15:38:22.782,ROI,160,160,288,288,11.06,12.06,8.225,0.0,82.94,748.71,247.71,133.34,88.92,0.9069,16.0100,0.5600,0.0000,0.0000,0.8360,0,0.5600,-0.2476,-0.6912,0.2149,-0.3261,0.8231,POST_PH4_RE_RFB,2.30,-2.63,575.4,250.3,0.00,0,0,,4.714
3278,15:38:22.830,ROI,160,160,288,288,13.65,14.76,10.9,0.0,67.75,745.68,247.25,132.23,88.34,0.9457,21.5000,-2.9000,0.0000,0.0000,0.9006,0,-2.9000,-0.5109,-0.8084,0.5709,-0.6190,0.6366,POST_PH4_RE_RFB,2.30,-2.92,575.4,250.3,0.00,0,0,,4.764
3279,15:38:22.895,ROI,160,160,288,288,14.48,15.71,7.8,0.0,63.64,743.70,248.26,130.16,88.33,0.9488,21.7300,-4.0700,0.0000,0.0000,0.9081,0,-4.0700,-0.6785,-0.6542,0.8476,-0.6674,0.5413,POST_PH4_RE_RFB,2.30,-2.97,575.4,250.3,0.00,0,0,,4.830
3280,15:38:22.958,ROI,160,160,288,288,10.90,11.90,8.2,0.0,84.03,740.50,247.05,130.18,84.51,0.9117,18.0800,-0.0100,0.0000,0.0000,0.8913,0,-0.0100,-0.4342,-0.6720,1.1249,-0.5601,0.4706,POST_PH4_RE_RFB,2.30,-2.86,575.4,250.3,0.00,0,0,,4.890
3281,15:38:23.007,ROI,160,160,288,288,11.94,12.95,10.575,0.0,77.19,737.93,247.76,130.61,88.04,0.9235,23.1800,-4.2500,0.0000,0.0000,0.9079,0,-4.2500,-1.2306,-0.6001,1.3942,-0.8635,0.4177,POST_PH4_RE_RFB,2.30,-3.16,575.4,250.3,0.00,0,0,,4.939
3282,15:38:23.136,ROI,160,160,288,288,18.92,20.26,0.0,0.0,49.35,731.17,248.51,131.15,86.96,0.8871,21.0800,-3.5900,0.0000,0.0000,0.8806,0,-3.5900,-1.6871,-0.4342,1.7121,-0.8962,0.3687,POST_PH4_RE_RFB,2.30,-3.20,575.4,250.3,0.00,0,0,,5.076
3283,15:38:23.183,ROI,160,160,288,288,20.47,21.82,14.95,0.0,45.84,725.80,247.78,133.20,88.61,0.9052,17.3200,-0.5500,0.0000,0.0000,0.8688,0,-0.5500,-1.6735,-0.2658,2.0558,-0.7265,0.3272,POST_PH4_RE_RFB,2.30,-3.03,575.4,250.3,0.00,0,0,,5.124
3284,15:38:23.247,ROI,160,160,288,288,19.76,21.23,0.0,0.0,47.11,722.48,248.17,132.01,89.23,0.9432,21.3100,-1.9700,0.0000,0.0000,0.9501,0,-1.9700,-1.8459,-0.1060,2.3756,-0.6214,0.2962,POST_PH4_RE_RFB,2.30,-2.92,575.4,250.3,0.00,0,0,,5.187
3285,15:38:23.310,ROI,160,160,288,288,19.71,21.08,0.0,0.0,47.44,716.85,249.91,128.61,90.14,0.8838,18.9000,-2.2900,0.0000,0.0000,0.8499,0,-2.2900,-2.0818,0.1245,2.7143,-0.4695,0.2692,POST_PH4_RE_RFB,2.30,-2.77,575.4,250.3,0.00,0,0,,5.251
3286,15:38:23.359,ROI,160,160,288,288,12.68,13.74,0.0,0.0,72.77,715.33,250.12,129.17,87.10,0.9442,20.3800,-5.0200,0.0000,0.0000,0.9447,0,-5.0200,-2.9490,0.3982,2.9832,-0.4421,0.2511,POST_PH4_RE_RFB,2.30,-2.74,575.4,250.3,0.00,0,0,,5.292
3287,15:38:23.421,ROI,160,160,288,288,14.21,15.35,0.0,0.0,65.17,710.09,249.69,130.30,87.26,0.9137,19.6600,-4.9700,0.0000,0.0000,0.8711,0,-4.9700,-3.7745,0.6614,3.2473,-0.3830,0.2354,POST_PH4_RE_RFB,2.30,-2.68,575.4,250.3,0.00,0,0,,5.356
3288,15:38:23.486,ROI,160,160,288,288,13.51,14.63,7.9,0.0,68.36,708.40,249.77,131.40,87.48,0.9721,18.7900,-1.6500,0.0000,0.0000,0.9372,0,-1.6500,-3.8218,1.0084,3.4374,-0.0801,0.2254,POST_PH4_RE_RFB,2.30,-2.38,575.4,250.3,0.00,0,0,,5.420
3289,15:38:23.534,ROI,160,160,288,288,13.49,14.77,11.925,0.0,67.68,706.00,249.90,130.57,87.53,0.9614,16.8000,-1.3500,0.0000,0.0000,0.8126,0,-1.3500,-3.8337,1.3862,3.5645,0.2426,0.2191,POST_PH4_RE_RFB,2.30,-2.06,575.4,250.3,0.00,0,0,,5.468
3290,15:38:23.647,ROI,160,160,288,288,12.59,13.63,3.975,0.0,73.37,697.05,250.37,128.56,85.52,0.8519,16.2500,0.7700,0.0000,0.0000,0.8721,0,0.7700,-3.1081,1.7883,3.7545,0.7585,0.2103,POST_PH4_RE_RFB,2.30,-1.54,575.4,250.3,0.00,0,0,,5.580
3291,15:38:23.710,ROI,160,160,288,288,12.51,13.58,0.0,0.0,73.61,692.63,249.87,128.81,86.29,0.9231,19.5700,-2.6400,0.0000,0.0000,0.8795,0,-2.6400,-2.7778,2.1782,3.8914,1.1650,0.2044,POST_PH4_RE_RFB,2.30,-1.14,575.4,250.3,0.00,0,0,,5.643
3292,15:38:23.774,ROI,160,160,288,288,12.93,14.05,0.0,0.0,71.19,689.30,249.09,127.13,86.08,0.9326,18.2400,-1.5700,0.0000,0.0000,0.8748,0,-1.5700,-2.6123,2.3873,3.9755,1.3825,0.2010,POST_PH4_RE_RFB,2.30,-0.92,575.4,250.3,0.00,0,0,,5.708
3293,15:38:23.823,ROI,160,160,256,256,17.71,18.98,11.15,20.575,52.69,682.47,249.16,130.80,83.71,0.8763,15.2200,3.7000,7.0800,16.0600,0.8500,0,3.7000,-0.8468,2.6909,4.1028,1.9976,0.1960,POST_PH4_RE_RFB,2.30,-0.30,575.4,250.3,0.00,0,0,,5.762
3294,15:38:23.886,ROI,160,160,288,288,11.92,12.98,8.775,0.0,77.05,680.24,247.90,129.24,81.65,0.9376,21.4800,-1.3900,0.0000,0.0000,0.9451,0,-1.3900,-0.8522,2.9435,4.1461,2.2059,0.1943,POST_PH4_RE_RFB,2.30,-0.09,575.4,250.3,0.00,0,0,,5.819
3295,15:38:23.951,ROI,160,160,288,288,12.38,13.47,0.0,0.0,74.24,675.68,248.69,127.51,83.59,0.9107,20.0400,-1.9400,0.0000,0.0000,0.8582,0,-1.9400,-0.6048,2.6463,4.2245,2.0240,0.1914,POST_PH4_RE_RFB,2.30,-0.28,575.4,250.3,0.00,0,0,,5.884
3296,15:38:23.997,ROI,160,160,256,256,19.13,20.29,0.0,0.0,49.29,672.09,249.18,132.70,85.65,0.9237,17.8900,1.5700,4.9500,13.4300,0.8968,0,1.5700,0.0205,2.4014,4.2747,1.9501,0.1896,POST_PH4_RE_RFB,2.30,-0.35,575.4,250.3,0.00,0,0,,5.937
3297,15:38:24.110,ROI,160,160,288,288,12.38,13.46,8.45,0.0,74.27,665.27,248.26,129.28,82.03,0.8643,19.6400,-1.1500,0.0000,0.0000,0.9260,0,-1.1500,-0.1194,2.1899,4.3316,1.7567,0.1876,POST_PH4_RE_RFB,2.30,-0.54,575.4,250.3,0.00,0,0,,6.043
3298,15:38:24.175,ROI,160,160,288,288,12.88,14.24,7.65,0.0,70.22,663.85,248.65,128.21,81.81,0.9691,20.5100,-1.8100,0.0000,0.0000,0.9150,0,-1.8100,0.0055,1.7578,4.3145,1.4280,0.1882,POST_PH4_RE_RFB,2.30,-0.87,575.4,250.3,0.00,0,0,,6.109
3299,15:38:24.239,ROI,160,160,288,288,12.72,14.05,7.85,0.0,71.16,658.61,248.04,127.42,80.86,0.9080,19.3300,-1.7500,0.0000,0.0000,0.9093,0,-1.7500,-0.2968,1.2436,4.2818,0.9520,0.1893,POST_PH4_RE_RFB,2.30,-1.35,575.4,250.3,0.00,0,0,,6.172
3300,15:38:24.287,ROI,160,160,256,256,27.45,28.79,11.375,13.575,34.73,657.63,248.75,129.71,83.07,0.9561,19.7700,-1.8100,4.5700,13.4900,0.8882,0,-1.8100,-0.5820,0.7181,4.2352,0.4698,0.1910,POST_PH4_RE_RFB,2.30,-1.83,575.4,250.3,0.00,0,0,,6.236
3301,15:38:24.358,ROI,160,160,288,288,19.11,20.42,18.65,0.0,48.96,652.41,248.50,127.85,82.53,0.9162,20.7000,-1.3600,0.0000,0.0000,0.9383,0,-1.3600,-0.4685,0.1131,4.2341,0.0020,0.1911,POST_PH4_RE_RFB,2.30,-2.30,575.4,250.3,0.00,0,0,,6.298
3302,15:38:24.414,ROI,160,160,256,256,25.26,26.52,0.0,0.0,37.71,653.60,248.88,132.66,82.32,0.9552,19.0800,-1.9800,2.0600,15.1500,0.8639,0,-1.9800,-0.6254,-0.5273,4.1257,-0.5465,0.1951,POST_PH4_RE_RFB,2.30,-2.85,575.4,250.3,0.00,0,0,,6.361
3303,15:38:24.528,ROI,160,160,288,288,18.55,19.80,0.0,0.0,50.50,644.22,248.32,127.37,81.13,0.8534,19.8100,-1.5200,4.2200,1.6700,0.8953,0,-1.5200,-0.7236,-1.0633,4.1495,-0.9973,0.1942,POST_PH4_RE_RFB,2.30,-3.30,575.4,250.3,0.00,0,0,,6.467
3304,15:38:24.590,ROI,160,160,256,256,18.22,19.47,0.0,0.0,51.35,637.01,249.52,125.39,86.21,0.8425,18.6500,-2.8200,2.1300,15.9200,0.8607,0,-2.8200,-1.4047,-1.4114,4.1791,-1.4101,0.1931,POST_PH4_RE_RFB,2.30,-3.71,575.4,250.3,0.00,0,0,,6.529
3305,15:38:24.640,ROI,160,160,256,256,18.16,19.27,13.05,0.0,51.90,634.49,249.56,128.14,84.74,0.9451,18.5800,-1.0500,2.6200,15.9900,0.8533,0,-1.0500,-1.7566,-1.6238,4.1943,-1.6494,0.1925,POST_PH4_RE_RFB,2.30,-3.95,575.4,250.3,0.00,0,0,,6.579
3306,15:38:24.702,ROI,160,160,288,288,17.27,18.38,0.0,0.0,54.41,630.11,248.53,126.00,82.94,0.9114,19.9300,-2.4500,0.0000,0.0000,0.9093,0,-2.4500,-2.0949,-1.7511,4.1637,-1.8177,0.1937,POST_PH4_RE_RFB,2.30,-4.12,575.4,250.3,0.00,0,0,,6.640
3307,15:38:24.749,ROI,160,160,256,256,19.96,20.95,13.5,0.0,47.74,626.96,249.09,127.09,85.41,0.9245,19.6500,-2.8400,0.0000,0.0000,0.8645,0,-2.8400,-2.4657,-1.7539,4.0736,-1.8942,0.1971,POST_PH4_RE_RFB,2.30,-4.19,575.4,250.3,0.00,0,0,,6.690
3308,15:38:24.814,ROI,160,160,256,256,17.97,18.98,0.0,0.0,52.68,625.30,249.61,128.58,83.57,0.9537,20.7000,-2.0300,2.7200,0.4700,0.9231,0,-2.0300,-2.4089,-1.5567,4.0252,-1.7263,0.1990,POST_PH4_RE_RFB,2.30,-4.03,575.4,250.3,0.00,0,0,,6.753
3309,15:38:24.926,ROI,160,160,288,288,15.25,16.35,4.2,0.0,61.15,617.94,249.18,128.81,80.19,0.8578,18.7200,-0.5000,0.0000,0.0000,0.8688,0,-0.5000,-2.3688,-1.2421,4.0447,-1.4654,0.1982,POST_PH4_RE_RFB,2.30,-3.77,575.4,250.3,0.00,0,0,,6.862
3310,15:38:24.990,ROI,160,160,288,288,12.31,13.41,8.3,0.0,74.59,611.82,248.59,127.17,77.67,0.8812,18.9500,-3.0300,0.0000,0.0000,0.9024,0,-3.0300,-2.7652,-0.9043,4.0826,-1.2704,0.1967,POST_PH4_RE_RFB,2.30,-3.57,575.4,250.3,0.00,0,0,,6.923
3311,15:38:25.054,ROI,160,160,256,256,19.80,20.69,7.7,0.0,48.32,608.14,249.38,128.06,84.54,0.8689,21.7700,-0.8600,0.0000,0.0000,0.9329,0,-0.8600,-2.1063,-0.5133,4.1593,-0.8220,0.1938,POST_PH4_RE_RFB,2.30,-3.12,575.4,250.3,0.00,0,0,,6.994
3312,15:38:25.103,ROI,160,160,288,288,13.66,15.06,0.0,0.0,66.41,604.53,248.95,125.84,80.14,0.8963,20.6300,-1.5900,0.0000,0.0000,0.9122,0,-1.5900,-2.0823,-0.1882,4.1893,-0.5532,0.1927,POST_PH4_RE_RFB,2.30,-2.85,575.4,250.3,0.00,0,0,,7.038
3313,15:38:25.166,ROI,160,160,256,256,15.80,16.78,0.0,0.0,59.59,601.87,249.04,124.40,83.25,0.9235,21.9300,-0.5200,2.0700,-0.0200,0.8948,0,-0.5200,-1.8969,0.1181,4.1991,-0.2695,0.1923,POST_PH4_RE_RFB,2.30,-2.57,575.4,250.3,0.00,0,0,,7.103
3314,15:38:25.214,ROI,160,160,256,256,12.49,13.57,0.0,0.0,73.67,596.12,249.43,123.73,81.98,0.8981,21.0500,-0.8100,0.0000,0.0000,0.9180,0,-0.8100,-1.4058,0.4418,4.2281,0.0884,0.1913,POST_PH4_RE_RFB,2.30,-2.21,575.4,250.3,0.00,0,0,,7.147
3315,15:38:25.278,ROI,160,160,256,256,19.26,20.48,0.0,0.0,48.84,593.84,249.46,121.47,82.50,0.9577,20.1800,1.4800,0.0000,0.0000,0.9240,0,1.4800,-0.7064,0.7224,4.2739,0.4515,0.1896,POST_PH4_RE_RFB,2.30,-1.85,575.4,250.3,0.00,0,0,,7.218
3316,15:38:25.392,ROI,160,160,256,256,33.16,34.45,0.0,56.7,29.03,590.70,249.77,122.40,82.42,0.9429,21.6300,-1.0800,0.0000,0.0000,0.8932,0,-1.0800,-0.6505,0.9619,4.2553,0.6551,0.1903,POST_PH4_RE_RFB,2.30,-1.64,575.4,250.3,0.00,0,0,,7.346
3317,15:38:25.457,ROI,160,160,256,256,29.81,31.17,12.85,0.0,32.08,587.94,249.88,121.81,82.86,0.9508,19.4800,1.2700,0.0000,0.0000,0.9137,0,1.2700,-0.1198,1.1138,4.2368,0.8782,0.1910,POST_PH4_RE_RFB,2.30,-1.42,575.4,250.3,0.00,0,0,,7.408
3318,15:38:25.519,ROI,160,160,256,256,19.60,20.93,12.425,0.0,47.77,586.07,249.59,121.79,81.68,0.9562,18.6000,3.1900,0.0000,0.0000,0.8617,0,3.1900,0.7443,1.2255,4.1243,1.1316,0.1951,POST_PH4_RE_RFB,2.30,-1.17,575.4,250.3,0.00,0,0,,7.460
3319,15:38:25.567,ROI,160,160,256,256,25.75,27.20,58.5,0.0,36.76,584.90,249.67,121.63,81.63,0.9790,19.8700,1.9100,0.0000,0.0000,0.8723,0,1.9100,1.3087,1.2505,3.9870,1.2622,0.2005,POST_PH4_RE_RFB,2.30,-1.04,575.4,250.3,0.00,0,0,,7.514
3320,15:38:25.631,ROI,160,160,256,256,26.66,28.19,0.0,0.0,35.48,583.17,249.74,122.58,81.55,0.9706,17.2200,4.6600,0.0000,0.0000,0.8697,0,4.6600,2.3097,1.2194,3.7175,1.4505,0.2120,POST_PH4_RE_RFB,2.30,-0.85,575.4,250.3,0.00,0,0,,7.578
3321,15:38:25.695,ROI,160,160,256,256,24.54,25.83,0.0,15.125,38.72,582.94,249.80,123.81,81.81,0.9870,18.4800,3.3300,0.0000,0.0000,0.8766,0,3.3300,2.9731,1.1259,3.4906,1.5372,0.2227,POST_PH4_RE_RFB,2.30,-0.76,575.4,250.3,0.00,0,0,,7.641
3322,15:38:25.744,ROI,160,160,256,256,23.30,24.75,16.975,0.0,40.40,582.85,249.62,123.81,81.09,0.9898,19.6100,2.6300,0.0000,0.0000,0.8794,0,2.6300,3.2637,1.0736,3.2803,1.5853,0.2336,POST_PH4_RE_RFB,2.30,-0.71,575.4,250.3,0.00,0,0,,7.688
3323,15:38:25.859,ROI,160,160,256,256,27.06,28.50,8.7,0.0,35.09,582.08,249.46,124.29,81.68,0.9806,21.5300,1.0300,0.0000,0.0000,0.8876,0,1.0300,3.3278,1.0555,3.0210,1.6206,0.2487,POST_PH4_RE_RFB,2.30,-0.68,575.4,250.3,0.00,0,0,,7.807
3324,15:38:25.917,ROI,160,160,256,256,20.70,21.83,12.975,0.0,45.81,581.66,249.80,124.83,81.57,0.9852,21.9700,0.6300,0.0000,0.0000,0.8943,0,0.6300,3.1181,0.9962,2.7465,1.5626,0.2669,POST_PH4_SETTLING,2.30,-0.74,575.4,250.3,0.00,0,0,,7.859
3325,15:38:25.982,ROI,160,160,256,256,14.30,15.35,9.075,0.0,65.14,581.42,249.40,123.65,80.66,0.9794,21.3000,1.2000,0.0000,0.0000,0.8597,0,1.2000,2.9276,0.9251,2.4381,1.5075,0.2909,POST_PH4_SETTLING,2.30,-0.79,575.4,250.3,0.00,0,0,,7.917
3326,15:38:26.031,ROI,160,160,256,256,13.09,14.20,0.0,27.5,70.41,581.16,249.37,123.68,80.58,0.9949,21.5100,0.9800,0.0000,0.0000,0.8739,0,0.9800,2.7112,0.9321,2.0731,1.5110,0.3254,POST_PH4_SETTLING,2.30,-0.79,575.4,250.3,0.00,0,0,,7.964
3327,15:38:26.095,ROI,160,160,256,256,13.07,14.42,0.0,27.1,69.36,581.16,249.34,123.74,80.53,0.9987,21.5500,0.9300,0.0000,0.0000,0.8764,0,0.9300,2.6018,0.9513,1.7609,1.5491,0.3622,POST_PH4_SETTLING,2.30,-0.75,575.4,250.3,0.00,0,0,,8.029
3328,15:38:26.158,ROI,160,160,256,256,12.99,14.58,8.1,26.8,68.57,581.16,249.29,123.74,80.53,0.9988,21.6200,0.7200,0.0000,0.0000,0.8763,0,0.7200,2.1432,0.8399,1.4929,1.3627,0.4011,POST_PH4_SETTLING,2.30,-0.94,575.4,250.3,0.00,0,0,,8.092
3329,15:38:26.206,ROI,160,160,256,256,11.26,12.10,11.675,0.0,82.65,581.22,249.24,123.89,80.58,0.9976,21.6800,0.5300,0.0000,0.0000,0.8742,0,0.5300,1.8211,0.7051,1.2327,1.2049,0.4479,POST_PH4_SETTLING,2.30,-1.10,575.4,250.3,0.00,0,0,,8.138
3330,15:38:26.335,ROI,160,160,256,256,13.07,14.31,6.675,0.0,69.88,581.24,249.27,123.79,80.50,0.9982,21.6800,0.5900,0.0000,0.0000,0.8741,0,0.5900,1.4057,0.3893,0.9877,0.9006,0.5031,POST_PH4_SETTLING,2.30,-1.40,575.4,250.3,0.00,0,0,,8.269
3331,15:38:26.382,ROI,160,160,256,256,17.65,18.92,0.0,41.3,52.86,581.21,249.26,123.97,80.51,0.9982,21.6400,0.5300,0.0000,0.0000,0.8743,0,0.5300,1.0587,-0.1681,0.7475,0.5339,0.5722,POST_PH4_SETTLING,2.30,-1.77,575.4,250.3,0.00,0,0,,8.320
3332,15:38:26.446,ROI,160,160,256,256,15.48,16.38,0.0,47.725,61.07,581.16,249.26,123.95,80.50,0.9990,21.7300,0.4900,0.0000,0.0000,0.8750,0,0.4900,0.6528,-0.9099,0.5784,0.0802,0.6336,POST_PH4_SETTLING,2.30,-2.22,575.4,250.3,0.00,0,0,,8.382
3333,15:38:26.493,ROI,160,160,256,256,10.18,11.19,12.775,34.9,89.35,581.24,249.34,123.90,80.59,0.9967,21.5800,0.7200,0.0000,0.0000,0.8737,0,0.7200,0.5257,-1.9464,0.4219,-0.2078,0.7033,POST_PH4_SETTLING,2.30,-2.51,575.4,250.3,0.00,0,0,,8.424
3334,15:38:26.558,ROI,160,160,256,256,12.21,13.07,0.0,29.875,76.48,580.95,249.26,124.37,80.48,0.9934,21.6000,0.7700,0.0000,0.0000,0.8724,0,0.7700,0.1377,-3.2309,0.3059,-0.6514,0.7658,POST_PH4_SETTLING,2.30,-2.95,575.4,250.3,0.00,0,0,,8.491
3335,15:38:26.622,ROI,160,160,256,256,13.78,14.74,7.7,0.0,67.86,580.94,249.59,124.48,80.42,0.9908,20.0400,1.9200,0.0000,0.0000,0.8485,0,1.9200,0.2137,-4.3802,0.2229,-0.6238,0.8177,POST_PH4_SETTLING,2.30,-2.92,575.4,250.3,0.00,0,0,,8.557
3336,15:38:26.671,ROI,160,160,256,256,13.84,15.10,0.0,51.75,66.23,580.98,249.58,124.86,81.04,0.9892,19.9100,1.9900,0.0000,0.0000,0.8325,0,1.9900,0.5060,-5.5794,0.1620,-0.3426,0.8606,POST_PH4_SETTLING,2.30,-2.64,575.4,250.3,0.00,0,0,,8.605
