frame_id,timestamp,mode,input_width,input_height,roi_w,roi_h,inf_time_ms,end_to_end_time_ms,cpu_load_pct,end_to_end_cpu_load_pct,fps,x_center,y_center,width,height,iou_prev_bbox,group1_magnitude,group1_angle,group2_magnitude,group2_angle,best_conf,tracking_lost,raw_angle,model_angle_smooth,trajectory_angle_smooth,estimated_speed,fused_angle,fused_weight_x,pid_mode,target_angle,angle_error,target_x,target_y,distance_error,ble_speed_left,ble_speed_right,post_ph4_spin_elapsed_s,post_ph4_re_rfb_elapsed_s
972,13:47:16.073,ROI,160,160,224,224,14.35,15.67,0.0,0.0,63.82,467.69,133.34,99.04,72.48,0.9965,15.4800,139.8600,0.0000,0.0000,0.7562,0,139.8600,139.9257,137.0833,0.0090,139.9002,0.9910,PHASE_1_ALIGNING,177.16,-37.26,688.7,144.3,221.29,-1118,1118,,
973,13:47:16.101,ROI,160,160,224,224,16.25,17.54,0.0,22.275,57.01,467.71,133.29,99.09,72.38,0.9981,15.5900,139.9100,0.0000,0.0000,0.7550,0,139.9100,139.8904,132.6579,0.0092,139.8242,0.9908,PHASE_1_ALIGNING,177.15,-37.32,688.7,144.3,221.26,-1120,1120,,
974,13:47:16.160,ROI,160,160,224,224,14.19,15.19,0.0,0.0,65.81,467.77,133.29,98.98,72.23,0.9967,15.6000,139.9400,0.0000,0.0000,0.7538,0,139.9400,139.8639,129.1637,0.0099,139.7592,0.9902,PHASE_1_ALIGNING,177.15,-37.39,688.7,144.3,221.20,-1122,1122,,
975,13:47:16.226,ROI,160,160,224,224,14.00,15.00,0.0,0.0,66.65,467.74,133.31,98.90,72.21,0.9988,15.4800,139.8500,0.0000,0.0000,0.7525,0,139.8500,139.8356,128.5748,0.0094,139.7308,0.9907,PHASE_1_ALIGNING,177.15,-37.42,688.7,144.3,221.23,-1123,1123,,
976,13:47:16.288,ROI,160,160,224,224,15.13,16.59,8.25,0.0,60.28,467.69,133.29,98.77,72.09,0.9970,14.9600,140.3400,0.0000,0.0000,0.7517,0,140.3400,139.9035,127.0068,0.0084,139.7954,0.9916,PHASE_1_ALIGNING,177.15,-37.35,688.7,144.3,221.29,-1121,1121,,
977,13:47:16.335,ROI,160,160,224,224,22.58,23.76,12.925,0.0,42.08,467.64,133.34,98.85,72.24,0.9970,14.8200,140.3900,0.0000,0.0000,0.7587,0,140.3900,140.0029,119.7420,0.0076,139.8504,0.9925,PHASE_1_ALIGNING,177.16,-37.31,688.7,144.3,221.33,-1119,1119,,
978,13:47:16.400,ROI,160,160,224,224,21.77,23.09,0.0,0.0,43.30,467.67,133.36,98.95,72.28,0.9982,14.8800,140.4400,0.0000,0.0000,0.7585,0,140.4400,140.1071,109.7919,0.0069,139.9008,0.9932,PHASE_1_ALIGNING,177.17,-37.27,688.7,144.3,221.30,-1118,1118,,
979,13:47:16.464,ROI,160,160,224,224,18.59,19.88,0.0,0.0,50.30,467.45,133.22,99.62,72.45,0.9894,15.0200,141.0600,0.0000,0.0000,0.7665,0,141.0600,140.3534,131.7245,0.0047,140.3127,0.9953,PHASE_1_ALIGNING,177.13,-36.82,688.7,144.3,221.53,-1105,1105,,
980,13:47:16.513,ROI,160,160,224,224,20.33,21.70,0.0,0.0,46.08,467.35,133.22,99.88,71.86,0.9894,13.7000,142.8900,0.0000,0.0000,0.7840,0,142.8900,140.9380,144.5445,0.0089,140.9698,0.9912,PHASE_1_ALIGNING,177.14,-36.17,688.7,144.3,221.63,-1085,1085,,
981,13:47:16.641,ROI,160,160,224,224,26.39,27.65,0.0,0.0,36.17,467.15,132.62,102.70,70.41,0.9533,13.4900,146.4000,0.0000,0.0000,0.8232,0,146.4000,142.1630,146.8130,0.0202,142.2552,0.9802,PHASE_1_ALIGNING,176.98,-34.73,688.7,144.3,221.85,-1042,1042,,
982,13:47:16.689,ROI,160,160,224,224,13.64,15.15,0.0,0.0,66.01,467.55,133.09,102.52,69.51,0.9792,12.4300,147.2400,0.0000,0.0000,0.7956,0,147.2400,143.4555,148.0154,0.0234,143.5599,0.9771,PHASE_1_ALIGNING,177.10,-33.54,688.7,144.3,221.44,-1006,1006,,
983,13:47:16.753,ROI,160,160,224,224,23.80,25.13,8.025,0.0,39.79,467.31,133.98,104.52,68.67,0.9563,13.5600,151.4600,0.0000,0.0000,0.8162,0,151.4600,145.4929,156.4826,0.0236,145.7460,0.9770,PHASE_1_ALIGNING,177.33,-31.59,688.7,144.3,221.63,-948,948,,
984,13:47:16.800,ROI,160,160,224,224,16.50,17.92,17.7,0.0,55.81,467.50,133.71,105.77,68.71,0.9806,15.1300,153.5700,0.0000,0.0000,0.8269,0,153.5700,147.7293,167.8351,0.0234,148.1896,0.9771,PHASE_1_ALIGNING,177.26,-29.07,688.7,144.3,221.45,-872,872,,
985,13:47:16.864,ROI,160,160,224,224,13.53,14.41,8.35,0.0,69.38,467.55,133.77,107.14,68.35,0.9820,16.9900,157.5800,0.0000,0.0000,0.8522,0,157.5800,150.5847,181.5001,0.0246,151.3280,0.9760,PHASE_1_ALIGNING,177.27,-25.95,688.7,144.3,221.40,-778,778,,
986,13:47:16.930,ROI,160,160,224,224,18.88,20.22,7.7,0.0,49.44,467.74,133.91,108.57,68.21,0.9828,16.9300,159.1000,0.0000,0.0000,0.8536,0,159.1000,153.4055,197.1754,0.0266,154.5407,0.9741,PHASE_1_ALIGNING,177.31,-22.77,688.7,144.3,221.20,-683,683,,
987,13:47:17.041,ROI,160,160,224,224,25.02,26.38,0.0,0.0,37.91,467.18,133.71,108.36,68.33,0.9841,18.3100,165.4900,0.0000,0.0000,0.8513,0,165.4900,157.2143,210.1288,0.0342,158.9649,0.9669,PHASE_2_DRIVING,177.26,-18.30,688.7,144.3,221.77,-2000,-1381,,
988,13:47:17.106,ROI,160,160,224,224,23.11,24.68,0.0,15.825,40.52,467.27,134.75,108.82,68.07,0.9660,18.0900,168.3900,0.0000,0.0000,0.8159,0,168.3900,161.1620,223.9496,0.0553,164.4542,0.9476,PHASE_2_DRIVING,177.53,-13.08,688.7,144.3,221.64,-1710,-2000,,
989,13:47:17.154,ROI,160,160,224,224,21.37,22.67,0.0,17.225,44.11,467.14,135.33,108.16,69.43,0.9746,17.2700,167.4500,0.0000,0.0000,0.7906,0,167.4500,164.4443,237.1022,0.0843,170.0902,0.9223,PHASE_2_DRIVING,177.68,-7.59,688.7,144.3,221.74,-1498,-2000,,
990,13:47:17.216,ROI,160,160,224,224,22.23,23.50,0.0,0.0,42.55,467.10,135.77,107.42,69.05,0.9806,17.7500,169.9500,0.0000,0.0000,0.7671,0,169.9500,167.7280,248.4155,0.1172,176.1906,0.8951,PHASE_2_DRIVING,177.80,-1.61,688.7,144.3,221.77,-1270,-2000,,
991,13:47:17.282,ROI,160,160,224,224,21.20,22.59,0.0,0.0,44.27,467.69,136.33,107.80,69.97,0.9734,17.3800,171.3200,0.0000,0.0000,0.7821,0,171.3200,170.7697,222.0313,0.1519,177.5300,0.8681,PHASE_2_DRIVING,177.93,-0.40,688.7,144.3,221.16,-1832,-2000,,
992,13:47:17.331,ROI,160,160,224,224,25.06,26.44,0.0,0.0,37.82,467.62,136.45,107.81,69.64,0.9939,17.3000,173.8500,0.0000,0.0000,0.7707,0,173.8500,173.7816,198.1769,0.1839,177.5705,0.8447,PHASE_2_DRIVING,177.97,-0.40,688.7,144.3,221.22,-2000,-1986,,
993,13:47:17.441,ROI,160,160,224,224,19.95,21.28,9.25,18.35,47.00,468.43,136.15,107.63,70.45,0.9738,13.8000,-178.5200,0.0000,0.0000,0.7962,0,-178.5200,177.7502,177.0069,0.2052,177.6237,0.8298,PHASE_2_DRIVING,177.88,-0.26,688.7,144.3,220.42,-1988,-2000,,
994,13:47:17.505,ROI,160,160,224,224,25.01,26.26,0.0,0.0,38.08,470.10,136.25,109.13,71.37,0.9572,13.8300,-173.9800,0.0000,0.0000,0.8166,0,-173.9800,181.9722,158.9686,0.2294,177.6795,0.8134,PHASE_2_DRIVING,177.89,-0.21,688.7,144.3,218.75,-2000,-1999,,
995,13:47:17.568,ROI,160,160,224,224,25.40,26.86,0.0,14.55,37.24,470.17,136.25,108.22,72.10,0.9817,14.7100,-170.5600,0.0000,0.0000,0.7209,0,-170.5600,186.0984,141.5618,0.2553,177.0409,0.7966,PHASE_2_DRIVING,177.89,-0.85,688.7,144.3,218.68,-2000,-1868,,
996,13:47:17.617,ROI,160,160,224,224,23.23,24.56,0.0,0.0,40.72,470.49,135.90,107.16,71.04,0.9756,17.2900,-171.2900,0.0000,0.0000,0.7733,0,-171.2900,189.2201,124.5195,0.2769,175.1889,0.7831,PHASE_2_DRIVING,177.80,-2.61,688.7,144.3,218.37,-2000,-1648,,
997,13:47:17.680,ROI,160,160,224,224,22.29,23.67,0.0,0.0,42.25,471.60,135.80,107.84,71.57,0.9724,15.6500,-171.2400,0.0000,0.0000,0.7574,0,-171.2400,191.5742,122.7561,0.3024,175.5951,0.7678,PHASE_2_DRIVING,177.76,-2.16,688.7,144.3,217.27,-2000,-1985,,
998,13:47:17.745,ROI,160,160,224,224,23.28,24.70,9.4,0.0,40.49,472.96,135.17,106.43,71.12,0.9580,14.3900,-167.7500,0.0000,0.0000,0.6892,0,-167.7500,194.0090,120.8567,0.3357,175.6257,0.7487,PHASE_2_DRIVING,177.58,-1.95,688.7,144.3,215.93,-2000,-1956,,
999,13:47:17.794,ROI,160,160,224,224,19.68,20.94,48.9,0.0,47.77,474.59,134.83,106.50,70.34,0.9593,13.4700,-166.2000,0.0000,0.0000,0.6556,0,-166.2000,196.2851,117.5083,0.3827,174.4796,0.7232,PHASE_2_DRIVING,177.47,-2.99,688.7,144.3,214.32,-2000,-1733,,
1000,13:47:17.921,ROI,160,160,224,224,21.10,22.47,11.05,17.375,44.50,477.58,134.57,105.38,71.32,0.9325,17.8400,-160.9800,0.0000,0.0000,0.8096,0,-160.9800,198.8915,115.6951,0.4888,171.5763,0.6717,PHASE_2_DRIVING,177.36,-5.79,688.7,144.3,211.34,-2000,-1420,,
1001,13:47:17.970,ROI,160,160,224,224,22.36,23.74,0.0,16.45,42.12,479.03,134.08,106.47,70.70,0.9599,17.4900,-160.2300,0.0000,0.0000,0.7759,0,-160.2300,201.2118,118.5919,0.6070,170.0053,0.6223,PHASE_2_DRIVING,177.21,-7.21,688.7,144.3,209.92,-2000,-1544,,
1002,13:47:18.032,ROI,160,160,224,224,18.81,20.08,0.0,0.0,49.81,481.73,133.86,107.35,70.22,0.9445,18.0000,-157.3300,0.0000,0.0000,0.7978,0,-157.3300,203.5125,124.2902,0.7570,169.3792,0.5691,PHASE_2_DRIVING,177.11,-7.73,688.7,144.3,207.23,-2000,-1641,,
1003,13:47:18.081,ROI,160,160,224,224,21.36,22.75,13.2,0.0,43.95,483.45,132.96,108.37,72.42,0.9395,15.7400,-156.3900,0.0000,0.0000,0.7509,0,-156.3900,205.5898,132.9241,0.9134,170.9016,0.5226,PHASE_2_DRIVING,176.84,-5.94,688.7,144.3,205.56,-1950,-2000,,
1004,13:47:18.145,ROI,160,160,224,224,20.09,21.37,0.0,0.0,46.80,486.71,133.47,106.68,76.12,0.8971,16.9400,-150.4300,0.0000,0.0000,0.8093,0,-150.4300,208.2484,144.8977,1.1001,175.0638,0.4762,PHASE_2_DRIVING,176.93,-1.87,688.7,144.3,202.28,-1496,-2000,,
1005,13:47:18.210,ROI,160,160,224,224,22.54,24.08,0.0,0.0,41.54,487.75,131.67,104.26,72.97,0.9313,17.5800,-152.7800,0.0000,0.0000,0.8408,0,-152.7800,210.2505,158.2348,1.2610,181.2400,0.4423,PHASE_2_DRIVING,176.40,4.84,688.7,144.3,201.35,-1038,-2000,,
1006,13:47:18.258,ROI,160,160,224,224,20.26,21.61,0.0,36.15,46.28,491.26,129.54,106.04,77.07,0.8851,20.0700,-148.9400,0.0000,0.0000,0.9017,0,-148.9400,212.6287,174.3615,1.4480,189.9933,0.4085,PHASE_2_DRIVING,175.73,14.27,688.7,144.3,197.99,-632,-2000,,
1007,13:47:18.387,ROI,160,160,224,224,19.25,20.57,7.25,19.0,48.60,497.38,128.62,103.38,79.44,0.8647,20.8500,-145.4500,0.0000,0.0000,0.8699,0,-145.4500,214.8681,192.5231,1.6904,200.8286,0.3717,PHASE_2_DRIVING,175.32,25.51,688.7,144.3,191.96,-346,-2000,,
1008,13:47:18.434,ROI,160,160,224,224,20.26,21.97,0.0,17.775,45.52,498.44,127.38,102.58,77.42,0.9494,20.1000,-148.6000,0.0000,0.0000,0.8935,0,-148.6000,215.9143,212.4175,1.8903,213.6273,0.3460,PHASE_2_DRIVING,174.92,38.71,688.7,144.3,191.01,-89,-2000,,
1009,13:47:18.498,ROI,160,160,224,224,17.21,18.52,9.4,0.0,54.00,500.69,125.73,103.33,77.21,0.9179,19.8100,-152.6200,0.0000,0.0000,0.9063,0,-152.6200,215.5627,214.3968,2.0781,214.7756,0.3249,PHASE_2_DRIVING,174.36,40.42,688.7,144.3,188.93,-716,-2000,,
1010,13:47:18.561,ROI,160,160,224,224,28.31,30.00,17.45,0.0,33.34,504.48,125.80,103.98,77.85,0.9220,19.9600,-149.4900,0.0000,0.0000,0.8721,0,-149.4900,215.5003,214.9292,2.2567,215.1046,0.3071,PHASE_2_DRIVING,174.26,40.84,688.7,144.3,185.15,-806,-2000,,
1011,13:47:18.610,ROI,160,160,224,224,22.10,23.48,41.275,33.275,42.58,505.32,125.17,103.57,75.80,0.9582,18.8800,-153.1800,0.0000,0.0000,0.8287,0,-153.1800,214.8872,214.3894,2.3905,214.5362,0.2949,PHASE_2_DRIVING,174.04,40.49,688.7,144.3,184.38,-876,-2000,,
1012,13:47:18.674,ROI,160,160,224,224,22.79,24.14,9.65,0.0,41.43,509.56,123.82,104.09,76.65,0.8907,18.8300,-152.3800,0.0000,0.0000,0.8533,0,-152.3800,214.4977,213.4311,2.5539,213.7313,0.2814,PHASE_2_DRIVING,173.48,40.25,688.7,144.3,180.30,-872,-2000,,
1013,13:47:18.721,ROI,160,160,224,224,22.92,24.26,16.625,32.2,41.22,510.85,123.18,104.73,74.21,0.9452,18.1100,-156.0300,0.0000,0.0000,0.7625,0,-156.0300,213.3622,211.9220,2.6581,212.3157,0.2734,PHASE_2_DRIVING,173.23,39.09,688.7,144.3,179.10,-976,-2000,,
1014,13:47:18.850,ROI,160,160,224,224,19.53,20.98,11.2,37.25,47.67,515.88,120.06,104.79,71.85,0.8370,17.9800,-155.6200,0.0000,0.0000,0.8271,0,-155.6200,211.9746,210.0873,2.7835,210.5862,0.2643,PHASE_2_DRIVING,172.02,38.57,688.7,144.3,174.51,-930,-2000,,
1015,13:47:18.896,ROI,160,160,224,224,18.77,20.04,0.0,0.0,49.91,520.49,118.92,102.27,73.65,0.8880,16.4700,-162.0500,0.0000,0.0000,0.7738,0,-162.0500,209.0016,208.1187,2.9144,208.3442,0.2555,PHASE_2_DRIVING,171.42,36.92,688.7,144.3,170.12,-1069,-2000,,
1016,13:47:18.960,ROI,160,160,224,224,20.64,22.13,0.0,17.65,45.20,523.00,117.78,104.34,71.58,0.9239,14.6500,-165.5100,0.0000,0.0000,0.6598,0,-165.5100,205.5469,206.4088,3.0165,206.1942,0.2490,PHASE_2_DRIVING,170.91,35.29,688.7,144.3,167.81,-1107,-2000,,
1017,13:47:19.025,ROI,160,160,224,224,23.62,25.21,0.0,15.5,39.67,525.61,117.66,102.66,73.43,0.9275,13.9600,-163.7600,0.0000,0.0000,0.6957,0,-163.7600,202.5833,205.2315,3.0856,204.5833,0.2448,PHASE_2_DRIVING,170.72,33.86,688.7,144.3,165.25,-1121,-2000,,
1018,13:47:19.074,ROI,160,160,224,224,22.95,24.35,0.0,0.0,41.07,527.27,116.89,103.00,72.10,0.9484,12.5400,-165.6000,0.0000,0.0000,0.6142,0,-165.6000,199.7804,204.5460,3.1324,203.3928,0.2420,PHASE_2_DRIVING,170.36,33.03,688.7,144.3,163.74,-1084,-2000,,
1019,13:47:19.136,ROI,160,160,224,224,23.90,25.41,20.85,0.0,39.36,528.12,116.81,104.61,73.50,0.9650,16.3600,-164.0600,0.0000,0.0000,0.7402,0,-164.0600,197.4570,204.0156,3.1148,202.4216,0.2430,PHASE_2_DRIVING,170.29,32.14,688.7,144.3,162.92,-1111,-2000,,
1020,13:47:19.200,ROI,160,160,224,224,16.93,18.08,10.3,0.0,55.30,530.87,116.04,104.51,71.06,0.9181,14.3500,-166.8600,0.0000,0.0000,0.7023,0,-166.8600,194.9499,203.5378,3.0908,201.4384,0.2445,PHASE_2_DRIVING,169.85,31.59,688.7,144.3,160.34,-1091,-2000,,
1021,13:47:19.249,ROI,160,160,224,224,13.22,14.17,0.0,0.0,70.58,532.03,115.89,105.03,71.79,0.9683,12.4300,-169.6600,0.0000,0.0000,0.7377,0,-169.6600,192.1413,203.1250,3.0167,200.3905,0.2490,PHASE_2_DRIVING,169.72,30.67,688.7,144.3,159.23,-1150,-2000,,
1022,13:47:19.361,ROI,160,160,224,224,24.31,25.71,3.975,0.0,38.90,537.73,114.93,101.96,73.96,0.8711,15.9600,-168.8100,0.0000,0.0000,0.8236,0,-168.8100,190.4018,202.4267,2.9928,199.4151,0.2505,PHASE_2_DRIVING,168.99,30.42,688.7,144.3,153.80,-1090,-2000,,
1023,13:47:19.425,ROI,160,160,224,224,14.38,15.26,0.0,0.0,65.52,541.12,113.13,104.45,71.33,0.8929,15.8400,-170.2800,0.0000,0.0000,0.8165,0,-170.2800,188.4227,201.7587,2.9551,198.3868,0.2528,PHASE_2_DRIVING,168.08,30.31,688.7,144.3,150.84,-1080,-2000,,
1024,13:47:19.488,ROI,160,160,224,224,12.51,13.53,8.1,0.0,73.89,544.53,113.25,107.87,73.05,0.9160,13.3500,-171.6100,0.0000,0.0000,0.8119,0,-171.6100,186.9051,201.1196,2.9354,197.5077,0.2541,PHASE_2_DRIVING,167.85,29.66,688.7,144.3,147.48,-1148,-2000,,
1025,13:47:19.536,ROI,160,160,224,224,18.25,19.56,11.2,0.0,51.12,546.90,112.27,105.18,71.46,0.9312,13.4900,-171.2600,0.0000,0.0000,0.8271,0,-171.2600,186.2447,200.3663,2.9659,196.8055,0.2522,PHASE_2_DRIVING,167.27,29.53,688.7,144.3,145.37,-1100,-2000,,
1026,13:47:19.600,ROI,160,160,224,224,16.46,17.40,0.0,0.0,57.48,548.18,110.88,105.91,73.07,0.9394,12.1800,-172.3800,0.0000,0.0000,0.8287,0,-172.3800,185.4578,199.6600,2.9450,196.0600,0.2535,PHASE_2_DRIVING,166.62,29.44,688.7,144.3,144.44,-1099,-2000,,
1027,13:47:19.664,ROI,160,160,224,224,14.48,15.58,0.0,0.0,64.17,550.51,110.01,105.06,70.81,0.9279,10.7200,-173.8200,0.0000,0.0000,0.7592,0,-173.8200,184.3467,199.0860,2.9112,195.3175,0.2557,PHASE_2_DRIVING,166.07,29.25,688.7,144.3,142.38,-1113,-2000,,
1028,13:47:19.712,ROI,160,160,224,224,15.31,16.42,0.0,0.0,60.91,552.56,110.53,105.69,72.34,0.9418,11.8000,-173.4400,0.0000,0.0000,0.7873,0,-173.4400,184.0330,198.3984,2.8720,194.6883,0.2583,PHASE_2_DRIVING,166.07,28.62,688.7,144.3,140.26,-1172,-2000,,
1029,13:47:19.825,ROI,160,160,224,224,15.02,16.23,0.0,0.0,61.61,556.02,110.26,107.38,70.13,0.9096,13.7800,-174.8500,0.0000,0.0000,0.8254,0,-174.8500,183.4410,197.5958,2.8078,193.8785,0.2626,PHASE_2_DRIVING,165.61,28.27,688.7,144.3,136.98,-1153,-2000,,
1030,13:47:19.889,ROI,160,160,224,224,16.91,18.18,0.0,0.0,55.00,558.72,109.23,103.88,65.21,0.8841,9.9200,-176.8900,0.0000,0.0000,0.7028,0,-176.8900,182.9005,196.6909,2.7730,193.0359,0.2650,PHASE_2_DRIVING,164.90,28.14,688.7,144.3,134.63,-1134,-2000,,
1031,13:47:19.952,ROI,160,160,224,224,15.00,16.06,0.0,0.0,62.26,561.25,109.33,105.01,64.83,0.9473,13.1300,-178.2400,0.0000,0.0000,0.8282,0,-178.2400,182.1081,195.6572,2.7032,191.9984,0.2700,PHASE_2_DRIVING,164.66,27.34,688.7,144.3,132.16,-1221,-2000,,
1032,13:47:20.002,ROI,160,160,224,224,18.24,19.63,0.0,0.0,50.93,562.95,108.22,102.62,64.67,0.9358,12.9900,-178.1800,0.0000,0.0000,0.8322,0,-178.1800,181.7632,194.7714,2.6701,191.2271,0.2725,PHASE_2_DRIVING,163.99,27.24,688.7,144.3,130.83,-1154,-2000,,
1033,13:47:20.066,ROI,160,160,224,224,22.38,23.65,0.0,0.0,42.29,564.00,107.95,103.56,64.62,0.9718,12.8800,179.1500,0.0000,0.0000,0.8392,0,179.1500,180.5531,194.0128,2.6491,190.3243,0.2740,PHASE_2_DRIVING,163.75,26.57,688.7,144.3,129.89,-1228,-2000,,
1034,13:47:20.130,ROI,160,160,224,224,27.10,28.41,0.0,0.0,35.20,566.84,107.25,102.44,65.56,0.9268,13.1500,-179.2700,0.0000,0.0000,0.8574,0,-179.2700,179.6118,193.4477,2.6399,189.6466,0.2747,PHASE_2_DRIVING,163.09,26.56,688.7,144.3,127.36,-1162,-2000,,
1035,13:47:20.241,ROI,160,160,224,224,24.37,25.81,0.0,0.0,38.74,572.06,107.13,105.81,68.05,0.8724,13.2100,-178.7300,0.0000,0.0000,0.8506,0,-178.7300,179.2169,192.9203,2.6775,189.1940,0.2719,PHASE_2_DRIVING,162.32,26.87,688.7,144.3,122.42,-1122,-2000,,
1036,13:47:20.306,ROI,160,160,224,224,25.95,27.33,0.0,0.0,36.59,574.87,107.25,103.46,67.77,0.9439,13.7300,179.2400,0.0000,0.0000,0.8374,0,179.2400,178.4647,192.4046,2.6997,188.6367,0.2703,PHASE_2_DRIVING,161.97,26.66,688.7,144.3,119.71,-1179,-2000,,
1037,13:47:20.353,ROI,160,160,224,224,19.56,20.91,20.375,0.0,47.83,576.83,106.72,102.07,65.94,0.9369,13.2800,179.2300,0.0000,0.0000,0.8235,0,179.2300,178.1475,191.9153,2.6741,188.1681,0.2722,PHASE_2_DRIVING,161.43,26.74,688.7,144.3,118.01,-1149,-2000,,
1038,13:47:20.416,ROI,160,160,224,224,16.17,17.22,0.0,0.0,58.07,579.14,107.86,102.35,66.58,0.9243,14.0300,178.7800,0.0000,0.0000,0.8638,0,178.7800,177.7202,191.3229,2.6379,187.5838,0.2749,PHASE_2_DRIVING,161.60,25.98,688.7,144.3,115.47,-1253,-2000,,
1039,13:47:20.479,ROI,160,160,224,224,14.35,15.28,0.0,0.0,65.44,583.23,108.12,103.03,67.07,0.9163,16.1800,176.4700,0.0000,0.0000,0.8873,0,176.4700,176.7610,190.5612,2.5948,186.7223,0.2782,PHASE_2_DRIVING,161.07,25.65,688.7,144.3,111.50,-1217,-2000,,
1040,13:47:20.530,ROI,160,160,224,224,19.12,20.19,0.0,0.0,49.52,584.79,107.11,104.12,67.75,0.9420,15.7800,176.9100,0.0000,0.0000,0.8607,0,176.9100,176.2296,189.6111,2.5896,185.8832,0.2786,PHASE_2_DRIVING,160.31,25.57,688.7,144.3,110.36,-1194,-2000,,
1041,13:47:20.657,ROI,160,160,224,224,14.21,15.69,3.65,0.0,63.75,589.80,107.39,99.50,65.77,0.8805,16.7400,176.8200,0.0000,0.0000,0.8892,0,176.8200,175.7670,188.5810,2.6440,185.0645,0.2744,PHASE_2_DRIVING,159.54,25.53,688.7,144.3,105.57,-1191,-2000,,
1042,13:47:20.707,ROI,160,160,224,224,17.70,18.92,11.5,0.0,52.85,592.92,108.00,100.65,66.40,0.9230,17.3200,174.1300,0.0000,0.0000,0.8856,0,174.1300,174.8323,187.3650,2.7182,183.9944,0.2689,PHASE_2_DRIVING,159.24,24.75,688.7,144.3,102.43,-1288,-2000,,
1043,13:47:20.767,ROI,160,160,224,224,21.94,22.83,9.275,17.125,43.81,595.33,108.35,102.28,66.11,0.9438,18.6700,169.6300,0.0000,0.0000,0.8615,0,169.6300,173.2656,185.9815,2.7836,182.6207,0.2643,PHASE_2_DRIVING,158.94,23.68,688.7,144.3,100.05,-1350,-2000,,
1044,13:47:20.832,ROI,160,160,224,224,19.42,20.27,0.0,0.0,49.34,598.98,109.13,101.88,64.83,0.9097,19.7000,166.2300,2.6000,165.1500,0.9222,0,166.2300,171.2139,184.5497,2.8401,181.0769,0.2604,PHASE_2_DRIVING,158.60,22.48,688.7,144.3,96.37,-1399,-2000,,
1045,13:47:20.881,ROI,160,160,224,224,23.06,24.19,0.0,0.0,41.34,599.99,109.33,101.72,64.95,0.9745,17.7300,168.4700,0.0000,0.0000,0.8864,0,168.4700,169.8358,183.1839,2.8568,179.7229,0.2593,PHASE_2_DRIVING,158.48,21.24,688.7,144.3,95.36,-1440,-2000,,
1046,13:47:20.945,ROI,160,160,224,224,17.99,18.90,0.0,0.0,52.90,602.86,109.96,103.56,64.68,0.9278,18.4000,166.4100,0.0000,0.0000,0.9196,0,166.4100,168.3891,181.7195,2.8629,178.2686,0.2589,PHASE_2_DRIVING,158.19,20.08,688.7,144.3,92.45,-1466,-2000,,
1047,13:47:20.994,ROI,160,160,224,224,28.86,30.20,0.0,0.0,33.11,603.40,110.42,105.34,64.20,0.9693,17.7700,166.8100,0.0000,0.0000,0.9020,0,166.8100,167.2211,180.1321,2.8444,176.7737,0.2601,PHASE_2_DRIVING,158.34,18.44,688.7,144.3,91.78,-1575,-2000,,
1048,13:47:21.122,ROI,160,160,224,224,20.30,21.79,19.975,17.925,45.89,608.91,110.81,103.32,64.95,0.8895,16.2700,164.0400,0.0000,0.0000,0.9092,0,164.0400,165.5812,178.5075,2.8789,175.1751,0.2578,PHASE_2_DRIVING,157.23,17.94,688.7,144.3,86.54,-1449,-2000,,
1049,13:47:21.168,ROI,160,160,224,224,22.86,24.16,0.0,0.0,41.39,610.88,111.38,104.62,66.18,0.9450,16.4000,163.4500,0.0000,0.0000,0.8968,0,163.4500,164.0051,176.7917,2.8962,173.5099,0.2567,PHASE_2_DRIVING,157.07,16.44,688.7,144.3,84.49,-1623,-2000,,
1050,13:47:21.231,ROI,160,160,224,224,24.07,25.21,0.0,0.0,39.67,614.00,112.06,104.78,66.37,0.9237,16.7200,161.5900,0.0000,0.0000,0.9057,0,161.5900,162.3763,175.1477,2.8995,171.8726,0.2564,PHASE_2_DRIVING,156.65,15.22,688.7,144.3,81.36,-1625,-2000,,
1051,13:47:21.296,ROI,160,160,224,224,20.05,21.17,0.0,0.0,47.24,616.23,112.22,104.24,65.79,0.9500,15.9800,161.3400,2.2600,161.7300,0.8944,0,161.3400,160.7544,173.6134,2.8574,170.2799,0.2592,PHASE_2_DRIVING,156.13,14.15,688.7,144.3,79.25,-1640,-2000,,
1052,13:47:21.345,ROI,160,160,224,224,23.01,24.40,0.0,0.0,40.99,620.98,112.90,105.27,67.56,0.8900,16.7500,161.4200,2.7700,160.8200,0.8926,0,161.4200,159.6370,172.2822,2.8461,168.9944,0.2600,PHASE_2_DRIVING,155.12,13.87,688.7,144.3,74.64,-1547,-2000,,
1053,13:47:21.410,ROI,160,160,224,224,31.23,32.55,0.0,0.0,30.72,622.32,113.09,102.89,67.05,0.9671,16.9400,159.9200,0.0000,0.0000,0.9072,0,159.9200,158.6113,171.1498,2.8478,167.8911,0.2599,PHASE_2_DRIVING,154.82,13.07,688.7,144.3,73.35,-1641,-2000,,
1054,13:47:21.474,ROI,160,160,224,224,31.87,33.16,12.275,23.55,30.15,625.71,114.71,105.00,68.81,0.8944,16.3700,161.7400,2.0700,160.8000,0.8450,0,161.7400,158.1072,170.1360,2.8630,167.0222,0.2589,PHASE_2_DRIVING,154.84,12.19,688.7,144.3,69.59,-1590,-1890,,
1055,13:47:21.527,ROI,160,160,224,224,36.36,37.94,60.6,10.3,26.36,626.67,114.76,102.26,67.51,0.9554,17.2100,160.0000,3.6400,159.1800,0.8694,0,160.0000,157.5528,169.3182,2.8258,166.2430,0.2614,PHASE_2_DRIVING,154.53,11.71,688.7,144.3,68.71,-1549,-1886,,
1056,13:47:21.649,ROI,160,160,224,224,28.03,29.38,0.0,13.3,34.03,631.87,116.16,104.82,68.84,0.8694,14.8200,157.7000,3.8700,157.5300,0.8117,0,157.7000,156.8150,168.5329,2.8272,165.4711,0.2613,PHASE_2_DRIVING,153.66,11.82,688.7,144.3,63.42,-1391,-1780,,
1057,13:47:21.696,ROI,160,160,224,224,20.99,22.30,0.0,0.0,44.84,634.91,116.50,103.50,68.91,0.9341,16.1500,156.3900,3.2900,158.6100,0.8219,0,156.3900,155.9223,167.7750,2.8526,164.6984,0.2596,PHASE_2_DRIVING,152.67,12.02,688.7,144.3,60.55,-1319,-1708,,
1058,13:47:21.761,ROI,160,160,224,224,20.00,21.35,0.0,18.3,46.85,637.98,116.73,102.37,67.79,0.9271,15.7800,156.6900,3.2700,158.5500,0.8405,0,156.6900,155.4921,167.1821,2.8502,164.1459,0.2597,PHASE_2_DRIVING,151.47,12.67,688.7,144.3,57.73,-1223,-1664,,
1059,13:47:21.809,ROI,160,160,224,224,34.67,36.02,0.0,10.85,27.76,642.17,118.21,103.22,69.58,0.8841,15.8100,155.7300,4.3200,156.8200,0.8229,0,155.7300,155.2102,166.7568,2.9109,163.8044,0.2557,PHASE_2_DRIVING,150.72,13.08,688.7,144.3,53.35,-1138,-1530,,
1060,13:47:21.873,ROI,160,160,224,224,25.25,26.64,0.0,0.0,37.54,643.12,118.83,104.64,69.06,0.9648,15.8900,154.6800,0.0000,0.0000,0.8069,0,154.6800,154.7844,166.4023,2.9422,163.4553,0.2537,PHASE_2_DRIVING,150.80,12.66,688.7,144.3,52.22,-1162,-1448,,
1061,13:47:21.937,ROI,160,160,224,224,14.68,16.19,0.0,0.0,61.76,644.92,119.06,105.11,70.73,0.9439,16.3300,155.1400,0.0000,0.0000,0.8340,0,155.1400,154.2941,166.1374,2.9470,163.1368,0.2534,PHASE_2_DRIVING,150.04,13.10,688.7,144.3,50.53,-1076,-1451,,
1062,13:47:21.984,ROI,160,160,224,224,22.09,22.95,0.0,0.0,43.57,648.21,120.13,107.10,69.36,0.9125,14.8600,152.8500,0.0000,0.0000,0.8005,0,152.8500,153.2115,165.9368,2.9807,162.7400,0.2512,PHASE_2_DRIVING,149.17,13.57,688.7,144.3,47.15,-996,-1361,,
1063,13:47:22.113,ROI,160,160,224,224,13.34,14.30,3.675,0.0,69.91,651.43,121.22,105.57,68.53,0.9129,15.1300,153.5900,0.0000,0.0000,0.7951,0,153.5900,152.7639,165.7927,2.9898,162.5272,0.2506,PHASE_2_DRIVING,148.23,14.30,688.7,144.3,43.84,-907,-1284,,
1064,13:47:22.162,ROI,160,160,224,224,14.38,15.20,11.35,0.0,65.80,653.41,122.04,104.45,68.89,0.9408,15.9300,152.3100,0.0000,0.0000,0.8298,0,152.3100,152.0865,165.6247,2.9849,162.2274,0.2509,PHASE_2_DRIVING,147.75,14.47,688.7,144.3,41.73,-885,-1201,,
1065,13:47:22.225,ROI,160,160,224,224,14.63,15.93,0.0,0.0,62.79,654.53,122.73,105.94,68.61,0.9597,15.8800,151.5900,0.0000,0.0000,0.8283,0,151.5900,151.5536,165.3493,2.9074,161.8187,0.2559,PHASE_2_DRIVING,147.74,14.08,688.7,144.3,40.41,-884,-1137,,
1066,13:47:22.289,ROI,160,160,224,224,16.81,18.01,8.1,21.7,55.52,655.81,123.11,106.44,69.31,0.9656,15.2600,151.0300,0.0000,0.0000,0.8190,0,151.0300,150.8653,165.0494,2.8518,161.3670,0.2596,PHASE_2_DRIVING,147.21,14.16,688.7,144.3,39.13,-837,-1120,,
1067,13:47:22.335,ROI,160,160,224,224,14.52,15.63,0.0,25.0,63.98,657.88,123.39,106.68,69.87,0.9540,15.7400,149.1100,0.0000,0.0000,0.8334,0,149.1100,149.9467,164.7026,2.7732,160.7918,0.2650,PHASE_2_DRIVING,145.84,14.95,688.7,144.3,37.24,-763,-1099,,
1068,13:47:22.400,ROI,160,160,224,224,14.80,15.63,0.0,0.0,64.00,659.23,123.43,106.71,69.48,0.9698,15.7800,150.2200,0.0000,0.0000,0.8403,0,150.2200,149.3002,164.3476,2.6800,160.2586,0.2717,PHASE_2_DRIVING,144.70,15.55,688.7,144.3,36.11,-740,-1065,,
1069,13:47:22.465,ROI,160,160,224,224,16.81,18.14,0.0,0.0,55.14,661.00,125.03,106.29,70.31,0.9247,16.0200,150.2400,0.0000,0.0000,0.8478,0,150.2400,148.8295,163.9192,2.5712,159.6938,0.2800,PHASE_2_DRIVING,145.17,14.52,688.7,144.3,33.74,-756,-931,,
1070,13:47:22.513,ROI,160,160,224,224,14.32,15.44,0.0,0.0,64.78,661.73,125.66,106.44,71.79,0.9662,17.3100,149.7800,0.0000,0.0000,0.8814,0,149.7800,148.4683,163.4571,2.4751,159.1439,0.2878,PHASE_2_DRIVING,145.35,13.79,688.7,144.3,32.79,-730,-909,,
1071,13:47:22.641,ROI,160,160,224,224,14.61,16.04,0.0,0.0,62.35,664.43,126.93,105.24,71.27,0.9177,16.9300,146.9600,0.0000,0.0000,0.8519,0,146.9600,147.5674,162.9609,2.3694,158.3923,0.2968,PHASE_2_DRIVING,144.41,13.98,688.7,144.3,29.84,-636,-856,,
1072,13:47:22.689,ROI,160,160,224,224,22.71,23.95,0.0,0.0,41.75,665.60,128.02,107.30,73.64,0.9469,17.2300,148.9200,0.0000,0.0000,0.8783,0,148.9200,147.4973,162.2742,2.2709,157.7566,0.3057,PHASE_2_DRIVING,144.82,12.93,688.7,144.3,28.27,-645,-768,,
1073,13:47:22.753,ROI,160,160,224,224,20.32,21.98,9.725,0.0,45.50,667.23,129.13,106.39,75.56,0.9418,16.4300,145.0400,0.0000,0.0000,0.8508,0,145.0400,146.6646,161.3884,2.1385,156.6971,0.3186,PHASE_2_DRIVING,144.77,11.93,688.7,144.3,26.29,-605,-709,,
1074,13:47:22.816,ROI,160,160,224,224,26.51,27.78,0.0,0.0,35.99,668.53,129.87,107.24,75.68,0.9574,16.8100,147.3500,0.0000,0.0000,0.8764,0,147.3500,146.3116,160.2555,2.0499,155.6836,0.3279,PHASE_2_DRIVING,144.42,11.26,688.7,144.3,24.80,-567,-673,,
1075,13:47:22.864,ROI,160,160,224,224,28.42,29.73,0.0,13.15,33.63,669.61,129.87,107.63,75.64,0.9795,15.9700,145.3300,0.0000,0.0000,0.8430,0,145.3300,145.5812,159.0047,1.9573,154.4656,0.3381,PHASE_2_DRIVING,142.91,11.55,688.7,144.3,23.93,-522,-674,,
1076,13:47:22.929,ROI,160,160,224,224,21.29,22.28,0.0,0.0,44.89,670.36,130.53,107.34,75.50,0.9693,15.9100,145.3400,0.0000,0.0000,0.8553,0,145.3400,145.0802,157.7539,1.8624,153.3262,0.3494,PHASE_2_DRIVING,143.10,10.23,688.7,144.3,22.94,-545,-602,,
1077,13:47:23.042,ROI,160,160,224,224,16.44,17.78,4.3,21.975,56.25,671.43,131.12,106.82,75.24,0.9650,15.7100,147.1900,0.0000,0.0000,0.8606,0,147.1900,145.0504,156.5248,1.8035,152.4318,0.3567,PHASE_2_DRIVING,142.65,9.78,688.7,144.3,21.73,-500,-586,,
1078,13:47:23.105,ROI,160,160,224,224,15.15,16.52,0.0,0.0,60.53,672.83,131.94,106.64,77.08,0.9510,15.4000,145.1900,0.0000,0.0000,0.8495,0,145.1900,144.6443,155.2556,1.7296,151.3681,0.3664,PHASE_2_DRIVING,142.08,9.29,688.7,144.3,20.11,-466,-540,,
1079,13:47:23.152,ROI,160,160,224,224,20.83,22.19,0.0,0.0,45.07,673.79,132.69,106.60,77.24,0.9633,15.7800,146.5300,0.0000,0.0000,0.8652,0,146.5300,144.7301,153.9809,1.6440,150.4821,0.3782,PHASE_2_DRIVING,142.10,8.38,688.7,144.3,18.89,-450,-495,,
1080,13:47:23.216,ROI,160,160,224,224,20.13,21.45,0.0,18.2,46.62,675.16,132.45,104.96,77.46,0.9685,16.0000,144.8800,0.0000,0.0000,0.8596,0,144.8800,144.3747,152.8554,1.5795,149.5676,0.3877,PHASE_2_DRIVING,138.81,10.76,688.7,144.3,18.00,-359,-541,,
1081,13:47:23.279,ROI,160,160,224,224,15.92,16.77,0.0,0.0,59.63,676.04,132.90,105.50,77.63,0.9722,16.0800,142.5000,0.0000,0.0000,0.8195,0,142.5000,143.7543,151.9184,1.5370,148.7004,0.3942,PHASE_2_DRIVING,138.00,10.70,688.7,144.3,17.04,-381,-471,,
1082,13:47:23.330,ROI,160,160,224,224,17.67,18.68,0.0,0.0,53.55,676.60,132.98,105.29,77.87,0.9863,16.6500,142.4200,0.0000,0.0000,0.8482,0,142.4200,143.1699,151.1899,1.4896,147.9685,0.4017,PHASE_2_DRIVING,136.90,11.07,688.7,144.3,16.57,-362,-466,,
1083,13:47:23.458,ROI,160,160,224,224,18.73,19.89,7.2,0.0,50.27,677.79,133.65,106.62,78.16,0.9612,16.3200,142.9400,0.0000,0.0000,0.8435,0,142.9400,142.7854,150.5900,1.4390,147.3900,0.4100,PHASE_2_DRIVING,135.69,11.70,688.7,144.3,15.24,-327,-435,,
1084,13:47:23.504,ROI,160,160,224,224,18.30,19.70,14.825,0.0,50.77,678.81,134.12,106.27,77.00,0.9667,16.4800,143.0200,0.0000,0.0000,0.8469,0,143.0200,142.5068,150.1697,1.3806,146.9508,0.4201,PHASE_2_DRIVING,134.18,12.77,688.7,144.3,14.20,-294,-415,,
1085,13:47:23.568,ROI,160,160,224,224,15.83,17.53,8.725,0.0,57.06,679.23,134.07,106.92,77.06,0.9908,16.5100,144.4700,0.0000,0.0000,0.8915,0,144.4700,142.4522,150.0703,1.3147,146.7791,0.4320,PHASE_2_DRIVING,132.78,13.99,688.7,144.3,13.94,-283,-414,,
1086,13:47:23.631,ROI,160,160,224,224,16.02,17.18,0.0,0.0,58.19,680.19,134.07,105.99,77.31,0.9790,16.6500,142.5100,0.0000,0.0000,0.8438,0,142.5100,142.2011,150.4767,1.2389,146.7805,0.4466,PHASE_2_DRIVING,129.76,17.02,688.7,144.3,13.31,-236,-430,,
1087,13:47:23.680,ROI,160,160,224,224,19.50,20.73,0.0,0.0,48.23,680.18,133.83,106.25,78.22,0.9860,16.3500,143.3200,0.0000,0.0000,0.8778,0,143.3200,142.2533,151.2810,1.1586,147.0987,0.4633,PHASE_2_DRIVING,129.14,17.96,688.7,144.3,13.50,-264,-411,,
1088,13:47:23.744,ROI,160,160,224,224,14.90,16.09,0.0,0.0,62.16,680.62,134.93,105.83,76.62,0.9641,15.8200,141.4800,0.0000,0.0000,0.8312,0,141.4800,141.9992,152.2896,1.0678,147.3132,0.4836,PHASE_2_DRIVING,130.79,16.52,688.7,144.3,12.37,-276,-343,,
1089,13:47:23.808,ROI,160,160,224,224,18.33,19.40,0.0,0.0,51.55,681.15,134.83,106.44,78.19,0.9702,16.9200,141.8300,0.0000,0.0000,0.8486,0,141.8300,141.6491,153.5535,1.0004,147.6025,0.4999,PHASE_2_DRIVING,128.56,19.04,688.7,144.3,12.12,-215,-391,,
1090,13:47:23.856,ROI,160,160,224,224,15.92,17.39,0.0,0.0,57.52,681.94,135.30,107.17,77.38,0.9735,16.2700,141.9000,0.0000,0.0000,0.8546,0,141.9000,141.6210,154.8618,0.9402,148.0374,0.5154,PHASE_2_DRIVING,126.92,21.11,688.7,144.3,11.26,-199,-364,,
1091,13:47:23.968,ROI,160,160,224,224,17.19,18.60,0.0,0.0,53.76,682.54,135.53,106.64,78.30,0.9772,16.2700,141.6900,0.0000,0.0000,0.8554,0,141.6900,141.2420,156.0750,0.8923,148.2363,0.5285,PHASE_2_DRIVING,125.09,23.15,688.7,144.3,10.72,-184,-352,,
1092,13:47:24.032,ROI,160,160,224,224,18.67,19.95,8.65,0.0,50.11,683.25,135.25,107.25,79.41,0.9732,16.3900,142.6100,0.0000,0.0000,0.8745,0,142.6100,141.3667,157.2407,0.8489,148.6549,0.5409,PHASE_2_DRIVING,121.08,27.57,688.7,144.3,10.56,-145,-384,,
1093,13:47:24.096,ROI,160,160,224,224,23.10,24.30,0.0,0.0,41.16,683.71,135.73,106.27,78.92,0.9790,15.7500,140.0500,0.0000,0.0000,0.8271,0,140.0500,140.8262,158.4182,0.8037,148.6650,0.5544,PHASE_3_FINAL_ALIGNING,-18.50,167.16,688.7,144.3,9.92,2000,-2000,,
1094,13:47:24.144,ROI,160,160,224,224,21.89,23.15,0.0,0.0,43.20,683.85,135.80,106.43,78.93,0.9956,16.0200,142.4600,0.0000,0.0000,0.8768,0,142.4600,140.8727,159.5273,0.7481,148.8558,0.5721,PHASE_3_FINAL_ALIGNING,-18.50,167.36,688.7,144.3,9.79,2000,-2000,,
1095,13:47:24.208,ROI,160,160,224,224,14.06,15.36,0.0,0.0,65.10,684.06,135.85,106.72,78.95,0.9947,15.8900,141.2400,0.0000,0.0000,0.8609,0,141.2400,140.9256,160.5170,0.6901,148.9249,0.5917,PHASE_3_FINAL_ALIGNING,-18.50,167.42,688.7,144.3,9.63,2000,-2000,,
1096,13:47:24.272,ROI,160,160,224,224,13.51,14.89,8.05,0.0,67.15,684.88,136.13,105.66,79.65,0.9762,15.7100,139.4100,0.0000,0.0000,0.8176,0,139.4100,140.4860,161.2475,0.6507,148.6703,0.6058,PHASE_3_FINAL_ALIGNING,-18.50,167.17,688.7,144.3,9.01,2000,-2000,,
1097,13:47:24.321,ROI,160,160,224,224,18.64,19.89,0.0,19.65,50.28,685.65,135.87,105.99,79.28,0.9792,15.9600,137.7000,0.0000,0.0000,0.8352,0,137.7000,139.9468,161.7200,0.6189,148.2707,0.6177,PHASE_3_FINAL_ALIGNING,-18.50,166.77,688.7,144.3,8.96,2000,-2000,,
1098,13:47:24.448,ROI,160,160,224,224,13.73,14.49,0.0,0.0,69.00,685.73,137.00,105.31,81.35,0.9662,15.8200,138.2500,0.0000,0.0000,0.8202,0,138.2500,139.4917,161.8647,0.5934,147.8234,0.6276,PHASE_3_FINAL_ALIGNING,-18.50,166.32,688.7,144.3,7.88,2000,-2000,,
1099,13:47:24.497,ROI,160,160,224,224,15.90,17.42,0.0,0.0,57.40,687.32,137.07,102.75,80.57,0.9605,17.4900,132.6900,0.0000,0.0000,0.8172,0,132.6900,137.7505,161.8599,0.5900,146.6972,0.6289,PHASE_3_FINAL_ALIGNING,-18.50,165.20,688.7,144.3,7.36,2000,-2000,,
1100,13:47:24.560,ROI,160,160,224,224,13.24,14.25,0.0,0.0,70.19,688.01,137.95,101.16,79.70,0.9632,16.8100,133.8700,0.0000,0.0000,0.7288,0,133.8700,136.4140,161.5647,0.5896,145.7426,0.6291,PHASE_3_FINAL_ALIGNING,-18.50,164.24,688.7,144.3,6.39,2000,-2000,,
1101,13:47:24.626,ROI,160,160,224,224,15.99,16.96,7.575,0.0,58.95,687.82,138.33,99.44,80.70,0.9711,16.0400,132.6700,0.0000,0.0000,0.7923,0,132.6700,135.0396,160.7714,0.5897,144.5847,0.6291,PHASE_3_FINAL_ALIGNING,-18.50,163.08,688.7,144.3,6.03,2000,-2000,,
1102,13:47:24.674,ROI,160,160,224,224,16.27,17.25,12.625,0.0,57.96,686.92,137.87,98.90,81.83,0.9685,14.8400,131.0300,0.0000,0.0000,0.8504,0,131.0300,133.5187,159.5395,0.5717,142.9839,0.6362,PHASE_3_FINAL_ALIGNING,-18.50,161.48,688.7,144.3,6.67,2000,-2000,,
1103,13:47:24.738,ROI,160,160,224,224,15.49,17.05,8.4,0.0,58.64,687.37,137.84,96.98,82.81,0.9692,14.2500,126.4600,0.0000,0.0000,0.9004,0,126.4600,131.4339,158.1296,0.5498,140.9047,0.6452,PHASE_3_FINAL_ALIGNING,-18.50,159.40,688.7,144.3,6.60,2000,-2000,,
1104,13:47:24.802,ROI,160,160,224,224,17.29,18.59,8.3,21.0,53.79,687.07,139.23,94.08,82.99,0.9387,15.9300,118.5900,0.0000,0.0000,0.8748,0,118.5900,127.8364,156.3022,0.5330,137.7335,0.6523,PHASE_3_FINAL_ALIGNING,-18.50,156.23,688.7,144.3,5.33,2000,-2000,,
1105,13:47:24.849,ROI,160,160,192,192,17.72,18.75,0.0,0.0,53.33,687.60,139.22,89.71,82.33,0.9460,15.0700,118.0700,0.0000,0.0000,0.8927,0,118.0700,124.6421,154.3220,0.5052,134.6038,0.6644,PHASE_3_FINAL_ALIGNING,-18.50,153.10,688.7,144.3,5.20,2000,-2000,,
1106,13:47:24.961,ROI,160,160,192,192,14.31,15.34,0.0,0.0,65.18,686.88,140.75,82.55,84.37,0.8890,12.6400,105.9500,0.0000,0.0000,0.9062,0,105.9500,119.2057,151.0951,0.4838,129.6030,0.6740,PHASE_3_FINAL_ALIGNING,-18.50,148.10,688.7,144.3,3.99,2000,-2000,,
1107,13:47:25.026,ROI,160,160,192,192,17.77,19.27,0.0,0.0,51.88,687.96,142.40,76.44,83.51,0.8913,12.6300,104.2000,0.0000,0.0000,0.9248,0,104.2000,114.0733,146.7252,0.4923,124.8454,0.6701,PHASE_3_FINAL_ALIGNING,-18.50,143.35,688.7,144.3,2.04,2000,-2000,,
1108,13:47:25.088,ROI,160,160,192,192,15.74,17.25,0.0,0.0,57.98,688.04,142.42,76.14,84.79,0.9811,14.0700,100.2800,0.0000,0.0000,0.9117,0,100.2800,108.8065,141.5141,0.5060,119.7954,0.6640,PHASE_3_FINAL_ALIGNING,-18.50,138.30,688.7,144.3,1.99,2000,-2000,,
1109,13:47:25.136,ROI,160,160,192,192,14.89,15.88,12.75,0.0,62.98,688.65,141.88,73.80,83.70,0.9568,15.0200,93.7900,0.0000,0.0000,0.7907,0,93.7900,102.9182,136.0520,0.5145,114.1743,0.6603,PHASE_3_FINAL_ALIGNING,-18.50,132.67,688.7,144.3,2.42,2000,-2000,,
1110,13:47:25.200,ROI,160,160,192,192,19.27,20.58,0.0,0.0,48.58,689.09,143.05,73.67,82.40,0.9607,15.7000,91.9700,0.0000,0.0000,0.8083,0,91.9700,97.5999,130.6324,0.5317,109.0662,0.6529,PHASE_3_FINAL_ALIGNING,-18.50,127.57,688.7,144.3,1.31,2000,-2000,,
1111,13:47:25.264,ROI,160,160,192,192,18.95,20.01,0.0,0.0,49.98,689.73,142.39,75.71,85.64,0.9362,15.3400,80.5200,0.0000,0.0000,0.8388,0,80.5200,90.5421,125.7342,0.5383,102.8570,0.6501,PHASE_3_FINAL_ALIGNING,-18.50,121.36,688.7,144.3,2.17,2000,-2000,,
1112,13:47:25.313,ROI,160,160,192,192,22.67,24.71,13.625,0.0,40.48,689.60,141.12,77.16,86.96,0.9530,18.8600,76.6500,0.0000,0.0000,0.8831,0,76.6500,84.0043,121.5043,0.5092,96.6563,0.6626,PHASE_3_FINAL_ALIGNING,-18.50,115.16,688.7,144.3,3.30,2000,-2000,,
1113,13:47:25.442,ROI,160,160,192,192,24.24,25.46,3.75,0.0,39.27,689.48,141.62,82.02,86.72,0.9304,21.5200,65.2000,0.0000,0.0000,0.8498,0,65.2000,76.1420,117.7316,0.4743,89.5216,0.6783,PHASE_3_FINAL_ALIGNING,-18.50,108.02,688.7,144.3,2.79,2000,-2000,,
1114,13:47:25.490,ROI,160,160,192,192,16.95,18.14,17.05,21.525,55.12,689.52,141.89,82.73,87.17,0.9854,20.4400,60.7200,0.0000,0.0000,0.8866,0,60.7200,68.4934,114.5045,0.4406,82.5667,0.6941,PHASE_3_FINAL_ALIGNING,-18.50,101.07,688.7,144.3,2.55,2000,-2000,,
1115,13:47:25.553,ROI,160,160,192,192,36.56,37.92,8.725,20.6,26.37,690.42,140.86,86.81,85.27,0.9314,20.7900,54.6800,0.0000,0.0000,0.9093,0,54.6800,60.7991,112.8723,0.3870,75.3297,0.7210,PHASE_3_FINAL_ALIGNING,-18.50,93.83,688.7,144.3,3.85,1877,-1877,,
1116,13:47:25.607,ROI,160,160,192,192,17.92,19.16,24.1,0.0,52.20,689.95,140.84,89.42,83.81,0.9546,17.3500,52.4600,0.0000,0.0000,0.8735,0,52.4600,54.1680,112.2516,0.3359,68.7724,0.7486,PHASE_3_FINAL_ALIGNING,-18.50,87.27,688.7,144.3,3.68,1745,-1745,,
1117,13:47:25.665,ROI,160,160,192,192,22.06,24.02,9.95,0.0,41.64,690.73,139.76,99.88,83.18,0.8740,19.5900,44.3000,0.0000,0.0000,0.9080,0,44.3000,46.7540,114.6196,0.2901,62.0146,0.7751,PHASE_3_FINAL_ALIGNING,-18.50,80.51,688.7,144.3,4.97,1610,-1610,,
1118,13:47:25.729,ROI,160,160,224,224,18.35,19.60,9.975,0.0,51.02,690.42,141.37,104.54,82.32,0.9200,17.5500,37.2400,0.0000,0.0000,0.8895,0,37.2400,39.5768,82.1193,0.2825,48.9486,0.7797,PHASE_3_FINAL_ALIGNING,-18.50,67.45,688.7,144.3,3.40,1349,-1349,,
1119,13:47:25.840,ROI,160,160,224,224,16.93,18.17,0.0,0.0,55.03,688.99,141.15,111.85,78.74,0.8965,15.9300,27.8200,0.0000,0.0000,0.8525,0,27.8200,32.0335,53.9376,0.2497,36.4104,0.8002,PHASE_3_FINAL_ALIGNING,-18.50,54.91,688.7,144.3,3.16,1098,-1098,,
1120,13:47:25.905,ROI,160,160,224,224,16.31,17.36,0.0,0.0,57.60,689.15,142.55,117.07,76.69,0.9228,15.1900,20.7100,0.0000,0.0000,0.8350,0,20.7100,24.6921,29.3718,0.2085,25.4994,0.8275,PHASE_3_FINAL_ALIGNING,-18.50,44.00,688.7,144.3,1.80,880,-880,,
1121,13:47:25.951,ROI,160,160,256,256,14.64,15.47,0.0,0.0,64.62,689.05,141.26,115.25,77.34,0.9523,14.7800,20.4000,0.0000,0.0000,0.8777,0,20.4000,18.7150,10.9809,0.1596,17.6506,0.8624,PHASE_3_FINAL_ALIGNING,-18.50,36.15,688.7,144.3,3.06,723,-723,,
1122,13:47:26.016,ROI,160,160,256,256,17.04,18.23,0.0,0.0,54.87,689.61,142.94,114.96,74.42,0.9478,12.9800,14.5300,0.0000,0.0000,0.8752,0,14.5300,12.5226,-4.2519,0.1297,10.5966,0.8852,PHASE_3_FINAL_ALIGNING,-18.50,29.10,688.7,144.3,1.64,582,-582,,
1123,13:47:26.080,ROI,160,160,256,256,14.64,15.79,8.5,0.0,63.35,688.44,142.85,116.96,75.97,0.9601,11.8500,13.5300,0.0000,0.0000,0.8364,0,13.5300,7.8935,-14.9249,0.0844,6.1184,0.9222,PHASE_3_FINAL_ALIGNING,-18.50,24.62,688.7,144.3,1.48,492,-492,,
1124,13:47:26.128,ROI,160,160,256,256,19.07,20.40,11.925,0.0,49.02,688.30,142.46,115.65,76.78,0.9784,11.6200,12.9700,0.0000,0.0000,0.8525,0,12.9700,3.6370,-21.2084,0.0234,3.0696,0.9772,PHASE_3_FINAL_ALIGNING,-18.50,21.57,688.7,144.3,1.88,431,-431,,
1125,13:47:26.257,ROI,160,160,256,256,12.32,13.82,3.625,0.0,72.35,688.82,142.78,114.67,74.83,0.9660,10.4000,7.2900,0.0000,0.0000,0.8135,0,7.2900,-0.3452,-15.1589,0.0262,-0.7233,0.9745,PHASE_3_FINAL_ALIGNING,-18.50,17.78,688.7,144.3,1.52,355,-355,,
1126,13:47:26.305,ROI,160,160,256,256,19.11,20.28,0.0,0.0,49.31,688.72,142.98,116.51,75.89,0.9705,16.0900,0.4300,0.0000,0.0000,0.8645,0,0.4300,-4.4669,-11.6907,0.0724,-4.9545,0.9325,PHASE_3_FINAL_ALIGNING,-18.50,13.55,688.7,144.3,1.32,271,-271,,
1127,13:47:26.368,ROI,160,160,256,256,19.34,21.04,0.0,0.0,47.53,688.53,142.85,116.75,76.19,0.9927,17.8700,-1.3500,0.0000,0.0000,0.8967,0,-1.3500,-7.9223,-8.4581,0.1048,-7.9731,0.9051,PHASE_3_FINAL_ALIGNING,-18.50,10.53,688.7,144.3,1.46,211,-211,,
1128,13:47:26.417,ROI,160,160,256,256,21.94,23.18,0.0,0.0,43.14,688.38,142.08,116.32,76.45,0.9765,20.8900,-5.8200,0.0000,0.0000,0.8931,0,-5.8200,-10.8257,-3.9225,0.1381,-9.9878,0.8786,PHASE_3_FINAL_ALIGNING,-18.50,8.51,688.7,144.3,2.24,170,-170,,
1129,13:47:26.480,ROI,160,160,256,256,24.53,25.96,0.0,0.0,38.52,688.24,141.78,116.43,75.71,0.9879,21.6200,-9.3900,0.0000,0.0000,0.8709,0,-9.3900,-14.0164,1.7086,0.1518,-11.9435,0.8682,PHASE_3_FINAL_ALIGNING,-18.50,6.56,688.7,144.3,2.57,131,-131,,
1130,13:47:26.545,ROI,160,160,256,256,14.81,16.05,0.0,0.0,62.29,688.26,142.01,115.31,75.71,0.9844,22.5700,-11.1800,0.0000,0.0000,0.8727,0,-11.1800,-16.4261,7.4796,0.1523,-13.2663,0.8678,PHASE_3_FINAL_ALIGNING,-18.50,5.23,688.7,144.3,2.33,105,-105,,
1131,13:47:26.593,ROI,160,160,256,256,13.86,14.89,0.0,0.0,67.17,687.86,141.20,115.39,75.14,0.9721,22.5200,-13.6200,0.0000,0.0000,0.9151,0,-13.6200,-19.0665,12.7349,0.1568,-14.7567,0.8645,PHASE_3_FINAL_ALIGNING,-18.50,3.74,688.7,144.3,3.21,75,-75,,
1132,13:47:26.722,ROI,160,160,256,256,20.21,21.55,3.45,0.0,46.40,688.30,141.51,114.74,75.78,0.9841,22.7500,-15.0800,0.0000,0.0000,0.9114,0,-15.0800,-21.1208,18.9105,0.1585,-15.6427,0.8632,PHASE_3_FINAL_ALIGNING,-18.50,2.86,688.7,144.3,2.82,57,-57,,
1133,13:47:26.768,ROI,160,160,256,256,21.81,23.12,31.175,0.0,43.24,688.16,141.27,114.59,76.08,0.9914,22.8300,-16.9300,0.0000,0.0000,0.9151,0,-16.9300,-22.8950,25.3570,0.1356,-17.1323,0.8806,PHASE_3_FINAL_ALIGNING,-18.50,1.37,688.7,144.3,3.08,27,-27,,
1134,13:47:26.833,ROI,160,160,256,256,21.86,23.24,0.0,0.0,43.04,688.06,141.18,114.66,76.56,0.9921,22.4600,-17.3600,0.0000,0.0000,0.9106,0,-17.3600,-23.7476,31.0928,0.1230,-17.7423,0.8905,PHASE_3_FINAL_ALIGNING,-18.50,0.76,688.7,144.3,3.19,15,-15,,
1135,13:47:26.896,ROI,160,160,256,256,23.53,25.11,0.0,0.0,39.83,687.95,141.18,114.58,76.64,0.9970,22.5100,-17.4300,0.0000,0.0000,0.9101,0,-17.4300,-24.2963,34.3374,0.1089,-18.5403,0.9018,PHASE_3_FINAL_ALIGNING,-18.50,-0.04,688.7,144.3,3.21,-1,1,,
1136,13:47:26.944,ROI,160,160,256,256,15.36,16.25,0.0,0.0,61.54,688.33,141.48,114.88,76.38,0.9856,22.7700,-17.1100,0.0000,0.0000,0.9148,0,-17.1100,-24.4809,17.4066,0.0952,-20.8389,0.9131,PHASE_3_FINAL_ALIGNING,-18.50,-2.34,688.7,144.3,2.84,-47,47,,
1137,13:47:27.010,ROI,160,160,256,256,13.19,14.18,0.0,0.0,70.50,688.19,141.29,114.75,76.37,0.9926,22.7200,-17.5000,0.0000,0.0000,0.9056,0,-17.5000,-24.8385,-1.1775,0.1141,-22.4155,0.8976,PHASE_3_FINAL_ALIGNING,-18.50,-3.92,688.7,144.3,3.05,-78,78,,
1138,13:47:27.056,ROI,160,160,256,256,14.49,15.88,0.0,0.0,62.97,688.24,141.38,114.88,76.56,0.9964,22.3600,-17.3900,0.0000,0.0000,0.9053,0,-17.3900,-25.1685,-19.8464,0.1083,-24.6485,0.9023,PHASE_3_FINAL_ALIGNING,-18.50,-6.15,688.7,144.3,2.95,-123,123,,
1139,13:47:27.185,ROI,160,160,256,256,14.78,15.91,0.0,0.0,62.86,688.32,141.24,114.91,76.54,0.9949,22.2300,-17.0600,0.0000,0.0000,0.9023,0,-17.0600,-24.7970,-38.3548,0.1258,-26.3119,0.8883,PHASE_3_FINAL_ALIGNING,-18.50,-7.81,688.7,144.3,3.08,-156,156,,
1140,13:47:27.233,ROI,160,160,256,256,21.82,23.20,11.975,0.0,43.11,688.30,141.27,114.93,76.75,0.9970,22.3900,-17.0600,0.0000,0.0000,0.9044,0,-17.0600,-24.4205,-57.5409,0.1110,-27.7282,0.9001,PHASE_3_FINAL_ALIGNING,-18.50,-9.23,688.7,144.3,3.05,-185,185,,
1141,13:47:27.297,ROI,160,160,256,256,14.23,15.21,0.0,0.0,65.76,688.26,141.34,115.14,76.93,0.9959,22.3800,-16.7400,0.0000,0.0000,0.9042,0,-16.7400,-23.5354,-74.4439,0.0992,-28.1286,0.9098,PHASE_3_FINAL_ALIGNING,-18.50,-9.63,688.7,144.3,3.00,-193,193,,
1142,13:47:27.361,ROI,160,160,256,256,16.05,17.05,8.05,0.0,58.65,688.29,141.35,115.10,76.82,0.9980,22.3900,-16.8600,0.0000,0.0000,0.9039,0,-16.8600,-22.2060,-88.4538,0.0918,-27.7758,0.9159,PHASE_3_FINAL_ALIGNING,-18.50,-9.28,688.7,144.3,2.98,-186,186,,
1143,13:47:27.409,ROI,160,160,256,256,16.07,17.06,12.3,0.0,58.61,688.29,141.42,115.09,76.80,0.9982,22.4200,-16.5200,0.0000,0.0000,0.9020,0,-16.5200,-20.9149,-96.0429,0.0731,-26.0331,0.9319,PHASE_3_FINAL_ALIGNING,-18.50,-7.53,688.7,144.3,2.91,-151,151,,
1144,13:47:27.473,ROI,160,160,256,256,21.04,22.39,0.0,0.0,44.66,688.30,141.43,115.09,76.88,0.9987,22.4900,-16.6300,0.0000,0.0000,0.9021,0,-16.6300,-19.9907,-104.3753,0.0485,-23.8942,0.9537,PHASE_3_FINAL_ALIGNING,-18.50,-5.39,688.7,144.3,2.90,-108,108,,
1145,13:47:27.522,ROI,160,160,256,256,19.16,20.47,0.0,0.0,48.86,688.22,141.43,115.02,76.93,0.9980,22.5200,-16.8800,0.0000,0.0000,0.9023,0,-16.8800,-19.0162,-113.7344,0.0246,-21.2885,0.9760,PHASE_3_FINAL_ALIGNING,-18.50,-2.79,688.7,144.3,2.91,-56,56,,
1146,13:47:27.649,ROI,160,160,256,256,21.49,22.77,3.7,17.125,43.92,688.22,141.35,114.90,76.90,0.9968,23.1200,-16.0000,0.0000,0.0000,0.9133,0,-16.0000,-18.0858,-88.1392,0.0158,-19.1756,0.9844,PHASE_3_FINAL_ALIGNING,-18.50,-0.68,688.7,144.3,2.99,-13,13,,
1147,13:47:27.696,ROI,160,160,256,256,13.67,14.70,0.0,26.575,68.05,688.11,141.32,115.14,77.09,0.9954,22.9600,-14.2300,0.0000,0.0000,0.9107,0,-14.2300,-17.0112,-65.9208,0.0106,-17.5229,0.9895,PHASE_3_FINAL_ALIGNING,-18.50,0.98,688.7,144.3,3.04,20,-20,,
1148,13:47:27.761,ROI,160,160,256,256,16.01,17.10,0.0,22.85,58.49,688.22,141.30,115.14,76.61,0.9918,23.1400,-14.7600,0.0000,0.0000,0.9118,0,-14.7600,-16.1590,-57.3704,0.0110,-16.6065,0.9891,PHASE_3_FINAL_ALIGNING,-18.50,1.89,688.7,144.3,3.03,38,-38,,
1149,13:47:27.825,ROI,160,160,256,256,15.96,17.05,0.0,22.925,58.66,688.24,141.53,114.82,75.95,0.9887,22.8100,-14.4200,0.0000,0.0000,0.9115,0,-14.4200,-15.4456,-55.0224,0.0069,-15.7182,0.9931,PHASE_3_FINAL_ALIGNING,-18.50,2.78,688.7,144.3,2.81,56,-56,,
1150,13:47:27.873,ROI,160,160,256,256,15.42,16.46,12.325,23.75,60.77,688.29,141.54,115.06,76.03,0.9969,22.7200,-14.6200,0.0000,0.0000,0.9101,0,-14.6200,-14.9212,-52.5790,0.0140,-15.4408,0.9862,PHASE_3_FINAL_ALIGNING,-18.50,3.06,688.7,144.3,2.79,61,-61,,
1151,13:47:27.938,ROI,160,160,256,256,13.26,14.74,0.0,0.0,67.86,688.30,141.56,115.14,76.18,0.9974,22.6300,-14.1600,0.0000,0.0000,0.9078,0,-14.1600,-14.5164,-50.1074,0.0160,-15.0775,0.9842,PHASE_3_FINAL_ALIGNING,-18.50,3.42,688.7,144.3,2.77,68,-68,,
1152,13:47:28.001,ROI,160,160,256,256,14.10,15.04,0.0,0.0,66.50,688.18,141.78,115.10,76.30,0.9919,22.6600,-13.6400,0.0000,0.0000,0.9021,0,-13.6400,-14.1015,-51.1085,0.0184,-14.7700,0.9819,PHASE_3_FINAL_ALIGNING,-18.50,3.73,688.7,144.3,2.57,75,-75,,
1153,13:47:28.049,ROI,160,160,256,256,20.23,21.67,0.0,0.0,46.15,688.16,141.88,115.25,76.24,0.9962,22.7000,-12.8800,0.0000,0.0000,0.8961,0,-12.8800,-13.6040,-57.6387,0.0228,-14.5850,0.9777,PHASE_4_FWD_BWD,-18.50,3.92,688.7,144.3,2.48,0,0,,
1154,13:47:28.161,ROI,160,160,256,256,16.59,17.74,0.0,0.0,56.38,688.14,141.96,115.20,76.14,0.9975,22.7800,-12.2400,0.0000,0.0000,0.8925,0,-12.2400,-13.0199,-64.2789,0.0326,-14.6389,0.9684,PHASE_4_FWD_BWD,-18.50,3.86,688.7,144.3,2.41,0,0,,
1155,13:47:28.225,ROI,160,160,256,256,19.55,20.76,0.0,0.0,48.18,688.19,141.91,115.26,76.13,0.9979,22.7800,-12.2600,0.0000,0.0000,0.8928,0,-12.2600,-12.5686,-71.5718,0.0372,-14.6839,0.9642,PHASE_4_FWD_BWD,-18.50,3.82,688.7,144.3,2.44,0,0,,
1156,13:47:28.289,ROI,160,160,256,256,12.11,13.35,9.0,0.0,74.92,688.14,141.93,115.28,76.22,0.9979,22.7200,-12.5200,0.0000,0.0000,0.8938,0,-12.5200,-12.2502,-78.6864,0.0426,-14.9655,0.9591,PHASE_4_FWD_BWD,-18.50,3.53,688.7,144.3,2.44,0,0,,
1157,13:47:28.336,ROI,160,160,256,256,12.78,13.84,0.0,28.15,72.27,688.13,142.02,115.22,76.32,0.9969,22.7600,-12.5600,0.0000,0.0000,0.8913,0,-12.5600,-11.9888,-86.0616,0.0455,-15.2151,0.9564,PHASE_4_FWD_BWD,-18.50,3.28,688.7,144.3,2.35,0,0,,
1158,13:47:28.400,ROI,160,160,256,256,13.73,14.72,0.0,0.0,67.93,687.87,141.57,115.58,76.05,0.9838,22.8200,-12.6600,0.0000,0.0000,0.9123,0,-12.6600,-11.8268,-58.7123,0.0408,-13.6663,0.9608,PHASE_4_FWD_BWD,-18.50,4.83,688.7,144.3,2.85,0,0,,
1159,13:47:28.464,ROI,160,160,256,256,12.28,13.31,7.875,29.35,75.12,688.76,142.02,115.23,76.18,0.9731,22.9600,-11.4100,0.0000,0.0000,0.8890,0,-11.4100,-11.4506,-67.5910,0.0414,-13.6809,0.9603,PHASE_4_FWD_BWD,-18.50,4.82,688.7,144.3,2.28,0,0,,
1160,13:47:28.512,ROI,160,160,256,256,13.58,14.73,11.525,0.0,67.87,688.74,141.49,115.76,75.38,0.9815,22.5900,-12.3000,0.0000,0.0000,0.9108,0,-12.3000,-11.3635,-72.7612,0.0344,-13.4053,0.9667,PHASE_4_FWD_BWD,-18.50,5.09,688.7,144.3,2.81,0,0,,
1161,13:47:28.640,ROI,160,160,256,256,12.51,13.61,0.0,0.0,73.47,690.70,142.22,116.18,75.36,0.9484,22.5800,-10.4800,0.0000,0.0000,0.8792,0,-10.4800,-10.9460,-70.5007,0.0651,-14.5852,0.9389,PHASE_4_FWD_BWD,-18.50,3.91,688.7,144.3,2.89,0,0,,
1162,13:47:28.689,ROI,160,160,256,256,13.75,14.75,11.3,0.0,67.79,691.26,141.36,115.97,76.91,0.9685,22.5600,-9.8100,0.0000,0.0000,0.8811,0,-9.8100,-10.5095,-65.5967,0.1048,-15.7366,0.9051,PHASE_4_FWD_BWD,-18.50,2.76,688.7,144.3,3.90,0,0,,
1163,13:47:28.753,ROI,160,160,256,256,11.58,12.50,15.825,0.0,79.98,693.37,142.46,116.05,75.23,0.9375,23.5000,-10.4800,0.0000,0.0000,0.8812,0,-10.4800,-10.3577,-62.7188,0.1829,-18.4526,0.8454,PHASE_4_FWD_BWD,-18.50,0.05,688.7,144.3,5.02,0,0,,
1164,13:47:28.800,ROI,160,160,256,256,14.23,15.33,0.0,0.0,65.22,693.96,141.39,117.76,79.04,0.9380,22.8500,-9.6400,0.0000,0.0000,0.8788,0,-9.6400,-10.0484,-42.6370,0.2580,-16.7319,0.7949,PHASE_4_FWD_BWD,-18.50,1.77,688.7,144.3,6.01,0,0,,
1165,13:47:28.864,ROI,160,160,256,256,15.64,16.65,16.3,0.0,60.07,695.78,143.19,116.22,77.98,0.9264,21.6900,-6.0700,0.0000,0.0000,0.8998,0,-6.0700,-8.9233,-23.5235,0.3552,-12.7499,0.7379,PHASE_4_FWD_BWD,-18.50,5.75,688.7,144.3,7.17,0,0,,
1166,13:47:28.928,ROI,160,160,256,256,14.62,15.57,0.0,0.0,64.24,697.27,142.30,116.62,80.51,0.9445,19.3200,-2.8500,0.0000,0.0000,0.8599,0,-2.8500,-7.3412,-10.3889,0.4627,-8.3053,0.6837,PHASE_4_FWD_BWD,-18.50,10.19,688.7,144.3,8.80,0,0,,
1167,13:47:29.041,ROI,160,160,256,256,11.09,12.02,0.0,0.0,83.21,701.90,143.38,113.39,78.38,0.8986,21.3900,-9.3900,0.0000,0.0000,0.8775,0,-9.3900,-7.2688,-1.1729,0.6348,-4.9017,0.6117,PHASE_4_FWD_BWD,-18.50,13.60,688.7,144.3,13.23,0,0,,
1168,13:47:29.105,ROI,160,160,256,256,13.63,15.15,0.0,0.0,66.01,706.41,143.48,113.94,78.00,0.9193,20.3800,-8.8900,0.0000,0.0000,0.9034,0,-8.8900,-7.2046,6.5493,0.8585,-0.8513,0.5381,PHASE_4_FWD_BWD,-18.50,17.65,688.7,144.3,17.73,0,0,,
1169,13:47:29.153,ROI,160,160,256,256,11.13,12.05,11.975,0.0,83.01,709.20,145.00,113.92,79.26,0.9169,20.2700,-4.9400,0.0000,0.0000,0.8767,0,-4.9400,-6.3813,12.7273,1.0962,3.6113,0.4771,PHASE_4_FWD_BWD,-18.50,22.11,688.7,144.3,20.51,0,0,,
1170,13:47:29.216,ROI,160,160,256,256,14.38,15.73,0.0,0.0,63.57,711.29,145.82,115.50,79.76,0.9450,19.5800,-3.5600,0.0000,0.0000,0.8605,0,-3.5600,-5.3796,15.7365,1.3265,6.6603,0.4298,PHASE_4_FWD_BWD,-18.50,25.16,688.7,144.3,22.64,0,0,,
1171,13:47:29.280,ROI,160,160,256,256,19.31,20.61,0.0,0.0,48.53,716.02,145.80,115.44,79.22,0.9152,19.3600,-3.0600,0.0000,0.0000,0.8688,0,-3.0600,-4.3679,15.2310,1.5911,7.6672,0.3859,PHASE_4_FWD_BWD,-18.50,26.17,688.7,144.3,27.37,0,0,,
1172,13:47:29.328,ROI,160,160,256,256,17.42,18.67,0.0,0.0,53.57,718.13,145.74,115.74,77.90,0.9486,21.6300,-6.8700,0.0000,0.0000,0.8875,0,-6.8700,-4.2372,13.3884,1.8341,7.1692,0.3529,PHASE_4_FWD_BWD,-18.50,25.67,688.7,144.3,29.46,0,0,,
1173,13:47:29.442,ROI,160,160,256,256,18.22,19.61,4.125,0.0,51.01,724.58,146.02,116.22,78.06,0.8884,19.9200,-2.8900,0.0000,0.0000,0.9454,0,-2.8900,-3.3883,9.8075,2.1282,5.5891,0.3197,PHASE_4_FWD_BWD,-18.50,24.09,688.7,144.3,35.92,0,0,,
1174,13:47:29.504,ROI,160,160,256,256,12.97,14.04,0.0,0.0,71.23,727.90,147.33,116.74,79.26,0.9144,15.9100,1.3300,0.0000,0.0000,0.8604,0,1.3300,-1.8689,4.4463,2.4068,2.5926,0.2935,PHASE_4_FWD_BWD,-18.50,21.09,688.7,144.3,39.32,0,0,,
1175,13:47:29.570,ROI,160,160,256,256,12.51,13.61,0.0,0.0,73.47,729.53,147.00,118.64,77.82,0.9555,18.5900,-2.5400,0.0000,0.0000,0.8768,0,-2.5400,-1.3891,-2.5019,2.6300,-2.1953,0.2755,PHASE_4_FWD_BWD,-18.50,16.30,688.7,144.3,40.92,0,0,,
1176,13:47:29.616,ROI,160,160,256,256,12.90,13.87,0.0,28.175,72.12,733.77,147.46,119.22,76.10,0.9112,16.5100,-1.0500,0.0000,0.0000,0.8991,0,-1.0500,-0.7912,8.0760,2.8357,5.7643,0.2607,PHASE_4_FWD_BWD,-18.50,24.26,688.7,144.3,45.18,0,0,,
1177,13:47:29.681,ROI,160,160,256,256,12.56,13.77,7.675,0.0,72.62,736.82,146.49,117.28,74.80,0.9258,15.2400,-2.1100,0.0000,0.0000,0.8440,0,-2.1100,-0.4751,1.8862,3.0153,1.2981,0.2490,PHASE_4_FWD_BWD,-18.50,19.80,688.7,144.3,48.17,0,0,,
1178,13:47:29.744,ROI,160,160,256,256,12.96,14.19,0.0,0.0,70.48,741.73,147.06,118.03,77.06,0.8940,14.9100,-0.1500,0.0000,0.0000,0.8157,0,-0.1500,-0.0198,-3.8618,3.1803,-2.9427,0.2392,PHASE_4_FWD_BWD,-18.50,15.56,688.7,144.3,53.10,0,0,,
1179,13:47:29.792,ROI,160,160,256,256,13.04,14.25,0.0,0.0,70.17,742.63,146.81,120.34,79.01,0.9566,19.6100,-4.7700,0.0000,0.0000,0.9138,0,-4.7700,-0.5211,-6.3922,3.2908,-5.0239,0.2331,PHASE_4_FWD_BWD,-18.50,13.48,688.7,144.3,53.99,0,0,,
1180,13:47:29.921,ROI,160,160,256,256,13.09,13.99,0.0,0.0,71.48,750.56,147.06,119.78,78.64,0.8709,14.6700,-1.0800,0.0000,0.0000,0.8582,0,-1.0800,-0.2929,-6.9401,3.4419,-5.4436,0.2251,PHASE_4_FWD_BWD,-18.50,13.06,688.7,144.3,61.92,0,0,,
1181,13:47:29.969,ROI,160,160,256,256,12.48,13.72,0.0,28.475,72.88,753.01,147.02,119.71,78.02,0.9525,17.5900,-3.6300,0.0000,0.0000,0.9143,0,-3.6300,-0.8142,-7.1069,3.5563,-5.7258,0.2195,PHASE_4_FWD_BWD,-18.50,12.77,688.7,144.3,64.37,0,0,,
1182,13:47:30.032,ROI,160,160,256,256,13.24,14.25,0.0,0.0,70.16,756.92,147.21,121.18,77.54,0.9315,16.7000,-3.8900,0.0000,0.0000,0.9198,0,-3.8900,-1.4155,-6.4896,3.6263,-5.3928,0.2162,PHASE_4_FWD_BWD,-18.50,13.11,688.7,144.3,68.28,0,0,,
1183,13:47:30.080,ROI,160,160,256,256,12.85,13.83,11.65,0.0,72.32,759.46,147.66,121.41,78.03,0.9483,18.2300,-4.3300,0.0000,0.0000,0.9462,0,-4.3300,-1.8111,-5.9778,3.6494,-5.0816,0.2151,PHASE_4_FWD_BWD,-18.50,13.42,688.7,144.3,70.84,0,0,,
1184,13:47:30.145,ROI,160,160,256,256,11.90,13.14,0.0,29.725,76.10,766.60,148.09,118.85,75.74,0.8629,18.0300,-4.5500,0.0000,0.0000,0.8995,0,-4.5500,-1.9245,-5.1778,3.6946,-4.4848,0.2130,PHASE_4_FWD_BWD,-18.50,14.02,688.7,144.3,77.99,0,0,,
1185,13:47:30.209,ROI,160,160,256,256,11.37,12.65,0.0,30.9,79.07,770.10,148.45,119.62,76.50,0.9340,18.1900,-6.5800,0.0000,0.0000,0.8703,0,-6.5800,-3.1502,-4.3696,3.7498,-4.1129,0.2105,PHASE_4_FWD_BWD,-18.50,14.39,688.7,144.3,81.50,0,0,,
1186,13:47:30.257,ROI,160,160,256,256,13.67,14.89,0.0,26.25,67.16,775.55,148.93,117.14,76.11,0.9009,18.0700,-7.8000,0.0000,0.0000,0.8456,0,-7.8000,-4.6194,-3.4959,3.8486,-3.7276,0.2062,PHASE_4_FWD_BWD,-18.50,14.77,688.7,144.3,86.98,0,0,,
1187,13:47:30.385,ROI,160,160,256,256,15.50,16.47,0.0,23.725,60.70,780.58,149.94,117.87,77.22,0.8950,19.0600,-7.8400,0.0000,0.0000,0.8776,0,-7.8400,-5.6770,-2.8085,3.9494,-3.3881,0.2020,PHASE_4_FWD_BWD,-18.50,15.11,688.7,144.3,92.06,0,0,,
1188,13:47:30.434,ROI,160,160,256,256,14.95,15.93,12.225,0.0,62.79,783.70,150.41,116.61,76.21,0.9362,18.8900,-5.0600,0.0000,0.0000,0.9558,0,-5.0600,-5.9614,-2.3901,3.9992,-3.1044,0.2000,PHASE_4_FWD_BWD,-18.50,15.40,688.7,144.3,95.19,0,0,,
1189,13:47:30.496,ROI,160,160,256,256,21.62,22.90,16.65,0.0,43.67,788.63,150.69,117.31,78.06,0.8980,18.8500,-4.1400,0.0000,0.0000,0.9406,0,-4.1400,-5.9756,-2.1482,4.0789,-2.9018,0.1969,PHASE_4_FWD_BWD,-18.50,15.60,688.7,144.3,100.14,0,0,,
1190,13:47:30.560,ROI,160,160,256,256,18.40,19.70,0.0,0.0,50.75,793.01,151.34,120.99,77.78,0.9142,16.7900,-3.3300,0.0000,0.0000,0.9336,0,-3.3300,-6.2284,-2.0598,4.1269,-2.8729,0.1950,PHASE_4_FWD_BWD,-18.50,15.63,688.7,144.3,104.55,0,0,,
1191,13:47:30.609,ROI,160,160,256,256,17.74,19.00,0.0,0.0,52.63,797.42,151.34,122.94,76.91,0.9203,18.7500,-5.1600,0.0000,0.0000,0.8687,0,-5.1600,-6.4757,-2.0584,4.2237,-2.9040,0.1914,PHASE_4_FWD_BWD,-18.50,15.60,688.7,144.3,108.94,0,0,,
1192,13:47:30.673,ROI,160,160,256,256,17.47,19.21,0.0,0.0,52.06,800.33,151.40,121.30,78.03,0.9401,18.8700,-3.8000,0.0000,0.0000,0.9105,0,-3.8000,-5.9358,-2.2354,4.2877,-2.9352,0.1891,PHASE_4_FWD_BWD,-18.50,15.56,688.7,144.3,111.85,0,0,,
1193,13:47:30.736,ROI,160,160,256,256,14.46,15.49,0.0,25.225,64.56,802.29,151.26,119.28,78.08,0.9644,18.7300,-3.2900,0.0000,0.0000,0.9428,0,-3.2900,-5.6316,-2.5330,4.2676,-3.1213,0.1898,PHASE_4_FWD_BWD,-18.50,15.38,688.7,144.3,113.80,0,0,,
1194,13:47:30.785,ROI,160,160,256,256,11.66,13.07,0.0,0.0,76.50,806.00,151.35,115.89,78.40,0.9351,18.7400,-3.4000,0.0000,0.0000,0.9484,0,-3.4000,-5.1712,-2.9340,4.2458,-3.3605,0.1906,PHASE_4_FWD_BWD,-18.50,15.14,688.7,144.3,117.51,0,0,,
1195,13:47:30.914,ROI,160,160,256,256,22.77,24.10,0.0,0.0,41.50,812.35,151.21,116.53,78.67,0.8932,19.0600,-3.3100,0.0000,0.0000,0.9319,0,-3.3100,-4.7689,-3.3108,4.2438,-3.5889,0.1907,PHASE_4_FWD_BWD,-18.50,14.91,688.7,144.3,123.84,0,0,,
1196,13:47:30.962,ROI,160,160,256,256,20.48,21.78,0.0,0.0,45.92,814.40,151.43,117.97,80.48,0.9442,17.9300,-2.9900,0.0000,0.0000,0.9490,0,-2.9900,-4.0623,-3.6678,4.2186,-3.7434,0.1916,PHASE_4_FWD_BWD,-18.50,14.76,688.7,144.3,125.90,0,0,,
1197,13:47:31.025,ROI,160,160,256,256,15.81,17.10,0.0,0.0,58.47,819.78,151.27,118.42,81.02,0.9071,18.4800,-3.4300,0.0000,0.0000,0.9244,0,-3.4300,-3.9093,-3.9723,4.1542,-3.9601,0.1940,PHASE_4_FWD_BWD,-18.50,14.54,688.7,144.3,131.26,0,0,,
1198,13:47:31.073,ROI,160,160,256,256,22.64,24.00,0.0,0.0,41.67,822.18,151.11,120.70,81.09,0.9568,17.2600,-5.1000,0.0000,0.0000,0.8764,0,-5.1000,-3.7116,-4.1465,4.1278,-4.0617,0.1950,PHASE_4_FWD_BWD,-18.50,14.44,688.7,144.3,133.66,0,0,,
1199,13:47:31.137,ROI,160,160,256,256,17.65,19.06,9.775,0.0,52.46,827.71,151.90,122.42,82.32,0.8963,17.8700,-3.5600,0.0000,0.0000,0.8992,0,-3.5600,-3.4115,-4.2251,4.0991,-4.0656,0.1961,PHASE_4_FWD_BWD,-18.50,14.43,688.7,144.3,139.22,0,0,,
1200,13:47:31.200,ROI,160,160,256,256,17.99,19.35,0.0,0.0,51.67,830.68,151.70,122.61,83.82,0.9360,17.8200,-5.2600,0.0000,0.0000,0.8794,0,-5.2600,-3.4894,-4.1423,4.0446,-4.0129,0.1982,PHASE_4_FWD_BWD,-18.50,14.49,688.7,144.3,142.17,0,0,,
1201,13:47:31.249,ROI,160,160,256,256,20.96,22.45,13.05,0.0,44.54,831.90,151.80,120.22,82.32,0.9625,19.2000,-3.7700,0.0000,0.0000,0.9367,0,-3.7700,-3.2873,-3.9656,3.9094,-3.8274,0.2037,PHASE_4_FWD_BWD,-18.50,14.67,688.7,144.3,143.40,0,0,,
1202,13:47:31.378,ROI,160,160,256,256,28.23,29.55,0.0,0.0,33.84,838.52,151.96,120.11,82.27,0.8923,18.2200,-3.4600,0.0000,0.0000,0.8715,0,-3.4600,-3.0559,-3.6513,3.8811,-3.5293,0.2049,PHASE_4_FWD_BWD,-18.50,14.97,688.7,144.3,150.02,0,0,,
1203,13:47:31.425,ROI,160,160,256,256,23.71,24.93,22.6,15.675,40.12,842.43,152.63,120.64,83.09,0.9224,18.5500,-6.0900,0.0000,0.0000,0.8552,0,-6.0900,-3.6075,-3.2563,3.8421,-3.3289,0.2065,PHASE_4_FWD_BWD,-18.50,15.17,688.7,144.3,153.96,0,0,,
1204,13:47:31.489,ROI,160,160,256,256,16.39,17.72,0.0,0.0,56.45,843.20,151.33,119.47,82.70,0.9569,19.3700,-4.5400,0.0000,0.0000,0.9392,0,-4.5400,-3.9861,-2.7096,3.7738,-2.9770,0.2095,PHASE_4_FWD_BWD,-18.50,15.52,688.7,144.3,154.66,0,0,,
1205,13:47:31.553,ROI,160,160,256,256,19.55,20.87,0.0,0.0,47.91,847.19,152.41,120.24,81.22,0.9120,19.4300,-4.3800,0.0000,0.0000,0.9260,0,-4.3800,-4.3935,-2.1758,3.7356,-2.6441,0.2112,PHASE_4_FWD_BWD,-18.50,15.86,688.7,144.3,158.70,0,0,,
1206,13:47:31.600,ROI,160,160,256,256,14.63,15.58,0.0,0.0,64.20,847.96,152.02,119.38,85.34,0.9400,18.6500,-4.5000,0.0000,0.0000,0.9482,0,-4.5000,-4.5773,-1.6797,3.6343,-2.3050,0.2158,PHASE_4_FWD_BWD,-18.50,16.20,688.7,144.3,159.45,0,0,,
1207,13:47:31.664,ROI,160,160,256,256,14.16,15.28,8.0,0.0,65.43,850.84,152.08,121.18,85.63,0.9501,19.0100,-4.8600,0.0000,0.0000,0.9025,0,-4.8600,-4.7424,-1.2275,3.5479,-2.0004,0.2199,PHASE_4_FWD_BWD,-18.50,16.50,688.7,144.3,162.33,0,0,,
1208,13:47:31.729,ROI,160,160,256,256,19.02,20.31,15.65,0.0,49.23,851.97,151.79,120.00,84.94,0.9736,19.4700,-4.6300,0.0000,0.0000,0.9416,0,-4.6300,-4.7578,-0.8450,3.4387,-1.7265,0.2253,PHASE_4_FWD_BWD,-18.50,16.77,688.7,144.3,163.44,0,0,,
1209,13:47:31.842,ROI,160,160,256,256,17.00,18.26,4.2,0.0,54.76,854.52,153.21,121.04,83.79,0.9276,18.8700,-6.3500,0.0000,0.0000,0.9083,0,-6.3500,-5.3057,-0.6052,3.3394,-1.6884,0.2304,PHASE_4_FWD_BWD,-18.50,16.81,688.7,144.3,166.06,0,0,,
1210,13:47:31.889,ROI,160,160,256,256,17.70,18.86,13.8,0.0,53.03,855.63,153.11,119.39,81.86,0.9590,20.2200,-4.0400,0.0000,0.0000,0.9447,0,-4.0400,-5.2089,-0.5239,3.1990,-1.6397,0.2382,PHASE_4_FWD_BWD,-18.50,16.86,688.7,144.3,167.16,0,0,,
1211,13:47:31.952,ROI,160,160,256,256,10.86,11.89,0.0,0.0,84.12,855.70,152.92,119.39,81.41,0.9933,19.9200,-4.7200,0.0000,0.0000,0.9356,0,-4.7200,-5.1904,-0.5635,2.9839,-1.7249,0.2510,PHASE_4_FWD_BWD,-18.50,16.78,688.7,144.3,167.23,0,0,,
1212,13:47:32.016,ROI,160,160,256,256,16.01,17.28,0.0,0.0,57.86,856.57,152.62,119.66,83.28,0.9636,19.2300,-4.5500,0.0000,0.0000,0.9459,0,-4.5500,-5.1242,-0.7098,2.7464,-1.8881,0.2669,PHASE_4_FWD_BWD,-18.50,16.61,688.7,144.3,168.07,0,0,,
1213,13:47:32.064,ROI,160,160,256,256,19.30,20.61,12.6,0.0,48.53,857.02,152.86,119.20,80.77,0.9625,19.3200,-4.2200,0.0000,0.0000,0.9560,0,-4.2200,-4.9602,-0.9134,2.5370,-2.0575,0.2827,PHASE_4_FWD_BWD,-18.50,16.44,688.7,144.3,168.54,0,0,,
1214,13:47:32.131,ROI,160,160,256,256,23.37,24.65,8.55,0.0,40.57,857.45,153.57,119.57,80.70,0.9758,18.8200,-4.8900,0.0000,0.0000,0.9502,0,-4.8900,-4.8819,-1.2626,2.2837,-2.3648,0.3045,PHASE_4_FWD_BWD,-18.50,16.14,688.7,144.3,169.00,0,0,,
1215,13:47:32.240,ROI,160,160,256,256,12.26,13.15,18.475,0.0,76.02,857.35,153.56,119.74,79.73,0.9863,20.3100,-5.7600,0.0000,0.0000,0.9368,0,-5.7600,-4.9973,-1.7047,2.0450,-2.7860,0.3284,PHASE_4_FWD_BWD,-18.50,15.71,688.7,144.3,168.91,0,0,,
1216,13:47:32.304,ROI,160,160,256,256,11.46,12.40,7.7,0.0,80.66,857.26,153.51,119.62,79.55,0.9962,20.3400,-5.7700,0.0000,0.0000,0.9355,0,-5.7700,-5.2593,-2.1917,1.7740,-3.2975,0.3605,PHASE_4_FWD_BWD,-18.50,15.20,688.7,144.3,168.81,0,0,,
1217,13:47:32.368,ROI,160,160,256,256,17.10,18.41,7.525,21.225,54.33,856.79,153.74,119.55,79.84,0.9867,19.7800,-4.9000,0.0000,0.0000,0.9514,0,-4.9000,-5.1604,-2.8377,1.5319,-3.7551,0.3950,PHASE_4_FWD_BWD,-18.50,14.74,688.7,144.3,168.36,0,0,,
1218,13:47:32.417,ROI,160,160,256,256,19.96,21.21,25.475,0.0,47.14,855.58,153.29,118.82,79.97,0.9691,19.9700,-4.7400,0.0000,0.0000,0.9426,0,-4.7400,-5.1942,-3.5577,1.2659,-4.2799,0.4413,PHASE_4_FWD_BWD,-18.50,14.22,688.7,144.3,167.13,0,0,,
1219,13:47:32.480,ROI,160,160,256,256,19.09,20.48,0.0,0.0,48.84,855.05,153.02,119.17,81.57,0.9716,19.6500,-4.3700,0.0000,0.0000,0.9510,0,-4.3700,-4.9957,-4.3872,0.9631,-4.6972,0.5094,PHASE_4_FWD_BWD,-18.50,13.80,688.7,144.3,166.58,0,0,,
1220,13:47:32.546,ROI,160,160,256,256,21.56,23.04,0.0,0.0,43.41,853.40,152.76,118.82,82.30,0.9641,20.3700,-5.6100,0.0000,0.0000,0.9325,0,-5.6100,-5.0061,-5.2892,0.7127,-5.1239,0.5839,PHASE_4_FWD_BWD,-18.50,13.38,688.7,144.3,164.92,0,0,,
1221,13:47:32.594,ROI,160,160,256,256,23.25,24.55,0.0,0.0,40.73,852.70,152.59,118.85,84.62,0.9613,19.6100,-5.3200,0.0000,0.0000,0.9461,0,-5.3200,-5.2117,-6.5330,0.4974,-5.6506,0.6678,PHASE_4_FWD_BWD,-18.50,12.85,688.7,144.3,164.21,0,0,,
1222,13:47:32.721,ROI,160,160,256,256,24.72,26.19,0.0,0.0,38.19,849.14,151.55,119.26,85.46,0.9198,19.7100,-4.8100,0.0000,0.0000,0.9518,0,-4.8100,-5.1542,-7.3298,0.2079,-5.5286,0.8279,PHASE_4_FWD_BWD,-18.50,12.97,688.7,144.3,160.60,0,0,,
1223,13:47:32.770,ROI,160,160,256,256,18.36,19.90,17.225,19.625,50.26,848.02,152.31,119.26,83.82,0.9629,18.8300,-4.2600,0.0000,0.0000,0.9685,0,-4.2600,-4.9615,-2.1882,0.0349,-4.8680,0.9663,PHASE_4_FWD_BWD,-18.50,13.63,688.7,144.3,159.53,0,0,,
1224,13:47:32.832,ROI,160,160,256,256,17.80,19.25,18.625,0.0,51.96,844.05,151.23,119.81,84.11,0.9126,18.6500,-3.7000,0.0000,0.0000,0.9358,0,-3.7000,-4.6697,-2.6893,0.3292,-4.1793,0.7523,PHASE_4_FWD_BWD,-18.50,14.32,688.7,144.3,155.50,0,0,,
1225,13:47:32.881,ROI,160,160,256,256,18.51,19.87,13.2,0.0,50.33,843.18,152.89,118.86,80.48,0.9432,19.0900,-4.3100,0.0000,0.0000,0.9649,0,-4.3100,-4.5568,-2.8589,0.5749,-3.9370,0.6350,PHASE_4_FWD_BWD,-18.50,14.56,688.7,144.3,154.72,0,0,,
1226,13:47:32.945,ROI,160,160,256,256,26.24,27.69,8.925,0.0,36.12,838.49,151.30,119.20,82.51,0.8899,19.5500,-5.4100,0.0000,0.0000,0.9074,0,-5.4100,-4.6531,-3.3076,0.8679,-4.0279,0.5354,PHASE_4_FWD_BWD,-18.50,14.47,688.7,144.3,149.95,0,0,,
1227,13:47:33.010,ROI,160,160,256,256,22.83,24.47,10.35,0.0,40.86,836.96,152.15,119.09,83.95,0.9551,19.0800,-5.6400,0.0000,0.0000,0.9423,0,-5.6400,-4.9739,-3.4813,1.1062,-4.1900,0.4748,PHASE_4_FWD_BWD,-18.50,14.31,688.7,144.3,148.47,0,0,,
1228,13:47:33.057,ROI,160,160,256,256,18.54,19.84,35.25,59.1,50.40,832.00,150.78,119.20,85.84,0.8920,18.5900,-4.5000,0.0000,0.0000,0.9440,0,-4.5000,-4.8172,-3.6693,1.3754,-4.1526,0.4210,PHASE_4_FWD_BWD,-18.50,14.35,688.7,144.3,143.45,0,0,,
1229,13:47:33.121,ROI,160,160,256,256,27.96,29.36,8.85,13.3,34.06,830.14,151.65,119.84,82.74,0.9350,19.0200,-4.2200,0.0000,0.0000,0.9337,0,-4.2200,-4.6706,-3.7464,1.6258,-4.0984,0.3808,PHASE_4_FWD_BWD,-18.50,14.40,688.7,144.3,141.63,0,0,,
1230,13:47:33.233,ROI,160,160,256,256,22.44,23.90,9.4,16.35,41.83,822.96,152.39,118.98,79.36,0.8522,19.4400,-4.7400,0.0000,0.0000,0.9194,0,-4.7400,-4.6204,-3.6513,1.9317,-3.9819,0.3411,PHASE_4_FWD_BWD,-18.50,14.52,688.7,144.3,134.50,0,0,,
1231,13:47:33.296,ROI,160,160,256,256,22.75,24.16,20.075,0.0,41.40,818.38,150.99,118.40,81.55,0.8953,18.2500,-4.2800,0.0000,0.0000,0.9447,0,-4.2800,-4.4360,-3.5369,2.2410,-3.8144,0.3085,PHASE_4_FWD_BWD,-18.50,14.69,688.7,144.3,129.86,0,0,,
1232,13:47:33.361,ROI,160,160,256,256,23.00,24.62,9.525,15.875,40.61,815.46,151.62,118.62,80.22,0.9367,19.0300,-5.7000,0.0000,0.0000,0.9159,0,-5.7000,-4.6157,-3.3302,2.5119,-3.6962,0.2847,PHASE_4_FWD_BWD,-18.50,14.80,688.7,144.3,126.97,0,0,,
1233,13:47:33.409,ROI,160,160,256,256,21.83,23.49,16.575,33.275,42.57,813.51,150.98,117.79,80.62,0.9528,18.3500,-4.5300,0.0000,0.0000,0.9468,0,-4.5300,-4.6383,-3.1053,2.7328,-3.5160,0.2679,PHASE_4_FWD_BWD,-18.50,14.98,688.7,144.3,124.99,0,0,,
1234,13:47:33.472,ROI,160,160,256,256,22.64,24.03,19.875,32.525,41.62,807.85,151.58,116.98,79.49,0.8950,19.0500,-3.8100,0.0000,0.0000,0.9338,0,-3.8100,-4.5363,-2.8126,2.9639,-3.2474,0.2523,PHASE_4_FWD_BWD,-18.50,15.25,688.7,144.3,119.37,0,0,,
1235,13:47:33.538,ROI,160,160,256,256,20.57,21.99,0.0,35.525,45.47,805.50,151.64,117.76,77.74,0.9401,19.8500,-4.0000,0.0000,0.0000,0.9524,0,-4.0000,-4.4108,-2.5202,3.1433,-2.9765,0.2414,PHASE_4_FWD_BWD,-18.50,15.52,688.7,144.3,117.03,0,0,,
1236,13:47:33.584,ROI,160,160,256,256,34.40,35.84,0.0,0.0,27.90,802.92,151.21,118.32,77.10,0.9469,18.8100,-3.8400,0.0000,0.0000,0.9333,0,-3.8400,-4.2506,-2.2876,3.2863,-2.7456,0.2333,PHASE_4_FWD_BWD,-18.50,15.75,688.7,144.3,114.43,0,0,,
1237,13:47:33.713,ROI,160,160,256,256,18.07,19.43,4.225,0.0,51.48,797.18,151.32,122.42,77.89,0.9001,18.6900,-3.5200,0.0000,0.0000,0.9339,0,-3.5200,-3.9996,-2.1611,3.4319,-2.5760,0.2256,PHASE_4_FWD_BWD,-18.50,15.92,688.7,144.3,108.71,0,0,,
1238,13:47:33.761,ROI,160,160,256,256,21.11,22.48,13.75,0.0,44.49,792.90,151.38,120.85,77.78,0.9305,19.1600,-5.5900,0.0000,0.0000,0.9075,0,-5.5900,-4.3250,-2.1649,3.5655,-2.6381,0.2190,PHASE_4_FWD_BWD,-18.50,15.86,688.7,144.3,104.44,0,0,,
1239,13:47:33.824,ROI,160,160,256,256,18.98,20.28,9.45,0.0,49.32,787.02,151.34,119.39,76.91,0.8970,19.6600,-6.7600,0.0000,0.0000,0.8795,0,-6.7600,-4.8580,-2.4769,3.6912,-2.9845,0.2132,PHASE_4_FWD_BWD,-18.50,15.52,688.7,144.3,98.58,0,0,,
1240,13:47:33.873,ROI,160,160,256,256,19.67,21.10,0.0,0.0,47.39,783.66,151.22,117.07,77.26,0.9405,19.1000,-4.7700,0.0000,0.0000,0.9029,0,-4.7700,-4.9018,-2.8200,3.8106,-3.2528,0.2079,PHASE_4_FWD_BWD,-18.50,15.25,688.7,144.3,95.21,0,0,,
1241,13:47:33.936,ROI,160,160,256,256,20.77,22.18,0.0,0.0,45.09,779.24,150.84,115.86,76.64,0.9180,18.9100,-4.8000,0.0000,0.0000,0.8884,0,-4.8000,-4.8912,-0.1284,3.8940,-1.1016,0.2043,PHASE_4_FWD_BWD,-18.50,17.40,688.7,144.3,90.78,0,0,,
1242,13:47:34.000,ROI,160,160,256,256,20.33,21.48,0.0,0.0,46.56,776.70,150.19,117.81,77.09,0.9417,19.5400,-4.8300,0.0000,0.0000,0.9356,0,-4.8300,-4.8151,-0.0130,3.9585,-0.9815,0.2017,PHASE_4_FWD_BWD,-18.50,17.52,688.7,144.3,88.19,0,0,,
1243,13:47:34.048,ROI,160,160,256,256,23.63,24.72,14.55,0.0,40.46,775.25,149.70,117.62,76.93,0.9634,19.9600,-5.7900,0.0000,0.0000,0.9232,0,-5.7900,-4.9835,0.1521,3.9259,-0.8904,0.2030,PHASE_4_FWD_BWD,-18.50,17.61,688.7,144.3,86.72,0,0,,
1244,13:47:34.176,ROI,160,160,256,256,12.19,13.09,7.55,0.0,76.37,767.62,148.57,118.19,77.82,0.8548,19.7600,-5.4000,0.0000,0.0000,0.8709,0,-5.4000,-5.1683,-0.0541,3.9799,-1.0811,0.2008,PHASE_4_FWD_BWD,-18.50,17.42,688.7,144.3,79.04,0,0,,
1245,13:47:34.225,ROI,160,160,256,256,19.91,21.34,11.15,0.0,46.86,761.34,147.78,120.26,77.39,0.8826,17.9700,-3.5400,0.0000,0.0000,0.9017,0,-3.5400,-4.9981,-0.3128,4.0282,-1.2446,0.1989,PHASE_4_FWD_BWD,-18.50,17.26,688.7,144.3,72.72,0,0,,
1246,13:47:34.288,ROI,160,160,256,256,10.73,11.84,0.0,0.0,84.44,759.34,148.04,118.34,76.06,0.9506,19.3400,-6.1900,0.0000,0.0000,0.9061,0,-6.1900,-5.2805,-0.7784,4.0536,-1.6692,0.1979,PHASE_4_FWD_BWD,-18.50,16.83,688.7,144.3,70.73,0,0,,
1247,13:47:34.352,ROI,160,160,256,256,11.75,12.67,7.575,0.0,78.94,753.96,147.71,117.86,76.85,0.9040,15.5100,-2.1400,0.0000,0.0000,0.8011,0,-2.1400,-4.6732,-1.3313,4.0595,-1.9918,0.1976,PHASE_4_FWD_BWD,-18.50,16.51,688.7,144.3,65.35,0,0,,
1248,13:47:34.400,ROI,160,160,256,256,11.18,12.05,10.95,0.0,82.97,749.94,147.30,122.61,78.10,0.9206,15.4300,-3.1000,0.0000,0.0000,0.9032,0,-3.1000,-4.3567,-1.8673,4.1185,-2.3537,0.1954,PHASE_4_FWD_BWD,-18.50,16.15,688.7,144.3,61.32,0,0,,
1249,13:47:34.466,ROI,160,160,256,256,18.79,20.07,7.3,19.45,49.82,746.38,146.90,120.99,77.62,0.9337,16.3300,-2.6300,0.0000,0.0000,0.8737,0,-2.6300,-3.9216,-2.5123,4.1809,-2.7843,0.1930,PHASE_4_FWD_BWD,-18.50,15.72,688.7,144.3,57.73,0,0,,
1250,13:47:34.529,ROI,160,160,256,256,21.36,22.67,9.075,0.0,44.10,744.32,146.99,119.49,77.23,0.9616,18.1500,-4.2300,0.0000,0.0000,0.8907,0,-4.2300,-4.0007,-3.1381,4.1869,-3.3044,0.1928,PHASE_4_FWD_BWD,-18.50,15.20,688.7,144.3,55.69,0,0,,
1251,13:47:34.641,ROI,160,160,256,256,16.98,18.42,0.0,0.0,54.30,736.98,147.46,120.00,77.95,0.8745,12.9200,0.1400,0.0000,0.0000,0.8034,0,0.1400,-3.0812,-3.7456,4.2126,-3.6181,0.1918,PHASE_4_FWD_BWD,-18.50,14.88,688.7,144.3,48.38,0,0,,
1252,13:47:34.689,ROI,160,160,256,256,12.72,14.05,0.0,0.0,71.16,731.92,147.70,119.25,77.86,0.9133,18.9400,-4.3500,0.0000,0.0000,0.8741,0,-4.3500,-3.0826,-4.2247,4.2782,-4.0083,0.1895,PHASE_4_FWD_BWD,-18.50,14.49,688.7,144.3,43.35,0,0,,
1253,13:47:34.752,ROI,160,160,256,256,11.69,12.62,8.05,0.0,79.25,731.35,147.24,117.10,77.79,0.9705,20.4800,-5.6500,0.0000,0.0000,0.9096,0,-5.6500,-3.3617,-4.5811,4.2434,-4.3485,0.1907,PHASE_4_FWD_BWD,-18.50,14.15,688.7,144.3,42.75,0,0,,
1254,13:47:34.816,ROI,160,160,256,256,12.34,13.25,7.475,0.0,75.49,728.87,146.62,116.91,78.66,0.9436,21.1900,-4.5900,0.0000,0.0000,0.8993,0,-4.5900,-3.3771,-4.8786,4.1505,-4.5871,0.1942,PHASE_4_FWD_BWD,-18.50,13.91,688.7,144.3,40.24,0,0,,
1255,13:47:34.864,ROI,160,160,256,256,13.58,14.71,11.525,0.0,68.00,724.54,146.80,117.76,77.97,0.9210,20.0900,-3.4300,0.0000,0.0000,0.8337,0,-3.4300,-3.1064,-5.0616,4.0920,-4.6776,0.1964,PHASE_4_FWD_BWD,-18.50,13.82,688.7,144.3,35.93,0,0,,
1256,13:47:34.993,ROI,160,160,256,256,15.49,16.73,3.425,0.0,59.77,718.86,146.32,116.11,78.64,0.8969,20.7000,-7.6800,0.0000,0.0000,0.8831,0,-7.6800,-3.9372,-5.1170,4.0669,-4.8841,0.1974,PHASE_4_FWD_BWD,-18.50,13.62,688.7,144.3,30.23,0,0,,
1257,13:47:35.040,ROI,160,160,256,256,19.89,21.20,12.525,0.0,47.17,716.46,145.73,116.38,78.56,0.9455,22.6800,-6.8200,0.0000,0.0000,0.8404,0,-6.8200,-4.6853,-5.0494,4.0465,-4.9773,0.1982,PHASE_4_FWD_BWD,-18.50,13.52,688.7,144.3,27.80,0,0,,
1258,13:47:35.104,ROI,160,160,256,256,17.34,18.98,9.125,0.0,52.69,711.44,145.32,115.34,79.10,0.9079,21.1000,-6.9400,0.0000,0.0000,0.8743,0,-6.9400,-5.2357,-4.8848,4.0346,-4.9545,0.1986,PHASE_4_FWD_BWD,-18.50,13.55,688.7,144.3,22.76,0,0,,
1259,13:47:35.168,ROI,160,160,256,256,17.48,18.80,8.725,0.0,53.19,709.43,145.29,115.44,80.02,0.9550,22.2700,-7.7200,0.0000,0.0000,0.8657,0,-7.7200,-5.9111,-4.6068,3.9953,-4.8679,0.2002,PHASE_4_FWD_BWD,-18.50,13.63,688.7,144.3,20.76,0,0,,
1260,13:47:35.217,ROI,160,160,256,256,20.27,21.52,12.975,0.0,46.46,704.86,144.79,115.63,79.47,0.9128,22.2100,-11.9200,0.0000,0.0000,0.8891,0,-11.9200,-7.3982,-4.2981,3.9427,-4.9253,0.2023,PHASE_4_FWD_BWD,-18.50,13.57,688.7,144.3,16.16,0,0,,
1261,13:47:35.280,ROI,160,160,256,256,22.95,24.21,0.0,0.0,41.31,703.31,144.10,114.08,76.46,0.9369,22.0300,-14.5900,0.0000,0.0000,0.9038,0,-14.5900,-9.4142,-3.9754,3.7981,-5.1089,0.2084,PHASE_4_FWD_BWD,-18.50,13.39,688.7,144.3,14.61,0,0,,
1262,13:47:35.345,ROI,160,160,256,256,15.80,17.20,0.0,0.0,58.13,699.70,143.54,115.65,76.82,0.9258,21.5200,-11.1900,0.0000,0.0000,0.8704,0,-11.1900,-10.5364,-3.7603,3.7189,-5.1962,0.2119,PHASE_4_FWD_BWD,-18.50,13.30,688.7,144.3,11.03,0,0,,
1263,13:47:35.393,ROI,160,160,256,256,15.58,16.61,12.775,0.0,60.22,698.55,142.09,116.72,77.94,0.9446,21.2200,-10.2700,0.0000,0.0000,0.8914,0,-10.2700,-11.1622,-3.7431,3.6454,-5.3402,0.2153,PHASE_4_FWD_BWD,-18.50,13.16,688.7,144.3,10.10,0,0,,
1264,13:47:35.504,ROI,160,160,256,256,16.14,17.37,4.1,0.0,57.58,694.53,141.98,118.35,79.82,0.9123,20.9700,-7.0500,0.0000,0.0000,0.8553,0,-7.0500,-11.3052,-3.9024,3.5516,-5.5288,0.2197,PHASE_4_FWD_BWD,-18.50,12.97,688.7,144.3,6.27,0,0,,
1265,13:47:35.569,ROI,160,160,256,256,12.59,13.54,8.275,0.0,73.86,693.82,142.18,116.40,77.92,0.9600,22.5700,-13.0800,0.0000,0.0000,0.8672,0,-13.0800,-12.2174,-4.1938,3.4415,-6.0002,0.2251,PHASE_4_FWD_BWD,-18.50,12.50,688.7,144.3,5.54,0,0,,
1266,13:47:35.632,ROI,160,160,256,256,12.86,14.11,7.875,0.0,70.86,691.61,141.44,116.59,78.80,0.9449,22.3100,-11.5100,0.0000,0.0000,0.8932,0,-11.5100,-12.7229,-4.6296,3.3264,-6.5002,0.2311,PHASE_4_FWD_BWD,-18.50,12.00,688.7,144.3,4.08,0,0,,
1267,13:47:35.681,ROI,160,160,256,256,17.74,19.08,11.325,0.0,52.42,691.06,141.69,115.36,76.62,0.9621,22.6700,-13.8200,0.0000,0.0000,0.8945,0,-13.8200,-13.5015,-5.2344,3.1704,-7.2167,0.2398,PHASE_4_FWD_BWD,-18.50,11.28,688.7,144.3,3.52,0,0,,
1268,13:47:35.745,ROI,160,160,256,256,23.43,25.02,8.7,0.0,39.96,689.99,141.86,115.04,76.32,0.9771,23.2400,-14.6800,0.0000,0.0000,0.9001,0,-14.6800,-14.4376,-5.9611,2.9583,-8.1026,0.2526,PHASE_4_FWD_BWD,-18.50,10.40,688.7,144.3,2.76,0,0,,
1269,13:47:35.808,ROI,160,160,256,256,18.84,20.18,20.2,0.0,49.55,689.98,141.83,116.08,76.14,0.9888,22.7900,-15.7100,0.0000,0.0000,0.9171,0,-15.7100,-14.9156,-6.7136,2.7757,-8.8859,0.2649,PHASE_4_FWD_BWD,-18.50,9.61,688.7,144.3,2.78,0,0,,
1270,13:47:35.858,ROI,160,160,256,256,18.36,19.66,91.35,39.75,50.88,689.00,141.88,115.71,75.60,0.9763,22.4500,-14.7000,0.0000,0.0000,0.8975,0,-14.7000,-15.4077,-7.3686,2.6097,-9.5957,0.2770,PHASE_4_FWD_BWD,-18.50,8.90,688.7,144.3,2.44,0,0,,
1271,13:47:35.986,ROI,160,160,256,256,22.25,23.58,0.0,33.125,42.40,688.14,142.18,115.78,76.10,0.9774,23.0300,-12.4600,0.0000,0.0000,0.8843,0,-12.4600,-15.4042,-7.9359,2.3808,-10.1449,0.2958,COMPLETED,-18.50,8.36,688.7,144.3,2.19,0,0,,
1272,13:47:36.038,ROI,160,160,256,256,21.80,23.37,13.625,16.725,42.79,687.70,141.17,115.97,76.67,0.9665,21.9000,-11.0200,0.0000,0.0000,0.9046,0,-11.0200,-14.8687,-8.5684,2.1224,-10.5862,0.3203,POST_PH4_SPIN,-18.50,7.91,688.7,144.3,0.00,0,0,0.041,
1273,13:47:36.096,ROI,160,160,256,256,20.60,22.04,45.35,0.0,45.38,688.34,141.46,115.25,75.58,0.9749,22.7400,-12.5000,0.0000,0.0000,0.9019,0,-12.5000,-14.3944,-9.1514,1.8497,-10.9913,0.3509,POST_PH4_SPIN,-18.50,7.51,688.7,144.3,0.00,0,0,0.098,
1274,13:47:36.146,ROI,160,160,256,256,21.03,22.55,13.925,34.65,44.35,688.19,141.54,115.28,76.53,0.9851,22.8000,-13.1600,0.0000,0.0000,0.9065,0,-13.1600,-14.3684,-9.6190,1.6154,-11.4349,0.3824,POST_PH4_SPIN,-18.50,7.07,688.7,144.3,0.00,0,0,0.148,
1275,13:47:36.209,ROI,160,160,256,256,20.56,21.89,0.0,0.0,45.68,688.24,141.48,115.39,76.66,0.9974,22.8600,-13.1300,0.0000,0.0000,0.9077,0,-13.1300,-14.1444,-10.0138,1.3646,-11.7606,0.4229,POST_PH4_SPIN,-18.50,6.74,688.7,144.3,0.00,0,0,0.210,
1276,13:47:36.272,ROI,160,160,256,256,23.47,24.75,9.45,0.0,40.41,688.13,141.53,115.39,76.42,0.9949,22.8200,-13.2600,0.0000,0.0000,0.9066,0,-13.2600,-13.8498,-10.2549,1.1553,-11.9228,0.4640,POST_PH4_SPIN,-18.50,6.58,688.7,144.3,0.00,0,0,0.276,
1277,13:47:36.323,ROI,160,160,256,256,24.53,25.88,14.9,15.1,38.65,688.10,141.48,115.34,76.43,0.9982,22.8700,-13.4300,0.0000,0.0000,0.9082,0,-13.4300,-13.5657,-10.2602,0.9369,-11.9668,0.5163,POST_PH4_SPIN,-18.50,6.53,688.7,144.3,0.00,0,0,0.328,
1278,13:47:36.450,ROI,160,160,256,256,17.36,18.75,3.85,0.0,53.33,687.98,141.54,115.31,76.66,0.9951,22.8500,-13.3000,0.0000,0.0000,0.9056,0,-13.3000,-13.6215,-9.8989,0.7660,-12.0067,0.5662,POST_PH4_SPIN,-18.50,6.49,688.7,144.3,0.00,0,0,0.448,
1279,13:47:36.496,ROI,160,160,256,256,21.15,22.58,28.575,17.3,44.29,688.10,141.53,115.30,75.87,0.9877,22.7900,-12.6700,0.0000,0.0000,0.8987,0,-12.6700,-13.8208,-9.2235,0.5898,-12.1152,0.6290,POST_PH4_SPIN,-18.50,6.38,688.7,144.3,0.00,0,0,0.498,
1280,13:47:36.560,ROI,160,160,256,256,20.45,21.73,18.75,17.975,46.01,687.97,141.43,115.23,76.45,0.9901,23.0600,-13.7500,0.0000,0.0000,0.9077,0,-13.7500,-13.8970,-8.1912,0.4563,-12.1093,0.6867,POST_PH4_SPIN,-18.50,6.39,688.7,144.3,0.00,0,0,0.562,
1281,13:47:36.626,ROI,160,160,256,256,17.37,18.70,26.7,41.775,53.48,688.01,141.53,115.15,75.86,0.9916,22.7500,-12.6900,0.0000,0.0000,0.8984,0,-12.6900,-13.6092,-7.4225,0.3224,-12.1008,0.7562,POST_PH4_SPIN,-18.50,6.40,688.7,144.3,0.00,0,0,0.624,
1282,13:47:36.672,ROI,160,160,256,256,24.85,26.46,0.0,29.525,37.79,687.94,141.37,115.28,76.46,0.9908,22.9600,-14.6800,0.0000,0.0000,0.9104,0,-14.6800,-13.3284,-6.9720,0.2471,-12.0688,0.8018,POST_PH4_SPIN,-18.50,6.43,688.7,144.3,0.00,0,0,0.678,
1283,13:47:36.736,ROI,160,160,256,256,18.35,19.83,20.9,19.7,50.43,687.99,141.45,115.23,75.89,0.9915,22.6900,-13.0400,0.0000,0.0000,0.9006,0,-13.0400,-13.2481,-6.6043,0.1704,-12.2807,0.8544,POST_PH4_SPIN,-18.50,6.22,688.7,144.3,0.00,0,0,0.735,
1284,13:47:36.786,ROI,160,160,256,256,23.76,25.17,12.925,31.05,39.72,687.98,141.37,115.18,75.81,0.9975,22.6200,-13.5900,0.0000,0.0000,0.9039,0,-13.5900,-13.1067,-7.3727,0.1274,-12.4587,0.8870,POST_PH4_SPIN,-18.50,6.04,688.7,144.3,0.00,0,0,0.791,
1285,13:47:36.914,ROI,160,160,256,256,27.12,28.47,11.425,54.875,35.12,687.85,141.27,114.99,75.81,0.9953,22.6500,-14.2100,0.0000,0.0000,0.9053,0,-14.2100,-13.3123,-9.5769,0.0904,-13.0026,0.9171,POST_PH4_SPIN,-18.50,5.50,688.7,144.3,0.00,0,0,0.922,
1286,13:47:36.960,ROI,160,160,256,256,25.24,26.73,44.45,29.225,37.41,687.83,141.30,115.01,75.89,0.9987,22.6600,-14.7700,0.0000,0.0000,0.9095,0,-14.7700,-13.7212,-12.7559,0.0669,-13.6607,0.9373,POST_PH4_SPIN,-18.50,4.84,688.7,144.3,0.00,0,0,0.966,
1287,13:47:37.026,ROI,160,160,256,256,23.91,25.65,9.9,45.7,38.99,687.88,141.16,114.90,75.76,0.9952,22.6900,-15.0700,0.0000,0.0000,0.9132,0,-15.0700,-14.3044,-19.1873,0.0420,-14.5011,0.9597,POST_PH4_SPIN,-18.50,4.00,688.7,144.3,0.00,0,0,1.031,
1288,13:47:37.089,ROI,160,160,256,256,17.90,19.34,0.0,0.0,51.71,687.85,141.10,114.72,75.87,0.9968,22.3200,-15.1300,0.0000,0.0000,0.9154,0,-15.1300,-14.7989,-28.2332,0.0319,-15.2141,0.9691,POST_PH4_SPIN,-18.50,3.29,688.7,144.3,0.00,0,0,1.088,
1289,13:47:37.141,ROI,160,160,256,256,26.34,27.82,12.125,0.0,35.94,687.88,141.05,114.82,75.94,0.9979,22.8400,-15.4700,0.0000,0.0000,0.9188,0,-15.4700,-15.1066,-34.5338,0.0256,-15.5921,0.9750,POST_PH4_SPIN,-18.50,2.91,688.7,144.3,0.00,0,0,1.148,
1290,13:47:37.202,ROI,160,160,256,256,20.11,21.50,58.775,18.175,46.52,687.86,141.08,114.83,76.00,0.9989,22.8300,-15.5100,0.0000,0.0000,0.9194,0,-15.5100,-15.2096,-40.2289,0.0380,-16.1262,0.9634,POST_PH4_SPIN,-18.50,2.37,688.7,144.3,0.00,0,0,1.203,
1291,13:47:37.248,ROI,160,160,256,256,19.10,20.56,15.5,0.0,48.64,687.93,141.02,114.77,76.16,0.9968,22.4700,-15.9500,0.0000,0.0000,0.9214,0,-15.9500,-15.4884,-47.3571,0.0384,-16.6672,0.9630,POST_PH4_SPIN,-18.50,1.83,688.7,144.3,0.00,0,0,1.248,
1292,13:47:37.378,ROI,160,160,256,256,24.35,25.72,3.575,15.2,38.88,687.91,141.11,114.80,76.43,0.9962,22.4700,-15.9500,0.0000,0.0000,0.9206,0,-15.9500,-15.7800,-54.4140,0.0372,-17.1652,0.9641,POST_PH4_SPIN,-18.50,1.33,688.7,144.3,0.00,0,0,1.384,
1293,13:47:37.425,ROI,160,160,256,256,28.05,29.48,37.95,13.25,33.92,687.98,140.94,114.88,76.50,0.9943,22.4700,-15.9800,0.0000,0.0000,0.9234,0,-15.9800,-16.0254,-62.5681,0.0384,-17.7483,0.9630,POST_PH4_SPIN,-18.50,0.75,688.7,144.3,0.00,0,0,1.434,
1294,13:47:37.490,ROI,160,160,256,256,20.48,21.95,10.825,17.8,45.56,688.02,140.85,114.64,77.63,0.9833,23.1700,-15.0600,0.0000,0.0000,0.9025,0,-15.0600,-16.0470,-71.1808,0.0404,-18.1855,0.9612,POST_PH4_SPIN,-18.50,0.31,688.7,144.3,0.00,0,0,1.492,
1295,13:47:37.553,ROI,160,160,256,256,20.10,21.76,19.125,35.925,45.96,687.62,140.75,114.27,77.36,0.9894,23.0300,-16.2700,0.0000,0.0000,0.8977,0,-16.2700,-16.3036,-77.9572,0.0452,-18.9708,0.9567,POST_PH4_SPIN,-18.50,-0.47,688.7,144.3,0.00,0,0,1.554,
1296,13:47:37.600,ROI,160,160,256,256,23.04,24.51,15.5,15.95,40.80,687.93,140.66,114.72,77.79,0.9890,23.2500,-16.4300,0.0000,0.0000,0.9085,0,-16.4300,-16.5286,-83.8943,0.0482,-19.6244,0.9540,POST_PH4_SPIN,-18.50,-1.12,688.7,144.3,0.00,0,0,1.604,
1297,13:47:37.665,ROI,160,160,256,256,24.58,26.16,9.75,0.0,38.22,687.88,140.66,114.59,77.73,0.9981,23.2300,-16.1800,0.0000,0.0000,0.9092,0,-16.1800,-16.5775,-89.2016,0.0495,-20.0014,0.9529,POST_PH4_SPIN,-18.50,-1.50,688.7,144.3,0.00,0,0,1.670,
1298,13:47:37.729,ROI,160,160,256,256,27.08,28.36,10.3,0.0,35.26,687.83,140.75,114.54,77.57,0.9967,23.4000,-16.7400,0.0000,0.0000,0.9113,0,-16.7400,-16.7995,-92.9570,0.0497,-20.4023,0.9527,POST_PH4_SPIN,-18.50,-1.90,688.7,144.3,0.00,0,0,1.736,
1299,13:47:37.841,ROI,160,160,256,256,19.32,20.58,0.0,18.975,48.59,687.82,140.70,114.56,77.79,0.9968,23.3800,-16.9700,0.0000,0.0000,0.9123,0,-16.9700,-16.8984,-95.5408,0.0473,-20.4515,0.9548,POST_PH4_SPIN,-18.50,-1.95,688.7,144.3,0.00,0,0,1.841,
1300,13:47:37.890,ROI,160,160,256,256,19.98,21.35,14.025,0.0,46.84,687.88,140.75,114.38,77.52,0.9950,23.3700,-17.1400,0.0000,0.0000,0.9128,0,-17.1400,-17.1780,-97.0539,0.0456,-20.6591,0.9564,POST_PH4_SPIN,-18.50,-2.16,688.7,144.3,0.00,0,0,1.891,
1301,13:47:37.953,ROI,160,160,256,256,17.36,18.69,0.0,0.0,53.51,687.90,140.67,114.50,77.66,0.9970,23.1400,-17.8000,0.0000,0.0000,0.9117,0,-17.8000,-17.3674,-97.7827,0.0423,-20.6308,0.9594,POST_PH4_SPIN,-18.50,-2.13,688.7,144.3,0.00,0,0,1.951,
1302,13:47:38.018,ROI,160,160,256,256,30.24,31.66,0.0,12.35,31.58,687.86,140.70,114.37,77.74,0.9979,23.2000,-18.0000,0.0000,0.0000,0.9117,0,-18.0000,-17.5753,-98.1264,0.0385,-20.5651,0.9629,POST_PH4_SPIN,-18.50,-2.07,688.7,144.3,0.00,0,0,2.029,
1303,13:47:38.066,ROI,160,160,256,256,17.59,18.92,0.0,20.65,52.84,688.02,140.64,114.37,77.68,0.9956,22.8900,-18.4000,0.0000,0.0000,0.9086,0,-18.4000,-17.8565,-98.5880,0.0365,-20.7012,0.9648,POST_PH4_SPIN,-18.50,-2.20,688.7,144.3,0.00,0,0,2.065,
1304,13:47:38.130,ROI,160,160,256,256,17.48,18.76,8.75,20.825,53.31,687.84,140.94,114.37,77.07,0.9890,22.8700,-17.9200,0.0000,0.0000,0.9017,0,-17.9200,-18.0283,-97.8138,0.0271,-20.1363,0.9736,POST_PH4_SPIN,-18.50,-1.64,688.7,144.3,0.00,0,0,2.128,
1305,13:47:38.242,ROI,160,160,256,256,25.23,26.90,8.4,58.075,37.18,688.09,140.59,114.66,77.89,0.9853,22.7300,-19.1000,0.0000,0.0000,0.9051,0,-19.1000,-18.4196,-99.3732,0.0263,-20.4956,0.9744,POST_PH4_SPIN,-18.50,-2.00,688.7,144.3,0.00,0,0,2.248,
1306,13:47:38.305,ROI,160,160,256,256,22.91,24.19,21.375,16.15,41.34,687.97,140.96,114.27,77.23,0.9872,23.2300,-18.0900,0.0000,0.0000,0.9024,0,-18.0900,-18.5402,-102.5631,0.0190,-20.1108,0.9813,POST_PH4_SPIN,-18.50,-1.61,688.7,144.3,0.00,0,0,2.309,
1307,13:47:38.354,ROI,160,160,256,256,34.46,35.87,16.075,10.9,27.87,688.22,140.75,114.66,77.92,0.9869,22.3900,-19.1900,0.0000,0.0000,0.9014,0,-19.1900,-18.8718,-70.8564,0.0180,-19.7909,0.9823,POST_PH4_SPIN,-18.50,-1.29,688.7,144.3,0.00,0,0,2.369,
1308,13:47:38.418,ROI,160,160,256,256,28.57,29.82,0.0,26.2,33.53,688.05,140.98,114.61,77.34,0.9897,23.3300,-18.0600,0.0000,0.0000,0.9050,0,-18.0600,-18.9113,-46.0895,0.0126,-19.2496,0.9876,POST_PH4_SPIN,-18.50,-0.75,688.7,144.3,0.00,0,0,2.427,
1309,13:47:38.482,ROI,160,160,256,256,25.19,26.47,11.425,29.525,37.78,688.13,141.04,114.54,77.52,0.9963,23.2200,-18.3200,0.0000,0.0000,0.9050,0,-18.3200,-19.0081,-32.0336,0.0139,-19.1865,0.9863,POST_PH4_SPIN,-18.50,-0.69,688.7,144.3,0.00,0,0,2.488,
1310,13:47:38.530,ROI,160,160,256,256,18.54,19.80,17.725,39.475,50.50,688.24,141.51,115.12,77.90,0.9830,22.8400,-17.2300,0.0000,0.0000,0.9186,0,-17.2300,-18.8403,-27.8747,0.0271,-19.0785,0.9736,POST_PH4_SPIN,-18.50,-0.58,688.7,144.3,0.00,0,0,2.530,
1311,13:47:38.657,ROI,160,160,256,256,31.50,33.22,3.65,11.75,30.11,688.32,141.43,114.94,78.05,0.9964,22.7600,-17.7400,0.0000,0.0000,0.9166,0,-17.7400,-18.7577,-26.1891,0.0412,-19.0517,0.9604,POST_PH4_SPIN,-18.50,-0.55,688.7,144.3,0.00,0,0,2.670,
1312,13:47:38.708,ROI,160,160,256,256,19.68,20.94,45.4,37.325,47.76,688.27,141.37,114.99,78.06,0.9975,22.7900,-17.5000,0.0000,0.0000,0.9205,0,-17.5000,-18.4929,-25.8593,0.0520,-18.8569,0.9506,POST_PH4_SPIN,-18.50,-0.36,688.7,144.3,0.00,0,0,2.708,
1313,13:47:38.770,ROI,160,160,256,256,22.71,24.12,0.0,0.0,41.45,688.26,141.35,114.88,78.18,0.9976,22.9300,-17.7300,0.0000,0.0000,0.9222,0,-17.7300,-18.3668,-26.9019,0.0552,-18.8133,0.9477,POST_PH4_SPIN,-18.50,-0.31,688.7,144.3,0.00,0,0,2.773,
1314,13:47:38.835,ROI,160,160,256,256,22.92,24.19,38.25,0.0,41.33,688.21,141.37,114.83,78.18,0.9988,22.8100,-17.6700,0.0000,0.0000,0.9209,0,-17.6700,-18.2206,-28.6258,0.0583,-18.7937,0.9449,POST_PH4_SPIN,-18.50,-0.29,688.7,144.3,0.00,0,0,2.838,
1315,13:47:38.882,ROI,160,160,256,256,20.33,21.87,0.0,17.9,45.72,688.27,141.37,114.61,78.18,0.9980,22.8300,-17.7100,0.0000,0.0000,0.9221,0,-17.7100,-18.0331,-31.1263,0.0599,-18.7733,0.9435,POST_PH4_SPIN,-18.50,-0.27,688.7,144.3,0.00,0,0,2.883,
1316,13:47:38.944,ROI,160,160,256,256,20.24,21.47,0.0,36.375,46.57,688.29,141.29,114.69,78.21,0.9973,22.7700,-17.9900,0.0000,0.0000,0.9223,0,-17.9900,-17.9382,-34.1934,0.0600,-18.8577,0.9434,POST_PH4_SPIN,-18.50,-0.36,688.7,144.3,0.00,0,0,2.945,
1317,13:47:38.993,ROI,160,160,256,256,20.69,22.07,0.0,35.4,45.30,688.30,141.29,114.98,78.08,0.9959,23.1100,-17.8300,0.0000,0.0000,0.9231,0,-17.8300,-17.8143,-37.8495,0.0577,-18.9079,0.9454,POST_PH4_SPIN,-18.50,-0.41,688.7,144.3,0.00,0,0,2.995,
1318,13:47:39.057,ROI,160,160,256,256,18.08,19.31,0.0,0.0,51.79,688.40,141.27,114.96,78.32,0.9953,22.8800,-18.2400,0.0000,0.0000,0.9215,0,-18.2400,-17.7780,-41.7229,0.0560,-19.0480,0.9470,POST_PH4_SPIN,-18.50,-0.55,688.7,144.3,0.00,0,0,3.056,
1319,13:47:39.169,ROI,160,160,256,256,22.15,23.38,4.2,50.125,42.76,688.40,141.30,114.98,78.34,0.9990,22.9500,-18.2600,0.0000,0.0000,0.9207,0,-18.2600,-17.7999,-45.9451,0.0521,-19.1948,0.9504,POST_PH4_SPIN,-18.50,-0.69,688.7,144.3,0.00,0,0,3.172,
1320,13:47:39.232,ROI,160,160,256,256,18.66,19.93,9.85,0.0,50.19,688.38,141.34,115.20,78.16,0.9958,22.9000,-18.1600,0.0000,0.0000,0.9199,0,-18.1600,-17.8154,-50.8555,0.0472,-19.3039,0.9550,POST_PH4_SPIN,-18.50,-0.80,688.7,144.3,0.00,0,0,3.232,
1321,13:47:39.295,ROI,160,160,256,256,14.03,15.32,0.0,25.5,65.29,688.43,141.32,115.09,78.27,0.9976,22.8400,-18.3700,0.0000,0.0000,0.9202,0,-18.3700,-17.9156,-55.4879,0.0416,-19.4173,0.9600,POST_PH4_SPIN,-18.50,-0.92,688.7,144.3,0.00,0,0,3.290,
1322,13:47:39.344,ROI,160,160,256,256,16.00,17.21,0.0,0.0,58.10,688.46,141.37,114.88,78.16,0.9968,22.7700,-18.3600,0.0000,0.0000,0.9185,0,-18.3600,-17.9609,-61.0250,0.0381,-19.5425,0.9633,POST_PH4_RE_RFB,-18.50,-1.04,688.7,144.3,0.00,0,0,,0.051
1323,13:47:39.408,ROI,160,160,256,256,15.97,17.21,0.0,0.0,58.11,688.54,141.37,115.04,78.14,0.9984,22.6700,-18.3400,0.0000,0.0000,0.9181,0,-18.3400,-18.1256,-65.4996,0.0322,-19.6021,0.9688,POST_PH4_RE_RFB,-18.50,-1.10,688.7,144.3,0.00,0,0,,0.115
1324,13:47:39.472,ROI,160,160,256,256,15.51,16.68,0.0,0.0,59.94,688.50,141.50,115.07,78.58,0.9937,22.5100,-18.3700,0.0000,0.0000,0.9164,0,-18.3700,-18.1974,-71.6033,0.0291,-19.7086,0.9717,POST_PH4_RE_RFB,-18.50,-1.21,688.7,144.3,0.00,0,0,,0.178
1325,13:47:39.519,ROI,160,160,256,256,14.30,15.30,0.0,0.0,65.38,688.50,141.43,115.10,78.58,0.9981,22.4500,-18.2900,0.0000,0.0000,0.9167,0,-18.2900,-18.3702,-57.6564,0.0257,-19.3532,0.9750,POST_PH4_RE_RFB,-18.50,-0.85,688.7,144.3,0.00,0,0,,0.224
1326,13:47:39.632,ROI,160,160,256,256,14.71,15.79,0.0,0.0,63.31,688.43,141.59,115.33,78.48,0.9940,22.2800,-18.2600,0.0000,0.0000,0.9141,0,-18.2600,-18.4271,-44.7548,0.0213,-18.9762,0.9791,POST_PH4_RE_RFB,-18.50,-0.48,688.7,144.3,0.00,0,0,,0.337
1327,13:47:39.696,ROI,160,160,256,256,15.50,16.68,0.0,23.425,59.96,688.67,141.50,114.72,78.94,0.9889,22.3700,-19.0900,0.0000,0.0000,0.9104,0,-19.0900,-18.6793,-32.9407,0.0211,-18.9747,0.9793,POST_PH4_RE_RFB,-18.50,-0.47,688.7,144.3,0.00,0,0,,0.403
1328,13:47:39.760,ROI,160,160,256,256,17.98,19.15,0.0,40.8,52.23,689.71,141.51,115.50,78.30,0.9742,22.4900,-18.1200,0.0000,0.0000,0.9118,0,-18.1200,-18.5983,-25.5057,0.0422,-18.8781,0.9595,POST_PH4_RE_RFB,-18.50,-0.38,688.7,144.3,0.00,0,0,,0.469
1329,13:47:39.808,ROI,160,160,256,256,15.78,16.92,0.0,0.0,59.10,689.91,141.30,115.09,77.36,0.9844,22.5800,-19.4600,0.0000,0.0000,0.9165,0,-19.4600,-18.8326,-18.2187,0.0643,-18.7955,0.9396,POST_PH4_RE_RFB,-18.50,-0.30,688.7,144.3,0.00,0,0,,0.514
1330,13:47:39.872,ROI,160,160,256,256,13.48,14.62,0.0,0.0,68.42,691.18,141.69,114.27,77.28,0.9686,22.1500,-19.6300,0.0000,0.0000,0.9041,0,-19.6300,-19.0449,-11.7212,0.1052,-18.3480,0.9048,POST_PH4_RE_RFB,-18.50,0.15,688.7,144.3,0.00,0,0,,0.577
1331,13:47:39.936,ROI,160,160,256,256,14.09,15.29,0.0,0.0,65.42,691.35,141.72,114.32,77.52,0.9938,22.8800,-19.7600,0.0000,0.0000,0.9011,0,-19.7600,-19.2720,-6.6392,0.1428,-17.6936,0.8751,POST_PH4_RE_RFB,-18.50,0.81,688.7,144.3,0.00,0,0,,0.641
1332,13:47:39.984,ROI,160,160,256,256,18.47,19.70,0.0,0.0,50.76,693.75,142.30,113.18,77.01,0.9447,21.1500,-22.1300,0.0000,0.0000,0.9080,0,-22.1300,-19.9419,-2.7584,0.2162,-16.8873,0.8222,POST_PH4_RE_RFB,-18.50,1.61,688.7,144.3,0.00,0,0,,0.693
1333,13:47:40.113,ROI,160,160,256,256,23.70,24.88,0.0,0.0,40.19,696.58,142.56,114.42,79.26,0.9249,20.1000,-20.5200,0.0000,0.0000,0.8914,0,-20.5200,-20.2084,0.2482,0.3291,-15.1433,0.7524,POST_PH4_RE_RFB,-18.50,3.36,688.7,144.3,0.00,0,0,,0.828
1334,13:47:40.160,ROI,160,160,256,256,14.17,15.09,0.0,0.0,66.26,698.37,142.42,112.67,78.11,0.9551,21.3800,-19.5100,0.0000,0.0000,0.8953,0,-19.5100,-20.2501,2.5163,0.4553,-13.1271,0.6871,POST_PH4_RE_RFB,-18.50,5.37,688.7,144.3,0.00,0,0,,0.865
1335,13:47:40.225,ROI,160,160,256,256,13.97,15.11,0.0,0.0,66.18,701.46,144.21,112.91,75.57,0.9047,20.1700,-20.0800,0.0000,0.0000,0.8797,0,-20.0800,-20.3639,3.4606,0.6192,-11.2532,0.6176,POST_PH4_RE_RFB,-18.50,7.25,688.7,144.3,0.00,0,0,,0.929
1336,13:47:40.289,ROI,160,160,256,256,13.69,14.75,0.0,0.0,67.81,702.28,145.36,113.07,75.71,0.9562,21.1400,-19.5600,0.0000,0.0000,0.8943,0,-19.5600,-20.3774,3.2231,0.7754,-10.0701,0.5633,POST_PH4_RE_RFB,-18.50,8.43,688.7,144.3,0.00,0,0,,0.993
1337,13:47:40.337,ROI,160,160,256,256,13.54,14.73,0.0,0.0,67.88,706.05,146.39,112.77,75.95,0.9111,21.3700,-17.8200,0.0000,0.0000,0.9242,0,-17.8200,-20.0139,2.0553,0.9711,-9.1412,0.5073,POST_PH4_RE_RFB,-18.50,9.36,688.7,144.3,0.00,0,0,,1.041
1338,13:47:40.399,ROI,160,160,256,256,14.69,15.81,0.0,0.0,63.24,709.06,146.93,113.30,77.68,0.9276,20.8800,-18.9500,0.0000,0.0000,0.9282,0,-18.9500,-19.8782,-0.0085,1.1827,-9.1119,0.4582,POST_PH4_RE_RFB,-18.50,9.39,688.7,144.3,0.00,0,0,,1.105
1339,13:47:40.447,ROI,160,160,256,256,14.10,15.20,0.0,0.0,65.81,713.30,148.59,113.22,78.82,0.8904,21.5300,-15.6600,0.0000,0.0000,0.9027,0,-15.6600,-19.0786,-2.3481,1.4305,-9.2317,0.4114,POST_PH4_RE_RFB,-18.50,9.27,688.7,144.3,0.00,0,0,,1.152
1340,13:47:40.577,ROI,160,160,256,256,13.29,14.35,0.0,0.0,69.66,718.28,148.96,114.91,77.97,0.9070,22.6100,-15.6200,0.0000,0.0000,0.9238,0,-15.6200,-18.3173,-5.5876,1.7120,-10.2815,0.3687,POST_PH4_RE_RFB,-18.50,8.22,688.7,144.3,0.00,0,0,,1.281
1341,13:47:40.625,ROI,160,160,256,256,14.55,15.67,0.0,24.925,63.82,722.19,149.94,114.75,78.37,0.9118,21.3500,-16.1600,0.0000,0.0000,0.9055,0,-16.1600,-17.7123,-8.1089,2.0022,-11.3077,0.3331,POST_PH4_RE_RFB,-18.50,7.19,688.7,144.3,0.00,0,0,,1.330
1342,13:47:40.688,ROI,160,160,256,256,13.56,14.72,0.0,0.0,67.93,724.72,149.50,114.34,77.26,0.9436,22.7200,-17.0100,0.0000,0.0000,0.9405,0,-17.0100,-17.3229,-11.0841,2.2614,-12.9970,0.3066,POST_PH4_RE_RFB,-18.50,5.50,688.7,144.3,0.00,0,0,,1.392
1343,13:47:40.751,ROI,160,160,256,256,13.04,14.15,0.0,27.725,70.67,728.62,150.39,115.66,77.82,0.9136,21.3900,-11.3300,0.0000,0.0000,0.8896,0,-11.3300,-15.7858,-12.7513,2.5141,-13.6148,0.2846,POST_PH4_RE_RFB,-18.50,4.89,688.7,144.3,0.00,0,0,,1.455
1344,13:47:40.799,ROI,160,160,256,256,14.24,15.46,0.0,25.275,64.68,730.29,150.37,115.84,77.02,0.9618,21.4400,-12.7700,0.0000,0.0000,0.9088,0,-12.7700,-14.6623,-14.4548,2.7098,-14.5108,0.2696,POST_PH4_RE_RFB,-18.50,3.99,688.7,144.3,0.00,0,0,,1.504
1345,13:47:40.864,ROI,160,160,256,256,14.20,15.42,0.0,0.0,64.86,733.39,151.92,118.78,75.84,0.9118,21.2700,-11.8100,0.0000,0.0000,0.8977,0,-11.8100,-13.5309,-15.1173,2.8809,-14.7085,0.2577,POST_PH4_RE_RFB,-18.50,3.79,688.7,144.3,0.00,0,0,,1.569
1346,13:47:40.927,ROI,160,160,256,256,14.04,15.15,8.175,0.0,66.02,736.57,151.80,116.91,74.37,0.9295,21.3200,-12.6800,0.0000,0.0000,0.9087,0,-12.6800,-12.5974,-15.6526,3.0307,-14.8946,0.2481,POST_PH4_RE_RFB,-18.50,3.61,688.7,144.3,0.00,0,0,,1.632
1347,13:47:41.040,ROI,160,160,256,256,13.27,14.43,0.0,0.0,69.30,743.44,151.37,119.89,75.09,0.8805,19.6600,-11.2600,0.0000,0.0000,0.8942,0,-11.2600,-11.6177,-15.4118,3.2004,-14.5085,0.2381,POST_PH4_RE_RFB,-18.50,3.99,688.7,144.3,0.00,0,0,,1.744
1348,13:47:41.088,ROI,160,160,256,256,14.18,15.26,11.425,0.0,65.55,748.01,151.66,120.16,76.06,0.9152,21.2700,-13.4700,0.0000,0.0000,0.9105,0,-13.4700,-11.2530,-14.8500,3.3639,-14.0257,0.2292,POST_PH4_RE_RFB,-18.50,4.47,688.7,144.3,0.00,0,0,,1.793
1349,13:47:41.151,ROI,160,160,256,256,21.62,22.77,0.0,17.15,43.92,750.10,151.96,118.38,76.13,0.9580,20.9300,-12.8700,0.0000,0.0000,0.8930,0,-12.8700,-10.8880,-14.0193,3.4499,-13.3156,0.2247,POST_PH4_RE_RFB,-18.50,5.18,688.7,144.3,0.00,0,0,,1.864
1350,13:47:41.218,ROI,160,160,256,256,20.32,21.53,0.0,0.0,46.45,752.13,152.62,119.54,75.62,0.9501,21.1400,-10.3200,0.0000,0.0000,0.8744,0,-10.3200,-10.3853,-13.1231,3.4989,-12.5145,0.2223,POST_PH4_RE_RFB,-18.50,5.99,688.7,144.3,0.00,0,0,,1.929
1351,13:47:41.265,ROI,160,160,256,256,20.24,21.39,0.0,0.0,46.75,756.51,153.42,119.60,75.02,0.9102,20.0800,-10.0200,0.0000,0.0000,0.8971,0,-10.0200,-9.8495,-12.0435,3.5601,-11.5624,0.2193,POST_PH4_RE_RFB,-18.50,6.94,688.7,144.3,0.00,0,0,,1.976
1352,13:47:41.327,ROI,160,160,256,256,22.64,24.03,0.0,16.25,41.62,759.01,154.06,117.90,75.79,0.9433,19.7700,-10.2800,0.0000,0.0000,0.8634,0,-10.2800,-9.4389,-10.6559,3.5754,-10.3899,0.2186,POST_PH4_RE_RFB,-18.50,8.11,688.7,144.3,0.00,0,0,,2.041
1353,13:47:41.440,ROI,160,160,256,256,15.29,16.30,4.4,0.0,61.37,768.12,155.28,118.19,73.34,0.8310,18.2000,-13.7200,0.0000,0.0000,0.8986,0,-13.7200,-9.9577,-9.3311,3.6902,-9.4647,0.2132,POST_PH4_RE_RFB,-18.50,9.04,688.7,144.3,0.00,0,0,,2.146
1354,13:47:41.503,ROI,160,160,256,256,19.26,20.25,0.0,0.0,49.39,771.66,156.20,120.35,75.70,0.9136,19.0900,-12.2600,0.0000,0.0000,0.8789,0,-12.2600,-10.2315,-8.2379,3.7485,-8.6577,0.2106,POST_PH4_RE_RFB,-18.50,9.84,688.7,144.3,0.00,0,0,,2.213
1355,13:47:41.568,ROI,160,160,256,256,16.13,17.34,0.0,0.0,57.68,774.07,156.46,120.53,75.57,0.9542,20.3400,-11.6900,0.0000,0.0000,0.8876,0,-11.6900,-10.3233,-7.3677,3.7803,-7.9860,0.2092,POST_PH4_RE_RFB,-18.50,10.51,688.7,144.3,0.00,0,0,,2.275
1356,13:47:41.616,ROI,160,160,256,256,16.74,17.72,0.0,0.0,56.44,779.70,157.31,118.10,74.74,0.8905,19.6000,-11.0900,0.0000,0.0000,0.8965,0,-11.0900,-10.5254,-6.6767,3.8298,-7.4736,0.2070,POST_PH4_RE_RFB,-18.50,11.03,688.7,144.3,0.00,0,0,,2.324
1357,13:47:41.680,ROI,160,160,256,256,16.34,17.37,0.0,0.0,57.56,781.34,157.86,120.05,76.08,0.9557,18.9700,-9.7500,2.0300,-8.7100,0.8678,0,-9.7500,-10.2256,-6.2678,3.8485,-7.0841,0.2062,POST_PH4_RE_RFB,-18.50,11.42,688.7,144.3,0.00,0,0,,2.387
1358,13:47:41.745,ROI,160,160,256,256,16.02,17.10,8.25,22.85,58.46,787.00,158.41,117.78,75.22,0.8966,17.8200,-10.3400,0.0000,0.0000,0.8754,0,-10.3400,-10.1457,-6.0276,3.9231,-6.8641,0.2031,POST_PH4_RE_RFB,-18.50,11.64,688.7,144.3,0.00,0,0,,2.452
1359,13:47:41.792,ROI,160,160,256,256,16.09,17.04,0.0,0.0,58.69,788.07,159.55,117.79,74.86,0.9527,18.0500,-12.8500,0.0000,0.0000,0.8818,0,-12.8500,-10.7323,-6.0248,3.9545,-6.9749,0.2018,POST_PH4_RE_RFB,-18.50,11.53,688.7,144.3,0.00,0,0,,2.499
1360,13:47:41.920,ROI,160,160,256,256,15.70,16.73,0.0,23.35,59.77,796.85,160.06,121.15,75.57,0.8523,16.0400,-12.2600,0.0000,0.0000,0.8843,0,-12.2600,-11.3506,-6.1183,4.0502,-7.1544,0.1980,POST_PH4_RE_RFB,-18.50,11.35,688.7,144.3,0.00,0,0,,2.626
1361,13:47:41.968,ROI,160,160,256,256,11.82,12.74,0.0,0.0,78.49,799.17,160.61,121.23,76.37,0.9488,17.4100,-7.2500,0.0000,0.0000,0.8998,0,-7.2500,-10.3957,-6.3345,4.1154,-7.1284,0.1955,POST_PH4_RE_RFB,-18.50,11.37,688.7,144.3,0.00,0,0,,2.670
1362,13:47:42.031,ROI,160,160,256,256,13.50,14.55,0.0,0.0,68.74,802.94,160.61,118.82,75.81,0.9324,18.2000,-7.3500,0.0000,0.0000,0.8392,0,-7.3500,-9.6928,-6.6231,4.1311,-7.2213,0.1949,POST_PH4_RE_RFB,-18.50,11.28,688.7,144.3,0.00,0,0,,2.736
1363,13:47:42.079,ROI,160,160,256,256,14.59,15.76,0.0,24.8,63.46,805.41,161.12,118.54,74.37,0.9413,17.9500,-8.2300,0.0000,0.0000,0.8568,0,-8.2300,-9.1585,-7.0833,4.1044,-7.4898,0.1959,POST_PH4_RE_RFB,-18.50,11.01,688.7,144.3,0.00,0,0,,2.785
1364,13:47:42.144,ROI,160,160,256,256,19.86,21.00,0.0,37.2,47.61,810.15,161.34,118.75,73.01,0.9069,19.3000,-9.2200,0.0000,0.0000,0.8874,0,-9.2200,-8.9863,-7.6215,4.0721,-7.8906,0.1972,POST_PH4_RE_RFB,-18.50,10.61,688.7,144.3,0.00,0,0,,2.855
1365,13:47:42.208,ROI,160,160,256,256,14.28,15.19,9.05,25.725,65.85,811.54,162.68,119.89,73.28,0.9422,19.6900,-9.6700,0.0000,0.0000,0.8525,0,-9.6700,-8.8091,-8.1403,4.0460,-8.2728,0.1982,POST_PH4_RE_RFB,-18.50,10.23,688.7,144.3,0.00,0,0,,2.913
1366,13:47:42.256,ROI,160,160,256,256,13.76,14.91,11.85,0.0,67.05,817.51,163.14,122.03,71.82,0.8888,18.8900,-12.1300,0.0000,0.0000,0.9007,0,-12.1300,-9.4088,-8.5659,4.0716,-8.7321,0.1972,POST_PH4_RE_RFB,-18.50,9.77,688.7,144.3,0.00,0,0,,2.961
1367,13:47:42.385,ROI,160,160,256,256,17.80,18.94,0.0,0.0,52.79,823.46,163.72,122.69,74.93,0.8712,18.8300,-10.7400,0.0000,0.0000,0.8759,0,-10.7400,-9.6809,-8.8720,4.0979,-9.0307,0.1962,POST_PH4_RE_RFB,-18.50,9.47,688.7,144.3,0.00,0,0,,3.094
1368,13:47:42.432,ROI,160,160,256,256,19.21,20.46,0.0,0.0,48.88,826.84,164.47,123.87,77.73,0.9133,18.4700,-10.3300,0.0000,0.0000,0.8719,0,-10.3300,-9.6232,-9.0951,4.0728,-9.1992,0.1971,POST_PH4_RE_RFB,-18.50,9.30,688.7,144.3,0.00,0,0,,3.142
1369,13:47:42.496,ROI,160,160,256,256,17.16,18.32,0.0,21.325,54.60,831.18,165.84,123.12,78.00,0.9009,19.0400,-11.9300,0.0000,0.0000,0.8770,0,-11.9300,-9.8594,-9.2601,4.0580,-9.3786,0.1977,POST_PH4_RE_RFB,-18.50,9.12,688.7,144.3,0.00,0,0,,3.205
1370,13:47:42.561,ROI,160,160,256,256,19.17,20.45,0.0,0.0,48.90,832.65,166.92,121.41,79.22,0.9503,20.8300,-10.5500,0.0000,0.0000,0.8749,0,-10.5500,-9.8085,-9.3944,3.9655,-9.4778,0.2014,POST_PH4_RE_RFB,-18.50,9.02,688.7,144.3,0.00,0,0,,3.271
1371,13:47:42.608,ROI,160,160,256,256,15.99,17.01,0.0,0.0,58.79,835.36,165.94,121.09,77.42,0.9330,20.9500,-12.8600,0.0000,0.0000,0.9264,0,-12.8600,-10.6079,-9.4218,3.9433,-9.6617,0.2023,POST_PH4_RE_RFB,-18.50,8.84,688.7,144.3,0.00,0,0,,3.314
1372,13:47:42.672,ROI,160,160,256,256,17.56,18.67,0.0,0.0,53.56,839.59,167.75,122.59,80.67,0.8921,19.7100,-13.9200,0.0000,0.0000,0.8880,0,-13.9200,-11.4771,-9.4571,3.9303,-9.8669,0.2028,POST_PH4_RE_RFB,-18.50,8.63,688.7,144.3,0.00,0,0,,3.380
1373,13:47:42.736,ROI,160,160,256,256,17.55,18.39,8.575,0.0,54.38,840.60,167.94,121.81,79.95,0.9749,20.1300,-12.6100,0.0000,0.0000,0.9021,0,-12.6100,-11.9858,-9.4954,3.8407,-10.0099,0.2066,POST_PH4_RE_RFB,-18.50,8.49,688.7,144.3,0.00,0,0,,3.444
1374,13:47:42.784,ROI,160,160,256,256,16.84,18.04,0.0,0.0,55.43,843.89,169.06,123.12,80.29,0.9222,20.3100,-13.5600,0.0000,0.0000,0.9149,0,-13.5600,-12.6061,-9.5601,3.7834,-10.1968,0.2091,POST_PH4_RE_RFB,-18.50,8.30,688.7,144.3,0.00,0,0,,3.492
1375,13:47:42.912,ROI,160,160,256,256,13.16,14.21,0.0,0.0,70.38,847.27,169.27,122.86,79.52,0.9376,19.1700,-14.3900,0.0000,0.0000,0.9250,0,-14.3900,-13.2040,-9.6800,3.6843,-10.4323,0.2135,POST_PH4_RE_RFB,-18.50,8.07,688.7,144.3,0.00,0,0,,3.616
1376,13:47:42.960,ROI,160,160,256,256,13.26,14.33,0.0,27.275,69.76,848.07,169.22,124.08,79.71,0.9848,19.9600,-11.4500,0.0000,0.0000,0.8861,0,-11.4500,-13.1844,-9.8046,3.5719,-10.5439,0.2187,POST_PH4_RE_RFB,-18.50,7.96,688.7,144.3,0.00,0,0,,3.664
1377,13:47:43.023,ROI,160,160,256,256,15.51,16.65,7.875,23.475,60.07,849.98,169.59,124.54,80.48,0.9606,19.4400,-13.2300,0.0000,0.0000,0.8972,0,-13.2300,-13.7885,-10.0442,3.3906,-10.8970,0.2278,POST_PH4_RE_RFB,-18.50,7.60,688.7,144.3,0.00,0,0,,3.730
1378,13:47:43.088,ROI,160,160,256,256,13.09,14.25,8.2,0.0,70.18,850.97,169.69,125.01,80.50,0.9820,19.7800,-13.8100,0.0000,0.0000,0.9005,0,-13.8100,-14.4391,-10.2879,3.2681,-11.2605,0.2343,POST_PH4_RE_RFB,-18.50,7.24,688.7,144.3,0.00,0,0,,3.792
1379,13:47:43.137,ROI,160,160,256,256,14.19,15.34,0.0,25.475,65.19,852.30,169.43,124.69,80.08,0.9727,19.7400,-14.4400,0.0000,0.0000,0.9119,0,-14.4400,-14.6347,-10.5333,3.1011,-11.5334,0.2438,POST_PH4_RE_RFB,-18.50,6.97,688.7,144.3,0.00,0,0,,3.842
1380,13:47:43.200,ROI,160,160,256,256,16.29,17.48,0.0,22.35,57.20,852.53,169.59,124.13,80.29,0.9916,20.0100,-13.7800,0.0000,0.0000,0.9097,0,-13.7800,-14.5803,-10.7264,2.8999,-11.7146,0.2564,POST_PH4_RE_RFB,-18.50,6.79,688.7,144.3,0.00,0,0,,3.907
1381,13:47:43.248,ROI,160,160,256,256,13.96,15.30,0.0,0.0,65.36,853.07,169.48,124.29,79.82,0.9856,19.7400,-14.5600,0.0000,0.0000,0.9080,0,-14.5600,-14.6705,-10.8970,2.6532,-11.9299,0.2737,POST_PH4_RE_RFB,-18.50,6.57,688.7,144.3,0.00,0,0,,3.953
1382,13:47:43.377,ROI,160,160,256,256,13.35,14.48,3.425,27.0,69.08,853.62,169.75,123.39,79.97,0.9844,19.8700,-13.9100,0.0000,0.0000,0.9116,0,-13.9100,-14.6265,-10.9798,2.4092,-12.0495,0.2933,POST_PH4_RE_RFB,-18.50,6.45,688.7,144.3,0.00,0,0,,4.081
1383,13:47:43.425,ROI,160,160,256,256,14.57,15.55,0.0,25.15,64.33,853.78,169.83,123.46,80.05,0.9954,19.7500,-14.1000,0.0000,0.0000,0.9147,0,-14.1000,-14.5892,-11.0729,2.1084,-12.2041,0.3217,POST_PH4_RE_RFB,-18.50,6.30,688.7,144.3,0.00,0,0,,4.131
1384,13:47:43.487,ROI,160,160,256,256,12.77,13.87,0.0,0.0,72.12,853.88,169.82,123.73,80.18,0.9962,19.6700,-14.0500,0.0000,0.0000,0.9136,0,-14.0500,-14.7373,-11.0789,1.8376,-12.3682,0.3524,POST_PH4_RE_RFB,-18.50,6.13,688.7,144.3,0.00,0,0,,4.191
1385,13:47:43.553,ROI,160,160,256,256,13.54,14.66,0.0,26.65,68.23,853.51,169.98,123.55,80.18,0.9901,19.9700,-13.1700,0.0000,0.0000,0.9162,0,-13.1700,-14.5171,-10.9299,1.6016,-12.3087,0.3844,POST_PH4_RE_RFB,-18.50,6.19,688.7,144.3,0.00,0,0,,4.257
1386,13:47:43.600,ROI,160,160,256,256,17.90,19.36,0.0,0.0,51.66,852.98,169.75,122.78,80.21,0.9860,20.1200,-12.4200,0.0000,0.0000,0.9120,0,-12.4200,-14.0553,-10.5983,1.3605,-12.0629,0.4236,POST_PH4_RE_RFB,-18.50,6.44,688.7,144.3,0.00,0,0,,4.310
1387,13:47:43.664,ROI,160,160,256,256,18.62,19.75,8.9,0.0,50.64,851.54,169.37,122.78,80.43,0.9675,20.5400,-12.4600,0.0000,0.0000,0.8953,0,-12.4600,-13.7427,-10.1379,1.1267,-11.8330,0.4702,POST_PH4_RE_RFB,-18.50,6.67,688.7,144.3,0.00,0,0,,4.373
1388,13:47:43.727,ROI,160,160,256,256,24.19,25.47,0.0,0.0,39.26,850.63,169.51,122.53,79.97,0.9797,21.5300,-13.6800,0.0000,0.0000,0.9181,0,-13.6800,-13.5172,-9.7932,0.8665,-11.7884,0.5358,POST_PH4_RE_RFB,-18.50,6.71,688.7,144.3,0.00,0,0,,4.442
1389,13:47:43.841,ROI,160,160,256,256,16.72,17.68,0.0,0.0,56.56,847.82,169.90,122.21,80.16,0.9462,19.8800,-12.2700,0.0000,0.0000,0.9111,0,-12.2700,-13.2049,-9.3268,0.5709,-11.7955,0.6366,POST_PH4_RE_RFB,-18.50,6.70,688.7,144.3,0.00,0,0,,4.548
1390,13:47:43.905,ROI,160,160,256,256,14.25,15.39,0.0,0.0,64.99,845.88,168.74,123.68,80.72,0.9419,19.9900,-13.7000,0.0000,0.0000,0.9035,0,-13.7000,-13.3133,-8.7260,0.2993,-12.2567,0.7697,POST_PH4_RE_RFB,-18.50,6.24,688.7,144.3,0.00,0,0,,4.610
1391,13:47:43.952,ROI,160,160,256,256,15.55,16.78,0.0,23.275,59.58,844.50,168.19,122.46,78.86,0.9555,20.2700,-12.8900,0.0000,0.0000,0.9146,0,-12.8900,-13.1143,3.3597,0.0171,-12.8372,0.9832,POST_PH4_RE_RFB,-18.50,5.66,688.7,144.3,0.00,0,0,,4.658
1392,13:47:44.016,ROI,160,160,256,256,15.26,16.38,0.0,0.0,61.06,843.15,168.45,122.74,79.47,0.9708,20.3100,-12.5100,0.0000,0.0000,0.8930,0,-12.5100,-12.9382,2.5058,0.2447,-9.9023,0.8034,POST_PH4_RE_RFB,-18.50,8.60,688.7,144.3,0.00,0,0,,4.722
1393,13:47:44.063,ROI,160,160,256,256,15.07,16.02,0.0,24.375,62.42,840.06,168.42,122.98,80.10,0.9436,20.8800,-10.2700,0.0000,0.0000,0.8775,0,-10.2700,-12.4142,2.0178,0.4846,-7.7036,0.6736,POST_PH4_RE_RFB,-18.50,10.80,688.7,144.3,0.00,0,0,,4.769
1394,13:47:44.127,ROI,160,160,256,256,23.81,25.25,0.0,0.0,39.61,838.46,167.28,121.90,80.29,0.9475,20.0100,-12.5500,0.0000,0.0000,0.9149,0,-12.5500,-12.1025,1.2863,0.7244,-6.4782,0.5799,POST_PH4_RE_RFB,-18.50,12.02,688.7,144.3,0.00,0,0,,4.842
1395,13:47:44.241,ROI,160,160,256,256,20.20,21.23,4.45,18.4,47.10,832.32,167.03,121.41,80.85,0.8979,19.9600,-12.2900,0.0000,0.0000,0.9006,0,-12.2900,-11.9161,0.5342,1.0133,-5.6497,0.4967,POST_PH4_RE_RFB,-18.50,12.85,688.7,144.3,0.00,0,0,,4.952
1396,13:47:44.303,ROI,160,160,256,256,13.21,14.30,0.0,0.0,69.94,828.56,164.55,122.32,75.30,0.8776,19.6100,-10.4700,0.0000,0.0000,0.9085,0,-10.4700,-11.4381,-0.5619,1.3175,-5.2550,0.4315,POST_PH4_RE_RFB,-18.50,13.24,688.7,144.3,0.00,0,0,,5.007
1397,13:47:44.368,ROI,160,160,256,256,13.49,14.66,0.0,0.0,68.23,824.70,165.17,123.23,75.15,0.9243,20.1800,-12.7600,0.0000,0.0000,0.8779,0,-12.7600,-11.5574,-1.7611,1.6147,-5.5078,0.3825,POST_PH4_RE_RFB,-18.50,12.99,688.7,144.3,0.00,0,0,,5.072
1398,13:47:44.416,ROI,160,160,256,256,14.38,15.52,0.0,0.0,64.42,821.50,163.54,123.20,71.34,0.9024,19.0700,-12.2200,0.0000,0.0000,0.9051,0,-12.2200,-11.5223,-3.1300,1.9094,-6.0145,0.3437,POST_PH4_RE_RFB,-18.50,12.49,688.7,144.3,0.00,0,0,,5.121
1399,13:47:44.480,ROI,160,160,256,256,14.09,14.99,8.075,0.0,66.72,818.65,162.74,122.45,72.90,0.9341,18.5400,-13.5000,0.0000,0.0000,0.8853,0,-13.5000,-11.8632,-4.6539,2.1809,-6.9203,0.3144,POST_PH4_RE_RFB,-18.50,11.58,688.7,144.3,0.00,0,0,,5.184
1400,13:47:44.543,ROI,160,160,256,256,13.65,14.64,8.0,0.0,68.30,812.86,162.22,119.90,70.27,0.8773,19.0600,-12.5400,0.0000,0.0000,0.8790,0,-12.5400,-11.9540,-6.1933,2.4700,-7.8535,0.2882,POST_PH4_RE_RFB,-18.50,10.65,688.7,144.3,0.00,0,0,,5.248
1401,13:47:44.591,ROI,160,160,256,256,13.21,14.33,11.725,0.0,69.79,810.85,162.86,120.18,72.48,0.9379,19.7500,-11.0300,0.0000,0.0000,0.8791,0,-11.0300,-11.7809,-7.7015,2.7029,-8.8032,0.2701,POST_PH4_RE_RFB,-18.50,9.70,688.7,144.3,0.00,0,0,,5.295
1402,13:47:44.719,ROI,160,160,256,256,11.83,12.73,0.0,0.0,78.58,804.51,161.25,119.44,74.13,0.8627,19.1100,-13.5800,0.0000,0.0000,0.9193,0,-13.5800,-12.1781,-9.1936,2.9587,-9.9475,0.2526,POST_PH4_RE_RFB,-18.50,8.55,688.7,144.3,0.00,0,0,,5.422
1403,13:47:44.767,ROI,160,160,256,256,13.80,14.92,10.975,0.0,67.04,802.19,161.00,119.04,74.34,0.9556,18.5400,-9.1500,0.0000,0.0000,0.8751,0,-9.1500,-11.5789,-10.6088,3.1584,-10.8421,0.2405,POST_PH4_RE_RFB,-18.50,7.66,688.7,144.3,0.00,0,0,,5.472
1404,13:47:44.832,ROI,160,160,256,256,19.48,20.73,7.8,0.0,48.24,798.11,160.65,123.36,77.01,0.9029,18.1500,-11.5500,0.0000,0.0000,0.8944,0,-11.5500,-11.4582,-11.9038,3.3331,-11.8010,0.2308,POST_PH4_RE_RFB,-18.50,6.70,688.7,144.3,0.00,0,0,,5.543
1405,13:47:44.881,ROI,160,160,256,256,23.27,24.59,14.025,0.0,40.67,797.12,160.35,123.63,76.85,0.9766,16.8300,-9.8000,0.0000,0.0000,0.8607,0,-9.8000,-10.9991,-13.1026,3.4404,-12.6289,0.2252,POST_PH4_RE_RFB,-18.50,5.87,688.7,144.3,0.00,0,0,,5.595
1406,13:47:44.944,ROI,160,160,256,256,19.21,20.45,0.0,0.0,48.89,792.09,159.41,121.90,77.55,0.8999,17.4200,-9.6200,0.0000,0.0000,0.8812,0,-9.6200,-10.6853,-14.2931,3.5405,-13.4985,0.2202,POST_PH4_RE_RFB,-18.50,5.00,688.7,144.3,0.00,0,0,,5.654
1407,13:47:45.008,ROI,160,160,256,256,22.07,23.15,0.0,0.0,43.20,788.40,160.04,119.50,74.83,0.9083,18.1500,-10.6300,0.0000,0.0000,0.8650,0,-10.6300,-10.4927,-15.2572,3.6329,-14.2288,0.2158,POST_PH4_RE_RFB,-18.50,4.27,688.7,144.3,0.00,0,0,,5.721
1408,13:47:45.057,ROI,160,160,256,256,19.45,20.67,0.0,56.725,48.38,784.02,159.39,119.23,75.22,0.9138,17.6700,-12.8400,0.0000,0.0000,0.8987,0,-12.8400,-10.9402,-16.0161,3.7203,-14.9408,0.2118,POST_PH4_RE_RFB,-18.50,3.56,688.7,144.3,0.00,0,0,,5.768
1409,13:47:45.186,ROI,160,160,256,256,17.22,18.40,0.0,0.0,54.35,776.46,156.17,120.18,74.83,0.8127,18.3100,-10.0000,0.0000,0.0000,0.8817,0,-10.0000,-10.7315,-10.5259,3.8470,-10.5683,0.2063,POST_PH4_RE_RFB,-18.50,7.93,688.7,144.3,0.00,0,0,,5.894
1410,13:47:45.233,ROI,160,160,256,256,18.88,20.29,0.0,19.25,49.28,773.58,156.77,120.67,76.96,0.9275,19.7700,-9.6500,0.0000,0.0000,0.8639,0,-9.6500,-10.4596,-10.4150,3.9045,-10.4241,0.2039,POST_PH4_RE_RFB,-18.50,8.08,688.7,144.3,0.00,0,0,,5.943
1411,13:47:45.297,ROI,160,160,256,256,13.79,14.89,8.925,0.0,67.14,771.51,156.22,120.82,76.53,0.9529,19.5000,-10.5400,0.0000,0.0000,0.8811,0,-10.5400,-10.1712,-10.0148,3.9140,-10.0466,0.2035,POST_PH4_RE_RFB,-18.50,8.45,688.7,144.3,0.00,0,0,,6.002
1412,13:47:45.359,ROI,160,160,256,256,13.22,14.37,0.0,0.0,69.59,766.76,155.63,121.90,78.62,0.9008,19.4300,-12.6900,0.0000,0.0000,0.8910,0,-12.6900,-10.5715,-9.6481,3.8981,-9.8366,0.2042,POST_PH4_RE_RFB,-18.50,8.66,688.7,144.3,0.00,0,0,,6.063
1413,13:47:45.409,ROI,160,160,256,256,13.28,14.47,0.0,0.0,69.12,763.76,155.35,119.71,77.86,0.9424,19.7800,-9.9300,0.0000,0.0000,0.8678,0,-9.9300,-10.3754,-9.1435,3.9049,-9.3947,0.2039,POST_PH4_RE_RFB,-18.50,9.11,688.7,144.3,0.00,0,0,,6.114
1414,13:47:45.472,ROI,160,160,256,256,14.55,15.78,8.1,24.775,63.39,758.50,154.78,120.80,78.54,0.9034,19.0900,-11.4000,0.0000,0.0000,0.8559,0,-11.4000,-10.3195,-8.7798,3.9411,-9.0914,0.2024,POST_PH4_RE_RFB,-18.50,9.41,688.7,144.3,0.00,0,0,,6.178
1415,13:47:45.519,ROI,160,160,256,256,14.27,15.58,0.0,0.0,64.19,756.11,154.02,117.63,75.22,0.9202,19.7900,-10.3800,0.0000,0.0000,0.8862,0,-10.3800,-10.2929,-8.4200,3.9477,-8.7985,0.2021,POST_PH4_RE_RFB,-18.50,9.70,688.7,144.3,0.00,0,0,,6.225
1416,13:47:45.585,ROI,160,160,256,256,13.65,14.73,0.0,0.0,67.87,752.43,153.50,118.96,77.18,0.9163,19.7900,-10.7300,0.0000,0.0000,0.8796,0,-10.7300,-10.3196,-8.1779,3.9429,-8.6112,0.2023,POST_PH4_RE_RFB,-18.50,9.89,688.7,144.3,0.00,0,0,,6.289
1417,13:47:45.696,ROI,160,160,256,256,14.63,15.70,0.0,24.875,63.69,745.46,153.18,120.11,76.67,0.8826,19.4000,-10.1400,0.0000,0.0000,0.8573,0,-10.1400,-10.3940,-8.0527,3.9736,-8.5234,0.2011,POST_PH4_RE_RFB,-18.50,9.98,688.7,144.3,0.00,0,0,,6.401
1418,13:47:45.760,ROI,160,160,256,256,13.93,15.03,8.1,0.0,66.55,742.62,150.98,118.70,76.29,0.9015,20.3100,-12.5700,0.0000,0.0000,0.9010,0,-12.5700,-10.9181,-8.0808,4.0207,-8.6459,0.1992,POST_PH4_RE_RFB,-18.50,9.85,688.7,144.3,0.00,0,0,,6.465
1419,13:47:45.823,ROI,160,160,256,256,14.12,15.19,0.0,25.725,65.85,736.50,152.66,121.14,78.54,0.8663,19.7000,-10.9300,0.0000,0.0000,0.8417,0,-10.9300,-10.9381,-8.0221,4.0599,-8.5984,0.1976,POST_PH4_RE_RFB,-18.50,9.90,688.7,144.3,0.00,0,0,,6.528
1420,13:47:45.872,ROI,160,160,256,256,16.15,17.30,11.625,22.575,57.80,735.95,151.68,117.60,76.66,0.9467,20.6900,-10.7100,0.0000,0.0000,0.8815,0,-10.7100,-11.1982,-7.9958,4.0838,-8.6258,0.1967,POST_PH4_RE_RFB,-18.50,9.87,688.7,144.3,0.00,0,0,,6.579
1421,13:47:45.935,ROI,160,160,256,256,13.41,14.58,0.0,0.0,68.59,733.08,151.88,117.52,75.87,0.9428,20.4700,-9.5200,0.0000,0.0000,0.8710,0,-9.5200,-10.7729,-7.9566,4.0599,-8.5132,0.1976,POST_PH4_RE_RFB,-18.50,9.99,688.7,144.3,0.00,0,0,,6.640
1422,13:47:46.000,ROI,160,160,256,256,19.42,20.48,0.0,19.075,48.83,730.14,149.93,117.62,77.81,0.9051,21.3900,-12.1900,0.0000,0.0000,0.8941,0,-12.1900,-11.1543,-7.9695,4.0283,-8.6029,0.1989,POST_PH4_RE_RFB,-18.50,9.90,688.7,144.3,0.00,0,0,,6.710
1423,13:47:46.048,ROI,160,160,256,256,24.13,25.35,0.0,0.0,39.44,727.25,150.73,117.76,80.34,0.9228,22.4000,-12.0000,0.0000,0.0000,0.8980,0,-12.0000,-11.2911,-7.9839,3.9230,-8.6557,0.2031,POST_PH4_RE_RFB,-18.50,9.84,688.7,144.3,0.00,0,0,,6.763
1424,13:47:46.176,ROI,160,160,256,256,20.66,21.78,3.775,17.925,45.91,721.56,150.16,116.62,77.57,0.8774,21.6300,-13.5200,0.0000,0.0000,0.9124,0,-13.5200,-11.6804,-7.9970,3.8725,-8.7530,0.2052,POST_PH4_RE_RFB,-18.50,9.75,688.7,144.3,0.00,0,0,,6.888
1425,13:47:46.225,ROI,160,160,256,256,21.26,22.46,14.525,17.4,44.53,717.26,148.45,116.70,77.76,0.8901,21.0300,-15.9900,0.0000,0.0000,0.9073,0,-15.9900,-12.6190,-7.9369,3.8242,-8.9074,0.2073,POST_PH4_RE_RFB,-18.50,9.59,688.7,144.3,0.00,0,0,,6.937
1426,13:47:46.288,ROI,160,160,256,256,17.90,19.15,9.625,0.0,52.23,714.82,148.62,116.21,79.10,0.9432,22.8600,-17.2500,0.0000,0.0000,0.9071,0,-17.2500,-13.9671,-7.7858,3.7559,-9.0855,0.2103,POST_PH4_RE_RFB,-18.50,9.41,688.7,144.3,0.00,0,0,,6.997
1427,13:47:46.352,ROI,160,160,256,256,20.79,22.16,8.775,17.625,45.12,710.03,147.57,115.79,78.85,0.8973,20.5600,-17.4500,0.0000,0.0000,0.9004,0,-17.4500,-14.9632,-7.7620,3.7841,-9.2672,0.2090,POST_PH4_RE_RFB,-18.50,9.23,688.7,144.3,0.00,0,0,,7.064
1428,13:47:46.401,ROI,160,160,256,256,20.06,21.33,0.0,18.325,46.88,707.70,147.24,115.07,79.04,0.9525,21.3800,-17.4800,0.0000,0.0000,0.9055,0,-17.4800,-15.7958,-7.7573,3.7699,-9.4426,0.2096,POST_PH4_RE_RFB,-18.50,9.06,688.7,144.3,0.00,0,0,,7.112
1429,13:47:46.464,ROI,160,160,256,256,17.79,19.01,9.425,20.55,52.61,703.50,146.73,115.23,77.36,0.9106,20.0800,-21.0800,0.0000,0.0000,0.8572,0,-21.0800,-17.3268,-7.7665,3.7341,-9.7859,0.2112,POST_PH4_RE_RFB,-18.50,8.71,688.7,144.3,0.00,0,0,,7.173
1430,13:47:46.513,ROI,160,160,256,256,24.51,25.94,0.0,0.0,38.55,701.82,145.31,114.03,75.36,0.9361,21.7900,-19.9000,0.0000,0.0000,0.9173,0,-19.9000,-18.6702,-7.8626,3.6833,-10.1703,0.2135,POST_PH4_RE_RFB,-18.50,8.33,688.7,144.3,0.00,0,0,,7.228
1431,13:47:46.641,ROI,160,160,256,256,21.20,22.58,0.0,0.0,44.29,698.10,143.34,116.42,77.38,0.8915,19.6800,-21.1900,0.0000,0.0000,0.9010,0,-21.1900,-19.8446,-8.0744,3.6256,-10.6189,0.2162,POST_PH4_RE_RFB,-18.50,7.88,688.7,144.3,0.00,0,0,,7.354
1432,13:47:46.690,ROI,160,160,256,256,25.16,26.37,0.0,29.675,37.92,696.53,143.61,115.86,77.30,0.9665,21.2400,-18.6600,0.0000,0.0000,0.8962,0,-18.6600,-20.4668,-8.3804,3.5608,-11.0305,0.2193,POST_PH4_RE_RFB,-18.50,7.47,688.7,144.3,0.00,0,0,,7.406
1433,13:47:46.752,ROI,160,160,256,256,18.48,19.77,0.0,0.0,50.58,694.37,142.50,115.71,79.14,0.9370,20.7800,-20.3500,0.0000,0.0000,0.8963,0,-20.3500,-21.1943,-8.8160,3.4557,-11.5941,0.2244,POST_PH4_RE_RFB,-18.50,6.91,688.7,144.3,0.00,0,0,,7.461
1434,13:47:46.815,ROI,160,160,256,256,25.95,27.14,0.0,0.0,36.85,692.93,142.10,114.94,79.34,0.9655,20.0900,-20.6000,0.0000,0.0000,0.8931,0,-20.6000,-21.8370,-9.4045,3.3208,-12.2819,0.2314,POST_PH4_RE_RFB,-18.50,6.22,688.7,144.3,0.00,0,0,,7.532
1435,13:47:46.865,ROI,160,160,256,256,18.31,19.50,0.0,0.0,51.27,691.41,142.26,115.12,78.42,0.9627,20.6400,-19.4900,0.0000,0.0000,0.9028,0,-19.4900,-22.0137,-10.0384,3.2222,-12.8747,0.2368,POST_PH4_RE_RFB,-18.50,5.63,688.7,144.3,0.00,0,0,,7.574
1436,13:47:46.928,ROI,160,160,256,256,12.23,13.12,9.025,0.0,76.19,690.94,142.27,115.36,78.00,0.9866,20.1200,-19.9500,0.0000,0.0000,0.9001,0,-19.9500,-22.3905,-10.8724,3.0817,-13.6942,0.2450,POST_PH4_RE_RFB,-18.50,4.81,688.7,144.3,0.00,0,0,,7.631
1437,13:47:47.105,ROI,160,160,256,256,15.54,16.57,7.125,23.575,60.34,689.07,141.41,115.79,78.96,0.9475,20.6800,-19.2800,0.0000,0.0000,0.9002,0,-19.2800,-22.3185,-11.6342,2.9788,-14.3195,0.2513,POST_PH4_RE_RFB,-18.50,4.18,688.7,144.3,0.00,0,0,,7.812
1438,13:47:47.151,ROI,160,160,256,256,13.88,14.82,0.0,0.0,67.49,688.65,141.53,115.17,77.54,0.9748,22.0500,-19.0500,0.0000,0.0000,0.9177,0,-19.0500,-22.0285,-12.4145,2.7970,-14.9465,0.2634,POST_PH4_SETTLING,-18.50,3.55,688.7,144.3,0.00,0,0,,7.856
1439,13:47:47.216,ROI,160,160,256,256,21.66,22.88,0.0,0.0,43.71,688.53,141.59,115.18,78.51,0.9855,22.0900,-18.7500,0.0000,0.0000,0.9149,0,-18.7500,-21.3986,-13.1285,2.5710,-15.4444,0.2800,POST_PH4_SETTLING,-18.50,3.06,688.7,144.3,0.00,0,0,,7.929
1440,13:47:47.280,ROI,160,160,256,256,20.53,21.76,0.0,17.95,45.97,688.51,141.62,115.17,78.48,0.9989,22.0100,-18.6600,0.0000,0.0000,0.9169,0,-18.6600,-20.8850,-13.9372,2.3163,-16.0322,0.3015,POST_PH4_SETTLING,-18.50,2.47,688.7,144.3,0.00,0,0,,7.992
1441,13:47:47.328,ROI,160,160,256,256,24.16,25.40,14.675,15.375,39.36,688.56,141.67,115.23,78.69,0.9965,22.0800,-18.5700,0.0000,0.0000,0.9163,0,-18.5700,-20.2183,-14.6992,2.0243,-16.5241,0.3307,POST_PH4_SETTLING,-18.50,1.98,688.7,144.3,0.00,0,0,,8.044
1442,13:47:47.458,ROI,160,160,256,256,24.05,25.34,11.3,30.825,39.47,688.50,141.69,115.34,78.56,0.9973,22.1100,-18.4400,0.0000,0.0000,0.9156,0,-18.4400,-19.5787,-15.3242,1.7619,-16.8646,0.3621,POST_PH4_SETTLING,-18.50,1.64,688.7,144.3,0.00,0,0,,8.173
1443,13:47:47.506,ROI,160,160,256,256,22.51,23.85,50.9,16.375,41.94,688.45,141.59,115.38,78.46,0.9967,22.0200,-18.3900,0.0000,0.0000,0.9143,0,-18.3900,-19.1169,-15.9047,1.5207,-17.1791,0.3967,POST_PH4_SETTLING,-18.50,1.32,688.7,144.3,0.00,0,0,,8.220
1444,13:47:47.568,ROI,160,160,256,256,21.30,22.69,20.375,17.225,44.07,688.46,141.54,115.41,78.35,0.9983,22.0500,-18.4400,0.0000,0.0000,0.9157,0,-18.4400,-18.7633,-16.3277,1.2634,-17.4038,0.4418,POST_PH4_SETTLING,-18.50,1.10,688.7,144.3,0.00,0,0,,8.281
1445,13:47:47.633,ROI,160,160,256,256,31.72,32.92,46.0,23.725,30.38,688.46,141.54,115.36,78.42,0.9988,21.9200,-18.5000,0.0000,0.0000,0.9155,0,-18.5000,-18.4233,-16.6193,1.0459,-17.5011,0.4888,POST_PH4_SETTLING,-18.50,1.00,688.7,144.3,0.00,0,0,,8.356
1446,13:47:47.682,ROI,160,160,256,256,17.13,18.40,24.375,21.225,54.36,688.45,141.54,115.36,78.24,0.9975,21.8400,-18.5100,0.0000,0.0000,0.9148,0,-18.5100,-18.0702,-16.6554,0.8283,-17.4293,0.5470,POST_PH4_SETTLING,-18.50,1.07,688.7,144.3,0.00,0,0,,8.390
1447,13:47:47.746,ROI,160,160,256,256,18.43,19.61,17.275,0.0,50.98,688.45,141.54,115.42,78.37,0.9978,21.7700,-18.4300,0.0000,0.0000,0.9137,0,-18.4300,-18.0827,-16.1492,0.6520,-17.3196,0.6053,POST_PH4_SETTLING,-18.50,1.18,688.7,144.3,0.00,0,0,,8.455
1448,13:47:47.794,ROI,160,160,256,256,29.01,30.39,13.775,0.0,32.91,688.46,141.59,115.28,78.29,0.9975,21.5400,-18.4900,0.0000,0.0000,0.9142,0,-18.4900,-18.0229,-15.2385,0.4816,-17.1178,0.6749,POST_PH4_SETTLING,-18.50,1.38,688.7,144.3,0.00,0,0,,8.514
