frame_id,timestamp,mode,input_width,input_height,roi_w,roi_h,inf_time_ms,end_to_end_time_ms,cpu_load_pct,end_to_end_cpu_load_pct,fps,x_center,y_center,width,height,iou_prev_bbox,group1_magnitude,group1_angle,group2_magnitude,group2_angle,best_conf,tracking_lost,raw_angle,model_angle_smooth,trajectory_angle_smooth,estimated_speed,fused_angle,fused_weight_x,pid_mode,target_angle,angle_error,target_x,target_y,distance_error,ble_speed_left,ble_speed_right,post_ph4_spin_elapsed_s,post_ph4_re_rfb_elapsed_s
3617,15:52:16.004,ROI,160,160,416,416,16.31,17.28,21.15,0.0,57.86,951.29,590.10,198.93,160.00,0.9968,15.1000,149.0500,0.0000,0.0000,0.7755,0,149.0500,508.5124,445.7177,0.0645,504.7050,0.9394,PHASE_1_ALIGNING,122.48,22.22,631.9,88.4,594.74,667,-667,,
3618,15:52:16.029,ROI,160,160,416,416,13.89,14.77,0.0,0.0,67.70,951.49,590.03,198.64,160.21,0.9966,15.1000,148.8600,0.0000,0.0000,0.7732,0,148.8600,508.4950,443.6388,0.0423,505.8611,0.9594,PHASE_1_ALIGNING,122.50,23.36,631.9,88.4,594.78,701,-701,,
3619,15:52:16.092,ROI,160,160,416,416,14.26,15.01,8.0,0.0,66.64,951.42,589.95,198.67,159.80,0.9966,15.0300,149.0400,0.0000,0.0000,0.7775,0,149.0400,508.6555,446.5179,0.0252,507.1256,0.9754,PHASE_1_ALIGNING,122.50,24.63,631.9,88.4,594.68,739,-739,,
3620,15:52:16.159,ROI,160,160,416,416,19.10,20.27,0.0,0.0,49.33,951.44,589.87,198.72,160.13,0.9976,15.0400,148.8100,0.0000,0.0000,0.7756,0,148.8100,508.7404,463.3066,0.0082,508.3718,0.9919,PHASE_1_ALIGNING,122.51,25.87,631.9,88.4,594.63,776,-776,,
3621,15:52:16.206,ROI,160,160,416,416,16.92,17.78,0.0,0.0,56.25,951.34,589.95,198.61,159.74,0.9965,14.9600,149.0500,0.0000,0.0000,0.7762,0,149.0500,508.8469,458.4451,0.0100,508.3484,0.9901,PHASE_1_ALIGNING,122.49,25.86,631.9,88.4,594.64,776,-776,,
3622,15:52:16.270,ROI,160,160,416,416,15.52,16.34,0.0,0.0,61.21,951.34,590.03,198.90,159.90,0.9976,14.9800,148.8300,0.0000,0.0000,0.7726,0,148.8300,508.8626,455.9156,0.0131,508.1770,0.9871,PHASE_1_ALIGNING,122.49,25.69,631.9,88.4,594.70,771,-771,,
3623,15:52:16.334,ROI,160,160,416,416,16.19,17.23,0.0,0.0,58.05,951.36,590.08,199.03,159.85,0.9987,14.9500,148.8900,0.0000,0.0000,0.7692,0,148.8900,508.8622,453.9011,0.0173,507.9264,0.9830,PHASE_1_ALIGNING,122.49,25.44,631.9,88.4,594.76,763,-763,,
3624,15:52:16.381,ROI,160,160,416,416,14.54,15.51,0.0,0.0,64.46,951.65,589.92,198.69,159.98,0.9952,15.0900,149.0100,0.0000,0.0000,0.7701,0,149.0100,508.8551,455.4107,0.0201,507.8003,0.9803,PHASE_1_ALIGNING,122.52,25.28,631.9,88.4,594.78,758,-758,,
3625,15:52:16.510,ROI,160,160,416,416,22.86,23.96,3.45,16.3,41.74,951.55,590.29,197.37,160.94,0.9874,14.4700,146.7400,0.0000,0.0000,0.7655,0,146.7400,508.4201,458.8584,0.0258,507.1746,0.9749,PHASE_1_ALIGNING,122.49,24.68,631.9,88.4,595.03,740,-740,,
3626,15:52:16.557,ROI,160,160,416,416,18.43,19.39,16.95,0.0,51.57,951.65,590.42,194.58,160.26,0.9818,14.1900,146.0700,0.0000,0.0000,0.7562,0,146.0700,507.9438,463.1821,0.0288,506.6888,0.9720,PHASE_1_ALIGNING,122.49,24.19,631.9,88.4,595.20,726,-726,,
3627,15:52:16.620,ROI,160,160,416,416,14.12,14.89,0.0,0.0,67.17,952.64,591.40,193.52,160.89,0.9778,14.4500,145.2000,0.0000,0.0000,0.7747,0,145.2000,507.3539,469.8583,0.0558,505.3713,0.9471,PHASE_1_ALIGNING,122.52,22.85,631.9,88.4,596.56,685,-685,,
3628,15:52:16.670,ROI,160,160,416,416,13.88,14.71,0.0,0.0,67.98,953.27,590.94,193.00,163.59,0.9771,15.1200,143.1700,0.0000,0.0000,0.7974,0,143.1700,506.3281,478.9075,0.0791,504.3183,0.9267,PHASE_1_ALIGNING,122.60,21.72,631.9,88.4,596.51,652,-652,,
3629,15:52:16.734,ROI,160,160,416,416,16.06,17.11,0.0,0.0,58.44,952.32,592.03,197.26,163.46,0.9656,15.2600,141.8200,0.0000,0.0000,0.7866,0,141.8200,505.1093,483.6928,0.1016,503.1345,0.9078,PHASE_1_ALIGNING,122.47,20.67,631.9,88.4,596.92,620,-620,,
3630,15:52:16.797,ROI,160,160,416,416,14.23,15.00,0.0,0.0,66.66,954.86,590.34,193.34,169.08,0.9427,15.8700,139.5500,0.0000,0.0000,0.8258,0,139.5500,503.5477,488.0127,0.1360,501.6884,0.8803,PHASE_2_DRIVING,122.76,18.93,631.9,88.4,596.86,2000,1363,,
3631,15:52:16.845,ROI,160,160,416,416,11.39,12.18,11.825,0.0,82.09,952.65,590.81,192.82,174.59,0.9469,16.2200,134.8400,0.0000,0.0000,0.8373,0,134.8400,501.2122,493.3084,0.1414,500.2333,0.8761,PHASE_2_DRIVING,122.56,17.68,631.9,88.4,596.06,2000,1550,,
3632,15:52:16.974,ROI,160,160,416,416,12.48,13.43,3.325,0.0,74.48,955.90,592.21,190.50,173.19,0.9514,14.4800,132.4800,0.0000,0.0000,0.8266,0,132.4800,498.6304,498.4041,0.2064,498.5917,0.8289,PHASE_2_DRIVING,122.75,15.85,631.9,88.4,599.00,2000,1686,,
3633,15:52:17.021,ROI,160,160,384,384,13.12,14.10,0.0,0.0,70.94,949.89,591.86,197.06,173.59,0.9362,15.9800,131.9200,0.0000,0.0000,0.8344,0,131.9200,496.1996,499.6634,0.1714,496.7064,0.8537,PHASE_2_DRIVING,122.28,14.43,631.9,88.4,595.48,2000,1678,,
3634,15:52:17.086,ROI,160,160,416,416,12.09,12.92,0.0,0.0,77.42,951.68,592.05,188.73,174.43,0.9533,13.8200,132.1100,0.0000,0.0000,0.8094,0,132.1100,494.1066,498.6827,0.1701,494.7720,0.8546,PHASE_2_DRIVING,122.41,12.36,631.9,88.4,596.59,2000,1843,,
3635,15:52:17.150,ROI,160,160,384,384,11.83,12.62,0.0,30.95,79.22,952.51,592.22,190.85,176.78,0.9758,14.5200,128.5200,0.0000,0.0000,0.7488,0,128.5200,491.6144,496.6463,0.1775,492.3731,0.8492,PHASE_2_DRIVING,122.47,9.90,631.9,88.4,597.19,2000,1997,,
3636,15:52:17.198,ROI,160,160,384,384,13.31,14.30,11.075,0.0,69.94,950.90,591.58,190.97,176.66,0.9761,13.9300,126.1700,0.0000,0.0000,0.7762,0,126.1700,488.9802,492.6467,0.1589,489.4829,0.8629,PHASE_2_DRIVING,122.37,7.11,631.9,88.4,595.77,1844,2000,,
3637,15:52:17.261,ROI,160,160,384,384,18.16,19.23,0.0,0.0,52.01,949.74,591.48,191.11,177.55,0.9830,14.0300,124.4100,0.0000,0.0000,0.8032,0,124.4100,486.4039,486.1728,0.1374,486.3760,0.8792,PHASE_2_DRIVING,122.28,4.09,631.9,88.4,595.07,1704,2000,,
3638,15:52:17.325,ROI,160,160,384,384,14.90,15.75,0.0,24.8,63.50,950.22,591.34,189.10,178.85,0.9824,13.6100,123.4200,0.0000,0.0000,0.8183,0,123.4200,484.0315,483.1983,0.1269,483.9377,0.8874,PHASE_2_DRIVING,122.33,1.61,631.9,88.4,595.21,1692,2000,,
3639,15:52:17.373,ROI,160,160,384,384,10.48,11.26,0.0,34.7,88.83,948.78,590.04,181.49,175.80,0.9434,13.3800,118.0100,0.0000,0.0000,0.8106,0,118.0100,481.0239,463.6235,0.1322,478.9918,0.8832,PHASE_2_DRIVING,122.28,-3.29,631.9,88.4,593.34,1256,2000,,
3640,15:52:17.502,ROI,160,160,384,384,23.15,24.25,0.0,16.1,41.24,945.05,585.22,171.29,174.67,0.8944,11.0900,115.2600,0.0000,0.0000,0.7616,0,115.2600,477.9736,472.9893,0.2353,477.0243,0.8095,PHASE_2_DRIVING,122.22,-5.20,631.9,88.4,587.27,1545,2000,,
3641,15:52:17.551,ROI,160,160,352,352,17.04,18.15,16.1,21.525,55.11,943.83,584.11,166.94,177.23,0.9609,12.3600,116.6200,0.0000,0.0000,0.7404,0,116.6200,475.7972,477.8414,0.4061,476.3876,0.7112,PHASE_2_DRIVING,122.18,-5.79,631.9,88.4,585.69,1698,2000,,
3642,15:52:17.615,ROI,160,160,384,384,19.23,20.22,17.0,0.0,49.46,940.62,580.70,158.18,173.59,0.9119,11.0900,112.0400,0.0000,0.0000,0.7937,0,112.0400,473.2629,481.4604,0.6449,476.4767,0.6080,PHASE_2_DRIVING,122.09,-5.62,631.9,88.4,581.10,1813,2000,,
3643,15:52:17.660,ROI,160,160,352,352,12.46,13.23,0.0,0.0,75.56,941.03,578.80,147.11,165.92,0.8889,9.5500,109.0200,0.0000,0.0000,0.7989,0,109.0200,470.5068,483.8003,0.8720,476.6991,0.5342,PHASE_2_DRIVING,122.23,-5.53,631.9,88.4,579.71,1803,2000,,
3644,15:52:17.725,ROI,160,160,352,352,11.99,12.77,7.6,0.0,78.32,940.65,574.10,141.31,165.57,0.9084,5.6300,107.7000,0.0000,0.0000,0.7982,0,107.7000,468.0678,484.4534,1.1293,476.7579,0.4696,PHASE_2_DRIVING,122.44,-5.69,631.9,88.4,575.52,1762,2000,,
3645,15:52:17.789,ROI,160,160,352,352,11.45,12.24,0.0,0.0,81.73,942.00,573.72,137.15,163.55,0.9587,3.6600,108.7400,0.0000,0.0000,0.7564,0,108.7400,466.4182,484.7040,1.3151,476.8056,0.4319,PHASE_2_DRIVING,122.58,-5.77,631.9,88.4,575.93,1769,2000,,
3646,15:52:17.902,ROI,160,160,352,352,10.98,11.98,0.0,0.0,83.50,936.98,570.49,140.80,169.44,0.8956,12.3400,108.8700,0.0000,0.0000,0.8395,0,108.8700,465.2094,485.6467,1.5632,477.6732,0.3901,PHASE_2_DRIVING,122.33,-4.65,631.9,88.4,570.51,1993,2000,,
3647,15:52:17.965,ROI,160,160,352,352,9.43,10.31,0.0,0.0,97.04,936.33,569.23,138.29,165.95,0.9619,10.8600,-88.5100,0.0000,0.0000,0.6415,0,-88.5100,497.7370,485.6897,1.7781,490.0263,0.3600,PHASE_2_DRIVING,122.34,7.69,631.9,88.4,569.10,2000,547,,
3648,15:52:18.014,ROI,160,160,352,352,10.72,11.33,10.125,0.0,88.27,0.00,0.00,0.00,0.00,0.0000,0.0000,0.0000,0.0000,0.0000,0.0000,1,0.0000,NaN,NaN,NaN,NaN,NaN,LOST_TRACKING,15.35,-15.35,631.9,88.4,0.00,0,0,,
3649,15:52:18.078,FULL,640,640,0,0,59.31,61.98,7.4,31.5,16.13,931.69,561.88,133.73,164.80,1.0000,12.6900,99.3900,0.0000,0.0000,0.8616,0,99.3900,493.7698,490.1392,2.2231,491.2656,0.3103,PHASE_2_DRIVING,122.34,8.93,631.9,88.4,560.40,2000,1513,,
3650,15:52:18.151,ROI,160,160,352,352,11.31,12.52,0.0,0.0,79.88,932.72,558.43,135.34,159.92,0.9444,3.3700,-98.7900,0.0000,0.0000,0.5534,0,-98.7900,526.0217,492.1947,2.4210,502.0829,0.2923,PHASE_2_DRIVING,122.62,19.46,631.9,88.4,558.05,2000,475,,
3651,15:52:18.190,ROI,160,160,320,320,15.02,15.98,0.0,24.425,62.56,931.82,555.62,139.00,168.10,0.9263,12.2200,99.7800,0.0000,0.0000,0.8913,0,99.7800,516.4508,492.8773,2.6461,499.3427,0.2743,PHASE_2_DRIVING,122.70,16.65,631.9,88.4,555.20,2000,1796,,
3652,15:52:18.302,ROI,160,160,352,352,10.90,11.67,0.0,0.0,85.67,930.76,545.83,133.10,160.49,0.8511,13.8500,103.4000,0.0000,0.0000,0.9223,0,103.4000,508.9747,492.2994,2.9278,496.5448,0.2546,PHASE_2_DRIVING,123.16,13.39,631.9,88.4,546.40,2000,1986,,
3653,15:52:18.365,ROI,160,160,352,352,15.14,16.48,0.0,0.0,60.70,931.50,539.49,123.79,156.22,0.8601,5.9000,105.6500,0.0000,0.0000,0.8110,0,105.6500,502.5601,490.6457,3.1872,493.4912,0.2388,PHASE_2_DRIVING,123.59,9.90,631.9,88.4,541.52,1845,2000,,
3654,15:52:18.429,ROI,160,160,320,320,11.17,12.02,0.0,0.0,83.20,931.00,534.90,130.60,157.60,0.8951,14.7900,98.8100,0.0000,0.0000,0.8937,0,98.8100,495.1505,487.5506,3.4333,489.2649,0.2256,PHASE_2_DRIVING,123.82,5.45,631.9,88.4,537.42,1560,2000,,
3655,15:52:18.477,ROI,160,160,320,320,11.38,12.10,0.0,0.0,82.64,928.74,531.14,133.98,157.96,0.9221,13.8100,101.1400,0.0000,0.0000,0.8925,0,101.1400,488.8191,482.0428,3.6422,483.5025,0.2154,PHASE_2_DRIVING,123.84,-0.34,631.9,88.4,533.04,1239,2000,,
3656,15:52:18.541,ROI,160,160,320,320,11.78,12.50,14.925,0.0,79.99,929.22,528.20,128.46,150.72,0.9149,7.6800,101.1300,0.0000,0.0000,0.7374,0,101.1300,482.9758,473.8387,3.7670,475.7555,0.2098,PHASE_2_DRIVING,124.06,-8.30,631.9,88.4,530.87,854,2000,,
3657,15:52:18.605,ROI,160,160,320,320,11.96,12.93,7.65,30.2,77.32,929.62,524.74,127.04,152.34,0.9451,10.5400,101.6200,0.0000,0.0000,0.8687,0,101.6200,477.1559,460.8661,3.8481,464.2262,0.2063,PHASE_2_DRIVING,124.31,-20.08,631.9,88.4,528.23,393,2000,,
3658,15:52:18.654,ROI,160,160,320,320,12.91,13.70,0.0,0.0,73.01,926.46,516.22,127.92,156.14,0.8541,14.1500,101.2400,0.0000,0.0000,0.8674,0,101.2400,471.2923,460.6722,4.0617,462.7703,0.1976,PHASE_2_DRIVING,124.55,-21.78,631.9,88.4,519.42,1111,2000,,
3659,15:52:18.782,ROI,160,160,320,320,9.38,10.08,0.0,0.0,99.17,923.08,505.26,134.02,153.62,0.8272,4.8600,105.2100,0.0000,0.0000,0.8141,0,105.2100,466.6132,459.8679,4.3580,461.1268,0.1866,PHASE_2_DRIVING,124.93,-23.81,631.9,88.4,508.49,1032,2000,,
3660,15:52:18.829,ROI,160,160,320,320,12.16,13.06,0.0,0.0,76.60,923.32,503.38,132.80,151.30,0.9668,12.2500,99.1700,0.0000,0.0000,0.9287,0,99.1700,460.3012,459.0413,4.6019,459.2662,0.1785,PHASE_2_DRIVING,125.08,-25.81,631.9,88.4,507.08,989,2000,,
3661,15:52:18.893,ROI,160,160,320,320,10.47,11.17,7.625,0.0,89.51,922.28,497.72,134.40,150.14,0.9138,10.9100,102.9700,0.0000,0.0000,0.9094,0,102.9700,454.4774,458.3361,4.8232,457.6735,0.1717,PHASE_2_DRIVING,125.35,-27.68,631.9,88.4,501.86,960,2000,,
3662,15:52:18.958,ROI,160,160,320,320,13.46,14.21,0.0,0.0,70.38,921.90,495.98,134.40,150.06,0.9716,10.7500,100.2500,0.0000,0.0000,0.9023,0,100.2500,447.7734,457.5692,5.0052,455.9380,0.1665,PHASE_2_DRIVING,125.43,-29.49,631.9,88.4,500.22,925,2000,,
3663,15:52:19.005,ROI,160,160,320,320,11.75,12.68,0.0,0.0,78.84,919.32,491.28,128.00,146.64,0.8947,14.4200,101.3100,0.0000,0.0000,0.9133,0,101.3100,441.1634,456.7810,5.1144,454.2267,0.1635,PHASE_2_DRIVING,125.50,-31.28,631.9,88.4,494.90,890,2000,,
3664,15:52:19.069,ROI,160,160,320,320,10.65,11.73,0.0,0.0,85.28,918.02,489.84,136.44,150.26,0.9155,11.6500,100.5300,0.0000,0.0000,0.8921,0,100.5300,434.0442,456.3801,5.1601,452.7542,0.1623,PHASE_2_DRIVING,125.48,-32.72,631.9,88.4,492.97,888,2000,,
3665,15:52:19.132,ROI,160,160,320,320,9.59,10.30,0.0,0.0,97.05,914.96,484.36,140.74,152.06,0.8910,9.9100,104.2500,0.0000,0.0000,0.8969,0,104.2500,449.5557,456.6310,5.1600,455.4824,0.1623,PHASE_2_DRIVING,125.56,-30.08,631.9,88.4,486.73,1348,2000,,
3666,15:52:19.182,ROI,160,160,320,320,10.90,11.94,9.875,0.0,83.76,915.20,482.34,147.60,154.30,0.9290,8.8300,105.5800,0.0000,0.0000,0.8489,0,105.5800,450.7033,456.6276,5.0564,455.6494,0.1651,PHASE_2_DRIVING,125.72,-30.07,631.9,88.4,485.23,1076,2000,,
3667,15:52:19.309,ROI,160,160,320,320,16.83,17.84,0.0,21.9,56.04,912.56,477.08,149.44,156.08,0.9028,8.7300,107.2800,0.0000,0.0000,0.8596,0,107.2800,448.7459,457.5676,4.9883,456.0944,0.1670,PHASE_2_DRIVING,125.83,-29.74,631.9,88.4,479.42,1115,2000,,
3668,15:52:19.358,ROI,160,160,320,320,17.96,18.95,0.0,0.0,52.78,915.72,474.82,147.54,151.22,0.9289,8.0500,108.6200,0.0000,0.0000,0.7954,0,108.6200,464.9044,458.5627,4.8286,459.6507,0.1716,PHASE_2_DRIVING,126.30,-26.65,631.9,88.4,479.45,1500,2000,,
3669,15:52:19.422,ROI,160,160,320,320,17.90,18.94,0.0,0.0,52.80,911.26,469.98,146.88,150.78,0.8843,10.6300,111.3700,0.0000,0.0000,0.7801,0,111.3700,466.3661,459.9977,4.6536,461.1241,0.1769,PHASE_2_DRIVING,126.21,-25.08,631.9,88.4,472.91,1366,2000,,
3670,15:52:19.470,ROI,160,160,320,320,17.39,18.47,0.0,21.15,54.15,911.76,468.30,145.22,146.86,0.9630,9.2000,111.4100,0.0000,0.0000,0.7956,0,111.4100,468.0349,461.5537,4.5153,462.7288,0.1813,PHASE_2_DRIVING,126.38,-23.65,631.9,88.4,471.85,1392,2000,,
3671,15:52:19.534,ROI,160,160,320,320,16.93,18.17,0.0,0.0,55.03,908.68,463.40,149.00,146.46,0.8982,9.7800,113.1500,0.0000,0.0000,0.7982,0,113.1500,470.1692,463.0566,4.4261,464.3675,0.1843,PHASE_2_DRIVING,126.43,-22.06,631.9,88.4,466.08,1457,2000,,
3672,15:52:19.597,ROI,160,160,320,320,17.13,18.00,8.75,21.7,55.56,906.32,460.48,146.92,143.82,0.9309,10.4900,115.0900,0.0000,0.0000,0.8162,0,115.0900,471.8091,464.5359,4.3237,465.9021,0.1878,PHASE_2_DRIVING,126.41,-20.51,631.9,88.4,462.33,1500,2000,,
3673,15:52:19.645,ROI,160,160,320,320,20.44,21.33,0.0,0.0,46.89,904.20,454.92,152.18,145.52,0.8949,10.0500,115.5400,0.0000,0.0000,0.7866,0,115.5400,473.5144,466.1114,4.2489,467.5218,0.1905,PHASE_2_DRIVING,126.61,-19.09,631.9,88.4,456.60,1527,2000,,
3674,15:52:19.774,ROI,160,160,320,320,17.73,18.64,0.0,0.0,53.65,900.86,448.26,144.88,144.98,0.8703,7.6000,115.8100,0.0000,0.0000,0.7540,0,115.8100,475.0212,467.6791,4.1917,469.0933,0.1926,PHASE_2_DRIVING,126.77,-17.68,631.9,88.4,449.26,1570,2000,,
3675,15:52:19.821,ROI,160,160,320,320,13.61,14.43,13.975,0.0,69.30,899.24,446.70,143.50,143.30,0.9570,8.8900,115.3200,0.0000,0.0000,0.7860,0,115.3200,476.2246,469.1588,4.0573,470.5559,0.1977,PHASE_2_DRIVING,126.73,-16.17,631.9,88.4,447.05,1632,2000,,
3676,15:52:19.884,ROI,160,160,288,288,14.44,15.60,7.975,0.0,64.10,897.78,443.30,142.94,142.99,0.9347,9.2500,115.7300,0.0000,0.0000,0.8112,0,115.7300,477.2293,470.6112,3.9946,471.9363,0.2002,PHASE_2_DRIVING,126.84,-14.90,631.9,88.4,443.45,1642,2000,,
3677,15:52:19.950,ROI,160,160,288,288,14.66,15.75,7.85,24.8,63.48,895.52,438.70,144.65,141.70,0.9094,8.5200,115.6800,0.0000,0.0000,0.7897,0,115.6800,478.4107,472.0132,4.0850,473.2713,0.1967,PHASE_2_DRIVING,126.96,-13.69,631.9,88.4,438.41,1675,2000,,
3678,15:52:19.998,ROI,160,160,320,320,18.89,19.76,12.15,0.0,50.60,893.28,434.30,140.08,139.52,0.9103,4.0800,114.4800,0.0000,0.0000,0.6416,0,114.4800,478.4917,473.3486,4.1459,474.3481,0.1943,PHASE_2_DRIVING,127.08,-12.73,631.9,88.4,433.55,1674,2000,,
3679,15:52:20.061,ROI,160,160,288,288,14.23,15.36,8.9,25.45,65.11,892.96,431.25,142.70,138.19,0.9398,5.6500,115.9700,0.0000,0.0000,0.6809,0,115.9700,479.0313,474.4535,4.2127,475.3317,0.1918,PHASE_2_DRIVING,127.29,-11.96,631.9,88.4,430.93,1674,2000,,
3680,15:52:20.125,ROI,160,160,288,288,16.62,17.71,0.0,22.05,56.47,889.57,430.10,145.57,135.52,0.9362,4.6600,117.5700,0.0000,0.0000,0.6584,0,117.5700,479.3681,475.4090,4.2066,476.1694,0.1921,PHASE_2_DRIVING,127.02,-10.85,631.9,88.4,427.96,1759,2000,,
3681,15:52:20.173,ROI,160,160,320,320,17.56,18.69,0.0,20.9,53.50,887.14,425.42,144.32,137.52,0.9040,6.7800,118.6700,0.0000,0.0000,0.8238,0,118.6700,479.7439,476.2016,4.2470,476.8767,0.1906,PHASE_2_DRIVING,127.14,-10.26,631.9,88.4,422.76,1707,2000,,
3682,15:52:20.301,ROI,160,160,320,320,20.38,20.91,0.0,0.0,47.83,0.00,0.00,0.00,0.00,0.0000,0.0000,0.0000,0.0000,0.0000,0.0000,1,0.0000,NaN,NaN,NaN,NaN,NaN,LOST_TRACKING,15.35,-15.35,631.9,88.4,0.00,0,0,,
3683,15:52:20.351,FULL,640,640,0,0,92.85,95.66,0.0,20.425,10.45,880.21,415.51,115.24,122.73,1.0000,2.5900,113.7700,0.0000,0.0000,0.5767,0,113.7700,478.7048,477.9045,4.3739,478.0535,0.1861,PHASE_2_DRIVING,127.20,-9.15,631.9,88.4,410.68,1821,2000,,
3684,15:52:20.462,ROI,160,160,256,256,16.21,17.09,26.425,0.0,58.52,0.00,0.00,0.00,0.00,0.0000,0.0000,0.0000,0.0000,0.0000,0.0000,1,0.0000,NaN,NaN,NaN,NaN,NaN,LOST_TRACKING,15.35,-15.35,631.9,88.4,0.00,0,0,,
3685,15:52:20.492,FULL,640,640,0,0,92.10,95.74,0.0,32.65,10.44,874.89,408.74,122.40,124.67,1.0000,6.4000,117.9700,0.0000,0.0000,0.7081,0,117.9700,478.3989,479.7717,4.4979,479.5220,0.1819,PHASE_2_DRIVING,127.18,-7.66,631.9,88.4,402.07,1933,2000,,
3686,15:52:20.601,ROI,160,160,256,256,21.82,22.82,0.0,0.0,43.81,0.00,0.00,0.00,0.00,0.0000,0.0000,0.0000,0.0000,0.0000,0.0000,1,0.0000,NaN,NaN,NaN,NaN,NaN,LOST_TRACKING,15.35,-15.35,631.9,88.4,0.00,0,0,,
3687,15:52:20.641,FULL,640,640,0,0,109.06,113.19,0.0,31.05,8.83,872.53,404.65,119.17,123.72,1.0000,8.0000,122.4000,0.0000,0.0000,0.7474,0,122.4000,479.5232,481.4000,4.4338,481.0546,0.1840,PHASE_2_DRIVING,127.27,-6.21,631.9,88.4,397.38,1983,2000,,
3688,15:52:20.770,ROI,160,160,256,256,17.35,18.62,0.0,0.0,53.71,865.09,398.98,129.26,131.68,0.8136,3.6300,118.2400,0.0000,0.0000,0.7644,0,118.2400,479.1983,482.4121,4.4359,481.8209,0.1840,PHASE_2_DRIVING,126.90,-5.08,631.9,88.4,388.37,1978,2000,,
3689,15:52:20.802,ROI,160,160,288,288,21.06,21.73,29.725,0.0,46.02,0.00,0.00,0.00,0.00,0.0000,0.0000,0.0000,0.0000,0.0000,0.0000,1,0.0000,NaN,NaN,NaN,NaN,NaN,LOST_TRACKING,15.35,-15.35,631.9,88.4,0.00,0,0,,
3690,15:52:20.840,FULL,640,640,0,0,93.19,98.02,0.0,23.9,10.20,865.04,392.64,116.46,123.26,1.0000,7.9700,121.7800,0.0000,0.0000,0.8116,0,121.7800,480.3648,483.9538,4.3385,483.2815,0.1873,PHASE_2_DRIVING,127.46,-4.18,631.9,88.4,383.29,1977,2000,,
3691,15:52:20.955,ROI,160,160,256,256,18.95,20.31,0.0,0.0,49.23,858.78,392.27,131.62,134.67,0.8099,5.1700,120.4700,0.0000,0.0000,0.8024,0,120.4700,480.7689,484.9585,4.2891,484.1664,0.1891,PHASE_2_DRIVING,126.75,-2.58,631.9,88.4,379.22,2000,1852,,
3692,15:52:20.990,ROI,160,160,288,288,18.73,20.48,26.825,0.0,48.84,853.70,391.01,135.86,130.82,0.9017,3.6400,115.0200,0.0000,0.0000,0.6066,0,115.0200,479.7050,486.2599,4.3058,485.0245,0.1885,PHASE_2_DRIVING,126.24,-1.22,631.9,88.4,375.19,2000,1837,,
3693,15:52:21.027,ROI,160,160,288,288,25.10,26.44,23.5,14.775,37.83,851.78,390.95,138.38,132.61,0.9593,6.1700,117.0400,0.0000,0.0000,0.6447,0,117.0400,479.2723,487.8289,4.2373,486.1951,0.1909,PHASE_2_DRIVING,126.01,0.19,631.9,88.4,374.00,2000,1781,,
3694,15:52:21.119,ROI,160,160,288,288,21.16,22.24,0.0,17.575,44.96,849.43,386.35,137.95,135.58,0.9036,7.4100,116.4000,0.0000,0.0000,0.7051,0,116.4000,478.7738,489.4792,4.1868,487.4152,0.1928,PHASE_2_DRIVING,126.13,1.28,631.9,88.4,368.91,2000,1786,,
3695,15:52:21.167,ROI,160,160,288,288,21.95,23.23,15.175,0.0,43.04,846.75,382.11,137.45,134.68,0.9044,6.3800,117.2600,0.0000,0.0000,0.7394,0,117.2600,478.4942,491.0938,4.1711,488.6573,0.1934,PHASE_2_DRIVING,126.19,2.47,631.9,88.4,363.91,2000,1730,,
3696,15:52:21.229,ROI,160,160,288,288,18.27,19.68,10.125,0.0,50.80,845.93,382.09,135.27,130.82,0.9560,4.5400,116.6300,0.0000,0.0000,0.6402,0,116.6300,477.9225,492.6651,4.1058,489.7777,0.1959,PHASE_2_DRIVING,126.08,3.69,631.9,88.4,363.40,2000,1684,,
3697,15:52:21.277,ROI,160,160,288,288,17.87,19.23,0.0,20.325,52.01,843.74,377.59,134.80,133.76,0.9054,3.9200,115.4300,0.0000,0.0000,0.6281,0,115.4300,477.1931,493.9635,4.0163,490.6203,0.1994,PHASE_2_DRIVING,126.22,4.40,631.9,88.4,358.48,2000,1731,,
3698,15:52:21.340,ROI,160,160,288,288,22.11,22.53,8.825,0.0,44.38,0.00,0.00,0.00,0.00,0.0000,0.0000,0.0000,0.0000,0.0000,0.0000,1,0.0000,NaN,NaN,NaN,NaN,NaN,LOST_TRACKING,15.35,-15.35,631.9,88.4,0.00,0,0,,
3699,15:52:21.407,FULL,640,640,0,0,79.31,82.88,8.95,37.7,12.07,844.94,370.64,122.31,118.49,1.0000,4.6100,119.8100,0.0000,0.0000,0.7718,0,119.8100,477.6593,495.9941,3.6441,492.0461,0.2153,PHASE_2_DRIVING,127.05,5.00,631.9,88.4,353.61,2000,1724,,
3700,15:52:21.501,ROI,160,160,256,256,17.00,17.61,33.4,22.175,56.77,0.00,0.00,0.00,0.00,0.0000,0.0000,0.0000,0.0000,0.0000,0.0000,1,0.0000,NaN,NaN,NaN,NaN,NaN,LOST_TRACKING,15.35,-15.35,631.9,88.4,0.00,0,0,,
3701,15:52:21.582,FULL,640,640,0,0,100.79,104.94,0.0,29.775,9.53,833.88,362.66,125.84,116.55,1.0000,6.7600,119.4900,0.0000,0.0000,0.7569,0,119.4900,477.2505,496.7127,3.6875,492.5607,0.2133,PHASE_2_DRIVING,126.37,6.19,631.9,88.4,340.61,2000,1605,,
3702,15:52:21.702,ROI,160,160,256,256,17.82,19.24,0.0,0.0,51.96,831.27,362.54,132.90,125.73,0.8778,5.2400,117.0100,0.0000,0.0000,0.7961,0,117.0100,477.0896,496.3794,3.7044,492.2790,0.2126,PHASE_2_DRIVING,126.03,6.25,631.9,88.4,338.98,2000,1756,,
3703,15:52:21.734,ROI,160,160,288,288,7.08,7.67,0.0,50.925,130.39,0.00,0.00,0.00,0.00,0.0000,0.0000,0.0000,0.0000,0.0000,0.0000,1,0.0000,NaN,NaN,NaN,NaN,NaN,LOST_TRACKING,15.35,-15.35,631.9,88.4,0.00,0,0,,
3704,15:52:21.757,FULL,640,640,0,0,153.27,157.78,0.0,7.425,6.34,830.50,356.08,123.21,114.98,1.0000,4.6500,116.8800,0.0000,0.0000,0.6989,0,116.8800,476.5889,495.8409,3.6632,491.7124,0.2144,PHASE_2_DRIVING,126.57,5.14,631.9,88.4,333.30,2000,1973,,
3705,15:52:21.931,ROI,160,160,256,256,32.40,33.18,23.625,11.775,30.14,0.00,0.00,0.00,0.00,0.0000,0.0000,0.0000,0.0000,0.0000,0.0000,1,0.0000,NaN,NaN,NaN,NaN,NaN,LOST_TRACKING,15.35,-15.35,631.9,88.4,0.00,0,0,,
3706,15:52:21.981,FULL,640,640,0,0,93.69,97.23,23.975,32.15,10.28,825.90,353.44,123.78,114.82,1.0000,5.1300,114.9200,0.0000,0.0000,0.7056,0,114.9200,476.2156,493.4659,3.5452,489.6706,0.2200,PHASE_2_DRIVING,126.20,3.47,631.9,88.4,328.45,1875,2000,,
3707,15:52:22.090,ROI,160,160,256,256,6.02,7.06,0.0,0.0,141.63,0.00,0.00,0.00,0.00,0.0000,0.0000,0.0000,0.0000,0.0000,0.0000,1,0.0000,NaN,NaN,NaN,NaN,NaN,LOST_TRACKING,15.35,-15.35,631.9,88.4,0.00,0,0,,
3708,15:52:22.113,FULL,640,640,0,0,106.14,109.74,0.0,21.35,9.11,821.90,350.30,122.60,112.70,1.0000,6.2700,116.8900,0.0000,0.0000,0.7535,0,116.8900,476.7078,491.0397,3.4266,487.8020,0.2259,PHASE_2_DRIVING,125.96,1.84,631.9,88.4,323.56,1822,2000,,
3709,15:52:22.234,ROI,160,160,256,256,8.43,9.00,0.0,0.0,111.06,0.00,0.00,0.00,0.00,0.0000,0.0000,0.0000,0.0000,0.0000,0.0000,1,0.0000,NaN,NaN,NaN,NaN,NaN,LOST_TRACKING,15.35,-15.35,631.9,88.4,0.00,0,0,,
3710,15:52:22.258,FULL,640,640,0,0,90.21,93.81,25.2,33.3,10.66,818.76,344.48,123.65,114.55,1.0000,7.6200,120.3300,0.0000,0.0000,0.7575,0,120.3300,478.0339,488.0658,3.3465,485.7577,0.2301,PHASE_2_DRIVING,126.12,-0.36,631.9,88.4,317.00,1664,2000,,
3711,15:52:22.367,ROI,160,160,256,256,5.35,5.93,0.0,0.0,168.64,0.00,0.00,0.00,0.00,0.0000,0.0000,0.0000,0.0000,0.0000,0.0000,1,0.0000,NaN,NaN,NaN,NaN,NaN,LOST_TRACKING,15.35,-15.35,631.9,88.4,0.00,0,0,,
3712,15:52:22.388,FULL,640,640,0,0,94.52,98.31,0.0,31.8,10.17,813.56,339.21,118.34,110.51,1.0000,3.3100,117.1700,0.0000,0.0000,0.6960,0,117.1700,477.7974,486.7421,3.2344,484.6297,0.2362,PHASE_2_DRIVING,125.92,-1.29,631.9,88.4,309.69,1810,2000,,
3713,15:52:22.501,ROI,160,160,256,256,8.56,9.17,0.0,0.0,109.08,0.00,0.00,0.00,0.00,0.0000,0.0000,0.0000,0.0000,0.0000,0.0000,1,0.0000,NaN,NaN,NaN,NaN,NaN,LOST_TRACKING,15.35,-15.35,631.9,88.4,0.00,0,0,,
3714,15:52:22.527,FULL,640,640,0,0,92.77,96.84,0.0,36.3,10.33,809.35,333.83,115.93,111.07,1.0000,7.0000,117.3300,0.0000,0.0000,0.8406,0,117.3300,477.6055,487.0405,3.1674,484.7765,0.2400,PHASE_2_DRIVING,125.87,-1.09,631.9,88.4,302.86,1987,2000,,
3715,15:52:22.635,ROI,160,160,256,256,17.00,18.09,34.35,0.0,55.29,807.64,333.82,121.12,114.37,0.9296,3.8800,114.2100,0.0000,0.0000,0.5860,0,114.2100,476.1554,488.5658,3.0690,485.5158,0.2458,PHASE_2_DRIVING,125.61,-0.09,631.9,88.4,301.85,2000,1849,,
3716,15:52:22.666,ROI,160,160,256,256,17.16,18.38,30.35,0.0,54.40,805.35,331.05,118.62,111.50,0.9171,5.0100,119.1400,0.0000,0.0000,0.5198,0,119.1400,476.8627,489.5407,3.0603,486.4182,0.2463,PHASE_2_DRIVING,125.56,0.86,631.9,88.4,298.27,2000,1822,,
3717,15:52:22.695,ROI,160,160,256,256,13.95,14.93,0.0,26.2,67.00,804.70,328.95,117.38,110.72,0.9525,2.9700,114.5600,0.0000,0.0000,0.5430,0,114.5600,476.4193,490.1856,2.8963,486.6524,0.2567,PHASE_2_DRIVING,125.69,0.96,631.9,88.4,296.18,2000,1946,,
3718,15:52:22.723,ROI,160,160,256,256,13.90,14.82,0.0,0.0,67.46,803.38,326.45,114.85,110.37,0.9346,2.6100,113.9400,0.0000,0.0000,0.5958,0,113.9400,475.7667,490.2967,2.8863,486.5579,0.2573,PHASE_2_DRIVING,125.77,0.79,631.9,88.4,293.38,2000,1996,,
3719,15:52:22.750,ROI,160,160,256,256,19.55,20.02,0.0,19.525,49.94,0.00,0.00,0.00,0.00,0.0000,0.0000,0.0000,0.0000,0.0000,0.0000,1,0.0000,NaN,NaN,NaN,NaN,NaN,LOST_TRACKING,15.35,-15.35,631.9,88.4,0.00,0,0,,
3720,15:52:22.797,FULL,640,640,0,0,70.99,73.69,14.125,21.2,13.57,799.81,324.92,108.62,107.69,1.0000,12.4100,115.4100,0.0000,0.0000,0.7991,0,115.4100,475.6024,491.9541,2.8827,487.7426,0.2576,PHASE_2_DRIVING,125.37,2.37,631.9,88.4,290.07,2000,1680,,
3721,15:52:22.883,ROI,160,160,224,224,12.67,14.26,0.0,0.0,70.13,800.22,323.10,113.04,113.23,0.9139,5.0600,115.7100,0.0000,0.0000,0.7534,0,115.7100,475.5450,492.1440,2.7898,487.7641,0.2639,PHASE_2_DRIVING,125.65,2.12,631.9,88.4,288.82,2000,1956,,
3722,15:52:22.910,ROI,160,160,256,256,15.51,16.34,0.0,0.0,61.20,800.14,322.26,115.30,111.42,0.9650,5.1600,117.0800,0.0000,0.0000,0.5799,0,117.0800,475.7618,492.3868,2.6523,487.8349,0.2738,PHASE_2_DRIVING,125.73,2.10,631.9,88.4,288.09,2000,1920,,
3723,15:52:23.037,ROI,160,160,256,256,14.55,15.42,0.0,0.0,64.85,799.22,320.61,113.66,111.76,0.9554,6.5300,117.7000,0.0000,0.0000,0.6499,0,117.7000,476.1520,491.9741,2.5561,487.5249,0.2812,PHASE_2_DRIVING,125.77,1.75,631.9,88.4,286.21,2000,1986,,
3724,15:52:23.086,ROI,160,160,256,256,12.77,13.56,11.825,0.0,73.74,797.72,319.28,113.94,112.77,0.9516,7.0500,117.0100,0.0000,0.0000,0.6907,0,117.0100,475.9703,491.5509,2.3815,486.9433,0.2957,PHASE_2_DRIVING,125.69,1.26,631.9,88.4,284.26,1972,2000,,
3725,15:52:23.148,ROI,160,160,256,256,14.13,15.06,0.0,0.0,66.40,796.50,318.18,113.76,110.53,0.9596,4.8200,115.2200,0.0000,0.0000,0.4908,0,115.2200,475.7265,491.0616,2.3117,486.4311,0.3020,PHASE_2_DRIVING,125.62,0.82,631.9,88.4,282.66,1962,2000,,
3726,15:52:23.213,ROI,160,160,256,256,19.40,20.42,7.875,0.0,48.98,795.81,317.44,113.57,110.74,0.9747,3.4800,113.2400,0.0000,0.0000,0.4404,0,113.2400,474.9472,490.3257,2.0821,485.3360,0.3245,PHASE_2_DRIVING,125.59,-0.25,631.9,88.4,281.65,1827,2000,,
3727,15:52:23.261,ROI,160,160,256,256,20.21,21.29,0.0,0.0,46.97,795.30,317.30,114.43,110.58,0.9888,6.8400,117.3600,0.0000,0.0000,0.6455,0,117.3600,475.3288,490.0328,2.0037,485.1375,0.3329,PHASE_2_DRIVING,125.52,-0.38,631.9,88.4,281.24,1964,2000,,
3728,15:52:23.326,ROI,160,160,256,256,17.17,18.36,0.0,0.0,54.48,793.99,316.22,113.04,109.44,0.9582,6.8300,118.7600,0.0000,0.0000,0.6474,0,118.7600,476.4163,489.0255,1.7854,484.4986,0.3590,PHASE_2_DRIVING,125.43,-0.93,631.9,88.4,279.60,1879,2000,,
3729,15:52:23.389,ROI,160,160,256,256,16.12,17.22,0.0,0.0,58.07,794.46,314.85,112.58,110.56,0.9676,5.1500,117.4400,0.0000,0.0000,0.5825,0,117.4400,476.6504,488.6625,1.7307,484.2637,0.3662,PHASE_2_DRIVING,125.67,-1.41,631.9,88.4,278.75,1872,2000,,
3730,15:52:23.502,ROI,160,160,256,256,13.68,14.94,0.0,0.0,66.92,790.00,311.26,110.72,113.17,0.8681,4.1000,113.6500,0.0000,0.0000,0.4081,0,113.6500,476.2004,487.8662,1.6635,483.4864,0.3754,PHASE_2_DRIVING,125.35,-1.87,631.9,88.4,273.25,1858,2000,,
3731,15:52:23.566,ROI,160,160,256,256,21.02,22.11,0.0,70.675,45.23,789.57,309.00,111.55,114.29,0.9536,2.6200,111.8100,0.0000,0.0000,0.4327,0,111.8100,475.3108,487.6011,1.7010,483.0509,0.3702,PHASE_2_DRIVING,125.55,-2.50,631.9,88.4,271.15,1808,2000,,
3732,15:52:23.615,ROI,160,160,256,256,19.06,20.34,14.45,38.4,49.16,786.66,305.11,111.17,115.42,0.8885,5.8700,111.5500,0.0000,0.0000,0.7665,0,111.5500,474.5897,487.0295,1.7637,482.5283,0.3618,PHASE_2_DRIVING,125.53,-3.00,631.9,88.4,266.30,1809,2000,,
3733,15:52:23.679,ROI,160,160,256,256,17.24,18.36,18.0,21.275,54.46,783.66,304.23,110.61,112.43,0.9233,4.9800,113.9200,0.0000,0.0000,0.7527,0,113.9200,474.0898,487.0070,1.8151,482.4185,0.3552,PHASE_2_DRIVING,125.11,-2.69,631.9,88.4,263.85,1943,2000,,
3734,15:52:23.725,ROI,160,160,256,256,32.51,33.69,27.95,23.2,29.68,781.64,299.70,108.70,114.27,0.8910,6.2700,112.7500,0.0000,0.0000,0.7246,0,112.7500,473.9355,487.1951,1.9514,482.7024,0.3388,PHASE_2_DRIVING,125.32,-2.62,631.9,88.4,258.98,1909,2000,,
3735,15:52:23.790,ROI,160,160,256,256,25.23,26.45,25.125,14.775,37.80,779.98,297.53,109.17,114.08,0.9343,4.0400,109.5900,0.0000,0.0000,0.7174,0,109.5900,472.6585,487.2706,2.1026,482.5610,0.3223,PHASE_2_DRIVING,125.30,-2.74,631.9,88.4,256.24,1876,2000,,
3736,15:52:23.903,ROI,160,160,256,256,27.21,28.35,8.975,13.775,35.27,775.59,292.97,105.49,113.66,0.8531,6.6200,111.4200,0.0000,0.0000,0.7817,0,111.4200,471.7265,487.3509,2.3587,482.6989,0.2977,PHASE_2_DRIVING,125.08,-2.39,631.9,88.4,249.99,1962,2000,,
3737,15:52:23.966,ROI,160,160,256,256,21.86,23.01,11.45,16.7,43.47,775.38,289.57,101.68,110.96,0.9078,4.1300,110.3700,0.0000,0.0000,0.5669,0,110.3700,471.1549,487.3347,2.4814,482.6872,0.2872,PHASE_2_DRIVING,125.50,-2.81,631.9,88.4,247.10,1827,2000,,
3738,15:52:24.030,ROI,160,160,224,224,18.91,20.11,9.475,0.0,49.72,772.93,287.04,103.17,110.89,0.9116,5.9000,109.6700,0.0000,0.0000,0.8083,0,109.6700,470.2851,487.6025,2.6924,482.9125,0.2708,PHASE_2_DRIVING,125.37,-2.46,631.9,88.4,243.61,1958,2000,,
3739,15:52:24.079,ROI,160,160,224,224,23.21,24.25,0.0,16.125,41.24,771.78,283.19,101.93,111.54,0.9131,4.2700,110.8800,0.0000,0.0000,0.7480,0,110.8800,469.7970,487.7327,2.8965,483.1297,0.2566,PHASE_2_DRIVING,125.68,-2.55,631.9,88.4,239.81,1887,2000,,
3740,15:52:24.141,ROI,160,160,224,224,20.68,21.82,10.125,0.0,45.83,768.54,281.60,105.24,111.27,0.9137,4.9200,109.0300,0.0000,0.0000,0.8106,0,109.0300,469.1673,487.6981,3.0705,483.1456,0.2457,PHASE_2_DRIVING,125.27,-2.12,631.9,88.4,236.63,1984,2000,,
3741,15:52:24.204,ROI,160,160,224,224,14.59,14.95,0.0,0.0,66.88,0.00,0.00,0.00,0.00,0.0000,0.0000,0.0000,0.0000,0.0000,0.0000,1,0.0000,NaN,NaN,NaN,NaN,NaN,LOST_TRACKING,15.35,-15.35,631.9,88.4,0.00,0,0,,
3742,15:52:24.252,FULL,640,640,0,0,85.50,89.47,0.0,17.475,11.18,765.32,274.95,100.05,103.66,1.0000,3.7200,109.1500,0.0000,0.0000,0.7582,0,109.1500,468.3999,487.3516,3.3783,483.0230,0.2284,PHASE_2_DRIVING,125.57,-2.55,631.9,88.4,229.35,1837,2000,,
3743,15:52:24.381,ROI,160,160,224,224,15.11,16.49,0.0,0.0,60.66,759.60,269.62,106.71,110.68,0.8127,2.0300,108.7000,0.0000,0.0000,0.7221,0,108.7000,467.9369,487.0242,3.6170,482.8901,0.2166,PHASE_2_DRIVING,125.17,-2.28,631.9,88.4,221.69,1953,2000,,
3744,15:52:24.430,ROI,160,160,224,224,17.29,17.80,0.0,0.0,56.18,0.00,0.00,0.00,0.00,0.0000,0.0000,0.0000,0.0000,0.0000,0.0000,1,0.0000,NaN,NaN,NaN,NaN,NaN,LOST_TRACKING,15.35,-15.35,631.9,88.4,0.00,0,0,,
3745,15:52:24.493,FULL,640,640,0,0,92.46,96.39,0.0,36.475,10.37,756.32,265.60,100.31,99.51,1.0000,5.1600,109.4000,0.0000,0.0000,0.7871,0,109.4000,467.3447,486.7133,3.8328,482.7055,0.2069,PHASE_2_DRIVING,125.08,-2.37,631.9,88.4,216.52,1894,2000,,
3746,15:52:24.604,ROI,160,160,224,224,20.18,20.69,0.0,0.0,48.33,0.00,0.00,0.00,0.00,0.0000,0.0000,0.0000,0.0000,0.0000,0.0000,1,0.0000,NaN,NaN,NaN,NaN,NaN,LOST_TRACKING,15.35,-15.35,631.9,88.4,0.00,0,0,,
3747,15:52:24.640,FULL,640,640,0,0,80.47,83.34,25.85,28.125,12.00,0.00,0.00,0.00,0.00,0.0000,0.0000,0.0000,0.0000,0.0000,0.0000,1,0.0000,NaN,NaN,NaN,NaN,NaN,LOST_TRACKING,15.35,-15.35,631.9,88.4,0.00,0,0,,
3748,15:52:24.735,FULL,640,640,0,0,85.31,87.45,0.0,35.725,11.44,0.00,0.00,0.00,0.00,0.0000,0.0000,0.0000,0.0000,0.0000,0.0000,1,0.0000,NaN,NaN,NaN,NaN,NaN,LOST_TRACKING,15.35,-15.35,631.9,88.4,0.00,0,0,,
3749,15:52:24.836,FULL,640,640,0,0,79.62,82.80,0.0,4.725,12.08,748.85,256.69,94.71,100.85,1.0000,4.2400,107.6800,0.0000,0.0000,0.7340,0,107.6800,467.3892,486.0400,3.7591,482.1210,0.2101,PHASE_2_DRIVING,124.80,-2.68,631.9,88.4,204.93,1850,2000,,
3750,15:52:24.929,ROI,160,160,224,224,7.29,7.88,0.0,0.0,126.96,0.00,0.00,0.00,0.00,0.0000,0.0000,0.0000,0.0000,0.0000,0.0000,1,0.0000,NaN,NaN,NaN,NaN,NaN,LOST_TRACKING,15.35,-15.35,631.9,88.4,0.00,0,0,,
3751,15:52:24.949,FULL,640,640,0,0,85.68,88.44,0.0,17.675,11.31,743.06,250.27,96.05,98.28,1.0000,12.6100,110.4800,0.0000,0.0000,0.8676,0,110.4800,468.5042,486.2300,3.6846,482.4462,0.2135,PHASE_2_DRIVING,124.48,-2.03,631.9,88.4,196.37,2000,1978,,
3752,15:52:25.050,ROI,160,160,224,224,18.59,19.66,0.0,0.0,50.86,742.31,251.76,105.06,104.01,0.8639,4.5300,107.1500,0.0000,0.0000,0.7987,0,107.1500,468.2026,487.1149,3.5418,482.9509,0.2202,PHASE_2_DRIVING,124.05,-1.10,631.9,88.4,197.18,2000,1898,,
3753,15:52:25.082,ROI,160,160,224,224,14.07,14.88,30.45,0.0,67.21,740.17,249.73,106.46,104.97,0.9241,3.1500,106.9300,0.0000,0.0000,0.7493,0,106.9300,467.6519,488.0676,3.4093,483.4375,0.2268,PHASE_2_DRIVING,123.87,-0.43,631.9,88.4,194.29,2000,1911,,
3754,15:52:25.108,ROI,160,160,224,224,15.12,16.05,0.0,0.0,62.32,739.44,248.17,103.78,101.09,0.9389,4.0000,104.8700,0.0000,0.0000,0.4941,0,104.8700,466.8891,489.0883,3.3174,483.9465,0.2316,PHASE_2_DRIVING,123.94,0.00,631.9,88.4,192.59,2000,1932,,
3755,15:52:25.136,ROI,160,160,224,224,16.86,18.06,34.15,0.0,55.37,737.64,246.45,104.12,100.70,0.9340,2.8800,101.2000,0.0000,0.0000,0.4674,0,101.2000,465.3604,490.0040,3.2103,484.1508,0.2375,PHASE_2_DRIVING,123.78,0.37,631.9,88.4,190.16,2000,1929,,
3756,15:52:25.197,ROI,160,160,224,224,15.30,15.75,0.0,0.0,63.48,0.00,0.00,0.00,0.00,0.0000,0.0000,0.0000,0.0000,0.0000,0.0000,1,0.0000,NaN,NaN,NaN,NaN,NaN,LOST_TRACKING,15.35,-15.35,631.9,88.4,0.00,0,0,,
3757,15:52:25.244,FULL,640,640,0,0,69.91,72.96,12.7,16.075,13.71,739.27,243.06,93.03,93.18,1.0000,9.7600,113.3200,0.0000,0.0000,0.8137,0,113.3200,466.9934,491.1348,2.9151,484.9685,0.2554,PHASE_2_DRIVING,124.77,0.20,631.9,88.4,188.28,1981,2000,,
3758,15:52:25.374,ROI,160,160,192,192,15.98,16.85,0.0,0.0,59.34,735.99,242.44,101.68,102.53,0.8315,6.1400,109.0700,0.0000,0.0000,0.8272,0,109.0700,467.4229,491.8515,2.6510,485.1605,0.2739,PHASE_2_DRIVING,124.05,1.11,631.9,88.4,185.91,2000,1818,,
3759,15:52:25.421,ROI,160,160,224,224,16.13,16.54,0.0,0.0,60.44,0.00,0.00,0.00,0.00,0.0000,0.0000,0.0000,0.0000,0.0000,0.0000,1,0.0000,NaN,NaN,NaN,NaN,NaN,LOST_TRACKING,15.35,-15.35,631.9,88.4,0.00,0,0,,
3760,15:52:25.485,FULL,640,640,0,0,72.76,75.04,0.0,0.0,13.33,734.40,238.99,95.27,93.69,1.0000,7.4900,114.1100,0.0000,0.0000,0.6869,0,114.1100,469.3821,492.0986,2.3394,485.2961,0.2995,PHASE_2_DRIVING,124.24,1.05,631.9,88.4,182.16,2000,1967,,
3761,15:52:25.570,ROI,160,160,192,192,16.04,16.90,0.0,0.0,59.18,731.56,239.55,104.09,102.24,0.8388,10.8200,114.9400,0.0000,0.0000,0.8598,0,114.9400,471.4671,492.0727,2.1169,485.4619,0.3208,PHASE_2_DRIVING,123.40,2.06,631.9,88.4,181.05,2000,1770,,
3762,15:52:25.600,ROI,160,160,224,224,12.91,14.13,0.0,0.0,70.79,730.64,237.28,108.92,99.92,0.9150,4.7600,109.9100,0.0000,0.0000,0.6314,0,109.9100,471.3141,492.0581,2.0755,485.3132,0.3251,PHASE_2_DRIVING,123.55,1.76,631.9,88.4,178.64,2000,1978,,
3763,15:52:25.661,ROI,160,160,224,224,14.63,15.41,0.0,0.0,64.91,729.59,236.20,106.90,99.99,0.9602,3.7500,108.0600,0.0000,0.0000,0.5379,0,108.0600,471.4277,491.7861,1.8245,484.5784,0.3540,PHASE_2_DRIVING,123.46,1.11,631.9,88.4,177.17,1942,2000,,
3764,15:52:25.709,ROI,160,160,224,224,19.25,20.95,0.0,0.0,47.73,728.79,235.29,107.06,100.77,0.9674,5.4700,109.0300,0.0000,0.0000,0.7087,0,109.0300,471.0907,491.7862,1.8023,484.4012,0.3568,PHASE_2_DRIVING,123.41,0.99,631.9,88.4,175.96,2000,1980,,
3765,15:52:25.836,ROI,160,160,224,224,14.95,15.91,0.0,0.0,62.86,727.85,230.90,102.17,100.38,0.8762,7.2100,108.9000,0.0000,0.0000,0.6830,0,108.9000,470.8026,491.4917,1.8342,484.1918,0.3528,PHASE_2_DRIVING,123.95,0.24,631.9,88.4,171.79,1892,2000,,
3766,15:52:25.884,ROI,160,160,224,224,10.56,11.74,12.075,0.0,85.15,725.95,229.54,104.41,102.40,0.9387,3.3600,107.5300,0.0000,0.0000,0.5664,0,107.5300,470.2743,491.1537,1.8641,483.8637,0.3491,PHASE_2_DRIVING,123.68,0.19,631.9,88.4,169.60,1999,2000,,
3767,15:52:25.949,ROI,160,160,224,224,11.17,11.57,7.375,0.0,86.45,0.00,0.00,0.00,0.00,0.0000,0.0000,0.0000,0.0000,0.0000,0.0000,1,0.0000,NaN,NaN,NaN,NaN,NaN,LOST_TRACKING,15.35,-15.35,631.9,88.4,0.00,0,0,,
3768,15:52:25.997,FULL,640,640,0,0,59.88,63.22,10.7,37.075,15.82,725.91,227.18,95.19,94.18,1.0000,11.6300,115.2100,0.0000,0.0000,0.7702,0,115.2100,471.8276,489.9282,1.7878,483.4355,0.3587,PHASE_2_DRIVING,124.12,-0.68,631.9,88.4,167.62,1841,2000,,
3769,15:52:26.073,ROI,160,160,192,192,20.98,22.12,0.0,0.0,45.21,724.08,226.00,100.52,98.57,0.9047,7.0800,115.4100,0.0000,0.0000,0.6878,0,115.4100,473.3305,488.5650,1.8283,483.1786,0.3536,PHASE_2_DRIVING,123.82,-0.64,631.9,88.4,165.62,1981,2000,,
3770,15:52:26.124,ROI,160,160,224,224,13.43,13.86,0.0,0.0,72.16,0.00,0.00,0.00,0.00,0.0000,0.0000,0.0000,0.0000,0.0000,0.0000,1,0.0000,NaN,NaN,NaN,NaN,NaN,LOST_TRACKING,15.35,-15.35,631.9,88.4,0.00,0,0,,
3771,15:52:26.173,FULL,640,640,0,0,69.88,72.54,0.0,37.7,13.79,721.61,222.62,94.41,93.86,1.0000,9.1800,114.6600,0.0000,0.0000,0.7791,0,114.6600,474.5646,486.8901,1.8406,482.5511,0.3520,PHASE_2_DRIVING,123.76,-1.21,631.9,88.4,161.45,1865,2000,,
3772,15:52:26.302,ROI,160,160,192,192,16.30,17.39,0.0,22.475,57.49,717.10,219.05,97.79,99.70,0.8473,9.4700,112.8300,0.0000,0.0000,0.6896,0,112.8300,474.1969,486.4402,1.9507,482.2909,0.3389,PHASE_2_DRIVING,123.11,-0.82,631.9,88.4,155.97,2000,1971,,
3773,15:52:26.350,ROI,160,160,224,224,18.59,19.40,0.0,0.0,51.56,715.96,216.79,101.01,99.16,0.9258,7.8500,112.1300,0.0000,0.0000,0.7212,0,112.1300,472.8801,486.4152,2.0848,482.0275,0.3242,PHASE_2_DRIVING,123.22,-1.19,631.9,88.4,153.46,1896,2000,,
3774,15:52:26.412,ROI,160,160,224,224,16.46,17.61,0.0,0.0,56.77,712.94,215.44,99.75,97.76,0.9168,6.7400,112.1000,0.0000,0.0000,0.6770,0,112.1000,472.7975,486.7157,2.1473,482.2935,0.3177,PHASE_2_DRIVING,122.53,-0.24,631.9,88.4,150.69,2000,1863,,
3775,15:52:26.477,ROI,160,160,224,224,14.85,15.59,0.0,0.0,64.16,712.08,212.75,99.09,102.63,0.9320,7.5600,110.1700,0.0000,0.0000,0.6930,0,110.1700,472.5967,486.6456,2.2246,482.2888,0.3101,PHASE_2_DRIVING,122.82,-0.53,631.9,88.4,147.96,1934,2000,,
3776,15:52:26.523,ROI,160,160,224,224,18.41,19.29,25.175,0.0,51.83,710.45,210.59,99.32,100.31,0.9278,8.6000,110.9900,0.0000,0.0000,0.7251,0,110.9900,472.1264,486.7114,2.3202,482.3186,0.3012,PHASE_2_DRIVING,122.73,-0.42,631.9,88.4,145.25,2000,1999,,
3777,15:52:26.589,ROI,160,160,224,224,13.82,14.61,0.0,0.0,68.46,709.51,209.65,99.58,100.11,0.9634,4.1400,110.2900,0.0000,0.0000,0.5673,0,110.2900,471.7737,486.7841,2.3333,482.2810,0.3000,PHASE_2_DRIVING,122.62,-0.34,631.9,88.4,143.96,1998,2000,,
3778,15:52:26.701,ROI,160,160,224,224,13.34,14.67,0.0,0.0,68.19,706.49,204.59,96.38,98.01,0.8511,9.5900,114.1000,0.0000,0.0000,0.7109,0,114.1000,472.5491,486.6717,2.4417,482.5683,0.2906,PHASE_2_DRIVING,122.70,-0.13,631.9,88.4,138.07,2000,1972,,
3779,15:52:26.764,ROI,160,160,224,224,16.56,17.78,8.05,21.975,56.25,704.38,202.08,95.63,95.20,0.9093,11.0100,113.6700,0.0000,0.0000,0.7863,0,113.6700,473.3255,486.7856,2.5421,482.9855,0.2823,PHASE_2_DRIVING,122.52,0.47,631.9,88.4,134.82,2000,1889,,
3780,15:52:26.813,ROI,160,160,192,192,14.25,15.14,12.65,0.0,66.07,703.42,201.09,96.43,98.89,0.9440,12.4200,114.4300,0.0000,0.0000,0.8160,0,114.4300,473.7473,487.0630,2.6205,483.3852,0.2762,PHASE_2_DRIVING,122.40,0.98,631.9,88.4,133.47,2000,1882,,
3781,15:52:26.877,ROI,160,160,224,224,14.02,14.78,0.0,0.0,67.64,700.91,199.91,96.95,95.97,0.9221,11.1000,110.1000,0.0000,0.0000,0.8024,0,110.1000,472.9787,487.5770,2.6816,483.6118,0.2716,PHASE_2_DRIVING,121.75,1.86,631.9,88.4,131.14,2000,1796,,
3782,15:52:26.941,ROI,160,160,224,224,13.82,14.65,0.0,0.0,68.25,699.16,196.40,97.38,97.24,0.8980,10.5100,112.5500,0.0000,0.0000,0.7411,0,112.5500,472.7614,488.3524,2.7409,484.1846,0.2673,PHASE_2_DRIVING,121.91,2.27,631.9,88.4,127.23,2000,1849,,
3783,15:52:26.988,ROI,160,160,224,224,11.92,12.68,0.0,0.0,78.84,696.44,195.01,101.11,97.57,0.9206,10.1000,110.5600,0.0000,0.0000,0.7730,0,110.5600,471.9898,489.1229,2.8417,484.6631,0.2603,PHASE_2_DRIVING,121.19,3.47,631.9,88.4,124.62,2000,1694,,
3784,15:52:27.117,ROI,160,160,224,224,12.46,13.55,0.0,0.0,73.82,693.66,189.47,98.76,100.38,0.8484,12.3100,113.9400,0.0000,0.0000,0.8220,0,113.9400,471.6106,489.9094,3.0182,485.3554,0.2489,PHASE_2_DRIVING,121.43,3.93,631.9,88.4,118.45,2000,1783,,
3785,15:52:27.166,ROI,160,160,224,224,15.52,16.57,0.0,0.0,60.34,689.26,186.31,101.77,97.71,0.8619,12.0700,109.8100,0.0000,0.0000,0.8011,0,109.8100,471.1222,490.2395,3.1043,485.5817,0.2436,PHASE_2_DRIVING,120.36,5.22,631.9,88.4,113.48,2000,1624,,
3786,15:52:27.229,ROI,160,160,224,224,12.77,13.61,8.4,0.0,73.45,688.71,184.19,100.41,99.50,0.9455,7.8700,108.5500,0.0000,0.0000,0.7932,0,108.5500,470.5901,490.5397,3.1903,485.7787,0.2386,PHASE_2_DRIVING,120.67,5.11,631.9,88.4,111.37,2000,1821,,
3787,15:52:27.293,ROI,160,160,224,224,12.90,13.61,7.775,28.725,73.49,687.82,182.21,97.76,96.92,0.9352,8.9300,106.5600,0.0000,0.0000,0.7536,0,106.5600,469.7849,490.5231,3.2359,485.6272,0.2361,PHASE_2_DRIVING,120.80,4.83,631.9,88.4,109.21,2000,1857,,
3788,15:52:27.340,ROI,160,160,224,224,12.35,13.35,0.0,0.0,74.93,687.29,182.60,97.76,95.40,0.9738,7.4400,106.4200,0.0000,0.0000,0.7114,0,106.4200,468.9143,490.5348,3.1865,485.3705,0.2389,PHASE_2_DRIVING,120.46,4.91,631.9,88.4,109.28,2000,1800,,
3789,15:52:27.404,ROI,160,160,224,224,13.34,14.08,0.0,0.0,71.01,684.75,177.76,93.73,93.35,0.8574,14.3400,109.9800,0.0000,0.0000,0.8414,0,109.9800,469.0094,490.2915,3.1701,485.1880,0.2398,PHASE_2_DRIVING,120.60,4.59,631.9,88.4,103.81,2000,1873,,
3790,15:52:27.469,ROI,160,160,192,192,11.93,12.73,7.7,0.0,78.55,683.70,177.07,94.93,90.97,0.9536,4.7900,108.1500,0.0000,0.0000,0.6816,0,108.1500,468.6087,490.0922,3.1652,484.9343,0.2401,PHASE_2_DRIVING,120.29,4.64,631.9,88.4,102.69,2000,1815,,
3791,15:52:27.517,ROI,160,160,192,192,12.94,14.20,0.0,0.0,70.40,683.14,175.54,94.06,91.28,0.9557,6.0700,108.3600,0.0000,0.0000,0.7566,0,108.3600,468.2553,489.8728,3.1252,484.6324,0.2424,PHASE_2_DRIVING,120.46,4.17,631.9,88.4,101.09,2000,1910,,
3792,15:52:27.629,ROI,160,160,192,192,14.67,15.48,0.0,0.0,64.61,679.88,171.51,93.97,90.74,0.8563,8.9800,107.7200,0.0000,0.0000,0.7961,0,107.7200,467.8337,489.7649,3.1250,484.4482,0.2424,PHASE_2_DRIVING,120.00,4.45,631.9,88.4,95.96,2000,1789,,
3793,15:52:27.693,ROI,160,160,192,192,13.32,14.03,0.0,0.0,71.28,678.90,168.46,89.77,88.30,0.8931,7.8500,107.8900,0.0000,0.0000,0.7645,0,107.8900,467.3094,489.4241,3.1159,484.0511,0.2430,PHASE_2_DRIVING,120.42,3.63,631.9,88.4,92.84,2000,1986,,
3794,15:52:27.756,ROI,160,160,192,192,13.03,13.95,7.9,0.0,71.69,678.29,167.18,87.07,86.52,0.9422,9.7500,108.2200,0.0000,0.0000,0.8137,0,108.2200,466.9836,488.9499,3.0703,483.5531,0.2457,PHASE_2_DRIVING,120.49,3.06,631.9,88.4,91.43,2000,1969,,
3795,15:52:27.804,ROI,160,160,192,192,15.15,16.08,11.375,0.0,62.20,675.94,163.94,85.36,86.40,0.8801,11.5900,105.1900,0.0000,0.0000,0.8660,0,105.1900,466.0085,488.3847,3.0095,482.8040,0.2494,PHASE_2_DRIVING,120.24,2.56,631.9,88.4,87.44,2000,1978,,
3796,15:52:27.869,ROI,160,160,192,192,10.27,11.38,8.025,0.0,87.90,674.84,162.46,85.16,83.18,0.9388,9.9200,108.4400,0.0000,0.0000,0.8406,0,108.4400,466.2115,487.5944,2.9794,482.2210,0.2513,PHASE_2_DRIVING,120.11,2.11,631.9,88.4,85.61,2000,1988,,
3797,15:52:27.934,ROI,160,160,192,192,10.01,10.78,0.0,0.0,92.76,673.00,160.09,84.62,84.40,0.9060,11.0500,105.6400,0.0000,0.0000,0.8764,0,105.6400,465.8928,486.7350,2.9579,481.4690,0.2527,PHASE_2_DRIVING,119.83,1.64,631.9,88.4,82.64,1990,2000,,
3798,15:52:27.980,ROI,160,160,192,192,11.73,12.66,10.95,0.0,78.98,672.87,159.00,83.92,82.82,0.9662,11.6400,106.3200,0.0000,0.0000,0.8559,0,106.3200,465.9387,485.7709,2.8725,480.6496,0.2582,PHASE_2_DRIVING,120.12,0.53,631.9,88.4,81.63,1848,2000,,
3799,15:52:28.109,ROI,160,160,192,192,13.05,13.82,0.0,0.0,72.33,670.06,155.39,82.06,81.73,0.8580,12.9800,103.8300,0.0000,0.0000,0.8885,0,103.8300,465.1360,484.9067,2.8073,479.7139,0.2627,PHASE_2_DRIVING,119.67,0.05,631.9,88.4,77.09,1891,1963,,
3800,15:52:28.156,ROI,160,160,192,192,10.94,11.78,0.0,33.175,84.93,668.93,153.97,83.57,83.11,0.9405,11.0200,107.9800,0.0000,0.0000,0.9146,0,107.9800,465.5650,484.0985,2.7386,479.1412,0.2675,PHASE_2_DRIVING,119.46,-0.32,631.9,88.4,75.30,1849,1916,,
3801,15:52:28.221,ROI,160,160,192,192,12.92,13.64,0.0,0.0,73.29,667.03,150.68,82.76,83.69,0.8844,13.6700,107.8100,0.0000,0.0000,0.8974,0,107.8100,465.8183,483.4120,2.6812,478.6327,0.2717,PHASE_2_DRIVING,119.42,-0.79,631.9,88.4,71.51,1740,1836,,
3802,15:52:28.268,ROI,160,160,192,192,13.27,14.61,0.0,0.0,68.46,666.84,148.74,83.84,84.38,0.9427,13.4800,108.9000,0.0000,0.0000,0.9072,0,108.9000,466.7185,482.6869,2.6653,478.3302,0.2728,PHASE_2_DRIVING,120.08,-1.75,631.9,88.4,69.73,1646,1840,,
3803,15:52:28.334,ROI,160,160,192,192,10.19,11.16,0.0,0.0,89.60,664.67,146.46,82.67,84.49,0.9005,13.1600,108.5700,0.0000,0.0000,0.9129,0,108.5700,467.1806,482.1735,2.7015,478.1231,0.2702,PHASE_2_DRIVING,119.44,-1.31,631.9,88.4,66.67,1674,1660,,
3804,15:52:28.397,ROI,160,160,192,192,12.65,13.45,0.0,0.0,74.32,664.22,145.14,82.32,83.70,0.9585,11.4700,109.0100,0.0000,0.0000,0.8821,0,109.0100,467.6146,481.7178,2.7060,477.9123,0.2698,PHASE_2_DRIVING,119.67,-1.75,631.9,88.4,65.29,1575,1690,,
3805,15:52:28.445,ROI,160,160,192,192,13.34,14.09,0.0,0.0,70.95,662.31,142.84,82.31,83.32,0.9047,12.8600,107.8800,0.0000,0.0000,0.9043,0,107.8800,467.5881,481.3209,2.7095,477.6188,0.2696,PHASE_2_DRIVING,119.19,-1.57,631.9,88.4,62.36,1546,1572,,
3806,15:52:28.573,ROI,160,160,192,192,12.29,13.09,0.0,0.0,76.38,660.78,138.88,82.82,82.72,0.8773,12.7300,105.6100,0.0000,0.0000,0.8790,0,105.6100,467.0583,481.0172,2.6883,477.2325,0.2711,PHASE_2_DRIVING,119.77,-2.54,631.9,88.4,58.16,1361,1547,,
3807,15:52:28.620,ROI,160,160,192,192,14.03,14.99,11.45,0.0,66.72,658.62,137.64,81.64,82.10,0.9214,11.3100,107.1600,0.0000,0.0000,0.9024,0,107.1600,467.2555,480.7978,2.7070,477.1447,0.2698,PHASE_2_DRIVING,118.49,-1.34,631.9,88.4,56.02,1449,1352,,
3808,15:52:28.685,ROI,160,160,192,192,12.99,13.85,0.0,0.0,72.21,657.23,136.39,83.52,82.73,0.9384,11.9800,107.7900,0.0000,0.0000,0.8902,0,107.7900,467.4278,480.7870,2.6809,477.1576,0.2717,PHASE_2_DRIVING,117.83,-0.67,631.9,88.4,54.26,1384,1329,,
3809,15:52:28.749,ROI,160,160,192,192,15.86,16.84,0.0,23.225,59.40,657.10,134.87,82.78,82.45,0.9555,11.9800,108.5000,0.0000,0.0000,0.8625,0,108.5000,467.7750,480.8484,2.6096,477.2266,0.2770,PHASE_2_DRIVING,118.47,-1.24,631.9,88.4,52.86,1275,1368,,
3810,15:52:28.797,ROI,160,160,192,192,13.41,14.64,0.0,0.0,68.30,654.84,132.58,81.60,82.20,0.8967,12.0500,109.1100,0.0000,0.0000,0.8717,0,109.1100,468.1736,481.1398,2.5950,477.5330,0.2782,PHASE_2_DRIVING,117.44,0.10,631.9,88.4,49.78,1312,1177,,
3811,15:52:28.860,ROI,160,160,192,192,13.10,13.91,0.0,28.1,71.90,654.37,131.14,79.87,82.91,0.9455,12.5300,107.9000,0.0000,0.0000,0.8722,0,107.9000,468.3189,481.4750,2.5713,477.7911,0.2800,PHASE_2_DRIVING,117.74,0.05,631.9,88.4,48.28,1206,1208,,
3812,15:52:28.925,ROI,160,160,192,192,12.71,13.42,0.0,0.0,74.53,652.86,130.42,80.94,82.70,0.9470,12.7900,109.1700,0.0000,0.0000,0.8758,0,109.1700,468.7608,481.8892,2.5079,478.1466,0.2851,PHASE_2_DRIVING,116.51,1.64,631.9,88.4,46.96,1268,1080,,
3813,15:52:28.973,ROI,160,160,192,192,11.04,11.86,0.0,0.0,84.35,651.70,127.83,79.19,80.76,0.9122,13.5700,108.7100,0.0000,0.0000,0.8688,0,108.7100,468.7551,482.3405,2.4800,478.4367,0.2874,PHASE_2_DRIVING,116.66,1.77,631.9,88.4,44.12,1128,1078,,
3814,15:52:29.101,ROI,160,160,192,192,14.06,15.00,0.0,0.0,66.66,649.50,124.83,79.26,79.74,0.8795,13.1700,110.4400,0.0000,0.0000,0.8541,0,110.4400,469.4029,482.8107,2.4636,478.9397,0.2887,PHASE_2_DRIVING,115.79,3.15,631.9,88.4,40.46,1099,924,,
3815,15:52:29.148,ROI,160,160,160,160,9.88,10.67,0.0,0.0,93.70,649.24,123.26,77.78,77.15,0.9429,9.6400,109.3900,0.0000,0.0000,0.8165,0,109.3900,469.4895,483.2530,2.4377,479.2493,0.2909,PHASE_2_DRIVING,116.45,2.80,631.9,88.4,38.93,987,960,,
3816,15:52:29.213,ROI,160,160,160,160,10.66,11.46,7.225,0.0,87.25,648.22,121.42,78.54,78.78,0.9298,10.0200,108.5000,0.0000,0.0000,0.8309,0,108.5000,469.4038,483.5776,2.3772,479.3807,0.2961,PHASE_2_DRIVING,116.30,3.08,631.9,88.4,36.83,959,882,,
3817,15:52:29.261,ROI,160,160,160,160,17.18,18.54,0.0,0.0,53.95,647.58,120.47,79.20,78.54,0.9606,10.0400,109.0800,0.0000,0.0000,0.8533,0,109.0800,469.1219,483.8668,2.3337,479.4439,0.3000,PHASE_2_DRIVING,116.06,3.39,631.9,88.4,35.70,934,851,,
3818,15:52:29.325,ROI,160,160,160,160,19.46,20.37,8.55,19.175,49.09,645.89,118.99,79.61,79.09,0.9237,10.3500,107.6100,0.0000,0.0000,0.8813,0,107.6100,468.9081,484.1657,2.2781,479.5112,0.3051,PHASE_2_DRIVING,114.58,4.93,631.9,88.4,33.64,934,747,,
3819,15:52:29.388,ROI,160,160,160,160,21.89,22.90,9.225,0.0,43.67,644.88,117.37,78.95,77.20,0.9356,11.0300,107.7700,0.0000,0.0000,0.8728,0,107.7700,468.7146,484.4801,2.2438,479.6199,0.3083,PHASE_2_DRIVING,114.13,5.49,631.9,88.4,31.74,855,733,,
3820,15:52:29.501,ROI,160,160,160,160,15.63,16.36,8.675,0.0,61.11,644.41,116.25,78.31,79.44,0.9605,12.1500,108.4600,0.0000,0.0000,0.9105,0,108.4600,468.7842,484.6156,2.1812,479.6390,0.3143,PHASE_2_DRIVING,114.19,5.45,631.9,88.4,30.53,804,723,,
3821,15:52:29.566,ROI,160,160,160,160,15.51,16.39,0.0,0.0,61.02,644.06,116.57,79.70,78.91,0.9748,13.0600,108.7400,0.0000,0.0000,0.9131,0,108.7400,468.8822,484.7745,2.0970,479.6429,0.3229,PHASE_2_DRIVING,113.35,6.29,631.9,88.4,30.68,841,693,,
3822,15:52:29.612,ROI,160,160,160,160,15.25,16.04,0.0,24.375,62.33,643.12,115.35,79.66,78.93,0.9473,12.0700,108.6400,0.0000,0.0000,0.9022,0,108.6400,469.0056,484.8834,1.9912,479.5753,0.3343,PHASE_2_DRIVING,112.60,6.97,631.9,88.4,29.19,800,659,,
3823,15:52:29.677,ROI,160,160,160,160,15.46,16.22,8.025,0.0,61.64,643.34,114.58,77.28,78.62,0.9516,12.3900,109.2500,0.0000,0.0000,0.9082,0,109.2500,469.1347,484.9012,1.8774,479.4218,0.3475,PHASE_2_DRIVING,113.60,5.82,631.9,88.4,28.57,723,706,,
3824,15:52:29.740,ROI,160,160,160,160,12.04,12.83,0.0,0.0,77.96,642.39,113.26,78.28,79.43,0.9441,11.4200,107.4200,0.0000,0.0000,0.8773,0,107.4200,468.6131,484.7030,1.8031,478.9630,0.3567,PHASE_2_DRIVING,112.88,6.09,631.9,88.4,26.98,723,626,,
3825,15:52:29.788,ROI,160,160,160,160,14.32,15.05,0.0,0.0,66.44,641.73,114.19,77.88,78.93,0.9606,11.6800,108.3100,0.0000,0.0000,0.9141,0,108.3100,468.4141,484.5780,1.7004,478.5924,0.3703,PHASE_2_DRIVING,110.86,7.73,631.9,88.4,27.60,789,591,,
3826,15:52:29.916,ROI,160,160,160,160,10.28,11.24,0.0,0.0,88.94,640.93,112.19,76.79,79.12,0.9317,11.8700,107.3700,0.0000,0.0000,0.8711,0,107.3700,468.0725,484.5654,1.6108,478.2481,0.3830,PHASE_2_DRIVING,110.79,7.46,631.9,88.4,25.45,677,595,,
3827,15:52:29.966,ROI,160,160,160,160,11.55,12.69,0.0,30.8,78.81,640.27,111.61,78.80,80.24,0.9604,11.7600,107.8500,0.0000,0.0000,0.9032,0,107.8500,467.9154,484.5499,1.5019,477.9011,0.3997,PHASE_2_DRIVING,109.83,8.07,631.9,88.4,24.67,682,552,,
3828,15:52:30.029,ROI,160,160,192,192,12.74,13.54,0.0,0.0,73.84,640.00,112.01,75.17,75.76,0.9006,8.6900,106.6200,0.0000,0.0000,0.7714,0,106.6200,467.5858,484.7383,1.3929,477.5701,0.4179,PHASE_2_DRIVING,108.94,8.63,631.9,88.4,24.96,692,556,,
3829,15:52:30.093,ROI,160,160,160,160,12.96,13.61,0.0,0.0,73.45,639.41,108.56,78.64,83.36,0.8687,11.7100,106.0800,0.0000,0.0000,0.8888,0,106.0800,467.0549,484.7732,1.3155,477.1212,0.4319,PHASE_2_DRIVING,110.43,6.69,631.9,88.4,21.51,532,544,,
3830,15:52:30.140,ROI,160,160,192,192,13.58,14.40,0.0,0.0,69.44,639.54,109.16,74.74,77.83,0.8873,11.4600,102.0400,0.0000,0.0000,0.8402,0,102.0400,465.8701,484.8899,1.2007,476.2474,0.4544,PHASE_2_DRIVING,110.20,6.05,631.9,88.4,22.12,572,534,,
3831,15:52:30.204,ROI,160,160,160,160,13.99,14.66,7.95,0.0,68.19,638.94,108.03,75.72,79.90,0.9563,11.2200,106.1100,0.0000,0.0000,0.8943,0,106.1100,465.5923,484.9713,1.1113,475.7927,0.4736,PHASE_2_DRIVING,109.73,6.06,631.9,88.4,20.85,553,489,,
3832,15:52:30.253,ROI,160,160,160,160,14.38,15.08,0.0,0.0,66.29,638.97,106.64,76.16,80.10,0.9604,11.3000,106.3400,0.0000,0.0000,0.8921,0,106.3400,465.5994,484.9097,1.0660,475.5630,0.4840,PHASE_2_DRIVING,111.19,4.38,631.9,88.4,19.56,477,501,,
3833,15:52:30.381,ROI,160,160,192,192,13.10,14.55,0.0,0.0,68.73,638.37,105.48,75.25,77.72,0.9552,12.4900,101.7800,0.0000,0.0000,0.8453,0,101.7800,464.6285,484.5469,1.0288,474.7290,0.4929,PHASE_2_DRIVING,110.75,3.98,631.9,88.4,18.27,468,446,,
3834,15:52:30.429,ROI,160,160,160,160,11.41,12.31,0.0,0.0,81.26,638.26,105.29,75.37,80.40,0.9639,11.3100,105.8100,0.0000,0.0000,0.8743,0,105.8100,464.5170,483.8375,0.9945,474.1505,0.5014,PHASE_2_DRIVING,110.63,3.52,631.9,88.4,18.05,459,444,,
3835,15:52:30.493,ROI,160,160,192,192,14.96,15.92,7.625,0.0,62.80,637.11,103.97,74.09,76.66,0.9249,11.5000,101.2800,0.0000,0.0000,0.8177,0,101.2800,463.5900,482.8802,0.9745,473.1106,0.5065,PHASE_2_DRIVING,108.51,4.60,631.9,88.4,16.42,447,374,,
3836,15:52:30.556,ROI,160,160,160,160,14.00,14.94,0.0,0.0,66.92,637.14,105.62,73.80,76.97,0.9543,12.7800,107.5700,0.0000,0.0000,0.8405,0,107.5700,463.9239,482.0547,0.9308,472.6644,0.5179,PHASE_2_DRIVING,106.92,5.74,631.9,88.4,18.00,496,404,,
3837,15:52:30.604,ROI,160,160,160,160,14.39,15.11,11.875,25.9,66.18,637.38,104.03,73.51,78.69,0.9539,11.0100,106.1700,0.0000,0.0000,0.9017,0,106.1700,463.9898,481.1220,0.9138,472.1702,0.5225,PHASE_2_DRIVING,109.32,2.85,631.9,88.4,16.56,378,450,,
3838,15:52:30.671,ROI,160,160,160,160,13.56,14.46,0.0,0.0,69.16,637.25,103.83,76.01,80.24,0.9484,9.9300,104.4800,0.0000,0.0000,0.8984,0,104.4800,463.8144,480.0016,0.8935,471.4529,0.5281,PHASE_2_DRIVING,109.12,2.33,631.9,88.4,16.33,409,407,,
3839,15:52:30.733,ROI,160,160,192,192,10.65,11.47,8.175,0.0,87.20,636.08,102.65,76.01,78.96,0.9417,11.6700,101.3400,0.0000,0.0000,0.8251,0,101.3400,463.0974,478.9709,0.8693,470.4792,0.5350,PHASE_2_DRIVING,106.33,4.15,631.9,88.4,14.85,414,329,,
3840,15:52:30.781,ROI,160,160,160,160,11.91,12.63,10.65,0.0,79.15,636.55,102.79,73.96,79.46,0.9671,10.4900,105.7300,0.0000,0.0000,0.8617,0,105.7300,463.3975,477.9832,0.8358,470.0381,0.5447,PHASE_2_DRIVING,107.91,2.13,631.9,88.4,15.12,356,401,,
3841,15:52:30.908,ROI,160,160,160,160,12.24,12.92,0.0,30.3,77.43,635.45,101.99,74.67,79.48,0.9518,9.8600,105.6800,0.0000,0.0000,0.8868,0,105.6800,463.8063,477.0149,0.8058,469.7006,0.5538,PHASE_2_DRIVING,104.64,5.06,631.9,88.4,14.05,410,292,,
3842,15:52:30.957,ROI,160,160,160,160,12.91,13.79,0.0,0.0,72.52,635.01,101.62,72.82,79.52,0.9663,8.8400,106.0300,0.0000,0.0000,0.8452,0,106.0300,464.1460,476.0926,0.7861,469.4040,0.5599,PHASE_2_DRIVING,103.24,6.17,631.9,88.4,13.58,375,304,,
3843,15:52:31.020,ROI,160,160,160,160,11.01,11.65,8.025,0.0,85.86,634.82,100.76,72.67,79.61,0.9736,8.7500,105.7800,0.0000,0.0000,0.8634,0,105.7800,464.5578,475.5413,0.7426,469.2383,0.5739,PHASE_2_DRIVING,103.29,5.95,631.9,88.4,12.70,334,301,,
3844,15:52:31.068,ROI,160,160,160,160,13.77,14.47,21.7,0.0,69.11,634.60,100.33,73.83,77.68,0.9608,8.8600,106.7200,0.0000,0.0000,0.7725,0,106.7200,465.1020,475.3069,0.7185,469.3688,0.5819,PHASE_2_DRIVING,102.75,6.62,631.9,88.4,12.23,334,277,,
3845,15:52:31.133,ROI,160,160,160,160,12.97,13.72,0.0,0.0,72.86,634.75,99.93,73.71,78.00,0.9858,9.2600,105.8300,0.0000,0.0000,0.7975,0,105.8300,465.5287,475.3665,0.6880,469.5383,0.5924,PHASE_2_DRIVING,103.88,5.65,631.9,88.4,11.88,302,292,,
3846,15:52:31.197,ROI,160,160,160,160,10.08,10.78,7.75,0.0,92.77,633.88,99.40,73.88,77.07,0.9636,7.9000,106.2200,0.0000,0.0000,0.7739,0,106.2200,465.9340,476.1550,0.6427,469.9330,0.6087,PHASE_2_DRIVING,100.20,9.73,631.9,88.4,11.18,352,207,,
3847,15:52:31.245,ROI,160,160,160,160,12.62,13.29,10.725,0.0,75.22,634.29,99.43,72.52,76.09,0.9691,9.4100,105.7900,0.0000,0.0000,0.7872,0,105.7900,466.1984,477.0014,0.6289,470.3695,0.6139,PHASE_2_DRIVING,102.23,8.14,631.9,88.4,11.29,287,277,,
3848,15:52:31.373,ROI,160,160,160,160,11.86,12.61,0.0,31.025,79.32,633.53,98.54,74.16,76.13,0.9555,7.8900,104.1000,0.0000,0.0000,0.7839,0,104.1000,465.6730,478.1573,0.6025,470.3670,0.6240,PHASE_2_DRIVING,99.13,11.23,631.9,88.4,10.27,317,196,,
3849,15:52:31.420,ROI,160,160,160,160,13.79,14.65,0.0,0.0,68.27,633.59,98.75,72.77,77.05,0.9698,8.7900,105.2600,0.0000,0.0000,0.7916,0,105.2600,465.8011,479.5856,0.5726,470.8202,0.6359,PHASE_2_DRIVING,99.27,11.55,631.9,88.4,10.49,296,229,,
3850,15:52:31.485,ROI,160,160,160,160,9.56,10.23,0.0,0.0,97.79,633.35,98.99,72.25,76.01,0.9795,8.2900,105.7400,0.0000,0.0000,0.7919,0,105.7400,466.0680,481.0423,0.5419,471.3308,0.6485,PHASE_2_DRIVING,97.80,13.53,631.9,88.4,10.69,325,210,,
3851,15:52:31.548,ROI,160,160,160,160,12.55,13.56,0.0,0.0,73.76,633.45,98.49,71.94,76.33,0.9828,7.8300,105.5300,0.0000,0.0000,0.7848,0,105.5300,465.7957,482.2030,0.5233,471.4322,0.6565,PHASE_2_DRIVING,98.73,12.70,631.9,88.4,10.21,279,231,,
3852,15:52:31.597,ROI,160,160,160,160,10.47,11.18,0.0,0.0,89.44,633.08,97.51,72.26,76.80,0.9649,7.9600,104.4300,0.0000,0.0000,0.7959,0,104.4300,465.6802,482.9083,0.5095,471.4952,0.6625,PHASE_3_FINAL_ALIGNING,15.35,96.15,631.9,88.4,9.19,1923,-1923,,
3853,15:52:31.660,ROI,160,160,160,160,15.25,16.07,7.4,0.0,62.21,633.14,97.56,73.21,75.97,0.9765,7.8100,104.2200,0.0000,0.0000,0.7777,0,104.2200,465.0427,483.2701,0.5092,471.1927,0.6626,PHASE_3_FINAL_ALIGNING,15.35,95.84,631.9,88.4,9.24,1917,-1917,,
3854,15:52:31.724,ROI,160,160,160,160,13.73,14.44,0.0,0.0,69.26,632.98,97.27,72.73,75.74,0.9859,8.2200,104.4500,0.0000,0.0000,0.7484,0,104.4500,465.0995,483.8350,0.4714,471.1021,0.6796,PHASE_3_FINAL_ALIGNING,15.35,95.75,631.9,88.4,8.94,1915,-1915,,
3855,15:52:31.772,ROI,160,160,160,160,11.97,12.62,0.0,0.0,79.24,632.82,97.99,72.75,76.06,0.9769,8.5300,104.4300,0.0000,0.0000,0.7983,0,104.4300,465.0515,484.2415,0.4292,470.8141,0.6997,PHASE_3_FINAL_ALIGNING,15.35,95.46,631.9,88.4,9.63,1909,-1909,,
3856,15:52:31.901,ROI,160,160,160,160,9.99,10.75,0.0,0.0,93.00,632.44,97.10,71.27,75.04,0.9569,9.0000,104.2000,0.0000,0.0000,0.7770,0,104.2000,464.7991,484.3304,0.3928,470.3070,0.7180,PHASE_3_FINAL_ALIGNING,15.35,94.96,631.9,88.4,8.72,1899,-1899,,
3857,15:52:31.949,ROI,160,160,160,160,9.71,10.31,10.3,0.0,96.95,632.00,97.17,71.20,74.61,0.9821,8.8600,103.5800,0.0000,0.0000,0.7843,0,103.5800,464.0758,484.6046,0.3744,469.6675,0.7276,PHASE_3_FINAL_ALIGNING,15.35,94.32,631.9,88.4,8.77,1886,-1886,,
3858,15:52:32.012,ROI,160,160,160,160,13.06,13.93,7.475,0.0,71.76,631.64,96.07,71.27,75.18,0.9614,9.6400,102.7500,0.0000,0.0000,0.7944,0,102.7500,463.6311,484.6362,0.3541,469.1245,0.7385,PHASE_3_FINAL_ALIGNING,15.35,93.77,631.9,88.4,7.67,1875,-1875,,
3859,15:52:32.061,ROI,160,160,160,160,16.51,18.34,0.0,0.0,54.54,631.94,95.15,72.08,77.36,0.9609,8.5900,103.8700,0.0000,0.0000,0.7447,0,103.8700,463.4624,484.2588,0.3524,468.8818,0.7394,PHASE_3_FINAL_ALIGNING,15.35,93.53,631.9,88.4,6.75,1871,-1871,,
3860,15:52:32.124,ROI,160,160,160,160,13.64,14.39,0.0,0.0,69.49,631.14,94.72,70.69,76.32,0.9647,9.3100,101.4100,0.0000,0.0000,0.7410,0,101.4100,462.8608,483.9502,0.3596,468.4387,0.7355,PHASE_3_FINAL_ALIGNING,15.35,93.09,631.9,88.4,6.37,1862,-1862,,
3861,15:52:32.190,ROI,160,160,160,160,18.13,19.02,0.0,0.0,52.58,630.36,95.38,69.05,76.39,0.9603,9.1600,100.7000,0.0000,0.0000,0.7032,0,100.7000,462.1672,484.2102,0.3648,468.0595,0.7327,PHASE_3_FINAL_ALIGNING,15.35,92.71,631.9,88.4,7.15,1854,-1854,,
3862,15:52:32.301,ROI,160,160,160,160,11.73,12.91,0.0,0.0,77.46,631.55,94.02,68.11,76.90,0.9328,10.9600,95.7000,0.0000,0.0000,0.7844,0,95.7000,460.6437,483.9124,0.3730,466.9649,0.7283,PHASE_3_FINAL_ALIGNING,15.35,91.61,631.9,88.4,5.63,1832,-1832,,
3863,15:52:32.365,ROI,160,160,160,160,13.19,14.29,7.675,0.0,69.99,631.92,94.49,68.51,76.76,0.9773,10.2200,93.6900,0.0000,0.0000,0.7513,0,93.6900,458.8033,482.9312,0.3622,465.2188,0.7341,PHASE_3_FINAL_ALIGNING,15.35,89.87,631.9,88.4,6.09,1797,-1797,,
3864,15:52:32.413,ROI,160,160,160,160,11.32,12.03,0.0,0.0,83.09,632.67,94.21,68.67,77.92,0.9639,11.1800,91.4100,0.0000,0.0000,0.7651,0,91.4100,456.7526,481.3806,0.3555,463.2117,0.7377,PHASE_3_FINAL_ALIGNING,15.35,87.86,631.9,88.4,5.86,1757,-1757,,
3865,15:52:32.477,ROI,160,160,160,160,13.72,14.39,0.0,0.0,69.47,632.71,93.97,67.82,77.24,0.9790,10.9000,88.5100,0.0000,0.0000,0.7812,0,88.5100,454.3203,478.8200,0.3400,460.5369,0.7463,PHASE_3_FINAL_ALIGNING,15.35,85.19,631.9,88.4,5.63,1704,-1704,,
3866,15:52:32.540,ROI,160,160,160,160,14.45,15.26,7.975,0.0,65.53,632.85,93.10,66.86,77.15,0.9640,14.9300,81.8500,0.0000,0.0000,0.8253,0,81.8500,450.6402,475.4615,0.3511,457.0898,0.7402,PHASE_3_FINAL_ALIGNING,15.35,81.74,631.9,88.4,4.80,1635,-1635,,
3867,15:52:32.589,ROI,160,160,160,160,13.35,14.24,0.0,0.0,70.20,633.27,91.84,67.27,76.13,0.9558,15.9200,79.4000,0.0000,0.0000,0.8257,0,79.4000,446.9780,471.1627,0.3701,453.5113,0.7299,PHASE_3_FINAL_ALIGNING,15.35,78.16,631.9,88.4,3.70,1563,-1563,,
3868,15:52:32.701,ROI,160,160,160,160,12.33,13.14,0.0,0.0,76.07,632.91,92.34,71.55,77.25,0.9266,15.8400,72.7300,0.0000,0.0000,0.8265,0,72.7300,442.4575,466.4954,0.3667,448.9066,0.7317,PHASE_3_FINAL_ALIGNING,15.35,73.56,631.9,88.4,4.07,1471,-1471,,
3869,15:52:32.764,ROI,160,160,160,160,10.25,10.98,15.75,35.6,91.09,632.86,90.10,73.46,75.46,0.9194,15.3400,62.5300,0.0000,0.0000,0.7687,0,62.5300,436.4051,461.3567,0.4006,443.5418,0.7140,PHASE_3_FINAL_ALIGNING,15.35,68.19,631.9,88.4,1.95,1364,-1364,,
3870,15:52:32.829,ROI,160,160,160,160,12.45,13.22,7.2,0.0,75.66,633.55,90.84,79.66,76.27,0.9047,17.7100,58.4400,0.0000,0.0000,0.8693,0,58.4400,430.1477,455.7093,0.4261,437.7855,0.7012,PHASE_3_FINAL_ALIGNING,15.35,62.44,631.9,88.4,2.95,1249,-1249,,
3871,15:52:32.876,ROI,160,160,160,160,11.40,12.04,0.0,0.0,83.03,634.43,88.30,87.06,74.17,0.8586,17.8700,53.0400,0.0000,0.0000,0.8523,0,53.0400,423.5686,449.5247,0.4863,432.0612,0.6728,PHASE_3_FINAL_ALIGNING,15.35,56.71,631.9,88.4,2.53,1134,-1134,,
3872,15:52:32.939,ROI,160,160,192,192,11.98,12.83,0.0,0.0,77.95,634.46,88.70,89.64,73.22,0.9592,15.2200,47.9300,0.0000,0.0000,0.7758,0,47.9300,416.8670,443.3432,0.5287,426.0235,0.6542,PHASE_3_FINAL_ALIGNING,15.35,50.67,631.9,88.4,2.57,1013,-1013,,
3873,15:52:33.005,ROI,160,160,192,192,15.21,15.94,0.0,0.0,62.74,633.52,87.91,92.90,71.34,0.9409,14.6800,44.4100,0.0000,0.0000,0.7578,0,44.4100,410.4343,437.6077,0.5495,420.0714,0.6453,PHASE_3_FINAL_ALIGNING,15.35,44.72,631.9,88.4,1.69,894,-894,,
3874,15:52:33.052,ROI,160,160,192,192,12.63,13.74,0.0,0.0,72.76,634.74,86.81,97.15,67.30,0.9043,15.4500,38.9600,0.0000,0.0000,0.7492,0,38.9600,403.9136,432.1843,0.5902,414.4063,0.6288,PHASE_3_FINAL_ALIGNING,15.35,39.06,631.9,88.4,3.26,781,-781,,
3875,15:52:33.182,ROI,160,160,224,224,12.95,13.90,3.375,0.0,71.97,633.48,87.68,98.74,66.93,0.9499,20.3100,29.8700,0.0000,0.0000,0.8762,0,29.8700,396.6080,427.7757,0.5839,408.0974,0.6314,PHASE_3_FINAL_ALIGNING,15.35,32.75,631.9,88.4,1.74,655,-655,,
3876,15:52:33.230,ROI,160,160,224,224,14.58,15.61,0.0,0.0,64.04,633.55,87.84,99.43,65.10,0.9661,19.2200,27.1700,3.9700,15.1700,0.8512,0,27.1700,389.9506,424.3728,0.5739,402.5018,0.6354,PHASE_3_FINAL_ALIGNING,15.35,27.15,631.9,88.4,1.74,543,-543,,
3877,15:52:33.292,ROI,160,160,224,224,15.88,16.69,8.35,0.0,59.93,631.92,88.94,101.05,66.49,0.9364,16.9800,23.1200,2.9300,8.1200,0.8521,0,23.1200,383.9148,422.2986,0.5385,397.3503,0.6500,PHASE_3_FINAL_ALIGNING,15.35,22.00,631.9,88.4,0.54,440,-440,,
3878,15:52:33.356,ROI,160,160,224,224,13.67,14.54,0.0,0.0,68.76,631.64,89.28,101.64,66.21,0.9842,14.9500,19.2300,4.4500,4.0600,0.8827,0,19.2300,378.2261,422.2097,0.4902,392.6937,0.6711,PHASE_3_FINAL_ALIGNING,15.35,17.34,631.9,88.4,0.91,347,-347,,
3879,15:52:33.405,ROI,160,160,224,224,18.82,19.92,0.0,0.0,50.20,631.34,89.75,102.34,66.65,0.9791,13.5700,14.6700,4.3200,0.7900,0.8992,0,14.6700,372.9669,425.0030,0.4126,388.1670,0.7079,PHASE_3_FINAL_ALIGNING,15.35,12.82,631.9,88.4,1.47,256,-256,,
3880,15:52:33.470,ROI,160,160,224,224,15.78,16.76,0.0,0.0,59.65,631.64,89.53,102.55,66.57,0.9874,13.4400,14.2300,4.1700,0.6900,0.9079,0,14.2300,368.5714,429.7763,0.3642,384.9115,0.7330,PHASE_3_FINAL_ALIGNING,15.35,9.56,631.9,88.4,1.16,191,-191,,
3881,15:52:33.533,ROI,160,160,224,224,16.27,17.02,0.0,0.0,58.77,630.83,89.46,101.68,66.33,0.9807,12.2200,9.3900,4.2000,-0.9800,0.8431,0,9.3900,364.3912,400.2744,0.3097,372.8763,0.7635,PHASE_3_FINAL_ALIGNING,15.35,-2.47,631.9,88.4,1.50,-50,50,,
3882,15:52:33.581,ROI,160,160,224,224,15.27,16.61,12.575,0.0,60.19,631.78,89.47,102.54,67.34,0.9670,12.5600,8.5500,3.2000,-0.7500,0.8840,0,8.5500,361.2647,375.7977,0.2522,364.1918,0.7986,PHASE_3_FINAL_ALIGNING,15.35,-11.16,631.9,88.4,1.08,-223,223,,
3883,15:52:33.692,ROI,160,160,224,224,15.70,16.42,8.25,0.0,60.91,630.68,89.05,101.67,65.35,0.9500,15.7500,3.2500,5.3500,-2.9900,0.9124,0,3.2500,358.1849,357.5594,0.2204,358.0719,0.8194,PHASE_3_FINAL_ALIGNING,15.35,-17.28,631.9,88.4,1.39,-346,346,,
3884,15:52:33.757,ROI,160,160,224,224,14.30,15.19,0.0,0.0,65.85,630.21,89.75,102.58,66.99,0.9667,14.8800,4.4300,4.6100,-2.7000,0.8577,0,4.4300,356.1024,346.1024,0.2153,354.3311,0.8229,PHASE_3_FINAL_ALIGNING,15.35,-21.02,631.9,88.4,2.17,-420,420,,
3885,15:52:33.821,ROI,160,160,224,224,17.65,18.39,7.925,21.3,54.37,629.68,89.11,101.65,65.20,0.9632,14.6900,4.0000,4.6700,-2.6700,0.8563,0,4.0000,355.0179,338.9077,0.2407,351.8922,0.8060,PHASE_3_FINAL_ALIGNING,15.35,-23.46,631.9,88.4,2.33,-469,469,,
3886,15:52:33.869,ROI,160,160,224,224,14.99,15.85,0.0,0.0,63.09,630.29,89.95,102.44,66.36,0.9633,15.8300,3.4100,3.7800,-1.6900,0.9014,0,3.4100,354.3943,336.6068,0.2691,350.6223,0.7879,PHASE_3_FINAL_ALIGNING,15.35,-24.73,631.9,88.4,2.24,-495,495,,
3887,15:52:33.934,ROI,160,160,224,224,17.23,18.04,0.0,0.0,55.43,629.82,89.46,102.07,65.56,0.9763,16.3500,2.4300,5.2800,-4.0700,0.9152,0,2.4300,353.6530,336.1821,0.3052,349.5682,0.7662,PHASE_3_FINAL_ALIGNING,15.35,-25.78,631.9,88.4,2.34,-516,516,,
3888,15:52:33.997,ROI,160,160,224,224,16.69,17.83,8.575,21.9,56.09,630.30,89.78,102.02,66.19,0.9810,16.8400,2.1200,4.2100,-2.9400,0.9326,0,2.1200,353.4481,338.3121,0.3231,349.7517,0.7558,PHASE_3_FINAL_ALIGNING,15.35,-25.60,631.9,88.4,2.11,-512,512,,
3889,15:52:34.046,ROI,160,160,224,224,14.31,15.43,12.575,25.325,64.79,629.94,89.53,102.52,65.44,0.9817,16.4800,2.4900,5.4800,-4.0300,0.9153,0,2.4900,353.7071,341.0856,0.3085,350.7316,0.7643,PHASE_3_FINAL_ALIGNING,15.35,-24.62,631.9,88.4,2.26,-492,492,,
3890,15:52:34.174,ROI,160,160,224,224,18.43,19.33,0.0,0.0,51.73,631.59,90.13,104.16,67.00,0.9461,14.6400,5.9800,3.1800,-1.5400,0.8535,0,5.9800,354.9994,345.8739,0.2666,353.0785,0.7895,PHASE_3_FINAL_ALIGNING,15.35,-22.27,631.9,88.4,1.76,-445,445,,
3891,15:52:34.221,ROI,160,160,224,224,15.08,15.83,0.0,0.0,63.16,630.83,89.96,101.71,66.22,0.9651,15.4900,4.5400,5.4500,-2.7800,0.8736,0,4.5400,356.3419,351.6138,0.2388,355.4303,0.8072,PHASE_3_FINAL_ALIGNING,15.35,-19.92,631.9,88.4,1.89,-398,398,,
3892,15:52:34.284,ROI,160,160,224,224,14.27,15.35,8.225,25.45,65.16,631.36,89.45,101.44,66.33,0.9744,12.7400,8.0900,3.8000,-0.7500,0.8758,0,8.0900,358.5049,357.7712,0.1598,358.4038,0.8622,PHASE_3_FINAL_ALIGNING,15.35,-16.95,631.9,88.4,1.18,-339,339,,
3893,15:52:34.349,ROI,160,160,224,224,15.62,16.84,0.0,0.0,59.37,630.85,89.47,101.18,65.39,0.9760,11.7900,9.1900,4.6300,-1.3400,0.8360,0,9.1900,360.4246,364.1097,0.1100,360.7897,0.9009,PHASE_3_FINAL_ALIGNING,15.35,-14.56,631.9,88.4,1.50,-291,291,,
3894,15:52:34.397,ROI,160,160,224,224,16.87,18.38,0.0,0.0,54.40,631.40,89.35,101.50,65.55,0.9853,13.1200,7.8400,4.4800,-1.2900,0.8581,0,7.8400,362.1308,371.0071,0.0446,362.5096,0.9573,PHASE_3_FINAL_ALIGNING,15.35,-12.84,631.9,88.4,1.07,-257,257,,
3895,15:52:34.461,ROI,160,160,224,224,16.37,17.09,0.0,0.0,58.50,631.39,89.52,101.71,66.08,0.9899,13.2800,14.0200,4.1000,0.7500,0.8975,0,14.0200,364.9910,381.9918,0.0142,365.2285,0.9860,PHASE_3_FINAL_ALIGNING,15.35,-10.12,631.9,88.4,1.23,-202,202,,
3896,15:52:34.509,ROI,160,160,224,224,17.46,18.48,12.85,0.0,54.11,631.36,89.71,101.92,66.39,0.9921,13.5500,14.6100,4.4200,1.0100,0.8977,0,14.6100,367.6994,379.6571,0.0154,367.8810,0.9848,PHASE_3_FINAL_ALIGNING,15.35,-7.47,631.9,88.4,1.42,-149,149,,
3897,15:52:34.638,ROI,160,160,224,224,56.03,57.46,0.0,6.8,17.40,631.39,89.64,101.21,66.14,0.9892,14.4400,16.1200,4.4900,2.0800,0.9006,0,16.1200,370.2913,381.7355,0.0348,370.6756,0.9664,PHASE_3_FINAL_ALIGNING,15.35,-4.67,631.9,88.4,1.34,-93,93,,
3898,15:52:34.709,ROI,160,160,224,224,44.40,45.29,28.725,25.875,22.08,631.55,89.53,102.12,66.32,0.9877,14.6000,17.8500,4.3000,2.2600,0.8906,0,17.8500,373.1629,388.6056,0.0613,374.0546,0.9423,PHASE_3_FINAL_ALIGNING,15.35,-1.30,631.9,88.4,1.18,-26,26,,
3899,15:52:34.766,ROI,160,160,224,224,24.92,26.02,33.875,0.0,38.43,631.53,89.43,101.56,66.53,0.9914,15.3000,19.6700,4.5300,4.5200,0.8847,0,19.6700,375.8058,379.7021,0.0724,376.0688,0.9325,PHASE_3_FINAL_ALIGNING,15.35,0.72,631.9,88.4,1.10,14,-14,,
3900,15:52:34.812,ROI,160,160,224,224,19.34,20.47,19.2,0.0,48.86,631.52,88.97,101.71,66.18,0.9847,15.5800,20.9900,4.3300,5.4100,0.8762,0,20.9900,378.4451,372.4204,0.1011,377.8922,0.9082,PHASE_3_FINAL_ALIGNING,15.35,2.54,631.9,88.4,0.69,51,-51,,
3901,15:52:34.861,ROI,160,160,224,224,14.95,16.00,0.0,0.0,62.52,631.41,88.93,101.57,66.01,0.9953,16.2600,21.9800,3.8500,6.7000,0.8625,0,21.9800,380.4800,368.1336,0.1099,379.2570,0.9009,PHASE_3_FINAL_ALIGNING,15.35,3.91,631.9,88.4,0.72,78,-78,,
3902,15:52:34.925,ROI,160,160,224,224,15.91,16.62,0.0,0.0,60.15,631.27,88.96,100.90,65.98,0.9925,17.6900,23.7300,4.1700,9.8700,0.8363,0,23.7300,382.6756,366.2117,0.1044,381.1187,0.9054,PHASE_3_FINAL_ALIGNING,15.35,5.77,631.9,88.4,0.84,115,-115,,
3903,15:52:34.989,ROI,160,160,224,224,15.78,16.71,0.0,0.0,59.84,631.48,88.73,100.62,66.08,0.9891,17.8200,24.7200,4.0800,11.4000,0.8220,0,24.7200,384.6874,368.1080,0.0988,383.1960,0.9100,PHASE_3_FINAL_ALIGNING,15.35,7.85,631.9,88.4,0.54,157,-157,,
3904,15:52:35.101,ROI,160,160,224,224,16.42,17.17,0.0,22.8,58.25,631.74,88.45,100.23,65.34,0.9836,17.7600,25.0700,4.1600,12.0300,0.8108,0,25.0700,386.3418,372.2355,0.1010,385.0476,0.9083,PHASE_3_FINAL_ALIGNING,15.35,9.70,631.9,88.4,0.17,194,-194,,
3905,15:52:35.165,ROI,160,160,224,224,19.04,20.45,8.4,19.1,48.89,631.64,88.44,99.88,65.38,0.9959,17.7800,25.3300,4.1400,12.3600,0.8026,0,25.3300,387.5605,379.0508,0.0996,386.7896,0.9094,PHASE_3_FINAL_ALIGNING,15.35,11.44,631.9,88.4,0.26,229,-229,,
3906,15:52:35.214,ROI,160,160,224,224,17.90,19.04,13.525,0.0,52.53,631.87,88.37,100.06,65.44,0.9934,17.9600,25.6100,4.1100,12.6000,0.8027,0,25.6100,388.4003,387.4339,0.1018,388.3110,0.9076,PHASE_3_FINAL_ALIGNING,15.35,12.96,631.9,88.4,0.05,259,-259,,
3907,15:52:35.277,ROI,160,160,224,224,16.61,17.51,0.0,0.0,57.10,631.67,88.34,99.96,65.37,0.9950,17.9500,25.7800,4.0700,12.4100,0.7993,0,25.7800,388.9039,398.0294,0.1024,389.7512,0.9072,PHASE_3_FINAL_ALIGNING,15.35,14.40,631.9,88.4,0.24,288,-288,,
3908,15:52:35.341,ROI,160,160,224,224,16.53,17.31,0.0,22.625,57.76,631.87,88.33,99.90,65.28,0.9948,18.4000,25.8100,4.0500,12.4100,0.8002,0,25.8100,389.3929,407.3078,0.1030,391.0663,0.9066,PHASE_3_FINAL_ALIGNING,15.35,15.72,631.9,88.4,0.08,314,-314,,
3909,15:52:35.389,ROI,160,160,224,224,17.93,18.99,0.0,20.575,52.66,632.02,88.44,100.34,65.39,0.9923,17.9800,25.2300,4.1900,12.1600,0.8164,0,25.2300,389.2552,416.1165,0.0969,391.6276,0.9117,PHASE_3_FINAL_ALIGNING,15.35,16.28,631.9,88.4,0.13,326,-326,,
3910,15:52:35.501,ROI,160,160,224,224,14.95,16.00,0.0,0.0,62.51,630.96,88.73,99.43,65.88,0.9704,16.9200,23.6300,2.4100,4.4800,0.8325,0,23.6300,388.8215,425.6545,0.0885,391.8167,0.9187,PHASE_3_FINAL_ALIGNING,15.35,16.47,631.9,88.4,0.99,329,-329,,
3911,15:52:35.565,ROI,160,160,224,224,13.63,14.92,0.0,0.0,67.02,631.68,88.65,103.08,66.05,0.9621,15.5300,20.2100,3.0900,3.0200,0.8941,0,20.2100,387.5374,435.3321,0.0817,391.1453,0.9245,PHASE_3_FINAL_ALIGNING,15.35,15.80,631.9,88.4,0.33,316,-316,,
3912,15:52:35.628,ROI,160,160,224,224,13.82,14.87,7.975,26.275,67.24,632.13,89.03,101.19,65.67,0.9705,15.6800,19.8900,4.5100,5.0000,0.8911,0,19.8900,385.8445,442.5076,0.0739,389.7422,0.9312,PHASE_3_FINAL_ALIGNING,15.35,14.39,631.9,88.4,0.67,288,-288,,
3913,15:52:35.677,ROI,160,160,224,224,19.08,20.31,0.0,0.0,49.23,631.01,89.04,101.30,66.23,0.9698,16.7000,21.3500,2.4000,3.1200,0.8816,0,21.3500,384.9257,452.2824,0.0560,388.4957,0.9470,PHASE_3_FINAL_ALIGNING,15.35,13.15,631.9,88.4,1.10,263,-263,,
3914,15:52:35.740,ROI,160,160,224,224,14.98,15.89,0.0,0.0,62.94,631.56,89.22,101.04,65.59,0.9795,14.6600,17.4800,4.7600,4.4300,0.9021,0,17.4800,383.1517,453.2872,0.0331,385.3980,0.9680,PHASE_3_FINAL_ALIGNING,15.35,10.05,631.9,88.4,0.89,201,-201,,
3915,15:52:35.805,ROI,160,160,224,224,13.87,14.60,0.0,26.775,68.50,631.24,89.54,101.63,66.00,0.9840,14.3800,16.4900,4.3800,2.5900,0.9061,0,16.4900,381.2925,460.1142,0.0045,381.6469,0.9955,PHASE_3_FINAL_ALIGNING,15.35,6.30,631.9,88.4,1.32,126,-126,,
3916,15:52:35.852,ROI,160,160,224,224,16.36,17.29,0.0,0.0,57.84,631.38,89.73,102.05,66.50,0.9883,14.2000,15.6200,4.3500,1.7700,0.9097,0,15.6200,379.4410,459.4820,0.0253,381.4178,0.9753,PHASE_3_FINAL_ALIGNING,15.35,6.07,631.9,88.4,1.43,121,-121,,
3917,15:52:35.981,ROI,160,160,224,224,17.52,18.20,0.0,0.0,54.95,631.64,89.46,101.81,66.56,0.9869,13.7400,14.9000,4.1800,1.3600,0.9108,0,14.9000,377.6835,459.2774,0.0470,381.3499,0.9551,PHASE_3_FINAL_ALIGNING,15.35,6.00,631.9,88.4,1.09,120,-120,,
3918,15:52:36.028,ROI,160,160,224,224,17.66,18.57,13.3,0.0,53.85,631.48,89.43,101.85,66.25,0.9921,13.5400,14.5400,4.1700,1.0200,0.9082,0,14.5400,376.0826,458.1769,0.0597,380.7061,0.9437,PHASE_3_FINAL_ALIGNING,15.35,5.36,631.9,88.4,1.12,107,-107,,
3919,15:52:36.092,ROI,160,160,224,224,14.88,15.63,0.0,25.075,63.99,631.35,89.60,101.91,66.08,0.9925,12.1700,13.0300,4.2900,0.3500,0.8888,0,13.0300,374.3958,456.0223,0.0741,380.0284,0.9310,PHASE_3_FINAL_ALIGNING,15.35,4.68,631.9,88.4,1.32,94,-94,,
3920,15:52:36.141,ROI,160,160,224,224,15.97,16.85,0.0,0.0,59.36,631.17,89.52,101.47,66.00,0.9932,11.8700,12.6300,4.3200,0.3000,0.8803,0,12.6300,372.9786,451.8165,0.0880,379.3580,0.9191,PHASE_3_FINAL_ALIGNING,15.35,4.01,631.9,88.4,1.33,80,-80,,
3921,15:52:36.204,ROI,160,160,224,224,14.74,15.42,0.0,25.35,64.84,630.94,89.38,101.51,66.00,0.9914,12.1000,11.8300,4.3600,0.0900,0.8733,0,11.8300,371.7024,446.9838,0.0953,378.2517,0.9130,PHASE_3_FINAL_ALIGNING,15.35,2.90,631.9,88.4,1.37,58,-58,,
3922,15:52:36.268,ROI,160,160,224,224,14.25,15.13,7.975,25.825,66.09,631.62,89.29,101.82,66.01,0.9842,12.0900,10.8400,3.4300,0.1600,0.8946,0,10.8400,370.4886,442.6363,0.0884,376.3465,0.9188,PHASE_3_FINAL_ALIGNING,15.35,1.00,631.9,88.4,0.93,20,-20,,
3923,15:52:36.317,ROI,160,160,224,224,16.15,16.84,0.0,23.2,59.38,630.83,89.50,102.09,66.23,0.9784,12.3200,9.6200,4.3500,-0.4700,0.8471,0,9.6200,369.3036,437.9175,0.0892,374.9205,0.9181,PHASE_3_FINAL_ALIGNING,15.35,-0.43,631.9,88.4,1.53,-9,9,,
3924,15:52:36.446,ROI,160,160,224,224,14.40,15.53,0.0,0.0,64.38,631.67,89.49,101.70,66.58,0.9786,12.2100,9.4300,3.3300,-0.0900,0.8936,0,9.4300,368.3865,434.7370,0.0780,373.1863,0.9277,PHASE_3_FINAL_ALIGNING,15.35,-2.16,631.9,88.4,1.11,-43,43,,
3925,15:52:36.493,ROI,160,160,224,224,16.83,17.56,12.475,0.0,56.95,630.62,89.47,101.89,66.26,0.9750,13.4600,6.9800,4.8400,-2.0800,0.8507,0,6.9800,367.2706,430.7273,0.0737,371.6255,0.9314,PHASE_3_FINAL_ALIGNING,15.35,-3.72,631.9,88.4,1.67,-75,75,,
3926,15:52:36.556,ROI,160,160,224,224,14.04,14.95,8.575,0.0,66.90,631.64,89.47,101.85,66.81,0.9723,12.5500,9.4100,3.4100,-0.2000,0.8961,0,9.4100,366.9853,427.2011,0.0558,370.1690,0.9471,PHASE_3_FINAL_ALIGNING,15.35,-5.18,631.9,88.4,1.11,-104,104,,
3927,15:52:36.621,ROI,160,160,224,224,15.88,16.61,0.0,0.0,60.19,630.68,89.50,102.05,66.43,0.9758,13.9100,6.3100,5.1600,-2.0700,0.8447,0,6.3100,366.2888,422.1868,0.0451,368.7034,0.9568,PHASE_3_FINAL_ALIGNING,15.35,-6.65,631.9,88.4,1.65,-133,133,,
3928,15:52:36.668,ROI,160,160,224,224,14.38,15.40,12.925,25.35,64.92,631.69,89.42,102.26,66.98,0.9724,12.6600,9.0800,3.4500,-0.1700,0.8897,0,9.0800,366.3133,416.1454,0.0372,368.1025,0.9641,PHASE_3_FINAL_ALIGNING,15.35,-7.25,631.9,88.4,1.04,-145,145,,
3929,15:52:36.734,ROI,160,160,224,224,17.58,18.53,0.0,0.0,53.98,630.83,89.45,101.96,66.46,0.9757,14.0200,6.3700,5.2100,-1.9900,0.8470,0,6.3700,365.6585,407.0158,0.0320,366.9391,0.9690,PHASE_3_FINAL_ALIGNING,15.35,-8.41,631.9,88.4,1.49,-168,168,,
3930,15:52:36.797,ROI,160,160,224,224,12.97,13.88,0.0,0.0,72.05,631.48,89.40,102.35,66.91,0.9807,13.1000,8.1900,3.4400,-0.4000,0.8836,0,8.1900,365.5834,398.8689,0.0110,365.9464,0.9891,PHASE_3_FINAL_ALIGNING,15.35,-9.40,631.9,88.4,1.09,-188,188,,
3931,15:52:36.844,ROI,160,160,224,224,17.14,18.52,0.0,21.125,53.99,630.94,89.49,102.06,66.43,0.9825,14.1000,6.3900,5.1000,-2.0300,0.8517,0,6.3900,365.5074,385.4657,0.0206,365.9093,0.9799,PHASE_3_FINAL_ALIGNING,15.35,-9.44,631.9,88.4,1.45,-189,189,,
3932,15:52:36.973,ROI,160,160,224,224,13.77,14.68,3.55,0.0,68.13,631.57,89.45,102.70,67.10,0.9780,12.7800,8.9700,3.3700,-0.3700,0.8923,0,8.9700,365.7919,366.9715,0.0116,365.8053,0.9886,PHASE_3_FINAL_ALIGNING,15.35,-9.54,631.9,88.4,1.10,-191,191,,
3933,15:52:37.020,ROI,160,160,224,224,17.27,17.98,23.725,21.775,55.61,630.94,89.61,101.92,66.81,0.9829,13.6800,6.8700,4.9200,-1.9300,0.8580,0,6.8700,365.6858,359.1652,0.0159,365.5840,0.9844,PHASE_3_FINAL_ALIGNING,15.35,-9.77,631.9,88.4,1.55,-195,195,,
3934,15:52:37.086,ROI,160,160,224,224,18.66,19.54,0.0,0.0,51.18,631.76,89.28,101.81,66.64,0.9742,12.1700,10.2300,3.1700,0.0300,0.9035,0,10.2300,366.3396,347.3984,0.0044,366.2568,0.9956,PHASE_3_FINAL_ALIGNING,15.35,-9.09,631.9,88.4,0.89,-182,182,,
3935,15:52:37.132,ROI,160,160,224,224,16.28,17.13,0.0,0.0,58.37,630.87,89.31,100.91,65.88,0.9715,11.7700,8.6300,4.3300,-0.6200,0.8413,0,8.6300,366.6805,332.8613,0.0057,366.4898,0.9944,PHASE_3_FINAL_ALIGNING,15.35,-8.86,631.9,88.4,1.37,-177,177,,
3936,15:52:37.197,ROI,160,160,224,224,16.93,17.92,8.225,0.0,55.82,631.82,89.36,101.37,66.44,0.9733,12.4300,9.3100,3.4600,-0.4200,0.8853,0,9.3100,367.2306,336.4740,0.0131,366.8322,0.9870,PHASE_3_FINAL_ALIGNING,15.35,-8.52,631.9,88.4,0.97,-170,170,,
3937,15:52:37.260,ROI,160,160,224,224,17.47,18.46,0.0,0.0,54.18,631.35,89.17,101.43,65.59,0.9781,12.0700,10.4500,4.3900,-0.2200,0.8578,0,10.4500,367.9380,340.4950,0.0173,367.4700,0.9829,PHASE_3_FINAL_ALIGNING,15.35,-7.88,631.9,88.4,0.94,-158,158,,
3938,15:52:37.308,ROI,160,160,224,224,17.11,18.03,0.0,0.0,55.47,631.50,89.19,101.29,65.62,0.9961,11.9000,11.8000,4.2600,0.0800,0.8702,0,11.8000,368.9225,344.9644,0.0209,368.4313,0.9795,PHASE_3_FINAL_ALIGNING,15.35,-6.92,631.9,88.4,0.89,-138,138,,
3939,15:52:37.436,ROI,160,160,224,224,14.26,15.01,3.525,0.0,66.64,631.49,89.19,101.63,66.05,0.9901,13.2300,14.4000,4.1800,1.1700,0.8998,0,14.4000,370.3648,352.1515,0.0214,369.9837,0.9791,PHASE_3_FINAL_ALIGNING,15.35,-5.37,631.9,88.4,0.89,-107,107,,
3940,15:52:37.484,ROI,160,160,224,224,15.82,16.74,0.0,0.0,59.75,631.15,89.17,102.05,65.80,0.9897,13.5300,14.8100,3.7400,1.9000,0.9016,0,14.8100,371.7360,360.8064,0.0283,371.4352,0.9725,PHASE_3_FINAL_ALIGNING,15.35,-3.91,631.9,88.4,1.07,-78,78,,
3941,15:52:37.549,ROI,160,160,224,224,14.05,15.23,8.05,0.0,65.68,631.08,89.40,102.13,66.01,0.9914,13.3600,14.6400,3.7300,1.6300,0.8944,0,14.6400,372.8671,373.2439,0.0192,372.8742,0.9811,PHASE_3_FINAL_ALIGNING,15.35,-2.48,631.9,88.4,1.29,-50,50,,
3942,15:52:37.612,ROI,160,160,224,224,13.05,14.46,0.0,0.0,69.17,630.96,89.66,101.98,66.65,0.9879,13.3000,14.8200,4.3600,1.6500,0.8925,0,14.8200,373.9260,382.4151,0.0144,374.0462,0.9858,PHASE_3_FINAL_ALIGNING,15.35,-1.30,631.9,88.4,1.57,-26,26,,
3943,15:52:37.659,ROI,160,160,224,224,20.00,20.73,11.875,0.0,48.23,631.20,89.81,101.60,66.28,0.9895,13.3000,13.0100,3.4100,1.4500,0.8977,0,13.0100,374.2475,376.3299,0.0033,374.2545,0.9967,PHASE_3_FINAL_ALIGNING,15.35,-1.10,631.9,88.4,1.57,-22,22,,
3944,15:52:37.724,ROI,160,160,224,224,15.17,16.28,0.0,0.0,61.42,631.06,89.63,102.16,66.63,0.9891,14.2300,16.3000,4.4700,2.3300,0.9002,0,16.3000,375.4067,396.0371,0.0038,375.4855,0.9962,PHASE_3_FINAL_ALIGNING,15.35,0.14,631.9,88.4,1.49,3,-3,,
3945,15:52:37.789,ROI,160,160,224,224,15.62,16.34,0.0,0.0,61.21,630.92,89.50,101.51,66.14,0.9864,14.3200,16.4500,4.3300,2.3600,0.8989,0,16.4500,376.1313,400.1183,0.0181,376.5583,0.9822,PHASE_3_FINAL_ALIGNING,15.35,1.21,631.9,88.4,1.48,24,-24,,
3946,15:52:37.901,ROI,160,160,224,224,18.12,19.24,0.0,20.3,51.98,631.54,89.66,102.82,66.25,0.9828,14.4000,15.7300,3.5300,2.1800,0.9073,0,15.7300,376.8384,414.2084,0.0117,377.2721,0.9884,PHASE_3_FINAL_ALIGNING,15.35,1.92,631.9,88.4,1.31,38,-38,,
3947,15:52:37.949,ROI,160,160,224,224,14.41,15.46,0.0,0.0,64.70,631.13,89.59,101.58,66.07,0.9853,14.8300,17.2800,4.1800,2.7800,0.9032,0,17.2800,377.4449,419.9102,0.0198,378.2678,0.9806,PHASE_3_FINAL_ALIGNING,15.35,2.92,631.9,88.4,1.42,58,-58,,
3948,15:52:38.013,ROI,160,160,224,224,16.11,17.45,16.225,22.375,57.32,630.93,89.60,101.43,65.97,0.9947,14.7700,17.1600,4.1400,2.7400,0.9007,0,17.1600,378.0377,425.8977,0.0225,379.0900,0.9780,PHASE_4_FWD_BWD,15.35,3.74,631.9,88.4,1.54,0,0,,
3949,15:52:38.076,ROI,160,160,224,224,15.56,16.25,0.0,0.0,61.53,631.43,89.68,102.48,66.29,0.9849,14.5200,15.8200,3.5600,2.1200,0.9074,0,15.8200,377.9989,428.5104,0.0277,379.3622,0.9730,PHASE_4_FWD_BWD,15.35,4.01,631.9,88.4,1.37,0,0,,
3950,15:52:38.125,ROI,160,160,224,224,13.42,14.28,12.1,27.35,70.02,631.21,89.60,101.42,66.08,0.9865,15.0300,17.2300,3.6600,3.0200,0.9065,0,17.2300,378.3699,429.0645,0.0268,379.6937,0.9739,PHASE_4_FWD_BWD,15.35,4.34,631.9,88.4,1.38,0,0,,
3951,15:52:38.189,ROI,160,160,224,224,15.24,16.22,0.0,24.1,61.67,631.18,89.61,101.28,65.93,0.9963,15.0000,17.1900,4.0400,2.7200,0.9065,0,17.1900,378.3544,429.4301,0.0350,380.0826,0.9662,PHASE_4_FWD_BWD,15.35,4.73,631.9,88.4,1.41,0,0,,
3952,15:52:38.301,ROI,160,160,224,224,14.52,15.44,0.0,0.0,64.78,631.20,89.59,101.42,65.98,0.9978,14.9700,17.0700,4.0700,2.7600,0.9056,0,17.0700,378.5067,429.8163,0.0295,379.9768,0.9713,PHASE_4_FWD_BWD,15.35,4.63,631.9,88.4,1.38,0,0,,
3953,15:52:38.364,ROI,160,160,224,224,12.07,12.99,8.225,0.0,76.97,631.24,89.63,101.43,66.07,0.9979,14.9600,17.1200,3.7000,2.9200,0.9063,0,17.1200,378.3715,423.2375,0.0316,379.7446,0.9694,PHASE_4_FWD_BWD,15.35,4.39,631.9,88.4,1.40,0,0,,
3954,15:52:38.428,ROI,160,160,224,224,11.95,12.68,0.0,0.0,78.88,631.34,89.54,101.65,66.11,0.9953,15.0100,17.3400,3.6600,2.9900,0.9061,0,17.3400,378.2078,428.1597,0.0250,379.4253,0.9756,PHASE_4_FWD_BWD,15.35,4.08,631.9,88.4,1.28,0,0,,
3955,15:52:38.477,ROI,160,160,224,224,12.47,13.32,0.0,0.0,75.08,632.01,89.31,101.92,66.26,0.9799,14.8700,17.0000,3.7800,2.6100,0.9041,0,17.0000,377.9604,405.5623,0.0190,378.4744,0.9814,PHASE_4_FWD_BWD,15.35,3.12,631.9,88.4,0.91,0,0,,
3956,15:52:38.542,ROI,160,160,224,224,12.13,12.95,7.575,0.0,77.21,631.89,88.79,101.44,65.86,0.9799,14.9000,18.7500,2.3100,3.0400,0.8981,0,18.7500,378.1063,396.4379,0.0290,378.6228,0.9718,PHASE_4_FWD_BWD,15.35,3.27,631.9,88.4,0.39,0,0,,
3957,15:52:38.604,ROI,160,160,224,224,15.76,16.47,15.925,0.0,60.73,633.39,89.17,101.85,66.49,0.9599,11.6900,13.1100,4.6500,0.7400,0.8820,0,13.1100,377.2647,389.8086,0.0719,378.1065,0.9329,PHASE_4_FWD_BWD,15.35,2.76,631.9,88.4,1.68,0,0,,
3958,15:52:38.652,ROI,160,160,224,224,13.24,14.02,12.275,0.0,71.33,633.91,88.10,101.95,66.36,0.9589,12.8800,16.2900,4.2200,4.6100,0.8884,0,16.2900,377.1422,386.1250,0.1198,378.1031,0.8930,PHASE_4_FWD_BWD,15.35,2.75,631.9,88.4,2.03,0,0,,
3959,15:52:38.765,ROI,160,160,224,224,12.26,13.17,3.95,0.0,75.94,639.66,86.51,107.58,64.44,0.8559,11.1700,15.2300,3.4400,4.2100,0.8256,0,15.2300,376.7578,384.7888,0.2633,378.4318,0.7916,PHASE_4_FWD_BWD,15.35,3.08,631.9,88.4,7.99,0,0,,
3960,15:52:38.828,ROI,160,160,224,224,11.72,12.40,23.275,0.0,80.62,639.21,87.37,108.93,67.09,0.9486,13.0100,18.9900,0.0000,0.0000,0.8803,0,18.9900,377.1527,381.6412,0.3713,378.3681,0.7292,PHASE_4_FWD_BWD,15.35,3.02,631.9,88.4,7.38,0,0,,
3961,15:52:38.892,ROI,160,160,224,224,12.62,13.47,0.0,0.0,74.26,641.11,86.49,106.44,65.80,0.9402,13.8700,19.9700,2.2800,4.5700,0.8738,0,19.9700,377.4740,370.8521,0.5022,375.2602,0.6657,PHASE_4_FWD_BWD,15.35,-0.09,631.9,88.4,9.41,0,0,,
3962,15:52:38.941,ROI,160,160,224,224,12.29,12.99,11.15,0.0,76.98,644.65,86.46,109.31,67.44,0.9141,12.9800,16.6400,2.2400,2.9100,0.9079,0,16.6400,377.3571,371.8638,0.6695,375.1542,0.5990,PHASE_4_FWD_BWD,15.35,-0.20,631.9,88.4,12.90,0,0,,
3963,15:52:39.005,ROI,160,160,224,224,12.90,13.81,15.3,0.0,72.44,649.66,85.95,114.02,67.52,0.9009,11.4300,17.3000,2.0200,5.2500,0.8727,0,17.3000,377.3860,366.0898,0.8935,372.0554,0.5281,PHASE_4_FWD_BWD,15.35,-3.29,631.9,88.4,17.92,0,0,,
3964,15:52:39.069,ROI,160,160,256,256,13.30,14.09,15.475,0.0,70.99,650.49,86.06,117.12,68.80,0.9554,14.7700,15.6400,0.0000,0.0000,0.8885,0,15.6400,376.9802,365.8394,1.1038,371.1351,0.4753,PHASE_4_FWD_BWD,15.35,-4.21,631.9,88.4,18.73,0,0,,
3965,15:52:39.118,ROI,160,160,256,256,12.13,13.04,0.0,0.0,76.69,654.56,83.87,114.80,67.50,0.8758,16.8900,18.5100,0.0000,0.0000,0.8879,0,18.5100,377.3356,363.6232,1.3452,369.4701,0.4264,PHASE_4_FWD_BWD,15.35,-5.88,631.9,88.4,23.11,0,0,,
3966,15:52:39.244,ROI,160,160,256,256,12.10,12.83,3.45,0.0,77.92,657.55,82.13,110.78,67.02,0.9015,16.2600,17.9000,0.0000,0.0000,0.8765,0,17.9000,377.5313,362.2385,1.5913,368.1400,0.3859,PHASE_4_FWD_BWD,15.35,-7.21,631.9,88.4,26.41,0,0,,
3967,15:52:39.293,ROI,160,160,224,224,12.70,13.73,21.575,0.0,72.86,660.50,81.20,111.41,69.02,0.9215,16.5300,19.0600,0.0000,0.0000,0.8438,0,19.0600,377.8025,361.9072,1.8437,367.4969,0.3517,PHASE_4_FWD_BWD,15.35,-7.85,631.9,88.4,29.49,0,0,,
3968,15:52:39.357,ROI,160,160,224,224,10.41,11.11,7.825,0.0,90.00,662.14,79.59,107.56,66.78,0.9209,16.6100,18.6800,0.0000,0.0000,0.8758,0,18.6800,378.0958,363.6905,2.0651,368.3904,0.3263,PHASE_4_FWD_BWD,15.35,-6.96,631.9,88.4,31.50,0,0,,
3969,15:52:39.421,ROI,160,160,224,224,10.35,11.19,14.8,0.0,89.33,666.77,78.81,108.92,66.68,0.8975,15.2100,19.5200,0.0000,0.0000,0.8751,0,19.5200,378.5311,365.7416,2.3011,369.6159,0.3029,PHASE_4_FWD_BWD,15.35,-5.73,631.9,88.4,36.17,0,0,,
3970,15:52:39.468,ROI,160,160,224,224,12.50,13.18,21.475,0.0,75.85,667.95,77.64,105.81,65.63,0.9382,14.7000,21.1100,0.0000,0.0000,0.8398,0,21.1100,379.2377,370.0822,2.4863,372.7083,0.2868,PHASE_4_FWD_BWD,15.35,-2.64,631.9,88.4,37.62,0,0,,
3971,15:52:39.533,ROI,160,160,224,224,12.98,13.80,7.525,0.0,72.45,672.91,77.06,106.82,65.25,0.8953,15.6800,19.0200,0.0000,0.0000,0.9045,0,19.0200,379.4511,374.0724,2.6790,375.5344,0.2718,PHASE_4_FWD_BWD,15.35,0.18,631.9,88.4,42.55,0,0,,
3972,15:52:39.581,ROI,160,160,224,224,12.04,13.00,0.0,0.0,76.95,674.37,77.21,107.88,67.31,0.9437,14.8000,22.1000,0.0000,0.0000,0.8555,0,22.1000,380.2861,381.3575,2.8080,381.0761,0.2626,PHASE_4_FWD_BWD,15.35,5.73,631.9,88.4,43.92,0,0,,
3973,15:52:39.709,ROI,160,160,224,224,12.20,13.01,3.4,0.0,76.89,681.20,75.31,106.05,67.41,0.8343,15.8000,22.2500,0.0000,0.0000,0.8725,0,22.2500,381.0305,375.3705,2.9829,376.7916,0.2511,PHASE_4_FWD_BWD,15.35,1.44,631.9,88.4,51.01,0,0,,
3974,15:52:39.757,ROI,160,160,224,224,10.82,11.65,0.0,0.0,85.87,684.12,73.46,103.07,66.64,0.8960,17.8800,22.7900,0.0000,0.0000,0.8957,0,22.7900,381.9877,374.8519,3.1114,376.5875,0.2432,PHASE_4_FWD_BWD,15.35,1.24,631.9,88.4,54.32,0,0,,
3975,15:52:39.821,ROI,160,160,224,224,10.01,10.79,7.425,0.0,92.69,685.68,73.02,104.48,66.63,0.9580,16.8400,21.0100,0.0000,0.0000,0.8855,0,21.0100,381.8831,374.6452,3.1821,376.3759,0.2391,PHASE_4_FWD_BWD,15.35,1.03,631.9,88.4,55.93,0,0,,
3976,15:52:39.885,ROI,160,160,224,224,10.42,11.26,7.35,0.0,88.82,687.13,72.59,104.54,67.12,0.9603,17.7200,22.2400,0.0000,0.0000,0.8758,0,22.2400,382.2450,375.5829,3.1823,377.1758,0.2391,PHASE_4_FWD_BWD,15.35,1.83,631.9,88.4,57.45,0,0,,
3977,15:52:39.932,ROI,160,160,224,224,10.41,11.11,21.8,0.0,90.01,691.51,70.74,103.24,67.19,0.8718,18.5100,24.5900,0.0000,0.0000,0.8781,0,24.5900,382.8657,376.6092,3.2684,378.0749,0.2343,PHASE_4_FWD_BWD,15.35,2.72,631.9,88.4,62.17,0,0,,
3978,15:52:39.997,ROI,160,160,224,224,10.34,11.16,7.275,0.0,89.61,691.88,69.80,104.45,66.50,0.9612,17.4600,23.5600,0.0000,0.0000,0.8642,0,23.5600,383.5291,377.5573,3.2407,378.9655,0.2358,PHASE_4_FWD_BWD,15.35,3.62,631.9,88.4,62.80,0,0,,
3979,15:52:40.061,ROI,160,160,224,224,10.31,11.28,7.4,0.0,88.62,697.16,69.06,102.41,67.61,0.8842,19.2800,22.3900,0.0000,0.0000,0.8574,0,22.3900,383.9818,378.4618,3.2314,379.7663,0.2363,PHASE_4_FWD_BWD,15.35,4.42,631.9,88.4,68.06,0,0,,
3980,15:52:40.109,ROI,160,160,224,224,13.13,13.81,10.45,0.0,72.41,699.13,69.30,102.66,68.46,0.9505,18.1400,23.5600,0.0000,0.0000,0.8538,0,23.5600,384.2615,379.0927,3.1982,380.3239,0.2382,PHASE_4_FWD_BWD,15.35,4.97,631.9,88.4,69.89,0,0,,
3981,15:52:40.236,ROI,160,160,224,224,13.79,14.94,6.925,0.0,66.91,705.16,67.44,103.52,68.11,0.8447,18.4500,24.5100,0.0000,0.0000,0.8649,0,24.5100,384.6876,379.3535,3.2541,380.6074,0.2351,PHASE_4_FWD_BWD,15.35,5.26,631.9,88.4,76.20,0,0,,
3982,15:52:40.284,ROI,160,160,224,224,13.15,14.21,11.575,0.0,70.39,708.16,65.42,104.75,66.86,0.8907,15.8000,27.6900,0.0000,0.0000,0.8692,0,27.6900,385.4536,379.2873,3.2654,380.7330,0.2344,PHASE_4_FWD_BWD,15.35,5.38,631.9,88.4,79.65,0,0,,
3983,15:52:40.349,ROI,160,160,224,224,12.72,13.56,15.625,0.0,73.75,710.13,65.13,103.01,66.81,0.9546,16.7900,28.1700,0.0000,0.0000,0.8574,0,28.1700,386.4254,379.0811,3.2740,380.7995,0.2340,PHASE_4_FWD_BWD,15.35,5.45,631.9,88.4,81.62,0,0,,
3984,15:52:40.412,ROI,160,160,224,224,16.27,17.12,0.0,22.825,58.41,713.82,64.15,102.35,65.60,0.9043,17.2000,26.2600,0.0000,0.0000,0.8635,0,26.2600,386.7689,378.8454,3.2949,380.6903,0.2328,PHASE_4_FWD_BWD,15.35,5.34,631.9,88.4,85.44,0,0,,
3985,15:52:40.460,ROI,160,160,224,224,9.84,10.87,0.0,0.0,91.96,714.81,64.19,101.16,68.10,0.9455,16.5800,28.3200,0.0000,0.0000,0.8447,0,28.3200,387.5164,378.5429,3.2707,380.6440,0.2342,PHASE_4_FWD_BWD,15.35,5.29,631.9,88.4,86.37,0,0,,
3986,15:52:40.524,ROI,160,160,224,224,10.00,10.81,7.4,0.0,92.51,719.28,62.79,101.57,66.96,0.8798,17.2100,29.1700,0.0000,0.0000,0.8853,0,29.1700,388.2331,378.3116,3.2515,380.6453,0.2352,PHASE_4_FWD_BWD,15.35,5.30,631.9,88.4,91.05,0,0,,
3987,15:52:40.572,ROI,160,160,224,224,10.28,11.32,10.45,0.0,88.34,720.33,62.61,103.10,68.14,0.9628,16.6900,30.4300,0.0000,0.0000,0.8374,0,30.4300,389.1170,378.0680,3.2192,380.6867,0.2370,PHASE_4_FWD_BWD,15.35,5.34,631.9,88.4,92.11,0,0,,
3988,15:52:40.701,ROI,160,160,224,224,12.65,13.48,3.325,0.0,74.20,725.28,60.26,101.67,66.33,0.8489,15.8400,30.3700,0.0000,0.0000,0.8238,0,30.3700,389.9739,377.9539,3.1953,380.8191,0.2384,PHASE_4_FWD_BWD,15.35,5.47,631.9,88.4,97.53,0,0,,
3989,15:52:40.748,ROI,160,160,224,224,9.52,10.20,11.4,0.0,98.07,726.88,59.95,104.86,66.79,0.9606,14.8200,29.3500,0.0000,0.0000,0.7973,0,29.3500,390.2274,377.8477,3.1724,380.8147,0.2397,PHASE_4_FWD_BWD,15.35,5.46,631.9,88.4,99.15,0,0,,
3990,15:52:40.813,ROI,160,160,224,224,12.50,13.49,7.1,0.0,74.10,730.97,59.21,101.85,64.39,0.8913,16.1100,28.9800,0.0000,0.0000,0.8633,0,28.9800,390.5661,377.6503,3.1314,380.7765,0.2420,PHASE_4_FWD_BWD,15.35,5.43,631.9,88.4,103.28,0,0,,
3991,15:52:40.876,ROI,160,160,224,224,15.33,16.03,15.75,0.0,62.37,733.09,58.37,104.52,63.80,0.9354,16.2900,29.1900,0.0000,0.0000,0.8443,0,29.1900,390.8437,377.3589,3.1470,380.6107,0.2411,PHASE_4_FWD_BWD,15.35,5.26,631.9,88.4,105.56,0,0,,
3992,15:52:40.923,ROI,160,160,224,224,13.04,13.85,12.675,0.0,72.19,737.09,57.27,102.14,63.57,0.8955,16.0100,27.9500,0.0000,0.0000,0.8600,0,27.9500,390.8058,377.0884,3.1879,380.3638,0.2388,PHASE_4_FWD_BWD,15.35,5.01,631.9,88.4,109.70,0,0,,
3993,15:52:40.988,ROI,160,160,224,224,13.19,13.89,0.0,0.0,71.98,738.72,57.26,106.13,65.32,0.9366,17.4600,28.0800,0.0000,0.0000,0.8746,0,28.0800,390.5063,376.7818,3.1738,380.0700,0.2396,PHASE_4_FWD_BWD,15.35,4.72,631.9,88.4,111.27,0,0,,
3994,15:52:41.099,ROI,160,160,224,224,20.51,21.48,0.0,18.175,46.55,744.37,56.46,102.44,64.64,0.8764,13.7300,29.1800,0.0000,0.0000,0.8033,0,29.1800,390.4444,376.4253,3.1743,379.7837,0.2396,PHASE_4_FWD_BWD,15.35,4.43,631.9,88.4,116.92,0,0,,
3995,15:52:41.165,ROI,160,160,224,224,15.26,15.94,17.725,0.0,62.75,749.10,54.94,99.32,62.54,0.8692,16.2300,29.0200,0.0000,0.0000,0.8830,0,29.0200,390.4892,376.1026,3.2319,379.5021,0.2363,PHASE_4_FWD_BWD,15.35,4.15,631.9,88.4,121.88,0,0,,
3996,15:52:41.227,ROI,160,160,224,224,12.54,13.52,8.4,0.0,73.98,751.53,54.45,100.70,62.01,0.9379,15.6400,30.2300,0.0000,0.0000,0.8551,0,30.2300,390.5895,375.8811,3.2218,379.3651,0.2369,PHASE_4_FWD_BWD,15.35,4.02,631.9,88.4,124.36,0,0,,
3997,15:52:41.276,ROI,160,160,224,224,12.64,13.67,11.225,0.0,73.14,754.72,53.23,101.12,61.63,0.9035,16.7500,29.6700,0.0000,0.0000,0.8523,0,29.6700,390.3282,375.7278,3.2478,379.1649,0.2354,PHASE_4_FWD_BWD,15.35,3.81,631.9,88.4,127.76,0,0,,
3998,15:52:41.339,ROI,160,160,224,224,9.65,10.29,7.8,0.0,97.19,759.03,52.26,103.56,61.64,0.8921,17.4600,25.7200,0.0000,0.0000,0.8494,0,25.7200,389.2606,375.5199,3.2639,378.7425,0.2345,PHASE_4_FWD_BWD,15.35,3.39,631.9,88.4,132.16,0,0,,
3999,15:52:41.389,ROI,160,160,224,224,12.45,13.25,10.0,0.0,75.47,759.78,52.32,103.40,61.73,0.9837,17.8200,25.6000,0.0000,0.0000,0.8648,0,25.6000,388.2362,375.2130,3.2880,378.2501,0.2332,PHASE_4_FWD_BWD,15.35,2.90,631.9,88.4,132.88,0,0,,
4000,15:52:41.517,ROI,160,160,224,224,12.91,13.80,3.375,0.0,72.45,763.96,50.04,104.27,63.03,0.8599,18.2700,23.6000,0.0000,0.0000,0.8657,0,23.6000,387.1366,374.9741,3.3431,377.7745,0.2302,PHASE_4_FWD_BWD,15.35,2.42,631.9,88.4,137.52,0,0,,
4001,15:52:41.565,ROI,160,160,224,224,11.95,12.64,0.0,0.0,79.10,765.51,49.31,102.90,62.06,0.9484,15.6100,22.9100,0.0000,0.0000,0.8154,0,22.9100,386.0209,374.8035,3.3472,377.3839,0.2300,PHASE_4_FWD_BWD,15.35,2.03,631.9,88.4,139.21,0,0,,
4002,15:52:41.628,ROI,160,160,224,224,10.07,10.87,15.425,0.0,92.03,767.06,49.57,103.63,61.64,0.9622,15.2300,22.2600,0.0000,0.0000,0.7968,0,22.2600,384.6522,374.6623,3.3324,376.9682,0.2308,PHASE_4_FWD_BWD,15.35,1.62,631.9,88.4,140.62,0,0,,
4003,15:52:41.692,ROI,160,160,224,224,12.66,13.50,0.0,0.0,74.07,768.86,49.38,102.06,61.25,0.9594,15.2500,21.1100,0.0000,0.0000,0.8441,0,21.1100,383.3471,374.4952,3.2535,376.5763,0.2351,PHASE_4_FWD_BWD,15.35,1.23,631.9,88.4,142.41,0,0,,
4004,15:52:41.740,ROI,160,160,224,224,10.43,11.25,11.35,0.0,88.92,770.30,49.24,102.90,62.58,0.9519,15.5800,19.9400,0.0000,0.0000,0.8672,0,19.9400,382.0236,374.3355,3.1758,376.1766,0.2395,PHASE_4_FWD_BWD,15.35,0.83,631.9,88.4,143.83,0,0,,
4005,15:52:41.805,ROI,160,160,224,224,10.93,11.74,7.35,0.0,85.16,769.75,48.37,101.96,62.08,0.9623,15.1200,17.5300,0.0000,0.0000,0.8859,0,17.5300,380.5087,374.2185,3.0045,375.7892,0.2497,PHASE_4_FWD_BWD,15.35,0.44,631.9,88.4,143.54,0,0,,
4006,15:52:41.869,ROI,160,160,224,224,10.42,11.50,14.875,0.0,86.99,770.60,47.99,102.37,62.61,0.9718,14.7700,18.3400,0.0000,0.0000,0.8973,0,18.3400,379.3792,374.2837,2.8489,375.6075,0.2598,PHASE_4_FWD_BWD,15.35,0.26,631.9,88.4,144.46,0,0,,
4007,15:52:41.917,ROI,160,160,224,224,9.73,10.64,0.0,0.0,93.95,771.06,47.77,102.28,63.15,0.9824,14.0000,17.5000,0.0000,0.0000,0.8936,0,17.5000,378.1755,374.5003,2.6373,375.5107,0.2749,PHASE_4_FWD_BWD,15.35,0.16,631.9,88.4,144.97,0,0,,
4008,15:52:42.044,ROI,160,160,224,224,10.49,11.15,3.325,0.0,89.72,771.27,47.32,102.35,64.05,0.9821,15.0000,17.4400,0.0000,0.0000,0.9038,0,17.4400,377.1263,374.8336,2.4181,375.5044,0.2926,PHASE_4_FWD_BWD,15.35,0.15,631.9,88.4,145.29,0,0,,
4009,15:52:42.092,ROI,160,160,224,224,9.48,10.26,10.75,0.0,97.48,771.49,47.04,102.62,64.08,0.9870,14.9000,17.6400,0.0000,0.0000,0.9073,0,17.6400,376.3439,375.3303,2.1624,375.6508,0.3162,PHASE_4_FWD_BWD,15.35,0.30,631.9,88.4,145.59,0,0,,
4010,15:52:42.156,ROI,160,160,224,224,9.47,10.11,14.725,0.0,98.94,771.56,47.11,102.47,64.29,0.9952,15.1200,17.9000,0.0000,0.0000,0.9091,0,17.9000,375.6795,376.0266,1.9066,375.9072,0.3440,PHASE_4_FWD_BWD,15.35,0.56,631.9,88.4,145.64,0,0,,
4011,15:52:42.221,ROI,160,160,224,224,10.06,10.86,7.075,0.0,92.05,771.83,47.01,102.07,64.25,0.9918,14.9100,17.9100,0.0000,0.0000,0.9064,0,17.9100,375.2079,376.9046,1.6129,376.2552,0.3827,PHASE_4_FWD_BWD,15.35,0.91,631.9,88.4,145.92,0,0,,
4012,15:52:42.269,ROI,160,160,224,224,10.05,10.69,10.575,0.0,93.59,771.88,47.03,102.02,64.11,0.9967,14.9800,17.8900,0.0000,0.0000,0.9076,0,17.8900,375.0329,377.8341,1.3587,376.6465,0.4240,PHASE_4_FWD_BWD,15.35,1.30,631.9,88.4,145.97,0,0,,
4013,15:52:42.332,ROI,160,160,224,224,9.50,10.26,7.475,0.0,97.48,771.81,47.46,102.44,63.92,0.9825,14.5600,18.1400,0.0000,0.0000,0.9001,0,18.1400,375.0893,378.7933,1.1382,377.0610,0.4677,PHASE_4_FWD_BWD,15.35,1.71,631.9,88.4,145.78,0,0,,
4014,15:52:42.381,ROI,160,160,224,224,10.15,10.81,10.075,0.0,92.48,771.46,47.46,102.63,63.83,0.9917,14.1900,17.5000,0.0000,0.0000,0.8913,0,17.5000,375.3401,379.8122,0.9110,377.4720,0.5233,PHASE_4_FWD_BWD,15.35,2.12,631.9,88.4,145.44,0,0,,
4015,15:52:42.508,ROI,160,160,224,224,10.19,10.95,6.725,0.0,91.31,769.25,47.94,102.66,62.30,0.9354,15.7600,18.4100,0.0000,0.0000,0.8948,0,18.4100,375.9382,381.1040,0.6685,378.0079,0.5993,PHASE_4_FWD_BWD,15.35,2.66,631.9,88.4,143.19,0,0,,
4016,15:52:42.556,ROI,160,160,224,224,10.11,10.75,0.0,0.0,93.00,768.57,48.20,101.39,62.36,0.9784,15.4200,19.3900,0.0000,0.0000,0.8860,0,19.3900,376.4956,382.6228,0.4670,378.4460,0.6817,PHASE_4_FWD_BWD,15.35,3.10,631.9,88.4,142.46,0,0,,
4017,15:52:42.620,ROI,160,160,224,224,12.55,13.35,7.4,0.0,74.89,768.39,48.82,101.81,62.89,0.9765,15.2400,20.7500,0.0000,0.0000,0.8578,0,20.7500,377.4290,384.3221,0.2502,378.8084,0.7999,PHASE_4_FWD_BWD,15.35,3.46,631.9,88.4,142.12,0,0,,
4018,15:52:42.684,ROI,160,160,224,224,10.10,10.91,15.5,0.0,91.70,766.96,48.59,102.06,63.38,0.9649,16.3100,19.0700,0.0000,0.0000,0.9000,0,19.0700,377.8815,390.3251,0.0943,378.9536,0.9138,PHASE_4_FWD_BWD,15.35,3.60,631.9,88.4,140.81,0,0,,
4019,15:52:42.732,ROI,160,160,224,224,10.17,10.83,10.35,0.0,92.33,764.71,49.88,104.82,62.23,0.9199,16.2600,22.4600,0.0000,0.0000,0.8099,0,22.4600,379.0306,383.9264,0.1160,379.5394,0.8961,PHASE_4_FWD_BWD,15.35,4.19,631.9,88.4,138.28,0,0,,
4020,15:52:42.797,ROI,160,160,224,224,10.70,11.46,7.3,0.0,87.28,763.75,49.91,105.66,62.65,0.9753,17.0300,24.2400,0.0000,0.0000,0.8119,0,24.2400,380.4797,381.4364,0.2790,380.6884,0.7819,PHASE_4_FWD_BWD,15.35,5.34,631.9,88.4,137.35,0,0,,
4021,15:52:42.861,ROI,160,160,224,224,11.52,12.23,14.825,0.0,81.79,760.76,50.61,105.13,62.71,0.9246,16.5700,25.0400,0.0000,0.0000,0.8560,0,25.0400,381.9301,380.0575,0.4602,381.3399,0.6848,PHASE_4_FWD_BWD,15.35,5.99,631.9,88.4,134.29,0,0,,
4022,15:52:42.907,ROI,160,160,224,224,11.89,12.70,22.75,0.0,78.77,760.00,51.49,103.70,62.41,0.9583,17.3800,25.3400,0.0000,0.0000,0.8456,0,25.3400,383.2429,379.4679,0.6158,381.8042,0.6189,PHASE_4_FWD_BWD,15.35,6.45,631.9,88.4,133.31,0,0,,
4023,15:52:43.020,ROI,160,160,224,224,11.78,12.45,7.8,0.0,80.30,755.38,53.37,101.29,61.53,0.8621,17.7600,27.0900,0.0000,0.0000,0.8903,0,27.0900,384.5513,379.1104,0.8432,382.0623,0.5425,PHASE_4_FWD_BWD,15.35,6.71,631.9,88.4,128.35,0,0,,
4024,15:52:43.083,ROI,160,160,224,224,9.86,10.67,15.425,36.6,93.70,750.69,54.73,100.84,61.29,0.8735,15.5100,27.7700,0.0000,0.0000,0.8395,0,27.7700,385.9213,378.8168,1.1069,382.1888,0.4746,PHASE_4_FWD_BWD,15.35,6.84,631.9,88.4,123.47,0,0,,
4025,15:52:43.148,ROI,160,160,224,224,10.37,11.18,7.225,0.0,89.47,747.52,55.22,104.37,63.24,0.9116,16.2200,28.9400,0.0000,0.0000,0.8790,0,28.9400,387.2719,378.4638,1.3724,382.1766,0.4215,PHASE_4_FWD_BWD,15.35,6.83,631.9,88.4,120.29,0,0,,
4026,15:52:43.196,ROI,160,160,224,224,10.63,11.39,0.0,0.0,87.76,743.86,56.29,104.89,64.89,0.9025,15.0600,29.5600,0.0000,0.0000,0.8791,0,29.5600,388.5421,378.0208,1.6471,381.9955,0.3778,PHASE_4_FWD_BWD,15.35,6.65,631.9,88.4,116.48,0,0,,
4027,15:52:43.260,ROI,160,160,224,224,13.55,14.23,7.5,0.0,70.26,742.31,56.88,105.76,65.07,0.9538,17.0900,26.8900,0.0000,0.0000,0.8963,0,26.8900,389.0754,377.5537,1.8855,381.5467,0.3466,PHASE_4_FWD_BWD,15.35,6.20,631.9,88.4,114.82,0,0,,
4028,15:52:43.324,ROI,160,160,224,224,14.69,15.81,15.55,0.0,63.24,739.77,57.43,106.04,64.86,0.9376,16.5900,26.5900,0.0000,0.0000,0.8840,0,26.5900,389.4139,377.0990,2.1048,381.0654,0.3221,PHASE_4_FWD_BWD,15.35,5.72,631.9,88.4,112.23,0,0,,
4029,15:52:43.373,ROI,160,160,224,224,14.35,15.03,12.05,0.0,66.51,736.52,58.25,105.59,66.04,0.9176,14.8400,27.0900,0.0000,0.0000,0.8602,0,27.0900,389.7033,376.6875,2.3085,380.6216,0.3023,PHASE_4_FWD_BWD,15.35,5.27,631.9,88.4,108.88,0,0,,
4030,15:52:43.501,ROI,160,160,224,224,14.11,15.07,3.45,0.0,66.34,728.92,59.44,103.54,65.69,0.8357,16.4200,27.7400,0.0000,0.0000,0.8688,0,27.7400,389.9626,376.2284,2.5683,380.0773,0.2802,PHASE_4_FWD_BWD,15.35,4.73,631.9,88.4,101.25,0,0,,
4031,15:52:43.548,ROI,160,160,224,224,10.72,11.53,12.45,0.0,86.72,727.58,59.74,104.75,65.88,0.9661,15.4300,31.3000,0.0000,0.0000,0.7882,0,31.3000,390.8054,375.7922,2.7640,379.7808,0.2657,PHASE_4_FWD_BWD,15.35,4.43,631.9,88.4,99.88,0,0,,
4032,15:52:43.612,ROI,160,160,224,224,10.17,10.82,14.825,0.0,92.45,723.68,60.51,105.45,66.08,0.9078,15.4800,30.2300,0.0000,0.0000,0.8442,0,30.2300,391.1273,375.3959,2.9411,379.3875,0.2537,PHASE_4_FWD_BWD,15.35,4.04,631.9,88.4,95.93,0,0,,
4033,15:52:43.676,ROI,160,160,224,224,10.40,11.19,14.725,0.0,89.40,722.31,61.52,103.22,67.75,0.9458,16.7200,30.3900,0.0000,0.0000,0.8625,0,30.3900,391.3597,375.2378,3.0884,379.1811,0.2446,PHASE_4_FWD_BWD,15.35,3.83,631.9,88.4,94.33,0,0,,
4034,15:52:43.725,ROI,160,160,224,224,10.51,11.20,20.675,0.0,89.26,719.44,63.70,104.30,68.70,0.8888,16.5000,27.3900,0.0000,0.0000,0.8764,0,27.3900,390.8768,375.4647,3.2082,379.1270,0.2376,PHASE_4_FWD_BWD,15.35,3.78,631.9,88.4,90.96,0,0,,
4035,15:52:43.789,ROI,160,160,224,224,9.98,10.77,7.425,0.0,92.83,717.05,63.80,103.54,68.73,0.9525,16.5900,28.8600,0.0000,0.0000,0.8575,0,28.8600,390.7055,376.1016,3.2691,379.5225,0.2342,PHASE_4_FWD_BWD,15.35,4.17,631.9,88.4,88.64,0,0,,
4036,15:52:43.900,ROI,160,160,224,224,11.75,12.53,7.725,0.0,79.80,712.81,65.07,103.08,69.57,0.8891,15.8700,28.6500,0.0000,0.0000,0.8573,0,28.6500,390.1623,379.3608,3.3229,381.8594,0.2313,PHASE_4_FWD_BWD,15.35,6.51,631.9,88.4,84.21,0,0,,
4037,15:52:43.964,ROI,160,160,224,224,10.36,11.06,15.3,0.0,90.39,709.12,65.88,104.17,68.00,0.9102,17.9900,27.0100,0.0000,0.0000,0.8604,0,27.0100,389.4920,376.7914,3.3756,379.6939,0.2285,PHASE_4_FWD_BWD,15.35,4.34,631.9,88.4,80.43,0,0,,
4038,15:52:44.012,ROI,160,160,224,224,9.76,10.70,20.975,0.0,93.42,707.18,64.90,103.15,66.37,0.9360,16.3200,26.0600,0.0000,0.0000,0.8525,0,26.0600,388.7452,375.5888,3.3555,378.6094,0.2296,PHASE_4_FWD_BWD,15.35,3.26,631.9,88.4,78.86,0,0,,
4039,15:52:44.076,ROI,160,160,224,224,10.36,11.06,7.325,0.0,90.43,705.75,66.14,103.00,67.56,0.9380,15.9400,24.3600,0.0000,0.0000,0.8309,0,24.3600,387.7074,374.7622,3.3047,377.7694,0.2323,PHASE_4_FWD_BWD,15.35,2.42,631.9,88.4,77.14,0,0,,
4040,15:52:44.140,ROI,160,160,224,224,9.79,10.59,14.8,0.0,94.42,701.77,67.62,102.23,67.13,0.8867,18.5900,23.7400,0.0000,0.0000,0.8668,0,23.7400,386.5880,374.3456,3.2292,377.2403,0.2365,PHASE_4_FWD_BWD,15.35,1.89,631.9,88.4,72.89,0,0,,
4041,15:52:44.189,ROI,160,160,224,224,12.74,13.45,10.15,0.0,74.33,699.36,68.14,102.23,67.77,0.9398,19.2300,24.1200,0.0000,0.0000,0.8650,0,24.1200,385.7689,374.1614,3.1690,376.9456,0.2399,PHASE_4_FWD_BWD,15.35,1.60,631.9,88.4,70.44,0,0,,
4042,15:52:44.317,ROI,160,160,224,224,17.37,18.18,3.4,0.0,55.01,693.29,69.31,100.37,65.90,0.8577,17.6500,26.5700,0.0000,0.0000,0.8377,0,26.5700,385.5789,374.1101,3.1933,376.8451,0.2385,PHASE_4_FWD_BWD,15.35,1.50,631.9,88.4,64.29,0,0,,
4043,15:52:44.365,ROI,160,160,224,224,10.33,10.98,0.0,0.0,91.05,689.51,71.26,102.12,65.39,0.8766,18.5400,24.0400,0.0000,0.0000,0.8658,0,24.0400,385.0221,374.1675,3.2307,376.7332,0.2364,PHASE_4_FWD_BWD,15.35,1.38,631.9,88.4,60.11,0,0,,
4044,15:52:44.429,ROI,160,160,224,224,10.11,10.91,0.0,0.0,91.64,687.26,72.51,104.55,67.14,0.9225,17.2800,21.4700,0.0000,0.0000,0.8519,0,21.4700,384.0942,374.3405,3.2625,376.6288,0.2346,PHASE_4_FWD_BWD,15.35,1.28,631.9,88.4,57.60,0,0,,
4045,15:52:44.492,ROI,160,160,224,224,10.31,11.00,7.375,0.0,90.94,683.85,73.47,102.35,66.91,0.9103,17.9200,23.1900,0.0000,0.0000,0.8751,0,23.1900,383.3635,374.6281,3.2675,376.6750,0.2343,PHASE_4_FWD_BWD,15.35,1.33,631.9,88.4,54.05,0,0,,
4046,15:52:44.541,ROI,160,160,224,224,9.93,10.72,20.9,0.0,93.28,682.62,72.88,105.42,67.93,0.9542,17.5900,21.7000,0.0000,0.0000,0.8618,0,21.7000,382.3595,374.9465,3.2160,376.7048,0.2372,PHASE_4_FWD_BWD,15.35,1.35,631.9,88.4,53.04,0,0,,
4047,15:52:44.605,ROI,160,160,224,224,10.34,11.05,14.725,0.0,90.48,679.58,75.12,102.96,65.28,0.8831,16.8800,19.9700,0.0000,0.0000,0.8799,0,19.9700,381.1427,375.3694,3.1704,376.7538,0.2398,PHASE_4_FWD_BWD,15.35,1.40,631.9,88.4,49.49,0,0,,
4048,15:52:44.669,ROI,160,160,224,224,12.33,13.10,14.65,0.0,76.32,676.93,76.52,104.55,67.26,0.9116,15.2700,18.3500,0.0000,0.0000,0.8867,0,18.3500,379.7915,375.8022,3.2036,376.7512,0.2379,PHASE_4_FWD_BWD,15.35,1.40,631.9,88.4,46.57,0,0,,
4049,15:52:44.717,ROI,160,160,224,224,14.84,15.63,22.35,0.0,63.97,673.87,77.04,105.55,67.31,0.9294,15.5900,22.6400,2.0400,7.6600,0.8604,0,22.6400,379.8786,376.2133,3.2045,377.0850,0.2378,PHASE_4_FWD_BWD,15.35,1.74,631.9,88.4,43.48,0,0,,
4050,15:52:44.829,ROI,160,160,224,224,12.08,12.79,4.05,0.0,78.17,668.31,78.29,108.51,67.38,0.8700,14.7900,19.8700,0.0000,0.0000,0.8648,0,19.8700,379.4318,376.5202,3.2662,377.2027,0.2344,PHASE_4_FWD_BWD,15.35,1.85,631.9,88.4,37.79,0,0,,
4051,15:52:44.893,ROI,160,160,224,224,12.23,13.02,0.0,0.0,76.82,663.38,79.09,105.28,67.14,0.8913,14.2600,16.6800,0.0000,0.0000,0.8620,0,16.6800,378.5316,376.7325,3.3262,377.1484,0.2312,PHASE_4_FWD_BWD,15.35,1.80,631.9,88.4,32.83,0,0,,
4052,15:52:44.957,ROI,160,160,224,224,10.34,11.01,15.275,0.0,90.79,662.44,79.83,109.62,68.32,0.9397,15.3900,18.2300,0.0000,0.0000,0.8642,0,18.2300,377.8559,377.0140,3.3452,377.2078,0.2301,PHASE_4_FWD_BWD,15.35,1.86,631.9,88.4,31.72,0,0,,
4053,15:52:45.004,ROI,160,160,224,224,12.48,13.25,21.675,0.0,75.47,659.00,81.02,110.91,67.84,0.9083,14.1900,16.6900,0.0000,0.0000,0.8015,0,16.6900,377.1890,377.3305,3.3512,377.2980,0.2298,PHASE_4_FWD_BWD,15.35,1.95,631.9,88.4,28.09,0,0,,
4054,15:52:45.067,ROI,160,160,224,224,10.69,11.38,15.5,0.0,87.89,657.08,81.87,107.21,67.05,0.9414,15.4900,18.8800,0.0000,0.0000,0.8051,0,18.8800,377.1605,377.6739,3.3557,377.5560,0.2296,PHASE_4_FWD_BWD,15.35,2.21,631.9,88.4,26.01,0,0,,
4055,15:52:45.132,ROI,160,160,224,224,10.21,10.95,0.0,0.0,91.30,653.88,83.33,110.36,68.19,0.9039,14.6900,17.1400,0.0000,0.0000,0.8580,0,17.1400,376.7651,378.0550,3.3754,377.7602,0.2285,PHASE_4_FWD_BWD,15.35,2.41,631.9,88.4,22.56,0,0,,
4056,15:52:45.180,ROI,160,160,224,224,13.55,14.38,10.525,0.0,69.56,652.41,84.01,110.05,68.89,0.9547,14.1300,16.0300,0.0000,0.0000,0.8305,0,16.0300,376.2101,378.3191,3.3340,377.8325,0.2307,PHASE_4_FWD_BWD,15.35,2.48,631.9,88.4,20.98,0,0,,
4057,15:52:45.309,ROI,160,160,224,224,10.45,11.09,3.4,0.0,90.17,645.24,85.13,105.62,68.85,0.8489,15.3300,18.7500,0.0000,0.0000,0.9012,0,18.7500,376.1988,378.4507,3.3326,377.9309,0.2308,PHASE_4_FWD_BWD,15.35,2.58,631.9,88.4,13.73,0,0,,
4058,15:52:45.356,ROI,160,160,224,224,12.21,12.96,21.65,0.0,77.14,643.08,85.86,107.69,66.92,0.9342,12.7800,19.9600,0.0000,0.0000,0.8326,0,19.9600,376.4648,378.4998,3.3237,378.0292,0.2313,PHASE_4_FWD_BWD,15.35,2.68,631.9,88.4,11.47,0,0,,
4059,15:52:45.420,ROI,160,160,224,224,12.07,12.76,15.15,0.0,78.36,640.82,86.86,107.32,67.20,0.9313,11.5500,15.5300,2.9800,3.4800,0.8337,0,15.5300,375.9326,378.4886,3.2791,377.8912,0.2337,PHASE_4_FWD_BWD,15.35,2.54,631.9,88.4,9.05,0,0,,
4060,15:52:45.484,ROI,160,160,224,224,12.45,13.19,15.525,29.6,75.79,640.15,87.12,108.65,67.93,0.9772,13.7900,19.0800,0.0000,0.0000,0.9027,0,19.0800,376.5499,378.3616,3.2406,377.9344,0.2358,PHASE_4_FWD_BWD,15.35,2.58,631.9,88.4,8.35,0,0,,
4061,15:52:45.533,ROI,160,160,224,224,14.84,15.53,0.0,0.0,64.39,638.75,87.68,109.06,68.49,0.9589,13.9000,18.2100,2.3500,2.9700,0.8961,0,18.2100,376.8394,378.1961,3.1950,377.8727,0.2384,PHASE_4_FWD_BWD,15.35,2.52,631.9,88.4,6.89,0,0,,
4062,15:52:45.597,ROI,160,160,224,224,12.10,12.87,8.075,0.0,77.67,636.80,87.71,106.23,66.78,0.9403,13.3500,19.7300,0.0000,0.0000,0.8676,0,19.7300,377.2568,378.0164,3.1216,377.8321,0.2426,PHASE_4_FWD_BWD,15.35,2.48,631.9,88.4,4.94,0,0,,
4063,15:52:45.659,ROI,160,160,224,224,12.16,12.81,7.85,0.0,78.04,635.06,88.55,103.32,67.38,0.9440,13.7800,18.7100,0.0000,0.0000,0.8946,0,18.7100,377.6870,377.8509,3.0423,377.8104,0.2474,PHASE_4_FWD_BWD,15.35,2.46,631.9,88.4,3.17,0,0,,
4064,15:52:45.708,ROI,160,160,224,224,12.00,12.77,21.725,0.0,78.30,633.57,88.48,101.93,67.21,0.9690,14.3200,18.6300,0.0000,0.0000,0.9020,0,18.6300,378.0139,377.5619,2.9021,377.6778,0.2563,PHASE_4_FWD_BWD,15.35,2.33,631.9,88.4,1.67,0,0,,
4065,15:52:45.821,ROI,160,160,224,224,14.29,15.13,3.9,0.0,66.11,631.94,88.91,101.04,66.70,0.9560,13.8500,16.0300,3.1300,3.0000,0.9014,0,16.0300,377.6703,377.2905,2.7552,377.3916,0.2663,COMPLETED,15.35,2.04,631.9,88.4,0.52,0,0,,
4066,15:52:45.886,ROI,160,160,224,224,14.78,15.49,0.0,0.0,64.55,631.27,89.32,100.65,65.93,0.9748,13.4700,15.8800,4.1700,2.1500,0.8965,0,15.8800,377.1851,377.0967,2.5768,377.1214,0.2796,POST_PH4_SPIN,15.35,1.77,631.9,88.4,0.00,0,0,0.065,
4067,15:52:45.948,ROI,160,160,224,224,13.81,14.63,0.0,0.0,68.34,631.25,89.35,100.58,65.80,0.9974,13.5600,15.5300,4.1100,2.1200,0.9001,0,15.5300,377.1482,376.9399,2.3614,377.0019,0.2975,POST_PH4_SPIN,15.35,1.65,631.9,88.4,0.00,0,0,0.125,
4068,15:52:45.997,ROI,160,160,224,224,13.82,14.82,11.35,0.0,67.46,631.17,89.35,101.11,65.95,0.9924,13.7300,15.6500,3.9800,2.1600,0.9026,0,15.6500,376.9529,376.7498,2.1672,376.8139,0.3157,POST_PH4_SPIN,15.35,1.46,631.9,88.4,0.00,0,0,0.174,
4069,15:52:46.061,ROI,160,160,224,224,12.49,13.30,7.9,0.0,75.21,631.15,89.36,100.84,65.95,0.9969,13.8200,15.9200,3.9600,2.2200,0.9016,0,15.9200,376.5325,376.4437,1.9906,376.4734,0.3344,POST_PH4_SPIN,15.35,1.12,631.9,88.4,0.00,0,0,0.237,
4070,15:52:46.125,ROI,160,160,224,224,12.53,13.28,7.675,0.0,75.32,631.10,89.45,101.07,66.18,0.9944,13.9800,15.9900,3.9500,2.2300,0.9012,0,15.9900,376.3119,376.1203,1.7674,376.1896,0.3614,POST_PH4_SPIN,15.35,0.84,631.9,88.4,0.00,0,0,0.301,
4071,15:52:46.172,ROI,160,160,224,224,12.63,13.40,11.45,0.0,74.60,631.06,89.42,101.36,66.18,0.9963,14.4500,16.3300,4.1600,2.4800,0.9066,0,16.3300,376.0291,375.7732,1.5484,375.8736,0.3924,POST_PH4_SPIN,15.35,0.52,631.9,88.4,0.00,0,0,0.349,
4072,15:52:46.301,ROI,160,160,224,224,13.18,13.99,0.0,0.0,71.50,631.06,89.36,101.14,66.19,0.9961,14.8700,17.0600,4.1100,2.7700,0.9074,0,17.0600,376.1453,375.4291,1.3097,375.7392,0.4330,POST_PH4_SPIN,15.35,0.39,631.9,88.4,0.00,0,0,0.478,
4073,15:52:46.349,ROI,160,160,224,224,13.21,13.91,11.625,0.0,71.91,630.90,89.33,101.25,66.09,0.9955,14.8700,17.0200,4.0300,2.5700,0.9075,0,17.0200,376.0920,375.1719,1.0857,375.6130,0.4794,POST_PH4_SPIN,15.35,0.26,631.9,88.4,0.00,0,0,0.526,
4074,15:52:46.413,ROI,160,160,224,224,15.53,16.32,7.825,0.0,61.26,631.32,89.70,101.39,66.32,0.9811,14.6100,15.3900,4.1000,1.6600,0.9097,0,15.3900,375.5838,375.1513,0.8387,375.3865,0.5439,POST_PH4_SPIN,15.35,0.04,631.9,88.4,0.00,0,0,0.592,
4075,15:52:46.476,ROI,160,160,224,224,14.05,14.74,0.0,0.0,67.85,630.92,89.45,101.32,66.21,0.9846,14.8400,16.9800,4.1400,2.5200,0.9089,0,16.9800,375.7145,375.0522,0.6936,375.4433,0.5904,POST_PH4_RE_RFB,15.35,0.09,631.9,88.4,0.00,0,0,,0.062
4076,15:52:46.525,ROI,160,160,224,224,16.96,17.73,0.0,22.05,56.41,631.23,89.61,101.37,66.18,0.9888,14.6400,15.4600,3.5500,1.9700,0.9105,0,15.4600,375.6996,374.9693,0.5577,375.4381,0.6420,POST_PH4_RE_RFB,15.35,0.09,631.9,88.4,0.00,0,0,,0.114
4077,15:52:46.589,ROI,160,160,224,224,12.98,13.68,0.0,0.0,73.12,630.71,89.49,101.30,66.51,0.9847,15.0000,17.3000,4.2000,2.8000,0.9090,0,17.3000,375.6480,374.9332,0.4525,375.4253,0.6885,POST_PH4_RE_RFB,15.35,0.08,631.9,88.4,0.00,0,0,,0.174
4078,15:52:46.700,ROI,160,160,224,224,12.24,13.03,4.0,0.0,76.72,631.02,89.68,102.13,66.49,0.9861,14.3600,15.2000,3.5200,2.0300,0.9096,0,15.2000,375.5300,375.1556,0.3352,375.4360,0.7490,POST_PH4_RE_RFB,15.35,0.09,631.9,88.4,0.00,0,0,,0.284
4079,15:52:46.764,ROI,160,160,224,224,12.48,13.57,0.0,0.0,73.68,630.52,89.53,101.70,66.53,0.9857,14.6900,16.7700,4.2500,2.4700,0.9076,0,16.7700,375.7047,375.7650,0.2356,375.7162,0.8093,POST_PH4_RE_RFB,15.35,0.37,631.9,88.4,0.00,0,0,,0.349
4080,15:52:46.811,ROI,160,160,224,224,12.65,13.45,11.675,0.0,74.34,631.23,89.64,102.20,66.23,0.9819,14.5100,15.1300,3.4500,1.8500,0.9151,0,15.1300,375.7380,376.8986,0.1445,375.8845,0.8737,POST_PH4_RE_RFB,15.35,0.53,631.9,88.4,0.00,0,0,,0.396
4081,15:52:46.875,ROI,160,160,224,224,12.47,13.17,15.475,0.0,75.95,631.36,89.32,101.67,65.97,0.9852,13.7900,15.8400,4.3600,2.1900,0.9019,0,15.8400,375.8839,379.5506,0.0757,376.1418,0.9297,POST_PH4_RE_RFB,15.35,0.79,631.9,88.4,0.00,0,0,,0.460
4082,15:52:46.941,ROI,160,160,224,224,12.36,13.14,15.025,0.0,76.11,632.27,89.14,101.02,66.26,0.9769,12.5700,14.4900,4.4100,1.8600,0.8947,0,14.4900,375.7949,391.8871,0.0152,376.0365,0.9850,POST_PH4_RE_RFB,15.35,0.69,631.9,88.4,0.00,0,0,,0.525
4083,15:52:46.988,ROI,160,160,224,224,12.46,13.18,22.95,29.675,75.88,632.20,88.31,100.52,65.72,0.9705,12.8200,15.9000,2.9100,2.9600,0.8941,0,15.9000,375.7783,392.6129,0.0322,376.3030,0.9688,POST_PH4_RE_RFB,15.35,0.95,631.9,88.4,0.00,0,0,,0.572
4084,15:52:47.117,ROI,160,160,224,224,12.15,12.91,3.35,0.0,77.47,635.71,87.15,102.65,65.28,0.9017,9.8300,12.9900,3.6200,0.5900,0.8249,0,12.9900,375.1517,393.2659,0.1218,377.1191,0.8914,POST_PH4_RE_RFB,15.35,1.77,631.9,88.4,0.00,0,0,,0.701
4085,15:52:47.163,ROI,160,160,224,224,11.81,12.49,11.7,0.0,80.06,639.73,86.77,104.48,65.58,0.9150,12.0100,15.5400,0.0000,0.0000,0.8975,0,15.5400,375.0588,392.6293,0.2681,378.7740,0.7886,POST_PH4_RE_RFB,15.35,3.42,631.9,88.4,0.00,0,0,,0.747
4086,15:52:47.228,ROI,160,160,224,224,12.66,13.45,14.925,0.0,74.36,639.63,86.95,105.39,65.98,0.9853,11.8500,16.4300,2.2000,3.3000,0.8695,0,16.4300,375.1613,391.5420,0.3926,379.7792,0.7181,POST_PH4_RE_RFB,15.35,4.43,631.9,88.4,0.00,0,0,,0.813
4087,15:52:47.293,ROI,160,160,224,224,12.23,12.92,15.3,0.0,77.40,643.75,85.65,107.09,65.48,0.8908,12.7000,16.8900,2.2900,3.7600,0.8736,0,16.8900,375.3742,390.1557,0.5745,380.7675,0.6351,POST_PH4_RE_RFB,15.35,5.42,631.9,88.4,0.00,0,0,,0.877
4088,15:52:47.340,ROI,160,160,224,224,12.80,13.64,22.525,0.0,73.31,645.31,86.41,110.19,66.89,0.9497,11.2900,16.0400,2.0700,4.4800,0.8727,0,16.0400,375.4039,388.2513,0.7502,380.9107,0.5714,POST_PH4_RE_RFB,15.35,5.56,631.9,88.4,0.00,0,0,,0.925
4089,15:52:47.405,ROI,160,160,224,224,11.86,12.54,15.425,0.0,79.75,650.39,85.86,112.08,67.84,0.8984,10.9200,14.8300,0.0000,0.0000,0.8829,0,14.8300,375.2229,385.8881,0.9846,380.5141,0.5039,POST_PH4_RE_RFB,15.35,5.16,631.9,88.4,0.00,0,0,,0.988
4090,15:52:47.468,ROI,160,160,256,256,9.80,10.58,15.525,0.0,94.56,652.38,85.23,117.55,67.65,0.9364,15.0900,16.9200,0.0000,0.0000,0.8818,0,16.9200,375.5770,383.3105,1.2161,379.8207,0.4513,POST_PH4_RE_RFB,15.35,4.47,631.9,88.4,0.00,0,0,,1.049
4091,15:52:47.516,ROI,160,160,256,256,12.04,12.71,20.725,0.0,78.67,653.42,84.45,115.42,67.23,0.9595,16.1100,18.7500,0.0000,0.0000,0.8681,0,18.7500,376.3037,380.7260,1.4209,378.8993,0.4131,POST_PH4_RE_RFB,15.35,3.55,631.9,88.4,0.00,0,0,,1.100
4092,15:52:47.629,ROI,160,160,256,256,11.74,12.51,7.775,0.0,79.93,659.86,82.72,112.11,68.45,0.8510,15.6600,14.9300,0.0000,0.0000,0.8800,0,14.9300,376.0371,378.2222,1.7015,377.4134,0.3702,POST_PH4_RE_RFB,15.35,2.06,631.9,88.4,0.00,0,0,,1.213
4093,15:52:47.693,ROI,160,160,256,256,9.82,10.50,15.175,0.0,95.20,663.18,79.90,107.39,64.94,0.8663,16.2400,16.6000,0.0000,0.0000,0.8702,0,16.6000,376.2971,375.9229,1.9827,376.0483,0.3353,POST_PH4_RE_RFB,15.35,0.70,631.9,88.4,0.00,0,0,,1.275
4094,15:52:47.758,ROI,160,160,224,224,13.20,13.97,7.225,0.0,71.60,663.41,79.24,106.60,67.94,0.9491,15.2800,18.5800,0.0000,0.0000,0.8724,0,18.5800,376.8001,373.8117,2.2071,374.7435,0.3118,POST_PH4_RE_RFB,15.35,-0.61,631.9,88.4,0.00,0,0,,1.343
4095,15:52:47.804,ROI,160,160,224,224,9.71,10.53,11.925,0.0,94.94,668.04,79.18,110.07,66.79,0.9033,14.9700,17.8400,0.0000,0.0000,0.8913,0,17.8400,377.3013,371.7679,2.4315,373.3804,0.2914,POST_PH4_RE_RFB,15.35,-1.97,631.9,88.4,0.00,0,0,,1.386
4096,15:52:47.868,ROI,160,160,224,224,11.97,12.71,14.65,0.0,78.70,669.75,78.67,105.62,65.23,0.9370,14.3200,17.1100,0.0000,0.0000,0.8786,0,17.1100,377.4103,369.8888,2.6124,371.9709,0.2768,POST_PH4_RE_RFB,15.35,-3.38,631.9,88.4,0.00,0,0,,1.452
4097,15:52:47.933,ROI,160,160,224,224,10.32,11.26,7.5,0.0,88.80,673.83,77.48,107.20,65.07,0.8941,14.4800,20.5200,0.0000,0.0000,0.8741,0,20.5200,378.3582,368.2867,2.7760,370.9539,0.2648,POST_PH4_RE_RFB,15.35,-4.40,631.9,88.4,0.00,0,0,,1.515
4098,15:52:47.981,ROI,160,160,224,224,14.63,15.29,0.0,0.0,65.40,676.44,77.38,106.33,66.57,0.9314,14.2900,20.3000,0.0000,0.0000,0.8901,0,20.3000,379.0130,367.0131,2.9045,370.0864,0.2561,POST_PH4_RE_RFB,15.35,-5.26,631.9,88.4,0.00,0,0,,1.568
4099,15:52:48.108,ROI,160,160,224,224,12.05,12.80,3.5,0.0,78.12,681.96,75.33,104.73,65.48,0.8489,15.8200,21.4900,0.0000,0.0000,0.8872,0,21.4900,379.8996,366.7396,3.0433,369.9944,0.2473,POST_PH4_RE_RFB,15.35,-5.36,631.9,88.4,0.00,0,0,,1.692
4100,15:52:48.157,ROI,160,160,224,224,10.62,11.29,10.825,0.0,88.58,686.61,73.28,105.01,66.53,0.8619,17.6800,21.5300,0.0000,0.0000,0.8948,0,21.5300,380.5453,372.1807,3.1801,374.1817,0.2392,POST_PH4_RE_RFB,15.35,-1.17,631.9,88.4,0.00,0,0,,1.739
4101,15:52:48.220,ROI,160,160,224,224,10.48,11.23,15.0,0.0,89.01,687.08,73.35,105.29,65.30,0.9730,16.6000,18.6700,0.0000,0.0000,0.8939,0,18.6700,380.6388,373.1040,3.2106,374.8935,0.2375,POST_PH4_RE_RFB,15.35,-0.46,631.9,88.4,0.00,0,0,,1.803
4102,15:52:48.285,ROI,160,160,224,224,10.83,11.53,14.625,0.0,86.70,688.68,72.77,104.82,64.76,0.9532,16.5000,20.5100,0.0000,0.0000,0.8744,0,20.5100,380.7369,374.3758,3.2264,375.8809,0.2366,POST_PH4_RE_RFB,15.35,0.53,631.9,88.4,0.00,0,0,,1.867
4103,15:52:48.333,ROI,160,160,224,224,10.42,11.16,10.725,0.0,89.58,693.49,70.85,103.12,65.79,0.8618,18.3800,20.7800,0.0000,0.0000,0.8751,0,20.7800,381.0417,375.3200,3.2974,376.6514,0.2327,POST_PH4_RE_RFB,15.35,1.30,631.9,88.4,0.00,0,0,,1.915
4104,15:52:48.397,ROI,160,160,224,224,9.86,10.56,7.4,0.0,94.73,695.52,70.56,104.05,65.62,0.9531,17.7800,21.1600,0.0000,0.0000,0.8774,0,21.1600,381.4312,376.2176,3.2855,377.4342,0.2333,POST_PH4_RE_RFB,15.35,2.08,631.9,88.4,0.00,0,0,,1.978
4105,15:52:48.445,ROI,160,160,224,224,11.94,12.72,10.425,0.0,78.61,699.91,70.00,104.30,68.28,0.8846,18.5900,19.6100,0.0000,0.0000,0.8737,0,19.6100,381.4716,377.0797,3.3146,378.0976,0.2318,POST_PH4_RE_RFB,15.35,2.75,631.9,88.4,0.00,0,0,,2.028
4106,15:52:48.572,ROI,160,160,224,224,16.88,17.67,6.8,0.0,56.59,706.59,68.43,103.99,68.88,0.8425,18.2400,21.4900,0.0000,0.0000,0.8531,0,21.4900,381.7547,377.6540,3.3681,378.5928,0.2289,POST_PH4_RE_RFB,15.35,3.24,631.9,88.4,0.00,0,0,,2.161
4107,15:52:48.620,ROI,160,160,224,224,15.44,16.32,12.975,23.975,61.28,707.46,66.32,104.20,67.27,0.9247,16.9400,24.2400,0.0000,0.0000,0.8634,0,24.2400,382.3705,377.9737,3.4138,378.9699,0.2266,POST_PH4_RE_RFB,15.35,3.62,631.9,88.4,0.00,0,0,,2.207
4108,15:52:48.690,ROI,160,160,224,224,17.89,18.72,7.275,0.0,53.41,711.16,65.65,103.21,66.79,0.9132,16.0500,25.7000,0.0000,0.0000,0.8754,0,25.7000,383.3523,378.0819,3.4415,379.2685,0.2251,POST_PH4_RE_RFB,15.35,3.92,631.9,88.4,0.00,0,0,,2.280
4109,15:52:48.749,ROI,160,160,224,224,17.88,19.08,9.625,0.0,52.40,713.02,65.76,104.44,67.37,0.9567,17.3500,27.3800,0.0000,0.0000,0.8815,0,27.3800,384.7273,378.0336,3.3961,379.5562,0.2275,POST_PH4_RE_RFB,15.35,4.21,631.9,88.4,0.00,0,0,,2.340
4110,15:52:48.797,ROI,160,160,224,224,12.84,13.70,27.775,0.0,72.98,715.39,65.23,103.35,68.10,0.9407,15.1400,26.7200,0.0000,0.0000,0.8445,0,26.7200,385.3913,377.7909,3.3952,379.5202,0.2275,POST_PH4_RE_RFB,15.35,4.17,631.9,88.4,0.00,0,0,,2.381
4111,15:52:48.860,ROI,160,160,224,224,15.86,17.07,7.775,0.0,58.59,717.44,65.00,103.29,67.54,0.9535,14.9400,26.5900,0.0000,0.0000,0.8366,0,26.5900,386.0075,377.5871,3.3877,379.5062,0.2279,POST_PH4_RE_RFB,15.35,4.16,631.9,88.4,0.00,0,0,,2.449
4112,15:52:48.924,ROI,160,160,224,224,14.30,15.51,8.375,0.0,64.47,719.07,64.41,104.16,69.05,0.9480,14.6900,28.3300,0.0000,0.0000,0.8346,0,28.3300,387.0245,377.4750,3.3025,379.6945,0.2324,POST_PH4_RE_RFB,15.35,4.34,631.9,88.4,0.00,0,0,,2.511
4113,15:52:48.972,ROI,160,160,224,224,14.54,15.65,11.975,0.0,63.90,722.61,62.92,102.98,67.20,0.8949,15.8800,28.0400,0.0000,0.0000,0.8670,0,28.0400,387.7289,377.3516,3.2530,379.7916,0.2351,POST_PH4_RE_RFB,15.35,4.44,631.9,88.4,0.00,0,0,,2.559
4114,15:52:49.084,ROI,160,160,224,224,14.88,16.08,4.05,0.0,62.19,727.50,61.73,102.30,67.37,0.8788,14.9400,29.3400,0.0000,0.0000,0.8284,0,29.3400,388.4393,377.1891,3.2091,379.8620,0.2376,POST_PH4_RE_RFB,15.35,4.51,631.9,88.4,0.00,0,0,,2.672
4115,15:52:49.149,ROI,160,160,224,224,15.41,16.29,0.0,0.0,61.40,730.01,60.33,105.73,65.00,0.9148,16.2200,28.8600,0.0000,0.0000,0.8168,0,28.8600,389.2158,377.0432,3.1735,379.9599,0.2396,POST_PH4_RE_RFB,15.35,4.61,631.9,88.4,0.00,0,0,,2.736
4116,15:52:49.212,ROI,160,160,224,224,23.75,24.78,8.225,31.525,40.36,734.51,59.53,102.80,63.95,0.8956,16.9000,27.6200,0.0000,0.0000,0.8321,0,27.6200,389.5677,376.7925,3.1460,379.8739,0.2412,POST_PH4_RE_RFB,15.35,4.52,631.9,88.4,0.00,0,0,,2.808
4117,15:52:49.260,ROI,160,160,224,224,22.29,23.18,33.7,16.875,43.15,735.55,59.74,106.75,64.68,0.9522,15.6900,26.5300,0.0000,0.0000,0.8137,0,26.5300,389.7004,376.4625,3.1250,379.6717,0.2424,POST_PH4_RE_RFB,15.35,4.32,631.9,88.4,0.00,0,0,,2.854
4118,15:52:49.324,ROI,160,160,224,224,20.66,21.53,19.225,18.15,46.44,739.87,59.16,101.60,63.73,0.9044,15.8900,26.2000,0.0000,0.0000,0.8244,0,26.2000,389.6815,376.0924,3.1632,379.3565,0.2402,POST_PH4_RE_RFB,15.35,4.01,631.9,88.4,0.00,0,0,,2.917
4119,15:52:49.389,ROI,160,160,224,224,20.57,21.46,9.075,18.2,46.60,742.02,58.81,104.12,65.06,0.9396,16.1300,26.1700,0.0000,0.0000,0.8244,0,26.1700,389.2567,375.6894,3.1343,378.9711,0.2419,POST_PH4_RE_RFB,15.35,3.62,631.9,88.4,0.00,0,0,,2.981
4120,15:52:49.500,ROI,160,160,224,224,36.69,37.78,0.0,20.675,26.47,747.56,56.91,100.69,63.60,0.8481,16.4200,28.8500,0.0000,0.0000,0.8258,0,28.8500,389.4534,375.3195,3.1239,378.7468,0.2425,POST_PH4_RE_RFB,15.35,3.40,631.9,88.4,0.00,0,0,,3.109
4121,15:52:49.565,ROI,160,160,224,224,14.87,15.72,14.6,24.85,63.61,750.09,56.57,104.69,63.91,0.9420,15.2300,28.0700,0.0000,0.0000,0.8537,0,28.0700,389.3741,375.0100,3.1330,378.4854,0.2420,POST_PH4_RE_RFB,15.35,3.14,631.9,88.4,0.00,0,0,,3.152
4122,15:52:49.612,ROI,160,160,224,224,14.66,15.58,0.0,25.1,64.17,754.94,54.94,101.23,62.15,0.8656,16.5100,28.8600,0.0000,0.0000,0.8577,0,28.8600,389.3708,374.7687,3.1512,378.2863,0.2409,POST_PH4_RE_RFB,15.35,2.94,631.9,88.4,0.00,0,0,,3.199
4123,15:52:49.676,ROI,160,160,224,224,16.32,17.17,8.125,45.5,58.23,757.68,54.80,102.79,60.47,0.9229,15.6800,26.9600,0.0000,0.0000,0.8013,0,26.9600,388.6713,374.5046,3.1759,377.8971,0.2395,POST_PH4_RE_RFB,15.35,2.55,631.9,88.4,0.00,0,0,,3.264
4124,15:52:49.740,ROI,160,160,224,224,17.78,18.72,8.3,20.875,53.42,761.41,54.25,103.38,61.50,0.9142,16.7900,28.5400,0.0000,0.0000,0.8450,0,28.5400,388.3752,374.1428,3.2779,377.4698,0.2338,POST_PH4_RE_RFB,15.35,2.12,631.9,88.4,0.00,0,0,,3.330
4125,15:52:49.788,ROI,160,160,224,224,18.25,19.13,0.0,20.425,52.29,763.83,53.82,101.54,60.83,0.9407,15.0700,25.2800,0.0000,0.0000,0.7816,0,25.2800,387.5937,373.8338,3.3324,377.0099,0.2308,POST_PH4_RE_RFB,15.35,1.66,631.9,88.4,0.00,0,0,,3.378
4126,15:52:49.901,ROI,160,160,224,224,16.23,17.28,4.175,45.225,57.86,767.59,52.82,104.65,60.97,0.9007,14.1100,24.0200,0.0000,0.0000,0.8056,0,24.0200,386.6982,373.5556,3.4097,376.5360,0.2268,POST_PH4_RE_RFB,15.35,1.19,631.9,88.4,0.00,0,0,,3.489
4127,15:52:49.964,ROI,160,160,224,224,18.36,19.25,8.475,20.3,51.96,768.89,51.84,103.33,61.32,0.9450,16.8200,23.2600,0.0000,0.0000,0.8379,0,23.2600,385.8634,373.3022,3.4287,376.1385,0.2258,POST_PH4_RE_RFB,15.35,0.79,631.9,88.4,0.00,0,0,,3.554
4128,15:52:50.028,ROI,160,160,224,224,15.58,16.52,8.65,23.675,60.54,771.28,51.31,105.80,63.21,0.9271,17.1500,20.4100,0.0000,0.0000,0.8935,0,20.4100,384.4442,373.0427,3.4194,375.6225,0.2263,POST_PH4_RE_RFB,15.35,0.27,631.9,88.4,0.00,0,0,,3.616
4129,15:52:50.076,ROI,160,160,224,224,15.41,16.53,12.525,0.0,60.48,770.33,49.92,105.73,63.59,0.9406,16.0400,19.8500,0.0000,0.0000,0.8424,0,19.8500,383.0065,372.8928,3.3208,375.2335,0.2314,POST_PH4_RE_RFB,15.35,-0.12,631.9,88.4,0.00,0,0,,3.664
4130,15:52:50.140,ROI,160,160,224,224,14.66,15.87,8.175,0.0,63.02,772.17,50.58,105.57,62.47,0.9461,15.8200,19.2500,0.0000,0.0000,0.8556,0,19.2500,381.7577,372.8071,3.1713,374.9528,0.2397,POST_PH4_RE_RFB,15.35,-0.40,631.9,88.4,0.00,0,0,,3.727
4131,15:52:50.205,ROI,160,160,224,224,26.11,27.25,0.0,0.0,36.70,772.25,49.36,104.52,63.81,0.9529,16.0000,19.8600,0.0000,0.0000,0.8506,0,19.8600,380.7608,372.8830,2.9895,374.8576,0.2507,POST_PH4_RE_RFB,15.35,-0.49,631.9,88.4,0.00,0,0,,3.803
4132,15:52:50.252,ROI,160,160,224,224,18.19,19.20,38.975,20.35,52.07,773.23,49.62,104.34,63.14,0.9712,14.7600,19.4400,0.0000,0.0000,0.8338,0,19.4400,379.9659,373.0686,2.8160,374.8761,0.2621,POST_PH4_RE_RFB,15.35,-0.47,631.9,88.4,0.00,0,0,,3.843
4133,15:52:50.381,ROI,160,160,224,224,16.32,17.37,0.0,0.0,57.56,773.38,49.34,103.49,63.22,0.9831,13.9100,18.8400,0.0000,0.0000,0.8329,0,18.8400,379.1685,373.4691,2.6034,375.0507,0.2775,POST_PH4_RE_RFB,15.35,-0.30,631.9,88.4,0.00,0,0,,3.970
4134,15:52:50.428,ROI,160,160,224,224,12.94,13.89,13.375,0.0,72.02,773.70,49.50,103.14,63.11,0.9885,14.0300,18.4700,0.0000,0.0000,0.8376,0,18.4700,378.3335,374.0029,2.3928,375.2793,0.2947,POST_PH4_RE_RFB,15.35,-0.07,631.9,88.4,0.00,0,0,,4.013
4135,15:52:50.492,ROI,160,160,224,224,15.87,16.81,7.825,23.25,59.49,774.05,49.46,103.74,62.93,0.9904,14.1600,18.6800,0.0000,0.0000,0.8414,0,18.6800,377.5808,374.6345,2.1238,375.5777,0.3201,POST_PH4_RE_RFB,15.35,0.23,631.9,88.4,0.00,0,0,,4.080
4136,15:52:50.557,ROI,160,160,224,224,14.60,15.58,8.075,25.075,64.17,773.23,49.18,102.89,63.67,0.9729,15.2000,18.7800,0.0000,0.0000,0.8590,0,18.7800,376.9496,375.3764,1.8449,375.9294,0.3515,POST_PH4_RE_RFB,15.35,0.58,631.9,88.4,0.00,0,0,,4.144
4137,15:52:50.604,ROI,160,160,224,224,12.75,13.68,12.35,0.0,73.10,774.50,49.53,103.68,62.89,0.9639,14.5000,18.6000,0.0000,0.0000,0.8495,0,18.6000,376.4084,376.1211,1.5560,376.2335,0.3912,POST_PH4_RE_RFB,15.35,0.88,631.9,88.4,0.00,0,0,,4.189
4138,15:52:50.668,ROI,160,160,224,224,13.58,14.64,15.675,26.7,68.32,773.29,49.21,103.32,63.76,0.9637,15.3500,18.8800,0.0000,0.0000,0.8644,0,18.8800,376.3551,377.0595,1.2941,376.7525,0.4359,POST_PH4_RE_RFB,15.35,1.40,631.9,88.4,0.00,0,0,,4.253
4139,15:52:50.733,ROI,160,160,224,224,14.00,15.32,7.7,25.5,65.28,774.36,49.84,103.42,62.19,0.9556,14.2400,17.5000,0.0000,0.0000,0.8487,0,17.5000,376.1077,378.0358,1.0406,377.0909,0.4901,POST_PH4_RE_RFB,15.35,1.74,631.9,88.4,0.00,0,0,,4.319
4140,15:52:50.780,ROI,160,160,224,224,17.82,18.81,12.15,20.775,53.17,773.02,49.10,101.58,63.53,0.9520,15.7700,17.6000,0.0000,0.0000,0.8622,0,17.6000,376.1539,379.4346,0.8187,377.6308,0.5498,POST_PH4_RE_RFB,15.35,2.28,631.9,88.4,0.00,0,0,,4.370
4141,15:52:50.894,ROI,160,160,224,224,16.86,17.95,4.125,21.825,55.70,771.94,49.46,102.54,63.98,0.9679,15.0500,19.0000,0.0000,0.0000,0.8317,0,19.0000,376.4730,381.2968,0.5905,378.2639,0.6287,POST_PH4_RE_RFB,15.35,2.91,631.9,88.4,0.00,0,0,,4.483
4142,15:52:50.956,ROI,160,160,224,224,15.16,16.34,8.875,23.9,61.18,770.57,50.02,105.52,63.56,0.9551,15.6100,18.9000,0.0000,0.0000,0.8602,0,18.9000,377.0870,383.7547,0.3779,378.9155,0.7258,POST_PH4_RE_RFB,15.35,3.57,631.9,88.4,0.00,0,0,,4.543
4143,15:52:51.020,ROI,160,160,224,224,16.99,18.00,8.175,21.7,55.55,768.59,51.02,102.76,62.15,0.9330,16.3100,20.1700,0.0000,0.0000,0.8499,0,20.1700,377.7677,388.2939,0.1559,379.1873,0.8651,POST_PH4_RE_RFB,15.35,3.84,631.9,88.4,0.00,0,0,,4.609
4144,15:52:51.068,ROI,160,160,224,224,16.08,17.45,12.9,22.4,57.32,768.57,51.76,105.53,61.94,0.9511,16.6200,19.9700,0.0000,0.0000,0.8745,0,19.9700,378.3572,377.2575,0.0358,378.3192,0.9655,POST_PH4_RE_RFB,15.35,2.97,631.9,88.4,0.00,0,0,,4.657
4145,15:52:51.133,ROI,160,160,224,224,15.38,16.28,0.0,24.0,61.42,766.26,52.56,103.82,62.13,0.9330,14.2300,21.0100,0.0000,0.0000,0.8791,0,21.0100,379.1461,377.2368,0.2041,378.8224,0.8305,POST_PH4_RE_RFB,15.35,3.47,631.9,88.4,0.00,0,0,,4.720
4146,15:52:51.196,ROI,160,160,224,224,15.06,15.95,8.325,24.5,62.68,764.40,53.21,102.12,60.28,0.9361,15.5200,23.7800,0.0000,0.0000,0.8436,0,23.7800,380.2249,378.1853,0.3680,379.6763,0.7310,POST_PH4_RE_RFB,15.35,4.33,631.9,88.4,0.00,0,0,,4.783
4147,15:52:51.244,ROI,160,160,224,224,14.72,15.90,12.225,24.575,62.89,762.19,53.66,103.17,60.28,0.9440,16.6100,23.1800,0.0000,0.0000,0.8464,0,23.1800,381.0594,378.5876,0.5638,380.1683,0.6395,POST_PH4_RE_RFB,15.35,4.82,631.9,88.4,0.00,0,0,,4.831
4148,15:52:51.372,ROI,160,160,224,224,19.45,20.50,3.475,19.05,48.77,755.94,54.84,102.86,61.29,0.8538,16.9800,26.7700,0.0000,0.0000,0.8420,0,26.7700,382.5037,378.7328,0.8222,380.8022,0.5488,POST_PH4_RE_RFB,15.35,5.45,631.9,88.4,0.00,0,0,,4.964
4149,15:52:51.420,ROI,160,160,224,224,18.58,19.67,14.4,19.875,50.84,754.03,55.65,106.05,61.77,0.9394,15.7400,26.9700,0.0000,0.0000,0.8636,0,26.9700,383.9247,378.5735,1.0729,381.1550,0.4824,POST_PH4_RE_RFB,15.35,5.81,631.9,88.4,0.00,0,0,,5.011
4150,15:52:51.484,ROI,160,160,224,224,16.63,17.72,17.475,22.05,56.44,749.65,56.38,101.79,62.58,0.8988,16.3800,27.1100,0.0000,0.0000,0.8835,0,27.1100,385.2030,378.2017,1.3446,381.1878,0.4265,POST_PH4_RE_RFB,15.35,5.84,631.9,88.4,0.00,0,0,,5.073
4151,15:52:51.548,ROI,160,160,224,224,16.18,17.31,0.0,22.575,57.77,746.79,57.39,104.38,64.09,0.9169,17.7100,25.4500,0.0000,0.0000,0.9049,0,25.4500,385.9404,377.7363,1.6146,380.8740,0.3825,POST_PH4_RE_RFB,15.35,5.52,631.9,88.4,0.00,0,0,,5.136
4152,15:52:51.598,ROI,160,160,224,224,18.68,19.56,0.0,0.0,51.13,744.29,58.45,104.30,64.55,0.9230,16.8900,25.9500,0.0000,0.0000,0.8798,0,25.9500,386.6229,377.2889,1.8697,380.5415,0.3485,POST_PH4_RE_RFB,15.35,5.19,631.9,88.4,0.00,0,0,,5.188
4153,15:52:51.660,ROI,160,160,224,224,18.11,19.01,9.125,0.0,52.61,740.54,58.95,102.30,64.54,0.9160,15.9500,24.5900,0.0000,0.0000,0.8801,0,24.5900,386.9192,376.8207,2.1201,380.0574,0.3205,POST_PH4_RE_RFB,15.35,4.71,631.9,88.4,0.00,0,0,,5.250
4154,15:52:51.708,ROI,160,160,224,224,24.37,25.27,0.0,0.0,39.58,739.24,59.39,104.76,65.27,0.9623,15.6900,26.2900,0.0000,0.0000,0.8304,0,26.2900,387.4709,376.3376,2.3364,379.6745,0.2997,POST_PH4_RE_RFB,15.35,4.32,631.9,88.4,0.00,0,0,,5.305
4155,15:52:51.836,ROI,160,160,224,224,23.62,24.56,3.8,0.0,40.72,733.41,60.58,103.31,66.99,0.8640,16.6800,29.2500,0.0000,0.0000,0.8513,0,29.2500,388.4767,375.8570,2.5617,379.4002,0.2808,POST_PH4_RE_RFB,15.35,4.05,631.9,88.4,0.00,0,0,,5.432
4156,15:52:51.885,ROI,160,160,224,224,21.85,22.88,32.35,0.0,43.70,728.24,60.89,104.38,66.21,0.8950,15.5100,30.3700,0.0000,0.0000,0.8265,0,30.3700,389.5560,375.3722,2.8093,379.0956,0.2625,POST_PH4_RE_RFB,15.35,3.75,631.9,88.4,0.00,0,0,,5.479
4157,15:52:51.948,ROI,160,160,224,224,15.06,15.96,9.725,0.0,62.65,727.37,61.36,106.75,66.58,0.9640,15.7100,28.5400,0.0000,0.0000,0.8541,0,28.5400,389.9058,374.9603,2.9612,378.7333,0.2525,POST_PH4_RE_RFB,15.35,3.38,631.9,88.4,0.00,0,0,,5.535
4158,15:52:52.013,ROI,160,160,224,224,13.08,14.06,8.0,0.0,71.14,723.77,62.80,105.32,66.74,0.8960,15.5600,25.3800,0.0000,0.0000,0.8851,0,25.3800,389.4263,374.8168,3.1025,378.3779,0.2438,POST_PH4_RE_RFB,15.35,3.03,631.9,88.4,0.00,0,0,,5.598
4159,15:52:52.060,ROI,160,160,224,224,15.33,16.51,11.575,0.0,60.59,721.68,63.48,104.19,69.01,0.9302,16.4400,27.4000,0.0000,0.0000,0.8570,0,27.4000,389.3793,375.0798,3.1992,378.4851,0.2381,POST_PH4_RE_RFB,15.35,3.14,631.9,88.4,0.00,0,0,,5.648
4160,15:52:52.125,ROI,160,160,224,224,14.36,15.30,8.15,0.0,65.36,718.20,65.02,104.22,68.18,0.8955,15.5200,26.2300,0.0000,0.0000,0.8262,0,26.2300,388.9343,375.9783,3.2830,379.0033,0.2335,POST_PH4_RE_RFB,15.35,3.65,631.9,88.4,0.00,0,0,,5.711
4161,15:52:52.189,ROI,160,160,224,224,17.33,18.26,7.975,0.0,54.76,715.82,65.32,103.32,69.54,0.9369,15.7700,28.2800,0.0000,0.0000,0.8316,0,28.2800,388.9215,378.4118,3.3387,380.8341,0.2305,POST_PH4_RE_RFB,15.35,5.48,631.9,88.4,0.00,0,0,,5.778
4162,15:52:52.301,ROI,160,160,224,224,14.54,15.69,0.0,0.0,63.75,711.39,65.72,103.29,67.17,0.8878,17.5700,27.9000,0.0000,0.0000,0.8684,0,27.9000,388.6663,373.1113,3.3624,376.6770,0.2292,POST_PH4_RE_RFB,15.35,1.33,631.9,88.4,0.00,0,0,,5.888
4163,15:52:52.364,ROI,160,160,224,224,11.93,12.93,8.125,0.0,77.35,709.26,66.72,104.79,66.70,0.9321,17.5300,23.6700,0.0000,0.0000,0.8643,0,23.6700,387.5218,372.5640,3.3527,376.0004,0.2297,POST_PH4_RE_RFB,15.35,0.65,631.9,88.4,0.00,0,0,,5.948
4164,15:52:52.413,ROI,160,160,224,224,15.45,16.49,11.0,0.0,60.65,705.67,67.84,103.60,67.75,0.9038,17.6700,21.8800,0.0000,0.0000,0.8840,0,21.8800,386.2720,372.6954,3.3262,375.8336,0.2311,POST_PH4_RE_RFB,15.35,0.48,631.9,88.4,0.00,0,0,,6.000
4165,15:52:52.476,ROI,160,160,224,224,12.32,13.15,0.0,0.0,76.03,704.31,67.89,103.96,68.56,0.9628,18.0300,23.6900,0.0000,0.0000,0.8658,0,23.6900,385.3594,372.7734,3.2423,375.7402,0.2357,POST_PH4_RE_RFB,15.35,0.39,631.9,88.4,0.00,0,0,,6.061
4166,15:52:52.541,ROI,160,160,224,224,20.96,21.96,7.55,0.0,45.53,700.56,68.66,103.03,67.02,0.9097,19.8600,21.1900,0.0000,0.0000,0.9091,0,21.1900,384.3250,372.8811,3.2271,375.5884,0.2366,POST_PH4_RE_RFB,15.35,0.24,631.9,88.4,0.00,0,0,,6.134
4167,15:52:52.589,ROI,160,160,224,224,14.83,15.80,15.375,0.0,63.29,697.23,69.43,103.78,66.37,0.9169,17.2600,21.5700,0.0000,0.0000,0.8687,0,21.5700,383.4885,372.9623,3.1942,375.4720,0.2384,POST_PH4_RE_RFB,15.35,0.12,631.9,88.4,0.00,0,0,,6.176
4168,15:52:52.702,ROI,160,160,224,224,19.07,20.29,0.0,19.25,49.28,691.81,71.02,103.50,66.68,0.8604,18.0000,22.3400,0.0000,0.0000,0.8474,0,22.3400,382.9199,373.0312,3.2266,375.3708,0.2366,POST_PH4_RE_RFB,15.35,0.02,631.9,88.4,0.00,0,0,,6.294
4169,15:52:52.766,ROI,160,160,224,224,14.89,16.02,0.0,0.0,62.41,687.68,72.62,104.65,65.91,0.8820,17.5900,21.2100,0.0000,0.0000,0.8873,0,21.2100,382.0193,373.1531,3.2720,375.2285,0.2341,POST_PH4_RE_RFB,15.35,-0.12,631.9,88.4,0.00,0,0,,6.353
4170,15:52:52.829,ROI,160,160,224,224,15.30,16.10,16.55,0.0,62.13,685.64,73.30,104.72,66.82,0.9425,17.0900,20.1700,0.0000,0.0000,0.8626,0,20.1700,381.0357,373.4042,3.2818,375.1866,0.2335,POST_PH4_RE_RFB,15.35,-0.16,631.9,88.4,0.00,0,0,,6.416
4171,15:52:52.877,ROI,160,160,224,224,13.57,14.73,12.025,0.0,67.87,681.88,74.90,105.76,66.11,0.8888,15.9800,20.9300,0.0000,0.0000,0.8707,0,20.9300,380.1580,373.7572,3.3114,375.2418,0.2319,POST_PH4_RE_RFB,15.35,-0.11,631.9,88.4,0.00,0,0,,6.463
4172,15:52:52.940,ROI,160,160,224,224,14.20,15.35,8.075,0.0,65.14,680.33,75.17,104.62,66.07,0.9633,15.3000,18.1200,0.0000,0.0000,0.8582,0,18.1200,378.9582,374.1799,3.2701,375.2989,0.2342,POST_PH4_RE_RFB,15.35,-0.05,631.9,88.4,0.00,0,0,,6.527
4173,15:52:53.005,ROI,160,160,224,224,15.40,16.48,0.0,23.7,60.67,678.67,76.38,103.64,67.30,0.9345,14.8700,17.6100,0.0000,0.0000,0.8910,0,17.6100,378.1263,374.6993,3.2532,375.5050,0.2351,POST_PH4_RE_RFB,15.35,0.16,631.9,88.4,0.00,0,0,,6.592
4174,15:52:53.054,ROI,160,160,224,224,18.74,19.72,24.275,0.0,50.71,675.23,76.51,103.68,66.71,0.9278,15.9300,19.4700,0.0000,0.0000,0.8850,0,19.4700,378.0037,375.1035,3.2767,375.7817,0.2338,POST_PH4_RE_RFB,15.35,0.43,631.9,88.4,0.00,0,0,,6.644
4175,15:52:53.182,ROI,160,160,224,224,18.90,19.70,3.6,0.0,50.76,668.36,78.37,106.11,65.97,0.8322,14.5000,18.1200,2.3700,8.0500,0.8874,0,18.1200,377.5927,375.4480,3.3299,375.9433,0.2310,POST_PH4_RE_RFB,15.35,0.59,631.9,88.4,0.00,0,0,,6.773
4176,15:52:53.229,ROI,160,160,224,224,16.03,16.94,14.25,0.0,59.02,666.28,79.03,105.70,65.62,0.9427,13.6400,16.0000,0.0000,0.0000,0.8410,0,16.0000,376.5795,375.7400,3.3704,375.9321,0.2288,POST_PH4_RE_RFB,15.35,0.58,631.9,88.4,0.00,0,0,,6.817
4177,15:52:53.293,ROI,160,160,224,224,18.71,19.54,8.3,0.0,51.18,662.05,79.55,109.28,67.31,0.9016,13.8200,16.4700,0.0000,0.0000,0.8506,0,16.4700,376.0515,375.9438,3.4043,375.9683,0.2271,POST_PH4_RE_RFB,15.35,0.62,631.9,88.4,0.00,0,0,,6.884
4178,15:52:53.341,ROI,160,160,224,224,19.64,20.53,13.925,0.0,48.70,661.08,80.77,110.64,67.38,0.9478,13.3200,14.5000,0.0000,0.0000,0.8128,0,14.5000,375.1820,376.1773,3.4070,375.9515,0.2269,POST_PH4_RE_RFB,15.35,0.60,631.9,88.4,0.00,0,0,,6.932
4179,15:52:53.405,ROI,160,160,224,224,14.95,16.11,0.0,0.0,62.07,657.25,81.54,110.05,66.95,0.9125,14.3200,17.1300,0.0000,0.0000,0.7963,0,17.1300,375.2844,376.3942,3.4024,376.1421,0.2271,POST_PH4_RE_RFB,15.35,0.79,631.9,88.4,0.00,0,0,,6.992
4180,15:52:53.470,ROI,160,160,224,224,15.12,16.27,7.95,0.0,61.45,654.35,82.87,108.19,67.98,0.9127,14.1800,16.7200,0.0000,0.0000,0.8253,0,16.7200,375.4563,376.5640,3.4132,376.3130,0.2266,POST_PH4_RE_RFB,15.35,0.96,631.9,88.4,0.00,0,0,,7.058
4181,15:52:53.518,ROI,160,160,224,224,15.24,16.22,12.575,0.0,61.64,651.77,84.28,113.65,69.17,0.9140,12.9800,15.0600,0.0000,0.0000,0.8421,0,15.0600,375.0146,376.7678,3.3970,376.3691,0.2274,POST_PH4_RE_RFB,15.35,1.02,631.9,88.4,0.00,0,0,,7.105
4182,15:52:53.646,ROI,160,160,256,256,18.71,19.70,6.975,0.0,50.76,648.70,86.37,115.33,67.81,0.8931,14.8100,13.2300,0.0000,0.0000,0.8815,0,13.2300,374.1504,377.0835,3.3933,376.4159,0.2276,POST_PH4_RE_RFB,15.35,1.07,631.9,88.4,0.00,0,0,,7.237
4183,15:52:53.693,ROI,160,160,256,256,12.14,13.11,14.3,0.0,76.29,644.48,86.86,113.63,68.61,0.9161,13.9800,12.8700,0.0000,0.0000,0.8649,0,12.8700,373.5654,377.4132,3.3649,376.5317,0.2291,POST_PH4_RE_RFB,15.35,1.18,631.9,88.4,0.00,0,0,,7.277
4184,15:52:53.757,ROI,160,160,256,256,12.14,13.19,0.0,0.0,75.84,641.12,86.56,105.47,68.83,0.9204,15.3100,17.3900,0.0000,0.0000,0.8750,0,17.3900,373.8177,377.6265,3.3363,376.7482,0.2306,POST_PH4_RE_RFB,15.35,1.40,631.9,88.4,0.00,0,0,,7.342
4185,15:52:53.821,ROI,160,160,224,224,19.03,20.14,0.0,0.0,49.65,639.85,87.60,108.74,68.43,0.9416,11.9400,14.9500,2.9800,2.7000,0.8898,0,14.9500,373.6794,377.7605,3.2732,376.8055,0.2340,POST_PH4_RE_RFB,15.35,1.46,631.9,88.4,0.00,0,0,,7.412
4186,15:52:53.869,ROI,160,160,224,224,18.30,19.28,13.75,0.0,51.87,638.17,87.93,108.58,66.40,0.9412,11.7400,15.6900,2.1900,2.9100,0.8771,0,15.6900,373.8942,377.7922,3.2264,376.8699,0.2366,POST_PH4_RE_RFB,15.35,1.52,631.9,88.4,0.00,0,0,,7.459
4187,15:52:53.933,ROI,160,160,224,224,19.81,20.92,0.0,18.675,47.81,635.56,88.28,105.38,67.51,0.9374,13.7200,19.0100,0.0000,0.0000,0.8702,0,19.0100,374.7797,377.7436,3.1957,377.0372,0.2383,POST_PH4_RE_RFB,15.35,1.69,631.9,88.4,0.00,0,0,,7.525
4188,15:52:53.999,ROI,160,160,224,224,17.22,18.45,0.0,21.175,54.19,634.24,88.14,102.21,67.09,0.9639,12.5500,16.2100,0.0000,0.0000,0.8938,0,16.2100,375.0151,377.6137,3.1164,376.9824,0.2429,POST_PH4_RE_RFB,15.35,1.63,631.9,88.4,0.00,0,0,,7.589
4189,15:52:54.044,ROI,160,160,224,224,17.33,18.51,29.025,21.1,54.03,632.39,88.45,102.02,66.88,0.9557,12.2200,15.3200,0.0000,0.0000,0.8870,0,15.3200,375.2223,377.4382,3.0391,376.8896,0.2476,POST_PH4_RE_RFB,15.35,1.54,631.9,88.4,0.00,0,0,,7.634
4190,15:52:54.173,ROI,160,160,224,224,21.15,22.23,3.575,17.575,44.99,630.63,88.91,101.36,66.40,0.9528,13.8200,16.3200,2.3800,1.6900,0.8982,0,16.3200,375.4204,377.2138,2.9187,376.7562,0.2552,POST_PH4_RE_RFB,15.35,1.41,631.9,88.4,0.00,0,0,,7.766
4191,15:52:54.220,ROI,160,160,224,224,16.92,17.78,0.0,0.0,56.25,631.37,89.36,102.05,66.36,0.9724,12.5100,14.0800,3.6300,1.4300,0.8936,0,14.0800,375.1349,377.0712,2.7193,376.5506,0.2689,POST_PH4_SETTLING,15.35,1.20,631.9,88.4,0.00,0,0,,7.809
4192,15:52:54.284,ROI,160,160,224,224,18.40,19.28,8.45,0.0,51.88,630.29,89.01,100.86,66.08,0.9686,13.7000,15.5600,4.1600,2.1700,0.9081,0,15.5600,375.4209,376.8280,2.5009,376.4261,0.2856,POST_PH4_SETTLING,15.35,1.08,631.9,88.4,0.00,0,0,,7.875
4193,15:52:54.333,ROI,160,160,224,224,23.46,24.65,13.075,15.85,40.57,630.70,89.18,102.30,65.94,0.9809,12.7400,14.2800,3.2700,1.5300,0.8965,0,14.2800,375.3636,376.4975,2.3196,376.1559,0.3012,POST_PH4_SETTLING,15.35,0.81,631.9,88.4,0.00,0,0,,7.929
4194,15:52:54.397,ROI,160,160,224,224,17.87,18.85,9.925,0.0,53.04,630.63,89.19,102.20,65.98,0.9980,12.8100,14.2700,3.2800,1.6800,0.9004,0,14.2700,375.1360,376.0899,2.1016,375.7823,0.3224,POST_PH4_SETTLING,15.35,0.43,631.9,88.4,0.00,0,0,,7.987
4195,15:52:54.461,ROI,160,160,224,224,18.30,19.48,0.0,0.0,51.33,630.52,89.29,102.27,65.90,0.9949,13.0700,14.4000,3.2900,1.7700,0.8999,0,14.4000,375.0175,375.5025,1.8925,375.3348,0.3457,POST_PH4_SETTLING,15.35,-0.02,631.9,88.4,0.00,0,0,,8.052
4196,15:52:54.509,ROI,160,160,224,224,19.27,20.30,13.725,0.0,49.26,630.50,89.36,102.38,65.93,0.9968,12.8000,13.9000,3.4700,1.6200,0.8946,0,13.9000,374.6142,374.8643,1.6406,374.7696,0.3787,POST_PH4_SETTLING,15.35,-0.58,631.9,88.4,0.00,0,0,,8.101
4197,15:52:54.637,ROI,160,160,224,224,17.70,18.68,3.65,0.0,53.54,630.57,89.45,102.75,66.00,0.9939,12.8000,13.5500,3.4700,1.3800,0.8935,0,13.5500,374.4420,374.0975,1.3991,374.2411,0.4168,POST_PH4_SETTLING,15.35,-1.11,631.9,88.4,0.00,0,0,,8.227
4198,15:52:54.686,ROI,160,160,224,224,15.88,17.08,12.9,0.0,58.56,630.39,89.43,102.40,66.01,0.9960,12.9700,14.0100,3.3200,1.6500,0.8964,0,14.0100,374.3812,373.2119,1.1649,373.7520,0.4619,POST_PH4_SETTLING,15.35,-1.60,631.9,88.4,0.00,0,0,,8.274
4199,15:52:54.750,ROI,160,160,224,224,16.92,18.15,8.25,0.0,55.11,630.46,89.38,102.26,65.90,0.9969,13.1400,14.2700,3.5000,1.7800,0.8976,0,14.2700,374.2367,372.3246,0.9335,373.3135,0.5172,POST_PH4_SETTLING,15.35,-2.04,631.9,88.4,0.00,0,0,,8.339
4200,15:52:54.813,ROI,160,160,224,224,19.97,20.97,8.65,0.0,47.69,630.48,89.42,102.79,66.08,0.9921,13.1200,14.0200,3.4200,1.6300,0.8975,0,14.0200,373.8515,371.8587,0.7240,373.0146,0.5800,POST_PH4_SETTLING,15.35,-2.34,631.9,88.4,0.00,0,0,,8.406
4201,15:52:54.861,ROI,160,160,224,224,19.21,20.27,14.825,0.0,49.33,630.55,89.42,102.80,66.00,0.9974,13.1900,14.1300,3.5800,1.7400,0.8997,0,14.1300,373.4350,371.8037,0.5585,372.8504,0.6416,POST_PH4_SETTLING,15.35,-2.50,631.9,88.4,0.00,0,0,,8.452
4202,15:52:54.925,ROI,160,160,224,224,16.17,17.15,8.925,0.0,58.30,630.42,89.40,102.77,65.90,0.9961,13.2000,14.2400,3.5400,1.8400,0.8986,0,14.2400,373.5212,371.7201,0.4288,372.9807,0.6999,POST_PH4_SETTLING,15.35,-2.37,631.9,88.4,0.00,0,0,,8.513
